w1,w2,w3,w4,score,n_selected,threshold
0.1,0.1,0.9,0.9,0.22951265,49925,0.04987601769467842
0.1,0.1,0.7,0.9,0.22981222,49925,0.04989446614385887
0.1,0.1,0.8,0.9,0.22988167,49925,0.04989553785152178
0.1,0.1,0.6,0.9,0.22995037,49925,0.049790566713526545
0.1,0.1,0.5,0.9,0.22995046,49925,0.049620833574947815
0.1,0.1,0.4,0.9,0.23070264,49925,0.04928466343975831
0.1,0.1,0.8,0.8,0.23114753,49925,0.05058059585659123
0.1,0.1,0.9,0.8,0.23128,49925,0.0504934547408664
0.1,0.1,0.5,0.8,0.23141393,49925,0.05041790853502165
0.1,0.1,0.7,0.8,0.23148178,49925,0.05059235433632925
0.1,0.1,0.6,0.8,0.23155701,49925,0.05056656881808133
0.1,0.1,0.3,0.9,0.23185255,49925,0.048685584425491306
0.1,0.1,0.4,0.8,0.23195598,49925,0.05011079491844668
0.1,0.1,0.3,0.8,0.23295562,49925,0.049593237208574885
0.1,0.1,0.5,0.7,0.23298551,49925,0.05128679827479207
0.1,0.1,0.2,0.9,0.23320368,49925,0.047909032205420615
0.1,0.1,0.6,0.7,0.23322788,49925,0.051410315685531845
0.1,0.1,0.4,0.7,0.23332843,49925,0.05104132447893286
0.1,0.1,0.8,0.7,0.23345365,49925,0.05127119641032621
0.1,0.1,0.9,0.7,0.23351575,49925,0.051143857371826994
0.1,0.1,0.7,0.7,0.23358554,49925,0.0513732563528163
0.1,0.1,0.3,0.7,0.23400003,49925,0.05055686797225992
0.1,0.1,0.2,0.8,0.23412246,49925,0.04879895781755541
0.1,0.2,0.6,0.9,0.23416933,49925,0.05184251443782749
0.1,0.2,0.7,0.9,0.23433769,49925,0.05197888406667224
0.1,0.2,0.5,0.9,0.23460932,49925,0.05154700928605272
0.1,0.1,0.4,0.6,0.23464978,49925,0.052051889343067634
0.1,0.2,0.8,0.9,0.23474243,49925,0.05208226820682469
0.1,0.1,0.5,0.6,0.23482066,49925,0.0522452162139714
0.1,0.2,0.4,0.9,0.23488541,49925,0.051150487059374146
0.1,0.2,0.9,0.9,0.23496778,49925,0.05205074157995288
0.2,0.1,0.7,0.9,0.23500827,49925,0.05240736628175856
0.1,0.1,0.3,0.6,0.2351403,49925,0.05160621526212773
0.2,0.1,0.6,0.9,0.23517679,49925,0.05225662768165423
0.1,0.1,0.2,0.7,0.23522484,49925,0.0497670552204594
0.1,0.1,0.6,0.6,0.23529018,49925,0.05228451404381167
0.2,0.1,0.8,0.9,0.23529175,49925,0.05249915959041694
0.1,0.1,0.8,0.6,0.23535387,49925,0.05199633393652062
0.2,0.1,0.9,0.9,0.23546001,49925,0.05249487158734035
0.1,0.1,0.9,0.6,0.23552191,49925,0.05180189238589175
0.1,0.2,0.5,0.8,0.23554511,49925,0.052322282126201186
0.1,0.2,0.6,0.8,0.23557696,49925,0.05256255464871673
0.1,0.1,0.7,0.6,0.23560417,49925,0.05217262708753793
0.1,0.2,0.3,0.9,0.23574203,49925,0.050605347313498125
0.2,0.1,0.5,0.9,0.23574421,49925,0.05202367402338927
0.2,0.1,0.4,0.9,0.23586094,49925,0.051596852031153786
0.1,0.1,0.2,0.6,0.2358818,49925,0.050838321741364594
0.1,0.2,0.4,0.8,0.23599054,49925,0.05194922493074283
0.1,0.2,0.7,0.8,0.23600997,49925,0.052685189415736335
0.2,0.1,0.6,0.8,0.23620862,49925,0.05298801573279335
0.1,0.1,0.3,0.5,0.23629388,49925,0.05282817780568859
0.2,0.1,0.5,0.8,0.23631504,49925,0.052780802592835345
0.1,0.2,0.8,0.8,0.23634377,49925,0.052709850873730084
0.2,0.1,0.8,0.8,0.23637895,49925,0.053165248023018995
0.1,0.2,0.9,0.8,0.23637907,49925,0.05267914647816033
0.2,0.1,0.3,0.9,0.23640844,49925,0.05105029190007238
0.1,0.1,0.4,0.5,0.23645507,49925,0.05317626950410789
0.2,0.1,0.7,0.8,0.236468,49925,0.05310330026175692
0.1,0.2,0.3,0.8,0.23652141,49925,0.05139537984680213
0.1,0.1,0.1,0.9,0.23652565,49925,0.046659087432988154
0.4,0.9,0.1,0.2,0.23659867,49925,0.04801466793068872
0.3,0.9,0.1,0.2,0.23660493,49925,0.048377198841838685
0.5,0.9,0.1,0.2,0.23662488,49925,0.04770010389854103
0.1,0.2,0.5,0.7,0.23667575,49925,0.053147678439601484
0.9,0.9,0.1,0.3,0.23668529,49925,0.04793498224844533
0.4,0.8,0.1,0.2,0.2367259,49925,0.048605628793518076
0.8,0.8,0.1,0.3,0.2367323,49925,0.04861093604884017
0.6,0.9,0.1,0.2,0.23673427,49925,0.04735006106333099
0.7,0.9,0.1,0.3,0.23673868,49925,0.048489188334355046
0.6,0.8,0.1,0.2,0.23674262,49925,0.047840747791401524
0.9,0.7,0.1,0.2,0.2367508,49925,0.047242230541115274
0.5,0.8,0.1,0.2,0.23676705,49925,0.04822672168882894
0.2,0.1,0.4,0.8,0.23678288,49925,0.0523919851566079
0.4,0.7,0.1,0.2,0.23680964,49925,0.04923201555256269
0.8,0.8,0.1,0.2,0.23681027,49925,0.047159552994353336
0.3,0.8,0.1,0.2,0.23681061,49925,0.04897869740789812
0.8,0.9,0.1,0.3,0.23681313,49925,0.04822151147456875
0.7,0.9,0.1,0.2,0.23683108,49925,0.04701588194625667
0.9,0.8,0.1,0.3,0.23684105,49925,0.048332721203650966
0.5,0.7,0.1,0.2,0.23684768,49925,0.048791924529975834
0.6,0.9,0.1,0.3,0.23685087,49925,0.048804790744432336
0.8,0.7,0.1,0.2,0.23687051,49925,0.047602249630007094
0.2,0.9,0.1,0.1,0.23687658,49925,0.04653236953942352
0.2,0.1,0.9,0.8,0.23688675,49925,0.05311163801139705
0.7,0.8,0.1,0.3,0.23690143,49925,0.048930849511979846
0.1,0.3,0.6,0.9,0.23690738,49925,0.05310181694065711
0.8,0.7,0.1,0.3,0.23691423,49925,0.049072996660195926
0.9,0.8,0.1,0.2,0.23691638,49925,0.04684247158640928
0.7,0.8,0.1,0.2,0.23691842,49925,0.04748391415879266
0.7,0.7,0.1,0.2,0.23692389,49925,0.047963778467145037
0.6,0.7,0.1,0.2,0.23693258,49925,0.048390643365368476
0.3,0.8,0.1,0.1,0.23695444,49925,0.04678830076033895
0.9,0.7,0.1,0.3,0.23696192,49925,0.04873145999808905
0.5,0.6,0.1,0.2,0.23698533,49925,0.049420866271833286
0.1,0.2,0.4,0.7,0.2369863,49925,0.052803528944541676
0.8,0.9,0.1,0.2,0.23698908,49925,0.04671777250877579
0.2,0.7,0.1,0.1,0.23700078,49925,0.04809164450904605
0.1,0.2,0.6,0.7,0.23700997,49925,0.053347886036037996
0.3,0.9,0.1,0.1,0.23701042,49925,0.046112401662135684
0.9,0.6,0.1,0.2,0.23703097,49925,0.04767177222252082
0.9,0.9,0.1,0.2,0.23704463,49925,0.046406381017472395
0.6,0.6,0.1,0.2,0.23705786,49925,0.04896364378118653
0.1,0.3,0.7,0.9,0.2370589,49925,0.053284442915073754
0.6,0.8,0.1,0.3,0.23705997,49925,0.04925798223088669
0.9,0.5,0.1,0.2,0.23706059,49925,0.04820024226278547
0.1,0.1,0.6,0.5,0.23706181,49925,0.05323152893614821
0.8,0.6,0.1,0.2,0.23707226,49925,0.04809905380631732
0.3,0.7,0.1,0.1,0.23707521,49925,0.047549057260024515
0.5,0.9,0.1,0.3,0.23708317,49925,0.049107370671321295
0.7,0.6,0.1,0.2,0.23709242,49925,0.04850912265974648
0.1,0.1,0.5,0.5,0.23709619,49925,0.053282538521731496
0.1,0.9,0.1,0.1,0.23710135,49925,0.04699244477804815
0.2,0.6,0.1,0.1,0.23711143,49925,0.04902374932708019
0.4,0.8,0.1,0.1,0.23716673,49925,0.046351572103038204
0.9,0.9,0.1,0.4,0.23719142,49925,0.04900667725113554
0.7,0.5,0.1,0.2,0.23719296,49925,0.04910987205718269
0.7,0.7,0.1,0.3,0.23719344,49925,0.04939963820410741
0.1,0.1,0.1,0.8,0.23719393,49925,0.047505317524356626
0.4,0.9,0.1,0.3,0.2372115,49925,0.04939108667140032
0.8,0.9,0.1,0.4,0.23721409,49925,0.04926959281144856
0.8,0.5,0.1,0.2,0.2372185,49925,0.048619306462150194
0.1,0.7,0.1,0.1,0.2372318,49925,0.048677620546547055
0.2,0.8,0.1,0.1,0.23723227,49925,0.04727775663999392
0.9,0.4,0.1,0.2,0.23723887,49925,0.04870147999265115
0.9,0.6,0.1,0.3,0.23725311,49925,0.049177212006219446
0.3,0.5,0.1,0.1,0.23725325,49925,0.049332074809954614
0.4,0.7,0.1,0.1,0.23727717,49925,0.04702563674465307
0.1,0.3,0.8,0.9,0.23728298,49925,0.053417724705233594
0.6,0.7,0.1,0.3,0.2372861,49925,0.04974570498841357
0.8,0.6,0.1,0.3,0.23728776,49925,0.04951275432159859
0.2,0.9,0.1,0.2,0.23728788,49925,0.048727666571470304
0.4,0.6,0.1,0.2,0.23729107,49925,0.04988771145427185
0.6,0.5,0.1,0.2,0.23729394,49925,0.049588689333907976
0.3,0.6,0.1,0.1,0.23729599,49925,0.04838101330527675
0.1,0.8,0.1,0.1,0.23730408,49925,0.04778587862084092
0.1,0.3,0.5,0.9,0.2373066,49925,0.05277189785214584
0.3,0.7,0.1,0.2,0.23732491,49925,0.0496428415204432
0.5,0.8,0.1,0.1,0.23733741,49925,0.04595037541444034
0.2,0.2,0.6,0.9,0.23735899,49925,0.05345629570617301
0.5,0.8,0.1,0.3,0.2373636,49925,0.049579033449043575
0.1,0.2,0.7,0.7,0.23736526,49925,0.05341932697354588
0.4,0.9,0.1,0.1,0.23737295,49925,0.04572941247783942
0.1,0.3,0.9,0.9,0.23737547,49925,0.05346357857573792
0.1,0.6,0.1,0.1,0.23738351,49925,0.04968900807874228
0.5,0.5,0.1,0.1,0.23738532,49925,0.04797667758315431
0.9,0.5,0.1,0.3,0.23739412,49925,0.049597734562252464
0.2,0.1,0.6,0.7,0.23739803,49925,0.053757340001514616
0.9,0.3,0.1,0.2,0.23740959,49925,0.04925854726868425
0.1,0.2,0.2,0.9,0.2374117,49925,0.049780490503325406
0.2,0.2,0.7,0.9,0.23741607,49925,0.05364805074991417
0.2,0.1,0.3,0.8,0.2374368,49925,0.0518274244004454
0.7,0.6,0.1,0.3,0.23744525,49925,0.04987467506356424
0.1,0.9,0.1,0.2,0.23744714,49925,0.04903325111239127
0.4,0.5,0.1,0.1,0.23745745,49925,0.0486476931640927
0.4,0.6,0.1,0.1,0.23746087,49925,0.047777407263838015
0.9,0.8,0.2,0.3,0.23746356,49925,0.05033455056135632
0.8,0.9,0.2,0.3,0.23746714,49925,0.05020528120428653
0.8,0.4,0.1,0.2,0.23746966,49925,0.049175226387254765
0.2,0.9,0.2,0.1,0.23747504,49925,0.05014711283604207
0.7,0.9,0.1,0.4,0.23747742,49925,0.04952546396822991
0.8,0.9,0.2,0.2,0.23748215,49925,0.049110554363360266
0.1,0.1,0.7,0.5,0.2374828,49925,0.053039743305152424
0.1,0.2,0.8,0.7,0.23748621,49925,0.05340702605134132
0.7,0.9,0.2,0.2,0.2374929,49925,0.04947413612333454
0.9,0.8,0.1,0.4,0.23751579,49925,0.0493674343849128
0.5,0.5,0.1,0.2,0.23751922,49925,0.05007484657034306
0.8,0.8,0.1,0.4,0.2375284,49925,0.04965156466567444
0.2,0.8,0.1,0.2,0.23753083,49925,0.04939382076789439
0.6,0.9,0.2,0.2,0.23753226,49925,0.049839438777306275
0.2,0.7,0.1,0.2,0.23753561,49925,0.05006724515008399
0.2,0.2,0.8,0.9,0.23753673,49925,0.053781308636313856
0.2,0.5,0.1,0.1,0.2375375,49925,0.05006785500218334
0.2,0.1,0.5,0.7,0.23754041,49925,0.05361812987358464
0.5,0.6,0.1,0.1,0.23754174,49925,0.04723460094559845
0.8,0.7,0.2,0.2,0.2375476,49925,0.050074901358409175
0.8,0.8,0.2,0.3,0.23755431,49925,0.05064218889592434
0.9,0.7,0.2,0.2,0.23755544,49925,0.049679830156723746
0.5,0.9,0.2,0.2,0.2375566,49925,0.05023475450708049
0.9,0.9,0.2,0.3,0.2375775,49925,0.04991221647902219
0.3,0.6,0.1,0.2,0.23758121,49925,0.0503612947509466
0.3,0.9,0.1,0.3,0.23758236,49925,0.04968864438456754
0.7,0.4,0.1,0.2,0.2376059,49925,0.04973029574399332
0.2,0.1,0.7,0.7,0.23761462,49925,0.05386271223134146
0.6,0.8,0.2,0.2,0.23761703,49925,0.050388473109606306
0.3,0.4,0.1,0.1,0.23761703,49925,0.050388473109606306
0.9,0.7,0.2,0.3,0.2376287,49925,0.050735898057557266
0.8,0.8,0.2,0.2,0.2376315,49925,0.049580316981247624
0.4,0.4,0.1,0.1,0.2376315,49925,0.049580316981247624
0.5,0.7,0.1,0.1,0.23763667,49925,0.04657947894856658
0.9,0.2,0.1,0.2,0.23764434,49925,0.049852945595330066
0.9,0.7,0.1,0.4,0.23764835,49925,0.04972598089897211
0.1,0.1,0.2,0.5,0.23764975,49925,0.05205062055332226
0.7,0.8,0.2,0.2,0.23765767,49925,0.049981757431256255
0.6,0.6,0.1,0.3,0.2376588,49925,0.050244590092960624
0.6,0.5,0.1,0.1,0.23765996,49925,0.04740163069426256
0.9,0.9,0.2,0.2,0.23766012,49925,0.048742088646088796
0.6,0.7,0.2,0.2,0.23766173,49925,0.05094436635776988
0.6,0.4,0.1,0.2,0.23766312,49925,0.05023250890604514
0.7,0.7,0.2,0.2,0.23766613,49925,0.05051118319371721
0.5,0.3,0.1,0.1,0.23768036,49925,0.04975627303681825
0.8,0.7,0.1,0.4,0.23768616,49925,0.050018747086773944
0.7,0.6,0.2,0.2,0.23768874,49925,0.05106362643446674
0.9,0.8,0.2,0.2,0.23769541,49925,0.049193247521461196
0.9,0.4,0.1,0.3,0.23769721,49925,0.050076689016167596
0.7,0.3,0.1,0.2,0.23769867,49925,0.05034730847249998
0.2,0.1,0.4,0.7,0.23770152,49925,0.05324655159739795
0.4,0.9,0.2,0.2,0.23770984,49925,0.05064631989738937
0.8,0.7,0.2,0.3,0.23771334,49925,0.05108852164772449
0.2,0.8,0.2,0.1,0.23771395,49925,0.050954927690688566
0.4,0.8,0.1,0.3,0.2377146,49925,0.04989570739344834
0.8,0.5,0.1,0.3,0.23771851,49925,0.049965440954441234
0.1,0.2,0.3,0.7,0.23771977,49925,0.052246993776835254
0.4,0.5,0.1,0.2,0.23772183,49925,0.05059872556872683
0.8,0.2,0.1,0.2,0.23772323,49925,0.050421585288337074
0.6,0.3,0.1,0.1,0.23772617,49925,0.048947918552195234
0.9,0.9,0.2,0.4,0.2377285,49925,0.05069803871884204
0.8,0.3,0.1,0.2,0.23772953,49925,0.049788961888338666
0.1,0.2,0.9,0.7,0.23773804,49925,0.053331276486880214
0.6,0.9,0.1,0.4,0.23774415,49925,0.04975593522671022
0.1,0.9,0.2,0.1,0.23775788,49925,0.050677700826068636
0.2,0.6,0.1,0.2,0.23777969,49925,0.05080382976013093
0.9,0.6,0.2,0.2,0.23778461,49925,0.05016904602506537
0.9,0.9,0.1,0.5,0.23779142,49925,0.04979183895508731
0.3,0.1,0.8,0.9,0.23779237,49925,0.054073409160378706
0.9,0.1,0.1,0.2,0.2377936,49925,0.05045294222023481
0.3,0.1,0.7,0.9,0.23779424,49925,0.053972300261850216
0.5,0.4,0.1,0.1,0.23779593,49925,0.04882645077560789
0.1,0.1,0.8,0.5,0.23779766,49925,0.052778939198184396
0.9,0.8,0.3,0.2,0.23780121,49925,0.05120029011534016
0.7,0.4,0.1,0.1,0.23780248,49925,0.047508081102546784
0.2,0.2,0.5,0.9,0.23780471,49925,0.05314341705115895
0.9,0.7,0.3,0.2,0.23782258,49925,0.05168590774758575
0.9,0.6,0.2,0.3,0.23782368,49925,0.05119913697853641
0.5,0.9,0.1,0.1,0.2378338,49925,0.045365128490952124
0.5,0.7,0.1,0.3,0.2378422,49925,0.05008807692063648
0.7,0.5,0.1,0.3,0.23784414,49925,0.050355443829445734
0.1,0.8,0.2,0.1,0.23784558,49925,0.05152239347039191
0.4,0.3,0.1,0.1,0.2378556,49925,0.05061753592544444
0.8,0.6,0.2,0.2,0.2378556,49925,0.05061753592544444
0.1,0.8,0.1,0.2,0.23785579,49925,0.04971368995689007
0.3,0.7,0.2,0.1,0.23785785,49925,0.05122578025225339
0.5,0.4,0.1,0.2,0.23785861,49925,0.05077579740423637
0.9,0.3,0.1,0.3,0.23785895,49925,0.05056192265583372
0.7,0.7,0.1,0.4,0.2378632,49925,0.05029354498753794
0.8,0.9,0.3,0.2,0.23786615,49925,0.05109868374106072
0.3,0.9,0.2,0.1,0.23786789,49925,0.049620878285163185
0.7,0.9,0.2,0.3,0.2378693,49925,0.05055242881843605
0.2,0.1,0.8,0.7,0.23787725,49925,0.05385294401033776
0.3,0.3,0.1,0.1,0.23787825,49925,0.051561206066610854
0.6,0.6,0.2,0.2,0.23787825,49925,0.051561206066610854
0.9,0.9,0.3,0.3,0.23787825,49925,0.051561206066610854
0.4,0.7,0.2,0.1,0.23788191,49925,0.05058422591873139
0.6,0.7,0.1,0.1,0.2378882,49925,0.046084725222435556
0.2,0.4,0.1,0.1,0.23789142,49925,0.05123837793024583
0.4,0.8,0.2,0.2,0.23789142,49925,0.05123837793024583
0.8,0.4,0.1,0.1,0.23789608,49925,0.04692937985789092
0.3,0.8,0.1,0.3,0.23789746,49925,0.050193878992996085
0.7,0.8,0.1,0.4,0.23790234,49925,0.04990484750676211
0.2,0.2,0.9,0.9,0.23790444,49925,0.05381807827844012
0.9,0.9,0.3,0.2,0.23790498,49925,0.050746226811323014
0.6,0.2,0.1,0.1,0.23790598,49925,0.04984989547970444
0.3,0.8,0.2,0.1,0.23790988,49925,0.05040646523883294
0.1,0.3,0.4,0.9,0.23791617,49925,0.052354719227326145
0.7,0.8,0.2,0.3,0.23791651,49925,0.050990338112484254
0.7,0.5,0.1,0.1,0.23792027,49925,0.04684136989228333
0.8,0.6,0.1,0.4,0.23792417,49925,0.050399863139859016
0.3,0.9,0.2,0.2,0.23792458,49925,0.05105780194397787
0.1,0.1,0.1,0.7,0.23792633,49925,0.04844156658018063
0.5,0.8,0.2,0.2,0.23792712,49925,0.050807949681821285
0.7,0.9,0.3,0.2,0.23792922,49925,0.05149194121500878
0.8,0.4,0.1,0.3,0.23792976,49925,0.050463129657797846
0.1,0.5,0.1,0.1,0.23793402,49925,0.05083573326101596
0.2,0.7,0.2,0.1,0.23793425,49925,0.05185537977607381
0.7,0.3,0.1,0.1,0.23793934,49925,0.048225264942693316
0.4,0.7,0.1,0.3,0.23794669,49925,0.050415665558726806
0.1,0.3,0.7,0.8,0.23794891,49925,0.05392844532309923
0.3,0.8,0.2,0.2,0.23795007,49925,0.05167986563704694
0.6,0.3,0.1,0.2,0.2379529,49925,0.050922229392035875
0.6,0.8,0.1,0.4,0.23795316,49925,0.05015500267598289
0.2,0.9,0.2,0.2,0.23795961,49925,0.05143493641589825
0.6,0.4,0.1,0.1,0.23796535,49925,0.04812892224151939
0.8,0.1,0.1,0.1,0.23796682,49925,0.049027406468279584
0.8,0.3,0.1,0.1,0.23796687,49925,0.04756037726687826
0.3,0.1,0.9,0.9,0.23797244,49925,0.05414065401480241
0.9,0.8,0.1,0.5,0.23797621,49925,0.05008777813509313
0.4,0.8,0.2,0.1,0.23798883,49925,0.049809732612423316
0.2,0.9,0.1,0.3,0.23799606,49925,0.049939782690766946
0.8,0.8,0.3,0.2,0.23800342,49925,0.05158339372119934
0.9,0.5,0.2,0.2,0.23800758,49925,0.05069689830172003
0.8,0.5,0.2,0.2,0.23801517,49925,0.05119711887273128
0.5,0.9,0.2,0.3,0.2380176,49925,0.05119073218289246
0.6,0.6,0.1,0.1,0.23802383,49925,0.04671671689210352
0.7,0.4,0.1,0.3,0.23802626,49925,0.05088615543692908
0.9,0.6,0.1,0.4,0.23802763,49925,0.05009516901474373
0.1,0.7,0.1,0.2,0.23803422,49925,0.05043065050170332
0.7,0.1,0.1,0.1,0.2380511,49925,0.04987645515061881
0.5,0.7,0.2,0.2,0.23805498,49925,0.051424755631490696
0.4,0.9,0.2,0.1,0.23805557,49925,0.049104955027732246
0.1,0.2,0.2,0.8,0.2380563,49925,0.0505811967929692
0.2,0.2,0.7,0.8,0.2380582,49925,0.05429700013350238
0.8,0.9,0.3,0.3,0.23805884,49925,0.05188740686876517
0.1,0.1,0.9,0.5,0.2380592,49925,0.05252782134135992
0.6,0.9,0.2,0.3,0.23806067,49925,0.050865689777236406
0.3,0.6,0.2,0.1,0.23806526,49925,0.05208987190795397
0.5,0.6,0.2,0.2,0.23807018,49925,0.05204756071048509
0.7,0.9,0.3,0.3,0.23807028,49925,0.05219997842875849
0.6,0.5,0.1,0.3,0.23807523,49925,0.05076195380083431
0.3,0.1,0.6,0.9,0.23807794,49925,0.053800223618294535
0.8,0.9,0.2,0.4,0.23807868,49925,0.05095490919148308
0.7,0.2,0.1,0.1,0.23808499,49925,0.049003735737671736
0.4,0.9,0.2,0.3,0.23808846,49925,0.05150252785510885
0.7,0.6,0.1,0.1,0.23809065,49925,0.04623124861772895
0.9,0.3,0.2,0.2,0.238103,49925,0.05185987349512209
0.9,0.6,0.3,0.2,0.23810363,49925,0.05220472476035576
0.8,0.9,0.1,0.5,0.23810379,49925,0.049988950037314704
0.9,0.8,0.3,0.3,0.23810503,49925,0.05196767445750393
0.1,0.9,0.2,0.2,0.2381089,49925,0.05180493093976522
0.2,0.8,0.2,0.2,0.23811139,49925,0.05209590293877368
0.1,0.4,0.1,0.1,0.23811139,49925,0.05209590293877368
0.9,0.5,0.2,0.3,0.2381133,49925,0.051649686510164466
0.1,0.3,0.5,0.8,0.2381151,49925,0.05347029858244956
0.9,0.1,0.1,0.1,0.23811649,49925,0.048272590579289884
0.8,0.1,0.1,0.2,0.23812018,49925,0.051076162841171314
0.5,0.9,0.1,0.4,0.23812076,49925,0.049996975267153396
0.5,0.5,0.2,0.1,0.23812184,49925,0.05157325269366562
0.7,0.9,0.2,0.4,0.23812512,49925,0.05123215765567393
0.1,0.2,0.5,0.6,0.2381287,49925,0.05402599175956958
0.5,0.7,0.2,0.1,0.23812896,49925,0.050004321025237705
0.9,0.5,0.1,0.4,0.23812939,49925,0.05050028062460148
0.2,0.1,0.9,0.7,0.23813003,49925,0.05378837785169313
0.7,0.5,0.2,0.2,0.23813094,49925,0.05168584949273187
0.5,0.9,0.2,0.1,0.23813209,49925,0.048627966859989456
0.7,0.7,0.2,0.3,0.23813975,49925,0.051446611186228224
0.4,0.6,0.2,0.1,0.23814876,49925,0.05141936561243793
0.5,0.6,0.1,0.3,0.23815434,49925,0.050598990469006525
0.8,0.7,0.3,0.2,0.23815504,49925,0.052109663106074865
0.4,0.7,0.2,0.2,0.23816557,49925,0.05186855736049348
0.1,0.3,0.6,0.8,0.2381657,49925,0.053772485421030206
0.4,0.5,0.2,0.1,0.23816662,49925,0.05229680354757949
0.6,0.1,0.1,0.1,0.23817794,49925,0.05085943302605396
0.7,0.2,0.1,0.2,0.23818089,49925,0.05102765769961668
0.8,0.5,0.1,0.4,0.23818766,49925,0.05082573344526876
0.5,0.2,0.1,0.1,0.23819117,49925,0.05075148126031933
0.7,0.8,0.3,0.2,0.2381915,49925,0.05202019462092781
0.8,0.5,0.1,0.1,0.23819767,49925,0.046324169803146305
0.9,0.2,0.1,0.3,0.23820339,49925,0.05107560024730271
0.9,0.7,0.1,0.5,0.23820736,49925,0.0504029953327772
0.5,0.6,0.2,0.1,0.23821366,49925,0.050775364534337245
0.4,0.9,0.1,0.4,0.238214,49925,0.050260265727944856
0.9,0.8,0.2,0.4,0.23821433,49925,0.05104309102423362
0.8,0.6,0.2,0.3,0.23822056,49925,0.051559654523074046
0.6,0.8,0.3,0.2,0.23822223,49925,0.05243451606375053
0.5,0.1,0.1,0.1,0.23822248,49925,0.05190653350411089
0.9,0.4,0.2,0.2,0.23822327,49925,0.05128137673590455
0.6,0.9,0.2,0.4,0.2382254,49925,0.0515003655043376
0.5,0.9,0.3,0.2,0.23822683,49925,0.05229674044888151
0.1,0.2,0.4,0.6,0.2382325,49925,0.05373124377126569
0.3,0.9,0.3,0.1,0.2382326,49925,0.05228069988508359
0.6,0.4,0.2,0.1,0.23823969,49925,0.051730501963725375
0.6,0.2,0.1,0.2,0.23824066,49925,0.051671758310237376
0.2,0.1,0.2,0.9,0.23824148,49925,0.050235042231793245
0.5,0.8,0.2,0.3,0.23824242,49925,0.051680726502482593
0.3,0.5,0.1,0.2,0.23824455,49925,0.05112435180307008
0.6,0.3,0.2,0.1,0.23824668,49925,0.05259285139801366
0.9,0.9,0.4,0.2,0.23824951,49925,0.05238236815118573
0.9,0.4,0.1,0.4,0.23825002,49925,0.05093944495697542
0.1,0.9,0.1,0.3,0.23825297,49925,0.05018950759996367
0.6,0.5,0.2,0.1,0.2382582,49925,0.05089117926771455
0.6,0.8,0.2,0.3,0.2382588,49925,0.051327270745503556
0.2,0.1,0.3,0.7,0.23825924,49925,0.052668762263321046
0.1,0.7,0.2,0.1,0.23826139,49925,0.052416332627001794
0.9,0.5,0.3,0.2,0.23826528,49925,0.05272422555183693
0.5,0.4,0.2,0.1,0.23826632,49925,0.05245750695776095
0.8,0.9,0.4,0.2,0.23826665,49925,0.052754832475770196
0.8,0.3,0.1,0.3,0.2382743,49925,0.05100146450211001
0.8,0.8,0.3,0.3,0.23827511,49925,0.05230713601192491
0.8,0.2,0.1,0.1,0.23827796,49925,0.04824457633852203
0.4,0.8,0.3,0.1,0.23828171,49925,0.05245986943274028
0.1,0.3,0.3,0.9,0.23828183,49925,0.05175823059178653
0.7,0.7,0.3,0.2,0.23828775,49925,0.05253568391147414
0.6,0.8,0.1,0.1,0.23828775,49925,0.04552748491154166
0.9,0.3,0.1,0.1,0.23829259,49925,0.046975060977239365
0.7,0.3,0.1,0.3,0.23829404,49925,0.05145275628311343
0.4,0.6,0.1,0.3,0.23829755,49925,0.05093171835540996
0.8,0.6,0.3,0.2,0.23829849,49925,0.05263988971986046
0.1,0.3,0.8,0.8,0.23829898,49925,0.05403097494055173
0.6,0.9,0.3,0.2,0.23830175,49925,0.051884962305611
0.6,0.9,0.1,0.5,0.23830454,49925,0.05040672468359411
0.9,0.6,0.1,0.5,0.23830767,49925,0.05075903844741956
0.3,0.1,0.5,0.9,0.23830873,49925,0.053446225178005784
0.2,0.8,0.1,0.3,0.23831825,49925,0.05046587939294822
0.1,0.8,0.2,0.2,0.23832221,49925,0.05245072586489505
0.5,0.3,0.1,0.2,0.238327,49925,0.051547356881365164
0.5,0.8,0.2,0.1,0.23833084,49925,0.049297281672041074
0.4,0.7,0.3,0.1,0.23833594,49925,0.05320865098807097
0.1,0.2,0.6,0.6,0.23833665,49925,0.054145815459598345
0.7,0.8,0.3,0.3,0.23833692,49925,0.052646871892587994
0.8,0.5,0.2,0.3,0.23834151,49925,0.052052532162069405
0.7,0.6,0.1,0.4,0.23834556,49925,0.05067986156816922
0.3,0.9,0.1,0.4,0.23834981,49925,0.0504677898607417
0.9,0.2,0.1,0.1,0.23834984,49925,0.04758238878627782
0.7,0.8,0.1,0.5,0.23835158,49925,0.05052252201864517
0.8,0.4,0.2,0.2,0.23835401,49925,0.0517971415789878
0.4,0.2,0.1,0.1,0.23835401,49925,0.0517971415789878
0.3,0.5,0.2,0.1,0.23836069,49925,0.053032978153691575
0.6,0.8,0.2,0.1,0.23836267,49925,0.0487921817635293
0.7,0.9,0.1,0.5,0.23836444,49925,0.050187507863966606
0.5,0.7,0.3,0.1,0.23836556,49925,0.05260036442366499
0.5,0.8,0.1,0.4,0.23836571,49925,0.05042108487022852
0.8,0.8,0.1,0.5,0.23836645,49925,0.05031803495300301
0.4,0.9,0.3,0.1,0.23836967,49925,0.051748617002563176
0.5,0.8,0.3,0.2,0.23837247,49925,0.05286009376394502
0.9,0.9,0.1,0.6,0.2383819,49925,0.05031670044211825
0.6,0.8,0.1,0.5,0.23838194,49925,0.05073410029801367
0.5,0.7,0.1,0.4,0.23838823,49925,0.05081455238476225
0.7,0.4,0.2,0.2,0.238392,49925,0.0522980367451338
0.6,0.6,0.2,0.1,0.23839492,49925,0.05013523449771339
0.2,0.9,0.3,0.1,0.23839599,49925,0.05279880072440427
0.8,0.3,0.2,0.2,0.23839664,49925,0.052412526992094706
0.2,0.2,0.4,0.9,0.23840152,49925,0.0527178501665153
0.6,0.9,0.2,0.1,0.2384043,49925,0.048180965539259414
0.6,0.7,0.2,0.3,0.23840508,49925,0.051820542800900246
0.6,0.4,0.1,0.3,0.23840618,49925,0.051323044449394256
0.6,0.5,0.2,0.2,0.23840883,49925,0.05218495922747085
0.6,0.7,0.2,0.1,0.23841119,49925,0.049432966202080326
0.7,0.3,0.2,0.2,0.23841453,49925,0.052962434205683806
0.9,0.7,0.3,0.3,0.23841494,49925,0.05239675763693982
0.7,0.6,0.2,0.3,0.2384167,49925,0.051945048767872676
0.9,0.8,0.4,0.2,0.23841934,49925,0.0528444018794208
0.7,0.1,0.1,0.2,0.23842028,49925,0.05173396777542286
0.8,0.5,0.3,0.2,0.238433,49925,0.05322472482071578
0.4,0.4,0.1,0.2,0.2384358,49925,0.05134741050689161
0.8,0.8,0.2,0.4,0.2384358,49925,0.05134741050689161
0.6,0.7,0.1,0.4,0.23845105,49925,0.050570379152487466
0.7,0.4,0.3,0.1,0.23845647,49925,0.053600987851540015
0.8,0.7,0.1,0.5,0.23845719,49925,0.05063592119679995
0.7,0.6,0.3,0.2,0.2384592,49925,0.053124479734817834
0.3,0.7,0.3,0.1,0.23846109,49925,0.053772224936711556
0.3,0.9,0.3,0.2,0.23846394,49925,0.05309242630770826
0.9,0.9,0.4,0.3,0.23846573,49925,0.0529713107123194
0.4,0.9,0.3,0.2,0.23846674,49925,0.0527120818163181
0.3,0.2,0.1,0.1,0.23846783,49925,0.052859428703128694
0.6,0.4,0.2,0.2,0.23846783,49925,0.052859428703128694
0.9,0.6,0.3,0.3,0.23846783,49925,0.052859428703128694
0.3,0.9,0.2,0.3,0.2384683,49925,0.051809334607325064
0.6,0.7,0.3,0.2,0.2384687,49925,0.05298400357366065
0.8,0.2,0.1,0.3,0.23846903,49925,0.05153574218222605
0.5,0.5,0.2,0.2,0.23847076,49925,0.05271615807708168
0.3,0.8,0.3,0.1,0.23847109,49925,0.05301522165266849
0.7,0.7,0.1,0.1,0.23847175,49925,0.04566778190402431
0.7,0.8,0.2,0.1,0.23847239,49925,0.04830054327934455
0.9,0.4,0.2,0.3,0.23848046,49925,0.052146485378243124
0.2,0.6,0.2,0.1,0.2384829,49925,0.052761117793661355
0.9,0.2,0.2,0.2,0.23848325,49925,0.0524549190407853
0.9,0.4,0.1,0.1,0.23848747,49925,0.04639386655364808
0.8,0.4,0.1,0.4,0.23849106,49925,0.05127671730642782
0.3,0.7,0.2,0.2,0.23849624,49925,0.05232380679130009
0.4,0.8,0.2,0.3,0.23849878,49925,0.05199145944152613
0.5,0.9,0.1,0.5,0.23850016,49925,0.05061654678099876
0.5,0.7,0.2,0.3,0.23850344,49925,0.05218579210369464
0.7,0.9,0.4,0.2,0.23850365,49925,0.05314464816179491
0.6,0.6,0.1,0.4,0.23850556,49925,0.05098605618987916
0.5,0.8,0.3,0.1,0.2385092,49925,0.05190459829707836
0.8,0.9,0.1,0.6,0.23851067,49925,0.05050046126917432
0.7,0.8,0.2,0.4,0.23851444,49925,0.051632213733969
0.1,0.3,0.9,0.8,0.23851486,49925,0.05404272787428979
0.4,0.6,0.2,0.2,0.23851588,49925,0.05252917988765058
0.6,0.9,0.3,0.3,0.23851588,49925,0.05252917988765057
0.2,0.3,0.1,0.1,0.23851588,49925,0.05252917988765058
0.8,0.4,0.2,0.3,0.23851886,49925,0.052579310582909
0.9,0.7,0.2,0.4,0.23852019,49925,0.05143845788321429
0.1,0.6,0.1,0.2,0.2385216,49925,0.051206790940384786
0.9,0.9,0.3,0.4,0.23852585,49925,0.052110900471006354
0.3,0.7,0.1,0.3,0.23852812,49925,0.05073954627210056
0.5,0.5,0.1,0.3,0.23853092,49925,0.05114082665966099
0.9,0.9,0.2,0.5,0.23853327,49925,0.05124558380027333
0.8,0.2,0.2,0.1,0.23853444,49925,0.051912131494504354
0.7,0.5,0.3,0.1,0.2385441,49925,0.052841878445242275
0.8,0.4,0.3,0.1,0.23854643,49925,0.05292022019442044
0.9,0.2,0.2,0.1,0.23854771,49925,0.0511329094622882
0.8,0.9,0.2,0.5,0.23855036,49925,0.05145209473562234
0.4,0.4,0.2,0.1,0.23855041,49925,0.05325173304156767
0.8,0.8,0.4,0.2,0.23855041,49925,0.05325173304156767
0.9,0.3,0.1,0.4,0.23855484,49925,0.05134441792110076
0.8,0.6,0.1,0.1,0.23855743,49925,0.04577960603226633
0.2,0.5,0.1,0.2,0.23855962,49925,0.051604054781878
0.9,0.6,0.2,0.4,0.2385738,49925,0.05184401539906107
0.8,0.7,0.2,0.4,0.23857461,49925,0.05175251606761576
0.5,0.9,0.2,0.4,0.23857717,49925,0.051764550829622516
0.7,0.1,0.2,0.1,0.23857825,49925,0.053599423662442226
0.8,0.3,0.2,0.1,0.23858015,49925,0.051068245966259106
0.8,0.9,0.3,0.4,0.2385817,49925,0.05238097765744703
0.9,0.1,0.1,0.3,0.23858228,49925,0.0515832261111622
0.1,0.1,0.4,0.4,0.2385842,49925,0.054375786929379756
0.2,0.2,0.8,0.8,0.2385842,49925,0.054375786929379756
0.4,0.8,0.1,0.4,0.23858443,49925,0.05066989507902048
0.9,0.1,0.2,0.1,0.23858535,49925,0.051882790663106394
0.4,0.8,0.3,0.2,0.23858613,49925,0.05326553929778264
0.2,0.5,0.2,0.1,0.23859079,49925,0.05375200054176975
0.5,0.3,0.2,0.1,0.23859522,49925,0.05341817096717321
0.2,0.1,0.5,0.6,0.23859914,49925,0.054478031873278585
0.5,0.9,0.3,0.1,0.23860443,49925,0.05123312618988866
0.7,0.8,0.1,0.1,0.23860778,49925,0.04515024233937911
0.6,0.7,0.3,0.1,0.23861508,49925,0.05201918766639903
0.9,0.8,0.1,0.6,0.23861524,49925,0.05058673605003809
0.8,0.7,0.3,0.3,0.23861818,49925,0.05275771540189324
0.7,0.3,0.2,0.1,0.23861852,49925,0.051817153993893285
0.8,0.4,0.2,0.1,0.23862079,49925,0.05031708044730367
0.7,0.7,0.2,0.1,0.23862143,49925,0.0489206913525411
0.5,0.6,0.3,0.1,0.23862563,49925,0.0533647712632565
0.9,0.3,0.2,0.1,0.2386257,49925,0.050385683360747335
0.6,0.9,0.1,0.1,0.23863971,49925,0.04501217540230847
0.8,0.3,0.2,0.3,0.23865135,49925,0.05309205235777306
0.8,0.1,0.2,0.1,0.23865688,49925,0.052730742743521956
0.7,0.6,0.2,0.1,0.2386591,49925,0.049547221650922964
0.1,0.3,0.4,0.8,0.23866545,49925,0.053031159622249656
0.8,0.2,0.2,0.2,0.23866585,49925,0.05305069707721527
0.4,0.1,0.1,0.1,0.23866585,49925,0.05305069707721527
0.9,0.3,0.2,0.3,0.23867044,49925,0.052662677529562864
0.7,0.4,0.2,0.1,0.23867077,49925,0.05099149482479454
0.2,0.2,0.3,0.9,0.2386724,49925,0.0521095487099475
0.2,0.7,0.2,0.2,0.23867251,49925,0.05278172794361196
0.7,0.9,0.1,0.6,0.23867865,49925,0.05068038742563062
0.1,0.1,0.3,0.4,0.23868035,49925,0.054151794411082636
0.2,0.2,0.6,0.8,0.23868035,49925,0.054151794411082636
0.1,0.2,0.2,0.7,0.2386807,49925,0.05141999989577986
0.7,0.7,0.1,0.5,0.23868136,49925,0.050881310157668044
0.9,0.7,0.4,0.2,0.23868337,49925,0.05332826175441766
0.9,0.8,0.4,0.3,0.23868738,49925,0.053367456420456476
0.6,0.6,0.3,0.1,0.23868905,49925,0.05274052519190626
0.8,0.5,0.2,0.1,0.23869252,49925,0.0496383840050272
0.7,0.5,0.1,0.4,0.23869446,49925,0.05113672022916855
0.9,0.5,0.2,0.4,0.23869605,49925,0.05227021274483497
0.1,0.9,0.2,0.3,0.23870778,49925,0.052353621746762585
0.6,0.5,0.3,0.1,0.23871467,49925,0.05350204838163225
0.2,0.2,0.5,0.8,0.23871747,49925,0.053841704990229174
0.6,0.2,0.2,0.1,0.23871829,49925,0.05352881286952238
0.1,0.1,0.1,0.6,0.23872244,49925,0.04948927601321408
0.6,0.8,0.3,0.1,0.23872419,49925,0.051380377626582284
0.9,0.8,0.2,0.5,0.23872772,49925,0.05156821353172606
0.9,0.7,0.1,0.6,0.23872975,49925,0.05091723441835182
0.4,0.9,0.3,0.3,0.2387351,49925,0.05317930790592178
0.9,0.5,0.1,0.5,0.23873985,49925,0.051134220577787
0.3,0.1,0.4,0.9,0.23874144,49925,0.053007767801394955
0.1,0.4,0.8,0.9,0.23874263,49925,0.054323886780566745
0.5,0.2,0.1,0.2,0.2387427,49925,0.05235737848412934
0.6,0.8,0.2,0.4,0.23874472,49925,0.05190093397673622
0.3,0.4,0.1,0.2,0.23874472,49925,0.05190093397673622
0.7,0.5,0.2,0.1,0.23874526,49925,0.05023999293433322
0.2,0.8,0.3,0.1,0.23874554,49925,0.05355843487984076
0.1,0.9,0.3,0.1,0.23874572,49925,0.05327727914574216
0.9,0.3,0.3,0.2,0.23874854,49925,0.053864162553723303
0.3,0.1,0.8,0.8,0.23874961,49925,0.05474298265982341
0.3,0.6,0.1,0.3,0.23875107,49925,0.05127913428835909
0.2,0.7,0.1,0.3,0.23875126,49925,0.05103243451944057
0.6,0.9,0.4,0.2,0.23875357,49925,0.053534942218000744
0.9,0.8,0.3,0.4,0.23875438,49925,0.05248039941065814
0.9,0.5,0.1,0.1,0.23875485,49925,0.0458558288457642
0.8,0.6,0.1,0.5,0.23875521,49925,0.050991834607295804
0.5,0.9,0.3,0.3,0.23876132,49925,0.052845724834199685
0.9,0.9,0.5,0.2,0.23876213,49925,0.05375677558932622
0.9,0.1,0.2,0.2,0.23876366,49925,0.053103313940934205
0.3,0.1,0.7,0.8,0.2387654,49925,0.0546302925105385
0.5,0.6,0.1,0.4,0.23876913,49925,0.051259118656884546
0.8,0.6,0.3,0.1,0.23877566,49925,0.05157636908204855
0.6,0.9,0.3,0.1,0.23878112,49925,0.05075027724997198
0.7,0.2,0.2,0.1,0.23878253,49925,0.05266965845341678
0.7,0.9,0.2,0.1,0.23878437,49925,0.04774533961549288
0.3,0.8,0.3,0.2,0.23878595,49925,0.05368023732218068
0.7,0.8,0.4,0.2,0.23878683,49925,0.0536469909275145
0.6,0.6,0.2,0.3,0.23878969,49925,0.0523339229555901
0.9,0.4,0.3,0.2,0.2387919,49925,0.05330939672627913
0.2,0.1,0.6,0.6,0.2387934,49925,0.05463000849319266
0.8,0.6,0.2,0.1,0.23879845,49925,0.049013276686281526
0.8,0.8,0.3,0.4,0.2387999,49925,0.05276033662866041
0.7,0.7,0.2,0.4,0.23880093,49925,0.052029157441739124
0.3,0.8,0.2,0.3,0.23880404,49925,0.052309096140482125
0.6,0.8,0.3,0.3,0.23880827,49925,0.053000363581033764
0.5,0.6,0.2,0.3,0.23880965,49925,0.05270705036274971
0.2,0.9,0.2,0.3,0.23881018,49925,0.052093192145634896
0.8,0.7,0.4,0.2,0.23881127,49925,0.053737847902660854
0.7,0.9,0.3,0.4,0.23881173,49925,0.052659129605305055
0.5,0.8,0.1,0.5,0.2388177,49925,0.0509365514523707
0.1,0.8,0.1,0.3,0.23881939,49925,0.05069786623650041
0.5,0.9,0.4,0.2,0.23881993,49925,0.05387974652711595
0.7,0.5,0.2,0.3,0.2388241,49925,0.05245085022232946
0.8,0.8,0.1,0.6,0.23882557,49925,0.050801549016280645
0.8,0.5,0.3,0.1,0.23883012,49925,0.0522340866922575
0.1,0.2,0.7,0.6,0.23883036,49925,0.05417960889215145
0.7,0.6,0.3,0.1,0.23883076,49925,0.052125796538107026
0.2,0.1,0.2,0.8,0.23883554,49925,0.05103110922924933
0.2,0.9,0.1,0.4,0.23884144,49925,0.050654862564458884
0.1,0.2,0.3,0.6,0.23884642,49925,0.053177216370432816
0.8,0.3,0.3,0.1,0.2388514,49925,0.053663105169498716
0.1,0.5,0.1,0.2,0.23885362,49925,0.05203087662579049
0.1,0.4,0.6,0.9,0.23885596,49925,0.05389645621388468
0.1,0.6,0.2,0.1,0.23885812,49925,0.05340674943825136
0.6,0.1,0.1,0.2,0.23885919,49925,0.052464604876625034
0.7,0.5,0.3,0.2,0.23886,49925,0.05369576621421948
0.8,0.9,0.4,0.3,0.23886047,49925,0.053279683527040905
0.7,0.7,0.3,0.3,0.23886158,49925,0.0531122797329026
0.8,0.7,0.3,0.4,0.23886965,49925,0.05317008061083339
0.9,0.4,0.2,0.1,0.23887259,49925,0.04969645238701374
0.7,0.2,0.1,0.3,0.2388769,49925,0.052001084674195154
0.6,0.3,0.1,0.3,0.23887818,49925,0.05193288335672545
0.4,0.3,0.1,0.2,0.23887964,49925,0.052165691630089814
0.8,0.6,0.2,0.4,0.23887964,49925,0.052165691630089814
0.4,0.7,0.2,0.3,0.23888056,49925,0.0525252494156617
0.6,0.6,0.3,0.2,0.23889242,49925,0.0535668117489412
0.4,0.7,0.1,0.4,0.23889278,49925,0.05107723253875978
0.3,0.6,0.2,0.2,0.23889326,49925,0.053007597990053314
0.7,0.9,0.2,0.5,0.23889482,49925,0.05165258898854652
0.6,0.7,0.1,0.5,0.23890023,49925,0.05110652378874669
0.7,0.7,0.3,0.1,0.23890215,49925,0.05148140430202337
0.8,0.7,0.1,0.1,0.23890871,49925,0.04525905987138578
0.4,0.9,0.2,0.4,0.23891066,49925,0.052014091125491706
0.9,0.6,0.1,0.1,0.23891306,49925,0.045365195261703045
0.7,0.4,0.1,0.4,0.23891374,49925,0.051601141157474065
0.4,0.7,0.3,0.2,0.23891664,49925,0.05385224800029651
0.7,0.9,0.3,0.1,0.2389186,49925,0.050269853016555885
0.9,0.3,0.3,0.1,0.238919,49925,0.05298014737658831
0.9,0.2,0.3,0.1,0.23892178,49925,0.053725703771603316
0.3,0.1,0.9,0.8,0.23892483,49925,0.05476665375174932
0.5,0.9,0.4,0.1,0.23893367,49925,0.05326432849110235
0.8,0.6,0.3,0.3,0.23893642,49925,0.053220704442553106
0.3,0.8,0.1,0.4,0.23893991,49925,0.050896021142714354
0.4,0.5,0.2,0.2,0.23894112,49925,0.053234679632117185
0.9,0.2,0.2,0.3,0.23894568,49925,0.053188859721009306
0.8,0.1,0.1,0.3,0.23894572,49925,0.05208746219842071
0.5,0.7,0.3,0.2,0.23894584,49925,0.05342955054037769
0.9,0.9,0.3,0.5,0.23894764,49925,0.05249355672823653
0.8,0.3,0.1,0.4,0.23895073,49925,0.05169678424100028
0.9,0.6,0.4,0.2,0.23895521,49925,0.05383938896616177
0.2,0.9,0.3,0.2,0.23895529,49925,0.05344864289900932
0.4,0.9,0.4,0.1,0.23895542,49925,0.05374350203476991
0.9,0.5,0.2,0.1,0.2389569,49925,0.04908702745831946
0.6,0.5,0.1,0.4,0.23895779,49925,0.05144585617240077
0.4,0.5,0.1,0.3,0.23896351,49925,0.05149894998386241
0.9,0.7,0.4,0.3,0.23896408,49925,0.053792246208810866
0.4,0.9,0.1,0.5,0.2389655,49925,0.050787094077823884
0.7,0.9,0.1,0.1,0.23896784,49925,0.044678394706536353
0.8,0.1,0.2,0.2,0.23897731,49925,0.0537671950908682
0.8,0.4,0.3,0.2,0.23897865,49925,0.05382833477180102
0.9,0.9,0.1,0.7,0.23897888,49925,0.050749213463677674
0.6,0.5,0.2,0.3,0.23899269,49925,0.052845800353155586
0.8,0.8,0.2,0.1,0.23899478,49925,0.04783912834256301
0.5,0.8,0.3,0.3,0.23899694,49925,0.053340092196039156
0.1,0.7,0.2,0.2,0.2389994,49925,0.05318117371753406
0.9,0.9,0.4,0.4,0.23900063,49925,0.05331844242762719
0.2,0.3,0.9,0.9,0.23900457,49925,0.05471498053284666
0.9,0.2,0.1,0.4,0.23900498,49925,0.05180230083665329
0.7,0.8,0.3,0.1,0.23900555,49925,0.050871734046189915
0.8,0.5,0.1,0.5,0.23900758,49925,0.0513669903656515
0.2,0.3,0.8,0.9,0.23900871,49925,0.054640387665042756
0.7,0.6,0.1,0.5,0.2390105,49925,0.05123935448399048
0.8,0.9,0.5,0.2,0.23901527,49925,0.054127735957532994
0.9,0.4,0.3,0.1,0.23901823,49925,0.052296442056443675
0.1,0.7,0.1,0.3,0.2390183,49925,0.051277716037233585
0.6,0.9,0.4,0.1,0.23901902,49925,0.05274263365363693
0.7,0.2,0.2,0.2,0.2390201,49925,0.05367507334233597
0.6,0.4,0.3,0.1,0.23902042,49925,0.0542614298778837
0.9,0.6,0.2,0.1,0.2390206,49925,0.04848582948727469
0.4,0.6,0.3,0.1,0.23902543,49925,0.05395406444958495
0.8,0.9,0.3,0.5,0.23902555,49925,0.05272808109220577
0.8,0.7,0.3,0.1,0.23903088,49925,0.05095608763041206
0.1,0.4,0.9,0.9,0.23903133,49925,0.0544079213265425
0.8,0.8,0.2,0.5,0.23903193,49925,0.05178952247826072
0.6,0.9,0.1,0.6,0.2390339,49925,0.050844471134271395
0.2,0.2,0.9,0.8,0.23904146,49925,0.054419545293990824
0.8,0.8,0.1,0.1,0.23904249,49925,0.04479595096655884
0.6,0.7,0.2,0.4,0.23904285,49925,0.05231724408128286
0.5,0.8,0.2,0.4,0.23904335,49925,0.052162070919702326
0.3,0.6,0.3,0.1,0.23904447,49925,0.05458173090486444
0.1,0.4,0.7,0.9,0.23904581,49925,0.054160600828935306
0.9,0.5,0.3,0.3,0.23904696,49925,0.053321499250909524
0.7,0.8,0.1,0.6,0.2390564,49925,0.050975525989172515
0.5,0.4,0.1,0.3,0.23905657,49925,0.05172570942235085
0.9,0.7,0.3,0.4,0.23905729,49925,0.052871835628967856
0.1,0.3,0.6,0.7,0.23906171,49925,0.054496482717595704
0.1,0.4,0.5,0.9,0.23906188,49925,0.053531472903826836
0.3,0.1,0.5,0.8,0.23906468,49925,0.05416625019127769
0.6,0.3,0.2,0.2,0.23906705,49925,0.05356920589573626
0.6,0.9,0.3,0.4,0.23906708,49925,0.052913415196596966
0.5,0.4,0.2,0.2,0.23906803,49925,0.05340525341611463
0.9,0.9,0.2,0.6,0.23907329,49925,0.05162072138333743
0.3,0.1,0.6,0.8,0.23907655,49925,0.05447712376796537
0.9,0.5,0.3,0.1,0.2390788,49925,0.05163443497700625
0.5,0.8,0.4,0.1,0.23908445,49925,0.05388891187275281
0.8,0.8,0.4,0.3,0.23908475,49925,0.05370615621642398
0.2,0.1,0.4,0.6,0.23908879,49925,0.05419739325802221
0.1,0.3,0.3,0.8,0.23909035,49925,0.0524309637500857
0.2,0.2,0.4,0.8,0.23909098,49925,0.05343400954255839
0.1,0.1,0.2,0.4,0.23909098,49925,0.05343400954255839
0.8,0.7,0.2,0.1,0.2390949,49925,0.048405437170143055
0.8,0.9,0.1,0.7,0.239098,49925,0.05089172110016396
0.6,0.9,0.2,0.5,0.23909901,49925,0.051907017517216755
0.9,0.1,0.3,0.1,0.23910558,49925,0.0544896372638966
0.8,0.7,0.4,0.1,0.23910576,49925,0.052929938763936514
0.7,0.9,0.4,0.3,0.23910634,49925,0.053591668607889394
0.7,0.8,0.3,0.4,0.23910773,49925,0.05304973918938688
0.8,0.8,0.3,0.1,0.23910825,49925,0.05035033846964456
0.9,0.8,0.1,0.7,0.23910989,49925,0.050992737152168226
0.1,0.9,0.1,0.4,0.23911531,49925,0.05080950513958188
0.9,0.7,0.2,0.5,0.23911546,49925,0.05191479333729855
0.2,0.4,0.1,0.2,0.23912276,49925,0.05242810480611431
0.4,0.8,0.2,0.4,0.23912276,49925,0.05242810480611431
0.8,0.9,0.2,0.1,0.23912323,49925,0.04731745370899732
0.2,0.8,0.2,0.3,0.23912473,49925,0.05262080292890199
0.9,0.6,0.1,0.6,0.239128,49925,0.051209360738865624
0.9,0.8,0.3,0.5,0.23912916,49925,0.052829691784505604
0.5,0.9,0.1,0.6,0.23913363,49925,0.05103112843343255
0.6,0.1,0.2,0.1,0.2391348,49925,0.05454657179137212
0.9,0.6,0.3,0.1,0.23913561,49925,0.05102466708212992
0.9,0.6,0.4,0.1,0.23913592,49925,0.05301289466289214
0.8,0.6,0.4,0.2,0.2391384,49925,0.054251587918864676
0.4,0.3,0.2,0.1,0.2391384,49925,0.054251587918864676
0.2,0.7,0.3,0.1,0.23913968,49925,0.05435945702381762
0.7,0.8,0.4,0.1,0.23914056,49925,0.05284020100512977
0.7,0.9,0.3,0.5,0.23914249,49925,0.0529681379547809
0.8,0.7,0.1,0.6,0.23914418,49925,0.05109272449446324
0.1,0.4,0.4,0.9,0.23914671,49925,0.05306167184549986
0.9,0.2,0.3,0.2,0.23914829,49925,0.054488019536113715
0.9,0.4,0.3,0.3,0.23915465,49925,0.05380896486815752
0.3,0.7,0.2,0.3,0.23915707,49925,0.05286044578022157
0.6,0.8,0.3,0.4,0.23915815,49925,0.053352665640334536
0.9,0.4,0.1,0.5,0.23915818,49925,0.05147267503243584
0.9,0.7,0.2,0.1,0.23915884,49925,0.047936040858000475
0.7,0.6,0.3,0.3,0.23916164,49925,0.05360082423842221
0.3,0.9,0.2,0.4,0.23916362,49925,0.052243526018403846
0.9,0.8,0.5,0.2,0.23917015,49925,0.05421254438966892
0.7,0.4,0.2,0.3,0.23917326,49925,0.0529870026269638
0.7,0.6,0.2,0.4,0.23917377,49925,0.0524448382658175
0.2,0.9,0.2,0.4,0.2391783,49925,0.052460632110077086
0.6,0.9,0.4,0.3,0.23918124,49925,0.05389740688076628
0.6,0.8,0.4,0.2,0.2391843,49925,0.05402669278193472
0.3,0.4,0.2,0.1,0.2391843,49925,0.05402669278193472
0.7,0.7,0.4,0.1,0.23918913,49925,0.05346938478918929
0.9,0.6,0.3,0.4,0.2391896,49925,0.05327087272279504
0.8,0.2,0.3,0.1,0.2391959,49925,0.054440488501833355
0.7,0.7,0.4,0.2,0.23919955,49925,0.05415322976479456
0.2,0.6,0.1,0.3,0.23920287,49925,0.051644067733534825
0.1,0.2,0.8,0.6,0.23920502,49925,0.05412653534829039
0.5,0.2,0.2,0.1,0.239212,49925,0.05444501903128989
0.4,0.6,0.2,0.3,0.23921308,49925,0.05306099189174057
0.1,0.2,0.2,0.6,0.23921381,49925,0.05232482026716558
0.5,0.5,0.3,0.1,0.23921455,49925,0.05414754729463913
0.9,0.5,0.4,0.1,0.23922606,49925,0.05363637298040408
0.6,0.7,0.4,0.1,0.23922619,49925,0.054029145970887975
0.1,0.8,0.3,0.1,0.2392276,49925,0.05405805289099165
0.6,0.8,0.4,0.1,0.23923063,49925,0.05337486559283152
0.4,0.8,0.4,0.1,0.23923941,49925,0.05436000113754744
0.1,0.1,0.5,0.4,0.2392477,49925,0.05440696205692453
0.9,0.9,0.4,0.5,0.23925322,49925,0.053599708858892293
0.8,0.3,0.3,0.2,0.23925495,49925,0.05440608383277226
0.7,0.9,0.4,0.1,0.23925628,49925,0.052255721158229906
0.7,0.9,0.5,0.2,0.23925678,49925,0.05446437069545466
0.6,0.7,0.3,0.3,0.23925678,49925,0.05347428981585141
0.7,0.8,0.4,0.3,0.23926288,49925,0.054031315916903584
0.5,0.7,0.2,0.4,0.23926498,49925,0.052598063414480284
0.1,0.8,0.2,0.3,0.23927154,49925,0.05291557690285522
0.8,0.2,0.2,0.3,0.23927815,49925,0.05364480509581558
0.9,0.4,0.2,0.4,0.2392814,49925,0.05267937565846101
0.3,0.9,0.4,0.1,0.23928413,49925,0.05422280745883638
0.8,0.9,0.3,0.1,0.23928605,49925,0.04979137159448582
0.4,0.8,0.1,0.5,0.23928745,49925,0.05115331984464223
0.7,0.7,0.3,0.4,0.23928913,49925,0.05349081016678742
0.8,0.5,0.2,0.4,0.2392895,49925,0.052563617008974925
0.9,0.6,0.4,0.3,0.23929845,49925,0.054235684668093455
0.2,0.9,0.3,0.3,0.23930877,49925,0.05378797871329676
0.2,0.1,0.7,0.6,0.23930949,49925,0.054624856811729496
0.5,0.6,0.3,0.2,0.2393128,49925,0.05404179839556452
0.6,0.5,0.3,0.2,0.2393146,49925,0.05417891081113847
0.7,0.4,0.3,0.2,0.2393173,49925,0.05434092084796693
0.9,0.7,0.1,0.1,0.23931824,49925,0.04488564097862735
0.5,0.9,0.3,0.4,0.23932116,49925,0.05321217657129332
0.3,0.1,0.3,0.9,0.23932631,49925,0.05244982211534969
0.2,0.6,0.2,0.2,0.2393274,49925,0.05351017595353574
0.1,0.3,0.1,0.1,0.2393274,49925,0.05351017595353574
0.3,0.9,0.3,0.3,0.2393274,49925,0.05351017595353574
0.8,0.6,0.4,0.1,0.2393354,49925,0.05356579143553992
0.9,0.5,0.4,0.2,0.23933785,49925,0.05436042627628602
0.9,0.8,0.4,0.4,0.2393479,49925,0.05370509973162146
0.2,0.2,0.7,0.7,0.23935522,49925,0.05500313099753063
0.4,0.9,0.3,0.4,0.23935737,49925,0.053481053306120456
0.1,0.3,0.2,0.9,0.23936063,49925,0.050916245869908124
0.7,0.6,0.4,0.1,0.23936197,49925,0.05412100724371851
0.4,0.4,0.2,0.2,0.23936374,49925,0.05399689251246943
0.6,0.6,0.3,0.3,0.23936374,49925,0.05399689251246943
0.2,0.2,0.1,0.1,0.23936374,49925,0.05399689251246943
0.8,0.8,0.4,0.4,0.23936374,49925,0.05399689251246943
0.4,0.9,0.4,0.2,0.23936425,49925,0.05428482535384618
0.3,0.3,0.1,0.2,0.23936771,49925,0.052747975687682074
0.9,0.9,0.3,0.6,0.23936771,49925,0.05274797568768207
0.6,0.6,0.2,0.4,0.23936771,49925,0.052747975687682074
0.8,0.9,0.4,0.4,0.2393735,49925,0.05359388323832184
0.3,0.9,0.1,0.5,0.23937617,49925,0.05096970317581771
0.7,0.9,0.1,0.7,0.23937634,49925,0.05106472401279639
0.9,0.8,0.2,0.1,0.23937811,49925,0.04741447665479574
0.9,0.9,0.5,0.3,0.23937853,49925,0.054134369566407985
0.5,0.7,0.1,0.5,0.23938143,49925,0.051334880314692896
0.3,0.7,0.1,0.4,0.23938465,49925,0.051326268475427296
0.8,0.9,0.5,0.3,0.23938578,49925,0.05443612950588915
0.3,0.2,0.9,0.9,0.23938802,49925,0.05501330662876716
0.8,0.7,0.4,0.3,0.23938829,49925,0.054137631434744475
0.3,0.5,0.1,0.3,0.23939009,49925,0.05188955694068808
0.5,0.7,0.4,0.1,0.23939149,49925,0.05455602254850219
0.8,0.8,0.4,0.1,0.23939224,49925,0.052364508468562866
0.9,0.5,0.3,0.4,0.23939303,49925,0.05368002497366255
0.7,0.3,0.3,0.1,0.23939487,49925,0.054390617856487744
0.1,0.9,0.3,0.2,0.23939852,49925,0.053860457462294405
0.7,0.3,0.2,0.3,0.23940018,49925,0.0535478471891073
0.1,0.6,0.1,0.3,0.23940535,49925,0.05185964873760893
0.7,0.8,0.3,0.5,0.2394082,49925,0.05330269081765765
0.4,0.8,0.3,0.3,0.23940936,49925,0.05369727595646359
0.5,0.9,0.2,0.5,0.23940994,49925,0.05209477046003878
0.8,0.5,0.3,0.3,0.23941024,49925,0.053707247773580935
0.2,0.7,0.2,0.3,0.23941234,49925,0.05319150334843037
0.2,0.8,0.3,0.2,0.2394127,49925,0.05412005997338856
0.5,0.8,0.4,0.2,0.23941296,49925,0.054453144712755835
0.2,0.3,0.4,0.9,0.23941554,49925,0.05340579322472077
0.1,0.3,0.5,0.7,0.23941694,49925,0.05420166686191429
0.1,0.3,0.8,0.7,0.23941763,49925,0.05466322634517034
0.4,0.5,0.3,0.1,0.23941994,49925,0.05479320258253563
0.6,0.8,0.1,0.6,0.23942101,49925,0.0511831886289674
0.5,0.5,0.2,0.3,0.23942281,49925,0.053267601175429606
0.9,0.7,0.5,0.2,0.23942414,49925,0.054682138619718226
0.9,0.7,0.4,0.1,0.23942474,49925,0.05244745663452463
0.2,0.3,0.7,0.9,0.23942769,49925,0.054494224928109423
0.7,0.8,0.2,0.5,0.23942874,49925,0.05200785269927195
0.3,0.5,0.2,0.2,0.23942918,49925,0.05377524145077114
0.8,0.9,0.2,0.6,0.23943008,49925,0.05178477501077354
0.8,0.9,0.4,0.1,0.23943071,49925,0.05180789204006976
0.6,0.9,0.3,0.5,0.23943375,49925,0.05317861923878516
0.2,0.1,0.3,0.6,0.23943616,49925,0.053635287175067735
0.9,0.6,0.2,0.5,0.2394366,49925,0.05224168045802739
0.8,0.8,0.3,0.5,0.23944297,49925,0.05308679791579156
0.9,0.7,0.3,0.5,0.2394464,49925,0.053206000486920944
0.8,0.8,0.5,0.2,0.23944777,49925,0.05458274738874732
0.1,0.3,0.7,0.7,0.23944807,49925,0.05461714663188884
0.1,0.5,0.2,0.1,0.2394517,49925,0.05449513347273818
0.3,0.8,0.2,0.4,0.2394538,49925,0.0526833253957607
0.9,0.7,0.3,0.1,0.23945819,49925,0.050444426463549207
0.6,0.4,0.2,0.3,0.2394582,49925,0.053446900319958815
0.2,0.3,0.6,0.9,0.23945832,49925,0.05422662260877898
0.1,0.3,0.4,0.7,0.23946062,49925,0.05378556186629485
0.9,0.8,0.2,0.6,0.23946421,49925,0.05188786185922225
0.1,0.2,0.9,0.6,0.2394722,49925,0.05404921455544133
0.1,0.8,0.1,0.4,0.23947409,49925,0.05123300632764521
0.6,0.9,0.5,0.2,0.23947439,49925,0.05484244871708407
0.1,0.3,0.3,0.7,0.23947999,49925,0.05315139326834712
0.3,0.2,0.8,0.9,0.23948035,49925,0.05493399267409139
0.1,0.9,0.2,0.4,0.23949015,49925,0.052659160766983286
0.5,0.7,0.3,0.3,0.23949166,49925,0.053852282657464716
0.6,0.8,0.4,0.3,0.23949167,49925,0.05438212284059355
0.3,0.1,0.4,0.8,0.23949383,49925,0.05373424252344676
0.6,0.6,0.4,0.1,0.23949537,49925,0.0546981262619185
0.4,0.6,0.1,0.4,0.23949641,49925,0.05155724961457433
0.3,0.9,0.3,0.4,0.2394974,49925,0.05372809871320979
0.8,0.8,0.1,0.7,0.23949759,49925,0.05117418181608438
0.8,0.6,0.1,0.6,0.23950243,49925,0.0514154570087758
0.8,0.2,0.1,0.4,0.23950294,49925,0.05214108184114635
0.6,0.2,0.1,0.3,0.23950493,49925,0.05247889666652033
0.6,0.7,0.3,0.4,0.23950738,49925,0.05376893783941006
0.8,0.6,0.3,0.4,0.23951507,49925,0.05359796323881667
0.1,0.6,0.2,0.2,0.23951529,49925,0.053923360791881134
0.4,0.6,0.3,0.2,0.2395173,49925,0.05451463066029302
0.9,0.3,0.1,0.5,0.23951805,49925,0.051840705720220176
0.6,0.8,0.2,0.5,0.23952067,49925,0.05226286701748952
0.7,0.7,0.1,0.6,0.2395222,49925,0.051302271439870074
0.4,0.9,0.2,0.5,0.23952457,49925,0.0523143068837999
0.3,0.7,0.3,0.2,0.2395262,49925,0.05433517256669716
0.9,0.3,0.2,0.4,0.23952724,49925,0.053093638532407915
0.9,0.1,0.2,0.3,0.2395277,49925,0.0537294125564568
0.3,0.6,0.2,0.3,0.23953322,49925,0.053432478654345264
0.7,0.5,0.2,0.4,0.23953585,49925,0.05287471560890746
0.9,0.9,0.2,0.7,0.23954155,49925,0.05189272647463955
0.9,0.7,0.4,0.4,0.23954155,49925,0.054085420119473204
0.3,0.8,0.3,0.3,0.23954333,49925,0.05401656156602526
0.9,0.9,0.1,0.8,0.23954375,49925,0.05106401906698058
0.7,0.5,0.1,0.5,0.23954827,49925,0.051610862036607356
0.7,0.3,0.1,0.4,0.23955649,49925,0.05204217274476282
0.7,0.1,0.1,0.3,0.23956247,49925,0.05257770409819227
0.8,0.4,0.3,0.3,0.23956452,49925,0.05420561423025548
0.8,0.9,0.1,0.1,0.2395648,49925,0.04436564371984462
0.5,0.9,0.4,0.3,0.23956728,49925,0.05424295599817388
0.9,0.9,0.2,0.1,0.23956785,49925,0.046921198380396545
0.6,0.6,0.1,0.5,0.23956871,49925,0.05146950779190099
0.6,0.7,0.4,0.2,0.23957425,49925,0.05457828302044613
0.7,0.8,0.5,0.2,0.2395764,49925,0.0549599519927154
0.1,0.4,0.3,0.9,0.23957926,49925,0.05243472188909475
0.7,0.1,0.2,0.2,0.23958157,49925,0.05443743000975359
0.9,0.8,0.4,0.5,0.23958269,49925,0.053925131357851555
0.8,0.9,0.3,0.6,0.23958272,49925,0.0529606350740392
0.9,0.8,0.4,0.1,0.23958308,49925,0.05187399856588898
0.8,0.9,0.1,0.8,0.2395846,49925,0.051194447270328715
0.1,0.2,0.1,0.9,0.23958483,49925,0.048595137940234345
0.4,0.7,0.4,0.1,0.23958693,49925,0.055107442758267414
0.9,0.8,0.5,0.3,0.23959,49925,0.05452887968669199
0.2,0.8,0.1,0.4,0.23959118,49925,0.05109954219870544
0.8,0.9,0.4,0.5,0.23959386,49925,0.053829145873896866
0.2,0.2,0.3,0.8,0.23959398,49925,0.052802833463030066
0.8,0.7,0.2,0.5,0.23959693,49925,0.05210500667231688
0.8,0.5,0.4,0.1,0.23959717,49925,0.05421539862900299
0.2,0.1,0.2,0.7,0.23960128,49925,0.051882662130066676
0.5,0.6,0.2,0.4,0.23960246,49925,0.05305294807363114
0.6,0.7,0.1,0.6,0.23960485,49925,0.05149201540049867
0.8,0.2,0.3,0.2,0.23960495,49925,0.05508365404377921
0.5,0.3,0.2,0.2,0.23960514,49925,0.054163022220719684
0.1,0.3,0.9,0.7,0.2396063,49925,0.05466997135233091
0.3,0.8,0.4,0.1,0.23960865,49925,0.05491405972674159
0.6,0.9,0.1,0.7,0.23960885,49925,0.05119491534940504
0.5,0.5,0.1,0.4,0.23961018,49925,0.051703897730283783
0.3,0.9,0.4,0.2,0.23961434,49925,0.0546702349890807
0.6,0.4,0.1,0.4,0.23961577,49925,0.051886627752473755
0.5,0.8,0.3,0.4,0.23961666,49925,0.053627130074786894
0.4,0.7,0.2,0.4,0.2396199,49925,0.052874366740820876
0.9,0.8,0.3,0.6,0.23962049,49925,0.05306423407104162
0.9,0.4,0.4,0.1,0.23962057,49925,0.05429575231718299
0.7,0.6,0.3,0.4,0.23962525,49925,0.05389629345361
0.1,0.1,0.1,0.5,0.23962682,49925,0.05067324525955464
0.4,0.7,0.3,0.3,0.23962796,49925,0.05421077902257023
0.5,0.8,0.1,0.6,0.23962843,49925,0.051337325699738846
0.9,0.7,0.2,0.6,0.2396286,49925,0.05219692304317349
0.3,0.1,0.1,0.1,0.23963039,49925,0.05429614631661983
0.9,0.3,0.3,0.3,0.23963039,49925,0.054296146316619824
0.6,0.2,0.2,0.2,0.23963039,49925,0.05429614631661983
0.7,0.9,0.4,0.4,0.23963068,49925,0.053886057513894234
0.7,0.9,0.2,0.6,0.23963134,49925,0.05201244210895089
0.2,0.9,0.4,0.1,0.23963208,49925,0.05468104587535972
0.4,0.2,0.1,0.2,0.23963377,49925,0.05299509201287333
0.8,0.4,0.2,0.4,0.23963377,49925,0.05299509201287333
0.4,0.1,0.8,0.9,0.23963939,49925,0.05517773864979677
0.5,0.1,0.1,0.2,0.23964095,49925,0.053160360342449656
0.9,0.9,0.6,0.2,0.2396419,49925,0.054900757203009465
0.7,0.8,0.1,0.7,0.23964348,49925,0.051324331946399356
0.9,0.9,0.4,0.6,0.23964748,49925,0.05375113325901634
0.8,0.1,0.3,0.1,0.23965052,49925,0.0552848474237181
0.1,0.8,0.3,0.2,0.23965096,49925,0.05447350573294598
0.7,0.5,0.4,0.1,0.23965394,49925,0.054812252227441384
0.8,0.4,0.1,0.5,0.23965862,49925,0.051745168774753256
0.2,0.3,0.5,0.9,0.23966235,49925,0.05389934187994249
0.7,0.7,0.2,0.5,0.23966773,49925,0.05236649590419115
0.7,0.8,0.4,0.4,0.23966818,49925,0.05427002035101112
0.2,0.1,0.8,0.6,0.2396715,49925,0.054588377765611554
0.4,0.7,0.1,0.5,0.23967357,49925,0.05152633519569419
0.9,0.5,0.2,0.5,0.239678,49925,0.05260766764361273
0.9,0.4,0.4,0.2,0.23968029,49925,0.054899504652302436
0.7,0.6,0.4,0.2,0.23968263,49925,0.05469007496527286
0.8,0.7,0.4,0.4,0.23968534,49925,0.05436767038191281
0.5,0.8,0.2,0.5,0.23968637,49925,0.052480039823848704
0.7,0.7,0.4,0.3,0.23968984,49925,0.05450207254994346
0.1,0.2,0.5,0.5,0.23969448,49925,0.05495040400707728
0.8,0.6,0.4,0.3,0.23969893,49925,0.05460631140036933
0.8,0.5,0.3,0.4,0.23970239,49925,0.05402166256774843
0.5,0.4,0.3,0.1,0.23970403,49925,0.054983043593806416
0.5,0.5,0.3,0.2,0.23970525,49925,0.05468261444167116
0.2,0.9,0.1,0.5,0.23970991,49925,0.051104717156646384
0.2,0.5,0.2,0.2,0.2397104,49925,0.05428019995596603
0.9,0.5,0.1,0.6,0.23971194,49925,0.051524961257323955
0.7,0.5,0.3,0.3,0.23971263,49925,0.05409571628835031
0.2,0.8,0.2,0.4,0.23971497,49925,0.05292162205858247
0.1,0.4,0.1,0.2,0.23971497,49925,0.05292162205858247
0.9,0.7,0.1,0.7,0.23971753,49925,0.05126234029402939
0.4,0.9,0.1,0.6,0.2397184,49925,0.05117022704965574
0.4,0.5,0.2,0.3,0.23971935,49925,0.053642945624434966
0.5,0.6,0.1,0.5,0.23971993,49925,0.05170710197126609
0.2,0.2,0.5,0.7,0.23972316,49925,0.054605642039292086
0.6,0.5,0.3,0.3,0.23972511,49925,0.05451300806656446
0.1,0.7,0.2,0.3,0.23972748,49925,0.05346922196771546
0.9,0.1,0.3,0.2,0.23972756,49925,0.05514809659973942
0.7,0.8,0.5,0.1,0.23973057,49925,0.05444966760606623
0.6,0.9,0.4,0.4,0.23973213,49925,0.054157714723600085
0.1,0.4,0.8,0.8,0.23973717,49925,0.05492269908696498
0.9,0.9,0.5,0.4,0.23973757,49925,0.05439488959726129
0.2,0.2,0.6,0.7,0.23973793,49925,0.05488716379164569
0.8,0.9,0.5,0.4,0.23974125,49925,0.05466015113940253
0.6,0.7,0.4,0.3,0.23974246,49925,0.054853486871475815
0.8,0.8,0.3,0.6,0.23974256,49925,0.05324535369906253
0.6,0.9,0.2,0.6,0.23974386,49925,0.05220065213706617
0.8,0.5,0.4,0.2,0.23974632,49925,0.05479743702582699
0.9,0.8,0.3,0.1,0.23974672,49925,0.04986692965720732
0.2,0.4,0.2,0.1,0.2397468,49925,0.054846243849427476
0.4,0.8,0.4,0.2,0.2397468,49925,0.054846243849427476
0.9,0.1,0.1,0.4,0.23974846,49925,0.052222687665281105
0.5,0.9,0.3,0.5,0.23975025,49925,0.05338982854917954
0.3,0.8,0.1,0.5,0.23975469,49925,0.05133678558765352
0.3,0.7,0.3,0.3,0.23975487,49925,0.05455906973862819
0.7,0.9,0.5,0.3,0.23975843,49925,0.05475908298550505
0.7,0.9,0.1,0.8,0.23976097,49925,0.05130331231059207
0.8,0.6,0.2,0.5,0.2397619,49925,0.0524947171709015
0.7,0.9,0.4,0.5,0.23976311,49925,0.05404603506550413
0.1,0.4,0.7,0.8,0.2397638,49925,0.05477631255210237
0.8,0.7,0.3,0.5,0.23977001,49925,0.053446880919965675
0.6,0.8,0.3,0.5,0.23977134,49925,0.053548982866321676
0.8,0.1,0.2,0.3,0.23977259,49925,0.05421597023265155
0.7,0.6,0.4,0.3,0.23977374,49925,0.054973865933267516
0.7,0.8,0.4,0.5,0.23977849,49925,0.05440138196350101
0.7,0.9,0.3,0.6,0.23977922,49925,0.05314010357531039
0.6,0.6,0.3,0.4,0.23978108,49925,0.05419969693815869
0.5,0.6,0.4,0.1,0.23978172,49925,0.055267746781708905
0.5,0.8,0.4,0.3,0.23978582,49925,0.054709426593911516
0.3,0.6,0.1,0.4,0.23979089,49925,0.05180926041882591
0.9,0.9,0.4,0.1,0.23979579,49925,0.05135253368150785
0.3,0.2,0.7,0.9,0.23979793,49925,0.05477505760572958
0.9,0.3,0.4,0.1,0.23980002,49925,0.0549677972879321
0.8,0.8,0.2,0.6,0.23980355,49925,0.05211277919396014
0.4,0.4,0.1,0.3,0.23980355,49925,0.05211277919396014
0.3,0.1,0.7,0.7,0.23980778,49925,0.05534855473178495
0.7,0.4,0.3,0.3,0.23980802,49925,0.05463796495325216
0.5,0.6,0.3,0.3,0.2398089,49925,0.05437156319426547
0.9,0.4,0.3,0.4,0.23980977,49925,0.054119343855872595
0.2,0.8,0.3,0.3,0.23981026,49925,0.05430254594880325
0.5,0.9,0.4,0.4,0.23981182,49925,0.05442194497641695
0.4,0.9,0.4,0.3,0.23981209,49925,0.05457968338184818
0.7,0.6,0.2,0.5,0.2398144,49925,0.05274259864268562
0.6,0.9,0.5,0.1,0.23981448,49925,0.05434300807293118
0.8,0.7,0.5,0.2,0.23981506,49925,0.05505291494944363
0.6,0.5,0.2,0.4,0.23981513,49925,0.05321995812733997
0.9,0.7,0.4,0.5,0.23981594,49925,0.054270927367226385
0.7,0.9,0.5,0.1,0.23981942,49925,0.05389323120109947
0.1,0.9,0.2,0.5,0.2398215,49925,0.052761116340302464
0.8,0.5,0.4,0.4,0.23982207,49925,0.05519045512763428
0.9,0.6,0.4,0.4,0.23982213,49925,0.05447999933699476
0.8,0.9,0.4,0.6,0.23982447,49925,0.05395460296648865
0.4,0.1,0.9,0.9,0.23982519,49925,0.05527469099995312
0.9,0.8,0.4,0.6,0.23982665,49925,0.054034552115412325
0.6,0.7,0.2,0.5,0.23982729,49925,0.05263778704977546
0.1,0.8,0.2,0.4,0.23982938,49925,0.05306605997809936
0.8,0.3,0.3,0.3,0.23982966,49925,0.054765163724812466
0.9,0.8,0.2,0.7,0.23983146,49925,0.05216894322831409
0.9,0.7,0.5,0.4,0.23983234,49925,0.05513723282302315
0.9,0.6,0.3,0.5,0.23983596,49925,0.05355005274933205
0.9,0.8,0.1,0.8,0.23983644,49925,0.05128662690518381
0.5,0.7,0.4,0.2,0.23984125,49925,0.05500952139368136
0.4,0.8,0.3,0.4,0.23984174,49925,0.05390493868409342
0.8,0.3,0.1,0.5,0.23984218,49925,0.05214227916978852
0.5,0.4,0.2,0.3,0.23984282,49925,0.053853169954181906
0.1,0.9,0.3,0.3,0.23984422,49925,0.05406075284733866
0.7,0.7,0.3,0.5,0.23984858,49925,0.05367531072029141
0.5,0.9,0.5,0.2,0.2398493,49925,0.055220137351116576
0.2,0.2,0.8,0.7,0.2398497,49925,0.05506057605607538
0.3,0.9,0.2,0.5,0.23985197,49925,0.05252336769603169
0.6,0.3,0.3,0.1,0.23985238,49925,0.05511900329205355
0.1,0.2,0.1,0.8,0.23985575,49925,0.049329589262412904
0.5,0.3,0.1,0.3,0.23985603,49925,0.05230936918488201
0.5,0.5,0.3,0.3,0.2398626,49925,0.05490349385940837
0.1,0.7,0.3,0.1,0.23986284,49925,0.054895428374403483
0.7,0.4,0.2,0.4,0.23986368,49925,0.053356417974323646
0.4,0.6,0.3,0.3,0.23986529,49925,0.05473727306274031
0.9,0.7,0.5,0.5,0.23986594,49925,0.05518917971553345
0.6,0.3,0.1,0.4,0.2398713,49925,0.05239587718854071
0.5,0.7,0.3,0.4,0.23987345,49925,0.05404577158517177
0.8,0.7,0.4,0.5,0.2398772,49925,0.05450129396865558
0.9,0.8,0.5,0.4,0.23987752,49925,0.05476016193956657
0.9,0.6,0.5,0.2,0.23987836,49925,0.05513812805664023
0.9,0.9,0.3,0.7,0.23988087,49925,0.052927021685568655
0.7,0.2,0.1,0.4,0.23988134,49925,0.05252586307434157
0.9,0.9,0.5,0.6,0.23988473,49925,0.05461034236167772
0.8,0.5,0.2,0.5,0.23988515,49925,0.05286550930501689
0.2,0.9,0.2,0.5,0.23988536,49925,0.05267589281358414
0.8,0.8,0.4,0.5,0.23988746,49925,0.05416488181452237
0.5,0.8,0.4,0.4,0.23989049,49925,0.05483105998453833
0.1,0.4,0.5,0.8,0.23989102,49925,0.05415029749929569
0.7,0.6,0.4,0.4,0.23989153,49925,0.055096481377625725
0.8,0.7,0.1,0.7,0.23989223,49925,0.051428466335748706
0.3,0.9,0.4,0.3,0.23989302,49925,0.05484418927997342
0.2,0.6,0.3,0.1,0.23989378,49925,0.0552199877139573
0.7,0.7,0.4,0.4,0.23989914,49925,0.054680723240762855
0.2,0.9,0.4,0.2,0.2398993,49925,0.05502177643839146
0.2,0.7,0.3,0.2,0.23990154,49925,0.0547383616029758
0.9,0.4,0.2,0.5,0.2399018,49925,0.05298628659045411
0.6,0.5,0.1,0.5,0.23990183,49925,0.05187200752390485
0.8,0.9,0.2,0.7,0.23990221,49925,0.05206763547481203
0.3,0.6,0.3,0.2,0.23990425,49925,0.05501788886190132
0.7,0.2,0.3,0.1,0.2399085,49925,0.055214014194878334
0.8,0.7,0.5,0.1,0.23990923,49925,0.05456516454854025
0.6,0.4,0.3,0.2,0.23991129,49925,0.05483327504928338
0.6,0.8,0.1,0.7,0.23991404,49925,0.051459448706356645
0.9,0.9,0.3,0.1,0.23991561,49925,0.04933522349214699
0.1,0.3,0.2,0.8,0.23991574,49925,0.051585692266360055
0.6,0.4,0.3,0.3,0.2399161,49925,0.05505687492641292
0.2,0.6,0.2,0.3,0.23991743,49925,0.05376675270217889
0.9,0.5,0.4,0.3,0.23991847,49925,0.05470491741747345
0.7,0.9,0.6,0.2,0.23991916,49925,0.055582141815243846
0.9,0.5,0.2,0.6,0.23991923,49925,0.052867492735117164
0.7,0.8,0.2,0.6,0.23991956,49925,0.05231771482113021
0.4,0.9,0.4,0.4,0.23992078,49925,0.054696890873147504
0.8,0.7,0.2,0.6,0.2399228,49925,0.052407651450956445
0.9,0.6,0.2,0.6,0.23992443,49925,0.052520516259638585
0.8,0.8,0.5,0.4,0.23992543,49925,0.055017042865691396
0.9,0.8,0.6,0.2,0.23992613,49925,0.05532293896346869
0.8,0.4,0.4,0.1,0.23992646,49925,0.05490174085080107
0.8,0.6,0.4,0.4,0.23992656,49925,0.05478559749059123
0.4,0.3,0.2,0.2,0.23992656,49925,0.05478559749059123
0.5,0.9,0.5,0.3,0.23992884,49925,0.055394776235666694
0.9,0.2,0.2,0.4,0.23993579,49925,0.05353174528882227
0.9,0.2,0.3,0.3,0.23993711,49925,0.05484979387019175
0.7,0.2,0.2,0.3,0.23994005,49925,0.05412740383921924
0.4,0.9,0.5,0.2,0.23994412,49925,0.05556928560702963
0.9,0.9,0.5,0.5,0.23994522,49925,0.054547873095423194
0.1,0.2,0.4,0.5,0.23994675,49925,0.054719267321351184
0.3,0.2,0.6,0.9,0.2399477,49925,0.05451036007509543
0.9,0.9,0.1,0.9,0.2399492,49925,0.05129864651394894
0.2,0.7,0.1,0.4,0.23995082,49925,0.05154930732966546
0.9,0.7,0.4,0.6,0.23995242,49925,0.05433373384465543
0.8,0.8,0.5,0.3,0.2399525,49925,0.05484814740422798
0.8,0.9,0.5,0.1,0.23995264,49925,0.05341266290177578
0.9,0.5,0.4,0.4,0.23995273,49925,0.05490005754375391
0.5,0.9,0.5,0.1,0.23995286,49925,0.054799287162600525
0.2,0.5,0.1,0.3,0.2399535,49925,0.052222116730028835
0.4,0.5,0.1,0.4,0.23995462,49925,0.05204041694139065
0.9,0.9,0.6,0.3,0.23995717,49925,0.055126777128802575
0.6,0.6,0.4,0.2,0.23995717,49925,0.05512677712880257
0.3,0.3,0.2,0.1,0.23995717,49925,0.05512677712880257
0.8,0.9,0.6,0.2,0.23995759,49925,0.055232934648079136
0.9,0.9,0.2,0.8,0.23995893,49925,0.05213646322957604
0.3,0.4,0.2,0.2,0.23995912,49925,0.05453871109344711
0.6,0.8,0.4,0.4,0.23995912,49925,0.05453871109344711
0.3,0.7,0.4,0.1,0.23996383,49925,0.0556316178067286
0.7,0.6,0.1,0.6,0.23996417,49925,0.05161622519297054
0.2,0.9,0.3,0.4,0.2399644,49925,0.05393387611039018
0.5,0.2,0.2,0.2,0.239967,49925,0.054967223212261544
0.6,0.3,0.2,0.3,0.23996788,49925,0.054006106969838506
0.1,0.2,0.2,0.5,0.23996936,49925,0.053311050442706946
0.7,0.9,0.5,0.4,0.23996983,49925,0.054922343478582124
0.6,0.9,0.5,0.3,0.23997073,49925,0.05507578170852028
0.6,0.8,0.5,0.2,0.23997112,49925,0.05533262748897668
0.8,0.9,0.5,0.5,0.23997122,49925,0.054756788637616884
0.6,0.7,0.4,0.4,0.23997322,49925,0.054958022471655404
0.8,0.8,0.5,0.1,0.23997359,49925,0.05397340782152635
0.4,0.8,0.2,0.5,0.2399747,49925,0.05270400089010142
0.7,0.5,0.3,0.4,0.23997474,49925,0.0543380984042047
0.9,0.6,0.4,0.5,0.23997942,49925,0.054607821435921584
0.1,0.4,0.6,0.8,0.23998326,49925,0.05452804601571877
0.3,0.8,0.4,0.2,0.23998553,49925,0.05523153198608322
0.9,0.8,0.5,0.5,0.23998597,49925,0.0548682689771901
0.1,0.1,0.6,0.4,0.23998623,49925,0.05424423735985075
0.9,0.7,0.5,0.3,0.23998962,49925,0.05495543795491172
0.9,0.8,0.1,0.1,0.239991,49925,0.04444712811255372
0.9,0.8,0.5,0.1,0.23999101,49925,0.05350482546079258
0.8,0.6,0.3,0.5,0.23999326,49925,0.05378127247902213
0.8,0.8,0.5,0.5,0.23999666,49925,0.055082299061178314
0.6,0.8,0.5,0.1,0.2399979,49925,0.054931934608308024
0.5,0.2,0.1,0.3,0.2399994,49925,0.0529592077972036
0.3,0.1,0.3,0.8,0.23999949,49925,0.053155499935448214
0.2,0.1,0.9,0.6,0.24000113,49925,0.05447288015286617
0.4,0.8,0.4,0.3,0.24000335,49925,0.05504230529840333
0.1,0.7,0.1,0.4,0.24000385,49925,0.05165611675875295
0.5,0.9,0.1,0.7,0.2400052,49925,0.051312291938936286
0.8,0.9,0.3,0.7,0.2400089,49925,0.05312189942180011
0.9,0.2,0.1,0.5,0.24001111,49925,0.05223926054046059
0.5,0.6,0.3,0.4,0.24001245,49925,0.05447404541877825
0.1,0.2,0.6,0.5,0.24001418,49925,0.05504198495845134
0.9,0.7,0.2,0.7,0.24001625,49925,0.0524500143819663
0.6,0.6,0.2,0.5,0.24001704,49925,0.05300624446332154
0.8,0.1,0.1,0.4,0.24002291,49925,0.05260287379387287
0.7,0.9,0.5,0.5,0.24002299,49925,0.054992776948102284
0.9,0.7,0.3,0.6,0.24002327,49925,0.053372055250843
0.8,0.4,0.3,0.4,0.24002594,49925,0.054427784256872495
0.6,0.9,0.4,0.5,0.24003206,49925,0.05428171519088383
0.5,0.7,0.1,0.6,0.2400325,49925,0.05166135644796106
0.3,0.5,0.2,0.3,0.24003825,49925,0.05403713015402477
0.2,0.2,0.9,0.7,0.24003835,49925,0.05504909818741035
0.8,0.5,0.4,0.3,0.24003987,49925,0.05507851119172816
0.3,0.8,0.3,0.4,0.24004184,49925,0.05416563106190394
0.2,0.8,0.4,0.1,0.2400419,49925,0.055378567403659575
0.7,0.9,0.4,0.6,0.24004544,49925,0.05412798342293342
0.4,0.9,0.5,0.1,0.24004926,49925,0.05526345060669142
0.2,0.3,0.3,0.9,0.2400512,49925,0.05279218950679896
0.6,0.7,0.3,0.5,0.24005203,49925,0.05392168116424637
0.9,0.4,0.4,0.4,0.24005355,49925,0.055286396815404495
0.8,0.5,0.1,0.6,0.24005552,49925,0.05173134487605928
0.7,0.3,0.3,0.2,0.24005774,49925,0.054974270463790526
0.1,0.4,0.4,0.8,0.24005856,49925,0.053653385646431344
0.3,0.7,0.2,0.4,0.2400596,49925,0.05316348434287196
0.7,0.7,0.5,0.1,0.24006009,49925,0.05505821567734304
0.1,0.5,0.7,0.9,0.24006076,49925,0.05474152347116112
0.3,0.2,0.5,0.9,0.24006172,49925,0.05417513145258076
0.9,0.5,0.4,0.5,0.24006395,49925,0.05496105307822436
0.4,0.1,0.7,0.9,0.24006574,49925,0.05502021896373443
0.2,0.8,0.1,0.5,0.24006855,49925,0.05143427916304391
0.7,0.8,0.5,0.4,0.24006869,49925,0.05530146737356195
0.9,0.4,0.1,0.6,0.24006872,49925,0.051847208626085654
0.3,0.5,0.3,0.1,0.2400704,49925,0.0554617389918222
0.6,0.1,0.1,0.3,0.24007559,49925,0.053100041428920726
0.4,0.9,0.3,0.5,0.24007562,49925,0.05363537836355909
0.3,0.7,0.1,0.5,0.2400772,49925,0.05172046916122483
0.8,0.3,0.2,0.4,0.24008003,49925,0.05344969843278519
0.6,0.5,0.3,0.4,0.24008146,49925,0.054632719595112456
0.8,0.8,0.2,0.7,0.24008663,49925,0.05236216926205094
0.8,0.9,0.5,0.6,0.24009044,49925,0.0548090654116322
0.4,0.1,0.6,0.9,0.2400907,49925,0.05477139149182674
0.8,0.4,0.2,0.5,0.24009073,49925,0.05325070821615156
0.5,0.4,0.1,0.4,0.24009196,49925,0.05222268551114873
0.3,0.1,0.8,0.7,0.24009536,49925,0.05541906583277769
0.7,0.8,0.5,0.3,0.24009982,49925,0.05520165846286384
0.7,0.9,0.2,0.7,0.24010046,49925,0.0522656886239258
0.1,0.7,0.3,0.2,0.24010171,49925,0.05511708475324763
0.2,0.1,0.2,0.6,0.24010248,49925,0.05279028682635616
0.9,0.9,0.6,0.4,0.24010509,49925,0.05527598390207662
0.5,0.8,0.3,0.5,0.24010693,49925,0.053776434150947926
0.7,0.6,0.3,0.5,0.24010757,49925,0.054027744864498316
0.3,0.9,0.1,0.6,0.24011087,49925,0.051283462091886944
0.1,0.5,0.6,0.9,0.24011111,49925,0.054421197165287406
0.8,0.6,0.1,0.7,0.2401151,49925,0.05169544644551459
0.7,0.7,0.1,0.7,0.24011633,49925,0.05159781660268951
0.2,0.2,0.4,0.7,0.24011685,49925,0.05420356625610685
0.2,0.9,0.1,0.6,0.24011734,49925,0.051341109574059296
0.7,0.4,0.3,0.4,0.2401185,49925,0.05476442752830642
0.7,0.7,0.5,0.2,0.24011922,49925,0.05544541014304991
0.4,0.7,0.4,0.2,0.24011993,49925,0.05543977213338833
0.1,0.5,0.1,0.3,0.24012017,49925,0.052430930669413955
0.6,0.9,0.1,0.8,0.2401212,49925,0.05142803218035012
0.2,0.3,0.8,0.8,0.24012284,49925,0.055261289546093224
0.6,0.6,0.4,0.3,0.2401234,49925,0.05532419310981923
0.1,0.9,0.1,0.5,0.24012458,49925,0.05114475454360044
0.6,0.8,0.4,0.5,0.24012506,49925,0.054624656811367585
0.4,0.6,0.4,0.1,0.24012882,49925,0.055819287578670725
0.4,0.3,0.1,0.3,0.24012946,49925,0.05275212994219921
0.8,0.6,0.2,0.6,0.24012946,49925,0.05275212994219921
0.4,0.6,0.1,0.5,0.24012968,49925,0.05188936235369301
0.4,0.8,0.1,0.6,0.24013068,49925,0.051483802887473624
0.8,0.8,0.4,0.6,0.24013247,49925,0.0542353104436337
0.4,0.4,0.2,0.3,0.24013247,49925,0.0542353104436337
0.2,0.1,0.5,0.5,0.24013507,49925,0.055462070058977235
0.9,0.8,0.2,0.8,0.24013813,49925,0.052387639458617276
0.2,0.9,0.4,0.3,0.24013889,49925,0.055135894720190426
0.9,0.9,0.4,0.7,0.24014002,49925,0.05384518525678065
0.9,0.7,0.5,0.1,0.24014057,49925,0.054046109255415205
0.7,0.3,0.3,0.3,0.24014166,49925,0.055190350479330054
0.9,0.9,0.5,0.1,0.24014193,49925,0.05297117195846926
0.2,0.2,0.2,0.9,0.24014217,49925,0.05131644260473825
0.5,0.9,0.4,0.5,0.24014246,49925,0.05449398887808232
0.9,0.8,0.5,0.6,0.24014466,49925,0.054887952044715416
0.4,0.4,0.3,0.1,0.2401467,49925,0.05568260343997423
0.8,0.8,0.6,0.2,0.2401467,49925,0.05568260343997423
0.5,0.8,0.4,0.5,0.24014719,49925,0.05485080858529978
0.2,0.2,0.3,0.7,0.24014762,49925,0.053575560713255824
0.9,0.9,0.7,0.2,0.2401477,49925,0.05584735055219773
0.5,0.5,0.4,0.1,0.2401478,49925,0.05598376630360711
0.8,0.7,0.5,0.4,0.24014796,49925,0.05540357058804059
0.3,0.2,0.4,0.9,0.24014856,49925,0.05371159151014196
0.9,0.8,0.6,0.3,0.24014911,49925,0.05553121326147485
0.7,0.4,0.1,0.5,0.24014944,49925,0.05201274005025315
0.1,0.4,0.3,0.8,0.24014947,49925,0.0530231341283983
0.3,0.1,0.6,0.7,0.240151,49925,0.05519362716978951
0.7,0.5,0.2,0.5,0.2401522,49925,0.053143404656974945
0.4,0.7,0.3,0.4,0.2401536,49925,0.054327420122550193
0.1,0.4,0.9,0.8,0.24015492,49925,0.054997819725083504
0.6,0.9,0.3,0.6,0.24015558,49925,0.053341597578789014
0.4,0.6,0.2,0.4,0.24015558,49925,0.053341597578789014
0.2,0.3,0.1,0.2,0.24015558,49925,0.053341597578789014
0.1,0.2,0.3,0.5,0.24015726,49925,0.05419444846911486
0.9,0.8,0.6,0.5,0.24015793,49925,0.05567972306754318
0.9,0.6,0.1,0.7,0.2401591,49925,0.0515293243487129
0.9,0.5,0.3,0.5,0.24015944,49925,0.05388139440445105
0.8,0.8,0.1,0.8,0.24015954,49925,0.05143076935789748
0.9,0.6,0.5,0.1,0.24016005,49925,0.05462728429333886
0.9,0.6,0.5,0.5,0.24016033,49925,0.05553328686686377
0.3,0.8,0.2,0.5,0.24016465,49925,0.05292028718788619
0.3,0.9,0.4,0.4,0.2401692,49925,0.05492856554422192
0.9,0.9,0.6,0.5,0.2401727,49925,0.055362182156011776
0.4,0.5,0.3,0.3,0.2401741,49925,0.05530377640451697
0.8,0.7,0.3,0.6,0.24017538,49925,0.053598014374444364
0.6,0.9,0.4,0.6,0.24017592,49925,0.054334922881562234
0.7,0.7,0.4,0.5,0.24017705,49925,0.05474097190134674
0.5,0.8,0.1,0.7,0.24018154,49925,0.051559400641714236
0.3,0.9,0.5,0.1,0.24018377,49925,0.05570170287162999
0.5,0.8,0.5,0.2,0.24018466,49925,0.05572147954164033
0.1,0.5,0.9,0.9,0.24018511,49925,0.05512285232278734
0.1,0.5,0.8,0.9,0.24018668,49925,0.05497481095161133
0.5,0.9,0.2,0.6,0.24018705,49925,0.05238643396143772
0.8,0.6,0.4,0.5,0.24019015,49925,0.05482947291557647
0.7,0.8,0.5,0.5,0.24019042,49925,0.05532377139639277
0.5,0.7,0.4,0.4,0.24019097,49925,0.05525320701236323
0.2,0.7,0.3,0.3,0.24019244,49925,0.05485687538342732
0.9,0.3,0.3,0.4,0.2401965,49925,0.054535756260227566
0.8,0.1,0.3,0.2,0.24019673,49925,0.05574708688536729
0.4,0.5,0.3,0.2,0.24019676,49925,0.055193753438480264
0.9,0.2,0.4,0.1,0.24019712,49925,0.05567686785499166
0.5,0.8,0.5,0.1,0.24019833,49925,0.05541771882609138
0.5,0.7,0.4,0.3,0.24020308,49925,0.055194304103184294
0.2,0.1,0.1,0.9,0.24020892,49925,0.04910638502081512
0.8,0.9,0.2,0.8,0.24021035,49925,0.05229177647311097
0.9,0.7,0.1,0.8,0.24021143,49925,0.051512068338899916
0.9,0.5,0.1,0.7,0.24021348,49925,0.05180186102058719
0.9,0.7,0.5,0.6,0.24021527,49925,0.055178120090948496
0.6,0.5,0.4,0.1,0.24021627,49925,0.05539311923726924
0.8,0.4,0.4,0.2,0.24021699,49925,0.05538908351771028
0.4,0.2,0.2,0.1,0.24021699,49925,0.05538908351771028
0.7,0.5,0.4,0.4,0.24021836,49925,0.05551451853369351
0.2,0.7,0.1,0.5,0.2402196,49925,0.05176612436420028
0.6,0.7,0.5,0.2,0.24022007,49925,0.05583990702972931
0.5,0.5,0.2,0.4,0.24022019,49925,0.05353401507616741
0.9,0.7,0.6,0.2,0.2402206,49925,0.05577385000201681
0.4,0.7,0.4,0.3,0.2402232,49925,0.05552146363919524
0.6,0.6,0.1,0.6,0.2402236,49925,0.05182336415729894
0.7,0.5,0.3,0.5,0.24022517,49925,0.05439419593034844
0.7,0.5,0.4,0.3,0.2402254,49925,0.05544799803728149
0.6,0.9,0.5,0.4,0.24022648,49925,0.05518428900634014
0.8,0.5,0.2,0.6,0.2402276,49925,0.05307462710427448
0.9,0.6,0.5,0.4,0.24023135,49925,0.05547688113175605
0.4,0.9,0.1,0.7,0.24023265,49925,0.05142932756059852
0.7,0.9,0.5,0.6,0.24023351,49925,0.05500341486237191
0.5,0.3,0.2,0.3,0.2402349,49925,0.05443427717904909
0.9,0.3,0.2,0.5,0.24023706,49925,0.053348634361180126
0.5,0.1,0.2,0.1,0.24023724,49925,0.05555570358395252
0.5,0.7,0.3,0.5,0.24023734,49925,0.05412234445603075
0.8,0.2,0.3,0.3,0.24023807,49925,0.055293951067645696
0.9,0.6,0.3,0.7,0.24024397,49925,0.05376058999807784
0.6,0.8,0.5,0.4,0.24024466,49925,0.05557841333301681
0.5,0.9,0.5,0.4,0.24024488,49925,0.055435387257469264
0.8,0.5,0.3,0.5,0.24024743,49925,0.054157347222706785
0.9,0.3,0.4,0.2,0.24025117,49925,0.05546918998091538
0.3,0.8,0.4,0.3,0.240252,49925,0.05534559116621442
0.7,0.5,0.4,0.2,0.24025606,49925,0.05527517085976904
0.6,0.9,0.6,0.2,0.24025638,49925,0.05593524880548833
0.4,0.8,0.4,0.4,0.24025887,49925,0.05509121530143571
0.1,0.2,0.1,0.1,0.24025887,49925,0.05509121530143571
0.2,0.4,0.2,0.2,0.24025887,49925,0.05509121530143571
0.3,0.6,0.3,0.3,0.24025887,49925,0.05509121530143571
0.8,0.6,0.5,0.2,0.24025995,49925,0.05556805649827803
0.8,0.9,0.6,0.3,0.24026135,49925,0.05543656080274648
0.7,0.7,0.2,0.6,0.24026361,49925,0.05263972340292439
0.2,0.6,0.1,0.4,0.24026376,49925,0.05198132295192603
0.8,0.6,0.3,0.6,0.24026577,49925,0.05387107975570431
0.9,0.1,0.3,0.3,0.2402666,49925,0.05537211461605768
0.5,0.5,0.1,0.5,0.24026877,49925,0.052110460112240596
0.8,0.9,0.6,0.5,0.24026886,49925,0.055609044014723975
0.9,0.9,0.5,0.7,0.24026962,49925,0.054632243703036217
0.3,0.4,0.1,0.3,0.24027167,49925,0.052497023741819124
0.6,0.8,0.2,0.6,0.24027167,49925,0.052497023741819124
0.7,0.4,0.4,0.1,0.24027225,49925,0.055527565184781594
0.9,0.9,0.1,0.1,0.24027255,49925,0.04404617556757247
0.9,0.4,0.4,0.3,0.24027567,49925,0.05516600940924023
0.5,0.4,0.3,0.2,0.24027777,49925,0.05535232006202143
0.6,0.3,0.3,0.2,0.24027841,49925,0.055528189325396604
0.8,0.3,0.4,0.1,0.24027897,49925,0.05561867038614817
0.6,0.9,0.5,0.5,0.24027927,49925,0.055224837482229006
0.7,0.8,0.3,0.6,0.24028033,49925,0.05346136209408129
0.6,0.7,0.1,0.7,0.24028222,49925,0.05174293449377386
0.8,0.6,0.5,0.1,0.24028227,49925,0.05516004498209401
0.5,0.4,0.3,0.3,0.24028276,49925,0.055461177527222426
0.4,0.7,0.1,0.6,0.24028322,49925,0.05175848624240602
0.9,0.4,0.2,0.6,0.24028368,49925,0.05319208956661743
0.8,0.7,0.5,0.3,0.24028394,49925,0.05527530553419692
0.6,0.7,0.5,0.1,0.24028635,49925,0.055547450212339956
0.1,0.2,0.1,0.7,0.24028763,49925,0.050111189802702884
0.5,0.7,0.2,0.5,0.24028847,49925,0.052869572720644964
0.6,0.1,0.2,0.2,0.24028935,49925,0.05511815431582603
0.5,0.9,0.3,0.6,0.2402919,49925,0.05352867652195832
0.3,0.9,0.2,0.6,0.24029234,49925,0.052677585152607585
0.2,0.3,0.6,0.8,0.2402924,49925,0.05485096179989956
0.9,0.5,0.5,0.2,0.24029447,49925,0.0556636999309508
0.6,0.6,0.4,0.4,0.24029773,49925,0.0553892416100929
0.3,0.3,0.2,0.2,0.24029773,49925,0.0553892416100929
0.9,0.9,0.6,0.6,0.24029773,49925,0.05538924161009289
0.9,0.8,0.4,0.7,0.24030118,49925,0.054106798622811494
0.3,0.8,0.1,0.6,0.24030153,49925,0.051570775463450895
0.7,0.8,0.2,0.7,0.2403027,49925,0.05250709441768354
0.5,0.9,0.1,0.8,0.24030341,49925,0.05148430364367421
0.8,0.9,0.1,0.9,0.2403055,49925,0.05140333094831097
0.4,0.2,0.2,0.2,0.24030921,49925,0.055617102232473264
0.6,0.3,0.3,0.3,0.24030921,49925,0.055617102232473264
0.8,0.4,0.4,0.4,0.24030921,49925,0.055617102232473264
0.2,0.1,0.1,0.1,0.24030921,49925,0.055617102232473264
0.4,0.9,0.2,0.6,0.24031392,49925,0.05252582711927368
0.7,0.1,0.2,0.3,0.24031503,49925,0.054717199920586344
0.7,0.8,0.6,0.2,0.24031626,49925,0.05604779087939797
0.8,0.4,0.1,0.6,0.24031715,49925,0.05205988533186061
0.8,0.7,0.4,0.6,0.24031846,49925,0.05454718135438767
0.1,0.5,0.2,0.2,0.24031872,49925,0.05471824886823771
0.4,0.9,0.5,0.3,0.24032354,49925,0.055671810663441935
0.4,0.1,0.4,0.9,0.24032456,49925,0.053947277915979835
0.6,0.4,0.2,0.4,0.24032658,49925,0.05369107570547483
0.3,0.2,0.1,0.2,0.24032658,49925,0.05369107570547483
0.9,0.6,0.3,0.6,0.24032658,49925,0.053691075705474836
0.9,0.8,0.3,0.7,0.2403284,49925,0.0532232816529563
0.9,0.6,0.4,0.6,0.2403301,49925,0.05463473186265491
0.9,0.8,0.1,0.9,0.24033013,49925,0.051495077687029996
0.4,0.8,0.3,0.5,0.24033287,49925,0.05399820855507533
0.2,0.6,0.3,0.2,0.24033466,49925,0.05543243358191565
0.8,0.3,0.3,0.4,0.2403364,49925,0.05487339596951997
0.1,0.8,0.1,0.5,0.24033706,49925,0.051471714045059326
0.6,0.2,0.2,0.3,0.24033843,49925,0.054579365093283545
0.5,0.6,0.1,0.6,0.24034056,49925,0.05196661459035559
0.9,0.3,0.1,0.6,0.2403425,49925,0.05216264038508019
0.9,0.1,0.1,0.5,0.24034323,49925,0.052600897181360365
0.7,0.6,0.2,0.6,0.24034375,49925,0.05295109761768346
0.7,0.6,0.5,0.2,0.24034522,49925,0.05595464634571601
0.7,0.1,0.3,0.1,0.24034524,49925,0.05610809530692282
0.6,0.5,0.4,0.2,0.24034558,49925,0.055719912656456864
0.7,0.3,0.2,0.4,0.24034716,49925,0.05381142955556006
0.1,0.5,0.5,0.9,0.24034776,49925,0.054019696627008784
0.8,0.7,0.5,0.5,0.240348,49925,0.05542385591141024
0.2,0.8,0.2,0.5,0.24035005,49925,0.05301223556380624
0.4,0.1,0.5,0.9,0.24035233,49925,0.054419656731378024
0.9,0.9,0.3,0.8,0.24035308,49925,0.053075707819935265
0.5,0.9,0.6,0.2,0.24035433,49925,0.05626025612759275
0.2,0.3,0.9,0.8,0.24035646,49925,0.055312181993823845
0.1,0.8,0.3,0.3,0.24035744,49925,0.05459063425090756
0.9,0.9,0.2,0.9,0.24035898,49925,0.052289913934080945
0.9,0.6,0.5,0.3,0.24035923,49925,0.05538719421117094
0.1,0.1,0.7,0.4,0.24036175,49925,0.05397437533951835
0.1,0.9,0.4,0.1,0.24036336,49925,0.05515133504292839
0.3,0.1,0.5,0.7,0.24036343,49925,0.054944439160925056
0.5,0.3,0.3,0.1,0.24036455,49925,0.05585778514789124
0.1,0.5,0.4,0.9,0.24036472,49925,0.05353264080444823
0.7,0.7,0.5,0.4,0.24036556,49925,0.05569915185522289
0.7,0.5,0.1,0.6,0.24036588,49925,0.0519596532592663
0.7,0.8,0.1,0.8,0.24036668,49925,0.05155518761977184
0.2,0.2,0.2,0.8,0.24036713,49925,0.05198323114869688
0.1,0.1,0.1,0.4,0.24036713,49925,0.05198323114869688
0.8,0.5,0.4,0.5,0.24037166,49925,0.05520218064927071
0.1,0.4,0.2,0.1,0.24037197,49925,0.055601064404891556
0.2,0.8,0.4,0.2,0.24037197,49925,0.055601064404891556
0.5,0.9,0.5,0.5,0.24037284,49925,0.0554303683256067
0.8,0.9,0.7,0.2,0.24037437,49925,0.05619811324142291
0.8,0.8,0.5,0.6,0.24037491,49925,0.05508830777231128
0.4,0.9,0.4,0.5,0.2403754,49925,0.054711850319381014
0.1,0.3,0.5,0.6,0.24038011,49925,0.05503258117173882
0.7,0.9,0.3,0.7,0.24038196,49925,0.05328337783118217
0.8,0.7,0.2,0.7,0.2403842,49925,0.052637066358283746
0.2,0.8,0.3,0.4,0.24038428,49925,0.05435952175230169
0.9,0.4,0.4,0.5,0.24038655,49925,0.055315925087800207
0.3,0.5,0.1,0.4,0.24038944,49925,0.05226640490818716
0.1,0.3,0.2,0.7,0.24039036,49925,0.052297015953266
0.6,0.7,0.4,0.5,0.2403907,49925,0.054971090045612306
0.1,0.5,0.3,0.9,0.24039128,49925,0.05287408410170437
0.7,0.9,0.2,0.8,0.24039134,49925,0.05238841553782865
0.5,0.7,0.5,0.1,0.24039379,49925,0.05604037255588186
0.8,0.9,0.4,0.7,0.24039496,49925,0.054020913240844175
0.6,0.8,0.5,0.3,0.24039508,49925,0.05549928967666252
0.3,0.2,0.8,0.8,0.24039559,49925,0.05554228891398782
0.1,0.3,0.3,0.6,0.24039736,49925,0.0539566373181878
0.8,0.6,0.5,0.4,0.24039912,49925,0.05578114866154166
0.1,0.3,0.6,0.6,0.24039957,49925,0.05526417855157824
0.6,0.4,0.3,0.4,0.2404021,49925,0.055069569989091745
0.3,0.6,0.4,0.1,0.24040335,49925,0.05637290670343797
0.6,0.4,0.4,0.1,0.24040413,49925,0.0561318425708992
0.9,0.7,0.3,0.7,0.24040444,49925,0.053477405517466436
0.7,0.6,0.4,0.5,0.24040487,49925,0.055083207298828284
0.3,0.5,0.3,0.2,0.2404073,49925,0.05568662118238377
0.7,0.8,0.4,0.6,0.24040818,49925,0.054431188942219454
0.2,0.1,0.6,0.5,0.24040848,49925,0.05552610279406848
0.5,0.6,0.4,0.2,0.24040894,49925,0.05558656458371452
0.1,0.7,0.2,0.4,0.24040928,49925,0.05351267990339712
0.7,0.6,0.5,0.1,0.24041036,49925,0.055661965270185694
0.9,0.4,0.3,0.5,0.24041075,49925,0.05425671922409947
0.7,0.4,0.4,0.2,0.24041307,49925,0.055869911363415646
0.9,0.6,0.2,0.7,0.24041703,49925,0.05274387170166582
0.8,0.4,0.4,0.3,0.240419,49925,0.05557181426587135
0.6,0.4,0.1,0.5,0.24041903,49925,0.05227979664680445
0.9,0.8,0.7,0.2,0.24042161,49925,0.05627216310931769
0.9,0.1,0.2,0.4,0.2404217,49925,0.054018499335786695
0.3,0.9,0.3,0.5,0.24042185,49925,0.05380451925524434
0.3,0.7,0.4,0.6,0.24042216,49925,0.05529360112436939
0.1,0.9,0.3,0.4,0.24042474,49925,0.05410402842483789
0.7,0.7,0.5,0.3,0.24042533,49925,0.055624688010761265
0.9,0.5,0.5,0.1,0.24042772,49925,0.05523364869271917
0.9,0.3,0.4,0.3,0.2404285,49925,0.05567734248268887
0.4,0.5,0.1,0.5,0.24042884,49925,0.05225920160261838
0.8,0.9,0.2,0.9,0.24042921,49925,0.052365419561106775
0.8,0.7,0.1,0.8,0.24043177,49925,0.0516813417230802
0.7,0.2,0.3,0.2,0.24043335,49925,0.055667799724899825
0.3,0.9,0.5,0.2,0.24043751,49925,0.055909226470471154
0.4,0.1,0.1,0.2,0.2404379,49925,0.05389633595053087
0.8,0.2,0.2,0.4,0.2404379,49925,0.05389633595053087
0.7,0.9,0.1,0.9,0.24043857,49925,0.05149819886994326
0.2,0.7,0.4,0.1,0.24043949,49925,0.05612408345982521
0.4,0.8,0.5,0.1,0.24044563,49925,0.05587288030525701
0.3,0.1,0.9,0.7,0.24044627,49925,0.05540237735309379
0.6,0.7,0.2,0.6,0.240452,49925,0.05281598655849471
0.8,0.7,0.6,0.2,0.24045256,49925,0.05612481018406376
0.7,0.5,0.2,0.6,0.2404549,49925,0.05326398586617114
0.1,0.3,0.4,0.6,0.24045521,49925,0.054571897665975505
0.5,0.5,0.3,0.4,0.24045566,49925,0.054909703287253545
0.6,0.9,0.2,0.7,0.24045749,49925,0.05236173344501016
0.3,0.7,0.4,0.2,0.24045774,49925,0.05584798764503643
0.6,0.6,0.3,0.5,0.240459,49925,0.054258776439073106
0.7,0.6,0.1,0.7,0.24046311,49925,0.0518835105437239
0.4,0.7,0.5,0.1,0.24046315,49925,0.056530377857833
0.4,0.8,0.1,0.7,0.24046727,49925,0.05164203083193493
0.7,0.9,0.6,0.3,0.24046823,49925,0.05573249502040274
0.8,0.6,0.2,0.7,0.24046919,49925,0.05290868748452491
0.6,0.8,0.2,0.7,0.24047062,49925,0.05261662641022483
0.2,0.3,0.4,0.8,0.2404716,49925,0.05405726312736384
0.3,0.8,0.5,0.1,0.24047194,49925,0.05632795105462064
0.8,0.8,0.4,0.7,0.24047503,49925,0.05426278278244363
0.2,0.7,0.2,0.4,0.24047533,49925,0.05338401295767259
0.3,0.2,0.3,0.9,0.24047582,49925,0.05307786644973821
0.8,0.6,0.5,0.3,0.2404771,49925,0.05572250115928438
0.7,0.7,0.3,0.6,0.24047726,49925,0.053779788760478356
0.4,0.8,0.5,0.2,0.24048103,49925,0.05607976763908724
0.6,0.5,0.4,0.3,0.24048138,49925,0.05581871890698174
0.7,0.1,0.1,0.4,0.24048337,49925,0.05301963022937097
0.3,0.6,0.2,0.4,0.24048376,49925,0.05363041321375597
0.9,0.2,0.3,0.4,0.24048388,49925,0.054960225735162786
0.8,0.4,0.3,0.5,0.24048515,49925,0.054505305054535755
0.6,0.8,0.5,0.5,0.2404879,49925,0.05555134636820813
0.8,0.9,0.6,0.4,0.24048896,49925,0.055529315164374676
0.9,0.8,0.5,0.7,0.24048954,49925,0.0548803350404689
0.9,0.9,0.7,0.3,0.2404908,49925,0.05600328645168333
0.7,0.8,0.2,0.8,0.24049109,49925,0.05259688965992206
0.3,0.6,0.1,0.5,0.24049197,49925,0.05204411149586313
0.1,0.2,0.7,0.5,0.24049269,49925,0.054989873939558793
0.6,0.8,0.6,0.2,0.24049304,49925,0.05640682321071544
0.3,0.4,0.3,0.1,0.24049304,49925,0.05640682321071544
0.8,0.5,0.5,0.2,0.24049318,49925,0.05605460318063723
0.8,0.2,0.1,0.5,0.24049567,49925,0.05250409585540142
0.5,0.4,0.2,0.4,0.24049936,49925,0.05398279021966068
0.4,0.4,0.1,0.4,0.24049972,49925,0.052519657693296945
0.8,0.8,0.2,0.8,0.24049972,49925,0.052519657693296945
0.9,0.6,0.6,0.2,0.24050154,49925,0.05621421812614367
0.3,0.1,0.2,0.9,0.24050556,49925,0.051628069458556844
0.6,0.5,0.2,0.5,0.24050827,49925,0.0533851854619598
0.2,0.3,0.5,0.8,0.24050869,49925,0.054517408625848134
0.7,0.3,0.3,0.4,0.24050887,49925,0.055233588836638495
0.2,0.1,0.4,0.5,0.24051021,49925,0.055194926839306664
0.9,0.2,0.2,0.5,0.24051306,49925,0.05373568606298943
0.8,0.9,0.3,0.8,0.24051467,49925,0.05319883957893944
0.5,0.6,0.4,0.3,0.24051608,49925,0.05569230122307695
0.1,0.9,0.4,0.2,0.24051966,49925,0.05533362386812159
0.9,0.7,0.4,0.7,0.24052006,49925,0.054365465307229216
0.1,0.1,0.8,0.4,0.24052174,49925,0.0536327181748354
0.8,0.8,0.3,0.7,0.24052289,49925,0.05338583261285558
0.5,0.8,0.5,0.3,0.24052489,49925,0.05582425643710599
0.5,0.6,0.2,0.5,0.24052651,49925,0.053253565421887056
0.1,0.6,0.1,0.4,0.24052693,49925,0.05209521396507976
0.7,0.9,0.6,0.4,0.24052846,49925,0.05579786492142095
0.4,0.6,0.1,0.6,0.24052949,49925,0.05203902410379356
0.7,0.4,0.2,0.5,0.24053052,49925,0.05354000351349566
0.8,0.9,0.6,0.6,0.24053487,49925,0.05557189585370165
0.6,0.8,0.1,0.8,0.24053538,49925,0.05163027921758798
0.3,0.7,0.2,0.5,0.24053562,49925,0.05324791695152869
0.8,0.7,0.3,0.7,0.2405358,49925,0.053661342587189007
0.4,0.5,0.2,0.4,0.24053742,49925,0.05380789572847322
0.9,0.6,0.1,0.8,0.24053827,49925,0.05175274109667832
0.4,0.6,0.3,0.4,0.24054012,49925,0.05477468428492802
0.6,0.6,0.1,0.7,0.24054109,49925,0.051973092200483156
0.4,0.9,0.3,0.6,0.24054368,49925,0.05369773793722675
0.9,0.8,0.6,0.4,0.24054539,49925,0.05561584438168801
0.9,0.7,0.3,0.8,0.24054617,49925,0.05353931860081755
0.1,0.4,0.2,0.9,0.24054666,49925,0.05157587431464015
0.6,0.8,0.3,0.6,0.24054717,49925,0.05366519287105729
0.6,0.2,0.3,0.1,0.24054763,49925,0.05600196795629818
0.4,0.7,0.2,0.5,0.240549,49925,0.05308162870636043
0.3,0.7,0.3,0.4,0.24054995,49925,0.05458362024889376
0.1,0.6,0.2,0.3,0.24055074,49925,0.0540406461080966
0.9,0.8,0.6,0.6,0.24055137,49925,0.05567225871718628
0.6,0.5,0.1,0.6,0.24055173,49925,0.05213119514850453
0.7,0.9,0.7,0.2,0.24055304,49925,0.05651575898654233
0.5,0.7,0.1,0.7,0.24055418,49925,0.05182047107541661
0.1,0.4,0.4,0.7,0.24055703,49925,0.05434148052820189
0.9,0.7,0.6,0.3,0.24055803,49925,0.055929184599436015
0.5,0.9,0.4,0.6,0.24055827,49925,0.05450537981881449
0.4,0.7,0.4,0.4,0.24056183,49925,0.05551107709966028
0.3,0.7,0.1,0.6,0.2405637,49925,0.051856911739099155
0.8,0.8,0.3,0.8,0.2405643,49925,0.053424668874066175
0.8,0.3,0.4,0.2,0.24056582,49925,0.05595026188956007
0.8,0.2,0.4,0.1,0.24056606,49925,0.056342136275778276
0.6,0.4,0.2,0.5,0.24056715,49925,0.05376680763179715
0.9,0.7,0.6,0.5,0.24056792,49925,0.056013467470994165
0.8,0.8,0.6,0.3,0.24056813,49925,0.05585461942004953
0.2,0.4,0.9,0.9,0.24056876,49925,0.0553976037525346
0.5,0.7,0.5,0.2,0.24057011,49925,0.05625265856011533
0.2,0.3,0.7,0.8,0.24057151,49925,0.055095759507437246
0.4,0.6,0.4,0.2,0.24057303,49925,0.05602898122339328
0.2,0.3,0.2,0.1,0.24057303,49925,0.05602898122339328
0.6,0.9,0.6,0.3,0.24057303,49925,0.056028981223393275
0.5,0.8,0.2,0.6,0.24057361,49925,0.05269134422439831
0.9,0.5,0.4,0.6,0.24057388,49925,0.05494701992498438
0.2,0.8,0.1,0.6,0.24057433,49925,0.051587628117845064
0.8,0.5,0.1,0.7,0.24057874,49925,0.051986427156373353
0.8,0.9,0.5,0.7,0.24057919,49925,0.054798384743899246
0.8,0.9,0.6,0.1,0.24058025,49925,0.05475335287068138
0.9,0.5,0.5,0.3,0.24058053,49925,0.05583222095579324
0.8,0.1,0.3,0.3,0.24058087,49925,0.055851159248931324
0.5,0.5,0.1,0.6,0.2405832,49925,0.05224005365182311
0.9,0.5,0.2,0.7,0.24058804,49925,0.05301201704506302
0.8,0.3,0.2,0.5,0.24058865,49925,0.053647709322450846
0.2,0.5,0.3,0.1,0.24058887,49925,0.05610317516824208
0.8,0.9,0.7,0.3,0.24058968,49925,0.05627874279312768
0.9,0.1,0.4,0.1,0.24059108,49925,0.056405612015232726
0.2,0.1,0.3,0.5,0.24059266,49925,0.05469633721499844
0.6,0.9,0.1,0.9,0.2405929,49925,0.051541857544319315
0.9,0.5,0.3,0.6,0.24059486,49925,0.053996830274557685
0.7,0.3,0.1,0.5,0.24059555,49925,0.05240315068965321
0.1,0.9,0.2,0.6,0.24059576,49925,0.05276791973450392
0.9,0.2,0.1,0.6,0.24059664,49925,0.052452571216877554
0.3,0.1,0.4,0.7,0.24059723,49925,0.054518829449671125
0.3,0.9,0.1,0.7,0.24059749,49925,0.051428129857804046
0.1,0.4,0.5,0.7,0.24059814,49925,0.054826457479633335
0.5,0.8,0.5,0.4,0.24059834,49925,0.05582475110281608
0.7,0.7,0.5,0.5,0.24060111,49925,0.055678150995867336
0.2,0.4,0.4,0.9,0.24060133,49925,0.053858709601741585
0.6,0.7,0.5,0.3,0.24060194,49925,0.05594266595035581
0.8,0.6,0.3,0.7,0.2406021,49925,0.05390555012971332
0.7,0.4,0.1,0.6,0.24060228,49925,0.0522603291994673
0.8,0.6,0.4,0.6,0.24060242,49925,0.0548542625204551
0.4,0.3,0.2,0.3,0.24060242,49925,0.0548542625204551
0.2,0.4,0.7,0.9,0.24060482,49925,0.055044388906952714
0.8,0.2,0.3,0.4,0.24060489,49925,0.05533494377569547
0.3,0.8,0.4,0.4,0.24060626,49925,0.05531379952382535
0.9,0.4,0.5,0.2,0.24060734,49925,0.05616639518538134
0.5,0.3,0.1,0.4,0.24060816,49925,0.0527273778666977
0.4,0.1,0.8,0.8,0.24060859,49925,0.055796332629904945
0.7,0.7,0.2,0.7,0.24060863,49925,0.05277145235209546
0.9,0.8,0.3,0.8,0.24061224,49925,0.0532838400655503
0.7,0.6,0.5,0.3,0.24061403,49925,0.056067951051300004
0.6,0.9,0.3,0.7,0.2406143,49925,0.05343844111926798
0.9,0.9,0.6,0.7,0.24061583,49925,0.05536229006750153
0.5,0.6,0.3,0.5,0.2406184,49925,0.0545030322803375
0.2,0.4,0.1,0.3,0.24061841,49925,0.05284254481086159
0.4,0.8,0.2,0.6,0.24061841,49925,0.05284254481086159
0.3,0.2,0.9,0.8,0.24062099,49925,0.05560552099303966
0.5,0.8,0.1,0.8,0.24062237,49925,0.05169856568864127
0.6,0.3,0.2,0.4,0.24062285,49925,0.05415354062994289
0.9,0.9,0.4,0.8,0.24062327,49925,0.0538977858636707
0.1,0.3,0.2,0.6,0.24062394,49925,0.05302877445062054
0.5,0.7,0.2,0.6,0.24062406,49925,0.05299304440401904
0.7,0.9,0.4,0.7,0.24062496,49925,0.0541800985016462
0.8,0.7,0.5,0.6,0.2406258,49925,0.05541014661078775
0.4,0.9,0.5,0.4,0.24062632,49925,0.05567099778984999
0.6,0.7,0.1,0.8,0.24062659,49925,0.051823719146872414
0.9,0.3,0.3,0.5,0.24062826,49925,0.0546226532695434
0.7,0.2,0.3,0.3,0.24062939,49925,0.05573451869436275
0.8,0.5,0.5,0.1,0.24062975,49925,0.055746749662183105
0.2,0.5,0.2,0.3,0.24063541,49925,0.05437077796817424
0.8,0.8,0.6,0.5,0.24063662,49925,0.05592621977771832
0.6,0.6,0.5,0.2,0.2406391,49925,0.05639174514965332
0.1,0.4,0.2,0.3,0.24063969,49925,0.05508156993309318
0.2,0.8,0.4,0.6,0.24063969,49925,0.05508156993309318
0.5,0.1,0.1,0.3,0.24064006,49925,0.05359200216958609
0.6,0.6,0.5,0.1,0.24064092,49925,0.05617646509765341
0.9,0.7,0.6,0.4,0.24064095,49925,0.055987701687451354
0.5,0.9,0.2,0.7,0.24064176,49925,0.05252440864744734
0.4,0.8,0.3,0.6,0.24064232,49925,0.05398592731261235
0.2,0.7,0.3,0.5,0.24064252,49925,0.05462041720444364
0.6,0.4,0.4,0.2,0.24064408,49925,0.05634141648078156
0.3,0.2,0.2,0.1,0.24064408,49925,0.05634141648078156
0.9,0.6,0.6,0.3,0.24064408,49925,0.05634141648078155
0.2,0.3,0.3,0.8,0.24064575,49925,0.053411883523455335
0.6,0.5,0.3,0.5,0.24064745,49925,0.05465199501046092
0.6,0.9,0.2,0.8,0.24064797,49925,0.052488533540521756
0.7,0.7,0.6,0.2,0.24065033,49925,0.05652055976201858
0.8,0.5,0.5,0.3,0.24065082,49925,0.056172643914481346
0.3,0.8,0.2,0.6,0.24065089,49925,0.052954323753904235
0.7,0.8,0.4,0.7,0.24065243,49925,0.05444384162219344
0.7,0.3,0.4,0.1,0.24065267,49925,0.05624716441188079
0.3,0.2,0.6,0.8,0.24065408,49925,0.055163435689656884
0.8,0.8,0.1,0.9,0.24065512,49925,0.0516208561639491
0.1,0.8,0.2,0.5,0.24065918,49925,0.053117229419587096
0.3,0.9,0.5,0.7,0.2406602,49925,0.055358408809030334
0.6,0.8,0.4,0.6,0.24066105,49925,0.05462568437720148
0.3,0.4,0.2,0.3,0.24066105,49925,0.05462568437720148
0.2,0.8,0.3,0.5,0.24066123,49925,0.0542968337083597
0.9,0.9,0.6,0.1,0.24066207,49925,0.05432439606900132
0.7,0.9,0.2,0.9,0.24066317,49925,0.05246248644122001
0.1,0.8,0.3,0.4,0.24066482,49925,0.05452626726372816
0.3,0.7,0.4,0.5,0.24066494,49925,0.05550517961496901
0.1,0.9,0.3,0.5,0.24066758,49925,0.054048124264033374
0.1,0.6,0.3,0.1,0.24067068,49925,0.055766731826590595
0.2,0.9,0.2,0.6,0.2406724,49925,0.05274312119273807
0.1,0.6,0.3,0.9,0.2406731,49925,0.05313766627401829
0.3,0.5,0.2,0.4,0.24067356,49925,0.054076794282830465
0.7,0.4,0.4,0.3,0.24067649,49925,0.05595212340690823
0.4,0.7,0.3,0.5,0.240679,49925,0.054343470802155035
0.9,0.5,0.5,0.4,0.24068034,49925,0.055881936918594784
0.7,0.9,0.6,0.1,0.24068083,49925,0.055191153690603276
0.9,0.5,0.3,0.7,0.24068105,49925,0.0540373675475475
0.7,0.8,0.3,0.7,0.24068232,49925,0.053541429698104104
0.8,0.8,0.2,0.9,0.24068484,49925,0.052586612929822835
0.9,0.7,0.7,0.2,0.24068592,49925,0.056696157643400656
0.8,0.7,0.6,0.3,0.2406861,49925,0.056258027059253556
0.1,0.5,0.3,0.8,0.24068652,49925,0.05339144524916686
0.7,0.2,0.2,0.4,0.24068807,49925,0.05427768753175409
0.2,0.4,0.5,0.9,0.24068886,49925,0.0543597552190045
0.9,0.4,0.5,0.1,0.24068895,49925,0.055843207839772244
0.9,0.7,0.2,0.8,0.2406895,49925,0.05263581688203139
0.9,0.9,0.7,0.4,0.24069336,49925,0.05607481838611877
0.5,0.1,0.2,0.2,0.24069428,49925,0.055792554402342064
0.7,0.8,0.6,0.3,0.24069627,49925,0.05613591346025186
0.1,0.9,0.1,0.6,0.24069858,49925,0.051316600746032774
0.7,0.9,0.6,0.5,0.24069901,49925,0.055810007484144615
0.3,0.4,0.1,0.4,0.24069928,49925,0.05273748287443239
0.6,0.8,0.2,0.8,0.24069928,49925,0.05273748287443239
0.5,0.5,0.2,0.5,0.24070014,49925,0.0536136416490703
0.5,0.5,0.4,0.2,0.24070191,49925,0.056209696261799245
0.9,0.9,0.5,0.8,0.24070269,49925,0.0546340444246132
0.2,0.9,0.5,0.1,0.24070323,49925,0.0561183624553351
0.4,0.9,0.5,0.7,0.24070507,49925,0.05531578297769044
0.5,0.2,0.2,0.3,0.24070732,49925,0.05505230316947275
0.6,0.7,0.5,0.5,0.24070883,49925,0.05588786967870663
0.1,0.7,0.3,0.3,0.24070942,49925,0.055091534948558916
0.6,0.9,0.5,0.6,0.24071063,49925,0.05520118594056572
0.5,0.8,0.3,0.6,0.24071127,49925,0.053854558396112084
0.4,0.6,0.4,0.3,0.24071534,49925,0.05602192080805123
0.7,0.7,0.3,0.7,0.24071798,49925,0.05379393491579877
0.7,0.6,0.3,0.6,0.2407183,49925,0.05407581775612844
0.2,0.4,0.6,0.9,0.240719,49925,0.05470917315879757
0.3,0.3,0.1,0.3,0.2407205,49925,0.05311846632321902
0.6,0.6,0.2,0.6,0.2407205,49925,0.05311846632321902
0.9,0.9,0.3,0.9,0.2407205,49925,0.05311846632321902
0.8,0.1,0.1,0.5,0.24072261,49925,0.05287289661033788
0.7,0.9,0.3,0.9,0.2407228,49925,0.05335046270343953
0.2,0.5,0.3,0.4,0.24072285,49925,0.05554212397359376
0.9,0.6,0.3,0.8,0.24072348,49925,0.053770814481563164
0.7,0.7,0.4,0.6,0.24072848,49925,0.054724615733316044
0.4,0.9,0.6,0.1,0.24073116,49925,0.05645963884020284
0.2,0.1,0.1,0.8,0.24073204,49925,0.049834935410932056
0.3,0.8,0.3,0.5,0.24073222,49925,0.0541753480384235
0.3,0.8,0.4,0.6,0.24073315,49925,0.05504286426308074
0.5,0.9,0.4,0.7,0.24073333,49925,0.054455441815649736
0.6,0.7,0.3,0.6,0.24073397,49925,0.053965601562010815
0.9,0.9,0.4,0.9,0.24073455,49925,0.053903428895042835
0.3,0.1,0.3,0.7,0.2407356,49925,0.05391524175350573
0.9,0.8,0.6,0.1,0.2407368,49925,0.05483927302390425
0.9,0.8,0.2,0.9,0.24073684,49925,0.05249831834021506
0.7,0.1,0.3,0.2,0.2407372,49925,0.0563429013518406
0.6,0.6,0.5,0.3,0.24074186,49925,0.05642959018356516
0.9,0.3,0.4,0.4,0.24074242,49925,0.0557076672482209
0.9,0.6,0.2,0.8,0.24074268,49925,0.052848226337432566
0.9,0.8,0.4,0.8,0.24074289,49925,0.054137339992649046
0.6,0.9,0.4,0.7,0.2407439,49925,0.054332393114976826
0.2,0.9,0.3,0.5,0.24074414,49925,0.05396991438343468
0.1,0.4,0.2,0.8,0.2407459,49925,0.05213922174960637
0.7,0.4,0.3,0.5,0.24074613,49925,0.05478260283546616
0.7,0.5,0.5,0.1,0.24074735,49925,0.05626962049016961
0.4,0.4,0.3,0.2,0.24074863,49925,0.05590387791353608
0.8,0.8,0.6,0.4,0.24074863,49925,0.05590387791353608
0.7,0.8,0.6,0.4,0.24074945,49925,0.056153633543440655
0.3,0.7,0.3,0.5,0.2407499,49925,0.05451740866458356
0.9,0.4,0.3,0.6,0.24075077,49925,0.05431204847313811
0.6,0.2,0.1,0.4,0.24075258,49925,0.05288659819358357
0.1,0.6,0.2,0.4,0.240753,49925,0.05389353198584025
0.4,0.8,0.4,0.5,0.2407531,49925,0.05506345449763836
0.9,0.8,0.7,0.4,0.24075341,49925,0.056402906337249814
0.7,0.6,0.5,0.4,0.24075419,49925,0.05608544773363974
0.6,0.5,0.4,0.4,0.24075428,49925,0.0558093552379321
0.9,0.9,0.7,0.5,0.24075496,49925,0.05608682232621391
0.1,0.3,0.1,0.2,0.24075589,49925,0.05378957330367427
0.3,0.9,0.3,0.6,0.24075589,49925,0.05378957330367426
0.2,0.6,0.2,0.4,0.24075589,49925,0.05378957330367427
0.8,0.7,0.2,0.8,0.24075861,49925,0.052744345054916444
0.3,0.3,0.4,0.9,0.24076046,49925,0.05414684026298491
0.5,0.6,0.4,0.4,0.24076119,49925,0.055670794810744995
0.8,0.7,0.4,0.7,0.24076298,49925,0.05455253254691706
0.8,0.9,0.4,0.8,0.24076663,49925,0.05403208126654921
0.5,0.6,0.1,0.7,0.2407685,49925,0.05203620302142306
0.7,0.3,0.2,0.5,0.24077013,49925,0.05391886197641231
0.8,0.5,0.3,0.6,0.24077144,49925,0.054189011590552436
0.1,0.4,0.3,0.7,0.24077159,49925,0.053680530908672364
0.8,0.6,0.5,0.5,0.24077168,49925,0.05577943029347081
0.2,0.6,0.3,0.3,0.24077374,49925,0.05537929320470878
0.3,0.9,0.4,0.5,0.24077624,49925,0.054883148888316115
0.5,0.3,0.3,0.2,0.24077815,49925,0.05607879410687453
0.6,0.7,0.5,0.4,0.24078132,49925,0.05596813090368374
0.9,0.6,0.5,0.6,0.24078317,49925,0.05551544723664157
0.9,0.6,0.4,0.7,0.24078414,49925,0.05464184635856106
0.8,0.8,0.7,0.2,0.2407848,49925,0.05662188159831907
0.2,0.9,0.4,0.6,0.24078499,49925,0.05483956700395613
0.5,0.7,0.3,0.6,0.24078636,49925,0.054140313160834154
0.7,0.7,0.1,0.8,0.24078673,49925,0.051769327671316125
0.5,0.8,0.2,0.7,0.24078868,49925,0.05277411411972059
0.2,0.8,0.4,0.3,0.24078918,49925,0.05561486993338915
0.1,0.4,0.6,0.7,0.24079001,49925,0.05520475444643698
0.7,0.5,0.1,0.7,0.2407903,49925,0.052131798449217205
0.6,0.4,0.1,0.6,0.24079156,49925,0.05241281525609704
0.8,0.5,0.3,0.7,0.24079217,49925,0.054196864847802874
0.9,0.7,0.4,0.8,0.24079303,49925,0.05437366933159737
0.8,0.4,0.4,0.5,0.24079496,49925,0.05558848988885669
0.9,0.8,0.7,0.3,0.24079514,49925,0.05639213686792934
0.7,0.7,0.2,0.8,0.24079697,49925,0.052835950411437564
0.4,0.9,0.2,0.7,0.24079862,49925,0.0526275057173937
0.3,0.9,0.4,0.7,0.24079862,49925,0.05463066264952965
0.9,0.4,0.5,0.3,0.24079996,49925,0.056277774394794235
0.7,0.9,0.5,0.7,0.24080007,49925,0.05497202380847256
0.1,0.9,0.4,0.6,0.24080037,49925,0.054832901936920836
0.8,0.6,0.1,0.8,0.24080151,49925,0.0518909722654576
0.2,0.9,0.1,0.7,0.24080215,49925,0.0514535452186131
0.8,0.3,0.4,0.3,0.24080308,49925,0.05606791476848386
0.6,0.7,0.2,0.7,0.24080397,49925,0.05291862090246916
0.4,0.9,0.4,0.7,0.24080414,49925,0.054565647929723494
0.4,0.8,0.5,0.7,0.24080491,49925,0.05552327450391934
0.6,0.8,0.1,0.9,0.24080518,49925,0.05170661517092233
0.1,0.9,0.4,0.3,0.2408054,49925,0.055387176687114445
0.5,0.7,0.4,0.5,0.2408073,49925,0.05521104196391648
0.5,0.9,0.3,0.7,0.24080743,49925,0.05356217149240665
0.4,0.7,0.1,0.7,0.2408084,49925,0.05186716218953572
0.2,0.9,0.4,0.4,0.24080852,49925,0.05511447544973239
0.1,0.9,0.3,0.6,0.2408087,49925,0.05391228820034072
0.7,0.5,0.5,0.2,0.24080905,49925,0.05650107754028508
0.1,0.3,0.7,0.6,0.2408095,49925,0.05537206656207038
0.7,0.8,0.1,0.9,0.24080984,49925,0.05166828801324884
0.1,0.5,0.2,0.3,0.24081354,49925,0.05458424390737229
0.6,0.8,0.3,0.7,0.24081376,49925,0.0536862525905907
0.7,0.8,0.2,0.9,0.24081625,49925,0.052673454161673856
0.2,0.8,0.4,0.5,0.24081643,49925,0.05529730314386275
0.9,0.4,0.1,0.7,0.24081719,49925,0.052097050396447644
0.6,0.9,0.6,0.1,0.24081782,49925,0.05561330593508908
0.9,0.2,0.4,0.3,0.24081814,49925,0.05617364162892276
0.9,0.7,0.1,0.9,0.24081907,49925,0.05171511248242502
0.3,0.5,0.3,0.3,0.24082255,49925,0.055636140133774305
0.8,0.2,0.2,0.5,0.24082269,49925,0.054015366807110415
0.8,0.7,0.4,0.8,0.24082279,49925,0.0545257279277068
0.7,0.9,0.6,0.6,0.24082315,49925,0.05574667003709777
0.9,0.7,0.2,0.9,0.24082676,49925,0.05267386550748519
0.8,0.9,0.4,0.9,0.24082696,49925,0.05404714414190116
0.4,0.7,0.2,0.6,0.24082735,49925,0.053156496422597066
0.8,0.8,0.5,0.7,0.24082758,49925,0.05507883507388924
0.2,0.4,0.3,0.9,0.24082784,49925,0.053204930591340474
0.7,0.9,0.4,0.8,0.2408286,49925,0.05416876755518144
0.8,0.8,0.6,0.1,0.24082991,49925,0.05528598947608865
0.7,0.9,0.3,0.8,0.24083069,49925,0.05333097179213386
0.6,0.9,0.2,0.9,0.24083069,49925,0.05254683910349701
0.6,0.8,0.5,0.8,0.24083103,49925,0.05521277892210646
0.8,0.9,0.5,0.8,0.24083105,49925,0.0547814226471434
0.5,0.7,0.5,0.3,0.24083284,49925,0.05626592820350106
0.6,0.7,0.4,0.7,0.24083295,49925,0.05486032659893848
0.8,0.1,0.2,0.4,0.24083324,49925,0.05438594407548258
0.5,0.8,0.4,0.6,0.24083388,49925,0.054808640109983854
0.9,0.2,0.4,0.2,0.24083613,49925,0.05604516714243167
0.5,0.8,0.6,0.2,0.24083664,49925,0.0567619985088197
0.6,0.5,0.1,0.7,0.24083722,49925,0.05219690970756582
0.6,0.9,0.6,0.4,0.24083996,49925,0.056030967677478914
0.7,0.6,0.3,0.7,0.24084015,49925,0.05406539434982337
0.3,0.2,0.3,0.8,0.24084127,49925,0.0537274686748867
0.8,0.4,0.2,0.6,0.24084131,49925,0.053387060087755484
0.4,0.2,0.1,0.3,0.24084131,49925,0.053387060087755484
0.5,0.4,0.1,0.5,0.24084175,49925,0.05246647959330049
0.1,0.8,0.3,0.5,0.24084315,49925,0.05435823780985542
0.9,0.7,0.5,0.7,0.24084318,49925,0.05518132172937331
0.1,0.7,0.1,0.5,0.2408455,49925,0.05179592874589732
0.9,0.9,0.7,0.6,0.24084552,49925,0.056063966090648336
0.2,0.7,0.2,0.5,0.24084708,49925,0.05337459780331625
0.1,0.8,0.4,0.1,0.24084736,49925,0.055856632063814596
0.7,0.6,0.1,0.8,0.2408492,49925,0.05196168364372559
0.3,0.7,0.4,0.3,0.24084951,49925,0.055819395742823893
0.4,0.9,0.5,0.8,0.24085036,49925,0.055144677854758226
0.9,0.8,0.4,0.9,0.24085045,49925,0.054119002409898455
0.4,0.4,0.3,0.3,0.24085139,49925,0.055852427369594185
0.8,0.8,0.6,0.6,0.24085139,49925,0.055852427369594185
0.2,0.3,0.2,0.3,0.24085236,49925,0.05546629267798786
0.6,0.9,0.6,0.9,0.24085236,49925,0.05546629267798786
0.4,0.6,0.4,0.6,0.24085236,49925,0.05546629267798786
0.8,0.5,0.2,0.7,0.24085239,49925,0.053152391104492956
0.8,0.6,0.6,0.3,0.24085304,49925,0.0566751905164069
0.9,0.8,0.3,0.9,0.24085313,49925,0.05332965969063696
0.2,0.8,0.2,0.6,0.24085556,49925,0.05301347219181151
0.1,0.4,0.1,0.3,0.24085556,49925,0.05301347219181151
0.1,0.6,0.5,0.9,0.24085608,49925,0.05436256182848399
0.4,0.9,0.4,0.6,0.24085623,49925,0.05467664009318064
0.2,0.6,0.3,0.4,0.24085653,49925,0.055177217715175315
0.8,0.7,0.1,0.9,0.24085699,49925,0.051796520425761036
0.6,0.8,0.4,0.7,0.24085735,49925,0.054589855512017664
0.2,0.9,0.3,0.6,0.24085785,49925,0.0538638416641186
0.4,0.9,0.1,0.8,0.24085796,49925,0.051526060421660046
0.1,0.6,0.4,0.9,0.24085818,49925,0.05380988551926093
0.3,0.9,0.5,0.3,0.24085876,49925,0.05593880554562058
0.9,0.5,0.5,0.5,0.2408593,49925,0.05586996265328671
0.5,0.4,0.4,0.1,0.24086049,49925,0.05674266818575024
0.9,0.3,0.2,0.6,0.2408617,49925,0.053487519988845426
0.8,0.9,0.7,0.6,0.2408619,49925,0.056210945896371586
0.6,0.6,0.3,0.6,0.240862,49925,0.05427789203362278
0.4,0.4,0.2,0.4,0.240862,49925,0.054277892033622786
0.2,0.2,0.1,0.2,0.240862,49925,0.054277892033622786
0.8,0.8,0.4,0.8,0.240862,49925,0.054277892033622786
0.3,0.9,0.5,0.6,0.24086206,49925,0.05554880450908932
0.5,0.5,0.4,0.3,0.2408629,49925,0.05620717493913634
0.5,0.4,0.2,0.5,0.24086624,49925,0.05398414493115619
0.7,0.6,0.5,0.5,0.24086984,49925,0.05602800249397717
0.4,0.6,0.3,0.5,0.24087162,49925,0.05470723128956419
0.1,0.1,0.9,0.4,0.24087176,49925,0.053273012908435516
0.1,0.4,0.2,0.7,0.24087352,49925,0.05275742891087538
0.2,0.5,0.3,0.3,0.24087422,49925,0.05587508856747576
0.6,0.9,0.3,0.8,0.24087483,49925,0.05345920580076243
0.2,0.2,0.3,0.6,0.24087495,49925,0.054410595317420644
0.9,0.6,0.6,0.4,0.24087515,49925,0.056349868641507456
0.8,0.5,0.5,0.4,0.24087557,49925,0.05617211781234077
0.8,0.7,0.3,0.8,0.24087715,49925,0.05366645593424957
0.5,0.7,0.1,0.8,0.2408778,49925,0.05187713630480685
0.9,0.7,0.6,0.6,0.24087797,49925,0.05595274757557823
0.7,0.3,0.4,0.2,0.24087921,49925,0.05646621183994307
0.6,0.6,0.4,0.5,0.2408794,49925,0.05534199432176742
0.8,0.4,0.5,0.3,0.24087955,49925,0.056652276364274896
0.3,0.1,0.2,0.8,0.24088164,49925,0.05232032245012257
0.2,0.1,0.2,0.5,0.24088205,49925,0.053826457967558444
0.1,0.7,0.2,0.5,0.24088229,49925,0.05339096050822022
0.7,0.4,0.4,0.4,0.24088241,49925,0.05593336771195926
0.4,0.9,0.5,0.6,0.24088372,49925,0.0554704337994821
0.3,0.6,0.4,0.6,0.24088448,49925,0.055516354749424845
0.7,0.8,0.6,0.1,0.2408863,49925,0.05572259753950211
0.5,0.7,0.5,0.4,0.24088675,49925,0.05619798396669583
0.6,0.8,0.6,0.1,0.24088791,49925,0.05617292689029658
0.1,0.8,0.4,0.5,0.24088798,49925,0.055330119301243014
0.7,0.7,0.1,0.9,0.24088813,49925,0.05182530129434481
0.1,0.9,0.4,0.5,0.24088988,49925,0.05505770527925278
0.2,0.4,0.8,0.9,0.24088989,49925,0.05526147066561996
0.3,0.6,0.1,0.6,0.24089098,49925,0.052102340126167955
0.8,0.6,0.3,0.8,0.24089122,49925,0.053914398751240634
0.7,0.9,0.5,0.8,0.24089292,49925,0.054912171631982774
0.9,0.1,0.2,0.5,0.24089326,49925,0.05411552144991943
0.2,0.7,0.3,0.4,0.24089335,49925,0.05479630248139086
0.2,0.5,0.1,0.4,0.24089488,49925,0.0524494501434746
0.7,0.9,0.6,0.9,0.24089706,49925,0.055411657283001424
0.7,0.6,0.4,0.6,0.2408974,49925,0.05507254639793359
0.4,0.8,0.5,0.3,0.24089755,49925,0.05611366470072063
0.7,0.6,0.2,0.7,0.24089852,49925,0.05304041397585293
0.6,0.9,0.6,0.5,0.24089883,49925,0.0560078339924718
0.7,0.7,0.3,0.8,0.24089898,49925,0.053810233453724175
0.5,0.9,0.2,0.8,0.24089941,49925,0.05257354661126079
0.1,0.5,0.6,0.8,0.2408997,49925,0.05500387819909329
0.3,0.2,0.4,0.8,0.24090174,49925,0.05435528209361493
0.3,0.8,0.1,0.7,0.24090211,49925,0.05166178591963213
0.6,0.8,0.2,0.9,0.24090254,49925,0.052735773549875624
0.2,0.4,0.2,0.3,0.24090284,49925,0.05495345306378571
0.4,0.8,0.4,0.6,0.24090284,49925,0.05495345306378571
0.8,0.8,0.3,0.9,0.24090317,49925,0.053457281368190404
0.6,0.3,0.2,0.5,0.24090494,49925,0.054179699246115244
0.5,0.9,0.6,0.1,0.24090546,49925,0.05604968953910427
0.1,0.5,0.1,0.4,0.24090558,49925,0.05246938488825097
0.3,0.9,0.4,0.6,0.24090828,49925,0.05477512598165095
0.5,0.6,0.2,0.6,0.24090853,49925,0.053306414237664884
0.8,0.3,0.1,0.6,0.24091068,49925,0.05237482302440669
0.8,0.8,0.7,0.3,0.24091096,49925,0.05668413859193509
0.8,0.7,0.2,0.9,0.24091303,49925,0.05277914817095091
0.2,0.9,0.4,0.5,0.24091336,49925,0.05500935553776967
0.4,0.7,0.4,0.6,0.24091522,49925,0.05519165324994401
0.6,0.9,0.5,0.8,0.24091661,49925,0.055010679185762405
0.7,0.8,0.5,0.8,0.24091733,49925,0.05513457966459111
0.2,0.2,0.2,0.7,0.24092057,49925,0.05270213401744994
0.8,0.8,0.4,0.9,0.2409216,49925,0.05425295517479684
0.9,0.5,0.3,0.8,0.24092205,49925,0.054029292625506896
0.7,0.2,0.1,0.5,0.24092217,49925,0.0527742378816086
0.6,0.2,0.3,0.3,0.2409224,49925,0.056183884306414314
0.6,0.2,0.3,0.2,0.24092245,49925,0.05623975903638237
0.8,0.9,0.7,0.4,0.24092305,49925,0.056317276380160874
0.5,0.8,0.5,0.5,0.24092352,49925,0.05573952847443221
0.8,0.6,0.2,0.8,0.24092355,49925,0.05296748510549631
0.4,0.3,0.1,0.4,0.24092355,49925,0.05296748510549631
0.4,0.8,0.5,0.6,0.24092409,49925,0.055730956460673775
0.1,0.3,0.1,0.9,0.24092613,49925,0.049763432151894285
0.4,0.6,0.2,0.5,0.24092615,49925,0.053457493158085144
0.3,0.2,0.5,0.8,0.24092644,49925,0.05480108745170149
0.7,0.7,0.6,0.3,0.24092679,49925,0.056559354643198057
0.1,0.9,0.2,0.7,0.24092706,49925,0.05269648624011616
0.3,0.5,0.3,0.5,0.24092714,49925,0.05516964176675739
0.6,0.7,0.1,0.9,0.2409272,49925,0.05189323088084817
0.8,0.6,0.6,0.2,0.2409276,49925,0.05661754521939321
0.4,0.3,0.3,0.1,0.2409276,49925,0.05661754521939321
0.9,0.8,0.5,0.8,0.24092834,49925,0.05489725066160245
0.8,0.9,0.3,0.9,0.24093013,49925,0.05325560999257072
0.3,0.9,0.2,0.7,0.24093044,49925,0.05267329492940973
0.2,0.7,0.4,0.6,0.24093173,49925,0.05528798460969546
0.4,0.5,0.4,0.1,0.24093278,49925,0.0565901277899314
0.6,0.9,0.4,0.8,0.24093342,49925,0.05428012081428941
0.8,0.8,0.5,0.8,0.24093364,49925,0.05503071264922186
0.3,0.6,0.3,0.4,0.24093637,49925,0.055027487686941004
0.3,0.7,0.3,0.6,0.2409369,49925,0.054381703685721754
0.5,0.9,0.5,0.6,0.24093781,49925,0.05535101259361282
0.3,0.8,0.4,0.5,0.24093813,49925,0.05522957420308429
0.6,0.6,0.1,0.8,0.24093877,49925,0.052036649828496324
0.5,0.8,0.3,0.7,0.24093899,49925,0.05381858415549959
0.6,0.9,0.7,0.2,0.24093904,49925,0.056855436678992365
0.9,0.5,0.6,0.2,0.24093951,49925,0.056715151204997705
0.8,0.7,0.6,0.4,0.24094042,49925,0.05627437171084368
0.5,0.8,0.5,0.8,0.24094091,49925,0.055280981195186124
0.5,0.9,0.5,0.8,0.24094145,49925,0.05508979843528692
0.6,0.7,0.3,0.7,0.24094188,49925,0.05396941574910432
0.7,0.8,0.5,0.6,0.24094197,49925,0.05529468685443499
0.4,0.1,0.7,0.8,0.24094279,49925,0.05562962917766096
0.5,0.7,0.2,0.7,0.24094388,49925,0.05304068407129487
0.4,0.7,0.5,0.7,0.24094473,49925,0.05572487306752918
0.1,0.4,0.3,0.6,0.240946,49925,0.054310977496578004
0.7,0.9,0.5,0.9,0.2409475,49925,0.05481698329847406
0.1,0.3,0.8,0.6,0.24094902,49925,0.05538496586509387
0.8,0.8,0.6,0.9,0.2409503,49925,0.055490386123374216
0.1,0.8,0.4,0.6,0.24095094,49925,0.05501141388011135
0.8,0.3,0.3,0.5,0.24095139,49925,0.05489859278805464
0.7,0.5,0.5,0.3,0.240952,49925,0.05654641600932929
0.2,0.5,0.2,0.4,0.2409522,49925,0.054236538332769674
0.6,0.7,0.6,0.2,0.2409524,49925,0.05690254068923919
0.3,0.3,0.7,0.9,0.24095269,49925,0.055294729678013674
0.9,0.5,0.1,0.8,0.2409528,49925,0.05198797976921259
0.6,0.5,0.2,0.6,0.24095483,49925,0.05344996307268268
0.4,0.8,0.1,0.8,0.2409563,49925,0.051708895222800186
0.3,0.2,0.7,0.8,0.24095668,49925,0.05539866344220736
0.4,0.5,0.3,0.4,0.24095696,49925,0.055239995238186526
0.3,0.5,0.1,0.5,0.24095774,49925,0.05239462774804598
0.1,0.7,0.3,0.5,0.24095856,49925,0.05460630850430432
0.2,0.6,0.1,0.5,0.24095875,49925,0.05213115408941445
0.3,0.6,0.3,0.5,0.2409589,49925,0.05486113944714574
0.5,0.3,0.2,0.4,0.24095912,49925,0.05447245728093407
0.3,0.8,0.5,0.6,0.24095923,49925,0.05579556323588469
0.1,0.5,0.4,0.8,0.24096015,49925,0.05409652042100188
0.4,0.9,0.5,0.5,0.24096231,49925,0.05559535478933473
0.5,0.5,0.3,0.5,0.24096312,49925,0.05488604963000207
0.6,0.3,0.1,0.5,0.24096464,49925,0.05262546438202539
0.1,0.7,0.3,0.4,0.24096483,49925,0.05488355521136274
0.9,0.9,0.7,0.7,0.24096556,49925,0.055989293802279634
0.6,0.7,0.4,0.6,0.24096566,49925,0.054939604902204536
0.1,0.5,0.5,0.8,0.24096777,49925,0.05457520005532362
0.1,0.9,0.3,0.8,0.24096788,49925,0.05349492277165459
0.6,0.8,0.3,0.8,0.24096817,49925,0.05366077905005282
0.9,0.9,0.8,0.3,0.24096915,49925,0.056747265648297365
0.4,0.8,0.2,0.7,0.24096975,49925,0.05285814227493771
0.7,0.8,0.4,0.8,0.24097015,49925,0.05440584073322303
0.8,0.9,0.5,0.9,0.24097042,49925,0.05473860672835048
0.6,0.9,0.5,0.7,0.24097085,49925,0.05511886788843712
0.5,0.9,0.6,0.3,0.24097118,49925,0.05631139524693736
0.2,0.9,0.2,0.7,0.24097212,49925,0.05273041579319232
0.7,0.8,0.3,0.9,0.24097717,49925,0.05353198138474775
0.5,0.9,0.3,0.8,0.24097858,49925,0.05355036982257384
0.8,0.4,0.1,0.7,0.24097994,49925,0.05223742806446177
0.1,0.6,0.3,0.4,0.24098012,49925,0.05525123626078834
0.2,0.6,0.3,0.5,0.2409808,49925,0.05491513172225568
0.1,0.8,0.1,0.6,0.24098203,49925,0.051563911845251977
0.9,0.9,0.8,0.2,0.24098213,49925,0.05667739092350678
0.5,0.9,0.2,0.9,0.24098326,49925,0.052585975410277985
0.5,0.9,0.4,0.8,0.24098517,49925,0.05436394026652964
0.4,0.5,0.3,0.5,0.24098535,49925,0.05505532954404594
0.3,0.8,0.5,0.7,0.24098603,49925,0.05556500617594906
0.4,0.1,0.9,0.8,0.24098611,49925,0.055877087520541664
0.4,0.9,0.1,0.9,0.24098639,49925,0.051575578550862755
0.5,0.9,0.6,0.9,0.2409869,49925,0.05552356399701973
0.8,0.4,0.3,0.6,0.24098828,49925,0.054529258842377935
0.7,0.2,0.2,0.5,0.24098852,49925,0.05429335303951694
0.9,0.6,0.2,0.9,0.24098898,49925,0.05288625279675094
0.5,0.6,0.3,0.6,0.24099256,49925,0.05444649158732064
0.6,0.8,0.5,0.6,0.24099316,49925,0.055487133836721415
0.3,0.6,0.4,0.5,0.24099405,49925,0.0558065020145414
0.5,0.9,0.6,0.8,0.24099457,49925,0.055696637578947
0.5,0.9,0.5,0.7,0.24099508,49925,0.055247909116244664
0.2,0.1,0.7,0.5,0.24099521,49925,0.05548784942480132
0.7,0.8,0.6,0.5,0.24099645,49925,0.056112812000487226
0.3,0.9,0.5,0.5,0.24099699,49925,0.05573049434278789
0.4,0.7,0.4,0.7,0.24099791,49925,0.055039506266649565
0.4,0.8,0.4,0.7,0.24099918,49925,0.05479144418595471
0.9,0.4,0.3,0.7,0.2410001,49925,0.05432053389541603
0.7,0.1,0.2,0.4,0.24100058,49925,0.054763975923155614
0.9,0.7,0.7,0.3,0.24100074,49925,0.056766937648983405
0.5,0.7,0.4,0.6,0.24100085,49925,0.055096601662974164
0.6,0.1,0.2,0.3,0.24100116,49925,0.055189678869957785
0.5,0.9,0.6,0.4,0.24100149,49925,0.05626229471771971
0.1,0.4,0.7,0.7,0.24100189,49925,0.05544002923724764
0.4,0.9,0.6,0.2,0.24100325,49925,0.056586242526360464
0.1,0.6,0.7,0.9,0.24100447,49925,0.055131077817966286
0.7,0.8,0.3,0.8,0.24100493,49925,0.053553623908025906
0.2,0.2,0.5,0.6,0.24100687,49925,0.05542179889495627
0.7,0.8,0.6,0.6,0.24100736,49925,0.056030549494104784
0.4,0.1,0.3,0.9,0.24100877,49925,0.053338644446757594
0.7,0.4,0.2,0.6,0.24100955,49925,0.053594209145345385
0.6,0.9,0.6,0.8,0.2410098,49925,0.05562725944920694
0.5,0.9,0.1,0.9,0.24101168,49925,0.05157688884249351
0.1,0.9,0.4,0.4,0.24101213,49925,0.05524523980894611
0.8,0.5,0.1,0.8,0.2410128,49925,0.052096279919355955
0.5,0.6,0.4,0.6,0.24101315,49925,0.05535828256511287
0.9,0.3,0.3,0.6,0.24101342,49925,0.05462623170836153
0.3,0.1,0.1,0.2,0.24101342,49925,0.05462623170836154
0.6,0.2,0.2,0.4,0.24101342,49925,0.05462623170836154
0.1,0.2,0.1,0.6,0.24101388,49925,0.05097539459137842
0.6,0.3,0.3,0.4,0.24101621,49925,0.055574742900271853
0.2,0.9,0.5,0.6,0.24101621,49925,0.0555987315188339
0.5,0.8,0.5,0.6,0.24101634,49925,0.05562750737910793
0.4,0.9,0.2,0.8,0.24101923,49925,0.05262870850558621
0.4,0.9,0.3,0.7,0.24101926,49925,0.0536750553056961
0.4,0.9,0.6,0.8,0.2410202,49925,0.05572357926338229
0.9,0.7,0.6,0.1,0.2410202,49925,0.055365000569270136
0.5,0.7,0.5,0.7,0.24102029,49925,0.05566605262277963
0.3,0.3,0.9,0.9,0.241021,49925,0.05566245451309054
0.2,0.2,0.6,0.6,0.241021,49925,0.05566245451309054
0.1,0.1,0.3,0.3,0.241021,49925,0.05566245451309054
0.9,0.1,0.4,0.2,0.24102105,49925,0.05665445411625978
0.8,0.5,0.4,0.6,0.2410219,49925,0.055192737034391204
0.4,0.5,0.2,0.5,0.24102335,49925,0.053816205227574715
0.1,0.9,0.4,0.7,0.24102433,49925,0.05458469422705282
0.1,0.6,0.3,0.5,0.24102485,49925,0.05485486790215487
0.3,0.9,0.3,0.7,0.24102743,49925,0.053741667940141374
0.8,0.4,0.5,0.2,0.24102807,49925,0.056627910319078954
0.9,0.1,0.1,0.6,0.24102879,49925,0.05278448741250199
0.4,0.8,0.5,0.8,0.24102911,49925,0.05532555425646641
0.2,0.9,0.5,0.2,0.24102932,49925,0.056230509092256985
0.7,0.9,0.7,0.3,0.24102946,49925,0.05655818744698757
0.4,0.5,0.1,0.6,0.24102989,49925,0.052343333307987
0.3,0.9,0.5,0.4,0.2410303,49925,0.055864279212662474
0.9,0.8,0.7,0.5,0.24103086,49925,0.05639842122418448
0.8,0.9,0.6,0.7,0.24103133,49925,0.05552615578680009
0.3,0.7,0.4,0.4,0.24103133,49925,0.05571643799938844
0.5,0.9,0.5,0.9,0.24103193,49925,0.05495916591240327
0.1,0.8,0.2,0.6,0.24103259,49925,0.05299809221608047
0.1,0.8,0.3,0.6,0.24103305,49925,0.05412623363006436
0.7,0.5,0.4,0.5,0.24103309,49925,0.055473475403278696
0.2,0.9,0.5,0.7,0.24103391,49925,0.05534602495382442
0.7,0.9,0.6,0.7,0.24103451,49925,0.055659310809455874
0.2,0.9,0.4,0.7,0.241035,49925,0.054645941817304505
0.2,0.8,0.3,0.6,0.2410352,49925,0.054144029023258135
0.9,0.7,0.3,0.9,0.24103676,49925,0.05356539879925559
0.5,0.8,0.2,0.8,0.24103773,49925,0.052794883333827695
0.9,0.9,0.6,0.8,0.24103773,49925,0.05532491237349571
0.4,0.4,0.1,0.5,0.2410395,49925,0.05259989439219878
0.4,0.6,0.2,0.6,0.24104096,49925,0.05342770613350978
0.2,0.3,0.1,0.3,0.24104096,49925,0.05342770613350978
0.6,0.9,0.3,0.9,0.24104096,49925,0.05342770613350977
0.2,0.2,0.7,0.6,0.24104176,49925,0.055762747078641824
0.5,0.6,0.4,0.5,0.2410422,49925,0.0555452596078598
0.8,0.7,0.6,0.5,0.24104336,49925,0.05624515883929918
0.6,0.8,0.4,0.8,0.24104397,49925,0.05450741446315739
0.3,0.4,0.2,0.4,0.24104397,49925,0.05450741446315739
0.7,0.5,0.1,0.8,0.24104482,49925,0.052165427190262285
0.6,0.4,0.3,0.5,0.24104549,49925,0.05504854696092119
0.7,0.3,0.1,0.6,0.24104598,49925,0.05256382281229596
0.9,0.3,0.5,0.2,0.24104606,49925,0.056730316991184596
0.2,0.8,0.4,0.4,0.24104957,49925,0.05549134605889805
0.1,0.4,0.2,0.2,0.24104957,49925,0.05549134605889805
0.2,0.3,0.2,0.9,0.2410509,49925,0.05192109618499768
0.1,0.9,0.3,0.7,0.24105152,49925,0.053714200384034516
0.8,0.4,0.5,0.1,0.24105266,49925,0.056385626289304554
0.2,0.3,0.3,0.7,0.24105443,49925,0.05405241139190447
0.9,0.2,0.3,0.5,0.24105513,49925,0.054994273263926266
0.8,0.3,0.4,0.4,0.24105626,49925,0.056043354986201874
0.3,0.9,0.5,0.8,0.24105862,49925,0.05514655924894204
0.5,0.4,0.3,0.5,0.24105878,49925,0.055259981281945585
0.9,0.9,0.5,0.9,0.24105926,49925,0.054621818427647385
0.4,0.8,0.5,0.4,0.2410611,49925,0.05604442501471236
0.5,0.8,0.4,0.7,0.2410616,49925,0.05470438257062864
0.9,0.3,0.4,0.5,0.24106215,49925,0.05567418804704647
0.4,0.6,0.4,0.5,0.24106309,49925,0.055705362396640506
0.4,0.6,0.1,0.7,0.24106342,49925,0.05210666370295632
0.6,0.8,0.6,0.3,0.24106488,49925,0.056425524170426
0.1,0.9,0.5,0.8,0.24106507,49925,0.054920203097957
0.8,0.8,0.5,0.9,0.24106562,49925,0.05493064146927409
0.9,0.6,0.3,0.9,0.24106613,49925,0.053767015511514
0.3,0.2,0.1,0.3,0.24106613,49925,0.053767015511514006
0.6,0.4,0.2,0.6,0.24106613,49925,0.053767015511514006
0.9,0.1,0.3,0.4,0.24106619,49925,0.05541109536958376
0.6,0.7,0.2,0.8,0.24106672,49925,0.05292959323236617
0.6,0.6,0.3,0.7,0.24106966,49925,0.05424466733542456
0.5,0.5,0.4,0.4,0.24107009,49925,0.05608127678581838
0.4,0.9,0.6,0.7,0.2410714,49925,0.055938264273636275
0.4,0.7,0.5,0.6,0.24107157,49925,0.055967594540702825
0.9,0.6,0.1,0.9,0.24107376,49925,0.051897416405764646
0.9,0.5,0.4,0.7,0.24107686,49925,0.05493314266964204
0.7,0.7,0.4,0.7,0.24107997,49925,0.05472426502635235
0.4,0.7,0.4,0.5,0.24108188,49925,0.055390894486079464
0.5,0.8,0.6,0.1,0.24108264,49925,0.05660056186706009
0.9,0.7,0.4,0.9,0.2410831,49925,0.05434372122594647
0.4,0.6,0.3,0.6,0.24108374,49925,0.05455600015406471
0.1,0.5,0.7,0.8,0.24108376,49925,0.05531430063249533
0.7,0.5,0.3,0.6,0.24108402,49925,0.05440223309791401
0.8,0.6,0.1,0.9,0.24108423,49925,0.0519338964790573
0.9,0.8,0.6,0.7,0.24108462,49925,0.05561205151701848
0.3,0.6,0.2,0.5,0.24108717,49925,0.05361064693333228
0.8,0.9,0.6,0.9,0.24108775,49925,0.05535024557557626
0.1,0.8,0.4,0.2,0.24108823,49925,0.055917966027759364
0.7,0.9,0.4,0.9,0.24108829,49925,0.05414031633284887
0.3,0.8,0.5,0.2,0.24108882,49925,0.05644095900490477
0.3,0.8,0.2,0.7,0.24108894,49925,0.052918666704378434
0.7,0.7,0.5,0.8,0.24108917,49925,0.05533172479508444
0.5,0.5,0.2,0.6,0.24108946,49925,0.053597752304456917
0.3,0.9,0.1,0.8,0.24109122,49925,0.051531029698720095
0.6,0.4,0.4,0.3,0.24109136,49925,0.05634090072693166
0.2,0.8,0.2,0.7,0.24109142,49925,0.05293449357125686
0.6,0.6,0.4,0.7,0.24109147,49925,0.05509053872052378
0.9,0.4,0.4,0.6,0.24109255,49925,0.05527937563785348
0.6,0.8,0.6,0.9,0.24109337,49925,0.05561869028669688
0.7,0.8,0.6,0.8,0.24109343,49925,0.055731575872147096
0.7,0.7,0.5,0.6,0.24109347,49925,0.05560446796657658
0.5,0.4,0.3,0.4,0.2410939,49925,0.055411342213875746
0.4,0.7,0.3,0.6,0.24109471,49925,0.05426979341500192
0.6,0.8,0.6,0.6,0.24109502,49925,0.05616178685486505
0.3,0.4,0.3,0.3,0.24109502,49925,0.05616178685486505
0.2,0.5,0.3,0.2,0.24109586,49925,0.056106613228630926
0.5,0.2,0.3,0.1,0.2410967,49925,0.056820264347546244
0.4,0.9,0.4,0.8,0.24109729,49925,0.05444626891269277
0.6,0.5,0.3,0.6,0.24109772,49925,0.05460808046352119
0.9,0.4,0.5,0.4,0.2410979,49925,0.05628072852396495
0.9,0.3,0.5,0.1,0.24109825,49925,0.056486456311426
0.5,0.9,0.6,0.7,0.24109916,49925,0.05586366646348657
0.8,0.2,0.4,0.2,0.24110179,49925,0.056570863937698
0.4,0.1,0.2,0.1,0.24110179,49925,0.056570863937698
0.1,0.7,0.4,0.8,0.24110295,49925,0.05433876457585469
0.3,0.3,0.5,0.9,0.24110344,49925,0.05463433933454174
0.1,0.4,0.8,0.7,0.24110389,49925,0.055549847136017544
0.7,0.4,0.3,0.6,0.24110402,49925,0.054718929063987294
0.2,0.5,0.1,0.5,0.2411062,49925,0.05241285669591495
0.3,0.6,0.4,0.2,0.24110663,49925,0.056442109989487156
0.4,0.2,0.9,0.9,0.24110821,49925,0.05587592823605723
0.5,0.3,0.3,0.3,0.24110855,49925,0.056035589781796374
0.9,0.7,0.5,0.8,0.24110931,49925,0.055132173577553435
0.2,0.8,0.4,0.7,0.24111061,49925,0.05482150545814035
0.4,0.9,0.2,0.9,0.24111214,49925,0.052604783929350696
0.8,0.7,0.5,0.8,0.24111241,49925,0.055254619120267356
0.7,0.6,0.1,0.9,0.241113,49925,0.052028481604804944
0.3,0.8,0.4,0.7,0.24111342,49925,0.05486963099701687
0.9,0.5,0.6,0.3,0.2411157,49925,0.05675996041791238
0.3,0.8,0.3,0.6,0.24111685,49925,0.05408760603713887
0.2,0.7,0.1,0.6,0.24111858,49925,0.05184955283544157
0.6,0.6,0.2,0.7,0.24111886,49925,0.05317446034372174
0.8,0.4,0.2,0.7,0.24111915,49925,0.053429757710775724
0.8,0.8,0.7,0.4,0.24111919,49925,0.056657241832039795
0.5,0.8,0.6,0.7,0.24111983,49925,0.056072430419826
0.8,0.9,0.7,0.7,0.24112165,49925,0.05613325897772074
0.7,0.8,0.7,0.2,0.2411226,49925,0.05696536829151665
0.3,0.1,0.5,0.6,0.24112579,49925,0.05575978734216778
0.7,0.7,0.4,0.8,0.24112625,49925,0.05465047605226266
0.5,0.7,0.4,0.7,0.24112646,49925,0.05493587048630574
0.1,0.8,0.4,0.9,0.24112651,49925,0.054018725317706295
0.3,0.5,0.3,0.4,0.24112658,49925,0.055453146663479135
0.6,0.9,0.6,0.6,0.24112694,49925,0.05590683480225204
0.2,0.3,0.2,0.2,0.24112694,49925,0.055906834802252045
0.8,0.7,0.6,0.1,0.24112694,49925,0.0558189793974552
0.4,0.6,0.4,0.4,0.24112694,49925,0.055906834802252045
0.7,0.9,0.7,0.5,0.24112758,49925,0.056474598767725946
0.8,0.2,0.1,0.6,0.24112904,49925,0.05269494075924696
0.9,0.7,0.7,0.4,0.24112955,49925,0.056747678020003946
0.5,0.4,0.1,0.6,0.24113041,49925,0.05254142808311348
0.2,0.9,0.3,0.7,0.24113084,49925,0.05374729209012423
0.2,0.7,0.4,0.5,0.24113168,49925,0.05556818627129304
0.6,0.1,0.1,0.4,0.2411328,49925,0.05332533813338978
0.8,0.9,0.6,0.8,0.24113488,49925,0.055445776230371675
0.1,0.7,0.4,0.9,0.24113506,49925,0.05396594982619938
0.9,0.3,0.1,0.7,0.24113658,49925,0.0523378306178998
0.9,0.6,0.4,0.8,0.24113742,49925,0.054602372230877216
0.7,0.7,0.6,0.1,0.2411393,49925,0.056283990449367785
0.1,0.7,0.5,0.9,0.24113953,49925,0.05453549271091958
0.7,0.7,0.6,0.5,0.2411403,49925,0.05642505441760515
0.8,0.9,0.7,0.5,0.24114038,49925,0.05629107809663984
0.8,0.5,0.2,0.8,0.24114041,49925,0.05318585094976577
0.5,0.8,0.5,0.7,0.24114081,49925,0.055460047440352295
0.6,0.5,0.5,0.1,0.24114177,49925,0.056822876197419166
0.1,0.5,0.4,0.7,0.24114284,49925,0.05464123539593889
0.3,0.9,0.3,0.9,0.24114299,49925,0.05347530634300347
0.2,0.6,0.2,0.6,0.24114299,49925,0.053475306343003466
0.1,0.3,0.1,0.3,0.24114299,49925,0.053475306343003466
0.8,0.6,0.4,0.7,0.24114376,49925,0.05483744411168119
0.6,0.6,0.5,0.5,0.24114458,49925,0.05621760210210441
0.6,0.6,0.5,0.4,0.24114478,49925,0.05634669737397502
0.9,0.9,0.8,0.4,0.24114585,49925,0.056749180652599505
0.3,0.9,0.2,0.8,0.24114606,49925,0.052659826767030994
0.4,0.8,0.3,0.7,0.24114634,49925,0.053923537657610564
0.8,0.9,0.8,0.2,0.24114658,49925,0.0570106369232403
0.7,0.8,0.5,0.9,0.2411468,49925,0.05499104931914917
0.5,0.6,0.5,0.1,0.24114732,49925,0.05669754634873486
0.1,0.3,0.1,0.8,0.2411489,49925,0.05039238594247756
0.1,0.6,0.6,0.9,0.24115008,49925,0.05478170349828946
0.9,0.6,0.6,0.5,0.24115029,49925,0.056323782591239734
0.1,0.7,0.2,0.6,0.24115072,49925,0.05319344577622714
0.9,0.3,0.3,0.7,0.24115105,49925,0.054579548456614745
0.7,0.6,0.2,0.8,0.24115211,49925,0.05305979978696235
0.9,0.5,0.1,0.9,0.2411528,49925,0.0520806745286042
0.7,0.7,0.2,0.9,0.2411537,49925,0.05284838951981792
0.4,0.2,0.7,0.9,0.24115582,49925,0.05554990825319825
0.7,0.8,0.5,0.7,0.24115705,49925,0.05524326782769627
0.1,0.8,0.3,0.7,0.24116074,49925,0.053866371132477456
0.7,0.7,0.5,0.9,0.24116111,49925,0.055173170326713115
0.9,0.2,0.2,0.6,0.24116188,49925,0.05381468067144915
0.4,0.9,0.6,0.9,0.24116772,49925,0.055513293871389424
0.2,0.1,0.1,0.7,0.24116795,49925,0.050602804179057895
0.7,0.4,0.1,0.7,0.24116811,49925,0.052357801074148794
0.5,0.8,0.2,0.9,0.24116854,49925,0.052763161687812754
0.2,0.5,0.4,0.9,0.24116902,49925,0.054094018188109654
0.1,0.1,0.2,0.3,0.24117246,49925,0.05499017829335223
0.2,0.2,0.4,0.6,0.24117246,49925,0.05499017829335223
0.3,0.3,0.6,0.9,0.24117246,49925,0.054990178293352225
0.1,0.7,0.3,0.6,0.24117258,49925,0.05430716917796145
0.3,0.7,0.1,0.7,0.24117284,49925,0.051881334523877505
0.8,0.7,0.3,0.9,0.24117577,49925,0.05365360700613977
0.1,0.3,0.9,0.6,0.24117659,49925,0.055336221400531356
0.7,0.5,0.3,0.7,0.24117677,49925,0.054377946932164446
0.2,0.6,0.2,0.5,0.2411768,49925,0.05367776594702638
0.6,0.9,0.5,0.9,0.24117778,49925,0.054863401661708805
0.1,0.3,0.2,0.5,0.24117902,49925,0.0538279258759403
0.6,0.4,0.1,0.7,0.2411801,49925,0.052465994092374194
0.5,0.8,0.5,0.9,0.24118048,49925,0.05506979918968228
0.6,0.6,0.4,0.6,0.24118078,49925,0.05525353286924849
0.3,0.3,0.2,0.3,0.24118078,49925,0.05525353286924849
0.9,0.9,0.6,0.9,0.24118078,49925,0.05525353286924849
0.7,0.6,0.3,0.8,0.2411815,49925,0.054044777986206216
0.2,0.3,0.5,0.7,0.24118206,49925,0.055157448808821216
0.5,0.7,0.3,0.7,0.24118318,49925,0.054088112807946204
0.2,0.9,0.5,0.8,0.24118428,49925,0.055076963757796284
0.4,0.5,0.4,0.2,0.24118479,49925,0.056631715667995866
0.3,0.6,0.4,0.4,0.24118575,49925,0.056074690750619396
0.4,0.2,0.2,0.3,0.24118695,49925,0.05551063394289894
0.8,0.4,0.4,0.6,0.24118695,49925,0.05551063394289894
0.5,0.3,0.1,0.5,0.24118738,49925,0.052813934126837145
0.8,0.7,0.6,0.6,0.24118868,49925,0.05612398979085485
0.9,0.8,0.7,0.6,0.24118905,49925,0.05632034013960739
0.6,0.7,0.5,0.7,0.24119008,49925,0.055581662467961056
0.5,0.9,0.3,0.9,0.24119078,49925,0.05348692352391654
0.8,0.8,0.6,0.7,0.241191,49925,0.05577371978155635
0.1,0.4,0.9,0.7,0.24119216,49925,0.05560586555909171
0.7,0.2,0.3,0.5,0.24119304,49925,0.05552793442615064
0.1,0.5,0.2,0.4,0.24119332,49925,0.05427663326218532
0.3,0.4,0.3,0.2,0.24119428,49925,0.0563906273538895
0.6,0.8,0.6,0.4,0.24119428,49925,0.0563906273538895
0.8,0.3,0.3,0.6,0.24119453,49925,0.05483896580139269
0.6,0.8,0.5,0.9,0.24119614,49925,0.05505058144326372
0.2,0.7,0.2,0.6,0.24119668,49925,0.05326981504255053
0.3,0.9,0.4,0.8,0.24119712,49925,0.05447428220847473
0.8,0.7,0.5,0.9,0.24119748,49925,0.05511142642676297
0.1,0.2,0.8,0.5,0.24119933,49925,0.05490657196243091
0.7,0.4,0.5,0.2,0.24120034,49925,0.05706738287987626
0.9,0.8,0.6,0.9,0.24120034,49925,0.05546360483685635
0.2,0.7,0.4,0.2,0.24120064,49925,0.056193388076345115
0.2,0.9,0.4,0.8,0.24120088,49925,0.0544017581611362
0.7,0.5,0.4,0.6,0.2412011,49925,0.055397613693021326
0.9,0.3,0.5,0.4,0.24120197,49925,0.056680454900415345
0.9,0.7,0.5,0.9,0.24120228,49925,0.05504475760368374
0.2,0.5,0.2,0.5,0.2412023,49925,0.0539550031232657
0.1,0.7,0.4,0.6,0.24120292,49925,0.05516696930831859
0.2,0.3,0.4,0.7,0.24120305,49925,0.05470988129583825
0.5,0.9,0.6,0.6,0.24120405,49925,0.05604092995293506
0.4,0.7,0.5,0.2,0.24120508,49925,0.056633254639186933
0.6,0.8,0.5,0.7,0.24120647,49925,0.05536512158890533
0.6,0.7,0.5,0.6,0.24120721,49925,0.055766364800622206
0.9,0.6,0.6,0.1,0.24120831,49925,0.05589673053134725
0.8,0.3,0.2,0.6,0.24120837,49925,0.0537120400651713
0.6,0.8,0.6,0.5,0.24120975,49925,0.05630206811906819
0.9,0.4,0.2,0.7,0.24121046,49925,0.053274788568071
0.1,0.5,0.8,0.8,0.24121076,49925,0.05555343796397033
0.1,0.2,0.1,0.2,0.2412118,49925,0.054617139961582815
0.4,0.8,0.4,0.8,0.2412118,49925,0.054617139961582815
0.2,0.4,0.2,0.4,0.2412118,49925,0.054617139961582815
0.3,0.6,0.3,0.6,0.2412118,49925,0.05461713996158282
0.3,0.4,0.3,0.4,0.24121253,49925,0.055806605124060944
0.6,0.8,0.6,0.8,0.24121253,49925,0.055806605124060944
0.8,0.8,0.7,0.5,0.24121253,49925,0.0565706912979261
0.4,0.8,0.5,0.5,0.24121271,49925,0.05591311325825502
0.5,0.7,0.5,0.5,0.2412131,49925,0.056065812352571895
0.9,0.1,0.4,0.3,0.24121341,49925,0.05669168560959946
0.5,0.5,0.4,0.5,0.2412136,49925,0.05588340749610014
0.3,0.7,0.2,0.6,0.24121398,49925,0.05322546658560652
0.2,0.8,0.1,0.7,0.24121425,49925,0.05163947478376395
0.7,0.8,0.4,0.9,0.24121441,49925,0.054351649968721834
0.5,0.6,0.5,0.2,0.24121499,49925,0.05679867939608175
0.1,0.9,0.5,0.7,0.24121566,49925,0.05527387265076123
0.5,0.2,0.1,0.4,0.24121808,49925,0.05317936410790014
0.5,0.4,0.4,0.2,0.24121891,49925,0.05682861737956545
0.8,0.3,0.3,0.7,0.24121895,49925,0.05469833673375322
0.3,0.7,0.4,0.7,0.24121985,49925,0.0550361264575119
0.6,0.5,0.4,0.7,0.24122,49925,0.055336267787730875
0.3,0.8,0.3,0.7,0.24122092,49925,0.053967351539157916
0.9,0.2,0.1,0.7,0.24122211,49925,0.052593173867597855
0.5,0.8,0.4,0.8,0.24122348,49925,0.054566381807252505
0.6,0.7,0.3,0.8,0.24122413,49925,0.053913006088735956
0.4,0.4,0.3,0.5,0.2412251,49925,0.0553645414319299
0.1,0.6,0.8,0.9,0.24122545,49925,0.055396249731847744
0.9,0.4,0.1,0.8,0.24122575,49925,0.05220978429748144
0.5,0.9,0.4,0.9,0.24122591,49925,0.054246010985561956
0.7,0.6,0.4,0.7,0.24122685,49925,0.05500408091892992
0.8,0.6,0.5,0.8,0.24122722,49925,0.055452077893620146
0.5,0.6,0.4,0.7,0.24122763,49925,0.055156676533602955
0.7,0.5,0.5,0.4,0.24122764,49925,0.056482885995458185
0.1,0.6,0.3,0.8,0.24122824,49925,0.05353634575145063
0.5,0.8,0.6,0.8,0.24122895,49925,0.05585111501502095
0.7,0.6,0.6,0.2,0.24122936,49925,0.05700691780123671
0.1,0.8,0.2,0.7,0.24122962,49925,0.05282437345262198
0.2,0.4,0.1,0.4,0.24122977,49925,0.05283778417321833
0.4,0.8,0.2,0.8,0.24122977,49925,0.05283778417321833
0.5,0.8,0.1,0.9,0.24122979,49925,0.051728032833177624
0.6,0.9,0.6,0.7,0.2412299,49925,0.05577065785136244
0.1,0.6,0.3,0.3,0.24123004,49925,0.055555309733618795
0.4,0.3,0.3,0.2,0.24123007,49925,0.05664634343508123
0.8,0.6,0.6,0.4,0.24123007,49925,0.05664634343508123
0.4,0.1,0.6,0.8,0.24123062,49925,0.05540823681998181
0.8,0.8,0.7,0.7,0.24123138,49925,0.05631956085894362
0.5,0.1,0.8,0.9,0.24123286,49925,0.05595380538918711
0.9,0.6,0.5,0.7,0.24123399,49925,0.0554533891023589
0.1,0.5,0.3,0.7,0.24123415,49925,0.05393298584466362
0.3,0.8,0.2,0.8,0.24123484,49925,0.0528326924019325
0.5,0.5,0.3,0.6,0.24123539,49925,0.05474280015462919
0.1,0.6,0.4,0.8,0.24123576,49925,0.05427241692832763
0.1,0.9,0.5,0.9,0.2412363,49925,0.054585571741913474
0.7,0.4,0.4,0.5,0.24123792,49925,0.05583183879273668
0.8,0.2,0.4,0.3,0.24123897,49925,0.056591303245300116
0.3,0.8,0.5,0.5,0.24124008,49925,0.05601425543030245
0.4,0.3,0.2,0.4,0.24124071,49925,0.05476540282296815
0.8,0.6,0.4,0.8,0.24124071,49925,0.05476540282296815
0.7,0.3,0.3,0.5,0.24124116,49925,0.05516275219708062
0.6,0.3,0.4,0.1,0.24124162,49925,0.056908907737181005
0.4,0.7,0.2,0.7,0.2412429,49925,0.05310756404264113
0.9,0.5,0.5,0.6,0.24124363,49925,0.05579741469295318
0.6,0.3,0.3,0.5,0.24124381,49925,0.05540486193372545
0.5,0.6,0.2,0.7,0.24124527,49925,0.053273520246025746
0.4,0.9,0.6,0.6,0.24124552,49925,0.05612442288551413
0.8,0.5,0.5,0.5,0.2412468,49925,0.056126949418182304
0.1,0.9,0.1,0.7,0.24124795,49925,0.051373983844888685
0.5,0.5,0.1,0.7,0.24124822,49925,0.05230090324820808
0.9,0.9,0.7,0.9,0.24124865,49925,0.055782853255245714
0.7,0.9,0.7,0.6,0.24125133,49925,0.056369025403428245
0.3,0.5,0.2,0.5,0.24125162,49925,0.053943843049363206
0.4,0.1,0.4,0.8,0.24125165,49925,0.05459295795664793
0.7,0.5,0.2,0.7,0.2412521,49925,0.05330899809704664
0.2,0.8,0.3,0.7,0.24125263,49925,0.053937895842001
0.8,0.7,0.6,0.8,0.24125265,49925,0.05584753702919161
0.9,0.8,0.6,0.8,0.24125314,49925,0.05554390413652078
0.1,0.7,0.1,0.6,0.24125385,49925,0.05178528766947849
0.6,0.9,0.4,0.9,0.24125451,49925,0.05421784444663729
0.2,0.4,0.4,0.8,0.24125485,49925,0.05440454318788221
0.1,0.2,0.2,0.4,0.24125485,49925,0.05440454318788221
0.4,0.7,0.5,0.5,0.2412556,49925,0.056201444045167866
0.2,0.8,0.3,0.8,0.24125582,49925,0.05371299499053385
0.7,0.7,0.6,0.4,0.24125682,49925,0.05652018696011095
0.3,0.2,0.2,0.9,0.24125768,49925,0.052239292371637
0.9,0.1,0.3,0.5,0.241258,49925,0.055362876173823454
0.9,0.5,0.2,0.9,0.24125822,49925,0.0530790532963594
0.9,0.2,0.3,0.6,0.2412588,49925,0.0549392095806328
0.8,0.6,0.2,0.9,0.24125898,49925,0.052979256963008495
0.4,0.7,0.3,0.7,0.24125949,49925,0.05414559647789161
0.8,0.6,0.4,0.9,0.24126007,49925,0.0546476471826963
0.3,0.1,0.6,0.6,0.24126112,49925,0.05599292690407051
0.5,0.7,0.2,0.8,0.24126148,49925,0.05299649454961442
0.9,0.3,0.4,0.7,0.24126457,49925,0.05544223511461919
0.1,0.8,0.5,0.9,0.24126533,49925,0.054605725530945746
0.6,0.6,0.3,0.8,0.24126574,49925,0.05410903755236991
0.5,0.7,0.5,0.6,0.24126586,49925,0.05587481713517593
0.6,0.5,0.3,0.7,0.24126635,49925,0.05448125481489415
0.7,0.3,0.2,0.6,0.24126755,49925,0.05393328055822266
0.2,0.9,0.2,0.8,0.24126823,49925,0.05265284532942252
0.7,0.7,0.5,0.7,0.2412683,49925,0.055482718020883184
0.3,0.8,0.5,0.3,0.24126916,49925,0.056391515240215594
0.2,0.5,0.3,0.9,0.24127059,49925,0.053403347887016145
0.9,0.4,0.5,0.5,0.24127133,49925,0.05620826777244147
0.2,0.5,0.3,0.5,0.24127138,49925,0.055162852383879885
0.4,0.2,0.6,0.9,0.24127169,49925,0.055228945574114036
0.3,0.7,0.2,0.7,0.24127202,49925,0.0531296622112639
0.4,0.2,0.4,0.9,0.2412735,49925,0.05437055594684926
0.6,0.7,0.2,0.9,0.24127407,49925,0.05291020088940713
0.6,0.8,0.3,0.9,0.24127454,49925,0.05360800019045045
0.1,0.5,0.2,0.8,0.24127506,49925,0.052464355822133324
0.7,0.3,0.4,0.3,0.24127635,49925,0.056477254930925154
0.6,0.5,0.5,0.2,0.2412765,49925,0.05693572918476738
0.4,0.3,0.1,0.5,0.24127945,49925,0.05297243492033804
0.4,0.6,0.4,0.7,0.24128006,49925,0.05520871861055504
0.7,0.9,0.7,0.7,0.2412805,49925,0.05622088987259859
0.1,0.3,0.3,0.5,0.2412812,49925,0.05483304428564901
0.6,0.4,0.1,0.8,0.2412831,49925,0.05242483748046294
0.7,0.1,0.3,0.3,0.24128364,49925,0.05631773120927585
0.2,0.9,0.3,0.9,0.24128401,49925,0.05340149324850878
0.6,0.7,0.5,0.8,0.24128556,49925,0.05540047641787989
0.3,0.8,0.4,0.8,0.2412858,49925,0.05461060178738732
0.7,0.6,0.5,0.7,0.24128582,49925,0.05571496506770589
0.2,0.7,0.4,0.4,0.24128583,49925,0.05585073143789177
0.2,0.9,0.3,0.8,0.24128646,49925,0.053572343016348486
0.9,0.5,0.2,0.8,0.2412866,49925,0.05306407655126976
0.8,0.3,0.4,0.5,0.2412881,49925,0.055958975515755315
0.9,0.9,0.7,0.8,0.24128923,49925,0.055896501111373495
0.5,0.7,0.5,0.8,0.24128924,49925,0.055445134314961994
0.3,0.1,0.7,0.6,0.24128936,49925,0.05610802860814028
0.8,0.5,0.4,0.7,0.24128957,49925,0.05511407505663772
0.2,0.5,0.5,0.9,0.24129054,49925,0.05468186389747286
0.8,0.8,0.7,0.6,0.24129058,49925,0.05646955796444538
0.4,0.4,0.3,0.4,0.2412909,49925,0.055656832820122855
0.8,0.8,0.6,0.8,0.2412909,49925,0.055656832820122855
0.3,0.6,0.2,0.6,0.24129264,49925,0.05350163605317135
0.7,0.6,0.4,0.8,0.24129274,49925,0.05485985972837782
0.4,0.1,0.5,0.8,0.24129352,49925,0.05507375517076785
0.8,0.3,0.2,0.7,0.24129423,49925,0.05371616913869384
0.8,0.5,0.2,0.9,0.24129514,49925,0.053183510382499355
0.9,0.3,0.4,0.6,0.2412957,49925,0.055592441466910544
0.7,0.9,0.7,0.9,0.2412969,49925,0.05591821345706852
0.4,0.5,0.4,0.3,0.24129829,49925,0.05651439387052175
0.4,0.8,0.2,0.9,0.24129869,49925,0.05278220514631366
0.6,0.2,0.3,0.4,0.24129935,49925,0.05601182906214544
0.1,0.5,0.3,0.6,0.24130043,49925,0.054414539575336575
0.7,0.7,0.3,0.9,0.24130048,49925,0.05374250331010034
0.9,0.8,0.5,0.9,0.24130073,49925,0.05484305324991544
0.6,0.5,0.4,0.5,0.241302,49925,0.055692581051547715
0.5,0.2,0.2,0.4,0.24130413,49925,0.0549426214916787
0.2,0.4,0.5,0.8,0.24130458,49925,0.05491760699150121
0.8,0.9,0.7,0.9,0.24130458,49925,0.055842561263281125
0.8,0.9,0.8,0.3,0.24130568,49925,0.057012514931527924
0.8,0.4,0.3,0.7,0.24130687,49925,0.054486928168681274
0.4,0.9,0.3,0.9,0.24130742,49925,0.05352939434205356
0.4,0.4,0.2,0.5,0.24130784,49925,0.05418600390401501
0.1,0.8,0.4,0.8,0.24130866,49925,0.05433773735365609
0.1,0.9,0.4,0.9,0.24130946,49925,0.05400884169420736
0.1,0.9,0.2,0.8,0.24131179,49925,0.052529430756355355
0.6,0.1,0.3,0.1,0.24131192,49925,0.056935279288172304
0.8,0.6,0.5,0.6,0.24131411,49925,0.055700914958997004
0.8,0.7,0.4,0.9,0.24131447,49925,0.05446580676474945
0.6,0.5,0.1,0.9,0.24131462,49925,0.05220374317137985
0.7,0.1,0.1,0.5,0.24131513,49925,0.05312702977853134
0.6,0.7,0.4,0.8,0.2413163,49925,0.054712226728344394
0.9,0.8,0.8,0.2,0.24131736,49925,0.05710045860498126
0.8,0.6,0.5,0.9,0.24131757,49925,0.05531751930389645
0.3,0.4,0.1,0.5,0.24131773,49925,0.0527039507292051
0.9,0.7,0.6,0.7,0.24131827,49925,0.05586397963656588
0.3,0.8,0.3,0.8,0.2413186,49925,0.05378350229195696
0.7,0.3,0.4,0.4,0.24131955,49925,0.05635628080826268
0.8,0.5,0.3,0.8,0.24131957,49925,0.05417355425600196
0.7,0.5,0.4,0.7,0.24131978,49925,0.05523634799265767
0.9,0.2,0.4,0.4,0.24132061,49925,0.05615065469984542
0.3,0.8,0.1,0.8,0.24132065,49925,0.05169908468392518
0.7,0.9,0.7,0.4,0.24132311,49925,0.056532047231966975
0.9,0.9,0.8,0.5,0.24132317,49925,0.05669817197471442
0.2,0.7,0.3,0.6,0.24132322,49925,0.05441044937434423
0.5,0.9,0.6,0.5,0.24132374,49925,0.056149561335132867
0.6,0.8,0.6,0.7,0.24132392,49925,0.05598398444002057
0.9,0.8,0.7,0.7,0.24132411,49925,0.05621920845217597
0.5,0.7,0.4,0.8,0.2413249,49925,0.05475853383284196
0.8,0.2,0.3,0.5,0.2413261,49925,0.05527399989400432
0.9,0.5,0.3,0.9,0.24132656,49925,0.053992330934966394
0.2,0.4,0.3,0.8,0.24132755,49925,0.05371806609799882
0.7,0.8,0.6,0.9,0.24132875,49925,0.05559178211926268
0.7,0.7,0.4,0.9,0.24132954,49925,0.05452204002037811
0.1,0.5,0.9,0.8,0.24132968,49925,0.05567009753575987
0.8,0.7,0.6,0.7,0.24132973,49925,0.05600635720316756
0.4,0.6,0.5,0.1,0.24132994,49925,0.05724008074400158
0.3,0.9,0.2,0.9,0.24133095,49925,0.05260790845726837
0.8,0.7,0.5,0.7,0.24133117,49925,0.05534575800543524
0.8,0.5,0.1,0.9,0.24133158,49925,0.052141203472351995
0.3,0.9,0.3,0.8,0.24133192,49925,0.05362505042135011
0.7,0.2,0.3,0.4,0.24133247,49925,0.055685310458910904
0.6,0.6,0.5,0.8,0.24133484,49925,0.05557931978106384
0.4,0.5,0.3,0.6,0.2413353,49925,0.05480658104189067
0.7,0.3,0.3,0.6,0.2413355,49925,0.05504155654695488
0.6,0.9,0.7,0.3,0.24133587,49925,0.05684428194126238
0.9,0.4,0.2,0.8,0.24133605,49925,0.053302215862588646
0.7,0.7,0.6,0.6,0.24133748,49925,0.05629179721319213
0.4,0.7,0.4,0.8,0.24133854,49925,0.054774019630950285
0.9,0.5,0.5,0.9,0.24133867,49925,0.05542443711027571
0.5,0.7,0.3,0.8,0.24133962,49925,0.05394616854054276
0.2,0.7,0.4,0.3,0.24134038,49925,0.0560772169616542
0.5,0.6,0.3,0.7,0.24134052,49925,0.05431190120881926
0.3,0.1,0.3,0.6,0.24134123,49925,0.05474275710351556
0.8,0.2,0.3,0.6,0.2413419,49925,0.05512417164700997
0.1,0.6,0.3,0.7,0.24134243,49925,0.053972030108906735
0.3,0.8,0.5,0.8,0.24134254,49925,0.05527679856431873
0.1,0.6,0.3,0.2,0.2413426,49925,0.0557880125897198
0.2,0.9,0.5,0.5,0.24134277,49925,0.05581199581040518
0.8,0.5,0.6,0.2,0.24134575,49925,0.0571196841177035
0.6,0.3,0.1,0.6,0.2413474,49925,0.052687754152174957
0.8,0.6,0.3,0.9,0.24134795,49925,0.053862529661664854
0.8,0.6,0.6,0.5,0.24134845,49925,0.056538585939546734
0.7,0.6,0.5,0.8,0.24135053,49925,0.05553953397749102
0.3,0.7,0.3,0.7,0.24135092,49925,0.05416351366779461
0.8,0.3,0.1,0.7,0.24135216,49925,0.05248251909094003
0.9,0.4,0.5,0.6,0.24135403,49925,0.05610303765547201
0.5,0.5,0.1,0.8,0.24135497,49925,0.05225123426578162
0.1,0.8,0.4,0.7,0.24135503,49925,0.054688463167999427
0.8,0.4,0.1,0.8,0.24135537,49925,0.05231809595274872
0.1,0.5,0.2,0.5,0.24135576,49925,0.053845391987371365
0.5,0.4,0.1,0.7,0.24135695,49925,0.05251336354107308
0.8,0.5,0.5,0.8,0.24135737,49925,0.055661103623856185
0.2,0.8,0.5,0.7,0.24135785,49925,0.0555058995805017
0.9,0.8,0.7,0.9,0.24135795,49925,0.05594788424443835
0.3,0.5,0.1,0.6,0.24135956,49925,0.05237290074632113
0.8,0.7,0.6,0.9,0.24136028,49925,0.05570617036331735
0.1,0.7,0.4,0.7,0.24136055,49925,0.05474319918572427
0.1,0.5,0.2,0.9,0.24136117,49925,0.052003646131722966
0.6,0.1,0.3,0.2,0.24136157,49925,0.056972281042833466
0.5,0.2,0.3,0.2,0.24136218,49925,0.05680550313700643
0.7,0.5,0.2,0.9,0.24136227,49925,0.05324651318920525
0.5,0.6,0.5,0.7,0.24136269,49925,0.05585897600990022
0.1,0.6,0.1,0.5,0.24136335,49925,0.05207505026753273
0.6,0.7,0.5,0.9,0.24136432,49925,0.05520015574577619
0.9,0.2,0.4,0.6,0.24136448,49925,0.05589431660563629
0.8,0.6,0.6,0.1,0.24136461,49925,0.05636608778540352
0.9,0.5,0.6,0.4,0.2413648,49925,0.056738734710750666
0.5,0.8,0.6,0.6,0.24136485,49925,0.056273038696964366
0.4,0.7,0.1,0.8,0.24136584,49925,0.051882297993567736
0.7,0.5,0.3,0.8,0.24136591,49925,0.05425018995618388
0.3,0.9,0.4,0.9,0.2413674,49925,0.054232949450890154
0.5,0.6,0.1,0.9,0.24136788,49925,0.0520340418523867
0.8,0.9,0.7,0.8,0.24136841,49925,0.05599540652975985
0.3,0.5,0.3,0.6,0.2413698,49925,0.05483193780275365
0.1,0.8,0.4,0.4,0.24136989,49925,0.05558738241088311
0.3,0.1,0.2,0.7,0.24137045,49925,0.05306295061130413
0.6,0.5,0.1,0.8,0.24137127,49925,0.05225460903890411
0.5,0.5,0.2,0.7,0.24137184,49925,0.05354408407223345
0.9,0.8,0.7,0.8,0.24137211,49925,0.056097260151427256
0.6,0.7,0.6,0.8,0.24137214,49925,0.055974073526054276
0.7,0.5,0.5,0.7,0.24137245,49925,0.05595051322710405
0.5,0.8,0.3,0.8,0.24137273,49925,0.05376638686906482
0.1,0.5,0.3,0.5,0.2413731,49925,0.05498629265969527
0.1,0.6,0.2,0.6,0.24137354,49925,0.05334731249925986
0.3,0.4,0.4,0.9,0.2413739,49925,0.054350132563767334
0.1,0.4,0.1,0.9,0.24137424,49925,0.05050090047561442
0.1,0.1,0.4,0.3,0.2413745,49925,0.055784578379164625
0.2,0.2,0.8,0.6,0.2413745,49925,0.055784578379164625
0.5,0.5,0.4,0.7,0.24137655,49925,0.05535858133404471
0.3,0.2,0.3,0.7,0.24137662,49925,0.054352105532986875
0.1,0.6,0.9,0.9,0.2413773,49925,0.05563207278940774
0.5,0.3,0.3,0.5,0.24137741,49925,0.05557613766445277
0.9,0.6,0.7,0.2,0.24137753,49925,0.0571491366111769
0.6,0.3,0.4,0.2,0.24137811,49925,0.05697383892634977
0.6,0.9,0.7,0.9,0.24137819,49925,0.055964988074713506
0.8,0.4,0.4,0.7,0.24138157,49925,0.05535161825315715
0.5,0.1,0.2,0.3,0.241382,49925,0.05566947327418075
0.4,0.9,0.5,0.9,0.24138223,49925,0.05494660695438757
0.9,0.9,0.8,0.6,0.24138226,49925,0.056610438913296125
0.5,0.3,0.1,0.6,0.24138281,49925,0.05282831091041173
0.5,0.7,0.1,0.9,0.241384,49925,0.051907002609791524
0.4,0.4,0.1,0.6,0.24138416,49925,0.05260066611953501
0.4,0.9,0.4,0.9,0.24138501,49925,0.05427416791572918
0.4,0.8,0.6,0.8,0.24138503,49925,0.05585901193303515
0.2,0.4,0.3,0.4,0.24138503,49925,0.05585901193303515
0.5,0.6,0.5,0.3,0.24138528,49925,0.056722847156401746
0.7,0.8,0.6,0.7,0.24138547,49925,0.05589621481469957
0.5,0.6,0.1,0.8,0.2413856,49925,0.052088024746965826
0.3,0.3,0.4,0.8,0.24138582,49925,0.05468675377413703
0.7,0.6,0.5,0.6,0.24138583,49925,0.05588461352624723
0.4,0.6,0.1,0.8,0.24138631,49925,0.052030646766648245
0.3,0.7,0.5,0.6,0.24138795,49925,0.05601105835303934
0.1,0.2,0.3,0.4,0.24138808,49925,0.05528642129872154
0.2,0.4,0.6,0.8,0.24138808,49925,0.05528642129872154
0.4,0.3,0.1,0.6,0.24138951,49925,0.05282284028143251
0.2,0.2,0.1,0.9,0.24139109,49925,0.05018393974172963
0.6,0.4,0.3,0.6,0.24139236,49925,0.0549122050715979
0.1,0.3,0.4,0.5,0.24139282,49925,0.05546232646850443
0.7,0.4,0.4,0.7,0.24139288,49925,0.05547165984258233
0.5,0.9,0.7,0.2,0.24139321,49925,0.057160698481313506
0.7,0.9,0.6,0.8,0.24139327,49925,0.055550594650833646
0.4,0.8,0.6,0.7,0.2413941,49925,0.05613310026992973
0.7,0.4,0.2,0.8,0.24139518,49925,0.05351916195052358
0.6,0.6,0.1,0.9,0.2413966,49925,0.05205807862568978
0.5,0.8,0.6,0.9,0.24139683,49925,0.05562883934608062
0.3,0.7,0.3,0.8,0.24139898,49925,0.053935262385256214
0.8,0.3,0.2,0.8,0.24139988,49925,0.0536272130532473
0.9,0.4,0.4,0.7,0.24140093,49925,0.05518054137446006
0.2,0.3,0.7,0.7,0.2414019,49925,0.05578065138857766
0.4,0.8,0.6,0.1,0.241402,49925,0.05706234601071346
0.7,0.5,0.1,0.9,0.24140313,49925,0.05221846562454668
0.6,0.6,0.2,0.9,0.24140342,49925,0.053108450565508676
0.9,0.4,0.2,0.9,0.24140352,49925,0.05330831547762176
0.3,0.8,0.3,0.9,0.2414054,49925,0.05359007082771809
0.9,0.4,0.3,0.8,0.24140584,49925,0.05426117698399737
0.6,0.1,0.2,0.4,0.24140596,49925,0.05507702298414841
0.3,0.7,0.5,0.1,0.2414062,49925,0.057030235361550705
0.2,0.6,0.5,0.9,0.24140835,49925,0.054764362322892134
0.6,0.8,0.4,0.9,0.24140841,49925,0.05439732892864492
0.4,0.5,0.4,0.6,0.24140862,49925,0.05569941191235976
0.4,0.2,0.8,0.9,0.24140866,49925,0.055740176774389416
0.9,0.6,0.6,0.9,0.24140947,49925,0.05581025984945644
0.3,0.2,0.2,0.3,0.24140947,49925,0.055810259849456444
0.6,0.4,0.4,0.6,0.24140947,49925,0.055810259849456444
0.6,0.9,0.7,0.8,0.24141188,49925,0.0561469656158212
0.9,0.3,0.2,0.8,0.2414134,49925,0.053537420338098496
0.8,0.1,0.3,0.4,0.24141364,49925,0.05578010718266885
0.3,0.3,0.8,0.9,0.24141401,49925,0.055530108980015105
0.2,0.3,0.2,0.8,0.24141411,49925,0.052510532111863795
0.7,0.5,0.2,0.8,0.24141443,49925,0.05329059659481068
0.1,0.6,0.2,0.5,0.24141479,49925,0.05363869307744568
0.7,0.4,0.5,0.1,0.24141482,49925,0.05695620909989645
0.7,0.7,0.6,0.9,0.2414152,49925,0.055746845958382245
0.4,0.9,0.6,0.5,0.24141544,49925,0.05630953113941769
0.3,0.8,0.5,0.4,0.24141581,49925,0.056216483487949956
0.4,0.5,0.1,0.8,0.24141745,49925,0.052179533779122385
0.5,0.3,0.3,0.6,0.24141817,49925,0.055256980277309006
0.9,0.5,0.5,0.7,0.24141845,49925,0.05570810665075357
0.9,0.7,0.7,0.6,0.24141863,49925,0.0565770169030165
0.9,0.3,0.5,0.5,0.24141875,49925,0.056546150015349385
0.4,0.5,0.1,0.7,0.24141902,49925,0.052296057288317634
0.2,0.1,0.1,0.6,0.24141972,49925,0.05150860033253274
0.1,0.4,0.1,0.8,0.24141999,49925,0.050955840555720236
0.4,0.8,0.4,0.9,0.24142027,49925,0.05441247250579469
0.4,0.9,0.6,0.3,0.24142095,49925,0.05656140327799265
0.9,0.5,0.4,0.8,0.24142167,49925,0.05485277432125387
0.5,0.4,0.1,0.8,0.24142279,49925,0.052379685816052644
0.3,0.7,0.5,0.7,0.24142341,49925,0.055709306778010614
0.6,0.7,0.3,0.9,0.24142359,49925,0.053812044329879974
0.9,0.7,0.6,0.9,0.241424,49925,0.05560135144828615
0.7,0.6,0.2,0.9,0.24142443,49925,0.05304449842480389
0.1,0.7,0.3,0.7,0.24142498,49925,0.05398236194974443
0.3,0.3,0.3,0.9,0.24142528,49925,0.053476289239503184
0.1,0.1,0.1,0.3,0.24142528,49925,0.05347628923950318
0.2,0.2,0.2,0.6,0.24142528,49925,0.05347628923950318
0.5,0.1,0.9,0.9,0.2414253,49925,0.056084466874609315
0.2,0.9,0.1,0.8,0.24142605,49925,0.0514710594068332
0.9,0.6,0.4,0.9,0.24142645,49925,0.05456628996493759
0.6,0.7,0.6,0.3,0.24142776,49925,0.05685255732358158
0.9,0.6,0.6,0.8,0.24142835,49925,0.05595292399385294
0.8,0.1,0.2,0.5,0.24142866,49925,0.05438701476716571
0.6,0.2,0.2,0.5,0.24142872,49925,0.0545280117556754
0.4,0.7,0.2,0.8,0.24142885,49925,0.053044900385534985
0.3,0.9,0.6,0.8,0.24142906,49925,0.05570240326746655
0.1,0.6,0.2,0.9,0.24142912,49925,0.05223516397922092
0.4,0.5,0.3,0.7,0.24142945,49925,0.054528427088804884
0.7,0.5,0.5,0.5,0.24142958,49925,0.0563256931418251
0.8,0.4,0.5,0.4,0.2414302,49925,0.05657749880620582
0.4,0.8,0.3,0.8,0.24143054,49925,0.05381230276741736
0.6,0.3,0.2,0.6,0.24143076,49925,0.05406057014927412
0.7,0.7,0.6,0.8,0.24143085,49925,0.0559255376088156
0.9,0.3,0.1,0.8,0.24143127,49925,0.052422033628448085
0.6,0.5,0.4,0.6,0.24143273,49925,0.05552369145028777
0.4,0.5,0.4,0.4,0.24143331,49925,0.05626323397997484
0.5,0.8,0.3,0.9,0.24143332,49925,0.05366316668421305
0.8,0.2,0.4,0.4,0.241434,49925,0.05648407433264072
0.4,0.1,0.2,0.2,0.241434,49925,0.05648407433264072
0.9,0.9,0.8,0.7,0.24143551,49925,0.05650030663103193
0.9,0.1,0.3,0.6,0.2414356,49925,0.055222345326737844
0.4,0.2,0.5,0.9,0.24143784,49925,0.0548666617560976
0.9,0.5,0.6,0.9,0.24143858,49925,0.05598947169715498
0.9,0.6,0.5,0.8,0.24143903,49925,0.05536944291377691
0.1,0.6,0.5,0.8,0.24143918,49925,0.05486686857068007
0.5,0.1,0.7,0.9,0.24143986,49925,0.05575572649276175
0.2,0.5,0.6,0.9,0.24144,49925,0.05506677411246768
0.2,0.7,0.2,0.7,0.24144027,49925,0.053104151635470026
0.2,0.7,0.4,0.7,0.24144098,49925,0.05494803589318198
0.6,0.5,0.2,0.7,0.24144113,49925,0.05343250046366126
0.8,0.6,0.5,0.7,0.24144123,49925,0.05559777555838213
0.5,0.6,0.3,0.8,0.2414435,49925,0.05415036520789126
0.6,0.9,0.7,0.7,0.24144371,49925,0.0563316088176457
0.2,0.3,0.6,0.7,0.2414446,49925,0.0555432660636071
0.5,0.5,0.5,0.1,0.2414447,49925,0.05741025828345015
0.6,0.3,0.1,0.8,0.24144556,49925,0.05257480273299138
0.4,0.1,0.3,0.8,0.24144706,49925,0.05394787816875334
0.5,0.3,0.2,0.5,0.24144723,49925,0.05438293921806428
0.3,0.8,0.2,0.9,0.24144737,49925,0.05275094373936453
0.8,0.3,0.5,0.2,0.24144875,49925,0.05718506851714565
0.7,0.8,0.7,0.3,0.24144927,49925,0.05694723371915906
0.8,0.1,0.4,0.1,0.24144971,49925,0.0571001711609727
0.4,0.7,0.1,0.9,0.24145016,49925,0.05184572235878351
0.8,0.7,0.7,0.2,0.24145052,49925,0.057067067334514256
0.8,0.1,0.3,0.5,0.24145079,49925,0.05562867491645983
0.7,0.2,0.2,0.6,0.24145105,49925,0.054226924722951146
0.2,0.3,0.8,0.7,0.2414512,49925,0.05589815281821561
0.3,0.5,0.1,0.7,0.24145311,49925,0.05220201343878564
0.8,0.5,0.6,0.3,0.24145316,49925,0.05710656504709127
0.2,0.1,0.8,0.5,0.24145448,49925,0.05538928203094925
0.6,0.1,0.3,0.3,0.24145456,49925,0.05678243646458484
0.1,0.2,0.1,0.5,0.24145459,49925,0.05186515673389858
0.8,0.7,0.7,0.3,0.24145518,49925,0.05705016978683858
0.6,0.7,0.4,0.9,0.24145584,49925,0.05456311722817005
0.4,0.8,0.1,0.9,0.24145772,49925,0.05170993257224755
0.6,0.6,0.2,0.8,0.24145812,49925,0.05314073372107434
0.3,0.3,0.1,0.4,0.24145812,49925,0.05314073372107434
0.9,0.8,0.8,0.3,0.24145842,49925,0.05709313101968409
0.7,0.6,0.5,0.9,0.24145901,49925,0.05534973655769784
0.2,0.3,0.2,0.7,0.24145909,49925,0.05311785099103474
0.7,0.4,0.2,0.7,0.24146098,49925,0.05356669413359562
0.9,0.9,0.8,0.8,0.24146505,49925,0.05636441769968835
0.6,0.4,0.4,0.5,0.24146529,49925,0.05603330319929677
0.4,0.4,0.1,0.7,0.24146543,49925,0.052457872108555216
0.7,0.3,0.1,0.7,0.24146558,49925,0.05259422521427363
0.7,0.5,0.5,0.8,0.24146588,49925,0.055735266782817434
0.4,0.5,0.2,0.6,0.24146631,49925,0.05370230490194833
0.1,0.5,0.3,0.4,0.24146639,49925,0.05552693348649397
0.9,0.5,0.4,0.9,0.24146748,49925,0.05475594404681909
0.6,0.6,0.5,0.7,0.24146795,49925,0.055820134701141784
0.5,0.5,0.4,0.6,0.2414685,49925,0.05565213222866768
0.1,0.7,0.3,0.9,0.24146913,49925,0.053219727460929823
0.4,0.9,0.3,0.8,0.24147056,49925,0.053603485968211184
0.9,0.6,0.6,0.7,0.24147056,49925,0.0561121368896482
0.7,0.9,0.8,0.2,0.24147126,49925,0.05732134807702375
0.3,0.5,0.4,0.1,0.24147283,49925,0.057199019512558666
0.8,0.9,0.8,0.4,0.24147464,49925,0.05695455115990066
0.2,0.6,0.4,0.9,0.24147499,49925,0.05422443970297748
0.5,0.4,0.4,0.5,0.24147502,49925,0.056200542468060256
0.4,0.5,0.4,0.5,0.24147545,49925,0.0559888871889375
0.7,0.3,0.2,0.7,0.24147591,49925,0.05381828706304975
0.6,0.6,0.5,0.6,0.24147595,49925,0.05600996936502348
0.6,0.5,0.2,0.8,0.24147613,49925,0.053365615134664805
0.2,0.6,0.1,0.6,0.24147658,49925,0.052078474484189084
0.1,0.9,0.3,0.9,0.24147713,49925,0.05325888337455413
0.8,0.5,0.5,0.6,0.24147756,49925,0.05599341686331645
0.2,0.8,0.5,0.1,0.24147771,49925,0.05678139435040375
0.2,0.5,0.7,0.9,0.2414782,49925,0.05538215169988505
0.4,0.7,0.3,0.8,0.24147852,49925,0.05397478222768613
0.3,0.4,0.1,0.6,0.24147949,49925,0.052565798822478575
0.9,0.9,0.9,0.2,0.24148005,49925,0.057419869884175564
0.6,0.7,0.6,0.9,0.24148136,49925,0.05574965012729312
0.5,0.7,0.4,0.9,0.24148224,49925,0.05455523270376475
0.9,0.4,0.4,0.8,0.24148235,49925,0.055078858607479304
0.7,0.4,0.4,0.6,0.24148318,49925,0.055671473817650176
0.2,0.6,0.4,0.1,0.2414833,49925,0.05692492116468311
0.2,0.9,0.5,0.9,0.24148351,49925,0.05479314590416019
0.6,0.7,0.6,0.1,0.24148396,49925,0.05674527627672558
0.1,0.4,0.1,0.4,0.2414851,49925,0.0527948457367191
0.2,0.8,0.2,0.8,0.2414851,49925,0.0527948457367191
0.8,0.6,0.6,0.9,0.24148616,49925,0.05587054348799448
0.1,0.6,0.4,0.7,0.24148619,49925,0.054741141619770464
0.9,0.1,0.2,0.6,0.24148849,49925,0.054101240972264555
0.6,0.4,0.1,0.9,0.24148877,49925,0.05231503091232124
0.2,0.6,0.3,0.6,0.24148878,49925,0.05458233012770933
0.1,0.9,0.5,0.6,0.24148893,49925,0.055567667677256224
0.8,0.8,0.7,0.9,0.24148908,49925,0.056027234780035504
0.2,0.9,0.5,0.4,0.2414892,49925,0.05600006109714161
0.6,0.8,0.7,0.2,0.2414897,49925,0.05730632038923606
0.9,0.6,0.5,0.9,0.24149084,49925,0.055225460502009424
0.4,0.1,0.1,0.3,0.24149089,49925,0.054040089736062814
0.8,0.2,0.2,0.6,0.24149089,49925,0.054040089736062814
0.1,0.8,0.3,0.8,0.2414911,49925,0.05360010950200447
0.7,0.4,0.1,0.8,0.24149114,49925,0.052377364654549
0.7,0.8,0.7,0.9,0.24149124,49925,0.05606704740026984
0.3,0.6,0.4,0.3,0.24149308,49925,0.056297221570216154
0.1,0.3,0.1,0.7,0.24149325,49925,0.05101778458880663
0.4,0.3,0.3,0.4,0.24149363,49925,0.056053366671730685
0.8,0.6,0.6,0.8,0.24149363,49925,0.056053366671730685
0.5,0.6,0.5,0.4,0.24149415,49925,0.056561393542775784
0.8,0.4,0.4,0.8,0.24149448,49925,0.055184404906216
0.6,0.3,0.3,0.6,0.24149448,49925,0.055184404906216004
0.2,0.1,0.1,0.2,0.24149448,49925,0.055184404906216
0.4,0.2,0.2,0.4,0.24149448,49925,0.055184404906216
0.9,0.3,0.3,0.8,0.24149488,49925,0.05446365603149013
0.3,0.6,0.1,0.8,0.24149491,49925,0.051939098812667756
0.8,0.9,0.7,0.1,0.24149579,49925,0.05585729835365234
0.5,0.6,0.2,0.8,0.24149685,49925,0.053214483668913196
0.9,0.3,0.2,0.7,0.24149686,49925,0.0535634896325723
0.1,0.8,0.5,0.7,0.24149708,49925,0.05534474520585804
0.6,0.3,0.1,0.7,0.24149725,49925,0.052679265630687436
0.5,0.4,0.3,0.6,0.24149777,49925,0.05502267373259946
0.2,0.7,0.3,0.7,0.24149805,49925,0.05411063125429282
0.8,0.4,0.1,0.9,0.24149823,49925,0.05232301991267534
0.1,0.4,0.2,0.6,0.24149887,49925,0.05333459614294148
0.2,0.9,0.4,0.9,0.24149898,49925,0.054148266741268776
0.3,0.4,0.2,0.5,0.24149978,49925,0.054249287453658694
0.1,0.9,0.4,0.8,0.24149983,49925,0.05429325657374442
0.7,0.2,0.4,0.1,0.24150011,49925,0.057039053956901696
0.9,0.4,0.1,0.9,0.24150223,49925,0.05226449113371274
0.4,0.6,0.3,0.7,0.24150302,49925,0.05433701399949809
0.1,0.6,0.3,0.6,0.24150361,49925,0.05442350722729703
0.6,0.5,0.2,0.9,0.241505,49925,0.05323839272019059
0.3,0.3,0.1,0.5,0.24150567,49925,0.052986812657859136
0.7,0.6,0.4,0.9,0.24150749,49925,0.054706678546360334
0.4,0.8,0.6,0.6,0.24150814,49925,0.05635061900444228
0.2,0.4,0.3,0.3,0.24150814,49925,0.05635061900444228
0.9,0.4,0.6,0.2,0.24150962,49925,0.05722157803203528
0.5,0.6,0.4,0.8,0.24151054,49925,0.0549263576854672
0.9,0.5,0.5,0.8,0.24151185,49925,0.05557898013771254
0.9,0.7,0.6,0.8,0.24151191,49925,0.05575610434254512
0.3,0.2,0.8,0.7,0.24151193,49925,0.056187852486241564
0.8,0.3,0.1,0.8,0.24151307,49925,0.052522643575006106
0.9,0.3,0.2,0.9,0.24151373,49925,0.05347293201360416
0.1,0.7,0.4,0.5,0.24151473,49925,0.05555171514665596
0.3,0.9,0.1,0.9,0.24151582,49925,0.05152276495302548
0.4,0.6,0.2,0.7,0.241516,49925,0.053348261308705125
0.1,0.5,0.1,0.5,0.24151632,49925,0.05227432862120858
0.5,0.5,0.3,0.7,0.24151678,49925,0.054545157183933275
0.9,0.7,0.7,0.5,0.24151686,49925,0.05670771566872328
0.1,0.8,0.5,0.8,0.24151698,49925,0.054959194674319665
0.8,0.2,0.4,0.5,0.24151774,49925,0.056306160181067565
0.9,0.2,0.4,0.5,0.24151783,49925,0.05605071387349776
0.9,0.6,0.7,0.3,0.24151817,49925,0.05715074706412299
0.4,0.2,0.1,0.4,0.24151827,49925,0.05341551919378931
0.8,0.4,0.2,0.8,0.24151827,49925,0.05341551919378931
0.7,0.5,0.4,0.8,0.2415185,49925,0.05506786161993042
0.6,0.7,0.6,0.5,0.24151866,49925,0.05659301881498019
0.7,0.6,0.3,0.9,0.24151953,49925,0.05393200054492909
0.3,0.5,0.2,0.6,0.24152145,49925,0.05373352693952668
0.5,0.4,0.2,0.6,0.24152151,49925,0.05390978727856075
0.1,0.8,0.4,0.3,0.2415217,49925,0.05580390911866549
0.7,0.4,0.3,0.8,0.2415221,49925,0.0544355195436434
0.5,0.3,0.1,0.7,0.24152283,49925,0.05269033020371221
0.5,0.7,0.2,0.9,0.24152315,49925,0.05294282325713106
0.1,0.2,0.4,0.4,0.24152377,49925,0.05583280428489609
0.2,0.4,0.8,0.8,0.24152377,49925,0.05583280428489609
0.3,0.5,0.4,0.5,0.24152455,49925,0.05607345344865456
0.8,0.4,0.5,0.5,0.24152482,49925,0.05644204550729973
0.8,0.2,0.2,0.7,0.24152558,49925,0.053949044130021134
0.4,0.8,0.5,0.9,0.24152574,49925,0.05504405055550249
0.2,0.5,0.5,0.8,0.24152589,49925,0.05514389865443808
0.7,0.5,0.5,0.6,0.24152593,49925,0.056148205906520664
0.8,0.8,0.8,0.2,0.24152628,49925,0.057423675348134154
0.4,0.4,0.4,0.1,0.24152628,49925,0.057423675348134154
0.5,0.8,0.4,0.9,0.24152671,49925,0.054405833438465175
0.4,0.3,0.2,0.5,0.2415272,49925,0.05450554474410284
0.6,0.9,0.7,0.6,0.24152747,49925,0.056495574409596
0.4,0.2,0.1,0.5,0.24152829,49925,0.053259874782880516
0.7,0.4,0.2,0.9,0.24152832,49925,0.05339132419029992
0.6,0.5,0.5,0.3,0.24152869,49925,0.05689972543967689
0.8,0.4,0.3,0.8,0.2415292,49925,0.05436708111202729
0.2,0.9,0.5,0.3,0.24152936,49925,0.05617880194795096
0.8,0.4,0.2,0.9,0.24152957,49925,0.053357905284594664
0.8,0.5,0.4,0.8,0.24153097,49925,0.05496918550223853
0.8,0.5,0.5,0.7,0.24153127,49925,0.055832505292732176
0.5,0.2,0.1,0.5,0.24153137,49925,0.05319864484639432
0.2,0.7,0.4,0.9,0.24153173,49925,0.05424476892505555
0.7,0.9,0.7,0.1,0.24153209,49925,0.05623414920519356
0.1,0.8,0.3,0.9,0.24153239,49925,0.053283591918145315
0.8,0.1,0.4,0.4,0.24153271,49925,0.05692011283980772
0.5,0.9,0.7,0.6,0.24153294,49925,0.05659292222994028
0.6,0.4,0.2,0.7,0.24153323,49925,0.05368736858309739
0.2,0.9,0.2,0.9,0.24153349,49925,0.05252523354137004
0.3,0.7,0.5,0.4,0.2415339,49925,0.0565519776707622
0.7,0.4,0.3,0.7,0.24153413,49925,0.054619642096622595
0.2,0.8,0.5,0.8,0.24153551,49925,0.05515564954685554
0.9,0.5,0.6,0.5,0.24153617,49925,0.056629554035851126
0.4,0.8,0.3,0.9,0.24153619,49925,0.05365761781947025
0.1,0.2,0.9,0.5,0.24153762,49925,0.054736992109001154
0.5,0.4,0.4,0.3,0.24153833,49925,0.05670980323072751
0.3,0.7,0.2,0.8,0.24153858,49925,0.0530122008427668
0.4,0.8,0.6,0.5,0.24153924,49925,0.056578430670222474
0.5,0.6,0.5,0.6,0.24153991,49925,0.056113394709542595
0.5,0.8,0.6,0.5,0.24154086,49925,0.05645301618822863
0.8,0.3,0.4,0.6,0.24154297,49925,0.05580309391103634
0.8,0.5,0.3,0.9,0.2415445,49925,0.05405555561743021
0.9,0.1,0.4,0.4,0.24154602,49925,0.05658175918658213
0.9,0.4,0.3,0.9,0.24154699,49925,0.05415008871500645
0.7,0.7,0.7,0.2,0.24154723,49925,0.05740599987216398
0.3,0.4,0.5,0.9,0.24154925,49925,0.0549015017381423
0.1,0.8,0.1,0.7,0.24154928,49925,0.051520273474078886
0.2,0.6,0.4,0.5,0.24154964,49925,0.055816781915642655
0.1,0.4,0.5,0.6,0.24155053,49925,0.05553456158143068
0.7,0.5,0.3,0.9,0.24155064,49925,0.054087772918662784
0.3,0.1,0.2,0.6,0.24155249,49925,0.05382398265120875
0.5,0.5,0.1,0.9,0.24155384,49925,0.052157662159324845
0.8,0.6,0.6,0.7,0.24155478,49925,0.056224236309855125
0.5,0.5,0.4,0.8,0.24155566,49925,0.055073191626079404
0.9,0.1,0.1,0.7,0.24155578,49925,0.05281350429122436
0.5,0.8,0.6,0.3,0.24155667,49925,0.05672158255638656
0.6,0.6,0.4,0.8,0.24155726,49925,0.054900734586879996
0.3,0.3,0.2,0.4,0.24155726,49925,0.054900734586879996
0.7,0.7,0.6,0.7,0.2415584,49925,0.05610701637126218
0.1,0.7,0.6,0.9,0.24155913,49925,0.055012217751578316
0.5,0.7,0.6,0.8,0.24155949,49925,0.05601736574513555
0.5,0.2,0.2,0.5,0.24156167,49925,0.054692248901529295
0.6,0.9,0.7,0.5,0.24156326,49925,0.05663343497206628
0.2,0.7,0.5,0.9,0.24156328,49925,0.05483764000767703
0.4,0.4,0.3,0.6,0.24156587,49925,0.05501998584338024
0.2,0.6,0.4,0.4,0.24156752,49925,0.056201369742868254
0.1,0.3,0.2,0.2,0.24156752,49925,0.056201369742868254
0.3,0.9,0.6,0.6,0.24156752,49925,0.056201369742868254
0.3,0.6,0.1,0.7,0.24156903,49925,0.05205231599947107
0.7,0.6,0.6,0.1,0.2415694,49925,0.05685043901635194
0.5,0.6,0.5,0.5,0.24156989,49925,0.05634649120150226
0.7,0.6,0.6,0.3,0.24157059,49925,0.056986029379150156
0.4,0.3,0.3,0.5,0.24157259,49925,0.055664786333484276
0.8,0.1,0.1,0.6,0.24157271,49925,0.05293594073349178
0.4,0.7,0.3,0.9,0.24157296,49925,0.0537870733741448
0.4,0.6,0.5,0.6,0.24157326,49925,0.056182357998815984
0.4,0.7,0.5,0.4,0.24157356,49925,0.056414921229509585
0.5,0.4,0.2,0.7,0.24157363,49925,0.05373144570427268
0.3,0.7,0.1,0.8,0.24157529,49925,0.05181320134761446
0.7,0.3,0.1,0.9,0.24157579,49925,0.05250216024148333
0.1,0.7,0.5,0.8,0.24157597,49925,0.054929295816783213
0.7,0.4,0.4,0.8,0.24157667,49925,0.055248440342794684
0.8,0.5,0.5,0.9,0.24157673,49925,0.05546869524263268
0.8,0.9,0.8,0.9,0.24157682,49925,0.05631792213265077
0.1,0.8,0.6,0.9,0.24157703,49925,0.05510056147271684
0.6,0.5,0.3,0.8,0.24157703,49925,0.054298193885461275
0.8,0.3,0.5,0.1,0.2415773,49925,0.05706895282099714
0.6,0.7,0.6,0.4,0.24157742,49925,0.05673989444309435
0.5,0.2,0.1,0.6,0.24157825,49925,0.053066790066414474
0.8,0.4,0.5,0.8,0.24157831,49925,0.0558485727706366
0.9,0.3,0.5,0.3,0.24157965,49925,0.05674759547426376
0.3,0.7,0.5,0.5,0.24158068,49925,0.056292368713922354
0.3,0.9,0.5,0.9,0.24158083,49925,0.0548909023470215
0.2,0.5,0.4,0.8,0.24158159,49925,0.05456645265784262
0.7,0.9,0.7,0.8,0.24158315,49925,0.056077296962548276
0.2,0.3,0.1,0.9,0.24158488,49925,0.050835359663684965
0.6,0.7,0.6,0.7,0.24158508,49925,0.05619866531116992
0.5,0.9,0.7,0.8,0.24158552,49925,0.05619478876870772
0.5,0.7,0.3,0.9,0.24158552,49925,0.053818634200427255
0.4,0.7,0.4,0.9,0.2415861,49925,0.054538695058780805
0.1,0.9,0.1,0.8,0.24158731,49925,0.05133035906738288
0.5,0.4,0.4,0.6,0.2415913,49925,0.05587803140803758
0.1,0.6,0.2,0.8,0.24159168,49925,0.052639293428075995
0.3,0.5,0.4,0.9,0.24159248,49925,0.05444636869361797
0.7,0.4,0.1,0.9,0.2415935,49925,0.05235847137986364
0.9,0.7,0.7,0.9,0.24159378,49925,0.056134282432895824
0.3,0.2,0.1,0.4,0.24159576,49925,0.053547863792966444
0.6,0.4,0.2,0.8,0.24159576,49925,0.053547863792966444
0.7,0.8,0.7,0.4,0.2415964,49925,0.05686500970932191
0.2,0.3,0.2,0.4,0.24159716,49925,0.05490569387337239
0.4,0.6,0.4,0.8,0.24159716,49925,0.05490569387337239
0.4,0.9,0.6,0.4,0.2415978,49925,0.0564593172551037
0.3,0.7,0.2,0.9,0.24160106,49925,0.05281229807250404
0.4,0.1,0.2,0.9,0.2416012,49925,0.05252184423454692
0.9,0.4,0.6,0.3,0.24160175,49925,0.057199513489097284
0.2,0.4,0.1,0.5,0.24160293,49925,0.05267213757011764
0.2,0.3,0.9,0.7,0.24160294,49925,0.05592860854990513
0.5,0.3,0.2,0.6,0.24160331,49925,0.05415699038050611
0.5,0.7,0.6,0.1,0.24160607,49925,0.057224781041075055
0.3,0.2,0.5,0.7,0.24160641,49925,0.05548416548662302
0.3,0.9,0.6,0.9,0.2416075,49925,0.055446407000255465
0.2,0.6,0.4,0.6,0.2416075,49925,0.05544640700025546
0.1,0.3,0.2,0.3,0.2416075,49925,0.05544640700025546
0.1,0.7,0.2,0.9,0.24160759,49925,0.05236345749668766
0.6,0.4,0.4,0.7,0.24160862,49925,0.0555392682673638
0.9,0.2,0.5,0.1,0.24160914,49925,0.05713677859904453
0.2,0.4,0.7,0.8,0.24160932,49925,0.05562270257604598
0.4,0.7,0.5,0.3,0.24160959,49925,0.05654993254880494
0.2,0.4,0.3,0.1,0.24160962,49925,0.05709760259094778
0.4,0.8,0.6,0.2,0.24160962,49925,0.05709760259094778
0.6,0.9,0.7,0.4,0.24160972,49925,0.05675712711678198
0.6,0.4,0.3,0.7,0.24161029,49925,0.0547040178848797
0.4,0.7,0.5,0.8,0.24161042,49925,0.05543347301651403
0.2,0.4,0.9,0.8,0.24161042,49925,0.05597187142569669
0.3,0.6,0.2,0.8,0.24161346,49925,0.05311771137280695
0.8,0.3,0.3,0.8,0.24161552,49925,0.054558327537891964
0.3,0.1,0.4,0.6,0.24161632,49925,0.055333876208444675
0.9,0.9,0.7,0.1,0.24161848,49925,0.055455549704129414
0.2,0.9,0.6,0.9,0.24161932,49925,0.055322946500971394
0.8,0.4,0.3,0.9,0.24162127,49925,0.054209661265123596
0.9,0.2,0.2,0.7,0.24162298,49925,0.053805573557788346
0.5,0.9,0.7,0.7,0.24162304,49925,0.05640248996793453
0.6,0.3,0.2,0.7,0.24162322,49925,0.05389748019554454
0.9,0.4,0.5,0.7,0.24162327,49925,0.05596280544652666
0.1,0.4,0.2,0.4,0.24162409,49925,0.0545238441240634
0.2,0.8,0.4,0.8,0.24162409,49925,0.0545238441240634
0.5,0.8,0.6,0.4,0.24162613,49925,0.0566264993276545
0.6,0.5,0.5,0.4,0.24162622,49925,0.056733716555533595
0.2,0.8,0.5,0.6,0.24162629,49925,0.055799177676851386
0.7,0.1,0.3,0.5,0.24162778,49925,0.05587093409733025
0.7,0.1,0.3,0.4,0.24162851,49925,0.056165684375662564
0.1,0.7,0.1,0.7,0.2416303,49925,0.05161415369326089
0.3,0.7,0.1,0.9,0.24163161,49925,0.05171362545448784
0.3,0.8,0.1,0.9,0.24163224,49925,0.05161451330732008
0.7,0.8,0.7,0.8,0.24163298,49925,0.05626777697575855
0.6,0.5,0.4,0.8,0.2416332,49925,0.055093286914595536
0.2,0.2,0.2,0.5,0.24163373,49925,0.05427558456240913
0.6,0.2,0.1,0.6,0.2416354,49925,0.05301701006425658
0.6,0.2,0.1,0.5,0.24163555,49925,0.05301763926266268
0.4,0.2,0.3,0.9,0.24163613,49925,0.05370639879346945
0.5,0.5,0.2,0.8,0.24163625,49925,0.05338102632423454
0.3,0.9,0.6,0.2,0.24163662,49925,0.0568958132754482
0.4,0.6,0.2,0.8,0.24163677,49925,0.053211890838059384
0.2,0.3,0.1,0.4,0.24163677,49925,0.053211890838059384
0.7,0.8,0.7,0.6,0.24163875,49925,0.05659732591773766
0.1,0.7,0.4,0.1,0.24163875,49925,0.05663774390670842
0.2,0.6,0.2,0.7,0.24164088,49925,0.053218917468949155
0.2,0.8,0.5,0.4,0.24164149,49925,0.05635811593284412
0.8,0.5,0.4,0.9,0.24164398,49925,0.054824799349985624
0.3,0.5,0.3,0.7,0.24164613,49925,0.054493046040346445
0.8,0.1,0.4,0.2,0.24164638,49925,0.057221283520081954
0.7,0.1,0.2,0.5,0.24164946,49925,0.05466105111259781
0.9,0.4,0.5,0.8,0.24164978,49925,0.05579034204111113
0.7,0.3,0.1,0.8,0.24165003,49925,0.05256984587041586
0.6,0.4,0.4,0.8,0.24165198,49925,0.055240666001036255
0.3,0.2,0.2,0.4,0.24165198,49925,0.055240666001036255
0.3,0.6,0.3,0.7,0.24165453,49925,0.054355491411122184
0.2,0.8,0.1,0.8,0.24165605,49925,0.051607498456128074
0.1,0.9,0.1,0.9,0.24165706,49925,0.05122490920484949
0.7,0.5,0.5,0.9,0.2416577,49925,0.05548630366072211
0.4,0.3,0.3,0.6,0.24165832,49925,0.05520183359210172
0.5,0.6,0.2,0.9,0.24165945,49925,0.05310370812460264
0.7,0.4,0.5,0.3,0.24165946,49925,0.057009264158584746
0.2,0.9,0.6,0.8,0.24165967,49925,0.055608154387401895
0.5,0.1,0.4,0.9,0.2416605,49925,0.05454576384159308
0.5,0.3,0.1,0.8,0.24166085,49925,0.05250792576628324
0.1,0.9,0.6,0.9,0.24166124,49925,0.05514100618097368
0.5,0.6,0.4,0.9,0.24166164,49925,0.05469574838753783
0.2,0.5,0.1,0.6,0.24166237,49925,0.05227429411114245
0.1,0.3,0.2,0.4,0.24166289,49925,0.054609696437270136
0.2,0.6,0.4,0.8,0.24166289,49925,0.054609696437270136
0.5,0.9,0.7,0.9,0.24166326,49925,0.055980905906408425
0.9,0.3,0.4,0.8,0.24166328,49925,0.05527824259379116
0.8,0.3,0.4,0.7,0.24166414,49925,0.05560819561539079
0.3,0.2,0.7,0.7,0.24166436,49925,0.056048331529996324
0.9,0.7,0.7,0.8,0.2416654,49925,0.056294139157589025
0.3,0.9,0.6,0.1,0.24166553,49925,0.05686206390109237
0.8,0.2,0.3,0.7,0.24166562,49925,0.05495513617064558
0.4,0.7,0.2,0.9,0.2416657,49925,0.052916452993339566
0.6,0.3,0.4,0.6,0.24166583,49925,0.05606751509491973
0.8,0.7,0.7,0.9,0.24166583,49925,0.05619577044727744
0.6,0.6,0.4,0.9,0.2416668,49925,0.0547077460600528
0.2,0.2,0.9,0.6,0.24166702,49925,0.05574431359542268
0.1,0.8,0.1,0.8,0.24166772,49925,0.051381186632458
0.3,0.9,0.6,0.5,0.24166863,49925,0.05641811119994698
0.4,0.6,0.3,0.8,0.24167019,49925,0.05411967503541365
0.3,0.6,0.2,0.7,0.24167031,49925,0.0533205105363439
0.6,0.5,0.5,0.6,0.2416705,49925,0.05627127934435923
0.6,0.9,0.7,0.1,0.24167128,49925,0.056644583849392145
0.2,0.2,0.1,0.8,0.24167144,49925,0.05080583259553713
0.1,0.7,0.2,0.8,0.2416721,49925,0.05264587782668736
0.2,0.3,0.3,0.6,0.241674,49925,0.054698938416393846
0.9,0.2,0.3,0.7,0.2416746,49925,0.054813562876994786
0.2,0.8,0.3,0.9,0.24167673,49925,0.05347839812526919
0.7,0.3,0.2,0.8,0.24167702,49925,0.053680162287008004
0.4,0.2,0.4,0.8,0.24167795,49925,0.05490166654907441
0.2,0.1,0.2,0.4,0.24167795,49925,0.05490166654907441
0.3,0.7,0.4,0.8,0.24167818,49925,0.05472739208394326
0.5,0.3,0.3,0.4,0.24167839,49925,0.055851934589969045
0.9,0.5,0.6,0.7,0.24167962,49925,0.05633783469217387
0.8,0.7,0.7,0.4,0.24167968,49925,0.05700447057864756
0.6,0.4,0.5,0.1,0.24168079,49925,0.05754253386486229
0.2,0.7,0.1,0.7,0.2416813,49925,0.05181304388306303
0.9,0.7,0.7,0.7,0.24168357,49925,0.05641532185113796
0.3,0.6,0.4,0.9,0.24168508,49925,0.054484913331532596
0.4,0.3,0.1,0.7,0.24168564,49925,0.05257262102593784
0.5,0.4,0.4,0.4,0.24168582,49925,0.05644709836889206
0.2,0.4,0.4,0.7,0.24168588,49925,0.0549657217126193
0.3,0.2,0.6,0.7,0.24168684,49925,0.05584770020961646
0.7,0.3,0.3,0.7,0.24168822,49925,0.05483595722580346
0.9,0.2,0.2,0.8,0.24168848,49925,0.053740272678268385
0.9,0.9,0.8,0.9,0.24169084,49925,0.05624698636590172
0.4,0.3,0.4,0.9,0.24169174,49925,0.0545709551285825
0.9,0.5,0.6,0.8,0.24169411,49925,0.056177019162753014
0.9,0.5,0.6,0.1,0.24169444,49925,0.05647092938066132
0.4,0.5,0.2,0.7,0.24169451,49925,0.0535537102852098
0.3,0.4,0.3,0.5,0.24169484,49925,0.05540674543951248
0.8,0.8,0.7,0.8,0.24169602,49925,0.05619442922123871
0.3,0.3,0.6,0.8,0.24169639,49925,0.0555786938860327
0.2,0.6,0.1,0.7,0.24169667,49925,0.05193212591851719
0.6,0.4,0.4,0.4,0.24169701,49925,0.056224704690032504
0.3,0.2,0.2,0.2,0.24169701,49925,0.056224704690032504
0.9,0.6,0.6,0.6,0.24169701,49925,0.0562247046900325
0.9,0.3,0.5,0.8,0.24169843,49925,0.0559643460589663
0.1,0.7,0.5,0.7,0.24169974,49925,0.05540140754774482
0.9,0.3,0.1,0.9,0.24169976,49925,0.05246014666797499
0.4,0.6,0.1,0.9,0.24170056,49925,0.05195074866890255
0.3,0.3,0.3,0.7,0.24170119,49925,0.054519450696964344
0.1,0.7,0.2,0.7,0.2417014,49925,0.05293549569229159
0.8,0.3,0.5,0.3,0.24170165,49925,0.05713362641146345
0.7,0.8,0.7,0.5,0.24170187,49925,0.05675842989820816
0.2,0.5,0.3,0.7,0.2417031,49925,0.054284227266871245
0.8,0.3,0.1,0.9,0.24170384,49925,0.052500814364394334
0.9,0.8,0.8,0.4,0.24170388,49925,0.05706475038112932
0.9,0.1,0.4,0.5,0.2417042,49925,0.05641378014027786
0.9,0.5,0.7,0.2,0.2417045,49925,0.057614712279951505
0.2,0.8,0.2,0.9,0.24170467,49925,0.05258805899897219
0.2,0.5,0.2,0.6,0.24170685,49925,0.05366474260199932
0.8,0.1,0.2,0.6,0.24170706,49925,0.0543329420435452
0.1,0.5,0.2,0.7,0.24170727,49925,0.05294482381705417
0.1,0.9,0.5,0.1,0.24170803,49925,0.05655863279825192
0.1,0.5,0.6,0.7,0.2417082,49925,0.05561160945051139
0.8,0.4,0.5,0.7,0.24170864,49925,0.05608740730223145
0.1,0.5,0.2,0.6,0.24170923,49925,0.05340109937917691
0.8,0.6,0.6,0.6,0.24171045,49925,0.0563816433881733
0.4,0.3,0.3,0.3,0.24171045,49925,0.0563816433881733
0.9,0.4,0.5,0.9,0.24171205,49925,0.05557452482517765
0.2,0.6,0.2,0.9,0.24171256,49925,0.052637620544773174
0.8,0.5,0.6,0.8,0.24171282,49925,0.056256069486327165
0.3,0.4,0.3,0.9,0.24171303,49925,0.053669531173255756
0.7,0.6,0.6,0.4,0.2417139,49925,0.05690327162409873
0.9,0.2,0.5,0.4,0.24171391,49925,0.05710343542157407
0.5,0.9,0.7,0.1,0.24171494,49925,0.057058813119136575
0.5,0.7,0.6,0.2,0.24171521,49925,0.05726374088263087
0.3,0.4,0.6,0.9,0.24171558,49925,0.055300645618994976
0.1,0.3,0.1,0.5,0.24171562,49925,0.052340137377803256
0.7,0.2,0.4,0.3,0.24171652,49925,0.05701494118918164
0.5,0.3,0.4,0.1,0.24171793,49925,0.05758651021590284
0.1,0.6,0.2,0.7,0.2417185,49925,0.05298399133694312
0.2,0.4,0.3,0.7,0.24171853,49925,0.05424650206154034
0.5,0.6,0.5,0.8,0.24171902,49925,0.055583462376332944
0.5,0.7,0.5,0.9,0.24171965,49925,0.055194910828687306
0.6,0.6,0.5,0.9,0.24171981,49925,0.05532356712875376
0.8,0.1,0.2,0.7,0.24172224,49925,0.05417389845560219
0.7,0.3,0.4,0.5,0.24172287,49925,0.05618509102498959
0.8,0.1,0.3,0.6,0.24172416,49925,0.05543230917327042
0.8,0.2,0.1,0.7,0.24172446,49925,0.05274186892754713
0.7,0.3,0.4,0.6,0.24172541,49925,0.055964908289403106
0.8,0.1,0.4,0.3,0.2417256,49925,0.05710564926139665
0.2,0.7,0.1,0.8,0.2417268,49925,0.05168131539070641
0.8,0.4,0.5,0.9,0.24172752,49925,0.055621350888078784
0.5,0.4,0.3,0.7,0.24172755,49925,0.05474427096750863
0.8,0.4,0.5,0.6,0.241728,49925,0.05628659444288715
0.3,0.3,0.5,0.8,0.24172805,49925,0.05519875260238638
0.8,0.9,0.8,0.7,0.2417285,49925,0.056605798807148146
0.3,0.5,0.1,0.8,0.2417287,49925,0.05204321233101405
0.7,0.6,0.6,0.8,0.24173205,49925,0.056131051145796425
0.8,0.3,0.4,0.8,0.24173218,49925,0.055351932955672034
0.8,0.7,0.7,0.5,0.24173357,49925,0.05689244449078962
0.3,0.2,0.9,0.7,0.2417337,49925,0.056233948763276524
0.3,0.1,0.1,0.9,0.24173489,49925,0.05051131551538014
0.7,0.6,0.6,0.9,0.2417365,49925,0.05587997905121168
0.3,0.9,0.6,0.7,0.24173757,49925,0.055923751675110024
0.1,0.8,0.5,0.6,0.24173912,49925,0.0557225316100561
0.3,0.2,0.4,0.7,0.24173926,49925,0.05501973777739497
0.7,0.2,0.1,0.6,0.2417397,49925,0.05285403232724883
0.7,0.2,0.1,0.7,0.24174067,49925,0.052856501124049084
0.2,0.5,0.8,0.9,0.24174082,49925,0.05567242723839381
0.9,0.5,0.6,0.6,0.24174167,49925,0.05649039780498738
0.9,0.8,0.7,0.1,0.24174221,49925,0.055920091344074
0.2,0.7,0.2,0.8,0.24174255,49925,0.0528656923136733
0.6,0.5,0.5,0.8,0.24174374,49925,0.055731728416545875
0.9,0.2,0.3,0.8,0.24174425,49925,0.05464504005974776
0.6,0.8,0.7,0.9,0.24174437,49925,0.056090642264904365
0.9,0.6,0.7,0.4,0.24174504,49925,0.057119728222404915
0.7,0.6,0.6,0.6,0.24174619,49925,0.05652315514414679
0.7,0.2,0.3,0.6,0.24174887,49925,0.05531550806685752
0.3,0.3,0.3,0.8,0.24174944,49925,0.0540024724871074
0.2,0.5,0.1,0.7,0.24174945,49925,0.05201845579481829
0.2,0.8,0.1,0.9,0.2417505,49925,0.05147144122814846
0.9,0.8,0.8,0.5,0.2417514,49925,0.056983680466744804
0.2,0.4,0.2,0.5,0.24175392,49925,0.05420745753550335
0.7,0.6,0.6,0.5,0.241754,49925,0.05673749041952072
0.2,0.5,0.9,0.9,0.24175428,49925,0.05585473844770519
0.5,0.1,0.6,0.9,0.24175465,49925,0.055444063189237974
0.1,0.6,0.4,0.5,0.24175516,49925,0.05570926670621783
0.2,0.8,0.5,0.9,0.24175623,49925,0.05482100890607291
0.6,0.2,0.3,0.5,0.2417571,49925,0.055742510256863255
0.8,0.3,0.2,0.9,0.24175742,49925,0.05353087947152055
0.5,0.7,0.6,0.5,0.2417579,49925,0.05673871766728176
0.5,0.7,0.6,0.7,0.24175796,49925,0.056245365837537566
0.6,0.2,0.1,0.7,0.24175876,49925,0.052903464418945154
0.4,0.1,0.6,0.7,0.24175885,49925,0.056119721738791976
0.6,0.5,0.5,0.7,0.24175927,49925,0.05603301087500562
0.1,0.7,0.3,0.8,0.24175997,49925,0.05359256167032024
0.9,0.2,0.4,0.7,0.24176027,49925,0.05570978889427712
0.7,0.2,0.2,0.7,0.24176046,49925,0.054055520599352376
0.9,0.4,0.4,0.9,0.24176122,49925,0.05492484476143575
0.1,0.9,0.6,0.8,0.24176125,49925,0.055468092033079945
0.8,0.5,0.6,0.4,0.24176179,49925,0.05701171118835957
0.2,0.7,0.4,0.8,0.24176203,49925,0.05459108133652041
0.5,0.2,0.3,0.4,0.24176262,49925,0.05626230898308825
0.6,0.5,0.4,0.9,0.24176265,49925,0.054844925559053286
0.1,0.3,0.1,0.6,0.24176283,49925,0.0516334526687577
0.6,0.7,0.6,0.6,0.24176696,49925,0.05639638421183034
0.2,0.7,0.2,0.9,0.24176748,49925,0.052633726195357486
0.6,0.6,0.3,0.9,0.24176753,49925,0.05394892438379604
0.2,0.2,0.1,0.3,0.24176753,49925,0.05394892438379604
0.4,0.4,0.2,0.6,0.24176753,49925,0.05394892438379604
0.2,0.5,0.3,0.8,0.24176787,49925,0.053842697404722514
0.1,0.5,0.4,0.6,0.24176842,49925,0.05520800976162739
0.3,0.2,0.2,0.8,0.24176863,49925,0.05282697847892948
0.7,0.4,0.5,0.7,0.24177156,49925,0.056160072640545254
0.1,0.6,0.1,0.6,0.2417716,49925,0.05189388775537118
0.7,0.1,0.1,0.6,0.24177258,49925,0.053122233721714825
0.8,0.9,0.8,0.5,0.24177273,49925,0.056875171838995306
0.4,0.4,0.4,0.9,0.24177295,49925,0.05465679434156781
0.2,0.6,0.1,0.8,0.24177346,49925,0.05175013957836077
0.5,0.3,0.3,0.7,0.24177389,49925,0.054877836023691104
0.6,0.6,0.6,0.1,0.24177429,49925,0.057365859312823585
0.3,0.4,0.3,0.6,0.24177691,49925,0.05500436830514137
0.5,0.2,0.3,0.6,0.24177724,49925,0.05540901402940116
0.8,0.5,0.6,0.1,0.24177878,49925,0.05696485342238865
0.7,0.4,0.5,0.8,0.24177928,49925,0.055902355560997805
0.8,0.9,0.8,0.6,0.2417797,49925,0.05673695550368517
0.9,0.1,0.2,0.7,0.24178028,49925,0.054054489692468004
0.6,0.5,0.5,0.9,0.24178056,49925,0.05545144637166083
0.3,0.3,0.3,0.4,0.24178064,49925,0.05614371466558536
0.6,0.6,0.6,0.8,0.24178064,49925,0.05614371466558536
0.3,0.5,0.4,0.4,0.24178156,49925,0.05643329376266739
0.2,0.8,0.5,0.2,0.24178232,49925,0.056762237865815586
0.5,0.1,0.2,0.4,0.24178275,49925,0.05538111052117884
0.6,0.5,0.5,0.5,0.24178421,49925,0.05650314059612002
0.9,0.6,0.7,0.9,0.24178506,49925,0.05630567858234813
0.1,0.9,0.5,0.4,0.24178599,49925,0.056106472107633774
0.4,0.6,0.5,0.4,0.24178605,49925,0.05676143991626576
0.4,0.3,0.5,0.9,0.2417864,49925,0.05509836053668236
0.2,0.4,0.1,0.6,0.24178655,49925,0.05238295147301048
0.2,0.6,0.4,0.3,0.2417866,49925,0.05650651489869941
0.1,0.4,0.1,0.6,0.24178694,49925,0.05192731223155343
0.8,0.2,0.1,0.8,0.24178752,49925,0.05271090210065927
0.7,0.5,0.4,0.9,0.24178778,49925,0.054861112048982696
0.6,0.3,0.4,0.3,0.24178909,49925,0.056842869002851924
0.8,0.3,0.5,0.7,0.2417903,49925,0.056299447273126656
0.7,0.7,0.7,0.9,0.24179177,49925,0.056223487699707426
0.7,0.9,0.8,0.7,0.24179289,49925,0.056730289326675766
0.2,0.2,0.3,0.5,0.24179454,49925,0.055248603943260574
0.8,0.8,0.7,0.1,0.24179508,49925,0.05633489234170528
0.1,0.9,0.5,0.2,0.24179533,49925,0.05654229094907406
0.3,0.5,0.2,0.7,0.24179608,49925,0.05348392419218339
0.6,0.8,0.7,0.6,0.24179664,49925,0.056730719527435414
0.3,0.5,0.5,0.9,0.24179786,49925,0.055010787813971444
0.3,0.6,0.3,0.8,0.24179812,49925,0.05407244204851567
0.5,0.2,0.3,0.3,0.24179833,49925,0.05658849537220023
0.4,0.4,0.4,0.5,0.24179853,49925,0.05627683715210721
0.6,0.5,0.3,0.9,0.24179924,49925,0.054092693251806614
0.1,0.8,0.2,0.9,0.24180062,49925,0.05236270569423735
0.8,0.6,0.7,0.2,0.24180265,49925,0.05750355495895027
0.2,0.8,0.5,0.5,0.24180384,49925,0.056064561996592086
0.7,0.4,0.4,0.9,0.24180403,49925,0.05498857256713341
0.5,0.4,0.4,0.7,0.24180493,49925,0.05552100190148161
0.3,0.8,0.4,0.9,0.24180564,49925,0.054349554903489604
0.1,0.5,0.3,0.3,0.24180803,49925,0.055982612532229165
0.9,0.7,0.8,0.2,0.24180831,49925,0.057505702825511804
0.2,0.4,0.2,0.9,0.24180904,49925,0.05231165630020975
0.9,0.4,0.6,0.4,0.24181142,49925,0.05710834525167912
0.8,0.9,0.9,0.2,0.24181329,49925,0.05770910209401351
0.9,0.8,0.8,0.9,0.24181427,49925,0.056407706788050564
0.5,0.5,0.4,0.9,0.24181503,49925,0.054809238096032574
0.1,0.4,0.1,0.7,0.24181634,49925,0.05144438462573192
0.1,0.8,0.2,0.8,0.24181643,49925,0.052608021807875584
0.5,0.6,0.3,0.9,0.24181755,49925,0.05396021548429793
0.9,0.1,0.4,0.7,0.24181846,49925,0.05591711402762908
0.6,0.4,0.4,0.9,0.24181895,49925,0.05493118801251907
0.9,0.2,0.5,0.7,0.24181898,49925,0.056421058413123344
0.9,0.6,0.7,0.5,0.24181902,49925,0.05698091426595708
0.5,0.5,0.3,0.8,0.24181952,49925,0.0543077837245143
0.9,0.2,0.4,0.8,0.24182086,49925,0.055464190801027755
0.1,0.3,0.5,0.5,0.24182183,49925,0.05587485927678944
0.2,0.8,0.4,0.9,0.24182281,49925,0.05423128768189735
0.2,0.7,0.3,0.9,0.24182287,49925,0.053521190931475636
0.4,0.1,0.8,0.7,0.24182309,49925,0.05643276174417579
0.1,0.6,0.4,0.6,0.24182396,49925,0.05523420646259768
0.3,0.7,0.4,0.9,0.24182561,49925,0.05444324790668617
0.4,0.6,0.5,0.7,0.2418263,49925,0.05588738739337781
0.5,0.5,0.5,0.6,0.24182671,49925,0.05634812561591439
0.2,0.6,0.2,0.8,0.24182689,49925,0.052936567261341834
0.1,0.3,0.1,0.4,0.24182689,49925,0.052936567261341834
0.2,0.9,0.1,0.9,0.24182789,49925,0.05141529109984996
0.7,0.5,0.6,0.1,0.24182853,49925,0.057485744643159
0.2,0.5,0.2,0.8,0.24182883,49925,0.052935673155422754
0.4,0.6,0.5,0.5,0.24182905,49925,0.05648075500818063
0.5,0.1,0.5,0.9,0.24182954,49925,0.05507436187040265
0.9,0.3,0.5,0.7,0.24182998,49925,0.05620256908156328
0.6,0.8,0.7,0.1,0.24183144,49925,0.0571984142172725
0.8,0.3,0.5,0.9,0.241832,49925,0.055716782693267526
0.7,0.6,0.6,0.7,0.24183212,49925,0.05633153076989714
0.9,0.2,0.5,0.5,0.24183345,49925,0.056899696133184054
0.6,0.4,0.3,0.8,0.24183424,49925,0.05447588100787527
0.1,0.9,0.5,0.5,0.24183491,49925,0.05582200264832886
0.8,0.2,0.4,0.6,0.24183513,49925,0.05606543535989774
0.4,0.1,0.2,0.3,0.24183513,49925,0.05606543535989774
0.9,0.4,0.6,0.8,0.24183582,49925,0.056360837016178354
0.7,0.1,0.2,0.6,0.24183682,49925,0.054455507142719295
0.3,0.6,0.4,0.7,0.24183767,49925,0.05515562653457104
0.1,0.4,0.3,0.5,0.24183977,49925,0.054985832365258454
0.3,0.5,0.4,0.3,0.24184059,49925,0.05677799168274078
0.8,0.3,0.5,0.4,0.24184088,49925,0.0569872693368748
0.4,0.6,0.4,0.9,0.24184117,49925,0.05463603566483974
0.3,0.8,0.5,0.9,0.24184117,49925,0.05498823246855184
0.9,0.3,0.3,0.9,0.24184176,49925,0.054314216142839725
0.3,0.1,0.1,0.3,0.24184176,49925,0.054314216142839725
0.6,0.2,0.2,0.6,0.24184176,49925,0.054314216142839725
0.5,0.1,0.1,0.4,0.24184303,49925,0.05361983247946473
0.9,0.8,0.8,0.7,0.2418431,49925,0.056699250622170676
0.2,0.4,0.2,0.8,0.24184361,49925,0.05278998562104081
0.1,0.2,0.1,0.4,0.24184361,49925,0.05278998562104081
0.5,0.7,0.6,0.6,0.24184403,49925,0.05650754164175923
0.4,0.4,0.1,0.8,0.2418441,49925,0.05227332980497832
0.4,0.4,0.3,0.7,0.24184452,49925,0.054701241508608646
0.1,0.4,0.1,0.5,0.2418464,49925,0.052376737409159435
0.1,0.5,0.3,0.2,0.24184646,49925,0.05647031976125214
0.5,0.5,0.2,0.9,0.24184771,49925,0.053191019386486106
0.7,0.2,0.4,0.5,0.24184836,49925,0.056522630597344456
0.7,0.8,0.7,0.7,0.24184862,49925,0.05644318819185755
0.5,0.1,0.3,0.9,0.24184948,49925,0.05392236191751178
0.1,0.5,0.3,0.1,0.24185053,49925,0.05671297943869777
0.1,0.5,0.1,0.7,0.24185054,49925,0.05163532565583538
0.9,0.7,0.7,0.1,0.24185081,49925,0.056421951150003
0.9,0.2,0.1,0.8,0.24185099,49925,0.05263465917687404
0.2,0.7,0.1,0.9,0.24185266,49925,0.051513748115660944
0.3,0.6,0.1,0.9,0.24185418,49925,0.05179543082853058
0.6,0.3,0.4,0.7,0.24185593,49925,0.0557034936535326
0.8,0.5,0.6,0.9,0.24185713,49925,0.05602803383573415
0.7,0.3,0.4,0.8,0.24185726,49925,0.05538376854005627
0.6,0.8,0.7,0.8,0.24185802,49925,0.05631782210480066
0.6,0.4,0.2,0.9,0.24185802,49925,0.05334684125020477
0.8,0.7,0.7,0.8,0.2418585,49925,0.05637618839359418
0.6,0.1,0.3,0.4,0.24185894,49925,0.056450391026312004
0.9,0.4,0.6,0.9,0.24186003,49925,0.056150698041416265
0.7,0.5,0.6,0.2,0.24186176,49925,0.05752664107165995
0.6,0.1,0.2,0.5,0.24186203,49925,0.0548451717606618
0.2,0.7,0.3,0.8,0.24186234,49925,0.05382015166759053
0.5,0.9,0.7,0.5,0.24186417,49925,0.05679313015933927
0.2,0.7,0.5,0.6,0.24186434,49925,0.05597119815830192
0.5,0.2,0.3,0.5,0.24186563,49925,0.05586500338612581
0.3,0.1,0.8,0.6,0.24186611,49925,0.05613014855406531
0.7,0.4,0.5,0.4,0.24186686,49925,0.056855920219918886
0.3,0.3,0.1,0.6,0.2418678,49925,0.05268905056907661
0.9,0.8,0.8,0.6,0.24186781,49925,0.05686478767568885
0.7,0.2,0.4,0.6,0.24186791,49925,0.05619395519660837
0.4,0.6,0.5,0.2,0.24186812,49925,0.05719250351672102
0.1,0.3,0.6,0.5,0.24186814,49925,0.05611608376319312
0.8,0.9,0.8,0.8,0.24186864,49925,0.056471124006857054
0.2,0.8,0.6,0.9,0.24186891,49925,0.055338736538010275
0.8,0.4,0.4,0.9,0.24187033,49925,0.054980378240473686
0.2,0.4,0.2,0.7,0.24187094,49925,0.05328258243260919
0.4,0.1,0.2,0.8,0.24187268,49925,0.05309334307899551
0.6,0.3,0.3,0.7,0.2418728,49925,0.05490340383976071
0.5,0.3,0.2,0.7,0.24187349,49925,0.053896254202204084
0.7,0.9,0.8,0.9,0.24187444,49925,0.05635796478836442
0.2,0.7,0.5,0.7,0.24187458,49925,0.05558547124019807
0.7,0.2,0.4,0.2,0.24187505,49925,0.057100905397131925
0.2,0.6,0.5,0.8,0.24187677,49925,0.05519183455400056
0.3,0.3,0.2,0.9,0.24187876,49925,0.05258654092794502
0.5,0.2,0.1,0.7,0.24187924,49925,0.05282003727046005
0.4,0.5,0.1,0.9,0.24188074,49925,0.05203630357787971
0.4,0.1,0.9,0.7,0.24188109,49925,0.05651022286006179
0.8,0.3,0.5,0.6,0.24188119,49925,0.05652635114599661
0.1,0.6,0.7,0.8,0.2418824,49925,0.0556465323994176
0.7,0.3,0.5,0.1,0.24188256,49925,0.057683423745984105
0.7,0.1,0.4,0.9,0.24188337,49925,0.055165826305212204
0.6,0.1,0.3,0.5,0.24188378,49925,0.05603917326735339
0.9,0.1,0.2,0.8,0.24188444,49925,0.05391327046349747
0.3,0.6,0.2,0.9,0.24188447,49925,0.052893801379665775
0.1,0.4,0.4,0.6,0.24188468,49925,0.05504131248181536
0.4,0.6,0.2,0.9,0.24188517,49925,0.05301944856049959
0.1,0.6,0.1,0.7,0.24188523,49925,0.05169900915047335
0.5,0.1,0.1,0.5,0.24188557,49925,0.05346623116114022
0.4,0.5,0.3,0.8,0.24188615,49925,0.054268929664475066
0.8,0.7,0.7,0.6,0.24188666,49925,0.05670855195744409
0.9,0.2,0.5,0.2,0.2418876,49925,0.057285751894534664
0.7,0.9,0.8,0.3,0.24188843,49925,0.05727625760676873
0.7,0.4,0.3,0.9,0.24188884,49925,0.054243182170013574
0.4,0.1,0.1,0.4,0.24188925,49925,0.053810014110976974
0.8,0.2,0.2,0.8,0.24188925,49925,0.053810014110976974
0.1,0.5,0.5,0.7,0.24188967,49925,0.055183913133019624
0.2,0.3,0.4,0.6,0.24189024,49925,0.0554145343159723
0.7,0.4,0.5,0.9,0.24189082,49925,0.055595351651849825
0.8,0.8,0.8,0.9,0.24189197,49925,0.05647020933212365
0.7,0.3,0.4,0.7,0.24189231,49925,0.05568112115272214
0.2,0.7,0.6,0.9,0.24189354,49925,0.055318614371299736
0.4,0.2,0.3,0.1,0.24189512,49925,0.05762979442057787
0.8,0.4,0.6,0.2,0.24189512,49925,0.05762979442057787
0.3,0.4,0.3,0.8,0.24189556,49925,0.05412521334882432
0.2,0.6,0.6,0.9,0.24189562,49925,0.055257684432936216
0.8,0.5,0.6,0.5,0.2418958,49925,0.05684675809550387
0.2,0.6,0.3,0.7,0.24189608,49925,0.05423764880170937
0.2,0.9,0.6,0.7,0.24189642,49925,0.055932303905511065
0.6,0.2,0.3,0.6,0.24189675,49925,0.05542399047938527
0.4,0.5,0.4,0.8,0.24189831,49925,0.055029294865988294
0.4,0.5,0.2,0.8,0.2418992,49925,0.05334053882261432
0.1,0.5,0.1,0.6,0.24190174,49925,0.052007623244546754
0.3,0.4,0.7,0.9,0.2419026,49925,0.05564201989908914
0.5,0.4,0.4,0.8,0.24190424,49925,0.05519385037188047
0.7,0.9,0.8,0.8,0.24190491,49925,0.05654689110350116
0.7,0.7,0.7,0.8,0.24190554,49925,0.056437044733880025
0.7,0.1,0.3,0.6,0.24190566,49925,0.05554698430065035
0.1,0.7,0.7,0.9,0.2419062,49925,0.05540360646693377
0.3,0.7,0.5,0.2,0.24190712,49925,0.05699673469841056
0.5,0.2,0.4,0.9,0.24190803,49925,0.054759983278400676
0.3,0.3,0.3,0.1,0.24190891,49925,0.057385519174722836
0.9,0.9,0.9,0.3,0.24190891,49925,0.05738551917472282
0.6,0.6,0.6,0.2,0.24190891,49925,0.057385519174722836
0.2,0.6,0.3,0.8,0.24190924,49925,0.05387040410785298
0.1,0.9,0.2,0.9,0.24190992,49925,0.0523388817607965
0.8,0.3,0.5,0.8,0.24191001,49925,0.056031627777361995
0.1,0.6,0.6,0.8,0.24191019,49925,0.05530417428859837
0.9,0.2,0.2,0.9,0.24191052,49925,0.05362828951122875
0.7,0.3,0.4,0.9,0.2419109,49925,0.055077985141048974
0.3,0.4,0.1,0.7,0.24191163,49925,0.05232791032453292
0.1,0.7,0.4,0.3,0.24191308,49925,0.0562343339399522
0.1,0.2,0.5,0.4,0.24191509,49925,0.05602056217788415
0.9,0.1,0.3,0.7,0.24191524,49925,0.05505911903204586
0.4,0.1,0.2,0.5,0.24191537,49925,0.054895489457985475
0.5,0.8,0.7,0.2,0.24191631,49925,0.05760544945473116
0.8,0.1,0.1,0.7,0.24191652,49925,0.052958456478703245
0.9,0.8,0.9,0.2,0.24191739,49925,0.05778588430381293
0.3,0.3,0.3,0.6,0.24191812,49925,0.05507232687619488
0.1,0.1,0.1,0.2,0.24191812,49925,0.05507232687619488
0.2,0.2,0.2,0.4,0.24191812,49925,0.05507232687619488
0.4,0.4,0.4,0.8,0.24191812,49925,0.05507232687619488
0.2,0.5,0.4,0.7,0.24191906,49925,0.05503252196038357
0.9,0.7,0.8,0.4,0.24191914,49925,0.05739762985890209
0.8,0.7,0.7,0.7,0.24192142,49925,0.05654820075105582
0.6,0.7,0.7,0.2,0.2419216,49925,0.05775000378298014
0.7,0.2,0.4,0.4,0.24192412,49925,0.05677558687316273
0.2,0.5,0.2,0.9,0.24192446,49925,0.05253010018278708
0.3,0.9,0.6,0.4,0.2419275,49925,0.05661745102134312
0.1,0.7,0.4,0.4,0.24192792,49925,0.05589208484593743
0.9,0.2,0.5,0.8,0.24192904,49925,0.05613557505046495
0.9,0.6,0.7,0.6,0.24193089,49925,0.05680875866636995
0.5,0.2,0.5,0.9,0.2419316,49925,0.055262567083401395
0.5,0.4,0.1,0.9,0.24193318,49925,0.05222779051961054
0.7,0.2,0.1,0.8,0.24193445,49925,0.05275557369653723
0.4,0.3,0.6,0.9,0.24193475,49925,0.055540968594378105
0.7,0.3,0.2,0.9,0.2419356,49925,0.05350834278917272
0.3,0.5,0.2,0.8,0.24193576,49925,0.053227340285477105
0.9,0.3,0.5,0.6,0.24193737,49925,0.05638844664637209
0.5,0.1,0.4,0.8,0.24193767,49925,0.05510369484869855
0.6,0.1,0.1,0.5,0.24194148,49925,0.05334152966850201
0.3,0.7,0.3,0.9,0.24194238,49925,0.0537219467868878
0.4,0.1,0.7,0.7,0.24194281,49925,0.056312424457416875
0.6,0.2,0.1,0.8,0.2419453,49925,0.05268580274495777
0.2,0.8,0.6,0.8,0.24194576,49925,0.05569069778370686
0.1,0.4,0.3,0.4,0.24194576,49925,0.05569069778370686
0.6,0.3,0.4,0.8,0.24194615,49925,0.055340586689352246
0.5,0.3,0.3,0.8,0.24194631,49925,0.05451247921433593
0.4,0.9,0.7,0.7,0.24194685,49925,0.05645192332309992
0.4,0.2,0.3,0.8,0.24194947,49925,0.054233680230043775
0.3,0.1,0.9,0.6,0.24194957,49925,0.056090106600756154
0.9,0.1,0.4,0.6,0.24194984,49925,0.05618700027100171
0.1,0.4,0.2,0.5,0.24195042,49925,0.0539192107289543
0.6,0.8,0.7,0.7,0.24195099,49925,0.05652174551094264
0.4,0.3,0.2,0.6,0.24195176,49925,0.05418265010391099
0.2,0.4,0.3,0.6,0.24195196,49925,0.054771071483875076
0.4,0.1,0.5,0.7,0.24195251,49925,0.05574228383837528
0.9,0.2,0.5,0.3,0.24195251,49925,0.057218319960078236
0.8,0.6,0.7,0.9,0.24195272,49925,0.056354389589732136
0.3,0.3,0.2,0.5,0.24195291,49925,0.05450347543765299
0.6,0.3,0.4,0.5,0.24195465,49925,0.056373300195293415
0.2,0.5,0.3,0.6,0.24195515,49925,0.05473168849274777
0.6,0.3,0.2,0.8,0.24195611,49925,0.05368432701563912
0.3,0.4,0.4,0.8,0.2419563,49925,0.05479995302413386
0.9,0.6,0.7,0.7,0.24195664,49925,0.05663477371760739
0.8,0.3,0.4,0.9,0.24195765,49925,0.055111974744416585
0.8,0.1,0.4,0.5,0.24195772,49925,0.05665842831384906
0.3,0.4,0.2,0.7,0.24195799,49925,0.05361010289821014
0.3,0.1,0.1,0.8,0.24195945,49925,0.05118597794823458
0.2,0.1,0.3,0.4,0.24195966,49925,0.05580558597690552
0.4,0.2,0.6,0.8,0.24195966,49925,0.05580558597690552
0.8,0.1,0.3,0.7,0.24196094,49925,0.05515359074882813
0.4,0.5,0.4,0.9,0.24196155,49925,0.05467798162308053
0.6,0.3,0.1,0.9,0.24196252,49925,0.05241432132836551
0.5,0.2,0.3,0.7,0.24196364,49925,0.05495051421706401
0.7,0.8,0.7,0.1,0.24196383,49925,0.05677163844676526
0.4,0.2,0.2,0.5,0.24196404,49925,0.05475750219895971
0.3,0.2,0.2,0.5,0.2419661,49925,0.05462477349611369
0.7,0.3,0.3,0.8,0.24196711,49925,0.054632664979780005
0.2,0.2,0.1,0.7,0.24196719,49925,0.05141918656086986
0.6,0.6,0.6,0.7,0.24196811,49925,0.05639028820898078
0.7,0.4,0.5,0.5,0.24196896,49925,0.0566264943160555
0.5,0.1,0.3,0.8,0.24196936,49925,0.05443551884435083
0.7,0.7,0.7,0.3,0.24196951,49925,0.057332424140905544
0.7,0.4,0.5,0.6,0.24196951,49925,0.0564312166191628
0.7,0.9,0.8,0.4,0.24197058,49925,0.05716688867370293
0.8,0.2,0.4,0.9,0.24197115,49925,0.055212769511841175
0.1,0.6,0.5,0.7,0.2419712,49925,0.05534847038541502
0.6,0.3,0.4,0.9,0.24197167,49925,0.05498763044765787
0.6,0.1,0.3,0.7,0.24197327,49925,0.05515554796175676
0.4,0.1,0.3,0.7,0.24197358,49925,0.05458288906538675
0.9,0.9,0.9,0.5,0.2419736,49925,0.05723589829080445
0.8,0.1,0.2,0.8,0.24197534,49925,0.05396846696348962
0.8,0.1,0.4,0.7,0.24197681,49925,0.05596427766120626
0.6,0.9,0.8,0.2,0.24197882,49925,0.05761600539579242
0.5,0.4,0.4,0.9,0.24197918,49925,0.05483868222240119
0.2,0.1,0.1,0.5,0.24198006,49925,0.05239346719601812
0.4,0.1,0.4,0.7,0.24198164,49925,0.05526783276624042
0.8,0.3,0.3,0.9,0.24198283,49925,0.05437811236338566
0.6,0.8,0.7,0.3,0.24198318,49925,0.05721242617020964
0.2,0.7,0.5,0.8,0.24198475,49925,0.05520053037796591
0.3,0.3,0.2,0.6,0.24198486,49925,0.054063567898811615
0.9,0.3,0.5,0.9,0.24198596,49925,0.055716837058739095
0.4,0.2,0.3,0.7,0.24198672,49925,0.054782262138336875
0.2,0.3,0.2,0.5,0.24198703,49925,0.0543369897558463
0.4,0.6,0.3,0.9,0.24198748,49925,0.0538980464642668
0.6,0.1,0.1,0.6,0.24198826,49925,0.053223940535460576
0.3,0.4,0.3,0.7,0.24199021,49925,0.05456130483979132
0.4,0.2,0.1,0.6,0.24199088,49925,0.052948248715344925
0.4,0.3,0.4,0.8,0.24199203,49925,0.055036893800585164
0.2,0.4,0.3,0.2,0.24199238,49925,0.056810875284075114
0.4,0.8,0.6,0.4,0.24199238,49925,0.056810875284075114
0.9,0.2,0.4,0.9,0.24199334,49925,0.05520045989042806
0.9,0.1,0.4,0.9,0.24199337,49925,0.055347365180620764
0.3,0.3,0.9,0.8,0.24199463,49925,0.05625985166047758
0.8,0.9,0.9,0.3,0.24199642,49925,0.05764356559094554
0.8,0.2,0.2,0.9,0.24199656,49925,0.053650787724770874
0.8,0.2,0.1,0.9,0.24199703,49925,0.05262253602530212
0.7,0.2,0.4,0.9,0.24199715,49925,0.055121884417726315
0.3,0.2,0.2,0.7,0.24199963,49925,0.05342108333768117
0.1,0.8,0.6,0.8,0.242,49925,0.05548190938164668
0.9,0.3,0.4,0.9,0.24200054,49925,0.05507837573879253
0.6,0.2,0.3,0.7,0.24200067,49925,0.055036119057400135
0.8,0.5,0.6,0.7,0.24200086,49925,0.0564465717333047
0.9,0.2,0.5,0.6,0.24200317,49925,0.05667731193551632
0.4,0.4,0.4,0.2,0.24200371,49925,0.057287937301940955
0.6,0.6,0.6,0.3,0.24200371,49925,0.057287937301940955
0.8,0.8,0.8,0.4,0.24200371,49925,0.057287937301940955
0.2,0.2,0.2,0.1,0.24200371,49925,0.057287937301940955
0.7,0.5,0.6,0.8,0.24200453,49925,0.05631229573417604
0.9,0.8,0.8,0.8,0.24200466,49925,0.056562118562368556
0.3,0.1,0.2,0.4,0.2420048,49925,0.05538986572138027
0.6,0.2,0.4,0.8,0.2420048,49925,0.05538986572138027
0.3,0.4,0.4,0.7,0.24200574,49925,0.05528836461669307
0.3,0.5,0.2,0.9,0.24200755,49925,0.052918480470765264
0.5,0.5,0.5,0.3,0.24200816,49925,0.05718716139499123
0.6,0.2,0.3,0.8,0.24200824,49925,0.054689740913018446
0.5,0.4,0.2,0.8,0.24200854,49925,0.053523705913773346
0.3,0.5,0.4,0.8,0.2420096,49925,0.05485875859348577
0.7,0.1,0.2,0.7,0.2420106,49925,0.05423085007897106
0.2,0.6,0.5,0.7,0.24201107,49925,0.05563451681543973
0.2,0.3,0.1,0.8,0.24201143,49925,0.051319053018821705
0.2,0.6,0.3,0.9,0.24201329,49925,0.0534947865246303
0.9,0.4,0.6,0.1,0.24201351,49925,0.057060417922937624
0.1,0.2,0.6,0.4,0.24201493,49925,0.05602824169734679
0.6,0.2,0.2,0.7,0.2420153,49925,0.05408282512060374
0.3,0.4,0.8,0.9,0.24201532,49925,0.0559038523175346
0.1,0.5,0.1,0.8,0.24201764,49925,0.05128901885593968
0.4,0.5,0.3,0.9,0.24201794,49925,0.05396791318477373
0.4,0.2,0.2,0.9,0.24201803,49925,0.05284000647348506
0.8,0.6,0.7,0.1,0.24201867,49925,0.05741747178845749
0.2,0.5,0.6,0.8,0.2420188,49925,0.05559882065806766
0.3,0.2,0.1,0.5,0.24201944,49925,0.05316221841722563
0.9,0.1,0.2,0.9,0.24201976,49925,0.053743207035491104
0.7,0.5,0.6,0.3,0.24202158,49925,0.05742913570877202
0.9,0.6,0.7,0.8,0.242022,49925,0.0564707503271254
0.1,0.3,0.7,0.5,0.24202228,49925,0.056167788325509005
0.4,0.2,0.9,0.8,0.24202272,49925,0.05643670557080898
0.7,0.1,0.3,0.8,0.24202637,49925,0.05483447196569032
0.4,0.8,0.6,0.9,0.24202757,49925,0.05560212999609974
0.5,0.3,0.4,0.9,0.24202847,49925,0.05485407898372256
0.6,0.1,0.5,0.9,0.2420293,49925,0.05543214541186352
0.5,0.3,0.2,0.8,0.24202937,49925,0.05362745817891205
0.4,0.3,0.2,0.7,0.24202994,49925,0.05381226386554748
0.7,0.2,0.4,0.8,0.24203008,49925,0.055497118403525426
0.7,0.7,0.7,0.4,0.2420308,49925,0.057225554859744975
0.7,0.3,0.5,0.7,0.24203308,49925,0.056380717746603436
0.1,0.5,0.7,0.7,0.24203376,49925,0.05591056924289673
0.1,0.7,0.1,0.8,0.24203499,49925,0.051451525274252084
0.8,0.2,0.3,0.8,0.24203512,49925,0.05474956221722011
0.1,0.9,0.7,0.9,0.24203627,49925,0.05556263295182339
0.5,0.4,0.3,0.9,0.24203673,49925,0.05413443809980425
0.6,0.1,0.7,0.9,0.24203722,49925,0.056209060427472875
0.5,0.1,0.3,0.6,0.24203745,49925,0.05551352532934836
0.1,0.4,0.6,0.6,0.24203746,49925,0.05590808768708748
0.6,0.3,0.2,0.9,0.2420375,49925,0.05342968847221089
0.2,0.2,0.2,0.3,0.24203774,49925,0.055892021348359605
0.6,0.6,0.6,0.9,0.24203774,49925,0.055892021348359605
0.4,0.4,0.4,0.6,0.24203774,49925,0.055892021348359605
0.1,0.5,0.8,0.7,0.242038,49925,0.056129901301301174
0.8,0.8,0.8,0.3,0.24203822,49925,0.05736055353960478
0.5,0.2,0.7,0.9,0.24204037,49925,0.05604439672860044
0.8,0.5,0.6,0.6,0.24204114,49925,0.05662652168792104
0.2,0.4,0.1,0.7,0.24204142,49925,0.05201772402519248
0.4,0.1,0.2,0.7,0.24204239,49925,0.05368445189354722
0.3,0.8,0.6,0.9,0.24204314,49925,0.05548292965251061
0.9,0.2,0.5,0.9,0.24204335,49925,0.05583546037888635
0.2,0.6,0.4,0.7,0.2420437,49925,0.05501810812624446
0.6,0.1,0.2,0.6,0.24204417,49925,0.054553802626449086
0.3,0.7,0.5,0.8,0.24204417,49925,0.055367481220206495
0.1,0.7,0.8,0.9,0.24204648,49925,0.05568123940129755
0.5,0.5,0.5,0.2,0.24204685,49925,0.05734962147010332
0.5,0.5,0.5,0.7,0.24204706,49925,0.05604037961046828
0.5,0.9,0.7,0.3,0.24204756,49925,0.0570792326816487
0.7,0.9,0.8,0.6,0.24204774,49925,0.05689036429087125
0.9,0.6,0.7,0.1,0.24204864,49925,0.05694580528365979
0.4,0.4,0.2,0.7,0.24204886,49925,0.0537107849784463
0.4,0.8,0.7,0.9,0.2420493,49925,0.05603913257554727
0.7,0.2,0.3,0.7,0.24204934,49925,0.05502783686334703
0.6,0.1,0.3,0.6,0.24204972,49925,0.055574829171803744
0.8,0.6,0.7,0.3,0.24205133,49925,0.05744291921652676
0.6,0.3,0.3,0.8,0.24205172,49925,0.05460615363432692
0.3,0.6,0.5,0.9,0.24205175,49925,0.055039620803586715
0.1,0.7,0.4,0.2,0.24205223,49925,0.056526564016192854
0.5,0.7,0.6,0.3,0.2420538,49925,0.05713192034456014
0.9,0.1,0.5,0.8,0.24205393,49925,0.05626832390768594
0.6,0.8,0.7,0.5,0.24205613,49925,0.05692954223284171
0.1,0.6,0.8,0.8,0.24205734,49925,0.05590501249823613
0.8,0.1,0.4,0.9,0.2420574,49925,0.05527835809820227
0.9,0.7,0.8,0.9,0.24205814,49925,0.056579621814096356
0.3,0.8,0.6,0.8,0.24205871,49925,0.055802781849986945
0.3,0.3,0.4,0.7,0.2420589,49925,0.055210922527618625
0.4,0.5,0.4,0.7,0.2420592,49925,0.05534198960659263
0.6,0.3,0.4,0.4,0.24205947,49925,0.056612174223841225
0.6,0.4,0.3,0.9,0.24206229,49925,0.05423237887835225
0.6,0.9,0.8,0.9,0.24206263,49925,0.05640029861317593
0.3,0.5,0.4,0.6,0.24206364,49925,0.05566347650562255
0.8,0.2,0.4,0.7,0.24206366,49925,0.055804696708079575
0.3,0.6,0.4,0.8,0.24206376,49925,0.054835057382904194
0.2,0.5,0.2,0.7,0.2420649,49925,0.05331938027665817
0.9,0.9,0.9,0.4,0.2420659,49925,0.057329028638849144
0.7,0.7,0.7,0.1,0.24206609,49925,0.05730681468890158
0.1,0.9,0.5,0.3,0.24206759,49925,0.05638508185697079
0.5,0.5,0.3,0.9,0.24207018,49925,0.05407478090832646
0.7,0.7,0.7,0.7,0.24207057,49925,0.05665467166408132
0.8,0.8,0.8,0.8,0.24207057,49925,0.05665467166408132
0.6,0.6,0.6,0.6,0.24207057,49925,0.05665467166408132
0.1,0.1,0.1,0.1,0.24207057,49925,0.05665467166408132
0.5,0.5,0.5,0.5,0.24207057,49925,0.05665467166408132
0.9,0.9,0.9,0.9,0.24207057,49925,0.05665467166408132
0.4,0.4,0.4,0.4,0.24207057,49925,0.05665467166408132
0.3,0.3,0.3,0.3,0.24207057,49925,0.05665467166408132
0.2,0.2,0.2,0.2,0.24207057,49925,0.05665467166408132
0.5,0.7,0.6,0.4,0.24207227,49925,0.056963992694656296
0.3,0.5,0.5,0.8,0.24207245,49925,0.05543054018331978
0.7,0.8,0.8,0.2,0.24207322,49925,0.05774025711775423
0.5,0.1,0.2,0.9,0.24207346,49925,0.0530846169852877
0.4,0.3,0.3,0.7,0.24207401,49925,0.0547757996104061
0.8,0.6,0.7,0.8,0.24207422,49925,0.05656571592097442
0.8,0.7,0.7,0.1,0.24207446,49925,0.05685850195621457
0.2,0.9,0.7,0.9,0.2420751,49925,0.0557481014605742
0.9,0.5,0.7,0.3,0.24207589,49925,0.05757049035244032
0.2,0.7,0.6,0.8,0.24207762,49925,0.05572669289776325
0.4,0.4,0.2,0.8,0.24207789,49925,0.053431581800287786
0.2,0.2,0.1,0.4,0.24207789,49925,0.053431581800287786
0.5,0.4,0.5,0.9,0.24208128,49925,0.055410617350136686
0.2,0.1,0.5,0.4,0.24208133,49925,0.056513070777529324
0.3,0.9,0.7,0.9,0.24208161,49925,0.05588064633883445
0.4,0.2,0.7,0.8,0.24208215,49925,0.0561308883069051
0.6,0.9,0.8,0.7,0.24208349,49925,0.05681788362944968
0.2,0.4,0.5,0.7,0.24208432,49925,0.05550474922215367
0.1,0.6,0.9,0.8,0.24208434,49925,0.05611727731658982
0.3,0.1,0.2,0.5,0.24208552,49925,0.05461036617284962
0.2,0.6,0.4,0.2,0.24208635,49925,0.0567919622184469
0.1,0.3,0.2,0.1,0.24208635,49925,0.0567919622184469
0.3,0.9,0.6,0.3,0.24208635,49925,0.056791962218446915
0.5,0.7,0.6,0.9,0.24208902,49925,0.05573428515970466
0.7,0.2,0.3,0.8,0.24208908,49925,0.05475783530047349
0.9,0.3,0.6,0.2,0.24208978,49925,0.05773606311306217
0.3,0.3,0.7,0.8,0.24209297,49925,0.05589504472869196
0.5,0.2,0.2,0.6,0.24209373,49925,0.05439236420034853
0.2,0.5,0.4,0.5,0.24209473,49925,0.056022902290398024
0.6,0.3,0.3,0.9,0.24209616,49925,0.054294316285358836
0.4,0.2,0.2,0.6,0.24209616,49925,0.05429431628535885
0.2,0.1,0.1,0.3,0.24209616,49925,0.05429431628535885
0.4,0.5,0.2,0.9,0.24209738,49925,0.05310099101699784
0.9,0.2,0.3,0.9,0.24209943,49925,0.054493022220425624
0.7,0.2,0.4,0.7,0.24210009,49925,0.05584535703737652
0.1,0.7,0.9,0.9,0.24210194,49925,0.05590965715823603
0.7,0.5,0.6,0.7,0.24210201,49925,0.056544572124764235
0.6,0.2,0.4,0.1,0.24210268,49925,0.05774325907045498
0.2,0.5,0.4,0.6,0.24210359,49925,0.05552217880745869
0.3,0.6,0.5,0.7,0.24210516,49925,0.05578992683154618
0.8,0.1,0.4,0.6,0.24210578,49925,0.05633112164125816
0.2,0.3,0.1,0.6,0.24210608,49925,0.05235453341928444
0.2,0.3,0.3,0.5,0.24210618,49925,0.05535301068738079
0.2,0.6,0.7,0.9,0.24210657,49925,0.055631067667422984
0.9,0.1,0.3,0.8,0.24210662,49925,0.05484122232775247
0.9,0.1,0.1,0.8,0.24210721,49925,0.05280922232426034
0.7,0.5,0.6,0.9,0.24210876,49925,0.05599948104721782
0.5,0.1,0.3,0.7,0.24210878,49925,0.054978005997151115
0.5,0.4,0.3,0.8,0.24210918,49925,0.054441256131828174
0.5,0.1,0.3,0.4,0.24210942,49925,0.05663211092072738
0.9,0.6,0.8,0.2,0.24211033,49925,0.05792805879317137
0.2,0.2,0.4,0.5,0.24211077,49925,0.05589199787940293
0.7,0.7,0.7,0.5,0.24211164,49925,0.057046872016832825
0.3,0.6,0.5,0.8,0.24211201,49925,0.0554206610054126
0.3,0.3,0.8,0.8,0.24211209,49925,0.056107229273091336
0.8,0.8,0.8,0.7,0.24211238,49925,0.05681363176287331
0.8,0.1,0.5,0.9,0.24211267,49925,0.05586056801286545
0.5,0.1,0.7,0.8,0.24211292,49925,0.05633065959755291
0.4,0.9,0.7,0.6,0.24211356,49925,0.05668314867088646
0.2,0.8,0.5,0.3,0.24211477,49925,0.056607191894906365
0.6,0.4,0.5,0.2,0.24211568,49925,0.057526207939500966
0.3,0.2,0.3,0.6,0.24211597,49925,0.05500617494081356
0.9,0.5,0.7,0.9,0.24211618,49925,0.05646801409869079
0.4,0.7,0.5,0.9,0.24211638,49925,0.055157071063401196
0.3,0.5,0.4,0.2,0.24211702,49925,0.057046385488114915
0.3,0.4,0.2,0.6,0.24211708,49925,0.05392483007349979
0.4,0.5,0.5,0.1,0.24211846,49925,0.0579263861437525
0.9,0.9,0.9,0.8,0.24211864,49925,0.05680174714940915
0.4,0.2,0.5,0.8,0.24211915,49925,0.05541015802290811
0.2,0.4,0.4,0.6,0.24212073,49925,0.05551548903076894
0.1,0.2,0.2,0.3,0.24212073,49925,0.05551548903076894
0.3,0.6,0.6,0.9,0.24212073,49925,0.05551548903076894
0.8,0.7,0.8,0.2,0.2421208,49925,0.057826303735943815
0.5,0.3,0.4,0.2,0.2421216,49925,0.05748560895919236
0.1,0.5,0.1,0.9,0.2421217,49925,0.05089555811713087
0.2,0.4,0.2,0.6,0.24212186,49925,0.053770613045258
0.1,0.2,0.1,0.3,0.24212186,49925,0.053770613045258
0.3,0.6,0.3,0.9,0.24212186,49925,0.053770613045257994
0.7,0.1,0.5,0.9,0.24212208,49925,0.05569591919225644
0.5,0.6,0.5,0.9,0.2421225,49925,0.055324885690291536
0.5,0.6,0.6,0.1,0.24212264,49925,0.05785999520086064
0.7,0.2,0.3,0.9,0.24212295,49925,0.05443253267241393
0.9,0.3,0.6,0.8,0.24212326,49925,0.05654927630102434
0.7,0.1,0.4,0.8,0.24212418,49925,0.055574044566005676
0.3,0.8,0.6,0.6,0.24212463,49925,0.05640495262484367
0.1,0.4,0.7,0.6,0.24212477,49925,0.05612803260348135
0.5,0.8,0.7,0.6,0.24212755,49925,0.056848125856217756
0.3,0.5,0.4,0.7,0.24212815,49925,0.05527183336570195
0.4,0.9,0.7,0.2,0.242129,49925,0.05744356642918007
0.8,0.8,0.8,0.6,0.24212912,49925,0.05699973296828478
0.4,0.4,0.4,0.3,0.24212912,49925,0.05699973296828478
0.7,0.8,0.8,0.9,0.24213114,49925,0.05649874784233206
0.2,0.6,0.1,0.9,0.242132,49925,0.0515298352505905
0.8,0.1,0.5,0.8,0.24213293,49925,0.05624078692495196
0.4,0.4,0.4,0.7,0.24213298,49925,0.05546866917979972
0.1,0.9,0.6,0.7,0.24213313,49925,0.055824393184392786
0.5,0.5,0.5,0.9,0.24213354,49925,0.05540033540407284
0.4,0.2,0.3,0.6,0.24213439,49925,0.05529545405190535
0.3,0.4,0.9,0.9,0.24213442,49925,0.05610808006892525
0.5,0.3,0.4,0.6,0.24213466,49925,0.056073818237440426
0.7,0.1,0.4,0.7,0.24213567,49925,0.055990294439464065
0.6,0.2,0.4,0.9,0.24213631,49925,0.05502940676744988
0.1,0.7,0.5,0.6,0.24213727,49925,0.055814727002650645
0.9,0.4,0.6,0.6,0.24213748,49925,0.05675036798065624
0.5,0.2,0.3,0.8,0.24213809,49925,0.054519799233921785
0.7,0.1,0.1,0.7,0.24213824,49925,0.053009654516835814
0.3,0.5,0.3,0.9,0.24213919,49925,0.053763550045500506
0.3,0.4,0.2,0.8,0.24213952,49925,0.05321793226483936
0.2,0.5,0.1,0.8,0.24214025,49925,0.05173659707058849
0.6,0.1,0.3,0.8,0.24214026,49925,0.05470383241969625
0.9,0.9,0.9,0.6,0.24214046,49925,0.05709047813194302
0.3,0.3,0.3,0.2,0.24214046,49925,0.057090478131943026
0.6,0.6,0.6,0.4,0.24214046,49925,0.057090478131943026
0.6,0.2,0.4,0.6,0.24214222,49925,0.05626947426668477
0.3,0.1,0.2,0.3,0.24214222,49925,0.05626947426668477
0.9,0.3,0.6,0.9,0.24214222,49925,0.05626947426668478
0.5,0.3,0.4,0.5,0.2421438,49925,0.056495014368187824
0.4,0.3,0.7,0.9,0.24214385,49925,0.05586608133706546
0.3,0.7,0.6,0.8,0.24214478,49925,0.05587842021281251
0.5,0.2,0.4,0.8,0.24214508,49925,0.0552355594198002
0.9,0.2,0.6,0.9,0.24214515,49925,0.05637298381709837
0.9,0.4,0.6,0.5,0.2421457,49925,0.056952976095522134
0.8,0.8,0.8,0.5,0.24214575,49925,0.057144322626329694
0.4,0.5,0.5,0.9,0.2421459,49925,0.05523253127174691
0.6,0.8,0.7,0.4,0.24214648,49925,0.05710486920076782
0.7,0.7,0.7,0.6,0.24214683,49925,0.056854683627752284
0.9,0.2,0.1,0.9,0.24214754,49925,0.05259142428619027
0.2,0.5,0.5,0.7,0.24214788,49925,0.055634087324700335
0.5,0.1,0.9,0.8,0.24214841,49925,0.05663436408916999
0.5,0.2,0.2,0.7,0.242149,49925,0.05400749174806433
0.4,0.9,0.7,0.5,0.24214917,49925,0.05690458280479861
0.5,0.3,0.4,0.8,0.24214943,49925,0.0552396988709001
0.1,0.1,0.5,0.3,0.24214949,49925,0.0556596454971141
0.6,0.6,0.6,0.5,0.24215251,49925,0.05688344495345361
0.3,0.8,0.7,0.9,0.24215262,49925,0.05592892469792406
0.5,0.5,0.5,0.4,0.2421533,49925,0.05693628540428011
0.7,0.6,0.7,0.9,0.2421536,49925,0.05635691679281795
0.6,0.4,0.5,0.6,0.24215385,49925,0.0565331351984896
0.8,0.3,0.5,0.5,0.24215657,49925,0.05677743748959698
0.6,0.7,0.7,0.8,0.24215798,49925,0.05647918302494332
0.8,0.1,0.4,0.8,0.24215896,49925,0.05561610098667893
0.5,0.1,0.2,0.5,0.2421591,49925,0.05495309820437865
0.2,0.3,0.2,0.6,0.2421592,49925,0.0537229252604579
0.8,0.1,0.3,0.9,0.24216157,49925,0.05458918286833938
0.6,0.9,0.8,0.6,0.24216178,49925,0.05700106653690528
0.6,0.2,0.4,0.5,0.24216221,49925,0.05664757270644018
0.3,0.8,0.6,0.7,0.242163,49925,0.05611465242789251
0.9,0.9,0.9,0.7,0.24216442,49925,0.05696121755471111
0.5,0.4,0.2,0.9,0.24216563,49925,0.05328676613869681
0.2,0.4,0.1,0.8,0.24216598,49925,0.05163585101184489
0.4,0.4,0.3,0.8,0.2421664,49925,0.054345099969722144
0.8,0.1,0.5,0.7,0.24216725,49925,0.05664983563107969
0.4,0.4,0.3,0.9,0.24217011,49925,0.05396966494538894
0.1,0.4,0.8,0.6,0.2421716,49925,0.056250323475806704
0.4,0.3,0.3,0.9,0.24217212,49925,0.05388632785450101
0.7,0.1,0.4,0.6,0.24217299,49925,0.05640114966928366
0.2,0.3,0.1,0.5,0.24217309,49925,0.05282582051874027
0.1,0.8,0.1,0.9,0.2421752,49925,0.051251254120036165
0.9,0.1,0.5,0.7,0.24217546,49925,0.056596380999816044
0.3,0.8,0.6,0.5,0.242176,49925,0.05667839221651479
0.3,0.7,0.6,0.9,0.2421767,49925,0.05552107287561138
0.6,0.4,0.5,0.7,0.24217713,49925,0.05620364287399896
0.4,0.1,0.2,0.6,0.2421773,49925,0.0542865790898799
0.2,0.5,0.1,0.9,0.24217777,49925,0.05144649949586559
0.4,0.2,0.8,0.8,0.24217841,49925,0.05629812159553957
0.2,0.1,0.4,0.4,0.24217841,49925,0.05629812159553957
0.3,0.7,0.5,0.9,0.2421802,49925,0.055029647646024846
0.6,0.1,0.4,0.7,0.2421808,49925,0.05590958152322602
0.8,0.4,0.6,0.1,0.24218108,49925,0.05760185996044332
0.3,0.5,0.1,0.9,0.24218126,49925,0.05180191506614063
0.8,0.6,0.7,0.4,0.2421814,49925,0.05734453820495026
0.1,0.6,0.1,0.8,0.24218152,49925,0.051388702763734445
0.7,0.3,0.3,0.9,0.24218203,49925,0.054373129750883716
0.5,0.2,0.4,0.7,0.24218306,49925,0.05572648847740793
0.4,0.3,0.4,0.7,0.24218343,49925,0.0555163982666254
0.1,0.6,0.1,0.9,0.24218436,49925,0.05113472111648968
0.9,0.1,0.3,0.9,0.24218538,49925,0.05460793167024386
0.8,0.8,0.9,0.2,0.24218628,49925,0.05808088605343751
0.6,0.1,0.4,0.9,0.24218692,49925,0.054916023410585074
0.1,0.5,0.4,0.5,0.24218695,49925,0.055767599479256476
0.3,0.4,0.2,0.9,0.24219061,49925,0.052815967459261405
0.7,0.3,0.5,0.2,0.24219108,49925,0.05764579616250589
0.9,0.4,0.6,0.7,0.24219121,49925,0.05655969777488295
0.8,0.2,0.3,0.9,0.24219146,49925,0.05450581551948117
0.3,0.1,0.1,0.7,0.24219304,49925,0.05181981360410013
0.8,0.4,0.6,0.9,0.24219385,49925,0.056151433109249055
0.4,0.6,0.5,0.8,0.24219392,49925,0.05556025373704108
0.6,0.7,0.7,0.6,0.24219443,49925,0.056975182595599666
0.7,0.9,0.8,0.5,0.24219456,49925,0.05704435800742006
0.8,0.4,0.6,0.3,0.24219471,49925,0.05752170911021099
0.3,0.1,0.3,0.5,0.24219573,49925,0.05555843080673915
0.2,0.4,0.3,0.5,0.24219581,49925,0.055324887961130276
0.5,0.8,0.7,0.5,0.24219656,49925,0.057063271410461955
0.4,0.8,0.6,0.3,0.2421973,49925,0.05697995385107289
0.4,0.4,0.5,0.9,0.24219795,49925,0.05520054696082619
0.5,0.8,0.7,0.8,0.24219804,49925,0.056348992848538386
0.6,0.9,0.8,0.3,0.24220143,49925,0.057501233809366725
0.2,0.4,0.6,0.7,0.24220146,49925,0.05590014203858543
0.3,0.2,0.5,0.6,0.2422017,49925,0.05621304152036431
0.4,0.9,0.7,0.8,0.24220225,49925,0.05620523083386017
0.4,0.7,0.6,0.9,0.24220231,49925,0.05567457916629355
0.6,0.9,0.8,0.8,0.24220428,49925,0.056615621638776106
0.3,0.3,0.2,0.8,0.24220437,49925,0.053072750143760034
0.7,0.1,0.3,0.7,0.24220449,49925,0.0552080686737117
0.7,0.3,0.5,0.6,0.24220555,49925,0.05666761675480968
0.5,0.1,0.2,0.6,0.242206,49925,0.054509301320360755
0.3,0.7,0.5,0.3,0.24220783,49925,0.05680855498775131
0.7,0.2,0.2,0.8,0.24220864,49925,0.05384559928392482
0.9,0.1,0.4,0.8,0.24220864,49925,0.05562279860096162
0.5,0.3,0.5,0.9,0.24221194,49925,0.055408065775653485
0.3,0.8,0.6,0.4,0.2422123,49925,0.05695301262382718
0.2,0.9,0.6,0.4,0.24221402,49925,0.05675902424466979
0.7,0.2,0.1,0.9,0.24221535,49925,0.05257829944060599
0.5,0.2,0.8,0.9,0.24221787,49925,0.05633092947403458
0.7,0.9,0.9,0.2,0.24221808,49925,0.057981671471690165
0.8,0.6,0.7,0.6,0.24221916,49925,0.0569482286533164
0.1,0.5,0.9,0.7,0.24221995,49925,0.056256219541486144
0.5,0.6,0.6,0.2,0.24222003,49925,0.05775633580083945
0.1,0.7,0.6,0.8,0.24222079,49925,0.05544490994321859
0.1,0.8,0.5,0.4,0.24222222,49925,0.05643929248851247
0.6,0.1,0.3,0.9,0.24222343,49925,0.054250808919689905
0.4,0.9,0.7,0.9,0.24222378,49925,0.05595782513524687
0.3,0.5,0.3,0.8,0.24222443,49925,0.054125940765124704
0.7,0.6,0.7,0.2,0.24222577,49925,0.057875246831217954
0.9,0.7,0.8,0.3,0.242226,49925,0.05745679008968533
0.5,0.1,0.6,0.8,0.24222602,49925,0.05601086019528388
0.3,0.3,0.2,0.7,0.24222684,49925,0.05358345702456213
0.7,0.1,0.4,0.5,0.24222812,49925,0.056819236851577484
0.3,0.1,0.4,0.5,0.24222822,49925,0.05622137981386496
0.5,0.8,0.7,0.7,0.24222957,49925,0.05660261592856168
0.4,0.2,0.3,0.4,0.24222991,49925,0.056424611959466874
0.8,0.4,0.6,0.8,0.24222991,49925,0.056424611959466874
0.3,0.4,0.5,0.8,0.24222995,49925,0.05539775872281843
0.3,0.6,0.5,0.1,0.2422305,49925,0.057714934300666425
0.5,0.6,0.6,0.8,0.24223077,49925,0.05614436560395114
0.4,0.6,0.5,0.9,0.24223118,49925,0.05522171586978909
0.7,0.8,0.8,0.7,0.24223314,49925,0.0569335325615547
0.6,0.7,0.7,0.9,0.24223343,49925,0.056233367027136764
0.3,0.8,0.6,0.1,0.24223512,49925,0.057481622035579015
0.9,0.7,0.8,0.7,0.24223565,49925,0.056902492360246276
0.3,0.1,0.1,0.6,0.2422363,49925,0.05246900149108182
0.2,0.1,0.9,0.5,0.24223815,49925,0.05520683097267323
0.6,0.3,0.5,0.9,0.24223863,49925,0.05558101753324298
0.6,0.1,0.4,0.8,0.24223886,49925,0.05539392369185134
0.7,0.8,0.8,0.3,0.24224043,49925,0.05762383759830184
0.2,0.7,0.5,0.4,0.2422407,49925,0.05667857587348299
0.7,0.5,0.6,0.4,0.24224077,49925,0.05723196450149294
0.5,0.2,0.3,0.9,0.24224119,49925,0.0540995947890831
0.6,0.5,0.6,0.8,0.24224187,49925,0.05629821748224373
0.9,0.1,0.5,0.9,0.24224205,49925,0.0559298388873348
0.8,0.2,0.5,0.7,0.24224216,49925,0.0565022296681318
0.3,0.2,0.1,0.9,0.24224453,49925,0.051157460752890314
0.8,0.9,0.9,0.8,0.24224554,49925,0.05689804592874342
0.4,0.7,0.6,0.6,0.24224618,49925,0.05659694664080464
0.3,0.3,0.1,0.7,0.2422479,49925,0.05230349686239179
0.8,0.2,0.5,0.1,0.24224916,49925,0.05777146018994501
0.8,0.4,0.6,0.7,0.24224925,49925,0.05666926058663599
0.6,0.2,0.5,0.9,0.24224982,49925,0.055550602552501875
0.6,0.8,0.8,0.2,0.24225117,49925,0.05802720324789234
0.3,0.4,0.4,0.1,0.24225117,49925,0.05802720324789234
0.9,0.7,0.8,0.6,0.24225125,49925,0.057091255403203464
0.2,0.5,0.7,0.8,0.24225128,49925,0.05590696973049076
0.4,0.1,0.5,0.6,0.2422522,49925,0.0564655291580229
0.6,0.1,0.8,0.9,0.24225275,49925,0.056486884599766626
0.8,0.2,0.4,0.8,0.24225435,49925,0.05549927060236708
0.4,0.1,0.2,0.4,0.24225435,49925,0.05549927060236708
0.4,0.2,0.4,0.7,0.24225438,49925,0.055472017758574466
0.6,0.1,0.4,0.6,0.24225497,49925,0.05640184011808924
0.9,0.3,0.6,0.7,0.24225545,49925,0.056785601040846005
0.9,0.7,0.8,0.8,0.24225602,49925,0.056754035594001086
0.2,0.8,0.7,0.9,0.24225712,49925,0.05577219768251497
0.8,0.9,0.9,0.7,0.24225743,49925,0.05707868475321441
0.5,0.3,0.1,0.9,0.24225768,49925,0.05225634546471855
0.5,0.2,0.1,0.8,0.24225935,49925,0.052481965752324736
0.7,0.1,0.3,0.9,0.24225973,49925,0.05445683386227992
0.6,0.7,0.7,0.1,0.24226038,49925,0.057756781563124186
0.3,0.6,0.5,0.4,0.24226104,49925,0.05691953718837217
0.3,0.2,0.2,0.6,0.24226135,49925,0.05403827675581715
0.8,0.1,0.2,0.9,0.24226217,49925,0.05373291992126263
0.3,0.9,0.7,0.8,0.24226247,49925,0.056175980305721566
0.6,0.4,0.5,0.9,0.24226329,49925,0.05551931134507458
0.9,0.7,0.9,0.2,0.24226505,49925,0.058185324308437154
0.7,0.6,0.7,0.8,0.24226546,49925,0.05660884827045326
0.8,0.5,0.7,0.2,0.24226692,49925,0.0579794162006003
0.6,0.4,0.5,0.8,0.24226704,49925,0.05585388088759525
0.8,0.5,0.7,0.9,0.24226844,49925,0.05647906333325648
0.4,0.7,0.6,0.5,0.24226996,49925,0.056870799239783144
0.5,0.4,0.5,0.1,0.2422703,49925,0.05810119579193094
0.3,0.4,0.1,0.8,0.24227059,49925,0.052034146179913324
0.3,0.2,0.1,0.6,0.24227181,49925,0.05266639234128394
0.4,0.7,0.6,0.8,0.24227206,49925,0.055972473055684355
0.3,0.5,0.6,0.9,0.2422751,49925,0.05550229587394332
0.2,0.9,0.6,0.6,0.24227592,49925,0.05622367382627637
0.5,0.6,0.6,0.7,0.2422764,49925,0.05644660317552884
0.2,0.8,0.6,0.7,0.24227664,49925,0.056037773258490235
0.8,0.2,0.5,0.6,0.24227817,49925,0.056798773412132554
0.7,0.5,0.6,0.5,0.24227849,49925,0.057009226031549357
0.8,0.2,0.5,0.8,0.24227954,49925,0.056147437435613914
0.9,0.5,0.7,0.8,0.24228014,49925,0.05667091122853844
0.5,0.6,0.6,0.5,0.24228176,49925,0.05701792199511441
0.4,0.3,0.9,0.9,0.2422828,49925,0.05630628252618869
0.2,0.9,0.6,0.3,0.24228305,49925,0.05701928926356793
0.2,0.4,0.1,0.9,0.24228528,49925,0.05123468254754232
0.6,0.1,0.2,0.7,0.24228542,49925,0.054210040896355643
0.6,0.4,0.5,0.4,0.24228577,49925,0.05707243072598043
0.9,0.8,0.9,0.3,0.24228668,49925,0.057739778101800136
0.7,0.9,0.9,0.8,0.24228749,49925,0.05697315631449047
0.4,0.3,0.3,0.8,0.24228927,49925,0.05434624954028626
0.7,0.2,0.5,0.9,0.24228957,49925,0.0557422328973754
0.9,0.7,0.8,0.5,0.24229011,49925,0.05725739086725076
0.3,0.4,0.6,0.8,0.24229075,49925,0.055833785849470526
0.9,0.4,0.7,0.9,0.24229169,49925,0.05660011656673078
0.9,0.1,0.5,0.6,0.24229334,49925,0.05695083851772246
0.8,0.7,0.8,0.3,0.24229364,49925,0.05775516269070817
0.7,0.1,0.2,0.8,0.2422952,49925,0.05395103134032215
0.7,0.7,0.8,0.2,0.24229619,49925,0.05814790658632437
0.8,0.1,0.3,0.8,0.24229676,49925,0.054880114073955794
0.6,0.5,0.6,0.1,0.24229711,49925,0.05798691143284373
0.6,0.2,0.4,0.2,0.24229822,49925,0.057632481450345455
0.3,0.1,0.2,0.1,0.24229822,49925,0.057632481450345455
0.9,0.3,0.6,0.3,0.24229822,49925,0.05763248145034546
0.2,0.9,0.6,0.5,0.24229863,49925,0.05648164295307808
0.7,0.6,0.7,0.1,0.24230269,49925,0.057853143767068946
0.6,0.5,0.6,0.2,0.24230294,49925,0.057918098083801085
0.2,0.1,0.1,0.4,0.24230415,49925,0.053315531492253286
0.4,0.2,0.2,0.8,0.24230415,49925,0.053315531492253286
0.7,0.3,0.5,0.8,0.2423042,49925,0.05602932767847839
0.4,0.7,0.6,0.1,0.24230455,49925,0.057691134934413656
0.6,0.4,0.5,0.3,0.24230514,49925,0.05735741616995733
0.3,0.7,0.6,0.7,0.24230744,49925,0.056243651847378576
0.1,0.8,0.7,0.9,0.24230805,49925,0.05550712022663757
0.5,0.9,0.8,0.2,0.24230835,49925,0.05787427693476976
0.3,0.5,0.7,0.9,0.24230959,49925,0.055855390485266054
0.2,0.2,0.1,0.5,0.24231163,49925,0.052793084815237895
0.5,0.8,0.7,0.9,0.2423119,49925,0.056090513342536674
0.4,0.6,0.5,0.3,0.24231292,49925,0.05700329126853108
0.4,0.3,0.1,0.8,0.24231437,49925,0.05227465179326985
0.4,0.7,0.6,0.2,0.24231477,49925,0.05757056253594674
0.6,0.5,0.6,0.7,0.24231517,49925,0.05659399697665584
0.3,0.2,0.3,0.5,0.24231534,49925,0.05568838624458771
0.5,0.3,0.4,0.3,0.24231683,49925,0.057198553675405425
0.3,0.6,0.5,0.6,0.24231689,49925,0.05618027877784274
0.2,0.2,0.1,0.6,0.24231727,49925,0.05207363055816094
0.5,0.5,0.5,0.8,0.24231745,49925,0.05571975488588147
0.5,0.1,0.5,0.8,0.2423175,49925,0.05561753028900089
0.6,0.2,0.3,0.9,0.24231786,49925,0.05429284256052074
0.9,0.3,0.6,0.4,0.24231827,49925,0.057496087422045025
0.5,0.3,0.4,0.7,0.24231894,49925,0.05563721448575849
0.8,0.8,0.9,0.3,0.2423211,49925,0.05800663104865723
0.1,0.8,0.8,0.9,0.24232236,49925,0.055863860458750296
0.5,0.6,0.6,0.6,0.24232244,49925,0.05674457525320847
0.3,0.1,0.1,0.4,0.24232279,49925,0.05380058987324995
0.6,0.2,0.2,0.8,0.24232279,49925,0.05380058987324995
0.5,0.1,0.8,0.8,0.2423228,49925,0.05652027481317776
0.5,0.1,0.4,0.7,0.24232478,49925,0.055673683592962236
0.8,0.6,0.7,0.7,0.24232711,49925,0.0567567230014573
0.6,0.1,0.9,0.9,0.24232714,49925,0.05668834751445775
0.3,0.2,0.4,0.6,0.24232796,49925,0.0557121638543138
0.4,0.2,0.1,0.7,0.24232857,49925,0.05257325328214465
0.6,0.9,0.8,0.5,0.24232881,49925,0.057186576808992126
0.2,0.2,0.6,0.5,0.242329,49925,0.056521947702600994
0.1,0.7,0.7,0.8,0.24233013,49925,0.055858744745246186
0.4,0.5,0.5,0.7,0.242331,49925,0.055996141237156676
0.5,0.3,0.3,0.9,0.24233137,49925,0.054145655513005556
0.5,0.2,0.4,0.5,0.24233162,49925,0.05671129600434115
0.7,0.3,0.5,0.9,0.24233316,49925,0.05568156007999888
0.2,0.7,0.5,0.5,0.24233392,49925,0.056340762216205695
0.6,0.1,0.1,0.7,0.24233477,49925,0.05299218298731048
0.8,0.2,0.5,0.3,0.24233498,49925,0.057609088839458596
0.6,0.7,0.7,0.7,0.24233583,49925,0.05672985205362749
0.5,0.2,0.9,0.9,0.24233703,49925,0.05650988252483011
0.6,0.4,0.5,0.5,0.24233776,49925,0.05681003788592358
0.7,0.2,0.5,0.8,0.24233782,49925,0.05612099526996767
0.1,0.7,0.6,0.7,0.24233972,49925,0.05589713887744966
0.8,0.2,0.5,0.9,0.24234018,49925,0.05579725090348783
0.2,0.6,0.8,0.9,0.24234307,49925,0.055915286665381994
0.4,0.4,0.2,0.9,0.24234325,49925,0.05311371309231382
0.7,0.1,0.2,0.9,0.2423459,49925,0.05364299090232317
0.5,0.1,0.1,0.6,0.24235122,49925,0.053180204030238494
0.4,0.8,0.7,0.8,0.2423534,49925,0.0563257151388418
0.7,0.1,0.4,0.1,0.24235389,49925,0.05787399689303258
0.1,0.9,0.7,0.8,0.24235477,49925,0.055922258454750746
0.4,0.3,0.2,0.9,0.24235694,49925,0.053023885637835395
0.5,0.4,0.5,0.6,0.24235755,49925,0.05655289204676528
0.6,0.8,0.8,0.7,0.2423593,49925,0.057013885101811386
0.3,0.1,0.5,0.5,0.24235936,49925,0.05665163438657166
0.8,0.3,0.6,0.9,0.2423598,49925,0.056236934671870964
0.7,0.4,0.6,0.8,0.24236047,49925,0.05642486125374808
0.4,0.2,0.3,0.5,0.24236141,49925,0.055865501645558105
0.9,0.5,0.7,0.5,0.24236214,49925,0.05727467961631912
0.6,0.2,0.4,0.7,0.24236305,49925,0.05582251673818548
0.9,0.8,0.9,0.9,0.24236487,49925,0.056822046584758534
0.3,0.7,0.7,0.9,0.242365,49925,0.05596977155898814
0.3,0.3,0.3,0.5,0.24236618,49925,0.055613883673216916
0.5,0.1,0.3,0.2,0.24236655,49925,0.05759633051918319
0.8,0.9,0.9,0.9,0.24236715,49925,0.056713199965928836
0.7,0.1,0.5,0.8,0.24236792,49925,0.05614992622630586
0.1,0.8,0.5,0.5,0.24236877,49925,0.056091960511883955
0.7,0.6,0.7,0.6,0.242369,49925,0.05711460296879213
0.1,0.6,0.5,0.6,0.242369,49925,0.055834756998047054
0.8,0.1,0.1,0.8,0.24237008,49925,0.05284149557025243
0.7,0.2,0.5,0.7,0.24237044,49925,0.05650904811593923
0.8,0.3,0.6,0.8,0.24237046,49925,0.05655415624835581
0.2,0.3,0.1,0.7,0.24237052,49925,0.0518466754263376
0.5,0.9,0.7,0.4,0.24237101,49925,0.05695618989524474
0.5,0.2,0.2,0.9,0.24237141,49925,0.053220663530716306
0.2,0.3,0.5,0.6,0.24237166,49925,0.0559065492978132
0.7,0.8,0.8,0.8,0.2423721,49925,0.05671607998640337
0.7,0.1,0.4,0.4,0.24237327,49925,0.057204552196731935
0.4,0.1,0.3,0.6,0.24237521,49925,0.05525275234595526
0.3,0.6,0.6,0.8,0.24237591,49925,0.055941555243469186
0.4,0.7,0.6,0.7,0.24237677,49925,0.056266905486056215
0.4,0.5,0.5,0.8,0.24237795,49925,0.0556388933774805
0.6,0.2,0.1,0.9,0.24237832,49925,0.052440088561232306
0.9,0.1,0.5,0.3,0.24237917,49925,0.05774167775162241
0.3,0.4,0.1,0.9,0.2423793,49925,0.05170890730007827
0.9,0.5,0.7,0.4,0.24238081,49925,0.057439315178581044
0.4,0.2,0.6,0.7,0.24238092,49925,0.0564383191380603
0.8,0.4,0.6,0.5,0.24238332,49925,0.05715262551316472
0.3,0.1,0.1,0.5,0.24238665,49925,0.053136362996676886
0.6,0.9,0.8,0.4,0.24238697,49925,0.05737884760989702
0.7,0.5,0.6,0.6,0.24238771,49925,0.05677480422541785
0.5,0.6,0.6,0.9,0.2423882,49925,0.055830958018559314
0.6,0.2,0.2,0.9,0.24239172,49925,0.05347174321616027
0.7,0.9,0.8,0.1,0.24239212,49925,0.05714946043535098
0.2,0.6,0.6,0.8,0.2423927,49925,0.05569727798838243
0.1,0.3,0.3,0.4,0.2423927,49925,0.05569727798838243
0.6,0.7,0.7,0.3,0.24239373,49925,0.05761474481104472
0.5,0.9,0.8,0.8,0.24239443,49925,0.056646672019583046
0.1,0.8,0.6,0.7,0.24239478,49925,0.055870939106700025
0.5,0.1,0.2,0.8,0.24239548,49925,0.05355783941421123
0.2,0.6,0.5,0.6,0.24239616,49925,0.056091002852211184
0.5,0.2,0.2,0.8,0.24239674,49925,0.05364577544168777
0.5,0.8,0.7,0.3,0.24239688,49925,0.05745665979790903
0.5,0.9,0.8,0.7,0.24239796,49925,0.056898894872683
0.5,0.8,0.7,0.1,0.24239814,49925,0.05763024411497009
0.5,0.1,0.2,0.7,0.24239878,49925,0.05403631180877277
0.3,0.2,0.1,0.8,0.24240123,49925,0.0516475430437351
0.5,0.9,0.8,0.9,0.2424014,49925,0.056402174570520665
0.9,0.3,0.6,0.1,0.24240175,49925,0.05769548050722642
0.3,0.6,0.5,0.2,0.24240187,49925,0.05751857357454109
0.4,0.3,0.8,0.9,0.24240245,49925,0.05613593896447958
0.7,0.9,0.9,0.3,0.24240491,49925,0.057884081555604455
0.7,0.3,0.5,0.3,0.24240549,49925,0.05749737335409001
0.6,0.8,0.8,0.3,0.24240665,49925,0.05786236193170203
0.4,0.3,0.5,0.8,0.24240756,49925,0.05558588416272638
0.3,0.5,0.5,0.7,0.24240798,49925,0.05586073150485222
0.7,0.8,0.8,0.5,0.24240868,49925,0.05731980080544067
0.3,0.9,0.7,0.7,0.24240988,49925,0.0564489247925397
0.9,0.1,0.5,0.5,0.24241002,49925,0.05722074536576931
0.3,0.6,0.5,0.5,0.24241011,49925,0.056558615306308235
0.4,0.5,0.5,0.5,0.24241015,49925,0.056746575607566255
0.2,0.5,0.4,0.3,0.24241342,49925,0.056977508535074495
0.7,0.8,0.8,0.4,0.2424139,49925,0.05747896274595715
0.4,0.6,0.6,0.9,0.24241392,49925,0.05569803467204482
0.7,0.9,0.9,0.9,0.24241403,49925,0.05676443617832233
0.2,0.4,0.8,0.7,0.24241531,49925,0.05642944837273728
0.5,0.1,0.3,0.5,0.24241559,49925,0.05607821269717898
0.6,0.3,0.5,0.6,0.24241619,49925,0.05674232267240771
0.2,0.9,0.6,0.1,0.24241632,49925,0.057264005453967454
0.1,0.8,0.5,0.3,0.24241708,49925,0.056761705230988294
0.8,0.6,0.7,0.5,0.24241823,49925,0.057160031584802574
0.9,0.8,0.9,0.8,0.24242035,49925,0.05699225015979066
0.9,0.6,0.8,0.8,0.24242124,49925,0.056945010464181614
0.9,0.4,0.7,0.2,0.24242243,49925,0.05809021207879236
0.4,0.1,0.1,0.8,0.24242303,49925,0.051941587024271804
0.5,0.3,0.2,0.9,0.24242325,49925,0.05329433275307648
0.3,0.3,0.6,0.7,0.24242476,49925,0.05618078807884874
0.9,0.8,0.9,0.7,0.24242511,49925,0.05718919382519038
0.4,0.5,0.5,0.6,0.24242516,49925,0.05638921727284396
0.2,0.7,0.6,0.7,0.24242584,49925,0.056103357317108735
0.4,0.2,0.2,0.7,0.24242601,49925,0.05381729809649827
0.5,0.2,0.6,0.9,0.24242772,49925,0.05571025793941872
0.7,0.3,0.5,0.5,0.24242777,49925,0.05694430238187089
0.4,0.4,0.6,0.9,0.24242903,49925,0.055670217167703644
0.9,0.9,0.8,0.1,0.24242929,49925,0.05636899872479435
0.8,0.7,0.8,0.4,0.24243005,49925,0.05759825551280238
0.4,0.5,0.6,0.8,0.2424302,49925,0.05612794766619657
0.8,0.7,0.8,0.9,0.24243113,49925,0.05663020312768508
0.4,0.3,0.1,0.9,0.2424326,49925,0.05194581270470502
0.8,0.7,0.8,0.8,0.24243273,49925,0.05684269910713513
0.9,0.5,0.7,0.6,0.24243301,49925,0.05707421041137341
0.2,0.9,0.7,0.8,0.2424332,49925,0.05607983271348161
0.9,0.5,0.7,0.1,0.24243408,49925,0.057516423793552464
0.7,0.1,0.4,0.3,0.24243435,49925,0.057533008577020504
0.5,0.2,0.5,0.8,0.24243562,49925,0.055776948378733295
0.3,0.5,0.6,0.8,0.2424367,49925,0.05592045196300401
0.5,0.7,0.7,0.2,0.24243826,49925,0.058056002168792135
0.6,0.1,0.2,0.8,0.24243858,49925,0.05380325413178433
0.7,0.2,0.2,0.9,0.24243954,49925,0.05358923159996562
0.4,0.4,0.1,0.9,0.24243963,49925,0.05202860107509317
0.9,0.6,0.8,0.7,0.24244013,49925,0.05714381698887089
0.4,0.4,0.5,0.8,0.24244013,49925,0.05563180462784574
0.9,0.7,0.9,0.3,0.24244022,49925,0.0580863277470238
0.4,0.7,0.7,0.9,0.24244036,49925,0.05609904413023872
0.6,0.1,0.2,0.9,0.24244076,49925,0.0534251190102141
0.1,0.4,0.9,0.6,0.24244146,49925,0.05624317495601997
0.4,0.9,0.7,0.3,0.24244155,49925,0.05729567520819826
0.6,0.3,0.5,0.7,0.24244158,49925,0.05635363018094106
0.8,0.7,0.8,0.7,0.24244165,49925,0.057040377544753676
0.2,0.1,0.6,0.4,0.24244225,49925,0.05652747522965285
0.1,0.3,0.8,0.5,0.24244261,49925,0.05614998694335987
0.1,0.8,0.7,0.8,0.24244356,49925,0.05591514721042491
0.6,0.3,0.5,0.8,0.24244462,49925,0.05596210938071023
0.4,0.5,0.5,0.2,0.24244532,49925,0.057745319237209984
0.5,0.3,0.4,0.4,0.24244535,49925,0.05685419307217785
0.1,0.6,0.4,0.3,0.24244575,49925,0.05666377447840811
0.4,0.3,0.4,0.1,0.24244651,49925,0.05824679578999104
0.8,0.6,0.8,0.2,0.24244651,49925,0.05824679578999104
0.8,0.4,0.7,0.8,0.24244703,49925,0.056876097451930056
0.9,0.1,0.5,0.1,0.24244837,49925,0.05785590525233899
0.2,0.5,0.4,0.4,0.24245052,49925,0.05650564512645752
0.2,0.5,0.4,0.1,0.24245161,49925,0.05772182641674555
0.4,0.1,0.1,0.9,0.24245198,49925,0.05145774160604746
0.7,0.6,0.7,0.3,0.24245322,49925,0.05773959331621298
0.8,0.2,0.5,0.2,0.24245343,49925,0.057764892774020894
0.8,0.4,0.6,0.4,0.2424537,49925,0.05737646998181364
0.4,0.2,0.3,0.2,0.2424537,49925,0.05737646998181364
0.4,0.2,0.3,0.3,0.24245769,49925,0.05690626403451998
0.8,0.4,0.6,0.6,0.24245769,49925,0.05690626403451998
0.9,0.5,0.7,0.7,0.2424613,49925,0.056877410905607204
0.8,0.9,0.9,0.4,0.24246225,49925,0.05753827689435979
0.2,0.7,0.8,0.9,0.24246317,49925,0.05608520105639127
0.2,0.7,0.5,0.3,0.24246372,49925,0.057006619779243026
0.9,0.1,0.6,0.9,0.24246377,49925,0.056448731494306785
0.5,0.1,0.6,0.7,0.24246453,49925,0.056642623825166126
0.3,0.8,0.7,0.8,0.24246614,49925,0.05628523413196074
0.5,0.2,0.7,0.8,0.24246678,49925,0.05657708653833135
0.3,0.6,0.5,0.3,0.24246679,49925,0.057216649149064616
0.2,0.7,0.5,0.1,0.2424673,49925,0.05745154628873219
0.6,0.5,0.6,0.9,0.24246746,49925,0.055988751929102305
0.9,0.2,0.6,0.7,0.24246763,49925,0.056971457204372355
0.1,0.8,0.5,0.1,0.24246773,49925,0.05720444029554418
0.2,0.5,0.9,0.8,0.24246785,49925,0.05636105523361395
0.8,0.9,0.8,0.1,0.2424713,49925,0.05677513396314772
0.4,0.8,0.7,0.2,0.24247406,49925,0.0579053406139153
0.7,0.8,0.8,0.6,0.24247406,49925,0.057144802379356714
0.4,0.7,0.6,0.4,0.2424745,49925,0.05712082078127009
0.4,0.3,0.7,0.8,0.2424752,49925,0.05639039556833739
0.7,0.1,0.4,0.2,0.2424762,49925,0.05777015008767944
0.9,0.8,0.9,0.4,0.24247675,49925,0.05763326246673711
0.5,0.8,0.7,0.4,0.24247687,49925,0.05727011652041819
0.9,0.1,0.5,0.2,0.2424783,49925,0.0578461922845963
0.6,0.6,0.7,0.2,0.24248132,49925,0.05824024318824362
0.4,0.5,0.6,0.9,0.24248168,49925,0.05571164726754563
0.4,0.7,0.6,0.3,0.24248199,49925,0.05740990399308956
0.4,0.9,0.7,0.4,0.24248867,49925,0.05711075499739311
0.2,0.2,0.5,0.5,0.24248905,49925,0.056295362931016196
0.3,0.8,0.6,0.3,0.24249035,49925,0.057198912210839926
0.3,0.9,0.7,0.6,0.24249056,49925,0.05674634593744311
0.4,0.3,0.4,0.5,0.2424909,49925,0.056516427821007215
0.4,0.6,0.6,0.8,0.2424909,49925,0.05606050836700125
0.2,0.3,0.3,0.4,0.2424909,49925,0.05606050836700125
0.3,0.8,0.6,0.2,0.24249133,49925,0.05738083944181457
0.7,0.4,0.6,0.7,0.24249147,49925,0.056751522550729135
0.7,0.7,0.8,0.3,0.24249233,49925,0.05800939803927609
0.2,0.7,0.7,0.9,0.2424929,49925,0.05572544384109365
0.1,0.7,0.1,0.9,0.24249361,49925,0.05120014536588123
0.4,0.1,0.6,0.6,0.24249429,49925,0.05684823305663013
0.2,0.6,0.9,0.9,0.24249482,49925,0.05616511537438035
0.9,0.1,0.1,0.9,0.2424958,49925,0.05269730008500234
0.5,0.1,0.3,0.3,0.24249655,49925,0.05713256265554084
0.7,0.6,0.7,0.7,0.242497,49925,0.05687002117548466
0.5,0.4,0.5,0.8,0.24249892,49925,0.05581529627811273
0.9,0.6,0.8,0.9,0.24249925,49925,0.056746852382804615
0.1,0.6,0.6,0.7,0.2424995,49925,0.05584250829273531
0.6,0.8,0.8,0.9,0.2425003,49925,0.05653183482524843
0.4,0.6,0.6,0.7,0.24250047,49925,0.056426850807071285
0.7,0.4,0.6,0.1,0.2425019,49925,0.05810502574861923
0.2,0.4,0.7,0.7,0.24250275,49925,0.056216724214909766
0.3,0.3,0.5,0.7,0.24250367,49925,0.05579223845551825
0.9,0.2,0.6,0.2,0.24250454,49925,0.05825440310236507
0.6,0.5,0.6,0.5,0.24250513,49925,0.05719184903902255
0.8,0.4,0.7,0.9,0.2425053,49925,0.05659332970392102
0.6,0.2,0.8,0.9,0.24250649,49925,0.056681367185080524
0.3,0.4,0.7,0.8,0.24250652,49925,0.05616083192939906
0.4,0.9,0.8,0.9,0.24250664,49925,0.05635976400312694
0.4,0.6,0.7,0.9,0.24250673,49925,0.05613616003349601
0.4,0.1,0.3,0.5,0.24251063,49925,0.05595276121445012
0.3,0.9,0.7,0.5,0.24251072,49925,0.05699999616028764
0.7,0.4,0.6,0.9,0.24251129,49925,0.05611691222500685
0.4,0.9,0.7,0.1,0.24251167,49925,0.0574662219879048
0.9,0.5,0.8,0.9,0.24251324,49925,0.056869970212405065
0.9,0.3,0.7,0.9,0.24251358,49925,0.05669751365221735
0.5,0.7,0.7,0.9,0.24251552,49925,0.05618827382190054
0.1,0.9,0.8,0.9,0.24251805,49925,0.055924964859197145
0.5,0.7,0.7,0.8,0.24251823,49925,0.056504016424249424
0.2,0.9,0.6,0.2,0.24251886,49925,0.057188895764750274
0.3,0.4,0.4,0.5,0.24251911,49925,0.056281238424010616
0.8,0.9,0.9,0.6,0.24252115,49925,0.0572350445348874
0.2,0.7,0.5,0.2,0.24252139,49925,0.057303633587818474
0.6,0.1,0.1,0.9,0.24252269,49925,0.0523583788229521
0.8,0.5,0.7,0.6,0.24252282,49925,0.05721972201544782
0.6,0.2,0.5,0.8,0.24252641,49925,0.055997319667297527
0.5,0.3,0.8,0.9,0.24252681,49925,0.056538309541802154
0.5,0.4,0.5,0.2,0.24252695,49925,0.05793369830256307
0.1,0.7,0.8,0.8,0.24252963,49925,0.05614276328534809
0.4,0.3,0.2,0.8,0.24252994,49925,0.05344644137276938
0.2,0.3,0.6,0.6,0.24253,49925,0.056263090056505365
0.8,0.2,0.6,0.9,0.24253036,49925,0.05631711614815965
0.1,0.8,0.9,0.9,0.2425305,49925,0.05612272261281098
0.2,0.4,0.4,0.5,0.24253058,49925,0.05612972993970627
0.5,0.9,0.8,0.5,0.24253064,49925,0.05732061842238522
0.8,0.3,0.6,0.1,0.24253139,49925,0.058229226751776976
0.3,0.5,0.8,0.9,0.24253367,49925,0.05613368989018295
0.4,0.1,0.1,0.5,0.24253714,49925,0.05343216125897512
0.6,0.2,0.4,0.3,0.24253748,49925,0.05738297001984458
0.5,0.6,0.7,0.9,0.24253799,49925,0.05627268580794844
0.3,0.4,0.4,0.6,0.24253824,49925,0.05578139595333982
0.1,0.4,0.4,0.5,0.24253888,49925,0.05575631222583483
0.6,0.7,0.7,0.4,0.24253976,49925,0.057410838950516956
0.3,0.4,0.5,0.7,0.24254191,49925,0.055876755685412366
0.5,0.6,0.6,0.3,0.2425423,49925,0.05755261445264109
0.6,0.3,0.5,0.1,0.24254273,49925,0.058259369595916294
0.1,0.5,0.5,0.6,0.24254309,49925,0.0558110714029415
0.7,0.1,0.1,0.8,0.24254377,49925,0.05284663433327546
0.5,0.5,0.6,0.8,0.24254414,49925,0.056240254558197283
0.2,0.2,0.7,0.5,0.24254498,49925,0.056561731772455444
0.9,0.3,0.6,0.5,0.24254504,49925,0.057286522164258544
0.8,0.9,0.9,0.5,0.24254602,49925,0.057390104197002495
0.2,0.5,0.8,0.8,0.24254683,49925,0.056181672999829194
0.3,0.6,0.7,0.9,0.24254692,49925,0.05594170601980882
0.4,0.8,0.7,0.6,0.24254832,49925,0.056915757570613956
0.6,0.9,0.8,0.1,0.24255222,49925,0.057539950360765375
0.3,0.2,0.6,0.6,0.24255235,49925,0.05656300529713488
0.7,0.3,0.5,0.4,0.24255407,49925,0.05725114279703266
0.1,0.9,0.6,0.5,0.24255894,49925,0.05651657382909428
0.4,0.1,0.3,0.4,0.24256273,49925,0.05668429779383907
0.8,0.2,0.6,0.8,0.24256273,49925,0.05668429779383907
0.9,0.1,0.5,0.4,0.24256279,49925,0.05748543558952407
0.3,0.3,0.4,0.6,0.2425638,49925,0.05579521105800197
0.8,0.2,0.5,0.4,0.24256389,49925,0.05738891712025039
0.8,0.7,0.9,0.2,0.24256408,49925,0.05846905239538601
0.9,0.2,0.6,0.8,0.24256423,49925,0.0566899983195691
0.1,0.6,0.4,0.4,0.24256505,49925,0.056207076180810646
0.5,0.9,0.8,0.3,0.2425657,49925,0.057737991714715706
0.3,0.3,0.1,0.8,0.24256647,49925,0.05191032097503792
0.1,0.4,0.3,0.3,0.24256785,49925,0.05638575150256645
0.2,0.8,0.6,0.6,0.24256785,49925,0.05638575150256645
0.8,0.5,0.7,0.8,0.2425693,49925,0.05674264921881256
0.6,0.4,0.6,0.9,0.24257049,49925,0.05604644272697498
0.1,0.6,0.7,0.7,0.24257106,49925,0.056181315514758405
0.5,0.7,0.7,0.6,0.24257147,49925,0.05707628714907915
0.5,0.1,0.3,0.1,0.24257252,49925,0.057813401379527875
0.6,0.6,0.7,0.9,0.24257271,49925,0.05633758553849026
0.5,0.3,0.5,0.8,0.24257281,49925,0.05583927409795987
0.9,0.6,0.8,0.3,0.2425729,49925,0.05786495200433968
0.4,0.2,0.1,0.8,0.242573,49925,0.05219456845994611
0.3,0.5,0.5,0.6,0.24257392,49925,0.05631614325519834
0.8,0.5,0.7,0.7,0.2425746,49925,0.056987099021332345
0.9,0.3,0.6,0.6,0.24257615,49925,0.05701482314154037
0.6,0.2,0.4,0.4,0.24257615,49925,0.05701482314154037
0.3,0.1,0.2,0.2,0.24257615,49925,0.05701482314154037
0.7,0.8,0.8,0.1,0.2425762,49925,0.057656424399225976
0.4,0.2,0.1,0.9,0.24257685,49925,0.05177082244442974
0.4,0.1,0.1,0.7,0.24257696,49925,0.052453219462391835
0.2,0.3,0.7,0.6,0.24257876,49925,0.0564674430842126
0.9,0.4,0.7,0.8,0.24257877,49925,0.05684044938176749
0.5,0.1,0.1,0.7,0.24257883,49925,0.05280837217772714
0.2,0.5,0.5,0.6,0.24257925,49925,0.05614381390352538
0.8,0.8,0.9,0.7,0.24258028,49925,0.057268460945249046
0.5,0.2,0.1,0.9,0.24258097,49925,0.05215238250508235
0.9,0.8,0.9,0.5,0.24258116,49925,0.057491618091574374
0.9,0.5,0.8,0.2,0.24258138,49925,0.05832476830027734
0.5,0.4,0.5,0.7,0.24258272,49925,0.05618534550266711
0.2,0.4,0.5,0.6,0.24258319,49925,0.056107745271108296
0.5,0.2,0.4,0.6,0.24258491,49925,0.05621864824599821
0.8,0.2,0.5,0.5,0.24258663,49925,0.05710314299355216
0.7,0.7,0.8,0.9,0.24259128,49925,0.05665072777941897
0.8,0.3,0.6,0.7,0.2425949,49925,0.056872801700554566
0.5,0.9,0.8,0.6,0.24259607,49925,0.05711993736921256
0.4,0.8,0.7,0.5,0.24259716,49925,0.057192587017739445
0.5,0.5,0.6,0.9,0.24259937,49925,0.05589073464456869
0.2,0.5,0.6,0.7,0.24260005,49925,0.05612420243919948
0.1,0.8,0.5,0.2,0.24260141,49925,0.05704441102088883
0.5,0.4,0.6,0.9,0.24260163,49925,0.05587834188909793
0.4,0.2,0.7,0.7,0.24260217,49925,0.05674324605734564
0.6,0.9,0.9,0.2,0.2426042,49925,0.05823866618628846
0.4,0.4,0.7,0.9,0.24260429,49925,0.056059507513906016
0.7,0.9,0.9,0.5,0.24260698,49925,0.057546388548785195
0.7,0.1,0.8,0.9,0.24260856,49925,0.056840744111017104
0.6,0.1,0.7,0.8,0.24260874,49925,0.05674161606024286
0.9,0.8,0.8,0.1,0.24261057,49925,0.056852718862860016
0.8,0.1,0.1,0.9,0.24261454,49925,0.05271673563075746
0.8,0.8,0.9,0.8,0.24261491,49925,0.05706359349242645
0.5,0.2,0.4,0.1,0.24261501,49925,0.0584173943932608
0.8,0.7,0.8,0.6,0.24261548,49925,0.05725637680332775
0.7,0.1,0.1,0.9,0.24261594,49925,0.05259799770977579
0.3,0.1,0.6,0.5,0.24261726,49925,0.056828078776105496
0.4,0.8,0.7,0.7,0.24261738,49925,0.05661479956541053
0.3,0.3,0.1,0.9,0.24261853,49925,0.05148407204886942
0.7,0.2,0.5,0.6,0.24261864,49925,0.056880709345602
0.4,0.5,0.5,0.4,0.2426242,49925,0.05710809047104986
0.3,0.9,0.8,0.9,0.24262525,49925,0.05628268025714237
0.9,0.6,0.9,0.2,0.24262579,49925,0.05856921484410002
0.9,0.7,0.8,0.1,0.24262896,49925,0.0573525751082477
0.1,0.6,0.4,0.2,0.24262935,49925,0.05710107873906107
0.1,0.9,0.6,0.6,0.24262936,49925,0.05615024349398729
0.7,0.4,0.6,0.2,0.24262975,49925,0.058036602744163404
0.5,0.1,0.1,0.8,0.24263565,49925,0.05241956319924414
0.5,0.3,0.7,0.9,0.24263658,49925,0.056218908631894944
0.8,0.6,0.8,0.9,0.24263921,49925,0.05676510186154606
0.3,0.7,0.6,0.5,0.2426423,49925,0.05694305897504152
0.4,0.5,0.5,0.3,0.24264264,49925,0.0574436058474972
0.2,0.6,0.7,0.8,0.24264282,49925,0.056101530039182154
0.4,0.2,0.4,0.6,0.24264361,49925,0.056067271795584454
0.6,0.3,0.6,0.9,0.24264361,49925,0.05606727179558446
0.2,0.1,0.2,0.3,0.24264361,49925,0.056067271795584454
0.4,0.3,0.8,0.8,0.24264911,49925,0.05664862995182034
0.7,0.4,0.6,0.5,0.24264994,49925,0.05732009572855028
0.5,0.3,0.5,0.7,0.24265173,49925,0.05629028738238449
0.9,0.3,0.7,0.8,0.24265194,49925,0.05697786913566298
0.4,0.3,0.4,0.6,0.24265243,49925,0.05602890029496533
0.5,0.6,0.6,0.4,0.24265355,49925,0.05730893184919422
0.6,0.8,0.8,0.8,0.24265505,49925,0.0567886332317835
0.3,0.4,0.4,0.4,0.24265505,49925,0.0567886332317835
0.8,0.5,0.7,0.1,0.24265653,49925,0.05797827641147549
0.2,0.8,0.6,0.5,0.24265678,49925,0.05672860202545438
0.8,0.6,0.8,0.3,0.24265875,49925,0.05810360707403235
0.6,0.7,0.7,0.5,0.2426591,49925,0.0572201940971316
0.4,0.8,0.7,0.4,0.24266036,49925,0.05743987389854117
0.9,0.6,0.8,0.4,0.24266301,49925,0.05770394905981085
0.8,0.1,0.5,0.6,0.24266301,49925,0.05701650246843674
0.5,0.8,0.8,0.2,0.24266574,49925,0.058282332253726817
0.7,0.9,0.9,0.6,0.24266618,49925,0.0573549581673679
0.7,0.5,0.7,0.8,0.24266654,49925,0.05676752811731725
0.5,0.2,0.8,0.8,0.24266659,49925,0.056861572396485656
0.8,0.8,0.8,0.1,0.24266914,49925,0.057264054618058564
0.3,0.4,0.8,0.8,0.24266917,49925,0.05643154927767689
0.9,0.4,0.7,0.1,0.2426693,49925,0.058076179596878025
0.5,0.4,0.5,0.4,0.24267091,49925,0.05730466111183013
0.4,0.5,0.7,0.9,0.24267128,49925,0.05613135429808029
0.7,0.3,0.6,0.9,0.2426715,49925,0.056185103017347825
0.2,0.8,0.7,0.8,0.24267162,49925,0.05610118851903739
0.4,0.7,0.7,0.8,0.24267232,49925,0.056419520386311615
0.9,0.1,0.6,0.8,0.24267288,49925,0.056813799011485706
0.6,0.1,0.6,0.9,0.24267308,49925,0.055884264282769144
0.4,0.4,0.9,0.9,0.24267417,49925,0.056571252637158474
0.8,0.8,0.9,0.9,0.24267459,49925,0.05686440819947643
0.4,0.4,0.5,0.7,0.24267493,49925,0.0560832590226986
0.6,0.2,0.5,0.7,0.24267705,49925,0.05647848460823633
0.6,0.1,0.5,0.8,0.24267769,49925,0.05593703527499531
0.4,0.4,0.8,0.9,0.24267797,49925,0.05634321115051207
0.3,0.9,0.7,0.2,0.2426781,49925,0.0577203534711221
0.6,0.9,0.9,0.8,0.24267842,49925,0.057031671393746076
0.5,0.1,0.1,0.9,0.24268165,49925,0.052003644015677856
0.1,0.3,0.4,0.4,0.24268223,49925,0.05637838526516586
0.2,0.6,0.8,0.8,0.24268223,49925,0.05637838526516586
0.6,0.5,0.6,0.6,0.2426827,49925,0.05690530852221512
0.8,0.3,0.6,0.2,0.24268445,49925,0.05815029605097205
0.3,0.2,0.1,0.7,0.24268475,49925,0.05216201387459727
0.7,0.5,0.7,0.9,0.24268545,49925,0.05645859064811928
0.6,0.9,0.9,0.3,0.24268623,49925,0.05808939998870148
0.4,0.6,0.6,0.2,0.24268623,49925,0.05808939998870148
0.2,0.3,0.3,0.1,0.24268623,49925,0.05808939998870148
0.5,0.7,0.7,0.7,0.24268946,49925,0.056786210409906016
0.3,0.9,0.7,0.3,0.24269134,49925,0.0575170174198577
0.1,0.2,0.7,0.4,0.24269225,49925,0.05591458489957792
0.5,0.7,0.7,0.3,0.24269232,49925,0.05785141217565791
0.4,0.2,0.5,0.7,0.24269307,49925,0.05601646193300638
0.6,0.4,0.6,0.8,0.24269736,49925,0.056399526552681316
0.3,0.2,0.3,0.4,0.24269736,49925,0.056399526552681316
0.3,0.6,0.6,0.7,0.24269776,49925,0.05632502354138255
0.8,0.8,0.9,0.4,0.24269845,49925,0.05784348613095516
0.3,0.8,0.8,0.9,0.2426989,49925,0.05631975518128529
0.3,0.7,0.6,0.6,0.2426991,49925,0.056571467319817
0.7,0.9,0.9,0.7,0.2426993,49925,0.057161195789340986
0.6,0.1,0.4,0.5,0.24270089,49925,0.0569209824460233
0.6,0.1,0.1,0.8,0.24270251,49925,0.05269717704598669
0.8,0.1,0.6,0.9,0.24270305,49925,0.05633251729468784
0.3,0.6,0.8,0.9,0.24270305,49925,0.0562763356677072
0.9,0.4,0.7,0.3,0.24270418,49925,0.05795409191727112
0.3,0.1,0.7,0.5,0.24270494,49925,0.056907534195648986
0.7,0.3,0.6,0.8,0.24270724,49925,0.056544115903091594
0.7,0.8,0.9,0.2,0.24270813,49925,0.05836447022868228
0.3,0.9,0.7,0.4,0.24270868,49925,0.057280067609834256
0.1,0.8,0.6,0.6,0.24270937,49925,0.056296496677281364
0.7,0.1,0.5,0.7,0.2427108,49925,0.056614137222042824
0.3,0.4,0.5,0.6,0.24271093,49925,0.05641349978679827
0.4,0.1,0.1,0.6,0.24271412,49925,0.052947487879048294
0.7,0.9,0.9,0.4,0.24271627,49925,0.057726728646314486
0.6,0.4,0.6,0.7,0.24271679,49925,0.056757943839155216
0.2,0.5,0.4,0.2,0.2427176,49925,0.05738836313375667
0.4,0.3,0.6,0.8,0.24271898,49925,0.05605799878916888
0.4,0.6,0.7,0.8,0.24272014,49925,0.056513837677485
0.6,0.8,0.8,0.5,0.24272051,49925,0.057447533025224526
0.3,0.3,0.7,0.7,0.24272087,49925,0.05648530353274907
0.1,0.9,0.7,0.7,0.24272132,49925,0.05629934521184254
0.2,0.3,0.4,0.5,0.2427218,49925,0.056127762934599694
0.5,0.8,0.8,0.9,0.24272259,49925,0.05648339873765637
0.6,0.6,0.7,0.8,0.24272275,49925,0.0566367648538161
0.4,0.1,0.7,0.6,0.24272452,49925,0.0570008492274291
0.3,0.5,0.9,0.9,0.24272764,49925,0.05639164118838542
0.1,0.5,0.6,0.6,0.24272941,49925,0.05623576018471199
0.2,0.9,0.8,0.9,0.24273035,49925,0.05612658575826674
0.9,0.8,0.9,0.6,0.24273263,49925,0.05733186257577495
0.3,0.2,0.7,0.6,0.24273355,49925,0.05676102845338556
0.1,0.7,0.6,0.6,0.24273373,49925,0.05634254348448634
0.7,0.4,0.6,0.6,0.24273416,49925,0.057044369500627044
0.9,0.6,0.8,0.6,0.2427359,49925,0.05735822826716828
0.3,0.5,0.7,0.8,0.24273622,49925,0.056307104062937555
0.4,0.9,0.8,0.5,0.24273628,49925,0.05744544629345202
0.9,0.4,0.7,0.7,0.24273917,49925,0.057085891860565015
0.7,0.7,0.8,0.7,0.24274044,49925,0.05712943062878899
0.9,0.2,0.6,0.1,0.2427416,49925,0.058302302794487545
0.4,0.4,0.5,0.6,0.24274215,49925,0.05654659295801503
0.5,0.3,0.9,0.9,0.24274357,49925,0.05678466297514231
0.8,0.7,0.8,0.5,0.24274445,49925,0.05742434972902509
0.5,0.1,0.4,0.6,0.24274524,49925,0.056263076872453466
0.6,0.5,0.6,0.3,0.24274988,49925,0.057709324880572226
0.5,0.1,0.7,0.7,0.24275151,49925,0.05695240464609252
0.9,0.7,0.9,0.8,0.24275175,49925,0.05718578471223222
0.8,0.5,0.7,0.3,0.24275297,49925,0.0578583308481273
0.3,0.4,0.4,0.3,0.24275315,49925,0.05722964991318422
0.6,0.8,0.8,0.6,0.24275315,49925,0.05722964991318422
0.4,0.6,0.6,0.5,0.24275371,49925,0.05714760345515828
0.8,0.1,0.5,0.2,0.24275686,49925,0.058345539579278044
0.2,0.4,0.9,0.7,0.24275813,49925,0.05653989062903326
0.2,0.5,0.7,0.7,0.24275889,49925,0.05644524184814934
0.1,0.9,0.8,0.8,0.24275959,49925,0.05629904082405778
0.2,0.8,0.8,0.9,0.24276133,49925,0.05613254662005222
0.3,0.7,0.6,0.4,0.24276745,49925,0.05726926327238879
0.7,0.3,0.6,0.7,0.24276936,49925,0.05688773337085698
0.3,0.7,0.7,0.8,0.24277292,49925,0.05634135096336612
0.4,0.1,0.4,0.6,0.24277304,49925,0.05595998312735161
0.6,0.8,0.8,0.4,0.2427751,49925,0.05768287123375343
0.3,0.4,0.4,0.2,0.2427751,49925,0.05768287123375343
0.3,0.6,0.7,0.8,0.24277687,49925,0.05635838204082936
0.1,0.9,0.6,0.4,0.24277711,49925,0.05683292839670311
0.6,0.5,0.7,0.9,0.24278004,49925,0.05639990272522739
0.7,0.5,0.7,0.2,0.24278192,49925,0.05833789648982464
0.6,0.6,0.7,0.7,0.24278317,49925,0.05692014312749849
0.7,0.7,0.8,0.6,0.24278471,49925,0.05734979920086094
0.2,0.7,0.7,0.8,0.2427856,49925,0.05612771511424602
0.4,0.9,0.8,0.8,0.24278702,49925,0.056631323983891195
0.6,0.1,0.4,0.1,0.24278969,49925,0.05860474508299412
0.2,0.8,0.6,0.4,0.24279056,49925,0.05707771352748559
0.1,0.4,0.3,0.2,0.24279056,49925,0.05707771352748559
0.3,0.5,0.5,0.1,0.2427919,49925,0.05840124844953325
0.6,0.4,0.6,0.1,0.24279246,49925,0.05860906502893685
0.9,0.7,0.9,0.4,0.24279296,49925,0.057915184569721716
0.9,0.6,0.8,0.5,0.24279709,49925,0.05753967318551582
0.9,0.7,0.9,0.9,0.24279734,49925,0.05697952001674738
0.1,0.4,0.5,0.5,0.24280214,49925,0.0562971111493362
0.2,0.6,0.6,0.7,0.24280253,49925,0.05614265897938296
0.2,0.6,0.5,0.4,0.24280281,49925,0.05696458068831956
0.1,0.8,0.7,0.7,0.24280503,49925,0.056329549806143735
0.2,0.7,0.9,0.9,0.24280524,49925,0.0563337357304518
0.6,0.6,0.7,0.3,0.24280533,49925,0.05801255040062895
0.7,0.8,0.9,0.8,0.24280576,49925,0.057152626421914265
0.8,0.2,0.6,0.7,0.24280837,49925,0.0570455585309442
0.5,0.9,0.8,0.4,0.2428087,49925,0.05753311990283167
0.1,0.7,0.5,0.4,0.24280998,49925,0.056717006523635545
0.7,0.8,0.9,0.3,0.24281035,49925,0.058213649121426306
0.5,0.5,0.6,0.1,0.24281089,49925,0.05845581517664941
0.7,0.6,0.7,0.4,0.2428124,49925,0.05754862518304978
0.1,0.7,0.5,0.5,0.2428154,49925,0.05627033006944906
0.1,0.7,0.9,0.8,0.24281603,49925,0.056363114117023286
0.9,0.4,0.7,0.6,0.24282013,49925,0.05734860239517529
0.1,0.7,0.5,0.3,0.2428206,49925,0.05715268476384605
0.2,0.3,0.8,0.6,0.24282217,49925,0.05655939831726014
0.3,0.3,0.5,0.6,0.24282369,49925,0.05638988535680533
0.7,0.2,0.6,0.9,0.24282396,49925,0.05620581910229293
0.5,0.3,0.6,0.9,0.24282417,49925,0.05585234965982803
0.2,0.2,0.3,0.4,0.24282435,49925,0.05610842845789052
0.4,0.4,0.6,0.8,0.24282435,49925,0.05610842845789052
0.4,0.3,0.5,0.7,0.24282631,49925,0.05610557997406057
0.7,0.2,0.5,0.1,0.24282682,49925,0.05839707672461499
0.7,0.7,0.8,0.8,0.24282725,49925,0.056895565329648026
0.5,0.8,0.8,0.6,0.24282952,49925,0.057328838730837384
0.6,0.2,0.6,0.9,0.24283002,49925,0.05601166270297356
0.6,0.9,0.9,0.7,0.24283092,49925,0.05726377694677349
0.4,0.8,0.8,0.9,0.24283193,49925,0.056432682851103866
0.4,0.5,0.6,0.7,0.24283272,49925,0.05653341203116192
0.1,0.6,0.5,0.5,0.24283339,49925,0.05640441327729327
0.3,0.8,0.7,0.7,0.24283427,49925,0.0565835957721906
0.8,0.7,0.8,0.1,0.24283434,49925,0.05775476485710565
0.2,0.3,0.9,0.6,0.24283491,49925,0.056575002662596255
0.3,0.6,0.9,0.9,0.2428351,49925,0.056533956445636205
0.2,0.4,0.6,0.6,0.2428351,49925,0.0565339564456362
0.1,0.2,0.3,0.3,0.2428351,49925,0.0565339564456362
0.7,0.8,0.9,0.7,0.24283743,49925,0.05736194756634121
0.8,0.5,0.7,0.4,0.2428412,49925,0.05765567194148037
0.6,0.2,0.9,0.9,0.24284251,49925,0.05694396951594647
0.3,0.3,0.8,0.7,0.24284488,49925,0.05668111889187073
0.8,0.3,0.7,0.9,0.24284512,49925,0.05668752275012645
0.8,0.6,0.8,0.7,0.2428452,49925,0.05724900915207344
0.3,0.7,0.8,0.9,0.24284536,49925,0.05633397422394441
0.5,0.5,0.6,0.2,0.24284631,49925,0.058279319641631924
0.3,0.7,0.6,0.1,0.24284764,49925,0.058068627428191036
0.4,0.9,0.8,0.6,0.24284771,49925,0.057177301961411374
0.5,0.4,0.5,0.5,0.24284884,49925,0.056951672532256414
0.7,0.2,0.5,0.2,0.24285032,49925,0.05822921957248877
0.1,0.9,0.6,0.3,0.24285057,49925,0.05713536658624642
0.3,0.3,0.9,0.7,0.2428513,49925,0.056807417919922824
0.2,0.8,0.6,0.3,0.24285218,49925,0.057376881442515903
0.2,0.6,0.5,0.5,0.2428531,49925,0.056527426220755836
0.7,0.6,0.7,0.5,0.24285324,49925,0.0573561241601537
0.5,0.5,0.6,0.7,0.24285515,49925,0.05660730909032955
0.5,0.2,0.6,0.8,0.24285659,49925,0.05623989827862329
0.6,0.5,0.6,0.4,0.2428609,49925,0.05746195300657577
0.7,0.1,0.5,0.6,0.24286155,49925,0.0571019116147694
0.7,0.1,0.6,0.9,0.24286234,49925,0.05615299204399918
0.4,0.3,0.4,0.4,0.24286439,49925,0.05700718673565431
0.8,0.6,0.8,0.8,0.24286439,49925,0.05700718673565431
0.4,0.8,0.7,0.3,0.24286458,49925,0.057686863764373944
0.1,0.6,0.4,0.1,0.24286641,49925,0.05740583207394129
0.3,0.5,0.6,0.7,0.24286798,49925,0.056370558355608
0.1,0.8,0.8,0.8,0.24286857,49925,0.05625674315508542
0.3,0.2,0.8,0.6,0.24286911,49925,0.056863178263335944
0.4,0.4,0.7,0.8,0.2428703,49925,0.056509061984055364
0.4,0.7,0.8,0.9,0.24287058,49925,0.056484138190413695
0.6,0.7,0.8,0.7,0.24287087,49925,0.05720956409954328
0.8,0.5,0.7,0.5,0.24287228,49925,0.05745953352171909
0.6,0.6,0.7,0.1,0.24287531,49925,0.05828376361346875
0.4,0.8,0.7,0.1,0.24287738,49925,0.05798530907715593
0.3,0.7,0.6,0.2,0.24287784,49925,0.05788779511614085
0.8,0.8,0.9,0.6,0.24288024,49925,0.057455311368360656
0.6,0.3,0.5,0.5,0.24288213,49925,0.05711497482993895
0.3,0.4,0.6,0.7,0.24288458,49925,0.05634460133189615
0.2,0.9,0.7,0.7,0.24288547,49925,0.05641625703330731
0.4,0.6,0.6,0.6,0.24288566,49925,0.05677759813056691
0.2,0.3,0.3,0.3,0.24288566,49925,0.05677759813056691
0.6,0.9,0.9,0.9,0.24288566,49925,0.05677759813056692
0.6,0.9,0.9,0.4,0.24288584,49925,0.057891660752606544
0.5,0.7,0.7,0.5,0.24288598,49925,0.05733201328976833
0.3,0.2,0.3,0.1,0.24288714,49925,0.05842514040408861
0.6,0.4,0.6,0.2,0.24288714,49925,0.05842514040408861
0.9,0.6,0.9,0.3,0.24288714,49925,0.05842514040408861
0.7,0.4,0.7,0.9,0.24288717,49925,0.05655391808188681
0.9,0.4,0.8,0.9,0.24288735,49925,0.05698437305723742
0.6,0.7,0.8,0.2,0.2428875,49925,0.058437102601413785
0.7,0.4,0.6,0.4,0.24288875,49925,0.05760603347555739
0.6,0.3,0.5,0.2,0.24289058,49925,0.05810016008306292
0.2,0.9,0.7,0.6,0.24289583,49925,0.05673351910523459
0.9,0.2,0.7,0.9,0.24289678,49925,0.05681185133200795
0.6,0.2,0.7,0.9,0.242898,49925,0.0563926133243588
0.1,0.5,0.7,0.6,0.24289942,49925,0.05651000340699067
0.1,0.5,0.4,0.4,0.24290144,49925,0.05641815036653399
0.5,0.7,0.7,0.4,0.24290211,49925,0.057572248457372376
0.4,0.6,0.8,0.9,0.24290222,49925,0.05651761924258121
0.9,0.2,0.6,0.6,0.24290378,49925,0.05726455130410288
0.9,0.7,0.9,0.7,0.24290532,49925,0.05739030262188922
0.9,0.1,0.6,0.7,0.24290574,49925,0.05716927404156524
0.1,0.9,0.9,0.9,0.24290596,49925,0.05623749363214677
0.4,0.9,0.8,0.2,0.24290752,49925,0.05812262741269984
0.8,0.4,0.7,0.2,0.24290814,49925,0.05843211902975866
0.3,0.4,0.9,0.8,0.2429096,49925,0.05662552703145912
0.9,0.4,0.7,0.5,0.24291222,49925,0.057591484240367044
0.5,0.7,0.8,0.9,0.24291609,49925,0.056592441532702834
0.8,0.3,0.6,0.6,0.24291636,49925,0.057161040174554444
0.2,0.9,0.7,0.5,0.24291816,49925,0.05706288881376635
0.2,0.9,0.7,0.4,0.24292037,49925,0.057371026327651294
0.8,0.7,0.9,0.3,0.24292155,49925,0.058332889386403526
0.2,0.2,0.8,0.5,0.24292164,49925,0.05653295807796145
0.9,0.2,0.6,0.5,0.24292189,49925,0.057569868040678596
0.4,0.9,0.8,0.7,0.24292369,49925,0.05690112747420138
0.4,0.2,0.8,0.7,0.24292395,49925,0.05690969890806941
0.7,0.6,0.8,0.2,0.2429282,49925,0.05858607666564083
0.9,0.4,0.7,0.4,0.24292944,49925,0.05779568977736959
0.6,0.2,0.5,0.6,0.24292973,49925,0.05691723749616059
0.1,0.6,0.6,0.6,0.24293111,49925,0.05636751472879769
0.4,0.9,0.8,0.3,0.24293134,49925,0.057949127624337925
0.5,0.5,0.7,0.9,0.24293381,49925,0.05630499410011305
0.9,0.3,0.7,0.2,0.24293494,49925,0.058542684042758905
0.5,0.4,0.6,0.8,0.2429359,49925,0.05631228347600548
0.9,0.5,0.8,0.8,0.2429392,49925,0.05711840050191314
0.6,0.1,0.8,0.8,0.24293947,49925,0.05703486577406486
0.7,0.2,0.6,0.8,0.24293965,49925,0.0566170169471935
0.6,0.1,0.5,0.7,0.24293998,49925,0.05646907415821558
0.1,0.4,0.4,0.4,0.24294055,49925,0.0565113022492059
0.2,0.8,0.8,0.8,0.24294055,49925,0.0565113022492059
0.8,0.3,0.6,0.5,0.24294089,49925,0.05745981792878387
0.1,0.7,0.7,0.7,0.24294224,49925,0.05631187396680067
0.1,0.8,0.6,0.5,0.2429426,49925,0.056710172191593154
0.5,0.5,0.6,0.6,0.2429436,49925,0.056969205163376196
0.5,0.3,0.5,0.6,0.24294505,49925,0.05674789606935099
0.6,0.3,0.6,0.8,0.24294724,49925,0.05648624728863661
0.7,0.7,0.8,0.4,0.24294782,49925,0.057810031795429935
0.5,0.2,0.5,0.7,0.24294831,49925,0.05631090558082736
0.3,0.2,0.9,0.6,0.24294865,49925,0.05686044328796067
0.2,0.8,0.6,0.2,0.24294882,49925,0.057678618419393216
0.1,0.4,0.3,0.1,0.24294882,49925,0.057678618419393216
0.5,0.4,0.5,0.3,0.24295022,49925,0.05762553166257247
0.8,0.7,0.9,0.7,0.24295044,49925,0.05745780499859406
0.6,0.7,0.8,0.9,0.24295099,49925,0.056640859133763655
0.5,0.8,0.8,0.3,0.24295206,49925,0.05809178601218729
0.5,0.8,0.8,0.8,0.24295379,49925,0.05678212603969621
0.4,0.6,0.6,0.1,0.24295546,49925,0.05828327896540702
0.5,0.6,0.7,0.8,0.24295746,49925,0.0565961683682464
0.1,0.6,0.8,0.7,0.24295758,49925,0.05642995686894386
0.8,0.3,0.6,0.4,0.24295828,49925,0.057760013539270655
0.7,0.3,0.6,0.1,0.24295881,49925,0.058741950727488786
0.3,0.7,0.6,0.3,0.24295966,49925,0.057586226354623626
0.4,0.7,0.7,0.5,0.24295974,49925,0.05741326009246205
0.6,0.7,0.8,0.3,0.2429598,49925,0.05823188156042603
0.4,0.6,0.6,0.4,0.24296017,49925,0.05745949407173379
0.6,0.9,0.9,0.6,0.24296017,49925,0.05745949407173379
0.2,0.3,0.3,0.2,0.24296017,49925,0.05745949407173379
0.5,0.1,0.5,0.7,0.2429604,49925,0.05620807257181271
0.8,0.1,0.5,0.1,0.24296051,49925,0.05847746959908453
0.8,0.4,0.7,0.7,0.24296129,49925,0.05718226349400312
0.6,0.7,0.8,0.6,0.24296229,49925,0.05746457675397087
0.4,0.5,0.8,0.9,0.24296361,49925,0.05646886571547312
0.8,0.3,0.6,0.3,0.24296388,49925,0.05797476656291542
0.8,0.5,0.8,0.9,0.24296452,49925,0.05688395847097075
0.3,0.3,0.4,0.5,0.242966,49925,0.056408968409610336
0.6,0.6,0.7,0.6,0.24296612,49925,0.05719036985782232
0.7,0.5,0.7,0.6,0.24296802,49925,0.05733544136904002
0.1,0.6,0.9,0.7,0.24296808,49925,0.05663051662742307
0.8,0.7,0.9,0.9,0.24297157,49925,0.057005616172630266
0.3,0.5,0.8,0.8,0.24297287,49925,0.05659684464105703
0.7,0.2,0.5,0.5,0.24297497,49925,0.057249712416398375
0.9,0.1,0.6,0.2,0.24297522,49925,0.058793617425479956
0.7,0.2,0.5,0.4,0.2429753,49925,0.05760095363502986
0.5,0.8,0.8,0.7,0.24297968,49925,0.0570623662925032
0.7,0.1,0.9,0.9,0.24298283,49925,0.05708389477690383
0.7,0.4,0.6,0.3,0.24298492,49925,0.05784122339801904
0.3,0.5,0.5,0.4,0.24298917,49925,0.057226021309566805
0.9,0.3,0.7,0.7,0.24299014,49925,0.057291345862545855
0.5,0.5,0.7,0.8,0.24299175,49925,0.056692349769374574
0.2,0.6,0.5,0.3,0.2429922,49925,0.057416723425213215
0.7,0.5,0.7,0.3,0.24300192,49925,0.058143307707807915
0.9,0.2,0.6,0.4,0.24300244,49925,0.05783868831943686
0.8,0.8,0.9,0.5,0.24300317,49925,0.05766134897694881
0.5,0.5,0.6,0.5,0.243006,49925,0.05729771510389557
0.1,0.5,0.4,0.3,0.24300614,49925,0.05703325714373703
0.8,0.9,0.9,0.1,0.24300744,49925,0.05757312916204478
0.5,0.6,0.8,0.9,0.24300791,49925,0.05665852942934709
0.4,0.3,0.6,0.7,0.24300803,49925,0.05654875619695581
0.5,0.3,0.6,0.8,0.24300903,49925,0.05629126457162381
0.3,0.8,0.7,0.4,0.24300908,49925,0.05756857830168444
0.9,0.5,0.8,0.7,0.24300927,49925,0.05734332603970837
0.6,0.6,0.7,0.5,0.24301003,49925,0.05746321313308331
0.2,0.8,0.6,0.1,0.24301147,49925,0.057864285716157884
0.4,0.3,0.4,0.3,0.24301532,49925,0.05747161226164738
0.8,0.6,0.8,0.6,0.24301532,49925,0.05747161226164738
0.3,0.7,0.9,0.9,0.24301712,49925,0.056622230135667646
0.6,0.3,0.5,0.4,0.24301806,49925,0.05747096986866044
0.8,0.7,0.9,0.8,0.24301806,49925,0.057235945876552424
0.3,0.4,0.7,0.7,0.24301825,49925,0.05669461431247769
0.8,0.2,0.6,0.2,0.24302194,49925,0.05869308827169821
0.4,0.1,0.3,0.1,0.24302194,49925,0.05869308827169821
0.2,0.6,0.5,0.1,0.24302198,49925,0.05814396417916012
0.6,0.1,0.4,0.4,0.24302307,49925,0.057391998373410975
0.6,0.1,0.9,0.8,0.24302316,49925,0.057214534865693445
0.5,0.7,0.7,0.1,0.24302328,49925,0.058135314953675
0.4,0.5,0.7,0.8,0.24302422,49925,0.05654074284096122
0.9,0.5,0.8,0.3,0.24302511,49925,0.05822460529056932
0.5,0.2,0.9,0.8,0.24302666,49925,0.057003260560405354
0.8,0.1,0.5,0.5,0.2430276,49925,0.05737936023793744
0.3,0.9,0.7,0.1,0.24302892,49925,0.05780315277502169
0.7,0.3,0.6,0.6,0.24302894,49925,0.057259444243785436
0.2,0.7,0.7,0.7,0.24302912,49925,0.056554079919202985
0.6,0.3,0.5,0.3,0.24303332,49925,0.05779228169964913
0.9,0.2,0.7,0.8,0.24303614,49925,0.057147971552963986
0.5,0.1,0.8,0.7,0.24303621,49925,0.05711679970379739
0.6,0.4,0.6,0.5,0.24303734,49925,0.0574523776612793
0.3,0.8,0.7,0.5,0.24303883,49925,0.05723941110454116
0.4,0.2,0.9,0.7,0.24303903,49925,0.057025604787268175
0.7,0.5,0.7,0.7,0.2430412,49925,0.057040763150193845
0.9,0.5,0.8,0.4,0.24304384,49925,0.05802560390201793
0.9,0.7,0.9,0.5,0.2430441,49925,0.05774570334539144
0.7,0.1,0.7,0.9,0.24304464,49925,0.05652675235760734
0.8,0.7,0.9,0.4,0.24304691,49925,0.058126255895353536
0.7,0.8,0.9,0.5,0.24304786,49925,0.05777470938629573
0.8,0.1,0.5,0.4,0.24304883,49925,0.05772709882869133
0.2,0.8,0.7,0.7,0.24304983,49925,0.056517660447585195
0.1,0.3,0.9,0.5,0.24305034,49925,0.05604746317344268
0.5,0.4,0.8,0.9,0.2430509,49925,0.0566267606549929
0.6,0.9,0.9,0.5,0.24305157,49925,0.05763886189614379
0.4,0.4,0.5,0.4,0.24305172,49925,0.0574307100329645
0.6,0.1,0.4,0.2,0.24305224,49925,0.05830424376369835
0.2,0.7,0.6,0.6,0.24305302,49925,0.05652206609631781
0.9,0.4,0.8,0.8,0.24305338,49925,0.057263043671194835
0.3,0.5,0.5,0.3,0.24305347,49925,0.05764849502212531
0.1,0.5,0.8,0.6,0.2430542,49925,0.056733686986592695
0.5,0.4,0.6,0.7,0.24305476,49925,0.05672138719236833
0.2,0.8,0.9,0.9,0.24305499,49925,0.0564260031450966
0.4,0.6,0.6,0.3,0.243055,49925,0.05776597439880346
0.8,0.4,0.7,0.6,0.24305555,49925,0.057451843363692565
0.7,0.8,0.9,0.6,0.24305621,49925,0.057557692871103024
0.3,0.9,0.8,0.8,0.24305665,49925,0.05658542019765607
0.3,0.5,0.5,0.5,0.24305719,49925,0.05677392244087469
0.6,0.6,0.8,0.9,0.24305753,49925,0.056734087080773224
0.9,0.2,0.6,0.3,0.24305816,49925,0.058091587088553324
0.5,0.9,0.9,0.9,0.24305864,49925,0.056770284108746814
0.8,0.5,0.8,0.2,0.24305922,49925,0.05869138548893865
0.7,0.8,0.9,0.9,0.24305966,49925,0.05690867804672881
0.2,0.9,0.9,0.9,0.24306132,49925,0.05647340108749203
0.1,0.4,0.6,0.5,0.24306457,49925,0.056631355753772525
0.9,0.4,0.8,0.2,0.24306484,49925,0.05877480117418315
0.4,0.9,0.8,0.4,0.24306598,49925,0.05768293477198993
0.5,0.9,0.9,0.2,0.24306948,49925,0.05846559578636244
0.8,0.2,0.6,0.6,0.24307056,49925,0.05738463000345413
0.4,0.1,0.3,0.3,0.24307056,49925,0.05738463000345413
0.2,0.6,0.5,0.2,0.24307278,49925,0.05782736650083174
0.5,0.4,0.7,0.9,0.24307585,49925,0.056289485042359665
0.2,0.3,0.5,0.5,0.24307859,49925,0.056647113064555624
0.8,0.4,0.7,0.3,0.24307968,49925,0.0582448700796902
0.7,0.5,0.7,0.1,0.24308051,49925,0.05841043167608418
0.4,0.3,0.9,0.8,0.2430822,49925,0.05683253106623401
0.6,0.3,0.7,0.9,0.243083,49925,0.05644123865881483
0.9,0.7,0.9,0.6,0.24308322,49925,0.057580130000273566
0.7,0.8,0.9,0.4,0.2430845,49925,0.05802408969724489
0.7,0.4,0.7,0.8,0.24308869,49925,0.05689973252536375
0.1,0.8,0.9,0.8,0.2430928,49925,0.05652021231288921
0.5,0.3,0.5,0.1,0.24309577,49925,0.058842105955325436
0.5,0.5,0.6,0.4,0.24309781,49925,0.05760986765359416
0.6,0.5,0.7,0.8,0.24309924,49925,0.056745564160300174
0.7,0.7,0.8,0.1,0.24309963,49925,0.058147883152901654
0.8,0.6,0.8,0.4,0.24310234,49925,0.05791777193556601
0.4,0.3,0.4,0.2,0.24310234,49925,0.05791777193556601
0.5,0.2,0.4,0.4,0.2431025,49925,0.05721443204517806
0.6,0.6,0.7,0.4,0.24310616,49925,0.05773405535103429
0.4,0.1,0.8,0.6,0.2431068,49925,0.057088574298915985
0.2,0.9,0.8,0.8,0.24310988,49925,0.05647062460811639
0.3,0.3,0.6,0.6,0.2431103,49925,0.056811894756388676
0.1,0.1,0.2,0.2,0.2431103,49925,0.05681189475638867
0.2,0.2,0.4,0.4,0.2431103,49925,0.05681189475638867
0.4,0.4,0.8,0.8,0.2431103,49925,0.05681189475638867
0.7,0.7,0.8,0.5,0.24311087,49925,0.05757951775981207
0.3,0.2,0.4,0.5,0.24311246,49925,0.05642954555044707
0.6,0.8,0.9,0.8,0.24311396,49925,0.057158135893985385
0.4,0.4,0.5,0.2,0.24311534,49925,0.05829685518138683
0.6,0.4,0.7,0.9,0.2431177,49925,0.0564624699736785
0.3,0.6,0.8,0.8,0.24311772,49925,0.056686138997695056
0.4,0.2,0.4,0.5,0.24312039,49925,0.05667380197556451
0.9,0.6,0.8,0.1,0.2431204,49925,0.057850564214032736
0.3,0.5,0.5,0.2,0.24312308,49925,0.058074034993892285
0.4,0.7,0.7,0.2,0.24312428,49925,0.05833779140082554
0.2,0.7,0.8,0.8,0.24312635,49925,0.0564906366675647
0.3,0.8,0.7,0.6,0.24312723,49925,0.056917386655144064
0.5,0.9,0.9,0.8,0.24312823,49925,0.05702938653513726
0.2,0.1,0.3,0.3,0.24312827,49925,0.057057988487622634
0.4,0.2,0.6,0.6,0.24312827,49925,0.057057988487622634
0.6,0.3,0.9,0.9,0.24312827,49925,0.05705798848762264
0.7,0.6,0.8,0.9,0.24312848,49925,0.05677587495622016
0.2,0.4,0.4,0.4,0.24313346,49925,0.05675304758511762
0.4,0.8,0.8,0.8,0.24313346,49925,0.05675304758511762
0.1,0.2,0.2,0.2,0.24313346,49925,0.05675304758511762
0.3,0.6,0.6,0.6,0.24313346,49925,0.05675304758511762
0.8,0.3,0.7,0.8,0.24313438,49925,0.05703586181879979
0.8,0.4,0.7,0.1,0.24313506,49925,0.05851886910792063
0.4,0.5,0.9,0.9,0.24313797,49925,0.05672201681084663
0.4,0.4,0.5,0.1,0.24313873,49925,0.05866476554989593
0.5,0.5,0.8,0.9,0.24314125,49925,0.05667271433977832
0.5,0.9,0.9,0.6,0.24314258,49925,0.05754161220522178
0.5,0.1,0.9,0.7,0.2431429,49925,0.05720363658207087
0.5,0.8,0.8,0.5,0.24314694,49925,0.05757927705191817
0.8,0.1,0.7,0.9,0.24314727,49925,0.056735953450833675
0.6,0.2,0.5,0.5,0.24314865,49925,0.057350669326581644
0.4,0.7,0.7,0.7,0.24315079,49925,0.056782985503229653
0.7,0.1,0.6,0.8,0.2431521,49925,0.0566212937638198
0.1,0.5,0.5,0.5,0.24315459,49925,0.05644238824697587
0.6,0.1,0.6,0.8,0.24315487,49925,0.0563915611620467
0.9,0.3,0.7,0.6,0.24315493,49925,0.057562855372393154
0.8,0.2,0.6,0.1,0.24315506,49925,0.05884191322783641
0.6,0.7,0.8,0.8,0.24315684,49925,0.0569037342042433
0.9,0.5,0.9,0.2,0.24315943,49925,0.05895456140099021
0.7,0.3,0.7,0.9,0.24316208,49925,0.05663051100908822
0.6,0.7,0.8,0.5,0.24316357,49925,0.05770724768013738
0.5,0.7,0.8,0.8,0.24316484,49925,0.056906788715071696
0.9,0.5,0.8,0.5,0.2431651,49925,0.057811649048907295
0.2,0.6,0.9,0.8,0.24316679,49925,0.05660495864248331
0.2,0.7,0.9,0.8,0.24316742,49925,0.056761377755323736
0.2,0.1,0.7,0.4,0.24316818,49925,0.056403759493137744
0.7,0.5,0.8,0.9,0.24316925,49925,0.05686199184422221
0.5,0.8,0.8,0.4,0.24317275,49925,0.05781804168680959
0.4,0.7,0.7,0.6,0.24317332,49925,0.057094994402778036
0.7,0.6,0.8,0.6,0.24317464,49925,0.057575933981637274
0.2,0.5,0.6,0.6,0.24317609,49925,0.05665285864511798
0.9,0.3,0.8,0.9,0.24317619,49925,0.057117922754565474
0.3,0.5,0.7,0.7,0.243178,49925,0.05678919293031589
0.4,0.4,0.6,0.7,0.24318047,49925,0.05659978722275665
0.3,0.7,0.7,0.7,0.24318284,49925,0.05669901763786537
0.5,0.9,0.8,0.1,0.2431863,49925,0.05789566882440142
0.5,0.3,0.8,0.8,0.24318825,49925,0.05701568337288224
0.3,0.1,0.8,0.5,0.24318884,49925,0.05687768849289963
0.2,0.7,0.6,0.5,0.24318914,49925,0.05696364202224362
0.2,0.5,0.8,0.7,0.24319148,49925,0.056698223771455745
0.3,0.8,0.9,0.9,0.24319169,49925,0.056640750174428135
0.3,0.2,0.5,0.5,0.2431927,49925,0.056978437699195056
0.6,0.8,0.9,0.7,0.24319305,49925,0.05741109094482607
0.3,0.9,0.8,0.6,0.24319392,49925,0.05719602296419433
0.9,0.3,0.7,0.3,0.24319395,49925,0.05835823133503863
0.7,0.7,0.9,0.7,0.24319465,49925,0.0575302091257049
0.8,0.1,0.6,0.8,0.24319497,49925,0.05673970159055585
0.9,0.1,0.6,0.3,0.24319662,49925,0.058505710885472205
0.2,0.6,0.7,0.7,0.24320136,49925,0.05655206272505428
0.5,0.9,0.9,0.7,0.24320166,49925,0.05727894877390571
0.8,0.6,0.8,0.5,0.2432024,49925,0.05769484291899378
0.1,0.9,0.6,0.2,0.24320443,49925,0.05743506426428649
0.6,0.2,0.8,0.8,0.24320497,49925,0.05714925878968371
0.3,0.1,0.4,0.4,0.24320497,49925,0.05714925878968371
0.4,0.3,0.7,0.7,0.24321042,49925,0.056931851130156794
0.3,0.1,0.3,0.4,0.24321283,49925,0.05648009365504581
0.6,0.2,0.6,0.8,0.24321283,49925,0.05648009365504581
0.5,0.2,0.6,0.7,0.24321425,49925,0.05674404083910976
0.7,0.6,0.8,0.8,0.24321963,49925,0.0570313288636403
0.5,0.8,0.9,0.9,0.24322125,49925,0.05685338802048338
0.7,0.2,0.5,0.3,0.2432245,49925,0.05795377618399949
0.6,0.4,0.7,0.8,0.24322559,49925,0.056845004574436454
0.5,0.6,0.7,0.2,0.243228,49925,0.058486512578700973
0.7,0.2,0.7,0.9,0.24322975,49925,0.05660118574231535
0.9,0.6,0.9,0.8,0.24323106,49925,0.057335156678569636
0.7,0.6,0.8,0.3,0.24323186,49925,0.058371924026886575
0.2,0.4,0.5,0.5,0.2432335,49925,0.05675529930662618
0.6,0.8,0.9,0.9,0.24323374,49925,0.05689976527250796
0.6,0.7,0.9,0.9,0.24323495,49925,0.056995904536690796
0.7,0.3,0.7,0.8,0.24323657,49925,0.056992506714840005
0.5,0.6,0.7,0.5,0.24323758,49925,0.057581945605265444
0.2,0.7,0.6,0.4,0.24323888,49925,0.05732327379975804
0.8,0.5,0.8,0.3,0.2432389,49925,0.058473837172965094
0.9,0.8,0.9,0.1,0.24323937,49925,0.05766240127217368
0.5,0.7,0.8,0.7,0.24324112,49925,0.057199578244894536
0.4,0.4,0.5,0.5,0.24324182,49925,0.056987414264438666
0.1,0.9,0.7,0.6,0.24324268,49925,0.056678840328290354
0.7,0.6,0.8,0.7,0.24324274,49925,0.0573010446456098
0.5,0.2,0.7,0.7,0.24324293,49925,0.0571138683787167
0.8,0.2,0.6,0.3,0.24324316,49925,0.05841177425466011
0.9,0.6,0.9,0.9,0.24324402,49925,0.05710097993226975
0.3,0.2,0.3,0.3,0.24324402,49925,0.057100979932269744
0.6,0.4,0.6,0.6,0.24324402,49925,0.057100979932269744
0.9,0.9,0.9,0.1,0.24324416,49925,0.057204740119972064
0.4,0.2,0.5,0.6,0.24324685,49925,0.05661465373046887
0.4,0.5,0.6,0.6,0.24324714,49925,0.05694915870385087
0.9,0.5,0.8,0.6,0.24324836,49925,0.05758532057705011
0.4,0.1,0.4,0.5,0.243249,49925,0.056688263343047975
0.5,0.2,0.4,0.3,0.24325109,49925,0.0576834978641072
0.7,0.2,0.9,0.9,0.24325158,49925,0.05719496749151247
0.1,0.9,0.6,0.1,0.24325185,49925,0.0576201738763929
0.8,0.5,0.8,0.7,0.24325208,49925,0.05742779137330883
0.8,0.1,0.5,0.3,0.24325763,49925,0.05808319257066653
0.4,0.9,0.9,0.9,0.24325834,49925,0.05670681732988125
0.3,0.8,0.7,0.2,0.2432591,49925,0.05813493539196603
0.1,0.3,0.3,0.3,0.24326214,49925,0.0566087258142632
0.3,0.9,0.9,0.9,0.24326214,49925,0.0566087258142632
0.2,0.6,0.6,0.6,0.24326214,49925,0.0566087258142632
0.4,0.7,0.7,0.3,0.24326308,49925,0.058045176655898686
0.6,0.3,0.8,0.9,0.24326503,49925,0.056760904342795584
0.7,0.3,0.6,0.2,0.24326566,49925,0.05855524174780972
0.4,0.6,0.7,0.7,0.24326566,49925,0.056889171547670425
0.1,0.3,0.5,0.4,0.24326569,49925,0.05678216545072307
0.8,0.3,0.7,0.7,0.2432667,49925,0.05733834857087629
0.7,0.7,0.9,0.2,0.24326672,49925,0.05874820720739117
0.7,0.5,0.7,0.4,0.24326898,49925,0.057870219618438884
0.3,0.5,0.6,0.6,0.24327095,49925,0.05684593004237498
0.7,0.4,0.8,0.9,0.24327227,49925,0.056924403480464965
0.4,0.1,0.9,0.6,0.24327411,49925,0.05713258004912293
0.1,0.8,0.6,0.4,0.24327518,49925,0.057094918965269255
0.5,0.5,0.7,0.7,0.24327587,49925,0.05707042259966832
0.7,0.5,0.7,0.5,0.24327601,49925,0.05759947704609356
0.9,0.1,0.6,0.1,0.2432769,49925,0.058933713897237616
0.8,0.7,0.9,0.5,0.24327706,49925,0.0578934813804114
0.5,0.3,0.7,0.8,0.24327789,49925,0.05666642635447096
0.5,0.5,0.6,0.3,0.24327871,49925,0.0579622677553208
0.9,0.2,0.7,0.2,0.24327914,49925,0.05902290135575053
0.6,0.8,0.9,0.2,0.24328044,49925,0.058611727409848
0.6,0.8,0.9,0.5,0.24328084,49925,0.05790337043195463
0.5,0.4,0.7,0.8,0.24328364,49925,0.056722838920721
0.6,0.7,0.8,0.4,0.24328466,49925,0.057962081389374746
0.6,0.5,0.8,0.9,0.2432855,49925,0.056795591241682965
0.7,0.7,0.9,0.3,0.24328625,49925,0.05852546754263571
0.3,0.7,0.8,0.8,0.24328686,49925,0.056710740918012974
0.3,0.6,0.6,0.5,0.24328716,49925,0.05714948317906846
0.8,0.2,0.7,0.9,0.2432878,49925,0.05674912368417201
0.7,0.2,0.6,0.7,0.24328844,49925,0.05706071284313425
0.4,0.4,0.5,0.3,0.24328892,49925,0.0578649443388191
0.2,0.9,0.7,0.3,0.24329068,49925,0.05768392194463685
0.5,0.4,0.9,0.9,0.24329683,49925,0.05689796394844994
0.6,0.3,0.6,0.7,0.2432979,49925,0.05688155836194531
0.7,0.6,0.8,0.5,0.24329798,49925,0.057832026480747645
0.9,0.6,0.9,0.4,0.24329849,49925,0.05824099009506477
0.9,0.1,0.6,0.5,0.24329875,49925,0.05781533458655667
0.5,0.6,0.7,0.6,0.24330127,49925,0.05726576930990852
0.4,0.6,0.9,0.9,0.24330169,49925,0.056782014885702795
0.9,0.4,0.8,0.7,0.24330224,49925,0.057527389619533555
0.4,0.3,0.5,0.6,0.24330248,49925,0.05662448903137484
0.5,0.6,0.7,0.7,0.24330427,49925,0.0569329311886905
0.6,0.5,0.7,0.6,0.24330446,49925,0.05738397907239715
0.6,0.8,0.9,0.6,0.24330486,49925,0.05767227680955735
0.6,0.2,0.7,0.8,0.2433062,49925,0.05683762896966754
0.1,0.9,0.8,0.7,0.24330628,49925,0.056688683138774024
0.5,0.3,0.5,0.5,0.24330641,49925,0.0571635995515934
0.8,0.5,0.8,0.8,0.24330713,49925,0.05714602524578502
0.3,0.9,0.8,0.5,0.24330771,49925,0.05749798561165895
0.1,0.7,0.8,0.7,0.24331014,49925,0.05661374125891519
0.1,0.4,0.7,0.5,0.24331021,49925,0.05685032273470267
0.5,0.5,0.9,0.9,0.24331127,49925,0.05693397605882747
0.4,0.8,0.8,0.7,0.24331155,49925,0.057055361020207994
0.6,0.5,0.7,0.7,0.2433129,49925,0.057075783319283716
0.5,0.2,0.4,0.2,0.24331412,49925,0.058151596461449614
0.6,0.1,0.4,0.3,0.24331516,49925,0.0578660788944765
0.6,0.8,0.8,0.1,0.2433191,49925,0.0580286775162754
0.4,0.7,0.9,0.9,0.24331963,49925,0.05680668752815866
0.9,0.2,0.7,0.7,0.24332008,49925,0.057468837314167145
0.8,0.4,0.7,0.4,0.24332123,49925,0.05799897230390462
0.9,0.6,0.9,0.7,0.24332207,49925,0.057571743894279465
0.2,0.4,0.7,0.6,0.24332291,49925,0.05683348120875276
0.1,0.8,0.7,0.6,0.24332608,49925,0.0567564452821563
0.5,0.1,0.4,0.5,0.24332678,49925,0.05690868133877736
0.4,0.7,0.7,0.4,0.24332857,49925,0.05773201891868713
0.8,0.7,0.9,0.6,0.24332859,49925,0.05767720588641746
0.8,0.6,0.8,0.1,0.24333021,49925,0.05824189031669974
0.4,0.9,0.8,0.1,0.2433309,49925,0.05821986297359833
0.4,0.1,0.5,0.5,0.24333282,49925,0.05721956161886722
0.7,0.1,0.5,0.5,0.24333303,49925,0.057521852807539145
0.3,0.6,0.7,0.7,0.24333304,49925,0.05678233491486844
0.3,0.8,0.7,0.3,0.24333417,49925,0.05787939919410269
0.4,0.6,0.8,0.8,0.2433362,49925,0.05688170364002446
0.2,0.3,0.4,0.4,0.2433362,49925,0.05688170364002446
0.5,0.9,0.9,0.4,0.24333632,49925,0.05803417704725402
0.8,0.6,0.9,0.2,0.24333833,49925,0.058871434061715744
0.7,0.1,0.5,0.1,0.24333882,49925,0.05911632745579604
0.8,0.1,0.6,0.7,0.24334142,49925,0.057179538175250594
0.1,0.9,0.9,0.8,0.2433429,49925,0.056604551347865836
0.5,0.1,0.6,0.6,0.24334392,49925,0.05724105569680591
0.3,0.5,0.9,0.8,0.24334551,49925,0.056818666420528435
0.3,0.4,0.5,0.5,0.2433457,49925,0.05693571798467484
0.5,0.1,0.5,0.6,0.24334724,49925,0.056823304838484544
0.1,0.9,0.7,0.5,0.24334733,49925,0.05707612892281756
0.4,0.7,0.7,0.1,0.24334785,49925,0.05851542783415131
0.5,0.6,0.7,0.4,0.24335244,49925,0.05789658275157192
0.1,0.7,0.5,0.2,0.24335814,49925,0.05752870347245799
0.5,0.2,0.5,0.6,0.24335828,49925,0.0568497434261533
0.2,0.5,0.5,0.5,0.24335861,49925,0.05668867996804928
0.7,0.4,0.7,0.2,0.24336246,49925,0.058794869019655374
0.3,0.4,0.6,0.6,0.24336356,49925,0.05689602323925287
0.1,0.7,0.6,0.5,0.24336739,49925,0.056856643153263255
0.2,0.2,0.9,0.5,0.24336892,49925,0.05645026417193425
0.3,0.8,0.8,0.8,0.24337141,49925,0.05666999231649565
0.9,0.4,0.8,0.3,0.24337219,49925,0.05859972737652039
0.5,0.9,0.9,0.5,0.24337256,49925,0.05778700230753087
0.6,0.2,0.6,0.7,0.24337378,49925,0.05695033394418382
0.4,0.5,0.6,0.5,0.2433738,49925,0.05735889200163691
0.8,0.2,0.6,0.5,0.24337484,49925,0.05771710791446882
0.3,0.6,0.6,0.4,0.2433773,49925,0.05755111768383344
0.5,0.6,0.7,0.3,0.24337843,49925,0.05819655126801532
0.6,0.6,0.8,0.8,0.24337877,49925,0.05704044551092202
0.3,0.3,0.4,0.4,0.24337877,49925,0.05704044551092202
0.7,0.3,0.6,0.5,0.2433795,49925,0.05759997198997724
0.4,0.8,0.9,0.9,0.24337961,49925,0.05678135868364137
0.8,0.4,0.7,0.5,0.24337967,49925,0.057728241834525136
0.3,0.9,0.8,0.7,0.24338275,49925,0.05689708005721165
0.8,0.2,0.7,0.8,0.24338312,49925,0.057138840925749834
0.7,0.1,0.7,0.8,0.24338448,49925,0.05700255354596236
0.1,0.7,0.9,0.7,0.24338493,49925,0.0568387082172652
0.6,0.1,0.7,0.7,0.24338518,49925,0.05726655418594533
0.5,0.6,0.7,0.1,0.24338594,49925,0.05871268545422219
0.8,0.4,0.8,0.9,0.24338672,49925,0.056988265672802185
0.7,0.7,0.9,0.8,0.24338982,49925,0.057268996499540675
0.2,0.4,0.4,0.3,0.24339,49925,0.057336185102250664
0.4,0.8,0.8,0.6,0.24339,49925,0.057336185102250664
0.8,0.3,0.8,0.9,0.2433906,49925,0.0570564989973911
0.7,0.6,0.9,0.9,0.2433968,49925,0.05713628723824733
0.7,0.4,0.7,0.7,0.24339713,49925,0.057191114771194485
0.9,0.3,0.7,0.1,0.2433989,49925,0.05861342951311934
0.6,0.2,0.5,0.4,0.24339971,49925,0.05778676822984628
0.4,0.5,0.8,0.8,0.24339995,49925,0.05687529051694436
0.8,0.1,0.9,0.9,0.24340142,49925,0.05731035233687532
0.1,0.6,0.7,0.6,0.24340194,49925,0.05672101292704113
0.8,0.1,0.8,0.9,0.24340229,49925,0.05705757539961104
0.2,0.5,0.9,0.7,0.2434028,49925,0.056896720953998496
0.3,0.8,0.8,0.7,0.24340297,49925,0.05701379223227367
0.5,0.6,0.8,0.8,0.24340318,49925,0.05700157566781767
0.9,0.1,0.6,0.6,0.24340619,49925,0.05747350669837943
0.5,0.7,0.9,0.9,0.24340658,49925,0.05692739887260612
0.6,0.5,0.7,0.2,0.24340847,49925,0.05866580706059005
0.1,0.5,0.9,0.6,0.24340858,49925,0.056846161047818165
0.8,0.5,0.8,0.6,0.24341056,49925,0.05768908333583031
0.8,0.3,0.7,0.2,0.24342272,49925,0.05892219072941735
0.7,0.5,0.8,0.8,0.243424,49925,0.05714573894354701
0.2,0.6,0.8,0.7,0.2434266,49925,0.0568665982519694
0.4,0.9,0.9,0.8,0.24342808,49925,0.05699850839463612
0.2,0.8,0.7,0.5,0.24342936,49925,0.0572768180418327
0.8,0.3,0.7,0.6,0.24342988,49925,0.057656832350846975
0.1,0.2,0.8,0.4,0.24343091,49925,0.05571979316467485
0.7,0.7,0.9,0.9,0.2434333,49925,0.057010668779802307
0.7,0.2,0.7,0.8,0.24343427,49925,0.05702815929393893
0.4,0.7,0.8,0.8,0.24343489,49925,0.05682533414852192
0.1,0.5,0.4,0.2,0.2434355,49925,0.05761769561646556
0.2,0.4,0.8,0.6,0.24343634,49925,0.05702512003051387
0.1,0.2,0.4,0.3,0.24343634,49925,0.05702512003051387
0.2,0.9,0.9,0.8,0.2434367,49925,0.056814881592656324
0.6,0.3,0.7,0.8,0.24343674,49925,0.05687663892810755
0.7,0.1,0.8,0.8,0.24343702,49925,0.057296894212745544
0.9,0.3,0.7,0.5,0.2434375,49925,0.05784230831651913
0.9,0.2,0.7,0.3,0.24343793,49925,0.058759502195408236
0.1,0.1,0.6,0.3,0.2434397,49925,0.0553451727349104
0.7,0.7,0.9,0.4,0.24344726,49925,0.058282035341207565
0.8,0.6,0.9,0.9,0.24344759,49925,0.0571142478608796
0.4,0.8,0.8,0.5,0.24344938,49925,0.05766752817808713
0.9,0.1,0.7,0.9,0.24345203,49925,0.05686068060931727
0.5,0.3,0.6,0.7,0.24345548,49925,0.05675707368527788
0.2,0.8,0.7,0.6,0.24345596,49925,0.056895537474122744
0.6,0.3,0.6,0.6,0.2434581,49925,0.05728838107577461
0.2,0.1,0.2,0.2,0.2434581,49925,0.057288381075774615
0.4,0.2,0.4,0.4,0.2434581,49925,0.057288381075774615
0.8,0.4,0.8,0.8,0.2434581,49925,0.057288381075774615
0.1,0.7,0.5,0.1,0.24346054,49925,0.05788676744138769
0.3,0.6,0.6,0.1,0.24346173,49925,0.05866099221140329
0.3,0.8,0.7,0.1,0.24346323,49925,0.058351084508581334
0.5,0.3,0.5,0.4,0.24346334,49925,0.05761462439968278
0.5,0.4,0.6,0.6,0.24346623,49925,0.057108875649421124
0.7,0.6,0.8,0.1,0.24346809,49925,0.058643422399175256
0.4,0.3,0.5,0.5,0.24346934,49925,0.05718706746664898
0.2,0.7,0.7,0.6,0.24346948,49925,0.05699860383649309
0.5,0.7,0.8,0.2,0.24347088,49925,0.0586911610998678
0.6,0.6,0.8,0.6,0.24347131,49925,0.05765903849344692
0.3,0.3,0.4,0.3,0.24347131,49925,0.05765903849344692
0.9,0.5,0.9,0.9,0.24347314,49925,0.05721938147635466
0.6,0.4,0.9,0.9,0.24347459,49925,0.057105909562770014
0.8,0.6,0.9,0.7,0.24347496,49925,0.05761760577507917
0.9,0.1,0.6,0.4,0.24347587,49925,0.05816370040981101
0.2,0.7,0.6,0.3,0.24347687,49925,0.05774700723785437
0.7,0.1,0.6,0.7,0.24347712,49925,0.05711059307808621
0.9,0.6,0.9,0.5,0.24347743,49925,0.05801303800608473
0.2,0.9,0.8,0.7,0.24347751,49925,0.05684472929213657
0.1,0.6,0.5,0.4,0.24347913,49925,0.05695259784649732
0.3,0.6,0.9,0.8,0.24348214,49925,0.0569702565129272
0.7,0.2,0.8,0.9,0.24348298,49925,0.05691668170341524
0.5,0.9,0.9,0.3,0.24348332,49925,0.05827423119952369
0.9,0.5,0.9,0.8,0.24348406,49925,0.05747855217654261
0.6,0.5,0.7,0.1,0.24348536,49925,0.058860492748754954
0.8,0.2,0.8,0.9,0.2434854,49925,0.057088853997179397
0.2,0.8,0.8,0.7,0.24348582,49925,0.056895748956797054
0.5,0.3,0.5,0.2,0.24348754,49925,0.05849400899194952
0.6,0.2,0.5,0.1,0.24348767,49925,0.05897222399756431
0.7,0.6,0.8,0.4,0.24348891,49925,0.05810909922365939
0.6,0.4,0.8,0.9,0.2434923,49925,0.05680026444149392
0.6,0.1,0.5,0.6,0.2434934,49925,0.05704112507212811
0.2,0.4,0.4,0.1,0.24349365,49925,0.05852405316919939
0.4,0.8,0.8,0.2,0.24349365,49925,0.05852405316919939
0.6,0.5,0.7,0.3,0.24349381,49925,0.05837445349151203
0.8,0.5,0.9,0.9,0.24349572,49925,0.05724236377363126
0.6,0.8,0.9,0.3,0.24349612,49925,0.05840918815758311
0.6,0.4,0.6,0.3,0.24349694,49925,0.058116726008492756
0.5,0.7,0.8,0.6,0.24349695,49925,0.05750553427638824
0.4,0.3,0.6,0.6,0.24349868,49925,0.05710499813147955
0.7,0.5,0.8,0.2,0.24349906,49925,0.05898272558370831
0.8,0.8,0.9,0.1,0.2435033,49925,0.05801597040503615
0.4,0.8,0.8,0.3,0.24350393,49925,0.0582776163604193
0.7,0.4,0.7,0.3,0.24350646,49925,0.05851069178546143
0.1,0.8,0.8,0.7,0.24350715,49925,0.05668254040892747
0.1,0.8,0.6,0.3,0.24350944,49925,0.0575076289883989
0.1,0.1,0.7,0.3,0.24350998,49925,0.05492668762528253
0.2,0.9,0.7,0.2,0.24351087,49925,0.05794086786425634
0.7,0.4,0.8,0.8,0.24351104,49925,0.057278149827034525
0.7,0.7,0.9,0.6,0.24351251,49925,0.05779584630223499
0.9,0.2,0.7,0.6,0.24351384,49925,0.05777417243628227
0.4,0.1,0.3,0.2,0.2435143,49925,0.05806093553166856
0.8,0.2,0.6,0.4,0.2435143,49925,0.05806093553166856
0.8,0.6,0.9,0.8,0.24351591,49925,0.05737340751466829
0.6,0.1,0.6,0.7,0.2435169,49925,0.056936893327014446
0.6,0.8,0.9,0.4,0.2435175,49925,0.0581500163445228
0.4,0.9,0.9,0.7,0.24351856,49925,0.05728590140639159
0.6,0.5,0.7,0.5,0.24351859,49925,0.05773016696229326
0.5,0.4,0.8,0.8,0.24352153,49925,0.05705815795019602
0.6,0.4,0.7,0.7,0.24352169,49925,0.057234173032540005
0.9,0.5,0.8,0.1,0.24352281,49925,0.058347319753011356
0.4,0.4,0.7,0.7,0.24352284,49925,0.056972897182705026
0.9,0.6,0.9,0.6,0.24352375,49925,0.05778855503044816
0.3,0.2,0.3,0.2,0.24352375,49925,0.05778855503044816
0.6,0.4,0.6,0.4,0.24352375,49925,0.05778855503044816
0.3,0.9,0.9,0.8,0.24352673,49925,0.05694392717177946
0.9,0.2,0.7,0.4,0.24352738,49925,0.05843810616520885
0.4,0.5,0.7,0.7,0.24353078,49925,0.05696154157991912
0.5,0.8,0.9,0.7,0.24353215,49925,0.05742185105647603
0.1,0.7,0.7,0.6,0.24353506,49925,0.05681000479978732
0.7,0.7,0.9,0.5,0.24353929,49925,0.05802679367050123
0.8,0.6,0.9,0.3,0.24354061,49925,0.05864777998769509
0.9,0.3,0.7,0.4,0.24354246,49925,0.05812625121213127
0.6,0.5,0.8,0.8,0.24354605,49925,0.05715002566142845
0.7,0.3,0.7,0.7,0.24354826,49925,0.057354776558858775
0.8,0.5,0.8,0.4,0.2435483,49925,0.05823155909535738
0.8,0.4,0.8,0.2,0.24355125,49925,0.059083799223869464
0.4,0.2,0.4,0.1,0.24355125,49925,0.059083799223869464
0.1,0.6,0.8,0.6,0.24355426,49925,0.05697987387745129
0.3,0.4,0.8,0.7,0.24355431,49925,0.05695078526621954
0.1,0.5,0.6,0.5,0.2435549,49925,0.05687165572784854
0.7,0.3,0.6,0.4,0.24355529,49925,0.05792585437712127
0.6,0.5,0.7,0.4,0.24355577,49925,0.058054511255100305
0.3,0.7,0.7,0.6,0.24355707,49925,0.057086292083147944
0.5,0.8,0.9,0.8,0.24356468,49925,0.057147860412137846
0.4,0.4,0.8,0.7,0.24356505,49925,0.05728178999401834
0.6,0.2,0.9,0.8,0.24356541,49925,0.057406163697332376
0.6,0.3,0.8,0.8,0.24356598,49925,0.05721936770754108
0.8,0.3,0.7,0.4,0.24356644,49925,0.05832390885460934
0.9,0.3,0.8,0.8,0.24356672,49925,0.057405917590703875
0.8,0.1,0.6,0.6,0.24356812,49925,0.05757954186394793
0.9,0.5,0.9,0.3,0.24356925,49925,0.05874462642858237
0.6,0.7,0.8,0.1,0.24357307,49925,0.05852105649259212
0.7,0.1,0.5,0.4,0.24357657,49925,0.057921982880951274
0.7,0.4,0.7,0.6,0.24357729,49925,0.0575316953161601
0.5,0.3,0.7,0.7,0.24357952,49925,0.057181002869047294
0.9,0.4,0.9,0.9,0.2435823,49925,0.05733158136164107
0.3,0.9,0.8,0.4,0.24358551,49925,0.05780336253147906
0.7,0.1,0.5,0.2,0.24358977,49925,0.058789287214078
0.5,0.1,0.4,0.1,0.24358979,49925,0.059278944375875546
0.3,0.9,0.9,0.7,0.24359092,49925,0.05727062435690318
0.5,0.8,0.8,0.1,0.24359113,49925,0.05838162036397476
0.9,0.1,0.8,0.9,0.24359372,49925,0.057209334905530346
0.4,0.3,0.8,0.7,0.24359469,49925,0.05717124192716972
0.7,0.2,0.6,0.6,0.24359642,49925,0.05745636964538616
0.1,0.8,0.7,0.5,0.24359712,49925,0.05719894723246829
0.4,0.6,0.7,0.6,0.24359769,49925,0.05726003751734484
0.3,0.9,0.8,0.2,0.24359787,49925,0.058366440595014966
0.4,0.5,0.6,0.1,0.24359982,49925,0.05890173207605907
0.4,0.4,0.9,0.8,0.2436053,49925,0.05703136007457841
0.2,0.5,0.5,0.4,0.24360953,49925,0.057252395389209135
0.8,0.5,0.8,0.5,0.24360956,49925,0.05796893350309388
0.9,0.5,0.9,0.7,0.24361308,49925,0.05772426387623775
0.2,0.7,0.6,0.1,0.2436136,49925,0.058433152733738274
0.7,0.9,0.9,0.1,0.24361387,49925,0.05791096375834209
0.5,0.3,0.9,0.8,0.24361739,49925,0.057237052161575576
0.7,0.3,0.9,0.9,0.24361908,49925,0.05725205332036614
0.7,0.3,0.8,0.9,0.24361958,49925,0.056946807871982724
0.8,0.1,0.7,0.8,0.24362017,49925,0.057141066235155864
0.9,0.2,0.8,0.9,0.24362037,49925,0.057176655912008316
0.5,0.2,0.8,0.7,0.24362074,49925,0.057388274324836265
0.5,0.5,0.7,0.6,0.24362172,49925,0.0574319763161562
0.1,0.4,0.8,0.5,0.2436255,49925,0.05692665249953488
0.6,0.3,0.6,0.1,0.24362595,49925,0.05922494228662221
0.9,0.4,0.8,0.6,0.24362613,49925,0.05779323814955388
0.4,0.5,0.9,0.8,0.24362688,49925,0.05716197858069203
0.7,0.1,0.5,0.3,0.24362749,49925,0.058387287691620854
0.4,0.5,0.6,0.4,0.24363023,49925,0.05776125155006888
0.5,0.1,0.4,0.4,0.24363154,49925,0.05752894523955754
0.8,0.4,0.8,0.7,0.24363157,49925,0.057586444147781475
0.5,0.5,0.8,0.8,0.24363239,49925,0.057051267765617725
0.7,0.4,0.7,0.1,0.24363554,49925,0.05897698978606143
0.3,0.7,0.7,0.5,0.24363923,49925,0.057453885411063256
0.7,0.2,0.6,0.2,0.24363989,49925,0.059068959970823495
0.8,0.2,0.9,0.9,0.24364012,49925,0.05737515541705003
0.5,0.6,0.9,0.9,0.24364069,49925,0.05696229777701661
0.6,0.6,0.8,0.7,0.2436416,49925,0.05735308933851549
0.1,0.9,0.7,0.4,0.24364333,49925,0.057398438680403036
0.6,0.2,0.5,0.2,0.24364486,49925,0.058673624093130546
0.6,0.6,0.9,0.9,0.24364583,49925,0.05707124080087389
0.2,0.2,0.3,0.3,0.24364583,49925,0.05707124080087389
0.4,0.4,0.6,0.6,0.24364583,49925,0.05707124080087389
0.8,0.6,0.9,0.5,0.2436467,49925,0.05813704285952434
0.6,0.3,0.6,0.2,0.2436479,49925,0.058922715877573376
0.2,0.6,0.6,0.5,0.24365053,49925,0.05710857663019215
0.6,0.3,0.6,0.5,0.24365321,49925,0.057685320398547124
0.9,0.3,0.8,0.5,0.24365431,49925,0.05833292900674364
0.3,0.8,0.9,0.8,0.24365452,49925,0.05700077952217125
0.3,0.6,0.6,0.3,0.24365564,49925,0.057961919843794424
0.4,0.8,0.8,0.4,0.24365564,49925,0.05796191984379443
0.2,0.4,0.4,0.2,0.24365564,49925,0.05796191984379443
0.1,0.2,0.2,0.1,0.24365564,49925,0.05796191984379443
0.1,0.9,0.8,0.6,0.24365589,49925,0.05709150929397628
0.3,0.4,0.9,0.7,0.24365896,49925,0.0571520535567397
0.5,0.8,0.9,0.2,0.24366029,49925,0.05883905249671742
0.9,0.5,0.9,0.4,0.24366046,49925,0.05852098395336644
0.3,0.7,0.9,0.8,0.24366048,49925,0.057009087633282114
0.6,0.7,0.9,0.8,0.2436613,49925,0.057281379741365705
0.8,0.3,0.7,0.5,0.24366204,49925,0.05799590255042497
0.1,0.6,0.9,0.6,0.24366276,49925,0.05717871771399758
0.7,0.1,0.9,0.8,0.24366584,49925,0.05755492615536321
0.1,0.8,0.9,0.7,0.24366656,49925,0.056964235695227544
0.7,0.2,0.6,0.1,0.24367063,49925,0.059382612352395676
0.7,0.6,0.9,0.8,0.2436745,49925,0.05740891818178279
0.5,0.1,0.4,0.2,0.24367774,49925,0.058736751907156326
0.7,0.2,0.9,0.8,0.24367923,49925,0.05762394307272484
0.6,0.1,0.8,0.7,0.2436804,49925,0.05756053469836119
0.7,0.5,0.9,0.9,0.24368143,49925,0.0572163342656353
0.7,0.3,0.6,0.3,0.2436833,49925,0.058282476746057146
0.8,0.6,0.9,0.4,0.24368347,49925,0.0584214474119495
0.1,0.3,0.6,0.4,0.2436848,49925,0.05699828886171026
0.3,0.2,0.4,0.4,0.2436849,49925,0.05718419909458052
0.6,0.4,0.8,0.8,0.2436849,49925,0.05718419909458052
0.3,0.6,0.6,0.2,0.24368587,49925,0.058353887532937646
0.5,0.7,0.8,0.5,0.24368736,49925,0.057829627373484606
0.4,0.5,0.6,0.3,0.24368757,49925,0.05815299408433709
0.4,0.9,0.9,0.6,0.24368802,49925,0.05755693146406561
0.9,0.4,0.8,0.4,0.24368978,49925,0.058354100604840475
0.5,0.7,0.8,0.4,0.24369028,49925,0.058115554710108985
0.5,0.4,0.6,0.2,0.2436924,49925,0.058746892857134365
0.8,0.6,0.9,0.6,0.24369268,49925,0.05788076924708477
0.2,0.5,0.7,0.6,0.24369287,49925,0.057005746765598414
0.3,0.9,0.8,0.3,0.24369413,49925,0.05809385167166932
0.2,0.3,0.6,0.5,0.24369475,49925,0.056976524305080704
0.4,0.1,0.6,0.5,0.24369499,49925,0.05755949456572156
0.2,0.9,0.9,0.7,0.24369729,49925,0.05718520810797171
0.3,0.3,0.4,0.1,0.2436997,49925,0.05883901632145751
0.6,0.6,0.8,0.2,0.2436997,49925,0.05883901632145751
0.1,0.8,0.6,0.2,0.24370135,49925,0.057867576420918984
0.7,0.5,0.8,0.7,0.24370216,49925,0.057477344294600684
0.5,0.3,0.5,0.3,0.24370342,49925,0.058073159918651356
0.7,0.8,0.9,0.1,0.24370365,49925,0.05832975562724213
0.8,0.5,0.9,0.8,0.24370478,49925,0.05752663511939281
0.2,0.6,0.7,0.6,0.24370484,49925,0.05705603744912836
0.8,0.1,0.6,0.2,0.24370505,49925,0.05917356501989309
0.3,0.6,0.8,0.7,0.24370508,49925,0.05711155295121868
0.8,0.1,0.6,0.3,0.24370672,49925,0.058788396154022995
0.3,0.5,0.8,0.7,0.24370696,49925,0.05708742330971745
0.6,0.7,0.9,0.7,0.24370828,49925,0.05756561709216037
0.6,0.2,0.5,0.3,0.24371187,49925,0.058240498980399166
0.9,0.7,0.9,0.1,0.24371187,49925,0.058092834156239316
0.5,0.4,0.6,0.5,0.24371327,49925,0.05752817748830985
0.5,0.4,0.6,0.3,0.24371414,49925,0.05835857733724147
0.8,0.3,0.7,0.1,0.2437149,49925,0.05906951604310921
0.1,0.5,0.7,0.5,0.24371573,49925,0.057155304084245184
0.5,0.2,0.5,0.5,0.2437162,49925,0.05737556933069152
0.7,0.2,0.8,0.8,0.24371651,49925,0.05736952284878153
0.9,0.2,0.7,0.5,0.2437168,49925,0.05809384148565062
0.3,0.3,0.5,0.5,0.24371947,49925,0.05703088239051337
0.9,0.3,0.8,0.3,0.24372165,49925,0.058951185480723256
0.8,0.4,0.9,0.9,0.24372263,49925,0.05732484168958055
0.2,0.2,0.5,0.4,0.2437245,49925,0.05720326097005604
0.9,0.3,0.8,0.2,0.24372499,49925,0.05919194380803806
0.4,0.5,0.6,0.2,0.24372537,49925,0.0585567011166389
0.1,0.9,0.9,0.7,0.24372795,49925,0.05700693048663184
0.2,0.7,0.6,0.2,0.24372852,49925,0.058107095702278976
0.4,0.3,0.9,0.7,0.24372904,49925,0.05734650436430101
0.9,0.3,0.8,0.6,0.24373049,49925,0.058009138239568096
0.1,0.6,0.6,0.5,0.2437313,49925,0.05693681008874715
0.7,0.5,0.8,0.6,0.24373163,49925,0.057751232110736336
0.3,0.1,0.9,0.5,0.24373183,49925,0.05679343191722047
0.4,0.8,0.8,0.1,0.24373306,49925,0.05868499087495867
0.6,0.2,0.7,0.7,0.24373412,49925,0.057344367117769954
0.8,0.5,0.8,0.1,0.24373512,49925,0.05873779369492389
0.9,0.4,0.9,0.2,0.24373607,49925,0.05933593582068118
0.1,0.5,0.5,0.4,0.2437368,49925,0.057087442176818166
0.2,0.6,0.9,0.7,0.24373698,49925,0.0570846650107218
0.1,0.5,0.4,0.1,0.24373896,49925,0.05816697959285896
0.9,0.1,0.7,0.7,0.2437454,49925,0.05759026360504695
0.9,0.1,0.7,0.8,0.2437468,49925,0.057253364596013386
0.4,0.6,0.9,0.8,0.24374728,49925,0.05717711677467346
0.5,0.7,0.9,0.8,0.24374734,49925,0.05725225751419058
0.6,0.4,0.7,0.6,0.24374804,49925,0.057594014279538766
0.2,0.9,0.7,0.1,0.24374966,49925,0.05814309691790789
0.5,0.8,0.9,0.6,0.24375169,49925,0.05771754293736883
0.9,0.4,0.9,0.8,0.24375246,49925,0.05764809132551686
0.7,0.4,0.7,0.5,0.24375267,49925,0.05785945897840596
0.2,0.9,0.8,0.6,0.24375692,49925,0.05718491940420196
0.5,0.1,0.7,0.6,0.243757,49925,0.057559756829713926
0.6,0.5,0.9,0.9,0.2437572,49925,0.05710820528766663
0.4,0.7,0.8,0.7,0.24375764,49925,0.05717365010319307
0.7,0.3,0.7,0.6,0.24375795,49925,0.05776045697017441
0.9,0.3,0.8,0.7,0.24375868,49925,0.057685040689664
0.5,0.4,0.7,0.7,0.2437601,49925,0.05713614811917973
0.3,0.3,0.7,0.6,0.24376038,49925,0.057112603953815
0.5,0.3,0.6,0.6,0.24376531,49925,0.05726294428445524
0.5,0.6,0.8,0.7,0.24376565,49925,0.05734621039146236
0.2,0.7,0.8,0.7,0.24376573,49925,0.056932877801394326
0.7,0.2,0.6,0.5,0.24376866,49925,0.05783153607874753
0.8,0.3,0.7,0.3,0.2437705,49925,0.05864935122242743
0.3,0.4,0.7,0.6,0.2437711,49925,0.0572571635807625
0.9,0.3,0.8,0.4,0.24377552,49925,0.058651196401915226
0.4,0.8,0.9,0.8,0.24377605,49925,0.05709332088736536
0.7,0.4,0.7,0.4,0.24377674,49925,0.05820941546989206
0.9,0.4,0.8,0.5,0.24377836,49925,0.05807208969578018
0.8,0.4,0.8,0.3,0.24378021,49925,0.05882813110990301
0.4,0.2,0.7,0.6,0.24378356,49925,0.05735502280086103
0.5,0.4,0.6,0.1,0.24378459,49925,0.059095695975999424
0.8,0.1,0.6,0.4,0.24378572,49925,0.05837927712757336
0.7,0.5,0.8,0.4,0.24378622,49925,0.0584088528746813
0.8,0.2,0.7,0.7,0.24378781,49925,0.05750002781867208
0.5,0.5,0.9,0.8,0.2437894,49925,0.057340715028896684
0.8,0.2,0.7,0.4,0.24378985,49925,0.05863135132423657
0.2,0.8,0.9,0.8,0.24379045,49925,0.056829929349069566
0.1,0.7,0.6,0.4,0.24379086,49925,0.057325454996877155
0.7,0.2,0.6,0.3,0.24379103,49925,0.058688687808599246
0.8,0.4,0.8,0.5,0.2437922,49925,0.058211060028609374
0.6,0.3,0.6,0.4,0.24379738,49925,0.058094744287526756
0.8,0.7,0.9,0.1,0.24379894,49925,0.05845133081545395
0.6,0.6,0.8,0.3,0.24379899,49925,0.05855174287971732
0.6,0.9,0.9,0.1,0.24380031,49925,0.0582286132205626
0.7,0.2,0.6,0.4,0.24380094,49925,0.058258625288859965
0.6,0.1,0.5,0.3,0.24380174,49925,0.05866380486203267
0.5,0.4,0.9,0.8,0.24380238,49925,0.057311754774930966
0.6,0.6,0.8,0.4,0.24380265,49925,0.05825340053541299
0.3,0.3,0.4,0.2,0.24380265,49925,0.05825340053541299
0.5,0.3,0.8,0.7,0.24380338,49925,0.057481201416238935
0.1,0.3,0.7,0.4,0.24380377,49925,0.05697826947706107
0.6,0.6,0.9,0.8,0.24380675,49925,0.0573914118960683
0.3,0.9,0.8,0.1,0.24380761,49925,0.058531900298289384
0.6,0.6,0.8,0.5,0.24381103,49925,0.057965493918891296
0.3,0.4,0.5,0.4,0.24381422,49925,0.05748634801893388
0.4,0.6,0.7,0.1,0.2438147,49925,0.05904835979186701
0.7,0.1,0.7,0.7,0.24381584,49925,0.057485164357563207
0.4,0.5,0.8,0.7,0.2438171,49925,0.05730870068313913
0.5,0.7,0.8,0.1,0.24381924,49925,0.05886045381281313
0.9,0.1,0.9,0.9,0.24382013,49925,0.05747955161513775
0.9,0.5,0.9,0.6,0.2438233,49925,0.05801295093554563
0.3,0.2,0.6,0.5,0.24382475,49925,0.057289273602921825
0.6,0.7,0.9,0.2,0.24382618,49925,0.05900105518175639
0.4,0.6,0.7,0.5,0.2438297,49925,0.057637255708083916
0.5,0.5,0.7,0.2,0.24383181,49925,0.05895985311075661
0.9,0.4,0.9,0.7,0.24383394,49925,0.05790481563487976
0.8,0.4,0.8,0.6,0.24383637,49925,0.05786582127401742
0.4,0.2,0.4,0.3,0.24383637,49925,0.05786582127401742
0.5,0.2,0.6,0.6,0.24383742,49925,0.05731561972674606
0.4,0.2,0.5,0.5,0.2438395,49925,0.05726201865435856
0.1,0.4,0.5,0.4,0.24383986,49925,0.05707407043972169
0.8,0.1,0.8,0.8,0.24384183,49925,0.057491148218943806
0.3,0.7,0.8,0.7,0.2438434,49925,0.05710178846588685
0.7,0.5,0.8,0.3,0.24384546,49925,0.05869529782108984
0.2,0.8,0.7,0.4,0.24384888,49925,0.057624961919301755
0.3,0.1,0.3,0.3,0.2438503,49925,0.057441072538747286
0.9,0.3,0.9,0.9,0.2438503,49925,0.057441072538747286
0.6,0.2,0.6,0.6,0.2438503,49925,0.057441072538747286
0.9,0.1,0.7,0.2,0.24385113,49925,0.059485425544744314
0.8,0.1,0.6,0.5,0.24385259,49925,0.057968354164159575
0.6,0.2,0.8,0.7,0.24385357,49925,0.05765409512897068
0.1,0.8,0.7,0.4,0.24385469,49925,0.05763407833987653
0.2,0.4,0.6,0.5,0.24385642,49925,0.05717391894668436
0.9,0.4,0.9,0.6,0.24385695,49925,0.058200021729551375
0.9,0.4,0.8,0.1,0.24385718,49925,0.05882416364432197
0.7,0.6,0.9,0.2,0.24385788,49925,0.059120611307596674
0.7,0.4,0.9,0.9,0.24386871,49925,0.057224837345909926
0.3,0.8,0.8,0.6,0.243869,49925,0.05736378068204365
0.8,0.3,0.8,0.8,0.2438692,49925,0.05741130815886407
0.1,0.8,0.8,0.6,0.24386984,49925,0.057125334291647865
0.4,0.9,0.9,0.4,0.2438707,49925,0.0581595261325325
0.4,0.7,0.8,0.6,0.24387209,49925,0.057520356117830254
0.1,0.8,0.6,0.1,0.24387375,49925,0.05817938195725659
0.5,0.5,0.8,0.7,0.24387378,49925,0.057450163054315946
0.3,0.7,0.7,0.2,0.24387443,49925,0.05856068412273795
0.8,0.1,0.9,0.8,0.24387543,49925,0.05774008765371285
0.6,0.3,0.7,0.7,0.24387814,49925,0.057306873156326175
0.5,0.6,0.9,0.8,0.24387825,49925,0.057322383304197394
0.5,0.1,0.4,0.3,0.24387921,49925,0.05809505599579403
0.5,0.2,0.5,0.3,0.24388175,49925,0.05847715877160618
0.5,0.7,0.8,0.3,0.24388243,49925,0.05841173069213806
0.6,0.1,0.5,0.2,0.2438834,49925,0.05920651056433581
0.9,0.2,0.7,0.1,0.2438861,49925,0.0591773665774275
0.9,0.1,0.7,0.5,0.2438868,49925,0.05835478598230411
0.7,0.6,0.9,0.3,0.24388763,49925,0.05886945470894081
0.2,0.8,0.7,0.3,0.24388929,49925,0.05800015711936471
0.3,0.5,0.7,0.6,0.24389148,49925,0.05726371632338145
0.6,0.1,0.7,0.6,0.24389279,49925,0.057838942096130073
0.1,0.6,0.5,0.3,0.24389341,49925,0.057474428990266446
0.5,0.5,0.7,0.1,0.24389426,49925,0.05924664635421964
0.3,0.3,0.8,0.6,0.24389498,49925,0.05727837632118494
0.8,0.2,0.7,0.2,0.24389556,49925,0.0593589201925286
0.6,0.5,0.8,0.7,0.24389575,49925,0.05750208353867576
0.8,0.2,0.7,0.5,0.24389698,49925,0.05823275447197301
0.3,0.6,0.7,0.6,0.2438971,49925,0.05721022484744985
0.6,0.8,0.9,0.1,0.24389714,49925,0.05869918930013812
0.1,0.4,0.9,0.5,0.24389859,49925,0.05688970117646617
0.3,0.1,0.5,0.4,0.24389933,49925,0.05755437352748584
0.8,0.5,0.9,0.2,0.24390164,49925,0.05923276533753525
0.5,0.6,0.8,0.6,0.24390253,49925,0.0576900187100826
0.7,0.1,0.8,0.7,0.24390268,49925,0.05777836472020976
0.8,0.2,0.7,0.6,0.24390748,49925,0.05786574094188125
0.6,0.3,0.9,0.8,0.24390773,49925,0.05747930095863494
0.6,0.7,0.9,0.6,0.24390815,49925,0.05785884159383637
0.7,0.4,0.8,0.6,0.24391577,49925,0.05796978353355916
0.9,0.1,0.7,0.4,0.24391684,49925,0.058746636960386595
0.7,0.5,0.9,0.8,0.24391757,49925,0.057539657225949455
0.6,0.5,0.9,0.8,0.24391782,49925,0.05747782221954286
0.4,0.5,0.7,0.6,0.24391839,49925,0.057406266237574506
0.7,0.5,0.8,0.5,0.2439189,49925,0.058068763849945734
0.9,0.4,0.9,0.5,0.24391936,49925,0.05852757446810147
0.3,0.5,0.6,0.5,0.24392161,49925,0.05733235179435935
0.4,0.4,0.6,0.5,0.2439227,49925,0.057568075941379096
0.9,0.2,0.8,0.5,0.24392301,49925,0.05857619395600519
0.4,0.9,0.9,0.2,0.24392506,49925,0.058664651898893694
0.5,0.2,0.7,0.6,0.24392603,49925,0.057690528628295615
0.8,0.4,0.8,0.4,0.24392787,49925,0.058529119513692766
0.6,0.3,0.6,0.3,0.24392787,49925,0.058529119513692766
0.2,0.1,0.2,0.1,0.24392787,49925,0.058529119513692766
0.4,0.2,0.4,0.2,0.24392787,49925,0.058529119513692766
0.1,0.9,0.8,0.5,0.24392816,49925,0.05748923008096067
0.9,0.5,0.9,0.5,0.24393062,49925,0.05827104956858619
0.9,0.2,0.8,0.6,0.24393134,49925,0.058215303834320636
0.6,0.7,0.9,0.3,0.24393244,49925,0.05871815848206516
0.7,0.3,0.7,0.5,0.24393338,49925,0.05809565425655476
0.7,0.4,0.8,0.7,0.24393375,49925,0.057642301555959334
0.1,0.4,0.4,0.3,0.24393557,49925,0.057298241527534134
0.2,0.8,0.8,0.6,0.24393557,49925,0.057298241527534134
0.4,0.3,0.7,0.6,0.243936,49925,0.057467280444893735
0.6,0.1,0.5,0.5,0.24394046,49925,0.05757782394205195
0.5,0.4,0.7,0.6,0.24394065,49925,0.05759661812409146
0.4,0.9,0.9,0.3,0.24394082,49925,0.05842923370161872
0.8,0.2,0.7,0.3,0.24394579,49925,0.05902674500916516
0.1,0.7,0.6,0.3,0.24394636,49925,0.05782538707265022
0.4,0.6,0.7,0.2,0.24394678,49925,0.05877286898051376
0.1,0.7,0.8,0.6,0.24394761,49925,0.057117884882419014
0.5,0.8,0.9,0.3,0.24394958,49925,0.0585901342828455
0.7,0.1,0.6,0.4,0.24394992,49925,0.05855907482116709
0.1,0.7,0.7,0.5,0.24395102,49925,0.057290874132526655
0.5,0.4,0.8,0.7,0.24395236,49925,0.05747892956470502
0.3,0.7,0.7,0.3,0.2439533,49925,0.058229601720857595
0.9,0.4,0.9,0.4,0.24395607,49925,0.05882729303074402
0.1,0.2,0.9,0.4,0.24395727,49925,0.05547810600032436
0.9,0.1,0.7,0.6,0.24395731,49925,0.057984090909660266
0.5,0.8,0.9,0.4,0.24395819,49925,0.058305603439116796
0.3,0.3,0.6,0.5,0.24395846,49925,0.05745320056423966
0.1,0.9,0.8,0.4,0.24395959,49925,0.05788372462743695
0.2,0.1,0.4,0.3,0.24395995,49925,0.05751905372600166
0.4,0.2,0.8,0.6,0.24395995,49925,0.05751905372600166
0.7,0.3,0.7,0.4,0.24396119,49925,0.058504220372113114
0.4,0.6,0.8,0.7,0.2439617,49925,0.05727467417171211
0.6,0.4,0.7,0.2,0.24396181,49925,0.05910568859442278
0.4,0.7,0.9,0.8,0.243963,49925,0.0571697499217964
0.6,0.1,0.6,0.6,0.24396554,49925,0.05748646003132918
0.2,0.5,0.6,0.5,0.24396765,49925,0.05719336344135307
0.7,0.3,0.8,0.8,0.24397005,49925,0.057340670051468784
0.2,0.3,0.8,0.5,0.24397287,49925,0.057245667807162504
0.1,0.5,0.8,0.5,0.24397416,49925,0.05735102618092349
0.6,0.4,0.7,0.4,0.24397974,49925,0.05833208798123888
0.6,0.1,0.5,0.1,0.2439821,49925,0.05969849065583408
0.9,0.1,0.7,0.3,0.24398232,49925,0.05910035236646922
0.5,0.2,0.9,0.7,0.24398264,49925,0.05754801095569392
0.7,0.3,0.7,0.3,0.24398458,49925,0.05891636405112856
0.3,0.7,0.7,0.1,0.24398677,49925,0.058848346632770346
0.7,0.6,0.9,0.7,0.24398994,49925,0.057693292982291505
0.6,0.5,0.8,0.6,0.24399117,49925,0.057836325625713246
0.1,0.7,0.9,0.6,0.24399132,49925,0.05733922109186014
0.1,0.9,0.7,0.3,0.24399333,49925,0.0577730537173903
0.6,0.1,0.9,0.7,0.24399377,49925,0.057713532784075705
0.8,0.3,0.9,0.9,0.2439976,49925,0.05734935562428612
0.5,0.2,0.5,0.4,0.24399804,49925,0.0579437333366888
0.2,0.8,0.7,0.2,0.24399833,49925,0.0583468683391038
0.9,0.6,0.9,0.1,0.2439984,49925,0.058538857081388215
0.7,0.3,0.7,0.2,0.24399881,49925,0.0592286265752676
0.6,0.4,0.9,0.8,0.24399883,49925,0.05750754967577485
0.6,0.6,0.9,0.7,0.24400052,49925,0.057719500288332636
0.1,0.2,0.5,0.3,0.24400094,49925,0.05714096685638703
0.9,0.3,0.9,0.6,0.24400105,49925,0.05840247150887023
0.3,0.1,0.3,0.2,0.24400105,49925,0.05840247150887023
0.6,0.2,0.6,0.4,0.24400105,49925,0.05840247150887023
0.2,0.5,0.8,0.6,0.24400121,49925,0.05725064383379819
0.6,0.7,0.9,0.5,0.2440068,49925,0.058136930829101645
0.5,0.4,0.6,0.4,0.24400696,49925,0.057930910335840614
0.8,0.3,0.8,0.6,0.24400765,49925,0.05809990507892507
0.2,0.9,0.8,0.5,0.24400954,49925,0.05751136463078593
0.4,0.3,0.5,0.4,0.24401246,49925,0.05771121716818924
0.2,0.9,0.8,0.4,0.24401546,49925,0.05788057553071613
0.4,0.8,0.9,0.7,0.24401668,49925,0.057430894171089424
0.9,0.2,0.8,0.4,0.24401757,49925,0.058929194883357655
0.6,0.4,0.8,0.7,0.24402033,49925,0.0576094137530259
0.7,0.6,0.9,0.6,0.24402197,49925,0.05795994639864115
0.5,0.5,0.7,0.4,0.24402526,49925,0.05819609247458485
0.8,0.5,0.9,0.3,0.24402596,49925,0.05897890095219381
0.5,0.9,0.9,0.1,0.24402606,49925,0.05854861067226946
0.8,0.5,0.9,0.7,0.24402608,49925,0.057785473033433225
0.5,0.5,0.7,0.5,0.24403071,49925,0.05781118207874059
0.5,0.3,0.6,0.4,0.24403216,49925,0.058225026691538055
0.4,0.7,0.8,0.5,0.2440327,49925,0.05786709337151889
0.7,0.3,0.9,0.8,0.24403426,49925,0.057648720952032724
0.2,0.4,0.9,0.6,0.24403508,49925,0.057123412785211825
0.6,0.1,0.5,0.4,0.24403563,49925,0.05810760099262934
0.5,0.8,0.9,0.5,0.24403682,49925,0.05799826354001461
0.8,0.1,0.6,0.1,0.24403808,49925,0.05947382946229127
0.2,0.8,0.9,0.7,0.24403854,49925,0.057228409089838214
0.4,0.9,0.9,0.5,0.24404539,49925,0.05786638760613614
0.4,0.3,0.5,0.1,0.24405012,49925,0.059350490925430974
0.8,0.4,0.8,0.1,0.24405119,49925,0.059260295974225136
0.9,0.4,0.9,0.3,0.24405757,49925,0.05909069493739845
0.5,0.1,0.8,0.6,0.24405771,49925,0.05772673264907978
0.3,0.5,0.9,0.7,0.2440582,49925,0.05731444617815807
0.2,0.7,0.8,0.6,0.24405895,49925,0.05737067682890116
0.2,0.3,0.7,0.5,0.24405904,49925,0.05718846258012592
0.3,0.4,0.6,0.5,0.24406177,49925,0.057444245445103626
0.2,0.9,0.9,0.6,0.2440629,49925,0.057543665943551876
0.5,0.1,0.6,0.5,0.24406537,49925,0.05790261547750272
0.2,0.3,0.5,0.4,0.24406539,49925,0.05742797979612451
0.2,0.3,0.9,0.5,0.24406654,49925,0.057233389689918486
0.2,0.5,0.5,0.2,0.24407403,49925,0.05832299473390701
0.3,0.2,0.7,0.5,0.24407648,49925,0.057471823270554945
0.6,0.6,0.8,0.1,0.24407744,49925,0.059023534455827475
0.8,0.5,0.9,0.4,0.24407902,49925,0.0586997021064272
0.9,0.1,0.8,0.8,0.24407966,49925,0.05758242664566164
0.6,0.7,0.9,0.4,0.24408007,49925,0.05844650406566905
0.1,0.6,0.5,0.2,0.2440804,49925,0.05801146077416668
0.8,0.5,0.9,0.5,0.24408087,49925,0.058381227438560244
0.2,0.4,0.7,0.5,0.24408145,49925,0.057462582668086494
0.6,0.4,0.7,0.3,0.2440815,49925,0.05874352211381443
0.7,0.4,0.8,0.5,0.24408348,49925,0.058312206021356706
0.2,0.1,0.8,0.4,0.24408378,49925,0.056220649460322576
0.6,0.4,0.7,0.5,0.24408482,49925,0.05794096097378809
0.1,0.4,0.6,0.4,0.24408801,49925,0.05739892427570254
0.9,0.2,0.9,0.9,0.24408913,49925,0.05745874507839497
0.8,0.3,0.8,0.4,0.24409448,49925,0.0588273730775837
0.8,0.3,0.8,0.7,0.24409789,49925,0.057758858226828
0.3,0.8,0.8,0.5,0.24410215,49925,0.057699567100739244
0.9,0.2,0.8,0.2,0.24410689,49925,0.059597125763817635
0.5,0.7,0.9,0.7,0.24410817,49925,0.0575853353333267
0.9,0.2,0.8,0.8,0.24411005,49925,0.05753711853929294
0.1,0.9,0.7,0.2,0.24411193,49925,0.05813972463699243
0.9,0.2,0.8,0.3,0.24411605,49925,0.05929196461789459
0.4,0.4,0.7,0.6,0.2441178,49925,0.057478313336276496
0.3,0.6,0.9,0.7,0.244118,49925,0.05738638209385658
0.8,0.1,0.7,0.7,0.24412003,49925,0.057614982263009436
0.8,0.2,0.9,0.8,0.24412128,49925,0.05777549538221054
0.1,0.3,0.3,0.2,0.24412416,49925,0.057572287910832735
0.3,0.9,0.9,0.6,0.24412416,49925,0.05757228791083273
0.2,0.6,0.6,0.4,0.24412416,49925,0.057572287910832735
0.7,0.6,0.9,0.5,0.24412505,49925,0.05827536944720669
0.3,0.7,0.8,0.6,0.244129,49925,0.057481387737470226
0.3,0.7,0.7,0.4,0.24412914,49925,0.05782661912757714
0.4,0.1,0.7,0.5,0.24412927,49925,0.05773920083221622
0.4,0.6,0.7,0.3,0.2441307,49925,0.05841632512484842
0.8,0.3,0.8,0.5,0.24413511,49925,0.05846418764690294
0.9,0.3,0.9,0.7,0.24413584,49925,0.058087737401392094
0.3,0.4,0.5,0.1,0.24413665,49925,0.05909018913004134
0.4,0.1,0.4,0.4,0.24413681,49925,0.05745958393521732
0.8,0.2,0.8,0.8,0.24413681,49925,0.05745958393521732
0.2,0.7,0.7,0.5,0.24414133,49925,0.057421646899642416
0.8,0.5,0.9,0.6,0.24414383,49925,0.05807645144403252
0.9,0.1,0.9,0.8,0.24414444,49925,0.05789505923725359
0.8,0.1,0.7,0.5,0.24414608,49925,0.058484392091770754
0.7,0.5,0.9,0.5,0.24414682,49925,0.058498642598815
0.5,0.6,0.8,0.2,0.24414708,49925,0.059090873206891485
0.5,0.4,0.7,0.5,0.24414769,49925,0.05800971579846658
0.7,0.5,0.9,0.6,0.2441502,49925,0.058166237151569766
0.5,0.1,0.5,0.5,0.24415196,49925,0.057466914659857635
0.4,0.6,0.7,0.4,0.24415284,49925,0.058012532768735484
0.5,0.3,0.6,0.5,0.2441581,49925,0.05776260028537215
0.7,0.5,0.9,0.7,0.24415849,49925,0.05785496967279722
0.6,0.6,0.9,0.6,0.24416105,49925,0.05800727014212336
0.2,0.2,0.3,0.2,0.24416105,49925,0.05800727014212337
0.4,0.4,0.6,0.4,0.24416105,49925,0.05800727014212337
0.5,0.7,0.9,0.6,0.24416152,49925,0.0578854484954589
0.9,0.1,0.8,0.6,0.24416235,49925,0.05841382657604838
0.8,0.4,0.9,0.6,0.2441647,49925,0.05829462915630316
0.9,0.2,0.8,0.7,0.24416515,49925,0.05788022799647152
0.4,0.7,0.9,0.7,0.24416523,49925,0.057523337288838385
0.6,0.3,0.7,0.4,0.2441661,49925,0.058627696642538876
0.7,0.4,0.9,0.8,0.24416627,49925,0.05760978693862707
0.7,0.7,0.9,0.1,0.24416728,49925,0.05882228978659727
0.7,0.1,0.6,0.2,0.24416736,49925,0.0595434636834392
0.2,0.5,0.5,0.3,0.24416997,49925,0.057745193989972673
0.1,0.6,0.6,0.4,0.24417086,49925,0.05750297027907594
0.6,0.5,0.8,0.5,0.24417254,49925,0.05816038225680303
0.3,0.8,0.9,0.7,0.2441737,49925,0.057357014564317695
0.6,0.3,0.8,0.7,0.24417481,49925,0.057657564205600344
0.4,0.3,0.5,0.3,0.2441753,49925,0.058254198336258646
0.8,0.4,0.9,0.7,0.24417786,49925,0.05797686490916612
0.3,0.7,0.9,0.7,0.24417879,49925,0.05741406059891756
0.6,0.3,0.7,0.5,0.24418104,49925,0.05820976399724246
0.2,0.4,0.5,0.4,0.24418147,49925,0.05738749277713113
0.3,0.8,0.8,0.4,0.24418181,49925,0.05806248901684803
0.1,0.8,0.8,0.5,0.24418274,49925,0.05759551906030526
0.7,0.3,0.7,0.1,0.24418579,49925,0.05952803279474612
0.5,0.2,0.5,0.1,0.24418676,49925,0.059534657460419936
0.5,0.2,0.5,0.2,0.24418753,49925,0.05907086769897207
0.4,0.3,0.6,0.5,0.24418846,49925,0.05769316679561586
0.3,0.3,0.5,0.4,0.24418858,49925,0.05768163485266727
0.6,0.5,0.8,0.2,0.2441918,49925,0.05925809475436123
0.2,0.7,0.9,0.7,0.24419232,49925,0.05721052971046815
0.1,0.5,0.5,0.3,0.24419509,49925,0.057759972275123986
0.3,0.4,0.5,0.3,0.24419743,49925,0.05800885472642067
0.4,0.8,0.9,0.6,0.24419823,49925,0.0577322979715499
0.4,0.2,0.6,0.5,0.24420089,49925,0.05770813557723296
0.1,0.1,0.8,0.3,0.24420118,49925,0.05449829518412143
0.8,0.1,0.7,0.4,0.24420144,49925,0.058921252363501875
0.1,0.3,0.8,0.4,0.24420339,49925,0.05693876453711197
0.2,0.8,0.7,0.1,0.24420537,49925,0.05864164188696583
0.7,0.2,0.7,0.4,0.24420552,49925,0.05879618152310952
0.4,0.5,0.9,0.7,0.2442087,49925,0.05758832934965527
0.2,0.8,0.9,0.6,0.24421011,49925,0.05763320281340873
0.4,0.3,0.5,0.2,0.2442105,49925,0.058836606894173964
0.2,0.8,0.8,0.5,0.24421181,49925,0.057686649840458196
0.5,0.3,0.7,0.6,0.24421193,49925,0.057655130438049686
0.1,0.9,0.9,0.6,0.2442123,49925,0.057402600893550655
0.7,0.2,0.7,0.5,0.24421707,49925,0.05835456878647666
0.3,0.8,0.8,0.2,0.24421784,49925,0.05871567174768645
0.7,0.1,0.6,0.6,0.24422169,49925,0.05760150842039421
0.7,0.2,0.7,0.7,0.24422483,49925,0.05745368078577818
0.7,0.1,0.6,0.3,0.24422693,49925,0.05904781892284292
0.4,0.1,0.5,0.4,0.24422774,49925,0.058007427010547265
0.5,0.6,0.9,0.7,0.24422911,49925,0.05767943738705164
0.2,0.5,0.5,0.1,0.2442297,49925,0.058788938106221676
0.1,0.6,0.7,0.5,0.24423131,49925,0.05728863124785081
0.7,0.6,0.9,0.4,0.24423228,49925,0.05855807747723173
0.9,0.3,0.9,0.5,0.24423404,49925,0.05874873059170299
0.7,0.4,0.8,0.4,0.24424216,49925,0.05869335782254291
0.5,0.5,0.8,0.6,0.24424247,49925,0.05782756954838785
0.1,0.8,0.7,0.3,0.24425,49925,0.058094627180609176
0.7,0.1,0.6,0.5,0.24425076,49925,0.05806822868731378
0.8,0.1,0.8,0.7,0.24425296,49925,0.05794270653996437
0.7,0.5,0.8,0.1,0.24425511,49925,0.059153008164063915
0.1,0.6,0.5,0.1,0.24425699,49925,0.058488499608675554
0.9,0.3,0.9,0.4,0.24425814,49925,0.059089019052791576
0.8,0.4,0.9,0.8,0.24426034,49925,0.057654620731630274
0.8,0.4,0.9,0.5,0.2442617,49925,0.05863239124523408
0.2,0.5,0.9,0.6,0.24426314,49925,0.05742630593106299
0.3,0.4,0.5,0.2,0.24426325,49925,0.058593382932778715
0.7,0.2,0.8,0.7,0.24426445,49925,0.05779928852243461
0.9,0.1,0.8,0.5,0.24426599,49925,0.0587962383982882
0.6,0.2,0.6,0.3,0.24426608,49925,0.05891573412016488
0.9,0.3,0.9,0.8,0.24426815,49925,0.05775528158688479
0.3,0.5,0.6,0.4,0.24427463,49925,0.057809949002588804
0.4,0.7,0.8,0.3,0.24428062,49925,0.05859878206600722
0.4,0.6,0.9,0.7,0.24428077,49925,0.05757712869641824
0.5,0.6,0.8,0.5,0.2442815,49925,0.05800470121576717
0.2,0.2,0.6,0.4,0.2442816,49925,0.057373092550862155
0.3,0.3,0.9,0.6,0.2442816,49925,0.057373092550862155
0.1,0.1,0.3,0.2,0.2442816,49925,0.057373092550862155
0.2,0.6,0.7,0.5,0.24428214,49925,0.05755998383451643
0.5,0.5,0.7,0.3,0.24428326,49925,0.058578749872073364
0.2,0.7,0.7,0.4,0.24428463,49925,0.057865968852262056
0.2,0.9,0.8,0.3,0.2442847,49925,0.05821659643072895
0.6,0.5,0.9,0.7,0.24428542,49925,0.05784433274371623
0.8,0.6,0.9,0.1,0.24428721,49925,0.058923889238246575
0.1,0.2,0.6,0.3,0.24428988,49925,0.0570719427699879
0.8,0.2,0.7,0.1,0.24429138,49925,0.0596487387765567
0.6,0.7,0.9,0.1,0.24429318,49925,0.05911837477576113
0.6,0.2,0.9,0.7,0.24429892,49925,0.057888393191505634
0.8,0.3,0.8,0.2,0.2443022,49925,0.059499584466709686
0.3,0.1,0.6,0.4,0.24430881,49925,0.05771562485244902
0.3,0.7,0.8,0.5,0.24431519,49925,0.05788662505281746
0.3,0.6,0.8,0.6,0.24431644,49925,0.05756674316406012
0.4,0.7,0.8,0.2,0.24431714,49925,0.058923167238130125
0.4,0.2,0.9,0.6,0.2443179,49925,0.05760939478938225
0.9,0.2,0.9,0.8,0.24432088,49925,0.05782819756778732
0.8,0.4,0.9,0.4,0.24432349,49925,0.05898347770141203
0.3,0.8,0.8,0.3,0.2443236,49925,0.058407996226731713
0.3,0.8,0.9,0.6,0.24432771,49925,0.057720568498002466
0.2,0.9,0.9,0.5,0.24432822,49925,0.0579131991992187
0.5,0.3,0.6,0.3,0.24432904,49925,0.05873094108641871
0.8,0.1,0.7,0.3,0.24433048,49925,0.059349140997075264
0.2,0.6,0.6,0.3,0.24433383,49925,0.058086138594750945
0.6,0.3,0.7,0.6,0.24433592,49925,0.057754846858611965
0.6,0.4,0.7,0.1,0.24433967,49925,0.05941935979541714
0.7,0.3,0.8,0.5,0.24434014,49925,0.05855926602174805
0.8,0.1,0.9,0.7,0.24434039,49925,0.05820349878102128
0.2,0.2,0.7,0.4,0.24434575,49925,0.05738530789357026
0.5,0.6,0.8,0.3,0.2443468,49925,0.05877525375893826
0.3,0.2,0.9,0.5,0.2443518,49925,0.05751673817767957
0.9,0.5,0.9,0.1,0.24435323,49925,0.059017634742271854
0.7,0.2,0.9,0.7,0.24435337,49925,0.05807198096599964
0.2,0.6,0.8,0.6,0.24435472,49925,0.057364578887004365
0.1,0.3,0.4,0.3,0.24435472,49925,0.057364578887004365
0.3,0.6,0.7,0.5,0.24435526,49925,0.05763317402868661
0.6,0.1,0.6,0.5,0.24435538,49925,0.05807959115852632
0.9,0.3,0.8,0.1,0.24435619,49925,0.05935146065809101
0.5,0.8,0.9,0.1,0.24436127,49925,0.058973510031705194
0.1,0.9,0.7,0.1,0.24436277,49925,0.05841629659985925
0.6,0.2,0.6,0.5,0.24436289,49925,0.05793234753800384
0.4,0.4,0.8,0.6,0.24436364,49925,0.05779968289708201
0.2,0.2,0.4,0.3,0.24436364,49925,0.05779968289708201
0.5,0.5,0.9,0.7,0.2443658,49925,0.05773082353285132
0.2,0.3,0.4,0.3,0.2443662,49925,0.05767863716772423
0.4,0.6,0.8,0.6,0.2443662,49925,0.05767863716772423
0.4,0.1,0.8,0.5,0.2443685,49925,0.05780106996717879
0.4,0.4,0.9,0.7,0.2443692,49925,0.05750572350368598
0.3,0.9,0.9,0.4,0.2443695,49925,0.05824234094688018
0.7,0.3,0.8,0.7,0.24437013,49925,0.057745645016347776
0.3,0.9,0.9,0.5,0.24437016,49925,0.05791435693775982
0.3,0.2,0.8,0.5,0.24437392,49925,0.057552677215482115
0.4,0.5,0.7,0.5,0.24437532,49925,0.05784010528518043
0.7,0.4,0.8,0.3,0.2443757,49925,0.05907208451074911
0.8,0.3,0.9,0.8,0.24437575,49925,0.05773246742819517
0.2,0.5,0.6,0.4,0.24437654,49925,0.05779082377668093
0.8,0.2,0.9,0.7,0.2443768,49925,0.05820176625878754
0.3,0.5,0.8,0.6,0.24437965,49925,0.0575762874820783
0.8,0.3,0.8,0.3,0.24438685,49925,0.05919276696999054
0.1,0.8,0.9,0.6,0.24438874,49925,0.057404252770582434
0.3,0.4,0.8,0.6,0.24439357,49925,0.05747560877846164
0.7,0.4,0.8,0.2,0.24439633,49925,0.05938371316756904
0.1,0.6,0.6,0.3,0.2443968,49925,0.05809547198313055
0.7,0.3,0.8,0.6,0.24440567,49925,0.05816491561102833
0.1,0.5,0.9,0.5,0.24440572,49925,0.05744793702025
0.7,0.1,0.9,0.7,0.24440785,49925,0.0580278360563875
0.3,0.8,0.9,0.5,0.24440952,49925,0.05809802104637933
0.5,0.4,0.8,0.6,0.24441056,49925,0.05795139188564946
0.6,0.4,0.9,0.7,0.24441238,49925,0.05789947013584287
0.2,0.1,0.5,0.3,0.2444192,49925,0.05763075227892101
0.6,0.3,0.9,0.7,0.24442123,49925,0.05793080088203467
0.5,0.1,0.9,0.6,0.24442136,49925,0.05780977250540189
0.1,0.6,0.8,0.5,0.24442175,49925,0.05755067756984628
0.2,0.9,0.8,0.2,0.24442244,49925,0.05854685279901595
0.8,0.3,0.9,0.6,0.2444236,49925,0.05847494600706988
0.1,0.1,0.9,0.3,0.24443066,49925,0.05403255016734503
0.9,0.2,0.9,0.5,0.24443176,49925,0.05894273419261508
0.8,0.1,0.7,0.2,0.24443479,49925,0.05980231614469258
0.3,0.5,0.7,0.5,0.24443631,49925,0.05776715429840948
0.6,0.4,0.8,0.5,0.24443664,49925,0.058387010642134723
0.2,0.7,0.8,0.5,0.24444243,49925,0.05780986002254287
0.8,0.3,0.9,0.5,0.24444434,49925,0.0588339981683738
0.5,0.6,0.8,0.1,0.2444446,49925,0.05934619082596513
0.1,0.7,0.7,0.4,0.24444464,49925,0.0578127692681619
0.9,0.1,0.8,0.7,0.24444576,49925,0.05800865249319345
0.8,0.1,0.7,0.6,0.24444583,49925,0.05804145429544147
0.5,0.6,0.9,0.6,0.24444671,49925,0.05804404508862063
0.6,0.5,0.8,0.3,0.24444859,49925,0.05891702556761764
0.4,0.7,0.8,0.4,0.244449,49925,0.05822420895240941
0.9,0.2,0.9,0.6,0.24445,49925,0.05859583037737202
0.8,0.3,0.9,0.7,0.24445103,49925,0.05811660133392235
0.6,0.2,0.7,0.6,0.24445161,49925,0.05784297018724492
0.5,0.3,0.9,0.7,0.2444539,49925,0.05770251017971227
0.5,0.7,0.9,0.3,0.24445507,49925,0.05890791034937879
0.3,0.2,0.4,0.3,0.24445656,49925,0.058019344846956415
0.6,0.4,0.8,0.6,0.24445656,49925,0.058019344846956415
0.3,0.4,0.7,0.5,0.24445692,49925,0.057816476121191125
0.2,0.3,0.6,0.4,0.24445698,49925,0.05775071072424523
0.1,0.9,0.8,0.3,0.24446006,49925,0.058299217706074394
0.6,0.5,0.8,0.4,0.24446182,49925,0.05854440956808278
0.6,0.6,0.9,0.3,0.24446511,49925,0.05905294444064696
0.4,0.4,0.6,0.2,0.24446511,49925,0.05905294444064696
0.2,0.2,0.3,0.1,0.24446511,49925,0.05905294444064696
0.1,0.4,0.4,0.2,0.24446687,49925,0.058108000786378
0.2,0.8,0.8,0.4,0.24446687,49925,0.058108000786378
0.8,0.2,0.8,0.5,0.24447106,49925,0.0586919404227963
0.3,0.6,0.7,0.4,0.2444746,49925,0.05808152226426198
0.8,0.2,0.8,0.7,0.24447611,49925,0.05786678577571869
0.5,0.2,0.6,0.5,0.24447879,49925,0.057888204895272535
0.5,0.7,0.9,0.5,0.2444833,49925,0.05821225437756312
0.9,0.3,0.9,0.2,0.2444857,49925,0.0597147133683518
0.3,0.2,0.5,0.4,0.24448667,49925,0.05773787757925127
0.5,0.4,0.7,0.4,0.24448748,49925,0.05846231710286676
0.1,0.7,0.8,0.5,0.24448763,49925,0.05761184223172376
0.4,0.5,0.8,0.6,0.24448769,49925,0.05777215918785413
0.7,0.5,0.9,0.2,0.24448785,49925,0.0594808830116359
0.4,0.1,0.4,0.3,0.2444886,49925,0.0583028947755388
0.8,0.2,0.8,0.6,0.2444886,49925,0.0583028947755388
0.4,0.1,0.4,0.2,0.24449614,49925,0.05909059053827029
0.8,0.2,0.8,0.4,0.24449614,49925,0.05909059053827029
0.4,0.3,0.8,0.6,0.24449708,49925,0.057715511335944054
0.5,0.1,0.5,0.4,0.24449708,49925,0.058179603751731625
0.7,0.4,0.9,0.5,0.24449717,49925,0.05869658633042008
0.2,0.2,0.8,0.4,0.24449778,49925,0.057319975346448324
0.1,0.1,0.4,0.2,0.24449778,49925,0.057319975346448324
0.4,0.9,0.9,0.1,0.24449798,49925,0.058818467966858315
0.3,0.7,0.9,0.6,0.2444988,49925,0.0578220013695486
0.6,0.6,0.9,0.2,0.24450164,49925,0.059340461477598354
0.5,0.2,0.8,0.6,0.24450201,49925,0.05793139626864294
0.1,0.5,0.6,0.4,0.24450415,49925,0.05753148014067442
0.4,0.2,0.5,0.4,0.2445043,49925,0.05794791039958923
0.7,0.4,0.9,0.7,0.24450567,49925,0.057988989412511925
0.9,0.2,0.9,0.7,0.24450645,49925,0.05822983244802547
0.9,0.1,0.8,0.4,0.24451008,49925,0.05920290314469459
0.6,0.5,0.9,0.6,0.24451384,49925,0.0581930084818704
0.6,0.1,0.8,0.6,0.24451703,49925,0.05810899898544873
0.5,0.3,0.7,0.5,0.24451713,49925,0.05820661312487261
0.4,0.8,0.9,0.4,0.24452093,49925,0.05839645524230124
0.6,0.6,0.9,0.5,0.24452256,49925,0.05834474221468917
0.3,0.9,0.9,0.2,0.24452397,49925,0.05888148768929646
0.3,0.4,0.9,0.6,0.24452505,49925,0.05764986495816784
0.9,0.1,0.8,0.3,0.24452512,49925,0.059591125001199605
0.7,0.5,0.9,0.3,0.24452767,49925,0.05919621684568391
0.4,0.3,0.9,0.6,0.24453177,49925,0.05789038164018954
0.7,0.1,0.7,0.6,0.2445322,49925,0.05800746169132181
0.5,0.4,0.9,0.7,0.24453332,49925,0.057770192676688835
0.5,0.7,0.9,0.2,0.24453394,49925,0.0592157645920761
0.6,0.2,0.8,0.6,0.24453662,49925,0.058158608687396106
0.3,0.1,0.4,0.3,0.24453662,49925,0.058158608687396106
0.7,0.4,0.9,0.6,0.24453804,49925,0.05834198807763472
0.3,0.3,0.7,0.5,0.24453864,49925,0.05774074713207045
0.2,0.5,0.7,0.5,0.24454992,49925,0.05757079072372097
0.7,0.5,0.9,0.4,0.24455228,49925,0.058827098706907825
0.7,0.2,0.7,0.3,0.24455523,49925,0.059231867582609156
0.4,0.4,0.6,0.1,0.24455541,49925,0.05946919859207596
0.8,0.4,0.9,0.3,0.24455918,49925,0.059307931740368906
0.5,0.3,0.6,0.2,0.24456054,49925,0.05926548016518706
0.6,0.3,0.7,0.3,0.24456273,49925,0.05909067378581349
0.4,0.8,0.9,0.5,0.2445644,49925,0.058070597522509475
0.7,0.2,0.7,0.6,0.24456693,49925,0.05789650781153622
0.7,0.3,0.8,0.4,0.24457166,49925,0.05895554208791788
0.9,0.1,0.7,0.1,0.2445742,49925,0.05975076035691187
0.8,0.4,0.9,0.2,0.24457432,49925,0.059616219108434725
0.2,0.1,0.9,0.4,0.24457975,49925,0.055970358829641444
0.4,0.8,0.9,0.2,0.24458201,49925,0.05903470688313091
0.9,0.1,0.9,0.7,0.2445848,49925,0.058312911351484656
0.6,0.3,0.8,0.6,0.24458814,49925,0.05811691411144316
0.4,0.7,0.9,0.6,0.24458826,49925,0.05787439479934619
0.7,0.1,0.8,0.6,0.24458975,49925,0.058311525655253216
0.1,0.9,0.9,0.5,0.24459317,49925,0.05784449909982704
0.5,0.6,0.8,0.4,0.2445937,49925,0.0583987879606475
0.5,0.5,0.8,0.5,0.24459416,49925,0.058233054745629474
0.3,0.5,0.6,0.2,0.24459632,49925,0.05880699321103691
0.6,0.1,0.6,0.4,0.2445964,49925,0.058672924579148265
0.7,0.2,0.8,0.6,0.24460152,49925,0.05828337628696756
0.4,0.6,0.8,0.5,0.2446042,49925,0.0580613969973894
0.1,0.5,0.7,0.4,0.24460556,49925,0.05783389378700254
0.6,0.5,0.8,0.1,0.24460743,49925,0.059499643565012195
0.2,0.4,0.5,0.3,0.2446091,49925,0.058061422606458545
0.4,0.8,0.9,0.3,0.24460918,49925,0.05873929410810225
0.6,0.5,0.9,0.5,0.24461001,49925,0.0585453705559928
0.1,0.4,0.7,0.4,0.244613,49925,0.05757707274516647
0.4,0.7,0.8,0.1,0.24461392,49925,0.05915966610058505
0.7,0.1,0.6,0.1,0.24462013,49925,0.05998626449628027
0.6,0.2,0.6,0.2,0.24462184,49925,0.059410193162314974
0.3,0.1,0.3,0.1,0.24462184,49925,0.059410193162314974
0.9,0.3,0.9,0.3,0.24462184,49925,0.059410193162314974
0.4,0.4,0.7,0.5,0.24462627,49925,0.057986809843778575
0.2,0.7,0.7,0.3,0.2446269,49925,0.05830716641306639
0.9,0.2,0.9,0.4,0.24462761,49925,0.059346253593960376
0.2,0.4,0.8,0.5,0.2446341,49925,0.057647424449246976
0.2,0.6,0.9,0.6,0.24463537,49925,0.05758701068693132
0.1,0.3,0.5,0.3,0.24463591,49925,0.057763439493690685
0.4,0.1,0.9,0.5,0.24463779,49925,0.057793338865113154
0.5,0.1,0.5,0.3,0.2446417,49925,0.058825243691282995
0.1,0.7,0.6,0.2,0.24464244,49925,0.058294409840391644
0.4,0.5,0.7,0.4,0.24464525,49925,0.058271018249676586
0.2,0.6,0.6,0.1,0.24464796,49925,0.05899020743903051
0.7,0.3,0.9,0.7,0.24465097,49925,0.05805836935521238
0.6,0.2,0.7,0.5,0.24465334,49925,0.058363597820675794
0.1,0.8,0.8,0.4,0.24465415,49925,0.058065808389794214
0.3,0.6,0.8,0.5,0.24465658,49925,0.05801687957746565
0.5,0.3,0.6,0.1,0.24465838,49925,0.059675853871906055
0.7,0.1,0.7,0.5,0.24466485,49925,0.05853818941443203
0.3,0.4,0.6,0.4,0.24467613,49925,0.05802098785648045
0.5,0.2,0.9,0.6,0.24467666,49925,0.058085107692638596
0.1,0.6,0.9,0.5,0.2446783,49925,0.05772562633300755
0.1,0.7,0.9,0.5,0.24467959,49925,0.057844744505213895
0.8,0.2,0.8,0.3,0.24469161,49925,0.05948503405686536
0.9,0.1,0.8,0.2,0.24469309,49925,0.060011545700316235
0.2,0.9,0.9,0.4,0.24469794,49925,0.058308372582967616
0.6,0.4,0.9,0.6,0.24469991,49925,0.05831305397564866
0.4,0.2,0.5,0.3,0.24470337,49925,0.058621571025578294
0.6,0.6,0.9,0.4,0.24470983,49925,0.05869853296292204
0.3,0.1,0.7,0.4,0.24471693,49925,0.057732988014474323
0.3,0.9,0.9,0.3,0.244724,49925,0.05855820750253915
0.2,0.6,0.6,0.2,0.244724,49925,0.05855820750253915
0.1,0.3,0.3,0.1,0.244724,49925,0.05855820750253915
0.6,0.4,0.8,0.4,0.24472687,49925,0.058800900076462666
0.3,0.2,0.4,0.2,0.24472687,49925,0.058800900076462666
0.2,0.5,0.6,0.3,0.24472871,49925,0.058341558977151854
0.5,0.3,0.8,0.6,0.24472876,49925,0.05797970268349278
0.7,0.6,0.9,0.1,0.2447333,49925,0.05926829776348453
0.4,0.3,0.7,0.5,0.2447375,49925,0.05806276242213369
0.3,0.2,0.6,0.4,0.244738,49925,0.05804010841997061
0.5,0.4,0.7,0.3,0.24474229,49925,0.05890724718343986
0.5,0.2,0.7,0.5,0.24474248,49925,0.05825183801665103
0.8,0.1,0.8,0.6,0.24474294,49925,0.05841481258015959
0.2,0.6,0.7,0.4,0.24474318,49925,0.05804990478992705
0.3,0.7,0.8,0.4,0.24474381,49925,0.05829863051068392
0.5,0.1,0.7,0.5,0.24474457,49925,0.0582043144353813
0.8,0.1,0.8,0.5,0.24475329,49925,0.05885967949896571
0.2,0.9,0.8,0.1,0.24475428,49925,0.058784137970733064
0.9,0.1,0.9,0.6,0.24475631,49925,0.058736128733822675
0.1,0.9,0.9,0.4,0.24475697,49925,0.05825143810904699
0.3,0.5,0.6,0.3,0.244759,49925,0.05831041024197791
0.7,0.4,0.9,0.4,0.24476181,49925,0.05908075212180905
0.8,0.3,0.9,0.4,0.24476507,49925,0.0592286321502619
0.6,0.1,0.9,0.6,0.24477188,49925,0.05827059245301354
0.5,0.7,0.9,0.4,0.24477457,49925,0.058562736713512954
0.2,0.8,0.9,0.5,0.24477495,49925,0.05802815965096625
0.7,0.2,0.7,0.2,0.24478194,49925,0.05970736930112783
0.6,0.3,0.8,0.5,0.24478333,49925,0.05856970561671516
0.3,0.5,0.6,0.1,0.244785,49925,0.05925297109161817
0.4,0.4,0.9,0.6,0.24478741,49925,0.05802685391525117
0.3,0.6,0.7,0.3,0.24478932,49925,0.05853568956128036
0.4,0.4,0.6,0.3,0.2447902,49925,0.05851323421794284
0.6,0.1,0.7,0.5,0.244792,49925,0.05844407010516417
0.1,0.7,0.6,0.1,0.24479237,49925,0.05874155035172334
0.7,0.3,0.9,0.6,0.24480239,49925,0.05847041348385914
0.5,0.2,0.6,0.4,0.24480614,49925,0.058484110018533354
0.3,0.5,0.9,0.6,0.2448075,49925,0.05780330983292877
0.4,0.2,0.7,0.5,0.2448091,49925,0.057979765437815585
0.2,0.7,0.8,0.4,0.24481453,49925,0.05829066735261089
0.2,0.1,0.6,0.3,0.24481632,49925,0.05754505569061956
0.1,0.8,0.7,0.2,0.24481736,49925,0.058519088944566734
0.7,0.4,0.8,0.1,0.24481821,49925,0.05963181943358882
0.3,0.8,0.8,0.1,0.24481858,49925,0.058984476164786304
0.2,0.8,0.9,0.4,0.24481955,49925,0.05846782020850357
0.2,0.7,0.9,0.6,0.24482252,49925,0.057641595066445984
0.7,0.1,0.7,0.4,0.24482419,49925,0.05902038177677364
0.4,0.2,0.8,0.5,0.24482626,49925,0.05814876868941468
0.8,0.2,0.9,0.6,0.24482794,49925,0.05861554657239838
0.4,0.7,0.9,0.5,0.24483144,49925,0.05824046893483228
0.3,0.1,0.8,0.4,0.24483283,49925,0.057679526874919874
0.5,0.1,0.5,0.2,0.2448374,49925,0.05953430515499159
0.5,0.1,0.6,0.4,0.24483849,49925,0.05862443489551677
0.4,0.6,0.9,0.6,0.24484327,49925,0.057991172461794964
0.1,0.8,0.9,0.5,0.24484783,49925,0.057859294283417344
0.3,0.4,0.8,0.5,0.24485269,49925,0.058064473589306845
0.5,0.5,0.8,0.4,0.24485768,49925,0.05862554701739526
0.7,0.3,0.8,0.3,0.24485779,49925,0.05937090169036692
0.8,0.3,0.8,0.1,0.24485931,49925,0.05974136351386404
0.9,0.2,0.8,0.1,0.24486402,49925,0.059863326137540425
0.6,0.2,0.6,0.1,0.24486713,49925,0.059834683828811686
0.2,0.4,0.6,0.4,0.24486816,49925,0.057861141209004534
0.3,0.6,0.9,0.6,0.24486816,49925,0.05786114120900454
0.1,0.2,0.3,0.2,0.24486816,49925,0.057861141209004534
0.4,0.5,0.8,0.5,0.24486902,49925,0.058197399010869816
0.7,0.2,0.8,0.5,0.24487393,49925,0.05872727766603879
0.2,0.5,0.8,0.5,0.24487436,49925,0.057819433367895676
0.1,0.7,0.7,0.3,0.24487521,49925,0.05832561752768148
0.3,0.8,0.9,0.4,0.24487595,49925,0.058473998955819395
0.9,0.2,0.9,0.3,0.2448785,49925,0.05971476005759486
0.3,0.3,0.8,0.5,0.24488363,49925,0.057901586968789956
0.6,0.4,0.8,0.3,0.2448842,49925,0.059202599528249154
0.5,0.2,0.6,0.3,0.24488668,49925,0.059049729175985485
0.4,0.6,0.8,0.4,0.24488702,49925,0.05845632363244194
0.2,0.3,0.4,0.2,0.24488702,49925,0.05845632363244194
0.6,0.3,0.7,0.2,0.24489143,49925,0.05957145971986046
0.5,0.6,0.9,0.5,0.24489358,49925,0.058405026800421575
0.4,0.3,0.6,0.3,0.24489631,49925,0.05885316546151056
0.5,0.5,0.9,0.6,0.24490267,49925,0.058146848332141926
0.4,0.3,0.6,0.4,0.2449046,49925,0.0582742036871558
0.5,0.1,0.8,0.5,0.24490826,49925,0.05838121775727828
0.7,0.2,0.9,0.6,0.2449108,49925,0.0585737464155147
0.3,0.7,0.8,0.3,0.2449216,49925,0.05869472115646746
0.4,0.5,0.7,0.3,0.24492384,49925,0.05872559231887904
0.1,0.4,0.5,0.3,0.24492526,49925,0.057884332492673406
0.3,0.3,0.5,0.3,0.24492928,49925,0.05836357249669501
0.6,0.2,0.7,0.4,0.24493207,49925,0.058885980211687554
0.2,0.6,0.7,0.3,0.24493358,49925,0.05857561689865444
0.3,0.7,0.9,0.5,0.24494126,49925,0.05821647005091178
0.6,0.5,0.9,0.4,0.24494134,49925,0.05892604465234292
0.9,0.4,0.9,0.1,0.24494353,49925,0.059483236106575
0.8,0.5,0.9,0.1,0.2449482,49925,0.05938687380024623
0.5,0.3,0.7,0.4,0.24495743,49925,0.0586917779659759
0.8,0.2,0.8,0.2,0.24495918,49925,0.059921253636404104
0.4,0.1,0.4,0.1,0.24495918,49925,0.059921253636404104
0.4,0.5,0.9,0.6,0.24495922,49925,0.058035456688834426
0.6,0.1,0.6,0.3,0.244963,49925,0.0592283631351527
0.4,0.5,0.7,0.1,0.2449639,49925,0.05956350352366184
0.3,0.5,0.8,0.5,0.24496472,49925,0.058104514819596595
0.1,0.5,0.5,0.2,0.24496491,49925,0.05845488745795791
0.2,0.6,0.8,0.5,0.24497752,49925,0.05788484579301865
0.5,0.4,0.8,0.5,0.2449779,49925,0.058406407809400165
0.5,0.4,0.9,0.6,0.24497831,49925,0.05821955188271746
0.6,0.1,0.6,0.2,0.24497922,49925,0.05985699610244445
0.2,0.7,0.7,0.2,0.244985,49925,0.058750999661576965
0.3,0.6,0.7,0.2,0.24498773,49925,0.05898680066584335
0.4,0.7,0.9,0.4,0.24498901,49925,0.058629865564129933
0.1,0.9,0.8,0.2,0.24499843,49925,0.05869624401488031
0.3,0.3,0.6,0.4,0.24499844,49925,0.05813811315305905
0.1,0.6,0.7,0.4,0.24500641,49925,0.05786592177923562
0.4,0.6,0.8,0.3,0.2450068,49925,0.05888488824316946
0.5,0.3,0.9,0.6,0.24501237,49925,0.058192924105032
0.4,0.5,0.7,0.2,0.24501535,49925,0.05919181842245653
0.8,0.2,0.9,0.5,0.2450241,49925,0.05901605936192385
0.4,0.7,0.9,0.3,0.2450399,49925,0.05902588194311398
0.8,0.1,0.9,0.6,0.24504156,49925,0.058681088735109514
0.6,0.4,0.9,0.5,0.24504301,49925,0.05874036652348208
0.8,0.1,0.7,0.1,0.2450439,49925,0.06018176597074177
0.7,0.3,0.8,0.2,0.24505228,49925,0.059803677080611024
0.2,0.4,0.9,0.5,0.245053,49925,0.057740295663338354
0.7,0.1,0.9,0.6,0.24505305,49925,0.058528175735935946
0.7,0.1,0.7,0.3,0.24505344,49925,0.05953949263249538
0.2,0.9,0.9,0.3,0.24505363,49925,0.05865028512405766
0.3,0.5,0.7,0.4,0.24505834,49925,0.058248378732197285
0.5,0.4,0.7,0.1,0.24506608,49925,0.05975796844282574
0.8,0.1,0.8,0.4,0.24507281,49925,0.05929607297754104
0.1,0.4,0.8,0.4,0.24507543,49925,0.0576068214862393
0.6,0.2,0.7,0.3,0.24507833,49925,0.05939803828174781
0.4,0.2,0.5,0.2,0.24508339,49925,0.059326167617520104
0.2,0.1,0.3,0.2,0.24508755,49925,0.058404228775279024
0.6,0.3,0.9,0.6,0.24508755,49925,0.05840422877527903
0.4,0.2,0.6,0.4,0.24508755,49925,0.058404228775279024
0.1,0.6,0.8,0.4,0.24508765,49925,0.058138731767973635
0.7,0.1,0.8,0.5,0.24509355,49925,0.058842102793969515
0.2,0.8,0.8,0.3,0.24509583,49925,0.05850163544664295
0.5,0.4,0.7,0.2,0.2451038,49925,0.05938558412363294
0.2,0.4,0.5,0.2,0.24510714,49925,0.058771038749058445
0.7,0.2,0.7,0.1,0.24510829,49925,0.060069171697212105
0.4,0.1,0.6,0.4,0.24510984,49925,0.05832418940244341
0.4,0.4,0.7,0.4,0.2451204,49925,0.058501726898036274
0.2,0.6,0.9,0.5,0.24512342,49925,0.058100863798465345
0.8,0.3,0.9,0.2,0.24512708,49925,0.05999449690693624
0.9,0.2,0.9,0.2,0.24512728,49925,0.060085889767402596
0.7,0.3,0.9,0.5,0.2451346,49925,0.0588903647371898
0.8,0.3,0.9,0.3,0.24513611,49925,0.05960038883298858
0.8,0.1,0.8,0.3,0.24513766,49925,0.059773989037447905
0.4,0.3,0.8,0.5,0.24514161,49925,0.058298376185056955
0.2,0.4,0.7,0.4,0.24514441,49925,0.058130682598073066
0.2,0.7,0.9,0.5,0.24514656,49925,0.05810664779684727
0.9,0.1,0.9,0.4,0.24514976,49925,0.05953833250158092
0.1,0.4,0.4,0.1,0.24515197,49925,0.05892044700592559
0.2,0.8,0.8,0.2,0.24515197,49925,0.05892044700592559
0.9,0.1,0.9,0.5,0.24515301,49925,0.0591327630428114
0.6,0.2,0.9,0.6,0.24515456,49925,0.05837194546933833
0.1,0.7,0.8,0.4,0.24516001,49925,0.05813395312918096
0.2,0.5,0.9,0.5,0.24516433,49925,0.05800979096470626
0.3,0.6,0.8,0.4,0.2451695,49925,0.058462768992981515
0.5,0.4,0.8,0.4,0.24517542,49925,0.05887199812093599
0.5,0.5,0.8,0.3,0.24517559,49925,0.05905756708538734
0.1,0.3,0.9,0.4,0.24517724,49925,0.05680257559462391
0.6,0.4,0.8,0.2,0.2451798,49925,0.05963235549125724
0.3,0.2,0.4,0.1,0.2451798,49925,0.05963235549125724
0.5,0.6,0.9,0.4,0.24518715,49925,0.05879332634193733
0.6,0.2,0.8,0.5,0.24519233,49925,0.05869704663967106
0.2,0.2,0.5,0.3,0.24519545,49925,0.058165852577145426
0.7,0.2,0.8,0.4,0.24519636,49925,0.059158811315889424
0.5,0.3,0.7,0.3,0.24519661,49925,0.0592336283187987
0.4,0.2,0.9,0.5,0.24519762,49925,0.058245028684636505
0.5,0.3,0.8,0.5,0.24519894,49925,0.05850090309714943
0.4,0.4,0.8,0.5,0.24520609,49925,0.05829835155967113
0.1,0.8,0.8,0.3,0.24521919,49925,0.05850784547349658
0.7,0.5,0.9,0.1,0.24522044,49925,0.05969095547323218
0.6,0.3,0.8,0.4,0.24522226,49925,0.05904182145690848
0.1,0.8,0.7,0.1,0.24522246,49925,0.05891886174584239
0.1,0.3,0.6,0.3,0.24522519,49925,0.05788619176757761
0.5,0.2,0.6,0.2,0.24523668,49925,0.05967949374510513
0.5,0.7,0.9,0.1,0.24523772,49925,0.05941797112779149
0.7,0.4,0.9,0.3,0.24523817,49925,0.05945892300056522
0.1,0.6,0.6,0.2,0.24523851,49925,0.05868506242473858
0.5,0.1,0.9,0.5,0.24524029,49925,0.05844559961641583
0.3,0.5,0.7,0.3,0.24524324,49925,0.058795357553696505
0.3,0.7,0.9,0.4,0.24524523,49925,0.05863524706335177
0.5,0.5,0.8,0.2,0.24524789,49925,0.05947065969760409
0.1,0.2,0.7,0.3,0.24524981,49925,0.05685956324098733
0.3,0.9,0.9,0.1,0.24525027,49925,0.05907387730393066
0.1,0.5,0.8,0.4,0.24525157,49925,0.05799404447906259
0.2,0.3,0.5,0.3,0.24525255,49925,0.05823892027451052
0.3,0.3,0.7,0.4,0.24525566,49925,0.05842108130660451
0.2,0.9,0.9,0.2,0.2452623,49925,0.059026155871495185
0.4,0.1,0.5,0.3,0.24526337,49925,0.05884327161521073
0.2,0.2,0.9,0.4,0.24526395,49925,0.05721668319808602
0.2,0.3,0.7,0.4,0.24526443,49925,0.057921583021397764
0.3,0.6,0.7,0.1,0.24526545,49925,0.05935291283995441
0.2,0.7,0.7,0.1,0.24526584,49925,0.059124467699793765
0.3,0.7,0.8,0.2,0.24526694,49925,0.05910234181713859
0.2,0.5,0.7,0.4,0.24526736,49925,0.05817040514692855
0.5,0.6,0.9,0.3,0.24526763,49925,0.05918763507932948
0.3,0.3,0.9,0.5,0.24526808,49925,0.05799377465399651
0.3,0.8,0.9,0.3,0.24527419,49925,0.05883938365082758
0.1,0.8,0.9,0.4,0.24527624,49925,0.05835606410518885
0.3,0.2,0.7,0.4,0.24528126,49925,0.05825200262598828
0.4,0.6,0.9,0.5,0.24528338,49925,0.05837158436002182
0.5,0.2,0.8,0.5,0.24528697,49925,0.058495797451864597
0.1,0.5,0.6,0.3,0.24528764,49925,0.058239249138598195
0.5,0.5,0.9,0.5,0.24528868,49925,0.058574062216365276
0.9,0.1,0.9,0.3,0.2452905,49925,0.05997908266940123
0.6,0.6,0.9,0.1,0.24529155,49925,0.05954920551379071
0.1,0.4,0.6,0.3,0.24529259,49925,0.0582133196785734
0.3,0.6,0.9,0.5,0.24529265,49925,0.05833028115693968
0.2,0.7,0.8,0.3,0.24529321,49925,0.058751174139995685
0.6,0.1,0.7,0.4,0.24529432,49925,0.05903397298175827
0.6,0.3,0.7,0.1,0.24529445,49925,0.05994539772120584
0.2,0.6,0.8,0.4,0.24529856,49925,0.0584254467133868
0.1,0.3,0.4,0.2,0.24529856,49925,0.0584254467133868
0.3,0.4,0.6,0.3,0.24529943,49925,0.05860170508454299
0.4,0.8,0.9,0.1,0.2452997,49925,0.0592563348388207
0.6,0.5,0.9,0.3,0.24530374,49925,0.05932562901668908
0.3,0.1,0.5,0.3,0.2453118,49925,0.05854345007210136
0.3,0.2,0.5,0.3,0.24531755,49925,0.05855705526745166
0.4,0.5,0.8,0.4,0.24531771,49925,0.05868586571987526
0.7,0.4,0.9,0.2,0.24531922,49925,0.059832833387744463
0.3,0.5,0.9,0.5,0.24532285,49925,0.05831433900685666
0.2,0.5,0.7,0.3,0.24532399,49925,0.05877983873684275
0.6,0.4,0.8,0.1,0.24532858,49925,0.05997682376201202
0.6,0.1,0.8,0.5,0.24533463,49925,0.0586891758502401
0.2,0.3,0.4,0.1,0.24533594,49925,0.059296820678995894
0.4,0.6,0.8,0.2,0.24533594,49925,0.059296820678995894
0.1,0.5,0.5,0.1,0.24533622,49925,0.05912015149938447
0.3,0.4,0.7,0.4,0.24534553,49925,0.05841410020116062
0.6,0.5,0.9,0.2,0.24534765,49925,0.059691435381009655
0.6,0.3,0.8,0.3,0.24535121,49925,0.05952091195869535
0.3,0.8,0.9,0.2,0.24535774,49925,0.05921870440553199
0.4,0.5,0.9,0.5,0.24536741,49925,0.0585098092000329
0.6,0.1,0.6,0.1,0.24536824,49925,0.060440791875785105
0.4,0.4,0.9,0.5,0.24536826,49925,0.0585281646917287
0.5,0.1,0.5,0.1,0.24537069,49925,0.060220305466549974
0.8,0.2,0.9,0.4,0.245377,49925,0.05942048748623461
0.8,0.1,0.9,0.5,0.24537787,49925,0.05913847511559936
0.2,0.3,0.8,0.4,0.24537787,49925,0.05796933533494592
0.7,0.2,0.9,0.5,0.24537924,49925,0.05899191951207523
0.4,0.1,0.7,0.4,0.2453795,49925,0.05855043862564351
0.1,0.7,0.7,0.2,0.24539067,49925,0.05883834238398432
0.3,0.3,0.5,0.2,0.24539745,49925,0.05907634835748404
0.1,0.9,0.9,0.3,0.245399,49925,0.058674153767882826
0.4,0.4,0.7,0.3,0.24540064,49925,0.0590223037988601
0.5,0.2,0.7,0.4,0.24540204,49925,0.05885724504656233
0.3,0.6,0.9,0.4,0.24540259,49925,0.058804625161857395
0.9,0.1,0.8,0.1,0.24540581,49925,0.060340217514426475
0.3,0.1,0.9,0.4,0.24541052,49925,0.05755138052755699
0.2,0.4,0.6,0.3,0.24541551,49925,0.058582682392992705
0.6,0.4,0.9,0.4,0.24541633,49925,0.05916042473633392
0.8,0.1,0.8,0.2,0.24542521,49925,0.06028504712119738
0.9,0.3,0.9,0.1,0.2454262,49925,0.05991623576827869
0.2,0.6,0.8,0.3,0.24543086,49925,0.05894615496392327
0.7,0.1,0.7,0.2,0.24543603,49925,0.06009215677837983
0.2,0.7,0.9,0.4,0.24543734,49925,0.05860665357584402
0.8,0.2,0.8,0.1,0.24544075,49925,0.060244536264362464
0.4,0.2,0.5,0.1,0.2454519,49925,0.060007208125625454
0.2,0.8,0.9,0.3,0.2454528,49925,0.0588897570983581
0.4,0.3,0.7,0.4,0.24545936,49925,0.05862931790014222
0.7,0.3,0.9,0.4,0.24546151,49925,0.059313579379021285
0.7,0.2,0.8,0.3,0.24547291,49925,0.05966354369374505
0.2,0.5,0.6,0.2,0.24547337,49925,0.058979371958516345
0.3,0.4,0.8,0.4,0.2454798,49925,0.05868474095205197
0.2,0.8,0.8,0.1,0.24548244,49925,0.0592490566423561
0.8,0.2,0.9,0.3,0.24548261,49925,0.05986238695649071
0.5,0.6,0.9,0.2,0.24548802,49925,0.05954747987559644
0.1,0.6,0.7,0.3,0.24548805,49925,0.058502304718422084
0.4,0.6,0.9,0.4,0.245495,49925,0.05882013222322991
0.8,0.4,0.9,0.1,0.24549508,49925,0.05980515826561248
0.4,0.7,0.9,0.2,0.24549587,49925,0.05938074767936317
0.7,0.3,0.9,0.3,0.24549696,49925,0.059751116507779485
0.4,0.6,0.8,0.1,0.24550538,49925,0.05963059710961967
0.6,0.1,0.9,0.5,0.24551314,49925,0.058855862042276844
0.4,0.1,0.8,0.4,0.2455222,49925,0.05855535910701103
0.7,0.1,0.7,0.1,0.24552786,49925,0.06059406285655696
0.5,0.5,0.8,0.1,0.24552959,49925,0.05980763494091723
0.7,0.1,0.9,0.5,0.2455318,49925,0.0590545478706141
0.6,0.2,0.7,0.2,0.24553302,49925,0.05994852431181108
0.1,0.4,0.5,0.2,0.24553855,49925,0.0587362794725888
0.3,0.4,0.9,0.5,0.24554008,49925,0.058230236850995216
0.3,0.5,0.8,0.4,0.24555221,49925,0.05863844273387485
0.1,0.5,0.9,0.4,0.24556276,49925,0.0580262720688998
0.5,0.1,0.7,0.4,0.24556364,49925,0.058874538575638964
0.2,0.5,0.8,0.4,0.2455639,49925,0.058415852517009884
0.3,0.4,0.6,0.2,0.2455665,49925,0.059229862734533345
0.6,0.3,0.9,0.5,0.2455682,49925,0.0588347690595094
0.1,0.7,0.9,0.4,0.24556963,49925,0.05837459162001028
0.2,0.3,0.6,0.3,0.24557029,49925,0.05855640293628704
0.5,0.2,0.9,0.5,0.24557514,49925,0.058679287766657
0.3,0.7,0.8,0.1,0.24557868,49925,0.05942832976171979
0.5,0.4,0.9,0.5,0.24557884,49925,0.05866903773372257
0.7,0.1,0.8,0.4,0.24558292,49925,0.05936256006440978
0.7,0.3,0.8,0.1,0.2455841,49925,0.06011609896071644
0.3,0.3,0.5,0.1,0.24559341,49925,0.059752112513629246
0.4,0.2,0.7,0.4,0.24559732,49925,0.05866041687459758
0.3,0.6,0.8,0.3,0.24560007,49925,0.058950789868468745
0.5,0.4,0.8,0.3,0.24560212,49925,0.05934481070832764
0.5,0.5,0.9,0.4,0.24560387,49925,0.05899725455953151
0.2,0.1,0.7,0.3,0.24562801,49925,0.057377243318537344
0.1,0.9,0.8,0.1,0.2456294,49925,0.05902074559309992
0.4,0.3,0.6,0.2,0.24563521,49925,0.05946008220755744
0.4,0.3,0.9,0.5,0.24564117,49925,0.058452977799645485
0.9,0.1,0.9,0.2,0.2456447,49925,0.06043377316669257
0.5,0.3,0.9,0.5,0.24564976,49925,0.05871937733929993
0.1,0.8,0.8,0.2,0.24565692,49925,0.058983484909929905
0.3,0.7,0.9,0.3,0.24565968,49925,0.059085578268206373
0.1,0.6,0.6,0.1,0.24566168,49925,0.05923562734886744
0.5,0.1,0.6,0.3,0.24566454,49925,0.059313338811007164
0.2,0.4,0.5,0.1,0.24567018,49925,0.05944780162784056
0.8,0.2,0.9,0.2,0.24569857,49925,0.06030953753871297
0.5,0.3,0.7,0.2,0.24570312,49925,0.05976359650594702
0.3,0.1,0.6,0.3,0.2457092,49925,0.05867550307274982
0.4,0.2,0.6,0.3,0.24571425,49925,0.059101513931040156
0.4,0.3,0.8,0.4,0.2457144,49925,0.058905659121091705
0.1,0.9,0.9,0.2,0.24571925,49925,0.05908867690025664
0.3,0.2,0.8,0.4,0.24572061,49925,0.05827692336669081
0.1,0.4,0.9,0.4,0.24573521,49925,0.057567225972841876
0.2,0.6,0.9,0.4,0.24573565,49925,0.05862786916542796
0.3,0.3,0.6,0.3,0.2457393,49925,0.058813314469943034
0.2,0.2,0.4,0.2,0.2457393,49925,0.05881331446994304
0.4,0.4,0.8,0.4,0.2457393,49925,0.05881331446994304
0.1,0.1,0.2,0.1,0.2457393,49925,0.05881331446994304
0.7,0.2,0.8,0.2,0.24575214,49925,0.060147402487822674
0.2,0.6,0.7,0.2,0.24576059,49925,0.05911221644885533
0.2,0.2,0.6,0.3,0.24576154,49925,0.0583009657617634
0.5,0.2,0.6,0.1,0.2457618,49925,0.06027825532424137
0.2,0.7,0.8,0.2,0.24577293,49925,0.05921316122931869
0.7,0.3,0.9,0.2,0.24577464,49925,0.06018147098147621
0.4,0.6,0.9,0.3,0.24577603,49925,0.059271385285187494
0.1,0.4,0.7,0.3,0.24577741,49925,0.05834558386958686
0.6,0.1,0.8,0.4,0.24577928,49925,0.05929150333613586
0.1,0.7,0.8,0.3,0.24578246,49925,0.058687441573954016
0.2,0.7,0.9,0.3,0.24578673,49925,0.05906911091686427
0.2,0.3,0.5,0.2,0.24578889,49925,0.05910538169014739
0.5,0.1,0.8,0.4,0.24579497,49925,0.059076274036157825
0.6,0.4,0.9,0.3,0.24579598,49925,0.0596036302909236
0.2,0.5,0.6,0.1,0.24579929,49925,0.05955623499461213
0.2,0.4,0.8,0.4,0.24580117,49925,0.05830073442399275
0.1,0.2,0.4,0.2,0.24580117,49925,0.05830073442399275
0.6,0.2,0.8,0.4,0.24581732,49925,0.0592048953818103
0.3,0.1,0.4,0.2,0.24581732,49925,0.0592048953818103
0.1,0.8,0.9,0.3,0.24581891,49925,0.058838923109065605
0.4,0.5,0.9,0.4,0.24583298,49925,0.058979120178595086
0.3,0.4,0.7,0.3,0.24583709,49925,0.05902633659472927
0.6,0.4,0.9,0.2,0.24583906,49925,0.06003793817294806
0.9,0.2,0.9,0.1,0.24584489,49925,0.06036326359157109
0.4,0.3,0.6,0.1,0.24585353,49925,0.06004729732900013
0.2,0.9,0.9,0.1,0.24585743,49925,0.0593309117112638
0.1,0.5,0.7,0.3,0.24586016,49925,0.058532330272056426
0.3,0.5,0.8,0.3,0.24586208,49925,0.05916902950466667
0.3,0.5,0.7,0.2,0.24586219,49925,0.059364243771163505
0.2,0.8,0.9,0.2,0.24586332,49925,0.05929563634279562
0.1,0.2,0.8,0.3,0.24587207,49925,0.056615280698309206
0.1,0.5,0.6,0.2,0.24587749,49925,0.05895067005964684
0.3,0.3,0.8,0.4,0.24588168,49925,0.05859538735218155
0.5,0.6,0.9,0.1,0.24588406,49925,0.05982771559577003
0.4,0.5,0.8,0.3,0.2458986,49925,0.05917574192356874
0.2,0.3,0.9,0.4,0.24589929,49925,0.05793186671175621
0.3,0.4,0.6,0.1,0.24590096,49925,0.05982117072923948
0.4,0.4,0.9,0.4,0.24590132,49925,0.059067950608207805
0.5,0.3,0.8,0.4,0.24591385,49925,0.05902616249582034
0.2,0.4,0.7,0.3,0.24591887,49925,0.05883364857899828
0.6,0.2,0.7,0.1,0.24592614,49925,0.06047535124479473
0.3,0.7,0.9,0.2,0.24592723,49925,0.05950559668812344
0.3,0.2,0.6,0.3,0.245928,49925,0.058911179927012475
0.6,0.3,0.8,0.2,0.24592924,49925,0.060000947853322106
0.1,0.6,0.9,0.4,0.24593207,49925,0.05829068241200301
0.1,0.7,0.7,0.1,0.2459511,49925,0.05934120867583422
0.8,0.1,0.8,0.1,0.2459532,49925,0.06071739510934346
0.3,0.6,0.8,0.2,0.24595825,49925,0.05944633498580229
0.5,0.4,0.8,0.2,0.24595883,49925,0.05982105706976374
0.8,0.1,0.9,0.4,0.24596289,49925,0.059639691117779774
0.2,0.1,0.4,0.2,0.24596646,49925,0.05885259645417837
0.4,0.2,0.8,0.4,0.24596646,49925,0.05885259645417837
0.4,0.7,0.9,0.1,0.24597469,49925,0.05967641364516894
0.6,0.2,0.9,0.5,0.24597508,49925,0.05889173335319918
0.4,0.1,0.6,0.3,0.24598143,49925,0.059182103149615826
0.5,0.5,0.9,0.3,0.24598569,49925,0.05945741328058544
0.7,0.4,0.9,0.1,0.24598673,49925,0.06013653430421249
0.1,0.1,0.5,0.2,0.24598965,49925,0.05703591107282426
0.4,0.6,0.9,0.2,0.24599917,49925,0.05969766331820833
0.4,0.4,0.7,0.1,0.2459997,49925,0.06007085128439494
0.2,0.6,0.7,0.1,0.24601068,49925,0.059625902647067325
0.4,0.1,0.5,0.2,0.24601345,49925,0.0597399016711798
0.7,0.2,0.9,0.4,0.24602802,49925,0.059486581363907276
0.7,0.1,0.9,0.4,0.2460334,49925,0.05960868991188579
0.7,0.1,0.8,0.3,0.24603505,49925,0.05994206938829805
0.5,0.3,0.7,0.1,0.24603872,49925,0.06027351760505164
0.6,0.3,0.9,0.4,0.24603884,49925,0.05934917184445866
0.5,0.3,0.9,0.4,0.24604183,49925,0.05925036781851075
0.3,0.5,0.9,0.4,0.24604759,49925,0.05885296487950476
0.4,0.1,0.9,0.4,0.24605308,49925,0.05850440589376211
0.6,0.1,0.7,0.3,0.24605747,49925,0.059672248154917
0.2,0.5,0.9,0.4,0.24607392,49925,0.05856322664600454
0.2,0.4,0.6,0.2,0.24608134,49925,0.05927132161879298
0.1,0.2,0.3,0.1,0.24608134,49925,0.05927132161879298
0.3,0.6,0.9,0.3,0.24608134,49925,0.05927132161879298
0.6,0.5,0.9,0.1,0.24608283,49925,0.0600014305673896
0.2,0.4,0.9,0.4,0.24609497,49925,0.05837647813990426
0.5,0.4,0.9,0.4,0.24610457,49925,0.059151897783496034
0.8,0.3,0.9,0.1,0.24611156,49925,0.06025422895118022
0.6,0.2,0.8,0.3,0.2461147,49925,0.05977808313846108
0.4,0.5,0.8,0.2,0.24611935,49925,0.059622744352476185
0.1,0.6,0.7,0.2,0.2461241,49925,0.059091510070869824
0.4,0.4,0.7,0.2,0.24612708,49925,0.05956886973955285
0.1,0.3,0.7,0.3,0.24613401,49925,0.05784900254060871
0.3,0.3,0.7,0.3,0.2461381,49925,0.05912665345267546
0.4,0.3,0.7,0.3,0.24614461,49925,0.05925787465722708
0.3,0.8,0.9,0.1,0.24615337,49925,0.059482532050960005
0.3,0.1,0.7,0.3,0.24616101,49925,0.05864937725441548
0.4,0.5,0.8,0.1,0.24616587,49925,0.060072235402649735
0.8,0.1,0.9,0.3,0.24616861,49925,0.06014970666703862
0.5,0.5,0.9,0.2,0.24617302,49925,0.05987153888158306
0.6,0.3,0.9,0.3,0.24617846,49925,0.059863383359569484
0.2,0.1,0.3,0.1,0.24617846,49925,0.05986338335956947
0.4,0.2,0.6,0.2,0.24617846,49925,0.05986338335956947
0.5,0.1,0.7,0.3,0.24618018,49925,0.05961476427789433
0.5,0.2,0.8,0.4,0.24618283,49925,0.05909116906281262
0.3,0.2,0.5,0.2,0.24618529,49925,0.059428555567983044
0.5,0.1,0.6,0.2,0.2461923,49925,0.06007553372447489
0.1,0.3,0.5,0.2,0.24619329,49925,0.058758792147577024
0.5,0.3,0.8,0.3,0.24619463,49925,0.05960043905964206
0.1,0.8,0.8,0.1,0.24619776,49925,0.05939117045054252
0.5,0.2,0.7,0.3,0.24620238,49925,0.05947855735401981
0.1,0.6,0.8,0.3,0.24620639,49925,0.05874467242480867
0.5,0.4,0.8,0.1,0.24620806,49925,0.06025531552068301
0.6,0.1,0.7,0.2,0.24621364,49925,0.060316857352557145
0.3,0.4,0.9,0.4,0.24621521,49925,0.05882417970375994
0.5,0.1,0.9,0.4,0.24622853,49925,0.059125704638018216
0.4,0.4,0.8,0.3,0.2462373,49925,0.059373024908709326
0.6,0.2,0.9,0.4,0.24623781,49925,0.059441183876659476
0.7,0.2,0.9,0.3,0.24625024,49925,0.06000671651535334
0.3,0.5,0.7,0.1,0.24625255,49925,0.059848336868851715
0.7,0.1,0.8,0.2,0.24625316,49925,0.0604946051985461
0.3,0.2,0.9,0.4,0.24629188,49925,0.05822225728859824
0.1,0.2,0.9,0.3,0.24629804,49925,0.0562848501463427
0.6,0.1,0.9,0.4,0.24630263,49925,0.05947284783083984
0.4,0.2,0.9,0.4,0.24630766,49925,0.05890316974294487
0.9,0.1,0.9,0.1,0.24632229,49925,0.06080113718352038
0.3,0.4,0.8,0.3,0.24632494,49925,0.05929114428613504
0.6,0.1,0.8,0.3,0.2463252,49925,0.05994989923544091
0.8,0.1,0.9,0.2,0.24633756,49925,0.060626217723215865
0.2,0.7,0.8,0.1,0.24635309,49925,0.05966258995446978
0.2,0.5,0.8,0.3,0.24635842,49925,0.05903372747668565
0.6,0.3,0.8,0.1,0.24638511,49925,0.06044938201752047
0.1,0.5,0.8,0.3,0.24639459,49925,0.05863740370185735
0.1,0.2,0.5,0.2,0.24639584,49925,0.05834524408388549
0.4,0.5,0.9,0.3,0.24640939,49925,0.05947044194379544
0.4,0.3,0.8,0.3,0.24641193,49925,0.0595089158695484
0.2,0.5,0.7,0.2,0.24641286,49925,0.05938383449067735
0.3,0.3,0.9,0.4,0.24641599,49925,0.05865279648131015
0.3,0.6,0.8,0.1,0.2464167,49925,0.059874057678228565
0.2,0.2,0.7,0.3,0.24642,49925,0.05829086421150786
0.7,0.2,0.8,0.1,0.24643666,49925,0.06060081621769589
0.7,0.1,0.9,0.3,0.24644946,49925,0.06016768469551107
0.5,0.4,0.9,0.3,0.24645874,49925,0.05967023164977854
0.2,0.3,0.7,0.3,0.24646375,49925,0.05873090980583723
0.4,0.2,0.7,0.3,0.24646553,49925,0.059395061884364865
0.2,0.1,0.5,0.2,0.24646707,49925,0.0588819194082908
0.1,0.3,0.4,0.1,0.24647257,49925,0.05947205290957345
0.2,0.6,0.8,0.2,0.24647257,49925,0.05947205290957345
0.2,0.1,0.8,0.3,0.24647729,49925,0.05713417246913875
0.4,0.1,0.5,0.1,0.24647981,49925,0.06063626516944588
0.4,0.3,0.9,0.4,0.24648213,49925,0.05908420147478863
0.1,0.7,0.8,0.2,0.24650304,49925,0.059199294665777384
0.2,0.2,0.8,0.3,0.24652301,49925,0.05817329069784389
0.5,0.2,0.7,0.2,0.24652731,49925,0.060148839459820025
0.5,0.2,0.9,0.4,0.24652852,49925,0.05929660752496534
0.6,0.2,0.9,0.3,0.24653573,49925,0.05999912854143232
0.5,0.3,0.9,0.3,0.24654227,49925,0.05980336135205647
0.1,0.9,0.9,0.1,0.24654567,49925,0.05942700907073441
0.1,0.8,0.9,0.2,0.24655306,49925,0.05928964429698409
0.3,0.2,0.7,0.3,0.2465627,49925,0.05905605816686997
0.3,0.3,0.6,0.2,0.2465657,49925,0.05957415759220389
0.4,0.1,0.7,0.3,0.24656713,49925,0.05934769841043406
0.7,0.2,0.9,0.2,0.24657188,49925,0.06050969691255753
0.2,0.2,0.5,0.2,0.24657474,49925,0.05924380316182981
0.5,0.1,0.6,0.1,0.24657641,49925,0.060810185415436445
0.3,0.1,0.4,0.1,0.2465815,49925,0.060344542814873274
0.6,0.2,0.8,0.2,0.2465815,49925,0.060344542814873274
0.1,0.7,0.9,0.3,0.2465827,49925,0.05891585651906195
0.5,0.2,0.8,0.3,0.24658328,49925,0.059734374881453674
0.5,0.5,0.9,0.1,0.24658838,49925,0.06024818116532605
0.2,0.8,0.9,0.1,0.24659267,49925,0.05967147876736502
0.4,0.4,0.9,0.3,0.246594,49925,0.059601902054284686
0.2,0.6,0.9,0.3,0.24660057,49925,0.05917467610273729
0.2,0.4,0.8,0.3,0.24660508,49925,0.058994682105167624
0.3,0.7,0.9,0.1,0.24661082,49925,0.059883185755315545
0.3,0.4,0.7,0.2,0.24661246,49925,0.059656153230310385
0.3,0.5,0.9,0.3,0.24661449,49925,0.05940897024244041
0.1,0.4,0.8,0.3,0.24661523,49925,0.05835414535472644
0.8,0.2,0.9,0.1,0.2466162,49925,0.06069215984001536
0.4,0.6,0.9,0.1,0.24662134,49925,0.06008115015114085
0.6,0.4,0.9,0.1,0.24663982,49925,0.0603983411867378
0.4,0.3,0.7,0.2,0.24665473,49925,0.05992704830793965
0.1,0.3,0.8,0.3,0.24665602,49925,0.05775095164074343
0.1,0.1,0.6,0.2,0.24665777,49925,0.05654787792141438
0.6,0.3,0.9,0.2,0.24667639,49925,0.060352672811010505
0.1,0.4,0.5,0.1,0.24670608,49925,0.05957912514937139
0.7,0.3,0.9,0.1,0.24670625,49925,0.060577702946747886
0.3,0.6,0.9,0.2,0.24671796,49925,0.05974777085454189
0.2,0.7,0.9,0.2,0.24673632,49925,0.059536140159642495
0.1,0.5,0.9,0.3,0.24674599,49925,0.05866341842609394
0.4,0.2,0.6,0.1,0.24676056,49925,0.06060037207832137
0.5,0.1,0.8,0.3,0.24680322,49925,0.05979101816907991
0.2,0.3,0.6,0.2,0.24681768,49925,0.059432412824653384
0.6,0.1,0.7,0.1,0.24682125,49925,0.06094114113524523
0.5,0.2,0.7,0.1,0.24682201,49925,0.0607734948642911
0.1,0.4,0.6,0.2,0.24682486,49925,0.05906188437653818
0.3,0.5,0.8,0.2,0.24682967,49925,0.05970033049683619
0.1,0.5,0.6,0.1,0.24683607,49925,0.05966192644003138
0.3,0.1,0.5,0.2,0.24684078,49925,0.05961919777111909
0.3,0.1,0.8,0.3,0.24684925,49925,0.05852267239336044
0.4,0.4,0.8,0.2,0.24685265,49925,0.05995302941907692
0.2,0.2,0.4,0.1,0.24685265,49925,0.05995302941907692
0.4,0.1,0.8,0.3,0.24686442,49925,0.059346582527804975
0.5,0.3,0.8,0.2,0.24687041,49925,0.060167184696705435
0.3,0.3,0.8,0.3,0.24687982,49925,0.05927634148239896
0.3,0.2,0.5,0.1,0.24688269,49925,0.06034697254856771
0.6,0.1,0.9,0.3,0.24691227,49925,0.06009042277058333
0.5,0.4,0.9,0.2,0.24691409,49925,0.06017922970315424
0.3,0.2,0.8,0.3,0.24692777,49925,0.05905714935454073
0.1,0.6,0.7,0.1,0.24693958,49925,0.05969219082157921
0.7,0.1,0.8,0.1,0.24694158,49925,0.061023768740921344
0.5,0.1,0.7,0.2,0.2469507,49925,0.06037486375379221
0.4,0.1,0.6,0.2,0.24695255,49925,0.060090276384865686
0.2,0.5,0.7,0.1,0.24696203,49925,0.05999558683214333
0.1,0.6,0.9,0.3,0.24697997,49925,0.05888669060897612
0.6,0.2,0.8,0.1,0.2469824,49925,0.0608954734543521
0.2,0.5,0.9,0.3,0.24699286,49925,0.059184558697724036
0.4,0.5,0.9,0.2,0.24699663,49925,0.05997771110216158
0.2,0.4,0.6,0.1,0.24700336,49925,0.0600076803142104
0.1,0.3,0.6,0.2,0.24702562,49925,0.05885424821902208
0.1,0.3,0.9,0.3,0.24702904,49925,0.05757600553994473
0.1,0.5,0.7,0.2,0.24703117,49925,0.05924465062773746
0.2,0.3,0.5,0.1,0.24704635,49925,0.05998911092892115
0.4,0.3,0.7,0.1,0.24705188,49925,0.06054175991621806
0.2,0.3,0.8,0.3,0.24705224,49925,0.05873309902535785
0.2,0.2,0.9,0.3,0.24707031,49925,0.05800714442751581
0.7,0.1,0.9,0.2,0.24707037,49925,0.06075454131781852
0.6,0.1,0.8,0.2,0.24707067,49925,0.060587418041725453
0.3,0.3,0.6,0.1,0.24707876,49925,0.06031424438810661
0.3,0.2,0.6,0.2,0.24708557,49925,0.05975673373822276
0.2,0.6,0.8,0.1,0.24709503,49925,0.05998404415772474
0.2,0.1,0.9,0.3,0.24711478,49925,0.056790644000666635
0.4,0.2,0.7,0.2,0.24712762,49925,0.060128582700683705
0.5,0.2,0.8,0.2,0.24714266,49925,0.06039087705615731
0.1,0.7,0.8,0.1,0.24715565,49925,0.059714942415188994
0.8,0.1,0.9,0.1,0.24716407,49925,0.06108323433334543
0.3,0.4,0.9,0.3,0.24716829,49925,0.05942924675826317
0.5,0.3,0.8,0.1,0.24718988,49925,0.06070822515363593
0.1,0.2,0.6,0.2,0.2471902,49925,0.0582047373436278
0.1,0.4,0.9,0.3,0.24719217,49925,0.05831014790056255
0.7,0.2,0.9,0.1,0.24719311,49925,0.06097385167485847
0.4,0.3,0.8,0.2,0.24719796,49925,0.06013922863610151
0.3,0.1,0.9,0.3,0.24720213,49925,0.05834725998353287
0.6,0.2,0.9,0.2,0.24720712,49925,0.0605995334049352
0.1,0.1,0.7,0.2,0.24721481,49925,0.05603942815392127
0.2,0.4,0.7,0.2,0.24722227,49925,0.05957128313397094
0.5,0.3,0.9,0.2,0.2472634,49925,0.06039346955345297
0.4,0.4,0.8,0.1,0.24727938,49925,0.060480107776738554
0.5,0.2,0.9,0.3,0.24728829,49925,0.05990726088899324
0.3,0.4,0.7,0.1,0.24728964,49925,0.06028804171262996
0.3,0.3,0.7,0.2,0.24730554,49925,0.05984107362206221
0.6,0.3,0.9,0.1,0.24731092,49925,0.06080111589666593
0.2,0.1,0.6,0.2,0.24732186,49925,0.05870289105266858
0.2,0.3,0.9,0.3,0.24736919,49925,0.058673146991387454
0.4,0.2,0.8,0.3,0.24736997,49925,0.059542991207080516
0.3,0.1,0.6,0.2,0.24739435,49925,0.05970335772214263
0.2,0.5,0.8,0.2,0.24740195,49925,0.05967515316214484
0.2,0.4,0.9,0.3,0.24741457,49925,0.059014229139563425
0.5,0.1,0.9,0.3,0.24741991,49925,0.05981679471828052
0.5,0.4,0.9,0.1,0.24742162,49925,0.060620961315781305
0.1,0.6,0.8,0.2,0.24742226,49925,0.05937632748593498
0.3,0.4,0.8,0.2,0.24742413,49925,0.05989576710235112
0.1,0.7,0.9,0.2,0.24743286,49925,0.05945321157290214
0.3,0.5,0.8,0.1,0.24744762,49925,0.06025307338985351
0.4,0.2,0.9,0.3,0.24745822,49925,0.059572207981272544
0.3,0.6,0.9,0.1,0.2474627,49925,0.060217911099724346
0.1,0.1,0.8,0.2,0.24747652,49925,0.05550394826696088
0.4,0.3,0.9,0.3,0.24749586,49925,0.059698823978235845
0.2,0.7,0.9,0.1,0.24750614,49925,0.05996230063133052
0.1,0.8,0.9,0.1,0.24750772,49925,0.059733258890783694
0.3,0.5,0.9,0.2,0.24752466,49925,0.05994618273137649
0.4,0.4,0.9,0.2,0.24754876,49925,0.060157043375507466
0.1,0.4,0.7,0.2,0.2475697,49925,0.05914843022135184
0.2,0.6,0.9,0.2,0.2476,49925,0.05971418618426337
0.4,0.1,0.9,0.3,0.24761465,49925,0.059267917019307614
0.3,0.2,0.9,0.3,0.24761567,49925,0.05899717891495598
0.4,0.5,0.9,0.1,0.24768274,49925,0.060431530569869746
0.3,0.3,0.9,0.3,0.24768741,49925,0.05930517872923453
0.1,0.1,0.3,0.1,0.24768741,49925,0.05930517872923453
0.2,0.2,0.6,0.2,0.24768741,49925,0.05930517872923453
0.4,0.1,0.7,0.2,0.24771725,49925,0.06021277940497749
0.5,0.1,0.8,0.2,0.24774523,49925,0.060535913525165304
0.3,0.1,0.5,0.1,0.24775653,49925,0.0607052367833487
0.6,0.1,0.9,0.2,0.24783708,49925,0.060748308977239984
0.1,0.5,0.8,0.2,0.24784967,49925,0.05934921518087675
0.5,0.2,0.9,0.2,0.24785475,49925,0.060552900410424
0.6,0.1,0.8,0.1,0.24790849,49925,0.06122158362579982
0.4,0.1,0.6,0.1,0.24791127,49925,0.06098256076500477
0.3,0.2,0.6,0.1,0.24794519,49925,0.06066784029481293
0.5,0.1,0.7,0.1,0.24796596,49925,0.061147525571912185
0.7,0.1,0.9,0.1,0.24796832,49925,0.061287545742423684
0.3,0.4,0.8,0.1,0.24797626,49925,0.06054180770545941
0.2,0.5,0.9,0.2,0.24798498,49925,0.05979297325253659
0.2,0.3,0.7,0.2,0.24802524,49925,0.05954261496776704
0.2,0.5,0.8,0.1,0.2480338,49925,0.06029813924882573
0.3,0.4,0.9,0.2,0.24803998,49925,0.06006571536389387
0.1,0.2,0.7,0.2,0.24804196,49925,0.05793046852590787
0.1,0.7,0.9,0.1,0.24804695,49925,0.05997210229214037
0.1,0.6,0.8,0.1,0.24805291,49925,0.05997561766151073
0.3,0.3,0.7,0.1,0.24805729,49925,0.06061893327975379
0.1,0.4,0.8,0.2,0.24806078,49925,0.059153002378193494
0.1,0.2,0.4,0.1,0.24807563,49925,0.05969653600841431
0.2,0.4,0.8,0.2,0.24807563,49925,0.05969653600841431
0.1,0.3,0.5,0.1,0.24808064,49925,0.059863536285683555
0.2,0.2,0.5,0.1,0.24809945,49925,0.060336445384187594
0.1,0.1,0.9,0.2,0.2480998,49925,0.054903592985496595
0.1,0.5,0.9,0.2,0.248109,49925,0.05938397585403535
0.2,0.6,0.9,0.1,0.24811187,49925,0.060254976928144445
0.2,0.2,0.7,0.2,0.24811606,49925,0.059254532217260625
0.1,0.6,0.9,0.2,0.24811761,49925,0.05950524704150068
0.2,0.1,0.7,0.2,0.2481346,49925,0.05842239171498511
0.1,0.3,0.7,0.2,0.24813844,49925,0.05879753372877841
0.4,0.2,0.7,0.1,0.24815385,49925,0.06089088968574802
0.3,0.5,0.9,0.1,0.24816681,49925,0.060481479439993845
0.2,0.3,0.6,0.1,0.24817745,49925,0.0603210825068073
0.5,0.2,0.8,0.1,0.2481871,49925,0.06105620708898775
0.2,0.4,0.7,0.1,0.24819851,49925,0.06031480071443808
0.4,0.3,0.8,0.1,0.24819885,49925,0.06080211406507442
0.1,0.4,0.6,0.1,0.2482155,49925,0.05995447459231137
0.4,0.3,0.9,0.2,0.2482363,49925,0.06031494799147014
0.4,0.2,0.8,0.2,0.24823757,49925,0.06028654156366407
0.2,0.1,0.4,0.1,0.24823757,49925,0.06028654156366407
0.3,0.2,0.7,0.2,0.24823786,49925,0.05991701181766046
0.1,0.5,0.7,0.1,0.24824268,49925,0.059984219745969396
0.3,0.3,0.8,0.2,0.24826536,49925,0.06001363013557996
0.5,0.3,0.9,0.1,0.24828863,49925,0.060939589671471055
0.6,0.2,0.9,0.1,0.24830382,49925,0.06114762428741914
0.4,0.1,0.8,0.2,0.2483045,49925,0.0601794402207324
0.3,0.1,0.7,0.2,0.24831414,49925,0.059635482729197
0.4,0.4,0.9,0.1,0.24833983,49925,0.06070493901230301
0.5,0.1,0.9,0.2,0.2483858,49925,0.06053752579193833
0.1,0.2,0.8,0.2,0.24839573,49925,0.05753329520267667
0.4,0.2,0.9,0.2,0.24856478,49925,0.06030566810169475
0.3,0.2,0.8,0.2,0.24860013,49925,0.05989798892173644
0.5,0.1,0.8,0.1,0.248633,49925,0.06126822620549111
0.2,0.4,0.9,0.2,0.24863556,49925,0.05971821694900166
0.3,0.3,0.9,0.2,0.24866611,49925,0.060037166057125745
0.2,0.3,0.8,0.2,0.24868247,49925,0.05955298541175693
0.1,0.1,0.4,0.1,0.24872406,49925,0.05906450053618007
0.2,0.2,0.8,0.2,0.24872406,49925,0.05906450053618007
0.6,0.1,0.9,0.1,0.24876311,49925,0.06137109825043772
0.4,0.1,0.7,0.1,0.24888311,49925,0.06108810106976165
0.1,0.3,0.8,0.2,0.24891768,49925,0.05863741597210505
0.1,0.2,0.9,0.2,0.2489459,49925,0.0571493738516856
0.1,0.3,0.6,0.1,0.2489859,49925,0.0599219074718818
0.3,0.1,0.6,0.1,0.24902375,49925,0.06078806817714128
0.1,0.4,0.7,0.1,0.24906082,49925,0.06002324039249039
0.2,0.4,0.8,0.1,0.24906473,49925,0.06042465298646358
0.2,0.3,0.7,0.1,0.24906892,49925,0.06043498262293418
0.5,0.2,0.9,0.1,0.2490802,49925,0.06114873343366409
0.3,0.1,0.8,0.2,0.24908844,49925,0.059438086843962276
0.4,0.1,0.9,0.2,0.24910101,49925,0.06009562345720523
0.4,0.3,0.9,0.1,0.24911115,49925,0.06093253126213395
0.4,0.2,0.8,0.1,0.2491141,49925,0.06102021326544701
0.1,0.4,0.9,0.2,0.249119,49925,0.05908242218704565
0.2,0.1,0.8,0.2,0.24913062,49925,0.05806476931218253
0.2,0.2,0.6,0.1,0.24914652,49925,0.060407450902105676
0.1,0.5,0.8,0.1,0.24914883,49925,0.06009866690662525
0.2,0.5,0.9,0.1,0.24917884,49925,0.06042831269478988
0.3,0.3,0.8,0.1,0.24918325,49925,0.060745187146982065
0.3,0.2,0.7,0.1,0.2491952,49925,0.06080960927198029
0.3,0.2,0.9,0.2,0.24919896,49925,0.05980165229161372
0.3,0.4,0.9,0.1,0.24922158,49925,0.06071129961003793
0.2,0.3,0.9,0.2,0.24925107,49925,0.05944394319444861
0.2,0.1,0.5,0.1,0.2492608,49925,0.06026065604338503
0.1,0.3,0.9,0.2,0.2493119,49925,0.05842174166547054
0.1,0.2,0.5,0.1,0.24933188,49925,0.0596856526412025
0.1,0.6,0.9,0.1,0.24933311,49925,0.06010880509202991
0.2,0.2,0.9,0.2,0.24934694,49925,0.05884164724543765
0.3,0.1,0.9,0.2,0.24944519,49925,0.05919617157490701
0.2,0.1,0.9,0.2,0.24948949,49925,0.05766995657987769
0.1,0.4,0.8,0.1,0.24956635,49925,0.06003727817217149
0.1,0.5,0.9,0.1,0.2496355,49925,0.0601078324684562
0.2,0.4,0.9,0.1,0.24966738,49925,0.06045215650108621
0.3,0.3,0.9,0.1,0.2496948,49925,0.06078225191934582
0.2,0.3,0.8,0.1,0.24970831,49925,0.06042896247675503
0.5,0.1,0.9,0.1,0.24977753,49925,0.06129153825925879
0.3,0.2,0.8,0.1,0.24978329,49925,0.06077725932988136
0.4,0.1,0.8,0.1,0.24986525,49925,0.06107277933984511
0.4,0.2,0.9,0.1,0.24991207,49925,0.0610367707774398
0.1,0.3,0.7,0.1,0.24992037,49925,0.05983661654916475
0.1,0.1,0.5,0.1,0.24993609,49925,0.058523756926699075
0.2,0.2,0.7,0.1,0.2501278,49925,0.060311806130936105
0.3,0.1,0.7,0.1,0.25015736,49925,0.06070009275730951
0.1,0.2,0.6,0.1,0.25032192,49925,0.059454431072499744
0.2,0.1,0.6,0.1,0.2503275,49925,0.05998399181899062
0.1,0.4,0.9,0.1,0.25052935,49925,0.05992791023821599
0.1,0.1,0.6,0.1,0.2506873,49925,0.057884211626630315
0.3,0.2,0.9,0.1,0.25072166,49925,0.06064611111246512
0.2,0.3,0.9,0.1,0.25074208,49925,0.06030101193876637
0.1,0.3,0.8,0.1,0.25076473,49925,0.05960413644180716
0.1,0.2,0.7,0.1,0.2507747,49925,0.05905015699376275
0.4,0.1,0.9,0.1,0.2508075,49925,0.060935934818812744
0.3,0.1,0.8,0.1,0.2508399,49925,0.06046471632817513
0.2,0.2,0.8,0.1,0.25099665,49925,0.06005213902435508
0.2,0.1,0.7,0.1,0.25102434,49925,0.059563850897418016
0.1,0.1,0.7,0.1,0.2511003,49925,0.057206019053630285
0.2,0.2,0.9,0.1,0.25126585,49925,0.059724655545477894
0.3,0.1,0.9,0.1,0.25138623,49925,0.06009214947585594
0.1,0.2,0.8,0.1,0.25148654,49925,0.05856107658066683
0.1,0.3,0.9,0.1,0.25149962,49925,0.05930339003767598
0.1,0.1,0.8,0.1,0.25169075,49925,0.05650437479237651
0.1,0.2,0.9,0.1,0.25181982,49925,0.05805585656648211
0.2,0.1,0.8,0.1,0.2519114,49925,0.05909383853868535
0.1,0.1,0.9,0.1,0.2519717,49925,0.055832819357420016
0.2,0.1,0.9,0.1,0.252222,49925,0.05861476729297831
