w1,w2,w3,w4,score,n_selected,threshold
0.9,0.1,0.9,0.9,0.56182146,49925,0.03851495728153628
0.9,0.1,0.8,0.9,0.5621405,49925,0.03852419713985458
0.9,0.1,0.8,0.8,0.5626186,49925,0.038887071550749115
0.9,0.1,0.9,0.8,0.56265086,49925,0.03884258827271169
0.8,0.1,0.9,0.9,0.562841,49925,0.03833384885468082
0.9,0.1,0.8,0.7,0.56308895,49925,0.03924641376377702
0.9,0.1,0.7,0.9,0.5632118,49925,0.03847864904802194
0.9,0.1,0.9,0.7,0.5632605,49925,0.03918563072881667
0.8,0.1,0.9,0.8,0.5635132,49925,0.03868581050991574
0.9,0.1,0.7,0.8,0.563603,49925,0.038855699816460504
0.8,0.1,0.8,0.9,0.563609,49925,0.03835906618057766
0.8,0.1,0.8,0.8,0.56369203,49925,0.03875297788558382
0.9,0.1,0.9,0.6,0.5637145,49925,0.039534612980789204
0.8,0.1,0.7,0.9,0.56372535,49925,0.03837898729089354
0.9,0.1,0.6,0.9,0.5640394,49925,0.03839534967947798
0.8,0.1,0.9,0.7,0.56421584,49925,0.03904120806164889
0.9,0.1,0.5,0.9,0.56438565,49925,0.038230609198628154
0.9,0.1,0.6,0.8,0.5644618,49925,0.038775419714731287
0.9,0.1,0.8,0.6,0.56449354,49925,0.03961857182659552
0.8,0.1,0.8,0.7,0.56455606,49925,0.03914456496854391
0.8,0.1,0.9,0.6,0.5646427,49925,0.039432220151686216
0.9,0.1,0.7,0.7,0.56468576,49925,0.03924004137439654
0.9,0.1,0.9,0.5,0.56480426,49925,0.03990236747360854
0.8,0.1,0.7,0.8,0.5648184,49925,0.0387677759389296
0.8,0.1,0.6,0.9,0.56490076,49925,0.03829838807707575
0.8,0.1,0.7,0.7,0.5649906,49925,0.03917051186447222
0.8,0.1,0.5,0.9,0.56503177,49925,0.03816105067244869
0.8,0.1,0.8,0.6,0.5650382,49925,0.03953523440677413
0.9,0.1,0.6,0.7,0.56507206,49925,0.039187867928367585
0.7,0.1,0.9,0.8,0.5651157,49925,0.038455769527781875
0.9,0.1,0.5,0.8,0.5651283,49925,0.038612228835418254
0.7,0.1,0.8,0.9,0.5651474,49925,0.03815842584343852
0.7,0.1,0.9,0.7,0.56517226,49925,0.03884856198686972
0.8,0.1,0.9,0.5,0.56520754,49925,0.039808757222731354
0.9,0.1,0.7,0.6,0.56528926,49925,0.03962612126251389
0.7,0.1,0.9,0.9,0.5653136,49925,0.03807680660702532
0.7,0.1,0.8,0.8,0.56540877,49925,0.038549792665337895
0.8,0.1,0.6,0.8,0.5654234,49925,0.038712467361651806
0.7,0.1,0.7,0.9,0.56554925,49925,0.03818183687294503
0.7,0.1,0.8,0.7,0.56559485,49925,0.038967431046276056
0.9,0.1,0.8,0.5,0.5656182,49925,0.03999506434260769
0.9,0.1,0.7,0.5,0.56581557,49925,0.040030267100340224
0.8,0.1,0.5,0.8,0.56594545,49925,0.03858731633493421
0.7,0.1,0.6,0.9,0.5659698,49925,0.03816215141496254
0.8,0.1,0.6,0.7,0.56597227,49925,0.03913427891452393
0.8,0.1,0.7,0.6,0.565974,49925,0.03958949269073153
0.7,0.1,0.9,0.6,0.5659978,49925,0.039236046448515034
0.9,0.1,0.9,0.4,0.5661181,49925,0.0402650239333625
0.9,0.1,0.5,0.7,0.5661395,49925,0.03902161512592697
0.7,0.1,0.7,0.8,0.56616944,49925,0.03860437407367819
0.9,0.1,0.4,0.9,0.5664012,49925,0.03792260211261448
0.9,0.1,0.3,0.9,0.5664429,49925,0.03746636989958508
0.7,0.1,0.8,0.6,0.5664461,49925,0.03937206262520787
0.8,0.1,0.9,0.4,0.5665317,49925,0.0401902029541228
0.9,0.1,0.6,0.6,0.5665743,49925,0.039592524646465094
0.7,0.1,0.6,0.8,0.5665823,49925,0.038598615918076805
0.7,0.1,0.7,0.7,0.56659365,49925,0.039050245921279356
0.8,0.1,0.8,0.5,0.56672263,49925,0.03993520311722749
0.8,0.1,0.4,0.9,0.5667828,49925,0.03791058901015949
0.8,0.1,0.6,0.6,0.56689537,49925,0.03959107791835007
0.9,0.1,0.4,0.8,0.56698984,49925,0.0383199501589489
0.7,0.1,0.9,0.4,0.5670223,49925,0.04005045353602424
0.7,0.1,0.9,0.5,0.5670286,49925,0.03964443405988006
0.8,0.1,0.5,0.7,0.56707287,49925,0.03905035324487783
0.9,0.1,0.8,0.4,0.5670909,49925,0.040379529278811783
0.8,0.1,0.4,0.8,0.56723356,49925,0.03834886154718158
0.8,0.1,0.8,0.4,0.5672737,49925,0.04033992427496031
0.6,0.1,0.8,0.9,0.56735855,49925,0.03784306393679593
0.7,0.1,0.6,0.7,0.5673671,49925,0.03905949536681376
0.7,0.1,0.7,0.6,0.5673774,49925,0.03950768396974751
0.9,0.1,0.5,0.6,0.5673981,49925,0.039448648711315135
0.7,0.1,0.5,0.9,0.56742287,49925,0.03805169879425168
0.9,0.1,0.9,0.3,0.5675456,49925,0.04063372817457023
0.9,0.1,0.4,0.7,0.5675568,49925,0.03873546541533298
0.9,0.1,0.6,0.5,0.5675838,49925,0.040001353791307565
0.8,0.1,0.7,0.5,0.567611,49925,0.040023532458775136
0.7,0.1,0.8,0.5,0.56765556,49925,0.039804594676901416
0.6,0.1,0.8,0.8,0.56766295,49925,0.03825373172495548
0.7,0.1,0.4,0.8,0.5676699,49925,0.038297670705484434
0.9,0.1,0.3,0.8,0.56773335,49925,0.03789895199950207
0.8,0.1,0.5,0.6,0.5677473,49925,0.039518119872278046
0.7,0.1,0.5,0.7,0.5677846,49925,0.03900759335341632
0.6,0.1,0.7,0.9,0.5678017,49925,0.03791138057850425
0.8,0.1,0.6,0.5,0.5678604,49925,0.0400427264161991
0.7,0.1,0.5,0.8,0.5678762,49925,0.03852348092117509
0.6,0.1,0.9,0.6,0.5678906,49925,0.038955985789701185
0.8,0.1,0.3,0.9,0.56790864,49925,0.03749130017946008
0.6,0.1,0.8,0.7,0.56805897,49925,0.038680066648755444
0.7,0.1,0.4,0.9,0.56806386,49925,0.037816145332135946
0.6,0.1,0.9,0.9,0.56808645,49925,0.037738517709929295
0.6,0.1,0.7,0.8,0.56821066,49925,0.038353017995607516
0.9,0.1,0.7,0.4,0.5682381,49925,0.04044940844705922
0.7,0.1,0.6,0.6,0.56824356,49925,0.039536982124144436
0.7,0.1,0.8,0.4,0.5682556,49925,0.04026312518052328
0.6,0.1,0.9,0.8,0.56826663,49925,0.03813653914976534
0.6,0.1,0.7,0.7,0.56836545,49925,0.03880708920634343
0.8,0.1,0.4,0.7,0.5684115,49925,0.03880468900208186
0.6,0.1,0.9,0.7,0.5685019,49925,0.03852648297234278
0.7,0.1,0.9,0.3,0.56853336,49925,0.04047008792573976
0.7,0.1,0.7,0.5,0.5685346,49925,0.03996753076139234
0.6,0.1,0.6,0.9,0.5686062,49925,0.03792974321784279
0.6,0.1,0.8,0.6,0.5686356,49925,0.03913733575532988
0.8,0.1,0.9,0.3,0.5686388,49925,0.04058808682320663
0.7,0.1,0.4,0.7,0.56865984,49925,0.03881768288821892
0.8,0.1,0.3,0.8,0.5687103,49925,0.03794499681839089
0.6,0.1,0.6,0.8,0.5687308,49925,0.03838613890381264
0.8,0.1,0.7,0.4,0.56879085,49925,0.04044689374789452
0.6,0.1,0.5,0.8,0.56879133,49925,0.03836615247990089
0.9,0.1,0.8,0.3,0.56879604,49925,0.040773142729070594
0.6,0.1,0.9,0.5,0.56881076,49925,0.03936834116258681
0.9,0.1,0.5,0.5,0.56885815,49925,0.03986197607031657
0.9,0.1,0.2,0.9,0.5689063,49925,0.036726253686703694
0.6,0.1,0.9,0.4,0.5689382,49925,0.03979932502456877
0.9,0.1,0.6,0.4,0.56895006,49925,0.040412148816381166
0.7,0.1,0.5,0.6,0.56897026,49925,0.03950957758516198
0.6,0.1,0.7,0.6,0.56901973,49925,0.03929559650883204
0.9,0.1,0.4,0.6,0.56903046,49925,0.03918408105754297
0.6,0.1,0.5,0.9,0.5690576,49925,0.037864722107025184
0.8,0.1,0.8,0.3,0.5690668,49925,0.04075401367709417
0.6,0.1,0.8,0.5,0.56913286,49925,0.03960003287656043
0.7,0.1,0.7,0.4,0.56915957,49925,0.04042667311979269
0.6,0.1,0.6,0.7,0.5692074,49925,0.03889321832714707
0.8,0.1,0.4,0.6,0.56922096,49925,0.039286510809814365
0.6,0.1,0.6,0.6,0.569321,49925,0.03941413070620278
0.7,0.1,0.6,0.5,0.56942064,49925,0.0400319199911158
0.7,0.1,0.4,0.6,0.56945145,49925,0.039361130005745815
0.6,0.1,0.9,0.3,0.5695097,49925,0.04025928323693714
0.6,0.1,0.7,0.5,0.56951517,49925,0.03979067362521984
0.8,0.1,0.3,0.7,0.5695295,49925,0.038428535113334716
0.8,0.1,0.6,0.4,0.5695678,49925,0.0405111479204292
0.9,0.1,0.7,0.3,0.56961954,49925,0.04084988854600596
0.8,0.1,0.5,0.5,0.5696301,49925,0.03999074032887634
0.6,0.1,0.4,0.9,0.56965697,49925,0.0376669337421223
0.9,0.1,0.2,0.8,0.5696725,49925,0.03715940477455675
0.7,0.1,0.3,0.9,0.56967837,49925,0.03743659026785108
0.7,0.1,0.8,0.3,0.56971824,49925,0.04071039061565656
0.9,0.1,0.3,0.7,0.5697315,49925,0.03834100243171894
0.9,0.1,0.9,0.2,0.56978184,49925,0.04102457273513914
0.9,0.1,0.6,0.3,0.5698186,49925,0.04086269075195484
0.6,0.1,0.5,0.7,0.56987876,49925,0.03888543247087351
0.8,0.1,0.7,0.3,0.5699147,49925,0.040916296253829434
0.7,0.1,0.3,0.8,0.5699267,49925,0.03797080789107258
0.6,0.1,0.8,0.4,0.5699398,49925,0.0400797236564186
0.8,0.1,0.2,0.9,0.5699546,49925,0.036763908707972415
0.7,0.1,0.9,0.2,0.5700443,49925,0.04089041969230031
0.7,0.1,0.3,0.7,0.5702619,49925,0.038482137118047925
0.8,0.1,0.9,0.2,0.57027906,49925,0.04101031686132899
0.7,0.1,0.5,0.5,0.57030314,49925,0.04003042951103856
0.6,0.1,0.4,0.8,0.5703992,49925,0.03821172609087114
0.9,0.1,0.5,0.4,0.57041925,49925,0.040319420220919645
0.7,0.1,0.2,0.9,0.570505,49925,0.03676841073388575
0.6,0.1,0.6,0.5,0.57062227,49925,0.039946956245888815
0.9,0.1,0.8,0.2,0.5706621,49925,0.041178457640283724
0.5,0.1,0.8,0.9,0.5707572,49925,0.037406970660910144
0.9,0.1,0.4,0.5,0.5707741,49925,0.03965835565076512
0.8,0.1,0.2,0.8,0.5708429,49925,0.03724028092276321
0.5,0.1,0.7,0.9,0.5708588,49925,0.03752343553979046
0.6,0.1,0.7,0.4,0.5708601,49925,0.04029941083029714
0.6,0.1,0.5,0.6,0.5708604,49925,0.039424312989438305
0.6,0.1,0.4,0.7,0.570869,49925,0.03875786512327828
0.5,0.1,0.9,0.8,0.5708937,49925,0.03768837916396358
0.5,0.1,0.9,0.9,0.5709044,49925,0.03728680713343266
0.8,0.1,0.4,0.5,0.57091457,49925,0.03979456219907013
0.8,0.1,0.8,0.2,0.570956,49925,0.041217054499288155
0.8,0.1,0.5,0.4,0.57097834,49925,0.04048219530656685
0.6,0.1,0.8,0.3,0.5709785,49925,0.040560226478804015
0.8,0.1,0.6,0.3,0.5710146,49925,0.0409815844859295
0.9,0.1,0.2,0.7,0.57109725,49925,0.03758907802895338
0.5,0.1,0.8,0.8,0.5711142,49925,0.03785063255125439
0.5,0.1,0.7,0.8,0.57116824,49925,0.03798038266232559
0.6,0.1,0.3,0.9,0.57117254,49925,0.03732065971832689
0.9,0.1,0.3,0.6,0.57125163,49925,0.038771685078109984
0.7,0.1,0.6,0.4,0.5712744,49925,0.04053668010999523
0.9,0.1,0.9,0.1,0.5713053,49925,0.04143337104231778
0.5,0.1,0.9,0.7,0.57131183,49925,0.0380986233783294
0.7,0.1,0.5,0.4,0.5713199,49925,0.04056696886770121
0.8,0.1,0.3,0.6,0.57134324,49925,0.03893070190927033
0.6,0.1,0.4,0.6,0.57134444,49925,0.0393462685864845
0.7,0.1,0.4,0.5,0.5713528,49925,0.03992100451349533
0.7,0.1,0.7,0.3,0.571417,49925,0.040904794593965246
0.9,0.1,0.7,0.2,0.57148695,49925,0.041282237004082616
0.8,0.1,0.7,0.2,0.5715203,49925,0.04137500707447487
0.5,0.1,0.8,0.7,0.57152516,49925,0.038302202949058416
0.5,0.1,0.7,0.6,0.57154113,49925,0.038956035264966875
0.5,0.1,0.6,0.9,0.5715598,49925,0.0375726085522948
0.7,0.1,0.2,0.8,0.57164115,49925,0.037305260868437044
0.5,0.1,0.7,0.7,0.5717045,49925,0.03845239084309196
0.7,0.1,0.8,0.2,0.5717276,49925,0.041175751664620786
0.9,0.1,0.4,0.4,0.5717316,49925,0.040132670625753764
0.6,0.1,0.9,0.2,0.57177943,49925,0.040719017312747484
0.5,0.1,0.6,0.7,0.571804,49925,0.03859152587071547
0.6,0.1,0.6,0.4,0.57181394,49925,0.04049630473892696
0.6,0.1,0.8,0.2,0.5718439,49925,0.04105692946532637
0.5,0.1,0.6,0.8,0.5718578,49925,0.03806577918786239
0.6,0.1,0.3,0.8,0.57187223,49925,0.037881695740386516
0.7,0.1,0.9,0.1,0.57192963,49925,0.041335560489766596
0.9,0.1,0.3,0.5,0.5719531,49925,0.03924902456618432
0.8,0.1,0.2,0.7,0.5719665,49925,0.037740671939109016
0.5,0.1,0.5,0.8,0.5719716,49925,0.03808050510206608
0.5,0.1,0.8,0.5,0.5719762,49925,0.03923669678701085
0.5,0.1,0.9,0.6,0.57199323,49925,0.03853296652006191
0.8,0.1,0.9,0.1,0.57200646,49925,0.04142120300964258
0.5,0.1,0.5,0.9,0.57204396,49925,0.0375455143591221
0.9,0.1,0.5,0.3,0.5720583,49925,0.0408068734116573
0.6,0.1,0.5,0.5,0.57210624,49925,0.03999743811782594
0.6,0.1,0.7,0.3,0.57224184,49925,0.04083059038202781
0.7,0.1,0.6,0.3,0.5722713,49925,0.04105788373906185
0.6,0.1,0.3,0.7,0.572435,49925,0.0384664201598473
0.7,0.1,0.3,0.6,0.57245564,49925,0.03903911754667705
0.5,0.1,0.8,0.4,0.5724646,49925,0.03973134063130993
0.5,0.1,0.9,0.5,0.57252157,49925,0.03894920217475813
0.8,0.1,0.4,0.4,0.5725533,49925,0.04032264755530144
0.9,0.1,0.8,0.1,0.57255495,49925,0.041591959349063824
0.5,0.1,0.9,0.4,0.57255656,49925,0.03940085762920335
0.5,0.1,0.6,0.6,0.572584,49925,0.03913188567044485
0.5,0.1,0.7,0.5,0.57260644,49925,0.03949027420605135
0.6,0.1,0.4,0.5,0.5726604,49925,0.03995372152419727
0.5,0.1,0.8,0.3,0.5726983,49925,0.04024662191914222
0.5,0.1,0.8,0.6,0.57275254,49925,0.038758685608955526
0.5,0.1,0.5,0.7,0.5727717,49925,0.03863982539005217
0.5,0.1,0.9,0.3,0.5728195,49925,0.03987861921449726
0.7,0.1,0.2,0.7,0.5728704,49925,0.03784957491551533
0.9,0.1,0.6,0.2,0.5728751,49925,0.04133114877998546
0.8,0.1,0.5,0.3,0.5728923,49925,0.04098436744066799
0.5,0.1,0.6,0.5,0.57293856,49925,0.03971094192516942
0.9,0.1,0.7,0.1,0.5729538,49925,0.04171931407208659
0.7,0.1,0.7,0.2,0.57302713,49925,0.04140289514283011
0.7,0.1,0.4,0.4,0.57305837,49925,0.040495824346955665
0.6,0.1,0.2,0.9,0.5730605,49925,0.0366998878922761
0.8,0.1,0.8,0.1,0.57309085,49925,0.04166214010973733
0.5,0.1,0.5,0.6,0.5731937,49925,0.03925771561890641
0.5,0.1,0.9,0.2,0.5732483,49925,0.04039266588792633
0.5,0.1,0.7,0.4,0.57327336,49925,0.040040117701094724
0.5,0.1,0.4,0.8,0.57327586,49925,0.03798241364756629
0.6,0.1,0.3,0.6,0.5732873,49925,0.03907467187643699
0.9,0.1,0.2,0.6,0.5733468,49925,0.0380199689328581
0.6,0.1,0.5,0.4,0.57338077,49925,0.04060225704130792
0.8,0.1,0.2,0.6,0.57340455,49925,0.03824150899910984
0.5,0.1,0.4,0.9,0.5734156,49925,0.03739973385764424
0.6,0.1,0.6,0.3,0.57344854,49925,0.04106609271368984
0.8,0.1,0.3,0.5,0.5734664,49925,0.039451552645989874
0.6,0.1,0.2,0.8,0.5734835,49925,0.03728541764739609
0.8,0.1,0.6,0.2,0.5734893,49925,0.04148230863747384
0.5,0.1,0.8,0.2,0.573507,49925,0.040786764757152316
0.5,0.1,0.4,0.7,0.5735216,49925,0.038612392195906245
0.6,0.1,0.9,0.1,0.5736728,49925,0.04117720579743188
0.7,0.1,0.5,0.3,0.5736852,49925,0.041149793893926055
0.6,0.1,0.7,0.2,0.5737376,49925,0.04136182023005789
0.5,0.1,0.6,0.4,0.5737441,49925,0.04030807119382034
0.5,0.1,0.4,0.6,0.5738246,49925,0.03923529130032808
0.5,0.1,0.5,0.5,0.5738804,49925,0.039885726998790234
0.7,0.1,0.2,0.6,0.57400334,49925,0.038437399614282414
0.9,0.1,0.3,0.4,0.574018,49925,0.03972810135034915
0.7,0.1,0.3,0.5,0.5740741,49925,0.039612874938913724
0.7,0.1,0.6,0.2,0.57414806,49925,0.04161063114075585
0.9,0.1,0.4,0.3,0.57417065,49925,0.040590760191637945
0.5,0.1,0.7,0.3,0.57424605,49925,0.04060080035791221
0.7,0.1,0.8,0.1,0.5742578,49925,0.041643581214914814
0.9,0.1,0.1,0.9,0.57429445,49925,0.03554416404231839
0.6,0.1,0.8,0.1,0.57434285,49925,0.04155566366632786
0.5,0.1,0.9,0.1,0.57446617,49925,0.04088596427464192
0.5,0.1,0.3,0.9,0.57448584,49925,0.03710545809825521
0.8,0.1,0.7,0.1,0.5745677,49925,0.041858586672609055
0.8,0.1,0.3,0.4,0.5746293,49925,0.039984002796244936
0.9,0.1,0.5,0.2,0.5747263,49925,0.041278336737179525
0.6,0.1,0.5,0.3,0.5747325,49925,0.041229814802465535
0.8,0.1,0.4,0.3,0.57479733,49925,0.040873541684082096
0.4,0.1,0.9,0.5,0.57481706,49925,0.03839175512598623
0.6,0.1,0.2,0.7,0.574846,49925,0.0379013218347913
0.4,0.1,0.9,0.7,0.5748828,49925,0.03749969637018374
0.8,0.1,0.1,0.9,0.57488286,49925,0.03561681559931498
0.4,0.1,0.7,0.9,0.57491434,49925,0.036960585116160426
0.6,0.1,0.4,0.4,0.5749539,49925,0.04059721864875278
0.6,0.1,0.6,0.2,0.5749568,49925,0.04164358155738215
0.4,0.1,0.9,0.9,0.57495934,49925,0.03665345689539364
0.4,0.1,0.9,0.8,0.5750061,49925,0.037070829056308686
0.4,0.1,0.9,0.6,0.5750255,49925,0.037927578227161196
0.4,0.1,0.8,0.8,0.5750631,49925,0.03726840215400674
0.5,0.1,0.6,0.3,0.5750635,49925,0.0409404179095845
0.9,0.1,0.6,0.1,0.5750805,49925,0.041809857364719094
0.4,0.1,0.9,0.4,0.57509166,49925,0.03887376711744814
0.5,0.1,0.3,0.7,0.5751792,49925,0.03835102943882901
0.4,0.1,0.6,0.9,0.5751973,49925,0.037050527895846
0.4,0.1,0.5,0.9,0.57520443,49925,0.03707591843012394
0.5,0.1,0.3,0.8,0.5752102,49925,0.037697730681634616
0.7,0.1,0.1,0.9,0.5752409,49925,0.035608998433124435
0.5,0.1,0.7,0.2,0.5752432,49925,0.0412049198101407
0.9,0.1,0.1,0.8,0.5752744,49925,0.03594522308155421
0.5,0.1,0.4,0.5,0.57529026,49925,0.03992457340478089
0.7,0.1,0.5,0.2,0.5753882,49925,0.04171819422854815
0.4,0.1,0.7,0.8,0.57540953,49925,0.03743177851630879
0.7,0.1,0.7,0.1,0.5754215,49925,0.041939917366711134
0.6,0.1,0.3,0.5,0.575425,49925,0.03975331719413468
0.4,0.1,0.6,0.7,0.5754631,49925,0.03812104458592443
0.8,0.1,0.5,0.2,0.57546526,49925,0.04152076289428586
0.4,0.1,0.8,0.6,0.5754973,49925,0.038200466878078015
0.4,0.1,0.7,0.7,0.57554036,49925,0.03793177719335247
0.8,0.1,0.6,0.1,0.5755501,49925,0.04199342331909166
0.4,0.1,0.8,0.9,0.5755954,49925,0.036816393580774646
0.4,0.1,0.5,0.8,0.5755977,49925,0.03765165798196072
0.5,0.1,0.2,0.9,0.57561064,49925,0.03654133606838087
0.4,0.1,0.8,0.7,0.5756204,49925,0.03771204208923593
0.8,0.1,0.2,0.5,0.57562155,49925,0.038745174509047436
0.9,0.1,0.4,0.2,0.5756924,49925,0.04105496168997372
0.5,0.1,0.5,0.4,0.5757259,49925,0.04054570339497768
0.4,0.1,0.6,0.8,0.5757288,49925,0.037580314704299386
0.7,0.1,0.4,0.3,0.57579195,49925,0.0411045171508671
0.8,0.1,0.1,0.8,0.5758006,49925,0.03606116789607625
0.5,0.1,0.8,0.1,0.575903,49925,0.04132679127432184
0.4,0.1,0.8,0.4,0.5759063,49925,0.039213520046757135
0.6,0.1,0.2,0.6,0.5759257,49925,0.038559671444096284
0.4,0.1,0.5,0.7,0.5759764,49925,0.03824943029821061
0.4,0.1,0.7,0.6,0.57605356,49925,0.038463421287504344
0.5,0.1,0.3,0.6,0.57607913,49925,0.03906042006118303
0.9,0.1,0.2,0.5,0.5760895,49925,0.038463676437526136
0.4,0.1,0.9,0.3,0.5761541,49925,0.039322331432327995
0.4,0.1,0.8,0.5,0.57617754,49925,0.03870225279706526
0.4,0.1,0.7,0.5,0.5761907,49925,0.039002600106804716
0.4,0.1,0.4,0.9,0.5762037,49925,0.03698382558907348
0.7,0.1,0.6,0.1,0.5763421,49925,0.04216621196432995
0.7,0.1,0.2,0.5,0.57639456,49925,0.03901322143290931
0.6,0.1,0.5,0.2,0.57639974,49925,0.04187555995445162
0.7,0.1,0.3,0.4,0.5764303,49925,0.04022254841187127
0.5,0.1,0.2,0.8,0.5764509,49925,0.03717085244568336
0.7,0.1,0.1,0.8,0.57646626,49925,0.0361329490098011
0.4,0.1,0.6,0.6,0.57647836,49925,0.03870217207867072
0.9,0.1,0.3,0.3,0.57650006,49925,0.04020452977987308
0.5,0.1,0.6,0.2,0.5765013,49925,0.0415795263502548
0.4,0.1,0.5,0.6,0.5765642,49925,0.03888825530932575
0.6,0.1,0.7,0.1,0.57664245,49925,0.04191782824080282
0.9,0.2,0.9,0.9,0.57664573,49925,0.04016905803780822
0.4,0.1,0.4,0.8,0.57667786,49925,0.037589543424762215
0.6,0.1,0.1,0.9,0.5768094,49925,0.035581159038647434
0.6,0.1,0.4,0.3,0.57681525,49925,0.04127393134340953
0.5,0.1,0.3,0.5,0.57684386,49925,0.039785999859104734
0.5,0.1,0.7,0.1,0.57686263,49925,0.04178992173767576
0.8,0.1,0.4,0.2,0.57694,49925,0.041402810347710664
0.4,0.1,0.6,0.5,0.5769739,49925,0.03929917136078446
0.8,0.1,0.1,0.7,0.57698315,49925,0.036536619482396074
0.9,0.1,0.5,0.1,0.57716286,49925,0.041762269519385505
0.9,0.2,0.8,0.9,0.5771915,49925,0.04022910597370893
0.9,0.1,0.2,0.4,0.5772427,49925,0.03897771236743497
0.4,0.1,0.7,0.4,0.5772925,49925,0.039574053444992575
0.4,0.1,0.8,0.3,0.57737243,49925,0.039748293039997454
0.8,0.1,0.3,0.3,0.57738256,49925,0.04055567664114627
0.9,0.1,0.1,0.7,0.57738924,49925,0.03635261648407841
0.5,0.1,0.2,0.7,0.5774169,49925,0.03785492865052997
0.4,0.1,0.5,0.5,0.5774398,49925,0.03954733721316447
0.9,0.2,0.9,0.8,0.57747436,49925,0.04054079559277901
0.5,0.1,0.5,0.3,0.577489,49925,0.041222488477443364
0.4,0.1,0.9,0.2,0.57750154,49925,0.03983548767796101
0.5,0.1,0.4,0.4,0.5775289,49925,0.040640935222544215
0.4,0.1,0.8,0.2,0.5776162,49925,0.040324759363543176
0.4,0.1,0.4,0.7,0.5777227,49925,0.03823419139634186
0.4,0.1,0.7,0.3,0.57785606,49925,0.040171962219778555
0.4,0.1,0.4,0.5,0.5779367,49925,0.0396968698606987
0.4,0.1,0.7,0.2,0.5779456,49925,0.0408097436834102
0.6,0.1,0.2,0.5,0.5779552,49925,0.03923092312861469
0.8,0.1,0.5,0.1,0.57800096,49925,0.04207242499330299
0.6,0.1,0.6,0.1,0.5780843,49925,0.04226764155271754
0.4,0.1,0.6,0.4,0.5781326,49925,0.039948320690277754
0.7,0.1,0.1,0.7,0.5782062,49925,0.03668282277656549
0.4,0.1,0.4,0.6,0.57821,49925,0.038949898554191
0.5,0.1,0.2,0.6,0.57824004,49925,0.03859174898809529
0.6,0.1,0.3,0.4,0.57825863,49925,0.0404322471838567
0.6,0.1,0.1,0.8,0.57831043,49925,0.03616255532572795
0.7,0.1,0.4,0.2,0.5783227,49925,0.041708701973668535
0.4,0.1,0.5,0.4,0.5783236,49925,0.04025226957869206
0.7,0.1,0.5,0.1,0.57841104,49925,0.04231615135947846
0.9,0.2,0.9,0.7,0.5784604,49925,0.04091579834304992
0.8,0.1,0.2,0.4,0.5784911,49925,0.03931657838027123
0.5,0.1,0.5,0.2,0.57858217,49925,0.04195122329787872
0.4,0.1,0.3,0.7,0.5786119,49925,0.03809491572414897
0.9,0.2,0.8,0.8,0.5786152,49925,0.04059596646295998
0.4,0.1,0.3,0.8,0.5786521,49925,0.037368845964099
0.4,0.1,0.9,0.1,0.5786707,49925,0.04037034636747953
0.4,0.1,0.3,0.9,0.5787054,49925,0.036709406377114034
0.9,0.2,0.7,0.9,0.5787893,49925,0.04023872979097894
0.9,0.1,0.1,0.6,0.5788146,49925,0.0367669145066521
0.8,0.2,0.9,0.9,0.5788572,49925,0.04001118257697021
0.7,0.1,0.3,0.3,0.57898843,49925,0.04086631420515053
0.3,0.1,0.9,0.6,0.57902014,49925,0.03704907099972936
0.3,0.1,0.9,0.7,0.5790784,49925,0.036595704232714646
0.8,0.2,0.9,0.8,0.57910526,49925,0.04039676711264277
0.8,0.2,0.8,0.9,0.5791193,49925,0.04011370832510299
0.4,0.1,0.3,0.6,0.57913965,49925,0.03887104023451867
0.9,0.2,0.9,0.6,0.5791458,49925,0.041304197828775806
0.8,0.2,0.7,0.9,0.57921815,49925,0.04015915468957612
0.6,0.1,0.4,0.2,0.57924074,49925,0.04199154435192599
0.7,0.1,0.2,0.4,0.57931167,49925,0.03965085548338343
0.9,0.2,0.6,0.9,0.57937545,49925,0.040180623384114975
0.3,0.1,0.9,0.5,0.57940114,49925,0.037529286638316714
0.5,0.1,0.3,0.4,0.5794206,49925,0.04054851026492434
0.4,0.1,0.8,0.1,0.57942724,49925,0.04090714397772482
0.3,0.1,0.9,0.8,0.5794457,49925,0.03613922186504403
0.6,0.1,0.1,0.7,0.5795144,49925,0.03675711141629538
0.3,0.1,0.9,0.9,0.579515,49925,0.03571199500310417
0.5,0.1,0.1,0.9,0.5795332,49925,0.035441597723400345
0.5,0.1,0.6,0.1,0.5795521,49925,0.04227671663993886
0.9,0.1,0.3,0.2,0.5795881,49925,0.04066378537519898
0.4,0.1,0.6,0.3,0.57958984,49925,0.04060115005600104
0.5,0.1,0.4,0.3,0.57966876,49925,0.0413939179773627
0.4,0.1,0.3,0.5,0.5797492,49925,0.03969707342269352
0.3,0.1,0.8,0.7,0.57981074,49925,0.03687389188362547
0.9,0.1,0.4,0.1,0.5798201,49925,0.041560856927677726
0.5,0.1,0.2,0.5,0.5798752,49925,0.03937007026211295
0.3,0.1,0.8,0.8,0.57989794,49925,0.03638814217901918
0.8,0.1,0.1,0.6,0.57990444,49925,0.0370054283474234
0.8,0.2,0.9,0.7,0.5799559,49925,0.04080813381708973
0.4,0.1,0.5,0.3,0.5800016,49925,0.04102456412083101
0.9,0.2,0.8,0.7,0.580016,49925,0.040995332634143136
0.7,0.2,0.9,0.9,0.5800539,49925,0.03981081217293921
0.6,0.1,0.3,0.3,0.5801277,49925,0.04116223002015301
0.5,0.1,0.1,0.8,0.58025604,49925,0.03608127302168416
0.6,0.1,0.5,0.1,0.58026415,49925,0.042580006551436754
0.4,0.1,0.2,0.9,0.5802728,49925,0.03621940039231782
0.8,0.1,0.3,0.2,0.5802916,49925,0.04108152459847464
0.3,0.1,0.8,0.9,0.5803047,49925,0.035923698487171515
0.9,0.2,0.7,0.8,0.5803052,49925,0.04063350874213806
0.7,0.1,0.1,0.6,0.58030826,49925,0.037254629420892714
0.9,0.2,0.5,0.9,0.58036923,49925,0.040042046327021345
0.3,0.1,0.7,0.9,0.5804512,49925,0.03609783786852867
0.8,0.1,0.4,0.1,0.5804775,49925,0.04195865658775977
0.3,0.1,0.9,0.4,0.5805335,49925,0.03801452457149524
0.8,0.2,0.7,0.8,0.5806195,49925,0.04058232468554875
0.3,0.1,0.7,0.8,0.58062524,49925,0.03661236299377128
0.9,0.2,0.9,0.5,0.58064,49925,0.04169670877981828
0.3,0.1,0.6,0.9,0.5806713,49925,0.03623313827666268
0.4,0.1,0.4,0.4,0.58069474,49925,0.04051695244635666
0.8,0.2,0.8,0.8,0.58069474,49925,0.04051695244635666
0.8,0.2,0.6,0.9,0.5807396,49925,0.04013564000540929
0.3,0.1,0.8,0.4,0.58075976,49925,0.038444769081809056
0.3,0.1,0.8,0.6,0.58078206,49925,0.037385454453615026
0.9,0.1,0.2,0.3,0.58083564,49925,0.03943476659338687
0.9,0.2,0.6,0.8,0.58084804,49925,0.04060403427142202
0.3,0.1,0.9,0.3,0.5808502,49925,0.03849645170213876
0.8,0.2,0.9,0.6,0.5808636,49925,0.041226322401029976
0.4,0.1,0.7,0.1,0.580907,49925,0.04147591050122553
0.4,0.1,0.6,0.2,0.58091116,49925,0.04131113056111229
0.3,0.1,0.8,0.5,0.58093333,49925,0.037893076370257225
0.3,0.1,0.8,0.3,0.5809472,49925,0.03899930710088118
0.6,0.1,0.2,0.4,0.5809589,49925,0.039974788580585695
0.3,0.1,0.7,0.7,0.58098024,49925,0.037133010530288196
0.7,0.2,0.8,0.9,0.5811159,49925,0.039896811765254434
0.3,0.1,0.9,0.2,0.5811455,49925,0.03900173078933012
0.9,0.2,0.7,0.7,0.5811825,49925,0.041044730955548066
0.9,0.2,0.9,0.4,0.58124965,49925,0.04209838837880101
0.9,0.1,0.1,0.5,0.58125097,49925,0.03718663425354205
0.3,0.1,0.5,0.9,0.58125854,49925,0.036307722112293044
0.9,0.2,0.8,0.6,0.58127224,49925,0.041399091028801134
0.3,0.1,0.7,0.5,0.5813149,49925,0.038268728858181694
0.3,0.1,0.7,0.6,0.58132076,49925,0.03768567879961455
0.8,0.1,0.2,0.3,0.5814496,49925,0.03987955397729564
0.3,0.1,0.6,0.8,0.5814795,49925,0.03678515835070691
0.4,0.1,0.2,0.8,0.581503,49925,0.036922084205910415
0.5,0.1,0.4,0.2,0.58155066,49925,0.0421948098218362
0.7,0.2,0.9,0.8,0.58156484,49925,0.040203432435086735
0.7,0.1,0.3,0.2,0.58158606,49925,0.04151116992201286
0.3,0.1,0.4,0.9,0.5816111,49925,0.03628713964307786
0.3,0.1,0.5,0.8,0.5816868,49925,0.03691086339396312
0.6,0.1,0.1,0.6,0.58169067,49925,0.03741880274205866
0.3,0.1,0.5,0.7,0.58171344,49925,0.037546769838707195
0.9,0.2,0.7,0.6,0.58171856,49925,0.041479510273597586
0.8,0.2,0.8,0.7,0.58171964,49925,0.04093952844982274
0.5,0.1,0.3,0.3,0.5817243,49925,0.04138285444930117
0.4,0.1,0.3,0.4,0.5817346,49925,0.04058541057849113
0.8,0.2,0.6,0.8,0.5817346,49925,0.04058541057849113
0.5,0.1,0.5,0.1,0.58175427,49925,0.042704763444582836
0.3,0.1,0.9,0.1,0.5817695,49925,0.03951552136856009
0.4,0.1,0.2,0.7,0.5818146,49925,0.037671394530856425
0.3,0.1,0.5,0.6,0.58185506,49925,0.038245731017848436
0.3,0.1,0.6,0.6,0.58186066,49925,0.0379891990155644
0.4,0.1,0.5,0.2,0.5818625,49925,0.04181697226963444
0.7,0.1,0.4,0.1,0.5818863,49925,0.042364473362211184
0.3,0.1,0.7,0.3,0.5819583,49925,0.03950561202938647
0.3,0.1,0.7,0.4,0.58198655,49925,0.038876102313613735
0.5,0.1,0.1,0.7,0.5820277,49925,0.03676857938353801
0.3,0.1,0.4,0.8,0.58203536,49925,0.03694319499299218
0.9,0.2,0.5,0.8,0.5820638,49925,0.04047782763416596
0.7,0.2,0.7,0.9,0.58213055,49925,0.03999179121964114
0.9,0.2,0.8,0.5,0.5821626,49925,0.041822511524257144
0.3,0.1,0.6,0.7,0.5822256,49925,0.03737041091584285
0.4,0.1,0.6,0.1,0.582228,49925,0.04206109754235722
0.3,0.1,0.6,0.4,0.5822316,49925,0.039321770840646406
0.4,0.1,0.4,0.3,0.58223236,49925,0.041370864398172315
0.8,0.2,0.8,0.6,0.58223236,49925,0.041370864398172315
0.8,0.2,0.9,0.5,0.58225965,49925,0.0416205370958648
0.3,0.1,0.8,0.2,0.5822613,49925,0.03957719497772494
0.3,0.1,0.6,0.5,0.5822741,49925,0.03864828301884027
0.9,0.2,0.4,0.9,0.582313,49925,0.03983188426612009
0.5,0.1,0.2,0.4,0.5824634,49925,0.04021975975922546
0.9,0.2,0.9,0.3,0.58248043,49925,0.042515057945040256
0.7,0.2,0.8,0.8,0.58248794,49925,0.040333726121289465
0.7,0.2,0.9,0.7,0.58251,49925,0.04062441864304497
0.9,0.2,0.6,0.7,0.58251214,49925,0.04102547484669398
0.8,0.2,0.7,0.7,0.58253115,49925,0.04101754664004303
0.9,0.2,0.8,0.4,0.582577,49925,0.042267204930725936
0.3,0.1,0.4,0.7,0.58259326,49925,0.03763465654415149
0.8,0.1,0.1,0.5,0.58261687,49925,0.03751461635700127
0.7,0.1,0.1,0.5,0.5826181,49925,0.037814586184413954
0.6,0.1,0.4,0.1,0.58266354,49925,0.04273222383161627
0.3,0.1,0.8,0.1,0.58268744,49925,0.040168954143381355
0.7,0.2,0.6,0.9,0.5826921,49925,0.0400353936165191
0.6,0.1,0.3,0.2,0.5827382,49925,0.04192081973955913
0.7,0.2,0.7,0.8,0.5827774,49925,0.0404453920756945
0.7,0.1,0.2,0.3,0.58280045,49925,0.0403334945096902
0.3,0.1,0.4,0.6,0.58282804,49925,0.038394990444078174
0.8,0.2,0.5,0.9,0.5828546,49925,0.04003472565447002
0.3,0.1,0.5,0.5,0.58291334,49925,0.03898179330898762
0.8,0.2,0.9,0.4,0.5829893,49925,0.04204747917266466
0.7,0.2,0.8,0.7,0.58299965,49925,0.04078174579446605
0.9,0.2,0.4,0.8,0.583008,49925,0.04029534598455406
0.4,0.1,0.1,0.9,0.58313155,49925,0.0351646280007163
0.9,0.2,0.7,0.5,0.5831409,49925,0.041902369879126586
0.7,0.2,0.9,0.6,0.58315486,49925,0.041044609649684656
0.3,0.1,0.6,0.3,0.58317477,49925,0.04002778480924228
0.3,0.1,0.4,0.5,0.58317953,49925,0.03923145435975069
0.9,0.2,0.6,0.6,0.5832104,49925,0.04147320356886056
0.3,0.1,0.7,0.2,0.5832827,49925,0.04016203241756598
0.6,0.2,0.9,0.9,0.5833243,49925,0.03951328267386715
0.8,0.2,0.8,0.5,0.5833524,49925,0.04181277531290939
0.6,0.1,0.2,0.3,0.58342594,49925,0.040747157144102895
0.4,0.1,0.2,0.6,0.5834352,49925,0.03849224977169976
0.8,0.2,0.6,0.7,0.5834719,49925,0.04105211650246589
0.3,0.1,0.3,0.9,0.58349437,49925,0.03608397659034837
0.6,0.2,0.9,0.8,0.58349955,49925,0.03992749544314641
0.5,0.1,0.1,0.6,0.58354473,49925,0.03752201470716838
0.6,0.2,0.8,0.9,0.5835985,49925,0.03965477437346195
0.4,0.1,0.1,0.8,0.58364123,49925,0.03586415049185854
0.8,0.2,0.7,0.6,0.583721,49925,0.04146971970149753
0.8,0.2,0.5,0.8,0.58375525,49925,0.04050154737039231
0.9,0.1,0.1,0.4,0.58376384,49925,0.03760775976863431
0.7,0.2,0.8,0.6,0.5837739,49925,0.04125617723248102
0.3,0.1,0.5,0.4,0.58377737,49925,0.039733854348437465
0.9,0.2,0.5,0.7,0.5839224,49925,0.04092027451654556
0.3,0.1,0.3,0.8,0.58394027,49925,0.03679669290166577
0.9,0.2,0.7,0.4,0.5839495,49925,0.042365783163640716
0.8,0.2,0.8,0.4,0.5840194,49925,0.042271200822498904
0.4,0.1,0.4,0.2,0.5840194,49925,0.042271200822498904
0.9,0.2,0.6,0.5,0.58407253,49925,0.04194057622450584
0.3,0.1,0.7,0.1,0.58413094,49925,0.04085405402241906
0.3,0.1,0.6,0.2,0.58416545,49925,0.04076829201968551
0.3,0.1,0.4,0.4,0.5842045,49925,0.0401028571886622
0.6,0.2,0.8,0.8,0.5842045,49925,0.0401028571886622
0.3,0.1,0.3,0.7,0.5842086,49925,0.037568072573093386
0.9,0.2,0.8,0.3,0.58422,49925,0.042716799447878206
0.6,0.1,0.1,0.5,0.5842642,49925,0.03810278058345659
0.9,0.2,0.9,0.2,0.5842881,49925,0.04295845697514451
0.4,0.1,0.2,0.5,0.5842984,49925,0.03936584227159402
0.7,0.2,0.5,0.9,0.5843159,49925,0.03995515617360422
0.7,0.2,0.7,0.7,0.5843724,49925,0.0409237923117261
0.7,0.2,0.6,0.8,0.58437544,49925,0.04050045038962224
0.7,0.2,0.9,0.5,0.5843833,49925,0.04148436412866348
0.8,0.1,0.3,0.1,0.58438337,49925,0.04164767468352463
0.8,0.2,0.9,0.3,0.5844076,49925,0.042493572390091154
0.6,0.2,0.9,0.7,0.58445877,49925,0.04037121968362494
0.9,0.1,0.3,0.1,0.58449876,49925,0.04113974049598258
0.9,0.1,0.2,0.2,0.5845152,49925,0.039924020921571234
0.3,0.1,0.3,0.6,0.58456635,49925,0.038411632678660074
0.4,0.1,0.5,0.1,0.5845726,49925,0.042669470623982166
0.9,0.2,0.5,0.6,0.584593,49925,0.04139125278220445
0.8,0.2,0.7,0.5,0.5848033,49925,0.041944185663769465
0.3,0.1,0.5,0.3,0.5848214,49925,0.040536873261206696
0.8,0.2,0.4,0.9,0.5848507,49925,0.039843792741908204
0.9,0.2,0.3,0.9,0.5849267,49925,0.039475613633830266
0.5,0.1,0.4,0.1,0.5849585,49925,0.04304912838466309
0.2,0.1,0.9,0.8,0.5849599,49925,0.034782357341101286
0.4,0.1,0.1,0.7,0.5850576,49925,0.036646120812371875
0.3,0.1,0.3,0.5,0.5850622,49925,0.03933325130700459
0.8,0.2,0.4,0.8,0.5851015,49925,0.040342228222008426
0.4,0.1,0.2,0.4,0.5851015,49925,0.040342228222008426
0.5,0.1,0.3,0.2,0.5851446,49925,0.042284544333017544
0.6,0.2,0.7,0.9,0.58522767,49925,0.03976083613421278
0.8,0.2,0.8,0.3,0.58523,49925,0.04274837301876234
0.2,0.1,0.9,0.9,0.58524287,49925,0.03436113615100928
0.2,0.1,0.9,0.5,0.5852545,49925,0.036140558826841765
0.8,0.2,0.5,0.7,0.5852765,49925,0.04099416176827965
0.7,0.2,0.5,0.8,0.58528316,49925,0.04046915784998802
0.8,0.2,0.6,0.6,0.58530605,49925,0.04152312169418619
0.4,0.1,0.3,0.3,0.58530605,49925,0.04152312169418619
0.7,0.2,0.9,0.4,0.58533484,49925,0.0419300211445976
0.9,0.2,0.8,0.2,0.58539677,49925,0.04315913943850074
0.9,0.2,0.4,0.7,0.5854289,49925,0.040769577516263936
0.8,0.1,0.1,0.4,0.5855312,49925,0.038006297193905546
0.2,0.1,0.9,0.7,0.5855619,49925,0.03521502193400268
0.6,0.2,0.8,0.7,0.58557945,49925,0.04056735957830285
0.7,0.2,0.6,0.7,0.5855931,49925,0.0409879359380581
0.7,0.1,0.3,0.1,0.5856743,49925,0.042196659867903503
0.7,0.2,0.7,0.6,0.58568275,49925,0.04140313815662649
0.3,0.1,0.2,0.9,0.5856965,49925,0.03562225929526342
0.2,0.1,0.8,0.9,0.5857116,49925,0.034581282658204655
0.8,0.1,0.2,0.2,0.58571607,49925,0.0404493980098156
0.7,0.2,0.8,0.5,0.585757,49925,0.041717803525083294
0.7,0.1,0.2,0.2,0.58586985,49925,0.040992148192833984
0.2,0.1,0.8,0.7,0.58588123,49925,0.035542925863059724
0.6,0.2,0.9,0.6,0.58590865,49925,0.04078970358952885
0.7,0.2,0.9,0.3,0.5859935,49925,0.04240129076302089
0.9,0.2,0.9,0.1,0.5860322,49925,0.04339702476482837
0.2,0.1,0.8,0.8,0.58604914,49925,0.03505076110274084
0.2,0.1,0.9,0.4,0.5860894,49925,0.03663373538572445
0.5,0.1,0.2,0.3,0.5861077,49925,0.0410965220395071
0.8,0.2,0.9,0.2,0.5861142,49925,0.04296047322613086
0.9,0.2,0.5,0.5,0.58614355,49925,0.041896740748908944
0.7,0.2,0.8,0.4,0.5861462,49925,0.04221457385536845
0.9,0.2,0.6,0.4,0.58615094,49925,0.04241394990513394
0.2,0.1,0.9,0.6,0.5861777,49925,0.03566992350848977
0.6,0.2,0.6,0.9,0.58620465,49925,0.0398118563697046
0.5,0.1,0.1,0.5,0.58627963,49925,0.038316049603411395
0.2,0.1,0.8,0.6,0.58628875,49925,0.03603655779320188
0.8,0.2,0.7,0.4,0.5862958,49925,0.04242407126850239
0.9,0.2,0.7,0.3,0.5863151,49925,0.04283356531372587
0.3,0.1,0.2,0.8,0.58633465,49925,0.036377916590877656
0.6,0.2,0.7,0.8,0.5863941,49925,0.04024033623697114
0.2,0.1,0.7,0.9,0.58661216,49925,0.03480247424468877
0.9,0.2,0.3,0.8,0.5866814,49925,0.03994079429701359
0.8,0.2,0.6,0.5,0.5866843,49925,0.04200685372913094
0.3,0.1,0.6,0.1,0.58670616,49925,0.041576582730813993
0.7,0.1,0.1,0.4,0.58681184,49925,0.03842262683043787
0.8,0.2,0.3,0.9,0.5868195,49925,0.03951830544034947
0.2,0.1,0.9,0.3,0.5868257,49925,0.03714731123682704
0.3,0.1,0.5,0.2,0.5868592,49925,0.04141834200155991
0.2,0.1,0.7,0.8,0.5869091,49925,0.035293062591602524
0.8,0.2,0.8,0.2,0.5869691,49925,0.04323410196554038
0.4,0.1,0.4,0.1,0.5869691,49925,0.04323410196554038
0.8,0.2,0.5,0.6,0.58707327,49925,0.0415003985067338
0.3,0.1,0.2,0.7,0.5870841,49925,0.0371982760717896
0.8,0.2,0.4,0.7,0.58711654,49925,0.04084397833035491
0.2,0.1,0.9,0.2,0.58712685,49925,0.037591990774098236
0.7,0.2,0.7,0.5,0.5871279,49925,0.04192554455385424
0.2,0.1,0.7,0.7,0.5871328,49925,0.03584259173953749
0.5,0.2,0.9,0.8,0.5871457,49925,0.039539218236673494
0.6,0.1,0.2,0.2,0.5871566,49925,0.04155106173898626
0.5,0.2,0.9,0.9,0.58716226,49925,0.03909356881984215
0.6,0.2,0.7,0.7,0.5871911,49925,0.04072695039827254
0.6,0.2,0.9,0.5,0.58721143,49925,0.04125293806618395
0.6,0.2,0.8,0.6,0.58725715,49925,0.041044030130884
0.3,0.1,0.4,0.3,0.58725715,49925,0.041044030130884
0.6,0.1,0.3,0.1,0.5872581,49925,0.04272263285773261
0.2,0.1,0.8,0.5,0.58726656,49925,0.03656948341692663
0.7,0.2,0.5,0.7,0.58727545,49925,0.04099955414281316
0.7,0.2,0.6,0.6,0.58738345,49925,0.04150687190999051
0.2,0.1,0.7,0.6,0.58740675,49925,0.03640794680130026
0.2,0.1,0.9,0.1,0.5874137,49925,0.03807460188175533
0.4,0.1,0.1,0.6,0.5874803,49925,0.03748870429889184
0.6,0.2,0.6,0.8,0.58751345,49925,0.04031859538852801
0.3,0.1,0.3,0.4,0.58751345,49925,0.04031859538852801
0.2,0.1,0.7,0.5,0.58753735,49925,0.037001492927048345
0.7,0.2,0.8,0.3,0.5875445,49925,0.04271406999736966
0.7,0.2,0.9,0.2,0.58755267,49925,0.042888301400095495
0.5,0.2,0.8,0.9,0.58760315,49925,0.03926359265076675
0.2,0.1,0.8,0.3,0.58760834,49925,0.03771013789009279
0.2,0.1,0.6,0.9,0.5876229,49925,0.03498161041065848
0.2,0.1,0.8,0.4,0.5876244,49925,0.037131048408619347
0.5,0.2,0.9,0.7,0.5876248,49925,0.039973267609748724
0.9,0.1,0.1,0.3,0.5877383,49925,0.03799075859401153
0.9,0.2,0.4,0.6,0.58774775,49925,0.04128262445520024
0.5,0.2,0.8,0.8,0.5877619,49925,0.0397383953976911
0.6,0.1,0.1,0.4,0.5877741,49925,0.03882826308669062
0.6,0.2,0.9,0.4,0.58779734,49925,0.041733429496792374
0.7,0.2,0.4,0.9,0.58781385,49925,0.03979674557306949
0.8,0.2,0.7,0.3,0.5878255,49925,0.042949803537745496
0.9,0.2,0.8,0.1,0.58786637,49925,0.043646187019658056
0.6,0.2,0.5,0.9,0.5878736,49925,0.039780174543372224
0.2,0.1,0.7,0.4,0.5878997,49925,0.03763710491042539
0.9,0.2,0.7,0.2,0.58792144,49925,0.0433340573446947
0.4,0.1,0.3,0.2,0.5879485,49925,0.04254390733303901
0.8,0.2,0.6,0.4,0.5879485,49925,0.04254390733303901
0.9,0.2,0.6,0.3,0.5881467,49925,0.04293642357701
0.8,0.2,0.5,0.5,0.5881767,49925,0.04203443389274233
0.5,0.2,0.7,0.9,0.58823854,49925,0.03939776061854395
0.2,0.1,0.8,0.1,0.58830315,49925,0.038823111776929715
0.2,0.1,0.6,0.5,0.58833194,49925,0.03744031732845715
0.2,0.1,0.6,0.8,0.5883324,49925,0.03552294309267283
0.8,0.2,0.3,0.8,0.58833706,49925,0.04001921259483832
0.9,0.2,0.3,0.7,0.5883705,49925,0.04045639159118496
0.2,0.1,0.8,0.2,0.5884273,49925,0.03827387210275957
0.6,0.2,0.8,0.5,0.58844036,49925,0.0415386650976702
0.6,0.2,0.7,0.6,0.5885055,49925,0.04123903165892735
0.6,0.2,0.6,0.7,0.58851075,49925,0.04084979321893447
0.9,0.2,0.5,0.4,0.5885292,49925,0.04242545286350061
0.7,0.2,0.6,0.5,0.5886114,49925,0.04204732167589021
0.6,0.2,0.5,0.8,0.58867604,49925,0.04032445915507501
0.7,0.2,0.7,0.4,0.58867955,49925,0.04244200711941798
0.2,0.1,0.5,0.9,0.5887253,49925,0.03509178682098457
0.9,0.2,0.2,0.9,0.58877665,49925,0.038854100047563074
0.5,0.2,0.8,0.7,0.588787,49925,0.04022512583859936
0.2,0.1,0.6,0.6,0.5888007,49925,0.03677391956534719
0.8,0.1,0.1,0.3,0.58884144,49925,0.03849301545438948
0.7,0.2,0.8,0.2,0.5888542,49925,0.04323092708835594
0.8,0.2,0.9,0.1,0.58887595,49925,0.0434469497028964
0.3,0.1,0.2,0.6,0.5888825,49925,0.03809451522385289
0.2,0.1,0.6,0.4,0.5888826,49925,0.03816836657569313
0.2,0.1,0.6,0.7,0.58889353,49925,0.036128812816887845
0.7,0.2,0.4,0.8,0.5889056,49925,0.04031863429794415
0.5,0.2,0.9,0.6,0.5889215,49925,0.040440588329970155
0.2,0.1,0.5,0.8,0.58896095,49925,0.035719093445016205
0.2,0.1,0.7,0.3,0.5890078,49925,0.038294161964625074
0.3,0.1,0.1,0.9,0.5890293,49925,0.034639954220347095
0.5,0.1,0.3,0.1,0.5890448,49925,0.043233453627287956
0.5,0.2,0.7,0.8,0.58916897,49925,0.03989062778869017
0.7,0.2,0.5,0.6,0.58919823,49925,0.041551029711546304
0.7,0.2,0.7,0.3,0.58920765,49925,0.04297743073402364
0.6,0.2,0.7,0.5,0.5892804,49925,0.04176886372117185
0.8,0.2,0.8,0.1,0.58941317,49925,0.04373138357342395
0.2,0.1,0.5,0.5,0.5894235,49925,0.03786562818811482
0.2,0.1,0.5,0.7,0.58948773,49925,0.03639022702920642
0.3,0.1,0.5,0.1,0.5895125,49925,0.042336529582291255
0.8,0.2,0.4,0.6,0.58952594,49925,0.04137983989503895
0.4,0.1,0.2,0.3,0.58952594,49925,0.04137983989503895
0.8,0.2,0.6,0.3,0.58953184,49925,0.0430953724561954
0.8,0.2,0.7,0.2,0.58955073,49925,0.04346679022714763
0.3,0.1,0.4,0.2,0.58957905,49925,0.04205228713882254
0.6,0.2,0.8,0.4,0.58957905,49925,0.04205228713882254
0.4,0.1,0.1,0.5,0.5896006,49925,0.03842861578499437
0.5,0.1,0.1,0.4,0.589669,49925,0.03917376759843714
0.9,0.2,0.4,0.5,0.5896731,49925,0.04177016769404123
0.5,0.2,0.9,0.5,0.5897157,49925,0.04091560233479965
0.8,0.2,0.3,0.7,0.58975863,49925,0.040556795834384415
0.7,0.2,0.3,0.9,0.58978695,49925,0.03948599359034783
0.2,0.1,0.4,0.9,0.5898291,49925,0.03511811966879502
0.5,0.1,0.2,0.2,0.5898338,49925,0.04206796659904291
0.6,0.2,0.6,0.6,0.5898761,49925,0.0413974586510432
0.9,0.3,0.9,0.9,0.5898761,49925,0.04139745865104319
0.3,0.1,0.3,0.3,0.5898761,49925,0.0413974586510432
0.6,0.2,0.9,0.3,0.5898797,49925,0.04221845353263955
0.5,0.2,0.7,0.7,0.58992606,49925,0.040424784981860924
0.5,0.2,0.8,0.6,0.58995396,49925,0.040707744330144395
0.7,0.2,0.9,0.1,0.59002006,49925,0.04339695249758435
0.3,0.1,0.2,0.5,0.5900525,49925,0.039114661499015026
0.2,0.1,0.5,0.6,0.5901172,49925,0.03711509699958984
0.8,0.2,0.5,0.4,0.59013766,49925,0.0425825646304792
0.7,0.2,0.4,0.7,0.590142,49925,0.04087202488691679
0.2,0.1,0.6,0.3,0.590181,49925,0.03894118170405028
0.9,0.1,0.2,0.1,0.5902705,49925,0.04031645548794438
0.7,0.2,0.6,0.4,0.59032804,49925,0.04260112351597618
0.6,0.2,0.7,0.4,0.5903465,49925,0.0423322554580143
0.9,0.2,0.5,0.3,0.5903664,49925,0.04295759519629744
0.9,0.2,0.2,0.8,0.5903705,49925,0.03933256239160365
0.7,0.2,0.5,0.5,0.59038806,49925,0.042119676227574045
0.6,0.2,0.4,0.9,0.5904343,49925,0.039649412328391545
0.9,0.2,0.7,0.1,0.5904459,49925,0.04382938329696506
0.5,0.2,0.6,0.9,0.5904985,49925,0.03947704011973487
0.6,0.2,0.5,0.7,0.59053016,49925,0.0408891469702617
0.9,0.2,0.3,0.6,0.5905586,49925,0.040950471335505396
0.7,0.2,0.3,0.8,0.5905734,49925,0.04006352283747518
0.2,0.1,0.7,0.1,0.5906238,49925,0.03966986349144786
0.5,0.2,0.9,0.4,0.5906293,49925,0.04140976040440829
0.9,0.3,0.9,0.8,0.59068215,49925,0.04177652466808258
0.6,0.2,0.8,0.3,0.5907135,49925,0.04259468711204399
0.2,0.1,0.4,0.8,0.590722,49925,0.035809184633787065
0.9,0.2,0.6,0.2,0.59074366,49925,0.04347234081480461
0.2,0.1,0.7,0.2,0.59078205,49925,0.03898950205522451
0.3,0.1,0.1,0.8,0.5908006,49925,0.035424596812646474
0.8,0.2,0.4,0.5,0.59090906,49925,0.04192835165450998
0.8,0.2,0.2,0.9,0.5909691,49925,0.038941406387481475
0.5,0.2,0.8,0.5,0.59097314,49925,0.041220802652797706
0.7,0.1,0.1,0.3,0.59098697,49925,0.03902422191441651
0.2,0.1,0.5,0.4,0.59108555,49925,0.03868994724391316
0.5,0.2,0.6,0.8,0.5911284,49925,0.04001686448056814
0.2,0.1,0.3,0.9,0.59113044,49925,0.03497601805513334
0.3,0.1,0.2,0.4,0.59115404,49925,0.04022895418771323
0.6,0.2,0.4,0.8,0.59115404,49925,0.04022895418771323
0.5,0.2,0.7,0.6,0.59121907,49925,0.040973431073255524
0.7,0.2,0.7,0.2,0.5912833,49925,0.0435372210678728
0.2,0.1,0.4,0.7,0.59130013,49925,0.036554854154532336
0.8,0.1,0.2,0.1,0.5914307,49925,0.04095878399599424
0.9,0.3,0.8,0.9,0.59145856,49925,0.04146000977002499
0.6,0.2,0.6,0.5,0.5915114,49925,0.041977482089006625
0.8,0.2,0.7,0.1,0.5915335,49925,0.044011723111433254
0.6,0.2,0.9,0.2,0.59157515,49925,0.042734941903570835
0.5,0.2,0.9,0.3,0.59158915,49925,0.04192286556074645
0.5,0.2,0.5,0.9,0.591674,49925,0.039511247029556884
0.6,0.2,0.5,0.6,0.5917211,49925,0.041479124184113314
0.3,0.1,0.1,0.7,0.5917549,49925,0.03629869846599002
0.2,0.1,0.5,0.3,0.59175915,49925,0.03957692689321826
0.8,0.2,0.6,0.2,0.5917837,49925,0.04366345675111324
0.4,0.1,0.3,0.1,0.5917837,49925,0.04366345675111324
0.7,0.2,0.8,0.1,0.5918128,49925,0.04377075383214614
0.7,0.2,0.4,0.6,0.5918171,49925,0.041447209503611936
0.9,0.3,0.9,0.7,0.5918458,49925,0.04217710832707946
0.4,0.2,0.9,0.8,0.59188795,49925,0.038930822640355564
0.5,0.2,0.8,0.4,0.5918913,49925,0.04175298340105023
0.9,0.2,0.4,0.4,0.591913,49925,0.042308888499735124
0.7,0.1,0.2,0.1,0.5919701,49925,0.04162678624229248
0.4,0.2,0.9,0.9,0.59198254,49925,0.03849788111871453
0.2,0.1,0.4,0.6,0.59200585,49925,0.03736711313663006
0.2,0.1,0.3,0.8,0.59202564,49925,0.035738271826247024
0.8,0.2,0.3,0.6,0.5920314,49925,0.041118025534639745
0.2,0.1,0.4,0.5,0.5920398,49925,0.038221217883084274
0.8,0.2,0.5,0.3,0.5920559,49925,0.04314830324608604
0.5,0.2,0.6,0.7,0.5920577,49925,0.040578948515895476
0.4,0.2,0.8,0.9,0.5920787,49925,0.038680709635639035
0.7,0.2,0.6,0.3,0.59209394,49925,0.04319538688051456
0.4,0.2,0.9,0.7,0.59212023,49925,0.03941468450628603
0.6,0.1,0.1,0.3,0.5921765,49925,0.03957245188094531
0.9,0.3,0.8,0.8,0.59222656,49925,0.04186335237624087
0.4,0.2,0.8,0.8,0.5923055,49925,0.03917114029044611
0.2,0.1,0.4,0.4,0.5923055,49925,0.03917114029044611
0.4,0.2,0.9,0.6,0.59231764,49925,0.03990380446239803
0.2,0.1,0.6,0.1,0.59237593,49925,0.04055617179300087
0.6,0.2,0.7,0.3,0.592382,49925,0.04293059077417585
0.7,0.2,0.5,0.4,0.59238964,49925,0.04270224173641395
0.7,0.2,0.3,0.7,0.592475,49925,0.04063823047621446
0.9,0.2,0.3,0.5,0.5925262,49925,0.04147812509750875
0.2,0.1,0.3,0.7,0.59256893,49925,0.03655543700640953
0.6,0.2,0.4,0.7,0.5925897,49925,0.040839841845865525
0.2,0.1,0.6,0.2,0.5927164,49925,0.039715958790570695
0.3,0.1,0.4,0.1,0.5928303,49925,0.04315011267564065
0.6,0.2,0.8,0.2,0.5928303,49925,0.04315011267564065
0.5,0.2,0.5,0.8,0.59283155,49925,0.0400699514327543
0.7,0.2,0.2,0.9,0.5928319,49925,0.03894918697930951
0.6,0.2,0.9,0.1,0.5928976,49925,0.04325956306506092
0.4,0.1,0.1,0.4,0.59290564,49925,0.0394489315314792
0.8,0.2,0.2,0.8,0.59290564,49925,0.0394489315314792
0.8,0.2,0.4,0.4,0.59291774,49925,0.04250458373534845
0.4,0.1,0.2,0.2,0.59291774,49925,0.04250458373534845
0.5,0.2,0.7,0.5,0.59291804,49925,0.041522539552275375
0.6,0.2,0.3,0.9,0.5929231,49925,0.03941390673154379
0.9,0.2,0.6,0.1,0.59296983,49925,0.04400949790997153
0.4,0.2,0.7,0.9,0.5930462,49925,0.038874477154880925
0.9,0.2,0.5,0.2,0.5930682,49925,0.04351632406323921
0.4,0.2,0.8,0.7,0.59311765,49925,0.039674262664737246
0.3,0.1,0.3,0.2,0.59314317,49925,0.04256898811503325
0.6,0.2,0.6,0.4,0.59314317,49925,0.04256898811503325
0.9,0.3,0.9,0.6,0.59314317,49925,0.04256898811503324
0.9,0.3,0.7,0.9,0.59314686,49925,0.04150507643081314
0.5,0.2,0.9,0.2,0.5931498,49925,0.042455032662640085
0.8,0.3,0.9,0.9,0.593174,49925,0.041256739452537286
0.9,0.2,0.2,0.7,0.59323806,49925,0.03982490873829881
0.2,0.1,0.3,0.6,0.593264,49925,0.03745494398242471
0.4,0.2,0.9,0.5,0.5933267,49925,0.04039394930082672
0.7,0.2,0.4,0.5,0.59349626,49925,0.042070457627412954
0.5,0.1,0.1,0.3,0.59350586,49925,0.0401007407650926
0.2,0.1,0.5,0.2,0.5935587,49925,0.040510485785869584
0.6,0.2,0.7,0.2,0.59360605,49925,0.04352844326208257
0.7,0.2,0.7,0.1,0.59363276,49925,0.04414494864651683
0.1,0.1,0.9,0.9,0.5938286,49925,0.03222443913007915
0.9,0.3,0.7,0.8,0.59383094,49925,0.04191702212785072
0.4,0.2,0.7,0.8,0.59384567,49925,0.03939005136610286
0.6,0.1,0.2,0.1,0.5938568,49925,0.042344785602974444
0.3,0.1,0.1,0.6,0.5938703,49925,0.03726458622722399
0.5,0.2,0.6,0.6,0.5939205,49925,0.041174394580674116
0.1,0.1,0.8,0.9,0.59393597,49925,0.032452563568090266
0.9,0.2,0.4,0.3,0.59394884,49925,0.04286502368669009
0.4,0.2,0.9,0.4,0.59399927,49925,0.04090390169461554
0.8,0.3,0.9,0.8,0.5940373,49925,0.04165649896758693
0.6,0.2,0.5,0.5,0.59404314,49925,0.04211127708275398
0.9,0.3,0.8,0.7,0.5940871,49925,0.04229014161938597
0.5,0.2,0.7,0.4,0.5940904,49925,0.042123254393264004
0.2,0.1,0.4,0.3,0.59419644,49925,0.04020474676992996
0.4,0.2,0.8,0.6,0.59419644,49925,0.04020474676992996
0.8,0.3,0.8,0.9,0.5942307,49925,0.04136463807404431
0.4,0.2,0.7,0.7,0.5942676,49925,0.03992242279990206
0.5,0.2,0.8,0.3,0.59426796,49925,0.04233427631878703
0.7,0.3,0.9,0.9,0.5942835,49925,0.041060309984267476
0.5,0.2,0.5,0.7,0.5942958,49925,0.04067806291506673
0.4,0.2,0.6,0.9,0.5943009,49925,0.03899570443253321
0.9,0.1,0.1,0.2,0.5943141,49925,0.038394959300923376
0.7,0.2,0.6,0.2,0.5943534,49925,0.04379899829138933
0.2,0.1,0.2,0.9,0.5943755,49925,0.034570794980218825
0.9,0.3,0.9,0.5,0.5944003,49925,0.042995811486757816
0.7,0.2,0.3,0.6,0.59440064,49925,0.04124520634757093
0.6,0.2,0.3,0.8,0.594509,49925,0.04002223880817192
0.8,0.2,0.3,0.5,0.59452045,49925,0.04169976730168245
0.7,0.2,0.2,0.8,0.5945629,49925,0.03951221933013361
0.8,0.2,0.6,0.1,0.594579,49925,0.04424899518529926
0.9,0.3,0.6,0.9,0.5946175,49925,0.04147644470846125
0.3,0.1,0.2,0.3,0.5946175,49925,0.04147644470846124
0.6,0.2,0.4,0.6,0.5946175,49925,0.04147644470846124
0.5,0.2,0.4,0.9,0.5947161,49925,0.03942794096645995
0.9,0.3,0.7,0.7,0.5947379,49925,0.042362536534538135
0.2,0.1,0.3,0.5,0.5947547,49925,0.03846781579272494
0.2,0.1,0.2,0.8,0.5947587,49925,0.035382150042273915
0.1,0.1,0.9,0.8,0.5948571,49925,0.03261420881237912
0.8,0.1,0.1,0.2,0.59487987,49925,0.03899110063282172
0.8,0.3,0.9,0.7,0.5949482,49925,0.04207503686294787
0.8,0.3,0.8,0.8,0.59496367,49925,0.04177858167722306
0.5,0.2,0.4,0.8,0.5949797,49925,0.04003819052774339
0.2,0.1,0.3,0.4,0.59506476,49925,0.039548222632147315
0.4,0.2,0.6,0.8,0.59506476,49925,0.039548222632147315
0.6,0.2,0.8,0.1,0.5950664,49925,0.04372696214432498
0.4,0.2,0.8,0.5,0.59506977,49925,0.040748140019165956
0.8,0.2,0.2,0.7,0.59510815,49925,0.03999594808810249
0.6,0.2,0.6,0.3,0.59514654,49925,0.04321379132499966
0.1,0.1,0.9,0.5,0.59516686,49925,0.03386323626040959
0.1,0.1,0.9,0.3,0.595194,49925,0.03473276626472367
0.7,0.2,0.4,0.4,0.5952011,49925,0.042703717614208166
0.9,0.3,0.8,0.6,0.59523195,49925,0.042723625259847894
0.1,0.1,0.7,0.9,0.595254,49925,0.03267598835010296
0.7,0.2,0.5,0.3,0.59528136,49925,0.04333335692148415
0.9,0.2,0.3,0.4,0.5952849,49925,0.04202177538099123
0.8,0.3,0.7,0.9,0.59534675,49925,0.041406295893862785
0.5,0.1,0.2,0.1,0.5954017,49925,0.04305650977626717
0.2,0.1,0.5,0.1,0.5954132,49925,0.04147788375718051
0.9,0.2,0.2,0.6,0.5954416,49925,0.04034605287826077
0.5,0.2,0.6,0.5,0.59546906,49925,0.04178806599977437
0.4,0.2,0.9,0.3,0.5954835,49925,0.04144413914841031
0.3,0.1,0.1,0.5,0.59550947,49925,0.038329515858405355
0.5,0.2,0.9,0.1,0.5955502,49925,0.043027720303723045
0.1,0.1,0.9,0.4,0.5955554,49925,0.03429174646231776
0.1,0.1,0.9,0.1,0.5955613,49925,0.035382772492871285
0.8,0.2,0.5,0.2,0.5956128,49925,0.04376678174639048
0.8,0.2,0.4,0.3,0.5956336,49925,0.04311248009890386
0.3,0.2,0.9,0.9,0.5957236,49925,0.037626163235485385
0.1,0.1,0.9,0.7,0.59575516,49925,0.03301653489904494
0.9,0.3,0.9,0.4,0.59585917,49925,0.043428031472591715
0.1,0.1,0.8,0.8,0.5958681,49925,0.03289019148560392
0.7,0.3,0.9,0.8,0.59588516,49925,0.04148374850659718
0.2,0.1,0.2,0.7,0.5959204,49925,0.03628368598113335
0.6,0.2,0.5,0.4,0.59595215,49925,0.04276594610683541
0.3,0.2,0.9,0.8,0.5959664,49925,0.038069210727065386
0.9,0.2,0.5,0.1,0.5959909,49925,0.04407122428406906
0.4,0.2,0.7,0.6,0.5960003,49925,0.04050556577792745
0.8,0.3,0.8,0.7,0.5960004,49925,0.04222378687064747
0.5,0.2,0.8,0.2,0.5960089,49925,0.04292598094467137
0.8,0.3,0.9,0.6,0.5960124,49925,0.04249702511027543
0.5,0.2,0.5,0.6,0.5960276,49925,0.041317474485426095
0.1,0.1,0.9,0.6,0.5960459,49925,0.033430296766567585
0.7,0.3,0.8,0.9,0.596061,49925,0.041170199131500974
0.1,0.1,0.7,0.8,0.5961002,49925,0.03316954098716966
0.9,0.3,0.6,0.8,0.59610677,49925,0.04190252410684247
0.9,0.3,0.7,0.6,0.5962113,49925,0.042793227323887684
0.4,0.2,0.6,0.7,0.5962241,49925,0.040143105139996325
0.1,0.1,0.6,0.9,0.59623885,49925,0.03285584035030731
0.1,0.1,0.8,0.7,0.59624445,49925,0.03335300453367282
0.1,0.1,0.9,0.2,0.5962559,49925,0.035103176378931025
0.2,0.1,0.4,0.2,0.5962857,49925,0.041305833697863115
0.4,0.2,0.8,0.4,0.5962857,49925,0.041305833697863115
0.5,0.2,0.4,0.7,0.59631354,49925,0.04068097981095351
0.9,0.3,0.8,0.5,0.59634715,49925,0.043158964964427546
0.6,0.2,0.3,0.7,0.5963562,49925,0.040651711765500996
0.4,0.2,0.5,0.9,0.5964316,49925,0.03905105618412607
0.5,0.2,0.7,0.3,0.5964486,49925,0.042738941922004434
0.6,0.2,0.7,0.1,0.59646916,49925,0.04414477238619304
0.7,0.2,0.3,0.5,0.59651357,49925,0.041891773849002834
0.9,0.2,0.4,0.2,0.59651893,49925,0.04343601377114965
0.1,0.1,0.7,0.4,0.5965716,49925,0.03534180017340509
0.9,0.2,0.1,0.9,0.59658337,49925,0.037908778063712574
0.6,0.2,0.4,0.5,0.5966317,49925,0.042139161984624245
0.8,0.3,0.9,0.5,0.5966443,49925,0.04294537892055798
0.2,0.1,0.2,0.6,0.5966609,49925,0.03726900531263282
0.8,0.3,0.7,0.8,0.59668237,49925,0.041838190631152704
0.1,0.1,0.8,0.3,0.59668696,49925,0.03531423250551474
0.1,0.1,0.8,0.4,0.59672475,49925,0.034792338566068066
0.7,0.1,0.1,0.2,0.59673667,49925,0.039642043172393684
0.1,0.1,0.8,0.5,0.596749,49925,0.034296986389816
0.9,0.3,0.9,0.3,0.59678817,49925,0.043871569008028174
0.3,0.1,0.3,0.1,0.59678817,49925,0.043871569008028174
0.6,0.2,0.6,0.2,0.59678817,49925,0.043871569008028174
0.5,0.2,0.6,0.4,0.5968634,49925,0.04243970786834975
0.1,0.1,0.7,0.7,0.5969145,49925,0.033689848676418256
0.1,0.1,0.8,0.1,0.597032,49925,0.03618581208783902
0.7,0.3,0.9,0.7,0.5970396,49925,0.0419059916745819
0.3,0.2,0.9,0.7,0.59708065,49925,0.03852635472297688
0.1,0.1,0.8,0.6,0.59709793,49925,0.033831534240313495
0.6,0.2,0.2,0.9,0.5971024,49925,0.03890811038674514
0.8,0.3,0.8,0.6,0.5971501,49925,0.042655882069305706
0.7,0.2,0.2,0.7,0.59715104,49925,0.04011004725888611
0.8,0.3,0.6,0.9,0.5971647,49925,0.04140255253557386
0.1,0.1,0.7,0.5,0.5972156,49925,0.03477728603384332
0.4,0.2,0.9,0.2,0.5972216,49925,0.041998067481408996
0.8,0.2,0.3,0.4,0.59729034,49925,0.04231622524531211
0.4,0.2,0.7,0.5,0.59729373,49925,0.04109203539717022
0.4,0.2,0.8,0.3,0.59731233,49925,0.04190714863412499
0.1,0.1,0.8,0.2,0.59738123,49925,0.03579121408969565
0.7,0.2,0.6,0.1,0.5973841,49925,0.04442616885616944
0.9,0.3,0.6,0.7,0.59743106,49925,0.0423712700929747
0.3,0.2,0.9,0.6,0.5974369,49925,0.039008795505590665
0.6,0.2,0.5,0.3,0.5974586,49925,0.04344834327363151
0.1,0.1,0.6,0.8,0.59748626,49925,0.03340470674066797
0.6,0.3,0.9,0.9,0.5975313,49925,0.040769230620735834
0.4,0.2,0.6,0.6,0.5975313,49925,0.040769230620735834
0.2,0.1,0.3,0.3,0.5975313,49925,0.040769230620735834
0.5,0.2,0.3,0.9,0.5975509,49925,0.03918689939210967
0.8,0.2,0.2,0.6,0.5976595,49925,0.04056737989624748
0.4,0.1,0.1,0.3,0.5976595,49925,0.04056737989624748
0.8,0.3,0.9,0.4,0.59766865,49925,0.04338050406754052
0.5,0.2,0.4,0.6,0.5976971,49925,0.04134968420159151
0.8,0.3,0.7,0.7,0.59770554,49925,0.04231359263833044
0.9,0.2,0.2,0.5,0.59771585,49925,0.040873691488500695
0.9,0.3,0.8,0.4,0.59772813,49925,0.043604030467352076
0.9,0.3,0.7,0.5,0.59774226,49925,0.043275156938043395
0.5,0.2,0.8,0.1,0.59783834,49925,0.043526449471017775
0.7,0.3,0.8,0.8,0.5978528,49925,0.04161239186610783
0.9,0.3,0.5,0.9,0.5978975,49925,0.041379543400463605
0.8,0.3,0.8,0.5,0.59791255,49925,0.04312718405531775
0.3,0.2,0.8,0.9,0.5979384,49925,0.037859653069353585
0.7,0.3,0.9,0.6,0.5979445,49925,0.04235221418267007
0.3,0.2,0.8,0.8,0.59795225,49925,0.03833700680121337
0.7,0.2,0.5,0.2,0.5979988,49925,0.044014174400494106
0.7,0.3,0.7,0.9,0.5980213,49925,0.04125095022848285
0.7,0.2,0.4,0.3,0.5980312,49925,0.04337549370007321
0.6,0.3,0.9,0.8,0.59804475,49925,0.041211554850366594
0.1,0.1,0.7,0.6,0.5980893,49925,0.034220038926120494
0.1,0.1,0.6,0.7,0.5980926,49925,0.033982789223581
0.5,0.2,0.6,0.3,0.5981103,49925,0.04311273610241876
0.5,0.2,0.5,0.5,0.59815836,49925,0.041980281032985296
0.2,0.1,0.2,0.5,0.5981638,49925,0.03837881351546931
0.3,0.2,0.8,0.7,0.5982094,49925,0.03884228685528113
0.5,0.2,0.7,0.2,0.5982248,49925,0.043390628939497765
0.1,0.1,0.5,0.9,0.5982263,49925,0.033004182444482895
0.1,0.1,0.6,0.5,0.5982583,49925,0.03523281680868322
0.8,0.3,0.6,0.8,0.5982642,49925,0.041870012333819775
0.4,0.1,0.2,0.1,0.59833705,49925,0.04376141817469713
0.8,0.2,0.4,0.2,0.59833705,49925,0.04376141817469713
0.3,0.1,0.2,0.2,0.5983618,49925,0.042843184570359016
0.6,0.2,0.4,0.4,0.5983618,49925,0.042843184570359016
0.9,0.3,0.6,0.6,0.5983618,49925,0.042843184570359016
0.1,0.1,0.6,0.4,0.59837,49925,0.03593114113406114
0.3,0.2,0.9,0.5,0.5983869,49925,0.03953221137458185
0.8,0.3,0.9,0.3,0.5984031,49925,0.0438549464502405
0.4,0.2,0.5,0.8,0.5984597,49925,0.03965117548543161
0.4,0.2,0.7,0.4,0.5984621,49925,0.041714464838366314
0.5,0.2,0.3,0.8,0.5984687,49925,0.039851724457245885
0.4,0.2,0.9,0.1,0.59848064,49925,0.04254254216866811
0.1,0.1,0.7,0.3,0.59848523,49925,0.03595894890190148
0.4,0.2,0.7,0.3,0.5985069,49925,0.04237519202627331
0.9,0.3,0.9,0.2,0.5985242,49925,0.04434589255645235
0.6,0.1,0.1,0.2,0.59857684,49925,0.04033675660401611
0.9,0.2,0.3,0.3,0.5985842,49925,0.042595238600037874
0.8,0.3,0.7,0.6,0.5986112,49925,0.042798672032998065
0.6,0.2,0.2,0.8,0.5986883,49925,0.03953920656937318
0.3,0.1,0.1,0.4,0.5986883,49925,0.03953920656937318
0.8,0.3,0.5,0.9,0.59869206,49925,0.04136001780429329
0.3,0.2,0.8,0.6,0.59869635,49925,0.03937826872189672
0.4,0.2,0.5,0.7,0.59870213,49925,0.040278000876989226
0.2,0.1,0.1,0.9,0.59873194,49925,0.033619478854521975
0.4,0.2,0.6,0.5,0.598739,49925,0.04143024562172337
0.4,0.2,0.4,0.9,0.5987561,49925,0.03900205122416159
0.6,0.3,0.8,0.9,0.5987632,49925,0.040900755279621524
0.1,0.1,0.5,0.8,0.5987749,49925,0.033599895927227515
0.1,0.1,0.7,0.1,0.5987786,49925,0.03706199020671037
0.1,0.1,0.6,0.6,0.5987904,49925,0.03459080278126623
0.7,0.3,0.9,0.5,0.59879315,49925,0.042823670804185844
0.6,0.2,0.6,0.1,0.5988673,49925,0.04457461932658112
0.8,0.2,0.1,0.9,0.59886736,49925,0.037975569801023644
0.9,0.2,0.1,0.8,0.59889525,49925,0.03835167682192289
0.6,0.2,0.3,0.6,0.59891826,49925,0.04132084785575259
0.8,0.2,0.5,0.1,0.5989229,49925,0.04439559095097682
0.1,0.1,0.6,0.3,0.5989237,49925,0.03664546293576498
0.5,0.2,0.5,0.4,0.59897053,49925,0.04269412475141538
0.4,0.2,0.8,0.2,0.59901243,49925,0.04251514405228927
0.2,0.1,0.4,0.1,0.59901243,49925,0.04251514405228927
0.1,0.1,0.7,0.2,0.59907746,49925,0.036544713779440643
0.9,0.3,0.7,0.4,0.59908766,49925,0.043752775398048616
0.9,0.3,0.8,0.3,0.5991041,49925,0.044075931884902136
0.6,0.3,0.9,0.7,0.5991575,49925,0.041645414322461834
0.9,0.3,0.5,0.8,0.59916174,49925,0.04183243179936822
0.7,0.3,0.6,0.9,0.59920466,49925,0.0412744783395885
0.7,0.2,0.2,0.6,0.5992106,49925,0.040748501636425974
0.7,0.3,0.8,0.7,0.59924906,49925,0.042063989671208585
0.5,0.2,0.3,0.7,0.5992497,49925,0.04053436922727993
0.3,0.2,0.7,0.8,0.5992695,49925,0.03857915630212998
0.3,0.2,0.7,0.7,0.5992788,49925,0.03912986744232805
0.7,0.3,0.7,0.8,0.5993384,49925,0.04171581844514394
0.1,0.1,0.4,0.9,0.5993441,49925,0.03307290681743063
0.8,0.3,0.8,0.4,0.5993576,49925,0.04359555312324404
0.1,0.1,0.5,0.7,0.5993793,49925,0.034247584775821585
0.7,0.3,0.8,0.6,0.5994791,49925,0.042555329037479245
0.9,0.3,0.4,0.9,0.59953356,49925,0.04121881362457424
0.8,0.3,0.6,0.7,0.5995454,49925,0.0423531140653224
0.3,0.2,0.7,0.9,0.599556,49925,0.038054117635820374
0.7,0.2,0.3,0.4,0.5995785,49925,0.04255710335702512
0.2,0.1,0.1,0.8,0.5996211,49925,0.03446395114242422
0.8,0.3,0.7,0.5,0.5996551,49925,0.043280335755412624
0.3,0.2,0.9,0.4,0.5996588,49925,0.04006710331954315
0.6,0.2,0.5,0.2,0.59972894,49925,0.044168921215835426
0.5,0.2,0.7,0.1,0.59973264,49925,0.04405427519515767
0.6,0.3,0.8,0.8,0.5997644,49925,0.04136233372424427
0.1,0.1,0.5,0.6,0.59976506,49925,0.034937033826928275
0.7,0.3,0.9,0.4,0.59979445,49925,0.04327819762595315
0.8,0.2,0.2,0.5,0.59980434,49925,0.04117031799941871
0.1,0.1,0.6,0.2,0.599839,49925,0.03738107489662572
0.9,0.3,0.6,0.5,0.5998557,49925,0.0433384893010005
0.5,0.2,0.4,0.5,0.59986365,49925,0.04208016144528824
0.2,0.1,0.2,0.4,0.59988284,49925,0.03964807891991739
0.4,0.2,0.4,0.8,0.59988284,49925,0.03964807891991739
0.4,0.2,0.5,0.6,0.5999,49925,0.04096022325392871
0.3,0.2,0.8,0.5,0.5999291,49925,0.0399444238375305
0.5,0.1,0.1,0.2,0.5999874,49925,0.0410884874053535
0.3,0.2,0.6,0.8,0.60001254,49925,0.0388003643625271
0.2,0.1,0.3,0.2,0.60003173,49925,0.042098966543913596
0.6,0.3,0.9,0.6,0.60003173,49925,0.042098966543913596
0.4,0.2,0.6,0.4,0.60003173,49925,0.042098966543913596
0.8,0.2,0.3,0.3,0.6000825,49925,0.0429652007840649
0.7,0.2,0.1,0.9,0.60008967,49925,0.03803863741966811
0.9,0.3,0.5,0.7,0.6001019,49925,0.042308266920440436
0.9,0.3,0.9,0.1,0.60013175,49925,0.044806400320945905
0.3,0.2,0.9,0.2,0.6002165,49925,0.04116851139127844
0.3,0.2,0.9,0.3,0.60022765,49925,0.04062497469117318
0.4,0.2,0.4,0.7,0.60027236,49925,0.04033199049235001
0.4,0.2,0.8,0.1,0.6002783,49925,0.04315716214198749
0.6,0.2,0.3,0.5,0.60028255,49925,0.0420131750394541
0.8,0.3,0.9,0.2,0.6002883,49925,0.04433789547108602
0.5,0.2,0.6,0.2,0.60031587,49925,0.043820224839240654
0.8,0.3,0.5,0.8,0.60033417,49925,0.04184579620228337
0.3,0.2,0.7,0.6,0.60033447,49925,0.03972146289356221
0.1,0.1,0.3,0.9,0.60035235,49925,0.03295318393908927
0.6,0.3,0.7,0.9,0.6003911,49925,0.04101678853264819
0.1,0.1,0.5,0.5,0.6004039,49925,0.03569867705148419
0.3,0.2,0.8,0.4,0.6004327,49925,0.04052643521189559
0.6,0.2,0.2,0.7,0.60043854,49925,0.04018461582088523
0.7,0.2,0.4,0.2,0.6004448,49925,0.044096272093697826
0.6,0.2,0.4,0.3,0.6004581,49925,0.04359016829097605
0.2,0.1,0.1,0.7,0.6004672,49925,0.03541585237333054
0.3,0.2,0.6,0.9,0.60050863,49925,0.038215005910714604
0.7,0.3,0.6,0.8,0.6005181,49925,0.041781541253745114
0.5,0.3,0.9,0.9,0.60052794,49925,0.040342355487153994
0.1,0.1,0.5,0.3,0.60053635,49925,0.03737403516688547
0.1,0.1,0.4,0.6,0.60057485,49925,0.035243376774669835
0.1,0.1,0.4,0.8,0.6005808,49925,0.033738320217334694
0.4,0.2,0.7,0.2,0.6006022,49925,0.043055736035489865
0.1,0.1,0.4,0.7,0.6006427,49925,0.034465587860272096
0.8,0.2,0.1,0.8,0.6007321,49925,0.03850600145053476
0.2,0.2,0.9,0.7,0.60084826,49925,0.037272597244119486
0.5,0.2,0.2,0.9,0.60086626,49925,0.038739093152219184
0.9,0.3,0.8,0.2,0.60087025,49925,0.04457535538916688
0.7,0.3,0.8,0.5,0.60090226,49925,0.04303906966272198
0.5,0.3,0.9,0.8,0.600908,49925,0.04079623122242864
0.9,0.3,0.6,0.4,0.6009199,49925,0.04384827361403203
0.9,0.2,0.4,0.1,0.6009326,49925,0.04402237475781149
0.9,0.3,0.4,0.8,0.6009472,49925,0.041689783025289896
0.1,0.1,0.5,0.4,0.60097873,49925,0.03651143068942934
0.7,0.3,0.7,0.7,0.6009798,49925,0.04220888788909368
0.2,0.2,0.9,0.8,0.60098296,49925,0.0368095600730043
0.1,0.1,0.3,0.8,0.6009996,49925,0.03370517379842525
0.3,0.2,0.6,0.7,0.60110337,49925,0.039413599073595526
0.7,0.2,0.5,0.1,0.6011454,49925,0.04469187110335429
0.6,0.3,0.8,0.7,0.6011738,49925,0.04184732939780785
0.5,0.2,0.5,0.3,0.60118735,49925,0.04343777224821664
0.2,0.2,0.9,0.6,0.60119665,49925,0.037750250906737816
0.9,0.3,0.5,0.6,0.6012338,49925,0.042806475504082515
0.9,0.2,0.2,0.4,0.6012366,49925,0.04143752803377154
0.5,0.2,0.3,0.6,0.60124284,49925,0.041269408639157006
0.6,0.3,0.9,0.5,0.6012684,49925,0.0425793077395624
0.5,0.3,0.8,0.9,0.6012758,49925,0.040525894200465075
0.4,0.2,0.6,0.3,0.6012778,49925,0.042822711760731796
0.8,0.3,0.8,0.3,0.6013069,49925,0.044088347894104984
0.3,0.2,0.9,0.1,0.60136545,49925,0.041744455401315675
0.2,0.2,0.9,0.9,0.6013749,49925,0.036353449649279786
0.1,0.1,0.5,0.2,0.60137624,49925,0.03828151618640686
0.8,0.3,0.6,0.6,0.6013983,49925,0.04286794363260037
0.7,0.3,0.5,0.9,0.60144186,49925,0.041248308539037694
0.3,0.2,0.8,0.3,0.6014425,49925,0.041141003628334276
0.1,0.1,0.6,0.1,0.60147583,49925,0.03805108830672122
0.9,0.3,0.7,0.3,0.601516,49925,0.044252203692764114
0.9,0.2,0.1,0.7,0.60152096,49925,0.03883962592391497
0.7,0.3,0.9,0.3,0.60153604,49925,0.043773746646063406
0.1,0.1,0.4,0.5,0.601594,49925,0.03611526921734396
0.8,0.3,0.7,0.4,0.60159945,49925,0.043789403425074355
0.7,0.2,0.2,0.5,0.6016019,49925,0.04144293742550087
0.4,0.2,0.5,0.5,0.6016117,49925,0.04167903579652572
0.6,0.3,0.7,0.8,0.6016907,49925,0.0414964732460575
0.8,0.3,0.4,0.9,0.60170746,49925,0.04120805641569137
0.1,0.1,0.4,0.4,0.6018376,49925,0.037105988934899053
0.2,0.2,0.8,0.8,0.6018376,49925,0.037105988934899053
0.7,0.3,0.5,0.8,0.6018634,49925,0.041773188459288284
0.6,0.3,0.8,0.6,0.6018906,49925,0.042338764215992586
0.3,0.2,0.7,0.5,0.60191387,49925,0.04036671843355438
0.7,0.3,0.8,0.4,0.6019406,49925,0.0435371032098264
0.7,0.3,0.7,0.6,0.60198146,49925,0.0427031691399395
0.3,0.2,0.6,0.6,0.6020407,49925,0.04005556889068868
0.3,0.2,0.5,0.8,0.6020493,49925,0.03893823403177479
0.9,0.4,0.9,0.9,0.6020715,49925,0.04232827962070991
0.8,0.3,0.9,0.1,0.6020771,49925,0.044843632150882794
0.7,0.3,0.6,0.7,0.6020839,49925,0.04229978408319537
0.8,0.3,0.5,0.7,0.6021264,49925,0.04235332856869467
0.2,0.1,0.1,0.6,0.602155,49925,0.03650669251464639
0.8,0.2,0.4,0.1,0.602159,49925,0.04444240868142386
0.5,0.3,0.8,0.8,0.6021649,49925,0.04098937590265011
0.6,0.3,0.9,0.4,0.6021812,49925,0.04307046412106428
0.4,0.2,0.3,0.9,0.60218304,49925,0.03882327097099819
0.9,0.2,0.3,0.2,0.60218626,49925,0.043187877671276215
0.6,0.2,0.1,0.9,0.6022741,49925,0.03802637053193684
0.1,0.1,0.3,0.7,0.60228276,49925,0.034524272851124777
0.2,0.1,0.2,0.3,0.6022829,49925,0.04107977908148955
0.4,0.2,0.4,0.6,0.6022829,49925,0.04107977908148955
0.6,0.3,0.6,0.9,0.6022829,49925,0.04107977908148955
0.3,0.2,0.7,0.4,0.602289,49925,0.04101824215601442
0.2,0.2,0.8,0.9,0.6023046,49925,0.03659494824324483
0.5,0.3,0.9,0.7,0.60232216,49925,0.04126611093281405
0.5,0.2,0.2,0.8,0.6023903,49925,0.03942167352626294
0.2,0.2,0.9,0.5,0.602457,49925,0.03825091932220618
0.9,0.3,0.4,0.7,0.60247463,49925,0.042178007666747494
0.3,0.2,0.5,0.9,0.60248,49925,0.03830849126925575
0.2,0.2,0.8,0.7,0.6025464,49925,0.03759796841315824
0.9,0.3,0.3,0.9,0.602556,49925,0.04089998058728842
0.6,0.2,0.2,0.6,0.602556,49925,0.040899980587288415
0.3,0.1,0.1,0.3,0.602556,49925,0.040899980587288415
0.6,0.2,0.3,0.4,0.6025599,49925,0.0427639842681039
0.3,0.2,0.5,0.7,0.6026338,49925,0.039617710684186104
0.4,0.2,0.3,0.8,0.6026408,49925,0.03953737383935299
0.5,0.2,0.6,0.1,0.6026515,49925,0.04459004244513137
0.1,0.1,0.4,0.3,0.6026776,49925,0.038121725772649696
0.2,0.2,0.8,0.6,0.6026776,49925,0.038121725772649696
0.9,0.4,0.9,0.8,0.60268605,49925,0.04271765142725506
0.5,0.2,0.4,0.4,0.6027184,49925,0.04286733787226412
0.6,0.3,0.8,0.5,0.6028498,49925,0.0428713391659601
0.7,0.3,0.9,0.2,0.6028903,49925,0.04426406268112902
0.8,0.3,0.8,0.2,0.6029693,49925,0.04462920468075501
0.4,0.1,0.1,0.2,0.60301733,49925,0.041799879913380356
0.8,0.2,0.2,0.4,0.60301733,49925,0.041799879913380356
0.7,0.2,0.1,0.8,0.6030458,49925,0.03860538324838596
0.9,0.3,0.5,0.5,0.6030766,49925,0.0433245424726115
0.8,0.3,0.6,0.5,0.6030829,49925,0.043396413495743705
0.5,0.2,0.5,0.2,0.60309845,49925,0.044204029269950006
0.8,0.2,0.1,0.7,0.6031046,49925,0.039044890151889514
0.7,0.2,0.3,0.3,0.60311586,49925,0.04327628378409437
0.7,0.3,0.7,0.5,0.60311836,49925,0.04321945466740344
0.9,0.3,0.8,0.1,0.6031358,49925,0.045070000086875894
0.3,0.2,0.7,0.3,0.60318327,49925,0.04168501559822051
0.3,0.2,0.8,0.2,0.60320395,49925,0.04178698114686072
0.8,0.2,0.3,0.2,0.6032234,49925,0.0435990739867669
0.5,0.3,0.8,0.7,0.60323423,49925,0.04149980494832472
0.5,0.3,0.9,0.6,0.60325664,49925,0.04173797051447901
0.6,0.3,0.6,0.8,0.6032571,49925,0.04158759943279291
0.8,0.3,0.7,0.3,0.60331,49925,0.044320655042935614
0.7,0.3,0.5,0.7,0.6033256,49925,0.042319251826156666
0.4,0.2,0.5,0.4,0.6033386,49925,0.0424495240884012
0.6,0.3,0.7,0.7,0.60346335,49925,0.04200502491674281
0.1,0.1,0.5,0.1,0.6034728,49925,0.03918388709881061
0.2,0.2,0.9,0.4,0.60347444,49925,0.038753277263797854
0.7,0.3,0.6,0.6,0.6034975,49925,0.04283761000075087
0.8,0.3,0.5,0.6,0.6035035,49925,0.042879048391704026
0.9,0.4,0.8,0.9,0.6035204,49925,0.042399504264191014
0.5,0.2,0.3,0.5,0.6036185,49925,0.04204480811928494
0.3,0.2,0.5,0.6,0.60365856,49925,0.04035010221654755
0.4,0.2,0.7,0.1,0.6036704,49925,0.04377956368380421
0.8,0.3,0.4,0.8,0.60368425,49925,0.04171934657012793
0.2,0.1,0.1,0.5,0.60369,49925,0.03771819398326593
0.7,0.3,0.4,0.9,0.6037093,49925,0.04114932761736495
0.6,0.2,0.5,0.1,0.603821,49925,0.04493736732481662
0.1,0.1,0.3,0.6,0.60384715,49925,0.0354395946658256
0.7,0.3,0.8,0.3,0.6038536,49925,0.04406074141962568
0.2,0.2,0.7,0.9,0.60385877,49925,0.036818370329514905
0.4,0.2,0.4,0.5,0.60387266,49925,0.041857835792058234
0.5,0.3,0.7,0.9,0.60392195,49925,0.040653426192796556
0.1,0.2,0.9,0.9,0.6039302,49925,0.03440284035883281
0.3,0.2,0.6,0.5,0.60394835,49925,0.040750098801128454
0.4,0.2,0.3,0.7,0.60409594,49925,0.040270378199681066
0.2,0.2,0.9,0.3,0.6041219,49925,0.039283302773974925
0.2,0.2,0.7,0.7,0.60412383,49925,0.03791353453280755
0.4,0.3,0.9,0.9,0.60415876,49925,0.03970873287775749
0.6,0.2,0.1,0.8,0.6041616,49925,0.03863387343132418
0.3,0.1,0.2,0.1,0.6041734,49925,0.04438339695355682
0.9,0.3,0.6,0.3,0.6041734,49925,0.04438339695355683
0.6,0.2,0.4,0.2,0.6041734,49925,0.04438339695355682
0.2,0.2,0.7,0.8,0.6041808,49925,0.03735686205237226
0.5,0.3,0.7,0.8,0.60420376,49925,0.04116826666597739
0.6,0.3,0.7,0.6,0.6042231,49925,0.04254447625363561
0.9,0.3,0.4,0.6,0.60422987,49925,0.042689146214566556
0.3,0.2,0.4,0.9,0.604255,49925,0.03833049216868505
0.1,0.1,0.3,0.5,0.60425544,49925,0.036446476735553915
0.7,0.2,0.4,0.1,0.6043345,49925,0.044851292885346936
0.5,0.2,0.4,0.3,0.60434294,49925,0.04367365083055176
0.8,0.3,0.6,0.4,0.60434484,49925,0.04394216561819945
0.9,0.2,0.1,0.6,0.6044,49925,0.039340903301661685
0.1,0.1,0.2,0.9,0.6044132,49925,0.03254204320773203
0.6,0.3,0.8,0.4,0.6044268,49925,0.04337936920398864
0.5,0.2,0.2,0.7,0.6044289,49925,0.040154747590495324
0.9,0.3,0.7,0.2,0.60443443,49925,0.04477227297461327
0.8,0.4,0.9,0.9,0.60444844,49925,0.0421730870882473
0.2,0.2,0.9,0.2,0.6045046,49925,0.03982090318846497
0.9,0.3,0.5,0.4,0.60453355,49925,0.04386458335817514
0.1,0.2,0.9,0.8,0.6045415,49925,0.03482159846327575
0.5,0.3,0.9,0.5,0.60454285,49925,0.04222225535116856
0.6,0.3,0.9,0.3,0.6045452,49925,0.043586213475167286
0.2,0.1,0.3,0.1,0.6045452,49925,0.04358621347516728
0.4,0.2,0.6,0.2,0.6045452,49925,0.04358621347516728
0.9,0.4,0.9,0.7,0.604553,49925,0.043102390313510985
0.8,0.4,0.9,0.8,0.6046612,49925,0.042589911548210686
0.5,0.3,0.8,0.6,0.60468125,49925,0.04201167982172243
0.9,0.4,0.8,0.8,0.60468906,49925,0.0428176514397997
0.3,0.2,0.8,0.1,0.6047269,49925,0.04242640033969227
0.9,0.1,0.1,0.1,0.6047292,49925,0.038681844936845525
0.2,0.2,0.8,0.5,0.6048098,49925,0.03868315650379835
0.6,0.3,0.5,0.9,0.60485005,49925,0.0410807594987521
0.8,0.3,0.5,0.5,0.6049038,49925,0.04343114387157837
0.9,0.4,0.7,0.9,0.60496426,49925,0.042444449800322935
0.7,0.3,0.9,0.1,0.6049997,49925,0.04480637697740011
0.4,0.3,0.8,0.9,0.60501796,49925,0.039929546332366554
0.4,0.2,0.5,0.3,0.6050233,49925,0.04325054657745978
0.1,0.2,0.8,0.9,0.6050697,49925,0.034639255278264725
0.8,0.1,0.1,0.1,0.6051087,49925,0.03940767408641574
0.1,0.2,0.9,0.6,0.6051472,49925,0.03566130020171816
0.7,0.2,0.1,0.7,0.60514927,49925,0.03919931037806558
0.1,0.2,0.9,0.7,0.60515344,49925,0.03523411618999551
0.9,0.3,0.3,0.8,0.60515904,49925,0.041387714896972676
0.7,0.3,0.7,0.4,0.60517895,49925,0.04377204172752213
0.3,0.2,0.6,0.4,0.60518754,49925,0.04148800485078147
0.2,0.2,0.6,0.9,0.6052529,49925,0.03698986366864541
0.3,0.2,0.4,0.8,0.6052669,49925,0.03901118661860599
0.8,0.3,0.8,0.1,0.6052687,49925,0.045161337665777984
0.4,0.2,0.2,0.9,0.60527796,49925,0.03841196646627117
0.1,0.1,0.4,0.2,0.60528904,49925,0.039246827653269874
0.2,0.2,0.8,0.4,0.60528904,49925,0.039246827653269874
0.6,0.3,0.6,0.7,0.6053661,49925,0.042126089924736536
0.7,0.3,0.8,0.2,0.60541075,49925,0.04460721274790699
0.1,0.2,0.8,0.8,0.6054129,49925,0.03510101874172709
0.2,0.2,0.7,0.6,0.6054234,49925,0.03849472324205556
0.4,0.3,0.9,0.8,0.6054557,49925,0.04017427205452338
0.7,0.3,0.6,0.5,0.60546404,49925,0.04338693384244002
0.2,0.2,0.9,0.1,0.60553205,49925,0.04031015016752394
0.6,0.2,0.3,0.3,0.605534,49925,0.04357243788768255
0.8,0.3,0.7,0.2,0.60554487,49925,0.04488805355780578
0.1,0.1,0.2,0.8,0.6055472,49925,0.03336462202671743
0.4,0.2,0.3,0.6,0.6055599,49925,0.04105206460786206
0.9,0.4,0.9,0.6,0.6055768,49925,0.04351698015688601
0.7,0.2,0.2,0.4,0.6056368,49925,0.0421612868167776
0.9,0.2,0.2,0.3,0.60565716,49925,0.042040390532068046
0.4,0.3,0.9,0.7,0.6056597,49925,0.04067019937109665
0.7,0.4,0.9,0.9,0.6056676,49925,0.041952517193336376
0.7,0.3,0.4,0.8,0.6056676,49925,0.041692318442730476
0.8,0.3,0.4,0.7,0.6057035,49925,0.04225015389155524
0.7,0.2,0.3,0.2,0.60577387,49925,0.044040310970026184
0.3,0.2,0.5,0.5,0.60579526,49925,0.04110251386543853
0.2,0.2,0.8,0.3,0.6058141,49925,0.03983322357481775
0.9,0.4,0.8,0.7,0.6058201,49925,0.04322800818210933
0.1,0.1,0.4,0.1,0.60583305,49925,0.04045783232835961
0.2,0.2,0.8,0.2,0.60583305,49925,0.04045783232835961
0.5,0.3,0.7,0.7,0.6058417,49925,0.04169804530682468
0.9,0.3,0.7,0.1,0.60584766,49925,0.045297798644626935
0.5,0.3,0.9,0.4,0.60591924,49925,0.04273332028924567
0.3,0.2,0.7,0.2,0.6059231,49925,0.04239679842165912
0.2,0.2,0.7,0.5,0.6059542,49925,0.03911328944466971
0.8,0.4,0.8,0.9,0.6059835,49925,0.042273515044405394
0.5,0.3,0.6,0.9,0.6059959,49925,0.0407319506499422
0.6,0.3,0.7,0.5,0.6060319,49925,0.043087104133317386
0.6,0.2,0.2,0.5,0.6060339,49925,0.04164219816736074
0.1,0.2,0.7,0.9,0.6060365,49925,0.03488345326575488
0.6,0.3,0.8,0.3,0.60607725,49925,0.043925470418088794
0.5,0.3,0.8,0.5,0.6060803,49925,0.04256081570785021
0.8,0.4,0.9,0.7,0.6060942,49925,0.04301296463177916
0.7,0.3,0.5,0.6,0.60614806,49925,0.04288863284385555
0.8,0.2,0.1,0.6,0.606213,49925,0.03961210621364901
0.5,0.2,0.3,0.4,0.6062506,49925,0.042881989200425734
0.3,0.2,0.4,0.7,0.60626966,49925,0.039728850219981064
0.5,0.2,0.5,0.1,0.6062799,49925,0.045055899529252035
0.8,0.3,0.6,0.3,0.6062804,49925,0.044496730511481584
0.6,0.3,0.9,0.2,0.60630524,49925,0.044119638989327144
0.4,0.3,0.8,0.8,0.6063524,49925,0.040425310002792474
0.7,0.3,0.7,0.3,0.60643166,49925,0.04432707404632765
0.1,0.2,0.9,0.5,0.606441,49925,0.036104639580932685
0.8,0.3,0.3,0.9,0.60645866,49925,0.04093652349641808
0.6,0.3,0.5,0.8,0.6064594,49925,0.04162466966963457
0.8,0.3,0.4,0.6,0.60646194,49925,0.04280528313128293
0.4,0.3,0.7,0.9,0.60646504,49925,0.04010478869588633
0.4,0.3,0.9,0.6,0.60647625,49925,0.04115825674494368
0.6,0.3,0.4,0.9,0.60655165,49925,0.04100213056733289
0.2,0.1,0.2,0.2,0.606564,49925,0.0427030813083781
0.8,0.4,0.8,0.8,0.606564,49925,0.0427030813083781
0.4,0.2,0.4,0.4,0.606564,49925,0.0427030813083781
0.6,0.3,0.6,0.6,0.606564,49925,0.04270308130837809
0.3,0.2,0.6,0.3,0.60660374,49925,0.04224480014704608
0.1,0.2,0.8,0.7,0.60660523,49925,0.035565384621972305
0.9,0.4,0.8,0.6,0.60665184,49925,0.043661309283968386
0.3,0.2,0.4,0.6,0.60667753,49925,0.04050821182529767
0.7,0.4,0.9,0.8,0.6067259,49925,0.04237781674778831
0.9,0.4,0.7,0.8,0.6067434,49925,0.0428739249597313
0.9,0.3,0.5,0.3,0.6067736,49925,0.044424047767000645
0.9,0.3,0.4,0.5,0.6067988,49925,0.043222368934643596
0.1,0.1,0.2,0.7,0.60682005,49925,0.034293225584162354
0.7,0.1,0.1,0.1,0.60686016,49925,0.04020505014666039
0.5,0.3,0.6,0.8,0.60689574,49925,0.041291515711051816
0.9,0.4,0.6,0.9,0.6069205,49925,0.04243077805921596
0.9,0.4,0.9,0.5,0.6069421,49925,0.043953739813093105
0.9,0.3,0.6,0.2,0.6069427,49925,0.044930094590232096
0.8,0.3,0.5,0.4,0.6069589,49925,0.04401870158240604
0.5,0.2,0.1,0.9,0.6069758,49925,0.037894661289813565
0.3,0.2,0.5,0.4,0.6069791,49925,0.04190437399336662
0.2,0.1,0.1,0.4,0.607012,49925,0.0391476316985021
0.4,0.2,0.2,0.8,0.607012,49925,0.0391476316985021
0.7,0.3,0.8,0.1,0.6070235,49925,0.0451994701887479
0.7,0.4,0.8,0.9,0.6070958,49925,0.04206714732226693
0.7,0.3,0.6,0.4,0.6071116,49925,0.04397456698242603
0.9,0.2,0.3,0.1,0.6071476,49925,0.0437616620834787
0.6,0.2,0.1,0.7,0.60717297,49925,0.03929563391805959
0.8,0.4,0.7,0.9,0.6071757,49925,0.04233057105995748
0.5,0.3,0.7,0.6,0.6071913,49925,0.04224729328570466
0.8,0.4,0.9,0.6,0.607193,49925,0.04342526650139731
0.9,0.3,0.3,0.7,0.6072234,49925,0.041901074758410435
0.4,0.3,0.9,0.5,0.60723394,49925,0.041675443022997
0.1,0.1,0.3,0.4,0.607257,49925,0.03758561246867868
0.2,0.2,0.6,0.8,0.607257,49925,0.03758561246867868
0.6,0.3,0.7,0.4,0.6073176,49925,0.043666905388658826
0.9,0.3,0.2,0.9,0.6073439,49925,0.040349731469886706
0.4,0.2,0.5,0.2,0.6073478,49925,0.044095013295888115
0.1,0.2,0.9,0.4,0.60735196,49925,0.03653253272723675
0.2,0.2,0.6,0.7,0.60740036,49925,0.03821549978095656
0.1,0.2,0.7,0.8,0.6074088,49925,0.03536769549498537
0.1,0.2,0.8,0.6,0.60741556,49925,0.03604587908727999
0.3,0.2,0.7,0.1,0.60742486,49925,0.043142556968121734
0.4,0.2,0.6,0.1,0.60744166,49925,0.04441296033251881
0.6,0.3,0.5,0.7,0.6074989,49925,0.042189689652155825
0.2,0.2,0.7,0.4,0.60751367,49925,0.039755698933034433
0.2,0.2,0.8,0.1,0.6076067,49925,0.04105208788979849
0.3,0.2,0.3,0.9,0.6076087,49925,0.03817067593536062
0.4,0.3,0.7,0.8,0.6076366,49925,0.04063856112850107
0.5,0.3,0.8,0.4,0.60765857,49925,0.043108158579468744
0.7,0.4,0.9,0.7,0.60767084,49925,0.04282470833548302
0.1,0.2,0.7,0.7,0.6077038,49925,0.03588676446870787
0.4,0.2,0.3,0.5,0.60773396,49925,0.04190226562624704
0.9,0.2,0.1,0.5,0.60773677,49925,0.03985423386520505
0.5,0.3,0.7,0.5,0.60774773,49925,0.042841666032307706
0.7,0.3,0.7,0.2,0.60775095,49925,0.04493781195398342
0.5,0.2,0.4,0.2,0.6077626,49925,0.044550270391279005
0.8,0.4,0.8,0.7,0.60777086,49925,0.04313508475509062
0.5,0.2,0.2,0.6,0.6077947,49925,0.04092185638632765
0.9,0.4,0.9,0.4,0.6078421,49925,0.04439573096689658
0.2,0.2,0.5,0.9,0.6078682,49925,0.0371310948768491
0.6,0.2,0.4,0.1,0.6078768,49925,0.045206037600784614
0.6,0.4,0.9,0.9,0.6078855,49925,0.04166685857876491
0.5,0.3,0.5,0.9,0.60788816,49925,0.04076147603777434
0.5,0.3,0.9,0.3,0.6079048,49925,0.04328226476443764
0.9,0.4,0.7,0.7,0.60791034,49925,0.04332043873476917
0.1,0.2,0.9,0.3,0.60792786,49925,0.03694851692481283
0.8,0.3,0.7,0.1,0.60794777,49925,0.04545263878625121
0.7,0.3,0.5,0.5,0.60795283,49925,0.04347317593985311
0.6,0.1,0.1,0.1,0.60797,49925,0.04109562962711627
0.8,0.2,0.2,0.3,0.6079795,49925,0.042464928941484646
0.5,0.3,0.6,0.7,0.6079874,49925,0.04184677386997391
0.8,0.3,0.3,0.8,0.6079935,49925,0.041450698917423576
0.4,0.3,0.8,0.7,0.6079959,49925,0.040937768563660944
0.1,0.2,0.8,0.5,0.60800004,49925,0.03653889215444507
0.7,0.3,0.4,0.7,0.6080331,49925,0.04224054969280856
0.4,0.2,0.2,0.7,0.6080452,49925,0.03992439004975536
0.6,0.3,0.9,0.1,0.60804605,49925,0.04468212301817007
0.3,0.3,0.9,0.9,0.60806155,49925,0.03885158548271461
0.1,0.1,0.3,0.3,0.60806155,49925,0.03885158548271461
0.2,0.2,0.6,0.6,0.60806155,49925,0.03885158548271461
0.6,0.3,0.8,0.2,0.60807824,49925,0.044493026135045854
0.6,0.3,0.4,0.8,0.60811025,49925,0.0415767445270619
0.8,0.2,0.3,0.1,0.60814106,49925,0.04431052257716515
0.2,0.2,0.7,0.3,0.6081603,49925,0.04042545886921595
0.9,0.4,0.6,0.8,0.6081763,49925,0.042876891617152975
0.6,0.3,0.6,0.5,0.60825235,49925,0.04329743083967682
0.8,0.3,0.4,0.5,0.6083402,49925,0.043390335596209736
0.7,0.4,0.8,0.8,0.6083944,49925,0.04251826725613968
0.7,0.2,0.1,0.6,0.60841346,49925,0.039828712528463366
0.1,0.2,0.8,0.4,0.60841864,49925,0.03703166871309791
0.7,0.3,0.6,0.3,0.60842407,49925,0.044577856624754865
0.1,0.1,0.2,0.6,0.60848254,49925,0.03533847977895999
0.2,0.2,0.7,0.2,0.60850793,49925,0.041126173347541865
0.9,0.4,0.8,0.5,0.60851395,49925,0.04411499040049532
0.8,0.4,0.9,0.5,0.60852265,49925,0.04388214409931087
0.1,0.2,0.9,0.1,0.6085233,49925,0.037633299872339106
0.1,0.2,0.6,0.9,0.60853547,49925,0.03508013618821667
0.8,0.3,0.6,0.2,0.6085796,49925,0.0450871646952802
0.1,0.2,0.9,0.2,0.60858566,49925,0.03733035001009326
0.1,0.2,0.7,0.5,0.60861546,49925,0.03698331539369229
0.3,0.2,0.6,0.2,0.6086438,49925,0.04303790997133596
0.2,0.2,0.5,0.8,0.60867316,49925,0.03777615076554502
0.5,0.3,0.9,0.2,0.60867405,49925,0.04382188613326796
0.8,0.4,0.6,0.9,0.6086854,49925,0.04234885009236725
0.4,0.3,0.8,0.6,0.60872424,49925,0.04148318581855081
0.4,0.3,0.9,0.4,0.6087669,49925,0.04219672718733588
0.1,0.2,0.7,0.6,0.6088492,49925,0.03643282988634162
0.7,0.3,0.3,0.9,0.6088619,49925,0.04089006801245525
0.9,0.3,0.4,0.4,0.6088669,49925,0.04379053168354888
0.6,0.2,0.2,0.4,0.6088733,49925,0.042422401668509344
0.3,0.1,0.1,0.2,0.6088733,49925,0.042422401668509344
0.9,0.3,0.3,0.6,0.6088733,49925,0.042422401668509344
0.3,0.3,0.9,0.8,0.60888493,49925,0.03930400128687107
0.1,0.2,0.6,0.7,0.60893834,49925,0.0361814624412218
0.9,0.4,0.9,0.3,0.6089699,49925,0.044868629691222156
0.1,0.3,0.9,0.9,0.6089712,49925,0.035768444532917845
0.6,0.2,0.3,0.2,0.60897255,49925,0.044413796608243156
0.5,0.2,0.1,0.8,0.6089867,49925,0.03857695208409874
0.1,0.2,0.6,0.6,0.60902554,49925,0.03678851024717435
0.9,0.3,0.6,0.1,0.60903776,49925,0.045471329481710655
0.8,0.4,0.7,0.8,0.60903895,49925,0.04278474249125187
0.1,0.2,0.6,0.8,0.6090642,49925,0.0356152459542653
0.9,0.4,0.6,0.7,0.6090978,49925,0.04334385001764098
0.3,0.2,0.4,0.5,0.609115,49925,0.04136675562412907
0.7,0.4,0.7,0.9,0.60911506,49925,0.04216671912407542
0.7,0.4,0.9,0.6,0.60914433,49925,0.0432726374286584
0.8,0.3,0.5,0.3,0.60914695,49925,0.04461641396535964
0.6,0.4,0.9,0.8,0.6091657,49925,0.04210041091106665
0.9,0.4,0.7,0.6,0.60917836,49925,0.04377730377182555
0.5,0.3,0.6,0.6,0.60918903,49925,0.042447376233014235
0.1,0.2,0.8,0.3,0.6091943,49925,0.03752502009724099
0.3,0.3,0.9,0.7,0.60922444,49925,0.03977437213179899
0.4,0.3,0.7,0.7,0.6092284,49925,0.04119494712127569
0.8,0.3,0.2,0.9,0.60924083,49925,0.04042599804761247
0.8,0.4,0.8,0.6,0.609256,49925,0.04359598580746275
0.4,0.2,0.4,0.3,0.609256,49925,0.04359598580746275
0.6,0.3,0.7,0.3,0.60925645,49925,0.04426171996626509
0.3,0.2,0.3,0.8,0.6092693,49925,0.03890960518886121
0.5,0.2,0.3,0.3,0.60928553,49925,0.04378121157104062
0.4,0.3,0.6,0.9,0.6092952,49925,0.04022318890463446
0.5,0.3,0.5,0.8,0.6093029,49925,0.041344103084110566
0.5,0.3,0.8,0.3,0.60932016,49925,0.04368459138050658
0.9,0.4,0.8,0.4,0.60935265,49925,0.04458597453131692
0.1,0.2,0.8,0.2,0.6093851,49925,0.03798473539489294
0.5,0.1,0.1,0.1,0.609386,49925,0.042080054354919794
0.2,0.2,0.6,0.5,0.6093877,49925,0.0395371934824049
0.1,0.3,0.9,0.8,0.60942125,49925,0.03615876435716958
0.5,0.3,0.7,0.4,0.6094466,49925,0.04342919923578925
0.9,0.3,0.2,0.8,0.60952663,49925,0.04086217068912788
0.1,0.3,0.9,0.7,0.6095627,49925,0.03656282708628196
0.7,0.3,0.4,0.6,0.6095708,49925,0.04284502370425266
0.9,0.3,0.5,0.2,0.60959786,49925,0.04499348657188023
0.4,0.3,0.6,0.8,0.6096436,49925,0.040798603205697184
0.6,0.3,0.5,0.6,0.6096622,49925,0.04279812762151115
0.7,0.4,0.9,0.5,0.60970384,49925,0.04373565449970561
0.6,0.4,0.9,0.7,0.6097315,49925,0.04254955465109178
0.4,0.3,0.9,0.3,0.6097324,49925,0.04274102003086452
0.3,0.2,0.5,0.3,0.6097421,49925,0.04278617168919268
0.2,0.2,0.7,0.1,0.6097422,49925,0.04183651529105522
0.2,0.2,0.5,0.7,0.6098336,49925,0.03844979997152522
0.7,0.4,0.8,0.7,0.609837,49925,0.04299647599345059
0.8,0.2,0.1,0.5,0.60985225,49925,0.04017195153753641
0.3,0.3,0.8,0.9,0.609893,49925,0.03906730156349806
0.8,0.3,0.3,0.7,0.60989463,49925,0.04200341956924302
0.1,0.3,0.9,0.6,0.6099161,49925,0.03695500107666058
0.6,0.3,0.6,0.4,0.6099344,49925,0.04389933028599728
0.6,0.3,0.4,0.7,0.60993814,49925,0.04218811689077646
0.6,0.3,0.8,0.1,0.6100092,49925,0.045125784445549176
0.7,0.3,0.3,0.8,0.6100312,49925,0.04146155585781366
0.1,0.2,0.6,0.5,0.6100387,49925,0.037435702726597825
0.6,0.4,0.8,0.9,0.6100487,49925,0.041805166588931804
0.9,0.4,0.7,0.5,0.6100619,49925,0.04423960332948941
0.2,0.3,0.9,0.9,0.6100725,49925,0.03759911969891215
0.1,0.2,0.8,0.1,0.61013293,49925,0.03838057696115131
0.1,0.9,0.9,0.1,0.6101968,49925,0.03938559937564409
0.2,0.1,0.1,0.3,0.61019945,49925,0.04078584782855186
0.6,0.3,0.3,0.9,0.61019945,49925,0.04078584782855186
0.4,0.2,0.2,0.6,0.61019945,49925,0.04078584782855186
0.2,0.2,0.5,0.6,0.61019975,49925,0.039168815080322134
0.7,0.2,0.2,0.3,0.61022425,49925,0.0428916300923124
0.2,0.3,0.9,0.8,0.610232,49925,0.038041197409412086
0.8,0.4,0.9,0.4,0.61023456,49925,0.04435047780451309
0.3,0.3,0.8,0.8,0.61027634,49925,0.0395584640355042
0.7,0.3,0.5,0.4,0.61030704,49925,0.044104045297877204
0.4,0.2,0.5,0.1,0.6103073,49925,0.0450146835520492
0.1,0.3,0.8,0.8,0.6103155,49925,0.03640314591488024
0.5,0.3,0.4,0.9,0.61032236,49925,0.04071278435510666
0.4,0.3,0.8,0.5,0.61033714,49925,0.042031152367320045
0.1,0.1,0.2,0.5,0.6103451,49925,0.03652710434755501
0.9,0.4,0.5,0.9,0.61035293,49925,0.04236451315516519
0.5,0.3,0.5,0.7,0.61035746,49925,0.04196711292872961
0.4,0.3,0.7,0.6,0.61037076,49925,0.04178349445065473
0.8,0.4,0.8,0.5,0.6103727,49925,0.04405954484917321
0.1,0.3,0.8,0.9,0.61039454,49925,0.035973236553923135
0.6,0.3,0.7,0.2,0.6104006,49925,0.04489052309938369
0.2,0.2,0.6,0.4,0.6104057,49925,0.0402564507612161
0.1,0.1,0.3,0.2,0.6104057,49925,0.0402564507612161
0.3,0.3,0.9,0.6,0.6104057,49925,0.040256450761216096
0.1,0.3,0.9,0.5,0.6104239,49925,0.03734107359866182
0.9,0.4,0.9,0.2,0.6104269,49925,0.045330297692846556
0.9,0.4,0.6,0.6,0.61044335,49925,0.04381115415567305
0.5,0.3,0.9,0.1,0.61044693,49925,0.04439571032018452
0.5,0.3,0.6,0.5,0.6105111,49925,0.043072429743412785
0.3,0.2,0.6,0.1,0.6105396,49925,0.04389134999487769
0.1,0.8,0.9,0.1,0.61055946,49925,0.03949381774827281
0.1,0.2,0.7,0.4,0.6105787,49925,0.03755481144815872
0.1,0.1,0.1,0.9,0.61058915,49925,0.03154483346743996
0.5,0.2,0.2,0.5,0.6105942,49925,0.041752466224693786
0.3,0.3,0.9,0.5,0.61059994,49925,0.0407622824682118
0.8,0.4,0.7,0.7,0.6106613,49925,0.04324366738294199
0.7,0.2,0.3,0.1,0.6106838,49925,0.044826578088079855
0.1,0.4,0.9,0.9,0.6106853,49925,0.036628231265312144
0.1,0.7,0.9,0.1,0.6107132,49925,0.03956835644630155
0.7,0.4,0.7,0.8,0.61072665,49925,0.04263393993851974
0.7,0.3,0.7,0.1,0.610729,49925,0.04554084864298756
0.2,0.3,0.9,0.7,0.6107358,49925,0.03850155340770014
0.7,0.4,0.8,0.6,0.61074907,49925,0.04346214800313825
0.2,0.2,0.6,0.3,0.61075366,49925,0.04102257359813012
0.8,0.4,0.9,0.3,0.6107593,49925,0.044824333492768466
0.1,0.4,0.9,0.8,0.61078745,49925,0.03698279649319518
0.1,0.9,0.9,0.2,0.61079955,49925,0.03942384324589994
0.9,0.5,0.9,0.9,0.6108058,49925,0.04302582215145675
0.5,0.2,0.1,0.7,0.6108088,49925,0.0392962171654311
0.3,0.3,0.9,0.4,0.6108088,49925,0.04129650463686776
0.9,0.4,0.5,0.8,0.6108424,49925,0.04282003088799113
0.5,0.3,0.8,0.2,0.61085045,49925,0.044295829972791884
0.1,0.2,0.5,0.9,0.61087424,49925,0.035193989905371134
0.6,0.2,0.1,0.6,0.6109098,49925,0.03999433117118069
0.4,0.3,0.9,0.2,0.6109118,49925,0.04332412595084305
0.3,0.2,0.3,0.7,0.61091775,49925,0.03971072767502746
0.8,0.4,0.6,0.8,0.61092454,49925,0.04282329602269031
0.4,0.2,0.3,0.4,0.61092454,49925,0.04282329602269031
0.1,0.2,0.7,0.3,0.61094224,49925,0.038133343094980274
0.1,0.3,0.8,0.7,0.6109675,49925,0.036851511329349954
0.1,0.6,0.9,0.1,0.6109882,49925,0.039589366903168034
0.4,0.3,0.8,0.4,0.6110061,49925,0.0426109780915852
0.2,0.2,0.4,0.9,0.61101526,49925,0.03717273016598029
0.1,0.2,0.5,0.8,0.6110188,49925,0.03579599698615704
0.7,0.3,0.4,0.5,0.6110284,49925,0.043483999388137705
0.3,0.3,0.8,0.7,0.61106926,49925,0.04006407323519113
0.5,0.3,0.7,0.3,0.611077,49925,0.044071234686379045
0.1,0.9,0.9,0.3,0.61113626,49925,0.03937057052102741
0.6,0.3,0.5,0.5,0.61120707,49925,0.04343953895702844
0.3,0.2,0.3,0.6,0.6112392,49925,0.04054891962482652
0.7,0.3,0.6,0.2,0.61125696,49925,0.045200694071899514
0.6,0.4,0.8,0.8,0.61125934,49925,0.04225252386806935
0.3,0.2,0.4,0.4,0.61125934,49925,0.04225252386806935
0.9,0.2,0.2,0.2,0.61126137,49925,0.04260842270839691
0.1,0.3,0.8,0.6,0.6112805,49925,0.037298245886728525
0.8,0.3,0.3,0.6,0.6113512,49925,0.042566405712260835
0.1,0.7,0.9,0.2,0.61136025,49925,0.03957070584239978
0.9,0.4,0.8,0.3,0.6113872,49925,0.04504701402302741
0.7,0.4,0.9,0.4,0.61138827,49925,0.044214602101860664
0.5,0.2,0.4,0.1,0.61139077,49925,0.04547676665012474
0.7,0.4,0.7,0.7,0.6114075,49925,0.04311086920243044
0.8,0.4,0.7,0.6,0.61142373,49925,0.04373048179054848
0.5,0.4,0.9,0.9,0.61142606,49925,0.04122715482648974
0.3,0.3,0.7,0.9,0.61144507,49925,0.039267277263950205
0.8,0.4,0.5,0.9,0.611449,49925,0.042327975352252155
0.9,0.5,0.9,0.8,0.611465,49925,0.04341217818604168
0.8,0.3,0.4,0.4,0.61148226,49925,0.0439925097132562
0.6,0.4,0.9,0.6,0.61150694,49925,0.04302036362641048
0.1,0.7,0.9,0.3,0.6115181,49925,0.03944484905838295
0.4,0.3,0.7,0.5,0.61152345,49925,0.04237822110181907
0.2,0.3,0.9,0.6,0.6115247,49925,0.038974180286665674
0.9,0.3,0.4,0.3,0.6115993,49925,0.0443596517957456
0.1,0.4,0.9,0.7,0.61161065,49925,0.03735490451772835
0.1,0.6,0.9,0.2,0.6116213,49925,0.039546470431314464
0.9,0.3,0.3,0.5,0.6116276,49925,0.04297417907517886
0.8,0.3,0.5,0.2,0.6116517,49925,0.04524899423086387
0.1,0.3,0.9,0.4,0.6116552,49925,0.037751343520065976
0.8,0.3,0.6,0.1,0.6116671,49925,0.04570419835131139
0.2,0.3,0.8,0.9,0.6116723,49925,0.03784065913310904
0.1,0.2,0.7,0.1,0.61169547,49925,0.03920901712388348
0.1,0.2,0.7,0.2,0.61170715,49925,0.03869723614703722
0.2,0.2,0.5,0.5,0.6117106,49925,0.039927927787118705
0.1,0.3,0.8,0.5,0.61174166,49925,0.03774279281958263
0.4,0.3,0.5,0.9,0.6117595,49925,0.040302982767663476
0.1,0.3,0.7,0.9,0.6117741,49925,0.0361620229340451
0.1,0.2,0.6,0.4,0.6117751,49925,0.03809110054142384
0.7,0.4,0.6,0.9,0.6117945,49925,0.042217351168153
0.2,0.1,0.2,0.1,0.6117984,49925,0.04456406239481614
0.6,0.3,0.6,0.3,0.6117984,49925,0.04456406239481613
0.4,0.2,0.4,0.2,0.6117984,49925,0.04456406239481614
0.8,0.4,0.8,0.4,0.6117984,49925,0.04456406239481614
0.1,0.2,0.5,0.7,0.61185217,49925,0.036428732668112786
0.1,0.8,0.9,0.2,0.61185324,49925,0.03952018286965742
0.4,0.3,0.6,0.7,0.6118882,49925,0.041396176451146315
0.7,0.3,0.5,0.3,0.61190265,49925,0.044749452882669946
0.5,0.4,0.9,0.8,0.61191595,49925,0.041683902950952784
0.1,0.8,0.9,0.3,0.6119251,49925,0.03943143921797611
0.1,0.1,0.2,0.4,0.61196387,49925,0.037871659068159036
0.2,0.2,0.4,0.8,0.61196387,49925,0.037871659068159036
0.7,0.4,0.8,0.5,0.61198694,49925,0.043948983098675294
0.8,0.3,0.2,0.8,0.6120063,49925,0.040961574566137755
0.7,0.2,0.1,0.5,0.6120383,49925,0.040486970630000715
0.9,0.4,0.7,0.4,0.6120506,49925,0.04473541331738894
0.3,0.3,0.7,0.8,0.612055,49925,0.03979248948037578
0.9,0.3,0.2,0.7,0.61209047,49925,0.04138314414267264
0.1,0.3,0.9,0.2,0.6121133,49925,0.0384543098947813
0.6,0.4,0.9,0.5,0.6121356,49925,0.043496278535564294
0.2,0.2,0.6,0.2,0.6121486,49925,0.04184727332646839
0.1,0.1,0.3,0.1,0.6121486,49925,0.04184727332646839
0.3,0.3,0.9,0.3,0.6121486,49925,0.04184727332646839
0.1,0.6,0.9,0.3,0.61218673,49925,0.03938652771194739
0.8,0.4,0.6,0.7,0.6122028,49925,0.0433153887285491
0.1,0.3,0.9,0.3,0.61220956,49925,0.03810836208329206
0.1,0.4,0.8,0.9,0.6122124,49925,0.036809748307029565
0.1,0.1,0.1,0.8,0.6122324,49925,0.03244320469007452
0.8,0.4,0.9,0.2,0.612236,49925,0.0453120241195741
0.5,0.3,0.6,0.4,0.6122592,49925,0.043723613399832224
0.1,0.2,0.5,0.6,0.61230296,49925,0.03712221008495215
0.1,0.3,0.9,0.1,0.6123054,49925,0.03866988932093939
0.5,0.2,0.3,0.2,0.61231446,49925,0.04473123060390427
0.4,0.3,0.9,0.1,0.6123153,49925,0.04389059573030375
0.4,0.2,0.1,0.9,0.61235595,49925,0.03758758165831497
0.1,0.9,0.9,0.4,0.6123658,49925,0.03924039753986047
0.4,0.3,0.8,0.3,0.6123663,49925,0.043205793396288515
0.3,0.2,0.2,0.9,0.61237025,49925,0.037795711300017173
0.1,0.3,0.7,0.8,0.61238927,49925,0.03664693705093709
0.7,0.4,0.7,0.6,0.6124093,49925,0.04361139045010395
0.5,0.3,0.5,0.6,0.6124258,49925,0.04260091368885031
0.3,0.3,0.8,0.6,0.61243486,49925,0.04060941645574573
0.9,0.5,0.9,0.7,0.61245507,49925,0.04380849856916656
0.8,0.5,0.9,0.9,0.61246634,49925,0.042870687334542364
0.1,0.4,0.9,0.6,0.61247593,49925,0.03773279804983546
0.9,0.3,0.5,0.1,0.6124839,49925,0.04559139627906899
0.1,0.4,0.9,0.5,0.61248595,49925,0.038101909281683
0.6,0.4,0.7,0.9,0.6124867,49925,0.04190055351992691
0.9,0.4,0.5,0.7,0.61248773,49925,0.04330580260403979
0.2,0.3,0.8,0.8,0.612504,49925,0.03829984022216258
0.3,0.2,0.5,0.2,0.6125198,49925,0.04370106931505103
0.1,0.5,0.9,0.3,0.6125225,49925,0.03919014061392991
0.2,0.3,0.9,0.5,0.61253226,49925,0.039460454191426
0.5,0.4,0.8,0.9,0.61257726,49925,0.04138994031163581
0.1,0.8,0.9,0.4,0.6125816,49925,0.03926603554463096
0.6,0.3,0.3,0.8,0.6125934,49925,0.04139283987068732
0.4,0.3,0.6,0.6,0.6126097,49925,0.04201454015308457
0.5,0.3,0.4,0.8,0.6126161,49925,0.04132591133225134
0.9,0.4,0.9,0.1,0.612647,49925,0.04580967176145233
0.1,0.9,0.8,0.1,0.61266655,49925,0.03961387859680694
0.1,0.4,0.9,0.2,0.6126757,49925,0.039075105846151294
0.4,0.3,0.7,0.4,0.6127017,49925,0.043011768624218974
0.6,0.3,0.4,0.6,0.61271065,49925,0.04282506644893845
0.1,0.7,0.9,0.4,0.61272746,49925,0.03924403177587673
0.1,0.3,0.8,0.4,0.6127544,49925,0.038216655324563475
0.1,0.3,0.7,0.6,0.6127622,49925,0.037631640249391585
0.5,0.3,0.8,0.1,0.6127783,49925,0.044921062869462396
0.1,0.5,0.9,0.9,0.6127909,49925,0.03722609608376697
0.1,0.4,0.8,0.8,0.6127966,49925,0.037192968611625056
0.3,0.3,0.7,0.7,0.61280274,49925,0.04035404114800574
0.1,0.4,0.8,0.7,0.61280274,49925,0.03760910452242639
0.7,0.4,0.9,0.3,0.6128136,49925,0.04471745201802466
0.1,0.5,0.9,0.8,0.6128298,49925,0.0375667105459036
0.9,0.4,0.8,0.2,0.6128385,49925,0.04555701984539694
0.1,0.5,0.9,0.2,0.61284286,49925,0.039414491216611315
0.5,0.2,0.2,0.4,0.61286736,49925,0.04261726787438047
0.7,0.3,0.2,0.9,0.6128896,49925,0.04045163121681807
0.1,0.3,0.8,0.3,0.61289597,49925,0.03864069246493456
0.1,0.8,0.8,0.1,0.61292154,49925,0.03978387405597007
0.6,0.2,0.2,0.3,0.612979,49925,0.04325039074055982
0.1,0.3,0.7,0.7,0.6129918,49925,0.037125376516377116
0.7,0.3,0.3,0.7,0.6129943,49925,0.04204159599442777
0.9,0.4,0.6,0.5,0.6130076,49925,0.04430864548713817
0.2,0.3,0.8,0.6,0.61304843,49925,0.03933063533558175
0.1,0.5,0.9,0.1,0.6130551,49925,0.039496754314404164
0.2,0.2,0.4,0.7,0.6131155,49925,0.03862128472019205
0.1,0.4,0.9,0.4,0.61311775,49925,0.038469009768202056
0.2,0.3,0.8,0.7,0.61312395,49925,0.038802601184639726
0.1,0.6,0.9,0.4,0.61314404,49925,0.039138854712939784
0.3,0.2,0.2,0.8,0.6131488,49925,0.03857889513351471
0.4,0.3,0.5,0.8,0.6131688,49925,0.04089146652911466
0.6,0.4,0.8,0.6,0.6131705,49925,0.04325291649169628
0.3,0.2,0.4,0.3,0.6131705,49925,0.04325291649169628
0.2,0.2,0.5,0.4,0.61318916,49925,0.04077657072455407
0.5,0.4,0.9,0.7,0.6131923,49925,0.04214944748004229
0.6,0.4,0.8,0.7,0.6132198,49925,0.042736128996983244
0.1,0.2,0.6,0.3,0.6132483,49925,0.03876357143227545
0.8,0.4,0.7,0.5,0.61324877,49925,0.04423074387770478
0.6,0.3,0.7,0.1,0.61325616,49925,0.04553704772404325
0.3,0.3,0.8,0.5,0.61326313,49925,0.041153956480161756
0.9,0.5,0.8,0.9,0.6132693,49925,0.04312363143851919
0.7,0.3,0.4,0.4,0.61327595,49925,0.04412749595523912
0.6,0.3,0.5,0.4,0.61328197,49925,0.04411824789530234
0.8,0.4,0.5,0.8,0.61328477,49925,0.042799442644931365
0.4,0.2,0.3,0.3,0.61336267,49925,0.04382455397706151
0.8,0.4,0.6,0.6,0.61336267,49925,0.04382455397706151
0.1,0.7,0.9,0.5,0.6133628,49925,0.0390024991870039
0.1,0.9,0.8,0.2,0.6133677,49925,0.039636192919624204
0.1,0.4,0.9,0.1,0.6133728,49925,0.039221691118891185
0.2,0.2,0.4,0.6,0.6133732,49925,0.039424058858111115
0.3,0.3,0.6,0.9,0.6133732,49925,0.03942405885811111
0.1,0.1,0.2,0.3,0.6133732,49925,0.039424058858111115
0.2,0.3,0.9,0.3,0.6133865,49925,0.040464651991308345
0.5,0.4,0.9,0.6,0.613413,49925,0.04261330099831579
0.9,0.2,0.1,0.4,0.6134232,49925,0.04037059485045367
0.5,0.3,0.5,0.5,0.6134273,49925,0.04327024708661631
0.1,0.8,0.8,0.2,0.61344504,49925,0.03978479619354982
0.9,0.4,0.7,0.3,0.6134504,49925,0.04521307440674258
0.1,0.3,0.8,0.2,0.6134559,49925,0.03905710735027902
0.1,0.4,0.9,0.3,0.61346084,49925,0.03880517962894912
0.7,0.4,0.6,0.8,0.6134686,49925,0.04271914324884875
0.1,0.7,0.8,0.1,0.61347634,49925,0.039926453364028995
0.6,0.4,0.9,0.4,0.6134802,49925,0.0440022559745616
0.9,0.4,0.4,0.9,0.61349016,49925,0.04220264097226695
0.1,0.3,0.7,0.5,0.6134919,49925,0.03813853321086558
0.4,0.2,0.2,0.5,0.61349905,49925,0.041709066568768466
0.4,0.1,0.1,0.1,0.61350036,49925,0.04313058367217563
0.8,0.2,0.2,0.2,0.61350036,49925,0.04313058367217563
0.1,0.2,0.5,0.5,0.61352646,49925,0.03783542242433852
0.1,0.8,0.9,0.5,0.61352706,49925,0.039047280446346706
0.2,0.3,0.9,0.2,0.6135345,49925,0.040984027610953766
0.6,0.2,0.3,0.1,0.6135381,49925,0.04530229150106361
0.7,0.4,0.8,0.4,0.6135469,49925,0.04445470496945981
0.2,0.3,0.9,0.4,0.6135502,49925,0.03995735696181471
0.3,0.3,0.9,0.2,0.61360264,49925,0.04240614739489863
0.6,0.4,0.7,0.8,0.6136057,49925,0.04238132399858712
0.3,0.2,0.3,0.5,0.61361784,49925,0.04147819752372984
0.5,0.3,0.7,0.2,0.6136365,49925,0.04473709053381748
0.1,0.5,0.9,0.6,0.6136382,49925,0.03824299652352835
0.2,0.2,0.6,0.1,0.6136645,49925,0.04267793904075854
0.1,0.6,0.9,0.7,0.61366546,49925,0.03825667276864915
0.1,0.9,0.8,0.3,0.6136706,49925,0.03953736965462022
0.8,0.5,0.9,0.8,0.6137017,49925,0.04327055353597479
0.1,0.6,0.8,0.1,0.6137109,49925,0.040014494968865444
0.1,0.1,0.1,0.7,0.6137221,49925,0.0334560722988477
0.1,0.6,0.9,0.9,0.61372375,49925,0.03760887568590859
0.5,0.3,0.3,0.9,0.6137249,49925,0.04054241357957099
0.8,0.4,0.8,0.3,0.61373574,49925,0.045066237428086665
0.2,0.2,0.3,0.9,0.61374635,49925,0.03703438999158939
0.1,0.5,0.9,0.4,0.61374664,49925,0.03889445529851326
0.1,0.6,0.8,0.2,0.6137762,49925,0.039901391776396594
0.1,0.9,0.9,0.5,0.61378664,49925,0.039055764393096
0.9,0.4,0.5,0.6,0.61379,49925,0.043816528170341686
0.4,0.4,0.9,0.9,0.61379576,49925,0.04056809742521852
0.8,0.3,0.4,0.3,0.6138449,49925,0.04463215779255783
0.8,0.3,0.3,0.5,0.6138455,49925,0.04316546584145845
0.1,0.5,0.9,0.7,0.6138786,49925,0.037900928361061605
0.5,0.4,0.8,0.8,0.6138786,49925,0.0418689658735368
0.2,0.3,0.7,0.9,0.6138818,49925,0.038055473329949484
0.9,0.5,0.8,0.8,0.61393154,49925,0.04352147534466226
0.4,0.3,0.8,0.2,0.6139368,49925,0.04381095877858295
0.1,0.6,0.9,0.5,0.6139511,49925,0.038857648578649075
0.1,0.6,0.9,0.6,0.6139638,49925,0.0385523174344764
0.1,0.4,0.8,0.6,0.6140215,49925,0.03804125305698794
0.1,0.6,0.9,0.8,0.6140497,49925,0.037934170282566224
0.1,0.7,0.9,0.7,0.6140653,49925,0.03844820790234428
0.3,0.3,0.9,0.1,0.61408275,49925,0.04295971836850043
0.8,0.2,0.1,0.4,0.6141043,49925,0.04077239342454037
0.3,0.3,0.6,0.8,0.6141171,49925,0.03999645316136743
0.6,0.4,0.6,0.9,0.61412424,49925,0.04197725916148685
0.1,0.8,0.8,0.3,0.6141578,49925,0.03963420794195024
0.1,0.7,0.9,0.6,0.61416256,49925,0.03873803850043064
0.6,0.3,0.4,0.5,0.6141646,49925,0.043490098679598105
0.1,0.2,0.6,0.1,0.61417454,49925,0.04008606802519238
0.7,0.3,0.6,0.1,0.6141786,49925,0.04587038344371659
0.1,0.2,0.4,0.9,0.6141869,49925,0.035222827907259405
0.1,0.7,0.8,0.2,0.61422074,49925,0.039870254201321606
0.3,0.2,0.2,0.7,0.6142297,49925,0.039418867198490457
0.2,0.3,0.8,0.5,0.6142331,49925,0.039860584902963056
0.9,0.3,0.3,0.4,0.6142438,49925,0.04354548461320608
0.1,0.5,0.8,0.1,0.61425114,49925,0.04001001832257446
0.6,0.4,0.8,0.5,0.6142563,49925,0.04373605466178134
0.3,0.3,0.7,0.6,0.61426014,49925,0.040946646767024225
0.8,0.5,0.9,0.7,0.61426604,49925,0.04368741589027785
0.3,0.2,0.5,0.1,0.6142836,49925,0.04465514720617445
0.1,0.2,0.6,0.2,0.61428595,49925,0.03944168230035773
0.8,0.4,0.7,0.4,0.6142874,49925,0.04474296637853184
0.8,0.3,0.2,0.7,0.61428785,49925,0.04152867837592015
0.5,0.3,0.6,0.3,0.61428887,49925,0.04441368783415194
0.5,0.3,0.4,0.7,0.6142901,49925,0.04198166673124938
0.5,0.2,0.1,0.6,0.61429435,49925,0.04010310120319749
0.2,0.2,0.3,0.8,0.61431944,49925,0.037797591918040545
0.1,0.7,0.9,0.8,0.6143293,49925,0.0381810836937978
0.1,0.5,0.9,0.5,0.61434215,49925,0.03857351125266259
0.2,0.2,0.4,0.5,0.61435056,49925,0.04028779358421091
0.7,0.3,0.3,0.6,0.61436194,49925,0.04265848496667813
0.1,0.3,0.8,0.1,0.6143799,49925,0.0393621336619549
0.1,0.2,0.5,0.4,0.6143801,49925,0.038620452674451224
0.4,0.3,0.5,0.7,0.6143882,49925,0.04152728091612469
0.1,0.8,0.9,0.6,0.6143996,49925,0.03881023886572788
0.6,0.4,0.7,0.7,0.6144337,49925,0.04289843539708397
0.1,0.3,0.7,0.4,0.6144349,49925,0.03865906211733433
0.1,0.3,0.6,0.9,0.614478,49925,0.0363145279395513
0.2,0.3,0.7,0.8,0.61451775,49925,0.03857103222249101
0.3,0.3,0.8,0.4,0.61453044,49925,0.041741121255439745
0.1,0.4,0.8,0.3,0.6145337,49925,0.039249036651475236
0.6,0.3,0.6,0.2,0.6145464,49925,0.04524042371015114
0.8,0.3,0.5,0.1,0.6145548,49925,0.045892800844239696
0.1,0.4,0.8,0.5,0.61458445,49925,0.0384685238146639
0.1,0.9,0.9,0.6,0.6145896,49925,0.03884512127038897
0.1,0.7,0.8,0.3,0.61459124,49925,0.039714771230899476
0.4,0.2,0.1,0.8,0.6146024,49925,0.038330498609125414
0.1,0.5,0.8,0.2,0.6146309,49925,0.039882954956473225
0.1,0.6,0.8,0.3,0.61464614,49925,0.03970820249708876
0.8,0.5,0.8,0.9,0.6146661,49925,0.042969673803328466
0.7,0.4,0.9,0.2,0.61467093,49925,0.0452283110195374
0.9,0.5,0.9,0.6,0.6146735,49925,0.044233205895637916
0.7,0.3,0.5,0.2,0.6146893,49925,0.04542154965386011
0.1,0.5,0.8,0.3,0.61470926,49925,0.03956678843123963
0.1,0.9,0.8,0.4,0.6147161,49925,0.039388979465301024
0.9,0.4,0.6,0.4,0.6147342,49925,0.044825638773722
0.7,0.4,0.5,0.9,0.6147376,49925,0.04219910349671603
0.8,0.4,0.5,0.7,0.6147563,49925,0.04330483146238353
0.1,0.4,0.8,0.2,0.61477,49925,0.03959876563948431
0.2,0.3,0.8,0.4,0.6148634,49925,0.04041128872994706
0.1,0.7,0.9,0.9,0.61486655,49925,0.037884342420653375
0.4,0.3,0.6,0.5,0.6148924,49925,0.04267510003653528
0.1,0.4,0.7,0.8,0.6149055,49925,0.03740440739266388
0.1,0.5,0.8,0.8,0.6149236,49925,0.037742712065160604
0.1,0.3,0.6,0.8,0.6149242,49925,0.03682224735046358
0.7,0.4,0.7,0.5,0.61494267,49925,0.04412985702864844
0.4,0.4,0.9,0.8,0.6149689,49925,0.041024444908718906
0.1,0.5,0.8,0.9,0.61498445,49925,0.0373666361902294
0.6,0.4,0.9,0.3,0.61498904,49925,0.0445162995284143
0.7,0.4,0.6,0.7,0.61499506,49925,0.04321817142790518
0.9,0.3,0.2,0.6,0.61500156,49925,0.04193594966590708
0.8,0.4,0.9,0.1,0.6150074,49925,0.0458125618877845
0.1,0.5,0.8,0.7,0.61501163,49925,0.03811744823622308
0.5,0.4,0.9,0.5,0.6150157,49925,0.04310796741319648
0.1,0.7,0.8,0.4,0.61501735,49925,0.03946205481273496
0.2,0.2,0.5,0.3,0.6150263,49925,0.041662780079637814
0.6,0.3,0.3,0.7,0.6150709,49925,0.04202735432886963
0.9,0.3,0.4,0.2,0.61510587,49925,0.04496121797195406
0.3,0.3,0.6,0.7,0.61512303,49925,0.0406013891023115
0.1,0.2,0.4,0.8,0.6151662,49925,0.03589268639581276
0.4,0.3,0.7,0.3,0.61517346,49925,0.0436673021643507
0.5,0.3,0.5,0.4,0.6151895,49925,0.043943985468029856
0.5,0.4,0.8,0.7,0.615204,49925,0.04234670794177913
0.2,0.3,0.8,0.3,0.61524963,49925,0.040999855241277396
0.1,0.4,0.8,0.4,0.61527,49925,0.038856686219378794
0.9,0.5,0.8,0.7,0.6152844,49925,0.04394457638400881
0.8,0.4,0.6,0.5,0.61528456,49925,0.04434601341457898
0.6,0.2,0.1,0.5,0.6152926,49925,0.04075232118609906
0.3,0.3,0.8,0.3,0.6153048,49925,0.042338081561141536
0.1,0.8,0.9,0.8,0.6153171,49925,0.03829627689007046
0.5,0.3,0.3,0.8,0.61531985,49925,0.041178792026946825
0.9,0.5,0.7,0.9,0.615331,49925,0.04315609134907391
0.9,0.4,0.8,0.1,0.6153921,49925,0.04606467373835756
0.7,0.3,0.2,0.8,0.61539346,49925,0.04101143415893033
0.9,0.3,0.1,0.9,0.6154029,49925,0.03956492087504558
0.7,0.4,0.8,0.3,0.61541086,49925,0.04499329758620464
0.1,0.6,0.8,0.7,0.61543775,49925,0.03842479630474334
0.6,0.3,0.5,0.3,0.6154425,49925,0.044787052924522404
0.1,0.5,0.8,0.6,0.6154531,49925,0.038499040544016636
0.1,0.3,0.6,0.7,0.6154595,49925,0.03736981286407817
0.2,0.3,0.7,0.6,0.6154695,49925,0.03966502690692892
0.1,0.2,0.4,0.7,0.615474,49925,0.03660473866765714
0.4,0.3,0.4,0.9,0.6154778,49925,0.04025913104807726
0.1,0.8,0.9,0.7,0.61548424,49925,0.03855815136362627
0.5,0.4,0.7,0.9,0.6154976,49925,0.04151341801681474
0.8,0.5,0.9,0.6,0.6155058,49925,0.04411213784083056
0.1,0.4,0.7,0.9,0.6155257,49925,0.03694259699604636
0.1,0.5,0.8,0.4,0.61552685,49925,0.03923509021244489
0.1,0.8,0.8,0.4,0.61555433,49925,0.03944952670014658
0.1,0.1,0.1,0.6,0.6155544,49925,0.034590270442026665
0.8,0.4,0.4,0.9,0.61556655,49925,0.04218271419918849
0.1,0.6,0.8,0.5,0.615585,49925,0.039095204885277686
0.2,0.3,0.7,0.7,0.61559093,49925,0.03911113158522938
0.4,0.3,0.8,0.1,0.61562485,49925,0.04443163073077024
0.1,0.8,0.7,0.1,0.61563236,49925,0.040050967090925434
0.1,0.6,0.8,0.4,0.61563593,49925,0.039411168396094036
0.1,0.5,0.8,0.5,0.6156524,49925,0.03886624010733487
0.9,0.5,0.9,0.5,0.6156554,49925,0.04466572169029464
0.9,0.4,0.4,0.8,0.61565804,49925,0.042678673851205357
0.1,0.3,0.7,0.3,0.6156792,49925,0.03917408788112074
0.4,0.4,0.8,0.9,0.6157061,49925,0.040757735079613666
0.1,0.6,0.8,0.6,0.61571956,49925,0.038767756613608484
0.1,0.3,0.7,0.2,0.61573094,49925,0.039676278496542434
0.1,0.4,0.7,0.7,0.6157335,49925,0.037871382820571384
0.8,0.5,0.8,0.8,0.61573875,49925,0.04338585484262045
0.1,0.8,0.9,0.9,0.61574876,49925,0.03803128610427492
0.1,0.7,0.7,0.1,0.6157604,49925,0.040272220539708
0.1,0.4,0.8,0.1,0.615765,49925,0.03981881932853484
0.1,0.4,0.7,0.6,0.6157676,49925,0.03832731935085906
0.1,0.2,0.5,0.3,0.6157753,49925,0.03941083885590018
0.3,0.3,0.8,0.2,0.61577934,49925,0.04296646914900538
0.3,0.3,0.7,0.5,0.6157894,49925,0.04154240273392189
0.2,0.2,0.3,0.7,0.6157963,49925,0.03862927964213155
0.7,0.5,0.9,0.9,0.61581945,49925,0.042637794425380106
0.6,0.4,0.7,0.6,0.615826,49925,0.04341609457341317
0.4,0.4,0.9,0.7,0.615827,49925,0.04148237262372123
0.2,0.4,0.9,0.9,0.615868,49925,0.038429677481769654
0.9,0.4,0.5,0.5,0.61588293,49925,0.04432246082341657
0.1,0.7,0.8,0.5,0.615889,49925,0.039184192840614675
0.3,0.2,0.3,0.4,0.6159371,49925,0.04248089560584268
0.6,0.4,0.6,0.8,0.6159371,49925,0.04248089560584268
0.4,0.3,0.4,0.8,0.6159602,49925,0.040899362143956265
0.3,0.2,0.2,0.6,0.61597425,49925,0.040338579883648654
0.1,0.3,0.6,0.6,0.61597836,49925,0.037937649693372405
0.1,0.9,0.7,0.1,0.6160055,49925,0.03981025715350841
0.5,0.3,0.4,0.6,0.6160143,49925,0.042653536597671814
0.7,0.3,0.4,0.3,0.61601555,49925,0.04483208804656484
0.2,0.3,0.9,0.1,0.6160157,49925,0.04144555238577255
0.7,0.5,0.9,0.8,0.6160328,49925,0.04305554141983663
0.9,0.4,0.7,0.2,0.61605036,49925,0.045745213583601084
0.7,0.2,0.2,0.2,0.6160565,49925,0.04364341315232986
0.8,0.4,0.7,0.3,0.61606866,49925,0.045280293711499546
0.7,0.4,0.6,0.6,0.6160927,49925,0.04375429291929264
0.2,0.3,0.6,0.9,0.6160933,49925,0.038238060083965804
0.6,0.4,0.8,0.4,0.6160991,49925,0.04426419704873606
0.3,0.2,0.4,0.2,0.6160991,49925,0.04426419704873606
0.3,0.4,0.9,0.9,0.61611164,49925,0.03967525614073929
0.3,0.3,0.5,0.9,0.61613667,49925,0.039534031364932665
0.1,0.9,0.9,0.7,0.6161406,49925,0.03862097314458089
0.5,0.2,0.2,0.3,0.61615556,49925,0.04357895064720643
0.3,0.3,0.6,0.6,0.616171,49925,0.041244145934227545
0.1,0.1,0.2,0.2,0.616171,49925,0.04124414593422754
0.2,0.2,0.4,0.4,0.616171,49925,0.04124414593422754
0.4,0.4,0.8,0.8,0.616171,49925,0.04124414593422754
0.8,0.4,0.8,0.2,0.6161712,49925,0.04558845843739987
0.4,0.2,0.4,0.1,0.6161712,49925,0.04558845843739987
0.1,0.8,0.8,0.5,0.61620814,49925,0.03920566411815936
0.1,0.3,0.6,0.5,0.6162129,49925,0.03853286940741627
0.5,0.3,0.7,0.1,0.6162136,49925,0.0454125854309586
0.8,0.4,0.5,0.6,0.61621594,49925,0.04381731309552578
0.9,0.5,0.7,0.8,0.6162196,49925,0.043568809787580466
0.4,0.3,0.6,0.4,0.61629105,49925,0.043346784443336256
0.5,0.4,0.9,0.4,0.61629725,49925,0.04360935624620526
0.5,0.4,0.8,0.6,0.61633694,49925,0.04285538554712792
0.8,0.5,0.8,0.7,0.6163937,49925,0.04381211881113945
0.2,0.3,0.6,0.8,0.616422,49925,0.03879059842061546
0.5,0.4,0.7,0.8,0.6164474,49925,0.04201374114858946
0.9,0.5,0.8,0.6,0.616455,49925,0.04436557649069389
0.3,0.3,0.5,0.8,0.6165087,49925,0.04014331129616836
0.2,0.4,0.9,0.8,0.6165099,49925,0.03885534468282728
0.1,0.4,0.7,0.3,0.61652017,49925,0.03970292906540129
0.3,0.4,0.9,0.8,0.61653894,49925,0.04012548295867018
0.4,0.3,0.5,0.6,0.61655384,49925,0.04219102195405991
0.2,0.3,0.7,0.5,0.6165636,49925,0.040249353675523424
0.1,0.4,0.7,0.5,0.6165709,49925,0.03880068597771495
0.9,0.5,0.7,0.7,0.61657363,49925,0.04400692983816851
0.8,0.3,0.4,0.2,0.6165787,49925,0.04527884688331955
0.2,0.2,0.5,0.2,0.61658067,49925,0.04260010059437024
0.1,0.7,0.8,0.6,0.61658406,49925,0.03890576597042938
0.1,0.6,0.8,0.8,0.616585,49925,0.03808591654354445
0.9,0.4,0.6,0.3,0.6165954,49925,0.04536910193695057
0.1,0.5,0.7,0.2,0.6166191,49925,0.04027856044926024
0.6,0.3,0.2,0.9,0.6166309,49925,0.04035603212155206
0.7,0.5,0.8,0.9,0.6166464,49925,0.042732289510133546
0.4,0.2,0.1,0.7,0.6166674,49925,0.03913725212301899
0.7,0.3,0.3,0.5,0.61668086,49925,0.04332650776146111
0.8,0.3,0.2,0.6,0.616686,49925,0.04211374309681234
0.1,0.3,0.6,0.4,0.61669725,49925,0.0391315538876932
0.8,0.5,0.9,0.5,0.61670786,49925,0.0445583726562044
0.1,0.6,0.8,0.9,0.6167312,49925,0.03773365505524027
0.7,0.4,0.5,0.8,0.6167382,49925,0.0426991940269906
0.5,0.2,0.3,0.1,0.61675805,49925,0.045743999755039184
0.1,0.9,0.9,0.9,0.6167807,49925,0.03814542937124061
0.2,0.3,0.8,0.2,0.6167857,49925,0.041571315667032746
0.7,0.5,0.9,0.7,0.6167867,49925,0.04348595710927223
0.1,0.9,0.9,0.8,0.61679125,49925,0.03838487022618441
0.1,0.2,0.4,0.6,0.6167921,49925,0.03738615802705326
0.1,0.2,0.5,0.2,0.61680126,49925,0.04025877909666305
0.6,0.4,0.9,0.2,0.6168116,49925,0.045037403837712826
0.1,0.5,0.7,0.9,0.6168141,49925,0.03746220861381254
0.2,0.2,0.3,0.6,0.6168155,49925,0.039555507741873275
0.6,0.4,0.7,0.5,0.6168486,49925,0.04396134246459503
0.1,0.6,0.7,0.1,0.6168749,49925,0.040426322429626266
0.1,0.7,0.7,0.2,0.61688393,49925,0.040157009697780195
0.1,0.7,0.8,0.8,0.6168959,49925,0.03829054878717011
0.7,0.4,0.7,0.4,0.6169096,49925,0.04467836021303698
0.3,0.4,0.8,0.9,0.61691,49925,0.03988333713767154
0.1,0.3,0.5,0.9,0.6169114,49925,0.036400786793573676
0.1,0.1,0.1,0.5,0.6169153,49925,0.03593538999717848
0.1,0.9,0.8,0.5,0.61694175,49925,0.039169318818579504
0.7,0.4,0.9,0.1,0.61696637,49925,0.045756158776981165
0.6,0.3,0.4,0.4,0.6169884,49925,0.04419886192593881
0.4,0.2,0.3,0.2,0.6169904,49925,0.04488147702961724
0.8,0.4,0.6,0.4,0.6169904,49925,0.04488147702961724
0.6,0.4,0.5,0.9,0.61700433,49925,0.041963145447494486
0.1,0.4,0.7,0.1,0.61700445,49925,0.040430625606872626
0.1,0.5,0.7,0.6,0.6170374,49925,0.03872302950574795
0.5,0.4,0.6,0.9,0.6170411,49925,0.04160569242100865
0.1,0.8,0.7,0.2,0.61706555,49925,0.03998699956102705
0.1,0.9,0.7,0.2,0.61708504,49925,0.03978973599354149
0.8,0.3,0.3,0.4,0.61709553,49925,0.043796769140028426
0.4,0.3,0.7,0.2,0.6171131,49925,0.0443198621945012
0.9,0.5,0.9,0.4,0.61711794,49925,0.04510780197100879
0.7,0.2,0.1,0.4,0.6171534,49925,0.04117121310299805
0.8,0.3,0.1,0.9,0.6171833,49925,0.03962290092140013
0.1,0.5,0.7,0.3,0.6171887,49925,0.039959428567202776
0.6,0.3,0.6,0.1,0.61719424,49925,0.04593439966052278
0.9,0.4,0.4,0.7,0.61720514,49925,0.04317822476181366
0.9,0.2,0.2,0.1,0.61721677,49925,0.04314770449853543
0.7,0.4,0.6,0.5,0.6172178,49925,0.04429533440538485
0.1,0.6,0.7,0.3,0.6172269,49925,0.03998949606467969
0.1,0.7,0.8,0.7,0.6172296,49925,0.03859350727503211
0.5,0.3,0.6,0.2,0.61724186,49925,0.0451273920994711
0.1,0.4,0.7,0.4,0.61725056,49925,0.039256977768130585
0.6,0.3,0.5,0.2,0.61725724,49925,0.045519050535980744
0.8,0.5,0.8,0.6,0.6172763,49925,0.04425482160947544
0.1,0.6,0.7,0.2,0.6172833,49925,0.04027042385165986
0.3,0.3,0.8,0.1,0.6172866,49925,0.043590284403464505
0.1,0.7,0.8,0.9,0.6172995,49925,0.03796667785865083
0.3,0.3,0.7,0.4,0.6173039,49925,0.04219081458396398
0.1,0.5,0.7,0.1,0.61731327,49925,0.040515649323487404
0.9,0.4,0.3,0.9,0.6173364,49925,0.04192477607359821
0.1,0.5,0.7,0.4,0.617358,49925,0.039559315348091886
0.1,0.8,0.8,0.6,0.61738205,49925,0.038944005997468376
0.1,0.4,0.7,0.2,0.6174058,49925,0.04014194406574083
0.2,0.3,0.6,0.7,0.61740583,49925,0.039372710655634344
0.6,0.4,0.6,0.7,0.61740696,49925,0.0430206109794609
0.8,0.5,0.7,0.9,0.617408,49925,0.04303400616231771
0.1,0.3,0.7,0.1,0.61742556,49925,0.040084641114162003
0.6,0.3,0.3,0.6,0.6174382,49925,0.042680515068687995
0.4,0.2,0.2,0.4,0.6174382,49925,0.042680515068687995
0.2,0.1,0.1,0.2,0.6174382,49925,0.042680515068687995
0.8,0.4,0.4,0.8,0.6174382,49925,0.042680515068687995
0.1,0.5,0.7,0.7,0.6174471,49925,0.03829285831318145
0.1,0.5,0.7,0.8,0.617485,49925,0.037873167035766236
0.5,0.3,0.5,0.3,0.61751753,49925,0.04470905064040144
0.7,0.4,0.8,0.2,0.61754274,49925,0.0455352389345196
0.4,0.4,0.8,0.7,0.6175618,49925,0.041744229539828016
0.4,0.3,0.4,0.7,0.61760753,49925,0.041585024956425146
0.3,0.4,0.8,0.8,0.61760867,49925,0.04036557570257
0.9,0.4,0.5,0.4,0.61762637,49925,0.04486412963965949
0.1,0.7,0.7,0.4,0.61763036,49925,0.039666805352776745
0.2,0.4,0.9,0.7,0.6176333,49925,0.039291138220403324
0.3,0.4,0.9,0.7,0.6176341,49925,0.040587745756057364
0.4,0.4,0.9,0.6,0.6176547,49925,0.041949872521859555
0.5,0.4,0.8,0.5,0.6176907,49925,0.043381011195262886
0.4,0.4,0.7,0.9,0.61770207,49925,0.040904170518424834
0.2,0.3,0.7,0.4,0.61770976,49925,0.04087209213494509
0.7,0.4,0.4,0.9,0.6177127,49925,0.04209288214869095
0.1,0.8,0.7,0.3,0.6177172,49925,0.039832907441034106
0.1,0.2,0.4,0.5,0.6177294,49925,0.0382028324256772
0.1,0.9,0.8,0.7,0.61774266,49925,0.038690927366350235
0.1,0.9,0.8,0.6,0.617744,49925,0.038942346371231805
0.4,0.3,0.5,0.5,0.6177647,49925,0.042892465878650435
0.1,0.3,0.6,0.3,0.61776817,49925,0.039747610817869525
0.5,0.4,0.9,0.3,0.61777663,49925,0.04412668672690498
0.9,0.5,0.8,0.5,0.61778724,49925,0.04481133938252762
0.1,0.9,0.7,0.3,0.61778736,49925,0.0396717783520784
0.6,0.5,0.9,0.9,0.61781776,49925,0.04229369479233239
0.6,0.4,0.8,0.3,0.6178518,49925,0.044819372045692724
0.1,0.8,0.8,0.7,0.61785984,49925,0.03867311878991502
0.1,0.5,0.7,0.5,0.61786634,49925,0.0391465631396398
0.5,0.2,0.1,0.5,0.6178778,49925,0.04092561465400688
0.1,0.7,0.7,0.3,0.6179173,49925,0.039949533791826815
0.2,0.4,0.9,0.5,0.61792815,49925,0.04020161200930948
0.9,0.5,0.6,0.9,0.6179313,49925,0.04315433862751726
0.3,0.3,0.6,0.5,0.6179514,49925,0.041920350512592644
0.3,0.3,0.5,0.7,0.6180084,49925,0.04078867415175401
0.7,0.5,0.9,0.6,0.6180149,49925,0.04391909872274474
0.5,0.3,0.3,0.7,0.61802274,49925,0.041862689796019446
0.7,0.3,0.5,0.1,0.6180352,49925,0.046118803186876264
0.1,0.8,0.8,0.8,0.6180357,49925,0.03838722047253874
0.7,0.3,0.2,0.7,0.618052,49925,0.04161018687822537
0.2,0.4,0.9,0.6,0.6180617,49925,0.03974864750067754
0.3,0.4,0.9,0.6,0.6180824,49925,0.041060701247734276
0.1,0.3,0.5,0.8,0.61809194,49925,0.03695820260508026
0.2,0.2,0.5,0.1,0.618095,49925,0.04360547597017546
0.8,0.4,0.8,0.1,0.6181097,49925,0.04611369920643335
0.1,0.4,0.6,0.8,0.6181335,49925,0.03753307249463267
0.8,0.4,0.7,0.2,0.61814773,49925,0.04581430372706536
0.7,0.4,0.7,0.3,0.61814857,49925,0.04525999804913084
0.2,0.4,0.8,0.9,0.61818165,49925,0.03862911554089932
0.1,0.9,0.8,0.8,0.61818266,49925,0.038426638626769594
0.8,0.4,0.5,0.5,0.6181846,49925,0.04438509287139502
0.1,0.2,0.4,0.4,0.6181874,49925,0.039104469435441845
0.2,0.4,0.8,0.8,0.6181874,49925,0.039104469435441845
0.9,0.5,0.9,0.3,0.6182004,49925,0.045548936559784196
0.1,0.3,0.6,0.2,0.6182202,49925,0.04033619110280558
0.2,0.3,0.7,0.3,0.61825603,49925,0.041521641420568405
0.9,0.3,0.2,0.5,0.61826,49925,0.04249113426040555
0.1,0.2,0.3,0.9,0.6182609,49925,0.03507515162303325
0.6,0.2,0.2,0.2,0.61829185,49925,0.044141209614769965
0.3,0.1,0.1,0.1,0.61829185,49925,0.044141209614769965
0.9,0.3,0.3,0.3,0.61829185,49925,0.044141209614769965
0.3,0.3,0.7,0.3,0.6183215,49925,0.04284726924941499
0.9,0.3,0.4,0.1,0.618327,49925,0.04560220009544145
0.4,0.4,0.9,0.5,0.6183342,49925,0.04246359115455392
0.1,0.4,0.6,0.9,0.6183414,49925,0.037045592199039926
0.1,0.2,0.5,0.1,0.6183469,49925,0.041076294477812345
0.6,0.4,0.5,0.8,0.6183553,49925,0.04249989313566513
0.7,0.5,0.8,0.8,0.6183659,49925,0.043166646781419134
0.1,0.6,0.7,0.7,0.6183736,49925,0.03857254100498721
0.5,0.3,0.4,0.5,0.6183845,49925,0.04337690036056334
0.7,0.4,0.5,0.7,0.6184116,49925,0.04324523203400794
0.2,0.3,0.6,0.6,0.6184136,49925,0.0399926779852331
0.9,0.3,0.1,0.8,0.61842465,49925,0.040045676568563754
0.5,0.4,0.9,0.2,0.6184559,49925,0.044671872272620504
0.1,0.6,0.7,0.4,0.61846423,49925,0.03966141710110849
0.8,0.4,0.6,0.3,0.61848295,49925,0.04544615902152814
0.8,0.5,0.9,0.4,0.6185023,49925,0.045007853199196236
0.9,0.5,0.7,0.6,0.61850953,49925,0.044459066452665376
0.2,0.3,0.8,0.1,0.61851704,49925,0.04212390195103724
0.9,0.4,0.7,0.1,0.6185342,49925,0.04629370114224045
0.2,0.2,0.4,0.3,0.6185452,49925,0.042251335715681515
0.4,0.4,0.8,0.6,0.6185452,49925,0.042251335715681515
0.2,0.4,0.9,0.4,0.61859745,49925,0.0406654681619779
0.2,0.2,0.3,0.5,0.6186102,49925,0.04051643585572445
0.9,0.4,0.4,0.6,0.61862004,49925,0.04369945731013137
0.5,0.4,0.6,0.8,0.61863315,49925,0.042125156280672524
0.6,0.3,0.2,0.8,0.6186372,49925,0.04096726995165552
0.2,0.4,0.8,0.7,0.618646,49925,0.03957621559462397
0.1,0.8,0.8,0.9,0.6186491,49925,0.03807268705143447
0.3,0.4,0.9,0.5,0.61866164,49925,0.04155567947051236
0.9,0.5,0.6,0.8,0.6186708,49925,0.043584804885227965
0.8,0.5,0.7,0.8,0.6186795,49925,0.0434599363027908
0.9,0.4,0.3,0.8,0.6186892,49925,0.04241351145451745
0.1,0.4,0.6,0.7,0.61869717,49925,0.038051887753394895
0.1,0.6,0.7,0.8,0.61870384,49925,0.03819429100341771
0.1,0.6,0.7,0.6,0.6187115,49925,0.03892746654477396
0.4,0.4,0.7,0.8,0.61871153,49925,0.041433759475306524
0.2,0.2,0.2,0.9,0.6187185,49925,0.036691434321821675
0.4,0.3,0.6,0.3,0.61874664,49925,0.04406391741958552
0.5,0.5,0.9,0.9,0.6187611,49925,0.041811490904977454
0.1,0.8,0.7,0.4,0.6187702,49925,0.03958933577463732
0.5,0.4,0.7,0.7,0.61877257,49925,0.042529349611106174
0.9,0.2,0.1,0.3,0.6187878,49925,0.04090032312680174
0.6,0.3,0.4,0.3,0.61879915,49925,0.04493797278881642
0.1,0.6,0.7,0.5,0.6188515,49925,0.039305165151102446
0.6,0.4,0.9,0.1,0.6188723,49925,0.045556039257369854
0.1,0.9,0.7,0.4,0.6188803,49925,0.03948008541742875
0.9,0.4,0.6,0.2,0.6188847,49925,0.04591050105739237
0.5,0.4,0.8,0.4,0.6189451,49925,0.043936508586255744
0.7,0.3,0.4,0.2,0.6189508,49925,0.045547867166391524
0.1,0.2,0.3,0.8,0.6189523,49925,0.035814938379919045
0.2,0.4,0.9,0.3,0.6189624,49925,0.041136699461287264
0.9,0.5,0.8,0.4,0.6189794,49925,0.04528523770331869
0.6,0.2,0.1,0.4,0.61900806,49925,0.041540580722623524
0.3,0.2,0.1,0.9,0.6190116,49925,0.03699500584130498
0.6,0.5,0.9,0.8,0.6190241,49925,0.04272039847185731
0.1,0.7,0.7,0.5,0.6190305,49925,0.03935942961907808
0.3,0.4,0.8,0.7,0.6190456,49925,0.04086915619172656
0.6,0.4,0.7,0.4,0.61904573,49925,0.04452115272875911
0.1,0.9,0.8,0.9,0.6190533,49925,0.038161040101234694
0.1,0.6,0.7,0.9,0.6191056,49925,0.03780476514689611
0.1,0.4,0.6,0.5,0.6191107,49925,0.039100306186645645
0.3,0.3,0.4,0.9,0.6191269,49925,0.03952593989799072
0.8,0.5,0.8,0.5,0.6191411,49925,0.04472736846600607
0.1,0.4,0.6,0.2,0.6191428,49925,0.04067012541883991
0.8,0.4,0.4,0.7,0.61920923,49925,0.04319631828280093
0.7,0.3,0.2,0.6,0.6192107,49925,0.04224431070242772
0.3,0.2,0.2,0.5,0.61922085,49925,0.04134026258405548
0.8,0.5,0.7,0.7,0.61923546,49925,0.0439049690476478
0.7,0.4,0.5,0.6,0.6192425,49925,0.04378967629017099
0.7,0.5,0.9,0.5,0.6192453,49925,0.04437631626451182
0.4,0.3,0.3,0.9,0.619251,49925,0.04010029378261108
0.1,0.4,0.6,0.6,0.61925364,49925,0.038544792205675714
0.1,0.3,0.5,0.7,0.6192641,49925,0.037553777314643676
0.7,0.5,0.7,0.9,0.6192736,49925,0.04281845843361014
0.2,0.3,0.6,0.5,0.61928535,49925,0.04064467628368914
0.3,0.4,0.7,0.9,0.61930424,49925,0.0400644108739743
0.6,0.4,0.8,0.2,0.61930895,49925,0.045390998925221575
0.3,0.2,0.4,0.1,0.61930895,49925,0.045390998925221575
0.7,0.3,0.3,0.4,0.619313,49925,0.04401406964226343
0.4,0.3,0.7,0.1,0.6193199,49925,0.04501894134077368
0.1,0.8,0.6,0.1,0.61932105,49925,0.04026714726678726
0.1,0.2,0.3,0.7,0.61934716,49925,0.036599916651049134
0.9,0.6,0.9,0.8,0.6193497,49925,0.043934024018790686
0.1,0.7,0.6,0.1,0.6193744,49925,0.04056286698594969
0.1,0.3,0.6,0.1,0.6193777,49925,0.04086429251316829
0.1,0.8,0.7,0.5,0.61938334,49925,0.039326668156479255
0.4,0.3,0.4,0.6,0.6194114,49925,0.04229205042625014
0.3,0.3,0.7,0.2,0.6194333,49925,0.043562482129232694
0.7,0.5,0.8,0.7,0.61943465,49925,0.043620484547563725
0.7,0.4,0.6,0.4,0.61944014,49925,0.04486461520806579
0.5,0.3,0.2,0.9,0.61944854,49925,0.04013708942253355
0.4,0.4,0.9,0.4,0.61945075,49925,0.04298720294836268
0.9,0.5,0.6,0.7,0.6194629,49925,0.044043171079581674
0.6,0.4,0.6,0.6,0.6194739,49925,0.043561596203864815
0.9,0.6,0.9,0.9,0.6194739,49925,0.04356159620386482
0.3,0.2,0.3,0.3,0.6194739,49925,0.043561596203864815
0.1,0.7,0.7,0.6,0.61948144,49925,0.039018818385960156
0.6,0.4,0.6,0.5,0.6194837,49925,0.04413435238602331
0.4,0.4,0.7,0.7,0.61948997,49925,0.04197808551177291
0.7,0.4,0.4,0.8,0.6195106,49925,0.042629946183800754
0.2,0.3,0.5,0.9,0.61951655,49925,0.03830404618867457
0.5,0.3,0.4,0.4,0.6195711,49925,0.0441356683547695
0.3,0.4,0.9,0.4,0.6195983,49925,0.04205496634979804
0.4,0.2,0.1,0.6,0.6196383,49925,0.040008639096533384
0.8,0.4,0.3,0.9,0.61971897,49925,0.0419039436937367
0.8,0.3,0.2,0.5,0.61972,49925,0.04271422679978493
0.4,0.4,0.9,0.3,0.61972594,49925,0.04351370393492054
0.6,0.5,0.9,0.7,0.6197663,49925,0.04315193176130462
0.8,0.4,0.5,0.4,0.61976856,49925,0.04495074074410713
0.4,0.5,0.9,0.9,0.6197861,49925,0.04116445515490354
0.5,0.4,0.7,0.6,0.6197939,49925,0.043064460317530584
0.2,0.5,0.9,0.9,0.61979973,49925,0.03900131712638616
0.1,0.3,0.5,0.5,0.6198249,49925,0.038852066953383564
0.1,0.4,0.6,0.1,0.6198254,49925,0.04109089805354405
0.1,0.4,0.6,0.4,0.6198362,49925,0.039636532584610945
0.7,0.4,0.8,0.1,0.6198424,49925,0.0461067585561039
0.9,0.6,0.9,0.7,0.619844,49925,0.04433812116882052
0.5,0.3,0.6,0.1,0.6198478,49925,0.04587791558754242
0.1,0.9,0.7,0.5,0.61986,49925,0.039253656442663154
0.1,0.3,0.5,0.6,0.61986244,49925,0.0381967017052743
0.2,0.5,0.9,0.8,0.6198632,49925,0.039386069641355596
0.2,0.3,0.7,0.2,0.6198925,49925,0.04219555731328941
0.1,0.7,0.7,0.7,0.6198962,49925,0.038683902265005767
0.8,0.3,0.3,0.3,0.6199123,49925,0.044449970176014764
0.1,0.8,0.7,0.6,0.61992055,49925,0.039031876857463746
0.4,0.3,0.5,0.4,0.61994773,49925,0.043645734990839666
0.6,0.3,0.3,0.5,0.619954,49925,0.04337706093722132
0.8,0.2,0.2,0.1,0.6199811,49925,0.04377499497143517
0.9,0.5,0.7,0.5,0.61998475,49925,0.04492092888896458
0.9,0.4,0.4,0.5,0.61999196,49925,0.0442385902553173
0.6,0.5,0.8,0.9,0.619992,49925,0.042421965017054454
0.3,0.3,0.6,0.4,0.6200132,49925,0.04260745855752995
0.3,0.3,0.5,0.6,0.6200205,49925,0.04148502701408853
0.3,0.3,0.4,0.8,0.6200255,49925,0.040185870058257134
0.2,0.5,0.9,0.7,0.6200279,49925,0.039824298994086474
0.5,0.5,0.9,0.8,0.6200407,49925,0.042248826495316825
0.1,0.2,0.4,0.3,0.620041,49925,0.04007299199136091
0.2,0.4,0.8,0.6,0.620041,49925,0.04007299199136091
0.9,0.4,0.5,0.3,0.6200571,49925,0.045415912918056744
0.2,0.2,0.2,0.8,0.620071,49925,0.037507868155493555
0.1,0.1,0.1,0.4,0.620071,49925,0.037507868155493555
0.1,0.9,0.6,0.1,0.62007505,49925,0.039917671005848206
0.4,0.4,0.8,0.5,0.6200843,49925,0.04279507342810627
0.5,0.4,0.6,0.7,0.6200851,49925,0.042675083068342744
0.8,0.3,0.4,0.1,0.6200935,49925,0.0459474549805578
0.8,0.5,0.7,0.6,0.6201005,49925,0.04437987949605712
0.7,0.5,0.9,0.4,0.6201021,49925,0.04483836208508195
0.4,0.4,0.9,0.2,0.62010515,49925,0.04408105392669562
0.4,0.3,0.3,0.8,0.6201139,49925,0.04076032509990804
0.8,0.3,0.1,0.8,0.6201237,49925,0.040153465987703696
0.8,0.5,0.9,0.3,0.6201535,49925,0.04548619652464982
0.1,0.5,0.6,0.7,0.6201684,49925,0.038435416777714795
0.2,0.3,0.5,0.8,0.6201751,49925,0.038939080912492686
0.3,0.4,0.7,0.8,0.62020934,49925,0.04057096356640852
0.5,0.4,0.7,0.5,0.62022394,49925,0.04363147861817629
0.7,0.3,0.1,0.9,0.6202896,49925,0.03964540538342515
0.1,0.7,0.7,0.9,0.620296,49925,0.03799515440198646
0.1,0.4,0.6,0.3,0.62030816,49925,0.04016610840319545
0.4,0.3,0.6,0.2,0.62031835,49925,0.04480557691163582
0.6,0.4,0.5,0.7,0.62032527,49925,0.04306449715431426
0.1,0.3,0.5,0.4,0.6203476,49925,0.039560807514920915
0.3,0.3,0.7,0.1,0.62034863,49925,0.04426710970267387
0.8,0.5,0.6,0.9,0.6203771,49925,0.043038462996929
0.5,0.4,0.8,0.3,0.6203946,49925,0.04449851848694919
0.1,0.8,0.7,0.7,0.62040293,49925,0.03872113935466447
0.7,0.5,0.8,0.6,0.6204123,49925,0.044089963971738165
0.9,0.5,0.9,0.2,0.62041974,49925,0.046008276472910815
0.5,0.4,0.5,0.9,0.62043554,49925,0.041629093917276205
0.3,0.5,0.9,0.9,0.62046313,49925,0.0402585499214051
0.3,0.4,0.8,0.6,0.6204715,49925,0.041381168389676794
0.8,0.5,0.8,0.4,0.62047493,49925,0.0452071787354442
0.6,0.3,0.5,0.1,0.6204752,49925,0.04628614758550583
0.6,0.4,0.7,0.3,0.6204771,49925,0.045105711804735986
0.3,0.2,0.1,0.8,0.62047833,49925,0.03778913692874633
0.9,0.5,0.5,0.9,0.6204935,49925,0.043079562107762155
0.1,0.5,0.6,0.8,0.62050134,49925,0.03797531708952369
0.5,0.3,0.3,0.6,0.6205037,49925,0.04258647557557697
0.1,0.5,0.6,0.9,0.62050825,49925,0.037530100826682344
0.2,0.4,0.7,0.9,0.62050986,49925,0.03882275776535263
0.7,0.5,0.7,0.8,0.6205158,49925,0.04326981466654545
0.6,0.4,0.4,0.9,0.62053996,49925,0.041881471010782746
0.1,0.5,0.6,0.2,0.6205412,49925,0.04069568324942213
0.6,0.5,0.9,0.6,0.6205463,49925,0.043606971326907364
0.1,0.5,0.6,0.3,0.62057775,49925,0.04030904160093482
0.3,0.4,0.9,0.3,0.62058467,49925,0.042574165971709835
0.1,0.5,0.6,0.5,0.6205937,49925,0.03938709846092795
0.2,0.3,0.5,0.7,0.6206031,49925,0.03959203695074075
0.1,0.6,0.6,0.1,0.62061054,49925,0.04082443818856846
0.8,0.4,0.7,0.1,0.6206165,49925,0.04640094204175589
0.6,0.3,0.2,0.7,0.62061745,49925,0.04160997267537624
0.1,0.7,0.7,0.8,0.6206175,49925,0.038327719185227295
0.1,0.5,0.6,0.1,0.620619,49925,0.04103355688081788
0.4,0.4,0.6,0.9,0.62064594,49925,0.04103097596641144
0.1,0.8,0.7,0.8,0.6206499,49925,0.038401447045989176
0.2,0.4,0.8,0.5,0.62065256,49925,0.040579080286732634
0.7,0.4,0.7,0.2,0.6206811,49925,0.045826297723126616
0.9,0.6,0.8,0.9,0.62069386,49925,0.043621906530586806
0.2,0.4,0.7,0.8,0.6207244,49925,0.03932030682133263
0.2,0.3,0.7,0.1,0.62072533,49925,0.042833496708805235
0.8,0.4,0.6,0.2,0.62073356,49925,0.046031025426957514
0.4,0.2,0.3,0.1,0.62073356,49925,0.046031025426957514
0.5,0.2,0.2,0.2,0.6207518,49925,0.04459195884463181
0.2,0.3,0.6,0.4,0.62077284,49925,0.04134364542655493
0.8,0.2,0.1,0.3,0.6207858,49925,0.04138762907274749
0.4,0.5,0.9,0.8,0.6207867,49925,0.04160514048055067
0.2,0.4,0.9,0.2,0.62080806,49925,0.04159253803335322
0.5,0.3,0.5,0.2,0.6208568,49925,0.045503465934149445
0.1,0.9,0.7,0.6,0.62087846,49925,0.03899078727125519
0.9,0.5,0.8,0.3,0.6208819,49925,0.04574932435222992
0.7,0.4,0.5,0.5,0.6208992,49925,0.04438344482666241
0.1,0.6,0.6,0.2,0.620901,49925,0.040605166341510686
0.4,0.2,0.2,0.3,0.6209046,49925,0.04374735125825171
0.8,0.4,0.4,0.6,0.6209046,49925,0.04374735125825171
0.9,0.4,0.3,0.7,0.6209361,49925,0.04289634410973763
0.1,0.2,0.3,0.6,0.62102175,49925,0.03748840525345116
0.2,0.4,0.7,0.7,0.6210589,49925,0.03984244734143405
0.7,0.4,0.6,0.3,0.62107563,49925,0.04545441242557541
0.1,0.5,0.6,0.4,0.6211296,49925,0.039867091060676964
0.8,0.6,0.9,0.9,0.6211429,49925,0.043364072354984705
0.1,0.3,0.4,0.9,0.62117326,49925,0.0363555758154303
0.9,0.5,0.6,0.6,0.62118095,49925,0.04450077645777864
0.1,0.4,0.5,0.9,0.62118566,49925,0.03708290712533587
0.1,0.5,0.6,0.6,0.62120396,49925,0.03891741492196778
0.7,0.4,0.4,0.7,0.62121886,49925,0.043177171480188244
0.1,0.8,0.7,0.9,0.62122595,49925,0.03806821773450072
0.1,0.8,0.6,0.2,0.62127924,49925,0.040172309225946765
0.1,0.4,0.5,0.8,0.6212814,49925,0.03758539071594256
0.1,0.6,0.6,0.3,0.621331,49925,0.040275038767604916
0.6,0.5,0.7,0.9,0.6213389,49925,0.04253035750352058
0.4,0.4,0.7,0.6,0.62137145,49925,0.042524463248877
0.2,0.2,0.2,0.7,0.6213735,49925,0.03839712838114548
0.3,0.4,0.7,0.7,0.62139094,49925,0.04110735368578381
0.9,0.4,0.6,0.1,0.6213993,49925,0.046472246253919755
0.6,0.5,0.8,0.8,0.62140036,49925,0.042865175176917326
0.1,0.9,0.6,0.2,0.62140626,49925,0.039884655212418
0.8,0.5,0.6,0.8,0.62141186,49925,0.04349507931253123
0.7,0.3,0.3,0.3,0.6214274,49925,0.04471410923769192
0.2,0.5,0.9,0.6,0.6214318,49925,0.040236634381744185
0.5,0.3,0.2,0.8,0.6214321,49925,0.04081362210491991
0.2,0.3,0.5,0.6,0.62143725,49925,0.040285371884180486
0.7,0.5,0.8,0.5,0.62148356,49925,0.04457844231403
0.1,0.9,0.7,0.7,0.6214897,49925,0.03870011725897263
0.2,0.2,0.4,0.2,0.6214948,49925,0.04334756674454818
0.4,0.4,0.8,0.4,0.6214948,49925,0.04334756674454818
0.3,0.3,0.6,0.3,0.6214948,49925,0.04334756674454818
0.1,0.1,0.2,0.1,0.6214948,49925,0.04334756674454818
0.1,0.2,0.4,0.2,0.62150025,49925,0.04109999360595055
0.2,0.4,0.8,0.4,0.62150025,49925,0.04109999360595055
0.8,0.5,0.7,0.5,0.6215082,49925,0.04488947547546544
0.6,0.3,0.4,0.2,0.62151605,49925,0.045715223008219535
0.9,0.6,0.8,0.8,0.621523,49925,0.044025395582436365
0.3,0.3,0.4,0.7,0.62153083,49925,0.040904357160629054
0.1,0.7,0.6,0.2,0.62153274,49925,0.04041092345451052
0.3,0.4,0.8,0.5,0.6215491,49925,0.04191431022208879
0.5,0.4,0.9,0.1,0.6215516,49925,0.045209204154741695
0.5,0.4,0.5,0.8,0.6215574,49925,0.04219928169251036
0.4,0.4,0.9,0.1,0.6215985,49925,0.04462321177627754
0.1,0.9,0.6,0.3,0.6216166,49925,0.03975561457097081
0.6,0.5,0.9,0.5,0.62162936,49925,0.044082129616400095
0.9,0.6,0.9,0.6,0.62166375,49925,0.04474838055647939
0.3,0.2,0.3,0.2,0.62166375,49925,0.04474838055647939
0.6,0.4,0.6,0.4,0.62166375,49925,0.04474838055647939
0.3,0.3,0.5,0.5,0.621714,49925,0.042230375331373
0.8,0.4,0.3,0.8,0.621718,49925,0.042425479478488876
0.9,0.5,0.7,0.4,0.621722,49925,0.04540181487213373
0.5,0.5,0.8,0.9,0.62173426,49925,0.04197324835988306
0.1,0.6,0.6,0.7,0.62174875,49925,0.0386463710450136
0.5,0.5,0.9,0.7,0.62176424,49925,0.0426948189261171
0.2,0.5,0.8,0.9,0.6217681,49925,0.03918518978753858
0.9,0.3,0.2,0.4,0.62177384,49925,0.0430704304379429
0.1,0.6,0.6,0.4,0.6217994,49925,0.03988231740796673
0.3,0.4,0.9,0.2,0.62180436,49925,0.04311433196237059
0.3,0.5,0.9,0.8,0.6218054,49925,0.04069906675742575
0.9,0.3,0.1,0.7,0.6218223,49925,0.04053192911256214
0.7,0.5,0.6,0.9,0.621825,49925,0.04283171517971027
0.1,0.7,0.6,0.4,0.62185687,49925,0.03981790233255153
0.9,0.3,0.3,0.2,0.62188005,49925,0.0447629474985476
0.8,0.4,0.5,0.3,0.6218822,49925,0.045538944330753575
0.6,0.3,0.3,0.4,0.6218843,49925,0.0441265482464705
0.7,0.3,0.4,0.1,0.62189656,49925,0.046288714043203075
0.6,0.4,0.5,0.6,0.6219011,49925,0.04365075224833793
0.6,0.4,0.4,0.8,0.6219019,49925,0.042441377920988926
0.3,0.2,0.2,0.4,0.6219019,49925,0.042441377920988926
0.1,0.9,0.7,0.8,0.6219032,49925,0.038406944631673885
0.1,0.8,0.6,0.3,0.6219172,49925,0.03996807062482766
0.1,0.6,0.6,0.6,0.62192625,49925,0.03907210941718171
0.2,0.4,0.8,0.3,0.62193364,49925,0.04160644801702699
0.9,0.4,0.4,0.4,0.6219513,49925,0.044782572925038726
0.1,0.4,0.5,0.7,0.62195736,49925,0.03815417493302973
0.2,0.5,0.9,0.4,0.6219894,49925,0.04109412704516756
0.7,0.5,0.9,0.3,0.6219897,49925,0.04534384822309902
0.2,0.3,0.6,0.3,0.62199295,49925,0.04208816248688537
0.5,0.4,0.8,0.2,0.62199354,49925,0.0450842585762004
0.2,0.4,0.7,0.6,0.62199503,49925,0.04037393899468394
0.4,0.3,0.5,0.3,0.62199813,49925,0.04443523103213194
0.7,0.5,0.7,0.7,0.6220467,49925,0.04374423763862198
0.1,0.9,0.7,0.9,0.6220673,49925,0.038110030838552536
0.5,0.4,0.7,0.4,0.6220759,49925,0.04423328206650111
0.6,0.4,0.8,0.1,0.6221123,49925,0.045973482789391125
0.2,0.6,0.9,0.9,0.62213975,49925,0.039380422538807636
0.2,0.4,0.9,0.1,0.62214786,49925,0.04203098282221464
0.3,0.4,0.8,0.4,0.6221493,49925,0.04247258706862704
0.4,0.4,0.8,0.3,0.6221531,49925,0.043949556868799776
0.1,0.6,0.6,0.5,0.6221563,49925,0.03947003148791213
0.8,0.6,0.9,0.8,0.6221813,49925,0.04376682868272601
0.5,0.2,0.1,0.4,0.6222028,49925,0.04183538055098177
0.4,0.4,0.6,0.8,0.6222128,49925,0.04158720840934028
0.2,0.2,0.3,0.4,0.6222128,49925,0.04158720840934028
0.3,0.4,0.6,0.9,0.6222171,49925,0.0401828543104965
0.2,0.5,0.8,0.8,0.622235,49925,0.03961521479565757
0.9,0.5,0.5,0.8,0.62226295,49925,0.04351915538714523
0.5,0.3,0.4,0.3,0.6222661,49925,0.04493673853183008
0.2,0.5,0.9,0.5,0.62227005,49925,0.04066165714331198
0.1,0.4,0.5,0.6,0.622304,49925,0.03877541400045823
0.3,0.5,0.9,0.7,0.62232876,49925,0.04113234498640996
0.7,0.3,0.2,0.5,0.6223367,49925,0.042893931418847175
0.8,0.5,0.6,0.7,0.62233776,49925,0.043982224674219236
0.9,0.6,0.8,0.7,0.62235034,49925,0.04443221070126246
0.1,0.3,0.5,0.2,0.62235403,49925,0.04100424088753169
0.1,0.3,0.4,0.8,0.6223806,49925,0.036995896222593264
0.1,0.7,0.6,0.3,0.6223952,49925,0.040140515969490746
0.4,0.5,0.9,0.7,0.62242633,49925,0.04204383728167182
0.4,0.5,0.8,0.9,0.6224472,49925,0.04132220046837699
0.9,0.5,0.9,0.1,0.6224675,49925,0.04648574177150919
0.3,0.4,0.7,0.6,0.6224686,49925,0.04166896849586397
0.5,0.4,0.6,0.6,0.6225032,49925,0.043251915475249446
0.3,0.3,0.6,0.2,0.6225181,49925,0.044149792423913994
0.6,0.5,0.8,0.7,0.62252283,49925,0.04334323889536156
0.4,0.3,0.4,0.5,0.6225413,49925,0.04306446286100865
0.9,0.5,0.8,0.2,0.62256444,49925,0.04622346703232906
0.8,0.4,0.4,0.5,0.62256587,49925,0.044320174226332526
0.1,0.3,0.5,0.3,0.6225952,49925,0.040277141836335385
0.1,0.8,0.6,0.4,0.62259805,49925,0.03968301496723804
0.4,0.3,0.3,0.7,0.62262136,49925,0.041472446468860814
0.1,0.7,0.6,0.5,0.6226236,49925,0.03945976338626675
0.9,0.4,0.5,0.2,0.62262684,49925,0.045979061337439495
0.9,0.4,0.3,0.6,0.62262833,49925,0.04341446133156861
0.8,0.5,0.5,0.9,0.62263685,49925,0.042986092755228196
0.7,0.2,0.2,0.1,0.62265,49925,0.044404438629492275
0.1,0.6,0.6,0.8,0.6226691,49925,0.038230905249883484
0.9,0.4,0.2,0.9,0.62266976,49925,0.04142432688256203
0.1,0.3,0.4,0.7,0.6226904,49925,0.03766441184361254
0.8,0.5,0.9,0.2,0.62269104,49925,0.045962654858784716
0.3,0.3,0.5,0.4,0.62272316,49925,0.04299630447860051
0.1,0.6,0.6,0.9,0.6227542,49925,0.037830208645796316
0.5,0.5,0.8,0.8,0.62276137,49925,0.04243726631158605
0.7,0.4,0.3,0.9,0.6227668,49925,0.041823924912414594
0.3,0.5,0.8,0.9,0.6227673,49925,0.0404544128785911
0.4,0.4,0.7,0.5,0.6227822,49925,0.04310714749987033
0.2,0.5,0.8,0.7,0.62280965,49925,0.04006663205457901
0.1,0.2,0.3,0.5,0.62281543,49925,0.03845294852928331
0.9,0.5,0.6,0.5,0.6228175,49925,0.04499615405352947
0.1,0.4,0.5,0.5,0.6228254,49925,0.03936825778364907
0.4,0.3,0.6,0.1,0.6228521,49925,0.04560109404356868
0.7,0.2,0.1,0.3,0.62287307,49925,0.0419013787214395
0.5,0.5,0.9,0.6,0.6228741,49925,0.04317214558239518
0.2,0.6,0.9,0.8,0.62287706,49925,0.03976002291351971
0.2,0.3,0.5,0.5,0.6229145,49925,0.041029456848938016
0.7,0.4,0.7,0.1,0.62292355,49925,0.046418517362742114
0.2,0.6,0.9,0.7,0.62293386,49925,0.040142121595457936
0.7,0.5,0.7,0.6,0.6229523,49925,0.04424542951427939
0.6,0.5,0.7,0.8,0.62295866,49925,0.04300967753376928
0.9,0.6,0.9,0.5,0.6229643,49925,0.0451710782819099
0.8,0.6,0.9,0.7,0.62299794,49925,0.04417974586940146
0.2,0.5,0.9,0.3,0.6230055,49925,0.041530193303808145
0.7,0.4,0.5,0.4,0.62300754,49925,0.04497953825473347
0.2,0.2,0.4,0.1,0.623024,49925,0.044552496420126035
0.4,0.4,0.8,0.2,0.623024,49925,0.044552496420126035
0.6,0.5,0.9,0.4,0.62303454,49925,0.04455539824852806
0.1,0.7,0.6,0.6,0.62306726,49925,0.039085549446360404
0.3,0.4,0.9,0.1,0.62308574,49925,0.04364438141723636
0.3,0.2,0.1,0.7,0.6231072,49925,0.038660223606892946
0.4,0.4,0.5,0.9,0.6231264,49925,0.041105481111579856
0.8,0.5,0.8,0.3,0.62313324,49925,0.04571062153664299
0.1,0.3,0.5,0.1,0.6231589,49925,0.04166098485283799
0.3,0.5,0.9,0.6,0.62316614,49925,0.041592563385827765
0.5,0.3,0.3,0.5,0.623167,49925,0.04333474347602781
0.1,0.7,0.6,0.7,0.6232065,49925,0.03870788032056277
0.2,0.6,0.9,0.6,0.6232265,49925,0.040531248090697136
0.6,0.3,0.2,0.6,0.623234,49925,0.04228614202738788
0.1,0.9,0.6,0.4,0.623236,49925,0.03951715991926256
0.6,0.4,0.5,0.5,0.6232383,49925,0.04426574140254651
0.6,0.5,0.8,0.6,0.62324154,49925,0.04382210296659453
0.2,0.6,0.9,0.5,0.6232524,49925,0.04094130468329512
0.2,0.4,0.6,0.9,0.62328947,49925,0.03896457656911721
0.3,0.4,0.6,0.8,0.6233127,49925,0.040738425754168785
0.7,0.5,0.6,0.8,0.623353,49925,0.0433291419696362
0.2,0.4,0.7,0.5,0.623359,49925,0.04093920351134361
0.2,0.4,0.8,0.2,0.62337136,49925,0.04213693878197814
0.1,0.2,0.4,0.1,0.62337136,49925,0.04213693878197814
0.9,0.5,0.5,0.7,0.62337905,49925,0.04398269889748919
0.4,0.3,0.5,0.2,0.62338847,49925,0.04527289623385546
0.2,0.3,0.4,0.9,0.62339044,49925,0.0383023363808034
0.7,0.5,0.8,0.4,0.62340873,49925,0.045073028190709616
0.1,0.7,0.6,0.8,0.6234293,49925,0.03831949099828069
0.8,0.5,0.6,0.6,0.6234462,49925,0.044487478558809336
0.6,0.4,0.6,0.3,0.6234588,49925,0.04538115141314215
0.8,0.3,0.2,0.4,0.6234593,49925,0.04335975767113036
0.6,0.4,0.7,0.2,0.6234792,49925,0.04572910256609465
0.2,0.5,0.8,0.6,0.62347925,49925,0.04052201188391848
0.3,0.3,0.3,0.9,0.62348527,49925,0.03937517826907195
0.2,0.2,0.2,0.6,0.62348527,49925,0.03937517826907194
0.1,0.1,0.1,0.3,0.62348527,49925,0.03937517826907194
0.4,0.5,0.8,0.8,0.6234976,49925,0.04179896781312188
0.8,0.6,0.8,0.9,0.623538,49925,0.043466795632656804
0.1,0.8,0.6,0.5,0.62354076,49925,0.03939465195487449
0.8,0.3,0.1,0.7,0.6235577,49925,0.040691780460765485
0.4,0.3,0.2,0.9,0.62358576,49925,0.03971676688296963
0.8,0.6,0.9,0.6,0.6235914,49925,0.04459297549254675
0.4,0.5,0.9,0.6,0.6236029,49925,0.0425118080922914
0.5,0.5,0.8,0.7,0.6236062,49925,0.04291324105951959
0.3,0.4,0.8,0.3,0.6236478,49925,0.043037376912909486
0.3,0.3,0.4,0.6,0.62364995,49925,0.041652293472640836
0.1,0.4,0.5,0.3,0.62366134,49925,0.04059104359074746
0.7,0.6,0.9,0.9,0.62369955,49925,0.04311397978558721
0.7,0.4,0.4,0.6,0.6237241,49925,0.04374559166753865
0.2,0.4,0.7,0.4,0.62373537,49925,0.041521431879304994
0.1,0.3,0.4,0.5,0.62375426,49925,0.03912691800918803
0.9,0.5,0.7,0.3,0.623771,49925,0.0459067561014245
0.5,0.4,0.5,0.7,0.6238307,49925,0.042786530161286494
0.4,0.4,0.6,0.7,0.6238395,49925,0.04216136317479282
0.4,0.3,0.4,0.4,0.6238577,49925,0.043881261349068335
0.8,0.6,0.8,0.8,0.6238577,49925,0.043881261349068335
0.8,0.3,0.3,0.2,0.62387365,49925,0.04512226119946435
0.9,0.6,0.8,0.6,0.62387514,49925,0.04486806043741439
0.5,0.4,0.7,0.3,0.6238816,49925,0.04484158519949511
0.4,0.2,0.1,0.5,0.62389845,49925,0.04094781986625442
0.7,0.4,0.6,0.2,0.62390363,49925,0.046065523258930104
0.2,0.3,0.6,0.2,0.62390757,49925,0.042833671216728486
0.8,0.4,0.6,0.1,0.6239382,49925,0.04661788483301243
0.2,0.5,0.9,0.2,0.62394285,49925,0.041950395932485104
0.9,0.6,0.7,0.9,0.62396723,49925,0.04366550973043905
0.2,0.7,0.9,0.8,0.6239831,49925,0.04000768273905266
0.1,0.9,0.6,0.5,0.62398595,49925,0.0392556882945919
0.1,0.3,0.4,0.6,0.62398666,49925,0.03837847678227431
0.5,0.4,0.6,0.5,0.62402344,49925,0.04385472919368001
0.3,0.4,0.7,0.5,0.62403756,49925,0.042263715253065666
0.7,0.5,0.7,0.5,0.6240604,49925,0.04474717212083611
0.3,0.5,0.8,0.8,0.6240609,49925,0.0409192418074078
0.8,0.4,0.3,0.7,0.6240683,49925,0.042947505448161595
0.2,0.7,0.9,0.9,0.6240815,49925,0.039641630804582814
0.5,0.4,0.4,0.9,0.6240815,49925,0.04155558156917699
0.6,0.2,0.2,0.1,0.62408704,49925,0.045074643580611286
0.1,0.4,0.5,0.4,0.62409186,49925,0.0399820209420204
0.1,0.7,0.6,0.9,0.6241115,49925,0.03795665261004268
0.7,0.3,0.1,0.8,0.6241203,49925,0.040229329487406845
0.2,0.3,0.4,0.8,0.6241318,49925,0.03897676348953974
0.8,0.5,0.7,0.4,0.62419903,49925,0.0453928901057025
0.7,0.5,0.8,0.3,0.6242243,49925,0.045583564030741236
0.2,0.5,0.7,0.9,0.6242252,49925,0.03932608447907565
0.1,0.8,0.6,0.6,0.6242331,49925,0.03904781210156909
0.2,0.4,0.6,0.8,0.6242716,49925,0.03950241549867712
0.1,0.2,0.3,0.4,0.6242716,49925,0.03950241549867712
0.3,0.4,0.6,0.7,0.6242828,49925,0.04132375142085816
0.6,0.5,0.8,0.5,0.62430155,49925,0.04431036603458973
0.6,0.5,0.9,0.3,0.6243066,49925,0.04506849348175747
0.7,0.5,0.9,0.2,0.6243069,49925,0.04582988144985849
0.5,0.5,0.9,0.5,0.6243327,49925,0.04364093668325205
0.9,0.6,0.9,0.4,0.62433916,49925,0.04560685685248471
0.9,0.4,0.2,0.8,0.6243455,49925,0.04190975181821288
0.2,0.5,0.8,0.5,0.6243564,49925,0.04099099434700459
0.8,0.5,0.9,0.1,0.624398,49925,0.04648176172692587
0.1,0.4,0.5,0.2,0.6243987,49925,0.04120475333843363
0.2,0.4,0.6,0.7,0.6244088,49925,0.04006900888538162
0.5,0.5,0.7,0.9,0.624412,49925,0.042098042868704236
0.5,0.3,0.5,0.1,0.6244348,49925,0.04631298683156119
0.2,0.5,0.7,0.8,0.6244352,49925,0.03980571013868121
0.4,0.5,0.9,0.5,0.6244618,49925,0.042992647046068366
0.3,0.5,0.9,0.5,0.6244703,49925,0.042069768103005584
0.1,0.3,0.4,0.4,0.62448007,49925,0.03993429526813474
0.2,0.6,0.8,0.8,0.62448007,49925,0.03993429526813474
0.8,0.6,0.8,0.7,0.6244998,49925,0.04431719918784535
0.5,0.4,0.8,0.1,0.6245019,49925,0.045694014192400954
0.6,0.4,0.4,0.7,0.6245497,49925,0.04304526815880034
0.8,0.6,0.9,0.5,0.62455827,49925,0.045025249512193444
0.4,0.4,0.5,0.8,0.6245731,49925,0.04167238533600253
0.4,0.3,0.3,0.6,0.62459,49925,0.042249166701291294
0.2,0.6,0.8,0.9,0.6245944,49925,0.03953335132322251
0.2,0.3,0.5,0.4,0.6245999,49925,0.04180136303113426
0.8,0.5,0.5,0.8,0.6246146,49925,0.0434680883789876
0.4,0.4,0.7,0.4,0.62462586,49925,0.043713673428457
0.5,0.5,0.9,0.4,0.62464505,49925,0.04414696188540119
0.2,0.4,0.7,0.3,0.62464535,49925,0.04211168253504777
0.1,0.5,0.5,0.1,0.6246746,49925,0.041489623157990645
0.2,0.6,0.9,0.4,0.6246782,49925,0.04132341002541435
0.2,0.7,0.9,0.7,0.62468266,49925,0.040348967535621456
0.9,0.5,0.4,0.9,0.62469715,49925,0.042901053083375926
0.2,0.2,0.3,0.3,0.6246975,49925,0.042762434597779335
0.6,0.6,0.9,0.9,0.6246975,49925,0.042762434597779335
0.4,0.4,0.6,0.6,0.6246975,49925,0.042762434597779335
0.3,0.3,0.6,0.1,0.6247384,49925,0.044956064084555644
0.5,0.5,0.8,0.6,0.6247598,49925,0.043399143099820556
0.1,0.4,0.5,0.1,0.6247612,49925,0.041692142237625254
0.9,0.6,0.7,0.8,0.62479097,49925,0.04407968874546265
0.1,0.8,0.6,0.8,0.6248066,49925,0.03833732867499311
0.3,0.4,0.8,0.2,0.62481093,49925,0.04363410346612647
0.9,0.4,0.4,0.3,0.62482375,49925,0.045340944529504414
0.8,0.5,0.6,0.5,0.6248247,49925,0.04496725385087683
0.6,0.5,0.7,0.7,0.62484217,49925,0.043486017332554465
0.2,0.4,0.8,0.1,0.6248422,49925,0.042658324544885225
0.1,0.8,0.5,0.1,0.62486005,49925,0.040387235040912614
0.5,0.3,0.2,0.7,0.6248621,49925,0.04150666816341172
0.1,0.5,0.5,0.3,0.62487054,49925,0.04062524045454789
0.4,0.4,0.8,0.1,0.6248737,49925,0.045158174915501725
0.2,0.1,0.1,0.1,0.6248795,49925,0.04491538029776447
0.4,0.2,0.2,0.2,0.6248795,49925,0.04491538029776447
0.8,0.4,0.4,0.4,0.6248795,49925,0.04491538029776447
0.6,0.3,0.3,0.3,0.6248795,49925,0.044915380297764464
0.6,0.3,0.1,0.9,0.6248802,49925,0.039564363981670715
0.2,0.5,0.9,0.1,0.624916,49925,0.0423014261374862
0.2,0.3,0.4,0.7,0.6249211,49925,0.03970286254798881
0.7,0.6,0.9,0.8,0.62492394,49925,0.04351748073402366
0.6,0.5,0.6,0.9,0.62493336,49925,0.04259317293907449
0.1,0.5,0.5,0.4,0.6249416,49925,0.04011214203510279
0.2,0.5,0.8,0.4,0.6249519,49925,0.04147643631207965
0.5,0.4,0.7,0.2,0.6249573,49925,0.04547984312490579
0.1,0.8,0.6,0.7,0.62498903,49925,0.03869451990008282
0.2,0.7,0.9,0.5,0.62510717,49925,0.04106925175203057
0.7,0.6,0.8,0.9,0.62510735,49925,0.043232452786005106
0.2,0.7,0.9,0.6,0.62511146,49925,0.04071462215143167
0.3,0.4,0.7,0.4,0.6251169,49925,0.04287677632267454
0.6,0.4,0.5,0.4,0.6251327,49925,0.04491136767746955
0.1,0.5,0.5,0.7,0.6251409,49925,0.03851457211207058
0.4,0.5,0.7,0.9,0.6251504,49925,0.041461368765797715
0.1,0.6,0.5,0.1,0.62515336,49925,0.04119741211846955
0.1,0.5,0.5,0.8,0.6251576,49925,0.038008002504399625
0.3,0.3,0.3,0.8,0.62516725,49925,0.04009446670882716
0.8,0.4,0.5,0.2,0.6251706,49925,0.046159084098507074
0.2,0.6,0.8,0.7,0.62517154,49925,0.040347797035051494
0.1,0.5,0.5,0.5,0.6251791,49925,0.03957093141466954
0.7,0.5,0.7,0.4,0.6251796,49925,0.045270582914607116
0.3,0.3,0.4,0.5,0.625195,49925,0.04246260281577534
0.2,0.7,0.9,0.4,0.62519604,49925,0.041446357489530274
0.9,0.5,0.5,0.6,0.62521,49925,0.044473375904862035
0.4,0.5,0.8,0.7,0.62522507,49925,0.04227820043109431
0.9,0.5,0.6,0.4,0.62522995,49925,0.04548702135697112
0.1,0.5,0.5,0.9,0.62523854,49925,0.03748817381914134
0.1,0.9,0.6,0.6,0.6252426,49925,0.038967379501633204
0.7,0.5,0.6,0.7,0.6252436,49925,0.043817586655403015
0.2,0.3,0.6,0.1,0.6252693,49925,0.04358892432167076
0.1,0.9,0.5,0.1,0.6252748,49925,0.039953722185832916
0.5,0.5,0.7,0.8,0.6252961,49925,0.04259115213539948
0.7,0.3,0.3,0.2,0.62530375,49925,0.04546975578335405
0.5,0.5,0.9,0.3,0.62530464,49925,0.04466417012853514
0.1,0.5,0.5,0.2,0.6253185,49925,0.04109720642603615
0.1,0.2,0.2,0.9,0.62532055,49925,0.034626181682095976
0.3,0.5,0.8,0.7,0.62533116,49925,0.04139342740472884
0.9,0.7,0.9,0.9,0.62535954,49925,0.04397449686545177
0.1,0.7,0.5,0.1,0.6253599,49925,0.040797799905715165
0.9,0.6,0.8,0.5,0.62537616,49925,0.045313217016989545
0.7,0.5,0.5,0.9,0.6253883,49925,0.042828204559568116
0.1,0.2,0.3,0.3,0.625418,49925,0.04065947074544191
0.3,0.6,0.9,0.9,0.625418,49925,0.04065947074544191
0.2,0.4,0.6,0.6,0.625418,49925,0.04065947074544191
0.1,0.5,0.5,0.6,0.625425,49925,0.039040355974181144
0.2,0.8,0.9,0.8,0.6254561,49925,0.040136551245652276
0.7,0.4,0.5,0.3,0.625465,49925,0.04561755500705225
0.9,0.4,0.3,0.5,0.62549806,49925,0.04398073108963106
0.6,0.5,0.8,0.4,0.6255007,49925,0.04482157695417689
0.1,0.8,0.6,0.9,0.6255033,49925,0.03801086963457695
0.9,0.3,0.1,0.6,0.62551636,49925,0.0410463153258276
0.3,0.2,0.1,0.6,0.62551874,49925,0.039623223441719764
0.6,0.3,0.4,0.1,0.62551916,49925,0.04653134162062031
0.2,0.8,0.9,0.9,0.62552994,49925,0.0398098162046688
0.4,0.5,0.9,0.4,0.6255412,49925,0.043484271233620066
0.7,0.6,0.9,0.7,0.6255419,49925,0.04393479848588246
0.6,0.6,0.9,0.8,0.62554246,49925,0.04317519061713059
0.9,0.5,0.8,0.1,0.6255451,49925,0.04672924068423724
0.3,0.4,0.5,0.9,0.62554723,49925,0.04026152238858632
0.9,0.6,0.7,0.7,0.6255565,49925,0.044513157695272795
0.7,0.5,0.6,0.6,0.6255623,49925,0.04434226184889855
0.7,0.3,0.2,0.4,0.6255777,49925,0.04361039115918509
0.7,0.4,0.4,0.5,0.6255842,49925,0.044345696033286655
0.3,0.5,0.8,0.6,0.6255882,49925,0.04188412246308923
0.2,0.2,0.2,0.5,0.6256118,49925,0.040461085316183254
0.1,0.6,0.5,0.3,0.62561786,49925,0.040489963096034726
0.5,0.4,0.6,0.4,0.62561965,49925,0.044497212225317564
0.6,0.4,0.7,0.1,0.6256432,49925,0.046366433512228314
0.1,0.2,0.2,0.8,0.625674,49925,0.03541435771445438
0.8,0.5,0.8,0.2,0.62572545,49925,0.046233632386415854
0.9,0.7,0.9,0.8,0.6257439,49925,0.04435196498428004
0.2,0.5,0.7,0.7,0.62574685,49925,0.0402785796841355
0.3,0.5,0.9,0.4,0.62575454,49925,0.04255394820576482
0.8,0.5,0.7,0.3,0.62576556,49925,0.04588989366627242
0.6,0.5,0.9,0.2,0.6257664,49925,0.04559259948236454
0.8,0.6,0.7,0.9,0.6257897,49925,0.04351459427751577
0.1,0.2,0.2,0.7,0.6258096,49925,0.03628815675768594
0.5,0.4,0.5,0.6,0.6258106,49925,0.04340063464619844
0.9,0.4,0.5,0.1,0.62585485,49925,0.04655929170535317
0.5,0.4,0.6,0.3,0.62586653,49925,0.04515017651347302
0.2,0.8,0.9,0.5,0.62588334,49925,0.04112570804009823
0.5,0.3,0.3,0.4,0.6258849,49925,0.044130389746288065
0.6,0.2,0.1,0.3,0.6258866,49925,0.042364762358108835
0.5,0.4,0.4,0.8,0.62590307,49925,0.042135508716277796
0.6,0.5,0.6,0.8,0.6259089,49925,0.043087614236326094
0.8,0.6,0.9,0.4,0.62593335,49925,0.04546799947145987
0.3,0.3,0.5,0.3,0.62593865,49925,0.043824635388803865
0.2,0.6,0.9,0.2,0.6259388,49925,0.042104622886592794
0.4,0.4,0.6,0.5,0.625959,49925,0.043387557631919885
0.5,0.6,0.9,0.9,0.6259684,49925,0.042255862051612296
0.3,0.5,0.9,0.3,0.6259824,49925,0.04302506957675746
0.1,0.9,0.6,0.9,0.62598544,49925,0.03800653903765532
0.3,0.4,0.8,0.1,0.62601584,49925,0.04420909795111227
0.2,0.7,0.8,0.9,0.62602293,49925,0.03975806596782638
0.7,0.4,0.3,0.8,0.6260317,49925,0.04237469242043295
0.8,0.6,0.8,0.6,0.6260394,49925,0.044734073685420164
0.4,0.3,0.4,0.3,0.6260394,49925,0.044734073685420164
0.3,0.5,0.7,0.9,0.6260481,49925,0.040598025334505725
0.2,0.4,0.7,0.2,0.62608176,49925,0.042706245492283544
0.8,0.4,0.2,0.9,0.62608695,49925,0.04144992177447209
0.5,0.3,0.4,0.2,0.626098,49925,0.04578785377847985
0.9,0.5,0.7,0.2,0.62610275,49925,0.046404540196289444
0.4,0.4,0.7,0.3,0.62612987,49925,0.04435599004388299
0.2,0.3,0.4,0.6,0.6261353,49925,0.04047789448850797
0.1,0.9,0.6,0.8,0.62615734,49925,0.038325880235204716
0.2,0.6,0.9,0.3,0.62616175,49925,0.04172765194261909
0.6,0.4,0.3,0.9,0.6261621,49925,0.04167610363259608
0.2,0.6,0.8,0.5,0.6261711,49925,0.04122589427150794
0.7,0.5,0.9,0.1,0.6261743,49925,0.04635500112486712
0.8,0.5,0.5,0.7,0.6261894,49925,0.043947960702525116
0.1,0.3,0.4,0.3,0.6261977,49925,0.040776962848980754
0.2,0.6,0.8,0.6,0.6261977,49925,0.040776962848980754
0.2,0.3,0.5,0.3,0.6261995,49925,0.0426308009756863
0.2,0.5,0.7,0.6,0.62620246,49925,0.04079003234335406
0.3,0.6,0.9,0.8,0.6262037,49925,0.04106095115365563
0.2,0.8,0.9,0.6,0.6262269,49925,0.04079527120800319
0.4,0.4,0.5,0.7,0.6262455,49925,0.04229731583221101
0.3,0.4,0.6,0.6,0.6262573,49925,0.04193725148560309
0.7,0.6,0.9,0.6,0.6262613,49925,0.04436070059290544
0.3,0.3,0.3,0.7,0.62627083,49925,0.04085910743651912
0.2,0.5,0.8,0.3,0.62630033,49925,0.041946829392467855
0.1,0.6,0.5,0.2,0.6263006,49925,0.0408815767664359
0.2,0.7,0.9,0.3,0.62631303,49925,0.04180000612604823
0.4,0.6,0.9,0.9,0.626319,49925,0.04160107720434263
0.1,0.7,0.5,0.2,0.6263337,49925,0.04060945528437286
0.1,0.7,0.5,0.4,0.62634146,49925,0.03989839607366896
0.5,0.5,0.9,0.2,0.6263787,49925,0.04520045564977061
0.3,0.4,0.7,0.3,0.62640065,49925,0.04350306055856033
0.8,0.5,0.6,0.4,0.62641037,49925,0.04550280097524817
0.1,0.6,0.5,0.4,0.62641287,49925,0.040042748478116494
0.9,0.6,0.9,0.3,0.62641627,49925,0.046042357962514484
0.6,0.4,0.6,0.2,0.62641627,49925,0.04604235796251448
0.3,0.2,0.3,0.1,0.62641627,49925,0.04604235796251448
0.2,0.7,0.8,0.8,0.6264289,49925,0.04014622947185156
0.4,0.3,0.2,0.8,0.6264317,49925,0.0404268997622351
0.7,0.4,0.6,0.1,0.6264639,49925,0.046710922214244624
0.3,0.4,0.5,0.8,0.62648535,49925,0.04085956804925031
0.6,0.3,0.2,0.5,0.62651277,49925,0.0430182390725922
0.1,0.9,0.6,0.7,0.6265149,49925,0.03865598963503757
0.2,0.4,0.6,0.5,0.6265149,49925,0.04126520313835248
0.4,0.5,0.7,0.8,0.6265197,49925,0.041963017832999404
0.1,0.6,0.5,0.7,0.6265423,49925,0.03862724994586689
0.7,0.5,0.6,0.5,0.62656736,49925,0.04486585884649714
0.8,0.4,0.3,0.6,0.6265789,49925,0.04350791362021831
0.7,0.4,0.3,0.7,0.6266182,49925,0.042949279060223555
0.4,0.5,0.8,0.6,0.62662697,49925,0.042785593177675295
0.9,0.7,0.9,0.7,0.6266308,49925,0.04472851019624912
0.2,0.7,0.8,0.7,0.62663454,49925,0.040547250666127
0.5,0.5,0.8,0.5,0.6266407,49925,0.04392099073498658
0.4,0.5,0.9,0.3,0.6266444,49925,0.04399815478310695
0.3,0.6,0.9,0.7,0.6266514,49925,0.04147872954259862
0.1,0.4,0.4,0.9,0.6267036,49925,0.03696034376270209
0.1,0.7,0.5,0.3,0.6267121,49925,0.04026247374645359
0.2,0.9,0.9,0.8,0.6267284,49925,0.040188999195321234
0.8,0.6,0.8,0.5,0.6267321,49925,0.045196916223347025
0.1,0.3,0.3,0.9,0.62673664,49925,0.03613112996335684
0.2,0.2,0.1,0.9,0.6267506,49925,0.03588150387875698
0.5,0.4,0.5,0.5,0.62675816,49925,0.04404207154760135
0.1,0.8,0.5,0.2,0.6267583,49925,0.04028338665319673
0.2,0.9,0.9,0.6,0.6267598,49925,0.040798341796640505
0.3,0.5,0.8,0.5,0.6267628,49925,0.04238107879621656
0.6,0.5,0.7,0.6,0.6267737,49925,0.0439841091862763
0.2,0.6,0.9,0.1,0.626774,49925,0.04237971510830258
0.2,0.9,0.9,0.7,0.6267768,49925,0.040493479559722594
0.6,0.5,0.8,0.3,0.6267775,49925,0.04537233334370462
0.2,0.8,0.9,0.7,0.62677824,49925,0.04046716905464802
0.2,0.7,0.9,0.2,0.6268102,49925,0.04210448496155901
0.7,0.6,0.8,0.8,0.62681025,49925,0.0436351312631233
0.8,0.6,0.7,0.8,0.62681115,49925,0.04393798578235574
0.2,0.6,0.7,0.8,0.6268146,49925,0.04007596582716731
0.9,0.2,0.1,0.2,0.6268155,49925,0.04140163214395573
0.1,0.6,0.5,0.6,0.626822,49925,0.03910027504401078
0.3,0.5,0.7,0.8,0.6268514,49925,0.04110518357226644
0.9,0.4,0.2,0.7,0.6268657,49925,0.04243669058398767
0.9,0.6,0.7,0.6,0.62688357,49925,0.044949517184315065
0.3,0.5,0.9,0.2,0.6269038,49925,0.04351711653898038
0.9,0.3,0.3,0.1,0.62692386,49925,0.04537754139579362
0.4,0.4,0.7,0.2,0.62692654,49925,0.04501373380294219
0.2,0.4,0.5,0.9,0.6269382,49925,0.03902607534542384
0.9,0.3,0.2,0.3,0.6269475,49925,0.0436642105598992
0.3,0.6,0.9,0.6,0.6269616,49925,0.0419161922639212
0.2,0.4,0.6,0.4,0.6269616,49925,0.0419161922639212
0.1,0.2,0.3,0.2,0.6269616,49925,0.0419161922639212
0.1,0.6,0.5,0.5,0.62696767,49925,0.0395697989149949
0.9,0.6,0.8,0.4,0.62696815,49925,0.04574956481715319
0.2,0.9,0.9,0.2,0.6269721,49925,0.041894975525661016
0.2,0.5,0.8,0.2,0.62697303,49925,0.042431719856858854
0.6,0.6,0.9,0.7,0.62699157,49925,0.043600821991260794
0.9,0.5,0.6,0.3,0.6270308,49925,0.046010347365185174
0.5,0.2,0.2,0.1,0.6270426,49925,0.04568065452291012
0.1,0.8,0.5,0.3,0.62706864,49925,0.04001928829133403
0.6,0.4,0.4,0.6,0.62706923,49925,0.04366356097009742
0.3,0.2,0.2,0.3,0.62706923,49925,0.04366356097009742
0.9,0.6,0.6,0.9,0.62706923,49925,0.04366356097009742
0.9,0.5,0.4,0.8,0.62711126,49925,0.04336208726162928
0.1,0.9,0.5,0.2,0.6271264,49925,0.03989848525376214
0.2,0.8,0.9,0.3,0.6271298,49925,0.041757434251852264
0.2,0.9,0.9,0.9,0.6271485,49925,0.03989107457968987
0.4,0.5,0.9,0.2,0.6271543,49925,0.044526360361073276
0.5,0.5,0.7,0.7,0.6272058,49925,0.04309004152225216
0.4,0.4,0.4,0.9,0.6272325,49925,0.041060669777225764
0.2,0.8,0.9,0.4,0.6272328,49925,0.041459064869886236
0.7,0.6,0.9,0.5,0.62724173,49925,0.04481187924932006
0.7,0.5,0.7,0.3,0.6272518,49925,0.04583253188151921
0.2,0.9,0.9,0.1,0.6272833,49925,0.04208151453052749
0.1,0.6,0.5,0.8,0.62728405,49925,0.038186789754472684
0.3,0.3,0.5,0.2,0.62729126,49925,0.044708067543487974
0.8,0.5,0.4,0.9,0.6272961,49925,0.04284254013215339
0.6,0.5,0.9,0.1,0.6273023,49925,0.04609733422527827
0.2,0.6,0.7,0.9,0.6273087,49925,0.03962988394001592
0.2,0.4,0.5,0.8,0.6273164,49925,0.03959966733402912
0.6,0.6,0.8,0.9,0.6273216,49925,0.04288930040835777
0.7,0.5,0.8,0.2,0.6273507,49925,0.04613513779524677
0.6,0.4,0.5,0.3,0.62736535,49925,0.04559212052254573
0.2,0.5,0.7,0.5,0.6273855,49925,0.041293802741617154
0.5,0.4,0.3,0.9,0.6273908,49925,0.04136452936378024
0.8,0.4,0.2,0.8,0.6273912,49925,0.04197727380546416
0.4,0.2,0.1,0.4,0.6273912,49925,0.04197727380546416
0.5,0.5,0.6,0.9,0.6273917,49925,0.042192156694058666
0.2,0.8,0.9,0.1,0.62740433,49925,0.042259168232403166
0.2,0.8,0.9,0.2,0.627424,49925,0.0420186050490298
0.5,0.4,0.7,0.1,0.6274271,49925,0.046129284962250584
0.1,0.6,0.5,0.9,0.6274298,49925,0.03774223521266645
0.7,0.5,0.5,0.8,0.6274328,49925,0.043328303540533096
0.2,0.5,0.6,0.9,0.62744045,49925,0.03941107923880584
0.2,0.6,0.7,0.7,0.6274746,49925,0.04052764520558113
0.4,0.3,0.5,0.1,0.6274808,49925,0.0461455474359218
0.8,0.6,0.7,0.7,0.6275048,49925,0.04438859433395898
0.8,0.5,0.8,0.1,0.6275171,49925,0.046747121299036416
0.4,0.6,0.9,0.8,0.6275181,49925,0.042009319732617935
0.8,0.7,0.9,0.9,0.6275374,49925,0.0437614438078615
0.9,0.5,0.5,0.5,0.6275377,49925,0.04496792723462141
0.8,0.4,0.4,0.3,0.6275383,49925,0.04551951733714619
0.2,0.9,0.9,0.5,0.62754613,49925,0.0410952200540657
0.6,0.3,0.1,0.8,0.62755334,49925,0.040173875206557165
0.8,0.5,0.5,0.6,0.62756664,49925,0.04445112943081168
0.2,0.5,0.6,0.8,0.6276072,49925,0.03990678900974438
0.2,0.6,0.8,0.4,0.6276114,49925,0.04165386788619351
0.1,0.3,0.4,0.2,0.6276114,49925,0.04165386788619351
0.2,0.7,0.9,0.1,0.627615,49925,0.04235903085762798
0.7,0.3,0.1,0.7,0.62763417,49925,0.040811195530697134
0.5,0.5,0.9,0.1,0.62767875,49925,0.045722352375655875
0.5,0.6,0.9,0.8,0.62767947,49925,0.04267102895864628
0.4,0.5,0.8,0.5,0.6276936,49925,0.0433023239908007
0.4,0.3,0.3,0.5,0.62775946,49925,0.043089794439961346
0.2,0.9,0.9,0.3,0.62776834,49925,0.04164642934429214
0.9,0.7,0.8,0.9,0.6277732,49925,0.04403056229465119
0.9,0.6,0.7,0.5,0.6277996,49925,0.04541215769515036
0.1,0.4,0.4,0.5,0.6277999,49925,0.039521982327470284
0.7,0.6,0.8,0.7,0.62780595,49925,0.0440719850564214
0.7,0.6,0.7,0.9,0.6278101,49925,0.0433167921424426
0.2,0.7,0.8,0.6,0.62782514,49925,0.04093360746057463
0.3,0.6,0.8,0.9,0.62783664,49925,0.04081335465950208
0.8,0.6,0.9,0.3,0.6278391,49925,0.04593761794531013
0.6,0.6,0.9,0.6,0.6278411,49925,0.04404144613900696
0.2,0.2,0.3,0.2,0.6278411,49925,0.044041446139006964
0.4,0.4,0.6,0.4,0.6278411,49925,0.044041446139006964
0.3,0.4,0.7,0.2,0.62786615,49925,0.04414001914497158
0.1,0.4,0.4,0.7,0.627906,49925,0.038174508676587136
0.8,0.5,0.7,0.2,0.62790734,49925,0.046425214574742565
0.1,0.7,0.5,0.5,0.6279106,49925,0.039478289876819825
0.5,0.3,0.2,0.6,0.6279115,49925,0.04222855165578689
0.5,0.4,0.5,0.4,0.6279321,49925,0.044720305765530245
0.6,0.5,0.6,0.7,0.6279807,49925,0.043615420705956115
0.1,0.8,0.5,0.4,0.628,49925,0.03971321476014499
0.2,0.3,0.4,0.5,0.6280076,49925,0.0412963679288859
0.6,0.5,0.5,0.9,0.6280236,49925,0.04256724301054177
0.8,0.3,0.1,0.6,0.6280307,49925,0.04126510013826012
0.3,0.4,0.5,0.7,0.62803614,49925,0.04147829827227176
0.2,0.7,0.8,0.5,0.6280472,49925,0.041313367399750126
0.8,0.4,0.5,0.1,0.62804747,49925,0.0467790214464644
0.8,0.6,0.7,0.6,0.6280572,49925,0.04484466432416269
0.6,0.5,0.7,0.5,0.62806076,49925,0.044517834339162385
0.4,0.3,0.2,0.7,0.6280688,49925,0.04118555919120541
0.9,0.7,0.9,0.6,0.62808096,49925,0.04512971719677078
0.5,0.4,0.4,0.7,0.6281149,49925,0.04276832777673581
0.3,0.4,0.6,0.5,0.62811685,49925,0.042569400206628444
0.2,0.4,0.7,0.1,0.62812424,49925,0.04326801796681734
0.3,0.6,0.9,0.5,0.62813777,49925,0.04237035593416426
0.7,0.4,0.2,0.9,0.628141,49925,0.04140613673409101
0.2,0.5,0.7,0.4,0.6281562,49925,0.041841275449419416
0.7,0.4,0.4,0.4,0.6281622,49925,0.044971330358356994
0.9,0.6,0.6,0.8,0.62816757,49925,0.044094996997449724
0.2,0.9,0.9,0.4,0.6281773,49925,0.041380685800282715
0.1,0.4,0.4,0.6,0.62817734,49925,0.03882941796589151
0.2,0.4,0.5,0.7,0.6281852,49925,0.040206925303405555
0.1,0.4,0.4,0.8,0.62819475,49925,0.0375586670841689
0.9,0.5,0.4,0.7,0.62819535,49925,0.043850029536175596
0.6,0.3,0.3,0.2,0.62823296,49925,0.04573695510149645
0.5,0.2,0.1,0.3,0.6282458,49925,0.04278812380466124
0.2,0.3,0.5,0.2,0.6282716,49925,0.04348679675114814
0.1,0.9,0.5,0.4,0.628273,49925,0.03945935983657417
0.2,0.8,0.8,0.6,0.628298,49925,0.04096583721858267
0.1,0.4,0.4,0.3,0.628298,49925,0.04096583721858267
0.2,0.5,0.6,0.7,0.6282986,49925,0.04044692634094175
0.1,0.2,0.2,0.6,0.6283154,49925,0.03727187166073674
0.5,0.5,0.8,0.4,0.6283317,49925,0.04444596517689513
0.1,0.9,0.5,0.3,0.6283328,49925,0.03973056086125691
0.1,0.7,0.5,0.6,0.6283341,49925,0.03905244436611581
0.4,0.5,0.7,0.7,0.6283484,49925,0.042482798783087576
0.1,0.3,0.3,0.8,0.6283599,49925,0.03681720127988438
0.7,0.6,0.9,0.4,0.62838304,49925,0.04526333612252659
0.3,0.5,0.8,0.4,0.6283877,49925,0.042908377639650545
0.3,0.5,0.7,0.7,0.6283879,49925,0.04162149902454278
0.2,0.6,0.8,0.3,0.62839025,49925,0.04209700108798631
0.2,0.5,0.8,0.1,0.6283931,49925,0.042836731020318035
0.4,0.4,0.7,0.1,0.62840563,49925,0.04569847986753071
0.4,0.3,0.4,0.2,0.6284069,49925,0.045651601570715364
0.8,0.6,0.8,0.4,0.6284069,49925,0.045651601570715364
0.1,0.7,0.5,0.9,0.6284107,49925,0.03783625794782664
0.4,0.5,0.8,0.4,0.6284109,49925,0.04382775428491438
0.5,0.5,0.7,0.6,0.62841445,49925,0.043609769840754244
0.5,0.6,0.8,0.9,0.6284148,49925,0.04239520398282803
0.5,0.6,0.9,0.7,0.6284323,49925,0.043113576395474904
0.7,0.4,0.5,0.2,0.62843615,49925,0.04624705331043052
0.6,0.5,0.7,0.4,0.62844324,49925,0.04507746746933868
0.7,0.5,0.6,0.4,0.62845784,49925,0.04545399407809713
0.5,0.4,0.6,0.2,0.62847036,49925,0.045857017249715935
0.2,0.6,0.8,0.2,0.62847316,49925,0.04250394650253006
0.1,0.3,0.4,0.1,0.62847316,49925,0.04250394650253006
0.3,0.7,0.9,0.9,0.6285007,49925,0.04090887599445748
0.9,0.6,0.9,0.2,0.6285042,49925,0.04649708249542415
0.9,0.7,0.8,0.8,0.6285228,49925,0.04442193172329976
0.8,0.3,0.3,0.1,0.62852997,49925,0.04583279036220205
0.2,0.3,0.3,0.9,0.6285312,49925,0.038172739193703994
0.6,0.4,0.3,0.8,0.6285393,49925,0.04224950972419039
0.1,0.4,0.4,0.4,0.6285407,49925,0.040237292116465685
0.2,0.8,0.8,0.8,0.6285407,49925,0.040237292116465685
0.2,0.7,0.8,0.4,0.62854844,49925,0.041712739415585884
0.6,0.6,0.8,0.8,0.62855077,49925,0.04331354584483602
0.3,0.3,0.4,0.4,0.62855077,49925,0.04331354584483602
0.2,0.8,0.8,0.7,0.62856,49925,0.040595760457134464
0.4,0.4,0.5,0.6,0.6285917,49925,0.042941250393682455
0.4,0.6,0.9,0.7,0.62859255,49925,0.042439646338481504
0.6,0.5,0.6,0.6,0.628609,49925,0.04413731993686464
0.8,0.2,0.1,0.2,0.62862,49925,0.041997546487974415
0.2,0.8,0.8,0.9,0.628624,49925,0.03987295204592477
0.6,0.4,0.4,0.5,0.62863415,49925,0.04431489682120545
0.8,0.4,0.3,0.5,0.62864757,49925,0.044113780252911454
0.6,0.5,0.8,0.2,0.6286523,49925,0.04590997611966561
0.3,0.5,0.9,0.1,0.6286677,49925,0.04398708448639183
0.8,0.6,0.6,0.9,0.6286772,49925,0.04352704007271853
0.1,0.7,0.5,0.7,0.62868834,49925,0.03863890948489381
0.9,0.5,0.7,0.1,0.6286956,49925,0.04694029129569268
0.8,0.5,0.4,0.8,0.628701,49925,0.043342030314376126
0.4,0.5,0.6,0.9,0.62870914,49925,0.041565140922128985
0.5,0.6,0.9,0.6,0.6287367,49925,0.043562721660272384
0.5,0.3,0.3,0.3,0.6287462,49925,0.04497456503564314
0.1,0.1,0.1,0.2,0.6287632,49925,0.04168479147505678
0.2,0.2,0.2,0.4,0.6287632,49925,0.04168479147505678
0.3,0.3,0.3,0.6,0.6287632,49925,0.04168479147505677
0.4,0.4,0.4,0.8,0.6287632,49925,0.04168479147505678
0.9,0.4,0.4,0.2,0.62877834,49925,0.04594400692222291
0.7,0.5,0.5,0.7,0.62878305,49925,0.04384823819863732
0.2,0.6,0.7,0.6,0.62878376,49925,0.04100335367626716
0.1,0.8,0.5,0.5,0.6287868,49925,0.03934504251097906
0.2,0.4,0.6,0.3,0.62881404,49925,0.04259633597418322
0.3,0.6,0.8,0.8,0.6288214,49925,0.04124113771984966
0.5,0.3,0.1,0.9,0.628866,49925,0.03935585362508239
0.5,0.5,0.6,0.8,0.6288855,49925,0.042702148532238374
0.3,0.4,0.6,0.4,0.6289195,49925,0.043248398843882346
0.3,0.5,0.8,0.3,0.6289459,49925,0.04344022123068792
0.1,0.7,0.5,0.8,0.62895364,49925,0.038241500633306474
0.2,0.4,0.5,0.6,0.6289878,49925,0.040860446040096685
0.8,0.5,0.6,0.3,0.6290062,49925,0.046048162827581875
0.3,0.7,0.9,0.8,0.6290147,49925,0.04131777379166969
0.4,0.6,0.9,0.6,0.6290241,49925,0.042882781680203284
0.2,0.8,0.8,0.5,0.6290366,49925,0.0413244556590574
0.3,0.2,0.1,0.5,0.6290438,49925,0.040694015182458056
0.5,0.5,0.8,0.3,0.629045,49925,0.044994489984600844
0.6,0.6,0.9,0.5,0.6290635,49925,0.04450280191799589
0.8,0.7,0.9,0.8,0.6290658,49925,0.04414363792117052
0.7,0.6,0.7,0.8,0.6290844,49925,0.04375499309668498
0.9,0.6,0.8,0.3,0.6291219,49925,0.04621546301878665
0.4,0.5,0.8,0.3,0.6291244,49925,0.04438521200943971
0.9,0.5,0.5,0.4,0.6291301,49925,0.04549186726373703
0.5,0.5,0.7,0.5,0.62913436,49925,0.04416142416546052
0.3,0.6,0.9,0.4,0.6291466,49925,0.04281831787804064
0.2,0.3,0.3,0.8,0.6291633,49925,0.038910467789166465
0.9,0.4,0.3,0.4,0.62916505,49925,0.044546087762361575
0.5,0.3,0.4,0.1,0.62918377,49925,0.04668000921479179
0.4,0.5,0.9,0.1,0.62920487,49925,0.04504075719882244
0.4,0.4,0.6,0.3,0.62925315,49925,0.04472984900459094
0.5,0.6,0.8,0.8,0.6292598,49925,0.04283264424607165
0.2,0.2,0.1,0.8,0.6292625,49925,0.03673701350293056
0.9,0.7,0.8,0.7,0.6293037,49925,0.04483841667428989
0.6,0.3,0.2,0.4,0.62933594,49925,0.04379988949630852
0.9,0.6,0.6,0.7,0.6293444,49925,0.044531729617331685
0.3,0.6,0.8,0.7,0.6293554,49925,0.04171105181070875
0.2,0.5,0.6,0.6,0.62938046,49925,0.04099618239084446
0.1,0.8,0.5,0.9,0.6293858,49925,0.037863564153602335
0.4,0.6,0.9,0.5,0.62941587,49925,0.0433332471918404
0.7,0.5,0.4,0.9,0.62942076,49925,0.04270538695846605
0.1,0.8,0.5,0.8,0.6294462,49925,0.03822754176426964
0.7,0.5,0.8,0.1,0.62945455,49925,0.04669458452223841
0.3,0.3,0.5,0.1,0.6294558,49925,0.04564388689097261
0.4,0.6,0.8,0.9,0.6294779,49925,0.04172917988764756
0.2,0.7,0.8,0.3,0.62948614,49925,0.04210829632363782
0.7,0.6,0.8,0.6,0.62948877,49925,0.0445364831791364
0.9,0.7,0.9,0.5,0.6295059,49925,0.04553284194622344
0.7,0.7,0.9,0.9,0.6295207,49925,0.0434738487297558
0.9,0.5,0.6,0.2,0.6295386,49925,0.046538457341969604
0.8,0.3,0.2,0.3,0.6295422,49925,0.044021336368890544
0.3,0.5,0.6,0.9,0.6295552,49925,0.04069875463273834
0.8,0.6,0.7,0.5,0.62958956,49925,0.045331985184273574
0.6,0.6,0.9,0.4,0.62960905,49925,0.04496625629344324
0.7,0.6,0.9,0.3,0.62961525,49925,0.04574859729743478
0.3,0.5,0.7,0.6,0.62963134,49925,0.042139921105136986
0.8,0.5,0.5,0.5,0.6296373,49925,0.04498354039110396
0.2,0.6,0.8,0.1,0.6296378,49925,0.04284493038542186
0.6,0.6,0.8,0.7,0.6296437,49925,0.04376945597227845
0.1,0.9,0.5,0.6,0.6296536,49925,0.03884738922637998
0.2,0.9,0.8,0.8,0.629658,49925,0.04025475840505075
0.2,0.5,0.7,0.3,0.629659,49925,0.04236802261193086
0.5,0.6,0.9,0.5,0.62966865,49925,0.04402097896665041
0.9,0.6,0.7,0.4,0.62967813,49925,0.045883124286715087
0.1,0.3,0.3,0.6,0.6297059,49925,0.03835608248436256
0.6,0.5,0.6,0.5,0.62972176,49925,0.04469411051838202
0.1,0.3,0.3,0.7,0.62972593,49925,0.03754061287921056
0.3,0.4,0.5,0.6,0.6297281,49925,0.04215752264819744
0.2,0.9,0.8,0.7,0.6297377,49925,0.040598918144722176
0.9,0.5,0.4,0.6,0.62973917,49925,0.04436225992034061
0.7,0.6,0.7,0.7,0.6297473,49925,0.0441952230787879
0.9,0.5,0.3,0.9,0.62975127,49925,0.04261229910305848
0.1,0.9,0.5,0.5,0.6297516,49925,0.03916292279714088
0.4,0.5,0.6,0.8,0.6297519,49925,0.04207914818141065
0.3,0.7,0.9,0.7,0.629774,49925,0.0417247795481555
0.8,0.6,0.6,0.8,0.6297757,49925,0.04397559481606422
0.4,0.3,0.3,0.4,0.6297757,49925,0.04397559481606422
0.6,0.5,0.7,0.3,0.6297864,49925,0.045652569215491205
0.6,0.5,0.5,0.8,0.6297938,49925,0.04309957424775297
0.2,0.8,0.8,0.4,0.6298218,49925,0.041670872102475894
0.1,0.4,0.4,0.2,0.6298218,49925,0.041670872102475894
0.2,0.7,0.7,0.9,0.6298396,49925,0.039819140276146546
0.5,0.4,0.4,0.6,0.6298452,49925,0.04343086627224964
0.1,0.8,0.5,0.6,0.6298951,49925,0.03897686500752178
0.7,0.6,0.8,0.5,0.62990063,49925,0.04500054917938098
0.5,0.4,0.5,0.3,0.6299083,49925,0.04543728361268134
0.3,0.4,0.4,0.9,0.6299287,49925,0.040251558879151945
0.7,0.4,0.4,0.3,0.62994695,49925,0.04563950455819268
0.2,0.6,0.7,0.5,0.62994975,49925,0.04148159901087867
0.7,0.4,0.3,0.6,0.62995136,49925,0.043553239033800775
0.6,0.4,0.6,0.1,0.629968,49925,0.046744839072161155
0.2,0.7,0.8,0.2,0.62997246,49925,0.042480787427755684
0.8,0.4,0.2,0.7,0.63000196,49925,0.04253441196539349
0.8,0.7,0.8,0.9,0.6300069,49925,0.04385240735104251
0.2,0.9,0.8,0.6,0.6300217,49925,0.04091589088262938
0.3,0.4,0.7,0.1,0.63002336,49925,0.04481419887051273
0.1,0.9,0.5,0.9,0.6300239,49925,0.0378497524086944
0.7,0.7,0.9,0.8,0.63006073,49925,0.04386913427520563
0.4,0.5,0.7,0.6,0.630093,49925,0.04300671694737446
0.6,0.7,0.9,0.9,0.6300961,49925,0.0430803582425222
0.3,0.6,0.9,0.3,0.6300968,49925,0.043272123968714785
0.2,0.4,0.6,0.2,0.6300968,49925,0.04327212396871478
0.1,0.2,0.3,0.1,0.6300968,49925,0.04327212396871478
0.8,0.6,0.9,0.2,0.6301073,49925,0.046419642121183546
0.8,0.5,0.7,0.1,0.6301076,49925,0.046997202565248454
0.1,0.5,0.4,0.9,0.6301356,49925,0.03734458540067594
0.5,0.4,0.3,0.8,0.6301568,49925,0.04199141261996095
0.3,0.6,0.7,0.9,0.6301754,49925,0.04091368776922341
0.2,0.5,0.7,0.2,0.63018715,49925,0.04291001568818544
0.2,0.9,0.8,0.5,0.6302073,49925,0.041249154228498196
0.7,0.2,0.1,0.2,0.6302232,49925,0.04262988150498114
0.5,0.5,0.8,0.2,0.63023776,49925,0.045566479473610484
0.2,0.7,0.7,0.7,0.6302383,49925,0.04067479132614899
0.9,0.4,0.2,0.6,0.63023883,49925,0.042957680663279776
0.2,0.7,0.7,0.8,0.6302421,49925,0.040252577619381155
0.3,0.3,0.2,0.9,0.6302616,49925,0.039027333471673885
0.6,0.4,0.3,0.7,0.6302754,49925,0.04286180524378842
0.5,0.6,0.8,0.7,0.6302814,49925,0.04329007462845137
0.3,0.8,0.9,0.9,0.6302841,49925,0.041049630774157214
0.9,0.6,0.5,0.9,0.6302884,49925,0.043579510371175655
0.5,0.5,0.7,0.4,0.6303151,49925,0.04472079649958982
0.8,0.7,0.9,0.7,0.6303243,49925,0.044539160739627486
0.1,0.9,0.5,0.8,0.6303375,49925,0.03817535110356385
0.3,0.3,0.4,0.3,0.63036203,49925,0.04421961960322432
0.6,0.6,0.8,0.6,0.63036203,49925,0.04421961960322432
0.9,0.3,0.1,0.5,0.630366,49925,0.04156967851698962
0.2,0.9,0.8,0.2,0.6303726,49925,0.0421192387103626
0.7,0.5,0.5,0.6,0.6303796,49925,0.044402381451957164
0.1,0.9,0.5,0.7,0.6304251,49925,0.03852172399050572
0.3,0.5,0.7,0.5,0.63044935,49925,0.042691466040523034
0.3,0.2,0.2,0.2,0.6304499,49925,0.044969063273576866
0.9,0.6,0.6,0.6,0.6304499,49925,0.044969063273576866
0.6,0.4,0.4,0.4,0.6304499,49925,0.044969063273576866
0.6,0.6,0.7,0.9,0.63045686,49925,0.042977943619460016
0.3,0.6,0.8,0.6,0.6304572,49925,0.0421880915577526
0.1,0.3,0.3,0.5,0.63047063,49925,0.039212260280273165
0.5,0.5,0.5,0.9,0.630471,49925,0.04219304011669079
0.4,0.6,0.9,0.4,0.63048935,49925,0.0437939533431029
0.5,0.3,0.2,0.5,0.6305002,49925,0.04301862137587428
0.2,0.9,0.8,0.9,0.63050413,49925,0.03993017459258444
0.1,0.5,0.4,0.3,0.6305181,49925,0.04083592401569631
0.1,0.4,0.4,0.1,0.6305233,49925,0.04230633149625579
0.2,0.8,0.8,0.2,0.6305233,49925,0.04230633149625579
0.2,0.3,0.5,0.1,0.6305281,49925,0.04438863705201789
0.2,0.6,0.6,0.9,0.63053215,49925,0.03966479013909014
0.5,0.6,0.7,0.9,0.6305482,49925,0.04249098811967778
0.5,0.6,0.9,0.4,0.6305499,49925,0.04451111987152955
0.3,0.6,0.8,0.5,0.6305606,49925,0.042662437139495205
0.2,0.9,0.8,0.4,0.63058126,49925,0.041578681634810766
0.1,0.5,0.4,0.8,0.6305835,49925,0.037871533416917215
0.1,0.2,0.2,0.5,0.6305859,49925,0.038373623202698263
0.2,0.8,0.8,0.3,0.63059956,49925,0.042018984319760866
0.1,0.8,0.5,0.7,0.6306054,49925,0.03860099537759592
0.4,0.5,0.6,0.7,0.63060725,49925,0.042639553516482236
0.7,0.6,0.8,0.4,0.6306174,49925,0.04549377614723992
0.9,0.7,0.7,0.9,0.6306247,49925,0.04406731857653451
0.2,0.8,0.8,0.1,0.6306318,49925,0.0425845059367375
0.1,0.5,0.4,0.7,0.63063717,49925,0.038422851262125586
0.7,0.4,0.2,0.8,0.63064945,49925,0.04194537486484621
0.6,0.5,0.6,0.4,0.63065004,49925,0.04527337108330194
0.4,0.4,0.5,0.5,0.63065785,49925,0.04360630269290306
0.2,0.9,0.8,0.1,0.63067716,49925,0.04234328376638156
0.9,0.7,0.8,0.6,0.6306784,49925,0.045245317018187105
0.2,0.3,0.4,0.4,0.6306795,49925,0.042180849445535885
0.4,0.6,0.8,0.8,0.6306795,49925,0.042180849445535885
0.7,0.7,0.9,0.7,0.63070416,49925,0.044264655005303015
0.5,0.5,0.6,0.7,0.6307101,49925,0.04321972561450841
0.4,0.5,0.8,0.2,0.6307155,49925,0.044964091907384054
0.8,0.7,0.8,0.8,0.6307328,49925,0.04424319804812694
0.2,0.7,0.7,0.6,0.6307695,49925,0.041102463170205134
0.3,0.4,0.6,0.3,0.63078034,49925,0.04394376511970753
0.6,0.4,0.5,0.2,0.6307854,49925,0.0462986262062173
0.3,0.5,0.8,0.2,0.630792,49925,0.043981237530599536
0.8,0.4,0.4,0.2,0.63079304,49925,0.0461618813359209
0.4,0.2,0.2,0.1,0.63079304,49925,0.0461618813359209
0.7,0.3,0.3,0.1,0.6307947,49925,0.04625790787007638
0.4,0.4,0.4,0.7,0.630796,49925,0.04231921611806685
0.7,0.5,0.7,0.2,0.630798,49925,0.04640464845340469
0.4,0.5,0.7,0.5,0.63082767,49925,0.04358257871173862
0.6,0.3,0.1,0.7,0.6308298,49925,0.04082018537648822
0.8,0.6,0.8,0.3,0.6308435,49925,0.046149714149323715
0.8,0.7,0.9,0.6,0.63086843,49925,0.04494325267677686
0.8,0.4,0.3,0.4,0.6308842,49925,0.044716264909596945
0.7,0.3,0.1,0.6,0.6308994,49925,0.041417875048085646
0.2,0.6,0.7,0.4,0.6309023,49925,0.0419655803638526
0.9,0.6,0.9,0.1,0.6309055,49925,0.04698251525720115
0.4,0.6,0.9,0.3,0.6309071,49925,0.044276001623762704
0.2,0.4,0.5,0.5,0.63092124,49925,0.04156244389912411
0.9,0.7,0.9,0.4,0.63094676,49925,0.04595648081895286
0.2,0.7,0.8,0.1,0.630964,49925,0.04275953715562996
0.8,0.5,0.4,0.7,0.6309778,49925,0.04384553315790633
0.5,0.4,0.6,0.1,0.63098156,49925,0.04659790205138893
0.2,0.3,0.3,0.7,0.6309855,49925,0.03967481534091112
0.3,0.7,0.8,0.9,0.6309889,49925,0.04102745936092269
0.7,0.6,0.9,0.2,0.6310249,49925,0.046243268966950545
0.2,0.5,0.6,0.5,0.6310749,49925,0.04157022638874559
0.3,0.5,0.6,0.8,0.6310928,49925,0.04122626528550765
0.1,0.5,0.4,0.2,0.63109756,49925,0.04141358217641752
0.1,0.5,0.4,0.6,0.6311131,49925,0.03901255451203364
0.4,0.4,0.6,0.2,0.6311187,49925,0.04545892443573021
0.2,0.2,0.3,0.1,0.6311187,49925,0.04545892443573021
0.6,0.6,0.9,0.3,0.6311187,49925,0.04545892443573021
0.6,0.5,0.8,0.1,0.63112634,49925,0.04649325152042147
0.7,0.5,0.6,0.3,0.6311371,49925,0.04603076943846346
0.4,0.6,0.7,0.9,0.6311666,49925,0.04182703907460387
0.1,0.5,0.4,0.5,0.6311716,49925,0.03962082146813317
0.2,0.9,0.8,0.3,0.63118106,49925,0.04186167930258296
0.3,0.7,0.9,0.6,0.6312192,49925,0.04211672810766746
0.2,0.2,0.1,0.7,0.6312235,49925,0.037647444758537256
0.1,0.5,0.4,0.4,0.6312257,49925,0.0402338387445496
0.7,0.6,0.7,0.6,0.63122684,49925,0.044669788736487546
0.6,0.6,0.7,0.8,0.63122827,49925,0.04342808964463849
0.7,0.4,0.5,0.1,0.6312361,49925,0.04694216105189541
0.5,0.7,0.9,0.9,0.6312405,49925,0.042555853707063517
0.3,0.6,0.9,0.2,0.63125193,49925,0.04373326764131341
0.9,0.5,0.3,0.8,0.63129115,49925,0.04309014427546064
0.6,0.4,0.2,0.9,0.6313233,49925,0.04125447686883999
0.8,0.7,0.9,0.5,0.6313351,49925,0.045364878239982497
0.8,0.6,0.6,0.7,0.6313524,49925,0.04444514541067772
0.6,0.5,0.7,0.2,0.6313606,49925,0.04626638038491729
0.7,0.6,0.6,0.9,0.63140327,49925,0.043328315924018534
0.2,0.6,0.7,0.3,0.63140583,49925,0.04243286943058837
0.6,0.5,0.5,0.7,0.63145465,49925,0.043656457872185625
0.9,0.6,0.8,0.2,0.63147455,49925,0.04669450665762182
0.5,0.3,0.1,0.8,0.63148046,49925,0.040036156719189704
0.2,0.4,0.6,0.1,0.63149863,49925,0.043951570873175146
0.2,0.5,0.7,0.1,0.6315051,49925,0.043394933329198054
0.3,0.5,0.7,0.4,0.63151026,49925,0.04324683071061985
0.5,0.4,0.4,0.5,0.6315146,49925,0.04412469418916127
0.4,0.4,0.5,0.4,0.63153386,49925,0.044293369883334134
0.1,0.3,0.3,0.4,0.6315462,49925,0.04015391445579534
0.2,0.6,0.6,0.8,0.6315462,49925,0.04015391445579534
0.8,0.6,0.7,0.4,0.63155687,49925,0.04582062551162932
0.1,0.6,0.4,0.1,0.6315598,49925,0.04144106102920191
0.7,0.6,0.7,0.5,0.63157994,49925,0.045149372179345754
0.6,0.6,0.8,0.5,0.63158166,49925,0.044704774935186674
0.3,0.8,0.9,0.8,0.63158995,49925,0.0414318816297972
0.9,0.8,0.9,0.9,0.6315905,49925,0.04427752748094207
0.7,0.3,0.2,0.3,0.63159394,49925,0.044351599212096034
0.4,0.7,0.9,0.9,0.631596,49925,0.041874817249925554
0.7,0.6,0.8,0.3,0.6316056,49925,0.045986471977638034
0.5,0.5,0.6,0.6,0.63161385,49925,0.04377878151163839
0.2,0.5,0.5,0.9,0.6316177,49925,0.03943235736725455
0.2,0.4,0.4,0.8,0.63161856,49925,0.03962598122566042
0.1,0.2,0.2,0.4,0.63161856,49925,0.03962598122566042
0.3,0.7,0.9,0.5,0.63162386,49925,0.04251248341938747
0.9,0.6,0.5,0.8,0.63163584,49925,0.0440137370996352
0.2,0.4,0.4,0.9,0.63164073,49925,0.038977449348301225
0.5,0.6,0.9,0.3,0.63164115,49925,0.04499523420624601
0.1,0.5,0.4,0.1,0.631643,49925,0.04190666989632944
0.9,0.5,0.5,0.3,0.63165116,49925,0.04602854021537883
0.9,0.6,0.6,0.5,0.63169754,49925,0.04546020066288429
0.1,0.6,0.4,0.9,0.63172793,49925,0.03752383331087434
0.3,0.4,0.4,0.8,0.63173646,49925,0.04087709937489298
0.2,0.7,0.7,0.5,0.63174343,49925,0.04153995863106114
0.8,0.5,0.5,0.4,0.6317815,49925,0.04555077489656502
0.3,0.5,0.8,0.1,0.6317949,49925,0.044528943287208377
0.6,0.7,0.9,0.8,0.6318112,49925,0.04347638115951989
0.3,0.7,0.8,0.8,0.6318257,49925,0.04145075726795154
0.4,0.3,0.2,0.6,0.63182837,49925,0.04199726745666007
0.5,0.6,0.8,0.6,0.63184303,49925,0.043768338844926154
0.4,0.6,0.8,0.7,0.63186187,49925,0.04261942061945275
0.3,0.3,0.3,0.5,0.6318746,49925,0.04253898819967497
0.4,0.5,0.7,0.4,0.63187844,49925,0.0441584556631385
0.7,0.5,0.5,0.5,0.6318807,49925,0.04495447447691112
0.7,0.4,0.3,0.5,0.6318981,49925,0.044188603814400824
0.2,0.7,0.7,0.4,0.6319209,49925,0.041963082418918204
0.3,0.6,0.7,0.8,0.6319683,49925,0.041380901389379506
0.9,0.5,0.4,0.5,0.63200784,49925,0.04486151940500978
0.5,0.5,0.7,0.3,0.63202375,49925,0.045323937093696406
0.9,0.7,0.7,0.8,0.63203,49925,0.04446994120572203
0.8,0.3,0.1,0.5,0.6320305,49925,0.041841718383625104
0.4,0.4,0.3,0.9,0.6320353,49925,0.040879981592594906
0.3,0.6,0.9,0.1,0.6320521,49925,0.044152915863209095
0.2,0.8,0.7,0.8,0.6320727,49925,0.040292731864852396
0.2,0.8,0.7,0.9,0.6320766,49925,0.03991987945663535
0.1,0.4,0.3,0.9,0.63207835,49925,0.03670400437233121
0.3,0.6,0.8,0.4,0.63209206,49925,0.04314631148698969
0.5,0.5,0.8,0.1,0.63209414,49925,0.046150322014439166
0.7,0.7,0.8,0.9,0.63215685,49925,0.04357631678499377
0.9,0.5,0.6,0.1,0.6321629,49925,0.047076497361505515
0.8,0.6,0.9,0.1,0.63217896,49925,0.04692215368333916
0.3,0.3,0.2,0.8,0.6321819,49925,0.03978694361122843
0.5,0.5,0.5,0.8,0.632185,49925,0.04272139447576937
0.9,0.7,0.8,0.5,0.6321887,49925,0.04566404000770506
0.9,0.3,0.2,0.2,0.6321928,49925,0.04422414541692792
0.7,0.5,0.4,0.8,0.63219476,49925,0.04323453890784284
0.3,0.4,0.6,0.2,0.63219935,49925,0.04467581312331142
0.5,0.3,0.3,0.2,0.6322173,49925,0.04590586130754078
0.4,0.7,0.9,0.7,0.632218,49925,0.04269428421466545
0.1,0.9,0.4,0.1,0.6322247,49925,0.03985875045980534
0.2,0.3,0.3,0.6,0.63225913,49925,0.04052188584475021
0.8,0.7,0.8,0.7,0.6322643,49925,0.04465253370522785
0.3,0.7,0.9,0.4,0.6322951,49925,0.04293511330854744
0.6,0.5,0.4,0.9,0.63229644,49925,0.04248315969947214
0.8,0.5,0.3,0.9,0.6323006,49925,0.042568327682460834
0.8,0.7,0.9,0.4,0.6323308,49925,0.04580261196428875
0.3,0.5,0.6,0.7,0.63234174,49925,0.041782044937324174
0.1,0.7,0.4,0.1,0.6323847,49925,0.040910362218106844
0.2,0.4,0.5,0.4,0.63239413,49925,0.042288278155214735
0.4,0.6,0.8,0.6,0.6324149,49925,0.043105276111599575
0.2,0.3,0.4,0.3,0.6324149,49925,0.043105276111599575
0.1,0.6,0.4,0.3,0.6324235,49925,0.04058434759492651
0.2,0.6,0.6,0.7,0.63243777,49925,0.04063918751840866
0.5,0.6,0.7,0.8,0.63244355,49925,0.04297414400350214
0.4,0.6,0.9,0.2,0.63244426,49925,0.04477480552402814
0.3,0.4,0.5,0.5,0.6324457,49925,0.042833201625540995
0.4,0.5,0.8,0.1,0.63245445,49925,0.04554153281675292
0.1,0.6,0.4,0.4,0.63248414,49925,0.040079319095191614
0.7,0.7,0.8,0.8,0.6324965,49925,0.04398784511199587
0.9,0.4,0.1,0.9,0.632498,49925,0.04069709798853143
0.9,0.6,0.7,0.3,0.6325029,49925,0.046367949397009646
0.8,0.7,0.8,0.6,0.63250357,49925,0.04507162445352547
0.1,0.6,0.4,0.2,0.6325057,49925,0.04107058015077482
0.9,0.8,0.9,0.8,0.6325188,49925,0.04464174524239014
0.4,0.7,0.9,0.8,0.6325197,49925,0.0422758488719428
0.6,0.7,0.9,0.7,0.6325243,49925,0.04390850618232227
0.8,0.6,0.6,0.6,0.6325438,49925,0.04492705420327507
0.4,0.3,0.3,0.3,0.6325438,49925,0.04492705420327507
0.6,0.6,0.7,0.7,0.63256335,49925,0.04389423640058799
0.6,0.5,0.5,0.6,0.63256675,49925,0.04421048859834087
0.7,0.7,0.9,0.6,0.63256824,49925,0.04469232303412401
0.6,0.4,0.3,0.6,0.63258475,49925,0.04352189497724431
0.2,0.6,0.7,0.2,0.6325956,49925,0.04292161539349244
0.2,0.8,0.7,0.6,0.63261896,49925,0.041097045203748954
0.1,0.6,0.4,0.8,0.63262534,49925,0.0380007247293168
0.4,0.4,0.4,0.6,0.63263124,49925,0.043005903992331666
0.6,0.6,0.6,0.9,0.63263124,49925,0.04300590399233167
0.2,0.2,0.2,0.3,0.63263124,49925,0.043005903992331666
0.8,0.5,0.4,0.6,0.6326388,49925,0.04437223647987695
0.3,0.8,0.9,0.7,0.6326393,49925,0.04182033021197534
0.3,0.5,0.7,0.3,0.63265604,49925,0.04383597252610291
0.5,0.7,0.9,0.8,0.6326625,49925,0.04295111659598212
0.2,0.5,0.5,0.8,0.6326654,49925,0.039964353778119834
0.7,0.6,0.6,0.8,0.63267726,49925,0.04380462101767725
0.4,0.5,0.5,0.9,0.6326814,49925,0.04159570121371212
0.2,0.5,0.6,0.4,0.6326999,49925,0.04216963032107993
0.4,0.7,0.9,0.6,0.63272494,49925,0.04310893050560667
0.4,0.5,0.6,0.6,0.6327502,49925,0.043197647861763555
0.6,0.6,0.9,0.2,0.63277173,49925,0.04594531744562561
0.2,0.4,0.4,0.7,0.6327819,49925,0.04029338444357067
0.5,0.5,0.6,0.5,0.6327845,49925,0.04435355781968829
0.4,0.6,0.8,0.5,0.6327872,49925,0.04360466670327105
0.1,0.8,0.4,0.1,0.63281465,49925,0.04036879044698402
0.4,0.2,0.1,0.3,0.63281626,49925,0.04307321003633994
0.8,0.4,0.2,0.6,0.63281626,49925,0.04307321003633994
0.2,0.8,0.7,0.7,0.63283384,49925,0.04069494979657769
0.2,0.6,0.6,0.6,0.6328406,49925,0.0411625792512499
0.3,0.9,0.9,0.9,0.6328406,49925,0.0411625792512499
0.1,0.3,0.3,0.3,0.6328406,49925,0.0411625792512499
0.6,0.5,0.6,0.3,0.6328589,49925,0.04587293747215994
0.7,0.4,0.2,0.7,0.6328909,49925,0.04253493630804028
0.1,0.7,0.4,0.9,0.6329077,49925,0.03759992529515672
0.3,0.6,0.8,0.3,0.6329142,49925,0.04362931305237003
0.4,0.5,0.7,0.3,0.6329512,49925,0.044764904727721246
0.1,0.4,0.3,0.8,0.63296026,49925,0.037327941375371966
0.8,0.8,0.9,0.9,0.6329679,49925,0.0440558766267168
0.5,0.6,0.9,0.2,0.6329703,49925,0.045491150170493794
0.5,0.4,0.3,0.7,0.63297176,49925,0.04263424921000825
0.9,0.6,0.8,0.1,0.63297516,49925,0.04719173292214405
0.8,0.5,0.6,0.2,0.63298035,49925,0.04660929260274273
0.6,0.6,0.8,0.4,0.63298506,49925,0.04521546781217422
0.3,0.3,0.4,0.2,0.63298506,49925,0.04521546781217422
0.7,0.5,0.7,0.1,0.6330136,49925,0.04700362010559682
0.9,0.4,0.3,0.3,0.63304126,49925,0.0451311704151536
0.6,0.4,0.4,0.3,0.6330468,49925,0.04571058240806248
0.1,0.6,0.4,0.6,0.6330879,49925,0.039034463613909776
0.6,0.6,0.7,0.6,0.6331028,49925,0.044385800467985646
0.7,0.6,0.9,0.1,0.6331184,49925,0.04674511028542959
0.9,0.4,0.4,0.1,0.63312453,49925,0.0465559508570408
0.2,0.7,0.7,0.3,0.6331266,49925,0.04238456198259755
0.1,0.6,0.4,0.7,0.6331426,49925,0.03850179560880935
0.5,0.7,0.8,0.9,0.63316125,49925,0.04267457516976494
0.3,0.7,0.9,0.3,0.63317955,49925,0.04337205274078475
0.4,0.6,0.7,0.8,0.6331865,49925,0.042315087929773613
0.6,0.7,0.8,0.9,0.6331916,49925,0.04320088921920864
0.3,0.5,0.5,0.9,0.63319826,49925,0.04072924996802255
0.1,0.2,0.1,0.9,0.6332201,49925,0.033657744892104845
0.4,0.3,0.4,0.1,0.63322145,49925,0.04666507252245183
0.8,0.6,0.8,0.2,0.63322145,49925,0.04666507252245183
0.1,0.6,0.4,0.5,0.63322204,49925,0.03955666053315078
0.4,0.3,0.1,0.9,0.63322586,49925,0.038942536489400194
0.7,0.6,0.7,0.4,0.63323104,49925,0.0456643928201498
0.5,0.6,0.8,0.5,0.6332373,49925,0.04428036849734468
0.1,0.8,0.4,0.3,0.6332408,49925,0.039939392158809116
0.2,0.8,0.7,0.5,0.6332417,49925,0.04148072275631747
0.8,0.6,0.5,0.9,0.6332473,49925,0.04348053132018735
0.1,0.7,0.4,0.3,0.6332501,49925,0.04027207390609733
0.7,0.4,0.4,0.2,0.6332798,49925,0.04634311327723169
0.8,0.7,0.7,0.9,0.6332801,49925,0.04389817063667232
0.9,0.5,0.3,0.7,0.6332943,49925,0.04358188188101823
0.2,0.6,0.7,0.1,0.6333165,49925,0.04333631909003086
0.8,0.7,0.8,0.5,0.6333246,49925,0.04550878059238565
0.5,0.5,0.5,0.7,0.6333425,49925,0.043298239612223954
0.3,0.4,0.4,0.7,0.63334787,49925,0.04153475091090445
0.3,0.5,0.6,0.6,0.6333715,49925,0.04235075815768205
0.7,0.6,0.6,0.7,0.6333767,49925,0.0442682998048658
0.9,0.7,0.9,0.3,0.6333908,49925,0.04638764886158109
0.7,0.7,0.9,0.5,0.63340056,49925,0.04512588634140369
0.2,0.5,0.5,0.7,0.633407,49925,0.040549813032736644
0.2,0.9,0.7,0.9,0.6334296,49925,0.03993226156446013
0.1,0.7,0.4,0.2,0.6334403,49925,0.04067899464096746
0.9,0.8,0.9,0.7,0.63344175,49925,0.04501395459155437
0.3,0.7,0.8,0.7,0.6334575,49925,0.04187846895730253
0.5,0.7,0.9,0.7,0.6334671,49925,0.04337236149425406
0.3,0.5,0.7,0.2,0.6334778,49925,0.044432308473295073
0.6,0.2,0.1,0.2,0.63348687,49925,0.043234779077466395
0.9,0.6,0.5,0.7,0.6334884,49925,0.044475721402673196
0.2,0.2,0.1,0.6,0.63350064,49925,0.038697465276501454
0.2,0.8,0.7,0.4,0.63352823,49925,0.04185893894078269
0.5,0.4,0.4,0.4,0.6335292,49925,0.044854448729437474
0.5,0.4,0.5,0.2,0.63353264,49925,0.04617887705048102
0.1,0.8,0.4,0.4,0.6335612,49925,0.0395734449773651
0.9,0.8,0.9,0.6,0.6335716,49925,0.045390067667150064
0.9,0.7,0.7,0.7,0.63357526,49925,0.044894444719723946
0.2,0.5,0.6,0.3,0.63358235,49925,0.04276196851211555
0.2,0.9,0.7,0.7,0.63359386,49925,0.04065221538628881
0.4,0.4,0.5,0.3,0.6336024,49925,0.04506126317729819
0.6,0.5,0.5,0.5,0.6336053,49925,0.044798991215594046
0.6,0.7,0.9,0.6,0.6336342,49925,0.04434042650937997
0.5,0.6,0.7,0.7,0.6336418,49925,0.043445171782266916
0.7,0.7,0.8,0.7,0.6336992,49925,0.044412610301807424
0.6,0.3,0.2,0.3,0.63370186,49925,0.04461640347431788
0.1,0.7,0.4,0.8,0.6337047,49925,0.03802693430394815
0.2,0.9,0.7,0.8,0.63371146,49925,0.04029382911139742
0.4,0.7,0.8,0.9,0.6337276,49925,0.04199445398914759
0.3,0.6,0.7,0.7,0.6337475,49925,0.04186804363503598
0.3,0.8,0.9,0.6,0.633752,49925,0.04220326464775322
0.2,0.3,0.4,0.2,0.633754,49925,0.04410838567753349
0.4,0.6,0.8,0.4,0.633754,49925,0.04410838567753349
0.8,0.8,0.9,0.8,0.6337559,49925,0.04442523075384157
0.6,0.3,0.3,0.1,0.6337563,49925,0.046611840327760876
0.2,0.9,0.7,0.6,0.6337586,49925,0.041002646084852795
0.4,0.5,0.5,0.8,0.63377815,49925,0.04215636976219555
0.6,0.6,0.8,0.3,0.6337912,49925,0.045735687932748646
0.3,0.2,0.1,0.4,0.63382626,49925,0.04184797889462648
0.6,0.4,0.2,0.8,0.63382626,49925,0.04184797889462648
0.3,0.3,0.2,0.7,0.633831,49925,0.04056950606133663
0.8,0.7,0.7,0.8,0.63383365,49925,0.044293894341836115
0.7,0.4,0.3,0.4,0.63384235,49925,0.044838379720982514
0.4,0.4,0.6,0.1,0.6338436,49925,0.046192905345830246
0.1,0.7,0.4,0.5,0.6338482,49925,0.03939757959383149
0.8,0.5,0.5,0.3,0.6338579,49925,0.04612886294261695
0.4,0.6,0.9,0.1,0.63386315,49925,0.045268054621648124
0.7,0.5,0.5,0.4,0.6338692,49925,0.045556833770598944
0.5,0.6,0.8,0.4,0.63387257,49925,0.04479044116869881
0.1,0.7,0.4,0.4,0.6338832,49925,0.03985635851625537
0.2,0.8,0.7,0.1,0.6338974,49925,0.042874133272262
0.1,0.7,0.4,0.7,0.63390523,49925,0.03846818833671811
0.3,0.7,0.8,0.6,0.6339162,49925,0.04230928187182222
0.8,0.7,0.9,0.3,0.63393605,49925,0.04624509612564557
0.3,0.4,0.6,0.1,0.63393927,49925,0.0454236604411037
0.1,0.2,0.2,0.3,0.63394475,49925,0.040994854209272895
0.2,0.4,0.4,0.6,0.63394475,49925,0.040994854209272895
0.3,0.6,0.6,0.9,0.63394475,49925,0.0409948542092729
0.3,0.4,0.5,0.4,0.6339527,49925,0.043568694611107545
0.7,0.6,0.8,0.2,0.6339589,49925,0.046520516776953215
0.9,0.4,0.2,0.5,0.6339696,49925,0.043514872207281216
0.5,0.5,0.7,0.2,0.63397384,49925,0.04593846709547925
0.2,0.3,0.3,0.5,0.6339861,49925,0.041421027969381415
0.1,0.4,0.3,0.7,0.63398844,49925,0.03799569771735622
0.6,0.7,0.8,0.8,0.6339927,49925,0.04362521652046652
0.6,0.3,0.1,0.6,0.6340054,49925,0.04151258194632791
0.3,0.3,0.3,0.4,0.6340495,49925,0.04349298620825778
0.6,0.6,0.6,0.8,0.6340495,49925,0.04349298620825778
0.7,0.6,0.6,0.6,0.6340637,49925,0.04476732369490413
0.3,0.6,0.8,0.2,0.63406783,49925,0.04413907190272474
0.7,0.7,0.9,0.4,0.6340754,49925,0.04558733005001924
0.2,0.3,0.2,0.9,0.63407946,49925,0.03779013408000128
0.2,0.4,0.5,0.3,0.63408726,49925,0.04304527520666081
0.1,0.8,0.4,0.2,0.6340893,49925,0.04023584734024181
0.5,0.5,0.6,0.4,0.63410926,49925,0.04496640862975587
0.9,0.7,0.8,0.4,0.6341264,49925,0.04609435542765527
0.1,0.9,0.4,0.2,0.63413423,49925,0.03979771056242719
0.3,0.9,0.9,0.8,0.63413525,49925,0.04152132985461355
0.4,0.7,0.9,0.5,0.6341554,49925,0.04353424683949428
0.6,0.4,0.5,0.1,0.63416374,49925,0.04702946934407633
0.3,0.8,0.8,0.9,0.6341772,49925,0.041157743737621766
0.8,0.5,0.3,0.8,0.63420737,49925,0.04307969024884016
0.3,0.7,0.9,0.2,0.6342181,49925,0.04377207665779162
0.5,0.6,0.6,0.9,0.63423955,49925,0.04256069748301852
0.7,0.3,0.1,0.5,0.63424945,49925,0.042080537961489625
0.5,0.3,0.2,0.4,0.6342716,49925,0.04388194011925856
0.1,0.8,0.4,0.9,0.63427275,49925,0.03760289886893198
0.7,0.5,0.4,0.7,0.634273,49925,0.04378876918584343
0.6,0.5,0.4,0.8,0.6342925,49925,0.04303037257944873
0.8,0.6,0.6,0.5,0.6342939,49925,0.04541752033120782
0.6,0.6,0.9,0.1,0.6343035,49925,0.046468280368155604
0.1,0.3,0.2,0.9,0.63430595,49925,0.03562859518149245
0.4,0.5,0.6,0.5,0.634319,49925,0.04380024082700437
0.1,0.9,0.4,0.3,0.6343387,49925,0.039577644474362135
0.9,0.5,0.4,0.4,0.63434315,49925,0.045397309031278275
0.1,0.7,0.4,0.6,0.6343556,49925,0.03893987917295919
0.6,0.5,0.7,0.1,0.6343751,49925,0.046882136918234465
0.1,0.8,0.4,0.6,0.6343771,49925,0.03879879147495673
0.8,0.3,0.2,0.2,0.6343791,49925,0.04470827302962465
0.9,0.8,0.8,0.9,0.63438493,49925,0.04433326964629239
0.1,0.8,0.4,0.7,0.63438606,49925,0.0384018941854264
0.4,0.5,0.7,0.2,0.6343874,49925,0.045379182118614456
0.3,0.5,0.5,0.8,0.6343893,49925,0.0412860299544716
0.6,0.7,0.9,0.5,0.63439167,49925,0.044785019253632874
0.3,0.8,0.9,0.5,0.63439345,49925,0.04259416575762617
0.3,0.6,0.7,0.6,0.6344024,49925,0.04237332193569735
0.2,0.9,0.7,0.4,0.6344083,49925,0.041708274108197683
0.2,0.5,0.5,0.6,0.63440967,49925,0.04114985488573524
0.8,0.5,0.4,0.5,0.634414,49925,0.044922394137097886
0.7,0.7,0.7,0.9,0.6344164,49925,0.04363480104738417
0.7,0.5,0.6,0.2,0.63442063,49925,0.04662924936187276
0.4,0.6,0.8,0.3,0.63447297,49925,0.04462521441412683
0.8,0.7,0.7,0.7,0.63447523,49925,0.04474290872337383
0.9,0.8,0.9,0.5,0.6344911,49925,0.04579903950260195
0.7,0.8,0.9,0.9,0.6345082,49925,0.043731372436806304
0.5,0.6,0.9,0.1,0.63452953,49925,0.045979395138190694
0.8,0.4,0.4,0.1,0.6345306,49925,0.04683401146632634
0.9,0.6,0.6,0.4,0.6345338,49925,0.04594556210866787
0.7,0.5,0.3,0.9,0.6345558,49925,0.04247866520549311
0.8,0.6,0.7,0.3,0.63459027,49925,0.0463270360991391
0.5,0.7,0.9,0.6,0.63459444,49925,0.04381427644142711
0.4,0.4,0.3,0.8,0.6346064,49925,0.0415222494124977
0.9,0.7,0.7,0.6,0.63461477,49925,0.04529936069253406
0.1,0.9,0.4,0.6,0.634623,49925,0.03863560406846943
0.9,0.5,0.5,0.2,0.63462955,49925,0.04659312240413597
0.2,0.6,0.6,0.5,0.6346335,49925,0.041698578403376936
0.4,0.6,0.7,0.7,0.6346345,49925,0.04279571990522727
0.4,0.4,0.4,0.5,0.6346415,49925,0.043737310271761275
0.2,0.9,0.7,0.1,0.63466287,49925,0.04259545592719306
0.2,0.5,0.6,0.2,0.6346632,49925,0.04337846677215027
0.2,0.9,0.7,0.5,0.63467044,49925,0.04134767192633462
0.1,0.8,0.4,0.5,0.63467175,49925,0.03918587389762268
0.3,0.9,0.9,0.7,0.6346781,49925,0.041861666820231604
0.9,0.8,0.8,0.8,0.634685,49925,0.04470749691445681
0.2,0.8,0.7,0.3,0.6346994,49925,0.04223187972867011
0.2,0.7,0.7,0.1,0.6347023,49925,0.04312524968203871
0.3,0.4,0.3,0.9,0.63472635,49925,0.04007960737938557
0.3,0.8,0.8,0.8,0.6347264,49925,0.04155570845724988
0.2,0.4,0.5,0.2,0.63473505,49925,0.04380612259841528
0.5,0.7,0.8,0.8,0.6347354,49925,0.04308766633014015
0.8,0.7,0.8,0.4,0.63476074,49925,0.04597032853328854
0.9,0.7,0.9,0.2,0.6347643,49925,0.046850829024698594
0.6,0.6,0.7,0.5,0.6347737,49925,0.0448862934337134
0.1,0.8,0.4,0.8,0.6347897,49925,0.03799086780993407
0.5,0.3,0.1,0.7,0.6347946,49925,0.04073411582464859
0.8,0.4,0.3,0.3,0.6348292,49925,0.045342599428206946
0.3,0.5,0.6,0.5,0.6348328,49925,0.04292906993507573
0.5,0.7,0.9,0.4,0.6348396,49925,0.04471590225066938
0.2,0.7,0.6,0.9,0.63486993,49925,0.039859759117884336
0.3,0.5,0.7,0.1,0.6348814,49925,0.04504078164396573
0.1,0.9,0.4,0.5,0.63489544,49925,0.038966874832868044
0.8,0.6,0.5,0.8,0.63490283,49925,0.04393820649319269
0.1,0.9,0.4,0.4,0.63490796,49925,0.039289861723996705
0.2,0.7,0.6,0.8,0.63492334,49925,0.040288515339842706
0.1,0.9,0.4,0.9,0.6349406,49925,0.03757291029381333
0.2,0.7,0.7,0.2,0.6349409,49925,0.04278947781004265
0.7,0.7,0.8,0.6,0.6349488,49925,0.04484008628237129
0.2,0.7,0.6,0.7,0.634951,49925,0.0407362636576476
0.1,0.9,0.4,0.8,0.63495165,49925,0.03791504769845049
0.6,0.8,0.9,0.9,0.63497066,49925,0.04330687428046094
0.2,0.3,0.2,0.8,0.63499016,49925,0.03856906330098636
0.5,0.5,0.5,0.6,0.6349984,49925,0.043889176032763
0.2,0.9,0.7,0.2,0.6349991,49925,0.04233109247622876
0.9,0.7,0.6,0.9,0.635013,49925,0.04404165544309038
0.4,0.8,0.9,0.9,0.63503087,49925,0.0420309539788572
0.3,0.7,0.9,0.1,0.635031,49925,0.04416053430487293
0.3,0.7,0.8,0.5,0.63504523,49925,0.042763842091931514
0.5,0.6,0.7,0.6,0.6350453,49925,0.043951577350973325
0.4,0.6,0.7,0.6,0.63504547,49925,0.043302215659702006
0.5,0.4,0.2,0.9,0.635051,49925,0.04096618462685498
0.8,0.5,0.6,0.1,0.6350539,49925,0.04720602121186642
0.4,0.7,0.8,0.8,0.63505644,49925,0.042411872685822645
0.6,0.7,0.8,0.7,0.6350577,49925,0.04405007177209255
0.5,0.6,0.8,0.3,0.6350889,49925,0.04531317100105388
0.4,0.7,0.9,0.4,0.63509554,49925,0.04397904777081589
0.8,0.4,0.1,0.9,0.6351291,49925,0.04071231156308055
0.4,0.6,0.6,0.9,0.6351505,49925,0.041897868612258735
0.3,0.4,0.4,0.6,0.63516337,49925,0.04226580709156768
0.6,0.6,0.6,0.7,0.6351819,49925,0.04398705940754149
0.3,0.8,0.9,0.4,0.6351905,49925,0.042975975650141496
0.5,0.5,0.4,0.9,0.6352031,49925,0.042111333575939595
0.3,0.9,0.9,0.6,0.63523895,49925,0.04221528234233804
0.2,0.6,0.6,0.4,0.63523895,49925,0.04221528234233804
0.1,0.3,0.3,0.2,0.63523895,49925,0.04221528234233804
0.7,0.6,0.5,0.9,0.6352494,49925,0.043281463037580285
0.5,0.7,0.9,0.5,0.6352502,49925,0.04425546723678561
0.8,0.8,0.9,0.7,0.6352751,49925,0.044808048665006164
0.9,0.4,0.1,0.8,0.6352899,49925,0.04114631403129242
0.7,0.7,0.7,0.8,0.6353015,49925,0.04406017726750579
0.3,0.6,0.8,0.1,0.63532406,49925,0.04461087276409251
0.3,0.5,0.5,0.7,0.63532555,49925,0.04186312153651278
0.7,0.8,0.9,0.8,0.6353301,49925,0.044112706800339824
0.1,0.9,0.4,0.7,0.63533455,49925,0.038268782447003255
0.7,0.7,0.9,0.3,0.63534874,49925,0.04603859228931539
0.2,0.8,0.7,0.2,0.6353512,49925,0.04259749768357721
0.9,0.6,0.4,0.9,0.6354008,49925,0.0434332901958666
0.3,0.7,0.7,0.9,0.6354233,49925,0.04111033938033666
0.1,0.3,0.2,0.8,0.6354263,49925,0.03635287233023939
0.5,0.5,0.6,0.3,0.6354592,49925,0.04560109048698563
0.1,0.2,0.1,0.8,0.63546807,49925,0.034497369444211265
0.2,0.6,0.5,0.9,0.63547105,49925,0.03963957190458751
0.8,0.8,0.8,0.9,0.6354771,49925,0.04411702482526381
0.3,0.6,0.7,0.5,0.635549,49925,0.04290943786581818
0.5,0.8,0.9,0.9,0.63554966,49925,0.04275615372105725
0.2,0.9,0.7,0.3,0.63557583,49925,0.0420319933663648
0.6,0.4,0.3,0.5,0.6355973,49925,0.04419557303811253
0.4,0.8,0.9,0.8,0.6356395,49925,0.04241100088909195
0.4,0.4,0.5,0.2,0.63565886,49925,0.0458530743006262
0.9,0.6,0.5,0.6,0.6356599,49925,0.04494380960612496
0.7,0.6,0.7,0.3,0.63567454,49925,0.04620490196757457
0.2,0.8,0.6,0.9,0.6356753,49925,0.03989973897878014
0.6,0.6,0.7,0.4,0.6356955,49925,0.045421027197587824
0.1,0.4,0.3,0.6,0.6357026,49925,0.03871867091083693
0.8,0.7,0.9,0.2,0.63571143,49925,0.046724966183058984
0.3,0.6,0.6,0.8,0.6357121,49925,0.041466178843764474
0.8,0.4,0.2,0.5,0.6357505,49925,0.04366760771489087
0.5,0.7,0.8,0.7,0.6357582,49925,0.04353609879243897
0.8,0.6,0.8,0.1,0.63576835,49925,0.04718190526672698
0.9,0.6,0.7,0.2,0.6357715,49925,0.04684918190698228
0.9,0.7,0.7,0.5,0.63577485,49925,0.045758003789504745
0.3,0.8,0.9,0.2,0.63577515,49925,0.04372648125266088
0.4,0.5,0.5,0.7,0.63578385,49925,0.042749547381055804
0.6,0.7,0.9,0.4,0.6357998,49925,0.04524644262966849
0.9,0.3,0.1,0.4,0.63580257,49925,0.04211254868284739
0.5,0.6,0.6,0.8,0.6358366,49925,0.04306556297654261
0.9,0.8,0.8,0.7,0.6358672,49925,0.04510191165769286
0.3,0.7,0.7,0.8,0.6358708,49925,0.04154327667294449
0.3,0.8,0.9,0.3,0.6358751,49925,0.04336218212435307
0.6,0.7,0.7,0.9,0.6358758,49925,0.0432864006714059
0.3,0.4,0.5,0.3,0.6358771,49925,0.04436429301496321
0.9,0.5,0.3,0.6,0.6358888,49925,0.04410213613395254
0.7,0.5,0.5,0.3,0.6359382,49925,0.046157014216777766
0.4,0.3,0.2,0.5,0.6359678,49925,0.04286534100367352
0.2,0.5,0.6,0.1,0.63597035,49925,0.04394922445321344
0.1,0.4,0.3,0.5,0.6360086,49925,0.03949245802785807
0.5,0.2,0.1,0.2,0.63601696,49925,0.043832759846593294
0.3,0.6,0.7,0.4,0.6360231,49925,0.043444821862005406
0.6,0.5,0.5,0.4,0.6360245,49925,0.04541735228012641
0.8,0.7,0.7,0.6,0.6360325,49925,0.04517782894426661
0.8,0.6,0.6,0.4,0.6360356,49925,0.045938451917950596
0.4,0.3,0.3,0.2,0.6360356,49925,0.045938451917950596
0.8,0.8,0.9,0.6,0.6360365,49925,0.04519456220520521
0.5,0.5,0.7,0.1,0.636051,49925,0.046555354858506225
0.4,0.7,0.8,0.7,0.6360585,49925,0.04285772706579429
0.6,0.7,0.8,0.6,0.6360767,49925,0.04449693487709823
0.4,0.7,0.9,0.3,0.63609546,49925,0.044436397611604214
0.5,0.4,0.4,0.3,0.63611525,49925,0.04560702082167299
0.4,0.8,0.9,0.7,0.63611954,49925,0.04282263887970254
0.7,0.6,0.6,0.5,0.6361233,49925,0.04527725734547314
0.6,0.8,0.9,0.8,0.6361254,49925,0.04369753960821158
0.2,0.4,0.4,0.5,0.63612574,49925,0.041725421510085944
0.2,0.7,0.6,0.6,0.6361713,49925,0.04121253440436871
0.7,0.5,0.4,0.6,0.63617736,49925,0.04433219158356901
0.3,0.4,0.3,0.8,0.63618714,49925,0.04073976228919139
0.7,0.8,0.9,0.7,0.6361973,49925,0.04450446629072427
0.2,0.4,0.3,0.9,0.63619757,49925,0.03877660824385687
0.4,0.3,0.1,0.8,0.6362135,49925,0.039670326925637815
0.9,0.7,0.6,0.8,0.6362173,49925,0.04444445939522846
0.3,0.9,0.8,0.9,0.6362481,49925,0.04121527851082451
0.3,0.9,0.9,0.5,0.63624847,49925,0.04258683279224092
0.8,0.5,0.4,0.4,0.63627577,49925,0.04549566521446147
0.7,0.7,0.8,0.5,0.6362851,49925,0.0452914127437054
0.8,0.5,0.3,0.7,0.6363188,49925,0.04359560095137806
0.6,0.6,0.8,0.2,0.63633925,49925,0.046268653394020295
0.3,0.3,0.4,0.1,0.63633925,49925,0.046268653394020295
0.3,0.3,0.2,0.6,0.6363479,49925,0.04143201663564124
0.3,0.4,0.4,0.5,0.6363514,49925,0.04301474264796371
0.2,0.7,0.6,0.5,0.6363675,49925,0.0416752966564212
0.4,0.6,0.6,0.8,0.6363841,49925,0.04240277273896854
0.2,0.3,0.3,0.4,0.6363841,49925,0.04240277273896854
0.5,0.6,0.7,0.5,0.63638645,49925,0.044475957553592016
0.5,0.8,0.9,0.8,0.63640726,49925,0.043151908724065206
0.3,0.7,0.8,0.4,0.636421,49925,0.04322562657607836
0.4,0.6,0.8,0.2,0.6364287,49925,0.04514741534077034
0.2,0.3,0.4,0.1,0.6364287,49925,0.04514741534077034
0.5,0.4,0.5,0.1,0.6364419,49925,0.04698698715188421
0.3,0.5,0.6,0.4,0.6364621,49925,0.043554016670170864
0.2,0.8,0.6,0.8,0.6364635,49925,0.04031365603343929
0.1,0.4,0.3,0.4,0.6364635,49925,0.04031365603343929
0.3,0.8,0.8,0.7,0.6364647,49925,0.04194875676846957
0.1,0.5,0.3,0.9,0.63646877,49925,0.037030029534279287
0.7,0.4,0.2,0.6,0.63648576,49925,0.043160678630134466
0.8,0.7,0.6,0.9,0.6364933,49925,0.043881978192712175
0.8,0.8,0.9,0.5,0.6365025,49925,0.045595336281695126
0.2,0.5,0.5,0.5,0.63651,49925,0.04177466043186584
0.2,0.6,0.5,0.8,0.6365112,49925,0.040162604996247
0.7,0.7,0.7,0.7,0.63653535,49925,0.044498103635013574
0.8,0.8,0.8,0.8,0.63653535,49925,0.044498103635013574
0.6,0.6,0.6,0.6,0.63653535,49925,0.044498103635013574
0.1,0.1,0.1,0.1,0.63653535,49925,0.044498103635013574
0.5,0.5,0.5,0.5,0.63653535,49925,0.044498103635013574
0.9,0.9,0.9,0.9,0.63653535,49925,0.044498103635013574
0.4,0.4,0.4,0.4,0.63653535,49925,0.044498103635013574
0.3,0.3,0.3,0.3,0.63653535,49925,0.044498103635013574
0.2,0.2,0.2,0.2,0.63653535,49925,0.044498103635013574
0.9,0.5,0.2,0.9,0.6365412,49925,0.0421746487772695
0.7,0.7,0.8,0.4,0.63656855,49925,0.045751474854380955
0.2,0.2,0.1,0.5,0.63657486,49925,0.039869510093842396
0.6,0.6,0.7,0.3,0.63658863,49925,0.04597263720622556
0.2,0.8,0.6,0.7,0.6366006,49925,0.04074225452694923
0.4,0.5,0.6,0.4,0.6366199,49925,0.044442722897571174
0.9,0.8,0.9,0.4,0.63663256,49925,0.04620011830822991
0.5,0.6,0.8,0.2,0.63665015,49925,0.045845902410624036
0.6,0.5,0.4,0.7,0.6366526,49925,0.04359249651136584
0.3,0.6,0.7,0.3,0.63665545,49925,0.04397053089837048
0.2,0.5,0.4,0.9,0.63666564,49925,0.03934543570306369
0.8,0.5,0.5,0.2,0.6366753,49925,0.04671956928899788
0.9,0.7,0.8,0.3,0.6366794,49925,0.04654007527695717
0.5,0.4,0.3,0.6,0.6367483,49925,0.043323071415297204
0.8,0.6,0.5,0.7,0.636787,49925,0.04441514030217575
0.4,0.8,0.9,0.6,0.6367915,49925,0.043233716788998205
0.4,0.6,0.7,0.5,0.63682735,49925,0.04384103727571417
0.3,0.8,0.9,0.1,0.636833,49925,0.04406863178567592
0.4,0.4,0.3,0.7,0.63683563,49925,0.042204330125147516
0.3,0.7,0.8,0.3,0.6368545,49925,0.043669761312212195
0.6,0.5,0.6,0.2,0.6368554,49925,0.046509056589720085
0.4,0.5,0.4,0.9,0.63687205,49925,0.04152359923777778
0.6,0.4,0.2,0.7,0.6368744,49925,0.04246459897885192
0.7,0.8,0.8,0.9,0.6368822,49925,0.043830665358561616
0.2,0.6,0.6,0.3,0.6368922,49925,0.042761861578874585
0.5,0.8,0.9,0.7,0.63689756,49925,0.04355873455808259
0.7,0.3,0.2,0.2,0.63690096,49925,0.0450964772471961
0.3,0.6,0.6,0.7,0.6369039,49925,0.04199917117520508
0.8,0.6,0.7,0.2,0.636927,49925,0.046850631585858664
0.4,0.7,0.9,0.2,0.63692987,49925,0.044883337023468965
0.7,0.5,0.6,0.1,0.6369557,49925,0.04724781167315
0.1,0.5,0.3,0.8,0.6369817,49925,0.03759105570930063
0.7,0.6,0.8,0.1,0.63699263,49925,0.04707226303796295
0.3,0.4,0.5,0.2,0.63701427,49925,0.04514949185918959
0.1,0.3,0.2,0.7,0.6370193,49925,0.03716100773436464
0.6,0.7,0.9,0.3,0.6370454,49925,0.04570050407608167
0.3,0.7,0.7,0.7,0.63705933,49925,0.04200363691741998
0.6,0.7,0.7,0.8,0.6370635,49925,0.043726612086570166
0.4,0.5,0.6,0.3,0.63706696,49925,0.04509398731723723
0.4,0.5,0.7,0.1,0.63707024,49925,0.045994119195136
0.5,0.7,0.9,0.3,0.63707554,49925,0.04518251585001857
0.5,0.7,0.7,0.9,0.6371013,49925,0.042759094825811104
0.2,0.6,0.5,0.7,0.63710505,49925,0.040689272679430066
0.7,0.6,0.5,0.8,0.63710576,49925,0.043756182499602204
0.2,0.4,0.5,0.1,0.6371157,49925,0.04457973886202781
0.3,0.9,0.9,0.4,0.6371247,49925,0.042948383649047565
0.8,0.8,0.8,0.7,0.63713646,49925,0.04489439534405665
0.1,0.2,0.1,0.7,0.63713783,49925,0.03545104707991865
0.6,0.4,0.4,0.2,0.6371419,49925,0.04643973472854823
0.9,0.6,0.6,0.3,0.6371419,49925,0.04643973472854823
0.3,0.2,0.2,0.1,0.6371419,49925,0.04643973472854823
0.4,0.7,0.8,0.6,0.637143,49925,0.04329566114134052
0.7,0.5,0.3,0.8,0.63715756,49925,0.04302233226355881
0.9,0.8,0.8,0.6,0.63716453,49925,0.0454904871868554
0.9,0.6,0.5,0.5,0.63717073,49925,0.045431425962408796
0.7,0.4,0.3,0.3,0.63718694,49925,0.04553295158884798
0.9,0.7,0.9,0.1,0.63720477,49925,0.04730851292734644
0.8,0.7,0.8,0.3,0.6372163,49925,0.046442670650899284
0.9,0.9,0.9,0.8,0.6372414,49925,0.04485084702798265
0.9,0.6,0.7,0.1,0.63725865,49925,0.047377239731089496
0.4,0.7,0.7,0.9,0.63726074,49925,0.04206108093484784
0.8,0.7,0.7,0.5,0.63726795,49925,0.045622438099530156
0.3,0.5,0.6,0.3,0.63727033,49925,0.0442093042102123
0.9,0.4,0.3,0.2,0.6372719,49925,0.04572738854301925
0.5,0.3,0.3,0.1,0.6372826,49925,0.04687092931348898
0.9,0.8,0.7,0.9,0.63728887,49925,0.04434648112243709
0.4,0.8,0.8,0.9,0.63729423,49925,0.04213471525105419
0.3,0.7,0.8,0.2,0.6373196,49925,0.04413200627447568
0.7,0.7,0.7,0.6,0.6373254,49925,0.04495743668878995
0.5,0.6,0.6,0.7,0.6373268,49925,0.04358294491191272
0.5,0.6,0.7,0.4,0.6373434,49925,0.04500866966072379
0.5,0.5,0.4,0.8,0.63734615,49925,0.04268969563891196
0.3,0.8,0.8,0.6,0.637362,49925,0.04237581308860358
0.6,0.6,0.8,0.1,0.63736653,49925,0.04680812880225823
0.6,0.6,0.6,0.5,0.637379,49925,0.04503747891501281
0.4,0.5,0.5,0.6,0.63737965,49925,0.043355871615289775
0.1,0.5,0.3,0.7,0.6373802,49925,0.038197529719786114
0.2,0.3,0.2,0.7,0.637384,49925,0.03939820488675533
0.5,0.7,0.8,0.6,0.6373898,49925,0.04401880873700423
0.3,0.9,0.8,0.8,0.637431,49925,0.04159574106896607
0.9,0.5,0.5,0.1,0.63744795,49925,0.047157623076563585
0.6,0.3,0.1,0.5,0.6375014,49925,0.04225120767314165
0.3,0.9,0.9,0.3,0.63750756,49925,0.043307456488261634
0.2,0.6,0.6,0.2,0.63750756,49925,0.04330745648826164
0.1,0.3,0.3,0.1,0.63750756,49925,0.04330745648826164
0.5,0.3,0.2,0.3,0.63751334,49925,0.04477840647368227
0.2,0.5,0.5,0.4,0.6375247,49925,0.04242389170575769
0.7,0.7,0.9,0.2,0.6375405,49925,0.04649716941430849
0.6,0.7,0.8,0.5,0.6375557,49925,0.044957736823201463
0.7,0.8,0.9,0.6,0.6375627,49925,0.04490329849584004
0.7,0.4,0.4,0.1,0.63756406,49925,0.04706168025847195
0.1,0.4,0.3,0.3,0.63760966,49925,0.041160326851574704
0.2,0.8,0.6,0.6,0.63760966,49925,0.041160326851574704
0.6,0.8,0.9,0.7,0.63762176,49925,0.04410559581047545
0.2,0.5,0.4,0.8,0.63765025,49925,0.0399364175353905
0.2,0.4,0.3,0.8,0.6376591,49925,0.039463942728110005
0.8,0.6,0.4,0.9,0.63767636,49925,0.043330183102122055
0.2,0.7,0.6,0.4,0.63767993,49925,0.04214536977522763
0.6,0.8,0.8,0.9,0.6376898,49925,0.043396919133617595
0.5,0.5,0.6,0.2,0.6376954,49925,0.04625897964581512
0.7,0.6,0.6,0.4,0.6376982,49925,0.04580386753033134
0.3,0.5,0.4,0.9,0.6377005,49925,0.0406705029948364
0.5,0.5,0.5,0.4,0.6377313,49925,0.04514344109166352
0.4,0.6,0.6,0.7,0.63774115,49925,0.04291751510018733
0.4,0.7,0.7,0.8,0.6377502,49925,0.042520501304544024
0.8,0.8,0.9,0.4,0.6377788,49925,0.046018294148983264
0.6,0.4,0.3,0.4,0.637779,49925,0.044892594903045
0.6,0.6,0.5,0.9,0.6377868,49925,0.042999415200902336
0.4,0.7,0.9,0.1,0.6377947,49925,0.045321845951432634
0.9,0.2,0.1,0.1,0.6377972,49925,0.04185272144942739
0.4,0.9,0.9,0.9,0.6378615,49925,0.04211923045876416
0.6,0.5,0.3,0.9,0.6378943,49925,0.04225093810292364
0.5,0.3,0.1,0.6,0.6379145,49925,0.04148448281529658
0.4,0.8,0.9,0.4,0.6379158,49925,0.04404958726061534
0.4,0.6,0.7,0.4,0.63793087,49925,0.04439062546267539
0.3,0.5,0.5,0.6,0.63794416,49925,0.04248170755164792
0.9,0.5,0.4,0.3,0.6379675,49925,0.04595299736593773
0.9,0.9,0.9,0.7,0.6379769,49925,0.04521939734433149
0.5,0.4,0.2,0.8,0.6379881,49925,0.04159101054840783
0.4,0.7,0.8,0.5,0.6379915,49925,0.04375883080674
0.7,0.8,0.8,0.8,0.6379916,49925,0.044217236063395136
0.9,0.8,0.8,0.5,0.6379974,49925,0.045901874937949456
0.3,0.8,0.8,0.5,0.63800144,49925,0.04280644077753094
0.9,0.7,0.7,0.4,0.6380092,49925,0.046218052667897816
0.8,0.9,0.9,0.9,0.63802445,49925,0.04425360010035535
0.9,0.6,0.4,0.8,0.6380331,49925,0.04387831513020109
0.8,0.7,0.6,0.8,0.6380414,49925,0.044307226627255794
0.2,0.7,0.6,0.3,0.6380417,49925,0.0426123200687751
0.9,0.7,0.6,0.7,0.6380553,49925,0.044876157501912935
0.6,0.7,0.7,0.7,0.63809055,49925,0.04417046021720754
0.8,0.6,0.5,0.6,0.6380945,49925,0.044906929892907316
0.5,0.8,0.8,0.9,0.6381,49925,0.042845410332361236
0.9,0.4,0.2,0.4,0.63811964,49925,0.04406759260640468
0.4,0.8,0.9,0.5,0.6381236,49925,0.043647628692166485
0.2,0.9,0.6,0.9,0.6381447,49925,0.039875049456441304
0.9,0.5,0.2,0.8,0.63814795,49925,0.04264822962843353
0.8,0.5,0.3,0.6,0.6381561,49925,0.04414849526777617
0.1,0.6,0.3,0.9,0.6381611,49925,0.03716822976229481
0.3,0.7,0.7,0.6,0.63816243,49925,0.04247520867400381
0.2,0.6,0.6,0.1,0.63816243,49925,0.04377674356510201
0.4,0.4,0.4,0.3,0.6381752,49925,0.045315064154678675
0.8,0.8,0.8,0.6,0.6381752,49925,0.045315064154678675
0.4,0.4,0.5,0.1,0.6381924,49925,0.046679587355452405
0.8,0.3,0.1,0.4,0.6381956,49925,0.04244121997844918
0.9,0.5,0.3,0.5,0.63820356,49925,0.0446312803475879
0.4,0.9,0.9,0.8,0.63820684,49925,0.04249986007711618
0.5,0.7,0.7,0.8,0.63821393,49925,0.0431951437980215
0.7,0.6,0.5,0.7,0.6382163,49925,0.04425298163058118
0.2,0.8,0.6,0.5,0.6382284,49925,0.041571716973253264
0.2,0.6,0.5,0.6,0.6382316,49925,0.04124651050635932
0.2,0.9,0.6,0.8,0.6382344,49925,0.04026149789009474
0.3,0.8,0.7,0.9,0.63824433,49925,0.041217591257150805
0.6,0.5,0.5,0.3,0.63824624,49925,0.046053443021628136
0.9,0.8,0.7,0.8,0.6382707,49925,0.04473575071330973
0.1,0.5,0.3,0.6,0.63827944,49925,0.038822027893087835
0.8,0.5,0.2,0.9,0.63828164,49925,0.04212825645532358
0.8,0.6,0.6,0.3,0.63830376,49925,0.04644615914892089
0.7,0.7,0.8,0.3,0.63831705,49925,0.046245670048137226
0.5,0.8,0.9,0.6,0.6383453,49925,0.04397192874097038
0.3,0.5,0.6,0.2,0.63834757,49925,0.044870255848600785
0.3,0.7,0.6,0.9,0.6383542,49925,0.04113784426436746
0.8,0.7,0.9,0.1,0.63838273,49925,0.04720194834728328
0.4,0.7,0.8,0.4,0.63841647,49925,0.04421836794285829
0.3,0.7,0.8,0.1,0.63844687,49925,0.04454634937312941
0.2,0.9,0.6,0.5,0.63845325,49925,0.04140186885008053
0.8,0.9,0.9,0.8,0.6384678,49925,0.044607035736803705
0.5,0.7,0.8,0.5,0.6384715,49925,0.04447247312383335
0.4,0.6,0.8,0.1,0.6384839,49925,0.04568474264943192
0.6,0.5,0.6,0.1,0.63849205,49925,0.047188142414407226
0.7,0.4,0.1,0.9,0.6384926,49925,0.04067615424140643
0.7,0.5,0.4,0.5,0.63849276,49925,0.0449147402053713
0.6,0.8,0.9,0.6,0.63852316,49925,0.04451674956746428
0.3,0.4,0.3,0.7,0.6385423,49925,0.041453600376547016
0.3,0.9,0.9,0.2,0.63855755,49925,0.043632984248804164
0.8,0.4,0.1,0.8,0.63856494,49925,0.04122711927800846
0.5,0.6,0.6,0.6,0.63857514,49925,0.044096354953163976
0.2,0.9,0.6,0.7,0.6386165,49925,0.040652012250991465
0.7,0.6,0.7,0.2,0.63861734,49925,0.046752738526054514
0.8,0.5,0.4,0.3,0.6386515,49925,0.046071911794131296
0.1,0.3,0.2,0.6,0.6386629,49925,0.038046428059143315
0.9,0.7,0.8,0.2,0.63866645,49925,0.04701365331755817
0.9,0.8,0.9,0.3,0.6386824,49925,0.04662368201444842
0.4,0.8,0.8,0.8,0.6386912,49925,0.04253453643767252
0.3,0.6,0.6,0.6,0.6386912,49925,0.042534536437672514
0.2,0.4,0.4,0.4,0.6386912,49925,0.04253453643767252
0.1,0.2,0.2,0.2,0.6386912,49925,0.04253453643767252
0.9,0.4,0.1,0.7,0.6387103,49925,0.04164154389496736
0.2,0.9,0.6,0.6,0.638724,49925,0.04104186968963127
0.1,0.5,0.3,0.4,0.6387548,49925,0.04016888881226748
0.4,0.3,0.1,0.7,0.6387577,49925,0.04044099203888476
0.1,0.6,0.3,0.8,0.6387595,49925,0.03767973507566056
0.6,0.5,0.4,0.6,0.6387774,49925,0.044181279454617056
0.5,0.7,0.9,0.2,0.63878,49925,0.04565981204200564
0.3,0.4,0.4,0.4,0.6387843,49925,0.04379390220857334
0.6,0.8,0.8,0.8,0.6387843,49925,0.04379390220857334
0.7,0.7,0.7,0.5,0.6387871,49925,0.045428855719609675
0.4,0.9,0.9,0.7,0.63883,49925,0.0428766777816625
0.9,0.6,0.4,0.7,0.63883245,49925,0.04433550481652177
0.8,0.6,0.7,0.1,0.63883895,49925,0.047390032979643046
0.7,0.8,0.9,0.5,0.6388455,49925,0.04532368933378432
0.6,0.7,0.9,0.2,0.6388482,49925,0.046173556191530844
0.4,0.5,0.5,0.5,0.6388548,49925,0.04399139619956716
0.7,0.7,0.6,0.9,0.63887066,49925,0.043654834893808565
0.5,0.6,0.5,0.9,0.63887465,49925,0.042545531487052396
0.3,0.9,0.9,0.1,0.63888514,49925,0.04390969548084511
0.4,0.4,0.2,0.9,0.63889056,49925,0.04048604660021863
0.3,0.8,0.8,0.4,0.63889164,49925,0.04321970750806854
0.3,0.6,0.7,0.2,0.63889414,49925,0.04452046796831542
0.2,0.8,0.6,0.1,0.63890064,49925,0.04314195740173812
0.3,0.5,0.5,0.5,0.6389137,49925,0.04313711932492754
0.8,0.4,0.3,0.2,0.638918,49925,0.046015299087668673
0.6,0.6,0.5,0.8,0.63894117,49925,0.04350294156641324
0.5,0.6,0.8,0.1,0.638945,49925,0.04638515976524169
0.8,0.7,0.7,0.4,0.6389549,49925,0.04609891475932661
0.6,0.6,0.6,0.4,0.63896495,49925,0.045594298755373595
0.9,0.9,0.9,0.6,0.63896495,49925,0.04559429875537359
0.3,0.3,0.3,0.2,0.63896495,49925,0.045594298755373595
0.3,0.9,0.8,0.7,0.63897496,49925,0.04197353152278192
0.9,0.6,0.5,0.4,0.63897574,49925,0.04593391573143446
0.2,0.9,0.6,0.4,0.6389824,49925,0.041778423303480944
0.8,0.7,0.6,0.7,0.6389983,49925,0.0447561034029967
0.8,0.8,0.7,0.9,0.6389985,49925,0.04414818333570882
0.7,0.8,0.8,0.7,0.63900125,49925,0.044616833479869174
0.9,0.7,0.6,0.6,0.63902795,49925,0.045320827303216626
0.5,0.4,0.4,0.2,0.6390446,49925,0.04642637436886758
0.2,0.3,0.2,0.6,0.6390449,49925,0.040294329107326846
0.3,0.7,0.7,0.5,0.63904554,49925,0.04297214910533834
0.2,0.8,0.6,0.4,0.6390503,49925,0.041981650384812226
0.1,0.4,0.3,0.2,0.6390503,49925,0.041981650384812226
0.3,0.6,0.5,0.9,0.63905126,49925,0.040992100602551276
0.7,0.4,0.2,0.5,0.6390515,49925,0.04378441663833029
0.5,0.9,0.9,0.9,0.6390634,49925,0.04289395909127794
0.6,0.7,0.7,0.6,0.6390777,49925,0.04462587272653062
0.4,0.8,0.9,0.3,0.6390876,49925,0.04446526824977059
0.3,0.5,0.4,0.8,0.63910234,49925,0.04125001643509577
0.6,0.7,0.8,0.4,0.63910276,49925,0.04544188054889839
0.4,0.7,0.8,0.3,0.6391049,49925,0.044728235164787356
0.1,0.2,0.1,0.6,0.6391069,49925,0.03649530741840164
0.4,0.7,0.7,0.7,0.6391106,49925,0.04299306536616575
0.3,0.8,0.8,0.3,0.6391141,49925,0.043642798246088806
0.7,0.9,0.9,0.9,0.6391264,49925,0.043904507345928066
0.8,0.9,0.9,0.7,0.6391548,49925,0.04497548764724679
0.7,0.7,0.6,0.8,0.63917536,49925,0.04408810956088317
0.9,0.6,0.3,0.9,0.639198,49925,0.043122565369527535
0.6,0.4,0.2,0.6,0.639198,49925,0.043122565369527535
0.3,0.2,0.1,0.3,0.639198,49925,0.043122565369527535
0.3,0.3,0.1,0.9,0.6392103,49925,0.038249502999791914
0.1,0.5,0.3,0.5,0.6392131,49925,0.0394839283986105
0.4,0.5,0.4,0.8,0.63924587,49925,0.0421066500014282
0.9,0.3,0.2,0.1,0.639262,49925,0.04481508357692331
0.1,0.5,0.3,0.3,0.63928413,49925,0.04086149063327512
0.1,0.6,0.3,0.7,0.6393061,49925,0.03820633576998167
0.1,0.8,0.3,0.8,0.63932157,49925,0.03762614350219864
0.8,0.8,0.8,0.5,0.63934064,49925,0.04574249165898355
0.6,0.3,0.2,0.2,0.6393445,49925,0.045473468576687916
0.5,0.4,0.3,0.5,0.63934594,49925,0.0440368681897936
0.8,0.7,0.8,0.2,0.6393491,49925,0.04691811365715224
0.1,0.7,0.3,0.9,0.639368,49925,0.03722399186479102
0.8,0.2,0.1,0.1,0.63937026,49925,0.042524293777411966
0.5,0.6,0.7,0.3,0.63938457,49925,0.04558408698826975
0.6,0.8,0.9,0.5,0.6393852,49925,0.04493191676896068
0.9,0.6,0.6,0.2,0.6394152,49925,0.04695555474555347
0.2,0.7,0.6,0.2,0.639422,49925,0.043070356904755844
0.5,0.8,0.9,0.5,0.6394247,49925,0.04438612797015757
0.3,0.6,0.7,0.1,0.63943714,49925,0.04503260430861246
0.4,0.5,0.6,0.2,0.63944894,49925,0.045768428586531004
0.7,0.8,0.8,0.6,0.63945913,49925,0.04503549031325533
0.8,0.8,0.9,0.3,0.63946354,49925,0.04644833308311325
0.7,0.5,0.4,0.4,0.639465,49925,0.04550716867626915
0.5,0.8,0.8,0.8,0.63948005,49925,0.04326959825797183
0.9,0.9,0.8,0.9,0.6394859,49925,0.04453900292485365
0.7,0.9,0.9,0.8,0.63949525,49925,0.04428504836031343
0.8,0.6,0.5,0.5,0.6395026,49925,0.0454099633769106
0.2,0.5,0.5,0.3,0.6395029,49925,0.04311807635648122
0.1,0.7,0.3,0.8,0.6395172,49925,0.037677212548554266
0.5,0.5,0.4,0.7,0.63951916,49925,0.043287952547959155
0.4,0.6,0.7,0.3,0.63953805,49925,0.04495779189661295
0.4,0.8,0.8,0.7,0.6395461,49925,0.042958465947764445
0.6,0.6,0.7,0.2,0.639556,49925,0.04652885138128476
0.7,0.7,0.9,0.1,0.63959014,49925,0.04697334244340288
0.5,0.7,0.8,0.4,0.63961303,49925,0.044958575660394455
0.1,0.9,0.3,0.9,0.63961494,49925,0.037156611443818634
0.5,0.5,0.5,0.3,0.6396178,49925,0.04582563170546981
0.4,0.6,0.5,0.9,0.63961965,49925,0.041885603823488125
0.6,0.4,0.3,0.3,0.6396201,49925,0.045636856119716115
0.5,0.8,0.9,0.4,0.63962483,49925,0.04481749563740607
0.2,0.7,0.5,0.9,0.6396285,49925,0.03976929697223779
0.7,0.5,0.3,0.7,0.6396313,49925,0.04357035856695553
0.7,0.5,0.5,0.2,0.63963395,49925,0.046778162957675166
0.5,0.7,0.7,0.7,0.6396431,49925,0.043654304902461916
0.6,0.7,0.6,0.9,0.6396505,49925,0.04329422541217755
0.5,0.6,0.6,0.5,0.63965595,49925,0.04463983768079271
0.1,0.9,0.3,0.8,0.6396674,49925,0.03752074088942581
0.6,0.7,0.9,0.1,0.6396695,49925,0.04665490943397871
0.2,0.4,0.3,0.7,0.6396778,49925,0.04018387107362758
0.9,0.8,0.7,0.7,0.6396797,49925,0.04513251382571299
0.6,0.9,0.9,0.9,0.6396809,49925,0.04345617043528181
0.2,0.3,0.3,0.3,0.6396809,49925,0.04345617043528181
0.4,0.6,0.6,0.6,0.6396809,49925,0.04345617043528181
0.1,0.5,0.3,0.2,0.6396846,49925,0.04155157122313031
0.3,0.6,0.6,0.5,0.6396952,49925,0.04310617480915727
0.2,0.5,0.4,0.7,0.6397231,49925,0.04053549718139914
0.7,0.8,0.9,0.4,0.6397352,49925,0.04574989395205176
0.6,0.6,0.5,0.7,0.6397362,49925,0.044016178412498205
0.3,0.8,0.7,0.8,0.6397369,49925,0.041639107132898485
0.3,0.9,0.8,0.6,0.63974136,49925,0.04235891853057982
0.1,0.8,0.3,0.9,0.63974863,49925,0.03722229315826402
0.7,0.3,0.1,0.4,0.6397591,49925,0.042750991004290397
0.4,0.9,0.9,0.6,0.639768,49925,0.04327011146879476
0.4,0.4,0.3,0.6,0.63977253,49925,0.04294458944113332
0.8,0.8,0.7,0.8,0.63979685,49925,0.04454247050629378
0.9,0.7,0.5,0.9,0.63984346,49925,0.043937791389808065
0.8,0.4,0.2,0.4,0.639846,49925,0.04429503564320823
0.4,0.2,0.1,0.2,0.639846,49925,0.04429503564320823
0.3,0.7,0.6,0.8,0.63984656,49925,0.04160444401510237
0.5,0.9,0.9,0.8,0.6398475,49925,0.04327256730198462
0.7,0.6,0.5,0.6,0.6398491,49925,0.044756800136335435
0.2,0.4,0.4,0.3,0.63985074,49925,0.04339991465115278
0.4,0.8,0.8,0.6,0.63985074,49925,0.04339991465115278
0.3,0.9,0.8,0.5,0.639871,49925,0.04274251734488615
0.1,0.7,0.3,0.7,0.6398717,49925,0.038150687877722966
0.6,0.8,0.8,0.7,0.6398725,49925,0.04421986276971194
0.1,0.8,0.3,0.7,0.6398823,49925,0.038028536038808056
0.2,0.7,0.6,0.1,0.63991034,49925,0.04349623226185628
0.1,0.6,0.3,0.6,0.6399208,49925,0.038751937443429946
0.4,0.3,0.2,0.4,0.6399351,49925,0.04380936065075225
0.8,0.6,0.4,0.8,0.6399351,49925,0.04380936065075225
0.7,0.6,0.6,0.3,0.6399754,49925,0.04635651724446329
0.2,0.5,0.5,0.2,0.63998675,49925,0.04380004827664382
0.4,0.7,0.7,0.6,0.63999295,49925,0.04346673887834872
0.7,0.7,0.7,0.4,0.6400068,49925,0.045924513528203426
0.1,0.4,0.2,0.9,0.6400094,49925,0.03618753070375527
0.2,0.9,0.6,0.1,0.6400139,49925,0.04278989337655744
0.2,0.8,0.6,0.2,0.6400484,49925,0.04279500985214753
0.1,0.4,0.3,0.1,0.6400484,49925,0.04279500985214753
0.7,0.6,0.7,0.1,0.6400708,49925,0.047327113785693674
0.2,0.5,0.4,0.6,0.64007556,49925,0.04119543872480755
0.2,0.8,0.6,0.3,0.6400959,49925,0.042415427908082316
0.2,0.6,0.5,0.5,0.64010406,49925,0.041814417827339564
0.3,0.3,0.2,0.5,0.64011604,49925,0.042373167923385
0.8,0.5,0.5,0.1,0.6401179,49925,0.047329378016702506
0.8,0.9,0.9,0.6,0.64012796,49925,0.045353222998304556
0.3,0.8,0.8,0.2,0.640175,49925,0.044041180211839726
0.3,0.9,0.7,0.9,0.6401844,49925,0.041260183888700425
0.9,0.8,0.8,0.4,0.6402116,49925,0.046320085855826254
0.9,0.9,0.9,0.5,0.64021236,49925,0.045977169367349274
0.2,0.7,0.5,0.8,0.6402135,49925,0.04024515936103987
0.9,0.6,0.4,0.6,0.64021575,49925,0.04480985364909658
0.3,0.4,0.5,0.1,0.6402187,49925,0.04600527528440273
0.4,0.7,0.8,0.2,0.6402592,49925,0.04520868542842923
0.2,0.9,0.6,0.3,0.6402747,49925,0.042160194430928305
0.5,0.7,0.7,0.6,0.6402817,49925,0.04416113847589823
0.5,0.8,0.8,0.7,0.64028764,49925,0.043692826561607855
0.8,0.7,0.6,0.6,0.6403149,49925,0.045211308418397565
0.7,0.6,0.4,0.9,0.64031714,49925,0.043145773581118416
0.2,0.7,0.5,0.7,0.6403364,49925,0.040723068086393185
0.5,0.7,0.9,0.1,0.6403703,49925,0.046121003512811155
0.9,0.7,0.7,0.3,0.6403715,49925,0.046666101257000984
0.9,0.7,0.8,0.1,0.6403718,49925,0.04749380547115472
0.9,0.9,0.8,0.8,0.64037687,49925,0.04490847934671918
0.7,0.7,0.6,0.7,0.6403834,49925,0.044555044007143975
0.5,0.7,0.6,0.9,0.6403859,49925,0.04278189270453051
0.1,0.6,0.3,0.3,0.6403904,49925,0.04049379384633145
0.1,0.7,0.3,0.6,0.6403926,49925,0.03864146890804174
0.1,0.9,0.3,0.7,0.6403947,49925,0.0378756217022275
0.9,0.8,0.9,0.2,0.6404041,49925,0.047049391304304466
0.4,0.8,0.9,0.2,0.6404074,49925,0.044875905021795386
0.6,0.9,0.9,0.8,0.64041144,49925,0.04385539477532379
0.9,0.7,0.6,0.5,0.640418,49925,0.0457772564558071
0.5,0.9,0.9,0.7,0.64043295,49925,0.04365154179209814
0.4,0.8,0.7,0.9,0.6404492,49925,0.04219779724541068
0.4,0.5,0.5,0.4,0.6404638,49925,0.0446459894610403
0.5,0.6,0.5,0.8,0.64046574,49925,0.043072042526762215
0.6,0.7,0.8,0.3,0.6404806,49925,0.04593407430563385
0.6,0.7,0.7,0.5,0.64049286,49925,0.045103132708380976
0.6,0.8,0.9,0.4,0.64049304,49925,0.04538231223137852
0.3,0.5,0.6,0.1,0.64050144,49925,0.04553855669500716
0.1,0.6,0.3,0.4,0.6405191,49925,0.039938117851711974
0.4,0.7,0.6,0.9,0.6405354,49925,0.04209787588059925
0.5,0.5,0.6,0.1,0.64054805,49925,0.04693174565574211
0.3,0.5,0.5,0.4,0.64055055,49925,0.04382652258545699
0.6,0.4,0.4,0.1,0.6405607,49925,0.047219357372517465
0.6,0.5,0.4,0.5,0.6405823,49925,0.04479373452953761
0.1,0.8,0.3,0.6,0.64059794,49925,0.038453175372477034
0.8,0.5,0.3,0.5,0.64060295,49925,0.04470476873411009
0.3,0.6,0.6,0.4,0.64062995,49925,0.04369558814822479
0.3,0.8,0.8,0.1,0.64064795,49925,0.044418577813616675
0.2,0.5,0.5,0.1,0.64066046,49925,0.0444628509775971
0.7,0.8,0.8,0.5,0.64066297,49925,0.04546013356650036
0.3,0.7,0.7,0.4,0.6406816,49925,0.04346983958215383
0.7,0.9,0.9,0.7,0.64069074,49925,0.04464740915296925
0.3,0.9,0.8,0.4,0.640693,49925,0.04313197563680065
0.6,0.5,0.3,0.8,0.6407022,49925,0.04280297066785229
0.8,0.9,0.9,0.5,0.6407186,49925,0.04576669323901619
0.5,0.6,0.7,0.2,0.64073104,49925,0.04617748205022296
0.5,0.5,0.4,0.6,0.64073676,49925,0.04390460986287689
0.7,0.8,0.9,0.3,0.6407412,49925,0.046205991358629676
0.4,0.6,0.6,0.5,0.6407538,49925,0.044051153136585655
0.3,0.7,0.7,0.3,0.6407915,49925,0.04396724011933218
0.4,0.9,0.9,0.5,0.6408278,49925,0.043653954592780896
0.1,0.3,0.2,0.5,0.64084196,49925,0.039023248630631245
0.2,0.4,0.3,0.6,0.6408587,49925,0.04094585340821011
0.3,0.6,0.5,0.8,0.64086866,49925,0.041512503383058945
0.8,0.9,0.8,0.9,0.6408837,49925,0.04430366910250089
0.1,0.6,0.3,0.5,0.6408931,49925,0.039337464189976266
0.6,0.6,0.6,0.3,0.64089704,49925,0.04617749197808159
0.2,0.2,0.2,0.1,0.64089704,49925,0.04617749197808158
0.4,0.4,0.4,0.2,0.64089704,49925,0.04617749197808158
0.8,0.8,0.8,0.4,0.64089704,49925,0.04617749197808158
0.1,0.8,0.3,0.5,0.6408978,49925,0.0388902216398513
0.7,0.7,0.8,0.2,0.64091706,49925,0.04673134422612095
0.9,0.5,0.3,0.4,0.64093184,49925,0.045171504108915746
0.9,0.8,0.7,0.6,0.6409361,49925,0.045549816976770054
0.8,0.5,0.2,0.8,0.64094937,49925,0.042633334841182896
0.2,0.2,0.1,0.4,0.64095837,49925,0.04115891369039726
0.4,0.4,0.2,0.8,0.64095837,49925,0.04115891369039726
0.5,0.6,0.6,0.4,0.64098126,49925,0.045211751553961205
0.4,0.3,0.3,0.1,0.64098847,49925,0.04698965694569811
0.8,0.6,0.6,0.2,0.64098847,49925,0.04698965694569811
0.8,0.3,0.2,0.1,0.64099765,49925,0.04536742063060073
0.1,0.6,0.3,0.2,0.6410412,49925,0.04105432319669233
0.7,0.8,0.7,0.9,0.6410456,49925,0.04386186718635206
0.2,0.9,0.6,0.2,0.6410624,49925,0.04250759813273056
0.1,0.7,0.3,0.5,0.64108914,49925,0.03914185924586882
0.5,0.7,0.8,0.3,0.641095,49925,0.04546779832809563
0.1,0.7,0.3,0.4,0.6411027,49925,0.039630657443407484
0.6,0.8,0.7,0.9,0.64110637,49925,0.04345498567079274
0.4,0.8,0.9,0.1,0.64110816,49925,0.04527776044999798
0.5,0.5,0.3,0.9,0.641112,49925,0.041898649538365605
0.9,0.5,0.2,0.7,0.6411128,49925,0.04315092026578374
0.8,0.7,0.7,0.3,0.6411328,49925,0.04658250036685971
0.1,0.5,0.3,0.1,0.64116347,49925,0.04218364438592734
0.4,0.7,0.7,0.5,0.641169,49925,0.04396161968226614
0.7,0.4,0.3,0.2,0.64118403,49925,0.04624516613402236
0.4,0.9,0.8,0.9,0.641209,49925,0.042191030693026335
0.8,0.6,0.5,0.4,0.64121103,49925,0.04594798107535477
0.3,0.5,0.4,0.7,0.6412133,49925,0.04187130045298699
0.8,0.7,0.5,0.9,0.6412239,49925,0.04379827636951366
0.8,0.7,0.8,0.1,0.64122635,49925,0.04742245868715401
0.4,0.8,0.8,0.5,0.64123064,49925,0.043829580725960895
0.5,0.4,0.2,0.7,0.64123225,49925,0.04225631088158214
0.3,0.8,0.7,0.7,0.6412362,49925,0.042066827084362685
0.5,0.8,0.8,0.6,0.6412401,49925,0.0441388996399365
0.2,0.8,0.5,0.8,0.64124334,49925,0.0402261822196477
0.8,0.6,0.4,0.7,0.64124507,49925,0.04429858705222201
0.2,0.8,0.5,0.9,0.6412527,49925,0.03980761070887621
0.8,0.4,0.1,0.7,0.6412577,49925,0.04174749136961566
0.2,0.7,0.5,0.6,0.6412725,49925,0.041240253919773304
0.6,0.7,0.7,0.4,0.6412777,49925,0.04561010420748482
0.1,0.4,0.2,0.8,0.6412809,49925,0.03686012842097546
0.7,0.2,0.1,0.1,0.6412823,49925,0.0432757041627116
0.9,0.6,0.3,0.8,0.64128745,49925,0.04358395678971312
0.8,0.8,0.7,0.7,0.6412921,49925,0.044957647859438
0.4,0.9,0.9,0.4,0.6412957,49925,0.044054485770109175
0.1,0.6,0.3,0.1,0.6413124,49925,0.04149522856406881
0.9,0.5,0.4,0.2,0.6413326,49925,0.0465345859258175
0.4,0.6,0.5,0.8,0.64133483,49925,0.04241235096289849
0.4,0.5,0.4,0.7,0.6413453,49925,0.04273504242242404
0.9,0.9,0.8,0.7,0.64135545,49925,0.045272596266965906
0.1,0.9,0.3,0.6,0.64136386,49925,0.03823546330822888
0.7,0.6,0.5,0.5,0.6413802,49925,0.04529903781120931
0.3,0.3,0.1,0.8,0.6414013,49925,0.039015169924701984
0.1,0.9,0.3,0.4,0.6414141,49925,0.03891978758172939
0.6,0.4,0.1,0.9,0.64141476,49925,0.040535505343765585
0.5,0.8,0.9,0.3,0.6414183,49925,0.045250495785912045
0.9,0.9,0.9,0.4,0.64144003,49925,0.046371550878168515
0.9,0.8,0.6,0.9,0.6414476,49925,0.044291362750489255
0.3,0.7,0.6,0.7,0.6414686,49925,0.04209070296165247
0.1,0.8,0.3,0.1,0.64147425,49925,0.04016108200710963
0.8,0.8,0.9,0.2,0.6414803,49925,0.04688107972923872
0.9,0.7,0.5,0.8,0.6414873,49925,0.04437324663471772
0.5,0.9,0.9,0.6,0.64148825,49925,0.044035408699975034
0.1,0.9,0.3,0.1,0.64148873,49925,0.03952630746156228
0.3,0.9,0.8,0.3,0.6415048,49925,0.04352056776100436
0.1,0.8,0.3,0.2,0.6415067,49925,0.03999100883957643
0.9,0.6,0.5,0.3,0.6415187,49925,0.04644452670253968
0.6,0.6,0.5,0.6,0.6415249,49925,0.044557165234944816
0.3,0.4,0.4,0.3,0.64153594,49925,0.044658461072304236
0.6,0.8,0.8,0.6,0.64153594,49925,0.044658461072304236
0.5,0.9,0.8,0.9,0.6415513,49925,0.04294154239982638
0.2,0.6,0.5,0.4,0.6415521,49925,0.04240989501240866
0.7,0.4,0.1,0.8,0.6415555,49925,0.041218261338244716
0.6,0.9,0.9,0.7,0.6415715,49925,0.044245616756614786
0.8,0.7,0.6,0.5,0.64159685,49925,0.04568393635952694
0.4,0.6,0.7,0.2,0.6416095,49925,0.04553679305375184
0.6,0.5,0.5,0.2,0.64162505,49925,0.04671405133477124
0.5,0.8,0.7,0.9,0.641649,49925,0.04290424455563761
0.1,0.9,0.3,0.2,0.6416556,49925,0.03946346358059533
0.7,0.9,0.8,0.9,0.6416662,49925,0.043969201083108346
0.1,0.7,0.3,0.3,0.64168644,49925,0.04008855845927416
0.4,0.7,0.6,0.8,0.6416889,49925,0.04256496486445004
0.1,0.9,0.3,0.5,0.64169365,49925,0.0385997993167079
0.7,0.5,0.4,0.3,0.6416937,49925,0.04614457581613402
0.1,0.9,0.3,0.3,0.64169484,49925,0.03921877901896671
0.4,0.9,0.8,0.8,0.6417052,49925,0.04258190184823713
0.3,0.6,0.5,0.7,0.6417322,49925,0.04206790930240409
0.6,0.8,0.9,0.3,0.6417388,49925,0.0458243586953815
0.3,0.4,0.2,0.9,0.6417466,49925,0.03971922787038451
0.7,0.7,0.6,0.6,0.64174795,49925,0.04502936431799717
0.7,0.5,0.2,0.9,0.6417836,49925,0.042035265288023954
0.9,0.8,0.8,0.3,0.64178365,49925,0.046753832628063624
0.8,0.6,0.3,0.9,0.641797,49925,0.04306887351649801
0.7,0.8,0.8,0.4,0.6418004,49925,0.045922357338838496
0.7,0.6,0.4,0.8,0.6418177,49925,0.043654832133049486
0.4,0.8,0.8,0.4,0.6418195,49925,0.044260196461858685
0.1,0.2,0.2,0.1,0.6418195,49925,0.044260196461858685
0.2,0.4,0.4,0.2,0.6418195,49925,0.044260196461858685
0.3,0.6,0.6,0.3,0.6418195,49925,0.044260196461858685
0.3,0.4,0.3,0.6,0.64183646,49925,0.04220680183641384
0.4,0.9,0.8,0.7,0.6418459,49925,0.04299544561558751
0.6,0.6,0.7,0.1,0.64184624,49925,0.047105894306248765
0.5,0.9,0.9,0.5,0.64185053,49925,0.044424034442641286
0.6,0.7,0.8,0.2,0.6418512,49925,0.04644980263575136
0.7,0.7,0.7,0.3,0.64185566,49925,0.04642336141287662
0.7,0.8,0.7,0.8,0.6418699,49925,0.04426890756709509
0.4,0.8,0.7,0.8,0.64187056,49925,0.04261790576012178
0.3,0.7,0.7,0.2,0.6418718,49925,0.04446543971767635
0.2,0.6,0.4,0.9,0.6418792,49925,0.039536728783441985
0.6,0.7,0.6,0.8,0.6418915,49925,0.04375741421053705
0.4,0.4,0.3,0.5,0.64189166,49925,0.04373280655353771
0.8,0.9,0.8,0.8,0.64189905,49925,0.04465491026610459
0.8,0.8,0.7,0.6,0.6418991,49925,0.04537264923938676
0.1,0.8,0.3,0.3,0.64191014,49925,0.03966156444087879
0.7,0.5,0.3,0.6,0.6419299,49925,0.04413776516538013
0.9,0.6,0.4,0.5,0.64193135,49925,0.04529863903859767
0.5,0.7,0.6,0.8,0.64194,49925,0.04326449439561243
0.9,0.9,0.8,0.6,0.6419419,49925,0.04565915092954763
0.4,0.5,0.5,0.3,0.6419441,49925,0.04534677979212227
0.9,0.7,0.6,0.4,0.6419471,49925,0.04624976296893265
0.3,0.9,0.7,0.8,0.64194906,49925,0.04164563295307795
0.1,0.2,0.1,0.5,0.6419718,49925,0.037712915246208734
0.1,0.8,0.3,0.4,0.64197224,49925,0.03927818074173839
0.1,0.7,0.3,0.1,0.64197665,49925,0.04079329558725075
0.9,0.7,0.7,0.2,0.64197856,49925,0.04713822781391235
0.4,0.7,0.8,0.1,0.6419824,49925,0.045692372445212855
0.9,0.6,0.6,0.1,0.641988,49925,0.04747932025231499
0.4,0.9,0.9,0.3,0.64199054,49925,0.044451324196837595
0.3,0.9,0.8,0.2,0.6419907,49925,0.04387275196132439
0.7,0.9,0.9,0.6,0.641993,49925,0.04503553176794065
0.5,0.7,0.7,0.5,0.64199567,49925,0.0446551413732558
0.3,0.9,0.8,0.1,0.642016,49925,0.04420194322385382
0.4,0.5,0.3,0.9,0.6420199,49925,0.04133041867205499
0.9,0.4,0.3,0.1,0.6420236,49925,0.046326846281618164
0.5,0.4,0.3,0.4,0.64202565,49925,0.04480841666790067
0.4,0.5,0.6,0.1,0.6420364,49925,0.046465138481669575
0.3,0.5,0.5,0.3,0.64204603,49925,0.044522700958800766
0.5,0.6,0.5,0.7,0.64207375,49925,0.04361127358229446
0.2,0.8,0.5,0.7,0.6420797,49925,0.04068496290256843
0.1,0.7,0.3,0.2,0.64210963,49925,0.04051898317487198
0.8,0.9,0.9,0.4,0.6421384,49925,0.046161625358349126
0.4,0.7,0.7,0.4,0.64213914,49925,0.04446893907691802
0.6,0.9,0.9,0.6,0.6421464,49925,0.044630242921719486
0.4,0.6,0.6,0.4,0.6421464,49925,0.044630242921719486
0.2,0.3,0.3,0.2,0.6421464,49925,0.044630242921719486
0.7,0.7,0.5,0.9,0.642147,49925,0.04359358345723728
0.2,0.7,0.5,0.5,0.6421493,49925,0.04174613300712551
0.3,0.8,0.7,0.6,0.6421566,49925,0.04249823166125788
0.2,0.3,0.2,0.5,0.6421602,49925,0.04127913573897574
0.6,0.4,0.2,0.5,0.6422019,49925,0.04381745768857054
0.6,0.6,0.4,0.9,0.6422102,49925,0.042882708985502206
0.1,0.4,0.2,0.7,0.642213,49925,0.03757464002545784
0.9,0.8,0.9,0.1,0.6422506,49925,0.04749645598540666
0.3,0.7,0.7,0.1,0.64225966,49925,0.044934911577343334
0.7,0.9,0.8,0.8,0.6422929,49925,0.044353673759206826
0.5,0.8,0.9,0.2,0.6423061,49925,0.04570828875339486
0.7,0.4,0.2,0.4,0.6423127,49925,0.04444735984108232
0.5,0.5,0.5,0.2,0.6423268,49925,0.04651975760867168
0.4,0.8,0.7,0.7,0.64234775,49925,0.04305536785140609
0.4,0.7,0.6,0.7,0.6423687,49925,0.04304601240513878
0.9,0.4,0.1,0.6,0.64237046,49925,0.042143784663525516
0.4,0.6,0.7,0.1,0.6423779,49925,0.046115834564130175
0.6,0.3,0.1,0.4,0.64238906,49925,0.04299409597268934
0.4,0.3,0.1,0.6,0.64239496,49925,0.04127707909727795
0.4,0.9,0.9,0.2,0.64239675,49925,0.044817941942244754
0.7,0.8,0.7,0.7,0.6424095,49925,0.044673940354723836
0.3,0.8,0.7,0.5,0.6424107,49925,0.04295965661556435
0.1,0.3,0.2,0.4,0.6424145,49925,0.040087507037413254
0.2,0.6,0.4,0.8,0.6424145,49925,0.040087507037413254
0.9,0.8,0.7,0.5,0.64242303,49925,0.045973249224490004
0.7,0.5,0.5,0.1,0.64242923,49925,0.04741669858643848
0.5,0.3,0.1,0.5,0.6424318,49925,0.04228727008669765
0.8,0.7,0.5,0.8,0.6424542,49925,0.044233804380389555
0.7,0.7,0.6,0.5,0.64246374,49925,0.045506509578221964
0.5,0.6,0.6,0.3,0.64246655,49925,0.04581199350156712
0.6,0.8,0.7,0.8,0.6424883,49925,0.04387702057644279
0.6,0.6,0.5,0.5,0.6425047,49925,0.04510968163024658
0.5,0.9,0.9,0.4,0.6425059,49925,0.04483700424616177
0.5,0.5,0.4,0.5,0.64251983,49925,0.04455157268106413
0.1,0.5,0.2,0.9,0.64252114,49925,0.03646806540808398
0.8,0.9,0.8,0.7,0.64253354,49925,0.04503266612873817
0.5,0.3,0.2,0.2,0.6425403,49925,0.0457261205183602
0.4,0.6,0.5,0.7,0.6425468,49925,0.04297870834260874
0.5,0.7,0.8,0.2,0.64256537,49925,0.045978665200373976
0.8,0.8,0.7,0.5,0.6425668,49925,0.04581769130410543
0.9,0.4,0.2,0.3,0.64257747,49925,0.044633422053973006
0.5,0.6,0.7,0.1,0.64258385,49925,0.04677337430726137
0.3,0.7,0.6,0.6,0.64260995,49925,0.04259236722552418
0.3,0.8,0.6,0.9,0.64262164,49925,0.04122515290770323
0.9,0.7,0.5,0.7,0.6426222,49925,0.04482407923000212
0.2,0.9,0.5,0.9,0.6426373,49925,0.03975534081269148
0.3,0.8,0.7,0.4,0.6426383,49925,0.0434126008901106
0.6,0.9,0.8,0.9,0.64264494,49925,0.04354000894986901
0.2,0.5,0.4,0.5,0.6426634,49925,0.041870034297336524
0.7,0.7,0.8,0.1,0.6426707,49925,0.04723757789102855
0.6,0.7,0.6,0.7,0.6426711,49925,0.044230945109318374
0.5,0.8,0.7,0.8,0.642682,49925,0.043331946412385795
0.2,0.6,0.5,0.3,0.6426822,49925,0.043008118480469475
0.6,0.8,0.8,0.5,0.6426901,49925,0.04510209513797604
0.5,0.9,0.8,0.8,0.6426998,49925,0.04334019553780179
0.9,0.3,0.1,0.3,0.64272404,49925,0.04264890236211207
0.4,0.5,0.4,0.6,0.6427387,49925,0.04339160101484266
0.3,0.9,0.7,0.7,0.64274037,49925,0.04204532775685003
0.4,0.8,0.8,0.3,0.64274126,49925,0.044713296815852316
0.7,0.8,0.9,0.2,0.6427554,49925,0.046651083860578
0.8,0.8,0.8,0.3,0.64277476,49925,0.046600701911866375
0.7,0.9,0.9,0.5,0.6428015,49925,0.045440381149209466
0.6,0.5,0.4,0.4,0.6428049,49925,0.04544319527095747
0.5,0.8,0.8,0.5,0.64283305,49925,0.04457379327527729
0.8,0.5,0.4,0.2,0.6428422,49925,0.04668911125187762
0.3,0.7,0.5,0.9,0.6428543,49925,0.0411179999905349
0.7,0.6,0.6,0.2,0.642855,49925,0.04693132053889198
0.9,0.6,0.3,0.7,0.64287436,49925,0.04406182912952601
0.5,0.7,0.7,0.4,0.6428885,49925,0.04515970378621081
0.8,0.8,0.6,0.9,0.6428896,49925,0.044126886325218974
0.2,0.3,0.1,0.9,0.642895,49925,0.036996486046218614
0.3,0.6,0.5,0.6,0.6429255,49925,0.04263385383046844
0.9,0.8,0.6,0.8,0.6429632,49925,0.04469559475737772
0.3,0.5,0.3,0.9,0.6430215,49925,0.04045479363531235
0.9,0.9,0.8,0.5,0.64303935,49925,0.04605442340681388
0.6,0.7,0.6,0.6,0.6430487,49925,0.04469449705914576
0.4,0.3,0.2,0.3,0.64309376,49925,0.04480844210606003
0.8,0.6,0.4,0.6,0.64309376,49925,0.04480844210606003
0.1,0.3,0.1,0.9,0.64310896,49925,0.03468932911577753
0.6,0.5,0.3,0.7,0.64311343,49925,0.04340580330088629
0.3,0.8,0.7,0.3,0.6431259,49925,0.043864350558918415
0.7,0.6,0.5,0.4,0.6431267,49925,0.04587316915540265
0.7,0.5,0.2,0.8,0.6431329,49925,0.0425684873495557
0.7,0.8,0.7,0.6,0.643162,49925,0.045113932501160324
0.8,0.8,0.9,0.1,0.64316636,49925,0.0473415064027849
0.5,0.4,0.4,0.1,0.64317244,49925,0.04726263205288922
0.9,0.9,0.7,0.9,0.64318144,49925,0.0445424618577729
0.6,0.7,0.7,0.3,0.64318466,49925,0.046140572559034185
0.4,0.9,0.8,0.6,0.6432047,49925,0.04340961571131496
0.6,0.9,0.9,0.5,0.64322126,49925,0.04502815060696013
0.3,0.7,0.6,0.5,0.6432249,49925,0.04313363659491958
0.6,0.8,0.9,0.2,0.6432715,49925,0.04626501416388422
0.2,0.6,0.5,0.2,0.6433003,49925,0.04361164686298578
0.3,0.5,0.4,0.6,0.6433035,49925,0.0425258477696739
0.3,0.6,0.4,0.9,0.6433081,49925,0.04089687245246085
0.8,0.5,0.3,0.4,0.6433176,49925,0.04529019098481531
0.8,0.5,0.2,0.7,0.6433276,49925,0.04315859646028796
0.5,0.7,0.6,0.7,0.643355,49925,0.04375238600226489
0.4,0.7,0.7,0.3,0.64336365,49925,0.04499135059713793
0.5,0.6,0.5,0.6,0.6433817,49925,0.0441649316256753
0.6,0.8,0.7,0.7,0.6434058,49925,0.04431627269568068
0.2,0.8,0.5,0.6,0.6434059,49925,0.04113390505439747
0.3,0.9,0.7,0.6,0.64342564,49925,0.04245655304071798
0.5,0.6,0.4,0.9,0.64342684,49925,0.04245217837204237
0.5,0.5,0.3,0.8,0.64344966,49925,0.042497323191287205
0.8,0.6,0.5,0.3,0.64345616,49925,0.04649390266134279
0.4,0.8,0.7,0.6,0.6434746,49925,0.043509514858929906
0.9,0.5,0.2,0.6,0.6434818,49925,0.04363901895274502
0.5,0.9,0.8,0.7,0.64348567,49925,0.04375743895018757
0.1,0.5,0.2,0.8,0.64348924,49925,0.03705250306645912
0.4,0.9,0.9,0.1,0.6434931,49925,0.04518146820856519
0.8,0.7,0.7,0.2,0.64349663,49925,0.047086139874732404
0.2,0.7,0.5,0.4,0.6434982,49925,0.04225441712030484
0.5,0.8,0.8,0.4,0.6435135,49925,0.04504299843214277
0.7,0.7,0.5,0.8,0.6435189,49925,0.04404113863026277
0.2,0.6,0.4,0.7,0.6435393,49925,0.04065780287718834
0.2,0.4,0.3,0.5,0.64354885,49925,0.0417860026914748
0.2,0.9,0.5,0.8,0.64355344,49925,0.04014666307732647
0.3,0.6,0.6,0.2,0.6435599,49925,0.04486289049102232
0.3,0.3,0.3,0.1,0.643582,49925,0.04676007788504926
0.9,0.9,0.9,0.3,0.643582,49925,0.04676007788504926
0.6,0.6,0.6,0.2,0.643582,49925,0.04676007788504926
0.8,0.9,0.8,0.6,0.64358556,49925,0.045450170191243026
0.6,0.8,0.8,0.4,0.64359176,49925,0.04555861074446036
0.3,0.4,0.4,0.2,0.64359176,49925,0.04555861074446036
0.9,0.7,0.4,0.9,0.64359677,49925,0.043806394423875065
0.7,0.6,0.4,0.7,0.64360374,49925,0.04414574367426272
0.6,0.6,0.5,0.4,0.643642,49925,0.04569475017202999
0.1,0.6,0.2,0.9,0.6436446,49925,0.03657847141539023
0.2,0.9,0.5,0.7,0.6436965,49925,0.04055917882299036
0.7,0.8,0.8,0.3,0.64370185,49925,0.04638822781610335
0.3,0.8,0.7,0.2,0.6437085,49925,0.04432723638343167
0.4,0.8,0.8,0.2,0.64375275,49925,0.04518030939040669
0.2,0.4,0.4,0.1,0.64375275,49925,0.04518030939040669
0.8,0.7,0.6,0.4,0.6437829,49925,0.046182089721025665
0.8,0.6,0.6,0.1,0.6437955,49925,0.04754907483164494
0.8,0.4,0.3,0.1,0.64379555,49925,0.04667841850991877
0.6,0.9,0.8,0.8,0.64385724,49925,0.043929291531758057
0.3,0.9,0.7,0.5,0.64385945,49925,0.0428734958976821
0.5,0.4,0.3,0.3,0.6438643,49925,0.045627784806246574
0.5,0.7,0.8,0.1,0.64387745,49925,0.046467432811875466
0.5,0.8,0.7,0.7,0.64388293,49925,0.043781572045547494
0.6,0.6,0.4,0.8,0.6438842,49925,0.043382584953279284
0.3,0.3,0.2,0.4,0.6438842,49925,0.043382584953279284
0.6,0.7,0.8,0.1,0.643889,49925,0.04696984628685875
0.8,0.4,0.2,0.3,0.64389104,49925,0.044909841141806114
0.6,0.4,0.3,0.2,0.64390683,49925,0.046412610056885045
0.2,0.5,0.3,0.9,0.64390904,49925,0.03910974792799579
0.2,0.8,0.5,0.5,0.6439217,49925,0.041581513637130856
0.1,0.8,0.2,0.9,0.6439297,49925,0.03656389379561092
0.7,0.5,0.3,0.5,0.6439389,49925,0.044748016070275724
0.8,0.7,0.5,0.7,0.6439472,49925,0.044697797805775465
0.5,0.4,0.2,0.6,0.64396137,49925,0.04298564968083516
0.6,0.5,0.2,0.9,0.64396894,49925,0.041826145610670225
0.4,0.7,0.6,0.6,0.6439709,49925,0.04356698782520702
0.9,0.6,0.5,0.2,0.6439781,49925,0.04698729121330951
0.4,0.6,0.6,0.3,0.64398146,49925,0.045238807480350744
0.7,0.3,0.2,0.1,0.6439953,49925,0.04587992085588326
0.9,0.7,0.6,0.3,0.64399976,49925,0.046720855313413356
0.9,0.7,0.5,0.6,0.64401424,49925,0.04526797163630891
0.2,0.4,0.2,0.9,0.6440262,49925,0.03838452339636042
0.5,0.5,0.4,0.4,0.6440264,49925,0.045216043961184
0.5,0.9,0.9,0.3,0.6440395,49925,0.04523071140629347
0.7,0.9,0.8,0.7,0.6440439,49925,0.04475059250439151
0.8,0.9,0.9,0.3,0.64404464,49925,0.04656552573111753
0.2,0.8,0.5,0.4,0.64406306,49925,0.04204155327975627
0.8,0.8,0.6,0.8,0.64406383,49925,0.04452724381397428
0.4,0.4,0.3,0.4,0.64406383,49925,0.04452724381397428
0.3,0.6,0.5,0.5,0.6440736,49925,0.04322819139805552
0.5,0.6,0.5,0.5,0.6440787,49925,0.044734935050684294
0.4,0.9,0.8,0.5,0.644087,49925,0.04382673410888136
0.9,0.5,0.3,0.3,0.64409906,49925,0.04573601785777487
0.4,0.6,0.5,0.6,0.64410514,49925,0.04355337449882096
0.7,0.7,0.6,0.4,0.6441053,49925,0.046023189217618554
0.7,0.8,0.7,0.5,0.64410794,49925,0.045584191182311606
0.6,0.2,0.1,0.1,0.6441176,49925,0.044054355022240727
0.9,0.9,0.7,0.8,0.64413327,49925,0.04490839718336029
0.8,0.6,0.3,0.8,0.6441389,49925,0.043558893564754536
0.3,0.6,0.6,0.1,0.64414585,49925,0.04547165710633343
0.2,0.5,0.4,0.4,0.6441534,49925,0.04260214604372247
0.3,0.5,0.5,0.2,0.64416623,49925,0.04527009002636466
0.4,0.9,0.7,0.9,0.64416814,49925,0.04224298327762909
0.7,0.7,0.7,0.2,0.64418226,49925,0.04693234596795943
0.2,0.9,0.5,0.6,0.6442126,49925,0.04096575502402988
0.2,0.3,0.1,0.8,0.6442403,49925,0.03777819234974623
0.6,0.4,0.1,0.8,0.6442663,49925,0.04110979374161531
0.4,0.8,0.7,0.5,0.64427024,49925,0.04396766189549253
0.6,0.7,0.5,0.9,0.6442717,49925,0.0432406743941689
0.9,0.8,0.8,0.2,0.64434695,49925,0.047203964267672656
0.3,0.4,0.2,0.8,0.6443585,49925,0.04041468887972807
0.6,0.5,0.5,0.1,0.6443674,49925,0.04742020528239163
0.4,0.5,0.4,0.5,0.64437217,49925,0.044068054861665464
0.3,0.8,0.6,0.8,0.6443739,49925,0.04166337231984722
0.3,0.3,0.1,0.7,0.6443875,49925,0.03983849895313726
0.8,0.3,0.1,0.3,0.64439577,49925,0.04305911852665453
0.1,0.4,0.2,0.6,0.6443978,49925,0.03834312388767414
0.3,0.5,0.3,0.8,0.64440733,49925,0.041075829429971636
0.7,0.8,0.6,0.9,0.64443463,49925,0.04384719842288689
0.7,0.8,0.9,0.1,0.6444362,49925,0.047114728805110195
0.9,0.8,0.7,0.4,0.64445174,49925,0.04640228288822178
0.5,0.8,0.9,0.1,0.6444585,49925,0.046130344483101
0.6,0.7,0.6,0.5,0.64450204,49925,0.045204913458291134
0.8,0.9,0.7,0.9,0.64450866,49925,0.04430330672279407
0.9,0.6,0.4,0.4,0.64451337,49925,0.04582282312916647
0.2,0.6,0.5,0.1,0.64451975,49925,0.044174335768209005
0.3,0.4,0.3,0.5,0.6445502,49925,0.043044582588030594
0.5,0.4,0.1,0.9,0.64455384,49925,0.0402364293907183
0.4,0.5,0.3,0.8,0.6445567,49925,0.041953113613841325
0.1,0.6,0.2,0.8,0.6445647,49925,0.03710701647407717
0.4,0.9,0.8,0.4,0.64456904,49925,0.0442366095255678
0.3,0.7,0.6,0.4,0.644599,49925,0.04367005367640533
0.9,0.7,0.4,0.8,0.64460105,49925,0.04423283399359766
0.4,0.4,0.2,0.7,0.6446015,49925,0.04187186574165298
0.4,0.6,0.4,0.9,0.6446034,49925,0.041815457904219554
0.8,0.9,0.8,0.5,0.6446189,49925,0.04585682269092436
0.6,0.9,0.9,0.4,0.64462864,49925,0.04544802667151449
0.5,0.7,0.7,0.3,0.6446557,49925,0.04569595416699247
0.2,0.7,0.5,0.2,0.6446628,49925,0.043308867376077136
0.4,0.5,0.5,0.2,0.64466584,49925,0.04611333442779038
0.8,0.4,0.1,0.6,0.64466983,49925,0.04229915986096498
0.2,0.7,0.5,0.3,0.64467174,49925,0.04278267600657657
0.5,0.9,0.8,0.6,0.6446775,49925,0.044171819675489235
0.2,0.7,0.4,0.9,0.64467967,49925,0.03960533240414934
0.1,0.5,0.2,0.7,0.6446987,49925,0.03768804288372179
0.5,0.7,0.6,0.6,0.64470726,49925,0.04426384188321606
0.1,0.7,0.2,0.9,0.6447077,49925,0.036612648640260974
0.2,0.9,0.5,0.5,0.6447267,49925,0.04137164623858168
0.3,0.5,0.4,0.5,0.6447454,49925,0.04321833853091392
0.9,0.8,0.6,0.7,0.6447488,49925,0.04512802236879457
0.6,0.6,0.4,0.7,0.6447629,49925,0.04391678267144125
0.9,0.7,0.7,0.1,0.6447766,49925,0.04764810614193935
0.4,0.4,0.4,0.1,0.6447919,49925,0.04706593632323951
0.8,0.8,0.8,0.2,0.6447919,49925,0.04706593632323951
0.3,0.6,0.5,0.4,0.6448278,49925,0.04385664375606781
0.6,0.5,0.4,0.3,0.6448334,49925,0.046135744519791175
0.2,0.9,0.5,0.4,0.64485216,49925,0.041782310727879954
0.6,0.8,0.9,0.1,0.64485574,49925,0.04673498184731816
0.3,0.8,0.7,0.1,0.64485973,49925,0.04474404287437969
0.3,0.7,0.5,0.8,0.64487416,49925,0.04161384965807376
0.8,0.6,0.4,0.5,0.6448771,49925,0.045314755771573116
0.7,0.9,0.9,0.4,0.6448825,49925,0.04586305055119234
0.1,0.9,0.2,0.9,0.6448837,49925,0.03649106852114576
0.2,0.8,0.5,0.3,0.64489675,49925,0.042495323946836194
0.8,0.8,0.7,0.4,0.6448969,49925,0.04626988360163825
0.2,0.7,0.5,0.1,0.6449055,49925,0.043780699928757806
0.2,0.4,0.2,0.8,0.64490557,49925,0.03909722894252189
0.1,0.2,0.1,0.4,0.64490557,49925,0.03909722894252189
0.7,0.5,0.4,0.2,0.64491284,49925,0.04681335639995429
0.3,0.9,0.7,0.4,0.6449152,49925,0.04329264241606116
0.2,0.5,0.3,0.8,0.64493746,49925,0.03973475256719093
0.9,0.5,0.4,0.1,0.6449392,49925,0.04712281218814977
0.1,0.7,0.2,0.8,0.6449541,49925,0.0370893224752332
0.9,0.9,0.9,0.2,0.6449681,49925,0.04717430353385303
0.4,0.8,0.6,0.9,0.64497125,49925,0.042218676110754534
0.9,0.9,0.7,0.7,0.6449732,49925,0.045284438302202974
0.3,0.6,0.4,0.8,0.6449747,49925,0.041450803776069724
0.1,0.8,0.2,0.8,0.6449767,49925,0.03697223937511107
0.8,0.8,0.6,0.7,0.6450199,49925,0.04494729785577821
0.7,0.6,0.4,0.6,0.6450338,49925,0.044687639536206684
0.7,0.4,0.1,0.7,0.6450487,49925,0.04179127225441788
0.4,0.7,0.7,0.2,0.64505965,49925,0.045508088084087954
0.9,0.7,0.5,0.5,0.6450637,49925,0.045737710282938396
0.6,0.8,0.7,0.6,0.6450638,49925,0.04476733566744376
0.3,0.8,0.6,0.7,0.645094,49925,0.042112211751946
0.5,0.8,0.8,0.3,0.64509654,49925,0.04549099287275426
0.4,0.8,0.7,0.4,0.6451115,49925,0.04445031317123175
0.4,0.7,0.5,0.9,0.6451232,49925,0.042052549073656055
0.5,0.6,0.6,0.2,0.6451251,49925,0.046450907771210456
0.6,0.5,0.3,0.6,0.64515376,49925,0.04402441855725686
0.2,0.6,0.4,0.6,0.6451579,49925,0.041237311634451
0.1,0.3,0.2,0.3,0.6451579,49925,0.041237311634451
0.3,0.9,0.6,0.9,0.6451579,49925,0.041237311634451004
0.6,0.9,0.8,0.7,0.6451596,49925,0.044333352114452954
0.5,0.5,0.5,0.1,0.6451637,49925,0.04725161332615106
0.5,0.9,0.7,0.9,0.64518815,49925,0.04297565873153763
0.7,0.9,0.7,0.9,0.6452009,49925,0.04400784745664703
0.7,0.4,0.3,0.1,0.6452058,49925,0.04698083117845193
0.2,0.5,0.4,0.3,0.6452064,49925,0.043376676507134164
0.7,0.9,0.8,0.6,0.64521265,49925,0.045157529279179605
0.7,0.7,0.5,0.7,0.64522046,49925,0.044511559074606445
0.7,0.6,0.3,0.9,0.64522856,49925,0.04288534879636298
0.5,0.9,0.8,0.5,0.6452336,49925,0.044570151622955904
0.4,0.9,0.7,0.8,0.6452474,49925,0.042653299078702696
0.3,0.9,0.7,0.3,0.64529544,49925,0.04369414948689519
0.8,0.9,0.7,0.8,0.64530027,49925,0.044699865397319634
0.5,0.8,0.7,0.6,0.6453233,49925,0.044248754861086724
0.3,0.7,0.6,0.3,0.64533067,49925,0.04420827568222515
0.2,0.7,0.4,0.8,0.64534724,49925,0.04011922794688361
0.7,0.6,0.5,0.3,0.64535266,49925,0.046445640715903666
0.4,0.9,0.7,0.7,0.64535546,49925,0.04307617639568199
0.1,0.3,0.1,0.8,0.64536786,49925,0.03545200816692732
0.7,0.6,0.6,0.1,0.64537096,49925,0.047528903561214635
0.4,0.7,0.6,0.5,0.6453903,49925,0.04409620147255408
0.6,0.8,0.8,0.3,0.6453905,49925,0.046042574002177164
0.1,0.5,0.2,0.6,0.64539325,49925,0.03835237317519282
0.5,0.8,0.6,0.9,0.6453997,49925,0.04291121903586379
0.9,0.9,0.8,0.4,0.64543056,49925,0.04646206891845643
0.1,0.9,0.2,0.8,0.64544487,49925,0.03687158317949955
0.7,0.9,0.9,0.3,0.6454483,49925,0.04629753883290864
0.5,0.9,0.9,0.2,0.6454771,49925,0.04565376748502951
0.9,0.5,0.1,0.9,0.6454826,49925,0.041454895280795566
0.4,0.9,0.8,0.3,0.64548844,49925,0.04466585495800946
0.9,0.8,0.5,0.9,0.64549243,49925,0.04418995857669087
0.6,0.8,0.6,0.9,0.6455194,49925,0.04347242687433907
0.5,0.7,0.5,0.9,0.6455322,49925,0.04276767421571762
0.4,0.8,0.8,0.1,0.64554834,49925,0.045604684565272335
0.3,0.9,0.7,0.2,0.6455827,49925,0.044101571648489046
0.8,0.7,0.7,0.1,0.64559597,49925,0.04761057328257919
0.7,0.8,0.6,0.8,0.64560604,49925,0.04426401426338532
0.6,0.7,0.5,0.8,0.64560705,49925,0.043719241169849474
0.5,0.6,0.4,0.8,0.64561284,49925,0.042988381838605975
0.7,0.5,0.2,0.7,0.64563584,49925,0.043127145352054204
0.6,0.6,0.6,0.1,0.64567506,49925,0.047379961218157456
0.8,0.6,0.3,0.7,0.64569986,49925,0.04405480042829975
0.1,0.6,0.2,0.7,0.6457123,49925,0.037664930364622685
0.1,0.4,0.2,0.5,0.6457249,49925,0.03918475032521772
0.3,0.8,0.6,0.6,0.64573914,49925,0.042582510177867884
0.8,0.7,0.5,0.6,0.64573944,49925,0.04518379466211624
0.6,0.5,0.2,0.8,0.64575386,49925,0.04239705552369317
0.2,0.5,0.3,0.7,0.6457775,49925,0.0404045395366737
0.6,0.9,0.8,0.6,0.6457882,49925,0.04474486398272726
0.9,0.8,0.6,0.6,0.64580417,49925,0.04553903477078016
0.5,0.5,0.3,0.7,0.64581233,49925,0.043108467791852775
0.6,0.9,0.8,0.5,0.64582294,49925,0.04516070060957896
0.9,0.6,0.3,0.6,0.645823,49925,0.044551799839692166
0.6,0.4,0.2,0.4,0.645823,49925,0.044551799839692166
0.3,0.2,0.1,0.2,0.645823,49925,0.044551799839692166
0.4,0.6,0.5,0.5,0.6458548,49925,0.04415957178208568
0.8,0.6,0.5,0.2,0.64586407,49925,0.04705602514444762
0.9,0.8,0.8,0.1,0.64587325,49925,0.04765791575872255
0.2,0.9,0.5,0.3,0.64589447,49925,0.04219394291331241
0.8,0.9,0.7,0.7,0.64592206,49925,0.04509223256097056
0.7,0.8,0.7,0.4,0.64592725,49925,0.046054725837337565
0.2,0.5,0.4,0.2,0.64593184,49925,0.044147090644537104
0.6,0.7,0.6,0.4,0.6459348,49925,0.04575569353570704
0.7,0.3,0.1,0.3,0.64596397,49925,0.04344642206598636
0.3,0.8,0.6,0.5,0.645969,49925,0.043076946589424216
0.4,0.9,0.7,0.6,0.6459965,49925,0.04352271276483935
0.3,0.7,0.6,0.2,0.64600253,49925,0.044751062994551144
0.5,0.8,0.6,0.8,0.6460054,49925,0.043359834945736725
0.2,0.8,0.5,0.1,0.6460087,49925,0.04335851715276056
0.6,0.9,0.7,0.9,0.6460147,49925,0.04355770364089966
0.6,0.7,0.7,0.2,0.6460172,49925,0.0466878832549043
0.5,0.3,0.1,0.4,0.6460493,49925,0.04312808739859472
0.6,0.3,0.2,0.1,0.64606106,49925,0.04633166392078278
0.4,0.3,0.1,0.5,0.64607024,49925,0.04213068525070384
0.5,0.6,0.5,0.4,0.64607036,49925,0.04534538280585981
0.3,0.9,0.7,0.1,0.64607215,49925,0.04447935269032771
0.6,0.8,0.7,0.5,0.64607644,49925,0.04522493313444187
0.8,0.7,0.4,0.9,0.6460835,49925,0.04365563086291358
0.4,0.6,0.4,0.8,0.6460852,49925,0.04236338291737546
0.2,0.3,0.2,0.4,0.6460852,49925,0.04236338291737546
0.1,0.3,0.1,0.7,0.646147,49925,0.0362893616666529
0.7,0.8,0.6,0.7,0.64615446,49925,0.044719785922185944
0.8,0.6,0.4,0.4,0.6461593,49925,0.04586750605711272
0.4,0.3,0.2,0.2,0.6461593,49925,0.04586750605711272
0.7,0.9,0.8,0.5,0.64616954,49925,0.04556896053478573
0.4,0.7,0.5,0.8,0.6461854,49925,0.04255214176970095
0.3,0.9,0.6,0.8,0.64618635,49925,0.041641225364624244
0.9,0.6,0.2,0.9,0.6461969,49925,0.04265030835960234
0.1,0.7,0.2,0.7,0.64621186,49925,0.03758195826227085
0.4,0.6,0.6,0.2,0.646216,49925,0.04586412222305635
0.6,0.9,0.9,0.3,0.646216,49925,0.04586412222305636
0.2,0.3,0.3,0.1,0.646216,49925,0.04586412222305635
0.7,0.9,0.7,0.8,0.64622307,49925,0.0443965658788052
0.8,0.9,0.8,0.4,0.646224,49925,0.04627255240747048
0.6,0.6,0.5,0.3,0.6462428,49925,0.04628573075342976
0.5,0.9,0.7,0.8,0.64626914,49925,0.04337868486686317
0.9,0.7,0.6,0.2,0.6462735,49925,0.04722393393582162
0.8,0.7,0.6,0.3,0.6462816,49925,0.04667859099087494
0.5,0.8,0.7,0.5,0.6463305,49925,0.044712305797306034
0.4,0.8,0.6,0.8,0.6463517,49925,0.042637638782233464
0.2,0.4,0.3,0.4,0.6463517,49925,0.042637638782233464
0.2,0.8,0.4,0.9,0.6463641,49925,0.03960464356218433
0.7,0.7,0.7,0.1,0.64636743,49925,0.04747629438882178
0.3,0.7,0.5,0.7,0.6463725,49925,0.04212438628274728
0.5,0.2,0.1,0.1,0.64638674,49925,0.04484275398830246
0.5,0.7,0.6,0.5,0.64638984,49925,0.044782092699572645
0.8,0.8,0.8,0.1,0.6464001,49925,0.047541703538273486
0.9,0.6,0.5,0.1,0.64642066,49925,0.04754212447494701
0.7,0.4,0.2,0.3,0.6464383,49925,0.045146987376282414
0.5,0.4,0.2,0.5,0.6464547,49925,0.04376203574959964
0.2,0.7,0.4,0.7,0.6464568,49925,0.04062247232003461
0.4,0.7,0.6,0.4,0.6464593,49925,0.04464327177945388
0.5,0.9,0.8,0.4,0.64646703,49925,0.044996055270753184
0.8,0.5,0.4,0.1,0.64647126,49925,0.04732298721644497
0.3,0.6,0.5,0.3,0.6464827,49925,0.04450438362064926
0.2,0.8,0.5,0.2,0.6464866,49925,0.042963280801006275
0.7,0.5,0.3,0.4,0.6465012,49925,0.045367834527468474
0.4,0.8,0.6,0.7,0.6465029,49925,0.0430916045468303
0.8,0.5,0.2,0.6,0.6465061,49925,0.0437187513737936
0.9,0.9,0.6,0.9,0.64651686,49925,0.04448312681930648
0.3,0.3,0.2,0.3,0.64651686,49925,0.044483126819306475
0.6,0.6,0.4,0.6,0.64651686,49925,0.044483126819306475
0.5,0.8,0.8,0.2,0.64653033,49925,0.04595967585911336
0.4,0.5,0.4,0.4,0.6465412,49925,0.044778443024070844
0.5,0.4,0.3,0.2,0.6465653,49925,0.046476106348164854
0.7,0.8,0.8,0.2,0.6465683,49925,0.04685025702991644
0.9,0.9,0.9,0.1,0.6465952,49925,0.04759292479558862
0.9,0.9,0.7,0.6,0.64659685,49925,0.04568789883235811
0.9,0.8,0.7,0.3,0.6466023,49925,0.046843154804088856
0.7,0.7,0.5,0.6,0.64662224,49925,0.04501116205779299
0.1,0.9,0.2,0.7,0.64662623,49925,0.03721323632708488
0.1,0.6,0.2,0.6,0.64663464,49925,0.03825487287899835
0.9,0.8,0.5,0.8,0.6466373,49925,0.04461287293481446
0.9,0.8,0.6,0.5,0.64666116,49925,0.04599226686270731
0.4,0.4,0.3,0.3,0.64666224,49925,0.04538720250297335
0.8,0.8,0.6,0.6,0.64666224,49925,0.04538720250297335
0.5,0.5,0.4,0.3,0.6466668,49925,0.04592799345493873
0.8,0.7,0.5,0.5,0.6466703,49925,0.045675841350357495
0.6,0.7,0.5,0.7,0.64667135,49925,0.04422390668427446
0.2,0.4,0.2,0.7,0.64668524,49925,0.039854356682004745
0.4,0.9,0.8,0.1,0.6466909,49925,0.0454760684536862
0.4,0.7,0.7,0.1,0.6466948,49925,0.046044084796686015
0.9,0.7,0.5,0.4,0.6466967,49925,0.04622444978660804
0.3,0.4,0.3,0.4,0.64672583,49925,0.04391146955319276
0.6,0.8,0.6,0.8,0.64672583,49925,0.04391146955319276
0.3,0.5,0.5,0.1,0.64673316,49925,0.04601525222327845
0.3,0.4,0.2,0.7,0.6467337,49925,0.04115426993431762
0.1,0.8,0.2,0.7,0.64677507,49925,0.03742682557135512
0.5,0.7,0.7,0.2,0.64677966,49925,0.04624323448010897
0.2,0.6,0.4,0.5,0.64678216,49925,0.04185005793203293
0.9,0.6,0.4,0.3,0.64678496,49925,0.046347086425775216
0.9,0.7,0.4,0.7,0.64681,49925,0.04468636662276152
0.5,0.8,0.7,0.4,0.64683324,49925,0.045191771489358594
0.5,0.5,0.3,0.6,0.64683497,49925,0.04375344584722125
0.7,0.6,0.4,0.5,0.6468385,49925,0.04526076660569197
0.4,0.8,0.7,0.3,0.64685625,49925,0.04493839432040276
0.7,0.7,0.6,0.3,0.64686,49925,0.04654097910296776
0.8,0.9,0.9,0.2,0.64691514,49925,0.046982670329399095
0.6,0.9,0.7,0.8,0.64691955,49925,0.043966871996503495
0.5,0.9,0.9,0.1,0.6469225,49925,0.046056988249094655
0.7,0.6,0.3,0.8,0.64692986,49925,0.04340690747766001
0.2,0.9,0.5,0.2,0.64698476,49925,0.04258594322854903
0.8,0.8,0.5,0.9,0.6469997,49925,0.044017691399538414
0.4,0.5,0.3,0.7,0.64701194,49925,0.04260325027764287
0.3,0.6,0.4,0.7,0.64703244,49925,0.042019686932056675
0.3,0.8,0.6,0.4,0.64709514,49925,0.043565163020475674
0.1,0.4,0.2,0.4,0.64711094,49925,0.04006216710685957
0.2,0.8,0.4,0.8,0.64711094,49925,0.04006216710685957
0.8,0.5,0.3,0.3,0.6471169,49925,0.04590235809108532
0.3,0.5,0.3,0.7,0.6471206,49925,0.04174098532409653
0.8,0.7,0.4,0.8,0.6471225,49925,0.04410453936675475
0.5,0.6,0.4,0.7,0.6471275,49925,0.04355074300464896
0.3,0.5,0.4,0.4,0.6471296,49925,0.04396602583607646
0.7,0.7,0.4,0.9,0.6471937,49925,0.04343766613756962
0.3,0.4,0.4,0.1,0.64720213,49925,0.04653258112834357
0.6,0.8,0.8,0.2,0.64720213,49925,0.04653258112834357
0.6,0.5,0.3,0.5,0.6472064,49925,0.044675711876158763
0.5,0.7,0.5,0.8,0.6472581,49925,0.0432552927633827
0.6,0.9,0.9,0.2,0.6472615,49925,0.046270705673024756
0.4,0.9,0.8,0.2,0.6472642,49925,0.04506601760523275
0.2,0.3,0.1,0.7,0.6472706,49925,0.038636873999329045
0.4,0.6,0.4,0.7,0.6473039,49925,0.04294436719226274
0.5,0.4,0.1,0.8,0.647315,49925,0.040863919688854694
0.4,0.9,0.7,0.5,0.6473261,49925,0.04395659825957798
0.1,0.7,0.2,0.6,0.6473297,49925,0.038066462615433706
0.6,0.7,0.7,0.1,0.64733285,49925,0.04723159168624871
0.2,0.2,0.1,0.3,0.64735407,49925,0.04262802785185229
0.6,0.6,0.3,0.9,0.64735407,49925,0.04262802785185229
0.4,0.4,0.2,0.6,0.64735407,49925,0.04262802785185229
0.7,0.9,0.7,0.7,0.64737475,49925,0.044800587382774204
0.2,0.6,0.3,0.9,0.64738643,49925,0.03928791772598884
0.6,0.9,0.8,0.4,0.6473943,49925,0.04559590152667139
0.5,0.7,0.6,0.4,0.6474034,49925,0.04532334331018718
0.6,0.4,0.1,0.7,0.6474212,49925,0.04171861722912948
0.7,0.9,0.9,0.2,0.64744014,49925,0.046737883314370884
0.6,0.8,0.6,0.7,0.6474404,49925,0.044364623472821364
0.8,0.9,0.7,0.6,0.64744306,49925,0.04550834832891541
0.2,0.7,0.4,0.6,0.6474559,49925,0.04114560896846893
0.9,0.4,0.1,0.5,0.64748055,49925,0.04265478151602731
0.8,0.8,0.7,0.3,0.6474818,49925,0.04672915156404515
0.5,0.5,0.2,0.9,0.64748204,49925,0.041482489174946936
0.6,0.7,0.6,0.3,0.6475091,49925,0.04630138985150628
0.3,0.9,0.6,0.7,0.64753616,49925,0.042058303921227044
0.4,0.7,0.6,0.3,0.6475372,49925,0.0452064324792579
0.7,0.4,0.1,0.6,0.64753795,49925,0.04238845466590847
0.5,0.6,0.6,0.1,0.64754623,49925,0.04709019959204132
0.7,0.8,0.8,0.1,0.6475647,49925,0.04733233942710377
0.2,0.4,0.3,0.3,0.64757425,49925,0.04357695864438641
0.4,0.8,0.6,0.6,0.64757425,49925,0.04357695864438641
0.2,0.9,0.5,0.1,0.64759433,49925,0.04292900529736291
0.5,0.9,0.8,0.3,0.6475982,49925,0.04544264838099107
0.2,0.5,0.3,0.6,0.6475993,49925,0.04109433537036124
0.6,0.8,0.7,0.4,0.64762425,49925,0.04571944147139
0.4,0.6,0.5,0.4,0.64763075,49925,0.04479547483616113
0.2,0.9,0.4,0.9,0.6476316,49925,0.03953770192000499
0.3,0.3,0.1,0.6,0.64764655,49925,0.04071650790990868
0.3,0.7,0.6,0.1,0.64764667,49925,0.0452722612839384
0.7,0.9,0.8,0.4,0.647666,49925,0.04601645315014526
0.3,0.8,0.6,0.3,0.6476912,49925,0.044049527045854964
0.5,0.9,0.7,0.7,0.6476921,49925,0.043809478933225635
0.4,0.7,0.5,0.7,0.6477019,49925,0.04306365290195878
0.1,0.5,0.2,0.5,0.6477258,49925,0.03906146291887791
0.6,0.5,0.4,0.2,0.647744,49925,0.04682269312135324
0.5,0.7,0.5,0.7,0.6477574,49925,0.04375745966502261
0.4,0.5,0.5,0.1,0.6477635,49925,0.04687696504603915
0.3,0.8,0.5,0.9,0.64777577,49925,0.04116887984146653
0.9,0.9,0.8,0.3,0.6477771,49925,0.046881672304990976
0.9,0.5,0.2,0.5,0.64778835,49925,0.04416980831113482
0.7,0.5,0.4,0.1,0.64780617,49925,0.04748056017294432
0.8,0.7,0.5,0.4,0.647835,49925,0.046193820345167884
0.3,0.7,0.5,0.6,0.6478441,49925,0.04265880486436714
0.9,0.9,0.7,0.5,0.6478661,49925,0.04611033474565858
0.7,0.6,0.5,0.2,0.64787847,49925,0.047035618021434994
0.5,0.8,0.8,0.1,0.6478785,49925,0.04644936916849716
0.8,0.9,0.9,0.1,0.64792246,49925,0.04742661943487096
0.9,0.7,0.3,0.9,0.6479227,49925,0.043491287230703654
0.1,0.4,0.1,0.9,0.6479313,49925,0.03519806915672902
0.9,0.9,0.6,0.8,0.6479458,49925,0.04488089293348532
0.9,0.6,0.3,0.5,0.6479702,49925,0.045060756000198605
0.8,0.9,0.6,0.9,0.64797413,49925,0.044275881897591574
0.7,0.8,0.6,0.6,0.64798886,49925,0.045177937035551015
0.2,0.8,0.4,0.7,0.64799076,49925,0.04051582818336114
0.6,0.9,0.7,0.7,0.6479966,49925,0.04438772153806777
0.4,0.6,0.6,0.1,0.64801335,49925,0.046500804356803364
0.6,0.4,0.3,0.1,0.6480313,49925,0.04722232821504577
0.7,0.5,0.2,0.6,0.64805686,49925,0.043710967902718514
0.5,0.6,0.5,0.3,0.64805776,49925,0.04599926729542927
0.1,0.6,0.2,0.5,0.648094,49925,0.038857380729957695
0.1,0.9,0.2,0.6,0.64811033,49925,0.03758267234387948
0.7,0.8,0.7,0.3,0.6481263,49925,0.046532436346068434
0.7,0.7,0.5,0.5,0.64816755,49925,0.045513005744713605
0.7,0.8,0.5,0.9,0.6481719,49925,0.04377249657203463
0.9,0.5,0.1,0.8,0.6481724,49925,0.041929804587498294
0.9,0.7,0.4,0.6,0.648183,49925,0.0451561387462002
0.7,0.6,0.4,0.4,0.64821666,49925,0.04583719586481028
0.8,0.8,0.6,0.5,0.6482334,49925,0.04585473388448506
0.2,0.5,0.4,0.1,0.64823675,49925,0.04491673929756009
0.3,0.7,0.5,0.5,0.6482423,49925,0.043227302871754525
0.9,0.8,0.5,0.7,0.64824724,49925,0.04504747992663069
0.2,0.6,0.4,0.4,0.6482494,49925,0.04249856634480848
0.1,0.3,0.2,0.2,0.6482494,49925,0.04249856634480848
0.3,0.9,0.6,0.6,0.6482494,49925,0.04249856634480848
0.9,0.4,0.2,0.2,0.6482561,49925,0.045231933507084814
0.8,0.5,0.1,0.9,0.64825845,49925,0.04141217271259065
0.6,0.6,0.4,0.5,0.6482595,49925,0.045079370545793834
0.6,0.7,0.5,0.6,0.6482996,49925,0.044731257828705295
0.8,0.6,0.3,0.6,0.6483071,49925,0.04457603246852179
0.6,0.5,0.2,0.7,0.64830756,49925,0.04298787951184203
0.5,0.3,0.2,0.1,0.6483482,49925,0.04672586238140636
0.9,0.7,0.5,0.3,0.6483762,49925,0.046706376003575696
0.8,0.6,0.5,0.1,0.64840317,49925,0.04762724704259068
0.4,0.5,0.4,0.3,0.6484152,49925,0.04554503975854783
0.2,0.7,0.4,0.5,0.64842016,49925,0.04170821779902849
0.4,0.8,0.7,0.2,0.6484254,49925,0.04545156148781482
0.8,0.9,0.8,0.3,0.6484295,49925,0.04670373123578696
0.4,0.9,0.7,0.4,0.6484302,49925,0.044386568798980286
0.8,0.8,0.5,0.8,0.64845264,49925,0.04443704418379406
0.8,0.7,0.6,0.2,0.64846885,49925,0.04718967956367227
0.9,0.8,0.6,0.4,0.6484867,49925,0.046439040988833655
0.5,0.8,0.6,0.7,0.6484926,49925,0.04382351941944512
0.3,0.9,0.6,0.5,0.6484998,49925,0.0429328990544211
0.6,0.9,0.9,0.1,0.6485096,49925,0.04670047461614285
0.5,0.6,0.4,0.6,0.648518,49925,0.04413279564133717
0.3,0.8,0.5,0.8,0.64852774,49925,0.041626683680968224
0.2,0.6,0.4,0.3,0.64858055,49925,0.04314121717853878
0.1,0.8,0.2,0.6,0.6485868,49925,0.03783380582687576
0.2,0.9,0.4,0.8,0.6486278,49925,0.039953212872454937
0.3,0.4,0.3,0.3,0.6486296,49925,0.044834628188103715
0.6,0.8,0.6,0.6,0.6486296,49925,0.044834628188103715
0.4,0.5,0.2,0.9,0.6486338,49925,0.04096184642845698
0.9,0.7,0.3,0.8,0.648665,49925,0.043937967759464264
0.4,0.6,0.5,0.3,0.6487065,49925,0.045426685398038416
0.9,0.6,0.2,0.8,0.6487229,49925,0.043140047144898754
0.7,0.9,0.9,0.1,0.64872396,49925,0.04715570942225711
0.4,0.9,0.6,0.9,0.64874685,49925,0.04225019423028531
0.8,0.7,0.4,0.7,0.64875704,49925,0.04457907378243896
0.5,0.9,0.7,0.6,0.64876324,49925,0.04424674487320379
0.7,0.7,0.4,0.8,0.64877886,49925,0.04390558120118196
0.6,0.9,0.8,0.3,0.64878446,49925,0.04603975999413753
0.1,0.3,0.1,0.6,0.64879173,49925,0.03720969044303684
0.3,0.8,0.6,0.2,0.6488034,49925,0.04454348231447915
0.9,0.8,0.7,0.2,0.6488184,49925,0.04730798874365493
0.8,0.6,0.2,0.9,0.64883024,49925,0.0425960030945554
0.4,0.4,0.1,0.9,0.6488474,49925,0.03974439695734436
0.3,0.7,0.4,0.9,0.6488483,49925,0.04100926602296383
0.9,0.7,0.6,0.1,0.6488686,49925,0.04773060419976982
0.6,0.7,0.4,0.9,0.6489064,49925,0.04311413322734726
0.1,0.7,0.2,0.5,0.64892215,49925,0.038571462864520886
0.7,0.6,0.3,0.7,0.6489271,49925,0.043949869239644626
0.7,0.9,0.7,0.6,0.6489295,49925,0.045236448127478845
0.5,0.4,0.2,0.4,0.64893025,49925,0.04455916127787325
0.5,0.7,0.7,0.1,0.64894295,49925,0.04681554362347719
0.4,0.8,0.6,0.5,0.648954,49925,0.0440845255246233
0.3,0.6,0.5,0.2,0.64896387,49925,0.04518708278650937
0.6,0.3,0.1,0.3,0.64896584,49925,0.04376962011947876
0.8,0.9,0.7,0.5,0.6489852,49925,0.04592549801064008
0.5,0.8,0.7,0.3,0.6489921,49925,0.045697878674731324
0.2,0.6,0.3,0.8,0.648994,49925,0.039856663573970455
0.6,0.5,0.3,0.4,0.6489967,49925,0.045338910911593575
0.9,0.8,0.5,0.6,0.6490027,49925,0.045483196987030135
0.9,0.9,0.8,0.2,0.6490079,49925,0.04732442443238942
0.5,0.7,0.5,0.6,0.649022,49925,0.04429839132338889
0.3,0.7,0.5,0.4,0.6490248,49925,0.043813911547284305
0.3,0.6,0.4,0.6,0.64904004,49925,0.04261366111981538
0.5,0.6,0.3,0.9,0.6490477,49925,0.04222184128056379
0.9,0.9,0.6,0.7,0.64910656,49925,0.04527704389129256
0.6,0.6,0.3,0.8,0.6491117,49925,0.043166455807023996
0.3,0.9,0.6,0.4,0.6491364,49925,0.0433708133279884
0.5,0.9,0.8,0.2,0.6491375,49925,0.04589858077303982
0.1,0.9,0.2,0.5,0.6491479,49925,0.03795089671142415
0.8,0.6,0.4,0.3,0.6491512,49925,0.04642312277026928
0.7,0.9,0.6,0.9,0.64917696,49925,0.04397138097422053
0.2,0.8,0.4,0.6,0.64918655,49925,0.04100030792204416
0.1,0.4,0.2,0.3,0.64918655,49925,0.04100030792204416
0.9,0.5,0.3,0.2,0.64919263,49925,0.04629007259464804
0.1,0.8,0.2,0.5,0.64921814,49925,0.03828275249311043
0.7,0.5,0.3,0.3,0.6492256,49925,0.046018382307138464
0.5,0.7,0.6,0.3,0.6492364,49925,0.04590490353778293
0.5,0.5,0.3,0.5,0.6492402,49925,0.04442483014995097
0.1,0.2,0.1,0.3,0.64925164,49925,0.040672430778426964
0.2,0.4,0.2,0.6,0.64925164,49925,0.040672430778426964
0.3,0.6,0.3,0.9,0.64925164,49925,0.040672430778426964
0.5,0.9,0.6,0.9,0.6492546,49925,0.04296462385935798
0.5,0.8,0.5,0.9,0.6492638,49925,0.04286015686183125
0.5,0.5,0.2,0.8,0.6492749,49925,0.04208445438105307
0.5,0.9,0.7,0.5,0.64928037,49925,0.044675295513706276
0.3,0.5,0.3,0.6,0.64928746,49925,0.04243749437686824
0.4,0.8,0.5,0.9,0.6493022,49925,0.042138263019240896
0.4,0.7,0.4,0.9,0.6493116,49925,0.041958915229773665
0.4,0.5,0.3,0.6,0.64931417,49925,0.04327561284232172
0.6,0.8,0.5,0.9,0.6493233,49925,0.04340373919493884
0.8,0.4,0.2,0.2,0.64932835,49925,0.045551264702544336
0.4,0.2,0.1,0.1,0.64932835,49925,0.045551264702544336
0.9,0.3,0.1,0.2,0.6493351,49925,0.04316678812400415
0.1,0.5,0.2,0.4,0.6493474,49925,0.03981769644866158
0.6,0.8,0.8,0.1,0.6493482,49925,0.04702491495322029
0.8,0.8,0.5,0.7,0.6493505,49925,0.04490138915208678
0.3,0.5,0.4,0.3,0.6493568,49925,0.04473736227813515
0.8,0.9,0.6,0.8,0.6493787,49925,0.044678599629303324
0.3,0.4,0.2,0.6,0.649379,49925,0.04194802458252823
0.7,0.9,0.8,0.3,0.6493824,49925,0.04646113377662784
0.7,0.8,0.6,0.5,0.64939255,49925,0.0456542577250791
0.4,0.6,0.4,0.6,0.64941823,49925,0.04355527577082452
0.6,0.9,0.6,0.9,0.64941823,49925,0.04355527577082452
0.2,0.3,0.2,0.3,0.64941823,49925,0.04355527577082452
0.2,0.9,0.4,0.7,0.64943546,49925,0.04037947274864848
0.4,0.6,0.3,0.9,0.64944136,49925,0.04159824339262658
0.6,0.4,0.2,0.3,0.6494531,49925,0.045317493720540364
0.4,0.7,0.5,0.6,0.64945936,49925,0.043601846168019986
0.5,0.5,0.4,0.2,0.64946395,49925,0.04667914675584277
0.6,0.6,0.5,0.2,0.64947146,49925,0.046936833255103345
0.8,0.8,0.7,0.2,0.64947164,49925,0.04722224211252944
0.6,0.8,0.7,0.3,0.6495059,49925,0.046227290506761186
0.9,0.9,0.7,0.4,0.64954954,49925,0.04652045580388726
0.7,0.8,0.5,0.8,0.649569,49925,0.04421614811742191
0.3,0.5,0.2,0.9,0.64960134,49925,0.04007848682880009
0.9,0.6,0.4,0.2,0.6496092,49925,0.046886015253278346
0.8,0.4,0.1,0.5,0.6496106,49925,0.04286305111798995
0.3,0.8,0.5,0.7,0.64964265,49925,0.04210303246069492
0.5,0.7,0.4,0.9,0.6496435,49925,0.042639363603556905
0.1,0.9,0.2,0.4,0.6496676,49925,0.03827938782941271
0.7,0.7,0.6,0.2,0.6496718,49925,0.04710356645474976
0.5,0.8,0.6,0.6,0.64971024,49925,0.04431402930365822
0.2,0.7,0.4,0.4,0.64982307,49925,0.04228693713722619
0.4,0.4,0.3,0.2,0.6498245,49925,0.04632132194140558
0.8,0.8,0.6,0.4,0.6498245,49925,0.04632132194140558
0.6,0.6,0.4,0.4,0.6498512,49925,0.045699871219107714
0.9,0.9,0.6,0.6,0.6498512,49925,0.045699871219107714
0.3,0.3,0.2,0.2,0.6498512,49925,0.045699871219107714
0.3,0.9,0.5,0.9,0.64986736,49925,0.04116392118791051
0.4,0.8,0.7,0.1,0.6498753,49925,0.04591127570922428
0.1,0.8,0.2,0.4,0.6499012,49925,0.03871231735870652
0.9,0.8,0.4,0.9,0.64991176,49925,0.04404031786946564
0.2,0.7,0.3,0.9,0.6499256,49925,0.039316543535960397
0.6,0.7,0.5,0.5,0.64995855,49925,0.045268302196568376
0.1,0.4,0.1,0.8,0.64998525,49925,0.035861960210060856
0.7,0.5,0.1,0.9,0.649997,49925,0.0413223284890756
0.8,0.7,0.4,0.6,0.65000665,49925,0.045074325164796765
0.1,0.6,0.2,0.4,0.65002066,49925,0.039484896559028725
0.1,0.9,0.2,0.3,0.6500218,49925,0.03856113062722594
0.8,0.5,0.2,0.5,0.65002537,49925,0.04427159708687702
0.7,0.7,0.5,0.4,0.6500377,49925,0.04605923367341081
0.4,0.9,0.6,0.8,0.6501066,49925,0.04266921228815266
0.7,0.9,0.7,0.5,0.6501102,49925,0.04566321265353539
0.6,0.9,0.7,0.6,0.65011144,49925,0.04481673821149447
0.4,0.9,0.7,0.3,0.65011585,49925,0.04483937408267416
0.2,0.3,0.1,0.6,0.6501241,49925,0.03961149707538815
0.4,0.7,0.6,0.2,0.65015084,49925,0.045794473147509215
0.6,0.7,0.6,0.2,0.6501866,49925,0.04686736173026262
0.7,0.6,0.2,0.9,0.6501893,49925,0.04244599614633326
0.9,0.7,0.4,0.5,0.6502061,49925,0.04561974160159832
0.8,0.5,0.3,0.2,0.65023685,49925,0.046505431573666406
0.7,0.9,0.6,0.8,0.65023744,49925,0.04438772563330984
0.5,0.6,0.4,0.5,0.65024525,49925,0.044750256480379
0.2,0.5,0.3,0.5,0.6502463,49925,0.04183889296846501
0.4,0.4,0.2,0.5,0.65025204,49925,0.043452485358251636
0.7,0.9,0.8,0.2,0.6503108,49925,0.046911723061750996
0.3,0.9,0.6,0.3,0.65031916,49925,0.04382464090552852
0.1,0.3,0.2,0.1,0.65031916,49925,0.04382464090552851
0.2,0.6,0.4,0.2,0.65031916,49925,0.04382464090552851
0.2,0.4,0.3,0.2,0.6503366,49925,0.04459791013256066
0.4,0.8,0.6,0.4,0.6503366,49925,0.04459791013256066
0.9,0.8,0.7,0.1,0.65035117,49925,0.04780224149852252
0.8,0.9,0.8,0.2,0.65035236,49925,0.047143066239933806
0.3,0.9,0.6,0.2,0.6503543,49925,0.04426534638164056
0.7,0.8,0.7,0.2,0.6503877,49925,0.047028231104579446
0.6,0.8,0.5,0.8,0.65041107,49925,0.04384004737029771
0.8,0.7,0.3,0.9,0.65042496,49925,0.0433623996470854
0.3,0.8,0.6,0.1,0.6504446,49925,0.04502019313555275
0.8,0.6,0.2,0.8,0.6504497,49925,0.04307862719814885
0.4,0.3,0.1,0.4,0.6504497,49925,0.04307862719814885
0.3,0.7,0.4,0.8,0.65047085,49925,0.04152484704746471
0.7,0.6,0.4,0.3,0.65047365,49925,0.04643807050486611
0.5,0.8,0.7,0.2,0.6504765,49925,0.04619407763607915
0.1,0.7,0.2,0.4,0.6504962,49925,0.03910758657398102
0.8,0.7,0.5,0.3,0.6505496,49925,0.04669488091869333
0.1,0.8,0.2,0.3,0.65056336,49925,0.039061797382610335
0.2,0.8,0.4,0.5,0.6505699,49925,0.04150966630354953
0.9,0.8,0.6,0.3,0.65058285,49925,0.04689433093634286
0.6,0.7,0.4,0.8,0.6506251,49925,0.04361477535155623
0.2,0.5,0.2,0.9,0.6506396,49925,0.03867350312795841
0.6,0.9,0.7,0.5,0.6506463,49925,0.04526217696897787
0.8,0.6,0.3,0.5,0.65065414,49925,0.04510870662049484
0.6,0.9,0.6,0.8,0.6506549,49925,0.04395403014826173
0.5,0.6,0.5,0.2,0.6506723,49925,0.046651047614758294
0.4,0.8,0.5,0.8,0.65068686,49925,0.042605846790267
0.9,0.8,0.5,0.5,0.6506884,49925,0.04594658998315797
0.8,0.9,0.6,0.7,0.65070325,49925,0.04508676008120389
0.6,0.4,0.1,0.6,0.6507125,49925,0.04237266150146875
0.6,0.5,0.4,0.1,0.6507469,49925,0.047561966934941045
0.5,0.9,0.6,0.8,0.6507518,49925,0.04339000354201957
0.5,0.4,0.1,0.7,0.65075684,49925,0.04153442313214824
0.8,0.9,0.7,0.4,0.65075713,49925,0.04635867699506947
0.2,0.8,0.4,0.4,0.65076786,49925,0.04199973090860312
0.1,0.4,0.2,0.2,0.65076786,49925,0.04199973090860312
0.6,0.9,0.8,0.2,0.650774,49925,0.04648749226165384
0.2,0.9,0.4,0.6,0.6507877,49925,0.04082862374886729
0.7,0.7,0.4,0.7,0.6507912,49925,0.044396929783833576
0.2,0.7,0.4,0.3,0.6507972,49925,0.042843480637798984
0.8,0.7,0.6,0.1,0.6507981,49925,0.04775077211789123
0.5,0.9,0.7,0.4,0.6508541,49925,0.045153344032845474
0.5,0.8,0.6,0.5,0.6508564,49925,0.04480033467960389
0.5,0.7,0.4,0.8,0.65087265,49925,0.04315132816164445
0.6,0.8,0.7,0.2,0.6508804,49925,0.04672866332692133
0.2,0.6,0.4,0.1,0.6508954,49925,0.044480719546791905
0.2,0.6,0.3,0.7,0.6509223,49925,0.040448909536075765
0.7,0.6,0.5,0.1,0.6509253,49925,0.04767174668817098
0.8,0.8,0.7,0.1,0.6509321,49925,0.04772311546585796
0.5,0.8,0.5,0.8,0.65094376,49925,0.043324138863397116
0.6,0.5,0.3,0.3,0.65095574,49925,0.04604074362852982
0.9,0.9,0.8,0.1,0.65095663,49925,0.0477573624765968
0.1,0.9,0.2,0.2,0.65096515,49925,0.038814304272820066
0.4,0.9,0.6,0.7,0.6509909,49925,0.04311667586584076
0.8,0.8,0.5,0.6,0.6509919,49925,0.04535942792185174
0.7,0.5,0.2,0.5,0.65099466,49925,0.04431616544644309
0.3,0.8,0.5,0.6,0.6509978,49925,0.04261488976556691
0.7,0.6,0.3,0.6,0.6510044,49925,0.044504611683680625
0.3,0.7,0.5,0.3,0.6510061,49925,0.04440127494037618
0.9,0.6,0.3,0.4,0.6510118,49925,0.04558771758630752
0.5,0.7,0.5,0.5,0.6510169,49925,0.04485453213164988
0.5,0.5,0.3,0.4,0.65109825,49925,0.04515782948477072
0.6,0.8,0.6,0.5,0.6510983,49925,0.04532801001666634
0.7,0.8,0.6,0.4,0.6511019,49925,0.046136817378304516
0.7,0.8,0.5,0.7,0.65111345,49925,0.04468179092716243
0.4,0.5,0.4,0.2,0.65111667,49925,0.046328452406207324
0.3,0.5,0.4,0.2,0.6511235,49925,0.04555898569437294
0.2,0.8,0.3,0.9,0.65113115,49925,0.039268471536199535
0.1,0.6,0.2,0.3,0.65115017,49925,0.040122607475382405
0.8,0.5,0.1,0.8,0.65116477,49925,0.04190718612986927
0.6,0.5,0.2,0.6,0.65117574,49925,0.04362558618396109
0.4,0.7,0.5,0.5,0.6511786,49925,0.044168535828372206
0.3,0.9,0.5,0.8,0.65118855,49925,0.04158041682375749
0.9,0.6,0.2,0.7,0.6512176,49925,0.0436150913381292
0.3,0.6,0.5,0.1,0.651226,49925,0.045844485258101565
0.9,0.5,0.2,0.4,0.65123194,49925,0.044710588721769584
0.4,0.6,0.5,0.2,0.6512494,49925,0.04612401252459834
0.9,0.9,0.5,0.9,0.65126204,49925,0.044388411625442874
0.4,0.5,0.3,0.5,0.65127367,49925,0.043981499738891296
0.4,0.9,0.7,0.2,0.6512752,49925,0.045285344616874564
0.9,0.8,0.4,0.8,0.651302,49925,0.044468491008896695
0.3,0.6,0.4,0.5,0.65130866,49925,0.04326654896315093
0.2,0.7,0.3,0.8,0.6513113,49925,0.0398368032930453
0.9,0.9,0.7,0.3,0.65131485,49925,0.046951069691282904
0.3,0.6,0.3,0.8,0.6513177,49925,0.041243359509948375
0.8,0.9,0.8,0.1,0.651336,49925,0.04758407511298706
0.4,0.7,0.4,0.8,0.6513484,49925,0.04245936586869777
0.4,0.8,0.6,0.3,0.6513522,49925,0.04512333616701945
0.8,0.7,0.4,0.5,0.65136373,49925,0.04558289157364594
0.4,0.4,0.1,0.8,0.6513673,49925,0.040438067578914876
0.5,0.7,0.6,0.2,0.6513696,49925,0.0464673779779766
0.9,0.7,0.5,0.2,0.651383,49925,0.04722393314042722
0.3,0.5,0.2,0.8,0.65138376,49925,0.04072721415413811
0.3,0.3,0.1,0.5,0.65141946,49925,0.04168726438437866
0.3,0.4,0.1,0.9,0.6514383,49925,0.038960511537646875
0.7,0.7,0.6,0.1,0.6514389,49925,0.047666920438383255
0.4,0.5,0.2,0.8,0.6514615,49925,0.041568618905796474
0.7,0.9,0.7,0.4,0.6514753,49925,0.0461053772183862
0.5,0.4,0.3,0.1,0.6515021,49925,0.04737231015089506
0.9,0.7,0.3,0.7,0.6515079,49925,0.04439312783638335
0.7,0.9,0.6,0.7,0.65151155,49925,0.04480614544078163
0.2,0.9,0.4,0.5,0.6515145,49925,0.041267845333926634
0.1,0.7,0.2,0.3,0.6515444,49925,0.03960690198766087
0.2,0.5,0.2,0.8,0.6515535,49925,0.03934394878391553
0.9,0.5,0.1,0.7,0.6515617,49925,0.04238378442457082
0.6,0.6,0.3,0.7,0.6516259,49925,0.04373228796092609
0.5,0.9,0.8,0.1,0.65169,49925,0.04633420286195566
0.4,0.6,0.4,0.5,0.6516918,49925,0.04417650907679176
0.6,0.9,0.7,0.4,0.65169275,49925,0.045720711089089115
0.7,0.7,0.4,0.6,0.6517221,49925,0.04492469032094531
0.3,0.8,0.5,0.5,0.65173054,49925,0.043125819624202304
0.4,0.6,0.3,0.8,0.65175754,49925,0.04215822309876945
0.3,0.8,0.4,0.9,0.6517586,49925,0.041044336741389416
0.8,0.8,0.6,0.3,0.6517652,49925,0.04678620821607869
0.8,0.9,0.6,0.6,0.6517793,49925,0.04551019160842696
0.5,0.6,0.3,0.8,0.65181136,49925,0.04278037250029724
0.9,0.9,0.6,0.5,0.6518288,49925,0.04612207159550171
0.7,0.8,0.7,0.1,0.65183246,49925,0.04751900303959107
0.7,0.4,0.2,0.2,0.6518466,49925,0.04586288817317793
0.6,0.8,0.6,0.4,0.6518663,49925,0.04582296493954996
0.3,0.4,0.3,0.2,0.6518663,49925,0.04582296493954996
0.1,0.5,0.1,0.9,0.651867,49925,0.035416832931635486
0.2,0.9,0.4,0.4,0.6518724,49925,0.0417009491124132
0.6,0.7,0.5,0.4,0.6518913,49925,0.04583041195244589
0.7,0.4,0.1,0.5,0.65189683,49925,0.04301237801104131
0.5,0.9,0.6,0.7,0.6519115,49925,0.043823615858851236
0.5,0.9,0.7,0.3,0.6519165,49925,0.04562951192352132
0.8,0.7,0.3,0.8,0.65192467,49925,0.04385812950644102
0.4,0.9,0.6,0.6,0.6519337,49925,0.0435657263827928
0.3,0.9,0.6,0.1,0.65201056,49925,0.04467732720200789
0.6,0.7,0.4,0.7,0.65202695,49925,0.04412366178380252
0.3,0.5,0.3,0.5,0.65203995,49925,0.04318228847062754
0.8,0.8,0.4,0.9,0.6520404,49925,0.04387023642586442
0.6,0.8,0.5,0.7,0.6520545,49925,0.044328187351527916
0.8,0.9,0.7,0.3,0.6520984,49925,0.046801026054843195
0.1,0.8,0.2,0.2,0.6521008,49925,0.03942247405269418
0.1,0.4,0.1,0.7,0.65212405,49925,0.03658889533874562
0.1,0.5,0.2,0.3,0.65215284,49925,0.04063792334813267
0.3,0.9,0.5,0.7,0.6521629,49925,0.04201924843391658
0.9,0.9,0.5,0.8,0.652216,49925,0.044795942106189666
0.7,0.9,0.8,0.1,0.65221953,49925,0.047351583964465094
0.1,0.3,0.1,0.5,0.65222764,49925,0.03825444225446273
0.5,0.6,0.4,0.4,0.65223336,49925,0.04539367226681455
0.5,0.8,0.6,0.4,0.6522474,49925,0.04531855392540791
0.3,0.7,0.4,0.7,0.65228236,49925,0.04206436494854536
0.5,0.7,0.4,0.7,0.65228975,49925,0.043678520889772005
0.5,0.5,0.2,0.7,0.6523072,49925,0.04271228880329903
0.5,0.8,0.5,0.7,0.65230876,49925,0.04380095116532699
0.7,0.8,0.5,0.6,0.6523159,49925,0.045144103626384026
0.7,0.7,0.5,0.3,0.6523192,49925,0.04659062567395831
0.5,0.3,0.1,0.3,0.6523281,49925,0.044020008788827086
0.2,0.5,0.3,0.4,0.6523359,49925,0.04264224594118237
0.7,0.7,0.3,0.9,0.65234137,49925,0.04317491448295862
0.5,0.8,0.7,0.1,0.6523443,49925,0.04670312935784678
0.3,0.9,0.5,0.6,0.6523549,49925,0.04247035141581874
0.4,0.3,0.2,0.1,0.6523841,49925,0.04700711204544843
0.8,0.6,0.4,0.2,0.6523841,49925,0.04700711204544843
0.8,0.9,0.5,0.9,0.6523888,49925,0.04418872481093692
0.8,0.3,0.1,0.2,0.6523906,49925,0.04364033786552552
0.3,0.4,0.2,0.5,0.6524143,49925,0.04280284447629061
0.1,0.9,0.2,0.1,0.6524669,49925,0.03887980851470803
0.2,0.6,0.3,0.6,0.6525212,49925,0.04107477419113258
0.4,0.7,0.6,0.1,0.6525361,49925,0.046376184244024364
0.3,0.6,0.4,0.4,0.6525791,49925,0.04395285169650293
0.9,0.7,0.4,0.4,0.65262693,49925,0.04610151853458667
0.4,0.7,0.5,0.4,0.6526276,49925,0.04475399959219601
0.7,0.8,0.6,0.3,0.6526407,49925,0.04661498305645242
0.7,0.9,0.6,0.6,0.6526415,49925,0.045250071444900966
0.7,0.6,0.2,0.8,0.6526541,49925,0.04295115511042478
0.7,0.5,0.3,0.2,0.65265995,49925,0.04666224749731843
0.2,0.4,0.2,0.5,0.65268916,49925,0.041552689879556466
0.3,0.8,0.5,0.4,0.6527089,49925,0.04363348788218188
0.8,0.8,0.5,0.5,0.6527091,49925,0.0458435909610408
0.9,0.4,0.1,0.4,0.652713,49925,0.043175354523483374
0.4,0.9,0.7,0.1,0.6527374,49925,0.045706588535152665
0.4,0.8,0.5,0.7,0.65273917,49925,0.04310451430084491
0.2,0.4,0.1,0.9,0.6527533,49925,0.03757658936793903
0.6,0.8,0.7,0.1,0.652773,49925,0.047238221037355296
0.2,0.9,0.3,0.9,0.6527817,49925,0.03920109425044521
0.2,0.7,0.4,0.2,0.6527907,49925,0.043423821589287946
0.2,0.8,0.4,0.3,0.6528107,49925,0.04250036922211256
0.6,0.9,0.6,0.7,0.65281856,49925,0.04439576259200398
0.1,0.6,0.2,0.2,0.6528357,49925,0.040702916711094404
0.1,0.6,0.1,0.9,0.65284187,49925,0.035530667874501806
0.6,0.6,0.4,0.3,0.6528545,49925,0.046330882631263545
0.6,0.6,0.5,0.1,0.65285885,49925,0.04759700741675274
0.3,0.7,0.5,0.2,0.6528682,49925,0.04498173453653479
0.6,0.9,0.5,0.9,0.65287143,49925,0.04346949503468791
0.7,0.6,0.3,0.5,0.65288043,49925,0.04507930674036581
0.6,0.9,0.8,0.1,0.6529002,49925,0.04693105917477406
0.6,0.7,0.6,0.1,0.6529019,49925,0.04744958444901533
0.9,0.8,0.4,0.7,0.6529095,49925,0.04491115266943609
0.8,0.5,0.2,0.4,0.6529357,49925,0.04488078894492476
0.4,0.7,0.4,0.7,0.65294904,49925,0.04301640649586884
0.8,0.6,0.2,0.7,0.6529556,49925,0.04358219384989734
0.1,0.5,0.1,0.8,0.6529566,49925,0.036025048013614655
0.2,0.7,0.4,0.1,0.6529991,49925,0.04397063144457053
0.9,0.6,0.4,0.1,0.6530151,49925,0.0474327026409096
0.6,0.6,0.3,0.6,0.6530173,49925,0.04432129557193501
0.4,0.4,0.2,0.4,0.6530173,49925,0.04432129557193502
0.2,0.2,0.1,0.2,0.6530173,49925,0.04432129557193502
0.8,0.8,0.4,0.8,0.6530173,49925,0.04432129557193502
0.1,0.5,0.2,0.2,0.6530185,49925,0.041371670566919566
0.5,0.7,0.5,0.4,0.6530186,49925,0.045426470571222455
0.5,0.6,0.3,0.7,0.65305257,49925,0.04336973474568116
0.4,0.9,0.6,0.5,0.6530614,49925,0.044027636246002304
0.7,0.9,0.5,0.9,0.65306926,49925,0.04387143939789025
0.9,0.8,0.5,0.4,0.65307385,49925,0.04641068002676793
0.8,0.9,0.6,0.5,0.6531367,49925,0.04593495199216716
0.8,0.7,0.5,0.2,0.6531457,49925,0.04724097070206495
0.6,0.8,0.5,0.6,0.6531472,49925,0.044810431652377525
0.4,0.5,0.3,0.4,0.65315366,49925,0.044753993312405295
0.2,0.8,0.3,0.8,0.65316117,49925,0.039751760890239844
0.1,0.7,0.2,0.2,0.6531712,49925,0.04004753676593917
0.2,0.7,0.3,0.7,0.6531929,49925,0.040394899462206466
0.2,0.9,0.4,0.3,0.6532034,49925,0.042136096732179
0.8,0.9,0.5,0.8,0.65322554,49925,0.044594924748623144
0.5,0.4,0.2,0.3,0.65323955,49925,0.045382422859641176
0.8,0.6,0.3,0.4,0.6533204,49925,0.045649085002990815
0.7,0.8,0.4,0.9,0.6533366,49925,0.04363950068970216
0.6,0.8,0.6,0.3,0.653343,49925,0.04631876635573135
0.5,0.6,0.5,0.1,0.65337837,49925,0.04732884743182041
0.5,0.9,0.5,0.9,0.65338767,49925,0.04291273994003309
0.9,0.8,0.6,0.2,0.6533959,49925,0.047374677846370374
0.8,0.7,0.3,0.7,0.6534144,49925,0.04434043015917027
0.3,0.6,0.3,0.7,0.6534206,49925,0.041875242378401165
0.4,0.8,0.5,0.6,0.6534635,49925,0.04361454093044863
0.5,0.7,0.6,0.1,0.65347284,49925,0.04706441274185516
0.1,0.8,0.2,0.1,0.65348274,49925,0.039600942659174784
0.3,0.8,0.4,0.8,0.65349805,49925,0.04151643442802504
0.6,0.5,0.1,0.9,0.6535109,49925,0.04113319350239465
0.4,0.9,0.5,0.9,0.6535113,49925,0.04218775095883637
0.3,0.9,0.5,0.5,0.65354013,49925,0.04294844319510281
0.7,0.9,0.7,0.3,0.65358967,49925,0.04655382019139294
0.2,0.6,0.2,0.9,0.6536187,49925,0.03880564257368693
0.3,0.5,0.4,0.1,0.65363014,49925,0.046405031186183734
0.4,0.9,0.6,0.4,0.65367156,49925,0.0444927067081145
0.2,0.8,0.4,0.2,0.65367836,49925,0.043000146560072276
0.1,0.4,0.2,0.1,0.65367836,49925,0.043000146560072276
0.5,0.8,0.6,0.3,0.6536877,49925,0.0458414777431755
0.9,0.9,0.5,0.7,0.65374637,49925,0.04520759837837356
0.7,0.5,0.1,0.8,0.65375113,49925,0.04184155870521689
0.4,0.6,0.5,0.1,0.6537611,49925,0.04680609470526442
0.5,0.5,0.4,0.1,0.65376425,49925,0.04747923593535995
0.6,0.7,0.4,0.6,0.6537653,49925,0.04466777013308837
0.2,0.5,0.2,0.7,0.6537784,49925,0.04004087644603804
0.7,0.7,0.4,0.5,0.653783,49925,0.045457645950471005
0.9,0.5,0.3,0.1,0.6537966,49925,0.046878453154833286
0.6,0.8,0.4,0.9,0.65379876,49925,0.043254463440651286
0.6,0.6,0.2,0.9,0.6538329,49925,0.04220506317975776
0.3,0.8,0.5,0.3,0.653838,49925,0.04415446607851783
0.7,0.8,0.5,0.5,0.65385234,49925,0.0456309412247427
0.2,0.4,0.3,0.1,0.6538979,49925,0.04565254515724463
0.4,0.8,0.6,0.2,0.6538979,49925,0.04565254515724463
0.4,0.8,0.4,0.9,0.65391845,49925,0.04203839451171362
0.9,0.9,0.7,0.2,0.6539233,49925,0.04740038564860187
0.4,0.5,0.2,0.7,0.6539324,49925,0.042241987217996435
0.1,0.4,0.1,0.6,0.65395355,49925,0.037403028216911736
0.5,0.9,0.6,0.6,0.6539677,49925,0.04428274549389425
0.1,0.7,0.2,0.1,0.6539718,49925,0.0403729992072954
0.7,0.6,0.4,0.2,0.6539783,49925,0.04704889252623331
0.6,0.7,0.5,0.3,0.65397865,49925,0.04638793750617817
0.2,0.3,0.2,0.2,0.6539822,49925,0.04485098327988435
0.4,0.6,0.4,0.4,0.6539822,49925,0.04485098327988435
0.6,0.9,0.6,0.6,0.6539822,49925,0.04485098327988435
0.8,0.9,0.7,0.2,0.65401596,49925,0.04725844604573237
0.9,0.7,0.3,0.6,0.65404075,49925,0.04487555615615525
0.8,0.7,0.4,0.4,0.6540517,49925,0.046106504681736014
0.9,0.9,0.6,0.4,0.6540782,49925,0.04652853975188774
0.2,0.6,0.3,0.5,0.65410084,49925,0.04175079656647991
0.5,0.4,0.1,0.6,0.65410924,49925,0.04223738142609695
0.6,0.9,0.7,0.3,0.654113,49925,0.046182356963516386
0.6,0.5,0.2,0.5,0.6541169,49925,0.04429848767065516
0.2,0.9,0.3,0.8,0.6541345,49925,0.039632281338984374
0.4,0.5,0.4,0.1,0.654142,49925,0.0471529673739604
0.1,0.7,0.1,0.9,0.65414643,49925,0.03553567031164909
0.6,0.7,0.3,0.9,0.65416765,49925,0.042870600623344475
0.3,0.7,0.3,0.9,0.65417576,49925,0.04077624233829949
0.4,0.6,0.3,0.7,0.65421826,49925,0.04276215336607709
0.2,0.5,0.3,0.3,0.6542325,49925,0.04347300897532874
0.3,0.5,0.2,0.7,0.6542393,49925,0.04142530823409754
0.2,0.3,0.1,0.5,0.65426695,49925,0.040649386140561794
0.5,0.5,0.3,0.3,0.6542751,49925,0.04592819386440227
0.4,0.7,0.5,0.3,0.65430194,49925,0.045365196809314716
0.3,0.4,0.1,0.8,0.65432143,49925,0.039688212255966956
0.8,0.4,0.1,0.4,0.6543446,49925,0.04343919936341943
0.7,0.9,0.5,0.8,0.65435797,49925,0.04430118541274361
0.8,0.8,0.6,0.2,0.6543585,49925,0.04731037039754224
0.4,0.4,0.3,0.1,0.6543585,49925,0.04731037039754224
0.3,0.7,0.4,0.6,0.6544424,49925,0.04263309186270471
0.5,0.9,0.7,0.2,0.6544621,49925,0.04611270522938525
0.3,0.9,0.4,0.9,0.6544693,49925,0.04099124928190388
0.2,0.8,0.3,0.7,0.65448284,49925,0.040241740797014015
0.5,0.8,0.4,0.9,0.65449286,49925,0.042723642394351884
0.3,0.6,0.4,0.3,0.65450346,49925,0.044649982195889504
0.9,0.7,0.2,0.9,0.65450865,49925,0.04304131075818568
0.2,0.9,0.4,0.2,0.6545406,49925,0.04255409496084938
0.7,0.3,0.1,0.2,0.65454966,49925,0.044125718658323314
0.1,0.5,0.1,0.7,0.65455127,49925,0.03667764662293414
0.5,0.8,0.5,0.6,0.6545564,49925,0.04429397394267298
0.2,0.7,0.3,0.6,0.6545566,49925,0.040973219619412846
0.7,0.9,0.6,0.5,0.65455866,49925,0.04569197748841008
0.6,0.9,0.5,0.8,0.6545882,49925,0.043893250844898
0.8,0.9,0.5,0.7,0.6545909,49925,0.04500919949946478
0.4,0.7,0.4,0.6,0.6545994,49925,0.04357049645841235
0.6,0.4,0.2,0.2,0.6546017,49925,0.04611346586802256
0.9,0.6,0.3,0.3,0.6546017,49925,0.04611346586802256
0.3,0.2,0.1,0.1,0.6546017,49925,0.04611346586802256
0.6,0.4,0.1,0.5,0.65462285,49925,0.04304932854990949
0.7,0.7,0.3,0.8,0.65462565,49925,0.043679074963853336
0.5,0.6,0.3,0.6,0.65462774,49925,0.043969182738147455
0.9,0.6,0.2,0.6,0.6546355,49925,0.04409859889717345
0.5,0.7,0.4,0.6,0.6546654,49925,0.04422165013955234
0.6,0.8,0.5,0.5,0.6546789,49925,0.04530982346442629
0.5,0.7,0.5,0.3,0.6547277,49925,0.04601132449378478
0.5,0.9,0.5,0.8,0.6547585,49925,0.04335141966248011
0.7,0.8,0.6,0.2,0.6547651,49925,0.04713555215433661
0.3,0.5,0.3,0.4,0.6547864,49925,0.04397063963910575
0.8,0.5,0.3,0.1,0.65479165,49925,0.04714093225921422
0.2,0.4,0.1,0.8,0.65480274,49925,0.03831365214677944
0.7,0.8,0.4,0.8,0.65482175,49925,0.044067700027282004
0.1,0.6,0.2,0.1,0.6548565,49925,0.041224391210256416
0.5,0.9,0.6,0.5,0.6548641,49925,0.04475688538916298
0.1,0.6,0.1,0.8,0.65488404,49925,0.036059706067209936
0.9,0.8,0.3,0.9,0.65488446,49925,0.043753616870143515
0.4,0.9,0.5,0.8,0.6549153,49925,0.0426149071197633
0.8,0.9,0.6,0.4,0.654919,49925,0.04638729730927553
0.9,0.8,0.6,0.1,0.6549257,49925,0.047863830308719796
0.4,0.8,0.5,0.5,0.654926,49925,0.04413416441040782
0.7,0.7,0.5,0.2,0.65495706,49925,0.04715713381379375
0.7,0.9,0.7,0.2,0.65495825,49925,0.04702540117683252
0.3,0.9,0.5,0.4,0.6549588,49925,0.043411336668423214
0.7,0.6,0.2,0.7,0.65498114,49925,0.04350482113512169
0.3,0.8,0.4,0.7,0.6549978,49925,0.0420141097819208
0.2,0.8,0.4,0.1,0.65502095,49925,0.043443436009798046
0.5,0.6,0.4,0.3,0.6550303,49925,0.046049739092966974
0.5,0.5,0.2,0.6,0.6550379,49925,0.04341613105239934
0.8,0.8,0.5,0.4,0.65505147,49925,0.046320608583388476
0.6,0.7,0.4,0.5,0.65506786,49925,0.04521551567322782
0.8,0.8,0.4,0.7,0.6550702,49925,0.04477989158346763
0.8,0.5,0.1,0.7,0.6550737,49925,0.042418477766550465
0.9,0.9,0.5,0.6,0.6551021,49925,0.04562536261636101
0.1,0.5,0.2,0.1,0.6551353,49925,0.04209726676666862
0.7,0.5,0.2,0.4,0.65514094,49925,0.04496366502609585
0.9,0.7,0.5,0.1,0.65514916,49925,0.047743030906685885
0.9,0.8,0.4,0.6,0.6552268,49925,0.0453424599373341
0.2,0.6,0.3,0.4,0.65525067,49925,0.042434325361291825
0.7,0.8,0.5,0.4,0.6552808,49925,0.0461304605266903
0.1,0.8,0.1,0.9,0.65530264,49925,0.035486965581047025
0.6,0.8,0.4,0.8,0.65532076,49925,0.04372516736867952
0.3,0.4,0.2,0.4,0.65532076,49925,0.04372516736867952
0.5,0.7,0.3,0.9,0.6553219,49925,0.04241416849713548
0.8,0.6,0.4,0.1,0.6553368,49925,0.04760180982704
0.1,0.2,0.1,0.2,0.65537983,49925,0.04251835788974359
0.4,0.8,0.4,0.8,0.65537983,49925,0.04251835788974359
0.2,0.4,0.2,0.4,0.65537983,49925,0.04251835788974359
0.3,0.6,0.3,0.6,0.65537983,49925,0.04251835788974359
0.9,0.7,0.4,0.3,0.65542805,49925,0.046583996592820656
0.4,0.9,0.6,0.3,0.655439,49925,0.04493755763701714
0.6,0.9,0.7,0.2,0.65544987,49925,0.04664863251336322
0.7,0.9,0.5,0.7,0.6554601,49925,0.04473942216128051
0.9,0.5,0.2,0.3,0.655479,49925,0.04525730684649182
0.4,0.4,0.1,0.7,0.65548,49925,0.041159111768135276
0.5,0.9,0.7,0.1,0.6554896,49925,0.046567567834664945
0.6,0.5,0.3,0.2,0.65551454,49925,0.04675881770821209
0.9,0.4,0.2,0.1,0.6555179,49925,0.04577764171895195
0.6,0.9,0.6,0.5,0.6555254,49925,0.04532513290632114
0.6,0.6,0.3,0.5,0.6555357,49925,0.04492034692491703
0.9,0.9,0.4,0.9,0.65555865,49925,0.04422152872626722
0.1,0.7,0.1,0.8,0.6555832,49925,0.03600646617478126
0.1,0.3,0.1,0.4,0.65559995,49925,0.039403600140739514
0.2,0.6,0.2,0.8,0.65559995,49925,0.039403600140739514
0.7,0.6,0.3,0.4,0.65562004,49925,0.04566300724380476
0.4,0.7,0.3,0.9,0.65566564,49925,0.04175097390851341
0.9,0.8,0.5,0.3,0.65567064,49925,0.04687472469377594
0.3,0.9,0.4,0.8,0.65571654,49925,0.041444041131585826
0.3,0.7,0.5,0.1,0.6557721,49925,0.04554932378096378
0.6,0.7,0.3,0.8,0.65582097,49925,0.04337988008526295
0.6,0.6,0.2,0.8,0.6558246,49925,0.04275462434308792
0.3,0.3,0.1,0.4,0.6558246,49925,0.04275462434308792
0.5,0.8,0.6,0.2,0.655829,49925,0.04637475474129408
0.6,0.7,0.5,0.2,0.65583193,49925,0.046973810882930185
0.8,0.9,0.7,0.1,0.655847,49925,0.04772744944785434
0.6,0.6,0.4,0.2,0.6558745,49925,0.046965133403094106
0.3,0.3,0.2,0.1,0.6558745,49925,0.046965133403094106
0.9,0.9,0.6,0.3,0.6558745,49925,0.04696513340309411
0.2,0.9,0.3,0.7,0.6558927,49925,0.04006486002980208
0.4,0.5,0.3,0.3,0.6559078,49925,0.04556396666271966
0.9,0.9,0.7,0.1,0.6559092,49925,0.047864085704955116
0.4,0.3,0.1,0.3,0.65592855,49925,0.044098606534407
0.8,0.6,0.2,0.6,0.65592855,49925,0.044098606534407
0.4,0.8,0.6,0.1,0.6559535,49925,0.046188067410882924
0.9,0.6,0.1,0.9,0.65598124,49925,0.041980160340201
0.7,0.7,0.4,0.4,0.6559953,49925,0.046010106531633795
0.4,0.6,0.2,0.9,0.6559988,49925,0.04121104472269789
0.2,0.9,0.4,0.1,0.65601563,49925,0.042912185600632334
0.3,0.4,0.3,0.1,0.65605295,49925,0.04685607935162168
0.6,0.8,0.6,0.2,0.65605295,49925,0.04685607935162168
0.2,0.7,0.3,0.5,0.65606284,49925,0.04154223673256561
0.3,0.7,0.4,0.5,0.65607196,49925,0.04322865244221669
0.9,0.5,0.1,0.6,0.6561693,49925,0.042865243345057515
0.7,0.8,0.4,0.7,0.6561962,49925,0.0445373629265689
0.2,0.8,0.3,0.6,0.6562155,49925,0.04075243921746543
0.8,0.7,0.5,0.1,0.6562158,49925,0.04779890880052971
0.2,0.5,0.2,0.6,0.6562162,49925,0.040783909556442455
0.7,0.7,0.3,0.7,0.65625733,49925,0.04418706465070786
0.8,0.7,0.3,0.6,0.65626407,49925,0.04484577449555203
0.4,0.8,0.5,0.4,0.6562802,49925,0.04466317471964091
0.2,0.7,0.2,0.9,0.65629613,49925,0.03881157902258766
0.1,0.9,0.1,0.9,0.6563201,49925,0.035411012759276383
0.3,0.8,0.5,0.2,0.65633065,49925,0.044701119112015464
0.5,0.6,0.2,0.9,0.6563509,49925,0.04180945998756212
0.8,0.6,0.3,0.3,0.65636903,49925,0.04622821653183664
0.8,0.8,0.6,0.1,0.6563726,49925,0.04781718869709253
0.6,0.5,0.1,0.8,0.656424,49925,0.04168672958875765
0.4,0.9,0.5,0.7,0.6564386,49925,0.043058352580005725
0.8,0.4,0.2,0.1,0.6564931,49925,0.04621323347711489
0.9,0.8,0.3,0.8,0.6565094,49925,0.044174694875501526
0.4,0.6,0.4,0.3,0.65651184,49925,0.04556012755755212
0.4,0.6,0.3,0.6,0.65651464,49925,0.04339590360562302
0.5,0.9,0.5,0.7,0.6565172,49925,0.0438020057081237
0.4,0.7,0.5,0.2,0.656532,49925,0.04601137596522363
0.6,0.9,0.5,0.7,0.6565327,49925,0.04434267980334163
0.1,0.4,0.1,0.5,0.65653616,49925,0.038289148997868956
0.5,0.7,0.4,0.5,0.6565478,49925,0.04479788846525387
0.3,0.6,0.4,0.2,0.6565545,49925,0.04539792196217593
0.1,0.8,0.1,0.8,0.6565631,49925,0.035913488146826975
0.4,0.4,0.2,0.3,0.65658575,49925,0.045234611237380665
0.8,0.8,0.4,0.6,0.65658575,49925,0.045234611237380665
0.1,0.9,0.1,0.8,0.6565932,49925,0.035741207173671415
0.3,0.8,0.4,0.6,0.6565939,49925,0.04252753512130151
0.3,0.9,0.4,0.7,0.6566049,49925,0.04188785807296974
0.5,0.9,0.6,0.4,0.6566478,49925,0.04523993973745439
0.8,0.9,0.5,0.6,0.6566936,49925,0.04544110495141205
0.7,0.9,0.7,0.1,0.6566959,49925,0.04750056257883614
0.3,0.6,0.2,0.9,0.6566969,49925,0.04026258222126877
0.7,0.9,0.6,0.4,0.65670425,49925,0.04615128359710023
0.4,0.8,0.4,0.7,0.656729,49925,0.043018326221961035
0.5,0.8,0.4,0.8,0.65674067,49925,0.04321087341646669
0.3,0.9,0.5,0.3,0.6567491,49925,0.04387116217488138
0.1,0.6,0.1,0.7,0.6567519,49925,0.03662626157323958
0.2,0.5,0.3,0.2,0.65676403,49925,0.044317949880877394
0.9,0.7,0.3,0.5,0.65676993,49925,0.04534958517881215
0.8,0.9,0.4,0.9,0.6567701,49925,0.04400752719313927
0.7,0.8,0.6,0.1,0.6567758,49925,0.04766113560750193
0.8,0.9,0.6,0.3,0.65679204,49925,0.04685606093264397
0.5,0.8,0.5,0.5,0.65681714,49925,0.044824542298610486
0.7,0.4,0.1,0.4,0.6568266,49925,0.04362763088529571
0.6,0.3,0.1,0.2,0.6568595,49925,0.04458291340218301
0.9,0.8,0.4,0.5,0.65688396,49925,0.04579508601028583
0.5,0.7,0.3,0.8,0.65689576,49925,0.0429272811118159
0.8,0.8,0.3,0.9,0.65689695,49925,0.04360349027798115
0.1,0.5,0.1,0.6,0.6569228,49925,0.03738184807334708
0.8,0.7,0.4,0.3,0.65693295,49925,0.046622031731934827
0.4,0.9,0.6,0.2,0.6569495,49925,0.045423390524769666
0.9,0.9,0.4,0.8,0.6569793,49925,0.04462634832835078
0.9,0.9,0.5,0.5,0.65700525,49925,0.046040717772723526
0.3,0.4,0.1,0.7,0.65700823,49925,0.04043727403214763
0.6,0.8,0.4,0.7,0.6570138,49925,0.04421777286342863
0.2,0.9,0.3,0.6,0.6570382,49925,0.04052674762685407
0.5,0.5,0.2,0.5,0.6571225,49925,0.044102553618039046
0.3,0.7,0.3,0.8,0.6571267,49925,0.04132837900342055
0.6,0.7,0.4,0.4,0.6571554,49925,0.045781463054687235
0.9,0.7,0.2,0.8,0.6571853,49925,0.04348350689916643
0.7,0.5,0.1,0.7,0.6572143,49925,0.04237694771971073
0.3,0.7,0.4,0.4,0.65726936,49925,0.04382761535551527
0.7,0.9,0.5,0.6,0.657285,49925,0.045190162865149465
0.7,0.5,0.3,0.1,0.6572865,49925,0.047358173088109225
0.4,0.7,0.4,0.5,0.6573038,49925,0.044171208021503476
0.4,0.5,0.2,0.6,0.65730476,49925,0.04294725409774951
0.8,0.7,0.2,0.9,0.6573444,49925,0.042927968843638475
0.8,0.8,0.5,0.3,0.65736794,49925,0.04681139287834038
0.5,0.7,0.5,0.2,0.6574389,49925,0.04661774672090144
0.6,0.9,0.7,0.1,0.6574411,49925,0.04712824287888663
0.6,0.9,0.6,0.4,0.6574526,49925,0.045786611756387284
0.5,0.6,0.4,0.2,0.65745825,49925,0.04672895687987949
0.8,0.5,0.2,0.3,0.6574657,49925,0.04545812462261001
0.5,0.6,0.3,0.5,0.6574694,49925,0.0446184139019556
0.6,0.6,0.3,0.4,0.65747434,49925,0.045552335154201186
0.1,0.7,0.1,0.7,0.65752506,49925,0.03650960542782259
0.2,0.6,0.3,0.3,0.657529,49925,0.043161328267023236
0.5,0.5,0.1,0.9,0.6575299,49925,0.040802133231628776
0.7,0.6,0.4,0.1,0.6575317,49925,0.04768304868246578
0.6,0.7,0.3,0.7,0.6575369,49925,0.04390969803423196
0.7,0.9,0.4,0.9,0.657544,49925,0.04372599103801063
0.7,0.8,0.4,0.6,0.65757567,49925,0.04502378390129692
0.5,0.8,0.4,0.7,0.65761095,49925,0.043706547558381464
0.6,0.8,0.6,0.1,0.6576735,49925,0.04739786279098268
0.3,0.6,0.3,0.5,0.6576847,49925,0.04318018279870527
0.4,0.9,0.5,0.6,0.65768534,49925,0.043540638709721
0.6,0.8,0.5,0.4,0.657705,49925,0.04583479556081656
0.2,0.6,0.2,0.7,0.657722,49925,0.04003514638664416
0.5,0.5,0.3,0.2,0.65774757,49925,0.04669919849400622
0.4,0.7,0.3,0.8,0.65777886,49925,0.04228774713283853
0.2,0.7,0.3,0.4,0.6577932,49925,0.04214190308034496
0.5,0.4,0.1,0.5,0.6578007,49925,0.042991456739366475
0.7,0.9,0.6,0.3,0.6578367,49925,0.04660995887569459
0.7,0.8,0.5,0.3,0.6578627,49925,0.046647822794748786
0.3,0.8,0.5,0.1,0.6578662,49925,0.04520769537459067
0.8,0.9,0.5,0.5,0.65788364,49925,0.04589560311566304
0.3,0.8,0.3,0.9,0.6578858,49925,0.04077427466927771
0.3,0.9,0.4,0.6,0.6578974,49925,0.042369533650969834
0.3,0.5,0.3,0.3,0.6579391,49925,0.04480484029619898
0.7,0.7,0.5,0.1,0.65794915,49925,0.04775966426927088
0.8,0.8,0.4,0.5,0.657961,49925,0.04570564501969369
0.9,0.6,0.2,0.5,0.6580173,49925,0.044603142448215775
0.2,0.8,0.3,0.5,0.658062,49925,0.04129505839102052
0.5,0.4,0.2,0.2,0.65811425,49925,0.04625148764024926
0.7,0.7,0.4,0.3,0.6581193,49925,0.046570060295504784
0.5,0.8,0.6,0.1,0.65816796,49925,0.0469322548009119
0.4,0.9,0.4,0.9,0.658176,49925,0.04203179167517747
0.2,0.4,0.1,0.7,0.6581901,49925,0.039093167977047004
0.1,0.8,0.1,0.7,0.65820915,49925,0.03632683475567348
0.9,0.9,0.6,0.2,0.6582095,49925,0.047423565298425306
0.6,0.5,0.2,0.4,0.65821517,49925,0.04499595417816771
0.6,0.7,0.5,0.1,0.65823585,49925,0.04758410668708817
0.8,0.8,0.3,0.8,0.6582474,49925,0.0440434090977779
0.3,0.8,0.4,0.5,0.65825677,49925,0.04306896851501454
0.7,0.7,0.3,0.6,0.6582657,49925,0.044699384259713044
0.7,0.6,0.2,0.6,0.6582751,49925,0.044081019352009386
0.2,0.8,0.2,0.9,0.6582782,49925,0.03876585318729684
0.3,0.5,0.2,0.6,0.6582823,49925,0.0421623723471608
0.2,0.7,0.2,0.8,0.6582963,49925,0.0393511138425136
0.8,0.9,0.4,0.8,0.65830886,49925,0.044416477002314464
0.3,0.9,0.5,0.2,0.65830976,49925,0.044335121166596284
0.9,0.8,0.5,0.2,0.65832996,49925,0.04734769142979853
0.9,0.6,0.3,0.2,0.6583413,49925,0.04665425400787721
0.5,0.9,0.4,0.9,0.6583468,49925,0.04278776414309861
0.7,0.6,0.3,0.3,0.6584094,49925,0.046264733967749945
0.5,0.8,0.5,0.4,0.6584243,49925,0.04537349339404484
0.4,0.7,0.5,0.1,0.65842897,49925,0.04662231394987559
0.5,0.7,0.4,0.4,0.6584635,49925,0.04539311409231619
0.6,0.6,0.2,0.7,0.6584742,49925,0.04331501255137796
0.4,0.6,0.3,0.5,0.6584888,49925,0.04405191976129649
0.5,0.6,0.2,0.8,0.6584888,49925,0.042359437364590725
0.1,0.9,0.1,0.7,0.6585373,49925,0.03610092357418459
0.2,0.9,0.3,0.5,0.65854347,49925,0.04099047456384115
0.6,0.9,0.5,0.6,0.6585559,49925,0.0447999422551225
0.8,0.7,0.3,0.5,0.6585857,49925,0.045348747896849013
0.9,0.9,0.4,0.7,0.658599,49925,0.04502945745075613
0.3,0.7,0.4,0.3,0.6586292,49925,0.04445422999609432
0.9,0.7,0.4,0.2,0.6586563,49925,0.047109025616572875
0.3,0.7,0.3,0.7,0.6586715,49925,0.04186965635885735
0.4,0.9,0.5,0.5,0.6586715,49925,0.04400892155263628
0.1,0.6,0.1,0.6,0.6586746,49925,0.037232468316690026
0.8,0.5,0.1,0.6,0.65868443,49925,0.042922706049581795
0.4,0.9,0.4,0.8,0.6586912,49925,0.042467172787100604
0.3,0.9,0.5,0.1,0.6587035,49925,0.04480348829341381
0.3,0.4,0.2,0.3,0.65872836,49925,0.04471238185246272
0.6,0.8,0.4,0.6,0.65872836,49925,0.04471238185246272
0.4,0.8,0.5,0.3,0.65877277,49925,0.04524294001511504
0.6,0.7,0.4,0.3,0.65877396,49925,0.04636072173364682
0.7,0.4,0.2,0.1,0.65878546,49925,0.04658880508302186
0.7,0.8,0.3,0.9,0.65880567,49925,0.043345346812391605
0.9,0.8,0.3,0.7,0.65881693,49925,0.044621773732903956
0.8,0.9,0.6,0.2,0.65881944,49925,0.04731874785235998
0.5,0.7,0.3,0.7,0.65882486,49925,0.04348243250117538
0.3,0.6,0.2,0.8,0.6588362,49925,0.04087726702497818
0.1,0.5,0.1,0.5,0.6588509,49925,0.03814683064069597
0.4,0.9,0.6,0.1,0.65886605,49925,0.04590866946123342
0.9,0.8,0.4,0.4,0.6588696,49925,0.04625753057040795
0.8,0.6,0.1,0.9,0.6588769,49925,0.04190851418356371
0.6,0.6,0.4,0.1,0.65893734,49925,0.04766503806980316
0.9,0.9,0.5,0.4,0.65900546,49925,0.04649172038023076
0.5,0.9,0.5,0.6,0.65902025,49925,0.04429151273749661
0.1,0.7,0.1,0.6,0.6590259,49925,0.037023021403660754
0.5,0.9,0.6,0.3,0.65902823,49925,0.04575626281939623
0.5,0.3,0.1,0.2,0.6590508,49925,0.04497050734455627
0.7,0.7,0.2,0.9,0.65906906,49925,0.04273275567206198
0.7,0.9,0.5,0.5,0.6590788,49925,0.045658430676443464
0.4,0.6,0.4,0.2,0.6590841,49925,0.046272945385453575
0.2,0.3,0.2,0.1,0.6590841,49925,0.046272945385453575
0.6,0.9,0.6,0.3,0.6590841,49925,0.04627294538545357
0.4,0.4,0.1,0.6,0.6590984,49925,0.041901801914093255
0.7,0.9,0.4,0.8,0.65910906,49925,0.04416393701576337
0.8,0.7,0.2,0.8,0.65912324,49925,0.043406401783341445
0.6,0.9,0.4,0.9,0.65914625,49925,0.04331708079015192
0.8,0.8,0.5,0.2,0.6591485,49925,0.04730468147326137
0.2,0.5,0.2,0.5,0.6592105,49925,0.0415580551313949
0.4,0.7,0.3,0.7,0.65923136,49925,0.04284933499304214
0.4,0.8,0.4,0.6,0.6592706,49925,0.04353592650151623
0.2,0.4,0.2,0.3,0.6592706,49925,0.04353592650151623
0.6,0.8,0.3,0.9,0.65931296,49925,0.04300408682649082
0.8,0.6,0.2,0.5,0.6593182,49925,0.044667471196560386
0.5,0.8,0.4,0.6,0.6593352,49925,0.04423916330145688
0.8,0.9,0.5,0.4,0.6593375,49925,0.04635186123584844
0.2,0.3,0.1,0.4,0.65936583,49925,0.041798701034920914
0.4,0.6,0.2,0.8,0.65936583,49925,0.041798701034920914
0.3,0.6,0.4,0.1,0.6593975,49925,0.046116032142196985
0.4,0.9,0.5,0.4,0.6594015,49925,0.04451499331656885
0.9,0.6,0.1,0.8,0.65943396,49925,0.04241642511696437
0.2,0.9,0.2,0.9,0.659443,49925,0.038664117283796096
0.5,0.6,0.3,0.4,0.65945876,49925,0.0452542935285818
0.7,0.5,0.2,0.3,0.6594946,49925,0.04561929214308209
0.9,0.7,0.3,0.4,0.65951663,49925,0.0458492559893005
0.6,0.5,0.1,0.7,0.65958565,49925,0.042263476260119885
0.4,0.5,0.2,0.5,0.65959144,49925,0.04369353439727721
0.4,0.8,0.3,0.9,0.65959865,49925,0.04178019819957878
0.2,0.5,0.3,0.1,0.6596134,49925,0.04517208610185727
0.5,0.9,0.4,0.8,0.6596187,49925,0.04322316097137962
0.4,0.5,0.3,0.2,0.65962607,49925,0.04637581362563671
0.9,0.4,0.1,0.3,0.6596265,49925,0.04367651131297623
0.9,0.7,0.2,0.7,0.6596523,49925,0.04392259856715144
0.4,0.5,0.1,0.9,0.65965575,49925,0.040227398792388284
0.2,0.6,0.3,0.2,0.6596732,49925,0.04386987743900166
0.3,0.8,0.3,0.8,0.6596741,49925,0.041268618944080536
0.2,0.9,0.3,0.4,0.6596813,49925,0.04145305262588259
0.5,0.8,0.3,0.9,0.65968245,49925,0.04250897178241074
0.3,0.7,0.3,0.6,0.6597501,49925,0.04243681681930932
0.2,0.8,0.3,0.4,0.6598334,49925,0.041840752899866065
0.2,0.5,0.1,0.9,0.65984434,49925,0.037853086891253385
0.7,0.8,0.4,0.5,0.65990424,49925,0.045520716807077026
0.7,0.9,0.6,0.2,0.65996003,49925,0.047109126254768194
0.5,0.9,0.6,0.2,0.6599662,49925,0.046242357748908336
0.5,0.7,0.5,0.1,0.6599802,49925,0.04724866337825948
0.7,0.8,0.5,0.2,0.6599945,49925,0.04717543801699059
0.8,0.9,0.4,0.7,0.6599987,49925,0.04484747853812628
0.9,0.9,0.4,0.6,0.660008,49925,0.045443512890055826
0.6,0.7,0.3,0.6,0.6600665,49925,0.044434861766816554
0.7,0.7,0.3,0.5,0.6600836,49925,0.04521960827706353
0.6,0.8,0.5,0.3,0.6601011,49925,0.046353784675633426
0.6,0.4,0.1,0.4,0.6601214,49925,0.043746018086601994
0.9,0.9,0.3,0.9,0.6601799,49925,0.04391081792512962
0.3,0.3,0.1,0.3,0.6601799,49925,0.04391081792512962
0.6,0.6,0.2,0.6,0.6601799,49925,0.04391081792512962
0.8,0.6,0.3,0.2,0.66019225,49925,0.046799085409065994
0.5,0.5,0.2,0.4,0.6602144,49925,0.04482771742125953
0.8,0.8,0.3,0.7,0.6602215,49925,0.044483738280265604
0.2,0.7,0.3,0.3,0.66024894,49925,0.04275082528017015
0.5,0.6,0.4,0.1,0.6602701,49925,0.04746405450705801
0.6,0.9,0.5,0.5,0.6602818,49925,0.04528002910361085
0.9,0.5,0.1,0.5,0.66029567,49925,0.04335399017354106
0.7,0.8,0.3,0.8,0.6603075,49925,0.043807355102626414
0.4,0.7,0.4,0.4,0.6603111,49925,0.044791038112615124
0.3,0.9,0.4,0.5,0.66036826,49925,0.04285369921644642
0.3,0.5,0.2,0.5,0.6604069,49925,0.042941083594330506
0.4,0.9,0.4,0.7,0.6604638,49925,0.04294341998483104
0.7,0.7,0.2,0.8,0.6604739,49925,0.04322599060631968
0.5,0.5,0.1,0.8,0.66048175,49925,0.04137502736623398
0.2,0.6,0.2,0.6,0.6605588,49925,0.04069988808773389
0.3,0.9,0.3,0.9,0.6605588,49925,0.04069988808773389
0.1,0.3,0.1,0.3,0.6605588,49925,0.04069988808773389
0.1,0.8,0.1,0.6,0.66056526,49925,0.036743906113409205
0.6,0.8,0.4,0.5,0.66057646,49925,0.04521695535737705
0.8,0.7,0.4,0.2,0.66057974,49925,0.04716454781120398
0.4,0.6,0.3,0.4,0.6605816,49925,0.044763950087904014
0.9,0.9,0.6,0.1,0.66060257,49925,0.04790129635583414
0.6,0.6,0.3,0.3,0.66063404,49925,0.0462013970663865
0.4,0.4,0.2,0.2,0.66063404,49925,0.0462013970663865
0.2,0.2,0.1,0.1,0.66063404,49925,0.0462013970663865
0.8,0.8,0.4,0.4,0.66063404,49925,0.0462013970663865
0.6,0.9,0.4,0.8,0.66064084,49925,0.04376789408649394
0.4,0.8,0.5,0.2,0.6606698,49925,0.045798758028154085
0.6,0.4,0.2,0.1,0.66067594,49925,0.046947911130056606
0.7,0.9,0.4,0.7,0.6607007,49925,0.04460375258146592
0.9,0.8,0.3,0.6,0.66070133,49925,0.04505938288936072
0.3,0.4,0.1,0.6,0.66072917,49925,0.041245712304237805
0.6,0.5,0.3,0.1,0.6607303,49925,0.0475068703373677
0.5,0.8,0.5,0.3,0.66073763,49925,0.04594083998483251
0.3,0.8,0.4,0.4,0.66078496,49925,0.04360896869560571
0.6,0.7,0.2,0.9,0.6607868,49925,0.04242133969969419
0.2,0.8,0.2,0.8,0.6607895,49925,0.039252595654606225
0.1,0.4,0.1,0.4,0.6607895,49925,0.039252595654606225
0.1,0.6,0.1,0.5,0.66082203,49925,0.03786313938370483
0.2,0.7,0.2,0.7,0.6608276,49925,0.0398932978266307
0.5,0.9,0.5,0.5,0.66084254,49925,0.04477553265016357
0.4,0.8,0.3,0.8,0.66087455,49925,0.04228967587898168
0.7,0.9,0.5,0.4,0.66091216,49925,0.046114481739943036
0.5,0.6,0.2,0.7,0.6609347,49925,0.0429525569502896
0.1,0.9,0.1,0.6,0.6609436,49925,0.03643713755800246
0.9,0.9,0.5,0.3,0.66096216,49925,0.04693633526773663
0.3,0.6,0.3,0.4,0.6609749,49925,0.043916747989338055
0.9,0.5,0.2,0.2,0.66100806,49925,0.045804619562792956
0.9,0.3,0.1,0.1,0.6610235,49925,0.04360016715175243
0.8,0.9,0.6,0.1,0.66105783,49925,0.047786299657977996
0.8,0.4,0.1,0.3,0.66107833,49925,0.044006095907826046
0.5,0.9,0.6,0.1,0.6610825,49925,0.04671840813782228
0.5,0.7,0.3,0.6,0.66109025,49925,0.04404298323240637
0.6,0.9,0.6,0.2,0.66111225,49925,0.04677563313872231
0.7,0.7,0.4,0.2,0.6611848,49925,0.04714383724367776
0.8,0.9,0.5,0.3,0.6612049,49925,0.046808455320043886
0.2,0.9,0.3,0.3,0.6612072,49925,0.041941273740503555
0.5,0.7,0.4,0.3,0.66123587,49925,0.046017640463013654
0.5,0.9,0.4,0.7,0.661274,49925,0.043685546585038204
0.3,0.7,0.4,0.2,0.66132474,49925,0.045093416334486006
0.5,0.8,0.4,0.5,0.6613263,49925,0.044786798523690614
0.8,0.7,0.3,0.4,0.6613734,49925,0.04586913175146462
0.2,0.4,0.1,0.6,0.66140175,49925,0.03992859418574449
0.7,0.6,0.1,0.9,0.66140753,49925,0.04176550709516371
0.9,0.6,0.2,0.4,0.6614264,49925,0.04511313318280361
0.7,0.6,0.2,0.5,0.6614406,49925,0.044645736378879634
0.6,0.8,0.3,0.8,0.6614408,49925,0.043483002039846334
0.2,0.8,0.3,0.3,0.66145843,49925,0.04234731758068644
0.3,0.5,0.1,0.9,0.66149074,49925,0.039336525002392556
0.6,0.8,0.5,0.2,0.6615696,49925,0.04693064526885269
0.4,0.8,0.4,0.5,0.6615698,49925,0.04409377322534971
0.4,0.4,0.1,0.5,0.66157603,49925,0.04269472496904979
0.3,0.8,0.4,0.3,0.6615933,49925,0.0441779785333942
0.4,0.7,0.3,0.6,0.66162324,49925,0.04341106259678783
0.3,0.8,0.3,0.7,0.6616549,49925,0.04178168435211286
0.8,0.7,0.2,0.7,0.66166985,49925,0.04389222742037515
0.3,0.6,0.2,0.7,0.6616708,49925,0.041510243156176116
0.7,0.5,0.1,0.6,0.6616759,49925,0.04294949016860643
0.7,0.9,0.6,0.1,0.66170627,49925,0.0475848039910866
0.5,0.8,0.3,0.8,0.6617257,49925,0.0429978782947068
0.4,0.6,0.2,0.7,0.66173834,49925,0.04242221773766245
0.7,0.8,0.3,0.7,0.66175264,49925,0.044269230849980884
0.7,0.8,0.4,0.4,0.6617607,49925,0.046031110196439906
0.4,0.9,0.5,0.3,0.661763,49925,0.045019349169957826
0.6,0.5,0.2,0.3,0.6617821,49925,0.04569776595946294
0.9,0.8,0.5,0.1,0.66182816,49925,0.04783376209299014
0.8,0.5,0.2,0.2,0.66186327,49925,0.04608517816638917
0.2,0.5,0.2,0.4,0.66186583,49925,0.04238167750373617
0.3,0.5,0.3,0.2,0.6619072,49925,0.04571141981427282
0.8,0.9,0.4,0.6,0.66194224,49925,0.04527602892130517
0.5,0.5,0.3,0.1,0.6619505,49925,0.04752051614903749
0.6,0.7,0.4,0.2,0.6619622,49925,0.04698473430794909
0.9,0.7,0.4,0.1,0.6619959,49925,0.04763250603354255
0.6,0.7,0.3,0.5,0.6620246,49925,0.04500823498864658
0.2,0.9,0.2,0.8,0.6620251,49925,0.03910545747845458
0.8,0.8,0.5,0.1,0.6620834,49925,0.04783878263041231
0.8,0.9,0.3,0.9,0.662099,49925,0.04371327969252867
0.9,0.9,0.3,0.8,0.66210574,49925,0.04432226950371102
0.4,0.8,0.5,0.1,0.6621062,49925,0.046337182275531234
0.1,0.7,0.1,0.5,0.66212094,49925,0.03752415806647786
0.2,0.5,0.1,0.8,0.66212505,49925,0.03851505088429227
0.9,0.8,0.4,0.3,0.6621302,49925,0.04671210608032486
0.6,0.9,0.4,0.7,0.66220367,49925,0.04423824508789731
0.9,0.9,0.4,0.5,0.66220975,49925,0.04587368267246468
0.2,0.7,0.3,0.2,0.6622112,49925,0.04337035003412072
0.3,0.7,0.3,0.5,0.6622161,49925,0.04305380635843686
0.1,0.5,0.1,0.4,0.6622626,49925,0.03891556968968508
0.6,0.9,0.5,0.4,0.66226435,49925,0.04578983936591594
0.3,0.7,0.2,0.9,0.6622665,49925,0.04031617108249521
0.5,0.6,0.3,0.3,0.6622742,49925,0.04595591827762155
0.4,0.6,0.4,0.1,0.66229284,49925,0.047012629663731535
0.1,0.9,0.1,0.5,0.66230243,49925,0.036749876184823296
0.8,0.8,0.3,0.6,0.6623474,49925,0.04495838660947456
0.8,0.6,0.1,0.8,0.6623505,49925,0.04237467965011419
0.3,0.9,0.3,0.8,0.6623553,49925,0.041143045193797495
0.7,0.9,0.4,0.6,0.662357,49925,0.04504244463028946
0.8,0.5,0.1,0.5,0.6623827,49925,0.043467967361367876
0.4,0.5,0.1,0.8,0.66238606,49925,0.040852733125544764
0.4,0.9,0.4,0.6,0.6623981,49925,0.04342443180952887
0.7,0.4,0.1,0.3,0.662404,49925,0.04428522178065156
0.1,0.8,0.1,0.5,0.66242415,49925,0.03713723641138174
0.7,0.7,0.3,0.4,0.66252285,49925,0.04578344157404494
0.3,0.9,0.4,0.4,0.6625235,49925,0.043338654637769675
0.4,0.5,0.2,0.4,0.6625422,49925,0.04447745183915737
0.9,0.8,0.2,0.9,0.66254526,49925,0.04330968826127411
0.6,0.8,0.4,0.4,0.66256124,49925,0.04576314353429364
0.3,0.4,0.2,0.2,0.66256124,49925,0.04576314353429364
0.6,0.6,0.2,0.5,0.6625944,49925,0.044519057519783044
0.1,0.9,0.1,0.4,0.6626439,49925,0.037075781126331746
0.5,0.7,0.2,0.9,0.6626846,49925,0.04198413121873344
0.2,0.8,0.2,0.7,0.6627262,49925,0.039759103813106524
0.5,0.5,0.1,0.7,0.66275185,49925,0.041996315768360604
0.5,0.9,0.5,0.4,0.66276103,49925,0.045269563444925005
0.5,0.6,0.2,0.6,0.66278285,49925,0.04358033879371531
0.4,0.7,0.4,0.3,0.66279715,49925,0.04543500717472618
0.6,0.8,0.3,0.7,0.6628371,49925,0.043972753599131886
0.2,0.6,0.3,0.1,0.6628694,49925,0.0446003154492656
0.4,0.7,0.2,0.9,0.66287863,49925,0.0413227648176235
0.7,0.6,0.3,0.2,0.6628799,49925,0.04686926662334601
0.8,0.8,0.4,0.3,0.66293234,49925,0.046703918272432
0.3,0.8,0.3,0.6,0.66294014,49925,0.042300739665900866
0.8,0.6,0.2,0.4,0.6629476,49925,0.04521662493012563
0.4,0.3,0.1,0.2,0.6629476,49925,0.04521662493012563
0.6,0.9,0.6,0.1,0.66296124,49925,0.04727735927630663
0.9,0.7,0.2,0.6,0.66296345,49925,0.044400830385612815
0.2,0.8,0.3,0.2,0.66297275,49925,0.04287782512862718
0.6,0.6,0.1,0.9,0.6630358,49925,0.04152805781734483
0.5,0.9,0.4,0.6,0.66304266,49925,0.04418248918556587
0.7,0.9,0.5,0.3,0.6630748,49925,0.04660084892647941
0.6,0.9,0.3,0.9,0.66312593,49925,0.043058006325960727
0.4,0.6,0.2,0.6,0.66312593,49925,0.04305800632596073
0.2,0.3,0.1,0.3,0.66312593,49925,0.04305800632596073
0.6,0.7,0.2,0.8,0.66313946,49925,0.04293359835737232
0.9,0.6,0.3,0.1,0.6631976,49925,0.04722103432877396
0.8,0.3,0.1,0.1,0.663215,49925,0.04420333958612091
0.7,0.9,0.3,0.9,0.66323286,49925,0.043426860748441494
0.4,0.9,0.3,0.9,0.6632342,49925,0.04176653102094889
0.7,0.8,0.5,0.1,0.6632388,49925,0.04772136214842875
0.3,0.7,0.4,0.1,0.6632402,49925,0.04570675732119287
0.6,0.5,0.1,0.6,0.663243,49925,0.042874707405422076
0.4,0.8,0.3,0.7,0.66324925,49925,0.042815519080634294
0.8,0.8,0.2,0.9,0.66325814,49925,0.04314122537253851
0.9,0.9,0.5,0.2,0.663259,49925,0.047395847927502
0.1,0.2,0.1,0.1,0.66326517,49925,0.044651326468057986
0.2,0.4,0.2,0.2,0.66326517,49925,0.044651326468057986
0.3,0.6,0.3,0.3,0.66326517,49925,0.044651326468057986
0.4,0.8,0.4,0.4,0.66326517,49925,0.044651326468057986
0.9,0.6,0.1,0.7,0.66328925,49925,0.042865742553906044
0.3,0.6,0.2,0.6,0.6633018,49925,0.042196466982949
0.5,0.7,0.3,0.5,0.663302,49925,0.044635398294850616
0.4,0.5,0.3,0.1,0.6633043,49925,0.04724789291927454
0.4,0.6,0.3,0.3,0.66335076,49925,0.04549040720458978
0.5,0.8,0.3,0.7,0.66344386,49925,0.04350693939768388
0.5,0.4,0.1,0.4,0.6635512,49925,0.04376127652238565
0.2,0.6,0.2,0.5,0.66355354,49925,0.041381551752142344
0.9,0.7,0.3,0.3,0.66356814,49925,0.04633889334741453
0.4,0.9,0.5,0.2,0.663595,49925,0.04551012917164757
0.4,0.7,0.3,0.5,0.66359895,49925,0.04403179497152897
0.5,0.5,0.2,0.3,0.66360533,49925,0.04560872588863072
0.1,0.8,0.1,0.4,0.66361177,49925,0.03754772275403579
0.7,0.7,0.2,0.7,0.6636361,49925,0.043737430025589795
0.3,0.5,0.2,0.4,0.6636376,49925,0.04375829100454248
0.3,0.7,0.2,0.8,0.6636474,49925,0.04087723343910927
0.2,0.7,0.2,0.6,0.6636589,49925,0.040499308846616185
0.7,0.8,0.3,0.6,0.6636886,49925,0.044754136673687356
0.6,0.9,0.4,0.6,0.6637074,49925,0.04470260750517454
0.3,0.5,0.1,0.8,0.6637584,49925,0.03998958582596006
0.2,0.7,0.3,0.1,0.66378045,49925,0.04397137758947253
0.5,0.8,0.5,0.2,0.6637996,49925,0.04652281917290961
0.5,0.7,0.4,0.2,0.6638176,49925,0.04666021699569972
0.8,0.7,0.4,0.1,0.663855,49925,0.04774263876290012
0.5,0.4,0.2,0.1,0.6638638,49925,0.04715497943369359
0.5,0.9,0.3,0.9,0.6638639,49925,0.04253076075273822
0.8,0.9,0.5,0.2,0.66387105,49925,0.04729641653999285
0.8,0.9,0.3,0.8,0.6638926,49925,0.044128751364437224
0.3,0.8,0.4,0.2,0.66390413,49925,0.044720122540810384
0.7,0.8,0.4,0.3,0.66393334,49925,0.04656867071493011
0.7,0.6,0.1,0.8,0.6639808,49925,0.0422670890032392
0.2,0.9,0.2,0.7,0.6640187,49925,0.03955812452087409
0.3,0.9,0.4,0.3,0.6640517,49925,0.04384214922699156
0.1,0.6,0.1,0.4,0.664061,49925,0.03850125402918621
0.9,0.8,0.3,0.5,0.66409636,49925,0.04552866485613254
0.6,0.8,0.5,0.1,0.66411316,49925,0.04748497486332114
0.9,0.9,0.3,0.7,0.6641272,49925,0.04473968013947151
0.6,0.6,0.3,0.2,0.66417146,49925,0.046867599113247026
0.8,0.8,0.3,0.5,0.6642752,49925,0.04544583871292652
0.8,0.9,0.4,0.5,0.6642928,49925,0.045740115179809734
0.4,0.9,0.3,0.8,0.6643076,49925,0.04223504891696329
0.2,0.9,0.3,0.2,0.6643505,49925,0.04235890952261696
0.6,0.9,0.5,0.3,0.6643894,49925,0.04628130941610019
0.1,0.7,0.1,0.4,0.6644223,49925,0.03800068458434494
0.9,0.9,0.4,0.4,0.6644415,49925,0.04632846863730794
0.3,0.9,0.3,0.7,0.66447914,49925,0.041609705181023485
0.6,0.8,0.3,0.6,0.664529,49925,0.0444677603854292
0.3,0.7,0.3,0.4,0.6645501,49925,0.04369520602140819
0.4,0.9,0.4,0.5,0.6645845,49925,0.04392648058006893
0.8,0.7,0.2,0.6,0.66460425,49925,0.0443797158467574
0.5,0.8,0.4,0.4,0.6646273,49925,0.045335007894676246
0.3,0.8,0.3,0.5,0.66464937,49925,0.04286143096033037
0.6,0.7,0.2,0.7,0.6646521,49925,0.04347297625254226
0.2,0.9,0.2,0.6,0.6647141,49925,0.040016460435449645
0.3,0.4,0.1,0.5,0.6647229,49925,0.042106799623269506
0.2,0.4,0.1,0.5,0.66474646,49925,0.04086945452028225
0.7,0.6,0.2,0.4,0.6647465,49925,0.04523176367637047
0.7,0.5,0.2,0.2,0.66474867,49925,0.04628266478395226
0.8,0.6,0.3,0.1,0.6647593,49925,0.04739993416768913
0.7,0.9,0.4,0.5,0.664786,49925,0.04551204824938718
0.5,0.9,0.5,0.3,0.6647986,49925,0.0457885744519046
0.5,0.6,0.3,0.2,0.6648015,49925,0.04667612216764386
0.5,0.7,0.2,0.8,0.66482615,49925,0.04252916752391783
0.6,0.9,0.3,0.8,0.6649159,49925,0.04350344728110335
0.7,0.3,0.1,0.1,0.6649575,49925,0.04478445035502989
0.2,0.8,0.3,0.1,0.664998,49925,0.0433541273994501
0.4,0.7,0.4,0.2,0.66503656,49925,0.046098879498311436
0.2,0.5,0.1,0.7,0.6650729,49925,0.03922242068380634
0.3,0.8,0.2,0.9,0.6651036,49925,0.040282443273497955
0.7,0.9,0.5,0.2,0.6651176,49925,0.04710714325990393
0.7,0.7,0.4,0.1,0.6651505,49925,0.04773667189607213
0.5,0.8,0.5,0.1,0.66517687,49925,0.04708433677583248
0.6,0.8,0.4,0.3,0.66518116,49925,0.046307130914726845
0.3,0.8,0.4,0.1,0.6651973,49925,0.045278576974616354
0.9,0.8,0.2,0.8,0.6652103,49925,0.043727068245931394
0.5,0.7,0.3,0.4,0.6652377,49925,0.04524858438209686
0.4,0.8,0.3,0.6,0.66523856,49925,0.04332719257049373
0.2,0.6,0.1,0.9,0.6652498,49925,0.03793148384922191
0.5,0.9,0.3,0.8,0.6652696,49925,0.04298746193744629
0.7,0.9,0.3,0.8,0.665288,49925,0.04385697921316744
0.8,0.9,0.3,0.7,0.66529024,49925,0.04455967542068053
0.1,0.9,0.1,0.3,0.66529053,49925,0.03734062247420144
0.3,0.5,0.3,0.1,0.6653109,49925,0.04662859187283244
0.7,0.8,0.2,0.9,0.66537154,49925,0.04289968766100754
0.4,0.5,0.1,0.7,0.6653821,49925,0.04151635586155313
0.5,0.8,0.3,0.6,0.66538906,49925,0.04404123846245998
0.5,0.5,0.1,0.6,0.6654069,49925,0.04264198741834025
0.9,0.5,0.1,0.4,0.6654205,49925,0.04382602693182793
0.2,0.8,0.2,0.6,0.66546816,49925,0.040276704215804766
0.1,0.4,0.1,0.3,0.66546816,49925,0.040276704215804766
0.6,0.7,0.3,0.4,0.6655006,49925,0.0455841709654995
0.4,0.9,0.5,0.1,0.66553754,49925,0.0460237845666831
0.8,0.6,0.1,0.7,0.66558284,49925,0.04285378033422117
0.2,0.5,0.2,0.3,0.66559595,49925,0.04326414160565311
0.7,0.8,0.3,0.5,0.66560626,49925,0.045269118944606425
0.7,0.7,0.3,0.3,0.66561514,49925,0.046360263666675165
0.2,0.7,0.2,0.5,0.66562366,49925,0.041113759698382456
0.6,0.9,0.4,0.5,0.66563004,49925,0.04517835211256937
0.4,0.7,0.2,0.8,0.66569626,49925,0.04187054886823565
0.5,0.6,0.1,0.9,0.66575056,49925,0.04109728645376581
0.5,0.6,0.2,0.5,0.66575915,49925,0.04421044224916427
0.1,0.8,0.1,0.3,0.66576624,49925,0.037905588570491054
0.5,0.9,0.4,0.5,0.66577023,49925,0.044680987351758246
0.6,0.6,0.1,0.8,0.66577625,49925,0.04203869871105114
0.2,0.9,0.3,0.1,0.6657814,49925,0.0427362076466763
0.1,0.3,0.1,0.2,0.665818,49925,0.042097047700594956
0.3,0.9,0.3,0.6,0.665818,49925,0.04209704770059495
0.2,0.6,0.2,0.4,0.665818,49925,0.042097047700594956
0.8,0.7,0.3,0.3,0.66582257,49925,0.04637940265639273
0.3,0.6,0.2,0.5,0.6658889,49925,0.04287540955443168
0.1,0.6,0.1,0.3,0.6659166,49925,0.039116026047239766
0.3,0.7,0.2,0.7,0.66595334,49925,0.041461122145515346
0.8,0.8,0.4,0.2,0.6659718,49925,0.04719819837676493
0.4,0.4,0.2,0.1,0.6659718,49925,0.04719819837676493
0.4,0.9,0.3,0.7,0.6659755,49925,0.04269577323364662
0.9,0.6,0.2,0.3,0.66597867,49925,0.04563088496459307
0.9,0.8,0.4,0.2,0.6660052,49925,0.04720378899675364
0.3,0.9,0.4,0.2,0.66602165,49925,0.04432562561315567
0.6,0.7,0.4,0.1,0.6660613,49925,0.047607991504382975
0.4,0.9,0.4,0.4,0.66610885,49925,0.04442829964759896
0.4,0.7,0.3,0.4,0.6661179,49925,0.04467035458363699
0.8,0.9,0.4,0.4,0.6661828,49925,0.04620126922442239
0.4,0.6,0.2,0.5,0.66622716,49925,0.04373488842744857
0.6,0.4,0.1,0.3,0.66624594,49925,0.04450432901079449
0.6,0.8,0.2,0.9,0.6662508,49925,0.04256695462363285
0.4,0.4,0.1,0.4,0.6662743,49925,0.04357944207286027
0.8,0.8,0.2,0.8,0.6662743,49925,0.04357944207286027
0.4,0.6,0.3,0.2,0.6663432,49925,0.04626471371144567
0.1,0.5,0.1,0.3,0.6663759,49925,0.0397254215264624
0.4,0.8,0.4,0.3,0.66639,49925,0.04522151005074927
0.9,0.9,0.5,0.1,0.6664137,49925,0.04785515385651079
0.7,0.5,0.1,0.5,0.6664327,49925,0.043524107803575726
0.3,0.5,0.1,0.7,0.6664415,49925,0.04067072806764578
0.5,0.7,0.2,0.7,0.66645163,49925,0.04306792834299018
0.4,0.5,0.2,0.3,0.66652083,49925,0.045280291787225195
0.9,0.7,0.1,0.9,0.6665244,49925,0.042366766288684854
0.7,0.7,0.2,0.6,0.6665712,49925,0.044253613292115954
0.9,0.7,0.2,0.5,0.6666209,49925,0.04487596412414002
0.6,0.9,0.5,0.2,0.66666245,49925,0.046822675516405884
0.9,0.6,0.1,0.6,0.66678554,49925,0.04333303067671851
0.5,0.8,0.4,0.3,0.6668116,49925,0.04590111954358487
0.2,0.8,0.2,0.5,0.6668312,49925,0.04080686704441746
0.6,0.3,0.1,0.1,0.6668444,49925,0.04536904085956882
0.4,0.7,0.2,0.7,0.6669214,49925,0.04244801635176166
0.3,0.7,0.3,0.3,0.6669757,49925,0.044348884086116834
0.7,0.6,0.1,0.7,0.66699666,49925,0.04277258965367085
0.9,0.9,0.4,0.3,0.6670046,49925,0.04675817045095876
0.5,0.9,0.3,0.7,0.66702485,49925,0.04345006854459488
0.5,0.9,0.5,0.2,0.6670253,49925,0.046298087649256206
0.3,0.8,0.3,0.4,0.66711634,49925,0.043426110490223775
0.6,0.5,0.2,0.2,0.6671537,49925,0.04642098342279072
0.4,0.6,0.1,0.9,0.6671551,49925,0.04047794606374995
0.3,0.9,0.3,0.5,0.66715807,49925,0.04260432937998434
0.2,0.9,0.2,0.5,0.6671969,49925,0.040484830741949494
0.7,0.9,0.3,0.7,0.6671998,49925,0.044293187698843994
0.3,0.3,0.1,0.2,0.66721916,49925,0.045150601840057335
0.9,0.9,0.3,0.6,0.66721916,49925,0.045150601840057335
0.6,0.6,0.2,0.4,0.66721916,49925,0.045150601840057335
0.5,0.7,0.4,0.1,0.6672252,49925,0.04731545309586092
0.6,0.9,0.4,0.4,0.6672253,49925,0.045682267470171484
0.9,0.7,0.3,0.2,0.66728383,49925,0.0468408818902139
0.7,0.8,0.4,0.2,0.66729397,49925,0.04711400477056677
0.9,0.8,0.2,0.7,0.6672956,49925,0.04414323715218311
0.8,0.9,0.3,0.6,0.66730917,49925,0.04499595943608199
0.7,0.9,0.4,0.4,0.66733116,49925,0.045999502720943185
0.7,0.8,0.2,0.8,0.6673458,49925,0.04336535167372202
0.5,0.8,0.3,0.5,0.66738033,49925,0.04458529804478493
0.3,0.5,0.2,0.3,0.66738373,49925,0.04463545456099982
0.6,0.9,0.3,0.7,0.6673915,49925,0.043969325341489236
0.6,0.8,0.3,0.5,0.6673927,49925,0.044989977128532505
0.9,0.5,0.2,0.1,0.6673947,49925,0.04633855571195664
0.6,0.7,0.2,0.6,0.6673995,49925,0.04400632591236699
0.8,0.7,0.1,0.9,0.66740316,49925,0.04222457753197466
0.3,0.9,0.4,0.1,0.6674366,49925,0.04482730525870119
0.3,0.6,0.3,0.2,0.6674452,49925,0.04541574868284424
0.4,0.8,0.3,0.5,0.667477,49925,0.0438848759540318
0.8,0.7,0.2,0.5,0.66750896,49925,0.0448558807313453
0.1,0.7,0.1,0.3,0.667536,49925,0.03849397641347328
0.8,0.8,0.3,0.4,0.6675383,49925,0.04593343481743774
0.2,0.6,0.1,0.8,0.66756856,49925,0.03852289612167037
0.7,0.9,0.5,0.1,0.66759604,49925,0.04761624703241022
0.3,0.7,0.2,0.6,0.6676214,49925,0.04206747340585337
0.8,0.9,0.5,0.1,0.6676297,49925,0.04777789573605846
0.9,0.8,0.3,0.4,0.6676642,49925,0.04597469536920391
0.6,0.5,0.1,0.5,0.6676708,49925,0.04349115518538475
0.9,0.4,0.1,0.2,0.66769785,49925,0.04415476852094307
0.3,0.8,0.2,0.8,0.66772586,49925,0.04078773674643065
0.9,0.9,0.2,0.9,0.66775215,49925,0.043451058716117465
0.6,0.7,0.3,0.3,0.667763,49925,0.04618659240146385
0.4,0.7,0.4,0.1,0.66778505,49925,0.04676523173714337
0.2,0.7,0.2,0.4,0.6677923,49925,0.04176650950870911
0.4,0.8,0.2,0.9,0.6678407,49925,0.04134556820266345
0.8,0.6,0.2,0.3,0.6678729,49925,0.04577489435490118
0.1,0.9,0.1,0.2,0.6678848,49925,0.03748571705915686
0.5,0.9,0.4,0.4,0.6679092,49925,0.045176037094593495
0.3,0.6,0.1,0.9,0.6679849,49925,0.03951336082030199
0.2,0.6,0.2,0.3,0.6680148,49925,0.04287133378079711
0.2,0.7,0.1,0.9,0.6680171,49925,0.03794335203904707
0.4,0.5,0.1,0.6,0.6680248,49925,0.04220619390099887
0.5,0.8,0.2,0.9,0.6680355,49925,0.04207711673645252
0.7,0.6,0.3,0.1,0.6680667,49925,0.04752349213600894
0.5,0.6,0.2,0.4,0.6681032,49925,0.044888563648912846
0.8,0.5,0.1,0.4,0.66814065,49925,0.04402573095627325
0.6,0.8,0.4,0.2,0.668162,49925,0.04688443314122361
0.3,0.4,0.2,0.1,0.668162,49925,0.04688443314122361
0.6,0.9,0.5,0.1,0.6682689,49925,0.04732199025538474
0.3,0.9,0.2,0.9,0.66829115,49925,0.04018227491367531
0.4,0.8,0.4,0.2,0.668306,49925,0.04582697586050784
0.2,0.4,0.2,0.1,0.668306,49925,0.04582697586050784
0.8,0.9,0.4,0.3,0.66849697,49925,0.04666411337852186
0.5,0.6,0.1,0.8,0.6685135,49925,0.041663858111267965
0.5,0.5,0.2,0.2,0.66852355,49925,0.04639189162041449
0.8,0.8,0.2,0.7,0.6685704,49925,0.04401925431427022
0.5,0.9,0.5,0.1,0.66861916,49925,0.046834091274392635
0.3,0.6,0.2,0.4,0.6686265,49925,0.04360064192855773
0.5,0.7,0.2,0.6,0.6686534,49925,0.043644489328544506
0.4,0.9,0.3,0.6,0.66866446,49925,0.043178578880494416
0.2,0.5,0.2,0.2,0.6686832,49925,0.04418822821524022
0.6,0.6,0.1,0.7,0.6687239,49925,0.04257698851375492
0.6,0.6,0.3,0.1,0.6687303,49925,0.04755613032750645
0.5,0.9,0.3,0.6,0.66879153,49925,0.04394750680562126
0.5,0.7,0.3,0.3,0.6688103,49925,0.0458876382158878
0.1,0.8,0.1,0.2,0.66882026,49925,0.038172810009426975
0.3,0.9,0.3,0.4,0.6688771,49925,0.04313058149485713
0.7,0.7,0.3,0.2,0.66889226,49925,0.046924727618487365
0.2,0.5,0.1,0.6,0.66889733,49925,0.0399647866102643
0.6,0.8,0.2,0.8,0.6689562,49925,0.043035532117875426
0.3,0.4,0.1,0.4,0.6689562,49925,0.043035532117875426
0.9,0.7,0.1,0.8,0.66897655,49925,0.04277092555280545
0.5,0.8,0.4,0.2,0.6690538,49925,0.04649249650513993
0.6,0.9,0.4,0.3,0.6690631,49925,0.04619992489086898
0.7,0.9,0.3,0.6,0.6690761,49925,0.044772419552633606
0.7,0.8,0.3,0.4,0.6691212,49925,0.045788400915500585
0.4,0.7,0.2,0.6,0.66914314,49925,0.04304354762213504
0.7,0.7,0.1,0.9,0.66915876,49925,0.042059702904714294
0.4,0.9,0.4,0.3,0.6691919,49925,0.04496421464110645
0.4,0.7,0.3,0.3,0.66919225,49925,0.04531310100165166
0.3,0.8,0.2,0.7,0.66926575,49925,0.04130519500849313
0.5,0.4,0.1,0.3,0.66928905,49925,0.04459322406802055
0.5,0.6,0.3,0.1,0.66929656,49925,0.047423987495019235
0.2,0.8,0.2,0.4,0.6693024,49925,0.04134769823459024
0.1,0.4,0.1,0.2,0.6693024,49925,0.04134769823459024
0.3,0.8,0.3,0.3,0.66933036,49925,0.044009579641699666
0.8,0.7,0.3,0.2,0.66934204,49925,0.046928838977841655
0.7,0.6,0.2,0.3,0.6693451,49925,0.045837901610510066
0.4,0.6,0.2,0.4,0.6693621,49925,0.044435286231115485
0.6,0.9,0.3,0.6,0.6693621,49925,0.044435286231115485
0.2,0.3,0.1,0.2,0.6693621,49925,0.044435286231115485
0.8,0.4,0.1,0.2,0.6694003,49925,0.04453215553879017
0.2,0.4,0.1,0.4,0.6694405,49925,0.04185054532827797
0.4,0.8,0.2,0.8,0.6694405,49925,0.04185054532827797
0.7,0.9,0.4,0.3,0.66953784,49925,0.04649700966048514
0.8,0.6,0.1,0.6,0.66954464,49925,0.043355937030431516
0.8,0.9,0.2,0.9,0.6695597,49925,0.04326902330134819
0.5,0.5,0.1,0.5,0.66956615,49925,0.04331868526265983
0.2,0.8,0.1,0.9,0.66961503,49925,0.037852760021482024
0.7,0.7,0.2,0.5,0.6696809,49925,0.04478308211930041
0.4,0.8,0.3,0.4,0.66971725,49925,0.044465153056174246
0.8,0.7,0.1,0.8,0.66972685,49925,0.04268157334285908
0.8,0.8,0.4,0.1,0.6697368,49925,0.04773900731299908
0.1,0.7,0.1,0.2,0.6697503,49925,0.038906443851765
0.9,0.9,0.3,0.5,0.6697508,49925,0.04557388801333303
0.2,0.7,0.1,0.8,0.66975546,49925,0.03847081247042196
0.9,0.8,0.4,0.1,0.6697614,49925,0.04770674012677328
0.8,0.5,0.2,0.1,0.6697749,49925,0.04667190923854518
0.7,0.8,0.2,0.7,0.6698263,49925,0.04382863825045398
0.5,0.8,0.2,0.8,0.66992855,49925,0.042568508558818094
0.2,0.6,0.1,0.7,0.66993606,49925,0.03916370117326863
0.9,0.9,0.2,0.8,0.67000633,49925,0.04383244851258856
0.4,0.6,0.3,0.1,0.67000926,49925,0.04703888734825575
0.5,0.8,0.3,0.4,0.67004824,49925,0.04514785306782028
0.5,0.9,0.4,0.3,0.6701275,49925,0.0457076307924807
0.3,0.7,0.3,0.2,0.67016035,49925,0.045043977095382014
0.2,0.9,0.2,0.4,0.67017215,49925,0.0409570973029489
0.7,0.8,0.4,0.1,0.6701752,49925,0.04767111751290877
0.3,0.9,0.2,0.8,0.6702294,49925,0.040642194536007946
0.4,0.6,0.1,0.8,0.6702309,49925,0.041058206267876346
0.8,0.8,0.3,0.3,0.6702391,49925,0.04641036742491366
0.9,0.7,0.2,0.4,0.6702953,49925,0.045349928842683684
0.6,0.7,0.3,0.2,0.670298,49925,0.046815769475225644
0.7,0.6,0.1,0.6,0.6703129,49925,0.043282612912380405
0.4,0.5,0.2,0.2,0.6703143,49925,0.04615396103963492
0.5,0.3,0.1,0.1,0.67033356,49925,0.04592226501803207
0.8,0.9,0.3,0.5,0.67044824,49925,0.045451523790349994
0.3,0.6,0.1,0.8,0.6704707,49925,0.04010894470799696
0.2,0.7,0.2,0.3,0.6704874,49925,0.04241826317772281
0.6,0.8,0.4,0.1,0.6704915,49925,0.047452378439043395
0.6,0.7,0.2,0.5,0.6705145,49925,0.04456145923807021
0.7,0.5,0.2,0.1,0.67051905,49925,0.04695820440569988
0.6,0.8,0.3,0.4,0.6705243,49925,0.045555626395038504
0.3,0.7,0.2,0.5,0.6705348,49925,0.042677487810726215
0.9,0.8,0.3,0.3,0.6706163,49925,0.046434522723991206
0.3,0.5,0.1,0.6,0.6706264,49925,0.041410353623945496
0.2,0.8,0.2,0.3,0.6706425,49925,0.04192031318605493
0.9,0.9,0.4,0.2,0.67072856,49925,0.04721462548091816
0.9,0.8,0.2,0.6,0.6707905,49925,0.04456819806381309
0.3,0.6,0.3,0.1,0.6707956,49925,0.046230472389537196
0.2,0.9,0.1,0.9,0.67088175,49925,0.0377415149752971
0.1,0.5,0.1,0.2,0.67089754,49925,0.0405411817397357
0.5,0.9,0.3,0.5,0.67102915,49925,0.04444308367181183
0.7,0.4,0.1,0.2,0.67106533,49925,0.04491293510641865
0.1,0.6,0.1,0.2,0.67113215,49925,0.039706981612439365
0.2,0.6,0.2,0.2,0.6711347,49925,0.04364062858236773
0.3,0.9,0.3,0.3,0.6711347,49925,0.04364062858236773
0.1,0.3,0.1,0.1,0.6711347,49925,0.04364062858236773
0.4,0.8,0.4,0.1,0.67113984,49925,0.046423275521484286
0.5,0.6,0.1,0.7,0.67115337,49925,0.042236047562648635
0.6,0.8,0.2,0.7,0.6712123,49925,0.04353930402082733
0.7,0.9,0.2,0.9,0.67129874,49925,0.04299209750293402
0.9,0.6,0.2,0.2,0.67130584,49925,0.04613932272570483
0.6,0.6,0.2,0.3,0.6713068,49925,0.045804527128334195
0.6,0.7,0.1,0.9,0.6713069,49925,0.04174756061668239
0.4,0.9,0.3,0.5,0.67130977,49925,0.04371412287315299
0.8,0.9,0.4,0.2,0.6714137,49925,0.047167398158725095
0.9,0.7,0.3,0.1,0.67144686,49925,0.04737002568560695
0.6,0.9,0.4,0.2,0.6715148,49925,0.046720720354570824
0.2,0.8,0.1,0.8,0.67152053,49925,0.03834123190876946
0.7,0.5,0.1,0.4,0.67152065,49925,0.044129591275728436
0.5,0.7,0.2,0.5,0.6715565,49925,0.04423358172945891
0.8,0.7,0.2,0.4,0.67157334,49925,0.04538229148029024
0.4,0.8,0.2,0.7,0.67159057,49925,0.04238774936248378
0.4,0.9,0.2,0.9,0.67160934,49925,0.041301012893559176
0.3,0.8,0.2,0.6,0.67164564,49925,0.04186029847972479
0.4,0.9,0.4,0.2,0.671653,49925,0.04551465305362677
0.3,0.9,0.2,0.7,0.6716808,49925,0.04113029695809068
0.3,0.5,0.2,0.2,0.67168605,49925,0.04553858277311938
0.7,0.9,0.3,0.5,0.6717135,49925,0.045246291085059724
0.5,0.8,0.2,0.7,0.6717324,49925,0.04307622370288148
0.5,0.8,0.4,0.1,0.6717552,49925,0.04710307510573888
0.4,0.7,0.2,0.5,0.6718119,49925,0.043643319989312854
0.9,0.6,0.1,0.5,0.6718192,49925,0.043801418449032875
0.6,0.9,0.3,0.5,0.6718196,49925,0.044929396344460054
0.5,0.7,0.3,0.2,0.67183816,49925,0.046513017706420225
0.7,0.8,0.3,0.3,0.6719013,49925,0.04630971254339119
0.1,0.8,0.1,0.1,0.67192197,49925,0.038315066012236505
0.3,0.8,0.3,0.2,0.6719338,49925,0.04460176178638253
0.8,0.9,0.2,0.8,0.67199755,49925,0.0436787310090163
0.5,0.9,0.2,0.9,0.67204106,49925,0.042067541651024
0.4,0.4,0.1,0.3,0.67206687,49925,0.04447159657881307
0.8,0.8,0.2,0.6,0.67206687,49925,0.04447159657881307
0.1,0.9,0.1,0.1,0.67215407,49925,0.03749693067254041
0.2,0.5,0.1,0.5,0.67218626,49925,0.04076198678213
0.9,0.8,0.1,0.9,0.67226523,49925,0.04260403945182502
0.4,0.3,0.1,0.1,0.67227024,49925,0.04631448977901339
0.8,0.6,0.2,0.2,0.67227024,49925,0.04631448977901339
0.7,0.7,0.1,0.8,0.67227393,49925,0.04252052523400657
0.6,0.9,0.2,0.9,0.6722868,49925,0.04262361991918804
0.2,0.5,0.2,0.1,0.67240524,49925,0.04515012272807334
0.3,0.7,0.1,0.9,0.6724387,49925,0.03952673032105609
0.9,0.5,0.1,0.3,0.6724913,49925,0.044308996517404706
0.2,0.9,0.2,0.3,0.672511,49925,0.04143131638418661
0.5,0.6,0.2,0.3,0.6725119,49925,0.04560039908833128
0.9,0.9,0.3,0.4,0.6725405,49925,0.046019674339681106
0.7,0.9,0.4,0.2,0.6726619,49925,0.04700213674862338
0.6,0.6,0.1,0.6,0.6727039,49925,0.04313923451966229
0.9,0.7,0.1,0.7,0.6727377,49925,0.04319230878201854
0.4,0.7,0.3,0.2,0.67276084,49925,0.046003132745031344
0.4,0.9,0.2,0.8,0.6727672,49925,0.0417666661709424
0.4,0.6,0.2,0.3,0.6727959,49925,0.045175561488472765
0.4,0.5,0.1,0.5,0.67288166,49925,0.04293789694858529
0.2,0.7,0.2,0.2,0.67288774,49925,0.043062269646930516
0.2,0.7,0.1,0.7,0.672927,49925,0.03903730636123259
0.6,0.5,0.1,0.4,0.67297673,49925,0.044166595857028416
0.9,0.9,0.2,0.7,0.6730617,49925,0.04423891802483562
0.3,0.6,0.2,0.3,0.6731162,49925,0.0443694713279421
0.7,0.8,0.2,0.6,0.6731548,49925,0.04431102681107956
0.4,0.7,0.1,0.9,0.6731826,49925,0.04058482270744684
0.8,0.7,0.3,0.1,0.67319244,49925,0.04748318980451105
0.6,0.8,0.3,0.3,0.6731992,49925,0.04610540782401545
0.5,0.7,0.1,0.9,0.6732431,49925,0.04127751550649984
0.6,0.5,0.2,0.1,0.67327666,49925,0.04715146972964085
0.7,0.7,0.2,0.4,0.6732867,49925,0.045315688398381244
0.4,0.6,0.1,0.7,0.67332786,49925,0.04166497508063968
0.2,0.6,0.1,0.6,0.6733502,49925,0.0398282542306882
0.1,0.7,0.1,0.1,0.6733988,49925,0.039190608692557104
0.3,0.6,0.1,0.7,0.6734199,49925,0.04073565549106495
0.5,0.9,0.4,0.2,0.6734239,49925,0.046237863597163656
0.8,0.9,0.3,0.4,0.67342496,49925,0.045903634988747874
0.3,0.7,0.2,0.4,0.6734857,49925,0.04334311722575435
0.8,0.6,0.1,0.5,0.6735275,49925,0.043854614183073175
0.4,0.9,0.4,0.1,0.673548,49925,0.046024970636166805
0.5,0.8,0.3,0.3,0.6735544,49925,0.04570843117304631
0.7,0.9,0.2,0.8,0.6736439,49925,0.043421918839529464
0.5,0.9,0.2,0.8,0.67365223,49925,0.042532561839795036
0.6,0.7,0.2,0.4,0.6736544,49925,0.04515380031479368
0.4,0.9,0.3,0.4,0.6737191,49925,0.04422773931252604
0.6,0.4,0.1,0.2,0.67372763,49925,0.04522038411882773
0.4,0.8,0.3,0.3,0.67373896,49925,0.04505203869165715
0.2,0.9,0.1,0.8,0.6737434,49925,0.03817426491244182
0.6,0.8,0.2,0.6,0.67375,49925,0.044030499446811575
0.3,0.4,0.1,0.3,0.67375,49925,0.044030499446811575
0.3,0.9,0.2,0.6,0.6737988,49925,0.04162524400830485
0.8,0.7,0.1,0.7,0.6738109,49925,0.043120718763351946
0.6,0.9,0.2,0.8,0.6738224,49925,0.04306529878829864
0.2,0.4,0.1,0.3,0.6738236,49925,0.04291132732024828
0.4,0.8,0.2,0.6,0.6738236,49925,0.04291132732024828
0.9,0.8,0.2,0.5,0.67383915,49925,0.04502768343501548
0.3,0.7,0.3,0.1,0.6738401,49925,0.04572702589093788
0.3,0.5,0.1,0.5,0.67391664,49925,0.04218811904202874
0.5,0.9,0.3,0.4,0.67401713,49925,0.0449503098722638
0.3,0.8,0.2,0.5,0.6740489,49925,0.04240192616702045
0.1,0.4,0.1,0.1,0.6740509,49925,0.042465078752619075
0.2,0.8,0.2,0.2,0.6740509,49925,0.042465078752619075
0.8,0.8,0.1,0.9,0.674062,49925,0.042476200209057235
0.6,0.7,0.1,0.8,0.67407376,49925,0.04224475621523721
0.5,0.8,0.2,0.6,0.6741092,49925,0.04360740199219137
0.3,0.9,0.3,0.2,0.6742186,49925,0.044146946852361535
0.9,0.8,0.3,0.2,0.67422414,49925,0.04691642669349099
0.6,0.9,0.3,0.4,0.67435366,49925,0.04542328939547998
0.7,0.6,0.2,0.2,0.67440474,49925,0.046446275703524394
0.7,0.7,0.3,0.1,0.6745032,49925,0.04749898261410104
0.9,0.9,0.4,0.1,0.6745054,49925,0.0476736480621657
0.2,0.8,0.1,0.7,0.67454636,49925,0.038839942333218865
0.8,0.9,0.4,0.1,0.6745504,49925,0.047656035761320444
0.4,0.7,0.2,0.4,0.6745814,49925,0.044287078305384246
0.8,0.5,0.1,0.3,0.67465156,49925,0.04455621100049109
0.5,0.5,0.1,0.4,0.67466486,49925,0.044036408977400264
0.4,0.9,0.2,0.7,0.67477953,49925,0.0422519294030284
0.7,0.9,0.3,0.4,0.6748078,49925,0.045734482877118794
0.2,0.6,0.2,0.1,0.67498714,49925,0.04440790879810628
0.3,0.7,0.1,0.8,0.67502946,49925,0.04007487630432954
0.3,0.8,0.3,0.1,0.6750583,49925,0.04520197244899899
0.8,0.9,0.2,0.7,0.6750624,49925,0.04408133104110791
0.8,0.8,0.2,0.5,0.6750647,49925,0.04494768021723641
0.1,0.6,0.1,0.1,0.6750785,49925,0.040186537860005554
0.7,0.6,0.1,0.5,0.67509854,49925,0.04384897940102758
0.5,0.6,0.1,0.6,0.6751032,49925,0.042854190062548855
0.6,0.7,0.3,0.1,0.6751579,49925,0.04745783528057236
0.5,0.7,0.2,0.4,0.6751652,49925,0.04484586479914195
0.6,0.9,0.4,0.1,0.6751778,49925,0.04724791296525531
0.9,0.7,0.2,0.3,0.6751863,49925,0.04582194529895434
0.5,0.5,0.2,0.1,0.67522776,49925,0.047201048429151626
0.2,0.9,0.2,0.2,0.6753666,49925,0.04185016755028034
0.7,0.9,0.4,0.1,0.6753746,49925,0.04752004179558475
0.7,0.7,0.1,0.7,0.675389,49925,0.04298937774735001
0.3,0.8,0.1,0.9,0.67545074,49925,0.0394802221445434
0.1,0.5,0.1,0.1,0.6755214,49925,0.04127067826914363
0.4,0.7,0.3,0.1,0.67555535,49925,0.0467046093213261
0.2,0.5,0.1,0.4,0.6755746,49925,0.041618585528075104
0.5,0.7,0.3,0.1,0.67557806,49925,0.047205293733322724
0.9,0.7,0.1,0.6,0.67562354,49925,0.04363208119112539
0.8,0.8,0.3,0.2,0.67569566,49925,0.04691920422344867
0.5,0.9,0.2,0.7,0.67570657,49925,0.043005635614916715
0.5,0.7,0.1,0.8,0.675777,49925,0.04178848616806843
0.3,0.5,0.2,0.1,0.67579234,49925,0.0465059673949418
0.5,0.9,0.4,0.1,0.67579794,49925,0.04679770203560685
0.7,0.8,0.3,0.2,0.6758453,49925,0.046850259959810056
0.9,0.8,0.1,0.8,0.67585343,49925,0.042996696049734925
0.4,0.9,0.3,0.3,0.67595726,49925,0.044770327231623934
0.6,0.9,0.2,0.7,0.6760138,49925,0.04351619639584313
0.7,0.8,0.1,0.9,0.6760887,49925,0.0422239798767339
0.7,0.8,0.2,0.5,0.67611367,49925,0.04479856764292018
0.3,0.3,0.1,0.1,0.6762323,49925,0.04645388041085186
0.9,0.9,0.3,0.3,0.6762323,49925,0.04645388041085186
0.6,0.6,0.2,0.2,0.6762323,49925,0.04645388041085186
0.2,0.7,0.1,0.6,0.67624193,49925,0.039598503645571756
0.2,0.6,0.1,0.5,0.67627066,49925,0.04052526122629298
0.3,0.8,0.2,0.4,0.6763057,49925,0.0430147423662851
0.4,0.8,0.3,0.2,0.6763296,49925,0.04567220792936678
0.4,0.7,0.1,0.8,0.676345,49925,0.04113111100241791
0.7,0.9,0.2,0.7,0.6763653,49925,0.04385688444125096
0.4,0.5,0.2,0.1,0.67637485,49925,0.047067637996520924
0.3,0.9,0.3,0.1,0.6763937,49925,0.044662515724077506
0.2,0.9,0.1,0.7,0.67640036,49925,0.038597813372387206
0.8,0.7,0.2,0.3,0.6764891,49925,0.045899483564724945
0.9,0.9,0.2,0.6,0.6765409,49925,0.044648296263944086
0.8,0.9,0.3,0.3,0.6766245,49925,0.046378415006880606
0.7,0.5,0.1,0.3,0.6766776,49925,0.044746508338158214
0.4,0.8,0.2,0.5,0.6766858,49925,0.04346877841456385
0.4,0.6,0.1,0.6,0.6766937,49925,0.04230608702553416
0.3,0.9,0.2,0.5,0.6766938,49925,0.04214247368802102
0.2,0.7,0.2,0.1,0.6767174,49925,0.04367092174622955
0.6,0.8,0.3,0.2,0.6767588,49925,0.04667527944084379
0.6,0.8,0.2,0.5,0.6768977,49925,0.04456138490098016
0.5,0.8,0.2,0.5,0.67689884,49925,0.04414871478900464
0.5,0.8,0.3,0.2,0.67699635,49925,0.04629676384860653
0.9,0.6,0.1,0.4,0.6770353,49925,0.044257148134560435
0.3,0.6,0.2,0.2,0.6770982,49925,0.04517639100660743
0.3,0.6,0.1,0.6,0.67712873,49925,0.04138181138058237
0.5,0.4,0.1,0.2,0.6771403,49925,0.045423186453393855
0.5,0.6,0.2,0.2,0.6772084,49925,0.04631071086304002
0.6,0.7,0.1,0.7,0.67730355,49925,0.04274178237502325
0.2,0.3,0.1,0.1,0.677316,49925,0.04594302053831445
0.6,0.9,0.3,0.3,0.677316,49925,0.04594302053831444
0.4,0.6,0.2,0.2,0.677316,49925,0.04594302053831445
0.6,0.6,0.1,0.5,0.6773288,49925,0.043727419664004535
0.3,0.7,0.2,0.3,0.67733926,49925,0.04402221700509644
0.2,0.8,0.2,0.1,0.6775199,49925,0.04296017746234712
0.8,0.8,0.1,0.8,0.6775568,49925,0.04287911528313533
0.9,0.6,0.2,0.1,0.6776337,49925,0.04665072458836869
0.5,0.9,0.3,0.3,0.67766136,49925,0.04549344105364739
0.2,0.9,0.2,0.1,0.67768526,49925,0.04224229053138035
0.4,0.5,0.1,0.4,0.677696,49925,0.04371318666272539
0.7,0.9,0.3,0.3,0.6777597,49925,0.04623301752942303
0.4,0.9,0.2,0.6,0.6777822,49925,0.04272858469956055
0.8,0.7,0.1,0.6,0.67779166,49925,0.04360056303198534
0.6,0.8,0.1,0.9,0.6778897,49925,0.04185069826702238
0.9,0.8,0.2,0.4,0.67796606,49925,0.04545983195540639
0.8,0.9,0.2,0.6,0.6780403,49925,0.04450934073017706
0.7,0.7,0.2,0.3,0.67806965,49925,0.045876623142142234
0.2,0.8,0.1,0.6,0.6781614,49925,0.03934128982128233
0.3,0.5,0.1,0.4,0.6782052,49925,0.04301758638886052
0.3,0.7,0.1,0.7,0.67823875,49925,0.04064213506931695
0.9,0.8,0.3,0.1,0.6783116,49925,0.04739668632050562
0.6,0.7,0.2,0.3,0.678319,49925,0.045754439124693194
0.3,0.9,0.1,0.9,0.67843634,49925,0.03938820437852478
0.7,0.9,0.2,0.6,0.67847633,49925,0.04431540543422271
0.2,0.7,0.1,0.5,0.6785063,49925,0.040229258678360254
0.9,0.4,0.1,0.1,0.67855036,49925,0.04460770784250122
0.5,0.9,0.2,0.6,0.6785623,49925,0.04347990901268742
0.4,0.7,0.2,0.3,0.6786658,49925,0.04493555988827894
0.3,0.8,0.1,0.8,0.6787255,49925,0.03997438302188947
0.8,0.6,0.2,0.1,0.67878866,49925,0.04686739171592848
0.9,0.9,0.1,0.9,0.6788867,49925,0.04278431722831653
0.8,0.6,0.1,0.4,0.6789168,49925,0.04435277720467111
0.3,0.9,0.2,0.4,0.6789479,49925,0.042665943090550676
0.7,0.8,0.1,0.8,0.67901593,49925,0.04265895681026531
0.4,0.9,0.3,0.2,0.6790412,49925,0.04529489290125786
0.4,0.4,0.1,0.2,0.67905205,49925,0.04542274017462995
0.8,0.8,0.2,0.4,0.67905205,49925,0.04542274017462995
0.6,0.9,0.2,0.6,0.67909837,49925,0.043988281928771
0.2,0.9,0.1,0.6,0.6791471,49925,0.03905935844640892
0.4,0.8,0.1,0.9,0.6791706,49925,0.04059365872554886
0.5,0.6,0.1,0.5,0.6792471,49925,0.043458084686987405
0.7,0.7,0.1,0.6,0.6792498,49925,0.043486765821487375
0.6,0.5,0.1,0.3,0.6793523,49925,0.04480907757808734
0.9,0.8,0.1,0.7,0.6793874,49925,0.04339803557275818
0.5,0.7,0.2,0.3,0.67943007,49925,0.045478540645013915
0.5,0.8,0.1,0.9,0.67945814,49925,0.04134531345185566
0.5,0.7,0.1,0.7,0.6795269,49925,0.042332459186349626
0.4,0.7,0.1,0.7,0.67960536,49925,0.04168615600360631
0.4,0.8,0.3,0.1,0.6796839,49925,0.04629924212687737
0.7,0.8,0.3,0.1,0.6797004,49925,0.04741763944198281
0.7,0.8,0.2,0.4,0.679807,49925,0.04531697347601177
0.9,0.7,0.1,0.5,0.6798197,49925,0.04404682196050198
0.3,0.8,0.2,0.3,0.679864,49925,0.04361163223688448
0.8,0.4,0.1,0.1,0.6798677,49925,0.045073748481092794
0.9,0.9,0.2,0.5,0.6799066,49925,0.04506377542590296
0.8,0.9,0.1,0.9,0.6800653,49925,0.0425911929827934
0.4,0.8,0.2,0.4,0.6801239,49925,0.044057308006246666
0.2,0.4,0.1,0.2,0.6801239,49925,0.044057308006246666
0.3,0.6,0.1,0.5,0.6802043,49925,0.042062479677981934
0.9,0.7,0.2,0.2,0.6802474,49925,0.046288740760230644
0.5,0.8,0.3,0.1,0.6803066,49925,0.04690447529658177
0.2,0.6,0.1,0.4,0.68036085,49925,0.04127220196274988
0.8,0.8,0.3,0.1,0.68039846,49925,0.04743083299257651
0.2,0.5,0.1,0.3,0.68044,49925,0.0425207640897142
0.3,0.4,0.1,0.2,0.6805264,49925,0.04510455816572231
0.6,0.8,0.2,0.4,0.6805264,49925,0.04510455816572231
0.5,0.5,0.1,0.3,0.680565,49925,0.0447592129576461
0.4,0.9,0.2,0.5,0.6805851,49925,0.0432446800784842
0.9,0.9,0.3,0.2,0.68062586,49925,0.046892139888713665
0.6,0.7,0.1,0.6,0.6806597,49925,0.04326350441087558
0.6,0.8,0.3,0.1,0.68068105,49925,0.047265079504075394
0.5,0.9,0.3,0.2,0.6807622,49925,0.0460161270505335
0.9,0.5,0.1,0.2,0.6807974,49925,0.044758622879673284
0.7,0.6,0.1,0.4,0.68083966,49925,0.0443942005541362
0.8,0.9,0.3,0.2,0.6808924,49925,0.046835626705964854
0.4,0.6,0.1,0.5,0.68090034,49925,0.04297624681047114
0.5,0.8,0.2,0.4,0.68102086,49925,0.04470655121557967
0.3,0.9,0.1,0.8,0.68103564,49925,0.0398451076369722
0.8,0.8,0.1,0.7,0.6810975,49925,0.04329530962251373
0.3,0.7,0.1,0.6,0.6811354,49925,0.04125756327608559
0.3,0.7,0.2,0.2,0.68122417,49925,0.044706202536962454
0.6,0.8,0.1,0.8,0.6812296,49925,0.04231555993338815
0.8,0.9,0.2,0.5,0.68130916,49925,0.04495622365645877
0.4,0.8,0.1,0.8,0.68141633,49925,0.041089589525918395
0.6,0.9,0.3,0.2,0.68144184,49925,0.046473746942932555
0.5,0.8,0.1,0.8,0.6814566,49925,0.041832805663876524
0.7,0.6,0.2,0.1,0.6814778,49925,0.04703672506711465
0.8,0.7,0.2,0.2,0.68149734,49925,0.04639830511442745
0.7,0.4,0.1,0.1,0.6815586,49925,0.04552834986705594
0.7,0.9,0.1,0.9,0.681618,49925,0.0422961152177679
0.4,0.5,0.1,0.3,0.68168616,49925,0.04449018028232526
0.7,0.9,0.2,0.5,0.6817484,49925,0.044776030686426896
0.4,0.9,0.3,0.1,0.6817532,49925,0.045841924686096235
0.2,0.8,0.1,0.5,0.68184656,49925,0.039870072731213436
0.7,0.9,0.3,0.2,0.6818881,49925,0.04672004454331034
0.3,0.8,0.1,0.7,0.6819134,49925,0.040508900057968984
0.8,0.5,0.1,0.2,0.6819764,49925,0.04505530092758011
0.8,0.7,0.1,0.5,0.682127,49925,0.04406118380901014
0.7,0.7,0.2,0.2,0.6821624,49925,0.046444328255584734
0.3,0.9,0.2,0.3,0.6821634,49925,0.04320268509430274
0.5,0.9,0.2,0.5,0.6822481,49925,0.04396929826860757
0.6,0.9,0.2,0.5,0.68225205,49925,0.04446391490638255
0.5,0.6,0.2,0.1,0.6822624,49925,0.047050438257685796
0.7,0.8,0.1,0.7,0.68226266,49925,0.043099148388724494
0.6,0.6,0.1,0.4,0.68234897,49925,0.0443291289238135
0.9,0.8,0.2,0.3,0.68264365,49925,0.045907408183125824
0.3,0.6,0.2,0.1,0.68266684,49925,0.04599026715539426
0.2,0.7,0.1,0.4,0.682757,49925,0.040861471174165206
0.5,0.7,0.1,0.6,0.6828189,49925,0.04289094256720588
0.9,0.9,0.1,0.8,0.68286043,49925,0.04314672095440335
0.6,0.7,0.2,0.2,0.6829347,49925,0.046352305420472154
0.4,0.7,0.1,0.6,0.68302655,49925,0.04227398152799695
0.4,0.9,0.1,0.9,0.68302816,49925,0.04055283408457675
0.8,0.9,0.1,0.8,0.6832042,49925,0.042969995250695496
0.6,0.6,0.2,0.1,0.68328935,49925,0.047105671057599136
0.2,0.9,0.1,0.5,0.6832931,49925,0.03950992539148086
0.5,0.6,0.1,0.4,0.6833002,49925,0.04409137295432413
0.6,0.4,0.1,0.1,0.6833054,49925,0.045939549504302
0.6,0.8,0.1,0.7,0.68338966,49925,0.04278955727494507
0.3,0.5,0.1,0.3,0.6833932,49925,0.04388309907860752
0.7,0.8,0.2,0.3,0.6835228,49925,0.04582421105514346
0.4,0.6,0.2,0.1,0.6835415,49925,0.04672693723063811
0.9,0.8,0.1,0.6,0.6835575,49925,0.04380499984570204
0.9,0.6,0.1,0.3,0.6836062,49925,0.04469713021878921
0.8,0.8,0.2,0.3,0.6836359,49925,0.04590739254398807
0.4,0.8,0.2,0.3,0.68366784,49925,0.04464511229575508
0.5,0.9,0.1,0.9,0.68368936,49925,0.041350251380977365
0.4,0.7,0.2,0.2,0.683722,49925,0.04560945889867969
0.6,0.9,0.1,0.9,0.683755,49925,0.04190282972992731
0.7,0.7,0.1,0.5,0.68376315,49925,0.04398273133566408
0.3,0.8,0.2,0.2,0.68387353,49925,0.04422241628502958
0.4,0.9,0.2,0.4,0.6839097,49925,0.043769073365934226
0.3,0.9,0.1,0.7,0.68410873,49925,0.040313814622703566
0.5,0.7,0.2,0.2,0.68430835,49925,0.04612261248394883
0.5,0.8,0.2,0.3,0.68434596,49925,0.045269729941415704
0.2,0.6,0.1,0.3,0.6844022,49925,0.04203616273443126
0.7,0.9,0.1,0.8,0.6844046,49925,0.04272778026975312
0.9,0.9,0.2,0.4,0.6845033,49925,0.04549539023446597
0.4,0.8,0.1,0.7,0.6846002,49925,0.04159010334016091
0.5,0.8,0.1,0.7,0.6846061,49925,0.04232048291220859
0.6,0.8,0.2,0.3,0.68473285,49925,0.045636943974769015
0.3,0.6,0.1,0.4,0.68475884,49925,0.04278120933068747
0.6,0.7,0.1,0.5,0.68477625,49925,0.043790021481078405
0.8,0.9,0.2,0.4,0.6847979,49925,0.04540764741107036
0.5,0.9,0.3,0.1,0.6848178,49925,0.046558180116844344
0.7,0.9,0.3,0.1,0.68482566,49925,0.04722600736338507
0.7,0.9,0.2,0.4,0.6848697,49925,0.04523640903137686
0.4,0.6,0.1,0.4,0.6849878,49925,0.04364984312826862
0.7,0.5,0.1,0.2,0.68506664,49925,0.04530556522141925
0.6,0.9,0.3,0.1,0.6851293,49925,0.04699000503854434
0.8,0.8,0.1,0.6,0.6852425,49925,0.04372056746981815
0.5,0.4,0.1,0.1,0.6852564,49925,0.0462586402948895
0.9,0.7,0.2,0.1,0.6852579,49925,0.046790487267936415
0.9,0.9,0.3,0.1,0.68533635,49925,0.04734516147400188
0.3,0.7,0.1,0.5,0.68533707,49925,0.04188342195184628
0.5,0.9,0.2,0.4,0.6855074,49925,0.04448876428015309
0.2,0.8,0.1,0.4,0.6856104,49925,0.04042516503103328
0.9,0.9,0.1,0.7,0.6856332,49925,0.04351191566242059
0.6,0.9,0.2,0.4,0.6857049,49925,0.044953357472982174
0.8,0.9,0.3,0.1,0.68573993,49925,0.047318200407763966
0.3,0.9,0.2,0.2,0.6858093,49925,0.04371646454552806
0.7,0.8,0.1,0.6,0.6858206,49925,0.0435631322480439
0.3,0.8,0.1,0.6,0.6858332,49925,0.041047446389386406
0.3,0.7,0.2,0.1,0.6858816,49925,0.04541284418109261
0.4,0.9,0.1,0.8,0.685972,49925,0.040996443971205
0.9,0.8,0.2,0.2,0.68602014,49925,0.04631903232830043
0.9,0.7,0.1,0.4,0.6860236,49925,0.044492586373860825
0.8,0.6,0.1,0.3,0.6861109,49925,0.044834461974514614
0.2,0.9,0.1,0.4,0.68631923,49925,0.03996335838567493
0.2,0.5,0.1,0.2,0.68637323,49925,0.04346953907663063
0.5,0.9,0.1,0.8,0.686451,49925,0.04178617034179136
0.2,0.7,0.1,0.3,0.6864626,49925,0.04148883327425149
0.6,0.5,0.1,0.2,0.6864662,49925,0.04548906383502217
0.6,0.9,0.1,0.8,0.68647355,49925,0.042339943079961716
0.7,0.6,0.1,0.3,0.6865406,49925,0.04492679626247503
0.6,0.8,0.1,0.6,0.68658686,49925,0.04326569546268419
0.8,0.7,0.1,0.4,0.6868475,49925,0.044526528524781686
0.5,0.7,0.1,0.5,0.68685454,49925,0.04344022795361745
0.8,0.7,0.2,0.1,0.6868593,49925,0.046899111267071504
0.4,0.9,0.2,0.3,0.6869753,49925,0.044305262871566234
0.8,0.9,0.1,0.7,0.687029,49925,0.04337618642662097
0.4,0.8,0.1,0.6,0.6871751,49925,0.04212013517576264
0.4,0.7,0.1,0.5,0.6871957,49925,0.04284961259203502
0.3,0.9,0.1,0.6,0.68721956,49925,0.040797498026582314
0.9,0.8,0.1,0.5,0.6873239,49925,0.04421828552827126
0.2,0.4,0.1,0.1,0.6874335,49925,0.04521852690438648
0.4,0.8,0.2,0.2,0.6874335,49925,0.04521852690438648
0.8,0.8,0.2,0.2,0.6875456,49925,0.04637885834987809
0.4,0.4,0.1,0.1,0.6875456,49925,0.04637885834987809
0.7,0.9,0.1,0.7,0.68764293,49925,0.04312798358719075
0.6,0.6,0.1,0.3,0.6877319,49925,0.04491245483626337
0.4,0.9,0.1,0.7,0.68800545,49925,0.04145357118004399
0.7,0.7,0.2,0.1,0.6880243,49925,0.04697838037569289
0.7,0.7,0.1,0.4,0.6881047,49925,0.044482959198324123
0.5,0.5,0.1,0.2,0.688346,49925,0.0454982649150564
0.7,0.8,0.2,0.2,0.6884017,49925,0.04633719281936152
0.5,0.8,0.1,0.6,0.6885087,49925,0.042806017914633177
0.9,0.9,0.2,0.3,0.6886176,49925,0.04589634247444185
0.3,0.8,0.1,0.5,0.6886899,49925,0.04159477143487187
0.5,0.9,0.2,0.3,0.68870956,49925,0.04499046713534331
0.3,0.8,0.2,0.1,0.6887384,49925,0.04481656221974028
0.2,0.8,0.1,0.3,0.68877083,49925,0.04094883271410639
0.8,0.8,0.1,0.5,0.68877184,49925,0.04413152070188139
0.6,0.8,0.2,0.2,0.6889609,49925,0.04617820073509283
0.3,0.4,0.1,0.1,0.6889609,49925,0.04617820073509283
0.5,0.7,0.2,0.1,0.6890186,49925,0.04677258514301232
0.4,0.5,0.1,0.2,0.68927175,49925,0.04532233128274701
0.7,0.9,0.2,0.3,0.6893499,49925,0.04568827681822651
0.8,0.9,0.2,0.3,0.6894131,49925,0.04584869678769244
0.3,0.7,0.1,0.4,0.68943053,49925,0.04248146846298233
0.5,0.9,0.1,0.7,0.6894337,49925,0.04222747094351468
0.6,0.7,0.2,0.1,0.6894893,49925,0.046953088402120154
0.4,0.7,0.2,0.1,0.6895192,49925,0.04631519255339897
0.6,0.9,0.1,0.7,0.6895861,49925,0.0427462672944802
0.9,0.9,0.1,0.6,0.6896109,49925,0.043882728838246274
0.6,0.9,0.2,0.3,0.689615,49925,0.04542943894594407
0.2,0.6,0.1,0.2,0.68966985,49925,0.04279643648365738
0.6,0.7,0.1,0.4,0.6897134,49925,0.04433561742772145
0.5,0.6,0.1,0.3,0.68973684,49925,0.04476081322820164
0.3,0.9,0.2,0.1,0.6897864,49925,0.04419127994977445
0.3,0.6,0.1,0.3,0.68986267,49925,0.043521121995679014
0.5,0.8,0.2,0.2,0.6899914,49925,0.04583626650942847
0.2,0.9,0.1,0.3,0.68999195,49925,0.04040343876146306
0.3,0.5,0.1,0.2,0.69000965,49925,0.04476076063155153
0.7,0.8,0.1,0.5,0.69019777,49925,0.04401635972481427
0.4,0.6,0.1,0.3,0.690301,49925,0.04435720711606496
0.4,0.7,0.1,0.4,0.69049644,49925,0.04344110643269848
0.3,0.9,0.1,0.5,0.69066584,49925,0.04127330310280882
0.8,0.9,0.1,0.6,0.6908263,49925,0.04377226709565178
0.5,0.7,0.1,0.4,0.69088453,49925,0.044022040835949044
0.9,0.5,0.1,0.1,0.69100136,49925,0.04517589781339187
0.6,0.8,0.1,0.5,0.6911278,49925,0.04376158460501328
0.4,0.9,0.1,0.6,0.69132847,49925,0.04191680219199449
0.9,0.6,0.1,0.2,0.69138134,49925,0.04509480384419708
0.4,0.9,0.2,0.2,0.691449,49925,0.0448286134005398
0.5,0.8,0.1,0.5,0.6916374,49925,0.04331212884637202
0.4,0.8,0.1,0.5,0.69174594,49925,0.04262096780278105
0.7,0.9,0.1,0.6,0.6919285,49925,0.04355425576537197
0.2,0.7,0.1,0.2,0.6921193,49925,0.04211954361158356
0.9,0.8,0.2,0.1,0.69233453,49925,0.04677095944107833
0.9,0.8,0.1,0.4,0.6923745,49925,0.04458824039950262
0.8,0.5,0.1,0.1,0.69257593,49925,0.04554087226247567
0.9,0.9,0.2,0.2,0.6927621,49925,0.04630600376566921
0.8,0.8,0.2,0.1,0.692804,49925,0.046836898488610744
0.9,0.7,0.1,0.3,0.69286686,49925,0.044889080119035044
0.5,0.9,0.1,0.6,0.6928955,49925,0.04266248045433647
0.4,0.8,0.2,0.1,0.69300395,49925,0.04583662983730303
0.8,0.7,0.1,0.3,0.6930555,49925,0.044967724016717114
0.6,0.9,0.1,0.6,0.69315624,49925,0.04318212866634895
0.3,0.8,0.1,0.4,0.6932299,49925,0.042135504893769785
0.7,0.8,0.2,0.1,0.6934456,49925,0.04684865246265964
0.8,0.9,0.2,0.2,0.69376445,49925,0.04629725513497513
0.8,0.6,0.1,0.2,0.69381106,49925,0.04531478324014316
0.2,0.8,0.1,0.2,0.693863,49925,0.041443163141514645
0.5,0.9,0.2,0.2,0.6939524,49925,0.04550274095084188
0.7,0.9,0.2,0.2,0.69396085,49925,0.0461584039209199
0.7,0.6,0.1,0.2,0.69397086,49925,0.04544983609486389
0.9,0.9,0.1,0.5,0.6940081,49925,0.044248960358205185
0.7,0.7,0.1,0.3,0.6940257,49925,0.04498361710233266
0.2,0.5,0.1,0.1,0.694094,49925,0.044395875638493856
0.7,0.5,0.1,0.1,0.6941528,49925,0.04586288960448241
0.8,0.8,0.1,0.4,0.6941624,49925,0.04457024120331262
0.6,0.8,0.2,0.1,0.6943241,49925,0.04672128537984576
0.3,0.7,0.1,0.3,0.6944256,49925,0.04311214847228056
0.2,0.9,0.1,0.2,0.6945232,49925,0.040789867364036454
0.6,0.9,0.2,0.2,0.69465244,49925,0.045921245127599056
0.4,0.9,0.1,0.5,0.69478166,49925,0.042381142619332624
0.5,0.8,0.2,0.1,0.6951814,49925,0.046407986548773775
0.6,0.5,0.1,0.1,0.6953467,49925,0.046101606721115414
0.8,0.9,0.1,0.5,0.6955802,49925,0.04414893666692795
0.7,0.9,0.1,0.5,0.6956449,49925,0.04397323172350091
0.7,0.8,0.1,0.4,0.6956929,49925,0.04446385540592135
0.4,0.8,0.1,0.4,0.6957119,49925,0.04316588226105306
0.4,0.9,0.2,0.1,0.6958478,49925,0.04534209199826177
0.6,0.6,0.1,0.2,0.69610566,49925,0.045479402568570554
0.3,0.9,0.1,0.4,0.696112,49925,0.04175009020303373
0.5,0.7,0.1,0.3,0.69622505,49925,0.04459022032945003
0.6,0.8,0.1,0.4,0.6962394,49925,0.0442399190195538
0.3,0.6,0.1,0.2,0.6963374,49925,0.04425304790126457
0.6,0.9,0.1,0.5,0.6963787,49925,0.04363588573042255
0.6,0.7,0.1,0.3,0.69645226,49925,0.044877305375856415
0.5,0.8,0.1,0.4,0.6965589,49925,0.04383647525628928
0.4,0.7,0.1,0.3,0.6965759,49925,0.04405419200836916
0.5,0.9,0.1,0.5,0.6967334,49925,0.04314640056761083
0.5,0.6,0.1,0.2,0.69683266,49925,0.04539307343926142
0.4,0.6,0.1,0.2,0.6970334,49925,0.045024717444801035
0.5,0.5,0.1,0.1,0.6975715,49925,0.046241209283413576
0.2,0.6,0.1,0.1,0.69799495,49925,0.04353174889904989
0.3,0.8,0.1,0.3,0.6980664,49925,0.042677946805872856
0.9,0.9,0.2,0.1,0.69810945,49925,0.046702988986985106
0.4,0.5,0.1,0.1,0.69862485,49925,0.04614525531539299
0.8,0.9,0.2,0.1,0.6987919,49925,0.04672613580153173
0.9,0.9,0.1,0.4,0.69882584,49925,0.044622501178732496
0.5,0.9,0.2,0.1,0.69884783,49925,0.046009283889205395
0.3,0.5,0.1,0.1,0.698886,49925,0.04562860379478436
0.7,0.9,0.2,0.1,0.6990075,49925,0.04664297487584851
0.4,0.9,0.1,0.4,0.6991053,49925,0.04285416451384609
0.2,0.7,0.1,0.1,0.69938856,49925,0.04268151662429978
0.9,0.8,0.1,0.3,0.6996079,49925,0.044987882743350305
0.8,0.8,0.1,0.3,0.69991755,49925,0.04499399008617241
0.6,0.9,0.2,0.1,0.69995403,49925,0.04641578234796831
0.2,0.8,0.1,0.1,0.7000905,49925,0.041838881209174034
0.2,0.9,0.1,0.1,0.70029294,49925,0.0410787458787471
0.8,0.9,0.1,0.4,0.7003252,49925,0.04454071331284116
0.8,0.7,0.1,0.2,0.70033,49925,0.045381329670059346
0.9,0.7,0.1,0.2,0.70053047,49925,0.04523506098777758
0.4,0.8,0.1,0.3,0.7010831,49925,0.04372048777766365
0.9,0.6,0.1,0.1,0.70115316,49925,0.04549166468559218
0.3,0.9,0.1,0.3,0.7011801,49925,0.04223539878385275
0.3,0.7,0.1,0.2,0.70139587,49925,0.04375461197976627
0.5,0.9,0.1,0.4,0.70142305,49925,0.0435982014516406
0.6,0.9,0.1,0.4,0.70143783,49925,0.04408001699336682
0.7,0.9,0.1,0.4,0.7014698,49925,0.044374916824889026
0.7,0.7,0.1,0.2,0.70185,49925,0.04544090841249786
0.6,0.8,0.1,0.3,0.70197296,49925,0.04472311308306431
0.8,0.6,0.1,0.1,0.70197713,49925,0.04573045969211214
0.7,0.8,0.1,0.3,0.70223814,49925,0.04490334413603723
0.5,0.8,0.1,0.3,0.7022925,49925,0.04434116957926696
0.4,0.7,0.1,0.2,0.702914,49925,0.04464746959812091
0.6,0.7,0.1,0.2,0.7030236,49925,0.04538228759072983
0.5,0.7,0.1,0.2,0.70331895,49925,0.04513206178647034
0.7,0.6,0.1,0.1,0.7038907,49925,0.045931972853196654
0.3,0.8,0.1,0.2,0.70406234,49925,0.04318968402786583
0.3,0.6,0.1,0.1,0.7046848,49925,0.04502796770203708
0.4,0.9,0.1,0.3,0.7047424,49925,0.0433318510023152
0.6,0.6,0.1,0.1,0.7048811,49925,0.04605826938248998
0.4,0.6,0.1,0.1,0.70540345,49925,0.04570680041883062
0.9,0.9,0.1,0.3,0.7057532,49925,0.044984520490243325
0.5,0.6,0.1,0.1,0.7061126,49925,0.045990302553094414
0.8,0.9,0.1,0.3,0.7066066,49925,0.04490519398057433
0.5,0.9,0.1,0.3,0.70661336,49925,0.044060387820723586
0.3,0.9,0.1,0.2,0.70678794,49925,0.042651438637169324
0.4,0.8,0.1,0.2,0.706832,49925,0.044230543651508726
0.9,0.8,0.1,0.2,0.706872,49925,0.04529895752563767
0.6,0.9,0.1,0.3,0.70718324,49925,0.04450476086362878
0.8,0.8,0.1,0.2,0.7072777,49925,0.04537255526161804
0.7,0.9,0.1,0.3,0.70775515,49925,0.04477858369608545
0.3,0.7,0.1,0.1,0.70824265,49925,0.04435250798712859
0.7,0.8,0.1,0.2,0.7085015,49925,0.04531774360276089
0.5,0.8,0.1,0.2,0.7089695,49925,0.04481258091101956
0.9,0.7,0.1,0.1,0.70921,49925,0.04559002908478101
0.8,0.7,0.1,0.1,0.71034664,49925,0.04577418757973191
0.6,0.8,0.1,0.2,0.71048516,49925,0.04516300872896347
0.7,0.7,0.1,0.1,0.7108333,49925,0.045871568227989934
0.4,0.9,0.1,0.2,0.71135294,49925,0.043777579502228
0.3,0.8,0.1,0.1,0.7114011,49925,0.04371071251870828
0.4,0.7,0.1,0.1,0.7115166,49925,0.045231681975173306
0.6,0.7,0.1,0.1,0.7119679,49925,0.04585180671432362
0.9,0.9,0.1,0.2,0.7125924,49925,0.04527957303952013
0.5,0.9,0.1,0.2,0.71305,49925,0.04449320842896971
0.5,0.7,0.1,0.1,0.71307033,49925,0.045663747004992435
0.8,0.9,0.1,0.2,0.7137269,49925,0.0452601604092744
0.6,0.9,0.1,0.2,0.7139597,49925,0.04489103009860055
0.3,0.9,0.1,0.1,0.71445525,49925,0.043051248073676995
0.7,0.9,0.1,0.2,0.7151981,49925,0.04514132692823995
0.9,0.8,0.1,0.1,0.7159021,49925,0.045637256725384885
0.4,0.8,0.1,0.1,0.7162509,49925,0.04472589825065874
0.8,0.8,0.1,0.1,0.71630305,49925,0.045691625862236074
0.7,0.8,0.1,0.1,0.7171573,49925,0.045704402250976314
0.5,0.8,0.1,0.1,0.71729636,49925,0.04528438584336424
0.6,0.8,0.1,0.1,0.7180883,49925,0.04556126705327029
0.4,0.9,0.1,0.1,0.7185982,49925,0.04419800140489985
0.9,0.9,0.1,0.1,0.72093344,49925,0.04556547290277425
0.7,0.9,0.1,0.1,0.7218665,49925,0.045461495856844614
0.5,0.9,0.1,0.1,0.72193074,49925,0.04487645900209866
0.8,0.9,0.1,0.1,0.7220547,49925,0.04556858670978696
0.6,0.9,0.1,0.1,0.7236941,49925,0.04526665364606138
