w1,w2,w3,w4,score,n_selected,threshold
0.2,0.9,0.1,0.2,0.24540494,49925,0.03775479216044516
0.3,0.9,0.1,0.2,0.24596477,49925,0.03740942227652826
0.3,0.9,0.1,0.1,0.24607895,49925,0.03611668926160958
0.2,0.9,0.1,0.1,0.24622719,49925,0.036388991963805614
0.1,0.9,0.1,0.1,0.2463732,49925,0.03659737702940522
0.4,0.9,0.1,0.1,0.24642114,49925,0.035783515057915403
0.2,0.8,0.1,0.1,0.24644929,49925,0.03695794066595368
0.2,0.8,0.1,0.2,0.24645922,49925,0.03831055737344912
0.6,0.9,0.1,0.1,0.24650526,49925,0.035064464236381855
0.1,0.8,0.1,0.1,0.24660616,49925,0.03721523638626989
0.1,0.7,0.1,0.1,0.2466135,49925,0.03791994223048189
0.1,0.9,0.1,0.2,0.24663723,49925,0.03804042571286011
0.5,0.9,0.1,0.1,0.24664393,49925,0.03542677182159056
0.4,0.9,0.1,0.2,0.24670331,49925,0.03703324981421824
0.3,0.8,0.1,0.1,0.246809,49925,0.036617664673431416
0.3,0.8,0.1,0.2,0.24682298,49925,0.03789576948171109
0.7,0.9,0.1,0.1,0.24695274,49925,0.034688583323534805
0.2,0.7,0.1,0.1,0.24711576,49925,0.03756371750796879
0.1,0.6,0.1,0.1,0.24715565,49925,0.0386608931648459
0.4,0.8,0.1,0.1,0.24715655,49925,0.03621963516111858
0.1,0.8,0.1,0.2,0.24715741,49925,0.038674260035244365
0.2,0.9,0.1,0.3,0.24732684,49925,0.038681818629042714
0.8,0.9,0.1,0.1,0.2473894,49925,0.03432443622281732
0.5,0.9,0.1,0.2,0.24744198,49925,0.036643410623003636
0.6,0.9,0.1,0.2,0.24764174,49925,0.036267279042335294
0.2,0.6,0.1,0.1,0.24776018,49925,0.038206271097668415
0.2,0.9,0.2,0.1,0.24782205,49925,0.038981304661439974
0.3,0.9,0.1,0.3,0.24783924,49925,0.03832406047975737
0.3,0.7,0.1,0.1,0.24790773,49925,0.037154100524684264
0.1,0.9,0.1,0.3,0.24792123,49925,0.03895736097459718
0.6,0.8,0.1,0.1,0.2479317,49925,0.035383441468262194
0.5,0.8,0.1,0.1,0.24803379,49925,0.03581240941589055
0.1,0.7,0.1,0.2,0.24812084,49925,0.03931318412674614
0.2,0.7,0.1,0.2,0.24822593,49925,0.03889738071093646
0.4,0.7,0.1,0.1,0.24836522,49925,0.03666879024528809
0.9,0.9,0.1,0.1,0.24837041,49925,0.03396410080260053
0.1,0.5,0.1,0.1,0.2483848,49925,0.03950319593629283
0.3,0.9,0.2,0.1,0.24841224,49925,0.03864739592928035
0.4,0.8,0.1,0.2,0.24842721,49925,0.037474076346498915
0.7,0.8,0.1,0.1,0.24856734,49925,0.034971273804636174
0.4,0.9,0.1,0.3,0.24870685,49925,0.037955896072048606
0.1,0.9,0.2,0.1,0.24875732,49925,0.03923294851804236
0.7,0.9,0.1,0.2,0.24891573,49925,0.0358854059743393
0.3,0.7,0.1,0.2,0.2489762,49925,0.038405084797842506
0.2,0.8,0.1,0.3,0.24915716,49925,0.03918306188996867
0.5,0.8,0.1,0.2,0.2493799,49925,0.037038270206312625
0.8,0.8,0.1,0.1,0.2493817,49925,0.034559166101695106
0.5,0.9,0.1,0.3,0.24948739,49925,0.037566355138575265
0.3,0.8,0.1,0.3,0.24951126,49925,0.038771183065555964
0.5,0.7,0.1,0.1,0.24958031,49925,0.036202163629768934
0.2,0.9,0.2,0.2,0.24958193,49925,0.039960069549326724
0.8,0.9,0.1,0.2,0.24960068,49925,0.03551065114758942
0.4,0.9,0.2,0.1,0.24960983,49925,0.038325285685217134
0.3,0.6,0.1,0.1,0.249621,49925,0.03769381298885186
0.2,0.5,0.1,0.1,0.24962226,49925,0.03888865922100747
0.1,0.8,0.1,0.3,0.24962765,49925,0.03950634249711117
0.2,0.8,0.2,0.1,0.24973139,49925,0.03951309168969864
0.3,0.8,0.2,0.1,0.24994184,49925,0.0390851541944132
0.1,0.6,0.1,0.2,0.25002593,49925,0.039980859891989795
0.3,0.9,0.2,0.2,0.25010937,49925,0.0396202662823929
0.6,0.8,0.1,0.2,0.250154,49925,0.03658203225135356
0.9,0.9,0.1,0.2,0.25024495,49925,0.035133679106915616
0.1,0.9,0.2,0.2,0.25042653,49925,0.04021684233072967
0.2,0.9,0.1,0.4,0.25042868,49925,0.03929132673605579
0.1,0.8,0.2,0.1,0.25056314,49925,0.03983588144861715
0.5,0.9,0.2,0.1,0.25058734,49925,0.03796862105840583
0.4,0.7,0.1,0.2,0.2505914,49925,0.037891484184482745
0.1,0.9,0.1,0.4,0.250703,49925,0.0395387733679602
0.9,0.8,0.1,0.1,0.2507632,49925,0.034163804578516165
0.6,0.9,0.1,0.3,0.25080556,49925,0.03717445970605902
0.4,0.8,0.1,0.3,0.25082853,49925,0.038354024261341775
0.6,0.7,0.1,0.1,0.25089255,49925,0.03570954149350405
0.2,0.6,0.1,0.2,0.25097844,49925,0.03951907358169027
0.4,0.8,0.2,0.1,0.2509978,49925,0.038704850417956294
0.4,0.9,0.2,0.2,0.25117853,49925,0.03924898685541692
0.1,0.7,0.1,0.3,0.25119954,49925,0.04005336717153352
0.3,0.9,0.1,0.4,0.25124428,49925,0.03897411342673842
0.4,0.6,0.1,0.1,0.25128162,49925,0.03712324485071014
0.7,0.8,0.1,0.2,0.25137722,49925,0.036151530691167236
0.5,0.7,0.1,0.2,0.2515389,49925,0.0373897988762227
0.5,0.8,0.1,0.3,0.25157583,49925,0.03790354289690004
0.1,0.4,0.1,0.1,0.25179312,49925,0.040423007117712
0.2,0.8,0.2,0.2,0.25179312,49925,0.040423007117712
0.8,0.9,0.1,0.3,0.25186437,49925,0.036426823408141414
0.8,0.8,0.1,0.2,0.25187272,49925,0.0357188885716396
0.7,0.9,0.1,0.3,0.25195062,49925,0.036795228321069136
0.2,0.7,0.2,0.1,0.25198,49925,0.040061802979393046
0.7,0.7,0.1,0.1,0.25205442,49925,0.03522041597421073
0.3,0.6,0.1,0.2,0.25208923,49925,0.038919860832783294
0.2,0.7,0.1,0.3,0.25210223,49925,0.03969579511458212
0.3,0.8,0.2,0.2,0.25212422,49925,0.04001557221185451
0.5,0.9,0.1,0.4,0.2521938,49925,0.03823824534842623
0.2,0.9,0.2,0.3,0.25221866,49925,0.04063732932855035
0.1,0.9,0.2,0.3,0.25222814,49925,0.04089276958549516
0.4,0.9,0.1,0.4,0.25222948,49925,0.038602166895595695
0.5,0.9,0.2,0.2,0.2522395,49925,0.03887809338655745
0.6,0.7,0.1,0.2,0.25228798,49925,0.03689997572991276
0.3,0.5,0.1,0.1,0.2523068,49925,0.038222319454410354
0.1,0.8,0.2,0.2,0.25238478,49925,0.04074244958475396
0.6,0.9,0.1,0.4,0.25240254,49925,0.03784984455119125
0.3,0.7,0.2,0.1,0.25244153,49925,0.0395648630007053
0.6,0.9,0.2,0.1,0.25249127,49925,0.03759516182028851
0.3,0.9,0.2,0.3,0.25256234,49925,0.040293120081510245
0.5,0.8,0.2,0.1,0.25261393,49925,0.038297536545578395
0.1,0.8,0.1,0.4,0.25261417,49925,0.03998909386803146
0.5,0.6,0.1,0.1,0.2526284,49925,0.03654468113801486
0.3,0.7,0.1,0.3,0.25265074,49925,0.03921350858738556
0.6,0.8,0.1,0.3,0.2527628,49925,0.037468032895718824
0.4,0.7,0.1,0.3,0.25276694,49925,0.038743901977197244
0.1,0.7,0.2,0.1,0.25282273,49925,0.04047204901465884
0.8,0.7,0.1,0.1,0.25290355,49925,0.03476460267010021
0.2,0.8,0.1,0.4,0.2529361,49925,0.03972890741325358
0.4,0.7,0.2,0.1,0.25299686,49925,0.03909824444509555
0.9,0.9,0.1,0.3,0.25300783,49925,0.03605440068725726
0.1,0.5,0.1,0.2,0.25306994,49925,0.04069684050263436
0.9,0.8,0.1,0.2,0.253102,49925,0.0353035481497111
0.4,0.8,0.2,0.2,0.25317982,49925,0.039612339002775866
0.2,0.4,0.1,0.1,0.25317982,49925,0.039612339002775866
0.4,0.6,0.1,0.2,0.25319934,49925,0.0383219942112065
0.3,0.8,0.1,0.4,0.25326747,49925,0.03934932570381225
0.4,0.8,0.1,0.4,0.25342113,49925,0.03894764293189617
0.6,0.9,0.2,0.2,0.25345623,49925,0.038490497070823124
0.4,0.9,0.2,0.3,0.25348544,49925,0.039919258307960594
0.1,0.9,0.1,0.5,0.253507,49925,0.0399246395842106
0.3,0.9,0.1,0.5,0.25351954,49925,0.03938840961941236
0.9,0.7,0.1,0.1,0.2536093,49925,0.034326157418577134
0.7,0.9,0.1,0.4,0.25366175,49925,0.03748994114750857
0.6,0.8,0.2,0.1,0.2538409,49925,0.037870875124154074
0.7,0.9,0.2,0.1,0.2538618,49925,0.03724921701557068
0.2,0.5,0.1,0.2,0.25386688,49925,0.040097897644299434
0.7,0.8,0.1,0.3,0.25387287,49925,0.037061924639352255
0.6,0.6,0.1,0.1,0.25403905,49925,0.03597658239713835
0.7,0.7,0.1,0.2,0.25404614,49925,0.03641042227638064
0.2,0.9,0.1,0.5,0.25405517,49925,0.03967433924824378
0.5,0.7,0.1,0.3,0.25409317,49925,0.038232611367053894
0.4,0.5,0.1,0.1,0.25409913,49925,0.037559785274913444
0.2,0.8,0.2,0.3,0.25421834,49925,0.04105107848621042
0.4,0.9,0.1,0.5,0.2542454,49925,0.0390791064322197
0.5,0.8,0.1,0.4,0.2542483,49925,0.03854758418450255
0.2,0.7,0.2,0.2,0.25432098,49925,0.040912434317440315
0.5,0.8,0.2,0.2,0.2543468,49925,0.03919522398601955
0.8,0.9,0.1,0.4,0.25437456,49925,0.03712852627574788
0.1,0.8,0.2,0.3,0.2544446,49925,0.0413447829280522
0.5,0.7,0.2,0.1,0.25473946,49925,0.0386204278518746
0.8,0.8,0.1,0.3,0.2547782,49925,0.036645565624974945
0.7,0.6,0.1,0.1,0.2547977,49925,0.035447384250861066
0.5,0.9,0.1,0.5,0.25489324,49925,0.038718219397263026
0.5,0.9,0.2,0.3,0.25489694,49925,0.039537095426785906
0.7,0.9,0.2,0.2,0.25494093,49925,0.038132768377188916
0.1,0.6,0.1,0.3,0.2549559,49925,0.04062441260542779
0.1,0.7,0.2,0.2,0.2549588,49925,0.04131528178254789
0.5,0.6,0.1,0.2,0.25496486,49925,0.037759801720832244
0.9,0.9,0.1,0.4,0.2550726,49925,0.036790526844250666
0.3,0.6,0.1,0.3,0.25510177,49925,0.03967270437618875
0.7,0.8,0.2,0.1,0.25510508,49925,0.03746555861595478
0.3,0.7,0.2,0.2,0.25513256,49925,0.040445645848152086
0.8,0.7,0.1,0.2,0.25513545,49925,0.03593484504215557
0.8,0.9,0.2,0.1,0.25515422,49925,0.03689415541064688
0.4,0.9,0.3,0.1,0.25518742,49925,0.03992959663203712
0.2,0.9,0.2,0.4,0.2551885,49925,0.041049223004741134
0.3,0.9,0.3,0.1,0.25520644,49925,0.040313882199110515
0.3,0.8,0.2,0.3,0.25523344,49925,0.040677909391223864
0.3,0.9,0.2,0.4,0.25527906,49925,0.04075943285200121
0.2,0.7,0.1,0.4,0.25531724,49925,0.040143645174770544
0.1,0.9,0.2,0.4,0.25534558,49925,0.041302159222760995
0.2,0.6,0.2,0.1,0.2553582,49925,0.04067016554238867
0.5,0.9,0.3,0.1,0.25535876,49925,0.03954763827082439
0.6,0.7,0.1,0.3,0.25536558,49925,0.03776419037273832
0.3,0.4,0.1,0.1,0.2553708,49925,0.038769004074685066
0.6,0.8,0.2,0.2,0.2553708,49925,0.038769004074685066
0.6,0.9,0.1,0.5,0.2554085,49925,0.0383645529903573
0.2,0.6,0.1,0.3,0.25545555,49925,0.04020329797844367
0.9,0.8,0.1,0.3,0.25546366,49925,0.03623300503689798
0.2,0.8,0.1,0.5,0.25548294,49925,0.040039740179970446
0.6,0.8,0.1,0.4,0.25550926,49925,0.03813154989751975
0.3,0.7,0.1,0.4,0.25551572,49925,0.039732256814984386
0.3,0.8,0.1,0.5,0.25557372,49925,0.03972542786785005
0.3,0.9,0.3,0.2,0.2555755,49925,0.04097143126474882
0.2,0.9,0.3,0.1,0.2556732,49925,0.04066441416980414
0.9,0.7,0.1,0.2,0.25580898,49925,0.03551179178065559
0.3,0.6,0.2,0.1,0.2558191,49925,0.040091732083418305
0.4,0.9,0.2,0.4,0.25583804,49925,0.04041435461534348
0.1,0.7,0.1,0.4,0.25586465,49925,0.04045337864207619
0.3,0.5,0.1,0.2,0.2558956,49925,0.039453451391652336
0.3,0.9,0.1,0.6,0.25591934,49925,0.039684486214113905
0.6,0.9,0.2,0.3,0.25595942,49925,0.03918765456328192
0.6,0.9,0.3,0.1,0.25599983,49925,0.03915486446958285
0.8,0.6,0.1,0.1,0.25603086,49925,0.03493849065850656
0.1,0.9,0.3,0.1,0.25604925,49925,0.040946010518020916
0.2,0.9,0.1,0.6,0.2560514,49925,0.03991498392384103
0.5,0.5,0.1,0.1,0.25605217,49925,0.03687605959421506
0.8,0.9,0.2,0.2,0.25606084,49925,0.037758746256439796
0.4,0.7,0.2,0.2,0.25606927,49925,0.039989822518197715
0.6,0.6,0.1,0.2,0.2561464,49925,0.03719742204637786
0.1,0.8,0.1,0.5,0.25620523,49925,0.04027841340522193
0.9,0.9,0.2,0.1,0.25622317,49925,0.03655228655066935
0.7,0.8,0.1,0.4,0.25629178,49925,0.03771411259457156
0.7,0.9,0.1,0.5,0.25631282,49925,0.03801805863279545
0.1,0.6,0.2,0.1,0.25632042,49925,0.04117015717527565
0.2,0.9,0.3,0.2,0.2563466,49925,0.04130458077766207
0.6,0.7,0.2,0.1,0.25636607,49925,0.03814024209184678
0.4,0.7,0.1,0.4,0.25645396,49925,0.03929311533156125
0.1,0.9,0.1,0.6,0.25647217,49925,0.040107180764844784
0.4,0.8,0.1,0.5,0.2565593,49925,0.03936437637627629
0.4,0.9,0.1,0.6,0.25659144,49925,0.039390362881857224
0.7,0.8,0.2,0.2,0.25663674,49925,0.038355762330300816
0.7,0.7,0.1,0.3,0.25664654,49925,0.037287706122289634
0.4,0.8,0.2,0.3,0.25666854,49925,0.04024749227265976
0.5,0.7,0.2,0.2,0.2566809,49925,0.03951147239761712
0.1,0.9,0.3,0.2,0.25668487,49925,0.041609761490408376
0.4,0.9,0.3,0.2,0.25671253,49925,0.04060872532327747
0.2,0.7,0.2,0.3,0.25671884,49925,0.04147691450622806
0.9,0.6,0.1,0.1,0.25672102,49925,0.034463781870962544
0.8,0.8,0.2,0.1,0.2567406,49925,0.03707321818033419
0.1,0.7,0.2,0.3,0.25678578,49925,0.04178187257089045
0.7,0.9,0.2,0.3,0.25695574,49925,0.03879577363756149
0.7,0.6,0.1,0.2,0.25697574,49925,0.03664899451830389
0.5,0.9,0.2,0.4,0.25701752,49925,0.04005749515996503
0.9,0.9,0.2,0.2,0.25703973,49925,0.03740055771859836
0.7,0.9,0.3,0.1,0.2570924,49925,0.03876488020449989
0.4,0.6,0.2,0.1,0.25716037,49925,0.0395250570116071
0.4,0.6,0.1,0.3,0.25719544,49925,0.03912924319879946
0.1,0.4,0.1,0.2,0.25720698,49925,0.04141743692481962
0.2,0.8,0.2,0.4,0.25720698,49925,0.04141743692481962
0.5,0.9,0.3,0.2,0.25721046,49925,0.04023164375400911
0.8,0.8,0.1,0.4,0.25725758,49925,0.037323989898552935
0.8,0.9,0.1,0.5,0.25726217,49925,0.03765740775035319
0.5,0.9,0.1,0.6,0.2572983,49925,0.03907328767938719
0.5,0.8,0.2,0.3,0.257307,49925,0.03985146458014881
0.1,0.6,0.2,0.2,0.25746876,49925,0.041913391150534655
0.1,0.8,0.2,0.4,0.25749412,49925,0.04168129507843688
0.5,0.8,0.1,0.5,0.25752318,49925,0.03897632734882501
0.1,0.9,0.3,0.3,0.25759366,49925,0.042038291009585095
0.7,0.7,0.2,0.1,0.25759384,49925,0.037678034692956885
0.8,0.9,0.2,0.3,0.2576479,49925,0.038425604574258226
0.6,0.5,0.1,0.1,0.25771058,49925,0.0362562684439354
0.3,0.9,0.2,0.5,0.25780794,49925,0.04105205977584863
0.4,0.5,0.1,0.2,0.25781646,49925,0.03875579424845048
0.2,0.9,0.3,0.3,0.25785136,49925,0.04177648755142469
0.2,0.9,0.2,0.5,0.2578686,49925,0.041325476051908366
0.8,0.7,0.1,0.3,0.25787902,49925,0.03683584723163925
0.5,0.7,0.1,0.4,0.25792497,49925,0.03882506907901856
0.3,0.6,0.2,0.2,0.25792903,49925,0.04088866140760363
0.9,0.8,0.2,0.1,0.25793368,49925,0.03668553482009516
0.3,0.7,0.2,0.3,0.25799787,49925,0.041044309021688284
0.6,0.9,0.3,0.2,0.25800407,49925,0.03983221406682317
0.5,0.9,0.3,0.3,0.25804213,49925,0.04070627011158602
0.9,0.9,0.1,0.5,0.25806507,49925,0.0373188418806984
0.9,0.8,0.1,0.4,0.25808632,49925,0.03692748299962983
0.8,0.9,0.3,0.1,0.25810704,49925,0.03839274253255771
0.7,0.9,0.3,0.2,0.25815684,49925,0.039460235683920986
0.3,0.8,0.1,0.6,0.25818202,49925,0.03995365204943783
0.3,0.8,0.3,0.1,0.2582043,49925,0.040742127425868094
0.4,0.4,0.1,0.1,0.2582059,49925,0.037952194818162206
0.8,0.8,0.2,0.2,0.2582059,49925,0.037952194818162206
0.3,0.8,0.2,0.4,0.25825515,49925,0.04108394353997731
0.2,0.6,0.2,0.2,0.2583001,49925,0.04146037070683823
0.3,0.9,0.3,0.3,0.2583001,49925,0.04146037070683822
0.1,0.3,0.1,0.1,0.2583001,49925,0.04146037070683823
0.5,0.6,0.2,0.1,0.25833654,49925,0.038943567951882786
0.4,0.9,0.3,0.3,0.2584088,49925,0.041090415743021594
0.2,0.8,0.3,0.1,0.25847536,49925,0.04113471822334418
0.2,0.6,0.1,0.4,0.25848657,49925,0.040585327315304065
0.2,0.7,0.1,0.5,0.25849906,49925,0.04038628084114691
0.1,0.9,0.2,0.5,0.25856885,49925,0.04153523611645068
0.8,0.6,0.1,0.2,0.25857744,49925,0.036143750699209026
0.9,0.9,0.3,0.1,0.2585811,49925,0.038028046184370036
0.4,0.8,0.3,0.1,0.25859475,49925,0.04031037411469255
0.1,0.5,0.1,0.3,0.25859594,49925,0.041181290583563554
0.6,0.7,0.2,0.2,0.25860992,49925,0.03902960266646708
0.5,0.6,0.1,0.3,0.25862372,49925,0.038562610582117976
0.4,0.9,0.2,0.5,0.25865138,49925,0.04071953897719909
0.7,0.5,0.1,0.1,0.2586849,49925,0.0356466745465655
0.6,0.9,0.2,0.4,0.25868633,49925,0.03969474717234966
0.6,0.9,0.1,0.6,0.2587374,49925,0.038726676905870006
0.2,0.8,0.1,0.6,0.25877088,49925,0.04021188903965963
0.2,0.9,0.1,0.7,0.25878996,49925,0.040056035705285396
0.9,0.7,0.1,0.3,0.25880623,49925,0.03639128672932557
0.3,0.9,0.1,0.7,0.2588265,49925,0.03987359184129016
0.1,0.7,0.1,0.5,0.25883785,49925,0.040642480133266136
0.5,0.8,0.3,0.1,0.25885725,49925,0.03988487263738996
0.2,0.4,0.1,0.2,0.25886068,49925,0.040701979899777085
0.4,0.8,0.2,0.4,0.25886068,49925,0.040701979899777085
0.1,0.6,0.1,0.4,0.2588958,49925,0.04089751792196364
0.6,0.8,0.2,0.3,0.2589119,49925,0.03944530893069401
0.8,0.7,0.2,0.1,0.25893706,49925,0.03721941688669471
0.6,0.8,0.1,0.5,0.2589587,49925,0.03859518843377543
0.9,0.9,0.2,0.3,0.25898683,49925,0.03805510757438123
0.4,0.7,0.2,0.3,0.25901592,49925,0.040568766537096915
0.3,0.8,0.3,0.2,0.25905827,49925,0.0413686343097035
0.2,0.8,0.3,0.2,0.25906548,49925,0.04175281209888036
0.1,0.8,0.3,0.1,0.2591669,49925,0.04148878835892937
0.6,0.8,0.3,0.1,0.25919425,49925,0.03946268029632403
0.1,0.8,0.1,0.6,0.25920445,49925,0.04041852571114788
0.2,0.3,0.1,0.1,0.25921193,49925,0.040336618775525
0.6,0.9,0.3,0.3,0.25921193,49925,0.040336618775524996
0.4,0.6,0.2,0.2,0.25921193,49925,0.040336618775525
0.1,0.9,0.1,0.7,0.25935122,49925,0.04021891902812752
0.3,0.7,0.1,0.5,0.25935692,49925,0.04003706349547347
0.4,0.9,0.1,0.7,0.25935927,49925,0.03960801906313371
0.6,0.6,0.1,0.3,0.25940514,49925,0.03800889883222068
0.2,0.9,0.3,0.4,0.2594078,49925,0.042069407371817906
0.5,0.5,0.1,0.2,0.25942513,49925,0.038093656720459
0.2,0.5,0.1,0.3,0.2594283,49925,0.04071319665443643
0.7,0.8,0.1,0.5,0.25948602,49925,0.03819684078950449
0.3,0.9,0.3,0.4,0.2595078,49925,0.041779632996646665
0.9,0.8,0.2,0.2,0.25953853,49925,0.03755049525915389
0.4,0.8,0.3,0.2,0.25954992,49925,0.04093632301246714
0.4,0.8,0.1,0.6,0.2595935,49925,0.03961737521245288
0.8,0.9,0.3,0.2,0.25962907,49925,0.039067631926230736
0.7,0.9,0.1,0.6,0.25965014,49925,0.038391883922209706
0.3,0.6,0.1,0.4,0.25965154,49925,0.040090872373419004
0.6,0.7,0.1,0.4,0.25966555,49925,0.038362623357736145
0.9,0.6,0.1,0.2,0.25967237,49925,0.035636425473591894
0.1,0.8,0.3,0.2,0.25975963,49925,0.042064868406084324
0.7,0.7,0.1,0.4,0.2598086,49925,0.037914389057701656
0.7,0.8,0.3,0.1,0.25981942,49925,0.03902281426119954
0.6,0.6,0.2,0.1,0.2598383,49925,0.03839940848219947
0.1,0.5,0.2,0.1,0.2598683,49925,0.041907858128961195
0.5,0.8,0.2,0.4,0.25988045,49925,0.04029684548879544
0.1,0.9,0.3,0.4,0.25996917,49925,0.04231842351029184
0.7,0.9,0.3,0.3,0.25997806,49925,0.03995282250864028
0.7,0.8,0.2,0.3,0.2599822,49925,0.03900408205828464
0.7,0.9,0.2,0.4,0.26007986,49925,0.03931145568863681
0.4,0.7,0.1,0.5,0.26018885,49925,0.03962999418651208
0.3,0.5,0.1,0.3,0.2602369,49925,0.04007829060275476
0.8,0.5,0.1,0.1,0.2602382,49925,0.03506794772951482
0.8,0.8,0.1,0.5,0.26024,49925,0.03780762577561891
0.9,0.7,0.2,0.1,0.26029128,49925,0.03677755615335368
0.5,0.8,0.3,0.2,0.26029587,49925,0.04051497804883365
0.2,0.7,0.2,0.4,0.26029864,49925,0.04177786555547828
0.5,0.7,0.2,0.3,0.26033187,49925,0.04010401760370207
0.8,0.9,0.1,0.6,0.26035807,49925,0.03806881544442434
0.2,0.8,0.3,0.3,0.2603668,49925,0.0421638760974422
0.5,0.7,0.1,0.5,0.2603747,49925,0.03920349529027219
0.2,0.5,0.2,0.1,0.26039624,49925,0.041284465636214504
0.7,0.7,0.2,0.2,0.26046267,49925,0.03854474727112505
0.5,0.9,0.2,0.5,0.2604981,49925,0.040360349045901835
0.5,0.9,0.1,0.7,0.26049894,49925,0.03929966277570271
0.4,0.9,0.3,0.4,0.2605108,49925,0.041445476618325976
0.2,0.9,0.2,0.6,0.26061344,49925,0.0414776760036809
0.2,0.6,0.2,0.3,0.2606276,49925,0.041889844248301604
0.7,0.6,0.1,0.3,0.2606286,49925,0.03748344355888534
0.3,0.9,0.2,0.6,0.26067922,49925,0.041223825473395995
0.1,0.6,0.2,0.3,0.26069528,49925,0.04230228518742936
0.4,0.6,0.1,0.4,0.26070854,49925,0.039592650648191695
0.1,0.8,0.3,0.3,0.26071793,49925,0.04247897828157305
0.8,0.7,0.1,0.4,0.26073587,49925,0.037464115270711064
0.5,0.6,0.2,0.2,0.2607574,49925,0.039766645641925606
0.1,0.7,0.2,0.4,0.26076174,49925,0.04208261500055138
0.9,0.9,0.3,0.2,0.2607817,49925,0.038705663898819166
0.9,0.9,0.1,0.6,0.2608096,49925,0.037743540441084945
0.1,0.8,0.2,0.5,0.2608139,49925,0.04187789913754093
0.5,0.8,0.1,0.6,0.2608311,49925,0.039269376821244734
0.6,0.9,0.2,0.5,0.26083267,49925,0.04000909747608217
0.2,0.8,0.2,0.5,0.26084164,49925,0.041639027156046934
0.5,0.9,0.3,0.4,0.26084465,49925,0.04106936640043235
0.6,0.9,0.1,0.7,0.26091775,49925,0.03898749291650983
0.3,0.8,0.3,0.3,0.260953,49925,0.04180500939755228
0.8,0.8,0.3,0.1,0.26096636,49925,0.038577487263490876
0.7,0.6,0.2,0.1,0.2610151,49925,0.0378619117765831
0.6,0.5,0.1,0.2,0.2610406,49925,0.0374341310640984
0.3,0.8,0.2,0.5,0.2610678,49925,0.041318618383914534
0.8,0.9,0.2,0.4,0.26107225,49925,0.03892766060366456
0.6,0.8,0.3,0.2,0.26107255,49925,0.04008092552851046
0.2,0.8,0.1,0.7,0.26109535,49925,0.04028611660710232
0.3,0.5,0.2,0.1,0.26110128,49925,0.040596198229566165
0.1,0.9,0.2,0.6,0.261113,49925,0.041670570591244224
0.6,0.9,0.3,0.4,0.26116338,49925,0.04071938965905445
0.6,0.8,0.2,0.4,0.26119328,49925,0.03989307782562192
0.3,0.4,0.1,0.2,0.26119328,49925,0.03989307782562192
0.8,0.9,0.3,0.3,0.26120487,49925,0.03958607802124397
0.8,0.8,0.2,0.3,0.26120555,49925,0.038591346157042655
0.4,0.8,0.3,0.3,0.2612239,49925,0.041405076736479314
0.5,0.4,0.1,0.1,0.26127744,49925,0.03715425221350077
0.9,0.8,0.1,0.5,0.26132235,49925,0.03743348219765711
0.2,0.9,0.1,0.8,0.2613495,49925,0.04015407202281227
0.2,0.7,0.1,0.6,0.2614897,49925,0.04048536578892239
0.3,0.7,0.2,0.4,0.26153004,49925,0.04139757260230623
0.5,0.8,0.3,0.3,0.26159835,49925,0.04095957341040614
0.6,0.8,0.1,0.6,0.26159912,49925,0.038903882364735694
0.6,0.7,0.2,0.3,0.2616428,49925,0.039645627101259136
0.9,0.5,0.1,0.1,0.26166,49925,0.034547720045943434
0.3,0.9,0.1,0.8,0.2616737,49925,0.0399646094185876
0.9,0.9,0.2,0.4,0.26167908,49925,0.03856965871187656
0.8,0.7,0.2,0.2,0.26172692,49925,0.03809368848990452
0.7,0.9,0.2,0.5,0.26174703,49925,0.03965894425825278
0.2,0.6,0.1,0.5,0.26183,49925,0.04071127814421487
0.3,0.9,0.3,0.5,0.26189488,49925,0.04197525566135262
0.8,0.6,0.1,0.3,0.26190662,49925,0.03697092684676294
0.3,0.8,0.1,0.7,0.26192722,49925,0.04007456131656397
0.5,0.6,0.1,0.4,0.26194546,49925,0.03907827482375552
0.9,0.8,0.3,0.1,0.26194707,49925,0.03816603561356351
0.4,0.7,0.3,0.1,0.26196396,49925,0.040695125770692675
0.4,0.9,0.2,0.6,0.26197815,49925,0.040928869826854286
0.1,0.9,0.1,0.8,0.26198465,49925,0.04025671146802309
0.4,0.5,0.1,0.3,0.2620082,49925,0.03944963252357449
0.7,0.8,0.3,0.2,0.26202232,49925,0.03965899899033931
0.9,0.7,0.1,0.4,0.26202595,49925,0.037041755007504035
0.3,0.7,0.1,0.6,0.26211768,49925,0.040185569395809875
0.1,0.7,0.1,0.6,0.26212,49925,0.04069465300485477
0.7,0.9,0.1,0.7,0.26212505,49925,0.03867729996214697
0.3,0.6,0.2,0.3,0.2621297,49925,0.041391927506365535
0.3,0.7,0.3,0.1,0.26215383,49925,0.04115694491503356
0.6,0.7,0.1,0.5,0.26215538,49925,0.038781990486835616
0.2,0.7,0.3,0.2,0.26221466,49925,0.0421925877653992
0.4,0.8,0.2,0.5,0.26221567,49925,0.04096575849433515
0.2,0.7,0.3,0.1,0.26222044,49925,0.04164964935610152
0.2,0.9,0.3,0.5,0.2622286,49925,0.0422505909515748
0.4,0.9,0.1,0.8,0.26224616,49925,0.03971656106064649
0.1,0.6,0.1,0.5,0.26230535,49925,0.04098867296562892
0.9,0.8,0.2,0.3,0.2623156,49925,0.038194025530571406
0.6,0.8,0.3,0.3,0.26238635,49925,0.040550105217889904
0.1,0.5,0.2,0.2,0.26240095,49925,0.04252121829731624
0.7,0.8,0.2,0.4,0.26241493,49925,0.03948084625550718
0.4,0.5,0.2,0.1,0.26243085,49925,0.03990698224470263
0.1,0.9,0.3,0.5,0.26243225,49925,0.042479159261799834
0.1,0.8,0.1,0.7,0.26243758,49925,0.040456134487781695
0.7,0.9,0.3,0.4,0.26246375,49925,0.04034871423672555
0.7,0.5,0.1,0.2,0.26246828,49925,0.03681661133756856
0.5,0.9,0.2,0.6,0.26248235,49925,0.040604903856857215
0.5,0.9,0.4,0.1,0.2625034,49925,0.04072645061874722
0.3,0.7,0.3,0.2,0.26257274,49925,0.04175058599908137
0.4,0.8,0.1,0.7,0.2625826,49925,0.03977619812133274
0.2,0.5,0.2,0.2,0.26259768,49925,0.041963274554393755
0.4,0.7,0.2,0.4,0.26261234,49925,0.040937676069117315
0.8,0.9,0.2,0.5,0.26261333,49925,0.03931224567933447
0.1,0.7,0.3,0.1,0.26268184,49925,0.04202255010407751
0.5,0.9,0.1,0.8,0.262732,49925,0.03945416649130499
0.8,0.6,0.2,0.1,0.26275128,49925,0.03733486588210884
0.5,0.7,0.3,0.1,0.26278257,49925,0.04019907403438089
0.4,0.9,0.4,0.1,0.26280177,49925,0.04107307414734097
0.7,0.8,0.1,0.6,0.262833,49925,0.03855789583046538
0.2,0.9,0.4,0.2,0.26294178,49925,0.04224237481659861
0.7,0.7,0.2,0.3,0.26297283,49925,0.039173633017254114
0.3,0.9,0.4,0.2,0.26297814,49925,0.0419487606536077
0.1,0.8,0.3,0.4,0.26298773,49925,0.042646710313424256
0.1,0.5,0.1,0.4,0.26299438,49925,0.04133277102576036
0.9,0.9,0.3,0.3,0.26299495,49925,0.039214254038444314
0.6,0.6,0.2,0.2,0.26299495,49925,0.039214254038444314
0.3,0.3,0.1,0.1,0.26299495,49925,0.039214254038444314
0.6,0.9,0.4,0.1,0.26303053,49925,0.04035240246035172
0.8,0.9,0.1,0.7,0.2630463,49925,0.038371546469352244
0.2,0.8,0.3,0.4,0.26304725,49925,0.0424026593706728
0.1,0.7,0.3,0.2,0.26312318,49925,0.04255867098676431
0.2,0.5,0.1,0.4,0.2631687,49925,0.040944613953418314
0.4,0.6,0.2,0.3,0.2631799,49925,0.04086201413636946
0.3,0.9,0.4,0.1,0.26321298,49925,0.041456865019338096
0.4,0.7,0.1,0.6,0.2632238,49925,0.03981949123857809
0.5,0.8,0.1,0.7,0.26324382,49925,0.03944476075650056
0.4,0.7,0.3,0.2,0.26326367,49925,0.04125753784653761
0.2,0.9,0.4,0.1,0.2632729,49925,0.041820658773463006
0.3,0.5,0.2,0.2,0.2632752,49925,0.04131207691530225
0.6,0.6,0.1,0.4,0.2632879,49925,0.038547850507372604
0.1,0.9,0.4,0.1,0.2632985,49925,0.04208032447765478
0.8,0.8,0.3,0.2,0.26331884,49925,0.0392332614595689
0.4,0.9,0.3,0.5,0.2633225,49925,0.04166402734689802
0.5,0.8,0.2,0.5,0.26332703,49925,0.040571876022403336
0.9,0.6,0.1,0.3,0.26334295,49925,0.03648518945896034
0.1,0.9,0.2,0.7,0.26334882,49925,0.04170059226323386
0.4,0.9,0.4,0.2,0.26336795,49925,0.041589928276678394
0.5,0.9,0.4,0.2,0.26337734,49925,0.04121002282551619
0.4,0.8,0.3,0.4,0.26340687,49925,0.04169073598724622
0.8,0.8,0.2,0.4,0.2634075,49925,0.039080961645838824
0.4,0.4,0.1,0.2,0.2634075,49925,0.039080961645838824
0.8,0.5,0.1,0.2,0.263419,49925,0.03624563112582815
0.7,0.7,0.1,0.5,0.26342818,49925,0.038357504741597645
0.3,0.8,0.3,0.4,0.2634428,49925,0.04206082715280241
0.1,0.9,0.4,0.2,0.26344302,49925,0.04252813472141377
0.3,0.6,0.1,0.5,0.26345,49925,0.040306024557655834
0.7,0.8,0.3,0.3,0.2634815,49925,0.04013256156945081
0.3,0.9,0.2,0.7,0.26349312,49925,0.04131881837690105
0.9,0.7,0.2,0.2,0.26349562,49925,0.03763678306711589
0.6,0.4,0.1,0.1,0.26351193,49925,0.036393834235136355
0.3,0.9,0.4,0.3,0.2635666,49925,0.04228842840655502
0.5,0.9,0.3,0.5,0.26364896,49925,0.041337568150564774
0.6,0.9,0.2,0.6,0.2636497,49925,0.04025682565357811
0.6,0.9,0.1,0.8,0.26370484,49925,0.03915909154161535
0.8,0.8,0.1,0.6,0.2637643,49925,0.03819008817276582
0.2,0.7,0.3,0.3,0.26378512,49925,0.04253827472928797
0.5,0.7,0.2,0.4,0.26378644,49925,0.04051383430724353
0.5,0.5,0.2,0.1,0.26381224,49925,0.03923040715462383
0.3,0.7,0.3,0.3,0.26383647,49925,0.04211524237514142
0.5,0.5,0.1,0.3,0.26383927,49925,0.03882576828390484
0.3,0.9,0.1,0.9,0.26389807,49925,0.039986568650404467
0.9,0.6,0.2,0.1,0.2639358,49925,0.036833764655770804
0.9,0.9,0.2,0.5,0.26394278,49925,0.03895185253347815
0.7,0.9,0.4,0.1,0.26401776,49925,0.03996984688381367
0.6,0.7,0.3,0.1,0.2640292,49925,0.03969494965631409
0.5,0.7,0.3,0.2,0.26405558,49925,0.04076808309800648
0.9,0.9,0.1,0.7,0.26406926,49925,0.038047169339735835
0.2,0.9,0.2,0.7,0.26410264,49925,0.041519019852230964
0.5,0.8,0.3,0.4,0.26412982,49925,0.04127895787841147
0.1,0.4,0.1,0.3,0.26414075,49925,0.041718349622250656
0.2,0.8,0.2,0.6,0.26414075,49925,0.041718349622250656
0.1,0.8,0.2,0.6,0.2641435,49925,0.041918217486556594
0.6,0.9,0.4,0.2,0.26423904,49925,0.04082867887437197
0.5,0.9,0.4,0.3,0.26424187,49925,0.041578676279618254
0.3,0.8,0.2,0.6,0.26425335,49925,0.041463703144618246
0.1,0.9,0.1,0.9,0.26427415,49925,0.040230240567602
0.7,0.6,0.1,0.4,0.2642811,49925,0.03805656412512709
0.3,0.9,0.4,0.4,0.26431137,49925,0.042540348626333026
0.4,0.9,0.1,0.9,0.26432076,49925,0.03977369494566988
0.9,0.8,0.1,0.6,0.26433563,49925,0.037824835347642395
0.2,0.7,0.2,0.5,0.26435125,49925,0.041906533436596914
0.4,0.9,0.2,0.7,0.26435435,49925,0.041051738209587504
0.2,0.9,0.4,0.3,0.2643758,49925,0.04258741580181203
0.6,0.8,0.2,0.5,0.2643986,49925,0.04019510438759218
0.1,0.9,0.4,0.3,0.26442227,49925,0.04286863714281993
0.8,0.9,0.3,0.4,0.26443362,49925,0.039997468222224955
0.7,0.9,0.2,0.6,0.26447845,49925,0.03991359428081286
0.6,0.5,0.1,0.3,0.26448748,49925,0.038190346511486985
0.9,0.8,0.3,0.2,0.2644917,49925,0.03882049499362081
0.8,0.7,0.2,0.3,0.26449656,49925,0.03872828328739388
0.4,0.5,0.2,0.2,0.26450366,49925,0.04062114602591988
0.5,0.7,0.1,0.6,0.264528,49925,0.039446936652824824
0.4,0.6,0.1,0.5,0.26453456,49925,0.039859535009635925
0.4,0.9,0.4,0.3,0.2645407,49925,0.04194998968019678
0.8,0.7,0.1,0.5,0.26456782,49925,0.03793213952158408
0.3,0.8,0.1,0.8,0.26459193,49925,0.04010501498263012
0.7,0.6,0.2,0.2,0.2645927,49925,0.03869078078407617
0.8,0.9,0.4,0.1,0.26467156,49925,0.039564967525290304
0.9,0.8,0.2,0.4,0.26468027,49925,0.0386923942790923
0.1,0.7,0.2,0.5,0.26471922,49925,0.04218379142481381
0.6,0.8,0.1,0.7,0.26472202,49925,0.039119985342863865
0.7,0.9,0.1,0.8,0.2647333,49925,0.038872966644945384
0.5,0.6,0.2,0.3,0.26473883,49925,0.04034059842522247
0.7,0.7,0.3,0.1,0.26476505,49925,0.03921047104036341
0.6,0.7,0.2,0.4,0.26477078,49925,0.04007331703521378
0.7,0.9,0.4,0.2,0.2647887,49925,0.04045421880828027
0.6,0.7,0.3,0.2,0.26478904,49925,0.0403000479106202
0.9,0.9,0.3,0.4,0.26479095,49925,0.03963553116209173
0.1,0.7,0.3,0.3,0.26488632,49925,0.042882285270137155
0.2,0.6,0.2,0.4,0.26494986,49925,0.04210304683094356
0.1,0.3,0.1,0.2,0.26494986,49925,0.04210304683094356
0.3,0.9,0.3,0.6,0.26494986,49925,0.042103046830943555
0.2,0.9,0.1,0.9,0.26496753,49925,0.04013822560446593
0.2,0.9,0.3,0.6,0.2650061,49925,0.04233480028735915
0.4,0.8,0.2,0.6,0.2650266,49925,0.041133867727036776
0.2,0.4,0.1,0.3,0.2650266,49925,0.041133867727036776
0.6,0.9,0.3,0.5,0.26505506,49925,0.04099214025860557
0.4,0.9,0.4,0.4,0.26507258,49925,0.042198096234785716
0.4,0.7,0.3,0.3,0.26516244,49925,0.04166096619097823
0.8,0.8,0.3,0.3,0.26519102,49925,0.03973309577080906
0.9,0.9,0.4,0.1,0.26519257,49925,0.03919330666628463
0.2,0.8,0.1,0.8,0.26519397,49925,0.040296422094043174
0.1,0.6,0.2,0.4,0.26520237,49925,0.04243560752692833
0.1,0.8,0.1,0.8,0.26524907,49925,0.040422121224745575
0.3,0.5,0.1,0.4,0.26527435,49925,0.040404588117695525
0.4,0.8,0.1,0.8,0.2652744,49925,0.03983780528513307
0.5,0.9,0.2,0.7,0.26528338,49925,0.04073880995592907
0.8,0.6,0.1,0.4,0.2652978,49925,0.03757404735953922
0.9,0.7,0.1,0.5,0.2653,49925,0.03752255833763018
0.2,0.9,0.4,0.4,0.2653035,49925,0.042815885438119816
0.6,0.5,0.2,0.1,0.26533237,49925,0.03857657184111495
0.6,0.8,0.3,0.4,0.26534742,49925,0.04090316242934716
0.1,0.9,0.3,0.6,0.26536074,49925,0.0425336205584403
0.7,0.8,0.2,0.5,0.26541293,49925,0.03981407192429929
0.1,0.8,0.3,0.5,0.26542544,49925,0.0427513377588801
0.7,0.4,0.1,0.1,0.26545113,49925,0.035717604639527334
0.3,0.7,0.1,0.7,0.26545352,49925,0.04022373416090365
0.8,0.9,0.2,0.6,0.26547554,49925,0.03957408729284644
0.7,0.9,0.3,0.5,0.26549646,49925,0.04064606308802837
0.5,0.9,0.1,0.9,0.26551718,49925,0.039531276334332226
0.9,0.7,0.2,0.3,0.2655173,49925,0.03829489343764637
0.2,0.9,0.2,0.8,0.26553646,49925,0.04151681119472407
0.3,0.7,0.2,0.5,0.2655414,49925,0.04159919014303379
0.4,0.9,0.3,0.6,0.26554635,49925,0.0418151668533598
0.1,0.9,0.2,0.8,0.26554865,49925,0.0416177194888938
0.9,0.5,0.1,0.2,0.26556885,49925,0.03570531903230774
0.5,0.4,0.1,0.2,0.26557037,49925,0.03832712553410003
0.8,0.7,0.3,0.1,0.26558575,49925,0.03874728110270012
0.2,0.7,0.1,0.7,0.2656264,49925,0.04047169367629963
0.8,0.9,0.4,0.2,0.26566246,49925,0.040078332243989774
0.4,0.3,0.1,0.1,0.26569515,49925,0.038197541307013146
0.8,0.6,0.2,0.2,0.26569515,49925,0.038197541307013146
0.4,0.8,0.4,0.1,0.26571226,49925,0.041416703537954756
0.6,0.9,0.4,0.3,0.26572382,49925,0.04120188954241818
0.1,0.7,0.1,0.7,0.26576108,49925,0.0406553174264477
0.3,0.9,0.2,0.8,0.2658047,49925,0.04131857107629544
0.5,0.7,0.3,0.3,0.26582998,49925,0.04120258028232527
0.5,0.6,0.1,0.5,0.26583043,49925,0.039387516771371756
0.9,0.7,0.3,0.1,0.2658358,49925,0.03830198031063639
0.7,0.9,0.4,0.3,0.26587796,49925,0.040818699455904085
0.3,0.6,0.3,0.1,0.2658859,49925,0.041585440600280514
0.1,0.6,0.1,0.6,0.26589227,49925,0.04092613550658959
0.1,0.9,0.4,0.4,0.2659023,49925,0.04304709410628978
0.6,0.7,0.1,0.6,0.2659258,49925,0.039030436561807755
0.7,0.5,0.1,0.3,0.2659454,49925,0.037612133530335934
0.3,0.8,0.3,0.5,0.26598528,49925,0.0422292651181184
0.5,0.9,0.4,0.4,0.26600602,49925,0.04184512921930825
0.4,0.7,0.2,0.5,0.26603928,49925,0.04119463427672126
0.2,0.8,0.3,0.5,0.26604325,49925,0.042519733905462404
0.8,0.9,0.3,0.5,0.2660506,49925,0.04031292816197692
0.8,0.9,0.1,0.8,0.26610556,49925,0.03857113822414555
0.3,0.6,0.2,0.4,0.26610613,49925,0.04167200008137451
0.2,0.8,0.4,0.1,0.26611143,49925,0.04219292813297004
0.2,0.6,0.3,0.1,0.2661243,49925,0.0421240423104078
0.1,0.6,0.3,0.1,0.2661461,49925,0.042548762800254825
0.7,0.5,0.2,0.1,0.2661639,49925,0.03796432856321705
0.9,0.9,0.4,0.2,0.2661663,49925,0.03971870648290345
0.6,0.6,0.2,0.3,0.26618356,49925,0.03982039883083629
0.9,0.8,0.3,0.3,0.26619053,49925,0.0393405450340979
0.7,0.8,0.1,0.7,0.2662001,49925,0.038781004907919775
0.9,0.6,0.1,0.4,0.2662134,49925,0.03711487952665307
0.4,0.9,0.2,0.8,0.26626423,49925,0.041083266817513564
0.4,0.7,0.1,0.7,0.26628098,49925,0.03991152794921148
0.3,0.8,0.4,0.1,0.26628923,49925,0.041822502878111255
0.9,0.9,0.2,0.6,0.26632398,49925,0.03923695150922259
0.6,0.9,0.4,0.4,0.266352,49925,0.041486418162680026
0.2,0.5,0.2,0.3,0.2663591,49925,0.04228827144055732
0.7,0.8,0.3,0.4,0.26636183,49925,0.04050780917183301
0.4,0.8,0.3,0.5,0.2663775,49925,0.04188491931921015
0.1,0.5,0.2,0.3,0.26638404,49925,0.042755927785273984
0.5,0.8,0.2,0.6,0.26638618,49925,0.04076685315507923
0.7,0.7,0.3,0.2,0.2663999,49925,0.03982735994593444
0.5,0.8,0.1,0.8,0.26640177,49925,0.039564584582492957
0.5,0.8,0.4,0.1,0.26641205,49925,0.04100747653310745
0.8,0.8,0.2,0.5,0.26641867,49925,0.03943118193819131
0.7,0.7,0.2,0.4,0.2664502,49925,0.03963272124287757
0.2,0.8,0.4,0.2,0.266456,49925,0.0426166838287949
0.1,0.4,0.2,0.1,0.266456,49925,0.0426166838287949
0.3,0.8,0.4,0.2,0.26646996,49925,0.04228931057068781
0.2,0.6,0.1,0.6,0.2664885,49925,0.04067774902577175
0.6,0.9,0.2,0.7,0.2664916,49925,0.04042312702694787
0.1,0.8,0.4,0.2,0.26649874,49925,0.042907881565352024
0.5,0.9,0.3,0.6,0.26653028,49925,0.04151433402108725
0.5,0.5,0.2,0.2,0.26653403,49925,0.039995882528624176
0.4,0.8,0.4,0.2,0.26654997,49925,0.0418785434108377
0.2,0.4,0.2,0.1,0.26654997,49925,0.0418785434108377
0.1,0.8,0.2,0.7,0.26655942,49925,0.04186721702233666
0.1,0.8,0.4,0.1,0.26658547,49925,0.042512873980960215
0.4,0.5,0.1,0.4,0.26659906,49925,0.03982192329593838
0.1,0.6,0.3,0.2,0.26661253,49925,0.043035309862575755
0.2,0.6,0.3,0.2,0.26663336,49925,0.04261445179832679
0.6,0.9,0.1,0.9,0.26667005,49925,0.03927000343549345
0.6,0.7,0.3,0.3,0.26668072,49925,0.04072213732288859
0.3,0.8,0.2,0.7,0.2666821,49925,0.04148955763257765
0.8,0.7,0.3,0.2,0.26678476,49925,0.039376633784363034
0.8,0.9,0.4,0.3,0.26682726,49925,0.040451581144137674
0.9,0.9,0.1,0.8,0.26683018,49925,0.038282720286984824
0.7,0.9,0.2,0.7,0.26684,49925,0.04009902525052023
0.2,0.7,0.3,0.4,0.26684102,49925,0.04269015051038159
0.6,0.8,0.4,0.1,0.26687914,49925,0.040578845081773555
0.2,0.8,0.2,0.7,0.26693574,49925,0.04171790457942144
0.8,0.5,0.1,0.3,0.26695246,49925,0.03704355648573116
0.4,0.6,0.3,0.1,0.2669543,49925,0.041031425857612894
0.8,0.8,0.1,0.7,0.2669694,49925,0.03845441876119388
0.6,0.9,0.3,0.6,0.26698136,49925,0.041170584174531864
0.4,0.6,0.2,0.4,0.26698136,49925,0.041170584174531864
0.2,0.3,0.1,0.2,0.26698136,49925,0.041170584174531864
0.3,0.7,0.3,0.4,0.26703203,49925,0.042344016082632656
0.1,0.7,0.3,0.4,0.26704094,49925,0.042977825962925084
0.1,0.8,0.4,0.3,0.26715326,49925,0.04320819790450804
0.3,0.8,0.4,0.3,0.26716596,49925,0.04257192497324997
0.1,0.5,0.1,0.5,0.26719302,49925,0.04125553624471748
0.9,0.8,0.2,0.5,0.26719913,49925,0.03904092590858184
0.8,0.4,0.1,0.1,0.26720998,49925,0.035103551029035486
0.3,0.9,0.4,0.5,0.26722705,49925,0.042645948632261656
0.5,0.8,0.4,0.2,0.26722804,49925,0.04144641895823526
0.9,0.9,0.4,0.3,0.26727977,49925,0.04010051515695758
0.7,0.9,0.1,0.9,0.26728114,49925,0.03900903951656842
0.1,0.9,0.4,0.5,0.26733145,49925,0.04309112681923048
0.3,0.8,0.1,0.9,0.26735026,49925,0.040071132959772174
0.2,0.9,0.4,0.5,0.26735085,49925,0.04292880837764914
0.9,0.9,0.3,0.5,0.2673589,49925,0.039979226970218766
0.7,0.7,0.1,0.6,0.26735988,49925,0.038664759590037755
0.3,0.6,0.1,0.6,0.2674467,49925,0.04036677588039391
0.3,0.4,0.1,0.3,0.26746452,49925,0.0404207084728054
0.6,0.8,0.2,0.6,0.26746452,49925,0.0404207084728054
0.5,0.5,0.1,0.4,0.26748025,49925,0.03925743450247824
0.3,0.5,0.2,0.3,0.2674908,49925,0.041695412473026
0.2,0.8,0.4,0.3,0.26749158,49925,0.04291210656832786
0.5,0.8,0.3,0.5,0.26750866,49925,0.04149783596889857
0.5,0.7,0.2,0.5,0.26750988,49925,0.04077945589952431
0.9,0.6,0.2,0.2,0.267516,49925,0.03771106701007942
0.8,0.5,0.2,0.1,0.2675382,49925,0.03737371536957465
0.4,0.9,0.4,0.5,0.26753858,49925,0.0423587859427913
0.7,0.9,0.4,0.4,0.26756233,49925,0.04113652495610324
0.8,0.7,0.2,0.4,0.26758623,49925,0.03918955496048354
0.3,0.6,0.3,0.2,0.2675935,49925,0.04210615746441449
0.9,0.8,0.1,0.7,0.2676162,49925,0.03813012242501955
0.6,0.4,0.1,0.2,0.2676217,49925,0.03755334549655583
0.5,0.7,0.1,0.7,0.2676273,49925,0.03957991926132893
0.8,0.8,0.3,0.4,0.26764017,49925,0.040123923185344613
0.2,0.9,0.2,0.9,0.26764682,49925,0.04145477870519295
0.4,0.7,0.3,0.4,0.26764745,49925,0.041917321693758745
0.6,0.8,0.1,0.8,0.26765025,49925,0.03925687251575831
0.1,0.9,0.3,0.7,0.26766193,49925,0.04252188774988082
0.7,0.9,0.3,0.6,0.26768982,49925,0.040854287072117496
0.6,0.6,0.1,0.5,0.26771155,49925,0.038926070814069395
0.7,0.7,0.3,0.3,0.26775542,49925,0.04028265409696534
0.1,0.8,0.1,0.9,0.26779297,49925,0.04031221552533275
0.2,0.8,0.1,0.9,0.26781505,49925,0.04022651198994984
0.5,0.6,0.3,0.1,0.2678179,49925,0.04048208839410156
0.8,0.7,0.1,0.6,0.26783317,49925,0.03828506613484248
0.4,0.8,0.4,0.3,0.26786822,49925,0.042199388740025955
0.5,0.9,0.2,0.8,0.26787242,49925,0.04080661920350126
0.6,0.8,0.4,0.2,0.2679085,49925,0.04104230010350945
0.3,0.4,0.2,0.1,0.2679085,49925,0.04104230010350945
0.7,0.6,0.2,0.3,0.2679184,49925,0.039299338057383566
0.7,0.8,0.4,0.1,0.26792544,49925,0.04017603458982967
0.4,0.6,0.3,0.2,0.2679257,49925,0.04154764859536011
0.6,0.5,0.2,0.2,0.26793203,49925,0.03939227690743706
0.5,0.9,0.4,0.5,0.2679375,49925,0.04203664653444009
0.1,0.7,0.2,0.6,0.26794457,49925,0.04213810563782238
0.8,0.9,0.2,0.7,0.2679544,49925,0.03978515877625981
0.2,0.5,0.1,0.5,0.2680193,49925,0.04095355059837576
0.4,0.8,0.1,0.9,0.26802966,49925,0.03985555224322846
0.1,0.9,0.2,0.9,0.26805618,49925,0.041526099324650935
0.3,0.9,0.5,0.1,0.2680654,49925,0.04228471395087505
0.6,0.8,0.3,0.5,0.26813188,49925,0.04114417765374968
0.2,0.9,0.3,0.7,0.26813293,49925,0.042360360626113196
0.5,0.6,0.2,0.4,0.26815006,49925,0.0406778883417446
0.9,0.7,0.3,0.2,0.26815104,49925,0.03893356563240667
0.8,0.9,0.4,0.4,0.2681831,49925,0.040778496444499664
0.7,0.8,0.2,0.6,0.26818404,49925,0.040055892091240414
0.1,0.9,0.5,0.2,0.26818624,49925,0.04312862837649618
0.2,0.7,0.1,0.8,0.2682029,49925,0.040374305576937684
0.3,0.9,0.3,0.7,0.26821965,49925,0.042134173686604826
0.5,0.8,0.4,0.3,0.26824838,49925,0.04178636351396599
0.4,0.9,0.3,0.7,0.26829138,49925,0.041920186988837156
0.8,0.9,0.1,0.9,0.26837856,49925,0.03871138419014904
0.9,0.9,0.2,0.7,0.26838765,49925,0.03946014989736449
0.2,0.7,0.2,0.6,0.26842862,49925,0.041935209515827694
0.3,0.8,0.4,0.4,0.26843706,49925,0.04277505668842821
0.2,0.6,0.3,0.3,0.2684437,49925,0.04288742538979125
0.7,0.6,0.1,0.5,0.2684441,49925,0.03848175497914414
0.8,0.8,0.4,0.1,0.2684868,49925,0.03974215374805028
0.4,0.6,0.1,0.6,0.26848948,49925,0.039977835209321064
0.4,0.8,0.2,0.7,0.26850933,49925,0.041208006411057846
0.9,0.5,0.1,0.3,0.26851,49925,0.03653433312878335
0.1,0.7,0.1,0.8,0.2685305,49925,0.04052108034321649
0.1,0.7,0.4,0.2,0.26853076,49925,0.043290289931352414
0.5,0.7,0.3,0.4,0.2685972,49925,0.04148532442730737
0.6,0.9,0.4,0.5,0.26859847,49925,0.04168869225006102
0.3,0.7,0.1,0.8,0.2686026,49925,0.04019467749886788
0.1,0.9,0.5,0.3,0.2686062,49925,0.0433621159173322
0.1,0.8,0.3,0.6,0.2686206,49925,0.042752061495819484
0.6,0.7,0.2,0.5,0.268653,49925,0.04036947591648513
0.9,0.8,0.3,0.4,0.26865366,49925,0.039744187635771755
0.9,0.9,0.4,0.4,0.2686858,49925,0.04043423187006604
0.6,0.9,0.2,0.8,0.26870254,49925,0.04054153699959351
0.6,0.6,0.3,0.1,0.26877353,49925,0.03992686538898995
0.2,0.9,0.5,0.1,0.2687915,49925,0.04256197419270438
0.3,0.7,0.2,0.6,0.26879424,49925,0.041672373678919045
0.2,0.7,0.4,0.1,0.26880848,49925,0.04259181146536309
0.1,0.4,0.2,0.2,0.26880944,49925,0.043081275599535056
0.2,0.8,0.4,0.4,0.26880944,49925,0.043081275599535056
0.7,0.8,0.4,0.2,0.26883337,49925,0.04063333072917872
0.4,0.5,0.2,0.3,0.2688429,49925,0.04111340853421662
0.4,0.9,0.5,0.1,0.26888382,49925,0.04191963651590176
0.5,0.3,0.1,0.1,0.26889127,49925,0.03725987791750872
0.8,0.9,0.3,0.6,0.26891094,49925,0.040509942862555215
0.7,0.8,0.1,0.8,0.26892355,49925,0.03893041350785495
0.2,0.8,0.3,0.6,0.26899302,49925,0.04255549335756721
0.8,0.6,0.2,0.3,0.26899746,49925,0.03879124588316214
0.9,0.4,0.1,0.1,0.26900417,49925,0.03451865326580261
0.1,0.8,0.2,0.8,0.26900464,49925,0.041762649103824705
0.6,0.9,0.5,0.1,0.2690229,49925,0.04118609435908553
0.5,0.9,0.5,0.1,0.2690258,49925,0.04154214971719712
0.3,0.8,0.3,0.6,0.26903456,49925,0.04230800521215137
0.1,0.6,0.3,0.3,0.26905766,49925,0.043260711599846007
0.9,0.8,0.4,0.1,0.26908398,49925,0.03932186948371522
0.6,0.8,0.4,0.3,0.26909435,49925,0.04138434699730324
0.3,0.9,0.5,0.2,0.26910132,49925,0.042606887723495517
0.3,0.9,0.2,0.9,0.26910418,49925,0.04127445909005276
0.2,0.9,0.5,0.2,0.2691078,49925,0.04289488198491513
0.2,0.9,0.5,0.3,0.2691196,49925,0.043153968813910634
0.4,0.9,0.2,0.9,0.26912078,49925,0.04108701309106485
0.5,0.8,0.1,0.9,0.26912916,49925,0.03958368649406641
0.1,0.8,0.4,0.4,0.26914254,49925,0.04332784411639665
0.5,0.9,0.3,0.7,0.26915643,49925,0.04164866671276585
0.9,0.7,0.2,0.4,0.2691603,49925,0.038774454789812354
0.7,0.5,0.2,0.2,0.26917613,49925,0.03879101777359283
0.7,0.8,0.3,0.5,0.26917732,49925,0.04076424946334144
0.9,0.5,0.2,0.1,0.26918656,49925,0.036849434872107074
0.1,0.4,0.1,0.4,0.2691886,49925,0.041639170820050184
0.2,0.8,0.2,0.8,0.2691886,49925,0.041639170820050184
0.7,0.6,0.3,0.1,0.26921088,49925,0.03937587667524735
0.8,0.7,0.3,0.3,0.26922336,49925,0.03985059365184867
0.4,0.4,0.1,0.3,0.2692315,49925,0.0396805667836874
0.8,0.8,0.2,0.6,0.2692315,49925,0.0396805667836874
0.6,0.7,0.1,0.7,0.2692442,49925,0.0392099236976362
0.7,0.4,0.1,0.2,0.26928532,49925,0.03687975371334201
0.3,0.6,0.3,0.3,0.26932076,49925,0.042429974485773916
0.1,0.2,0.1,0.1,0.26932076,49925,0.04242997448577392
0.4,0.8,0.4,0.4,0.26932076,49925,0.04242997448577392
0.2,0.4,0.2,0.2,0.26932076,49925,0.04242997448577392
0.7,0.9,0.5,0.1,0.2693208,49925,0.040814213694653156
0.9,0.7,0.1,0.6,0.26933238,49925,0.037890411011099655
0.6,0.5,0.1,0.4,0.26935908,49925,0.03871566273472691
0.1,0.9,0.5,0.1,0.26937234,49925,0.04281713132280717
0.8,0.8,0.4,0.2,0.26937667,49925,0.04022392750863844
0.4,0.4,0.2,0.1,0.26937667,49925,0.04022392750863844
0.1,0.7,0.4,0.1,0.2693972,49925,0.04291941489691276
0.7,0.9,0.4,0.5,0.2694224,49925,0.041361667750626684
0.5,0.8,0.2,0.7,0.2694224,49925,0.040890787201729124
0.4,0.9,0.5,0.2,0.26942873,49925,0.042286164491739386
0.2,0.7,0.4,0.2,0.2694504,49925,0.042961783021261135
0.4,0.7,0.1,0.8,0.26945347,49925,0.03991798292508564
0.3,0.9,0.5,0.3,0.26946068,49925,0.04286135689204126
0.1,0.9,0.4,0.6,0.26947954,49925,0.043115879554236916
0.1,0.6,0.2,0.5,0.2694953,49925,0.04242931944641384
0.7,0.9,0.2,0.8,0.26950094,49925,0.040231064017613484
0.7,0.8,0.4,0.3,0.26952887,49925,0.040996455259623164
0.5,0.6,0.3,0.2,0.2695337,49925,0.04101460555467328
0.1,0.6,0.1,0.7,0.2695526,49925,0.040764619728020694
0.5,0.6,0.1,0.6,0.26960766,49925,0.039561762182108315
0.9,0.8,0.2,0.6,0.26965636,49925,0.03933382769581221
0.5,0.9,0.5,0.3,0.26969314,49925,0.04221114620237176
0.3,0.5,0.1,0.5,0.26970154,49925,0.04050918132293609
0.4,0.7,0.2,0.6,0.26973644,49925,0.04131858379144704
0.3,0.9,0.4,0.6,0.26974204,49925,0.042718113144657816
0.4,0.6,0.3,0.3,0.2698015,49925,0.04191925187902211
0.2,0.9,0.4,0.6,0.26981655,49925,0.04295239478476849
0.2,0.6,0.2,0.5,0.26982152,49925,0.04215811285655642
0.4,0.8,0.3,0.6,0.26984447,49925,0.042022691202426354
0.1,0.7,0.3,0.5,0.2698534,49925,0.042998003537901154
0.2,0.9,0.5,0.4,0.26987797,49925,0.04331254560661156
0.8,0.6,0.3,0.1,0.26989132,49925,0.03886493114766763
0.5,0.7,0.4,0.1,0.26989308,49925,0.04125478281783836
0.5,0.8,0.4,0.4,0.2699479,49925,0.04204610549994887
0.6,0.9,0.5,0.2,0.26995555,49925,0.041571215184309576
0.4,0.9,0.5,0.3,0.26996824,49925,0.04256439706183518
0.9,0.9,0.1,0.9,0.2699811,49925,0.038437083276889814
0.1,0.5,0.3,0.1,0.269988,49925,0.043073926740773885
0.7,0.7,0.2,0.5,0.27000397,49925,0.03993613198581378
0.6,0.6,0.3,0.2,0.27001038,49925,0.04048709697942627
0.1,0.9,0.5,0.4,0.2700158,49925,0.04350340364744578
0.3,0.4,0.2,0.2,0.27002653,49925,0.04164760940926359
0.6,0.8,0.4,0.4,0.27002653,49925,0.04164760940926359
0.6,0.7,0.3,0.4,0.27003387,49925,0.04106444630048968
0.4,0.7,0.4,0.1,0.270037,49925,0.041719530097816544
0.8,0.6,0.1,0.5,0.27005154,49925,0.03801562159978629
0.6,0.6,0.2,0.4,0.27006033,49925,0.040205104390140876
0.9,0.9,0.3,0.6,0.27006033,49925,0.040205104390140876
0.3,0.3,0.1,0.2,0.27006033,49925,0.040205104390140876
0.5,0.9,0.5,0.2,0.27006117,49925,0.04192912042313285
0.6,0.9,0.3,0.7,0.2700867,49925,0.04132748388566775
0.9,0.8,0.4,0.2,0.27010286,49925,0.03983023753145149
0.2,0.6,0.1,0.7,0.27010566,49925,0.04057601533987605
0.3,0.7,0.4,0.1,0.27011544,49925,0.04217267261173128
0.1,0.8,0.5,0.2,0.2701459,49925,0.043429546642297506
0.1,0.7,0.4,0.3,0.2701515,49925,0.04348500501533388
0.3,0.6,0.2,0.5,0.27016574,49925,0.041796296891317856
0.3,0.8,0.2,0.8,0.27020228,49925,0.04145183572432989
0.8,0.9,0.5,0.1,0.27020884,49925,0.04047351221757078
0.8,0.9,0.2,0.8,0.27024445,49925,0.03991963050788227
0.8,0.8,0.1,0.8,0.27025187,49925,0.03862902158303604
0.2,0.7,0.3,0.5,0.27025592,49925,0.042761531054324904
0.5,0.9,0.2,0.9,0.27030423,49925,0.04082945648681592
0.9,0.6,0.2,0.3,0.2703489,49925,0.03834343858886677
0.4,0.9,0.4,0.6,0.27035865,49925,0.04246137514613306
0.6,0.8,0.2,0.7,0.27036598,49925,0.04055553528542229
0.3,0.7,0.4,0.2,0.27039662,49925,0.04257127261179522
0.5,0.8,0.3,0.6,0.27040344,49925,0.0416655192339473
0.8,0.8,0.3,0.5,0.27044123,49925,0.040394909237511135
0.2,0.9,0.3,0.8,0.2704634,49925,0.0423282479625745
0.5,0.9,0.4,0.6,0.27048105,49925,0.04217659865418374
0.3,0.6,0.1,0.7,0.2704826,49925,0.04032666537103138
0.8,0.9,0.4,0.5,0.2705026,49925,0.04104006611563994
0.3,0.7,0.3,0.5,0.27051866,49925,0.042452887123359345
0.9,0.7,0.3,0.3,0.27052155,49925,0.03942167881785225
0.3,0.9,0.5,0.4,0.27052763,49925,0.04306240424059466
0.1,0.9,0.3,0.8,0.27056736,49925,0.04244307158367169
0.1,0.7,0.2,0.7,0.2706152,49925,0.0420032186457098
0.6,0.8,0.1,0.9,0.27062124,49925,0.03932439287184294
0.1,0.5,0.3,0.2,0.2706269,49925,0.043446956339219765
0.7,0.7,0.1,0.7,0.27064338,49925,0.03884549659257821
0.5,0.5,0.2,0.3,0.27064705,49925,0.04050972101087744
0.4,0.5,0.1,0.5,0.2706493,49925,0.04000824271819354
0.6,0.9,0.5,0.3,0.2706863,49925,0.04185360551200853
0.8,0.8,0.4,0.3,0.27069137,49925,0.040586831062853476
0.9,0.9,0.5,0.1,0.2706929,49925,0.04010922902164574
0.4,0.9,0.5,0.4,0.27069312,49925,0.04274777380245631
0.7,0.9,0.5,0.2,0.2706997,49925,0.0412126244135426
0.4,0.7,0.4,0.2,0.2707051,49925,0.04214395311446687
0.1,0.8,0.5,0.3,0.2707543,49925,0.043621228046311245
0.5,0.7,0.2,0.6,0.27076924,49925,0.040926929747377716
0.2,0.8,0.5,0.2,0.2707899,49925,0.04317254355260956
0.6,0.7,0.4,0.1,0.27080286,49925,0.04079723031208908
0.3,0.9,0.3,0.8,0.27083042,49925,0.04213786187620685
0.8,0.7,0.2,0.5,0.270863,49925,0.03952254047826356
0.6,0.9,0.4,0.6,0.2708686,49925,0.04183821828750227
0.7,0.9,0.3,0.7,0.27087626,49925,0.041013128132264084
0.5,0.6,0.3,0.3,0.27087942,49925,0.04139330065709343
0.1,0.9,0.6,0.2,0.27088457,49925,0.043492008138635255
0.2,0.7,0.4,0.3,0.27088618,49925,0.04321012132572721
0.7,0.5,0.1,0.4,0.27089435,49925,0.03815654538267217
0.2,0.7,0.2,0.7,0.27091515,49925,0.04187041019955304
0.5,0.4,0.1,0.3,0.2709218,49925,0.038982295550832526
0.2,0.8,0.5,0.1,0.27093145,49925,0.04288675524944681
0.7,0.8,0.2,0.7,0.2709431,49925,0.04021398595124717
0.9,0.8,0.1,0.8,0.27097094,49925,0.03831774020759828
0.3,0.8,0.4,0.5,0.2709795,49925,0.04284750913779214
0.6,0.9,0.2,0.9,0.2709832,49925,0.04056701876799693
0.5,0.4,0.2,0.1,0.270987,49925,0.039439420108311904
0.9,0.6,0.1,0.5,0.2709871,49925,0.03756615057598616
0.7,0.7,0.3,0.4,0.27098888,49925,0.04062870381955405
0.4,0.8,0.4,0.5,0.2710147,49925,0.04253394758363283
0.1,0.8,0.5,0.1,0.27102107,49925,0.043139871524751586
0.8,0.4,0.1,0.2,0.2710244,49925,0.03624749585561845
0.4,0.9,0.3,0.8,0.27103388,49925,0.04193336351024127
0.5,0.9,0.5,0.4,0.27105004,49925,0.0424202633691238
0.2,0.8,0.4,0.5,0.27109078,49925,0.04314028795033575
0.2,0.5,0.3,0.1,0.2711018,49925,0.04255837604881504
0.9,0.9,0.2,0.8,0.2711208,49925,0.03961897272908298
0.4,0.7,0.3,0.5,0.27114683,49925,0.04207145923872707
0.6,0.8,0.3,0.6,0.27120382,49925,0.04129968181725597
0.9,0.8,0.3,0.5,0.27121323,49925,0.040044669833247934
0.2,0.4,0.1,0.4,0.27123004,49925,0.04121408095659814
0.4,0.8,0.2,0.8,0.27123004,49925,0.04121408095659814
0.7,0.6,0.3,0.2,0.27124864,49925,0.03997356332487122
0.1,0.5,0.2,0.4,0.27127185,49925,0.042753444484214774
0.1,0.5,0.1,0.6,0.27127352,49925,0.04102830135047441
0.9,0.6,0.3,0.1,0.27128524,49925,0.038368666209289
0.6,0.6,0.1,0.6,0.27128926,49925,0.03912545999809047
0.3,0.8,0.5,0.1,0.27129102,49925,0.04256295780583014
0.9,0.9,0.4,0.5,0.27135682,49925,0.040697750022780046
0.5,0.7,0.4,0.2,0.27138865,49925,0.0416730269252746
0.1,0.7,0.1,0.9,0.2713956,49925,0.040322805345446126
0.3,0.8,0.5,0.2,0.2713974,49925,0.0428492228125032
0.3,0.7,0.4,0.3,0.27140686,49925,0.04284363667157869
0.8,0.5,0.2,0.2,0.27141038,49925,0.038251723621258484
0.1,0.9,0.6,0.1,0.27141434,49925,0.043250518206755635
0.1,0.8,0.4,0.5,0.2714152,49925,0.04335279639867496
0.8,0.9,0.5,0.2,0.27142283,49925,0.04084930563932569
0.9,0.8,0.4,0.3,0.27144787,49925,0.040220890672594795
0.5,0.7,0.1,0.8,0.27144966,49925,0.03961420342299188
0.6,0.9,0.5,0.4,0.27146488,49925,0.0420729157632191
0.9,0.7,0.2,0.5,0.27146673,49925,0.03913658850326986
0.8,0.5,0.1,0.4,0.2714883,49925,0.03761216808524645
0.7,0.8,0.4,0.4,0.2714919,49925,0.04128148946513089
0.8,0.7,0.1,0.7,0.27150849,49925,0.03848476850748095
0.1,0.6,0.4,0.1,0.27151436,49925,0.043287426275805445
0.1,0.9,0.6,0.3,0.27151653,49925,0.04366728862382889
0.3,0.6,0.3,0.4,0.27152964,49925,0.04255822037024065
0.6,0.7,0.2,0.6,0.27159643,49925,0.0405452480352128
0.7,0.9,0.4,0.6,0.2715977,49925,0.041535499373011486
0.7,0.9,0.5,0.3,0.2716168,49925,0.041500452126975215
0.3,0.7,0.1,0.9,0.27164355,49925,0.040112277520556905
0.4,0.6,0.2,0.5,0.2716442,49925,0.041365845855123526
0.5,0.8,0.4,0.5,0.27168122,49925,0.042205484150728896
0.7,0.6,0.2,0.4,0.27169013,49925,0.0397342955809802
0.1,0.6,0.4,0.2,0.27169183,49925,0.04359014242045066
0.2,0.5,0.2,0.4,0.27169663,49925,0.04240716739363016
0.8,0.9,0.3,0.7,0.27170742,49925,0.0407022841724896
0.2,0.7,0.1,0.9,0.2717081,49925,0.04026277251655381
0.2,0.8,0.5,0.3,0.27172163,49925,0.043378219253512
0.3,0.5,0.3,0.1,0.27173525,49925,0.04194753945039197
0.6,0.3,0.1,0.1,0.27177173,49925,0.03640984288573516
0.1,0.9,0.9,0.1,0.2717922,49925,0.04343139384138096
0.2,0.8,0.3,0.7,0.27184606,49925,0.04251285006265752
0.5,0.7,0.3,0.5,0.27186245,49925,0.04167357445561536
0.2,0.5,0.3,0.2,0.27186313,49925,0.042974316666405915
0.2,0.9,0.4,0.7,0.27186793,49925,0.04294251869369389
0.5,0.9,0.3,0.8,0.2718698,49925,0.04167000934661402
0.1,0.8,0.3,0.7,0.27188864,49925,0.04266717912517404
0.4,0.7,0.4,0.3,0.27188918,49925,0.042410680806197615
0.5,0.8,0.5,0.1,0.2719093,49925,0.04177106600474172
0.2,0.9,0.6,0.3,0.27192697,49925,0.043506533599390454
0.1,0.9,0.4,0.7,0.27193093,49925,0.04307278025175667
0.3,0.7,0.2,0.7,0.27194202,49925,0.04163087060623528
0.2,0.6,0.3,0.4,0.2719487,49925,0.04296483905658037
0.1,0.9,0.5,0.5,0.2719631,49925,0.04355629749877747
0.1,0.7,0.5,0.2,0.2719657,49925,0.043663466491641593
0.1,0.9,0.7,0.2,0.2719748,49925,0.04361787018084217
0.7,0.9,0.5,0.4,0.27197564,49925,0.04173105941474013
0.6,0.7,0.3,0.5,0.2719859,49925,0.04126860519279133
0.4,0.6,0.1,0.7,0.27199358,49925,0.03998949920061951
0.2,0.9,0.6,0.2,0.27199942,49925,0.04330425536557457
0.2,0.9,0.6,0.1,0.27200183,49925,0.04305580923086128
0.7,0.8,0.1,0.9,0.2720183,49925,0.03904304303037955
0.4,0.9,0.5,0.5,0.27202383,49925,0.042879030215488306
0.1,0.6,0.3,0.4,0.27204394,49925,0.04327162383344366
0.3,0.9,0.5,0.5,0.27206582,49925,0.043148303142586095
0.4,0.8,0.5,0.1,0.27207914,49925,0.04215869420729637
0.8,0.7,0.3,0.4,0.27208868,49925,0.040214561776495614
0.3,0.8,0.5,0.3,0.27209374,49925,0.043079577752050506
0.2,0.8,0.2,0.9,0.27210388,49925,0.041553237585759434
0.1,0.8,0.8,0.1,0.27210778,49925,0.043467942756951025
0.3,0.9,0.4,0.7,0.27211398,49925,0.04272589338339616
0.7,0.6,0.1,0.6,0.2721148,49925,0.038693104218007306
0.5,0.8,0.2,0.8,0.27211878,49925,0.040920213044136095
0.8,0.8,0.2,0.7,0.27211902,49925,0.0398810556215097
0.7,0.7,0.4,0.1,0.27212533,49925,0.04032575671439598
0.6,0.4,0.2,0.1,0.27213752,49925,0.038706224371396765
0.3,0.8,0.3,0.7,0.2721381,49925,0.04229417380338505
0.7,0.8,0.3,0.6,0.27214825,49925,0.040964257203954794
0.1,0.9,0.7,0.1,0.27216917,49925,0.04346407276031405
0.4,0.8,0.5,0.2,0.27217183,49925,0.042487084582548754
0.7,0.9,0.2,0.9,0.27217454,49925,0.04029256659935985
0.9,0.9,0.5,0.2,0.27217746,49925,0.04050178974940172
0.1,0.9,0.8,0.1,0.27218586,49925,0.04346356913384006
0.1,0.7,0.5,0.1,0.27219826,49925,0.04338230326083535
0.1,0.8,0.9,0.1,0.2722085,49925,0.0433071746648595
0.6,0.4,0.1,0.3,0.27221107,49925,0.038300411909942024
0.8,0.9,0.4,0.6,0.27223483,49925,0.04121880163103754
0.1,0.8,0.6,0.2,0.27227736,49925,0.0436371506289191
0.8,0.9,0.5,0.3,0.27229154,49925,0.041163296383406524
0.3,0.5,0.2,0.4,0.27231267,49925,0.04191038807179368
0.5,0.7,0.4,0.3,0.27234143,49925,0.04196568539220556
0.4,0.8,0.3,0.7,0.27234367,49925,0.04204064249854002
0.1,0.7,0.7,0.1,0.2723438,49925,0.0434934863287014
0.1,0.8,0.2,0.9,0.27235475,49925,0.04160929900897581
0.6,0.8,0.4,0.5,0.27237248,49925,0.04185116842388536
0.2,0.9,0.5,0.5,0.27237839,49925,0.04338907378871065
0.8,0.6,0.3,0.2,0.27241498,49925,0.03946542462835961
0.1,0.8,0.6,0.1,0.27242202,49925,0.04343176236031689
0.1,0.6,0.2,0.6,0.27243674,49925,0.042272850753556614
0.3,0.9,0.6,0.2,0.27247417,49925,0.04305217257885628
0.6,0.7,0.1,0.8,0.2724763,49925,0.03929911897954191
0.1,0.7,0.8,0.1,0.27249512,49925,0.04333867996890498
0.3,0.9,0.6,0.1,0.2725197,49925,0.04281686727692098
0.4,0.9,0.4,0.7,0.27252012,49925,0.04249855371283269
0.1,0.8,0.7,0.1,0.27252138,49925,0.04347989655058968
0.1,0.6,0.1,0.8,0.272542,49925,0.04052293082380509
0.2,0.9,0.3,0.9,0.27255303,49925,0.04223156450078121
0.4,0.4,0.2,0.2,0.27255762,49925,0.04089972407592469
0.8,0.8,0.4,0.4,0.27255762,49925,0.04089972407592469
0.6,0.6,0.3,0.3,0.27255762,49925,0.04089972407592469
0.2,0.2,0.1,0.1,0.27255762,49925,0.04089972407592469
0.2,0.5,0.1,0.6,0.27256292,49925,0.0408351726519653
0.1,0.9,0.9,0.2,0.27258047,49925,0.04359152944180059
0.5,0.6,0.2,0.5,0.27259064,49925,0.04093212311294996
0.9,0.4,0.1,0.2,0.27264404,49925,0.0356690326686306
0.4,0.6,0.3,0.4,0.27264413,49925,0.042125760463197465
0.5,0.8,0.5,0.2,0.27264684,49925,0.04212367049750378
0.1,0.7,0.6,0.1,0.2726528,49925,0.043496555703195106
0.6,0.7,0.4,0.2,0.27267718,49925,0.04121603189779106
0.1,0.9,0.6,0.4,0.2726776,49925,0.04377695702237985
0.6,0.5,0.2,0.3,0.27267772,49925,0.03994526420095289
0.1,0.9,0.3,0.9,0.27268037,49925,0.042311641618565966
0.8,0.8,0.3,0.6,0.27270278,49925,0.04060819660175325
0.7,0.9,0.3,0.8,0.2727309,49925,0.041108880030696314
0.6,0.9,0.3,0.8,0.27273273,49925,0.041389639907889984
0.3,0.7,0.4,0.4,0.2727477,49925,0.042975632586634165
0.1,0.7,0.3,0.6,0.27275598,49925,0.042917456743332714
0.4,0.5,0.3,0.1,0.2727584,49925,0.04133521132470043
0.4,0.9,0.6,0.2,0.2727602,49925,0.04275138276887861
0.7,0.7,0.2,0.6,0.27276248,49925,0.0401604006300811
0.2,0.6,0.4,0.1,0.2727709,49925,0.042934594923365675
0.9,0.9,0.3,0.7,0.27277344,49925,0.04039225267639031
0.1,0.8,0.5,0.4,0.27279475,49925,0.043710473343387034
0.1,0.8,0.8,0.2,0.27279657,49925,0.043633000144617504
0.6,0.8,0.5,0.1,0.27281326,49925,0.041388513066511166
0.4,0.3,0.1,0.2,0.27284902,49925,0.039267308794835615
0.8,0.6,0.2,0.4,0.27284902,49925,0.039267308794835615
0.9,0.8,0.2,0.7,0.2728527,49925,0.039539017172376116
0.5,0.5,0.1,0.5,0.27285463,49925,0.039496390171142724
0.1,0.7,0.4,0.4,0.27288774,49925,0.043559471587103674
0.2,0.7,0.3,0.6,0.2729207,49925,0.042731645171243504
0.8,0.9,0.5,0.4,0.272926,49925,0.04140935434071784
0.1,0.3,0.2,0.1,0.2729271,49925,0.04324800902140857
0.2,0.6,0.4,0.2,0.2729271,49925,0.04324800902140857
0.3,0.9,0.6,0.3,0.2729271,49925,0.04324800902140858
0.9,0.9,0.4,0.6,0.27293044,49925,0.04089360887914435
0.9,0.9,0.5,0.3,0.27293125,49925,0.04081791066178986
0.1,0.9,0.8,0.2,0.27293673,49925,0.0436549939448313
0.9,0.7,0.1,0.7,0.27298176,49925,0.03813704603321645
0.1,0.8,0.4,0.6,0.27300733,49925,0.04328845167993927
0.5,0.9,0.4,0.7,0.27303296,49925,0.04224173274815164
0.6,0.9,0.4,0.7,0.27303994,49925,0.04194385819836117
0.4,0.7,0.2,0.7,0.27304795,49925,0.04134539400015543
0.8,0.9,0.2,0.9,0.27305046,49925,0.04002010827071982
0.1,0.8,0.7,0.2,0.2730543,49925,0.0436780359658932
0.2,0.6,0.1,0.8,0.27305755,49925,0.04043079278798263
0.3,0.8,0.2,0.9,0.27311498,49925,0.04137284410321745
0.5,0.9,0.5,0.5,0.2731153,49925,0.042578224286679525
0.2,0.7,0.4,0.4,0.27312776,49925,0.04332154341782218
0.6,0.9,0.5,0.5,0.27314103,49925,0.042263801429855634
0.8,0.7,0.4,0.1,0.27315658,49925,0.03985500205523265
0.7,0.8,0.4,0.5,0.27317086,49925,0.041490134918661964
0.1,0.6,0.6,0.1,0.27322364,49925,0.04351165340295603
0.3,0.5,0.1,0.6,0.27325073,49925,0.040490523786520016
0.1,0.3,0.1,0.3,0.27325946,49925,0.04208753358857257
0.3,0.9,0.3,0.9,0.27325946,49925,0.042087533588572576
0.2,0.6,0.2,0.6,0.27325946,49925,0.04208753358857257
0.1,0.6,0.5,0.1,0.2732674,49925,0.043536254304572926
0.5,0.6,0.1,0.7,0.27327758,49925,0.03964118602998358
0.3,0.5,0.3,0.2,0.27328154,49925,0.04240501248232234
0.7,0.9,0.5,0.5,0.27330202,49925,0.041934148616040536
0.8,0.8,0.1,0.9,0.27330205,49925,0.038746039164530066
0.6,0.7,0.4,0.3,0.27330738,49925,0.04154653712848967
0.3,0.4,0.1,0.4,0.2733087,49925,0.04062239571636492
0.6,0.8,0.2,0.8,0.2733087,49925,0.04062239571636492
0.4,0.5,0.2,0.4,0.2733257,49925,0.04136213440477035
0.2,0.7,0.5,0.1,0.27333006,49925,0.043124267389756256
0.7,0.8,0.5,0.1,0.2733343,49925,0.04097868558894137
0.9,0.6,0.3,0.2,0.27333742,49925,0.038997265545425236
0.2,0.9,0.7,0.1,0.2733391,49925,0.043313737888930184
0.3,0.8,0.4,0.6,0.27337086,49925,0.042876545136330296
0.1,0.9,0.7,0.3,0.27338472,49925,0.04381157200589451
0.5,0.6,0.3,0.4,0.27338538,49925,0.041669918258988234
0.2,0.8,0.6,0.1,0.27339622,49925,0.04325413825886048
0.4,0.7,0.1,0.9,0.27339837,49925,0.03988061888240191
0.1,0.7,0.6,0.2,0.27340454,49925,0.04373690425927277
0.3,0.6,0.4,0.1,0.27340525,49925,0.04245617096611827
0.2,0.9,0.6,0.4,0.27342013,49925,0.043617812322221707
0.4,0.8,0.4,0.6,0.2734547,49925,0.04260170110550268
0.2,0.4,0.2,0.3,0.2734547,49925,0.04260170110550268
0.1,0.8,0.9,0.2,0.27345553,49925,0.04348469109669444
0.9,0.5,0.1,0.4,0.27345887,49925,0.03710492224690429
0.5,0.8,0.3,0.7,0.2734673,49925,0.04172856002902693
0.1,0.6,0.7,0.1,0.27348942,49925,0.04335530018709184
0.4,0.8,0.2,0.9,0.27351183,49925,0.041171291221794075
0.4,0.9,0.6,0.1,0.27353945,49925,0.04250157894160294
0.7,0.9,0.4,0.7,0.273544,49925,0.041642271609053615
0.1,0.7,0.7,0.2,0.2735573,49925,0.04366980783441788
0.9,0.5,0.2,0.2,0.27356037,49925,0.037715429276400585
0.7,0.7,0.4,0.2,0.27357778,49925,0.04076119516560058
0.2,0.8,0.5,0.4,0.27358,49925,0.0435182128739145
0.4,0.9,0.3,0.9,0.27359307,49925,0.04190051629091303
0.6,0.8,0.5,0.2,0.2736162,49925,0.04174700344848103
0.8,0.6,0.1,0.6,0.2736177,49925,0.038291782278237416
0.9,0.9,0.2,0.9,0.27363878,49925,0.03973158141246745
0.9,0.7,0.4,0.1,0.2736583,49925,0.039406307186212165
0.7,0.4,0.1,0.3,0.27366456,49925,0.03763628062936367
0.5,0.7,0.4,0.4,0.27369022,49925,0.042211541954965355
0.4,0.9,0.6,0.3,0.2737013,49925,0.04296668607188088
0.7,0.8,0.2,0.8,0.27371103,49925,0.04031085263201967
0.9,0.8,0.3,0.6,0.27371532,49925,0.04025998195287946
0.5,0.9,0.5,0.6,0.273716,49925,0.04266037401522336
0.4,0.8,0.5,0.3,0.2737191,49925,0.04275982210519321
0.7,0.7,0.3,0.5,0.27372134,49925,0.04087299547356197
0.3,0.7,0.3,0.6,0.27373475,49925,0.04244565029146644
0.4,0.9,0.5,0.6,0.2737349,49925,0.04291990636020846
0.4,0.7,0.4,0.4,0.2737528,49925,0.0426272488646791
0.5,0.9,0.6,0.2,0.27375466,49925,0.04241432638110826
0.1,0.5,0.5,0.1,0.27375522,49925,0.04354397267530317
0.9,0.8,0.4,0.4,0.27376205,49925,0.04053530239982798
0.8,0.9,0.3,0.8,0.2737661,49925,0.04083169379552655
0.1,0.7,0.9,0.1,0.27377212,49925,0.04308328932520719
0.1,0.5,0.4,0.1,0.27378193,49925,0.0435390961174061
0.1,0.7,0.5,0.3,0.27378264,49925,0.04383592892606836
0.2,0.9,0.7,0.2,0.27379453,49925,0.04352228334694013
0.6,0.6,0.2,0.5,0.27379665,49925,0.040483609838813814
0.2,0.8,0.4,0.6,0.27380604,49925,0.04313407989864845
0.1,0.4,0.2,0.3,0.27380604,49925,0.04313407989864845
0.1,0.9,0.5,0.6,0.27383003,49925,0.04353743520279297
0.8,0.7,0.2,0.6,0.2738562,49925,0.03977080725341003
0.1,0.9,0.4,0.8,0.2738769,49925,0.04296058184458439
0.4,0.7,0.3,0.6,0.27388278,49925,0.042157555052952086
0.9,0.7,0.3,0.4,0.27388364,49925,0.03982764246653873
0.5,0.9,0.6,0.1,0.2738854,49925,0.04214085140744111
0.2,0.7,0.5,0.2,0.27388644,49925,0.04340827656135301
0.6,0.5,0.1,0.5,0.27388895,49925,0.038987147987372885
0.9,0.9,0.5,0.4,0.2738938,49925,0.04107965771863251
0.2,0.8,0.6,0.2,0.27391252,49925,0.04347585153214997
0.1,0.4,0.3,0.1,0.27391252,49925,0.04347585153214997
0.1,0.7,0.2,0.8,0.27391768,49925,0.04185565147463061
0.2,0.7,0.2,0.8,0.2739206,49925,0.04174287027326537
0.1,0.6,0.4,0.3,0.27392954,49925,0.04373035460622472
0.2,0.9,0.9,0.1,0.27392977,49925,0.04342431731491777
0.4,0.5,0.3,0.2,0.2739325,49925,0.04180154579657173
0.1,0.8,0.6,0.3,0.27393457,49925,0.04383904505116815
0.1,0.9,0.8,0.3,0.27394897,49925,0.04379552851559518
0.3,0.7,0.5,0.1,0.27399665,49925,0.042796682611337705
0.2,0.9,0.5,0.6,0.27401328,49925,0.04340863714433265
0.8,0.7,0.4,0.2,0.27401614,49925,0.0403334841674293
0.4,0.9,0.4,0.8,0.27401647,49925,0.042479855404435655
0.3,0.9,0.5,0.6,0.27403852,49925,0.0431825929328551
0.6,0.9,0.6,0.1,0.2740475,49925,0.04181133285469315
0.4,0.6,0.4,0.1,0.27404818,49925,0.041969286614273016
0.7,0.6,0.3,0.3,0.27405092,49925,0.040419758844294794
0.2,0.9,0.8,0.1,0.27405998,49925,0.04342012251430919
0.9,0.6,0.2,0.4,0.27406228,49925,0.038805047823508916
0.1,0.9,0.9,0.3,0.27407333,49925,0.04374722526512165
0.6,0.8,0.3,0.7,0.27407756,49925,0.04141286989324772
0.3,0.8,0.5,0.4,0.2740914,49925,0.04326469659604232
0.5,0.8,0.4,0.6,0.2741142,49925,0.042291584819345335
0.1,0.8,0.3,0.8,0.2741207,49925,0.04250639453445909
0.8,0.8,0.5,0.1,0.2741257,49925,0.04060942025120433
0.1,0.5,0.6,0.1,0.27413163,49925,0.043357027913277425
0.3,0.6,0.2,0.6,0.27413368,49925,0.04179290554736285
0.8,0.9,0.4,0.7,0.27413973,49925,0.041347959225502814
0.1,0.7,0.8,0.2,0.27414367,49925,0.043507109497649694
0.2,0.8,0.3,0.8,0.27414992,49925,0.04240610908775982
0.5,0.8,0.5,0.3,0.27416328,49925,0.04240488614086155
0.3,0.8,0.6,0.1,0.27416983,49925,0.04301389174481668
0.2,0.9,0.8,0.2,0.2741742,49925,0.04360207669393262
0.4,0.8,0.5,0.4,0.27419424,49925,0.04295367272286745
0.9,0.8,0.1,0.9,0.27420455,49925,0.03845284692372333
0.7,0.3,0.1,0.1,0.27420712,49925,0.03563031839140289
0.6,0.9,0.5,0.6,0.27420816,49925,0.04237361505823069
0.2,0.9,0.4,0.8,0.27422056,49925,0.04286862706888161
0.5,0.7,0.2,0.7,0.2742232,49925,0.04100895279427897
0.5,0.9,0.3,0.9,0.27422607,49925,0.04168402713149847
0.9,0.7,0.2,0.6,0.27423808,49925,0.03938204496144323
0.5,0.5,0.3,0.1,0.27424213,49925,0.04069278103533631
0.7,0.7,0.1,0.8,0.27425665,49925,0.03896329956568032
0.1,0.6,0.6,0.2,0.27428555,49925,0.04374959133100812
0.3,0.9,0.7,0.1,0.274295,49925,0.043134179618711965
0.7,0.4,0.2,0.1,0.27429932,49925,0.03801878195205811
0.2,0.8,0.7,0.1,0.2743272,49925,0.043417715744546025
0.6,0.7,0.2,0.7,0.2743276,49925,0.040654683373323716
0.5,0.4,0.2,0.2,0.2743318,49925,0.04018307730810294
0.8,0.8,0.4,0.5,0.27433294,49925,0.04114571480071484
0.2,0.8,0.8,0.1,0.27433762,49925,0.04342138837919386
0.3,0.6,0.1,0.8,0.27434683,49925,0.040218440765877675
0.2,0.5,0.3,0.3,0.27436343,49925,0.04317616943435304
0.1,0.7,0.9,0.2,0.2743679,49925,0.04326248260145313
0.2,0.9,0.7,0.3,0.27438012,49925,0.043679811548355874
0.7,0.5,0.2,0.3,0.27438483,49925,0.03939529602029949
0.1,0.6,0.8,0.1,0.27441123,49925,0.043064391864207616
0.3,0.6,0.4,0.2,0.27441826,49925,0.04282209464066063
0.7,0.8,0.3,0.7,0.27442586,49925,0.0411163099702569
0.1,0.8,0.8,0.3,0.27442995,49925,0.04378766001084731
0.3,0.7,0.2,0.8,0.27443638,49925,0.04156525924200184
0.6,0.9,0.6,0.2,0.27444026,49925,0.042101051189211564
0.7,0.7,0.4,0.3,0.27446625,49925,0.04113246269473024
0.2,0.7,0.6,0.1,0.27446932,49925,0.04338678775537594
0.5,0.5,0.2,0.4,0.27448225,49925,0.04082165745689836
0.5,0.8,0.2,0.9,0.27451122,49925,0.040914051165403836
0.7,0.9,0.6,0.1,0.27452397,49925,0.04146714329543321
0.6,0.8,0.5,0.3,0.2745288,49925,0.042002614098476776
0.3,0.9,0.4,0.8,0.27454185,49925,0.04269481449354422
0.9,0.9,0.3,0.8,0.27454445,49925,0.04053065699888512
0.1,0.8,0.7,0.3,0.27455294,49925,0.04386997681203587
0.1,0.9,0.6,0.5,0.27455932,49925,0.043813260155714344
0.2,0.9,0.9,0.2,0.2745714,49925,0.043586628668147075
0.3,0.9,0.7,0.2,0.2745816,49925,0.04333385598981377
0.1,0.8,0.9,0.3,0.27458882,49925,0.043645811673609626
0.3,0.7,0.5,0.2,0.2745982,49925,0.043063951701817746
0.5,0.7,0.3,0.6,0.27460864,49925,0.04178993807375865
0.8,0.9,0.5,0.5,0.27461874,49925,0.041607402690675484
0.1,0.6,0.5,0.2,0.274636,49925,0.043790246331258734
0.5,0.9,0.4,0.8,0.274654,49925,0.04226290647813806
0.3,0.5,0.3,0.3,0.27466115,49925,0.042686753532520785
0.3,0.7,0.4,0.5,0.27466664,49925,0.043025056587424414
0.1,0.5,0.3,0.3,0.27468547,49925,0.04356813885207028
0.1,0.4,0.1,0.5,0.27469724,49925,0.04138395518519056
0.3,0.8,0.3,0.8,0.27470303,49925,0.042234112672688034
0.1,0.5,0.2,0.5,0.27471855,49925,0.04258751696643704
0.8,0.8,0.2,0.8,0.27473506,49925,0.03997987619206126
0.4,0.4,0.1,0.4,0.27473506,49925,0.03997987619206126
0.1,0.5,0.1,0.7,0.27473646,49925,0.04077440763135065
0.3,0.9,0.6,0.4,0.27473843,49925,0.04340799967297199
0.9,0.6,0.1,0.6,0.27475458,49925,0.03787952654028234
0.3,0.4,0.2,0.3,0.27477074,49925,0.041977416647959724
0.6,0.8,0.4,0.6,0.27477074,49925,0.041977416647959724
0.4,0.5,0.1,0.6,0.2747802,49925,0.040061490835023944
0.2,0.3,0.1,0.3,0.2747864,49925,0.04144537414704409
0.4,0.6,0.2,0.6,0.2747864,49925,0.04144537414704409
0.6,0.9,0.3,0.9,0.2747864,49925,0.041445374147044085
0.1,0.6,0.3,0.5,0.27482104,49925,0.043197937659803606
0.5,0.7,0.1,0.9,0.27483624,49925,0.03960948817441699
0.8,0.7,0.3,0.5,0.27484557,49925,0.040475643368674714
0.2,0.8,0.6,0.3,0.27484956,49925,0.04367412379855115
0.5,0.9,0.6,0.3,0.27485374,49925,0.04266686489554501
0.1,0.9,0.7,0.4,0.27486,49925,0.043932395578566506
0.2,0.8,0.7,0.2,0.27486154,49925,0.04359390984674346
0.1,0.8,0.5,0.5,0.27486843,49925,0.04370081513122835
0.3,0.8,0.6,0.2,0.27488634,49925,0.043236246709782614
0.2,0.8,0.9,0.2,0.2749145,49925,0.04350857155946331
0.2,0.6,0.3,0.5,0.274939,49925,0.04296657534458185
0.9,0.8,0.2,0.8,0.27494913,49925,0.03965747132858909
0.4,0.8,0.3,0.8,0.2749506,49925,0.04201637091934877
0.3,0.6,0.3,0.5,0.27495643,49925,0.042607241227162036
0.7,0.6,0.2,0.5,0.27496764,49925,0.04001336038839396
0.5,0.8,0.5,0.4,0.27498627,49925,0.04260074080855127
0.1,0.4,0.5,0.1,0.2750196,49925,0.04334854307011579
0.5,0.3,0.1,0.2,0.2750293,49925,0.03837669165116937
0.2,0.7,0.7,0.1,0.2750301,49925,0.04341089991266023
0.9,0.9,0.4,0.7,0.2750363,49925,0.041046974474908376
0.6,0.8,0.2,0.9,0.27504426,49925,0.040632618486703895
0.7,0.8,0.5,0.2,0.27506405,49925,0.04137054825987503
0.1,0.6,0.7,0.2,0.27506474,49925,0.043547292728885426
0.4,0.9,0.7,0.1,0.27509162,49925,0.04287316376088209
0.2,0.8,0.9,0.1,0.27510557,49925,0.04334063075571239
0.4,0.7,0.4,0.5,0.27512476,49925,0.042701986685189236
0.6,0.7,0.4,0.4,0.27512884,49925,0.04179269371263712
0.4,0.9,0.6,0.4,0.2751386,49925,0.043152904343762045
0.8,0.8,0.3,0.7,0.2751392,49925,0.040780424888585784
0.4,0.7,0.5,0.1,0.2751441,49925,0.042380065893685905
0.7,0.9,0.5,0.6,0.2751512,49925,0.04205792889090868
0.1,0.5,0.4,0.2,0.2751588,49925,0.043821263475300055
0.6,0.9,0.4,0.8,0.27516085,49925,0.041998097529616835
0.2,0.5,0.2,0.5,0.2751791,49925,0.04233463540470821
0.1,0.7,0.4,0.5,0.2751882,49925,0.04353000190272313
0.8,0.6,0.3,0.3,0.2752086,49925,0.03993936281194129
0.2,0.6,0.5,0.1,0.2752166,49925,0.04330387086065765
0.7,0.8,0.4,0.6,0.2752245,49925,0.04163320993715834
0.1,0.7,0.3,0.7,0.27523875,49925,0.04274725218654075
0.4,0.6,0.4,0.2,0.27524352,49925,0.042356384445932996
0.2,0.3,0.2,0.1,0.27524352,49925,0.042356384445932996
0.6,0.9,0.6,0.3,0.27524352,49925,0.042356384445932996
0.6,0.7,0.3,0.6,0.27526343,49925,0.04142829139092829
0.5,0.8,0.3,0.8,0.27526423,49925,0.041765446192620535
0.7,0.9,0.3,0.9,0.27527672,49925,0.04117744272017495
0.9,0.7,0.4,0.2,0.27528659,49925,0.03991107031068359
0.2,0.9,0.8,0.3,0.27530694,49925,0.043763194304470024
0.2,0.6,0.4,0.3,0.27532157,49925,0.043467061993873235
0.4,0.9,0.7,0.2,0.2753233,49925,0.04310142230107971
0.2,0.9,0.6,0.5,0.27532604,49925,0.04368368420003671
0.9,0.8,0.5,0.1,0.27535206,49925,0.04019005550061899
0.2,0.9,0.9,0.3,0.27535364,49925,0.04373077114015074
0.4,0.9,0.5,0.7,0.27535707,49925,0.04295429838012746
0.6,0.6,0.3,0.4,0.27535856,49925,0.041209981826145874
0.3,0.9,0.8,0.1,0.27538422,49925,0.04329049802685126
0.2,0.7,0.5,0.3,0.27538818,49925,0.043591022650973914
0.7,0.9,0.6,0.2,0.27540413,49925,0.04178614225694708
0.2,0.8,0.8,0.2,0.27541426,49925,0.04360381949068527
0.1,0.4,0.4,0.1,0.27541426,49925,0.04360381949068527
0.3,0.9,0.7,0.3,0.27542266,49925,0.043516876023423565
0.1,0.8,0.6,0.4,0.27543008,49925,0.043931924005771374
0.3,0.8,0.5,0.5,0.27543136,49925,0.04331508866286255
0.7,0.7,0.2,0.7,0.27545387,49925,0.040272850414027096
0.4,0.8,0.6,0.1,0.2754693,49925,0.04267550450437394
0.1,0.6,0.8,0.2,0.27547333,49925,0.04327118514423291
0.1,0.6,0.2,0.7,0.27547383,49925,0.042094881551536005
0.5,0.6,0.4,0.1,0.27550486,49925,0.04147391397125117
0.8,0.9,0.6,0.1,0.27550495,49925,0.041118402491014214
0.2,0.5,0.4,0.1,0.2755175,49925,0.04320183460834959
0.1,0.5,0.7,0.1,0.27553046,49925,0.04302479290632626
0.2,0.7,0.6,0.2,0.2755383,49925,0.04358528039210303
0.1,0.8,0.4,0.7,0.2755443,49925,0.04318656071948216
0.3,0.8,0.4,0.7,0.2755525,49925,0.04285514535810094
0.7,0.8,0.5,0.3,0.27555475,49925,0.04163594966810241
0.8,0.7,0.4,0.3,0.27555767,49925,0.04071397983216764
0.6,0.5,0.3,0.1,0.27558014,49925,0.04007315594874027
0.2,0.7,0.4,0.5,0.27558059,49925,0.04331897214567416
0.1,0.7,0.6,0.3,0.27558208,49925,0.04391526220269785
0.7,0.5,0.1,0.5,0.27559432,49925,0.03849344856011703
0.1,0.9,0.8,0.4,0.275604,49925,0.04392051516041181
0.3,0.8,0.7,0.1,0.2756107,49925,0.043225235883093543
0.8,0.4,0.2,0.1,0.2756116,49925,0.037366317455452894
0.2,0.7,0.3,0.7,0.27562276,49925,0.042626863087728416
0.9,0.9,0.5,0.5,0.2756491,49925,0.041296086333505184
0.5,0.6,0.2,0.6,0.27566049,49925,0.04103851133078295
0.8,0.9,0.3,0.9,0.27566174,49925,0.04091025653269847
0.1,0.6,0.1,0.9,0.2756756,49925,0.04029236064982325
0.2,0.4,0.1,0.5,0.27567956,49925,0.04110299804160517
0.8,0.9,0.5,0.6,0.27568647,49925,0.04176150268819546
0.2,0.7,0.8,0.1,0.27569818,49925,0.04333158737412882
0.8,0.7,0.1,0.8,0.27572322,49925,0.03862523561207027
0.1,0.6,0.9,0.1,0.2757252,49925,0.042752887024609276
0.7,0.8,0.2,0.9,0.27573067,49925,0.040332867039060936
0.6,0.8,0.5,0.4,0.27573317,49925,0.04222681334020552
0.6,0.6,0.1,0.7,0.27573353,49925,0.039252973208066505
0.8,0.8,0.5,0.2,0.2757353,49925,0.040965378714331264
0.6,0.5,0.2,0.4,0.2757444,49925,0.04027869358993767
0.2,0.7,0.9,0.1,0.27575493,49925,0.043172159062426683
0.4,0.7,0.2,0.8,0.27575725,49925,0.04131120795071671
0.9,0.8,0.4,0.5,0.27576414,49925,0.04077807242785148
0.5,0.5,0.3,0.2,0.27577022,49925,0.041205845136785914
0.2,0.8,0.5,0.5,0.27578726,49925,0.04355890720805616
0.3,0.7,0.3,0.7,0.27579245,49925,0.04242277632325529
0.2,0.8,0.4,0.7,0.2757952,49925,0.04305365157965627
0.3,0.9,0.8,0.2,0.27581903,49925,0.043453721983359374
0.2,0.9,0.4,0.9,0.27583,49925,0.04275907255322538
0.3,0.5,0.2,0.5,0.27583486,49925,0.041941881519755975
0.4,0.8,0.4,0.7,0.27584872,49925,0.042603404245919387
0.4,0.6,0.1,0.8,0.2758548,49925,0.03995012334400174
0.5,0.9,0.5,0.7,0.2758622,49925,0.042699149342194175
0.1,0.9,0.5,0.7,0.27587104,49925,0.04348675787338008
0.1,0.9,0.9,0.4,0.27588177,49925,0.04384356987657276
0.2,0.8,0.7,0.3,0.27590185,49925,0.043764003369821634
0.4,0.8,0.5,0.5,0.27592474,49925,0.043038494567915024
0.2,0.6,0.2,0.7,0.27593374,49925,0.041961086418969444
0.2,0.9,0.7,0.4,0.27593467,49925,0.043840236042442186
0.3,0.9,0.5,0.7,0.27595115,49925,0.043175616300539614
0.5,0.9,0.6,0.4,0.27595726,49925,0.04287869069652414
0.2,0.6,0.1,0.9,0.2759639,49925,0.040246082453590425
0.8,0.5,0.2,0.3,0.27596596,49925,0.03885285060856602
0.2,0.7,0.8,0.2,0.27596724,49925,0.04352839276473933
0.2,0.9,0.5,0.7,0.27597174,49925,0.04335759556628461
0.2,0.8,0.3,0.9,0.27601033,49925,0.042295953991404026
0.3,0.8,0.6,0.3,0.2760301,49925,0.04342182725777399
0.6,0.8,0.3,0.8,0.27603394,49925,0.04147805505388421
0.6,0.7,0.1,0.9,0.2760386,49925,0.03932886672098427
0.3,0.6,0.4,0.3,0.27604097,49925,0.04308863982254869
0.1,0.8,0.3,0.9,0.27607095,49925,0.04236262142586347
0.1,0.9,0.4,0.9,0.27610332,49925,0.04283315333766662
0.8,0.9,0.6,0.2,0.27611303,49925,0.04145092295720677
0.1,0.7,0.5,0.4,0.27611497,49925,0.04388086572176778
0.4,0.8,0.6,0.2,0.2761281,49925,0.04292715945410875
0.2,0.4,0.3,0.1,0.2761281,49925,0.04292715945410875
0.9,0.7,0.3,0.5,0.27613023,49925,0.040094796605976916
0.3,0.9,0.9,0.1,0.2761393,49925,0.04331946692031983
0.1,0.7,0.8,0.3,0.27614,49925,0.04369728812360894
0.2,0.6,0.5,0.2,0.27614206,49925,0.043569146215096284
0.5,0.8,0.5,0.5,0.2761508,49925,0.042734292931841895
0.5,0.7,0.5,0.1,0.27618134,49925,0.041969877528766714
0.6,0.9,0.6,0.4,0.27619272,49925,0.042546469867982696
0.2,0.7,0.7,0.2,0.27619973,49925,0.043600362179256176
0.4,0.9,0.4,0.9,0.27620015,49925,0.042466470803761494
0.9,0.7,0.1,0.8,0.27620572,49925,0.038293153868016634
0.4,0.6,0.3,0.5,0.27620634,49925,0.04222422487559986
0.7,0.9,0.4,0.8,0.2762229,49925,0.041711413022832974
0.8,0.4,0.1,0.3,0.27623546,49925,0.03702723011765908
0.3,0.9,0.4,0.9,0.27623773,49925,0.042651870481363825
0.3,0.7,0.5,0.3,0.27625194,49925,0.04329843364995281
0.7,0.7,0.4,0.4,0.276286,49925,0.04139093714384423
0.2,0.6,0.7,0.1,0.27629003,49925,0.04331436825348392
0.4,0.5,0.3,0.3,0.2762946,49925,0.04211385382876601
0.1,0.7,0.7,0.3,0.27630293,49925,0.04383786503117956
0.2,0.5,0.1,0.7,0.27630928,49925,0.04063133020844807
0.5,0.7,0.2,0.8,0.27631792,49925,0.04100005821534759
0.2,0.7,0.9,0.2,0.27633545,49925,0.043347178370843176
0.1,0.7,0.2,0.9,0.27633733,49925,0.04162960781139871
0.1,0.5,0.6,0.2,0.27636462,49925,0.043598739778318685
0.9,0.9,0.6,0.1,0.27638048,49925,0.04078383272155708
0.5,0.9,0.7,0.1,0.27638334,49925,0.04258070204289914
0.5,0.8,0.4,0.7,0.27639145,49925,0.0423374394725353
0.7,0.8,0.5,0.4,0.27639264,49925,0.04187003144221754
0.3,0.9,0.6,0.5,0.27640903,49925,0.04349398270807658
0.3,0.8,0.3,0.9,0.27641052,49925,0.042159211031131266
0.4,0.7,0.3,0.7,0.27641222,49925,0.042141879950990974
0.3,0.7,0.6,0.1,0.2764171,49925,0.04313492758818323
0.5,0.9,0.4,0.9,0.27642316,49925,0.04224102002099021
0.1,0.5,0.5,0.2,0.27642858,49925,0.04381620311662642
0.4,0.9,0.6,0.5,0.27642974,49925,0.04326158494736677
0.3,0.9,0.9,0.2,0.2764325,49925,0.04346147879632561
0.7,0.7,0.3,0.6,0.27643958,49925,0.041031632098804525
0.2,0.6,0.6,0.1,0.2764464,49925,0.04338744051230369
0.5,0.5,0.1,0.6,0.27646953,49925,0.03960819039720325
0.4,0.7,0.5,0.2,0.27649954,49925,0.04268219519015391
0.9,0.7,0.4,0.3,0.27651322,49925,0.04030948328701053
0.9,0.8,0.5,0.2,0.27653503,49925,0.040589787280257875
0.6,0.6,0.4,0.1,0.27655268,49925,0.040949282842727336
0.2,0.9,0.6,0.6,0.27655324,49925,0.04367791754179605
0.1,0.7,0.9,0.3,0.27655497,49925,0.043457772290077155
0.1,0.4,0.3,0.2,0.27656356,49925,0.04376501904368256
0.2,0.8,0.6,0.4,0.27656356,49925,0.04376501904368256
0.5,0.7,0.4,0.5,0.276572,49925,0.04232368587660112
0.8,0.6,0.2,0.5,0.2765723,49925,0.039568568085898585
0.8,0.8,0.5,0.3,0.2765725,49925,0.04127701351681994
0.3,0.8,0.7,0.2,0.27657694,49925,0.0434225929999845
0.7,0.5,0.3,0.1,0.276583,49925,0.03946977085973538
0.9,0.6,0.3,0.3,0.27659595,49925,0.03949180876493833
0.3,0.2,0.1,0.1,0.27659595,49925,0.03949180876493834
0.6,0.4,0.2,0.2,0.27659595,49925,0.03949180876493834
0.8,0.3,0.1,0.1,0.276606,49925,0.03492631132292433
0.5,0.9,0.6,0.5,0.27661002,49925,0.04300385842410511
0.5,0.8,0.6,0.1,0.27661383,49925,0.04231875681801474
0.1,0.9,0.7,0.5,0.27662513,49925,0.04396979594234301
0.2,0.6,0.8,0.1,0.27662963,49925,0.043103528107355786
0.6,0.9,0.5,0.7,0.27663642,49925,0.04241609581156765
0.7,0.9,0.6,0.3,0.27665114,49925,0.04202491850475649
0.2,0.7,0.2,0.9,0.27666083,49925,0.04158802473831492
0.3,0.6,0.2,0.7,0.27667594,49925,0.041742045487388156
0.3,0.4,0.1,0.5,0.2766772,49925,0.04058904953909652
0.8,0.8,0.4,0.6,0.27668685,49925,0.04129794278767184
0.4,0.4,0.2,0.3,0.27668685,49925,0.04129794278767184
0.8,0.8,0.2,0.9,0.27670878,49925,0.04004753499004292
0.1,0.9,0.6,0.6,0.2767271,49925,0.04379410911784177
0.7,0.6,0.3,0.4,0.2767379,49925,0.040726617105511134
0.4,0.9,0.8,0.1,0.27676287,49925,0.04308031927301028
0.2,0.8,0.8,0.3,0.2767695,49925,0.043765556993608956
0.5,0.4,0.1,0.4,0.27677646,49925,0.03933258923495501
0.5,0.7,0.5,0.2,0.27682394,49925,0.04229086972444498
0.3,0.8,0.9,0.1,0.2768298,49925,0.04323868799934486
0.5,0.6,0.4,0.2,0.27683994,49925,0.041870692256991686
0.2,0.8,0.9,0.3,0.2768429,49925,0.04367572012349816
0.3,0.9,0.8,0.3,0.27687746,49925,0.043604353490655445
0.4,0.6,0.4,0.3,0.2768786,49925,0.04262746624211959
0.2,0.9,0.8,0.4,0.27691326,49925,0.04386630392910137
0.4,0.9,0.7,0.3,0.27691656,49925,0.043275460788952426
0.7,0.6,0.1,0.7,0.27691978,49925,0.03886280782403854
0.6,0.8,0.5,0.5,0.27693304,49925,0.04238574874675117
0.9,0.5,0.2,0.3,0.27695537,49925,0.038344030151449715
0.6,0.5,0.3,0.2,0.27695552,49925,0.040633157630696866
0.8,0.7,0.2,0.7,0.27696115,49925,0.03991320664713182
0.5,0.9,0.7,0.2,0.27696323,49925,0.04281726624634064
0.8,0.9,0.4,0.8,0.27699557,49925,0.04144017864604947
0.9,0.8,0.3,0.7,0.2769965,49925,0.04044770408610012
0.8,0.5,0.1,0.5,0.27699986,49925,0.037995386495311693
0.7,0.9,0.6,0.4,0.27704233,49925,0.04222857247200338
0.7,0.8,0.3,0.8,0.27704483,49925,0.041178006808611584
0.4,0.8,0.6,0.3,0.27704507,49925,0.04314455873468997
0.1,0.6,0.5,0.3,0.27706224,49925,0.04394613475232101
0.6,0.6,0.2,0.6,0.27707013,49925,0.04063478559651053
0.3,0.3,0.1,0.3,0.27707013,49925,0.04063478559651053
0.9,0.9,0.3,0.9,0.27707013,49925,0.04063478559651052
0.2,0.7,0.4,0.6,0.27707103,49925,0.04326654468024429
0.3,0.7,0.2,0.9,0.27707174,49925,0.04145320154836292
0.3,0.8,0.9,0.2,0.2770749,49925,0.043420835132281926
0.8,0.5,0.3,0.1,0.2770755,49925,0.03892378137664537
0.1,0.6,0.4,0.4,0.27707934,49925,0.043743945553231404
0.1,0.8,0.7,0.4,0.27709207,49925,0.04394143057591646
0.3,0.9,0.7,0.4,0.27709267,49925,0.043622071178225044
0.2,0.7,0.5,0.4,0.2770936,49925,0.04367621120547488
0.1,0.6,0.9,0.2,0.27712214,49925,0.04298791824334526
0.5,0.6,0.3,0.5,0.27716047,49925,0.04179525904395792
0.2,0.5,0.4,0.2,0.27716598,49925,0.04348209058582206
0.3,0.8,0.8,0.2,0.2771663,49925,0.04346444099984014
0.1,0.8,0.6,0.5,0.2771786,49925,0.04391755330989602
0.1,0.5,0.7,0.2,0.2771979,49925,0.04326226407397005
0.9,0.9,0.6,0.2,0.27720904,49925,0.04110114508889025
0.2,0.7,0.6,0.3,0.27722844,49925,0.0437754516752703
0.3,0.8,0.8,0.1,0.27724257,49925,0.04328259848803925
0.4,0.7,0.2,0.9,0.2772648,49925,0.04122483138840642
0.1,0.8,0.5,0.6,0.27728626,49925,0.043664018606862205
0.3,0.5,0.1,0.7,0.27731067,49925,0.040375254766037844
0.4,0.9,0.6,0.6,0.2773193,49925,0.0432973892492867
0.4,0.8,0.3,0.9,0.27732915,49925,0.041984008835279044
0.2,0.6,0.7,0.2,0.2773314,49925,0.04354523077026214
0.3,0.8,0.4,0.8,0.27733317,49925,0.042794123672732436
0.1,0.8,0.8,0.4,0.2773335,49925,0.04388747482088451
0.2,0.9,0.5,0.8,0.2773341,49925,0.043267300313146524
0.5,0.8,0.6,0.2,0.27734128,49925,0.042594507951261525
0.6,0.7,0.2,0.8,0.27734956,49925,0.040670032125366525
0.4,0.7,0.5,0.3,0.2773711,49925,0.04293996769392914
0.4,0.5,0.2,0.5,0.27739343,49925,0.04147360167927429
0.9,0.9,0.5,0.6,0.277404,49925,0.04146101780406832
0.7,0.7,0.1,0.9,0.277409,49925,0.03902090365280158
0.6,0.9,0.6,0.5,0.27743337,49925,0.042699786948365584
0.2,0.5,0.6,0.1,0.27743444,49925,0.043272826889609595
0.3,0.9,0.5,0.8,0.27743632,49925,0.04313444667149289
0.2,0.8,0.5,0.6,0.27744204,49925,0.0435263574605707
0.6,0.7,0.4,0.5,0.27744982,49925,0.04195165869248849
0.9,0.8,0.5,0.3,0.27745685,49925,0.04091217322799415
0.5,0.6,0.1,0.8,0.27746832,49925,0.03963977522783832
0.1,0.8,0.9,0.4,0.27747056,49925,0.04374668611245679
0.4,0.8,0.5,0.6,0.2774788,49925,0.04305035246675509
0.6,0.8,0.6,0.1,0.27750388,49925,0.04194903414820085
0.6,0.8,0.4,0.7,0.2775096,49925,0.042029081977404924
0.6,0.3,0.1,0.2,0.27751803,49925,0.037548612478002154
0.2,0.6,0.3,0.6,0.27752087,49925,0.04284650158469732
0.1,0.3,0.2,0.2,0.27753127,49925,0.04350892215837796
0.3,0.9,0.6,0.6,0.27753127,49925,0.04350892215837796
0.2,0.6,0.4,0.4,0.27753127,49925,0.04350892215837796
0.8,0.8,0.5,0.4,0.27753878,49925,0.041508001229533804
0.3,0.6,0.5,0.1,0.27754298,49925,0.0429727168781212
0.3,0.8,0.7,0.3,0.2775458,49925,0.04359679302772423
0.9,0.4,0.2,0.1,0.2775601,49925,0.03675705529385923
0.1,0.4,0.2,0.4,0.27756017,49925,0.04294872753006167
0.2,0.8,0.4,0.8,0.27756017,49925,0.04294872753006167
0.1,0.4,0.6,0.1,0.27756944,49925,0.042934169665071256
0.4,0.9,0.8,0.2,0.27759463,49925,0.04327265573776539
0.7,0.9,0.5,0.7,0.27760684,49925,0.04213066132334879
0.6,0.7,0.5,0.1,0.27760747,49925,0.04153505612619
0.8,0.9,0.6,0.3,0.2776167,49925,0.041708544858266985
0.1,0.9,0.8,0.5,0.27762055,49925,0.043963460448118205
0.2,0.5,0.3,0.4,0.2776263,49925,0.043184458843216665
0.5,0.7,0.3,0.7,0.2776373,49925,0.041813286223284285
0.2,0.6,0.6,0.2,0.27764505,49925,0.043632510779992015
0.3,0.9,0.9,0.3,0.27764505,49925,0.04363251077999201
0.1,0.3,0.3,0.1,0.27764505,49925,0.043632510779992015
0.6,0.9,0.7,0.1,0.27765998,49925,0.04226820608257092
0.3,0.7,0.9,0.1,0.2776701,49925,0.0430789435015545
0.3,0.7,0.6,0.2,0.2776702,49925,0.043361399243935145
0.2,0.7,0.3,0.8,0.27768973,49925,0.04248671196102716
0.1,0.7,0.4,0.6,0.2776927,49925,0.04342673114108708
0.8,0.9,0.6,0.4,0.2777117,49925,0.041905541626816506
0.3,0.8,0.5,0.6,0.27771237,49925,0.04332739614859888
0.2,0.9,0.9,0.4,0.2777191,49925,0.04385626201115715
0.3,0.7,0.4,0.6,0.2777214,49925,0.043013255769573475
0.3,0.8,0.6,0.4,0.2777218,49925,0.04354516436046452
0.2,0.9,0.7,0.5,0.27772886,49925,0.04387073936046961
0.4,0.9,0.5,0.8,0.2777407,49925,0.0429144442555588
0.3,0.6,0.1,0.9,0.27775472,49925,0.04008545079589904
0.2,0.7,0.7,0.3,0.2777603,49925,0.04380288327816377
0.1,0.5,0.3,0.4,0.27776736,49925,0.043500207615454305
0.3,0.7,0.8,0.1,0.27778122,49925,0.04320349909627902
0.5,0.5,0.3,0.3,0.27779058,49925,0.0415671812225793
0.4,0.8,0.4,0.8,0.2777928,49925,0.04258023948972379
0.3,0.6,0.3,0.6,0.2777928,49925,0.04258023948972379
0.2,0.4,0.2,0.4,0.2777928,49925,0.04258023948972379
0.1,0.2,0.1,0.2,0.2777928,49925,0.04258023948972379
0.8,0.6,0.1,0.7,0.27779317,49925,0.03846673935547309
0.7,0.6,0.4,0.1,0.27779403,49925,0.04044967916156485
0.8,0.7,0.4,0.4,0.27780148,49925,0.04099245148234491
0.1,0.7,0.3,0.8,0.27780843,49925,0.04257657860611576
0.2,0.5,0.5,0.1,0.27782604,49925,0.043356233319011554
0.7,0.5,0.2,0.4,0.27786842,49925,0.03977342279892025
0.8,0.7,0.3,0.6,0.277871,49925,0.040657106606991296
0.5,0.8,0.3,0.9,0.2778771,49925,0.04175200343593781
0.7,0.7,0.5,0.1,0.27788973,49925,0.04111554590039854
0.7,0.9,0.6,0.5,0.2779043,49925,0.042392822527654216
0.9,0.8,0.2,0.9,0.27791548,49925,0.03974086040306137
0.1,0.5,0.8,0.1,0.2779176,49925,0.04264996598664849
0.1,0.9,0.7,0.6,0.27794302,49925,0.043932631535132154
0.9,0.9,0.4,0.8,0.27794594,49925,0.04114328214629028
0.4,0.8,0.7,0.2,0.27796397,49925,0.04319407650124272
0.1,0.9,0.9,0.5,0.27796453,49925,0.04390771343724886
0.2,0.7,0.8,0.3,0.27796754,49925,0.043703933540034705
0.5,0.6,0.4,0.3,0.27797452,49925,0.04215260456253188
0.2,0.6,0.9,0.1,0.27797744,49925,0.04285040097768806
0.1,0.5,0.2,0.6,0.27798125,49925,0.042367828888108486
0.4,0.6,0.2,0.7,0.27798364,49925,0.04141803366617399
0.3,0.7,0.5,0.4,0.27798387,49925,0.04342154386478115
0.6,0.9,0.4,0.9,0.27798715,49925,0.04199933487421106
0.3,0.4,0.3,0.1,0.27799594,49925,0.04223889487172751
0.6,0.8,0.6,0.2,0.27799594,49925,0.04223889487172751
0.2,0.5,0.7,0.1,0.2780144,49925,0.04302404556508092
0.4,0.9,0.9,0.1,0.27802464,49925,0.04318068641293768
0.9,0.6,0.2,0.5,0.27802527,49925,0.03913512640952146
0.1,0.6,0.6,0.3,0.27803206,49925,0.04390230023997859
0.3,0.6,0.4,0.4,0.2780426,49925,0.04317894973496887
0.4,0.9,0.7,0.4,0.27804264,49925,0.04340061222815559
0.6,0.7,0.5,0.2,0.27804855,49925,0.04189428453447037
0.4,0.8,0.7,0.1,0.27805713,49925,0.04297030512114491
0.9,0.8,0.4,0.6,0.27807355,49925,0.040952168842887854
0.1,0.9,0.5,0.8,0.27808702,49925,0.04337318656043728
0.2,0.6,0.8,0.2,0.27809379,49925,0.04332149403482547
0.1,0.3,0.4,0.1,0.27809379,49925,0.04332149403482547
0.3,0.7,0.7,0.2,0.2780975,49925,0.04344337442066392
0.3,0.9,0.8,0.4,0.27810997,49925,0.04375113862127138
0.2,0.8,0.7,0.4,0.27811515,49925,0.043891362092723464
0.1,0.8,0.4,0.8,0.27811962,49925,0.04303398855322333
0.7,0.8,0.5,0.5,0.27813047,49925,0.04203764901115561
0.3,0.5,0.4,0.1,0.27813762,49925,0.0427010561608594
0.6,0.6,0.3,0.5,0.278158,49925,0.04135994161826905
0.6,0.9,0.7,0.2,0.27816468,49925,0.042513906639209106
0.3,0.7,0.7,0.1,0.2781812,49925,0.0432548754818501
0.1,0.6,0.7,0.3,0.27820987,49925,0.043728128810181864
0.1,0.4,0.1,0.6,0.27821565,49925,0.0410599583992894
0.5,0.8,0.6,0.3,0.27821591,49925,0.042826055437131076
0.1,0.6,0.3,0.6,0.27825034,49925,0.04301858135742668
0.9,0.4,0.1,0.3,0.27825183,49925,0.036457027410580205
0.8,0.7,0.1,0.9,0.27825361,49925,0.03871461022733613
0.7,0.5,0.3,0.2,0.27825853,49925,0.04005768739479261
0.1,0.5,0.1,0.8,0.27826267,49925,0.04047414882441199
0.8,0.9,0.5,0.7,0.27826923,49925,0.041844603480122956
0.3,0.8,0.8,0.3,0.27830282,49925,0.043647965230523146
0.8,0.8,0.3,0.8,0.2783141,49925,0.040874129007579245
0.2,0.6,0.5,0.3,0.27831635,49925,0.0437455541557948
0.1,0.5,0.4,0.3,0.2783236,49925,0.04392077449934457
0.5,0.9,0.7,0.3,0.27834064,49925,0.04301513342650533
0.6,0.6,0.4,0.2,0.2783427,49925,0.04137060486650254
0.3,0.3,0.2,0.1,0.2783427,49925,0.04137060486650254
0.9,0.9,0.6,0.3,0.2783427,49925,0.04137060486650254
0.5,0.8,0.5,0.6,0.278351,49925,0.04278302550455064
0.5,0.9,0.6,0.6,0.2783658,49925,0.043066234277734455
0.4,0.9,0.9,0.2,0.27838692,49925,0.043324830827634594
0.4,0.9,0.9,0.3,0.27840003,49925,0.04348482998064569
0.4,0.7,0.5,0.4,0.2784057,49925,0.04311190939926938
0.7,0.4,0.2,0.2,0.27840698,49925,0.03883596810477414
0.3,0.7,0.8,0.2,0.27841246,49925,0.043396184036103305
0.3,0.7,0.6,0.3,0.27843845,49925,0.04353346321246781
0.5,0.9,0.5,0.8,0.27844605,49925,0.042697198164747915
0.3,0.7,0.3,0.8,0.2784546,49925,0.04231915187460194
0.2,0.8,0.6,0.5,0.2784561,49925,0.04378400712400304
0.3,0.9,0.7,0.5,0.2784669,49925,0.04369317224192728
0.5,0.7,0.5,0.3,0.2784761,49925,0.04256994397577431
0.4,0.7,0.4,0.6,0.27849975,49925,0.04272653109622861
0.1,0.7,0.6,0.4,0.2785007,49925,0.04398412983121431
0.9,0.5,0.1,0.5,0.27851793,49925,0.03753021795696264
0.7,0.9,0.4,0.9,0.2785229,49925,0.04174414854144066
0.4,0.9,0.8,0.3,0.27852294,49925,0.04343037606011268
0.1,0.9,0.6,0.7,0.27852997,49925,0.043730212844093945
0.9,0.7,0.2,0.7,0.27853903,49925,0.03954490002416846
0.2,0.5,0.2,0.6,0.27857897,49925,0.04217518542031861
0.2,0.4,0.3,0.2,0.27858534,49925,0.04329144113657728
0.4,0.8,0.6,0.4,0.27858534,49925,0.04329144113657728
0.6,0.4,0.1,0.4,0.2785877,49925,0.03871537974975516
0.7,0.9,0.7,0.1,0.2786008,49925,0.041937212332254226
0.9,0.5,0.3,0.1,0.27860743,49925,0.03837910352612223
0.5,0.9,0.7,0.4,0.27864707,49925,0.04315253646721139
0.9,0.9,0.6,0.4,0.27865008,49925,0.041599556896012205
0.2,0.7,0.9,0.3,0.27865267,49925,0.04350916046939323
0.6,0.6,0.1,0.8,0.27865288,49925,0.03927883740620837
0.6,0.7,0.3,0.7,0.27865502,49925,0.04147243071234919
0.3,0.5,0.3,0.4,0.27866054,49925,0.04275259760458568
0.3,0.6,0.5,0.2,0.27867123,49925,0.04325838694535853
0.4,0.9,0.7,0.5,0.27868965,49925,0.043500017879680934
0.2,0.7,0.5,0.5,0.2787048,49925,0.043678581435629166
0.1,0.7,0.5,0.5,0.27870673,49925,0.04382607225872544
0.7,0.6,0.2,0.6,0.27870828,49925,0.04021487219837474
0.8,0.6,0.3,0.4,0.27872467,49925,0.04027927732243492
0.9,0.7,0.3,0.6,0.2787389,49925,0.040284023803231345
0.8,0.6,0.4,0.1,0.27874455,49925,0.039957707599494435
0.7,0.8,0.4,0.7,0.27874458,49925,0.041712336185534604
0.2,0.9,0.6,0.7,0.27875215,49925,0.04364926080518543
0.7,0.8,0.6,0.1,0.27877277,49925,0.041599521571352494
0.3,0.8,0.9,0.3,0.27877796,49925,0.04357030844519713
0.5,0.4,0.2,0.3,0.2787838,49925,0.04061415776421899
0.4,0.8,0.9,0.1,0.27878845,49925,0.04310315061958573
0.9,0.6,0.1,0.7,0.27879083,49925,0.03808388588000863
0.3,0.8,0.6,0.5,0.27881324,49925,0.04360297312861242
0.7,0.7,0.2,0.8,0.278846,49925,0.040343387136994605
0.4,0.7,0.6,0.1,0.2788722,49925,0.042797256896139474
0.5,0.5,0.2,0.5,0.27887878,49925,0.04100255490615684
0.1,0.4,0.4,0.2,0.27889082,49925,0.04389985923937534
0.2,0.8,0.8,0.4,0.27889082,49925,0.04389985923937534
0.8,0.8,0.4,0.7,0.2788923,49925,0.041396715743714584
0.8,0.9,0.4,0.9,0.2788972,49925,0.041465904080194974
0.1,0.3,0.1,0.4,0.27891073,49925,0.0417887086608023
0.2,0.6,0.2,0.8,0.27891073,49925,0.0417887086608023
0.1,0.6,0.2,0.8,0.2789345,49925,0.04186562201772726
0.6,0.9,0.7,0.3,0.2789358,49925,0.04269684146913639
0.3,0.6,0.8,0.1,0.2789409,49925,0.04300595935351016
0.3,0.9,0.9,0.4,0.27894723,49925,0.04379407079712352
0.4,0.8,0.8,0.1,0.27895138,49925,0.043103641925056134
0.3,0.6,0.6,0.1,0.27895328,49925,0.04316355461107077
0.7,0.9,0.7,0.2,0.278962,49925,0.042188348936076744
0.1,0.8,0.7,0.5,0.27896923,49925,0.04397508587353329
0.2,0.5,0.5,0.2,0.2789906,49925,0.04365574681738527
0.7,0.7,0.4,0.5,0.2790047,49925,0.04158327158461993
0.4,0.9,0.8,0.4,0.27901673,49925,0.04355074491928047
0.1,0.6,0.8,0.3,0.27902758,49925,0.043463580675099325
0.3,0.7,0.9,0.2,0.27904424,49925,0.043275202873142814
0.9,0.7,0.4,0.4,0.2790461,49925,0.0405913685346719
0.6,0.5,0.1,0.6,0.2790553,49925,0.039146536667023
0.1,0.7,0.8,0.4,0.2790563,49925,0.04377525370133231
0.5,0.9,0.8,0.1,0.27905783,49925,0.04283546169686363
0.2,0.9,0.7,0.6,0.2790611,49925,0.04385594826195205
0.9,0.8,0.5,0.4,0.27907783,49925,0.0411472823864647
0.1,0.7,0.7,0.4,0.2790856,49925,0.04392043562367524
0.2,0.9,0.8,0.5,0.27911356,49925,0.04394756828790529
0.2,0.8,0.9,0.4,0.27912015,49925,0.04379824528670565
0.3,0.6,0.7,0.1,0.27912214,49925,0.043141843604006205
0.6,0.9,0.5,0.8,0.2791421,49925,0.042444557947486805
0.3,0.9,0.6,0.7,0.27916008,49925,0.04349246061686853
0.2,0.4,0.4,0.1,0.27916297,49925,0.04329603478657477
0.4,0.8,0.8,0.2,0.27916297,49925,0.04329603478657477
0.5,0.9,0.8,0.2,0.27916762,49925,0.04303609831454414
0.2,0.7,0.6,0.4,0.27916795,49925,0.043876396664683626
0.9,0.9,0.5,0.7,0.27918512,49925,0.04156236032007504
0.9,0.7,0.1,0.9,0.27920446,49925,0.038418057762969166
0.4,0.7,0.6,0.2,0.27920848,49925,0.043075233696685034
0.4,0.7,0.3,0.8,0.27922058,49925,0.04209509440464749
0.5,0.9,0.9,0.1,0.27923137,49925,0.04298228346454817
0.8,0.9,0.6,0.5,0.2792328,49925,0.04206963145774817
0.3,0.8,0.7,0.4,0.27924126,49925,0.04372424842279886
0.8,0.8,0.6,0.1,0.27924597,49925,0.041242473679417
0.2,0.3,0.2,0.2,0.27924663,49925,0.04279082580861675
0.6,0.9,0.6,0.6,0.27924663,49925,0.04279082580861674
0.4,0.6,0.4,0.4,0.27924663,49925,0.04279082580861675
0.6,0.8,0.3,0.9,0.27925834,49925,0.04147995677389778
0.8,0.8,0.5,0.5,0.27925912,49925,0.04169697160121128
0.5,0.8,0.6,0.4,0.27926046,49925,0.042991392957718824
0.3,0.6,0.6,0.2,0.27926803,49925,0.04340742701379947
0.2,0.9,0.5,0.9,0.2792746,49925,0.04315866385955128
0.8,0.7,0.5,0.1,0.27929318,49925,0.0407071761969159
0.2,0.9,0.9,0.5,0.27932158,49925,0.04394490197839852
0.1,0.9,0.8,0.6,0.27932435,49925,0.043972407999714566
0.3,0.9,0.5,0.9,0.2793408,49925,0.0430287940013557
0.7,0.6,0.4,0.2,0.2793569,49925,0.0408785307611326
0.4,0.8,0.7,0.3,0.27935824,49925,0.04339195723108047
0.1,0.9,0.5,0.9,0.27936983,49925,0.04322862944891223
0.6,0.8,0.6,0.3,0.27937436,49925,0.04249050577087192
0.3,0.6,0.2,0.8,0.27937448,49925,0.04160997407595907
0.1,0.8,0.8,0.5,0.2794031,49925,0.04392178680422406
0.4,0.6,0.1,0.9,0.2794123,49925,0.03985368543613328
0.4,0.5,0.1,0.7,0.27941814,49925,0.04000406641816711
0.1,0.8,0.5,0.7,0.279423,49925,0.0435435039230543
0.8,0.9,0.7,0.1,0.2794381,49925,0.04164405137485284
0.3,0.9,0.8,0.5,0.27944097,49925,0.04381975242611239
0.2,0.8,0.7,0.5,0.27944598,49925,0.04392003878723235
0.6,0.8,0.5,0.6,0.2794505,49925,0.042459145361199144
0.2,0.5,0.1,0.8,0.27947012,49925,0.04040986769174398
0.1,0.6,0.4,0.5,0.27947187,49925,0.04365267975123576
0.1,0.6,0.5,0.4,0.27947414,49925,0.04394633274830911
0.5,0.8,0.4,0.8,0.27950191,49925,0.042325240251252456
0.1,0.8,0.4,0.9,0.27950695,49925,0.042880029214672814
0.6,0.7,0.5,0.3,0.2795128,49925,0.04215595521497233
0.2,0.6,0.9,0.2,0.27954856,49925,0.04305436661677652
0.3,0.5,0.4,0.2,0.27956656,49925,0.04304394295966086
0.5,0.7,0.2,0.9,0.27958092,49925,0.04095675811277252
0.4,0.8,0.9,0.2,0.27959466,49925,0.04327853956154046
0.4,0.9,0.6,0.7,0.2795984,49925,0.043289483550983464
0.2,0.4,0.5,0.1,0.27959865,49925,0.04321345718839969
0.5,0.7,0.5,0.4,0.27960056,49925,0.04274213426943442
0.4,0.8,0.6,0.5,0.27960932,49925,0.04336351275775592
0.9,0.6,0.4,0.1,0.27962196,49925,0.03948084543443566
0.4,0.6,0.3,0.6,0.2796349,49925,0.042235167611351765
0.9,0.8,0.3,0.8,0.27963844,49925,0.040557447782812055
0.6,0.9,0.7,0.4,0.2796679,49925,0.04288903744378767
0.5,0.7,0.4,0.6,0.2796733,49925,0.042384675233522524
0.6,0.6,0.4,0.3,0.27968702,49925,0.041698731333767496
0.2,0.4,0.1,0.6,0.2797278,49925,0.04084670414688718
0.8,0.5,0.2,0.4,0.27972952,49925,0.03926015620860463
0.4,0.6,0.5,0.1,0.27973732,49925,0.04252376169306655
0.2,0.8,0.4,0.9,0.27974224,49925,0.042806672644408676
0.5,0.8,0.7,0.1,0.27974644,49925,0.04265587403192906
0.7,0.9,0.7,0.3,0.2797503,49925,0.04240478847222899
0.7,0.8,0.6,0.2,0.27975088,49925,0.04189162775311372
0.7,0.4,0.1,0.4,0.27976018,49925,0.03811928253661472
0.1,0.7,0.4,0.7,0.2797774,49925,0.04326112700327542
0.7,0.7,0.3,0.7,0.27977854,49925,0.041140771958893055
0.1,0.4,0.5,0.2,0.27979353,49925,0.043630693247866836
0.1,0.8,0.9,0.5,0.27980727,49925,0.04379782916093994
0.6,0.8,0.4,0.8,0.27982607,49925,0.04204526479147833
0.3,0.4,0.2,0.4,0.27982607,49925,0.04204526479147833
0.6,0.5,0.3,0.3,0.27983528,49925,0.041000731556565924
0.7,0.6,0.3,0.5,0.27984363,49925,0.04093426210476018
0.4,0.7,0.7,0.1,0.27985853,49925,0.04299512039227639
0.2,0.5,0.4,0.3,0.27985916,49925,0.04362985713554284
0.4,0.8,0.8,0.3,0.2798601,49925,0.04346548018232817
0.1,0.5,0.5,0.3,0.27986532,49925,0.04393924282020693
0.3,0.8,0.5,0.7,0.2798703,49925,0.04327044914163494
0.5,0.6,0.2,0.7,0.27987272,49925,0.04105849762864713
0.5,0.8,0.7,0.2,0.27987468,49925,0.042905191880074516
0.4,0.4,0.1,0.5,0.27987623,49925,0.04006043098694922
0.2,0.8,0.5,0.7,0.27989176,49925,0.043460246450943374
0.5,0.9,0.9,0.2,0.27989286,49925,0.04313787082809394
0.1,0.5,0.8,0.2,0.27989978,49925,0.04289731126441178
0.3,0.9,0.7,0.6,0.27990553,49925,0.04370406102603629
0.2,0.6,0.6,0.3,0.27992594,49925,0.04383047209238653
0.7,0.6,0.1,0.8,0.2799402,49925,0.038925005956227963
0.4,0.5,0.3,0.4,0.27994418,49925,0.042257239085261175
0.9,0.6,0.3,0.4,0.27996707,49925,0.0398585044057205
0.3,0.7,0.5,0.5,0.27997234,49925,0.04344431326388395
0.3,0.7,0.7,0.3,0.27997378,49925,0.04364452214053201
0.3,0.5,0.2,0.6,0.27997476,49925,0.0418807575939459
0.7,0.9,0.6,0.6,0.27998975,49925,0.04248355518859316
0.4,0.9,0.5,0.9,0.27999878,49925,0.04286115528884876
0.5,0.9,0.8,0.3,0.28000247,49925,0.04322054935841843
0.7,0.7,0.5,0.2,0.28001282,49925,0.04148820239300301
0.2,0.7,0.4,0.7,0.28001797,49925,0.04314640714412117
0.9,0.3,0.1,0.1,0.28002053,49925,0.03426982805693623
0.2,0.5,0.6,0.2,0.28002703,49925,0.04351848882243806
0.7,0.9,0.5,0.8,0.28002858,49925,0.04217432276746856
0.1,0.9,0.6,0.8,0.2800293,49925,0.043617596320018596
0.8,0.7,0.2,0.8,0.28005305,49925,0.03999988938941496
0.1,0.8,0.6,0.6,0.28006518,49925,0.0438752446321016
0.8,0.9,0.7,0.2,0.2800712,49925,0.04188335462787501
0.3,0.7,0.4,0.7,0.28008863,49925,0.042931653732230304
0.4,0.5,0.4,0.1,0.28009966,49925,0.04214893678456033
0.3,0.6,0.9,0.1,0.28011438,49925,0.042835130609828534
0.2,0.5,0.8,0.1,0.28012496,49925,0.042746102747437245
0.5,0.9,0.7,0.5,0.2801274,49925,0.04327786800998215
0.1,0.7,0.9,0.4,0.28012797,49925,0.043587049834062565
0.7,0.5,0.1,0.6,0.28015208,49925,0.0386908842249814
0.9,0.8,0.6,0.1,0.28016642,49925,0.040874110970329884
0.1,0.4,0.3,0.3,0.28017175,49925,0.04376605011866842
0.2,0.8,0.6,0.6,0.28017175,49925,0.04376605011866842
0.9,0.7,0.5,0.1,0.28017366,49925,0.04029791905052827
0.3,0.6,0.5,0.3,0.2801766,49925,0.04343318732756852
0.4,0.7,0.9,0.1,0.2801771,49925,0.04295815168303738
0.5,0.9,0.6,0.7,0.28018978,49925,0.043068850289352985
0.9,0.8,0.4,0.7,0.2802019,49925,0.04106711966346015
0.9,0.9,0.4,0.9,0.28020853,49925,0.04121296854303104
0.8,0.7,0.3,0.7,0.28020933,49925,0.040786187975291356
0.4,0.7,0.7,0.2,0.2802143,49925,0.043218638313607734
0.1,0.9,0.9,0.6,0.28022826,49925,0.04392555837870623
0.5,0.7,0.3,0.8,0.2802392,49925,0.041807375942601005
0.1,0.6,0.3,0.7,0.28023922,49925,0.04282178152531916
0.3,0.4,0.3,0.2,0.28024796,49925,0.042675528033724215
0.6,0.8,0.6,0.4,0.28024796,49925,0.042675528033724215
0.8,0.7,0.4,0.5,0.28024992,49925,0.04119547595427916
0.8,0.5,0.3,0.2,0.28025472,49925,0.039510738397956914
0.5,0.9,0.5,0.9,0.2802639,49925,0.04265866946538473
0.5,0.7,0.6,0.1,0.2802791,49925,0.0424414123855767
0.3,0.8,0.4,0.9,0.28029504,49925,0.04270018851968795
0.4,0.8,0.5,0.7,0.2803051,49925,0.04304085668375772
0.2,0.9,0.8,0.6,0.28031075,49925,0.04395911509202083
0.7,0.8,0.5,0.6,0.28031614,49925,0.04213699700807828
0.4,0.9,0.9,0.4,0.28031996,49925,0.04362623541172819
0.2,0.7,0.3,0.9,0.2803424,49925,0.042331977750688816
0.1,0.6,0.9,0.3,0.28034335,49925,0.04315054255998195
0.6,0.9,0.8,0.1,0.28034928,49925,0.04257771602142735
0.5,0.6,0.4,0.4,0.28035754,49925,0.0423384688304521
0.2,0.6,0.4,0.5,0.2803618,49925,0.043461726295734346
0.3,0.7,0.6,0.4,0.28037143,49925,0.043641838067983336
0.1,0.5,0.3,0.5,0.28037605,49925,0.04331684871048207
0.5,0.8,0.8,0.1,0.28038335,49925,0.04285635932672814
0.6,0.7,0.4,0.6,0.28038356,49925,0.042029654203701305
0.9,0.9,0.6,0.5,0.28039744,49925,0.04177270315317186
0.5,0.9,0.9,0.3,0.28039974,49925,0.04331110833075051
0.7,0.8,0.3,0.9,0.2804078,49925,0.041194116476439877
0.1,0.7,0.3,0.9,0.28041062,49925,0.04238962005979616
0.4,0.7,0.6,0.3,0.28041494,49925,0.04326654398561437
0.8,0.6,0.2,0.6,0.2804215,49925,0.03975972473111697
0.4,0.3,0.1,0.3,0.2804215,49925,0.03975972473111697
0.4,0.8,0.7,0.4,0.28043798,49925,0.043498835394331685
0.1,0.7,0.6,0.5,0.2804621,49925,0.04395071236601357
0.7,0.8,0.6,0.3,0.28047732,49925,0.042135946800312206
0.2,0.6,0.3,0.7,0.2804796,49925,0.04269724929647751
0.1,0.6,0.6,0.4,0.28048223,49925,0.04393655459913559
0.5,0.6,0.3,0.6,0.280499,49925,0.04184948893696343
0.4,0.7,0.8,0.1,0.28050035,49925,0.04302173614267426
0.8,0.6,0.4,0.2,0.28051153,49925,0.04041945323911329
0.4,0.3,0.2,0.1,0.28051153,49925,0.04041945323911329
0.1,0.9,0.7,0.7,0.28052586,49925,0.04387328812196477
0.8,0.9,0.5,0.8,0.28056523,49925,0.04190995587046268
0.7,0.7,0.5,0.3,0.2805699,49925,0.04175099184571241
0.9,0.8,0.5,0.5,0.28058755,49925,0.04135276853513782
0.2,0.7,0.7,0.4,0.28058875,49925,0.04390715703465464
0.3,0.5,0.5,0.1,0.28059685,49925,0.04303039306355425
0.3,0.8,0.8,0.4,0.2806089,49925,0.043779989925711686
0.1,0.5,0.9,0.1,0.28061017,49925,0.04227848284972052
0.6,0.9,0.8,0.2,0.2806113,49925,0.042768949461308686
0.8,0.4,0.2,0.2,0.28062364,49925,0.03820210411438856
0.4,0.2,0.1,0.1,0.28062364,49925,0.03820210411438856
0.2,0.8,0.8,0.5,0.2806272,49925,0.04393479889067903
0.9,0.9,0.7,0.1,0.2806427,49925,0.04131722352063029
0.6,0.7,0.2,0.9,0.28064457,49925,0.040638861433906506
0.5,0.6,0.1,0.9,0.2806583,49925,0.039583238181337424
0.3,0.6,0.7,0.2,0.28070027,49925,0.04337377003614506
0.8,0.9,0.7,0.3,0.28070533,49925,0.04211019545986315
0.6,0.7,0.5,0.4,0.28071278,49925,0.042339022153592226
0.4,0.8,0.4,0.9,0.28071794,49925,0.04251299607826434
0.4,0.6,0.5,0.2,0.28072885,49925,0.04285437894271195
0.2,0.5,0.7,0.2,0.28073698,49925,0.04330077846407302
0.1,0.4,0.7,0.1,0.28074652,49925,0.042497085699829545
0.5,0.8,0.7,0.3,0.28074872,49925,0.04310813756471073
0.4,0.5,0.4,0.2,0.28075665,49925,0.04254028987697892
0.2,0.6,0.7,0.3,0.28076315,49925,0.04371098933181361
0.3,0.5,0.6,0.1,0.28076893,49925,0.0430500105568418
0.7,0.8,0.4,0.8,0.2807905,49925,0.041749786877442636
0.3,0.6,0.4,0.5,0.28079483,49925,0.043181643145174885
0.6,0.9,0.6,0.7,0.28079882,49925,0.04282185688706618
0.4,0.9,0.7,0.6,0.28079927,49925,0.04353063598529354
0.8,0.8,0.3,0.9,0.28081095,49925,0.04091580177007862
0.2,0.9,0.7,0.7,0.28083634,49925,0.04382621255464403
0.2,0.6,0.5,0.4,0.28085732,49925,0.043775207271116605
0.2,0.9,0.6,0.8,0.28086185,49925,0.043567294382000056
0.5,0.9,0.8,0.4,0.28087074,49925,0.043357607980161514
0.7,0.3,0.1,0.2,0.28087145,49925,0.03678230655921834
0.5,0.6,0.5,0.1,0.28087223,49925,0.04211113984981791
0.6,0.9,0.9,0.1,0.28089476,49925,0.042735037918556665
0.1,0.5,0.6,0.3,0.28090444,49925,0.043738433081108787
0.5,0.8,0.4,0.9,0.28092244,49925,0.0422828204648332
0.6,0.8,0.7,0.1,0.28092557,49925,0.04235725592742429
0.6,0.4,0.2,0.3,0.28092656,49925,0.03998257688611318
0.4,0.7,0.5,0.5,0.28092855,49925,0.04316422407460271
0.3,0.9,0.9,0.5,0.2809286,49925,0.04386107403952312
0.8,0.6,0.3,0.5,0.2809381,49925,0.04049731925977779
0.4,0.9,0.8,0.5,0.28094178,49925,0.04365889583434635
0.5,0.8,0.6,0.5,0.28095457,49925,0.04310509281377973
0.4,0.4,0.3,0.1,0.28097174,49925,0.041542263026124
0.8,0.8,0.6,0.2,0.28097174,49925,0.041542263026124
0.4,0.6,0.2,0.8,0.28097823,49925,0.04134616352704691
0.2,0.3,0.1,0.4,0.28097823,49925,0.04134616352704691
0.2,0.9,0.9,0.6,0.2809807,49925,0.043934061751963564
0.2,0.4,0.6,0.1,0.28100565,49925,0.04292976207518019
0.6,0.9,0.7,0.5,0.2810076,49925,0.043009239669082655
0.4,0.7,0.4,0.7,0.28101408,49925,0.04268104413824996
0.8,0.9,0.6,0.6,0.28102052,49925,0.042193532956318384
0.6,0.5,0.2,0.5,0.28104568,49925,0.040507035278890643
0.1,0.8,0.7,0.6,0.28104714,49925,0.04394737716590934
0.3,0.8,0.6,0.6,0.2810659,49925,0.04360604006940196
0.3,0.7,0.9,0.3,0.2810707,49925,0.04344256652970216
0.5,0.8,0.8,0.2,0.28109473,49925,0.04305429922315239
0.7,0.9,0.7,0.4,0.28109998,49925,0.04261914252791197
0.5,0.7,0.6,0.2,0.281102,49925,0.04270037647279273
0.5,0.8,0.5,0.7,0.28110385,49925,0.04278673975522224
0.8,0.8,0.5,0.6,0.28111607,49925,0.04180923585559835
0.3,0.7,0.8,0.3,0.2811367,49925,0.04359762974220325
0.3,0.9,0.6,0.8,0.28113955,49925,0.04343487580826258
0.5,0.5,0.3,0.4,0.28115243,49925,0.041725824267541546
0.3,0.8,0.9,0.4,0.28115958,49925,0.04372205552131105
0.6,0.6,0.2,0.7,0.28116238,49925,0.040669722382976926
0.3,0.5,0.1,0.8,0.28116676,49925,0.04020321478116027
0.7,0.7,0.4,0.6,0.28116837,49925,0.041672688274961525
0.2,0.5,0.3,0.5,0.2811824,49925,0.043070117855287825
0.2,0.7,0.6,0.5,0.28119242,49925,0.04385442718272891
0.9,0.9,0.7,0.2,0.28119746,49925,0.04157011556802432
0.3,0.6,0.8,0.2,0.28119785,49925,0.04323772471306834
0.8,0.7,0.5,0.2,0.28120267,49925,0.04106342770358867
0.9,0.5,0.3,0.2,0.281203,49925,0.03900437788752272
0.8,0.8,0.4,0.8,0.2812043,49925,0.04145188146062566
0.4,0.4,0.2,0.4,0.2812043,49925,0.04145188146062566
0.6,0.6,0.3,0.6,0.2812043,49925,0.04145188146062565
0.2,0.2,0.1,0.2,0.2812043,49925,0.04145188146062566
0.5,0.5,0.1,0.7,0.28121462,49925,0.039596463889313746
0.9,0.9,0.5,0.8,0.28121716,49925,0.04162583592314047
0.3,0.8,0.7,0.5,0.2812501,49925,0.04376082207959384
0.1,0.7,0.5,0.6,0.2812568,49925,0.043731015135460294
0.4,0.8,0.9,0.3,0.2812662,49925,0.043441418501969635
0.7,0.6,0.4,0.3,0.28127453,49925,0.04121578700364985
0.3,0.9,0.8,0.6,0.28127497,49925,0.04383824726966071
0.2,0.7,0.5,0.6,0.28129262,49925,0.043616152603696674
0.9,0.6,0.2,0.6,0.28130314,49925,0.03936130563584568
0.6,0.9,0.8,0.3,0.2813098,49925,0.042979939331151455
0.4,0.7,0.8,0.2,0.2813158,49925,0.04322509272071735
0.2,0.7,0.8,0.4,0.2813335,49925,0.043808811327321555
0.3,0.6,0.3,0.7,0.28135076,49925,0.042487040404093825
0.5,0.8,0.9,0.1,0.28135902,49925,0.042907379829224004
0.1,0.6,0.7,0.4,0.28135908,49925,0.04377734562656511
0.6,0.7,0.3,0.8,0.28136712,49925,0.04148158593213363
0.3,0.9,0.7,0.7,0.28139082,49925,0.043705873963711915
0.9,0.7,0.2,0.8,0.2813922,49925,0.03965384646346527
0.4,0.5,0.2,0.6,0.2814172,49925,0.04147722412165061
0.1,0.9,0.8,0.7,0.2814322,49925,0.043932807606465896
0.6,0.7,0.6,0.1,0.28144893,49925,0.042081875353870785
0.7,0.9,0.8,0.1,0.28146407,49925,0.04228718504445687
0.4,0.7,0.9,0.2,0.28146863,49925,0.04316246053453935
0.9,0.5,0.2,0.4,0.2814723,49925,0.038770146367062455
0.6,0.8,0.7,0.2,0.281474,49925,0.04258099815006939
0.1,0.7,0.7,0.5,0.28149405,49925,0.04393586092330421
0.1,0.6,0.2,0.9,0.2814951,49925,0.041610631755619486
0.1,0.5,0.2,0.7,0.28150862,49925,0.04208310288523988
0.1,0.4,0.6,0.2,0.28151155,49925,0.043214111025960886
0.4,0.9,0.6,0.8,0.2815279,49925,0.04324627257183837
0.8,0.4,0.1,0.4,0.2815358,49925,0.0375666294321288
0.7,0.7,0.2,0.9,0.28154087,49925,0.04032613169422667
0.9,0.7,0.4,0.5,0.28154296,49925,0.04080985031584188
0.1,0.5,0.4,0.4,0.28154325,49925,0.04386217536018599
0.6,0.9,0.5,0.9,0.28154796,49925,0.0424399541206825
0.3,0.7,0.3,0.9,0.2815646,49925,0.0421641155864197
0.2,0.6,0.8,0.3,0.28156638,49925,0.04350276270133581
0.4,0.6,0.4,0.5,0.28156877,49925,0.042828450275396834
0.9,0.9,0.6,0.6,0.2815745,49925,0.04188758329761666
0.6,0.6,0.4,0.4,0.2815745,49925,0.041887583297616666
0.3,0.3,0.2,0.2,0.2815745,49925,0.041887583297616666
0.4,0.7,0.3,0.9,0.28157684,49925,0.041993074827622524
0.8,0.6,0.1,0.8,0.28158018,49925,0.03857039628142124
0.9,0.8,0.3,0.9,0.28159192,49925,0.04062901081521528
0.5,0.8,0.9,0.2,0.2816047,49925,0.04309004308778129
0.5,0.6,0.5,0.2,0.2816104,49925,0.04241436715076653
0.6,0.8,0.4,0.9,0.281659,49925,0.042040282419199486
0.9,0.8,0.6,0.2,0.28166735,49925,0.04118046081335451
0.1,0.4,0.2,0.5,0.28167096,49925,0.0426617152798005
0.6,0.9,0.9,0.2,0.2817037,49925,0.042932061810547005
0.8,0.8,0.6,0.3,0.28170726,49925,0.0417993268199235
0.5,0.7,0.6,0.3,0.28171277,49925,0.0429237576277425
0.2,0.8,0.5,0.8,0.28172743,49925,0.04334096285480267
0.1,0.8,0.5,0.8,0.28172985,49925,0.04342095695110673
0.5,0.9,0.7,0.6,0.28174424,49925,0.04333269206842999
0.3,0.5,0.4,0.3,0.2817477,49925,0.043254489530360006
0.4,0.6,0.6,0.1,0.28174984,49925,0.04283206307733091
0.8,0.5,0.1,0.6,0.28177282,49925,0.038226329178559774
0.1,0.8,0.6,0.7,0.28177845,49925,0.0437550425031208
0.1,0.5,0.1,0.9,0.28177896,49925,0.04015763178940053
0.1,0.3,0.5,0.1,0.28178418,49925,0.04279122045901051
0.7,0.9,0.6,0.7,0.28179142,49925,0.042549262351935596
0.3,0.8,0.5,0.8,0.28182152,49925,0.04317859517531795
0.9,0.7,0.3,0.7,0.28182483,49925,0.040441024648833444
0.7,0.8,0.6,0.4,0.2818332,49925,0.04232216889354221
0.1,0.8,0.8,0.6,0.28184888,49925,0.0439042809984083
0.9,0.9,0.7,0.3,0.28185296,49925,0.04181454139081948
0.4,0.6,0.5,0.3,0.28186032,49925,0.04306444750576713
0.2,0.8,0.7,0.6,0.2818638,49925,0.04390493878623921
0.3,0.5,0.7,0.1,0.28186488,49925,0.04289852775605541
0.5,0.7,0.5,0.5,0.28187358,49925,0.04283271352152712
0.5,0.5,0.4,0.1,0.28191704,49925,0.041601808181437605
0.9,0.6,0.3,0.5,0.28191975,49925,0.0400788641560678
0.6,0.8,0.5,0.7,0.28194287,49925,0.042501334596181384
0.7,0.5,0.3,0.3,0.2819543,49925,0.04044918480749939
0.9,0.6,0.4,0.2,0.28196427,49925,0.03994718062563703
0.4,0.7,0.7,0.3,0.28197044,49925,0.04341371277850322
0.5,0.4,0.1,0.5,0.28198078,49925,0.03949701612572665
0.2,0.6,0.2,0.9,0.2819956,49925,0.04155796275723511
0.1,0.7,0.8,0.5,0.28199586,49925,0.04378952129042834
0.6,0.8,0.7,0.3,0.28201294,49925,0.04279868236722471
0.8,0.7,0.4,0.6,0.2820144,49925,0.04131806558660351
0.4,0.6,0.3,0.7,0.28203908,49925,0.04218951262121544
0.7,0.8,0.7,0.1,0.28204346,49925,0.042043229773486956
0.5,0.9,0.9,0.4,0.28204608,49925,0.04346805223475767
0.7,0.9,0.5,0.9,0.28204972,49925,0.042200033808682896
0.2,0.8,0.9,0.5,0.28206038,49925,0.043845528223432996
0.9,0.8,0.4,0.8,0.28206065,49925,0.04115611837012161
0.5,0.7,0.7,0.1,0.28208053,49925,0.04268687092663995
0.3,0.5,0.5,0.2,0.28209049,49925,0.04332581410319432
0.7,0.7,0.5,0.4,0.2821004,49925,0.041950630377292665
0.3,0.4,0.1,0.6,0.28210324,49925,0.04047552495288142
0.2,0.5,0.2,0.7,0.28210503,49925,0.04197472158139019
0.6,0.7,0.6,0.2,0.2821071,49925,0.04234456037708751
0.1,0.9,0.9,0.7,0.28210992,49925,0.04388889975181693
0.1,0.4,0.1,0.7,0.28211,49925,0.04065062653986039
0.6,0.8,0.6,0.5,0.2821136,49925,0.042779866245507885
0.4,0.6,0.7,0.1,0.28211853,49925,0.04291268690720152
0.2,0.7,0.4,0.8,0.2821356,49925,0.0430044672010243
0.9,0.7,0.5,0.2,0.28214094,49925,0.04064188748081416
0.7,0.6,0.2,0.7,0.28214833,49925,0.040291242633285415
0.7,0.9,0.8,0.2,0.28216025,49925,0.042499835398298574
0.2,0.4,0.3,0.3,0.2821727,49925,0.04339359225183177
0.4,0.8,0.6,0.6,0.2821727,49925,0.04339359225183177
0.5,0.8,0.8,0.3,0.28219804,49925,0.0432504645068555
0.9,0.8,0.5,0.6,0.28220677,49925,0.04148414178284585
0.7,0.7,0.3,0.8,0.2822389,49925,0.041178413602165405
0.4,0.9,0.8,0.6,0.28224677,49925,0.04367156072878065
0.6,0.6,0.1,0.9,0.28224722,49925,0.0392654473478966
0.3,0.6,0.5,0.4,0.28224763,49925,0.04351175817225204
0.3,0.5,0.3,0.5,0.2822875,49925,0.042714492207790465
0.8,0.9,0.7,0.4,0.28228834,49925,0.042314877201562434
0.5,0.9,0.6,0.8,0.28229702,49925,0.043055395798928815
0.3,0.7,0.5,0.6,0.28231514,49925,0.043400810094231086
0.5,0.7,0.4,0.7,0.28231627,49925,0.042386634550969235
0.7,0.9,0.7,0.5,0.28232256,49925,0.042734288930660114
0.4,0.6,0.6,0.2,0.28232765,49925,0.04311189186192071
0.6,0.9,0.9,0.3,0.28232765,49925,0.043111891861920715
0.2,0.3,0.3,0.1,0.28232765,49925,0.04311189186192071
0.1,0.9,0.6,0.9,0.28233317,49925,0.043486878154499815
0.8,0.7,0.5,0.3,0.28234375,49925,0.04135248143088674
0.1,0.6,0.4,0.6,0.2823555,49925,0.04349336282305667
0.7,0.6,0.3,0.6,0.28238314,49925,0.04106355246360023
0.4,0.9,0.9,0.5,0.2823854,49925,0.04372175700539418
0.4,0.8,0.5,0.8,0.28238845,49925,0.04297273944073172
0.3,0.6,0.9,0.2,0.28239697,49925,0.043027510902103897
0.5,0.7,0.7,0.2,0.28241402,49925,0.04293442817453232
0.7,0.5,0.2,0.5,0.28241536,49925,0.04000636357857775
0.8,0.9,0.8,0.1,0.28242555,49925,0.04201057589883477
0.2,0.9,0.6,0.9,0.28243402,49925,0.04345932680988958
0.3,0.7,0.6,0.5,0.28244042,49925,0.04366490026529387
0.6,0.9,0.8,0.4,0.28244275,49925,0.04311798668155328
0.7,0.8,0.7,0.2,0.28244832,49925,0.042261134053052166
0.7,0.9,0.8,0.3,0.28244978,49925,0.04270446520841073
0.5,0.7,0.3,0.9,0.28245166,49925,0.041748210260730056
0.8,0.6,0.4,0.3,0.28245735,49925,0.04075441451311953
0.4,0.9,0.7,0.7,0.28245768,49925,0.043537595513368846
0.9,0.4,0.2,0.2,0.28247052,49925,0.03762565835750974
0.2,0.9,0.8,0.7,0.28247455,49925,0.04391070020767243
0.4,0.7,0.6,0.4,0.28247616,49925,0.04338710111783925
0.5,0.9,0.8,0.5,0.2825024,49925,0.043447889723722224
0.5,0.8,0.7,0.4,0.28251183,49925,0.043235918235251566
0.1,0.9,0.7,0.8,0.28251463,49925,0.04375667652054037
0.2,0.6,0.6,0.4,0.2825185,49925,0.04386691167091768
0.1,0.3,0.3,0.2,0.2825185,49925,0.04386691167091768
0.3,0.9,0.9,0.6,0.2825185,49925,0.04386691167091768
0.3,0.8,0.8,0.5,0.28252366,49925,0.04382535379702789
0.2,0.4,0.4,0.2,0.28253323,49925,0.04359226038369775
0.1,0.2,0.2,0.1,0.28253323,49925,0.04359226038369775
0.3,0.6,0.6,0.3,0.28253323,49925,0.04359226038369775
0.4,0.8,0.8,0.4,0.28253323,49925,0.04359226038369775
0.1,0.7,0.4,0.8,0.28255647,49925,0.04307754865407167
0.3,0.7,0.7,0.4,0.28256708,49925,0.043748783483437394
0.2,0.8,0.6,0.7,0.28257868,49925,0.043712512494626425
0.6,0.9,0.7,0.6,0.282579,49925,0.04308431634099863
0.3,0.7,0.4,0.8,0.2825832,49925,0.04282694734647806
0.4,0.8,0.7,0.5,0.2825865,49925,0.04356748102810879
0.2,0.7,0.9,0.4,0.28261146,49925,0.04363005526976947
0.6,0.6,0.5,0.1,0.28261548,49925,0.0416554710739863
0.6,0.9,0.6,0.8,0.28263035,49925,0.0428118337725443
0.8,0.9,0.5,0.9,0.2826327,49925,0.041942780486654035
0.8,0.9,0.8,0.2,0.2826449,49925,0.04221627022023258
0.1,0.6,0.5,0.5,0.28264585,49925,0.04386858371635539
0.5,0.3,0.1,0.3,0.2826488,49925,0.03897748190237828
0.7,0.8,0.5,0.7,0.28265464,49925,0.04219282324009674
0.6,0.8,0.8,0.2,0.28268832,49925,0.04280086622020133
0.3,0.4,0.4,0.1,0.28268832,49925,0.04280086622020133
0.2,0.5,0.5,0.3,0.28272504,49925,0.04379747535786077
0.5,0.7,0.8,0.1,0.28272817,49925,0.04277733012390406
0.8,0.9,0.6,0.7,0.2827325,49925,0.04224457699044049
0.5,0.4,0.3,0.1,0.28273425,49925,0.040834147682013544
0.3,0.6,0.2,0.9,0.28273898,49925,0.04141186773398229
0.5,0.6,0.2,0.8,0.28274092,49925,0.04100615160968859
0.2,0.5,0.4,0.4,0.28276646,49925,0.043638984019572946
0.2,0.5,0.9,0.1,0.2827761,49925,0.04242835482449258
0.6,0.8,0.8,0.1,0.28277805,49925,0.04257757243349207
0.8,0.7,0.2,0.9,0.28278485,49925,0.04003354748284868
0.6,0.7,0.4,0.7,0.28281298,49925,0.042077819603878325
0.4,0.7,0.5,0.6,0.28283012,49925,0.04315763933200273
0.1,0.6,0.3,0.8,0.28283107,49925,0.04258230824479376
0.1,0.5,0.7,0.3,0.2828388,49925,0.04345321527681945
0.6,0.5,0.3,0.4,0.28285468,49925,0.04125025436330233
0.9,0.6,0.1,0.8,0.28291777,49925,0.038223430098054956
0.4,0.4,0.3,0.2,0.2829418,49925,0.04197840748664599
0.8,0.8,0.6,0.4,0.2829418,49925,0.04197840748664599
0.1,0.8,0.9,0.6,0.2829523,49925,0.04379660285832954
0.5,0.5,0.2,0.6,0.28298926,49925,0.04104746867445415
0.9,0.9,0.5,0.9,0.2829948,49925,0.04167604871108677
0.7,0.8,0.4,0.9,0.28300112,49925,0.04176005260110149
0.4,0.6,0.8,0.1,0.28301385,49925,0.042850553750124365
0.9,0.7,0.5,0.3,0.2830148,49925,0.04096340537078263
0.1,0.6,0.8,0.4,0.2830289,49925,0.04354262427393381
0.5,0.8,0.6,0.6,0.28304964,49925,0.043130855863239184
0.2,0.4,0.2,0.5,0.2830532,49925,0.04240723388851206
0.7,0.9,0.9,0.2,0.2830644,49925,0.042688493087980346
0.1,0.3,0.2,0.3,0.28309286,49925,0.04335336247082983
0.2,0.6,0.4,0.6,0.28309286,49925,0.04335336247082983
0.3,0.9,0.6,0.9,0.28309286,49925,0.04335336247082984
0.3,0.8,0.7,0.6,0.28309295,49925,0.04375978855827327
0.2,0.7,0.7,0.5,0.28309542,49925,0.043898407537607
0.3,0.8,0.6,0.7,0.2831143,49925,0.04354681968884187
0.7,0.8,0.6,0.5,0.2831152,49925,0.04245664363729335
0.9,0.5,0.1,0.6,0.28311592,49925,0.03778499600228317
0.7,0.7,0.6,0.1,0.2831191,49925,0.04168092431513826
0.6,0.7,0.6,0.3,0.2831264,49925,0.042579773824594734
0.1,0.7,0.6,0.6,0.28313896,49925,0.04387417810069672
0.4,0.7,0.4,0.8,0.28314024,49925,0.04260917600965384
0.9,0.7,0.4,0.6,0.28316212,49925,0.04095378871231559
0.2,0.6,0.9,0.3,0.2831692,49925,0.04323272635707342
0.5,0.8,0.5,0.8,0.2831786,49925,0.042745249219842234
0.1,0.7,0.5,0.7,0.28318924,49925,0.043583119987526016
0.2,0.5,0.8,0.2,0.28320035,49925,0.04297928786560124
0.8,0.8,0.5,0.7,0.2832111,49925,0.04185729384499275
0.2,0.5,0.1,0.9,0.2832161,49925,0.04015703692020035
0.6,0.5,0.1,0.7,0.28321892,49925,0.039197630223079094
0.9,0.8,0.6,0.3,0.28322867,49925,0.0414367153075164
0.3,0.5,0.2,0.7,0.28323007,49925,0.041719046511984485
0.1,0.5,0.9,0.2,0.28324252,49925,0.042520555475894756
0.8,0.9,0.8,0.3,0.28326896,49925,0.042416720066026495
0.6,0.8,0.9,0.1,0.2832708,49925,0.042680262714856344
0.5,0.3,0.2,0.1,0.28327757,49925,0.03952315784977547
0.9,0.9,0.7,0.4,0.28327867,49925,0.04200174297065006
0.5,0.6,0.4,0.5,0.28329057,49925,0.042413933111966194
0.4,0.8,0.9,0.4,0.28330004,49925,0.043587171794025534
0.5,0.8,0.9,0.3,0.2833045,49925,0.04327466292448745
0.4,0.5,0.1,0.8,0.2833209,49925,0.03989150968915415
0.7,0.9,0.9,0.1,0.28332114,49925,0.04251155937505268
0.7,0.6,0.4,0.4,0.28332412,49925,0.041448657590625534
0.4,0.7,0.8,0.3,0.2833328,49925,0.04340614527055057
0.3,0.9,0.7,0.8,0.28335807,49925,0.04364067855410771
0.8,0.8,0.7,0.1,0.2833635,49925,0.041711571303664256
0.9,0.9,0.6,0.7,0.28336945,49925,0.041972930195052396
0.6,0.7,0.5,0.5,0.28338084,49925,0.042458566871106565
0.2,0.8,0.8,0.6,0.2833879,49925,0.04391499392050223
0.1,0.4,0.4,0.3,0.2833879,49925,0.04391499392050223
0.3,0.9,0.8,0.7,0.28339025,49925,0.043821124498552466
0.4,0.9,0.6,0.9,0.28341022,49925,0.04318227655138482
0.7,0.9,0.6,0.8,0.2834163,49925,0.042562922300187996
0.6,0.6,0.5,0.2,0.28341818,49925,0.04198462977824032
0.7,0.8,0.7,0.3,0.28342342,49925,0.042472535209779866
0.4,0.5,0.3,0.5,0.28343216,49925,0.042305124624886274
0.8,0.9,0.7,0.5,0.28343242,49925,0.04243541163924712
0.3,0.5,0.8,0.1,0.28343427,49925,0.042711698811576285
0.3,0.7,0.8,0.4,0.28343767,49925,0.043698325317071365
0.2,0.6,0.3,0.8,0.28343827,49925,0.042488704808968006
0.1,0.8,0.5,0.9,0.2834469,49925,0.04323308584083006
0.8,0.6,0.2,0.7,0.2834695,49925,0.03990372805350488
0.7,0.9,0.8,0.4,0.28348333,49925,0.042848351332912996
0.9,0.4,0.1,0.4,0.28348586,49925,0.03701108884795525
0.1,0.8,0.7,0.7,0.28348628,49925,0.04385937670020823
0.3,0.8,0.5,0.9,0.28348923,49925,0.04306777033999757
0.5,0.9,0.9,0.5,0.28349927,49925,0.04353883667031824
0.5,0.6,0.3,0.7,0.28351283,49925,0.04185172965062027
0.2,0.9,0.7,0.8,0.28351372,49925,0.043759507508048884
0.6,0.4,0.1,0.5,0.28351453,49925,0.038932734468781
0.2,0.6,0.5,0.5,0.28353179,49925,0.04373938787615335
0.2,0.8,0.5,0.9,0.2835353,49925,0.04319783090420987
0.5,0.5,0.4,0.2,0.28354114,49925,0.04200165076062855
0.9,0.9,0.8,0.1,0.28354135,49925,0.04172074913056522
0.6,0.5,0.4,0.1,0.28355467,49925,0.04106080425684292
0.1,0.9,0.8,0.8,0.28356534,49925,0.04384600552042591
0.7,0.4,0.2,0.3,0.28357446,49925,0.03935643044778878
0.3,0.6,0.7,0.3,0.28358454,49925,0.043559279715767826
0.7,0.6,0.1,0.9,0.2836031,49925,0.03895668335637792
0.5,0.4,0.2,0.4,0.28360358,49925,0.04084736228673778
0.8,0.5,0.3,0.3,0.2836116,49925,0.03995247315060964
0.8,0.8,0.4,0.9,0.28363177,49925,0.04147083019847318
0.4,0.6,0.9,0.1,0.28364342,49925,0.04272572946298675
0.6,0.8,0.5,0.8,0.2836495,49925,0.042494058791589025
0.7,0.6,0.5,0.1,0.28366178,49925,0.04121274364194012
0.2,0.4,0.7,0.1,0.28366262,49925,0.04258147391585948
0.7,0.7,0.4,0.7,0.28367513,49925,0.04172933576903086
0.1,0.7,0.9,0.5,0.28367755,49925,0.04359207669222216
0.6,0.9,0.9,0.4,0.28368986,49925,0.043244260502868996
0.4,0.5,0.5,0.1,0.28369182,49925,0.04260058204733996
0.6,0.8,0.7,0.4,0.28372195,49925,0.042948129928800705
0.8,0.7,0.3,0.8,0.28373927,49925,0.04086194053162996
0.2,0.9,0.9,0.7,0.2837443,49925,0.04392640599510616
0.3,0.8,0.9,0.5,0.2837911,49925,0.04378869619372723
0.3,0.4,0.3,0.3,0.2837931,49925,0.04284441085197303
0.6,0.8,0.6,0.6,0.2837931,49925,0.04284441085197303
0.6,0.9,0.8,0.5,0.2837995,49925,0.04320436809088317
0.7,0.9,0.7,0.6,0.28381288,49925,0.04281123117345227
0.8,0.3,0.1,0.2,0.28382194,49925,0.03608675259634989
0.4,0.6,0.7,0.2,0.28384396,49925,0.04314098410330025
0.4,0.5,0.4,0.3,0.28385803,49925,0.04275604176228611
0.5,0.6,0.5,0.3,0.2838748,49925,0.04266190420422885
0.5,0.9,0.8,0.6,0.2838805,49925,0.04349678581706164
0.9,0.6,0.4,0.3,0.28388447,49925,0.04031255459855465
0.8,0.7,0.5,0.4,0.2838918,49925,0.041573116712599466
0.4,0.8,0.6,0.7,0.28390318,49925,0.04334721204956776
0.1,0.5,0.5,0.4,0.28391665,49925,0.04390992893537963
0.5,0.7,0.8,0.2,0.2839478,49925,0.04298889818309769
0.5,0.7,0.9,0.1,0.28396007,49925,0.042800764331824406
0.7,0.8,0.8,0.1,0.28396672,49925,0.042304592606484545
0.5,0.8,0.8,0.4,0.28398773,49925,0.04337788752747584
0.4,0.7,0.7,0.4,0.28398803,49925,0.0435156153669653
0.5,0.9,0.7,0.7,0.2840063,49925,0.043328212684235506
0.1,0.8,0.6,0.8,0.28401527,49925,0.04362361283814136
0.2,0.7,0.6,0.6,0.28403986,49925,0.04380361980494318
0.5,0.7,0.4,0.8,0.28405356,49925,0.04234855297696322
0.4,0.4,0.1,0.6,0.2840557,49925,0.04002064314930448
0.3,0.5,0.6,0.2,0.2840619,49925,0.043310935411652166
0.7,0.7,0.6,0.2,0.28406268,49925,0.04196426970222482
0.5,0.6,0.6,0.1,0.2840644,49925,0.042471413429544684
0.3,0.6,0.4,0.6,0.28407037,49925,0.043092965208803395
0.4,0.6,0.2,0.9,0.28409073,49925,0.04120488627087004
0.6,0.7,0.7,0.1,0.28411436,49925,0.04237411588784671
0.8,0.9,0.9,0.1,0.28412324,49925,0.0422445370322108
0.4,0.6,0.5,0.4,0.28412652,49925,0.04319942512654012
0.5,0.7,0.5,0.6,0.2841278,49925,0.04286780438847329
0.6,0.6,0.2,0.8,0.28413194,49925,0.04065687079566735
0.3,0.3,0.1,0.4,0.28413194,49925,0.04065687079566735
0.8,0.7,0.6,0.1,0.28413734,49925,0.04130774023883488
0.1,0.4,0.7,0.2,0.2841423,49925,0.04274564610571505
0.6,0.7,0.3,0.9,0.28414547,49925,0.041476948725205576
0.1,0.9,0.7,0.9,0.2841495,49925,0.043646241056007964
0.9,0.7,0.2,0.9,0.28415495,49925,0.03970261292707167
0.4,0.9,0.9,0.6,0.28415567,49925,0.043754164978204134
0.2,0.7,0.5,0.7,0.28416008,49925,0.04349465190508243
0.2,0.8,0.9,0.6,0.28417188,49925,0.04383405423904429
0.9,0.8,0.6,0.4,0.28417367,49925,0.04165364943765191
0.8,0.5,0.2,0.5,0.28417447,49925,0.039530081166476945
0.4,0.7,0.6,0.5,0.28417712,49925,0.04341341772728879
0.5,0.7,0.6,0.4,0.28417784,49925,0.043060333568069924
0.6,0.8,0.8,0.3,0.28419608,49925,0.04300622215252
0.5,0.7,0.7,0.3,0.28419852,49925,0.043131252538591396
0.9,0.8,0.5,0.7,0.28421035,49925,0.04156050281626732
0.8,0.8,0.7,0.2,0.28421208,49925,0.04196147533519273
0.3,0.4,0.2,0.5,0.28423285,49925,0.041979057845555966
0.9,0.9,0.8,0.2,0.28425217,49925,0.04193565647791467
0.7,0.5,0.1,0.7,0.28425223,49925,0.03879110935908718
0.5,0.2,0.1,0.1,0.2842555,49925,0.03707530776715184
0.6,0.8,0.9,0.2,0.2842597,49925,0.04287417715679074
0.8,0.9,0.6,0.8,0.28428942,49925,0.04229660776650248
0.6,0.6,0.4,0.5,0.28429806,49925,0.0419886218353793
0.5,0.9,0.6,0.9,0.28432062,49925,0.04299857754608706
0.4,0.7,0.9,0.3,0.28432643,49925,0.04331885980339382
0.5,0.8,0.7,0.5,0.28433084,49925,0.04332088360269975
0.9,0.8,0.7,0.1,0.28433523,49925,0.041369947548816004
0.2,0.4,0.5,0.2,0.28433573,49925,0.04349002606812031
0.7,0.9,0.9,0.3,0.28434342,49925,0.04287453057125405
0.4,0.8,0.8,0.5,0.2843623,49925,0.0436631726687816
0.1,0.6,0.6,0.5,0.2843938,49925,0.04389515924216061
0.9,0.9,0.7,0.5,0.2844054,49925,0.04214182939592638
0.8,0.6,0.4,0.4,0.2844255,49925,0.04100435069514308
0.4,0.3,0.2,0.2,0.2844255,49925,0.04100435069514308
0.4,0.8,0.5,0.9,0.2844294,49925,0.04288296551517126
0.1,0.5,0.3,0.6,0.28444037,49925,0.04307856860592665
0.7,0.7,0.5,0.5,0.28445446,49925,0.0420838399078327
0.8,0.8,0.6,0.5,0.28445742,49925,0.04211206025057213
0.4,0.6,0.6,0.3,0.2845051,49925,0.043284230054724586
0.1,0.6,0.9,0.4,0.28451058,49925,0.04324133955920101
0.6,0.5,0.2,0.6,0.28451797,49925,0.04061058210367852
0.1,0.4,0.8,0.1,0.28452435,49925,0.042019967299088246
0.8,0.6,0.3,0.6,0.2845276,49925,0.040648747036204726
0.8,0.9,0.8,0.4,0.28454497,49925,0.04258538692534015
0.2,0.5,0.6,0.3,0.2845472,49925,0.043692598563764874
0.3,0.8,0.8,0.6,0.28455427,49925,0.04381801353344904
0.3,0.6,0.3,0.8,0.2845655,49925,0.042324382787386046
0.2,0.7,0.8,0.5,0.28459173,49925,0.04382109696428963
0.1,0.3,0.1,0.5,0.28460145,49925,0.04133155445342591
0.6,0.9,0.7,0.7,0.28461435,49925,0.043098178708232064
0.1,0.7,0.4,0.9,0.28461468,49925,0.04286001691600826
0.5,0.5,0.1,0.8,0.28461555,49925,0.03955129437769625
0.2,0.5,0.3,0.6,0.28461915,49925,0.04289618252703284
0.4,0.9,0.7,0.8,0.28462207,49925,0.04348799575828376
0.8,0.6,0.1,0.9,0.28462648,49925,0.03863855511842361
0.3,0.6,0.8,0.3,0.28464556,49925,0.04340881257247073
0.5,0.7,0.9,0.2,0.28465202,49925,0.04296917664517563
0.4,0.9,0.8,0.7,0.2846648,49925,0.04367613263221536
0.4,0.8,0.7,0.6,0.28466508,49925,0.0435576274872588
0.1,0.5,0.8,0.3,0.284679,49925,0.04307892389031586
0.6,0.7,0.7,0.2,0.28473473,49925,0.04262524384562894
0.5,0.5,0.3,0.5,0.28473592,49925,0.04182400766920066
0.8,0.9,0.7,0.6,0.28475273,49925,0.04250977611667984
0.2,0.7,0.4,0.9,0.28477144,49925,0.04281876314550519
0.2,0.8,0.7,0.7,0.2847755,49925,0.04383636475908334
0.9,0.8,0.4,0.9,0.2847879,49925,0.041180623041130085
0.3,0.5,0.1,0.9,0.28479272,49925,0.03998441541477722
0.4,0.6,0.8,0.2,0.28479618,49925,0.04306266083516528
0.2,0.3,0.4,0.1,0.28479618,49925,0.04306266083516528
0.1,0.7,0.7,0.6,0.2848089,49925,0.0438734044468352
0.8,0.9,0.9,0.2,0.2848103,49925,0.04244232550471119
0.3,0.9,0.9,0.7,0.28483453,49925,0.04386174995466899
0.4,0.6,0.4,0.6,0.28484362,49925,0.04279022285386212
0.6,0.9,0.6,0.9,0.28484362,49925,0.04279022285386212
0.2,0.3,0.2,0.3,0.28484362,49925,0.04279022285386212
0.3,0.7,0.7,0.5,0.28485426,49925,0.04376053522136665
0.7,0.8,0.8,0.2,0.28485537,49925,0.04251741772595521
0.6,0.6,0.3,0.7,0.2848573,49925,0.04146664636593085
0.2,0.9,0.8,0.8,0.28485873,49925,0.043851641331957916
0.3,0.5,0.7,0.2,0.28486496,49925,0.04316388795419063
0.5,0.6,0.6,0.2,0.28486878,49925,0.04276264274440519
0.3,0.4,0.5,0.1,0.28487468,49925,0.04287032995398709
0.3,0.7,0.9,0.4,0.2848758,49925,0.04356023445133077
0.7,0.9,0.8,0.5,0.284887,49925,0.0429521263676238
0.1,0.5,0.2,0.8,0.28491563,49925,0.041758332075423794
0.5,0.8,0.6,0.7,0.28497607,49925,0.043122476623745715
0.2,0.6,0.7,0.4,0.28497717,49925,0.0437847469697595
0.7,0.5,0.3,0.4,0.28497937,49925,0.040724861430537336
0.2,0.4,0.1,0.7,0.28500095,49925,0.04054742680112592
0.3,0.7,0.5,0.7,0.28500152,49925,0.04332548444111286
0.7,0.5,0.4,0.1,0.28500274,49925,0.0405000060870971
0.3,0.7,0.4,0.9,0.28500533,49925,0.04269004036942723
0.3,0.6,0.6,0.4,0.28503087,49925,0.04367405337364663
0.6,0.3,0.1,0.3,0.28503188,49925,0.03819444819742412
0.1,0.8,0.8,0.7,0.2850384,49925,0.04385349788082344
0.7,0.8,0.5,0.8,0.28504053,49925,0.04220910059561329
0.4,0.5,0.5,0.2,0.28507546,49925,0.042907364878353595
0.8,0.6,0.5,0.1,0.28514445,49925,0.040754961458051395
0.9,0.9,0.8,0.3,0.2851476,49925,0.04213022017044141
0.7,0.9,0.7,0.7,0.28515753,49925,0.04285373682783486
0.6,0.4,0.3,0.1,0.28515825,49925,0.04013533826461506
0.8,0.8,0.7,0.3,0.2851586,49925,0.0421704076079832
0.2,0.8,0.6,0.8,0.2851661,49925,0.04358034301463094
0.1,0.4,0.3,0.4,0.2851661,49925,0.04358034301463094
0.3,0.6,0.5,0.5,0.28517452,49925,0.04351001864021331
0.3,0.7,0.6,0.6,0.28519702,49925,0.04364275273263803
0.9,0.7,0.6,0.1,0.28520864,49925,0.0409268842177791
0.6,0.7,0.4,0.8,0.28521973,49925,0.04204714259627088
0.4,0.6,0.3,0.8,0.28522024,49925,0.04207418548495947
0.1,0.4,0.5,0.3,0.28522894,49925,0.04370122135652632
0.9,0.7,0.3,0.8,0.2852419,49925,0.040532741432938786
0.1,0.6,0.7,0.5,0.28525075,49925,0.04376067007800791
0.7,0.8,0.6,0.6,0.28525224,49925,0.04252486932959927
0.9,0.9,0.6,0.8,0.28527197,49925,0.042014621466689335
0.3,0.5,0.4,0.4,0.28527257,49925,0.043281278009720814
0.7,0.8,0.7,0.4,0.2852835,49925,0.04264782001046232
0.8,0.7,0.4,0.7,0.2852847,49925,0.04138133941349563
0.7,0.7,0.6,0.3,0.285304,49925,0.042202933592801146
0.5,0.4,0.3,0.2,0.28533724,49925,0.04132055516356344
0.1,0.9,0.9,0.8,0.28534606,49925,0.043833662872793194
0.9,0.5,0.3,0.3,0.28534943,49925,0.03943703960861069
0.9,0.6,0.2,0.7,0.28535566,49925,0.039512204952411145
0.6,0.7,0.5,0.6,0.28537786,49925,0.04251510775691572
0.3,0.5,0.5,0.3,0.2853793,49925,0.04347449718929402
0.7,0.9,0.9,0.4,0.28541076,49925,0.043001233197546694
0.6,0.8,0.9,0.3,0.28541487,49925,0.043056666715107994
0.7,0.7,0.3,0.9,0.2854221,49925,0.04116726137676082
0.5,0.8,0.9,0.4,0.28543213,49925,0.04341529243100497
0.5,0.9,0.7,0.8,0.28543925,49925,0.04330648167253668
0.9,0.7,0.5,0.4,0.28544647,49925,0.041196338089490435
0.6,0.7,0.6,0.4,0.2854596,49925,0.0427111637480835
0.5,0.8,0.5,0.9,0.28546792,49925,0.04268810750777556
0.5,0.6,0.7,0.1,0.28547508,49925,0.04260619337943678
0.2,0.5,0.9,0.2,0.2854778,49925,0.04265350084235045
0.4,0.5,0.6,0.1,0.2855014,49925,0.04273129320475461
0.8,0.7,0.6,0.2,0.28551623,49925,0.04157647037425476
0.6,0.3,0.2,0.1,0.2855316,49925,0.03866783571540267
0.9,0.8,0.6,0.5,0.2855398,49925,0.04179468111483055
0.7,0.6,0.5,0.2,0.28557926,49925,0.04152911137657611
0.3,0.5,0.3,0.6,0.28558052,49925,0.042607708013932676
0.7,0.4,0.1,0.5,0.28558648,49925,0.03838606599727488
0.1,0.5,0.6,0.4,0.28559735,49925,0.04373050884153246
0.2,0.7,0.9,0.5,0.28560397,49925,0.04365605717394398
0.7,0.9,0.6,0.9,0.2856044,49925,0.04256060281701963
0.9,0.9,0.9,0.1,0.28562346,49925,0.04199141089586701
0.3,0.8,0.7,0.7,0.2856246,49925,0.043711766780327906
0.3,0.4,0.4,0.2,0.28563434,49925,0.04310817768156166
0.6,0.8,0.8,0.4,0.28563434,49925,0.04310817768156166
0.1,0.7,0.8,0.6,0.28564245,49925,0.04375755026290791
0.4,0.5,0.2,0.7,0.28565297,49925,0.04138982377850083
0.2,0.5,0.2,0.8,0.28565356,49925,0.041713317217960746
0.7,0.6,0.2,0.8,0.2856539,49925,0.040299595982146406
0.3,0.8,0.6,0.8,0.2856557,49925,0.04347384403020865
0.3,0.5,0.9,0.1,0.28566638,49925,0.042432350570285784
0.5,0.6,0.2,0.9,0.2856886,49925,0.040899388745758984
0.2,0.8,0.8,0.7,0.28568983,49925,0.04387642508049678
0.8,0.8,0.5,0.8,0.2856913,49925,0.04190286168928698
0.4,0.6,0.9,0.2,0.28569785,49925,0.04291753526741253
0.7,0.7,0.7,0.1,0.2857044,49925,0.04205106856662185
0.6,0.6,0.5,0.3,0.2857155,49925,0.042242289869368496
0.4,0.8,0.9,0.5,0.28571767,49925,0.04365905171749979
0.9,0.8,0.7,0.2,0.2857649,49925,0.041609794193313926
0.6,0.9,0.9,0.5,0.28578645,49925,0.043326679659409596
0.6,0.8,0.7,0.5,0.2857898,49925,0.043043858989514475
0.2,0.6,0.8,0.4,0.28579035,49925,0.04358660208066249
0.1,0.3,0.4,0.2,0.28579035,49925,0.04358660208066249
0.2,0.9,0.7,0.9,0.28580564,49925,0.04364651598279634
0.7,0.8,0.9,0.1,0.28581926,49925,0.04246211968852561
0.5,0.7,0.8,0.3,0.2858526,49925,0.043193992961308054
0.2,0.6,0.4,0.7,0.2858549,49925,0.04319194709090484
0.6,0.9,0.8,0.6,0.28585783,49925,0.04326728146363563
0.6,0.8,0.5,0.9,0.28587842,49925,0.042447557717615
0.6,0.8,0.6,0.7,0.2858792,49925,0.04286865751702943
0.4,0.7,0.4,0.9,0.28588,49925,0.042497332361932406
0.8,0.8,0.8,0.1,0.28590152,49925,0.04201513786868996
0.1,0.6,0.3,0.9,0.28591767,49925,0.04227866416336934
0.1,0.4,0.2,0.6,0.28594095,49925,0.04230608477678693
0.2,0.7,0.7,0.6,0.28594115,49925,0.04386731970877562
0.6,0.7,0.8,0.1,0.28594968,49925,0.04253525607712638
0.2,0.4,0.6,0.2,0.28596637,49925,0.043188736185364396
0.3,0.6,0.9,0.3,0.28596637,49925,0.0431887361853644
0.1,0.2,0.3,0.1,0.28596637,49925,0.043188736185364396
0.1,0.6,0.4,0.7,0.28596866,49925,0.04327674247573638
0.1,0.7,0.6,0.7,0.28598,49925,0.04372545489052644
0.6,0.6,0.6,0.1,0.28599486,49925,0.04209652311955245
0.5,0.5,0.4,0.3,0.28600207,49925,0.04224899310759573
0.2,0.5,0.7,0.3,0.2860031,49925,0.043453473256564366
0.7,0.6,0.3,0.7,0.2860174,49925,0.04108948324297734
0.3,0.9,0.7,0.9,0.28601894,49925,0.043571640127876836
0.4,0.7,0.5,0.7,0.28603032,49925,0.04310269075191606
0.2,0.9,0.9,0.8,0.2860414,49925,0.04387353519589319
0.1,0.8,0.9,0.7,0.2860523,49925,0.0437622809029692
0.9,0.9,0.7,0.6,0.2860551,49925,0.04223232403624664
0.6,0.5,0.4,0.2,0.28606287,49925,0.04144900500603037
0.8,0.7,0.5,0.5,0.28608242,49925,0.041723304825005025
0.5,0.6,0.4,0.6,0.28609082,49925,0.042436419651497706
0.3,0.4,0.6,0.1,0.28609496,49925,0.04273880981356647
0.9,0.5,0.2,0.5,0.28611574,49925,0.03906750600999101
0.8,0.9,0.9,0.3,0.2861308,49925,0.04264026998087802
0.5,0.5,0.5,0.1,0.28613874,49925,0.042147147459330375
0.7,0.8,0.9,0.2,0.2861404,49925,0.04264947232667277
0.9,0.6,0.4,0.4,0.2861544,49925,0.04056698850114931
0.2,0.6,0.6,0.5,0.28615838,49925,0.04383588777632724
0.2,0.5,0.5,0.4,0.28617686,49925,0.043783344251250106
0.4,0.4,0.2,0.5,0.28618968,49925,0.04145300347753714
0.8,0.4,0.2,0.3,0.28619117,49925,0.03875556344365608
0.5,0.9,0.8,0.7,0.2861923,49925,0.04347020954259559
0.4,0.8,0.6,0.8,0.28619522,49925,0.04328998766567847
0.2,0.4,0.3,0.4,0.28619522,49925,0.04328998766567847
0.8,0.5,0.1,0.7,0.28620517,49925,0.03836231614946908
0.3,0.2,0.1,0.2,0.28620553,49925,0.04023963526929546
0.9,0.6,0.3,0.6,0.28620553,49925,0.04023963526929546
0.6,0.4,0.2,0.4,0.28620553,49925,0.04023963526929546
0.5,0.9,0.9,0.6,0.2862249,49925,0.043597341055629145
0.4,0.9,0.9,0.7,0.28622627,49925,0.043736129596222535
0.7,0.6,0.4,0.5,0.28622672,49925,0.04158238219476989
0.5,0.8,0.7,0.6,0.28624523,49925,0.04333246038648102
0.1,0.3,0.6,0.1,0.28628072,49925,0.04221544885967498
0.9,0.7,0.4,0.7,0.28628534,49925,0.04104432936795242
0.3,0.6,0.4,0.7,0.2863084,49925,0.04297524626511888
0.1,0.5,0.4,0.5,0.28632417,49925,0.04369099879631106
0.4,0.7,0.8,0.4,0.28633893,49925,0.043544096557707836
0.5,0.6,0.5,0.4,0.28635108,49925,0.042790635178023416
0.4,0.9,0.7,0.9,0.28636494,49925,0.04341981129135818
0.6,0.9,0.7,0.8,0.28636965,49925,0.04309487163583185
0.5,0.8,0.8,0.5,0.2863733,49925,0.04345756195153187
0.1,0.7,0.5,0.8,0.28637397,49925,0.043384687212772936
0.7,0.8,0.8,0.3,0.28637418,49925,0.042732215585435517
0.7,0.7,0.4,0.8,0.28637856,49925,0.04172924372939046
0.5,0.7,0.6,0.5,0.28638288,49925,0.04313480220688793
0.3,0.9,0.8,0.8,0.28638914,49925,0.04377787515739206
0.1,0.8,0.7,0.8,0.28639168,49925,0.04373733047715086
0.4,0.5,0.7,0.1,0.28639632,49925,0.042692997309048235
0.9,0.9,0.8,0.4,0.2864072,49925,0.04229767602848698
0.6,0.7,0.7,0.3,0.28644425,49925,0.04281634852258688
0.9,0.6,0.5,0.1,0.28648496,49925,0.040299796785450925
0.7,0.5,0.2,0.6,0.28648776,49925,0.040165793540465775
0.6,0.5,0.1,0.8,0.28649125,49925,0.03919139416353336
0.4,0.8,0.7,0.7,0.28651488,49925,0.043547795825038677
0.8,0.5,0.3,0.4,0.28652024,49925,0.04024031485889996
0.1,0.6,0.5,0.6,0.28652814,49925,0.04371127691528654
0.6,0.7,0.8,0.2,0.2865395,49925,0.0427337161808818
0.4,0.5,0.4,0.4,0.2865429,49925,0.04284808915575409
0.7,0.4,0.3,0.1,0.28656626,49925,0.03949848683853055
0.8,0.9,0.8,0.5,0.28657314,49925,0.04268788663116433
0.5,0.7,0.4,0.9,0.28658944,49925,0.04226715878980573
0.5,0.4,0.1,0.6,0.28659016,49925,0.03951582709211859
0.1,0.4,0.1,0.8,0.28659457,49925,0.040246252674491854
0.2,0.4,0.4,0.3,0.28659484,49925,0.04367212175408721
0.4,0.8,0.8,0.6,0.28659484,49925,0.04367212175408721
0.6,0.5,0.3,0.5,0.28659645,49925,0.04135333924430734
0.1,0.7,0.9,0.6,0.28660578,49925,0.04357106674751823
0.5,0.6,0.7,0.2,0.28661022,49925,0.042861420618665214
0.5,0.6,0.3,0.8,0.2866482,49925,0.041785110899646254
0.4,0.6,0.7,0.3,0.28665116,49925,0.04334004028556031
0.8,0.9,0.6,0.9,0.28665137,49925,0.0423010375879731
0.4,0.9,0.8,0.8,0.28665444,49925,0.043633979441554185
0.9,0.9,0.9,0.2,0.2866684,49925,0.042180175037550886
0.1,0.5,0.9,0.3,0.28667903,49925,0.04268529093561697
0.8,0.8,0.7,0.4,0.28668278,49925,0.042343098765265604
0.3,0.5,0.8,0.2,0.286694,49925,0.042914868178556165
0.8,0.5,0.4,0.1,0.28669772,49925,0.039975139338763996
0.1,0.9,0.8,0.9,0.2867078,49925,0.043740295793508174
0.5,0.6,0.8,0.1,0.2867113,49925,0.042617127630330806
0.5,0.7,0.7,0.4,0.286713,49925,0.04325230841990407
0.2,0.5,0.4,0.5,0.2867189,49925,0.04353547601851975
0.4,0.5,0.1,0.9,0.2867192,49925,0.03975487819762777
0.7,0.8,0.7,0.5,0.286753,49925,0.04274462110094655
0.5,0.6,0.6,0.3,0.28676736,49925,0.04293647836586595
0.1,0.8,0.6,0.9,0.2867688,49925,0.043466229887594174
0.9,0.6,0.1,0.9,0.28677505,49925,0.03830332371445028
0.9,0.3,0.1,0.2,0.2867786,49925,0.035432311872735496
0.5,0.7,0.5,0.7,0.2867997,49925,0.04283779320067723
0.3,0.8,0.9,0.6,0.28681344,49925,0.0437781537668205
0.7,0.9,0.9,0.5,0.2868395,49925,0.043109680635318726
0.2,0.6,0.3,0.9,0.28685662,49925,0.04229224198057573
0.3,0.9,0.9,0.8,0.28686625,49925,0.04381973160313212
0.4,0.5,0.3,0.6,0.28687352,49925,0.04224125556275918
0.8,0.9,0.9,0.4,0.28693625,49925,0.04276220070078189
0.7,0.7,0.7,0.2,0.2869389,49925,0.04228525105471519
0.3,0.4,0.1,0.7,0.28694314,49925,0.04027721945260857
0.8,0.8,0.6,0.6,0.2869466,49925,0.04221770859289843
0.4,0.4,0.3,0.3,0.2869466,49925,0.04221770859289843
0.4,0.6,0.5,0.5,0.28695756,49925,0.043202203567652406
0.2,0.3,0.1,0.5,0.28696108,49925,0.041015568554654325
0.8,0.9,0.7,0.7,0.28697327,49925,0.042570067182046034
0.2,0.7,0.5,0.8,0.28700095,49925,0.043345523521997574
0.4,0.7,0.6,0.6,0.28701362,49925,0.043409863660533884
0.9,0.7,0.6,0.2,0.28702638,49925,0.041209321764065526
0.4,0.4,0.4,0.1,0.28702867,49925,0.04222215494526201
0.8,0.8,0.8,0.2,0.28702867,49925,0.04222215494526201
0.7,0.7,0.5,0.6,0.28703982,49925,0.04215016189070286
0.9,0.8,0.7,0.3,0.28707585,49925,0.041844110280155375
0.9,0.8,0.5,0.8,0.2870801,49925,0.04161265097109552
0.6,0.8,0.9,0.4,0.2871062,49925,0.04318240091280447
0.2,0.4,0.8,0.1,0.2871155,49925,0.042187037982536146
0.8,0.6,0.2,0.8,0.28714195,49925,0.03993192494624636
0.4,0.3,0.1,0.4,0.28714195,49925,0.03993192494624636
0.1,0.6,0.8,0.5,0.28714737,49925,0.043529414725399174
0.9,0.7,0.5,0.5,0.28714922,49925,0.04135108644524228
0.8,0.7,0.6,0.3,0.28719455,49925,0.04182800449176507
0.7,0.8,0.5,0.9,0.28720418,49925,0.042193653614104105
0.2,0.3,0.5,0.1,0.28723562,49925,0.042724005474195095
0.8,0.7,0.3,0.9,0.2872441,49925,0.0408690484151124
0.7,0.9,0.7,0.8,0.28726253,49925,0.04286827767251222
0.7,0.8,0.6,0.7,0.28729036,49925,0.042572351627418084
0.9,0.8,0.8,0.1,0.2873009,49925,0.04171881078516637
0.5,0.5,0.2,0.7,0.28730473,49925,0.04100115593541343
0.5,0.7,0.9,0.3,0.28732562,49925,0.04314891687370701
0.4,0.6,0.4,0.7,0.28732824,49925,0.04270329704494147
0.6,0.6,0.3,0.8,0.28735882,49925,0.04143707743276707
0.8,0.8,0.9,0.1,0.28736854,49925,0.04219563002376226
0.6,0.7,0.9,0.1,0.28737563,49925,0.04255043058911468
0.6,0.8,0.7,0.6,0.28740945,49925,0.04308567215801808
0.7,0.8,0.9,0.3,0.28741574,49925,0.04281886452643901
0.3,0.7,0.8,0.5,0.28742266,49925,0.04373252100710922
0.7,0.8,0.8,0.4,0.28743136,49925,0.04284439438821444
0.6,0.6,0.2,0.9,0.28743896,49925,0.04058415051120098
0.5,0.6,0.9,0.1,0.28744859,49925,0.042532742607105004
0.4,0.5,0.6,0.2,0.28745037,49925,0.04301594570680419
0.2,0.5,0.8,0.3,0.28746635,49925,0.0431692708287354
0.3,0.5,0.2,0.8,0.28746983,49925,0.0415216419409423
0.1,0.5,0.7,0.4,0.28747386,49925,0.043447491427569485
0.3,0.3,0.2,0.3,0.28747594,49925,0.04204241125484457
0.9,0.9,0.6,0.9,0.28747594,49925,0.04204241125484457
0.6,0.6,0.4,0.6,0.28747594,49925,0.04204241125484457
0.5,0.9,0.7,0.9,0.2874851,49925,0.04324693660056615
0.4,0.7,0.9,0.4,0.28749156,49925,0.04344231493761518
0.3,0.7,0.5,0.8,0.28749296,49925,0.043193953805931114
0.2,0.6,0.9,0.4,0.28750437,49925,0.04334618866526641
0.7,0.3,0.1,0.3,0.28750774,49925,0.037492982510076794
0.6,0.7,0.4,0.9,0.28751466,49925,0.04201304637983601
0.7,0.9,0.8,0.6,0.2875174,49925,0.04302462522654811
0.3,0.6,0.7,0.4,0.28754526,49925,0.04365773624657268
0.7,0.7,0.6,0.4,0.28754848,49925,0.04236934586796018
0.1,0.2,0.1,0.3,0.28755173,49925,0.042139896102705104
0.3,0.6,0.3,0.9,0.28755173,49925,0.0421398961027051
0.2,0.4,0.2,0.6,0.28755173,49925,0.042139896102705104
0.2,0.8,0.6,0.9,0.28756663,49925,0.04344289577050321
0.8,0.4,0.1,0.5,0.28757945,49925,0.03785631984706984
0.3,0.8,0.8,0.7,0.28759044,49925,0.04378191693631358
0.9,0.5,0.1,0.7,0.287595,49925,0.03794926298651591
0.6,0.7,0.9,0.2,0.28764448,49925,0.04274421851651141
0.1,0.4,0.8,0.2,0.28764546,49925,0.04229437952381487
0.5,0.8,0.6,0.8,0.28764954,49925,0.0430853832615729
0.4,0.7,0.7,0.5,0.28765175,49925,0.04355539692053452
0.6,0.9,0.8,0.7,0.28767315,49925,0.04328155925135758
0.1,0.8,0.8,0.8,0.28767362,49925,0.043752948541337586
0.8,0.6,0.5,0.2,0.28769323,49925,0.041082806590006266
0.2,0.9,0.8,0.9,0.28769714,49925,0.04373935585219094
0.2,0.7,0.6,0.7,0.28770947,49925,0.04368679711642504
0.2,0.7,0.8,0.6,0.28771228,49925,0.04380452068151195
0.6,0.4,0.3,0.2,0.2877292,49925,0.04064834833427348
0.8,0.7,0.7,0.1,0.28777936,49925,0.04170494994365725
0.9,0.9,0.8,0.5,0.2877795,49925,0.04242683631003696
0.6,0.8,0.8,0.5,0.28778878,49925,0.043208596088708945
0.9,0.9,0.9,0.3,0.28779638,49925,0.04236408911805091
0.3,0.3,0.3,0.1,0.28779638,49925,0.04236408911805091
0.6,0.6,0.6,0.2,0.28779638,49925,0.04236408911805091
0.5,0.9,0.8,0.8,0.2878098,49925,0.04345114795372001
0.2,0.8,0.9,0.7,0.28784105,49925,0.04380666581069522
0.6,0.5,0.4,0.3,0.28784263,49925,0.04172858441684657
0.1,0.9,0.9,0.9,0.28784502,49925,0.04373426177135417
0.2,0.6,0.5,0.6,0.2878669,49925,0.04363963525007742
0.4,0.5,0.8,0.1,0.28788772,49925,0.04253507057093144
0.1,0.4,0.9,0.1,0.2878892,49925,0.041579311409628936
0.5,0.6,0.8,0.2,0.28789195,49925,0.042837100691175675
0.1,0.7,0.7,0.7,0.2879001,49925,0.043770106427684335
0.7,0.6,0.5,0.3,0.28790474,49925,0.04180677797090249
0.2,0.5,0.3,0.7,0.2879148,49925,0.04266028575475577
0.7,0.3,0.2,0.1,0.28791794,49925,0.03790243915202274
0.9,0.8,0.6,0.6,0.28792897,49925,0.04190626417711996
0.1,0.5,0.3,0.7,0.28794625,49925,0.04276358263095231
0.7,0.7,0.8,0.1,0.28795052,49925,0.04224840108806826
0.8,0.6,0.3,0.7,0.28795642,49925,0.04071167546574878
0.6,0.7,0.8,0.3,0.28796825,49925,0.04292811068055054
0.3,0.7,0.7,0.6,0.28798163,49925,0.0437272752932252
0.6,0.7,0.6,0.5,0.28799015,49925,0.04282183833923513
0.1,0.4,0.6,0.3,0.2879957,49925,0.04332650400051874
0.2,0.8,0.7,0.8,0.28800523,49925,0.043724567034139745
0.8,0.7,0.4,0.8,0.28800794,49925,0.04142107886428542
0.4,0.6,0.8,0.3,0.28801337,49925,0.04324470775886645
0.4,0.7,0.5,0.8,0.28802422,49925,0.04299574816728366
0.3,0.5,0.6,0.3,0.28803137,49925,0.04350315696834113
0.5,0.8,0.9,0.5,0.2880364,49925,0.04349767768898076
0.7,0.5,0.3,0.5,0.28804332,49925,0.040880046748814465
0.7,0.5,0.4,0.2,0.28805462,49925,0.04091511661277043
0.1,0.6,0.6,0.6,0.2880692,49925,0.043784963984215594
0.6,0.6,0.5,0.4,0.28807744,49925,0.04238395087119127
0.3,0.8,0.6,0.9,0.2880889,49925,0.043362915931947674
0.9,0.7,0.3,0.9,0.2881005,49925,0.04056791102072947
0.3,0.4,0.7,0.1,0.28810495,49925,0.042471030358376086
0.5,0.3,0.2,0.2,0.28812763,49925,0.04015806048113556
0.3,0.7,0.9,0.5,0.2881957,49925,0.04361235894287672
0.4,0.6,0.6,0.4,0.28823113,49925,0.043395519169287265
0.6,0.9,0.9,0.6,0.28823113,49925,0.043395519169287265
0.2,0.3,0.3,0.2,0.28823113,49925,0.043395519169287265
0.8,0.8,0.5,0.9,0.28824088,49925,0.04191926614805824
0.8,0.8,0.8,0.3,0.288246,49925,0.04243277720013014
0.3,0.6,0.5,0.6,0.28825608,49925,0.04342933667229386
0.9,0.9,0.7,0.7,0.28827316,49925,0.04230787246330805
0.7,0.6,0.6,0.1,0.2882923,49925,0.0416935848706883
0.3,0.7,0.6,0.7,0.28829452,49925,0.04356881641896828
0.7,0.7,0.7,0.3,0.2883057,49925,0.04249868200566699
0.9,0.8,0.7,0.4,0.28830737,49925,0.04202403474534972
0.4,0.5,0.5,0.3,0.28840512,49925,0.04308940026354978
0.5,0.9,0.9,0.7,0.2884122,49925,0.04356583005055387
0.8,0.9,0.8,0.6,0.2884151,49925,0.042768883232805414
0.7,0.5,0.1,0.8,0.28841892,49925,0.03881101281698587
0.6,0.7,0.5,0.7,0.2884193,49925,0.04251655018915847
0.1,0.5,0.5,0.5,0.28842586,49925,0.043776796858587055
0.3,0.4,0.2,0.6,0.2884523,49925,0.041799137326390394
0.9,0.5,0.3,0.4,0.2884649,49925,0.03977699935001654
0.5,0.5,0.1,0.9,0.28846925,49925,0.039455196058487206
0.9,0.5,0.4,0.1,0.28848112,49925,0.03947620807248471
0.9,0.4,0.2,0.3,0.2884826,49925,0.03819762777424747
0.8,0.4,0.3,0.1,0.28849322,49925,0.038885188535926395
0.9,0.9,0.9,0.4,0.28849536,49925,0.0425181668477547
0.3,0.4,0.3,0.4,0.2884986,49925,0.042842694274368445
0.6,0.8,0.6,0.8,0.2884986,49925,0.042842694274368445
0.8,0.6,0.4,0.5,0.28850302,49925,0.04117766350275099
0.1,0.6,0.4,0.8,0.2885033,49925,0.0430172479240943
0.8,0.8,0.7,0.5,0.2885266,49925,0.04244380266127649
0.3,0.8,0.7,0.8,0.28852862,49925,0.0436383534457698
0.9,0.6,0.2,0.8,0.28854483,49925,0.03957067013729913
0.5,0.5,0.5,0.2,0.28855586,49925,0.04245658786286876
0.6,0.9,0.7,0.9,0.28855824,49925,0.04305105294832139
0.8,0.7,0.5,0.6,0.28858095,49925,0.04181079646055485
0.2,0.6,0.7,0.5,0.28859046,49925,0.04376533037216511
0.3,0.5,0.9,0.2,0.28859615,49925,0.042644752223406364
0.7,0.4,0.2,0.4,0.28859758,49925,0.039670112955026426
0.2,0.9,0.9,0.9,0.2885998,49925,0.04376731605089816
0.4,0.8,0.6,0.9,0.28860903,49925,0.043197028071795415
0.1,0.5,0.2,0.9,0.2886226,49925,0.041403639141423414
0.5,0.8,0.7,0.7,0.2886236,49925,0.043329183284587645
0.9,0.8,0.8,0.2,0.28863662,49925,0.04193882743203168
0.3,0.6,0.8,0.4,0.28864032,49925,0.04351352714202594
0.6,0.7,0.7,0.4,0.28864297,49925,0.042951144524527085
0.3,0.6,0.6,0.5,0.28864673,49925,0.04364804887130332
0.6,0.6,0.7,0.1,0.28866386,49925,0.042311428030299886
0.1,0.8,0.9,0.8,0.2886684,49925,0.04366910427310761
0.5,0.5,0.3,0.6,0.28866887,49925,0.04182679833009713
0.3,0.5,0.4,0.5,0.28867763,49925,0.04321294477278268
0.4,0.6,0.3,0.9,0.28871453,49925,0.041916867864766914
0.4,0.9,0.9,0.8,0.28873974,49925,0.04368389657701174
0.8,0.5,0.2,0.6,0.28874746,49925,0.039698561895410725
0.4,0.8,0.9,0.6,0.2887547,49925,0.043677729152743074
0.1,0.3,0.5,0.2,0.2887631,49925,0.04307796722955671
0.5,0.7,0.8,0.4,0.28877467,49925,0.04332291300804424
0.1,0.6,0.9,0.5,0.28882384,49925,0.04325961286117449
0.5,0.4,0.2,0.5,0.2888295,49925,0.04092564657211638
0.1,0.8,0.7,0.9,0.28884304,49925,0.04357550301247247
0.3,0.9,0.8,0.9,0.28885484,49925,0.04367415055630209
0.2,0.4,0.7,0.2,0.2888689,49925,0.042837134470634024
0.8,0.9,0.9,0.5,0.28887066,49925,0.04286015839686652
0.3,0.5,0.3,0.7,0.2888753,49925,0.04241768519433542
0.4,0.4,0.1,0.7,0.28888738,49925,0.03986258472069243
0.4,0.5,0.2,0.8,0.28891525,49925,0.04124433996012181
0.1,0.7,0.5,0.9,0.28893334,49925,0.04316993820282625
0.8,0.8,0.9,0.2,0.28893897,49925,0.042402508859464456
0.5,0.7,0.6,0.6,0.28894842,49925,0.0431437998503938
0.2,0.4,0.1,0.8,0.28896052,49925,0.04022808704139527
0.2,0.6,0.4,0.8,0.28896716,49925,0.04298124849212721
0.1,0.3,0.2,0.4,0.28896716,49925,0.04298124849212721
0.4,0.9,0.8,0.9,0.28897706,49925,0.04357334893666392
0.1,0.7,0.6,0.8,0.28898662,49925,0.04353881198935661
0.8,0.7,0.6,0.4,0.2890298,49925,0.04200679612881231
0.1,0.5,0.8,0.4,0.2890425,49925,0.043109255530277876
0.2,0.8,0.8,0.8,0.28905356,49925,0.04376220463334648
0.1,0.4,0.4,0.4,0.28905356,49925,0.04376220463334648
0.1,0.7,0.8,0.7,0.28905818,49925,0.04366557721947775
0.7,0.9,0.8,0.7,0.28906366,49925,0.04305432070051099
0.8,0.8,0.6,0.7,0.28907004,49925,0.04226644776837022
0.9,0.7,0.6,0.3,0.2890747,49925,0.0414532215050347
0.4,0.5,0.9,0.1,0.2890844,49925,0.042323311186429034
0.6,0.5,0.5,0.1,0.28908783,49925,0.04168237923092957
0.7,0.7,0.4,0.9,0.28908813,49925,0.04171194701016682
0.7,0.6,0.2,0.9,0.28913495,49925,0.04026139004358109
0.3,0.4,0.5,0.2,0.28916037,49925,0.04319364200326109
0.5,0.4,0.3,0.3,0.28916326,49925,0.041594754072202575
0.9,0.6,0.4,0.5,0.28916806,49925,0.0407719326274439
0.7,0.6,0.4,0.6,0.2891744,49925,0.041654962105005175
0.8,0.9,0.7,0.8,0.28919485,49925,0.04260992108995151
0.5,0.6,0.4,0.7,0.28919896,49925,0.04238840109248989
0.6,0.5,0.2,0.7,0.28920078,49925,0.04060290283004739
0.7,0.8,0.7,0.6,0.28921157,49925,0.04282996943536419
0.5,0.7,0.5,0.8,0.28922203,49925,0.042751105511399025
0.5,0.6,0.9,0.2,0.28924596,49925,0.04274623860196378
0.2,0.7,0.9,0.6,0.2892531,49925,0.0436476573232633
0.9,0.4,0.1,0.5,0.28926888,49925,0.03735226544050252
0.5,0.6,0.3,0.9,0.28927106,49925,0.0416647926663858
0.1,0.6,0.7,0.6,0.28932115,49925,0.043667330329143356
0.3,0.6,0.4,0.8,0.289324,49925,0.04281877897217667
0.9,0.9,0.8,0.6,0.28932646,49925,0.042499731541431995
0.5,0.8,0.8,0.6,0.28933287,49925,0.04345818983102924
0.8,0.7,0.7,0.2,0.28934017,49925,0.04194531990240946
0.2,0.7,0.7,0.7,0.28936213,49925,0.043754538158874326
0.5,0.6,0.5,0.5,0.28937438,49925,0.042840261033413846
0.2,0.5,0.2,0.9,0.2893762,49925,0.041438849290835605
0.4,0.5,0.7,0.2,0.28939766,49925,0.04292493080314943
0.7,0.7,0.5,0.7,0.2894112,49925,0.04219020962473002
0.3,0.5,0.5,0.4,0.28942132,49925,0.0434821942944575
0.7,0.9,0.9,0.6,0.28943282,49925,0.04316675504886897
0.4,0.6,0.9,0.3,0.28945592,49925,0.043085304046633306
0.6,0.2,0.1,0.1,0.28945845,49925,0.036088489221626024
0.5,0.5,0.6,0.1,0.2894661,49925,0.04237856083147042
0.4,0.7,0.8,0.5,0.2894669,49925,0.04359753807630653
0.7,0.8,0.9,0.4,0.28946793,49925,0.04295463735988205
0.8,0.6,0.5,0.3,0.2894717,49925,0.041372715958514834
0.1,0.5,0.4,0.6,0.289473,49925,0.043431756820190424
0.6,0.4,0.1,0.6,0.28947455,49925,0.03901331371331158
0.8,0.8,0.8,0.4,0.28947538,49925,0.04257619866478012
0.2,0.2,0.2,0.1,0.28947538,49925,0.04257619866478012
0.6,0.6,0.6,0.3,0.28947538,49925,0.04257619866478013
0.4,0.4,0.4,0.2,0.28947538,49925,0.04257619866478012
0.4,0.8,0.7,0.8,0.28949136,49925,0.0435006831792707
0.9,0.7,0.4,0.8,0.2894923,49925,0.041096871963896
0.9,0.6,0.5,0.2,0.28951025,49925,0.04064543998236628
0.3,0.5,0.7,0.3,0.28955296,49925,0.04334045137108059
0.1,0.6,0.5,0.7,0.28956398,49925,0.04350762189865718
0.7,0.7,0.8,0.2,0.2895684,49925,0.042450178074724516
0.3,0.8,0.9,0.7,0.28959638,49925,0.04376020087740073
0.5,0.6,0.7,0.3,0.28959876,49925,0.04306098895775254
0.5,0.5,0.4,0.4,0.28960276,49925,0.04237201916803193
0.7,0.7,0.6,0.5,0.28961366,49925,0.04245798282287056
0.7,0.7,0.9,0.1,0.2896333,49925,0.042330251710103635
0.2,0.5,0.6,0.4,0.28963652,49925,0.04371589178296289
0.9,0.8,0.5,0.9,0.28964105,49925,0.04163024820754222
0.5,0.8,0.6,0.9,0.28968966,49925,0.04301351115686835
0.8,0.3,0.1,0.3,0.28969002,49925,0.03681265790731015
0.8,0.5,0.4,0.2,0.28971308,49925,0.040411200435878404
0.9,0.7,0.7,0.1,0.28971362,49925,0.04136837664558799
0.2,0.6,0.8,0.5,0.28971568,49925,0.043586421560614534
0.2,0.7,0.5,0.9,0.28971747,49925,0.043165421545586634
0.8,0.8,0.9,0.3,0.2897326,49925,0.04258486271531327
0.4,0.4,0.5,0.1,0.2897377,49925,0.04246906122269533
0.9,0.8,0.8,0.3,0.28977433,49925,0.04213145687893116
0.8,0.3,0.2,0.1,0.28979495,49925,0.03718054717744063
0.2,0.5,0.9,0.3,0.28981292,49925,0.04282786959910783
0.5,0.7,0.7,0.5,0.28983575,49925,0.04329759478297337
0.4,0.8,0.8,0.7,0.28983593,49925,0.04362364718831897
0.4,0.7,0.6,0.7,0.28986213,49925,0.04334643196386964
0.7,0.4,0.3,0.2,0.28986806,49925,0.04002244437586252
0.9,0.4,0.3,0.1,0.2898852,49925,0.03828117742689684
0.6,0.6,0.8,0.1,0.28989446,49925,0.042358534536842116
0.6,0.6,0.7,0.2,0.28992143,49925,0.04254603504590556
0.9,0.8,0.6,0.7,0.28993636,49925,0.04195993138718179
0.1,0.4,0.3,0.5,0.28995234,49925,0.043284936270532905
0.7,0.6,0.3,0.8,0.28996283,49925,0.041101761266130896
0.1,0.3,0.1,0.6,0.2899648,49925,0.040808331827220316
0.9,0.7,0.5,0.6,0.28998166,49925,0.04147116688873333
0.9,0.6,0.3,0.7,0.28999242,49925,0.04036337477986946
0.7,0.5,0.4,0.3,0.28999314,49925,0.041220173765296464
0.6,0.9,0.8,0.8,0.28999695,49925,0.04326505390842238
0.7,0.8,0.6,0.8,0.2900109,49925,0.04256833702138669
0.2,0.6,0.6,0.6,0.29001275,49925,0.04372494469835654
0.1,0.3,0.3,0.3,0.29001275,49925,0.04372494469835654
0.3,0.9,0.9,0.9,0.29001275,49925,0.04372494469835654
0.7,0.6,0.5,0.4,0.29005235,49925,0.041968208828040726
0.7,0.9,0.7,0.9,0.29010117,49925,0.04285265060865558
0.7,0.6,0.6,0.2,0.29013062,49925,0.04196992400564266
0.2,0.4,0.5,0.3,0.29016,49925,0.04361383984862868
0.9,0.8,0.9,0.1,0.2901785,49925,0.04193685723537418
0.4,0.5,0.8,0.2,0.29019064,49925,0.04277137387339417
0.6,0.7,0.9,0.3,0.29019725,49925,0.04294456664068226
0.2,0.4,0.9,0.1,0.29027224,49925,0.041813401238922326
0.7,0.8,0.8,0.5,0.29027396,49925,0.04294925312355839
0.6,0.9,0.9,0.7,0.2902768,49925,0.043383010995071546
0.1,0.7,0.9,0.7,0.2902839,49925,0.043518508018323444
0.1,0.8,0.8,0.9,0.29029125,49925,0.0436024830255785
0.2,0.3,0.2,0.4,0.2903074,49925,0.04257659746955402
0.4,0.6,0.4,0.8,0.2903074,49925,0.04257659746955402
0.5,0.3,0.1,0.4,0.29030973,49925,0.03921642749791167
0.1,0.4,0.7,0.3,0.29032293,49925,0.04290080319596098
0.9,0.8,0.7,0.5,0.29033545,49925,0.04214736446661489
0.4,0.6,0.7,0.4,0.29033822,49925,0.043448120938407664
0.4,0.7,0.5,0.9,0.29034132,49925,0.042885357537334245
0.5,0.7,0.9,0.4,0.2903422,49925,0.043278960568739644
0.1,0.5,0.3,0.8,0.2903454,49925,0.042419661382295366
0.8,0.7,0.7,0.3,0.29038277,49925,0.0421559709048336
0.2,0.3,0.6,0.1,0.29038823,49925,0.0422756895915348
0.5,0.6,0.6,0.4,0.2903927,49925,0.043055077878464035
0.9,0.7,0.6,0.4,0.29040396,49925,0.04164701027419505
0.4,0.5,0.3,0.7,0.29041886,49925,0.04212566802605969
0.5,0.9,0.8,0.9,0.29044127,49925,0.043408806332712886
0.1,0.5,0.6,0.5,0.2904415,49925,0.04365539581499647
0.3,0.8,0.8,0.8,0.2904502,49925,0.04368899700143887
0.3,0.7,0.5,0.9,0.2904621,49925,0.043049597984068586
0.2,0.5,0.7,0.4,0.29046655,49925,0.043504710466984474
0.8,0.6,0.6,0.1,0.2904804,49925,0.041294998007415505
0.4,0.4,0.3,0.4,0.29048434,49925,0.042279566581052926
0.8,0.8,0.6,0.8,0.29048434,49925,0.042279566581052926
0.2,0.8,0.9,0.8,0.29048863,49925,0.04373367955662076
0.8,0.5,0.1,0.8,0.29049164,49925,0.03843430400318289
0.2,0.8,0.7,0.9,0.29049444,49925,0.04358640497932557
0.5,0.5,0.2,0.8,0.29049706,49925,0.04089148867557358
0.6,0.7,0.5,0.8,0.2905057,49925,0.04248343375742707
0.3,0.3,0.1,0.5,0.29051456,49925,0.04047843355367788
0.4,0.3,0.2,0.3,0.29051524,49925,0.04126339781937196
0.8,0.6,0.4,0.6,0.29051524,49925,0.04126339781937196
0.8,0.7,0.4,0.9,0.2905184,49925,0.04140407783233147
0.6,0.3,0.2,0.2,0.29052392,49925,0.039381460527054435
0.9,0.9,0.7,0.8,0.29053557,49925,0.042345325180217656
0.9,0.5,0.2,0.6,0.29054117,49925,0.03924116043215445
0.3,0.6,0.9,0.4,0.29055178,49925,0.043308211856056676
0.3,0.4,0.8,0.1,0.29055405,49925,0.042162280213865685
0.4,0.7,0.7,0.6,0.29056603,49925,0.04352296486337704
0.6,0.5,0.1,0.9,0.29058138,49925,0.039131183265495036
0.8,0.6,0.2,0.9,0.2905958,49925,0.03992556135230236
0.6,0.8,0.7,0.7,0.29060277,49925,0.04308911808023418
0.6,0.8,0.9,0.5,0.2906028,49925,0.04329243873227296
0.8,0.5,0.3,0.5,0.29061154,49925,0.04042623055331418
0.5,0.4,0.4,0.1,0.29064912,49925,0.041623142165592646
0.9,0.9,0.9,0.5,0.2906593,49925,0.04261608242696436
0.2,0.6,0.5,0.7,0.29066178,49925,0.0434586226800277
0.6,0.5,0.3,0.6,0.2906631,49925,0.04139825163705231
0.1,0.4,0.2,0.7,0.29066536,49925,0.041882393515835975
0.6,0.6,0.4,0.7,0.29068634,49925,0.0420473073554597
0.1,0.7,0.7,0.8,0.29071045,49925,0.04359121390003926
0.4,0.6,0.5,0.6,0.29071537,49925,0.04315251686480336
0.2,0.4,0.3,0.5,0.2907372,49925,0.043080740122535474
0.4,0.7,0.9,0.5,0.29074195,49925,0.043534216547310184
0.6,0.8,0.6,0.9,0.29076248,49925,0.04277999887428551
0.8,0.7,0.8,0.1,0.29076734,49925,0.04195883243981568
0.3,0.4,0.6,0.2,0.29079786,49925,0.043010453452301124
0.8,0.9,0.8,0.7,0.29081112,49925,0.04281712470425699
0.4,0.5,0.4,0.5,0.2908298,49925,0.04284551317355804
0.5,0.8,0.9,0.6,0.29083604,49925,0.043525578221764664
0.7,0.7,0.9,0.2,0.2908666,49925,0.0425020139034821
0.3,0.7,0.8,0.6,0.29087675,49925,0.04372415573390719
0.2,0.7,0.6,0.8,0.29088065,49925,0.04353967730427664
0.6,0.4,0.3,0.3,0.29088604,49925,0.040983275560656285
0.7,0.7,0.7,0.4,0.29090136,49925,0.042631655580492755
0.5,0.9,0.9,0.8,0.29090443,49925,0.04353472759781612
0.3,0.4,0.1,0.8,0.29093593,49925,0.040011516381133615
0.1,0.6,0.8,0.6,0.29094604,49925,0.04348829050028497
0.5,0.8,0.7,0.8,0.29101497,49925,0.04328059387765737
0.8,0.8,0.7,0.6,0.29101875,49925,0.04252665136629026
0.6,0.7,0.6,0.6,0.29103604,49925,0.04283588905117247
0.5,0.5,0.7,0.1,0.2910585,49925,0.04238458286017794
0.2,0.5,0.5,0.5,0.2910801,49925,0.04365872498948088
0.7,0.7,0.8,0.3,0.2910889,49925,0.042658762751582854
0.1,0.4,0.1,0.9,0.2910931,49925,0.03979764922221063
0.5,0.5,0.8,0.1,0.2911001,49925,0.042310218452618654
0.9,0.6,0.5,0.3,0.29111564,49925,0.040942428606256034
0.9,0.7,0.7,0.2,0.29113615,49925,0.04161184360519608
0.2,0.7,0.8,0.7,0.2911399,49925,0.043726073650583494
0.8,0.9,0.7,0.9,0.29116333,49925,0.04260404268211815
0.1,0.3,0.7,0.1,0.2911675,49925,0.04164357229610097
0.5,0.6,0.8,0.3,0.29119602,49925,0.043035893430672954
0.8,0.4,0.3,0.2,0.29119635,49925,0.039434172441946976
0.8,0.7,0.5,0.7,0.291209,49925,0.04184750339973913
0.8,0.9,0.9,0.6,0.2912398,49925,0.04293970893384205
0.2,0.6,0.9,0.5,0.29125234,49925,0.04337306375640366
0.1,0.6,0.4,0.9,0.2912661,49925,0.04274050733390862
0.6,0.7,0.8,0.4,0.2912707,49925,0.04307358198278124
0.7,0.9,0.8,0.8,0.29127482,49925,0.043051165081670346
0.4,0.4,0.6,0.1,0.29129785,49925,0.042425754769070276
0.2,0.5,0.4,0.6,0.29129854,49925,0.04331596250604149
0.2,0.2,0.1,0.3,0.29130554,49925,0.041353909218606225
0.6,0.6,0.3,0.9,0.29130554,49925,0.041353909218606225
0.4,0.4,0.2,0.6,0.29130554,49925,0.041353909218606225
0.2,0.4,0.8,0.2,0.29131597,49925,0.042460064744879455
0.1,0.2,0.4,0.1,0.29131597,49925,0.042460064744879455
0.6,0.5,0.5,0.2,0.29131946,49925,0.041982583626073
0.9,0.8,0.9,0.2,0.2913316,49925,0.04213279373470046
0.3,0.6,0.7,0.5,0.29136205,49925,0.043650492699952186
0.3,0.7,0.7,0.7,0.29136428,49925,0.04363353294302354
0.3,0.5,0.2,0.9,0.29137248,49925,0.04128254509386456
0.4,0.6,0.6,0.5,0.29138118,49925,0.04337412677485017
0.5,0.5,0.6,0.2,0.29138854,49925,0.042646334887621026
0.7,0.4,0.1,0.6,0.2913912,49925,0.03850830335733704
0.1,0.6,0.6,0.7,0.29140133,49925,0.04358433628465482
0.3,0.5,0.8,0.3,0.29140222,49925,0.0431072402520676
0.3,0.4,0.4,0.3,0.29141906,49925,0.043231581310220146
0.6,0.8,0.8,0.6,0.29141906,49925,0.043231581310220146
0.9,0.3,0.2,0.1,0.29142055,49925,0.03652034004394826
0.7,0.5,0.2,0.7,0.2914437,49925,0.04017098908675655
0.6,0.5,0.4,0.4,0.29147485,49925,0.04189872579347658
0.5,0.5,0.5,0.3,0.29147792,49925,0.04265021243914746
0.6,0.6,0.9,0.1,0.29148042,49925,0.042323539687915246
0.4,0.5,0.6,0.3,0.29148364,49925,0.04319733988861027
0.8,0.7,0.6,0.5,0.29150543,49925,0.04212470118123302
0.3,0.8,0.7,0.9,0.29150745,49925,0.0435031264755491
0.6,0.6,0.5,0.5,0.29150808,49925,0.04245896989731274
0.8,0.4,0.2,0.4,0.29153496,49925,0.03912086148112001
0.4,0.2,0.1,0.2,0.29153496,49925,0.03912086148112001
0.1,0.5,0.9,0.4,0.2915357,49925,0.04276255197560291
0.3,0.7,0.6,0.8,0.2915455,49925,0.04340929094687457
0.7,0.6,0.7,0.1,0.29161975,49925,0.04197172083806391
0.4,0.5,0.9,0.2,0.2916279,49925,0.042571235212056115
0.4,0.9,0.9,0.9,0.2916295,49925,0.04361850693786778
0.5,0.7,0.5,0.9,0.291645,49925,0.04265015342667199
0.1,0.4,0.5,0.4,0.29165632,49925,0.04362989350386564
0.9,0.5,0.4,0.2,0.29168808,49925,0.03992376599554353
0.7,0.7,0.5,0.8,0.2917108,49925,0.042183937730845986
0.4,0.8,0.9,0.7,0.29173136,49925,0.043660411402333135
0.3,0.3,0.4,0.1,0.29174757,49925,0.042577220219945415
0.6,0.6,0.8,0.2,0.29174757,49925,0.042577220219945415
0.7,0.5,0.5,0.1,0.29175496,49925,0.0412006301815176
0.3,0.7,0.9,0.6,0.29175666,49925,0.04363118565658845
0.8,0.6,0.3,0.8,0.2917636,49925,0.0407546134191532
0.5,0.6,0.9,0.3,0.29176566,49925,0.042930589672099055
0.7,0.8,0.7,0.7,0.29177508,49925,0.042829319275439814
0.4,0.6,0.8,0.4,0.29179013,49925,0.04338048879199966
0.2,0.3,0.4,0.2,0.29179013,49925,0.04338048879199966
0.6,0.4,0.2,0.5,0.2918064,49925,0.040387468282492914
0.7,0.8,0.6,0.9,0.2918081,49925,0.04254527315021748
0.1,0.8,0.9,0.9,0.29182038,49925,0.043552047149920385
0.5,0.7,0.6,0.7,0.29182327,49925,0.04310663634169148
0.8,0.7,0.8,0.2,0.29183343,49925,0.042172541525296224
0.8,0.6,0.5,0.4,0.29183373,49925,0.041549505076450347
0.8,0.8,0.9,0.4,0.29184088,49925,0.04272416450486142
0.2,0.5,0.3,0.8,0.29185063,49925,0.04240188091681837
0.9,0.6,0.4,0.6,0.291851,49925,0.04089046058032761
0.9,0.9,0.7,0.9,0.29185465,49925,0.04234197807912084
0.5,0.8,0.8,0.7,0.29188153,49925,0.043448045179865634
0.3,0.6,0.4,0.9,0.29188442,49925,0.042611661075532804
0.1,0.7,0.6,0.9,0.2918914,49925,0.043338872674209224
0.9,0.8,0.8,0.4,0.29189774,49925,0.04228331384378379
0.9,0.5,0.1,0.8,0.2918994,49925,0.038058166616052935
0.6,0.6,0.9,0.2,0.2919064,49925,0.042532661739840806
0.6,0.7,0.7,0.5,0.29190767,49925,0.0430322477117977
0.5,0.4,0.1,0.7,0.29198253,49925,0.039460125392542934
0.9,0.7,0.4,0.9,0.29199725,49925,0.041100016857183605
0.5,0.7,0.8,0.5,0.29200083,49925,0.04339706544995381
0.9,0.5,0.3,0.5,0.292039,49925,0.03998129818821337
0.7,0.5,0.1,0.9,0.29205748,49925,0.038796988314612084
0.2,0.6,0.4,0.9,0.29208523,49925,0.042736380369481915
0.1,0.4,0.9,0.2,0.29208723,49925,0.041846845849572156
0.5,0.6,0.4,0.8,0.29209077,49925,0.04229726423038686
0.3,0.6,0.5,0.7,0.2920965,49925,0.04327485050502299
0.2,0.4,0.2,0.7,0.29210162,49925,0.041810617534427164
0.5,0.5,0.3,0.7,0.29211712,49925,0.04175794564110778
0.7,0.6,0.4,0.7,0.29214343,49925,0.041668853707709855
0.7,0.9,0.9,0.7,0.29214486,49925,0.04318291721301488
0.7,0.7,0.9,0.3,0.29215613,49925,0.04269807973620983
0.3,0.5,0.6,0.4,0.29216537,49925,0.04355038830220134
0.4,0.8,0.7,0.9,0.29218477,49925,0.04337022927328917
0.2,0.6,0.7,0.6,0.2921876,49925,0.04371274219854839
0.9,0.8,0.6,0.8,0.29219016,49925,0.0420024810784427
0.7,0.8,0.9,0.5,0.2921906,49925,0.043059177289303044
0.8,0.5,0.4,0.3,0.2922179,49925,0.040720271368756875
0.9,0.8,0.9,0.3,0.29222414,49925,0.042329251583400083
0.9,0.3,0.1,0.3,0.2922318,49925,0.03619616177230176
0.8,0.8,0.8,0.5,0.29224375,49925,0.04266747968572225
0.6,0.7,0.9,0.4,0.29226348,49925,0.04306986836575147
0.6,0.9,0.8,0.9,0.292274,49925,0.04323088092098791
0.9,0.9,0.8,0.7,0.29228234,49925,0.04256754740680766
0.8,0.7,0.9,0.1,0.2922967,49925,0.0420649677652682
0.4,0.7,0.8,0.6,0.29230618,49925,0.04357858358261778
0.9,0.6,0.6,0.1,0.29234684,49925,0.04087763874735428
0.2,0.7,0.9,0.7,0.29235336,49925,0.04361575690423068
0.3,0.8,0.9,0.8,0.29237625,49925,0.043709711028043954
0.9,0.7,0.5,0.7,0.29238003,49925,0.041532879088924224
0.3,0.4,0.7,0.2,0.2923872,49925,0.04276177439017969
0.4,0.8,0.8,0.8,0.29239145,49925,0.04355399812156346
0.3,0.6,0.6,0.6,0.29239145,49925,0.04355399812156345
0.2,0.4,0.4,0.4,0.29239145,49925,0.04355399812156346
0.1,0.2,0.2,0.2,0.29239145,49925,0.04355399812156346
0.3,0.5,0.4,0.6,0.29239735,49925,0.04306063969082035
0.1,0.5,0.7,0.5,0.2924378,49925,0.04342536247198917
0.7,0.6,0.6,0.3,0.292453,49925,0.042188439833838604
0.5,0.5,0.7,0.2,0.2924599,49925,0.04264716808789402
0.7,0.7,0.6,0.6,0.2924733,49925,0.04250975211917077
0.5,0.5,0.9,0.1,0.29248524,49925,0.04216435993095722
0.8,0.9,0.8,0.8,0.29249102,49925,0.042825140261527464
0.5,0.7,0.7,0.6,0.29250547,49925,0.04330820547600235
0.9,0.6,0.2,0.9,0.2925231,49925,0.039583489906211224
0.4,0.4,0.7,0.1,0.2925364,49925,0.04228065426406097
0.2,0.8,0.8,0.9,0.29254547,49925,0.04364708422046424
0.1,0.7,0.8,0.8,0.2925538,49925,0.043547697659048354
0.6,0.6,0.7,0.3,0.2925678,49925,0.04275167237101421
0.8,0.6,0.6,0.2,0.29260322,49925,0.04156577260528717
0.4,0.3,0.3,0.1,0.29260322,49925,0.04156577260528717
0.5,0.5,0.4,0.5,0.29260993,49925,0.042409361725077296
0.5,0.6,0.5,0.6,0.29262626,49925,0.04283229833675377
0.9,0.4,0.3,0.2,0.2926363,49925,0.038874559985082824
0.1,0.6,0.5,0.8,0.29264835,49925,0.04326231640788839
0.6,0.3,0.1,0.4,0.29265562,49925,0.03853069522195991
0.4,0.5,0.5,0.4,0.29265746,49925,0.04314232203437258
0.5,0.6,0.7,0.4,0.2926578,49925,0.04317865525388463
0.6,0.5,0.6,0.1,0.29266146,49925,0.041993028375193066
0.9,0.8,0.7,0.6,0.2926672,49925,0.04223154691291199
0.7,0.5,0.3,0.6,0.2926889,49925,0.04096056854080134
0.3,0.6,0.8,0.5,0.29270768,49925,0.04353494844209673
0.6,0.9,0.9,0.8,0.2927105,49925,0.04337651230768232
0.2,0.4,0.6,0.3,0.29271525,49925,0.04334091227502426
0.3,0.5,0.3,0.8,0.29273212,49925,0.04221390565700237
0.8,0.8,0.6,0.9,0.29273823,49925,0.04228955302140241
0.9,0.7,0.8,0.1,0.29274428,49925,0.04165882316169641
0.8,0.7,0.7,0.4,0.29275814,49925,0.042318404953503294
0.2,0.4,0.1,0.9,0.29278982,49925,0.039874844460172004
0.1,0.5,0.5,0.6,0.29281333,49925,0.04356080262542373
0.1,0.6,0.9,0.6,0.29283646,49925,0.04323926210309033
0.7,0.8,0.8,0.6,0.29285753,49925,0.04300611517867069
0.7,0.6,0.5,0.5,0.29286978,49925,0.04206551837518774
0.1,0.3,0.6,0.2,0.2929015,49925,0.04251958863231004
0.1,0.5,0.4,0.7,0.29291484,49925,0.04312257615729559
0.3,0.3,0.5,0.1,0.29296148,49925,0.04243700675484997
0.3,0.5,0.9,0.3,0.2929776,49925,0.0428389119889066
0.2,0.5,0.8,0.4,0.2930024,49925,0.0432348667076916
0.6,0.6,0.6,0.4,0.29300612,49925,0.04268783891397988
0.3,0.3,0.3,0.2,0.29300612,49925,0.04268783891397988
0.9,0.9,0.9,0.6,0.29300612,49925,0.04268783891397987
0.9,0.5,0.4,0.3,0.29300782,49925,0.04025278943693097
0.2,0.8,0.9,0.9,0.29301423,49925,0.04363055215208668
0.8,0.8,0.7,0.7,0.29302686,49925,0.0425553088173946
0.4,0.7,0.6,0.8,0.2930273,49925,0.04324955961118677
0.2,0.7,0.7,0.8,0.29303676,49925,0.04362571158131035
0.6,0.8,0.9,0.6,0.2930542,49925,0.04334226932385238
0.3,0.4,0.9,0.1,0.29306507,49925,0.04180938759825725
0.4,0.5,0.2,0.9,0.29308596,49925,0.04104790174188884
0.4,0.5,0.7,0.3,0.29309008,49925,0.043120044680368466
0.6,0.8,0.7,0.8,0.29311728,49925,0.04306875255850397
0.4,0.4,0.5,0.2,0.29312792,49925,0.04277858247343526
0.4,0.6,0.9,0.4,0.2931296,49925,0.043227717706039635
0.3,0.4,0.3,0.5,0.29313615,49925,0.04270364403304131
0.2,0.7,0.6,0.9,0.29314327,49925,0.04335963625148936
0.3,0.3,0.2,0.4,0.29316047,49925,0.041997693136931594
0.6,0.6,0.4,0.8,0.29316047,49925,0.041997693136931594
0.7,0.5,0.4,0.4,0.29316628,49925,0.041415125375969024
0.5,0.9,0.9,0.9,0.2931677,49925,0.04350405526966826
0.6,0.7,0.5,0.9,0.2932167,49925,0.04240731015662229
0.5,0.8,0.9,0.7,0.2932344,49925,0.0435281101785528
0.9,0.4,0.2,0.4,0.29324177,49925,0.03858936831778737
0.9,0.7,0.6,0.5,0.29325366,49925,0.04177691112994381
0.8,0.7,0.8,0.3,0.29325917,49925,0.04236301072061003
0.6,0.8,0.8,0.7,0.2932622,49925,0.04323901622788332
0.7,0.3,0.2,0.2,0.29329237,49925,0.038659518836266935
0.9,0.6,0.3,0.8,0.29329303,49925,0.04040162627546311
0.3,0.8,0.8,0.9,0.29329613,49925,0.043593957722764656
0.8,0.7,0.5,0.8,0.29330218,49925,0.041888269517092624
0.7,0.6,0.3,0.9,0.29331112,49925,0.04105275630262581
0.7,0.7,0.8,0.4,0.29331896,49925,0.042781172606296776
0.6,0.4,0.4,0.1,0.2933402,49925,0.04104637180727417
0.8,0.9,0.9,0.7,0.29334053,49925,0.042990171854860926
0.5,0.3,0.2,0.3,0.2933419,49925,0.0405203640800216
0.7,0.4,0.3,0.3,0.29337478,49925,0.04039562539872338
0.6,0.5,0.2,0.8,0.29337826,49925,0.04053748561458145
0.7,0.6,0.7,0.2,0.29337835,49925,0.0422281421377035
0.7,0.6,0.8,0.1,0.29341996,49925,0.042064570945543195
0.8,0.6,0.4,0.7,0.29344302,49925,0.041330880676828705
0.4,0.7,0.7,0.7,0.2934568,49925,0.04348607834331979
0.5,0.4,0.3,0.4,0.29346013,49925,0.041713467600880794
0.8,0.7,0.9,0.2,0.29346925,49925,0.04226608822809075
0.6,0.7,0.6,0.7,0.29349267,49925,0.04283236217444349
0.1,0.7,0.7,0.9,0.29349956,49925,0.04341080131703809
0.8,0.5,0.5,0.1,0.293509,49925,0.04070443317257077
0.2,0.3,0.1,0.6,0.29351667,49925,0.04062050040591866
0.5,0.4,0.4,0.2,0.29351676,49925,0.041993973943298415
0.5,0.6,0.6,0.5,0.29352117,49925,0.04308947219727403
0.9,0.8,0.9,0.4,0.29355633,49925,0.042465303507403906
0.8,0.4,0.1,0.6,0.29358268,49925,0.03802327986475143
0.8,0.5,0.2,0.7,0.29358545,49925,0.03976303223295698
0.9,0.7,0.7,0.3,0.29358667,49925,0.0418140829678841
0.5,0.5,0.8,0.2,0.29359108,49925,0.042564930495050834
0.7,0.7,0.7,0.5,0.29359478,49925,0.04271652363741124
0.7,0.6,0.9,0.1,0.29360226,49925,0.04209110056685143
0.2,0.6,0.5,0.8,0.29363352,49925,0.04325818154666916
0.7,0.2,0.1,0.1,0.2936456,49925,0.03520364016849163
0.9,0.6,0.5,0.4,0.293648,49925,0.041153510603873476
0.5,0.8,0.7,0.9,0.29366446,49925,0.04321400050546504
0.1,0.4,0.8,0.3,0.2936649,49925,0.04247372277230027
0.4,0.6,0.4,0.9,0.29369265,49925,0.042404986746872084
0.1,0.7,0.9,0.8,0.293697,49925,0.04339756803769472
0.2,0.5,0.6,0.5,0.29370707,49925,0.04367232581607198
0.5,0.7,0.9,0.5,0.29371148,49925,0.043357576684352764
0.6,0.6,0.8,0.3,0.2937211,49925,0.042776011917417846
0.4,0.6,0.5,0.7,0.29373258,49925,0.04307293131739812
0.1,0.5,0.3,0.9,0.29373866,49925,0.042050518908260226
0.3,0.5,0.5,0.5,0.29374218,49925,0.043437696163699545
0.9,0.8,0.8,0.5,0.29375356,49925,0.04240094621233911
0.3,0.6,0.9,0.5,0.29376212,49925,0.043342009363617935
0.4,0.4,0.1,0.8,0.2937643,49925,0.039677132049723444
0.2,0.6,0.8,0.6,0.29377884,49925,0.04357649401069646
0.1,0.3,0.4,0.3,0.29377884,49925,0.04357649401069646
0.7,0.9,0.9,0.8,0.29378417,49925,0.043197808309637195
0.6,0.6,0.5,0.6,0.29380772,49925,0.04249086431783087
0.9,0.9,0.8,0.8,0.29381353,49925,0.042588006013847456
0.1,0.6,0.7,0.7,0.29386848,49925,0.04353180797025598
0.3,0.7,0.8,0.7,0.293885,49925,0.043672280791598496
0.7,0.9,0.8,0.9,0.29388717,49925,0.043041316805699774
0.5,0.8,0.8,0.8,0.2939904,49925,0.043407731502815086
0.4,0.6,0.7,0.5,0.29403967,49925,0.043467760431691836
0.1,0.4,0.2,0.8,0.29404134,49925,0.04142624867902592
0.1,0.4,0.3,0.6,0.2940501,49925,0.04291920232353553
0.8,0.7,0.6,0.6,0.2940572,49925,0.042194155851167266
0.3,0.7,0.7,0.8,0.29405746,49925,0.04352217263552842
0.8,0.8,0.9,0.5,0.29406238,49925,0.04280539112049688
0.1,0.5,0.8,0.5,0.29406834,49925,0.04311484221743837
0.2,0.6,0.6,0.7,0.2940893,49925,0.043584021308430046
0.3,0.4,0.2,0.7,0.2940989,49925,0.0415323626457568
0.6,0.5,0.7,0.1,0.29410455,49925,0.042067925958801544
0.1,0.4,0.6,0.4,0.29410774,49925,0.04332681367912326
0.4,0.5,0.8,0.3,0.29411274,49925,0.04297157997074295
0.8,0.6,0.7,0.1,0.29415616,49925,0.04162498073487411
0.2,0.7,0.8,0.8,0.29416072,49925,0.04361774703983145
0.2,0.5,0.9,0.4,0.29418537,49925,0.04294325856959551
0.4,0.4,0.4,0.3,0.29419556,49925,0.04273608054648982
0.8,0.8,0.8,0.6,0.29419556,49925,0.04273608054648982
0.4,0.3,0.1,0.5,0.2942041,49925,0.03990393335871299
0.8,0.5,0.1,0.9,0.2942128,49925,0.038447578800457856
0.8,0.5,0.3,0.6,0.29425612,49925,0.040536181016103005
0.6,0.7,0.8,0.5,0.29425752,49925,0.04313814401401942
0.2,0.3,0.5,0.2,0.29426807,49925,0.04302651131767345
0.7,0.7,0.5,0.9,0.29428995,49925,0.0421453297533496
0.7,0.8,0.7,0.8,0.2942909,49925,0.042815318196693895
0.7,0.6,0.8,0.2,0.29430348,49925,0.04230489737199015
0.2,0.4,0.7,0.3,0.29432988,49925,0.04301278378220181
0.6,0.5,0.5,0.3,0.294371,49925,0.042218594034127324
0.6,0.7,0.7,0.6,0.2943738,49925,0.043046847696418276
0.5,0.4,0.2,0.6,0.2943781,49925,0.04089405974426222
0.6,0.5,0.6,0.2,0.29438245,49925,0.04227419926871196
0.6,0.5,0.3,0.7,0.29438618,49925,0.04135691214503322
0.6,0.4,0.1,0.7,0.29439604,49925,0.03901366775902985
0.1,0.3,0.2,0.5,0.29447582,49925,0.04248954122808225
0.3,0.7,0.6,0.9,0.29447684,49925,0.043267217536393364
0.8,0.6,0.5,0.5,0.2945152,49925,0.0416877849218827
0.7,0.5,0.5,0.2,0.2945206,49925,0.04150327317313836
0.9,0.7,0.9,0.1,0.29453188,49925,0.04181802092038223
0.6,0.5,0.4,0.5,0.29454026,49925,0.04195416390402656
0.3,0.5,0.7,0.4,0.2945576,49925,0.04342132953311201
0.7,0.6,0.6,0.4,0.29456472,49925,0.042336533530467735
0.5,0.6,0.4,0.9,0.2945674,49925,0.04218242637341753
0.4,0.5,0.4,0.6,0.29457992,49925,0.04274007556091597
0.8,0.5,0.4,0.4,0.29458869,49925,0.040951126994890064
0.4,0.5,0.3,0.8,0.29461738,49925,0.041951355921260314
0.7,0.6,0.7,0.3,0.29461914,49925,0.04242480026348848
0.5,0.7,0.6,0.8,0.29463416,49925,0.043035812119756406
0.3,0.4,0.5,0.3,0.29464012,49925,0.04333685243719022
0.4,0.8,0.9,0.8,0.29464117,49925,0.04361683842950052
0.5,0.5,0.9,0.2,0.2946577,49925,0.04240136314380472
0.7,0.6,0.9,0.2,0.29467106,49925,0.042303259987329665
0.2,0.5,0.4,0.7,0.29468298,49925,0.043080983783048796
0.5,0.4,0.5,0.1,0.29468364,49925,0.04200791385727193
0.1,0.4,0.4,0.5,0.29468796,49925,0.04351078807622336
0.9,0.8,0.6,0.9,0.2947251,49925,0.04201603675170592
0.5,0.5,0.2,0.9,0.29473475,49925,0.0407399117406116
0.3,0.8,0.9,0.9,0.29475212,49925,0.04361564789418074
0.2,0.5,0.5,0.6,0.2947531,49925,0.04350448763436247
0.8,0.7,0.9,0.3,0.29475638,49925,0.04246356267705878
0.2,0.3,0.7,0.1,0.2947651,49925,0.04180338091437818
0.9,0.7,0.7,0.4,0.29477072,49925,0.041988696478731144
0.2,0.2,0.3,0.1,0.29478443,49925,0.042738025164913186
0.4,0.4,0.6,0.2,0.29478443,49925,0.042738025164913186
0.6,0.6,0.9,0.3,0.29478443,49925,0.04273802516491318
0.7,0.4,0.2,0.5,0.29478472,49925,0.03987707998023466
0.1,0.6,0.8,0.7,0.29480305,49925,0.04336296459854746
0.8,0.6,0.6,0.3,0.29482436,49925,0.04179337731951304
0.9,0.7,0.8,0.2,0.2948297,49925,0.04187350694096859
0.6,0.5,0.8,0.1,0.29484898,49925,0.04204556465989933
0.9,0.8,0.7,0.7,0.29487014,49925,0.04228665034917266
0.2,0.3,0.3,0.3,0.29489452,49925,0.04334545544858275
0.6,0.9,0.9,0.9,0.29489452,49925,0.04334545544858275
0.4,0.6,0.6,0.6,0.29489452,49925,0.04334545544858275
0.4,0.7,0.9,0.6,0.29489633,49925,0.04352930234326138
0.7,0.8,0.8,0.7,0.29489663,49925,0.04301935786888278
0.9,0.6,0.6,0.2,0.29489672,49925,0.041192214371692244
0.3,0.4,0.8,0.2,0.29490572,49925,0.04243201410264593
0.5,0.6,0.8,0.4,0.29490864,49925,0.04316041029700767
0.9,0.5,0.2,0.7,0.29491553,49925,0.039377653851743674
0.7,0.7,0.6,0.7,0.29492244,49925,0.04253781378847027
0.4,0.8,0.8,0.9,0.2949236,49925,0.043486342397396405
0.8,0.9,0.8,0.9,0.29493558,49925,0.04280214133786541
0.4,0.4,0.3,0.5,0.29494664,49925,0.042242952950797656
0.9,0.9,0.9,0.7,0.29496282,49925,0.0427453012899284
0.5,0.5,0.6,0.3,0.29496425,49925,0.04285314758654385
0.7,0.6,0.4,0.8,0.29498726,49925,0.041660253406716974
0.7,0.7,0.9,0.4,0.2949876,49925,0.042855124043657176
0.2,0.5,0.3,0.9,0.29499385,49925,0.04208054540944404
0.9,0.7,0.5,0.8,0.29499865,49925,0.041562172153571775
0.3,0.6,0.5,0.8,0.2950092,49925,0.04312270689166726
0.3,0.5,0.4,0.7,0.2950104,49925,0.042885203934930075
0.4,0.5,0.9,0.3,0.29503596,49925,0.04275434906546205
0.5,0.7,0.8,0.6,0.29504508,49925,0.04339679056216946
0.7,0.8,0.9,0.6,0.2950468,49925,0.0431135273008382
0.4,0.4,0.8,0.1,0.2950687,49925,0.042026483192805185
0.4,0.7,0.6,0.9,0.29507378,49925,0.04313477246239906
0.1,0.5,0.6,0.6,0.2951403,49925,0.0435045793495626
0.2,0.4,0.9,0.2,0.29516625,49925,0.04208161398398538
0.8,0.4,0.3,0.3,0.29519087,49925,0.03983393042634918
0.8,0.6,0.3,0.9,0.29520157,49925,0.040730728549140637
0.1,0.3,0.1,0.7,0.29521322,49925,0.040252982665531824
0.1,0.7,0.8,0.9,0.2952206,49925,0.04337414846180861
0.6,0.4,0.3,0.4,0.29522747,49925,0.04114979124439462
0.7,0.6,0.5,0.6,0.29525107,49925,0.04212130296730888
0.9,0.6,0.4,0.7,0.29529256,49925,0.04096677535497249
0.5,0.7,0.7,0.7,0.29529658,49925,0.04325698426271113
0.2,0.4,0.3,0.6,0.29529822,49925,0.04277849496598395
0.1,0.6,0.6,0.8,0.29529905,49925,0.04335977717989807
0.5,0.4,0.6,0.1,0.29530215,49925,0.04206841279088037
0.3,0.6,0.7,0.6,0.29532892,49925,0.04361849207679596
0.1,0.5,0.9,0.5,0.29533252,49925,0.04277757802476158
0.7,0.5,0.2,0.8,0.2953556,49925,0.04016221693803799
0.9,0.7,0.6,0.6,0.29540482,49925,0.041869037017874665
0.2,0.6,0.9,0.6,0.2954195,49925,0.04337416304915449
0.5,0.5,0.5,0.4,0.2954225,49925,0.0427419277688059
0.6,0.8,0.7,0.9,0.29543132,49925,0.043031657334591494
0.5,0.6,0.5,0.7,0.2954385,49925,0.04278624869131065
0.8,0.9,0.9,0.8,0.29544744,49925,0.04299083846165227
0.3,0.3,0.6,0.1,0.2954476,49925,0.042138979975083146
0.5,0.6,0.9,0.4,0.29546165,49925,0.04308307368730003
0.5,0.2,0.1,0.2,0.29546702,49925,0.03809850484431633
0.8,0.7,0.8,0.4,0.2954748,49925,0.04249385430341425
0.1,0.6,0.5,0.9,0.2954988,49925,0.043003964597886586
0.3,0.6,0.6,0.7,0.2954999,49925,0.04344049842829621
0.8,0.8,0.7,0.8,0.29550084,49925,0.04257161895314593
0.3,0.4,0.1,0.9,0.29550433,49925,0.039735538684618085
0.9,0.4,0.1,0.6,0.29550904,49925,0.03756361324333822
0.3,0.7,0.9,0.7,0.29554132,49925,0.043590518595830366
0.9,0.7,0.9,0.2,0.29554316,49925,0.04202635225263125
0.1,0.3,0.8,0.1,0.29555342,49925,0.041078847659256
0.6,0.6,0.7,0.4,0.29557157,49925,0.0428756462522178
0.6,0.7,0.9,0.5,0.29558268,49925,0.04315436180107936
0.8,0.7,0.5,0.9,0.29560003,49925,0.0418600829745575
0.6,0.5,0.9,0.1,0.29560494,49925,0.0419348798342816
0.2,0.6,0.7,0.7,0.29561055,49925,0.04359641858639562
0.8,0.7,0.7,0.5,0.29562795,49925,0.04241398859535352
0.7,0.3,0.1,0.4,0.29564062,49925,0.037885612669855094
0.6,0.5,0.7,0.2,0.2956798,49925,0.04235477639860777
0.2,0.7,0.9,0.8,0.29573387,49925,0.04352545442374348
0.2,0.5,0.7,0.5,0.29574102,49925,0.043498752857763334
0.9,0.7,0.8,0.3,0.29575044,49925,0.042086355450370816
0.6,0.6,0.4,0.9,0.29576528,49925,0.04191208546056002
0.7,0.4,0.4,0.1,0.29578134,49925,0.04045873778249227
0.3,0.5,0.8,0.4,0.29578522,49925,0.043198517010672996
0.8,0.3,0.2,0.2,0.29578558,49925,0.037980062090093684
0.2,0.7,0.7,0.9,0.29578608,49925,0.04346144244672947
0.6,0.8,0.9,0.7,0.29579043,49925,0.043330861412129315
0.4,0.6,0.5,0.8,0.2957942,49925,0.04292045258322292
0.7,0.5,0.3,0.7,0.2958333,49925,0.040973914216213374
0.5,0.5,0.3,0.8,0.29584256,49925,0.041625394951424984
0.9,0.5,0.1,0.9,0.29588363,49925,0.03810783777507201
0.6,0.8,0.8,0.8,0.29592246,49925,0.04321015351359163
0.3,0.4,0.4,0.4,0.29592246,49925,0.04321015351359163
0.6,0.6,0.6,0.5,0.29595467,49925,0.04276391773516043
0.7,0.5,0.6,0.1,0.29595864,49925,0.04158521385717356
0.8,0.7,0.6,0.7,0.29597878,49925,0.04222920472634536
0.3,0.4,0.6,0.3,0.29600397,49925,0.04320121573901048
0.4,0.7,0.8,0.7,0.2960105,49925,0.04353437264506982
0.9,0.6,0.5,0.5,0.296019,49925,0.04129414381395401
0.4,0.7,0.7,0.8,0.29602432,49925,0.04338680997897398
0.3,0.3,0.1,0.6,0.29603308,49925,0.04021616676464864
0.6,0.7,0.6,0.8,0.29607585,49925,0.04279982891762043
0.1,0.4,0.7,0.4,0.29609075,49925,0.042916941378564034
0.9,0.8,0.9,0.5,0.29609406,49925,0.04255734577137273
0.8,0.6,0.9,0.1,0.296099,49925,0.04181921068184371
0.4,0.4,0.2,0.7,0.2961378,49925,0.041183454101477605
0.9,0.5,0.5,0.1,0.2961472,49925,0.04024076287647465
0.5,0.3,0.3,0.1,0.29615718,49925,0.040792124427212556
0.9,0.9,0.8,0.9,0.29618403,49925,0.04259635546603742
0.8,0.6,0.8,0.1,0.29621464,49925,0.04180552211091673
0.5,0.5,0.4,0.6,0.2962199,49925,0.042390460865992075
0.7,0.5,0.4,0.5,0.29622293,49925,0.0415054293131282
0.2,0.3,0.2,0.5,0.29623342,49925,0.04223118976176823
0.8,0.6,0.7,0.2,0.29624343,49925,0.041881679076189206
0.3,0.4,0.3,0.6,0.2962458,49925,0.04249553852346237
0.1,0.6,0.9,0.7,0.29625043,49925,0.04315444698125015
0.2,0.6,0.5,0.9,0.2962515,49925,0.04301258670895424
0.4,0.4,0.7,0.2,0.29625607,49925,0.04257814818581774
0.4,0.6,0.8,0.5,0.29627743,49925,0.04341954907395364
0.9,0.8,0.8,0.6,0.2962932,49925,0.04247382342384137
0.9,0.5,0.3,0.6,0.29629838,49925,0.04013018048968235
0.7,0.7,0.8,0.5,0.29630172,49925,0.04288170171590416
0.9,0.6,0.7,0.1,0.2963118,49925,0.0412812655069494
0.7,0.7,0.7,0.6,0.29631734,49925,0.042760730388714197
0.4,0.5,0.6,0.4,0.29634833,49925,0.04328780951833316
0.5,0.5,0.7,0.3,0.2963866,49925,0.04286736235771879
0.6,0.3,0.2,0.3,0.29638788,49925,0.03980175866904354
0.2,0.4,0.5,0.4,0.2964056,49925,0.04358681681702939
0.1,0.5,0.7,0.6,0.29642066,49925,0.04330516392778323
0.7,0.9,0.9,0.9,0.29642686,49925,0.043162518857956494
0.8,0.6,0.4,0.8,0.29643184,49925,0.04132259392091888
0.4,0.3,0.2,0.4,0.29643184,49925,0.04132259392091888
0.2,0.4,0.8,0.3,0.2964334,49925,0.04265468306244405
0.3,0.7,0.7,0.9,0.2964337,49925,0.0434002328162766
0.1,0.5,0.4,0.8,0.2964368,49925,0.042831761812764664
0.6,0.4,0.4,0.2,0.29644063,49925,0.041407594984205376
0.9,0.6,0.6,0.3,0.29644063,49925,0.04140759498420537
0.3,0.2,0.2,0.1,0.29644063,49925,0.041407594984205376
0.7,0.6,0.8,0.3,0.29644197,49925,0.042507163258031735
0.7,0.5,0.5,0.3,0.29647112,49925,0.0417548926130666
0.5,0.5,0.8,0.3,0.29649276,49925,0.04275354227745978
0.3,0.5,0.3,0.9,0.29651058,49925,0.04196834382176773
0.5,0.8,0.9,0.8,0.29652336,49925,0.043475411913573264
0.4,0.5,0.5,0.5,0.29655218,49925,0.04312472270847503
0.2,0.6,0.6,0.8,0.29656833,49925,0.04339587414551448
0.1,0.3,0.3,0.4,0.29656833,49925,0.04339587414551448
0.8,0.5,0.5,0.2,0.2965827,49925,0.04104487012908841
0.4,0.6,0.9,0.5,0.29658434,49925,0.04328609683998842
0.8,0.8,0.9,0.6,0.29659668,49925,0.042865338814809174
0.9,0.8,0.7,0.8,0.29662916,49925,0.042304654089625665
0.2,0.3,0.6,0.2,0.29663017,49925,0.04259346495897811
0.3,0.7,0.8,0.8,0.2966328,49925,0.04356875335226714
0.5,0.8,0.8,0.9,0.29665092,49925,0.04333952243244071
0.3,0.5,0.9,0.4,0.29665872,49925,0.04295175355762577
0.9,0.5,0.4,0.4,0.29670334,49925,0.040495604348642564
0.5,0.7,0.6,0.9,0.2967476,49925,0.04293712057498641
0.4,0.3,0.4,0.1,0.29678905,49925,0.04202376127959263
0.8,0.6,0.8,0.2,0.29678905,49925,0.04202376127959263
0.8,0.6,0.6,0.4,0.29681736,49925,0.041971449792462555
0.4,0.3,0.3,0.2,0.29681736,49925,0.041971449792462555
0.5,0.4,0.5,0.2,0.29682446,49925,0.04232768565345575
0.8,0.4,0.2,0.5,0.29682922,49925,0.039361111686559896
0.5,0.7,0.9,0.6,0.29684263,49925,0.043393764267273066
0.1,0.7,0.9,0.9,0.2968589,49925,0.0432825282570428
0.5,0.4,0.7,0.1,0.2968619,49925,0.04197497642246404
0.6,0.5,0.2,0.9,0.29688773,49925,0.04044367784373929
0.6,0.6,0.5,0.7,0.29690003,49925,0.04245282941092538
0.1,0.6,0.7,0.8,0.29690522,49925,0.04334012059013938
0.7,0.8,0.7,0.9,0.29691464,49925,0.04280469159618546
0.6,0.4,0.2,0.6,0.29692486,49925,0.04042370007509881
0.3,0.2,0.1,0.3,0.29692486,49925,0.04042370007509881
0.9,0.6,0.3,0.9,0.29692486,49925,0.0404237000750988
0.8,0.2,0.1,0.1,0.29693055,49925,0.03440231433232367
0.5,0.6,0.6,0.6,0.29693732,49925,0.04306590169620416
0.4,0.5,0.4,0.7,0.29694706,49925,0.04261875496538513
0.9,0.4,0.3,0.3,0.29695728,49925,0.039313157792912806
0.1,0.3,0.5,0.3,0.2969611,49925,0.04312525518449874
0.9,0.7,0.9,0.3,0.2969643,49925,0.04218824759186758
0.3,0.4,0.9,0.2,0.2969779,49925,0.042084988576573015
0.1,0.2,0.1,0.4,0.29698843,49925,0.041454515673205364
0.2,0.4,0.2,0.8,0.29698843,49925,0.041454515673205364
0.9,0.7,0.5,0.9,0.2970072,49925,0.041564687669400475
0.1,0.5,0.5,0.7,0.29701462,49925,0.043294786106177895
0.8,0.6,0.5,0.6,0.29701984,49925,0.0417442966336717
0.5,0.4,0.1,0.8,0.29702497,49925,0.03935390313826388
0.5,0.6,0.7,0.5,0.2970253,49925,0.04321298331886909
0.1,0.4,0.3,0.7,0.2970372,49925,0.04252116134386792
0.6,0.7,0.7,0.7,0.29705155,49925,0.04301796379619188
0.9,0.7,0.6,0.7,0.29705638,49925,0.041910305922425395
0.8,0.8,0.8,0.7,0.29708657,49925,0.042762502757708806
0.8,0.7,0.9,0.4,0.2971005,49925,0.042608182763903386
0.7,0.8,0.8,0.8,0.2971039,49925,0.042986411888332896
0.3,0.5,0.6,0.5,0.29711744,49925,0.04350192599327895
0.9,0.7,0.7,0.5,0.2971491,49925,0.04210613409810422
0.3,0.6,0.5,0.9,0.29715967,49925,0.042930314901598536
0.3,0.3,0.4,0.2,0.29716107,49925,0.04292785603383456
0.6,0.6,0.8,0.4,0.29716107,49925,0.04292785603383456
0.9,0.9,0.9,0.8,0.2971862,49925,0.04276293860275098
0.4,0.8,0.9,0.9,0.29720628,49925,0.04353154282532228
0.6,0.5,0.8,0.2,0.29720792,49925,0.042319397176164716
0.7,0.4,0.3,0.4,0.29721075,49925,0.04060219700309577
0.8,0.9,0.9,0.9,0.29721957,49925,0.04296091242827048
0.6,0.5,0.6,0.3,0.29722145,49925,0.042458189554463
0.5,0.4,0.4,0.3,0.29722422,49925,0.04218891798895336
0.7,0.4,0.1,0.7,0.2972281,49925,0.03857407583742192
0.2,0.5,0.8,0.5,0.29724294,49925,0.0432585959758196
0.5,0.3,0.1,0.5,0.29724798,49925,0.03926594652891953
0.1,0.4,0.9,0.3,0.29724917,49925,0.04203880525049115
0.3,0.6,0.8,0.6,0.29725888,49925,0.04353043800814548
0.6,0.5,0.5,0.4,0.2973159,49925,0.04232261197057386
0.2,0.4,0.4,0.5,0.2973187,49925,0.04338290479357669
0.1,0.4,0.5,0.5,0.2973288,49925,0.04346129145231024
0.5,0.6,0.5,0.8,0.2973375,49925,0.042673255775864984
0.3,0.4,0.7,0.3,0.29734406,49925,0.04294610654106686
0.7,0.8,0.9,0.7,0.29736888,49925,0.04312216896683877
0.1,0.3,0.7,0.2,0.29738203,49925,0.04195090068906862
0.3,0.5,0.5,0.6,0.2973826,49925,0.0433073039579937
0.7,0.6,0.4,0.9,0.29740894,49925,0.04159501826024808
0.4,0.4,0.9,0.1,0.29744244,49925,0.04174418255387377
0.7,0.7,0.6,0.8,0.2974474,49925,0.04251826937717458
0.7,0.5,0.7,0.1,0.29746035,49925,0.041761870545922765
0.8,0.5,0.2,0.8,0.29746324,49925,0.03977251735890843
0.5,0.4,0.3,0.5,0.29751208,49925,0.04174923224863589
0.4,0.5,0.7,0.4,0.29751253,49925,0.043240694877887814
0.2,0.7,0.8,0.9,0.29752022,49925,0.043478982592990933
0.1,0.2,0.3,0.2,0.29758528,49925,0.04336518447499232
0.2,0.4,0.6,0.4,0.29758528,49925,0.04336518447499232
0.3,0.6,0.9,0.6,0.29758528,49925,0.043365184474992324
0.9,0.7,0.8,0.4,0.29758766,49925,0.04222444311939537
0.6,0.6,0.9,0.4,0.29761612,49925,0.04288266668771298
0.6,0.7,0.8,0.6,0.29764357,49925,0.043166715740714144
0.7,0.6,0.9,0.3,0.29764795,49925,0.042517425498728154
0.7,0.5,0.6,0.2,0.2976811,49925,0.04188753934021345
0.8,0.4,0.4,0.1,0.29769927,49925,0.039878094932565875
0.8,0.6,0.9,0.2,0.29770127,49925,0.04204744354821509
0.8,0.6,0.7,0.3,0.29771885,49925,0.04208911256590057
0.2,0.5,0.4,0.8,0.29772782,49925,0.042810233421522195
0.8,0.8,0.7,0.9,0.2977636,49925,0.04256137928940273
0.7,0.7,0.9,0.5,0.29776582,49925,0.04295445915507114
0.8,0.5,0.4,0.5,0.29776645,49925,0.0410836358910204
0.4,0.6,0.6,0.7,0.2977714,49925,0.0432596746464742
0.4,0.6,0.7,0.6,0.29779482,49925,0.04343136332687694
0.4,0.5,0.8,0.4,0.2978517,49925,0.04308678739193578
0.4,0.5,0.3,0.9,0.29786143,49925,0.041753385192772496
0.7,0.6,0.7,0.4,0.2978971,49925,0.042541383492849465
0.1,0.2,0.5,0.1,0.29791626,49925,0.041661147917033556
0.6,0.5,0.3,0.8,0.2979517,49925,0.04127318880179057
0.7,0.6,0.6,0.5,0.29795462,49925,0.04240685868764647
0.3,0.5,0.4,0.8,0.29795933,49925,0.04266936217969883
0.2,0.6,0.8,0.7,0.29796496,49925,0.04347927084289185
0.8,0.3,0.1,0.4,0.29799905,49925,0.03726806717058024
0.9,0.6,0.7,0.2,0.29802504,49925,0.04152998371771837
0.4,0.7,0.9,0.7,0.29802793,49925,0.043509009454615555
0.2,0.2,0.4,0.1,0.2980535,49925,0.042314860685208136
0.4,0.4,0.8,0.2,0.2980535,49925,0.042314860685208136
0.9,0.5,0.5,0.2,0.29806948,49925,0.04058802117058143
0.1,0.6,0.8,0.8,0.29807308,49925,0.0432321294051352
0.2,0.5,0.6,0.6,0.29808617,49925,0.04354084962686228
0.7,0.5,0.8,0.1,0.29810148,49925,0.04177762746326469
0.9,0.6,0.4,0.8,0.29811805,49925,0.04098725272278174
0.6,0.5,0.9,0.2,0.29813305,49925,0.04220270462981708
0.8,0.7,0.7,0.6,0.29815352,49925,0.04246103501998743
0.5,0.7,0.8,0.7,0.29816094,49925,0.04335004910601813
0.3,0.3,0.5,0.2,0.29816765,49925,0.04276870212754887
0.9,0.3,0.2,0.2,0.29818836,49925,0.0373481540429269
0.7,0.6,0.5,0.7,0.2981943,49925,0.04212468679101453
0.6,0.8,0.9,0.8,0.29820552,49925,0.04330131774351812
0.5,0.5,0.9,0.3,0.2982115,49925,0.04261483233133996
0.9,0.8,0.7,0.9,0.29821217,49925,0.04230476543328158
0.8,0.7,0.6,0.8,0.29823953,49925,0.042218296181733145
0.8,0.5,0.6,0.1,0.29828504,49925,0.04117865622425845
0.6,0.7,0.6,0.9,0.2982947,49925,0.0427144942756223
0.6,0.5,0.4,0.6,0.29834908,49925,0.04199086628862721
0.4,0.4,0.5,0.3,0.2983569,49925,0.04296725399658998
0.4,0.6,0.5,0.9,0.29836398,49925,0.04276444426644715
0.8,0.5,0.3,0.7,0.29836905,49925,0.04057445780484116
0.5,0.7,0.7,0.8,0.29837418,49925,0.043212666647611156
0.6,0.4,0.5,0.1,0.29839393,49925,0.04152036114122862
0.9,0.6,0.8,0.1,0.29839763,49925,0.041488392313830086
0.5,0.6,0.8,0.5,0.29840976,49925,0.043241559376981646
0.6,0.8,0.8,0.9,0.298412,49925,0.043166711729492574
0.3,0.6,0.6,0.8,0.29842487,49925,0.043290736436148315
0.8,0.7,0.8,0.5,0.29843345,49925,0.042586070142895366
0.9,0.8,0.9,0.6,0.29843488,49925,0.04261874690060356
0.1,0.4,0.2,0.9,0.29844117,49925,0.0410019319932186
0.2,0.5,0.9,0.5,0.29845658,49925,0.04297809266999776
0.9,0.8,0.8,0.7,0.29847345,49925,0.042501552087370754
0.3,0.7,0.9,0.8,0.2984788,49925,0.04352070125322671
0.3,0.4,0.2,0.8,0.29848522,49925,0.041265762583968385
0.6,0.4,0.1,0.8,0.29853767,49925,0.03893801654541061
0.1,0.6,0.6,0.9,0.29856312,49925,0.04312099120056497
0.1,0.5,0.8,0.6,0.29857093,49925,0.04303663702842207
0.5,0.5,0.6,0.4,0.29857662,49925,0.04294549095376013
0.7,0.5,0.7,0.2,0.2985835,49925,0.042011299086760226
0.9,0.6,0.5,0.6,0.2985861,49925,0.04137957572100396
0.2,0.5,0.5,0.7,0.29861644,49925,0.043291371630255336
0.9,0.4,0.2,0.5,0.2986403,49925,0.0388690284519739
0.4,0.4,0.1,0.9,0.29864928,49925,0.03946782645576513
0.8,0.5,0.5,0.3,0.29865137,49925,0.04129230153108938
0.5,0.4,0.2,0.7,0.29866573,49925,0.04080321201728304
0.6,0.7,0.9,0.6,0.2986662,49925,0.04321621650121166
0.9,0.6,0.6,0.4,0.29874197,49925,0.041573244905224224
0.6,0.6,0.6,0.6,0.298746,49925,0.042785967069321945
0.7,0.7,0.7,0.7,0.298746,49925,0.042785967069321945
0.8,0.8,0.8,0.8,0.298746,49925,0.042785967069321945
0.1,0.1,0.1,0.1,0.298746,49925,0.042785967069321945
0.5,0.5,0.5,0.5,0.298746,49925,0.042785967069321945
0.9,0.9,0.9,0.9,0.298746,49925,0.042785967069321945
0.3,0.3,0.3,0.3,0.298746,49925,0.042785967069321945
0.4,0.4,0.4,0.4,0.298746,49925,0.042785967069321945
0.2,0.2,0.2,0.2,0.298746,49925,0.042785967069321945
0.4,0.4,0.3,0.6,0.29876983,49925,0.04211853131573604
0.8,0.8,0.9,0.7,0.29878342,49925,0.042924382520627025
0.4,0.3,0.5,0.1,0.29878938,49925,0.0420268593757665
0.3,0.6,0.7,0.7,0.29879728,49925,0.04350226335961798
0.1,0.4,0.4,0.6,0.29879898,49925,0.04318403958627014
0.1,0.4,0.8,0.4,0.29882053,49925,0.04251716843344303
0.1,0.5,0.6,0.7,0.29882208,49925,0.04328363730194535
0.2,0.6,0.9,0.7,0.29884806,49925,0.04330825403552462
0.6,0.3,0.3,0.1,0.29884952,49925,0.040042473490091296
0.8,0.4,0.1,0.7,0.29885355,49925,0.03812869340856815
0.6,0.6,0.7,0.5,0.29886186,49925,0.04294501239924638
0.2,0.3,0.1,0.7,0.29889888,49925,0.040202234224946724
0.7,0.7,0.8,0.6,0.29889888,49925,0.04292878397396866
0.5,0.4,0.6,0.2,0.29894978,49925,0.04240379078066916
0.2,0.7,0.9,0.9,0.29898295,49925,0.04341887263324479
0.2,0.4,0.3,0.7,0.2990052,49925,0.042470574084391984
0.5,0.4,0.8,0.1,0.2990056,49925,0.041807052665761436
0.5,0.8,0.9,0.9,0.29900625,49925,0.04339839186076019
0.8,0.6,0.8,0.3,0.2990232,49925,0.042219698592683035
0.2,0.3,0.8,0.1,0.2990272,49925,0.04134869781273715
0.8,0.6,0.7,0.4,0.29905766,49925,0.04223133917503455
0.9,0.6,0.9,0.1,0.29906076,49925,0.04157601381173715
0.6,0.4,0.3,0.5,0.29907227,49925,0.04123107092190097
0.7,0.4,0.4,0.2,0.29907304,49925,0.040834301396996765
0.5,0.6,0.9,0.5,0.29908752,49925,0.0431633755119874
0.4,0.7,0.7,0.9,0.29909104,49925,0.04328403005240324
0.7,0.3,0.2,0.3,0.29909313,49925,0.03912543907063711
0.6,0.5,0.7,0.3,0.29909846,49925,0.042573076373383686
0.9,0.5,0.4,0.5,0.29912943,49925,0.04064432458889336
0.9,0.7,0.9,0.4,0.29913607,49925,0.04235683386523732
0.2,0.4,0.9,0.3,0.29915598,49925,0.04227733229855702
0.3,0.5,0.7,0.5,0.29916027,49925,0.04341969439177827
0.1,0.5,0.4,0.9,0.29918244,49925,0.042484286656131416
0.3,0.3,0.2,0.5,0.299183,49925,0.041780964854924635
0.8,0.7,0.9,0.5,0.2991974,49925,0.042725038932795625
0.9,0.7,0.7,0.6,0.2992049,49925,0.042159785406802985
0.2,0.3,0.4,0.3,0.29920775,49925,0.043407315708601124
0.4,0.6,0.8,0.6,0.29920775,49925,0.043407315708601124
0.7,0.5,0.9,0.1,0.2992538,49925,0.041709129215607245
0.7,0.6,0.8,0.4,0.29926053,49925,0.042678285839997866
0.8,0.4,0.3,0.4,0.2992736,49925,0.04008175463224643
0.4,0.7,0.8,0.8,0.29927504,49925,0.043448525088646946
0.3,0.4,0.5,0.4,0.2992762,49925,0.04332932692622682
0.7,0.5,0.2,0.9,0.29929787,49925,0.040103365753115294
0.7,0.5,0.4,0.6,0.29932296,49925,0.04157118206843729
0.5,0.5,0.4,0.7,0.2993465,49925,0.042297173189057354
0.2,0.6,0.7,0.8,0.29934946,49925,0.04343130170409508
0.7,0.8,0.8,0.9,0.29937804,49925,0.04296804166489892
0.1,0.6,0.9,0.8,0.29938304,49925,0.043033539455041805
0.3,0.4,0.8,0.3,0.29942128,49925,0.04263215378334742
0.9,0.5,0.2,0.8,0.29945624,49925,0.03940977334250501
0.7,0.4,0.2,0.6,0.29945868,49925,0.039938720422561524
0.7,0.5,0.6,0.3,0.29946533,49925,0.04208342453434428
0.7,0.5,0.5,0.4,0.29947463,49925,0.04189783252958949
0.4,0.4,0.6,0.3,0.29950774,49925,0.04293603501582214
0.9,0.7,0.6,0.8,0.29950857,49925,0.04193092211496401
0.9,0.4,0.4,0.1,0.299515,49925,0.03935211514272214
0.3,0.3,0.7,0.1,0.2995155,49925,0.04173755205128529
0.5,0.6,0.5,0.9,0.2995218,49925,0.04254357269942282
0.1,0.6,0.7,0.9,0.2995618,49925,0.04312593110145904
0.9,0.7,0.8,0.5,0.29956296,49925,0.042319690236230924
0.5,0.7,0.9,0.7,0.2995656,49925,0.043374323485591386
0.8,0.6,0.6,0.5,0.29958364,49925,0.042049252712260794
0.5,0.3,0.2,0.4,0.29958615,49925,0.04067100730434566
0.8,0.6,0.4,0.9,0.29958895,49925,0.04127886958444183
0.8,0.6,0.5,0.7,0.2996058,49925,0.04179087381595599
0.4,0.5,0.9,0.4,0.29961032,49925,0.04289138394704518
0.2,0.4,0.7,0.4,0.2996148,49925,0.04306875119743424
0.9,0.6,0.8,0.2,0.29964036,49925,0.04171922848733509
0.2,0.6,0.6,0.9,0.29964793,49925,0.04320229156072917
0.6,0.4,0.4,0.3,0.2996562,49925,0.041635363590337704
0.6,0.3,0.1,0.5,0.29966024,49925,0.03866210932949792
0.6,0.7,0.8,0.7,0.2996881,49925,0.04315618448578972
0.6,0.2,0.1,0.2,0.29970884,49925,0.037160365023287144
0.7,0.8,0.9,0.8,0.29973775,49925,0.04311523596014278
0.6,0.6,0.8,0.5,0.299743,49925,0.042990440042220184
0.6,0.4,0.6,0.1,0.2997539,49925,0.04167857160088543
0.9,0.3,0.1,0.4,0.29975626,49925,0.03669076974952959
0.1,0.3,0.2,0.6,0.29977378,49925,0.04192770753711789
0.4,0.3,0.1,0.6,0.2998148,49925,0.03974013798190488
0.2,0.5,0.7,0.6,0.29981494,49925,0.043418664299681775
0.6,0.7,0.7,0.8,0.29983076,49925,0.04298395832899284
0.1,0.3,0.6,0.3,0.29983822,49925,0.042597801449304876
0.5,0.5,0.3,0.9,0.29983938,49925,0.041468242284542885
0.5,0.6,0.7,0.6,0.2998399,49925,0.04320350529498397
0.4,0.5,0.6,0.5,0.29984206,49925,0.04327106148006241
0.1,0.4,0.6,0.5,0.2998549,49925,0.04320149332895268
0.9,0.6,0.7,0.3,0.29987,49925,0.0417335968326584
0.8,0.6,0.9,0.3,0.29988894,49925,0.04225925620728844
0.3,0.6,0.8,0.7,0.29989102,49925,0.04346420577617361
0.6,0.6,0.5,0.8,0.29992962,49925,0.042393254830004216
0.5,0.6,0.6,0.7,0.29993162,49925,0.04302399195648204
0.3,0.5,0.8,0.5,0.29994187,49925,0.04322191640643829
0.1,0.5,0.9,0.6,0.2999844,49925,0.04275641378053045
0.3,0.7,0.8,0.9,0.3000361,49925,0.043461584048332016
0.9,0.8,0.9,0.7,0.3000378,49925,0.042677641407188875
0.4,0.7,0.9,0.8,0.30004323,49925,0.043451541592870555
0.5,0.3,0.3,0.2,0.30004585,49925,0.041208256065978055
0.7,0.7,0.6,0.9,0.30004755,49925,0.04246137198623881
0.9,0.8,0.8,0.8,0.30005825,49925,0.042542434283903814
0.1,0.5,0.5,0.8,0.30006543,49925,0.043006277750206934
0.7,0.7,0.9,0.6,0.3000736,49925,0.0429837049585679
0.9,0.5,0.6,0.1,0.30011627,49925,0.04075889394099999
0.2,0.5,0.4,0.9,0.30013388,49925,0.042545171224812044
0.5,0.5,0.7,0.4,0.30014452,49925,0.04299216383607343
0.4,0.5,0.4,0.8,0.30017695,49925,0.04242495628347191
0.4,0.5,0.5,0.6,0.30019373,49925,0.04304817797357265
0.4,0.6,0.9,0.6,0.3002281,49925,0.04328920568434163
0.7,0.5,0.3,0.8,0.3002538,49925,0.04092446277436426
0.1,0.3,0.1,0.8,0.30027026,49925,0.039683199514355845
0.9,0.4,0.1,0.7,0.30028838,49925,0.03770596040538476
0.8,0.7,0.8,0.6,0.30030042,49925,0.04265855016402338
0.7,0.6,0.7,0.5,0.30032766,49925,0.04262866012906591
0.3,0.4,0.4,0.5,0.30033708,49925,0.043097827345049376
0.7,0.5,0.8,0.2,0.30034363,49925,0.0420438073636715
0.7,0.6,0.9,0.4,0.30034715,49925,0.042658469453103476
0.7,0.6,0.5,0.8,0.30035424,49925,0.042078132985336886
0.6,0.4,0.5,0.2,0.30035457,49925,0.041843733538901515
0.6,0.5,0.4,0.7,0.30035484,49925,0.04192748223788371
0.8,0.5,0.6,0.2,0.3003898,49925,0.04146280142249781
0.9,0.6,0.9,0.2,0.30040646,49925,0.04179089547115911
0.8,0.7,0.7,0.7,0.3004076,49925,0.042510712687322816
0.9,0.6,0.5,0.7,0.3004307,49925,0.041444719632626664
0.9,0.5,0.5,0.3,0.30043736,49925,0.04085962865557375
0.8,0.7,0.6,0.9,0.3004467,49925,0.042184619386178825
0.5,0.4,0.3,0.6,0.30045235,49925,0.04167539662643892
0.9,0.5,0.3,0.7,0.30046043,49925,0.0401883341176757
0.2,0.4,0.2,0.9,0.3004632,49925,0.04106935265516946
0.8,0.4,0.4,0.2,0.30053693,49925,0.040306888243512244
0.4,0.2,0.2,0.1,0.30053693,49925,0.040306888243512244
0.6,0.5,0.6,0.4,0.30055338,49925,0.0425805732921367
0.1,0.3,0.9,0.1,0.30057874,49925,0.04057111787992474
0.5,0.4,0.7,0.2,0.30058274,49925,0.04228677207881833
0.6,0.5,0.8,0.3,0.30059618,49925,0.042530539337669045
0.9,0.2,0.1,0.1,0.30061415,49925,0.03370457833867935
0.5,0.4,0.1,0.9,0.30062348,49925,0.03917405527663636
0.7,0.6,0.6,0.6,0.30062702,49925,0.04245730636282627
0.6,0.8,0.9,0.9,0.3006346,49925,0.04325709543116877
0.9,0.6,0.4,0.9,0.30064774,49925,0.040974543553617446
0.5,0.7,0.7,0.9,0.30066204,49925,0.0431127627341452
0.1,0.3,0.4,0.4,0.30067313,49925,0.04336271935272891
0.2,0.6,0.8,0.8,0.30067313,49925,0.04336271935272891
0.2,0.3,0.7,0.2,0.30069914,49925,0.04214336869944297
0.2,0.3,0.3,0.4,0.30073586,49925,0.04314550694870579
0.4,0.6,0.6,0.8,0.30073586,49925,0.04314550694870579
0.1,0.2,0.4,0.2,0.30073696,49925,0.04271226345591149
0.2,0.4,0.8,0.4,0.30073696,49925,0.04271226345591149
0.9,0.6,0.6,0.5,0.30074644,49925,0.04170627005993573
0.3,0.4,0.3,0.7,0.30075547,49925,0.04222434954303761
0.9,0.7,0.9,0.5,0.30083543,49925,0.042466532960497856
0.4,0.4,0.7,0.3,0.30083686,49925,0.04277590817537345
0.8,0.5,0.4,0.6,0.3008462,49925,0.041156182156183864
0.3,0.7,0.9,0.9,0.30089706,49925,0.043438054994610925
0.5,0.7,0.8,0.8,0.30090967,49925,0.043300564992959444
0.3,0.5,0.9,0.5,0.30091873,49925,0.042998218826499734
0.1,0.5,0.7,0.7,0.30092034,49925,0.043136843653420666
0.1,0.4,0.3,0.8,0.3009266,49925,0.042082034596011224
0.4,0.4,0.9,0.2,0.30093262,49925,0.04202288589586296
0.4,0.6,0.7,0.7,0.30094814,49925,0.043345232228565934
0.2,0.5,0.8,0.6,0.3009811,49925,0.04322144176692355
0.8,0.5,0.7,0.1,0.30098242,49925,0.0414165660423193
0.7,0.4,0.1,0.8,0.30099386,49925,0.03855940987733628
0.6,0.5,0.5,0.5,0.30101725,49925,0.042394281132184714
0.3,0.5,0.6,0.6,0.3010289,49925,0.04338882675192836
0.7,0.3,0.3,0.1,0.30103427,49925,0.03931119298860468
0.4,0.3,0.4,0.2,0.3010443,49925,0.042381904857111935
0.8,0.6,0.8,0.4,0.3010443,49925,0.042381904857111935
0.9,0.6,0.7,0.4,0.3010494,49925,0.04190974454609113
0.5,0.4,0.5,0.3,0.30105105,49925,0.04253115393570199
0.8,0.8,0.9,0.8,0.3010861,49925,0.042920758634916754
0.3,0.5,0.5,0.7,0.30108684,49925,0.04316381967259319
0.2,0.4,0.5,0.5,0.3011201,49925,0.04344458717732434
0.9,0.6,0.8,0.3,0.30112702,49925,0.04192458366767725
0.8,0.8,0.8,0.9,0.3011489,49925,0.0427580849774845
0.3,0.3,0.6,0.2,0.30116826,49925,0.042469416305170045
0.7,0.4,0.3,0.5,0.30120176,49925,0.04073286342253174
0.1,0.4,0.7,0.5,0.30121574,49925,0.04286020989365275
0.2,0.2,0.1,0.4,0.30121663,49925,0.04098585755780606
0.4,0.4,0.2,0.8,0.30121663,49925,0.04098585755780606
0.2,0.3,0.5,0.3,0.30122584,49925,0.04312012834922438
0.5,0.5,0.4,0.8,0.30126235,49925,0.042155168805857755
0.7,0.7,0.8,0.7,0.30131912,49925,0.04293666122733522
0.8,0.5,0.2,0.9,0.30131924,49925,0.03974526684536265
0.5,0.5,0.8,0.4,0.30134633,49925,0.04290880211697273
0.3,0.6,0.9,0.7,0.30134925,49925,0.043332333050522455
0.4,0.3,0.6,0.1,0.30136874,49925,0.041836358958698174
0.6,0.6,0.5,0.9,0.30137604,49925,0.042302661341584114
0.7,0.4,0.5,0.1,0.30142686,49925,0.041039738038718715
0.7,0.7,0.7,0.8,0.30144057,49925,0.04275351879711875
0.2,0.4,0.4,0.6,0.30144602,49925,0.043130361771269624
0.3,0.6,0.6,0.9,0.30144602,49925,0.043130361771269624
0.1,0.2,0.2,0.3,0.30144602,49925,0.043130361771269624
0.5,0.4,0.9,0.1,0.30144817,49925,0.041593879243435515
0.4,0.2,0.1,0.3,0.30148906,49925,0.039486179348440224
0.8,0.4,0.2,0.6,0.30148906,49925,0.039486179348440224
0.1,0.4,0.9,0.4,0.3014964,49925,0.04210523803571326
0.6,0.5,0.9,0.3,0.30150357,49925,0.04241186187499299
0.6,0.4,0.2,0.7,0.3015154,49925,0.04037303277353792
0.9,0.4,0.3,0.4,0.3015561,49925,0.03958269702760801
0.6,0.7,0.9,0.7,0.30156267,49925,0.04320571531058484
0.8,0.5,0.8,0.1,0.30158836,49925,0.04147131033507801
0.5,0.4,0.4,0.4,0.30160198,49925,0.04228630537461622
0.3,0.5,0.4,0.9,0.30161315,49925,0.042430749855303235
0.8,0.5,0.5,0.4,0.3016236,49925,0.04146073585510087
0.1,0.6,0.8,0.9,0.30166495,49925,0.043044613849665445
0.5,0.6,0.8,0.6,0.30167145,49925,0.043231885080811
0.6,0.6,0.7,0.6,0.3016821,49925,0.04295797677927656
0.6,0.6,0.9,0.5,0.30168682,49925,0.042967998729736986
0.1,0.5,0.8,0.7,0.30172867,49925,0.0429284818252762
0.3,0.6,0.7,0.8,0.30173302,49925,0.04337416963386793
0.9,0.7,0.8,0.6,0.30174497,49925,0.042380350905698895
0.6,0.6,0.6,0.7,0.3017453,49925,0.042747919408902
0.6,0.5,0.3,0.9,0.30175188,49925,0.04115694740802026
0.7,0.5,0.9,0.2,0.30177486,49925,0.04197732136249517
0.8,0.3,0.2,0.3,0.30179048,49925,0.038502800127714204
0.3,0.4,0.6,0.4,0.30180502,49925,0.043243533015610916
0.4,0.5,0.7,0.5,0.30180562,49925,0.04326278081676257
0.2,0.3,0.2,0.6,0.30181396,49925,0.041836782562748365
0.9,0.7,0.7,0.7,0.3018328,49925,0.042213858089225086
0.2,0.5,0.5,0.8,0.3018379,49925,0.043050661771606415
0.7,0.4,0.4,0.3,0.3018383,49925,0.041105661274729983
0.1,0.4,0.5,0.6,0.30183858,49925,0.04318575393804961
0.9,0.5,0.4,0.6,0.30183977,49925,0.04075291972254961
0.6,0.4,0.7,0.1,0.30188477,49925,0.041686184078663154
0.8,0.5,0.3,0.8,0.30189174,49925,0.040574072855742896
0.8,0.5,0.7,0.2,0.30191654,49925,0.04168471323943112
0.4,0.7,0.8,0.9,0.3019471,49925,0.04334666532420438
0.2,0.6,0.7,0.9,0.3019668,49925,0.043232606236989844
0.8,0.5,0.6,0.3,0.30197555,49925,0.041685055256731766
0.9,0.7,0.6,0.9,0.30199862,49925,0.04192783961565802
0.4,0.3,0.3,0.3,0.30201694,49925,0.04212316699232976
0.8,0.6,0.6,0.6,0.30201694,49925,0.04212316699232976
0.5,0.4,0.8,0.2,0.30202442,49925,0.04210586004107431
0.7,0.5,0.7,0.3,0.30203426,49925,0.042237823565601754
0.3,0.5,0.7,0.6,0.30203485,49925,0.04335266803664849
0.9,0.8,0.8,0.9,0.30204606,49925,0.04252813073014111
0.3,0.3,0.1,0.7,0.30204704,49925,0.03990469856400568
0.1,0.3,0.8,0.2,0.30207136,49925,0.04139660827317112
0.1,0.3,0.3,0.5,0.30207714,49925,0.04298326156245228
0.9,0.4,0.4,0.2,0.3021013,49925,0.03976607137954003
0.8,0.6,0.7,0.5,0.3021204,49925,0.04231523444947487
0.2,0.5,0.6,0.7,0.30212855,49925,0.04335545192001361
0.8,0.6,0.5,0.8,0.30217913,49925,0.04176639140837704
0.5,0.5,0.9,0.4,0.30219233,49925,0.042762313723338684
0.5,0.5,0.6,0.5,0.3021978,49925,0.04296802600624716
0.4,0.3,0.2,0.5,0.30220234,49925,0.041216786234577946
0.7,0.8,0.9,0.9,0.30220377,49925,0.04308779549983676
0.8,0.7,0.7,0.8,0.3023307,49925,0.042489811153452475
0.4,0.4,0.3,0.7,0.30233344,49925,0.04191875650723339
0.2,0.6,0.9,0.8,0.3023373,49925,0.04322164037044019
0.8,0.7,0.9,0.6,0.30234462,49925,0.04277199696437529
0.1,0.6,0.9,0.9,0.30235353,49925,0.04288401589610712
0.7,0.5,0.4,0.7,0.3023865,49925,0.04154304871497056
0.6,0.7,0.8,0.8,0.30238852,49925,0.04312063570523462
0.7,0.3,0.1,0.5,0.30240673,49925,0.03806243728384038
0.9,0.5,0.6,0.2,0.3024381,49925,0.04102564720994967
0.7,0.6,0.8,0.5,0.30244237,49925,0.04274567837487499
0.5,0.5,0.5,0.6,0.3024447,49925,0.042736830188247886
0.4,0.5,0.8,0.5,0.30244616,49925,0.04311929916143359
0.3,0.4,0.9,0.3,0.3024732,49925,0.04230848548741475
0.7,0.6,0.5,0.9,0.30247658,49925,0.042012209843832304
0.5,0.6,0.6,0.8,0.3024909,49925,0.04292370852640655
0.6,0.4,0.6,0.2,0.3024999,49925,0.04200102745607186
0.3,0.2,0.3,0.1,0.3024999,49925,0.04200102745607186
0.9,0.6,0.9,0.3,0.3024999,49925,0.04200102745607186
0.7,0.5,0.5,0.5,0.302501,49925,0.04198408747277202
0.5,0.3,0.4,0.1,0.30252057,49925,0.04141649114044542
0.6,0.7,0.7,0.9,0.3025694,49925,0.04291985058234409
0.6,0.3,0.2,0.4,0.30257362,49925,0.04002138712269905
0.2,0.4,0.3,0.8,0.30257615,49925,0.04212167505589241
0.4,0.6,0.8,0.7,0.30263066,49925,0.04334676281441367
0.7,0.5,0.6,0.4,0.3026387,49925,0.04222255200062994
0.9,0.8,0.9,0.8,0.30264172,49925,0.042696473763298215
0.3,0.4,0.7,0.4,0.30264992,49925,0.04301171078128654
0.9,0.6,0.8,0.4,0.30269635,49925,0.04208390575294685
0.6,0.5,0.7,0.4,0.30271724,49925,0.042704272812337844
0.9,0.5,0.5,0.4,0.30274007,49925,0.041034365816416875
0.5,0.7,0.9,0.8,0.30276936,49925,0.04333191819095273
0.1,0.5,0.6,0.8,0.30280387,49925,0.04302920632863465
0.6,0.3,0.3,0.2,0.3028162,49925,0.040511951725770455
0.5,0.6,0.7,0.7,0.30284747,49925,0.04315251706126835
0.2,0.4,0.6,0.5,0.30288887,49925,0.043291193167210786
0.8,0.4,0.3,0.5,0.3028964,49925,0.040243885724985336
0.9,0.5,0.2,0.9,0.30290788,49925,0.03938473000878523
0.6,0.4,0.1,0.9,0.30292574,49925,0.038839754799531286
0.2,0.5,0.9,0.6,0.30293468,49925,0.04294209715513524
0.7,0.6,0.6,0.7,0.3029455,49925,0.04243672831627394
0.4,0.4,0.8,0.3,0.30298585,49925,0.042526519435515574
0.7,0.2,0.1,0.2,0.30300635,49925,0.036326741985566395
0.4,0.5,0.5,0.7,0.30304533,49925,0.042923782119677324
0.4,0.4,0.4,0.5,0.30305168,49925,0.04271289350090801
0.7,0.7,0.9,0.7,0.30305803,49925,0.04299911748508279
0.4,0.4,0.5,0.4,0.30309108,49925,0.04298796717644593
0.9,0.6,0.5,0.8,0.30309197,49925,0.04144104324490993
0.1,0.3,0.7,0.3,0.30309394,49925,0.042092251160150695
0.6,0.4,0.3,0.6,0.30309772,49925,0.0412010245858721
0.6,0.4,0.8,0.1,0.3031109,49925,0.04156270671658635
0.5,0.4,0.2,0.8,0.30314234,49925,0.040625146366264527
0.5,0.3,0.1,0.6,0.30315012,49925,0.03921789222184023
0.2,0.3,0.9,0.1,0.30315915,49925,0.0408699750010986
0.8,0.8,0.9,0.9,0.30316165,49925,0.04287838474666029
0.5,0.6,0.9,0.6,0.30317575,49925,0.04317443451747561
0.5,0.4,0.6,0.3,0.303201,49925,0.042606201942354066
0.8,0.6,0.9,0.4,0.30320573,49925,0.04242086234508356
0.4,0.5,0.4,0.9,0.30320784,49925,0.04221552487952432
0.8,0.7,0.8,0.7,0.30321118,49925,0.04267807948350233
0.6,0.5,0.4,0.8,0.3032128,49925,0.041835702549458606
0.3,0.5,0.5,0.8,0.30321658,49925,0.042955299760420354
0.1,0.5,0.5,0.9,0.30321747,49925,0.04271640387383377
0.8,0.3,0.3,0.1,0.3032189,49925,0.03864992620078602
0.4,0.6,0.6,0.9,0.30321965,49925,0.043011342681880484
0.5,0.7,0.8,0.9,0.30324537,49925,0.043207281095839066
0.3,0.3,0.8,0.1,0.30328858,49925,0.04136800580568122
0.9,0.7,0.7,0.8,0.30329558,49925,0.04221066152803213
0.1,0.4,0.4,0.7,0.30333996,49925,0.042823479339879796
0.7,0.6,0.7,0.6,0.3033436,49925,0.04266076713221419
0.6,0.4,0.4,0.4,0.3033474,49925,0.04177918582297447
0.9,0.6,0.6,0.6,0.3033474,49925,0.04177918582297446
0.3,0.2,0.2,0.2,0.3033474,49925,0.04177918582297447
0.3,0.4,0.2,0.9,0.30335772,49925,0.04096258678638074
0.2,0.3,0.6,0.3,0.30338246,49925,0.04274680279845561
0.9,0.4,0.2,0.6,0.303403,49925,0.03902378782139794
0.3,0.6,0.8,0.8,0.30341715,49925,0.04335341585714045
0.6,0.5,0.5,0.6,0.30341846,49925,0.042372629649898595
0.2,0.4,0.9,0.4,0.30346644,49925,0.04234696028895648
0.4,0.7,0.9,0.9,0.30347183,49925,0.043354403214347026
0.6,0.4,0.5,0.3,0.30351898,49925,0.042067349513190896
0.8,0.5,0.9,0.1,0.30359384,49925,0.041477829731277
0.1,0.4,0.8,0.5,0.30359873,49925,0.0424831715757687
0.4,0.5,0.6,0.6,0.30362043,49925,0.04319089774235656
0.7,0.4,0.2,0.7,0.30362898,49925,0.03993241012745238
0.3,0.3,0.4,0.3,0.30364454,49925,0.04300722457101699
0.6,0.6,0.8,0.6,0.30364454,49925,0.04300722457101699
0.7,0.5,0.8,0.3,0.3036673,49925,0.04224906728695693
0.4,0.5,0.9,0.5,0.30367878,49925,0.042938453116241615
0.9,0.5,0.7,0.1,0.3036846,49925,0.04104076911094046
0.9,0.7,0.9,0.6,0.30369106,49925,0.04253213269279572
0.7,0.7,0.7,0.9,0.30372214,49925,0.04269119749591928
0.8,0.4,0.4,0.3,0.30372226,49925,0.04059067982702051
0.2,0.5,0.7,0.7,0.3037244,49925,0.043280410397028124
0.7,0.7,0.8,0.8,0.30373204,49925,0.04289604807891512
0.3,0.4,0.4,0.6,0.30373716,49925,0.04291306543805189
0.9,0.6,0.7,0.5,0.303753,49925,0.04200416488173056
0.8,0.4,0.1,0.8,0.30378175,49925,0.038155310920738046
0.1,0.5,0.9,0.7,0.30382502,49925,0.04263198311315104
0.1,0.4,0.3,0.9,0.3038445,49925,0.041651858961799695
0.8,0.5,0.8,0.2,0.3038581,49925,0.04175659209491035
0.2,0.6,0.8,0.9,0.30385977,49925,0.043200966912235676
0.2,0.2,0.5,0.1,0.30388317,49925,0.04171102639168971
0.1,0.3,0.5,0.4,0.30388406,49925,0.04301836773647989
0.4,0.6,0.9,0.7,0.30388626,49925,0.0432598860756111
0.7,0.5,0.3,0.9,0.30389905,49925,0.040850540908019636
0.9,0.5,0.6,0.3,0.30391213,49925,0.04128009306904918
0.7,0.4,0.5,0.2,0.30393928,49925,0.041350853833887355
0.9,0.5,0.3,0.8,0.3039469,49925,0.04021445007524117
0.9,0.3,0.2,0.3,0.30396262,49925,0.03790066787207956
0.3,0.5,0.8,0.6,0.30397204,49925,0.04319223833434705
0.1,0.2,0.6,0.1,0.3040151,49925,0.040920312910519015
0.1,0.4,0.6,0.6,0.30402866,49925,0.04300458033661799
0.7,0.6,0.9,0.5,0.30408192,49925,0.04277627418068695
0.8,0.4,0.5,0.1,0.3041095,49925,0.04050861267486708
0.8,0.6,0.5,0.9,0.30411634,49925,0.04171844619192341
0.2,0.3,0.1,0.8,0.30411777,49925,0.0397498258171833
0.3,0.4,0.3,0.8,0.3041191,49925,0.04195449294734938
0.4,0.6,0.7,0.8,0.30412146,49925,0.043229312882953945
0.5,0.2,0.2,0.1,0.30415812,49925,0.03925609289236201
0.3,0.6,0.7,0.9,0.30417845,49925,0.04322999237910729
0.6,0.5,0.6,0.5,0.30418482,49925,0.04263781447747963
0.4,0.3,0.7,0.1,0.3041936,49925,0.04155791346165315
0.8,0.5,0.4,0.7,0.30422264,49925,0.04116836606105795
0.8,0.6,0.6,0.7,0.30423594,49925,0.042116146893256844
0.7,0.4,0.6,0.1,0.30424052,49925,0.04128197440485108
0.8,0.5,0.5,0.5,0.3042457,49925,0.04158445371603133
0.5,0.5,0.7,0.5,0.30430615,49925,0.043027468140426316
0.3,0.3,0.3,0.4,0.30433604,49925,0.0426598003478161
0.6,0.6,0.6,0.8,0.30433604,49925,0.0426598003478161
0.3,0.4,0.8,0.4,0.30436936,49925,0.04272456690887729
0.7,0.3,0.3,0.2,0.30438334,49925,0.039831027431140496
0.6,0.7,0.9,0.8,0.304438,49925,0.04317537834762459
0.6,0.5,0.8,0.4,0.30444252,49925,0.04267762401183672
0.9,0.7,0.8,0.7,0.30446938,49925,0.042420941902001096
0.8,0.5,0.7,0.3,0.30449095,49925,0.04188041126076025
0.5,0.3,0.3,0.3,0.30453375,49925,0.04144420892866844
0.1,0.3,0.2,0.7,0.30453622,49925,0.041388289908323994
0.4,0.3,0.5,0.2,0.30454665,49925,0.042385650845735916
0.5,0.4,0.3,0.7,0.30458125,49925,0.041540803220666354
0.2,0.4,0.7,0.5,0.30461365,49925,0.04302914256834046
0.1,0.5,0.7,0.8,0.30463868,49925,0.04293190506524044
0.6,0.7,0.8,0.9,0.3046401,49925,0.043034030781502426
0.7,0.4,0.4,0.4,0.30464056,49925,0.04127812937660653
0.5,0.3,0.5,0.1,0.3046571,49925,0.041557763127457556
0.2,0.3,0.8,0.2,0.30468154,49925,0.041655266118623066
0.3,0.4,0.5,0.5,0.30470163,49925,0.04323946130144555
0.8,0.6,0.8,0.5,0.3047073,49925,0.042471639590777446
0.1,0.2,0.1,0.5,0.30471087,49925,0.04069199438461337
0.3,0.3,0.2,0.6,0.30472097,49925,0.041491881483075636
0.3,0.5,0.6,0.7,0.30473465,49925,0.043244902193154765
0.6,0.4,0.7,0.2,0.30477434,49925,0.04198330944245582
0.4,0.4,0.6,0.4,0.30479777,49925,0.043018279449509714
0.2,0.2,0.3,0.2,0.30479777,49925,0.043018279449509714
0.6,0.6,0.9,0.6,0.30479777,49925,0.04301827944950971
0.3,0.6,0.9,0.8,0.30482855,49925,0.04326002542460727
0.2,0.5,0.5,0.9,0.3048304,49925,0.04279380206472631
0.9,0.8,0.9,0.9,0.3048344,49925,0.04269281290895231
0.6,0.6,0.7,0.7,0.304866,49925,0.04290967765035532
0.9,0.4,0.4,0.3,0.3048665,49925,0.040094773059910056
0.8,0.7,0.7,0.9,0.30487412,49925,0.04245229270184123
0.8,0.7,0.9,0.7,0.30488545,49925,0.04280502157109321
0.8,0.3,0.1,0.5,0.30491802,49925,0.037510084980407574
0.5,0.5,0.4,0.9,0.30494124,49925,0.04196724859086712
0.9,0.5,0.5,0.5,0.3049472,49925,0.04117254166482767
0.5,0.6,0.8,0.7,0.3050033,49925,0.043195878459702026
0.3,0.3,0.7,0.2,0.30502045,49925,0.04206928330115336
0.5,0.4,0.4,0.5,0.30502066,49925,0.042267033762857134
0.1,0.3,0.1,0.9,0.3050705,49925,0.03913374361391348
0.5,0.3,0.4,0.2,0.3050975,49925,0.041777780294882286
0.8,0.5,0.6,0.4,0.30510196,49925,0.041842305503074516
0.2,0.4,0.4,0.7,0.3051312,49925,0.042829256635629205
0.5,0.4,0.7,0.3,0.30514714,49925,0.04249913557847306
0.7,0.5,0.9,0.3,0.30515125,49925,0.04218049763254657
0.9,0.3,0.3,0.1,0.30515513,49925,0.038009571669395184
0.5,0.6,0.6,0.9,0.3051574,49925,0.04280574601630464
0.3,0.5,0.9,0.6,0.30519542,49925,0.04298216038030145
0.2,0.5,0.6,0.8,0.30521178,49925,0.04314322180032627
0.7,0.3,0.2,0.4,0.30522263,49925,0.039411113889281896
0.7,0.4,0.1,0.9,0.3052228,49925,0.03849016444889671
0.4,0.3,0.1,0.7,0.30522755,49925,0.039504499802251944
0.5,0.2,0.1,0.3,0.30523074,49925,0.038586353588335884
0.9,0.4,0.1,0.8,0.3052359,49925,0.037768684961004835
0.5,0.7,0.9,0.9,0.30525094,49925,0.04324990218870813
0.5,0.4,0.9,0.2,0.3052578,49925,0.04187487998742014
0.5,0.3,0.2,0.5,0.30530685,49925,0.040644645528857326
0.4,0.4,0.2,0.9,0.30531514,49925,0.04075632118935551
0.7,0.5,0.7,0.4,0.3053764,49925,0.04238454133752405
0.7,0.5,0.5,0.6,0.305378,49925,0.04199454469076467
0.5,0.5,0.5,0.7,0.30538335,49925,0.042622126882787256
0.1,0.3,0.9,0.2,0.30538422,49925,0.04086722049806187
0.8,0.7,0.8,0.8,0.30539492,49925,0.0426765966303836
0.8,0.5,0.9,0.2,0.30539536,49925,0.04172023257144427
0.6,0.4,0.9,0.1,0.30539936,49925,0.04140267582562133
0.9,0.4,0.3,0.5,0.30540144,49925,0.039785557979883215
0.9,0.6,0.9,0.4,0.30547047,49925,0.04215319318115881
0.9,0.5,0.8,0.1,0.3055003,49925,0.0411711716946483
0.5,0.6,0.7,0.8,0.30552337,49925,0.043052244077382625
0.8,0.6,0.7,0.6,0.3055244,49925,0.04235841663790659
0.2,0.4,0.5,0.6,0.30554432,49925,0.04323773507039227
0.6,0.5,0.9,0.4,0.3055576,49925,0.042558217547631
0.7,0.5,0.4,0.8,0.30556333,49925,0.04148877915709022
0.7,0.6,0.8,0.6,0.30557927,49925,0.04279022310961474
0.8,0.5,0.3,0.9,0.30558679,49925,0.040517356039198725
0.7,0.6,0.6,0.8,0.30559632,49925,0.042390217527176165
0.7,0.4,0.3,0.6,0.30561635,49925,0.04075502383515047
0.4,0.5,0.5,0.8,0.30563295,49925,0.04273919850792297
0.9,0.6,0.6,0.7,0.30563673,49925,0.04179828910108923
0.2,0.3,0.3,0.5,0.30565977,49925,0.042824514218123555
0.4,0.5,0.7,0.6,0.305662,49925,0.043209002575634314
0.6,0.4,0.2,0.8,0.30566803,49925,0.040272142658098004
0.3,0.2,0.1,0.4,0.30566803,49925,0.040272142658098004
0.4,0.4,0.9,0.3,0.3057354,49925,0.04221888563027469
0.9,0.7,0.7,0.9,0.3057424,49925,0.04219413371661061
0.9,0.5,0.4,0.7,0.305755,49925,0.040798397537271755
0.9,0.5,0.7,0.2,0.30579516,49925,0.041324508852532145
0.8,0.4,0.2,0.7,0.30579895,49925,0.039510468778193884
0.8,0.2,0.1,0.2,0.3058067,49925,0.035571676047993286
0.7,0.4,0.7,0.1,0.30585778,49925,0.04135215080593601
0.5,0.5,0.6,0.6,0.30591062,49925,0.042937049641998494
0.5,0.4,0.5,0.4,0.3059221,49925,0.042593987821529636
0.7,0.7,0.9,0.8,0.30592617,49925,0.04298832987608956
0.6,0.3,0.4,0.1,0.30603972,49925,0.04077644913753453
0.9,0.4,0.5,0.1,0.30605942,49925,0.04002319009671098
0.6,0.3,0.1,0.6,0.30606818,49925,0.03867693838012339
0.5,0.5,0.8,0.5,0.30607814,49925,0.042965038760865215
0.2,0.5,0.8,0.7,0.30610928,49925,0.043089587305709005
0.9,0.6,0.5,0.9,0.30611265,49925,0.04142038654212373
0.2,0.4,0.3,0.9,0.30616182,49925,0.041744866215236966
0.1,0.3,0.6,0.4,0.30618218,49925,0.04257585732565383
0.7,0.4,0.5,0.3,0.30620778,49925,0.041582119101968254
0.4,0.4,0.7,0.4,0.30622768,49925,0.042853585311207996
0.3,0.3,0.5,0.3,0.3062487,49925,0.042915089743413855
0.9,0.3,0.1,0.5,0.30625737,49925,0.036985613581505726
0.9,0.5,0.9,0.1,0.30626047,49925,0.041218662428242125
0.1,0.5,0.8,0.8,0.30626318,49925,0.042739320359561066
0.8,0.4,0.5,0.2,0.30630648,49925,0.04085054760116224
0.9,0.6,0.8,0.5,0.30630988,49925,0.04218115167098051
0.2,0.6,0.9,0.9,0.30631143,49925,0.04309682923175642
0.1,0.4,0.7,0.6,0.30631393,49925,0.04271515745271292
0.2,0.1,0.1,0.1,0.30633932,49925,0.040775079413838906
0.4,0.2,0.2,0.2,0.30633932,49925,0.040775079413838906
0.6,0.3,0.3,0.3,0.30633932,49925,0.040775079413838906
0.8,0.4,0.4,0.4,0.30633932,49925,0.040775079413838906
0.5,0.6,0.9,0.7,0.30635482,49925,0.043159079645220845
0.7,0.4,0.6,0.2,0.30636054,49925,0.04159888964795171
0.2,0.3,0.4,0.4,0.30637538,49925,0.043242734152112224
0.4,0.6,0.8,0.8,0.30637538,49925,0.043242734152112224
0.8,0.6,0.9,0.5,0.3063858,49925,0.042527852615293175
0.9,0.7,0.9,0.7,0.30640656,49925,0.04256036083467299
0.5,0.5,0.9,0.5,0.30649084,49925,0.042811280719941516
0.7,0.6,0.7,0.7,0.30650237,49925,0.04265429457965577
0.8,0.3,0.3,0.2,0.30653977,49925,0.039183987983779
0.2,0.4,0.8,0.5,0.3065576,49925,0.04270449949056611
0.7,0.7,0.8,0.9,0.30656,49925,0.04284985173274991
0.3,0.4,0.6,0.5,0.30656967,49925,0.04318363107642082
0.9,0.7,0.8,0.8,0.30657095,49925,0.04241932675085832
0.1,0.4,0.9,0.5,0.30658,49925,0.042117854777519205
0.6,0.6,0.6,0.9,0.30659035,49925,0.04256953837831115
0.4,0.4,0.4,0.6,0.30659035,49925,0.04256953837831114
0.2,0.2,0.2,0.3,0.30659035,49925,0.04256953837831114
0.6,0.5,0.7,0.5,0.30662817,49925,0.04274888744222051
0.1,0.5,0.6,0.9,0.30664402,49925,0.04275633388282316
0.6,0.2,0.2,0.1,0.3066698,49925,0.03831453307008317
0.8,0.5,0.8,0.3,0.30673057,49925,0.04195204857066377
0.7,0.5,0.6,0.5,0.30673733,49925,0.04227080987771265
0.3,0.5,0.5,0.9,0.30673844,49925,0.042713190141793846
0.9,0.6,0.7,0.6,0.30674636,49925,0.04206009984265003
0.6,0.4,0.6,0.3,0.30675748,49925,0.04221997967149433
0.6,0.6,0.8,0.7,0.30678385,49925,0.04299581756318009
0.4,0.6,0.9,0.8,0.30679682,49925,0.043193215067517506
0.3,0.5,0.7,0.7,0.30679813,49925,0.043241751005635196
0.6,0.5,0.4,0.9,0.30680418,49925,0.04169880646889103
0.5,0.3,0.6,0.1,0.30684257,49925,0.04148084286647588
0.4,0.3,0.6,0.2,0.3068665,49925,0.04217761834036495
0.3,0.4,0.4,0.7,0.3068835,49925,0.042644204882557664
0.1,0.2,0.5,0.2,0.3069177,49925,0.04198510914314548
0.2,0.3,0.7,0.3,0.30692363,49925,0.042290241074944356
0.4,0.5,0.8,0.6,0.30702507,49925,0.04311964022323707
0.4,0.3,0.3,0.4,0.30702594,49925,0.042098656561344636
0.8,0.6,0.6,0.8,0.30702594,49925,0.042098656561344636
0.3,0.3,0.9,0.1,0.30703518,49925,0.0409894851416762
0.3,0.4,0.9,0.4,0.30703864,49925,0.0424084937142259
0.3,0.6,0.8,0.9,0.3070413,49925,0.043222593255352985
0.8,0.5,0.5,0.6,0.30704167,49925,0.04161422976158934
0.1,0.5,0.9,0.8,0.30706325,49925,0.04248310518207204
0.7,0.4,0.8,0.1,0.30708456,49925,0.04129643439341444
0.3,0.2,0.4,0.1,0.3071352,49925,0.04187328509580893
0.6,0.4,0.8,0.2,0.3071352,49925,0.04187328509580893
0.6,0.7,0.9,0.9,0.30714923,49925,0.04311011014830046
0.4,0.6,0.7,0.9,0.30715472,49925,0.04310200732412929
0.9,0.5,0.7,0.3,0.3071604,49925,0.041535505892209834
0.1,0.3,0.8,0.3,0.30716768,49925,0.04157530820589938
0.8,0.4,0.1,0.9,0.30716914,49925,0.03812859281328446
0.2,0.5,0.9,0.7,0.30722252,49925,0.0428671749666291
0.6,0.5,0.5,0.7,0.3072263,49925,0.042290294936414244
0.9,0.5,0.8,0.2,0.3072588,49925,0.04145451694361811
0.4,0.3,0.4,0.3,0.30728504,49925,0.04251035513995911
0.8,0.6,0.8,0.6,0.30728504,49925,0.04251035513995911
0.6,0.4,0.4,0.5,0.30735624,49925,0.041815417622018194
0.1,0.4,0.5,0.7,0.30737537,49925,0.04287813849489019
0.7,0.6,0.9,0.6,0.30738664,49925,0.04280812765062968
0.4,0.5,0.6,0.7,0.30741292,49925,0.04306650875472445
0.4,0.4,0.3,0.8,0.30743903,49925,0.04169398244962169
0.8,0.5,0.4,0.8,0.30750066,49925,0.041126650550283306
0.1,0.4,0.4,0.8,0.30750784,49925,0.042452733129222216
0.5,0.4,0.8,0.3,0.30754486,49925,0.04233240176029951
0.6,0.6,0.7,0.8,0.30755845,49925,0.04283596734893167
0.6,0.4,0.3,0.7,0.30759573,49925,0.041134536112142295
0.9,0.5,0.6,0.4,0.3076078,49925,0.04145995895434334
0.8,0.7,0.9,0.8,0.30760837,49925,0.04278578298123248
0.1,0.4,0.8,0.6,0.30772266,49925,0.042370658456985885
0.4,0.4,0.5,0.5,0.30774075,49925,0.0429490521999273
0.2,0.5,0.7,0.8,0.30781978,49925,0.04309820596156713
0.5,0.4,0.2,0.9,0.30782792,49925,0.04045111273734573
0.4,0.5,0.5,0.9,0.30784658,49925,0.04254703594310681
0.9,0.5,0.3,0.9,0.30789107,49925,0.040192555186378306
0.2,0.3,0.2,0.7,0.30791387,49925,0.04138949916764301
0.8,0.7,0.8,0.9,0.3079507,49925,0.042630885361733824
0.8,0.4,0.6,0.1,0.30796844,49925,0.040858232444560105
0.5,0.5,0.5,0.8,0.30798393,49925,0.04249667554092771
0.8,0.5,0.7,0.4,0.3079969,49925,0.04205422393451393
0.7,0.5,0.8,0.4,0.30800682,49925,0.04242061030212627
0.3,0.3,0.1,0.8,0.30801356,49925,0.03957232321719434
0.3,0.4,0.7,0.5,0.30802566,49925,0.04300917062558937
0.3,0.5,0.6,0.8,0.30810478,49925,0.0430824596366828
0.1,0.3,0.4,0.5,0.3081451,49925,0.043007243700287946
0.1,0.3,0.3,0.6,0.30816168,49925,0.04249797001233308
0.3,0.5,0.8,0.7,0.30817914,49925,0.043138304567753784
0.9,0.3,0.3,0.2,0.3081801,49925,0.038581095598403864
0.9,0.4,0.2,0.7,0.30820003,49925,0.039100173688915656
0.8,0.6,0.7,0.7,0.3082021,49925,0.04235542157748537
0.4,0.5,0.9,0.6,0.30824536,49925,0.042948114858714484
0.6,0.5,0.6,0.6,0.3082463,49925,0.04261793090175623
0.8,0.3,0.2,0.4,0.308294,49925,0.03881520230800237
0.2,0.3,0.5,0.4,0.30829772,49925,0.04307139044085168
0.4,0.3,0.2,0.6,0.30830598,49925,0.04102779038484094
0.4,0.3,0.8,0.1,0.3083369,49925,0.04124281782721863
0.7,0.3,0.1,0.6,0.30834484,49925,0.03814327787601916
0.9,0.4,0.4,0.4,0.3083489,49925,0.040306402542185926
0.7,0.5,0.5,0.7,0.30839416,49925,0.04196286700787582
0.1,0.2,0.3,0.3,0.30841357,49925,0.0431382632692183
0.2,0.4,0.6,0.6,0.30841357,49925,0.0431382632692183
0.3,0.6,0.9,0.9,0.30841357,49925,0.0431382632692183
0.7,0.5,0.4,0.9,0.30841738,49925,0.041402051925561616
0.8,0.4,0.3,0.6,0.30843192,49925,0.04031734661540589
0.5,0.3,0.1,0.7,0.30848807,49925,0.0390699758128329
0.9,0.5,0.5,0.6,0.30848843,49925,0.041239953728457505
0.5,0.6,0.8,0.8,0.30849153,49925,0.04312390433047023
0.9,0.4,0.5,0.2,0.30849713,49925,0.04036723111411705
0.7,0.6,0.6,0.9,0.3085104,49925,0.04231501900592262
0.6,0.6,0.9,0.7,0.30851597,49925,0.04300163207128487
0.5,0.4,0.6,0.4,0.30853876,49925,0.042702329004357456
0.6,0.4,0.5,0.4,0.30854574,49925,0.04214964435851331
0.9,0.6,0.6,0.8,0.30854762,49925,0.041805239778455024
0.1,0.1,0.2,0.1,0.30855978,49925,0.042636725361448004
0.4,0.4,0.8,0.4,0.30855978,49925,0.042636725361448004
0.2,0.2,0.4,0.2,0.30855978,49925,0.042636725361448004
0.3,0.3,0.6,0.3,0.30855978,49925,0.042636725361448004
0.8,0.5,0.6,0.5,0.30860192,49925,0.041913731803306986
0.3,0.3,0.3,0.5,0.30862123,49925,0.04244239769325824
0.9,0.6,0.9,0.5,0.30862382,49925,0.042281143995208575
0.3,0.3,0.8,0.2,0.30863133,49925,0.04167702170055916
0.9,0.5,0.9,0.2,0.30863786,49925,0.04145831355443477
0.6,0.4,0.9,0.2,0.30864832,49925,0.041709657244764206
0.5,0.5,0.7,0.6,0.30867785,49925,0.04298919669390058
0.2,0.3,0.9,0.2,0.30868372,49925,0.041201195882887044
0.2,0.3,0.1,0.9,0.30878595,49925,0.039300681981586205
0.1,0.5,0.7,0.9,0.30881995,49925,0.04268817163890317
0.8,0.5,0.9,0.3,0.30884117,49925,0.0419172467917196
0.1,0.2,0.2,0.4,0.3088504,49925,0.04251800104579454
0.2,0.4,0.4,0.8,0.3088504,49925,0.04251800104579454
0.5,0.6,0.7,0.9,0.3088756,49925,0.042924360500394755
0.5,0.4,0.4,0.6,0.3088765,49925,0.042164991484624284
0.2,0.5,0.6,0.9,0.30892077,49925,0.04289645259084411
0.7,0.4,0.4,0.5,0.30892593,49925,0.04133821658779343
0.7,0.2,0.2,0.1,0.30893818,49925,0.03746026745598868
0.3,0.4,0.3,0.9,0.3089437,49925,0.04165703873461328
0.6,0.5,0.8,0.5,0.30899352,49925,0.04274999799434031
0.1,0.3,0.2,0.8,0.30906206,49925,0.04084246912005339
0.7,0.3,0.3,0.3,0.30906227,49925,0.04014221410764981
0.7,0.4,0.9,0.1,0.3090995,49925,0.04118320812145985
0.7,0.4,0.2,0.8,0.30910498,49925,0.03988914057318394
0.5,0.4,0.3,0.8,0.30911288,49925,0.04135796557945565
0.7,0.4,0.7,0.2,0.30911675,49925,0.04165244731868665
0.7,0.6,0.8,0.7,0.309129,49925,0.04277558395476231
0.8,0.4,0.5,0.3,0.30923474,49925,0.041108255093995884
0.7,0.7,0.9,0.9,0.3092469,49925,0.04293577136555769
0.2,0.4,0.9,0.5,0.30926955,49925,0.04235667129752064
0.9,0.7,0.8,0.9,0.3093051,49925,0.04239117636780458
0.8,0.6,0.6,0.9,0.30931777,49925,0.042036334757393316
0.7,0.5,0.9,0.4,0.30932987,49925,0.042325653742543684
0.7,0.3,0.4,0.1,0.30935156,49925,0.040176723852594035
0.6,0.3,0.2,0.5,0.3093554,49925,0.04007546609700872
0.5,0.4,0.9,0.3,0.3093661,49925,0.04208206807079326
0.4,0.4,0.4,0.7,0.30937642,49925,0.042365269422211235
0.9,0.2,0.1,0.2,0.30939567,49925,0.034870057564453515
0.5,0.5,0.6,0.7,0.3094256,49925,0.042815441946267296
0.9,0.7,0.9,0.8,0.30943432,49925,0.04255631518420238
0.6,0.3,0.4,0.2,0.3094435,49925,0.04114956354687074
0.6,0.2,0.1,0.3,0.3094517,49925,0.03775421927955448
0.3,0.5,0.9,0.7,0.30946118,49925,0.042939829696437275
0.6,0.4,0.7,0.3,0.30946136,49925,0.0422036034468174
0.4,0.6,0.8,0.9,0.30946162,49925,0.04313081781709566
0.2,0.2,0.6,0.1,0.30948472,49925,0.04113695331467568
0.2,0.2,0.1,0.5,0.3095111,49925,0.04048300993135552
0.1,0.4,0.6,0.7,0.309516,49925,0.0427547608570659
0.9,0.5,0.4,0.8,0.3095445,49925,0.0407886222934658
0.3,0.4,0.5,0.6,0.3095461,49925,0.04305559880991817
0.7,0.5,0.7,0.5,0.3095665,49925,0.0424481855624514
0.9,0.4,0.1,0.9,0.30958107,49925,0.03777851651991835
0.9,0.6,0.8,0.6,0.30961913,49925,0.04222085587028673
0.9,0.6,0.7,0.7,0.3096356,49925,0.04207662959553835
0.5,0.3,0.3,0.4,0.30965164,49925,0.041502117278121316
0.8,0.6,0.9,0.6,0.3096579,49925,0.04257154251514682
0.7,0.6,0.7,0.8,0.3096804,49925,0.04259808208545602
0.2,0.5,0.8,0.8,0.30974925,49925,0.04296515804218637
0.5,0.3,0.7,0.1,0.30976242,49925,0.041293455638299996
0.2,0.4,0.5,0.7,0.3098631,49925,0.04297240489921573
0.5,0.6,0.9,0.8,0.30988577,49925,0.04309159635077297
0.5,0.3,0.5,0.2,0.30990857,49925,0.04191263218022026
0.1,0.5,0.8,0.9,0.30991662,49925,0.04253695473479159
0.6,0.5,0.5,0.8,0.3099462,49925,0.042206048081374854
0.9,0.5,0.8,0.3,0.3099627,49925,0.041643226556423066
0.1,0.2,0.7,0.1,0.30996966,49925,0.040221747501154724
0.2,0.4,0.7,0.6,0.3099984,49925,0.0429279350424333
0.8,0.4,0.7,0.1,0.3100011,49925,0.04099422927393341
0.4,0.3,0.7,0.2,0.3100014,49925,0.04188683371547177
0.2,0.3,0.3,0.6,0.31002688,49925,0.042430347002815845
0.4,0.5,0.7,0.7,0.31004524,49925,0.043112566181572165
0.7,0.5,0.6,0.6,0.31006682,49925,0.04226432843526807
0.9,0.3,0.2,0.4,0.3101886,49925,0.038258239623893305
0.6,0.5,0.9,0.5,0.31020114,49925,0.042648983253792794
0.4,0.4,0.6,0.5,0.3102754,49925,0.04298698571959768
0.5,0.5,0.5,0.9,0.3102822,49925,0.042334827442909166
0.1,0.3,0.7,0.4,0.3103019,49925,0.042099646415205215
0.8,0.4,0.6,0.2,0.3103178,49925,0.04115961677252677
0.4,0.2,0.3,0.1,0.3103178,49925,0.04115961677252677
0.9,0.5,0.7,0.4,0.31034824,49925,0.04168989983748554
0.4,0.3,0.1,0.8,0.31035262,49925,0.03925233279943855
0.5,0.2,0.2,0.2,0.31037837,49925,0.039837192794540115
0.4,0.6,0.9,0.9,0.3103837,49925,0.04309251861487848
0.9,0.4,0.3,0.6,0.31040064,49925,0.03989405230317369
0.7,0.4,0.6,0.3,0.31041104,49925,0.041811569143888776
0.9,0.5,0.6,0.5,0.310431,49925,0.041552385889328795
0.4,0.4,0.9,0.4,0.31049818,49925,0.04234909987810146
0.1,0.3,0.5,0.5,0.31050354,49925,0.04277150622485399
0.7,0.4,0.3,0.7,0.31050456,49925,0.04072668798165221
0.8,0.5,0.5,0.7,0.3105069,49925,0.04161898151442654
0.3,0.4,0.4,0.8,0.3105147,49925,0.042380430321037145
0.6,0.6,0.7,0.9,0.31051612,49925,0.04272756487076665
0.6,0.3,0.5,0.1,0.31054705,49925,0.041073232180387796
0.5,0.4,0.5,0.5,0.3105815,49925,0.04256954263272625
0.5,0.5,0.8,0.6,0.31058648,49925,0.04296208535587826
0.7,0.4,0.8,0.2,0.3106541,49925,0.041589731048026504
0.9,0.4,0.6,0.1,0.3106874,49925,0.04043613712694107
0.1,0.4,0.9,0.6,0.31071126,49925,0.04201497087453164
0.1,0.4,0.7,0.7,0.31075937,49925,0.04251369845177093
0.8,0.7,0.9,0.9,0.31078172,49925,0.042751512322825765
0.8,0.5,0.8,0.4,0.3107914,49925,0.04211357817821926
0.3,0.4,0.8,0.5,0.31081897,49925,0.04275727443980161
0.3,0.5,0.6,0.9,0.31086993,49925,0.04286510603724581
0.6,0.6,0.8,0.8,0.31087422,49925,0.042938089093838484
0.3,0.3,0.4,0.4,0.31087422,49925,0.042938089093838484
0.8,0.6,0.7,0.8,0.3108816,49925,0.04233707022835231
0.3,0.5,0.7,0.8,0.310887,49925,0.043091908987836845
0.4,0.5,0.6,0.8,0.31088775,49925,0.042909651619451795
0.1,0.4,0.4,0.9,0.31089908,49925,0.04202433466863703
0.6,0.4,0.2,0.9,0.3109447,49925,0.04013044876975884
0.8,0.4,0.4,0.5,0.31095386,49925,0.04088055365287679
0.8,0.3,0.1,0.6,0.3109692,49925,0.03764865075268933
0.2,0.3,0.8,0.3,0.31097642,49925,0.041845748701608
0.8,0.5,0.4,0.9,0.31098434,49925,0.04107955978223883
0.7,0.6,0.9,0.7,0.31099254,49925,0.04280355038614095
0.8,0.4,0.2,0.8,0.3109952,49925,0.039489336782906614
0.4,0.2,0.1,0.4,0.3109952,49925,0.039489336782906614
0.2,0.3,0.6,0.4,0.31099746,49925,0.04273720240551496
0.1,0.5,0.9,0.9,0.31099927,49925,0.04231006121514845
0.7,0.4,0.5,0.4,0.3110869,49925,0.04170885889986886
0.2,0.5,0.9,0.8,0.31110102,49925,0.04275026046425814
0.5,0.4,0.7,0.4,0.31119603,49925,0.04263692992082108
0.2,0.5,0.7,0.9,0.3112342,49925,0.0428837285015912
0.6,0.5,0.7,0.6,0.31124344,49925,0.04275307465694156
0.8,0.4,0.8,0.1,0.31124997,49925,0.04101223115113268
0.6,0.4,0.8,0.3,0.31126076,49925,0.04207986871686763
0.6,0.4,0.4,0.6,0.31128535,49925,0.04176633552050348
0.3,0.2,0.2,0.3,0.31128535,49925,0.04176633552050348
0.9,0.6,0.6,0.9,0.31128535,49925,0.04176633552050348
0.1,0.2,0.1,0.6,0.31136027,49925,0.03998621177262265
0.4,0.5,0.8,0.7,0.31138122,49925,0.043042892603321566
0.1,0.4,0.5,0.8,0.31140658,49925,0.04255707102613394
0.3,0.2,0.5,0.1,0.31144002,49925,0.04149200077571228
0.8,0.6,0.8,0.7,0.3114408,49925,0.04251681691658331
0.5,0.3,0.2,0.6,0.31155294,49925,0.04053237350611803
0.3,0.4,0.6,0.6,0.31157067,49925,0.04306196199366213
0.6,0.3,0.1,0.7,0.31164366,49925,0.03859955116400668
0.6,0.5,0.6,0.7,0.31167898,49925,0.04256075855401203
0.3,0.3,0.2,0.7,0.31174704,49925,0.041148810312652474
0.7,0.5,0.5,0.8,0.31176886,49925,0.04189953271883152
0.9,0.5,0.9,0.3,0.31184652,49925,0.04167097735349701
0.4,0.3,0.3,0.5,0.31188568,49925,0.04195012013253535
0.5,0.6,0.8,0.9,0.3119364,49925,0.04301964631360224
0.4,0.4,0.3,0.9,0.31193703,49925,0.04143911319868104
0.3,0.3,0.7,0.3,0.3119592,49925,0.042255397629510576
0.4,0.3,0.9,0.1,0.31196862,49925,0.04091706610914539
0.8,0.3,0.3,0.3,0.3119839,49925,0.03954418950522045
0.9,0.4,0.5,0.3,0.3119869,49925,0.04064295276395413
0.6,0.3,0.6,0.1,0.31199452,49925,0.04111279121986275
0.4,0.3,0.5,0.3,0.31202614,49925,0.04257759147615928
0.7,0.2,0.1,0.3,0.31205177,49925,0.03698160124594088
0.7,0.6,0.7,0.9,0.31205997,49925,0.04251572762911642
0.6,0.6,0.9,0.8,0.3120684,49925,0.04294497348897744
0.6,0.4,0.3,0.8,0.31208518,49925,0.041025138576731436
0.7,0.3,0.2,0.5,0.3121317,49925,0.03953715775407855
0.7,0.5,0.8,0.5,0.31216952,49925,0.04248559758537008
0.5,0.5,0.9,0.6,0.31217572,49925,0.042838577711566274
0.8,0.5,0.6,0.6,0.3121884,49925,0.04193748116213971
0.5,0.3,0.4,0.3,0.31222624,49925,0.041946573434556045
0.1,0.3,0.9,0.3,0.31223345,49925,0.041050204384609996
0.9,0.6,0.9,0.6,0.3122404,49925,0.04231887379839928
0.6,0.4,0.6,0.4,0.3122404,49925,0.04231887379839928
0.3,0.2,0.3,0.2,0.3122404,49925,0.04231887379839928
0.1,0.3,0.3,0.7,0.31226546,49925,0.04198128093607528
0.8,0.5,0.7,0.5,0.31227177,49925,0.04211680351667799
0.2,0.4,0.4,0.9,0.31232387,49925,0.04215312942747975
0.9,0.5,0.5,0.7,0.31234518,49925,0.04126041533274334
0.4,0.4,0.5,0.6,0.31235626,49925,0.04279061660718403
0.2,0.3,0.2,0.8,0.3123575,49925,0.04092429658224019
0.9,0.7,0.9,0.9,0.31241673,49925,0.04253682139756889
0.8,0.4,0.7,0.2,0.31250232,49925,0.04130595545015927
0.5,0.4,0.4,0.7,0.31250265,49925,0.04204564126349893
0.2,0.3,0.4,0.5,0.31251138,49925,0.043013168354274114
0.8,0.2,0.2,0.1,0.3125261,49925,0.03666461282608228
0.5,0.4,0.8,0.4,0.3125495,49925,0.042440683379284305
0.2,0.4,0.8,0.6,0.3126008,49925,0.04264042746635545
0.1,0.2,0.4,0.3,0.3126008,49925,0.04264042746635545
0.6,0.5,0.5,0.9,0.31262437,49925,0.04207674324703836
0.5,0.3,0.6,0.2,0.31262553,49925,0.041833819654621844
0.1,0.4,0.8,0.7,0.31267864,49925,0.04220432864884406
0.3,0.5,0.8,0.8,0.31274402,49925,0.042991646342385954
0.8,0.3,0.4,0.1,0.31277063,49925,0.03957756879281505
0.9,0.4,0.2,0.8,0.31277686,49925,0.03912910415795752
0.3,0.4,0.5,0.7,0.31277958,49925,0.04284849969785726
0.6,0.3,0.3,0.4,0.31278414,49925,0.04089228567405302
0.2,0.4,0.6,0.7,0.31279308,49925,0.04292657124552802
0.4,0.4,0.7,0.5,0.31280205,49925,0.04288176425113167
0.7,0.6,0.8,0.8,0.31282485,49925,0.042737946219613174
0.5,0.5,0.6,0.8,0.312935,49925,0.0427023038563684
0.8,0.5,0.9,0.4,0.31299394,49925,0.04209392812012
0.5,0.6,0.9,0.9,0.31302786,49925,0.043017834513580856
0.3,0.4,0.9,0.5,0.31303006,49925,0.0424389113478828
0.9,0.4,0.4,0.5,0.31303805,49925,0.04042732047480225
0.7,0.4,0.9,0.2,0.3130471,49925,0.041463259629895714
0.3,0.3,0.1,0.9,0.31305197,49925,0.039211906170719624
0.7,0.3,0.4,0.2,0.31313998,49925,0.04053933471250425
0.9,0.6,0.7,0.8,0.31315184,49925,0.042080289447401
0.8,0.4,0.9,0.1,0.3131556,49925,0.04095481028039184
0.1,0.3,0.6,0.5,0.31316614,49925,0.04239299756760051
0.5,0.5,0.7,0.7,0.31318986,49925,0.0429309497901642
0.9,0.5,0.4,0.9,0.31324488,49925,0.0407642836186434
0.6,0.4,0.5,0.5,0.31325045,49925,0.042157727871859965
0.8,0.4,0.3,0.7,0.31326815,49925,0.04031293302298983
0.9,0.5,0.8,0.4,0.31329072,49925,0.04180091249738859
0.4,0.3,0.8,0.2,0.31330726,49925,0.041554179345972275
0.1,0.3,0.2,0.9,0.31332964,49925,0.04030207759943612
0.7,0.4,0.2,0.9,0.31334248,49925,0.039776778523424546
0.4,0.5,0.9,0.7,0.31336993,49925,0.04289161177846321
0.9,0.3,0.1,0.6,0.31337148,49925,0.03717278174506358
0.2,0.2,0.2,0.4,0.3133923,49925,0.0421392188173409
0.4,0.4,0.4,0.8,0.3133923,49925,0.0421392188173409
0.3,0.3,0.3,0.6,0.3133923,49925,0.0421392188173409
0.1,0.1,0.1,0.2,0.3133923,49925,0.0421392188173409
0.2,0.3,0.7,0.4,0.3134702,49925,0.04232270115553158
0.4,0.5,0.6,0.9,0.3134831,49925,0.04275451796929693
0.3,0.3,0.9,0.2,0.31350467,49925,0.04130088880099307
0.9,0.4,0.6,0.2,0.31354237,49925,0.04074581224915934
0.5,0.3,0.8,0.1,0.313591,49925,0.04106153708013913
0.9,0.4,0.7,0.1,0.313623,49925,0.040634137738845555
0.7,0.5,0.6,0.7,0.3136311,49925,0.04225854479578664
0.1,0.3,0.4,0.6,0.3136539,49925,0.04261969517161859
0.8,0.6,0.9,0.7,0.31365907,49925,0.04259931273274459
0.2,0.5,0.8,0.9,0.31367594,49925,0.042766515920541474
0.7,0.4,0.7,0.3,0.31369063,49925,0.041864899517479334
0.7,0.4,0.4,0.6,0.31369662,49925,0.04133157666589149
0.8,0.4,0.5,0.4,0.31369683,49925,0.041258352677318984
0.1,0.2,0.6,0.2,0.3137106,49925,0.04126252217684116
0.9,0.6,0.8,0.7,0.31371176,49925,0.04225140057745492
0.6,0.6,0.8,0.9,0.31378877,49925,0.04285148164657454
0.4,0.5,0.7,0.8,0.3138878,49925,0.042978203580718646
0.8,0.4,0.6,0.3,0.31391487,49925,0.04140810960437379
0.2,0.4,0.5,0.8,0.31391522,49925,0.042674962880199487
0.6,0.5,0.8,0.6,0.31393313,49925,0.042758113910075266
0.6,0.4,0.9,0.3,0.3139621,49925,0.04192168573213361
0.2,0.2,0.5,0.2,0.31401485,49925,0.04208259155537941
0.3,0.4,0.7,0.6,0.31402624,49925,0.04291337276139958
0.5,0.4,0.6,0.5,0.31402972,49925,0.04268716270671079
0.3,0.3,0.5,0.4,0.31403565,49925,0.042909908822251576
0.8,0.5,0.5,0.8,0.31407014,49925,0.04157350610662269
0.1,0.3,0.8,0.4,0.31407925,49925,0.04161633031021327
0.1,0.4,0.6,0.8,0.31412777,49925,0.04247494772249903
0.4,0.3,0.6,0.3,0.31413665,49925,0.04238565286871479
0.2,0.4,0.9,0.6,0.31413674,49925,0.042332522186346186
0.5,0.3,0.1,0.8,0.3142639,49925,0.038897358399626596
0.5,0.4,0.3,0.9,0.3142684,49925,0.041167506895966634
0.7,0.4,0.3,0.8,0.31442732,49925,0.040640846864700375
0.3,0.5,0.9,0.8,0.31444126,49925,0.04282485935168436
0.8,0.6,0.7,0.9,0.31446958,49925,0.04228105771987735
0.9,0.5,0.6,0.6,0.31451565,49925,0.04159911552004134
0.6,0.3,0.5,0.2,0.31451985,49925,0.04142218631946662
0.7,0.5,0.9,0.5,0.31462094,49925,0.04245182568352782
0.7,0.3,0.5,0.1,0.31464636,49925,0.040573487445119225
0.4,0.4,0.8,0.5,0.31470785,49925,0.04267508638810865
0.7,0.5,0.7,0.6,0.3147084,49925,0.04245743309851654
0.3,0.5,0.7,0.9,0.3147101,49925,0.042895261347145025
0.4,0.3,0.2,0.7,0.31474397,49925,0.040776038064865114
0.8,0.3,0.2,0.5,0.31478566,49925,0.03901767018456429
0.6,0.5,0.6,0.8,0.31485623,49925,0.04245107788077047
0.5,0.2,0.1,0.4,0.31490082,49925,0.03873370408027384
0.9,0.4,0.8,0.1,0.314927,49925,0.040720358905738066
0.6,0.3,0.7,0.1,0.31496075,49925,0.04100597332997847
0.8,0.6,0.8,0.8,0.3149712,49925,0.04248976985559134
0.4,0.3,0.4,0.4,0.3149712,49925,0.04248976985559134
0.6,0.2,0.2,0.2,0.3149742,49925,0.03897639784352754
0.9,0.3,0.3,0.3,0.3149742,49925,0.038976397843527535
0.3,0.1,0.1,0.1,0.3149742,49925,0.03897639784352754
0.4,0.2,0.4,0.1,0.31499273,49925,0.04130889042747195
0.8,0.4,0.8,0.2,0.31499273,49925,0.04130889042747195
0.5,0.4,0.9,0.4,0.31500202,49925,0.042243178108283805
0.5,0.4,0.5,0.6,0.31502095,49925,0.04247969158401906
0.7,0.6,0.9,0.8,0.31507745,49925,0.042785932828643125
0.5,0.5,0.8,0.7,0.3151065,49925,0.04290592475662793
0.3,0.4,0.4,0.9,0.3152038,49925,0.042092719709746214
0.9,0.5,0.7,0.5,0.31520885,49925,0.0417833134161575
0.8,0.5,0.8,0.5,0.3152392,49925,0.04221665484029108
0.6,0.4,0.4,0.7,0.31527096,49925,0.04167459968034161
0.9,0.4,0.3,0.7,0.3153098,49925,0.03991883630051959
0.7,0.5,0.5,0.9,0.31531253,49925,0.041789831017762284
0.6,0.5,0.9,0.6,0.31532034,49925,0.04269179832460617
0.5,0.3,0.7,0.2,0.31532606,49925,0.041662465588315926
0.3,0.2,0.1,0.5,0.3153275,49925,0.039946178223787654
0.6,0.3,0.2,0.6,0.31533265,49925,0.04003613665902507
0.7,0.3,0.1,0.7,0.31534156,49925,0.03814499858543727
0.2,0.2,0.7,0.1,0.31535655,49925,0.040556271633517306
0.8,0.4,0.2,0.9,0.31536055,49925,0.03941736927034561
0.1,0.4,0.5,0.9,0.3154311,49925,0.04216519886492751
0.7,0.4,0.8,0.3,0.31544748,49925,0.04181414460305569
0.1,0.4,0.9,0.7,0.3154809,49925,0.04188541759087729
0.2,0.5,0.9,0.9,0.31548536,49925,0.04260524714145898
0.3,0.4,0.8,0.6,0.31550804,49925,0.04269308177634116
0.7,0.6,0.8,0.9,0.31552082,49925,0.04264666427386303
0.3,0.3,0.8,0.3,0.31552768,49925,0.04189113139864712
0.2,0.3,0.5,0.5,0.3155487,49925,0.04289097818962209
0.4,0.5,0.8,0.8,0.31555513,49925,0.04292712396413172
0.6,0.5,0.7,0.7,0.31560856,49925,0.04268955642825703
0.7,0.3,0.3,0.4,0.31567675,49925,0.04032501842093853
0.9,0.3,0.4,0.1,0.31571567,49925,0.039008870430074775
0.1,0.4,0.7,0.8,0.3157189,49925,0.042267685598570595
0.2,0.3,0.9,0.3,0.3157219,49925,0.04139249634005896
0.6,0.6,0.9,0.9,0.31581014,49925,0.042873758885407426
0.4,0.4,0.6,0.6,0.31581014,49925,0.042873758885407426
0.2,0.2,0.3,0.3,0.31581014,49925,0.042873758885407426
0.8,0.2,0.1,0.3,0.31583625,49925,0.03625786212886416
0.8,0.4,0.4,0.6,0.3158678,49925,0.04091444416997533
0.4,0.2,0.2,0.3,0.3158678,49925,0.04091444416997533
0.9,0.6,0.9,0.7,0.31587398,49925,0.042350988689828166
0.2,0.3,0.3,0.7,0.3158792,49925,0.04199801095368446
0.5,0.3,0.3,0.5,0.3159255,49925,0.041452176890528665
0.2,0.4,0.7,0.7,0.31596103,49925,0.04275329765188714
0.5,0.2,0.3,0.1,0.31600347,49925,0.040340737635098586
0.3,0.3,0.2,0.8,0.31602404,49925,0.04076727831226616
0.6,0.4,0.7,0.4,0.31603232,49925,0.04233988695559894
0.9,0.6,0.7,0.9,0.31604752,49925,0.04203809455022279
0.9,0.5,0.5,0.8,0.31605273,49925,0.04123341741621738
0.7,0.4,0.6,0.4,0.31608123,49925,0.04194790001323644
0.6,0.3,0.4,0.3,0.31608343,49925,0.04139647641167978
0.1,0.2,0.8,0.1,0.31617764,49925,0.03953874210527609
0.5,0.5,0.6,0.9,0.31622073,49925,0.04254929946807451
0.9,0.5,0.9,0.4,0.31627145,49925,0.04182383145494155
0.5,0.5,0.9,0.7,0.31636593,49925,0.04281565841656965
0.9,0.2,0.2,0.1,0.3163771,49925,0.03594073339182044
0.4,0.3,0.1,0.9,0.31638816,49925,0.038985346319970075
0.1,0.3,0.7,0.5,0.31647557,49925,0.041957617257784165
0.1,0.2,0.2,0.5,0.31651318,49925,0.04178150618364594
0.7,0.5,0.8,0.6,0.31651515,49925,0.042521439673290445
0.3,0.5,0.8,0.9,0.3165594,49925,0.04283770800203396
0.5,0.4,0.4,0.8,0.31656656,49925,0.04186873694500424
0.9,0.4,0.5,0.4,0.3165804,49925,0.04080794359481471
0.7,0.4,0.5,0.5,0.31661692,49925,0.041750755821961145
0.3,0.3,0.6,0.4,0.31669277,49925,0.04267433471428061
0.8,0.5,0.7,0.6,0.316739,49925,0.04215007378209347
0.3,0.2,0.6,0.1,0.31674325,49925,0.04101790970332077
0.8,0.5,0.6,0.7,0.31674403,49925,0.041949497420824294
0.6,0.4,0.3,0.9,0.3168018,49925,0.040856007658852105
0.4,0.4,0.5,0.7,0.3168376,49925,0.04261768142442232
0.5,0.4,0.7,0.5,0.3168701,49925,0.04265066883779975
0.1,0.2,0.5,0.3,0.31687656,49925,0.041998679256067616
0.9,0.4,0.9,0.1,0.31687906,49925,0.04071013663254379
0.3,0.4,0.5,0.8,0.31688204,49925,0.042609625253817764
0.9,0.4,0.7,0.2,0.31690034,49925,0.04093899643014257
0.8,0.4,0.9,0.2,0.31690568,49925,0.04124403273287341
0.9,0.6,0.8,0.8,0.31692654,49925,0.042236330227934694
0.1,0.3,0.5,0.6,0.31694773,49925,0.04246984329316498
0.9,0.3,0.2,0.5,0.31695074,49925,0.03848821610830604
0.8,0.3,0.4,0.2,0.31705487,49925,0.03996739422111646
0.4,0.5,0.9,0.8,0.31705767,49925,0.04280169609857282
0.4,0.4,0.9,0.5,0.31708533,49925,0.04242535599907471
0.4,0.3,0.7,0.3,0.31709015,49925,0.04209847538933426
0.8,0.4,0.7,0.3,0.3170961,49925,0.04151865197025999
0.3,0.3,0.4,0.5,0.3171282,49925,0.04272446654006352
0.8,0.5,0.5,0.9,0.31716374,49925,0.04150499199907202
0.5,0.5,0.7,0.8,0.31717563,49925,0.04280038782669897
0.6,0.4,0.8,0.4,0.31718922,49925,0.042231899549106236
0.3,0.2,0.4,0.2,0.31718922,49925,0.042231899549106236
0.5,0.3,0.9,0.1,0.3172732,49925,0.04079823443551887
0.8,0.3,0.1,0.7,0.31728384,49925,0.037701530597335366
0.4,0.3,0.9,0.2,0.3173183,49925,0.041239197451444824
0.1,0.3,0.3,0.8,0.3173292,49925,0.04143075198065953
0.6,0.3,0.1,0.8,0.31734604,49925,0.03848838458432415
0.7,0.4,0.9,0.3,0.31735954,49925,0.04170104878044492
0.9,0.4,0.6,0.3,0.31736466,49925,0.04099019187838685
0.2,0.3,0.2,0.9,0.31740758,49925,0.040481031042045444
0.7,0.5,0.6,0.8,0.3174088,49925,0.04216980632107239
0.7,0.3,0.6,0.1,0.31743714,49925,0.04070683732277062
0.5,0.3,0.5,0.3,0.31747362,49925,0.04213113438910689
0.4,0.3,0.3,0.6,0.31747815,49925,0.04175814203073614
0.9,0.4,0.2,0.9,0.3174898,49925,0.03906865546182587
0.3,0.4,0.6,0.7,0.31749022,49925,0.04288370742788621
0.8,0.6,0.9,0.8,0.31753397,49925,0.04258218734827841
0.2,0.2,0.1,0.6,0.31754476,49925,0.039933468895982926
0.6,0.5,0.8,0.7,0.3175462,49925,0.04272565973291373
0.8,0.5,0.9,0.5,0.31760025,49925,0.04220707002804506
0.2,0.4,0.8,0.7,0.3176084,49925,0.04250893872818724
0.9,0.4,0.4,0.6,0.31770095,49925,0.04051174946480045
0.4,0.5,0.7,0.9,0.31774136,49925,0.04281550125046599
0.4,0.4,0.4,0.9,0.31778502,49925,0.041882052483057125
0.8,0.6,0.8,0.9,0.3178072,49925,0.04243219785141132
0.2,0.3,0.4,0.6,0.3178134,49925,0.042670014929652285
0.8,0.4,0.3,0.8,0.31783265,49925,0.04026652643364841
0.7,0.4,0.4,0.7,0.3178914,49925,0.04128319649832392
0.7,0.2,0.2,0.2,0.31790864,49925,0.03817848644291061
0.4,0.4,0.7,0.6,0.31795782,49925,0.04281124533409977
0.8,0.3,0.5,0.1,0.31800455,49925,0.04008072536143446
0.5,0.3,0.2,0.7,0.31803808,49925,0.04036381143901603
0.6,0.3,0.6,0.2,0.31804582,49925,0.04145259070987006
0.2,0.3,0.8,0.4,0.3180582,49925,0.04190611060186536
0.1,0.2,0.1,0.7,0.31809288,49925,0.039257814467218655
0.2,0.4,0.6,0.8,0.31810448,49925,0.04268158396272352
0.1,0.2,0.3,0.4,0.31810448,49925,0.04268158396272352
0.3,0.4,0.9,0.6,0.3181248,49925,0.04242172966397395
0.2,0.3,0.6,0.5,0.31820437,49925,0.04261083021667475
0.6,0.4,0.5,0.6,0.3182908,49925,0.04212814256258627
0.6,0.5,0.6,0.9,0.31833497,49925,0.042329758357764584
0.8,0.3,0.3,0.4,0.31835043,49925,0.03976975909140723
0.9,0.5,0.8,0.5,0.3183883,49925,0.04193303983459898
0.6,0.4,0.6,0.5,0.3183901,49925,0.0423717392047249
0.4,0.2,0.5,0.1,0.31844103,49925,0.04111551091642851
0.1,0.3,0.9,0.4,0.31846526,49925,0.04114334445412135
0.6,0.3,0.3,0.5,0.3184969,49925,0.04091122996140271
0.1,0.4,0.8,0.8,0.31852323,49925,0.042005839061004864
0.7,0.3,0.2,0.6,0.31853718,49925,0.039545361091868375
0.5,0.3,0.4,0.4,0.31855524,49925,0.04197794607746832
0.9,0.4,0.8,0.2,0.3185654,49925,0.04098543830599376
0.8,0.4,0.5,0.5,0.31858182,49925,0.0413370711271781
0.7,0.6,0.9,0.9,0.3185976,49925,0.04271734324481125
0.6,0.3,0.8,0.1,0.31860626,49925,0.04081884912037386
0.7,0.5,0.7,0.7,0.31863967,49925,0.04242693199259065
0.5,0.3,0.8,0.2,0.31867024,49925,0.04139919591715536
0.3,0.5,0.9,0.9,0.31867152,49925,0.04270001262379753
0.7,0.5,0.9,0.6,0.31869203,49925,0.042484407865452815
0.5,0.5,0.8,0.8,0.3187217,49925,0.042820427104094574
0.9,0.2,0.1,0.3,0.31874147,49925,0.035589492729585906
0.2,0.4,0.5,0.9,0.3187839,49925,0.04236398913463336
0.9,0.5,0.6,0.7,0.3187923,49925,0.04161140864668155
0.3,0.2,0.2,0.4,0.31889328,49925,0.04152000087265188
0.6,0.4,0.4,0.8,0.31889328,49925,0.04152000087265188
0.6,0.2,0.1,0.4,0.318953,49925,0.03798181964694906
0.9,0.5,0.7,0.6,0.31896284,49925,0.04183367871776424
0.7,0.4,0.7,0.4,0.31903988,49925,0.04203679958492531
0.5,0.4,0.8,0.5,0.3191163,49925,0.042505553479108504
0.5,0.4,0.5,0.7,0.31912297,49925,0.04234746905130281
0.8,0.5,0.6,0.8,0.3191386,49925,0.041900253400358654
0.4,0.3,0.5,0.4,0.31914052,49925,0.04258190928853916
0.6,0.5,0.7,0.8,0.31915322,49925,0.04259525553939027
0.6,0.4,0.9,0.4,0.31915507,49925,0.04206250644153652
0.3,0.4,0.7,0.7,0.31916016,49925,0.0427719449486759
0.9,0.5,0.5,0.9,0.31916064,49925,0.04120222702118458
0.9,0.6,0.8,0.9,0.31917757,49925,0.04220147997053334
0.4,0.2,0.3,0.2,0.31921816,49925,0.04155002600600525
0.8,0.4,0.6,0.4,0.31921816,49925,0.04155002600600525
0.1,0.3,0.4,0.7,0.31926644,49925,0.042154447614210666
0.7,0.3,0.4,0.3,0.31927794,49925,0.04079547786730285
0.1,0.4,0.6,0.9,0.3192838,49925,0.04214569016072451
0.3,0.3,0.3,0.7,0.31930357,49925,0.041804375084504575
0.5,0.3,0.1,0.9,0.31945306,49925,0.0386937435253876
0.1,0.1,0.3,0.1,0.31945655,49925,0.041502892765182604
0.3,0.3,0.9,0.3,0.31945655,49925,0.041502892765182604
0.2,0.2,0.6,0.2,0.31945655,49925,0.041502892765182604
0.7,0.3,0.5,0.2,0.3194599,49925,0.040930804990704235
0.9,0.6,0.9,0.8,0.31948185,49925,0.04234941175998753
0.4,0.3,0.8,0.3,0.319534,49925,0.04178043504910852
0.8,0.4,0.8,0.3,0.3195804,49925,0.04151552551148285
0.5,0.4,0.6,0.6,0.31958824,49925,0.042625690061243754
0.4,0.3,0.4,0.5,0.31960392,49925,0.04234917830836455
0.2,0.4,0.9,0.7,0.31963587,49925,0.0422200575853406
0.8,0.5,0.8,0.6,0.31964064,49925,0.04223941665326093
0.7,0.4,0.3,0.9,0.31964314,49925,0.04052969594100093
0.9,0.3,0.1,0.7,0.31969467,49925,0.03726806355756517
0.4,0.5,0.8,0.9,0.31970444,49925,0.04278974169080864
0.5,0.5,0.9,0.8,0.3197086,49925,0.042752542639011334
0.3,0.3,0.7,0.4,0.31971705,49925,0.04233787420249439
0.9,0.4,0.3,0.8,0.31975192,49925,0.03990660270445167
0.5,0.2,0.2,0.3,0.3197602,49925,0.04010565732434119
0.6,0.5,0.9,0.7,0.31989238,49925,0.04267021158768901
0.4,0.2,0.1,0.5,0.3198982,49925,0.03931575081279671
0.7,0.5,0.6,0.9,0.31992775,49925,0.042083723256121405
0.8,0.4,0.4,0.7,0.31996673,49925,0.04090049864753119
0.1,0.3,0.6,0.6,0.32002398,49925,0.04215709312472026
0.6,0.3,0.7,0.2,0.3200499,49925,0.041342824418203604
0.8,0.5,0.7,0.7,0.32005304,49925,0.042126435122329546
0.9,0.3,0.4,0.2,0.32012364,49925,0.03940947699416864
0.1,0.2,0.7,0.2,0.32018006,49925,0.04058006051332664
0.9,0.4,0.9,0.2,0.3202436,49925,0.04096244003393384
0.5,0.4,0.4,0.9,0.32026836,49925,0.04165631143817875
0.5,0.5,0.7,0.9,0.32027265,49925,0.04265568229124051
0.4,0.3,0.2,0.8,0.32028392,49925,0.04050301920397254
0.3,0.3,0.5,0.5,0.32030115,49925,0.04275954039448599
0.1,0.4,0.9,0.8,0.32030383,49925,0.04173409419679813
0.9,0.4,0.5,0.5,0.32035482,49925,0.04092771435251152
0.7,0.3,0.7,0.1,0.32035625,49925,0.04070012557153263
0.9,0.5,0.9,0.5,0.32038516,49925,0.04196383880442603
0.9,0.3,0.3,0.4,0.3204304,49925,0.039235137517697
0.5,0.3,0.6,0.3,0.3204808,49925,0.04206176473830016
0.9,0.4,0.7,0.3,0.32048556,49925,0.041172322055414885
0.8,0.3,0.2,0.6,0.32049972,49925,0.03907335808908541
0.4,0.4,0.5,0.8,0.320522,49925,0.042417987001031415
0.7,0.3,0.1,0.8,0.32055017,49925,0.03807634761597931
0.8,0.6,0.9,0.9,0.32058442,49925,0.042534841557220385
0.7,0.4,0.5,0.6,0.3206058,49925,0.04175739785749126
0.7,0.5,0.8,0.7,0.32066494,49925,0.04249207311432153
0.5,0.3,0.3,0.6,0.32068032,49925,0.041313257376987135
0.8,0.4,0.9,0.3,0.3206959,49925,0.041439269462765466
0.3,0.4,0.5,0.9,0.32074437,49925,0.042328722353080515
0.5,0.4,0.9,0.5,0.32078177,49925,0.04232637860662671
0.2,0.4,0.7,0.8,0.32082924,49925,0.04255228854647253
0.1,0.3,0.8,0.5,0.3208498,49925,0.041523422080445245
0.3,0.2,0.5,0.2,0.32085094,49925,0.04185640672362222
0.4,0.4,0.6,0.7,0.32097557,49925,0.04273205349867217
0.2,0.3,0.3,0.8,0.32097673,49925,0.04155442027265097
0.4,0.5,0.9,0.9,0.32099575,49925,0.04269854854286091
0.7,0.5,0.7,0.8,0.3210089,49925,0.042348510167857886
0.1,0.4,0.7,0.9,0.32101807,49925,0.042014396083992704
0.2,0.2,0.4,0.3,0.3210183,49925,0.042645991267141664
0.4,0.4,0.8,0.6,0.3210183,49925,0.042645991267141664
0.7,0.4,0.6,0.5,0.32105643,49925,0.04199362363359206
0.4,0.1,0.1,0.1,0.32109585,49925,0.03741967848398591
0.8,0.2,0.2,0.2,0.32109585,49925,0.03741967848398591
0.6,0.4,0.7,0.5,0.3211255,49925,0.04240102782121507
0.6,0.4,0.5,0.7,0.32118377,49925,0.0420170333889204
0.3,0.4,0.6,0.8,0.32125092,49925,0.04266463766315214
0.7,0.4,0.8,0.4,0.32128656,49925,0.04197285889293634
0.3,0.3,0.2,0.9,0.32130668,49925,0.04038905988076272
0.6,0.3,0.2,0.7,0.32132804,49925,0.03993345556347228
0.9,0.3,0.5,0.1,0.32135695,49925,0.03959319858942916
0.7,0.3,0.3,0.5,0.321409,49925,0.040400069594606625
0.6,0.3,0.9,0.1,0.32146108,49925,0.04060947758811566
0.6,0.2,0.3,0.1,0.3215071,49925,0.03954711524236929
0.3,0.4,0.8,0.7,0.32156014,49925,0.04256593188990717
0.2,0.3,0.7,0.5,0.32157362,49925,0.042263644232584545
0.9,0.5,0.6,0.8,0.32157978,49925,0.041584582807012854
0.6,0.3,0.4,0.4,0.32158315,49925,0.04144509349748868
0.2,0.2,0.2,0.5,0.3215934,49925,0.04163931875917696
0.8,0.3,0.4,0.3,0.3216614,49925,0.04025228867310002
0.5,0.3,0.7,0.3,0.32170102,49925,0.041879090487619515
0.2,0.2,0.8,0.1,0.32171595,49925,0.039975219228498
0.6,0.5,0.8,0.8,0.32172716,49925,0.04265356917821913
0.9,0.4,0.6,0.4,0.3217474,49925,0.04114942731308655
0.8,0.5,0.9,0.6,0.32180297,49925,0.042264019227439845
0.8,0.3,0.6,0.1,0.3218213,49925,0.0402635749072923
0.7,0.4,0.4,0.8,0.32182565,49925,0.04120644733842075
0.8,0.5,0.6,0.9,0.32185578,49925,0.04180077594264178
0.6,0.3,0.5,0.3,0.32187283,49925,0.04165869862657353
0.3,0.3,0.4,0.6,0.32188028,49925,0.042467623910558194
0.8,0.4,0.3,0.9,0.32200682,49925,0.04018796996025068
0.5,0.2,0.4,0.1,0.32201883,49925,0.040663612718646484
0.1,0.3,0.3,0.9,0.32210037,49925,0.04090554754090833
0.4,0.3,0.6,0.4,0.32210252,49925,0.04245514685375586
0.7,0.4,0.9,0.4,0.3221168,49925,0.0418539113730837
0.3,0.3,0.8,0.4,0.32212245,49925,0.04197301973061029
0.9,0.5,0.8,0.6,0.32224867,49925,0.04198442213743221
0.1,0.2,0.9,0.1,0.32226458,49925,0.03892098167026744
0.9,0.5,0.7,0.7,0.32227552,49925,0.04183172973204086
0.5,0.4,0.7,0.6,0.32229054,49925,0.04264371128151968
0.2,0.3,0.9,0.4,0.32229716,49925,0.04150318111325168
0.5,0.3,0.9,0.2,0.32235697,49925,0.0411105440758627
0.5,0.5,0.8,0.9,0.32236505,49925,0.04270452214415513
0.4,0.3,0.3,0.7,0.32236764,49925,0.041482011562814225
0.6,0.4,0.8,0.5,0.32238033,49925,0.042307829207130825
0.4,0.4,0.9,0.6,0.322401,49925,0.04241718496550597
0.1,0.4,0.8,0.9,0.32243243,49925,0.041780720759746676
0.6,0.5,0.7,0.9,0.32243687,49925,0.04246380409745269
0.7,0.2,0.1,0.4,0.32244453,49925,0.03728903990175849
0.2,0.3,0.5,0.6,0.32244688,49925,0.04265612885452411
0.2,0.4,0.6,0.9,0.32247603,49925,0.042413605821143015
0.8,0.4,0.7,0.4,0.32248142,49925,0.04168989086722734
0.2,0.3,0.4,0.7,0.32253703,49925,0.042297533891084066
0.5,0.4,0.5,0.8,0.3225412,49925,0.04217315928404347
0.9,0.4,0.4,0.7,0.32257387,49925,0.040523531090953385
0.4,0.4,0.7,0.7,0.32267404,49925,0.042701101744267084
0.6,0.3,0.8,0.2,0.32268617,49925,0.04116169981672287
0.7,0.3,0.6,0.2,0.32276094,49925,0.04104077350990855
0.9,0.4,0.8,0.3,0.3228101,49925,0.041217659350520276
0.8,0.3,0.1,0.8,0.32281667,49925,0.0376831684232953
0.6,0.4,0.6,0.6,0.3228615,49925,0.042322408642693404
0.3,0.2,0.3,0.3,0.3228615,49925,0.042322408642693404
0.9,0.6,0.9,0.9,0.3228615,49925,0.04232240864269341
0.7,0.3,0.8,0.1,0.32288885,49925,0.040568877825012485
0.9,0.3,0.2,0.6,0.32296434,49925,0.0385982577910863
0.4,0.3,0.9,0.3,0.32296622,49925,0.041458809302722846
0.3,0.2,0.1,0.6,0.32297072,49925,0.039553520944287025
0.1,0.3,0.7,0.6,0.32303506,49925,0.04178960514826112
0.3,0.2,0.7,0.1,0.32308716,49925,0.04055191731138712
0.1,0.2,0.4,0.4,0.32310668,49925,0.04233861243985232
0.2,0.4,0.8,0.8,0.32310668,49925,0.04233861243985232
0.6,0.3,0.1,0.9,0.32312372,49925,0.038355404722267734
0.6,0.4,0.4,0.9,0.32320428,49925,0.0413589615540248
0.8,0.4,0.5,0.6,0.32323116,49925,0.04134511256273577
0.6,0.2,0.2,0.3,0.32339576,49925,0.03931485251964515
0.7,0.5,0.9,0.7,0.32341063,49925,0.04249507083323705
0.8,0.3,0.5,0.2,0.3235838,49925,0.04043352411679472
0.3,0.4,0.9,0.7,0.32358515,49925,0.04232607198365701
0.8,0.5,0.8,0.7,0.32365802,49925,0.04223621924145458
0.6,0.4,0.9,0.5,0.32365954,49925,0.042160804884662846
0.8,0.5,0.7,0.8,0.32368362,49925,0.04208038006084537
0.4,0.2,0.6,0.1,0.32373294,49925,0.04077316541479755
0.4,0.4,0.5,0.9,0.32375118,49925,0.04218248775607542
0.5,0.3,0.2,0.8,0.32377884,49925,0.04016976408759461
0.7,0.4,0.5,0.7,0.32385126,49925,0.04167566699321626
0.1,0.2,0.2,0.6,0.32388833,49925,0.041065873778002124
0.1,0.3,0.5,0.7,0.32389235,49925,0.04211153638087584
0.3,0.3,0.6,0.5,0.32389456,49925,0.04257992724145162
0.5,0.3,0.4,0.5,0.3239335,49925,0.041919113502537214
0.5,0.2,0.1,0.5,0.32393947,49925,0.03867045550865128
0.1,0.2,0.6,0.3,0.3239516,49925,0.04135887427236772
0.2,0.2,0.5,0.3,0.3239898,49925,0.04214590220464408
0.9,0.4,0.9,0.3,0.32403737,49925,0.04116441001709884
0.9,0.2,0.2,0.2,0.32405773,49925,0.03674263968814528
0.5,0.4,0.6,0.7,0.32407635,49925,0.04250518139168041
0.4,0.3,0.7,0.4,0.32408515,49925,0.04222351091309415
0.5,0.3,0.8,0.3,0.3240944,49925,0.04161434458844232
0.6,0.5,0.9,0.8,0.32410964,49925,0.042631996460742144
0.7,0.4,0.7,0.5,0.3241195,49925,0.04207662669693115
0.9,0.5,0.9,0.6,0.32412043,49925,0.04202256472645906
0.2,0.2,0.1,0.7,0.32418424,49925,0.0393708261641825
0.5,0.3,0.5,0.4,0.32421616,49925,0.042170053884705815
0.8,0.4,0.6,0.5,0.32423878,49925,0.04160915166897437
0.3,0.4,0.7,0.8,0.3242707,49925,0.042613828575079594
0.3,0.3,0.3,0.8,0.3242912,49925,0.04147165788524741
0.9,0.5,0.6,0.9,0.3242929,49925,0.04151269799837187
0.4,0.2,0.2,0.4,0.32430866,49925,0.040853305506666215
0.2,0.1,0.1,0.2,0.32430866,49925,0.040853305506666215
0.8,0.4,0.4,0.8,0.32430866,49925,0.040853305506666215
0.6,0.3,0.3,0.6,0.32430866,49925,0.04085330550666622
0.8,0.3,0.3,0.5,0.32435617,49925,0.03988407696979782
0.5,0.4,0.8,0.6,0.3243871,49925,0.04252096359033706
0.4,0.3,0.2,0.9,0.32439855,49925,0.040193069500399435
0.5,0.5,0.9,0.9,0.32455054,49925,0.04264347624230075
0.7,0.5,0.7,0.9,0.324571,49925,0.04224302629247501
0.7,0.3,0.2,0.7,0.32458162,49925,0.039498278974691686
0.2,0.3,0.8,0.5,0.32471687,49925,0.04185099228807179
0.5,0.2,0.3,0.2,0.32476556,49925,0.040760657257067186
0.6,0.3,0.6,0.3,0.32479888,49925,0.041692057316345885
0.4,0.2,0.4,0.2,0.32479888,49925,0.04169205731634589
0.8,0.4,0.8,0.4,0.32479888,49925,0.04169205731634589
0.2,0.1,0.2,0.1,0.32479888,49925,0.04169205731634589
0.1,0.3,0.9,0.5,0.32481566,49925,0.041108235735900056
0.9,0.4,0.3,0.9,0.3248344,49925,0.039850281068679334
0.7,0.3,0.7,0.2,0.32488102,49925,0.04099972744561289
0.7,0.5,0.8,0.8,0.3249073,49925,0.04244111120665149
0.8,0.3,0.7,0.1,0.32500023,49925,0.04032447324497938
0.2,0.3,0.3,0.9,0.3250676,49925,0.04112367296820571
0.1,0.3,0.4,0.8,0.3250696,49925,0.04168005071695794
0.9,0.3,0.4,0.3,0.3251465,49925,0.03974121479928415
0.1,0.2,0.1,0.8,0.32517037,49925,0.03857030155468466
0.7,0.3,0.4,0.4,0.32523957,49925,0.04093626910445446
0.1,0.4,0.9,0.9,0.32526958,49925,0.041532859401128074
0.4,0.4,0.8,0.7,0.32529593,49925,0.04254598619877298
0.2,0.4,0.7,0.9,0.32534006,49925,0.042311541703609526
0.8,0.4,0.9,0.4,0.32535556,49925,0.041625284051007266
0.9,0.3,0.1,0.8,0.32536495,49925,0.03727597745543714
0.8,0.2,0.1,0.4,0.32539365,49925,0.03665312686912891
0.2,0.2,0.3,0.4,0.32540897,49925,0.04255235535786238
0.4,0.4,0.6,0.8,0.32540897,49925,0.04255235535786238
0.7,0.2,0.3,0.1,0.32540983,49925,0.03877458913945094
0.8,0.5,0.9,0.7,0.32541034,49925,0.042279226199819685
0.6,0.4,0.5,0.8,0.32541704,49925,0.04187202748454267
0.4,0.3,0.4,0.6,0.32552898,49925,0.042157264873430585
0.7,0.4,0.4,0.9,0.32555345,49925,0.04105973014117353
0.4,0.3,0.5,0.5,0.32557452,49925,0.04248801277396843
0.2,0.2,0.7,0.2,0.3255817,49925,0.04091045282855177
0.2,0.4,0.9,0.8,0.32561138,49925,0.042071525299788866
0.1,0.3,0.6,0.7,0.32564422,49925,0.0418609793661265
0.5,0.4,0.9,0.6,0.32567778,49925,0.042325117607629165
0.6,0.4,0.7,0.6,0.32570413,49925,0.04237777041151307
0.7,0.4,0.6,0.6,0.32574895,49925,0.04197524761275444
0.9,0.4,0.5,0.6,0.32581612,49925,0.040954754141482266
0.7,0.3,0.1,0.9,0.3258843,49925,0.03798707465175906
0.5,0.3,0.6,0.4,0.32588685,49925,0.042158705627826525
0.9,0.4,0.7,0.4,0.32592246,49925,0.04134221508207981
0.7,0.4,0.8,0.5,0.32593247,49925,0.042077157336261606
0.3,0.3,0.9,0.4,0.3259347,49925,0.041593967843365665
0.6,0.3,0.7,0.3,0.325959,49925,0.04158179921809794
0.2,0.3,0.6,0.6,0.32599893,49925,0.04241504663287486
0.9,0.5,0.7,0.8,0.32601205,49925,0.04180988403758889
0.7,0.3,0.9,0.1,0.32605857,49925,0.040396355164242344
0.7,0.3,0.5,0.3,0.32606843,49925,0.04118245690452669
0.5,0.3,0.3,0.7,0.32612175,49925,0.04110491723713097
0.3,0.2,0.6,0.2,0.326126,49925,0.041403094982383724
0.6,0.3,0.2,0.8,0.32620075,49925,0.03978072277334535
0.1,0.2,0.8,0.2,0.32626235,49925,0.03991852179797361
0.9,0.5,0.8,0.7,0.3263046,49925,0.041972612912870265
0.6,0.3,0.9,0.2,0.32642826,49925,0.04092713605988187
0.6,0.5,0.8,0.9,0.3264417,49925,0.04254387320481874
0.3,0.4,0.6,0.9,0.3264428,49925,0.04241664149148851
0.6,0.4,0.6,0.7,0.32647002,49925,0.04221570497403235
0.9,0.3,0.5,0.2,0.32647592,49925,0.03995519828059946
0.5,0.4,0.7,0.7,0.32649645,49925,0.042535643952652316
0.3,0.3,0.7,0.5,0.32650328,49925,0.042291644401092364
0.9,0.3,0.6,0.1,0.32655367,49925,0.039888698486797804
0.4,0.2,0.5,0.2,0.32658213,49925,0.04151287241508143
0.8,0.3,0.6,0.2,0.32659003,49925,0.04062015788519478
0.8,0.5,0.7,0.9,0.32659814,49925,0.0419951556983885
0.5,0.4,0.5,0.9,0.326634,49925,0.04196120558650791
0.3,0.2,0.2,0.5,0.32668906,49925,0.04118059826965287
0.5,0.1,0.1,0.1,0.32669196,49925,0.03610740460664531
0.1,0.2,0.3,0.5,0.3266989,49925,0.04211275513143753
0.4,0.3,0.8,0.4,0.32673377,49925,0.04189432530650052
0.7,0.5,0.9,0.8,0.32676986,49925,0.04244812251048819
0.5,0.2,0.5,0.1,0.32680845,49925,0.04063674487591065
0.8,0.4,0.7,0.5,0.3269548,49925,0.041760064166217976
0.1,0.3,0.8,0.6,0.32697418,49925,0.041369926549497164
0.3,0.2,0.4,0.3,0.3269979,49925,0.0423431754738256
0.6,0.4,0.8,0.6,0.3269979,49925,0.0423431754738256
0.3,0.4,0.8,0.8,0.32703948,49925,0.04244111526791406
0.8,0.4,0.5,0.7,0.32709172,49925,0.04131527860984208
0.4,0.2,0.1,0.6,0.3271656,49925,0.03905592023347877
0.7,0.4,0.9,0.5,0.32718062,49925,0.04196505267358528
0.2,0.2,0.9,0.1,0.32718402,49925,0.039428540453003424
0.9,0.3,0.3,0.5,0.32720053,49925,0.03939528199574087
0.9,0.5,0.9,0.7,0.3272489,49925,0.042044723535658954
0.3,0.3,0.4,0.7,0.32727438,49925,0.0421617247944422
0.6,0.5,0.9,0.9,0.3273684,49925,0.04253099983648237
0.7,0.2,0.2,0.3,0.32741955,49925,0.03859270672123166
0.8,0.3,0.2,0.7,0.32744205,49925,0.03906572776431499
0.9,0.4,0.6,0.5,0.3274488,49925,0.04123071878547202
0.9,0.4,0.8,0.4,0.32747236,49925,0.04140412222283172
0.9,0.4,0.4,0.8,0.32747582,49925,0.040498782413696525
0.3,0.3,0.5,0.6,0.327477,49925,0.042547818483348744
0.8,0.5,0.8,0.8,0.32753322,49925,0.042209101889549246
0.4,0.3,0.3,0.8,0.32755485,49925,0.0412065497008123
0.4,0.4,0.9,0.7,0.3276092,49925,0.04234681258553281
0.5,0.3,0.9,0.3,0.3276288,49925,0.04132558107243236
0.8,0.3,0.4,0.4,0.32763392,49925,0.04040259057875593
0.8,0.3,0.8,0.1,0.32767662,49925,0.04029093262095453
0.6,0.3,0.4,0.5,0.327709,49925,0.04143698838550523
0.4,0.4,0.7,0.8,0.32774535,49925,0.04252709784461356
0.2,0.4,0.8,0.9,0.32795352,49925,0.04213493168599778
0.7,0.3,0.8,0.2,0.3279906,49925,0.04088273322222157
0.7,0.4,0.5,0.8,0.3280966,49925,0.04157124129506716
0.7,0.4,0.7,0.6,0.32812515,49925,0.042082825261456985
0.6,0.2,0.1,0.5,0.3281372,49925,0.038035700710489305
0.6,0.3,0.5,0.4,0.3282105,49925,0.041743020183940265
0.5,0.4,0.6,0.8,0.32821983,49925,0.04233812911133122
0.7,0.5,0.8,0.9,0.32830015,49925,0.04235035436204994
0.7,0.3,0.3,0.6,0.3283079,49925,0.04037544190187841
0.5,0.3,0.7,0.4,0.32832572,49925,0.04200851204142932
0.4,0.3,0.6,0.5,0.3283974,49925,0.042425493837527924
0.8,0.2,0.3,0.1,0.32840803,49925,0.03806179457093147
0.5,0.3,0.2,0.9,0.32842624,49925,0.03989310635112546
0.6,0.2,0.4,0.1,0.32844904,49925,0.040052938984774404
0.1,0.2,0.5,0.4,0.32845646,49925,0.04180274386780268
0.6,0.3,0.8,0.3,0.32846338,49925,0.041413544899179304
0.3,0.2,0.8,0.1,0.3284848,49925,0.04008984658463307
0.4,0.2,0.3,0.3,0.3284867,49925,0.04161404382115962
0.8,0.4,0.6,0.6,0.3284867,49925,0.04161404382115962
0.9,0.2,0.1,0.4,0.32853165,49925,0.03603972973853686
0.2,0.3,0.7,0.6,0.32854763,49925,0.04208885479803751
0.8,0.3,0.1,0.9,0.32867095,49925,0.03762048367577982
0.8,0.4,0.4,0.9,0.32872203,49925,0.040744311951612634
0.7,0.3,0.6,0.3,0.32873905,49925,0.04130003807770364
0.4,0.4,0.6,0.9,0.32874355,49925,0.04232888306349886
0.8,0.4,0.8,0.5,0.32876593,49925,0.04180208187700038
0.6,0.4,0.5,0.9,0.32879487,49925,0.04172599821511997
0.3,0.4,0.9,0.8,0.3288876,49925,0.042221246083368594
0.9,0.4,0.9,0.4,0.32894582,49925,0.041383387581094784
0.5,0.3,0.4,0.6,0.32894707,49925,0.041760131445242675
0.5,0.4,0.8,0.7,0.3289718,49925,0.04243776782295938
0.8,0.5,0.9,0.8,0.32903674,49925,0.042251487393435073
0.2,0.3,0.9,0.5,0.32906228,49925,0.04148565303675519
0.3,0.3,0.8,0.5,0.32907388,49925,0.04196718895263664
0.9,0.3,0.7,0.1,0.32908016,49925,0.039971608884655105
0.9,0.5,0.7,0.9,0.3291043,49925,0.041764016068352554
0.6,0.4,0.9,0.6,0.32915044,49925,0.042182185234635156
0.9,0.5,0.8,0.8,0.32915166,49925,0.04195849821267519
0.6,0.2,0.3,0.2,0.3291608,49925,0.04000712294117905
0.1,0.3,0.5,0.8,0.32919383,49925,0.041692208271541326
0.8,0.3,0.5,0.3,0.32920992,49925,0.040696155378588256
0.2,0.3,0.5,0.7,0.32925382,49925,0.04232261868349289
0.8,0.3,0.7,0.2,0.32928306,49925,0.040654878233073954
0.2,0.3,0.4,0.8,0.32941082,49925,0.04190248152344767
0.1,0.3,0.7,0.7,0.32942393,49925,0.041532768768215
0.1,0.3,0.4,0.9,0.3294568,49925,0.04120185640900652
0.2,0.2,0.2,0.6,0.3295044,49925,0.041095124944327606
0.3,0.3,0.3,0.9,0.3295044,49925,0.04109512494432761
0.1,0.1,0.1,0.3,0.3295044,49925,0.041095124944327606
0.4,0.2,0.7,0.1,0.32953936,49925,0.04040590355917658
0.3,0.4,0.7,0.9,0.32953975,49925,0.0423966473062628
0.5,0.2,0.2,0.4,0.32955384,49925,0.0401392101401537
0.9,0.4,0.5,0.7,0.32958782,49925,0.040948835151818075
0.2,0.2,0.6,0.3,0.32968462,49925,0.04161858264320094
0.4,0.3,0.9,0.4,0.32981503,49925,0.041576832857826915
0.7,0.4,0.6,0.7,0.3298536,49925,0.041919375142735145
0.3,0.2,0.1,0.7,0.32994038,49925,0.039144009427056044
0.9,0.3,0.4,0.4,0.3299483,49925,0.03990309337741701
0.2,0.4,0.9,0.9,0.32998127,49925,0.04191518532190522
0.6,0.3,0.3,0.7,0.33006465,49925,0.04071222760181962
0.1,0.2,0.7,0.3,0.33006927,49925,0.040718111642927816
0.7,0.3,0.2,0.8,0.33008063,49925,0.03938814166291163
0.9,0.3,0.2,0.7,0.33012635,49925,0.0386252295493685
0.9,0.4,0.7,0.5,0.3301482,49925,0.041450945104616964
0.8,0.5,0.8,0.9,0.3301701,49925,0.042132838810978436
0.8,0.2,0.2,0.3,0.33020097,49925,0.03793068745565215
0.6,0.4,0.7,0.7,0.33023405,49925,0.0422911939091557
0.7,0.3,0.7,0.3,0.3302414,49925,0.04126591568333152
0.5,0.3,0.5,0.5,0.330249,49925,0.04213838664380525
0.6,0.3,0.6,0.4,0.3303237,49925,0.0418297149597353
0.1,0.2,0.2,0.7,0.33034292,49925,0.040343893054582886
0.8,0.3,0.3,0.6,0.33037245,49925,0.03991627168454799
0.9,0.4,0.6,0.6,0.33044752,49925,0.041272408877444086
0.8,0.4,0.9,0.5,0.33047992,49925,0.04175208777737741
0.4,0.4,0.8,0.8,0.3305056,49925,0.042416036757530175
0.2,0.2,0.4,0.4,0.3305056,49925,0.042416036757530175
0.1,0.1,0.2,0.2,0.3305056,49925,0.042416036757530175
0.3,0.3,0.6,0.6,0.3305056,49925,0.04241603675753018
0.7,0.4,0.8,0.6,0.33052257,49925,0.04210521628527703
0.8,0.3,0.9,0.1,0.33055246,49925,0.04016236356584406
0.2,0.3,0.8,0.6,0.33058596,49925,0.04175995254198618
0.4,0.3,0.4,0.7,0.33059168,49925,0.041903646795421585
0.5,0.2,0.6,0.1,0.3305992,49925,0.04044706086913422
0.7,0.3,0.9,0.2,0.33065498,49925,0.04071113334263533
0.5,0.2,0.4,0.2,0.3306852,49925,0.04109520249563555
0.7,0.5,0.9,0.9,0.3307477,49925,0.042374069253544
0.5,0.4,0.9,0.7,0.330782,49925,0.04227126176201145
0.3,0.2,0.3,0.4,0.33084255,49925,0.042084644233331595
0.6,0.4,0.6,0.8,0.33084255,49925,0.042084644233331595
0.4,0.3,0.7,0.5,0.33084795,49925,0.0421984017356548
0.5,0.3,0.8,0.4,0.33087936,49925,0.041753237013263216
0.3,0.2,0.7,0.2,0.33093223,49925,0.04094114110058817
0.9,0.4,0.4,0.9,0.33098364,49925,0.040420517439903714
0.9,0.3,0.1,0.9,0.33098397,49925,0.03725639109701673
0.9,0.3,0.6,0.2,0.33102995,49925,0.04019689032652204
0.5,0.3,0.3,0.8,0.33109447,49925,0.04085612556451736
0.8,0.4,0.5,0.8,0.33110666,49925,0.04123837702602565
0.7,0.3,0.4,0.5,0.33113223,49925,0.04095626617284006
0.1,0.2,0.1,0.9,0.3311426,49925,0.037907136776346516
0.3,0.2,0.5,0.3,0.33115613,49925,0.04200378446794639
0.2,0.2,0.1,0.8,0.3311649,49925,0.03880006718867623
0.1,0.3,0.9,0.6,0.33120355,49925,0.040982375869957864
0.1,0.1,0.4,0.1,0.33129346,49925,0.04035829973767912
0.2,0.2,0.8,0.2,0.33129346,49925,0.04035829973767912
0.6,0.3,0.2,0.9,0.33136344,49925,0.03958042877904541
0.8,0.4,0.7,0.6,0.33141574,49925,0.04178130857743584
0.7,0.3,0.5,0.4,0.331433,49925,0.0412894851331812
0.9,0.5,0.9,0.8,0.33149272,49925,0.04203034598210509
0.1,0.3,0.6,0.8,0.3315304,49925,0.041527312006038805
0.7,0.4,0.5,0.9,0.331645,49925,0.04143359779915678
0.6,0.3,0.9,0.3,0.33167234,49925,0.04117810139981747
0.4,0.2,0.6,0.2,0.33167234,49925,0.041178101399817466
0.2,0.1,0.3,0.1,0.33167234,49925,0.041178101399817466
0.5,0.4,0.7,0.8,0.33170077,49925,0.04239916415704139
0.9,0.3,0.8,0.1,0.3317062,49925,0.03997120444381562
0.4,0.3,0.5,0.6,0.33177245,49925,0.042330971066255135
0.7,0.2,0.1,0.5,0.3319022,49925,0.03742595513650266
0.7,0.3,0.8,0.3,0.3319037,49925,0.04114380624626147
0.9,0.3,0.5,0.3,0.33192468,49925,0.04022103477607915
0.9,0.2,0.3,0.1,0.3319722,49925,0.03739429307820141
0.8,0.4,0.6,0.7,0.33198813,49925,0.04159479615216849
0.8,0.3,0.8,0.2,0.33201435,49925,0.040591193222732046
0.5,0.4,0.6,0.9,0.33202252,49925,0.04214982018166169
0.1,0.3,0.8,0.7,0.33205572,49925,0.04118745906248362
0.3,0.3,0.4,0.8,0.33208054,49925,0.04182664461011116
0.6,0.4,0.8,0.7,0.3321021,49925,0.042288255604322075
0.6,0.3,0.4,0.6,0.33222523,49925,0.04133904081521049
0.6,0.1,0.1,0.1,0.33223188,49925,0.034982172677223373
0.6,0.2,0.5,0.1,0.33225423,49925,0.040148720857578916
0.4,0.4,0.9,0.8,0.33228207,49925,0.042238283323872784
0.8,0.3,0.2,0.8,0.3322933,49925,0.03898937005539498
0.1,0.2,0.4,0.5,0.33230975,49925,0.041932102403484994
0.5,0.3,0.6,0.5,0.33235484,49925,0.04218594760550631
0.7,0.4,0.9,0.6,0.332366,49925,0.04201446867907582
0.9,0.4,0.8,0.5,0.33236864,49925,0.04153234863634186
0.7,0.2,0.3,0.2,0.3323836,49925,0.039269083775293444
0.6,0.2,0.2,0.4,0.33238676,49925,0.0394646038016157
0.9,0.3,0.3,0.6,0.33238676,49925,0.0394646038016157
0.3,0.1,0.1,0.2,0.33238676,49925,0.0394646038016157
0.4,0.2,0.2,0.5,0.3323946,49925,0.04061466462011492
0.1,0.2,0.9,0.2,0.33247527,49925,0.03930767491043017
0.3,0.3,0.9,0.5,0.33248627,49925,0.04161970965897035
0.2,0.3,0.6,0.7,0.3324865,49925,0.04219960902845007
0.8,0.3,0.6,0.3,0.3325921,49925,0.04088469758510243
0.1,0.2,0.6,0.4,0.33259308,49925,0.041244334290693796
0.3,0.4,0.8,0.9,0.33264792,49925,0.04230289928182734
0.5,0.2,0.1,0.6,0.33267838,49925,0.03851539536000808
0.9,0.2,0.2,0.3,0.33270514,49925,0.03727327115597886
0.6,0.3,0.7,0.4,0.332714,49925,0.04174289251888426
0.5,0.2,0.3,0.3,0.3327821,49925,0.040918309073405816
0.5,0.3,0.9,0.4,0.3328526,49925,0.04147664830143927
0.9,0.5,0.8,0.9,0.33288255,49925,0.04189883260071913
0.8,0.4,0.8,0.6,0.33288407,49925,0.04183983665266474
0.4,0.2,0.4,0.3,0.33288407,49925,0.04183983665266474
0.3,0.3,0.7,0.6,0.33291656,49925,0.042172087397539325
0.7,0.3,0.3,0.7,0.33291826,49925,0.04028626419252116
0.4,0.4,0.7,0.9,0.3329617,49925,0.04235315844450223
0.2,0.2,0.3,0.5,0.33298093,49925,0.04209139600237603
0.5,0.2,0.5,0.2,0.332989,49925,0.04103595050747301
0.8,0.5,0.9,0.9,0.33313775,49925,0.042185516294338955
0.7,0.4,0.6,0.8,0.33325952,49925,0.04180888032276127
0.6,0.3,0.5,0.5,0.33333248,49925,0.04172698667645674
0.4,0.3,0.3,0.9,0.3333734,49925,0.040896143876424755
0.2,0.3,0.4,0.9,0.33344918,49925,0.04147069858716908
0.9,0.4,0.5,0.8,0.33346817,49925,0.04090911926488092
0.9,0.4,0.9,0.5,0.33348975,49925,0.04151359937879896
0.8,0.3,0.4,0.5,0.33354825,49925,0.040497011973426825
0.7,0.4,0.7,0.7,0.33356288,49925,0.04204225644136302
0.4,0.3,0.8,0.5,0.33356607,49925,0.04192224997238021
0.9,0.3,0.7,0.2,0.33368412,49925,0.04029071749130715
0.3,0.3,0.5,0.7,0.3336865,49925,0.04228867264794061
0.2,0.2,0.5,0.4,0.33375973,49925,0.042025461340408916
0.3,0.4,0.9,0.9,0.3337886,49925,0.042103017608427384
0.1,0.3,0.5,0.9,0.333823,49925,0.04127957669345223
0.3,0.2,0.6,0.3,0.33383232,49925,0.04158277421099659
0.1,0.3,0.7,0.8,0.33384493,49925,0.04125576493641643
0.6,0.4,0.9,0.7,0.3339006,49925,0.04215794123855251
0.9,0.4,0.6,0.7,0.33400917,49925,0.04126571068033276
0.5,0.4,0.8,0.8,0.33405927,49925,0.04232482739162654
0.2,0.3,0.5,0.8,0.3341125,49925,0.04197766388732623
0.7,0.3,0.6,0.4,0.33412287,49925,0.04145073365036816
0.9,0.4,0.7,0.6,0.33414024,49925,0.04145360316598416
0.8,0.4,0.5,0.9,0.33415473,49925,0.0411386932333286
0.8,0.3,0.5,0.4,0.33420002,49925,0.040818800235585755
0.3,0.2,0.9,0.1,0.3342157,49925,0.03964684813446083
0.9,0.3,0.9,0.1,0.3342173,49925,0.0399170194488697
0.6,0.3,0.8,0.4,0.3342948,49925,0.041576146632500595
0.2,0.3,0.9,0.6,0.3343244,49925,0.041408518682881375
0.7,0.2,0.4,0.1,0.33437932,49925,0.03944405356633565
0.5,0.3,0.4,0.7,0.33439037,49925,0.041568382366924124
0.1,0.2,0.3,0.6,0.33441022,49925,0.04145394309699589
0.6,0.4,0.6,0.9,0.33445847,49925,0.0419239761282556
0.8,0.2,0.1,0.5,0.33449364,49925,0.03683872093961862
0.3,0.2,0.2,0.6,0.33450633,49925,0.04076954286806371
0.4,0.3,0.6,0.6,0.33453375,49925,0.042292888031650544
0.6,0.3,0.3,0.8,0.33456886,49925,0.0405061877514145
0.8,0.3,0.9,0.2,0.33459842,49925,0.04048135669491063
0.7,0.3,0.2,0.9,0.33462766,49925,0.03923849156157867
0.8,0.3,0.7,0.3,0.3348758,49925,0.04092020801555192
0.6,0.4,0.7,0.8,0.33492965,49925,0.042188997019190426
0.9,0.5,0.9,0.9,0.3349469,49925,0.04198950942576817
0.4,0.2,0.1,0.7,0.3349531,49925,0.03875509067609004
0.2,0.3,0.7,0.7,0.33495596,49925,0.041932235000752945
0.2,0.2,0.7,0.3,0.3349725,49925,0.041090862427311324
0.5,0.2,0.7,0.1,0.33497784,49925,0.040178396930243464
0.5,0.3,0.7,0.5,0.3349904,49925,0.04201566458679589
0.9,0.3,0.2,0.8,0.33504188,49925,0.03858838151870034
0.4,0.4,0.8,0.9,0.3350526,49925,0.042282200402456144
0.4,0.2,0.8,0.1,0.33509323,49925,0.04001957545970938
0.8,0.4,0.6,0.8,0.33509406,49925,0.04151410798136321
0.4,0.2,0.3,0.4,0.33509406,49925,0.04151410798136321
0.7,0.4,0.8,0.7,0.3351108,49925,0.04207779398572729
0.7,0.3,0.9,0.3,0.33520925,49925,0.04096467646408362
0.9,0.3,0.4,0.5,0.3352633,49925,0.04003712393561946
0.7,0.3,0.4,0.6,0.33529872,49925,0.040913595037285054
0.5,0.3,0.5,0.6,0.33530718,49925,0.04198968452206285
0.8,0.4,0.9,0.6,0.3353744,49925,0.04180785234865185
0.3,0.2,0.1,0.8,0.33545867,49925,0.03866922200939485
0.1,0.3,0.9,0.7,0.3355315,49925,0.040854439761795314
0.3,0.3,0.8,0.6,0.33555248,49925,0.04188284543471454
0.6,0.2,0.4,0.2,0.33557266,49925,0.040480257662078495
0.3,0.1,0.2,0.1,0.33557266,49925,0.040480257662078495
0.9,0.3,0.6,0.3,0.33557266,49925,0.040480257662078495
0.1,0.2,0.8,0.3,0.33560318,49925,0.04011364314827693
0.5,0.4,0.9,0.8,0.33563125,49925,0.042191113322505205
0.9,0.3,0.8,0.2,0.3356585,49925,0.04029198316653303
0.9,0.4,0.8,0.6,0.3356696,49925,0.04156332694794506
0.7,0.2,0.2,0.4,0.33570677,49925,0.038799119924008
0.5,0.3,0.3,0.9,0.3357079,49925,0.0406334464777819
0.6,0.2,0.6,0.1,0.33574328,49925,0.04007033510275501
0.8,0.4,0.7,0.7,0.33576128,49925,0.04176785102508124
0.2,0.2,0.2,0.7,0.3357692,49925,0.040511042954674316
0.8,0.3,0.3,0.7,0.33582175,49925,0.039879828898275696
0.6,0.2,0.1,0.6,0.3358813,49925,0.037978606587683914
0.9,0.4,0.5,0.9,0.3359167,49925,0.04083216672030923
0.2,0.2,0.9,0.2,0.3359286,49925,0.039842592368753024
0.4,0.3,0.9,0.5,0.33598134,49925,0.04162169214253646
0.6,0.2,0.3,0.3,0.335996,49925,0.04022388565874625
0.5,0.4,0.7,0.9,0.33600163,49925,0.042225221856946354
0.4,0.3,0.4,0.8,0.33612886,49925,0.04161306366701994
0.6,0.3,0.6,0.5,0.33617797,49925,0.041841623361947425
0.7,0.4,0.6,0.9,0.33622324,49925,0.04168898075014756
0.7,0.3,0.5,0.5,0.33623385,49925,0.041299517041111386
0.8,0.2,0.3,0.2,0.3362398,49925,0.03859041355352118
0.1,0.2,0.5,0.5,0.33631536,49925,0.04151606682121608
0.3,0.2,0.8,0.2,0.33633882,49925,0.040485117426504874
0.7,0.3,0.7,0.4,0.3363471,49925,0.041447070628002396
0.4,0.2,0.7,0.2,0.33635226,49925,0.040793789390383854
0.1,0.3,0.6,0.9,0.3363781,49925,0.04117243852045543
0.4,0.4,0.9,0.9,0.33648703,49925,0.042123476580174575
0.3,0.3,0.6,0.7,0.33648875,49925,0.042227867388432226
0.4,0.2,0.5,0.3,0.33649835,49925,0.04169056612876039
0.7,0.4,0.9,0.7,0.33655956,49925,0.042004364924652586
0.8,0.3,0.8,0.3,0.3365904,49925,0.04084650085765694
0.9,0.2,0.1,0.5,0.3367214,49925,0.03629189959295083
0.1,0.2,0.2,0.8,0.33673579,49925,0.03967809389183186
0.5,0.3,0.8,0.5,0.33677217,49925,0.04181717429269001
0.7,0.1,0.1,0.1,0.33679092,49925,0.033987860438740844
0.5,0.2,0.2,0.5,0.33683378,49925,0.04002492731710671
0.3,0.2,0.4,0.4,0.33684516,49925,0.04219654103587635
0.6,0.4,0.8,0.8,0.33684516,49925,0.04219654103587635
0.4,0.3,0.5,0.7,0.33689678,49925,0.042084268969361606
0.6,0.3,0.9,0.4,0.3369832,49925,0.04133073197299068
0.9,0.3,0.5,0.4,0.33708367,49925,0.04037105458148945
0.4,0.3,0.7,0.6,0.33709326,49925,0.042102218352496515
0.5,0.2,0.6,0.2,0.3370955,49925,0.04084542372372908
0.9,0.4,0.6,0.8,0.3371005,49925,0.04122561245187508
0.6,0.3,0.4,0.7,0.33716935,49925,0.041203136439231666
0.3,0.3,0.4,0.9,0.33722258,49925,0.041475910349157985
0.7,0.2,0.5,0.1,0.33729762,49925,0.03967737959940514
0.2,0.3,0.8,0.7,0.33731082,49925,0.041612597606254846
0.1,0.3,0.8,0.8,0.33736104,49925,0.04096834709940059
0.2,0.2,0.1,0.9,0.3374235,49925,0.03826026018511686
0.7,0.4,0.7,0.8,0.33743033,49925,0.041942036267409055
0.7,0.3,0.3,0.8,0.3375173,49925,0.040152750156506406
0.9,0.3,0.3,0.7,0.33764368,49925,0.03945615215087431
0.5,0.4,0.8,0.9,0.33766627,49925,0.042195758418335665
0.2,0.3,0.6,0.8,0.3376748,49925,0.0419005000981069
0.3,0.2,0.3,0.5,0.33768135,49925,0.041774411603816446
0.8,0.3,0.6,0.4,0.33777404,49925,0.041061183190186014
0.8,0.3,0.2,0.9,0.33781236,49925,0.03890310231987128
0.9,0.4,0.9,0.6,0.3378497,49925,0.041561267191338985
0.1,0.1,0.3,0.2,0.3381471,49925,0.041562646337224986
0.3,0.3,0.9,0.6,0.3381471,49925,0.04156264633722498
0.2,0.2,0.6,0.4,0.3381471,49925,0.041562646337224986
0.9,0.3,0.7,0.3,0.33816907,49925,0.0405540329661532
0.8,0.3,0.4,0.6,0.338176,49925,0.04049675098580175
0.8,0.4,0.8,0.7,0.3381871,49925,0.04183004293154076
0.5,0.3,0.4,0.8,0.3382129,49925,0.04133160909090372
0.4,0.1,0.1,0.2,0.33835486,49925,0.038174111466106574
0.8,0.2,0.2,0.4,0.33835486,49925,0.038174111466106574
0.6,0.3,0.5,0.6,0.33837414,49925,0.04164723987109496
0.6,0.4,0.9,0.8,0.33838633,49925,0.04209124587484951
0.9,0.4,0.7,0.7,0.33839354,49925,0.041457256125726274
0.1,0.2,0.7,0.4,0.3384261,49925,0.04067787221387697
0.6,0.4,0.7,0.9,0.33845225,49925,0.04203969102855614
0.6,0.3,0.7,0.5,0.33845708,49925,0.04178243078344307
0.3,0.3,0.5,0.8,0.33846524,49925,0.04196504711890197
0.9,0.3,0.9,0.2,0.3384706,49925,0.040209872303510696
0.5,0.2,0.1,0.7,0.33851072,49925,0.03830804350443935
0.9,0.2,0.3,0.2,0.33854628,49925,0.037941452660825284
0.6,0.3,0.3,0.9,0.33863804,49925,0.04031912788294216
0.2,0.1,0.1,0.3,0.33863804,49925,0.04031912788294217
0.4,0.2,0.2,0.6,0.33863804,49925,0.04031912788294217
0.5,0.2,0.4,0.3,0.33867213,49925,0.04128054387718895
0.7,0.3,0.8,0.4,0.33867297,49925,0.04133297682017664
0.3,0.2,0.7,0.3,0.33883744,49925,0.04112623628861662
0.2,0.3,0.5,0.9,0.3388616,49925,0.04161041435489492
0.5,0.3,0.6,0.6,0.3389689,49925,0.04206200750965604
0.8,0.2,0.4,0.1,0.33901006,49925,0.03883354063264335
0.7,0.2,0.1,0.6,0.33905113,49925,0.037447402649480384
0.2,0.2,0.4,0.5,0.3390623,49925,0.042091456413612095
0.8,0.3,0.9,0.3,0.3390732,49925,0.040733584069727484
0.5,0.3,0.9,0.5,0.33908704,49925,0.04155208648987298
0.3,0.3,0.7,0.7,0.33913532,49925,0.04203231363974767
0.1,0.3,0.7,0.9,0.33915615,49925,0.040958337444044035
0.8,0.4,0.6,0.9,0.33927256,49925,0.04142335286369348
0.8,0.3,0.5,0.5,0.33938166,49925,0.04088391245456885
0.5,0.2,0.3,0.4,0.33951187,49925,0.040920337267008916
0.8,0.4,0.9,0.7,0.339512,49925,0.04180834641169711
0.7,0.3,0.4,0.7,0.3395549,49925,0.04082675542186838
0.7,0.2,0.3,0.3,0.33964577,49925,0.03955954222164533
0.8,0.4,0.7,0.8,0.33967075,49925,0.04169730976517935
0.7,0.3,0.6,0.5,0.33969826,49925,0.04147459287960635
0.4,0.3,0.6,0.7,0.3398007,49925,0.042108385241254
0.4,0.3,0.8,0.6,0.33987302,49925,0.04187770957708849
0.7,0.4,0.8,0.8,0.3398793,49925,0.041995027339526314
0.2,0.2,0.8,0.3,0.33993378,49925,0.040571719774279515
0.8,0.3,0.3,0.8,0.33995265,49925,0.039774439569012325
0.6,0.2,0.5,0.2,0.33998564,49925,0.04056314531155583
0.4,0.2,0.9,0.1,0.3400109,49925,0.03965100968719366
0.5,0.4,0.9,0.9,0.34006056,49925,0.04209224031232279
0.4,0.2,0.6,0.3,0.3400745,49925,0.04137792030458133
0.4,0.2,0.1,0.8,0.34008598,49925,0.03842927746227883
0.7,0.2,0.4,0.2,0.3401158,49925,0.03987574182709393
0.2,0.3,0.9,0.7,0.34011593,49925,0.041283194030605035
0.9,0.3,0.2,0.9,0.34012368,49925,0.0385503340962009
0.2,0.2,0.3,0.6,0.34013158,49925,0.04158885044591044
0.3,0.2,0.5,0.4,0.34014067,49925,0.04192413415759843
0.1,0.2,0.9,0.3,0.34014362,49925,0.03954104321885034
0.6,0.4,0.8,0.9,0.3401987,49925,0.04206650886263387
0.4,0.3,0.4,0.9,0.34020117,49925,0.041322882261284145
0.5,0.3,0.5,0.7,0.34022164,49925,0.04181172211904336
0.9,0.3,0.4,0.6,0.3402426,49925,0.0400611839422182
0.1,0.2,0.4,0.6,0.3403083,49925,0.041418148385459874
0.8,0.3,0.7,0.4,0.340443,49925,0.041103689680759954
0.1,0.2,0.6,0.5,0.34046653,49925,0.04102152712104673
0.6,0.2,0.2,0.5,0.3405106,49925,0.03945325106710043
0.5,0.2,0.8,0.1,0.34054515,49925,0.039887737991082924
0.9,0.4,0.8,0.7,0.34056032,49925,0.04156426552134718
0.6,0.2,0.7,0.1,0.34060532,49925,0.03991243258747843
0.9,0.3,0.8,0.3,0.34061944,49925,0.04055269969704863
0.2,0.3,0.7,0.8,0.34062585,49925,0.041699513497584835
0.9,0.2,0.2,0.4,0.34081706,49925,0.037604553119331315
0.6,0.3,0.8,0.5,0.34083116,49925,0.04163670491649695
0.9,0.4,0.6,0.9,0.34083828,49925,0.04114266351422428
0.3,0.2,0.2,0.7,0.34088665,49925,0.04030893293332815
0.1,0.3,0.9,0.8,0.34090984,49925,0.040651286311142884
0.9,0.3,0.6,0.4,0.34095708,49925,0.04066370238412994
0.7,0.3,0.5,0.6,0.34103173,49925,0.04126168490232727
0.4,0.3,0.5,0.8,0.34108415,49925,0.04183588338561323
0.7,0.4,0.7,0.9,0.34109682,49925,0.04182624733593875
0.5,0.3,0.7,0.6,0.34113464,49925,0.04195465339516756
0.3,0.3,0.8,0.7,0.34119332,49925,0.04178227897393323
0.7,0.4,0.9,0.8,0.34123415,49925,0.04195013950688078
0.2,0.2,0.2,0.8,0.34123513,49925,0.03994924804015025
0.1,0.1,0.1,0.4,0.34123513,49925,0.03994924804015025
0.5,0.2,0.7,0.2,0.34133822,49925,0.04053698340622561
0.8,0.2,0.1,0.6,0.3414129,49925,0.03692640966630094
0.1,0.2,0.3,0.7,0.34147102,49925,0.040836440054276134
0.7,0.3,0.9,0.4,0.34149802,49925,0.04115390088778035
0.4,0.2,0.8,0.2,0.3414993,49925,0.040412976936405186
0.2,0.1,0.4,0.1,0.3414993,49925,0.040412976936405186
0.3,0.2,0.9,0.2,0.34152883,49925,0.04001608587743286
0.6,0.3,0.4,0.8,0.34153306,49925,0.0410177515677797
0.8,0.1,0.1,0.1,0.34156245,49925,0.033102823072200104
0.9,0.4,0.7,0.8,0.34156296,49925,0.041421672321172165
0.3,0.3,0.6,0.8,0.34167504,49925,0.041954614762914545
0.3,0.2,0.1,0.9,0.3417107,49925,0.03822808829052623
0.1,0.2,0.2,0.9,0.34172335,49925,0.039033375977506904
0.7,0.2,0.6,0.1,0.3417592,49925,0.03967258166097199
0.1,0.1,0.5,0.1,0.34179544,49925,0.039342160197488686
0.9,0.3,0.5,0.5,0.34180853,49925,0.04046160349774676
0.4,0.3,0.9,0.6,0.3418767,49925,0.04160600577686223
0.7,0.3,0.3,0.9,0.34206572,49925,0.039992211581608025
0.9,0.2,0.4,0.1,0.34208524,49925,0.03824916508173548
0.8,0.3,0.4,0.7,0.34212872,49925,0.040446272160940454
0.9,0.4,0.9,0.7,0.34216654,49925,0.041592498227454075
0.4,0.2,0.3,0.5,0.34223604,49925,0.04129268095370767
0.8,0.4,0.8,0.8,0.34233496,49925,0.04176355143932073
0.4,0.2,0.4,0.4,0.34233496,49925,0.04176355143932073
0.2,0.1,0.2,0.2,0.34233496,49925,0.04176355143932073
0.6,0.3,0.6,0.6,0.34233496,49925,0.04176355143932073
0.8,0.2,0.3,0.3,0.34236333,49925,0.038924023990377095
0.6,0.2,0.1,0.7,0.34236917,49925,0.037847775401196104
0.5,0.2,0.5,0.3,0.3424224,49925,0.04129868765463336
0.3,0.3,0.5,0.9,0.34249014,49925,0.04164523080894339
0.9,0.3,0.3,0.8,0.34250003,49925,0.039425015908806454
0.7,0.3,0.7,0.5,0.3425275,49925,0.041499097993976504
0.6,0.4,0.9,0.9,0.34258708,49925,0.04198600668424887
0.7,0.2,0.2,0.5,0.34264413,49925,0.03887210723926289
0.6,0.3,0.5,0.7,0.34264475,49925,0.04151305265137996
0.1,0.3,0.8,0.9,0.34267494,49925,0.040698451253927695
0.2,0.3,0.8,0.8,0.34281576,49925,0.04143324053742728
0.8,0.3,0.6,0.5,0.34283122,49925,0.04110564422337527
0.5,0.1,0.1,0.2,0.34288448,49925,0.037050877269987605
0.6,0.3,0.9,0.5,0.34292373,49925,0.04141302425204205
0.8,0.2,0.5,0.1,0.34295943,49925,0.03919440076116695
0.8,0.3,0.8,0.4,0.34298366,49925,0.04105745075672708
0.9,0.3,0.9,0.3,0.34300599,49925,0.04047204732043223
0.3,0.1,0.3,0.1,0.34300599,49925,0.04047204732043223
0.6,0.2,0.6,0.2,0.34300599,49925,0.04047204732043223
0.2,0.3,0.6,0.9,0.34301797,49925,0.04156517270329873
0.5,0.3,0.4,0.9,0.34306255,49925,0.04108892450033335
0.2,0.2,0.5,0.5,0.3431677,49925,0.04182722185453948
0.2,0.2,0.7,0.4,0.3432374,49925,0.04106736173088456
0.5,0.2,0.2,0.6,0.3432805,49925,0.039834832302459364
0.4,0.3,0.7,0.7,0.34331828,49925,0.041974821152312734
0.8,0.4,0.7,0.9,0.34344873,49925,0.04159902811690923
0.7,0.4,0.8,0.9,0.34356654,49925,0.041882145509638875
0.8,0.3,0.5,0.6,0.34365895,49925,0.04088378498934872
0.1,0.2,0.8,0.4,0.34366542,49925,0.040133886019980546
0.1,0.2,0.5,0.6,0.3436982,49925,0.041121777296410165
0.3,0.3,0.9,0.7,0.34373325,49925,0.04148342448834033
0.6,0.2,0.3,0.4,0.34379163,49925,0.0403076229946453
0.9,0.2,0.1,0.6,0.34380385,49925,0.036420059025470665
0.5,0.3,0.6,0.7,0.34384996,49925,0.04190575860889911
0.8,0.4,0.9,0.8,0.343868,49925,0.04178001409177063
0.6,0.2,0.4,0.3,0.34387222,49925,0.04070539301978536
0.3,0.2,0.6,0.4,0.34392577,49925,0.0416043960248304
0.8,0.3,0.9,0.4,0.3440112,49925,0.04092058190733973
0.7,0.3,0.4,0.8,0.34413356,49925,0.040699616855960324
0.5,0.3,0.8,0.6,0.3441732,49925,0.04176136988655509
0.5,0.2,0.1,0.8,0.34419578,49925,0.038060044931192735
0.5,0.3,0.5,0.8,0.34422246,49925,0.04161744718229346
0.3,0.2,0.8,0.3,0.34436667,49925,0.040701116310035035
0.7,0.3,0.8,0.5,0.3444029,49925,0.04139723865656656
0.3,0.3,0.7,0.8,0.34440425,49925,0.0418402160285441
0.9,0.3,0.4,0.7,0.3444641,49925,0.040078272209955315
0.4,0.2,0.7,0.3,0.34447727,49925,0.041020703917111316
0.2,0.2,0.9,0.3,0.3445042,49925,0.04006146413118987
0.7,0.2,0.7,0.1,0.34463704,49925,0.039578399146761055
0.6,0.2,0.8,0.1,0.3446427,49925,0.03966010686958354
0.6,0.3,0.7,0.6,0.34464467,49925,0.04175039240034051
0.5,0.2,0.9,0.1,0.3446774,49925,0.039558896061095354
0.4,0.1,0.2,0.1,0.3447225,49925,0.03928138162543647
0.8,0.2,0.4,0.2,0.3447225,49925,0.03928138162543647
0.8,0.3,0.3,0.9,0.3447246,49925,0.0396670781327296
0.9,0.3,0.7,0.4,0.34476504,49925,0.04077704728594609
0.7,0.2,0.5,0.2,0.34484404,49925,0.0400747875131456
0.3,0.2,0.3,0.6,0.34502608,49925,0.04135887801140358
0.9,0.4,0.8,0.8,0.34512177,49925,0.04152265666794278
0.5,0.2,0.6,0.3,0.34521338,49925,0.0411089031645297
0.9,0.2,0.3,0.3,0.3453477,49925,0.03833312053708452
0.3,0.2,0.4,0.5,0.3453602,49925,0.04192064769344523
0.4,0.2,0.5,0.4,0.34537056,49925,0.04169813705521777
0.7,0.3,0.6,0.6,0.3453716,49925,0.041442937628891244
0.4,0.3,0.8,0.7,0.34539694,49925,0.04177903199462989
0.4,0.2,0.2,0.7,0.34539714,49925,0.03997916309827854
0.2,0.3,0.9,0.8,0.3455405,49925,0.04115801412406378
0.2,0.3,0.7,0.9,0.34564078,49925,0.04142049002633612
0.5,0.3,0.9,0.6,0.3457033,49925,0.041562932288022054
0.8,0.3,0.4,0.8,0.34575087,49925,0.04033903983128744
0.4,0.2,0.1,0.9,0.345767,49925,0.03806496326390553
0.9,0.4,0.7,0.9,0.34576863,49925,0.0413358365672706
0.8,0.3,0.7,0.5,0.3458084,49925,0.041196784287753904
0.9,0.1,0.1,0.1,0.34581044,49925,0.032336643955006204
0.8,0.2,0.6,0.1,0.34583557,49925,0.03928827183499073
0.8,0.2,0.2,0.5,0.345856,49925,0.03830213857629134
0.1,0.3,0.9,0.9,0.34586975,49925,0.040430571380587046
0.8,0.4,0.8,0.9,0.34589142,49925,0.04167237948404667
0.1,0.2,0.7,0.5,0.34591496,49925,0.04054074256795989
0.9,0.3,0.8,0.4,0.34599292,49925,0.040751869019324115
0.6,0.3,0.4,0.9,0.34602112,49925,0.040820692715754524
0.7,0.3,0.5,0.7,0.34602982,49925,0.041168458177278495
0.7,0.4,0.9,0.9,0.34604156,49925,0.041860390445176934
0.5,0.2,0.8,0.2,0.34620583,49925,0.04024372906679191
0.7,0.3,0.9,0.5,0.3462225,49925,0.04124126384671058
0.4,0.3,0.5,0.9,0.34626997,49925,0.04156215649169759
0.6,0.2,0.7,0.2,0.34635743,49925,0.040273048423770184
0.6,0.3,0.8,0.6,0.34638524,49925,0.041619222849879324
0.4,0.3,0.6,0.8,0.34643012,49925,0.04190637987041945
0.4,0.2,0.9,0.2,0.34657106,49925,0.04003564069458203
0.5,0.3,0.7,0.7,0.34668434,49925,0.04184683732512308
0.7,0.2,0.3,0.4,0.34673283,49925,0.03970396874462377
0.7,0.2,0.1,0.7,0.34674746,49925,0.03736425040803311
0.9,0.3,0.6,0.5,0.34676218,49925,0.04073936434216332
0.6,0.2,0.2,0.6,0.3467696,49925,0.03932950650026259
0.9,0.3,0.3,0.9,0.3467696,49925,0.03932950650026259
0.3,0.1,0.1,0.3,0.3467696,49925,0.03932950650026259
0.5,0.2,0.3,0.5,0.3467877,49925,0.04078250751052596
0.9,0.3,0.5,0.6,0.34679836,49925,0.04051218895581123
0.6,0.3,0.5,0.8,0.34684432,49925,0.04134078102067914
0.9,0.4,0.9,0.8,0.34687868,49925,0.041579832173867
0.5,0.2,0.4,0.4,0.34689045,49925,0.041279148539061485
0.3,0.2,0.2,0.8,0.34691918,49925,0.03988716850133751
0.3,0.3,0.8,0.8,0.34702533,49925,0.04161365511386203
0.1,0.1,0.2,0.3,0.34709206,49925,0.04168453446948523
0.3,0.3,0.6,0.9,0.34709206,49925,0.04168453446948523
0.2,0.2,0.4,0.6,0.34709206,49925,0.04168453446948523
0.6,0.3,0.6,0.7,0.3471504,49925,0.04165523737406021
0.2,0.2,0.6,0.5,0.34716266,49925,0.04143147992056635
0.2,0.2,0.2,0.9,0.34719655,49925,0.039409559034724755
0.2,0.3,0.8,0.9,0.34722248,49925,0.0412201865846337
0.8,0.3,0.8,0.5,0.34723696,49925,0.04113808049268788
0.1,0.2,0.4,0.7,0.34724328,49925,0.0408882675756508
0.2,0.2,0.3,0.7,0.34736383,49925,0.041060170919310655
0.1,0.2,0.3,0.8,0.3474387,49925,0.04022514622445041
0.9,0.2,0.5,0.1,0.3475556,49925,0.03871426312913105
0.7,0.3,0.7,0.6,0.34756225,49925,0.04150923771524186
0.7,0.3,0.4,0.9,0.34771577,49925,0.0405230506110951
0.6,0.1,0.1,0.2,0.34780332,49925,0.03601838364502839
0.9,0.3,0.9,0.4,0.3478619,49925,0.04066341865240234
0.7,0.2,0.6,0.2,0.3478754,49925,0.04006685315216798
0.3,0.2,0.7,0.4,0.3478887,49925,0.041177211789141556
0.4,0.3,0.9,0.7,0.34794945,49925,0.04152973898463557
0.4,0.3,0.7,0.8,0.3479971,49925,0.04183359559778869
0.9,0.2,0.2,0.5,0.34801638,49925,0.03776711084795195
0.7,0.2,0.4,0.3,0.34812546,49925,0.04013065274068613
0.1,0.2,0.6,0.6,0.34817025,49925,0.04074837188285062
0.9,0.2,0.4,0.2,0.3481811,49925,0.0387234959222845
0.1,0.1,0.4,0.2,0.3482505,49925,0.04061818712051135
0.2,0.2,0.8,0.4,0.3482505,49925,0.04061818712051135
0.4,0.2,0.8,0.3,0.34827256,49925,0.0406354199661027
0.9,0.4,0.8,0.9,0.34833744,49925,0.041456072583995224
0.6,0.2,0.5,0.3,0.34847066,49925,0.04084065021773695
0.4,0.2,0.3,0.6,0.34854364,49925,0.04100347617958983
0.8,0.3,0.6,0.6,0.34858328,49925,0.04110647282039775
0.3,0.2,0.5,0.5,0.34859592,49925,0.041787257811803154
0.8,0.4,0.9,0.9,0.34860072,49925,0.04169680542527074
0.9,0.3,0.4,0.8,0.34865788,49925,0.040005353447752856
0.6,0.2,0.1,0.8,0.34869814,49925,0.037670666186205744
0.5,0.3,0.8,0.7,0.34874988,49925,0.04170126705720526
0.8,0.3,0.5,0.7,0.34881568,49925,0.040826107978252646
0.6,0.3,0.9,0.6,0.3488579,49925,0.041428317939919475
0.2,0.1,0.3,0.2,0.3488579,49925,0.041428317939919475
0.4,0.2,0.6,0.4,0.3488579,49925,0.041428317939919475
0.5,0.3,0.5,0.9,0.3491246,49925,0.041379367059335606
0.3,0.2,0.9,0.3,0.34919494,49925,0.04026672284671033
0.7,0.2,0.8,0.1,0.34920824,49925,0.03942867748845566
0.9,0.3,0.7,0.5,0.3492716,49925,0.04086274305752045
0.8,0.2,0.3,0.4,0.3494167,49925,0.03913825802654672
0.6,0.2,0.9,0.1,0.34944803,49925,0.039424417344728076
0.5,0.2,0.7,0.3,0.34950835,49925,0.04082853142864836
0.2,0.3,0.9,0.9,0.34953502,49925,0.040967497912286585
0.8,0.2,0.1,0.7,0.3495485,49925,0.0369095934855678
0.5,0.2,0.1,0.9,0.34957048,49925,0.03778306759908563
0.8,0.2,0.7,0.1,0.34958178,49925,0.03926568849363993
0.4,0.2,0.4,0.5,0.3495858,49925,0.04157771710916189
0.5,0.3,0.6,0.8,0.34960228,49925,0.04173292013882893
0.5,0.2,0.2,0.7,0.34962788,49925,0.03958641467767977
0.3,0.3,0.7,0.9,0.34962922,49925,0.04160325878279012
0.1,0.2,0.9,0.4,0.34965396,49925,0.039610679573953235
0.7,0.2,0.2,0.6,0.3497022,49925,0.03882953069791785
0.8,0.3,0.4,0.9,0.3497033,49925,0.04021861370723725
0.7,0.3,0.8,0.6,0.34974176,49925,0.0414176148579146
0.3,0.3,0.9,0.8,0.34982514,49925,0.04138346012362429
0.6,0.2,0.3,0.5,0.34987295,49925,0.04027437949509022
0.6,0.3,0.7,0.7,0.35008428,49925,0.041658476582864756
0.8,0.2,0.5,0.2,0.35011935,49925,0.039601007047562975
0.7,0.3,0.5,0.8,0.35020056,49925,0.04103198591921216
0.5,0.2,0.5,0.4,0.35023445,49925,0.04135336583916402
0.4,0.3,0.6,0.9,0.3504115,49925,0.04167068434674903
0.8,0.3,0.9,0.5,0.35042965,49925,0.04103908103163235
0.9,0.4,0.9,0.9,0.35048175,49925,0.041509068877180304
0.2,0.2,0.7,0.5,0.35052663,49925,0.04100082375937513
0.6,0.2,0.8,0.2,0.3506213,49925,0.04001577929118703
0.3,0.1,0.4,0.1,0.3506213,49925,0.04001577929118703
0.6,0.2,0.6,0.3,0.35068455,49925,0.040751445353997204
0.2,0.2,0.5,0.6,0.35075855,49925,0.04151692785544289
0.4,0.3,0.8,0.8,0.3508421,49925,0.04165822059371505
0.9,0.2,0.6,0.1,0.35092038,49925,0.03891507054767259
0.9,0.2,0.1,0.7,0.35096094,49925,0.036459393089328045
0.7,0.3,0.6,0.7,0.35097796,49925,0.041358326013410183
0.9,0.3,0.6,0.6,0.35101175,49925,0.040748562626333154
0.3,0.1,0.2,0.2,0.35101175,49925,0.040748562626333154
0.6,0.2,0.4,0.4,0.35101175,49925,0.040748562626333154
0.1,0.2,0.8,0.5,0.35101542,49925,0.0400528248875789
0.1,0.2,0.5,0.7,0.35102043,49925,0.040666833051584445
0.8,0.3,0.7,0.6,0.35108885,49925,0.04121389708077672
0.7,0.2,0.7,0.2,0.35112512,49925,0.03995696801233059
0.9,0.3,0.5,0.7,0.35114908,49925,0.04046311869421316
0.7,0.3,0.9,0.6,0.35120648,49925,0.04128725175721565
0.9,0.3,0.8,0.5,0.3512495,49925,0.04087560842149213
0.5,0.3,0.9,0.7,0.35129556,49925,0.041491105545522426
0.2,0.1,0.1,0.4,0.3513497,49925,0.039622797247122914
0.4,0.2,0.2,0.8,0.3513497,49925,0.039622797247122914
0.5,0.2,0.9,0.2,0.35138875,49925,0.03993006662750397
0.5,0.3,0.7,0.8,0.35139143,49925,0.04172767298240648
0.6,0.3,0.8,0.7,0.35145319,49925,0.041551573135034846
0.6,0.3,0.5,0.9,0.35157225,49925,0.04113691000045043
0.2,0.1,0.5,0.1,0.35158348,49925,0.039652649934321646
0.5,0.1,0.2,0.1,0.35161737,49925,0.03818631839388897
0.3,0.2,0.3,0.7,0.35167763,49925,0.040956392914412394
0.3,0.2,0.4,0.6,0.3518378,49925,0.04161847452048447
0.3,0.2,0.6,0.5,0.35185248,49925,0.04148402202715093
0.8,0.2,0.4,0.3,0.35185257,49925,0.03956554381390515
0.4,0.1,0.1,0.3,0.35188818,49925,0.038334876257538224
0.8,0.2,0.2,0.6,0.35188818,49925,0.038334876257538224
0.6,0.3,0.6,0.8,0.35194382,49925,0.04150821520354507
0.7,0.2,0.1,0.8,0.35209623,49925,0.03724613262550327
0.2,0.2,0.3,0.8,0.35210374,49925,0.04053882256390236
0.1,0.1,0.6,0.1,0.3521669,49925,0.038400291013455295
0.9,0.3,0.4,0.9,0.35217765,49925,0.03990845815915325
0.9,0.2,0.3,0.4,0.3522015,49925,0.03856514468675521
0.6,0.2,0.2,0.7,0.35222942,49925,0.039149401492868045
0.3,0.2,0.2,0.9,0.35225022,49925,0.03943253537799197
0.1,0.1,0.1,0.5,0.3522626,49925,0.03887842329702226
0.3,0.3,0.8,0.9,0.3522662,49925,0.04142646578420606
0.7,0.1,0.1,0.2,0.35228607,49925,0.03512437739528123
0.4,0.2,0.7,0.4,0.3523003,49925,0.041102054789660745
0.3,0.2,0.8,0.4,0.35248417,49925,0.040762334589716995
0.5,0.2,0.3,0.6,0.3525329,49925,0.0405847413328765
0.1,0.2,0.7,0.6,0.35266146,49925,0.04033268958283703
0.1,0.2,0.3,0.9,0.3527363,49925,0.039632330295704184
0.7,0.3,0.7,0.7,0.3527525,49925,0.04142832873657452
0.4,0.3,0.7,0.9,0.35286996,49925,0.04162182770275993
0.4,0.3,0.9,0.8,0.35295883,49925,0.041452149320511715
0.8,0.3,0.6,0.7,0.35296074,49925,0.04103679203563428
0.4,0.1,0.3,0.1,0.35300148,49925,0.03967555759441468
0.8,0.2,0.6,0.2,0.35300148,49925,0.03967555759441468
0.7,0.2,0.3,0.5,0.35304174,49925,0.039728914114546945
0.4,0.2,0.5,0.5,0.3530625,49925,0.041583883144380364
0.5,0.2,0.6,0.4,0.3530907,49925,0.04119194705733447
0.8,0.3,0.8,0.6,0.35312924,49925,0.04118867694435387
0.8,0.3,0.5,0.8,0.35314974,49925,0.04070912018278894
0.1,0.2,0.4,0.8,0.35332495,49925,0.04036499460344021
0.2,0.2,0.9,0.4,0.3533567,49925,0.040164983810004926
0.7,0.2,0.5,0.3,0.3533942,49925,0.04037015025001171
0.8,0.2,0.8,0.1,0.3534922,49925,0.03915649626082619
0.9,0.2,0.5,0.2,0.3536524,49925,0.03911151763209133
0.5,0.3,0.8,0.8,0.35365474,49925,0.04158479933964414
0.7,0.2,0.9,0.1,0.35366538,49925,0.0392165339723209
0.1,0.2,0.6,0.7,0.35369205,49925,0.04037433537572657
0.2,0.2,0.4,0.7,0.35374165,49925,0.04125432607353453
0.9,0.3,0.9,0.5,0.3537975,49925,0.04079333006388444
0.6,0.2,0.1,0.9,0.353827,49925,0.037447073706920804
0.5,0.3,0.6,0.9,0.35384905,49925,0.04153103009515807
0.9,0.3,0.7,0.6,0.3539728,49925,0.040898259818369864
0.3,0.3,0.9,0.9,0.35401413,49925,0.041224775221115416
0.2,0.2,0.6,0.6,0.35401413,49925,0.041224775221115416
0.1,0.1,0.3,0.3,0.35401413,49925,0.041224775221115416
0.7,0.3,0.8,0.7,0.35411057,49925,0.0413841056662711
0.5,0.2,0.4,0.5,0.35411897,49925,0.04116112354212073
0.9,0.2,0.7,0.1,0.3542241,49925,0.03892185453282428
0.6,0.3,0.7,0.8,0.35424227,49925,0.041546889900913334
0.6,0.2,0.7,0.3,0.3542435,49925,0.04054716058589083
0.6,0.3,0.9,0.7,0.35424653,49925,0.04140136186784934
0.7,0.3,0.6,0.8,0.35432082,49925,0.04124621229791603
0.5,0.2,0.8,0.3,0.35433626,49925,0.04050382795008494
0.4,0.2,0.9,0.3,0.3543913,49925,0.04027037965354267
0.5,0.2,0.2,0.8,0.3544367,49925,0.039287658163498884
0.7,0.3,0.5,0.9,0.35470426,49925,0.04086911624091826
0.4,0.2,0.3,0.7,0.35470608,49925,0.04066871768750461
0.8,0.3,0.9,0.6,0.35493416,49925,0.04108721776796725
0.9,0.2,0.4,0.3,0.35506514,49925,0.03901767796546643
0.9,0.2,0.2,0.6,0.35509297,49925,0.03783509935995908
0.3,0.2,0.7,0.5,0.3551444,49925,0.04114080657255479
0.3,0.2,0.5,0.6,0.35520226,49925,0.041566261798319425
0.4,0.3,0.8,0.9,0.35522276,49925,0.04149815324652639
0.8,0.2,0.1,0.8,0.35527265,49925,0.03684065896625873
0.6,0.2,0.5,0.4,0.35536495,49925,0.04093110746249559
0.7,0.2,0.2,0.7,0.35536927,49925,0.038726668681677616
0.7,0.2,0.8,0.2,0.35548586,49925,0.039782593295068294
0.6,0.2,0.3,0.6,0.3555888,49925,0.040121173226537896
0.5,0.3,0.9,0.8,0.35559484,49925,0.04141751007983473
0.2,0.2,0.8,0.5,0.35563058,49925,0.04055970322812828
0.9,0.3,0.5,0.8,0.3556419,49925,0.04039789443697536
0.8,0.3,0.7,0.7,0.35568047,49925,0.0411518559463293
0.1,0.2,0.9,0.5,0.35571596,49925,0.03958397487006169
0.8,0.2,0.7,0.2,0.35577607,49925,0.039654799097926234
0.7,0.2,0.4,0.4,0.35583445,49925,0.04022151435029676
0.7,0.2,0.6,0.3,0.35599506,49925,0.040366523926142366
0.7,0.2,0.1,0.9,0.35619205,49925,0.0371060908327896
0.6,0.2,0.9,0.2,0.3563065,49925,0.039762870755698364
0.5,0.3,0.7,0.9,0.3563093,49925,0.041552172714636945
0.9,0.3,0.6,0.7,0.35639274,49925,0.04072523448273436
0.9,0.3,0.8,0.6,0.3564183,49925,0.04093463226133341
0.3,0.2,0.3,0.8,0.3564512,49925,0.04051325153995094
0.6,0.1,0.2,0.1,0.35645756,49925,0.037162586935489954
0.8,0.2,0.3,0.5,0.35646453,49925,0.039204504899796856
0.2,0.2,0.3,0.9,0.35654387,49925,0.0400084452419615
0.4,0.3,0.9,0.9,0.35674,49925,0.04131062013953771
0.4,0.2,0.2,0.9,0.35680047,49925,0.03925627650084937
0.9,0.2,0.1,0.8,0.35683078,49925,0.03643136351385168
0.4,0.2,0.4,0.6,0.3568369,49925,0.04133081902250744
0.6,0.3,0.6,0.9,0.3568369,49925,0.04133081902250744
0.2,0.1,0.2,0.3,0.3568369,49925,0.04133081902250744
0.8,0.3,0.5,0.9,0.3568657,49925,0.04058635023175133
0.7,0.3,0.9,0.7,0.35686976,49925,0.04125837018765667
0.4,0.2,0.6,0.5,0.35688516,49925,0.04136956189036983
0.2,0.2,0.5,0.7,0.35695845,49925,0.04118020006738777
0.1,0.2,0.5,0.8,0.35696658,49925,0.04021530875334557
0.8,0.1,0.1,0.2,0.35700557,49925,0.034289922927806464
0.1,0.2,0.8,0.6,0.35705724,49925,0.03989471660775648
0.6,0.3,0.8,0.8,0.35710317,49925,0.041477107147869695
0.3,0.2,0.9,0.4,0.35710415,49925,0.04037488374735707
0.8,0.2,0.5,0.3,0.3571611,49925,0.03989167832450006
0.5,0.2,0.7,0.4,0.3572452,49925,0.0409441661853032
0.9,0.2,0.6,0.2,0.35726726,49925,0.03928425037663511
0.7,0.3,0.7,0.8,0.35735568,49925,0.041331662308452546
0.5,0.1,0.1,0.3,0.35742408,49925,0.037370314744074436
0.6,0.2,0.8,0.3,0.35753617,49925,0.040297910391897326
0.2,0.1,0.4,0.2,0.35755062,49925,0.04075790048068034
0.4,0.2,0.8,0.4,0.35755062,49925,0.04075790048068034
0.8,0.3,0.8,0.7,0.35760173,49925,0.04116993925066114
0.5,0.3,0.8,0.9,0.3576633,49925,0.04147150701094361
0.1,0.1,0.5,0.2,0.3577758,49925,0.03971016719248391
0.6,0.2,0.2,0.8,0.35784054,49925,0.03893998143285242
0.3,0.1,0.1,0.4,0.35784054,49925,0.03893998143285242
0.5,0.2,0.5,0.5,0.3579126,49925,0.04127188801053936
0.2,0.2,0.7,0.6,0.35792476,49925,0.040850099477004236
0.3,0.2,0.4,0.7,0.35800943,49925,0.04123682846648322
0.9,0.2,0.8,0.1,0.35802627,49925,0.038895991139064216
0.6,0.2,0.4,0.5,0.35804504,49925,0.04069559958723939
0.1,0.2,0.7,0.7,0.358049,49925,0.04000896057307432
0.8,0.3,0.6,0.8,0.3580731,49925,0.04096171051566237
0.8,0.2,0.2,0.7,0.35808688,49925,0.03827017476846682
0.5,0.2,0.3,0.7,0.3581187,49925,0.040324906615778554
0.8,0.2,0.9,0.1,0.35842746,49925,0.03902902482376688
0.7,0.2,0.7,0.3,0.35843724,49925,0.040269754482432814
0.9,0.2,0.3,0.5,0.35857484,49925,0.038692253889732575
0.9,0.3,0.9,0.6,0.3587126,49925,0.04087616797283136
0.6,0.2,0.6,0.4,0.3587126,49925,0.04087616797283136
0.3,0.1,0.3,0.2,0.3587126,49925,0.04087616797283136
0.7,0.3,0.6,0.9,0.35872027,49925,0.04110215899697752
0.1,0.2,0.4,0.9,0.35882473,49925,0.03984369936863331
0.5,0.2,0.9,0.3,0.35884207,49925,0.04018354522542694
0.4,0.1,0.4,0.1,0.35900137,49925,0.03952324356928888
0.8,0.2,0.8,0.2,0.35900137,49925,0.03952324356928888
0.6,0.3,0.9,0.8,0.35902572,49925,0.04133061028121101
0.3,0.2,0.6,0.6,0.35910967,49925,0.04132455915677899
0.9,0.3,0.7,0.7,0.3591107,49925,0.04087191898730099
0.7,0.2,0.3,0.6,0.3591161,49925,0.03964670928506133
0.7,0.3,0.8,0.8,0.35925147,49925,0.04130917786791934
0.4,0.1,0.2,0.2,0.3594289,49925,0.03972017462761182
0.8,0.2,0.4,0.4,0.3594289,49925,0.03972017462761182
0.9,0.3,0.5,0.9,0.3594863,49925,0.0403030968644072
0.6,0.3,0.7,0.9,0.35950184,49925,0.041401430770120484
0.7,0.2,0.9,0.2,0.35951203,49925,0.03958491810481246
0.1,0.1,0.2,0.4,0.35951775,49925,0.040783304917392335
0.2,0.2,0.4,0.8,0.35951775,49925,0.040783304917392335
0.9,0.2,0.7,0.2,0.35991058,49925,0.039320987943137264
0.1,0.2,0.6,0.8,0.3599186,49925,0.03998587811680104
0.3,0.2,0.8,0.5,0.36014348,49925,0.04074342216582059
0.5,0.3,0.9,0.9,0.36017826,49925,0.041315096349203245
0.8,0.3,0.9,0.7,0.36020523,49925,0.04110199939899206
0.8,0.2,0.1,0.9,0.3602053,49925,0.03672606655989384
0.2,0.2,0.6,0.7,0.36029032,49925,0.040923104990968275
0.4,0.2,0.5,0.6,0.3602956,49925,0.041392193559731685
0.7,0.2,0.5,0.4,0.36029947,49925,0.04046702439592556
0.4,0.2,0.3,0.8,0.36032572,49925,0.04030640187777997
0.5,0.2,0.2,0.9,0.36038128,49925,0.038997675713707214
0.2,0.2,0.9,0.5,0.36045492,49925,0.04013619739485679
0.9,0.3,0.6,0.8,0.36050478,49925,0.040651993244534106
0.4,0.2,0.7,0.5,0.36052486,49925,0.04109868729692494
0.3,0.1,0.5,0.1,0.36053437,49925,0.03951791293046723
0.5,0.2,0.4,0.6,0.36053747,49925,0.040967081498242214
0.8,0.2,0.6,0.3,0.36063755,49925,0.0399938192633116
0.1,0.1,0.7,0.1,0.3606841,49925,0.03758598823495534
0.8,0.3,0.7,0.8,0.36070138,49925,0.04108741531366066
0.5,0.2,0.6,0.5,0.3607435,49925,0.041157951102958494
0.9,0.2,0.2,0.7,0.3608402,49925,0.03784955321871752
0.9,0.3,0.8,0.7,0.36112332,49925,0.04094667815329429
0.6,0.2,0.3,0.7,0.3611487,49925,0.03992825893995649
0.7,0.2,0.2,0.8,0.3612738,49925,0.038565740295282584
0.1,0.2,0.9,0.6,0.3613429,49925,0.039458619740661525
0.5,0.1,0.3,0.1,0.3614444,49925,0.038894720655732795
0.9,0.2,0.5,0.3,0.36153987,49925,0.03942912710547196
0.9,0.1,0.1,0.2,0.361572,49925,0.033549340612036446
0.5,0.2,0.8,0.4,0.36163855,49925,0.04065708269457724
0.7,0.2,0.8,0.3,0.36174998,49925,0.04007363158910015
0.3,0.2,0.3,0.9,0.36177844,49925,0.040066429601688464
0.9,0.2,0.9,0.1,0.36178666,49925,0.03878969663249916
0.7,0.2,0.4,0.5,0.36179373,49925,0.04021723824124772
0.2,0.1,0.6,0.1,0.3619721,49925,0.03893030475483016
0.2,0.1,0.1,0.5,0.3619787,49925,0.038882518713368064
0.6,0.3,0.8,0.9,0.3620045,49925,0.04136424064479148
0.8,0.3,0.6,0.9,0.36201322,49925,0.04084463109051927
0.3,0.2,0.5,0.7,0.36201653,49925,0.041261772812413916
0.7,0.1,0.2,0.1,0.36201784,49925,0.03625139535748549
0.6,0.2,0.7,0.4,0.36214548,49925,0.040702883822602336
0.7,0.3,0.9,0.8,0.36219192,49925,0.04119163278960914
0.4,0.2,0.4,0.7,0.3622099,49925,0.04103682500707879
0.4,0.2,0.9,0.4,0.36225027,49925,0.04040787633308533
0.6,0.2,0.5,0.5,0.3622711,49925,0.04089567541731689
0.1,0.2,0.5,0.9,0.3623084,49925,0.03979068963390362
0.8,0.2,0.7,0.3,0.36249653,49925,0.03994082154132956
0.9,0.2,0.8,0.2,0.36250904,49925,0.03925209757169929
0.6,0.2,0.9,0.3,0.36254564,49925,0.040040453519751475
0.8,0.2,0.3,0.6,0.36258706,49925,0.039192303323117864
0.2,0.2,0.8,0.6,0.3626503,49925,0.04047023507377282
0.1,0.1,0.4,0.3,0.3626503,49925,0.04047023507377282
0.1,0.1,0.1,0.6,0.36276245,49925,0.03789203092674154
0.7,0.3,0.7,0.9,0.36287928,49925,0.041205436208849304
0.9,0.2,0.1,0.9,0.36288443,49925,0.03635430796503555
0.2,0.2,0.5,0.8,0.36289445,49925,0.0407953394147428
0.9,0.2,0.4,0.4,0.3630861,49925,0.03920654950246383
0.6,0.1,0.1,0.3,0.36319262,49925,0.036490527452141576
0.3,0.2,0.7,0.6,0.3632042,49925,0.041023966271179144
0.9,0.3,0.9,0.7,0.36324856,49925,0.04090476986873019
0.8,0.2,0.9,0.2,0.36325178,49925,0.03937711174350685
0.1,0.2,0.7,0.8,0.36332837,49925,0.039683412347440966
0.1,0.2,0.8,0.7,0.36344153,49925,0.0396568382243602
0.8,0.3,0.8,0.8,0.363507,49925,0.041115015207812626
0.6,0.2,0.2,0.9,0.36355534,49925,0.03871271821354843
0.2,0.2,0.7,0.7,0.36363715,49925,0.04063738188501148
0.4,0.2,0.8,0.5,0.3639292,49925,0.040778020061293316
0.7,0.2,0.6,0.4,0.36403945,49925,0.04052981867331641
0.3,0.2,0.4,0.8,0.3640553,49925,0.04083724686964507
0.5,0.2,0.3,0.8,0.36409304,49925,0.040033813301811265
0.9,0.3,0.7,0.8,0.36417726,49925,0.04081394357571368
0.9,0.2,0.6,0.3,0.36437812,49925,0.0395841058876922
0.4,0.2,0.6,0.6,0.36440873,49925,0.041249543068897686
0.6,0.3,0.9,0.9,0.36440873,49925,0.04124954306889769
0.2,0.1,0.3,0.3,0.36440873,49925,0.041249543068897686
0.3,0.2,0.9,0.5,0.36461237,49925,0.040384102399243595
0.2,0.2,0.4,0.9,0.36462426,49925,0.04031380955262016
0.8,0.2,0.5,0.4,0.36463836,49925,0.04002566912959317
0.8,0.2,0.2,0.8,0.364799,49925,0.03817494219904665
0.4,0.1,0.1,0.4,0.364799,49925,0.03817494219904665
0.8,0.3,0.9,0.8,0.36498398,49925,0.04103970586130203
0.5,0.2,0.7,0.5,0.3651083,49925,0.0409324944006019
0.7,0.2,0.3,0.7,0.3652698,49925,0.03952596735523062
0.3,0.1,0.2,0.3,0.36530048,49925,0.04057882549769595
0.6,0.2,0.4,0.6,0.36530048,49925,0.04057882549769595
0.9,0.3,0.6,0.9,0.36530048,49925,0.04057882549769596
0.7,0.3,0.8,0.9,0.36547282,49925,0.04121681062505825
0.1,0.2,0.6,0.9,0.36551395,49925,0.039594332296280475
0.5,0.2,0.5,0.6,0.3655269,49925,0.04112435108455043
0.9,0.2,0.3,0.6,0.36555576,49925,0.038742084151253374
0.6,0.2,0.6,0.5,0.3656518,49925,0.04089519017985846
0.3,0.1,0.4,0.2,0.36569133,49925,0.04049115131191822
0.6,0.2,0.8,0.4,0.36569133,49925,0.04049115131191822
0.3,0.2,0.6,0.7,0.36578554,49925,0.0410762105543448
0.8,0.2,0.4,0.5,0.3657856,49925,0.03975224430980827
0.4,0.2,0.3,0.9,0.36585248,49925,0.0399315599855249
0.7,0.2,0.9,0.3,0.3659469,49925,0.03985215790836023
0.5,0.1,0.2,0.2,0.36606196,49925,0.038723671708906345
0.7,0.2,0.7,0.4,0.36608204,49925,0.040429687638767094
0.8,0.3,0.7,0.9,0.36609873,49925,0.04098002093859197
0.8,0.2,0.8,0.3,0.3662558,49925,0.03981091086162817
0.3,0.2,0.8,0.6,0.36627978,49925,0.0406859016271407
0.9,0.2,0.7,0.3,0.36633945,49925,0.03962237574412595
0.9,0.3,0.8,0.8,0.3663752,49925,0.04089491871822542
0.5,0.2,0.9,0.4,0.36643183,49925,0.04034799733912218
0.1,0.1,0.3,0.4,0.36662978,49925,0.04060314452196551
0.2,0.2,0.6,0.8,0.36662978,49925,0.04060314452196551
0.5,0.1,0.4,0.1,0.36670834,49925,0.03898042907925049
0.9,0.2,0.9,0.2,0.36684823,49925,0.03913296789441505
0.1,0.1,0.6,0.2,0.36704504,49925,0.038856813635203186
0.8,0.1,0.2,0.1,0.3670872,49925,0.03543658594211051
0.9,0.2,0.2,0.8,0.36714292,49925,0.037790034236065924
0.2,0.1,0.5,0.2,0.36730754,49925,0.040074013630993104
0.7,0.2,0.2,0.9,0.3674623,49925,0.03837150201387522
0.2,0.2,0.9,0.6,0.36747336,49925,0.0400773714301441
0.8,0.2,0.6,0.4,0.36760995,49925,0.04016759842151996
0.4,0.1,0.3,0.2,0.36760995,49925,0.04016759842151996
0.7,0.3,0.9,0.9,0.36764175,49925,0.041130749410860395
0.9,0.3,0.9,0.8,0.3676931,49925,0.04087912794658872
0.6,0.1,0.3,0.1,0.36772722,49925,0.03812638936132472
0.7,0.1,0.1,0.3,0.36774802,49925,0.03568570568211586
0.7,0.2,0.5,0.5,0.36776984,49925,0.040499509859529687
0.4,0.2,0.7,0.6,0.36783507,49925,0.041011968894164925
0.6,0.2,0.3,0.8,0.36790216,49925,0.039705278270604646
0.4,0.1,0.5,0.1,0.36797354,49925,0.03919776943858854
0.5,0.2,0.4,0.7,0.36799738,49925,0.04072815916844541
0.7,0.2,0.4,0.6,0.36800027,49925,0.04015507805672666
0.4,0.2,0.5,0.7,0.36808205,49925,0.04113320957814218
0.9,0.3,0.7,0.9,0.36810187,49925,0.04074758931684691
0.8,0.3,0.8,0.9,0.36826587,49925,0.04104057333996334
0.4,0.2,0.9,0.5,0.3683308,49925,0.04044631478729545
0.1,0.2,0.9,0.7,0.3684143,49925,0.0392926893078714
0.8,0.2,0.3,0.7,0.3686321,49925,0.039108205576380714
0.9,0.2,0.5,0.4,0.3686477,49925,0.0395890473439575
0.9,0.2,0.4,0.5,0.36868924,49925,0.03929909103663203
0.5,0.2,0.6,0.6,0.3686922,49925,0.041058120100721886
0.6,0.2,0.9,0.4,0.3687843,49925,0.04021508360045579
0.5,0.2,0.8,0.5,0.36891067,49925,0.040671358644692665
0.7,0.2,0.8,0.4,0.36898473,49925,0.04025266933795093
0.1,0.1,0.8,0.1,0.3690467,49925,0.036858140385282616
0.1,0.2,0.8,0.8,0.3690639,49925,0.03937677662380548
0.2,0.2,0.8,0.7,0.3691319,49925,0.04029433134886547
0.6,0.2,0.7,0.5,0.36917454,49925,0.040739036028612195
0.1,0.2,0.7,0.9,0.369231,49925,0.03935807035315647
0.3,0.1,0.1,0.5,0.3693699,49925,0.03844403916923094
0.4,0.2,0.4,0.8,0.36954433,49925,0.0407030980204493
0.2,0.1,0.2,0.4,0.36954433,49925,0.0407030980204493
0.3,0.2,0.7,0.7,0.36956772,49925,0.04082517859240265
0.1,0.1,0.2,0.5,0.36962184,49925,0.03986249437281498
0.8,0.2,0.9,0.3,0.36963212,49925,0.03964216591448224
0.3,0.1,0.6,0.1,0.3696533,49925,0.03895552634907858
0.3,0.2,0.5,0.8,0.36972702,49925,0.040906120155046057
0.9,0.1,0.2,0.1,0.36973682,49925,0.03469139399901176
0.9,0.2,0.8,0.3,0.36979452,49925,0.03956516215924082
0.8,0.3,0.9,0.9,0.36980414,49925,0.04097769221171136
0.2,0.2,0.5,0.9,0.36989376,49925,0.04038268589199947
0.8,0.2,0.7,0.4,0.369987,49925,0.04013058884595575
0.3,0.2,0.4,0.9,0.37003276,49925,0.040432325086609024
0.6,0.1,0.2,0.2,0.37012148,49925,0.037804901441892434
0.5,0.1,0.1,0.4,0.37030905,49925,0.03740393613356656
0.2,0.1,0.7,0.1,0.37041792,49925,0.038231316360633996
0.7,0.2,0.6,0.5,0.37047157,49925,0.04058640951550987
0.8,0.2,0.2,0.9,0.37049997,49925,0.03803851179427117
0.5,0.2,0.3,0.9,0.37050626,49925,0.039699132172194465
0.6,0.2,0.5,0.6,0.37055552,49925,0.040787363994399375
0.2,0.1,0.1,0.6,0.37082452,49925,0.038147907542993006
0.9,0.2,0.6,0.4,0.37089792,49925,0.03979211690912014
0.7,0.2,0.3,0.8,0.37096584,49925,0.039342262145474094
0.8,0.2,0.4,0.6,0.37097389,49925,0.03972909457039647
0.4,0.1,0.2,0.3,0.37097389,49925,0.03972909457039647
0.6,0.2,0.4,0.7,0.37116048,49925,0.04037900210682031
0.2,0.2,0.7,0.8,0.3712084,49925,0.04034588478156446
0.3,0.2,0.9,0.6,0.37131637,49925,0.04032209860340554
0.8,0.1,0.1,0.3,0.37146103,49925,0.03495229751576618
0.1,0.1,0.1,0.7,0.3714691,49925,0.0369986194817674
0.9,0.2,0.3,0.7,0.37158552,49925,0.03867359073145582
0.9,0.3,0.8,0.9,0.37160525,49925,0.04081135909922254
0.2,0.1,0.4,0.3,0.37186176,49925,0.04074034093691545
0.4,0.2,0.8,0.6,0.37186176,49925,0.04074034093691545
0.4,0.2,0.6,0.7,0.371972,49925,0.041080726024861416
0.1,0.1,0.5,0.3,0.37200826,49925,0.03969243251651948
0.6,0.2,0.8,0.5,0.37206262,49925,0.04052409794548206
0.8,0.2,0.5,0.5,0.37216374,49925,0.04008201372565388
0.7,0.2,0.7,0.5,0.37217844,49925,0.040519002600846225
0.7,0.2,0.9,0.4,0.3723106,49925,0.04004348481843992
0.5,0.2,0.5,0.7,0.3723979,49925,0.04091673095630797
0.3,0.2,0.6,0.8,0.37244704,49925,0.040793465473594054
0.5,0.2,0.7,0.6,0.37250078,49925,0.04088857352958023
0.9,0.2,0.2,0.9,0.37254673,49925,0.037667965480226516
0.6,0.2,0.6,0.6,0.37267387,49925,0.04083101377006538
0.9,0.3,0.9,0.9,0.37267387,49925,0.04083101377006538
0.3,0.1,0.3,0.3,0.37267387,49925,0.04083101377006538
0.3,0.1,0.5,0.2,0.37295797,49925,0.039948872882114204
0.4,0.1,0.4,0.2,0.37297204,49925,0.040027756461609144
0.8,0.2,0.8,0.4,0.37297204,49925,0.040027756461609144
0.5,0.2,0.4,0.8,0.37304354,49925,0.04045360967692652
0.5,0.2,0.9,0.5,0.37306118,49925,0.040415093830344306
0.9,0.2,0.9,0.3,0.37306687,49925,0.03942171597688682
0.6,0.1,0.4,0.1,0.37337044,49925,0.03840813185974392
0.6,0.2,0.3,0.9,0.37347212,49925,0.039424280476646166
0.7,0.1,0.2,0.2,0.37364158,49925,0.03694172685396156
0.3,0.2,0.8,0.7,0.373672,49925,0.040540575768101744
0.9,0.2,0.7,0.4,0.37377435,49925,0.039837967466256695
0.9,0.2,0.4,0.6,0.3738154,49925,0.03930252952256822
0.1,0.2,0.8,0.9,0.37387046,49925,0.03906287895659537
0.1,0.2,0.9,0.8,0.37388662,49925,0.03904588931551205
0.2,0.2,0.6,0.9,0.37390813,49925,0.04023697365036871
0.5,0.1,0.5,0.1,0.37402982,49925,0.038781329528282914
0.7,0.1,0.3,0.1,0.374049,49925,0.03739765074730326
0.2,0.2,0.9,0.7,0.37415475,49925,0.03994410468781111
0.8,0.2,0.3,0.8,0.37415963,49925,0.03897341258833973
0.7,0.2,0.4,0.7,0.37418494,49925,0.04000228310099121
0.5,0.1,0.3,0.2,0.37433714,49925,0.039428138906435144
0.4,0.2,0.4,0.9,0.37437063,49925,0.04035549436456175
0.8,0.2,0.6,0.5,0.37442815,49925,0.040256350939333455
0.7,0.2,0.5,0.6,0.3744519,49925,0.04042654201576569
0.4,0.2,0.5,0.8,0.37454364,49925,0.04085892051637101
0.2,0.2,0.8,0.8,0.37464276,49925,0.04004348278079034
0.1,0.1,0.4,0.4,0.37464276,49925,0.04004348278079034
0.4,0.2,0.7,0.7,0.37467903,49925,0.040864273574716795
0.6,0.1,0.1,0.4,0.37488437,49925,0.036641428043358536
0.1,0.1,0.7,0.2,0.37523827,49925,0.03807507192201545
0.4,0.1,0.1,0.5,0.37528434,49925,0.03786826853039476
0.5,0.2,0.8,0.6,0.37543836,49925,0.04065236173256876
0.8,0.2,0.9,0.4,0.3754581,49925,0.03985684972417153
0.9,0.2,0.5,0.5,0.37551278,49925,0.03967801711515088
0.2,0.1,0.6,0.2,0.37559527,49925,0.03936558746396687
0.7,0.2,0.8,0.5,0.3757102,49925,0.040358669180336475
0.4,0.2,0.9,0.6,0.37573552,49925,0.04041133997811408
0.9,0.1,0.1,0.3,0.3759105,49925,0.03426268610682174
0.3,0.2,0.7,0.8,0.37592745,49925,0.04059444927291278
0.6,0.2,0.7,0.6,0.3759687,49925,0.040707960214921096
0.6,0.2,0.9,0.5,0.37598222,49925,0.04029297398185063
0.1,0.1,0.9,0.1,0.3760869,49925,0.0361842945422433
0.5,0.2,0.6,0.7,0.37615764,49925,0.040933946129897036
0.9,0.2,0.8,0.4,0.37624538,49925,0.03974846652512682
0.3,0.1,0.2,0.4,0.3763554,49925,0.040164152169648554
0.6,0.2,0.4,0.8,0.3763554,49925,0.040164152169648554
0.3,0.2,0.5,0.9,0.3764055,49925,0.040559587171680504
0.9,0.2,0.3,0.8,0.37659436,49925,0.03860385418096998
0.7,0.2,0.3,0.9,0.37665787,49925,0.039135033993542755
0.8,0.2,0.7,0.5,0.37667117,49925,0.04024705672787221
0.5,0.1,0.2,0.3,0.37676913,49925,0.038890047680037725
0.6,0.2,0.5,0.7,0.37687618,49925,0.040643064724134266
0.4,0.1,0.6,0.1,0.37700185,49925,0.03879225696422126
0.8,0.1,0.2,0.2,0.377153,49925,0.03618456846489291
0.8,0.2,0.4,0.7,0.3772272,49925,0.039650806908322504
0.2,0.2,0.7,0.9,0.3773647,49925,0.04001210026744695
0.7,0.2,0.6,0.6,0.37755486,49925,0.040546271156937264
0.2,0.1,0.8,0.1,0.37762257,49925,0.03761361929508041
0.3,0.1,0.7,0.1,0.37789366,49925,0.03840538347566056
0.4,0.2,0.8,0.7,0.37800246,49925,0.04063343496468362
0.4,0.2,0.6,0.8,0.37802148,49925,0.04084799346697861
0.2,0.1,0.3,0.4,0.37802148,49925,0.04084799346697861
0.5,0.2,0.4,0.9,0.37812838,49925,0.04016953480252144
0.8,0.2,0.5,0.6,0.37832943,49925,0.040061340379944764
0.3,0.2,0.9,0.7,0.37834287,49925,0.04022921471460152
0.9,0.2,0.6,0.5,0.37841192,49925,0.03988926942773006
0.8,0.2,0.8,0.5,0.37886798,49925,0.0401268420859449
0.1,0.1,0.2,0.6,0.3789189,49925,0.03898090221094351
0.3,0.2,0.6,0.9,0.37892628,49925,0.04050769772415561
0.8,0.2,0.3,0.9,0.37899405,49925,0.038821050576489706
0.5,0.2,0.5,0.8,0.37903085,49925,0.04070391100946751
0.1,0.2,0.9,0.9,0.37904334,49925,0.03876245333989763
0.4,0.1,0.5,0.2,0.37914258,49925,0.03965017563417945
0.1,0.1,0.1,0.8,0.37922004,49925,0.036191812408276146
0.5,0.2,0.9,0.6,0.37925884,49925,0.04039595445021507
0.9,0.2,0.4,0.7,0.37926033,49925,0.039260836875040665
0.5,0.1,0.4,0.2,0.37927425,49925,0.03949251221749756
0.3,0.1,0.1,0.6,0.37928623,49925,0.037887671768173585
0.6,0.2,0.8,0.6,0.37936762,49925,0.04052278975672277
0.3,0.1,0.4,0.3,0.37936762,49925,0.04052278975672277
0.9,0.2,0.9,0.4,0.37937015,49925,0.039644116279439034
0.7,0.2,0.9,0.5,0.37938458,49925,0.040148920721280505
0.7,0.1,0.1,0.4,0.3793862,49925,0.03593342566355047
0.2,0.2,0.9,0.8,0.37947813,49925,0.03973923875859168
0.2,0.1,0.2,0.5,0.37958342,49925,0.04000110782413595
0.3,0.2,0.8,0.8,0.37975138,49925,0.04035962221402701
0.5,0.2,0.7,0.7,0.37982506,49925,0.04078894995553232
0.7,0.2,0.4,0.8,0.37986934,49925,0.0398456611116958
0.7,0.2,0.7,0.6,0.3798783,49925,0.040505764412801494
0.1,0.1,0.3,0.5,0.3799416,49925,0.03987244458071165
0.8,0.1,0.3,0.1,0.3802064,49925,0.03670824052956578
0.7,0.1,0.4,0.1,0.38027495,49925,0.03785010632329459
0.5,0.1,0.1,0.5,0.3803589,49925,0.0372309164048293
0.2,0.2,0.8,0.9,0.38040426,49925,0.039775811533455635
0.7,0.2,0.5,0.7,0.38042867,49925,0.040322649646543474
0.6,0.1,0.5,0.1,0.38051203,49925,0.038349661954378306
0.1,0.1,0.6,0.3,0.38053545,49925,0.038918872713539915
0.6,0.2,0.6,0.7,0.38053903,49925,0.0407093095157224
0.2,0.1,0.5,0.3,0.3805704,49925,0.0401015915625439
0.9,0.2,0.5,0.6,0.38065553,49925,0.03970079705686134
0.6,0.1,0.2,0.3,0.38068303,49925,0.03808101462109839
0.2,0.1,0.1,0.7,0.38073677,49925,0.037431622476934774
0.9,0.1,0.2,0.2,0.38083333,49925,0.03548186239673549
0.9,0.2,0.7,0.5,0.3810265,49925,0.03994411861949008
0.6,0.1,0.3,0.2,0.38129023,49925,0.038675756020117046
0.4,0.2,0.5,0.9,0.38131204,49925,0.04054513507392082
0.8,0.2,0.6,0.6,0.38132322,49925,0.04023785509351955
0.4,0.1,0.3,0.3,0.38132322,49925,0.04023785509351955
0.4,0.2,0.7,0.8,0.38147002,49925,0.04068106324924557
0.9,0.2,0.3,0.9,0.3816783,49925,0.03850907883318387
0.8,0.2,0.4,0.8,0.38171113,49925,0.03952680352560907
0.4,0.1,0.2,0.4,0.38171113,49925,0.03952680352560907
0.6,0.2,0.4,0.9,0.38190234,49925,0.039938177305506015
0.8,0.2,0.9,0.5,0.38222316,49925,0.03997013942241462
0.5,0.2,0.8,0.7,0.38230285,49925,0.04058008848114133
0.4,0.2,0.9,0.7,0.3823991,49925,0.040350014449739055
0.9,0.2,0.8,0.5,0.3824578,49925,0.03989504804972613
0.3,0.2,0.7,0.9,0.38246518,49925,0.040334862359728656
0.5,0.1,0.6,0.1,0.3826146,49925,0.03851365915363761
0.6,0.2,0.5,0.8,0.38270068,49925,0.040449113229730216
0.3,0.1,0.6,0.2,0.38271117,49925,0.03941894607356128
0.8,0.2,0.5,0.7,0.38285893,49925,0.03998250166922186
0.6,0.2,0.9,0.6,0.3831172,49925,0.04030723474415114
0.6,0.2,0.7,0.7,0.38315383,49925,0.04062377049104795
0.7,0.2,0.8,0.6,0.38318592,49925,0.04037566656470792
0.8,0.1,0.1,0.4,0.38318726,49925,0.03528753400186672
0.1,0.1,0.8,0.2,0.38338086,49925,0.037362334900477454
0.5,0.2,0.6,0.8,0.38341013,49925,0.04072898348271441
0.2,0.1,0.7,0.2,0.38372177,49925,0.038714536234706935
0.8,0.2,0.7,0.6,0.38392743,49925,0.04026954315189987
0.7,0.2,0.4,0.9,0.38399866,49925,0.03965726035988502
0.1,0.1,0.5,0.4,0.3840535,49925,0.03945660848165431
0.2,0.1,0.4,0.4,0.3842727,49925,0.040467610885202815
0.4,0.2,0.8,0.8,0.3842727,49925,0.040467610885202815
0.4,0.2,0.6,0.9,0.38430238,49925,0.04057294140222335
0.7,0.2,0.6,0.7,0.3843592,49925,0.04043783723375348
0.9,0.2,0.4,0.8,0.38453537,49925,0.039179871208923515
0.6,0.1,0.1,0.5,0.38458616,49925,0.036606389170760756
0.3,0.2,0.9,0.8,0.38459802,49925,0.04007680969466737
0.2,0.2,0.9,0.9,0.38466656,49925,0.03951528066697932
0.7,0.1,0.2,0.3,0.38475376,49925,0.03733274641207156
0.5,0.2,0.5,0.9,0.385017,49925,0.040425649548419394
0.4,0.1,0.7,0.1,0.38506728,49925,0.03837577994284143
0.9,0.2,0.9,0.5,0.38508266,49925,0.03977539209088637
0.4,0.1,0.1,0.6,0.38524762,49925,0.03747459549060977
0.9,0.1,0.3,0.1,0.38530734,49925,0.036071148858636624
0.9,0.2,0.6,0.6,0.3855429,49925,0.03990267266444859
0.7,0.1,0.5,0.1,0.38562912,49925,0.03792426489011974
0.5,0.1,0.5,0.2,0.38573438,49925,0.039283775986132974
0.7,0.2,0.5,0.8,0.38586146,49925,0.04016208087324862
0.3,0.1,0.2,0.5,0.38589486,49925,0.039656281749039055
0.2,0.1,0.9,0.1,0.3859937,49925,0.037017391358537884
0.9,0.1,0.1,0.4,0.38601586,49925,0.03467605154235435
0.3,0.1,0.8,0.1,0.3861761,49925,0.037870336281245504
0.5,0.2,0.7,0.8,0.3861888,49925,0.04062709262931132
0.9,0.2,0.5,0.7,0.3862995,49925,0.03963308178298263
0.1,0.1,0.4,0.5,0.38635868,49925,0.03952203131453585
0.8,0.1,0.4,0.1,0.38648883,49925,0.03729693922998909
0.5,0.2,0.9,0.7,0.38650623,49925,0.04034890855438568
0.3,0.2,0.8,0.9,0.3865472,49925,0.04013061884387676
0.7,0.2,0.9,0.6,0.38655108,49925,0.04019069058400966
0.4,0.1,0.4,0.3,0.38670307,49925,0.040178887066293176
0.8,0.2,0.8,0.6,0.38670307,49925,0.040178887066293176
0.8,0.2,0.4,0.9,0.38683844,49925,0.03937106379118426
0.1,0.1,0.1,0.9,0.3868806,49925,0.03543342479885628
0.7,0.1,0.3,0.2,0.38689572,49925,0.037968196094569744
0.3,0.1,0.3,0.4,0.38715386,49925,0.040534540120226406
0.6,0.2,0.6,0.8,0.38715386,49925,0.040534540120226406
0.4,0.2,0.7,0.9,0.38717484,49925,0.040460191492059344
0.3,0.1,0.5,0.3,0.387294,49925,0.04008259259643583
0.6,0.2,0.8,0.7,0.38729584,49925,0.04047155720053746
0.5,0.1,0.2,0.4,0.3873378,49925,0.03883547735342872
0.7,0.2,0.7,0.7,0.38740933,49925,0.040429639252516206
0.6,0.1,0.4,0.2,0.38741806,49925,0.03893914138077306
0.6,0.1,0.6,0.1,0.38754952,49925,0.0381911395471821
0.9,0.2,0.7,0.6,0.38765055,49925,0.03997754751524372
0.4,0.1,0.6,0.2,0.38784862,49925,0.03925143581939236
0.1,0.1,0.2,0.7,0.3878937,49925,0.03812338344578067
0.2,0.1,0.2,0.6,0.38789684,49925,0.03929058780362894
0.6,0.2,0.5,0.9,0.38793084,49925,0.04022849226695772
0.2,0.1,0.1,0.8,0.38799658,49925,0.036760010921175285
0.3,0.1,0.1,0.7,0.38803673,49925,0.0373293297921063
0.7,0.1,0.1,0.5,0.3881524,49925,0.03600518909249142
0.8,0.1,0.2,0.3,0.38819113,49925,0.03662584268657616
0.8,0.2,0.6,0.7,0.38847172,49925,0.04016510570497882
0.4,0.2,0.9,0.8,0.38862288,49925,0.04021027193306519
0.5,0.2,0.6,0.9,0.38883254,49925,0.040494425337226116
0.8,0.2,0.9,0.6,0.38896534,49925,0.0400297299645607
0.5,0.1,0.3,0.3,0.38935298,49925,0.03957186525174185
0.9,0.2,0.8,0.6,0.38941157,49925,0.039964283865289045
0.1,0.1,0.7,0.3,0.38946617,49925,0.038232701102049835
0.8,0.2,0.5,0.8,0.3895312,49925,0.0398664737070645
0.5,0.1,0.1,0.6,0.38960493,49925,0.03698016376038561
0.5,0.2,0.8,0.8,0.3896197,49925,0.040450606575403225
0.2,0.1,0.6,0.3,0.38969097,49925,0.03949934378464338
0.9,0.2,0.4,0.9,0.3897779,49925,0.039059740093636594
0.1,0.1,0.3,0.6,0.39002025,49925,0.039162839093107554
0.5,0.1,0.7,0.1,0.39013124,49925,0.038212650996391366
0.6,0.2,0.9,0.7,0.39022604,49925,0.04028597465315912
0.1,0.1,0.9,0.2,0.3904254,49925,0.03671711741024994
0.3,0.2,0.9,0.9,0.39071995,49925,0.0398906002246293
0.7,0.2,0.8,0.7,0.39076987,49925,0.040331896323914276
0.4,0.2,0.8,0.9,0.39089078,49925,0.04027163271034083
0.6,0.2,0.7,0.8,0.39109626,49925,0.0405071711668639
0.2,0.1,0.3,0.5,0.39110523,49925,0.0402756509842037
0.8,0.1,0.3,0.2,0.39123034,49925,0.03728090656332328
0.7,0.2,0.5,0.9,0.39127666,49925,0.0399786259243458
0.2,0.1,0.8,0.2,0.3913191,49925,0.03807244833220155
0.8,0.2,0.7,0.7,0.39132947,49925,0.04019613960295466
0.3,0.1,0.7,0.2,0.39138204,49925,0.038873988922747064
0.9,0.2,0.5,0.8,0.39145797,49925,0.03955118241157555
0.6,0.1,0.5,0.2,0.39149925,49925,0.03886337800866088
0.7,0.2,0.6,0.8,0.39160466,49925,0.04031589424868134
0.9,0.2,0.6,0.7,0.39173564,49925,0.03986520627408726
0.9,0.2,0.9,0.6,0.39185143,49925,0.039837096478472854
0.8,0.1,0.5,0.1,0.39189154,49925,0.037501457408831144
0.6,0.1,0.2,0.4,0.3919291,49925,0.038134119100539
0.8,0.1,0.1,0.5,0.39193583,49925,0.035420883646365225
0.4,0.1,0.2,0.5,0.39200157,49925,0.03917869637823668
0.9,0.1,0.2,0.3,0.39217436,49925,0.03596251094591106
0.9,0.1,0.4,0.1,0.39242446,49925,0.03677224252693552
0.5,0.2,0.9,0.8,0.3925173,49925,0.040237465648695174
0.7,0.1,0.6,0.1,0.39273295,49925,0.03784611442503901
0.4,0.1,0.8,0.1,0.39277086,49925,0.037949620872638194
0.4,0.1,0.5,0.3,0.3928627,49925,0.03986061359801038
0.5,0.1,0.6,0.2,0.39311814,49925,0.0389876402928202
0.3,0.1,0.9,0.1,0.39312264,49925,0.03738092019190423
0.5,0.1,0.4,0.3,0.39318955,49925,0.039722385802178496
0.2,0.1,0.5,0.4,0.3932063,49925,0.039970231246223994
0.7,0.1,0.4,0.2,0.39322942,49925,0.03838319409366322
0.5,0.2,0.7,0.9,0.39325574,49925,0.04044769175500692
0.6,0.2,0.8,0.8,0.39357713,49925,0.04037913653059538
0.3,0.1,0.4,0.4,0.39357713,49925,0.04037913653059538
0.7,0.2,0.9,0.7,0.39358896,49925,0.04016871074257652
0.8,0.2,0.8,0.7,0.39371216,49925,0.04014884193616535
0.6,0.2,0.6,0.9,0.39378086,49925,0.04033445967338445
0.1,0.1,0.6,0.4,0.3938123,49925,0.038814998593908204
0.6,0.1,0.3,0.3,0.3939118,49925,0.0388975081118627
0.6,0.1,0.1,0.6,0.39427546,49925,0.03644967895857317
0.4,0.1,0.1,0.7,0.39435852,49925,0.03704561131800651
0.4,0.2,0.9,0.9,0.39445892,49925,0.040065130430073974
0.9,0.2,0.7,0.7,0.39446086,49925,0.039961205769073777
0.7,0.2,0.7,0.8,0.3945037,49925,0.040322058270880694
0.6,0.1,0.7,0.1,0.39460602,49925,0.03796786215456038
0.8,0.2,0.6,0.8,0.3946069,49925,0.040057750903254204
0.4,0.1,0.3,0.4,0.3946069,49925,0.040057750903254204
0.9,0.1,0.3,0.2,0.39474958,49925,0.036645740016608856
0.1,0.1,0.5,0.5,0.39491576,49925,0.03900350325712953
0.8,0.2,0.5,0.9,0.39499685,49925,0.039714115323485816
0.9,0.1,0.1,0.5,0.39542872,49925,0.03487826078865527
0.5,0.2,0.8,0.9,0.39548582,49925,0.04029016180709664
0.8,0.2,0.9,0.7,0.39577046,49925,0.040040095934569836
0.3,0.1,0.1,0.8,0.39584103,49925,0.03677960056870067
0.3,0.1,0.6,0.3,0.39594817,49925,0.03959004070151696
0.6,0.2,0.9,0.8,0.39611614,49925,0.04021620253070726
0.1,0.1,0.2,0.8,0.39612755,49925,0.037350398908572724
0.4,0.1,0.7,0.2,0.39629686,49925,0.03881692803923643
0.2,0.1,0.1,0.9,0.3964171,49925,0.03611204869696279
0.5,0.1,0.2,0.5,0.3965774,49925,0.03862763825853193
0.7,0.1,0.2,0.4,0.39659622,49925,0.037463390715440935
0.2,0.1,0.4,0.5,0.3966933,49925,0.04007064756282117
0.9,0.2,0.8,0.7,0.39670417,49925,0.03995719372693537
0.1,0.1,0.4,0.6,0.3969803,49925,0.038909884172249866
0.2,0.1,0.2,0.7,0.39703283,49925,0.038604956492701986
0.3,0.1,0.2,0.6,0.3971391,49925,0.039093987751859495
0.1,0.1,0.8,0.3,0.3972658,49925,0.037570238115960206
0.7,0.2,0.6,0.9,0.39738405,49925,0.04014457692308543
0.9,0.1,0.5,0.1,0.39739954,49925,0.037083977445546666
0.9,0.2,0.5,0.9,0.39749238,49925,0.0394201709236467
0.6,0.2,0.7,0.9,0.39756453,49925,0.04034833295581749
0.7,0.2,0.8,0.8,0.3976998,49925,0.040252935713427876
0.9,0.2,0.6,0.8,0.3977079,49925,0.03978673195069387
0.2,0.1,0.7,0.3,0.3978032,49925,0.03890599130171625
0.7,0.1,0.1,0.6,0.39785564,49925,0.035945708070053255
0.5,0.1,0.8,0.1,0.39790276,49925,0.03786714660221289
0.8,0.1,0.6,0.1,0.3980123,49925,0.03749679278636321
0.7,0.1,0.5,0.2,0.39805666,49925,0.03845381063053763
0.5,0.1,0.5,0.3,0.398112,49925,0.03953582050698789
0.8,0.1,0.4,0.2,0.3981503,49925,0.037844428336011746
0.5,0.2,0.9,0.9,0.39820415,49925,0.040120674950291174
0.2,0.1,0.9,0.2,0.39861244,49925,0.03751106292659163
0.7,0.1,0.3,0.3,0.39872316,49925,0.03823124228234338
0.8,0.2,0.7,0.8,0.398799,49925,0.040122747811735346
0.9,0.2,0.9,0.7,0.39881945,49925,0.03985805106269853
0.3,0.1,0.8,0.2,0.39891553,49925,0.03835661628173684
0.6,0.1,0.6,0.2,0.39896935,49925,0.03866386109366556
0.6,0.1,0.4,0.3,0.3991084,49925,0.03921399318356963
0.6,0.2,0.8,0.9,0.399281,49925,0.0402401952285625
0.5,0.1,0.1,0.7,0.39930195,49925,0.036666547322134924
0.3,0.1,0.5,0.4,0.39946952,49925,0.04001400899852771
0.8,0.1,0.2,0.4,0.39960328,49925,0.03682862616003356
0.4,0.1,0.9,0.1,0.3997058,49925,0.03751516192254426
0.3,0.1,0.3,0.5,0.39976615,49925,0.04012879189191005
0.7,0.2,0.9,0.8,0.39978188,49925,0.040121825065238405
0.5,0.1,0.3,0.4,0.399921,49925,0.03951572670318507
0.1,0.1,0.3,0.7,0.399962,49925,0.03846330253598004
0.8,0.2,0.6,0.9,0.40026784,49925,0.039920272249554904
0.4,0.1,0.4,0.4,0.40030888,49925,0.04010520274020486
0.8,0.2,0.8,0.8,0.40030888,49925,0.04010520274020486
0.4,0.1,0.6,0.3,0.40041348,49925,0.03948417459522592
0.8,0.1,0.1,0.6,0.40056822,49925,0.03545163634471247
0.7,0.1,0.7,0.1,0.40067714,49925,0.03769829960951579
0.7,0.2,0.7,0.9,0.401054,49925,0.040185472829152705
0.5,0.1,0.7,0.2,0.40132937,49925,0.038664752050923804
0.9,0.2,0.7,0.8,0.40135944,49925,0.03990070294953066
0.6,0.1,0.2,0.5,0.4013976,49925,0.03803292061201845
0.4,0.1,0.2,0.6,0.4015185,49925,0.03872869728797251
0.2,0.1,0.3,0.6,0.40185386,49925,0.03966065230603201
0.4,0.1,0.1,0.8,0.40196556,49925,0.03660472699586094
0.2,0.1,0.6,0.4,0.40196657,49925,0.03945148892864113
0.6,0.2,0.9,0.9,0.40205458,49925,0.04010866974939499
0.8,0.1,0.5,0.2,0.40220666,49925,0.038016675375997865
0.6,0.1,0.1,0.7,0.40235904,49925,0.036238949834155994
0.1,0.1,0.7,0.4,0.40239483,49925,0.038190447447005754
0.8,0.1,0.3,0.3,0.40241182,49925,0.03763353390330247
0.9,0.1,0.6,0.1,0.40247107,49925,0.03716342158056875
0.9,0.2,0.6,0.9,0.40271163,49925,0.0396801990671794
0.7,0.2,0.8,0.9,0.4027183,49925,0.04015530370429685
0.9,0.1,0.4,0.2,0.4027865,49925,0.037310464212042885
0.6,0.1,0.8,0.1,0.40280387,49925,0.03774705856912695
0.8,0.2,0.9,0.8,0.40282458,49925,0.04000978303599586
0.9,0.1,0.2,0.4,0.4028732,49925,0.036247305999458815
0.9,0.2,0.8,0.8,0.40295464,49925,0.03990697322373745
0.1,0.1,0.2,0.9,0.40320146,49925,0.036638063899300584
0.3,0.1,0.1,0.9,0.40344575,49925,0.03624694854825633
0.7,0.1,0.6,0.2,0.4034772,49925,0.038335012776434675
0.6,0.1,0.5,0.3,0.40350968,49925,0.03915239857386348
0.6,0.1,0.3,0.4,0.4039516,49925,0.03892715018975943
0.3,0.1,0.7,0.3,0.40411654,49925,0.03910220459783646
0.2,0.1,0.5,0.5,0.40412024,49925,0.039685193666345396
0.8,0.2,0.7,0.9,0.40419707,49925,0.04000898497702529
0.7,0.1,0.4,0.3,0.4042945,49925,0.03867184310036959
0.9,0.1,0.1,0.6,0.40441048,49925,0.03495845292088808
0.8,0.1,0.7,0.1,0.4044548,49925,0.03742246335849496
0.1,0.1,0.5,0.6,0.4047215,49925,0.03851201981167557
0.1,0.1,0.9,0.3,0.40485013,49925,0.03696770827401287
0.4,0.1,0.5,0.4,0.40517238,49925,0.039873491011585355
0.4,0.1,0.8,0.2,0.40517405,49925,0.03838716072079131
0.2,0.1,0.8,0.3,0.40523246,49925,0.038319762172277075
0.1,0.1,0.6,0.5,0.40525746,49925,0.038497316474458976
0.5,0.1,0.9,0.1,0.40526202,49925,0.03752992057244794
0.3,0.1,0.2,0.7,0.40527448,49925,0.03853081497136314
0.9,0.2,0.9,0.8,0.40547,49925,0.03985154216511813
0.6,0.1,0.7,0.2,0.40550265,49925,0.03843945822351851
0.2,0.1,0.2,0.8,0.40550774,49925,0.037941129321109456
0.5,0.1,0.6,0.3,0.40555018,49925,0.03924596062290051
0.4,0.1,0.3,0.5,0.4055727,49925,0.03975582304362319
0.3,0.1,0.4,0.5,0.40572357,49925,0.040111163627305074
0.5,0.1,0.4,0.4,0.40583572,49925,0.03972655325239993
0.9,0.1,0.3,0.3,0.4059804,49925,0.037036692729381857
0.7,0.2,0.9,0.9,0.4061057,49925,0.04004634923199031
0.5,0.1,0.2,0.6,0.40611938,49925,0.038320279330457625
0.7,0.1,0.2,0.5,0.40629837,49925,0.03746377873345735
0.3,0.1,0.9,0.2,0.40632272,49925,0.03786618425565334
0.7,0.1,0.1,0.7,0.4063841,49925,0.03580261302733664
0.8,0.2,0.8,0.9,0.4063953,49925,0.0400099099626774
0.5,0.1,0.1,0.8,0.40660787,49925,0.036329101251387816
0.9,0.1,0.5,0.2,0.4068641,49925,0.03760214396558113
0.8,0.1,0.6,0.2,0.40716466,49925,0.03799537528800782
0.7,0.1,0.8,0.1,0.40728563,49925,0.03751216110506865
0.3,0.1,0.6,0.4,0.40740216,49925,0.03958658054988226
0.1,0.1,0.4,0.7,0.40747508,49925,0.038342701859808856
0.9,0.2,0.7,0.9,0.4074806,49925,0.039813573500453114
0.9,0.1,0.7,0.1,0.4078042,49925,0.03714469979714595
0.1,0.1,0.3,0.8,0.40789822,49925,0.03775182210831806
0.2,0.1,0.4,0.6,0.40822792,49925,0.03959439387335641
0.7,0.1,0.3,0.4,0.40875536,49925,0.03833697085008507
0.8,0.1,0.2,0.5,0.40879864,49925,0.0369032332267886
0.4,0.1,0.7,0.3,0.40885982,49925,0.03907699095021962
0.8,0.2,0.9,0.9,0.408926,49925,0.0399410672085522
0.7,0.1,0.5,0.3,0.4091534,49925,0.038774146468186846
0.2,0.1,0.7,0.4,0.40919155,49925,0.03891879028392058
0.6,0.1,0.6,0.3,0.4093506,49925,0.03897641637608438
0.7,0.1,0.7,0.2,0.40939155,49925,0.038154563346734685
0.6,0.1,0.9,0.1,0.40961608,49925,0.037456795038486125
0.5,0.1,0.8,0.2,0.4096497,49925,0.03831307947712356
0.9,0.2,0.8,0.9,0.40968034,49925,0.0398518776767188
0.3,0.1,0.3,0.6,0.40970773,49925,0.039649141604075726
0.8,0.1,0.4,0.3,0.4098038,49925,0.0381421630780604
0.4,0.1,0.1,0.9,0.4098612,49925,0.036174273379498696
0.3,0.1,0.8,0.3,0.4099061,49925,0.0385951928835043
0.1,0.1,0.8,0.4,0.40999717,49925,0.03759479077854563
0.6,0.1,0.1,0.8,0.41006842,49925,0.035969509424849035
0.6,0.1,0.2,0.6,0.41026798,49925,0.037846462224802827
0.8,0.1,0.1,0.7,0.4102711,49925,0.0353671431524138
0.5,0.1,0.3,0.5,0.41037583,49925,0.03930260335522967
0.5,0.1,0.5,0.4,0.41041625,49925,0.03962227053378126
0.4,0.1,0.2,0.7,0.41044092,49925,0.03827773488080407
0.9,0.2,0.9,0.9,0.41095135,49925,0.039815956688614984
0.3,0.1,0.5,0.5,0.41099596,49925,0.0398268169652881
0.9,0.1,0.6,0.2,0.41099992,49925,0.03765245172025007
0.2,0.1,0.3,0.7,0.41105983,49925,0.03904963716636238
0.8,0.1,0.8,0.1,0.4111094,49925,0.037310679879754796
0.6,0.1,0.4,0.4,0.4112874,49925,0.03928435436581992
0.2,0.1,0.9,0.3,0.4114913,49925,0.0377734381425859
0.2,0.1,0.6,0.5,0.4118473,49925,0.03923783595008213
0.9,0.1,0.2,0.5,0.41201812,49925,0.03637230079667414
0.4,0.1,0.4,0.5,0.4122167,49925,0.03989779083672549
0.4,0.1,0.6,0.4,0.41223842,49925,0.039533565574022336
0.4,0.1,0.9,0.2,0.412318,49925,0.0379634391735099
0.3,0.1,0.2,0.8,0.4124729,49925,0.0379859857909413
0.2,0.1,0.2,0.9,0.41248712,49925,0.03727985371948676
0.6,0.1,0.8,0.2,0.41255426,49925,0.038188526508313544
0.8,0.1,0.7,0.2,0.4125721,49925,0.03789229655011177
0.1,0.1,0.7,0.5,0.41263878,49925,0.0379733335524061
0.9,0.1,0.1,0.7,0.41275468,49925,0.03494784592069184
0.5,0.1,0.7,0.3,0.41279358,49925,0.03895323780485091
0.8,0.1,0.3,0.4,0.4128472,49925,0.03776609799233517
0.7,0.1,0.6,0.3,0.41307274,49925,0.038680335848644526
0.7,0.1,0.2,0.6,0.41312683,49925,0.03735041407009968
0.7,0.1,0.9,0.1,0.4133,49925,0.03733918397655581
0.8,0.1,0.5,0.3,0.41348237,49925,0.0383786078939614
0.9,0.1,0.8,0.1,0.41371518,49925,0.037090739176224095
0.1,0.1,0.6,0.6,0.41375908,49925,0.038094843928554466
0.2,0.1,0.5,0.6,0.41393635,49925,0.03930923382014011
0.3,0.1,0.7,0.4,0.41426662,49925,0.039175734482301126
0.1,0.1,0.5,0.7,0.4143444,49925,0.038032757523391705
0.5,0.1,0.1,0.9,0.41434717,49925,0.03597686200781379
0.9,0.1,0.4,0.3,0.4143514,49925,0.03764581974000255
0.7,0.1,0.1,0.8,0.4144078,49925,0.035624118242442576
0.6,0.1,0.3,0.5,0.41455746,49925,0.03881545739954998
0.6,0.1,0.5,0.4,0.41482767,49925,0.039297480814331064
0.1,0.1,0.4,0.8,0.41492555,49925,0.037764870537139096
0.4,0.1,0.3,0.6,0.41495794,49925,0.03938907843735565
0.5,0.1,0.2,0.7,0.41536635,49925,0.037966468605305816
0.7,0.1,0.8,0.2,0.4153789,49925,0.03797260163019933
0.5,0.1,0.6,0.4,0.41547763,49925,0.03937478299894602
0.9,0.1,0.7,0.2,0.41550457,49925,0.03760550734724943
0.4,0.1,0.8,0.3,0.41559812,49925,0.03867359792841422
0.9,0.1,0.3,0.4,0.4156456,49925,0.03724569895805946
0.3,0.1,0.4,0.6,0.41565767,49925,0.039755663747627415
0.8,0.1,0.2,0.6,0.41568595,49925,0.036879518659589126
0.4,0.1,0.5,0.5,0.4159694,49925,0.03975669252033125
0.6,0.1,0.7,0.3,0.4159813,49925,0.03873993626727963
0.7,0.1,0.4,0.4,0.41603068,49925,0.03879908629698038
0.3,0.1,0.6,0.5,0.41616064,49925,0.039483059255223114
0.1,0.1,0.3,0.9,0.41623953,49925,0.03709570045037575
0.5,0.1,0.9,0.2,0.41630214,49925,0.03795463386672465
0.8,0.1,0.9,0.1,0.416445,49925,0.03718214556363616
0.2,0.1,0.8,0.4,0.4165582,49925,0.03839276925011661
0.5,0.1,0.4,0.5,0.41692904,49925,0.03957827560238169
0.8,0.1,0.6,0.3,0.41697842,49925,0.03836696560093925
0.1,0.1,0.9,0.4,0.4170415,49925,0.037035551153602755
0.4,0.1,0.2,0.8,0.41743815,49925,0.037833443476373615
0.3,0.1,0.9,0.3,0.41760582,49925,0.03814911540630389
0.8,0.1,0.1,0.8,0.41768932,49925,0.03524456197055749
0.9,0.1,0.5,0.3,0.41770136,49925,0.03795819996326269
0.9,0.1,0.2,0.6,0.41813266,49925,0.036410744513191366
0.7,0.1,0.3,0.5,0.41821617,49925,0.0382932027717608
0.6,0.1,0.2,0.7,0.41829777,49925,0.03758918085467201
0.8,0.1,0.8,0.2,0.4183225,49925,0.03774989350227586
0.7,0.1,0.7,0.3,0.41839102,49925,0.03851195548998934
0.3,0.1,0.3,0.7,0.41848642,49925,0.039138388746727586
0.3,0.1,0.2,0.9,0.4185198,49925,0.03744443584056224
0.4,0.1,0.7,0.4,0.41855976,49925,0.03917701525118745
0.6,0.1,0.1,0.9,0.41856676,49925,0.03570262394879276
0.2,0.1,0.4,0.7,0.4185809,49925,0.03909118247797679
0.2,0.1,0.3,0.8,0.41866493,49925,0.03845663094212539
0.6,0.1,0.6,0.4,0.41915524,49925,0.03914578986640347
0.6,0.1,0.9,0.2,0.4191909,49925,0.03790100192661195
0.2,0.1,0.7,0.5,0.41919807,49925,0.03876914681982141
0.7,0.1,0.5,0.4,0.4192385,49925,0.038931462332358883
0.5,0.1,0.3,0.6,0.41931263,49925,0.03902783636056417
0.9,0.1,0.1,0.8,0.41938242,49925,0.03487237595802676
0.9,0.1,0.9,0.1,0.4193904,49925,0.036973439800348895
0.8,0.1,0.4,0.4,0.41950938,49925,0.03832617946499457
0.5,0.1,0.8,0.3,0.419519,49925,0.03860502232965613
0.3,0.1,0.5,0.6,0.41964877,49925,0.0395659540427876
0.4,0.1,0.6,0.5,0.42025682,49925,0.039483018181732124
0.7,0.1,0.2,0.7,0.42055678,49925,0.037187844184852444
0.6,0.1,0.4,0.5,0.42072856,49925,0.03919452272690495
0.2,0.1,0.6,0.6,0.42079306,49925,0.03893782743935305
0.9,0.1,0.8,0.2,0.42083222,49925,0.03750496409243737
0.1,0.1,0.8,0.5,0.42097372,49925,0.037457024479768834
0.9,0.1,0.6,0.3,0.4211674,49925,0.03802843059636944
0.8,0.1,0.7,0.3,0.4211917,49925,0.03823723614755846
0.7,0.1,0.1,0.9,0.42121017,49925,0.035391045422644415
0.1,0.1,0.6,0.7,0.42144138,49925,0.0376884748407744
0.8,0.1,0.3,0.5,0.42146134,49925,0.03779338561716767
0.7,0.1,0.9,0.2,0.42147058,49925,0.03777365393598797
0.3,0.1,0.8,0.4,0.42163846,49925,0.03872195696621185
0.1,0.1,0.7,0.6,0.42168912,49925,0.03765809152759095
0.5,0.1,0.5,0.5,0.4219225,49925,0.03955232598763388
0.5,0.1,0.7,0.4,0.4219661,49925,0.03907220514437766
0.6,0.1,0.8,0.3,0.4220065,49925,0.03848785542483308
0.4,0.1,0.9,0.3,0.42215073,49925,0.03828574572966856
0.4,0.1,0.4,0.6,0.42219296,49925,0.03960417982125153
0.1,0.1,0.5,0.8,0.42229277,49925,0.037551892299843355
0.5,0.1,0.2,0.8,0.42267427,49925,0.03761125255954709
0.7,0.1,0.6,0.4,0.42274842,49925,0.038873299808443784
0.8,0.1,0.2,0.7,0.42278352,49925,0.036767764328942514
0.2,0.1,0.5,0.7,0.42317775,49925,0.03890483361007825
0.8,0.1,0.5,0.4,0.42325953,49925,0.03856111393273296
0.6,0.1,0.3,0.6,0.42349657,49925,0.03861110568256667
0.2,0.1,0.9,0.4,0.42354503,49925,0.037883288725315926
0.1,0.1,0.4,0.9,0.42368263,49925,0.037179021901443794
0.8,0.1,0.9,0.2,0.4237232,49925,0.037579032789162706
0.3,0.1,0.7,0.5,0.4238743,49925,0.03910025863708165
0.4,0.1,0.3,0.7,0.4239163,49925,0.03897161455171216
0.9,0.1,0.4,0.4,0.42399174,49925,0.03785310218529336
0.8,0.1,0.1,0.9,0.4241427,49925,0.0350874650302538
0.7,0.1,0.4,0.5,0.4243899,49925,0.038774961543190475
0.4,0.1,0.2,0.9,0.4245861,49925,0.037386152055574905
0.7,0.1,0.8,0.3,0.42461807,49925,0.03830238291853801
0.9,0.1,0.3,0.5,0.42471343,49925,0.03732058198356431
0.3,0.1,0.4,0.7,0.42485237,49925,0.03931953186482712
0.9,0.1,0.7,0.3,0.4250401,49925,0.03796827719013307
0.5,0.1,0.9,0.3,0.42525932,49925,0.03828113261974531
0.6,0.1,0.5,0.5,0.42534372,49925,0.03929528558351523
0.5,0.1,0.6,0.5,0.4254009,49925,0.03937633568394536
0.4,0.1,0.8,0.4,0.4254104,49925,0.038815313427319274
0.3,0.1,0.6,0.6,0.4254973,49925,0.039269856463832
0.6,0.1,0.7,0.4,0.42563602,49925,0.03890964948899042
0.2,0.1,0.3,0.9,0.42574373,49925,0.03789979596211992
0.9,0.1,0.1,0.9,0.42575967,49925,0.03477306813341194
0.9,0.1,0.2,0.7,0.42594817,49925,0.03635617679406943
0.3,0.1,0.3,0.8,0.4259539,49925,0.03863086188122645
0.6,0.1,0.2,0.8,0.4261429,49925,0.03731931180715496
0.2,0.1,0.8,0.5,0.42616034,49925,0.038326375291736964
0.2,0.1,0.4,0.8,0.42616332,49925,0.03857273211534884
0.8,0.1,0.6,0.4,0.4261642,49925,0.038570156121268975
0.4,0.1,0.5,0.6,0.426364,49925,0.03955856486839983
0.8,0.1,0.8,0.3,0.4267559,49925,0.03808640593142197
0.7,0.1,0.3,0.6,0.42683426,49925,0.038175604679059144
0.9,0.1,0.9,0.2,0.4269477,49925,0.03738949113693304
0.5,0.1,0.4,0.6,0.42700613,49925,0.039366372497531034
0.9,0.1,0.5,0.4,0.42733067,49925,0.03816643851382167
0.7,0.1,0.7,0.4,0.42739275,49925,0.03869316218950848
0.5,0.1,0.3,0.7,0.4274213,49925,0.038675530800773406
0.1,0.1,0.9,0.5,0.4274525,49925,0.03696649851957256
0.4,0.1,0.7,0.5,0.42746276,49925,0.03916688252541135
0.2,0.1,0.7,0.6,0.42792296,49925,0.03856245058867005
0.3,0.1,0.9,0.4,0.42814928,49925,0.03828310336322345
0.7,0.1,0.5,0.5,0.42843053,49925,0.0389756652392102
0.5,0.1,0.8,0.4,0.42844868,49925,0.03877803827564165
0.2,0.1,0.6,0.7,0.4286102,49925,0.03861292872838656
0.7,0.1,0.2,0.8,0.42866898,49925,0.03695520206293244
0.1,0.1,0.6,0.8,0.42874923,49925,0.037247282013195396
0.8,0.1,0.4,0.5,0.42885834,49925,0.038340501830328534
0.1,0.1,0.8,0.6,0.42886654,49925,0.03721672448092101
0.5,0.1,0.2,0.9,0.4289244,49925,0.03722498723908757
0.6,0.1,0.9,0.3,0.42900658,49925,0.0381966439925019
0.1,0.1,0.5,0.9,0.42913005,49925,0.03706976788232957
0.8,0.1,0.3,0.6,0.42925322,49925,0.037744749162518444
0.1,0.1,0.7,0.7,0.42925668,49925,0.03730612226056758
0.6,0.1,0.6,0.5,0.42934236,49925,0.03919347465552416
0.9,0.1,0.8,0.3,0.4295051,49925,0.03785527825254606
0.3,0.1,0.5,0.7,0.42955157,49925,0.039218460882263426
0.4,0.1,0.6,0.6,0.42987603,49925,0.039345062993310066
0.9,0.1,0.6,0.4,0.42992228,49925,0.038269987999306435
0.8,0.1,0.7,0.4,0.43002933,49925,0.03847019676197456
0.3,0.1,0.8,0.5,0.43034387,49925,0.03869668951790839
0.4,0.1,0.4,0.7,0.4303627,49925,0.03928377240515344
0.7,0.1,0.9,0.3,0.43046793,49925,0.038085260903066034
0.8,0.1,0.2,0.8,0.43057424,49925,0.03660095339194952
0.6,0.1,0.8,0.4,0.43059415,49925,0.038660335668069486
0.5,0.1,0.5,0.6,0.43078017,49925,0.039414297416253914
0.6,0.1,0.3,0.7,0.43098363,49925,0.03836185602478511
0.2,0.1,0.5,0.8,0.43107924,49925,0.03845794630455374
0.4,0.1,0.3,0.8,0.4311573,49925,0.038535950943365344
0.5,0.1,0.7,0.5,0.4311944,49925,0.03911080393533007
0.6,0.1,0.4,0.6,0.43133628,49925,0.03904307531578183
0.4,0.1,0.9,0.4,0.43157947,49925,0.03841691228401436
0.9,0.1,0.3,0.6,0.43198225,49925,0.0373130059263757
0.3,0.1,0.7,0.6,0.43216354,49925,0.03892954550835088
0.9,0.1,0.4,0.5,0.43226594,49925,0.037921761372175906
0.8,0.1,0.9,0.3,0.43249413,49925,0.03790782994285228
0.3,0.1,0.3,0.9,0.43254328,49925,0.03812744578861171
0.8,0.1,0.5,0.5,0.43254384,49925,0.03862157347260626
0.3,0.1,0.4,0.8,0.43271297,49925,0.038871101967430356
0.7,0.1,0.6,0.5,0.43300158,49925,0.03895153384521266
0.7,0.1,0.8,0.4,0.43304008,49925,0.03851896274537977
0.2,0.1,0.9,0.5,0.4330777,49925,0.03787372798785568
0.9,0.1,0.7,0.4,0.43307972,49925,0.03822096619674632
0.6,0.1,0.2,0.9,0.43314466,49925,0.03700908013020331
0.6,0.1,0.7,0.5,0.43322837,49925,0.0389766005435468
0.9,0.1,0.2,0.8,0.43366385,49925,0.03626566103992629
0.3,0.1,0.6,0.7,0.4340071,49925,0.03901163205578824
0.5,0.1,0.6,0.6,0.43417278,49925,0.039269259716200676
0.7,0.1,0.3,0.7,0.4342725,49925,0.03801359360562006
0.7,0.1,0.4,0.6,0.4342782,49925,0.03868653281019208
0.2,0.1,0.4,0.9,0.43437314,49925,0.038077981544960976
0.6,0.1,0.5,0.6,0.43443003,49925,0.039196104067983954
0.2,0.1,0.8,0.6,0.43453947,49925,0.038156101701204696
0.5,0.1,0.9,0.4,0.434609,49925,0.038452361026256175
0.5,0.1,0.3,0.8,0.43476886,49925,0.03833348059188999
0.4,0.1,0.8,0.5,0.43489456,49925,0.0388353214359723
0.4,0.1,0.5,0.7,0.43508554,49925,0.0393113698868462
0.7,0.1,0.2,0.9,0.4354098,49925,0.03672020679845593
0.9,0.1,0.9,0.3,0.43543935,49925,0.0376965807963659
0.1,0.1,0.9,0.6,0.43549588,49925,0.03677890949740225
0.5,0.1,0.4,0.7,0.435524,49925,0.03909297656797778
0.4,0.1,0.7,0.6,0.43556073,49925,0.03907465314208556
0.1,0.1,0.7,0.8,0.43567088,49925,0.03694712270422425
0.1,0.1,0.6,0.9,0.43568248,49925,0.03681601625005834
0.8,0.1,0.8,0.4,0.43589216,49925,0.03831220044039637
0.2,0.1,0.7,0.7,0.4359079,49925,0.038270726540920695
0.8,0.1,0.6,0.5,0.43607593,49925,0.03866675760585134
0.5,0.1,0.8,0.5,0.43613362,49925,0.03882428529237939
0.1,0.1,0.8,0.7,0.43615413,49925,0.0369258463408294
0.7,0.1,0.7,0.5,0.43616718,49925,0.038800983035993955
0.8,0.1,0.3,0.7,0.43624702,49925,0.03763936884640693
0.2,0.1,0.6,0.8,0.4362673,49925,0.038241502531045794
0.9,0.1,0.5,0.5,0.4367169,49925,0.03825090567073826
0.6,0.1,0.9,0.4,0.43681562,49925,0.038398956110070825
0.3,0.1,0.9,0.5,0.43693918,49925,0.03830253298011955
0.3,0.1,0.5,0.8,0.43717003,49925,0.038846917019923946
0.4,0.1,0.3,0.9,0.4373924,49925,0.038120019179233584
0.8,0.1,0.4,0.6,0.43750328,49925,0.03828989821464499
0.4,0.1,0.4,0.8,0.4375323,49925,0.03890456401201205
0.8,0.1,0.2,0.9,0.4376559,49925,0.03643075667410537
0.6,0.1,0.3,0.8,0.4377641,49925,0.03808432050844962
0.9,0.1,0.8,0.4,0.43787834,49925,0.03809612968900621
0.9,0.1,0.3,0.7,0.43795723,49925,0.03724781496078174
0.7,0.1,0.5,0.6,0.4382279,49925,0.03890901044047272
0.2,0.1,0.5,0.9,0.43845892,49925,0.03803413695910064
0.6,0.1,0.6,0.6,0.43852526,49925,0.0391251776858957
0.4,0.1,0.6,0.7,0.43857285,49925,0.039133590457478724
0.6,0.1,0.4,0.7,0.43873727,49925,0.03882115119652904
0.3,0.1,0.8,0.6,0.43876746,49925,0.0385850442146278
0.9,0.1,0.2,0.9,0.4388827,49925,0.03611437086929564
0.9,0.1,0.6,0.5,0.4389364,49925,0.03837742455822297
0.6,0.1,0.8,0.5,0.4389665,49925,0.03873903678313573
0.5,0.1,0.5,0.7,0.43901995,49925,0.039189945557071226
0.5,0.1,0.7,0.6,0.43909293,49925,0.03906281878910357
0.7,0.1,0.9,0.4,0.43919826,49925,0.03828368495827381
0.8,0.1,0.7,0.5,0.4392276,49925,0.03858572587746775
0.3,0.1,0.7,0.7,0.43940097,49925,0.03871023220200126
0.3,0.1,0.4,0.9,0.44029558,49925,0.03844069622804829
0.9,0.1,0.4,0.6,0.44032958,49925,0.03788972219691034
0.7,0.1,0.3,0.8,0.44083118,49925,0.03779093102526644
0.4,0.1,0.9,0.5,0.44093168,49925,0.03848536682930637
0.5,0.1,0.3,0.9,0.44094267,49925,0.03798826333395138
0.2,0.1,0.9,0.6,0.44109237,49925,0.037758812268416056
0.3,0.1,0.6,0.8,0.44117406,49925,0.038698633028234536
0.7,0.1,0.8,0.5,0.4412547,49925,0.03862260444380005
0.8,0.1,0.9,0.4,0.44125748,49925,0.03812782380181248
0.7,0.1,0.6,0.6,0.4414876,49925,0.038922320464928536
0.2,0.1,0.8,0.7,0.44185376,49925,0.037913685238764316
0.6,0.1,0.7,0.6,0.44190866,49925,0.03895891149622389
0.4,0.1,0.8,0.6,0.441961,49925,0.03877109284701349
0.1,0.1,0.9,0.7,0.44215593,49925,0.03654132167095011
0.7,0.1,0.4,0.7,0.4421596,49925,0.0385182520197889
0.9,0.1,0.7,0.5,0.4421663,49925,0.038362906270602855
0.5,0.1,0.6,0.7,0.44220945,49925,0.039107617722006174
0.8,0.1,0.3,0.8,0.44232684,49925,0.037459166124892015
0.2,0.1,0.7,0.8,0.4424823,49925,0.037954372291704286
0.1,0.1,0.8,0.8,0.4424891,49925,0.036632694623934474
0.1,0.1,0.7,0.9,0.44256422,49925,0.036597089034699735
0.4,0.1,0.5,0.8,0.442628,49925,0.03899150806764667
0.8,0.1,0.5,0.6,0.44266996,49925,0.03858234173967106
0.4,0.1,0.7,0.7,0.4429382,49925,0.03889688220581179
0.6,0.1,0.3,0.9,0.4429916,49925,0.037790738984519984
0.5,0.1,0.9,0.5,0.4430696,49925,0.03852718531591421
0.9,0.1,0.9,0.4,0.44311965,49925,0.03795890933897921
0.8,0.1,0.8,0.5,0.44327644,49925,0.038440902995559814
0.5,0.1,0.4,0.8,0.44328395,49925,0.03876385879921493
0.6,0.1,0.5,0.7,0.44332033,49925,0.0390139525554324
0.5,0.1,0.8,0.6,0.44388267,49925,0.038796907230571116
0.2,0.1,0.6,0.9,0.4441847,49925,0.03786804905300687
0.9,0.1,0.3,0.8,0.44429564,49925,0.037132906481541605
0.8,0.1,0.4,0.7,0.44443777,49925,0.03818145201824698
0.4,0.1,0.4,0.9,0.44450998,49925,0.03850807146185749
0.9,0.1,0.5,0.6,0.44462597,49925,0.03824777115513587
0.3,0.1,0.5,0.9,0.44466096,49925,0.03846482285010671
0.6,0.1,0.9,0.5,0.44478807,49925,0.038503819134862186
0.3,0.1,0.9,0.6,0.44480136,49925,0.03824960786158198
0.8,0.1,0.6,0.6,0.44483185,49925,0.03868305386320234
0.7,0.1,0.7,0.6,0.44487152,49925,0.03882448344854141
0.9,0.1,0.8,0.5,0.44498664,49925,0.03826902465134183
0.3,0.1,0.8,0.7,0.4456569,49925,0.03842461144971453
0.7,0.1,0.3,0.9,0.44567466,49925,0.03755212271169252
0.5,0.1,0.7,0.7,0.44571057,49925,0.03894573763747899
0.6,0.1,0.6,0.7,0.4461845,49925,0.03901064939191167
0.6,0.1,0.4,0.8,0.44635943,49925,0.0385641172393263
0.4,0.1,0.6,0.8,0.44638422,49925,0.03888953317615278
0.3,0.1,0.7,0.8,0.44641268,49925,0.03844232351325398
0.6,0.1,0.8,0.6,0.44646263,49925,0.038744366960874535
0.7,0.1,0.5,0.7,0.4464866,49925,0.03879743445755973
0.8,0.1,0.3,0.9,0.44684866,49925,0.03728216665953584
0.7,0.1,0.9,0.5,0.4468945,49925,0.03840587415904618
0.8,0.1,0.7,0.6,0.44714582,49925,0.0386417744677997
0.5,0.1,0.5,0.8,0.4472664,49925,0.03893983860963756
0.9,0.1,0.4,0.7,0.44758582,49925,0.03784351808772973
0.3,0.1,0.6,0.9,0.44813684,49925,0.03836301230151606
0.9,0.1,0.6,0.6,0.44819674,49925,0.03839991069185457
0.4,0.1,0.9,0.6,0.44821545,49925,0.03844518107250907
0.8,0.1,0.9,0.5,0.44837078,49925,0.03829171103492887
0.7,0.1,0.8,0.6,0.44868097,49925,0.03863727777643056
0.1,0.1,0.9,0.8,0.44886816,49925,0.036290386447813724
0.2,0.1,0.7,0.9,0.4489355,49925,0.03763812938272473
0.2,0.1,0.8,0.8,0.44901183,49925,0.037658280851843175
0.4,0.1,0.5,0.9,0.44903386,49925,0.038645345121398965
0.7,0.1,0.4,0.8,0.4491853,49925,0.03832241547923662
0.4,0.1,0.8,0.7,0.4492038,49925,0.03863868273332923
0.5,0.1,0.4,0.9,0.44925898,49925,0.038429896123716334
0.1,0.1,0.8,0.9,0.44943827,49925,0.03630208889924114
0.2,0.1,0.9,0.7,0.44948047,49925,0.03756982243076784
0.5,0.1,0.6,0.8,0.44967842,49925,0.038921464293015164
0.7,0.1,0.6,0.7,0.4499297,49925,0.038845660390053764
0.9,0.1,0.3,0.9,0.44993412,49925,0.036982073917797384
0.6,0.1,0.7,0.7,0.4499694,49925,0.03888012385858825
0.9,0.1,0.7,0.6,0.45011222,49925,0.03843476929743482
0.9,0.1,0.9,0.5,0.4501559,49925,0.03813322515115951
0.8,0.1,0.5,0.7,0.45037532,49925,0.03849600103994507
0.8,0.1,0.8,0.6,0.450466,49925,0.03851122562065804
0.6,0.1,0.5,0.8,0.45076782,49925,0.03879672244220589
0.5,0.1,0.9,0.6,0.45087478,49925,0.03852269077568719
0.4,0.1,0.7,0.8,0.45095772,49925,0.03871139452258982
0.8,0.1,0.4,0.8,0.45146996,49925,0.038039709098308096
0.3,0.1,0.9,0.7,0.45239416,49925,0.038099719964627736
0.5,0.1,0.8,0.7,0.45246732,49925,0.03871270034233843
0.8,0.1,0.6,0.7,0.45252034,49925,0.0386379691417537
0.3,0.1,0.8,0.8,0.45252833,49925,0.03818548223571966
0.6,0.1,0.9,0.6,0.4526346,49925,0.03850321323437006
0.9,0.1,0.8,0.6,0.45270032,49925,0.03835676506710026
0.3,0.1,0.7,0.9,0.45271364,49925,0.038169271875893286
0.7,0.1,0.7,0.7,0.45273006,49925,0.03877238914034071
0.6,0.1,0.4,0.9,0.4527472,49925,0.038271309826141665
0.9,0.1,0.5,0.7,0.45296523,49925,0.038195904637807664
0.4,0.1,0.6,0.9,0.45314565,49925,0.038600535774260265
0.7,0.1,0.5,0.8,0.4533675,49925,0.03859557425174942
0.6,0.1,0.6,0.8,0.45358863,49925,0.038838957033020094
0.5,0.1,0.5,0.9,0.45359117,49925,0.03864734532058265
0.9,0.1,0.4,0.8,0.45382872,49925,0.0377180295623263
0.7,0.1,0.9,0.6,0.4538566,49925,0.03845289946236633
0.5,0.1,0.7,0.8,0.4539734,49925,0.03878465942100029
0.8,0.1,0.7,0.7,0.45446587,49925,0.038615697082463964
0.6,0.1,0.8,0.7,0.45479468,49925,0.03870251095272041
0.2,0.1,0.8,0.9,0.45494333,49925,0.03736629712457513
0.2,0.1,0.9,0.8,0.45518333,49925,0.037337441919642944
0.9,0.1,0.6,0.7,0.4552579,49925,0.03838018757879362
0.4,0.1,0.9,0.7,0.4555339,49925,0.038352829193117444
0.8,0.1,0.9,0.6,0.45556745,49925,0.03836299707201708
0.1,0.1,0.9,0.9,0.45567513,49925,0.036000358666128295
0.4,0.1,0.8,0.8,0.4556952,49925,0.03845933887805528
0.7,0.1,0.4,0.9,0.45576334,49925,0.038075715650429554
0.7,0.1,0.8,0.7,0.45632502,49925,0.0386180271746998
0.6,0.1,0.7,0.8,0.45679244,49925,0.038736076604919394
0.9,0.1,0.9,0.6,0.45722824,49925,0.03822304940463675
0.4,0.1,0.7,0.9,0.45723504,49925,0.03846557362309819
0.5,0.1,0.6,0.9,0.45737588,49925,0.03867538298022724
0.9,0.1,0.7,0.7,0.45751482,49925,0.03842451117044348
0.6,0.1,0.5,0.9,0.45760524,49925,0.03853939420910088
0.8,0.1,0.4,0.9,0.45765787,49925,0.03784956792235806
0.7,0.1,0.6,0.8,0.4578569,49925,0.03869201456776051
0.5,0.1,0.9,0.7,0.45791978,49925,0.03846477593031164
0.3,0.1,0.8,0.9,0.4579222,49925,0.03793374704089193
0.8,0.1,0.5,0.8,0.45825347,49925,0.03836593476873267
0.8,0.1,0.8,0.7,0.45841435,49925,0.0385306349613223
0.3,0.1,0.9,0.8,0.45842513,49925,0.037895182067238506
0.5,0.1,0.8,0.8,0.4586738,49925,0.03858599500343848
0.6,0.1,0.9,0.7,0.45940375,49925,0.03848121291420997
0.9,0.1,0.4,0.9,0.45974174,49925,0.03758407232660358
0.7,0.1,0.7,0.8,0.45990312,49925,0.03867448278861376
0.8,0.1,0.6,0.8,0.45993578,49925,0.03853483926479761
0.9,0.1,0.5,0.8,0.45994323,49925,0.03809378402843325
0.7,0.1,0.9,0.7,0.460432,49925,0.03843862817347613
0.6,0.1,0.6,0.9,0.46046582,49925,0.03862672615835941
0.9,0.1,0.8,0.7,0.4607625,49925,0.03837777895590453
0.7,0.1,0.5,0.9,0.4609137,49925,0.038382461286857066
0.6,0.1,0.8,0.8,0.4609157,49925,0.03860494462955145
0.5,0.1,0.7,0.9,0.46104312,49925,0.038587342241608834
0.4,0.1,0.8,0.9,0.46132886,49925,0.03826662647167792
0.4,0.1,0.9,0.8,0.4615428,49925,0.0382084599265356
0.2,0.1,0.9,0.9,0.46164617,49925,0.03710300947154353
0.8,0.1,0.9,0.7,0.46232516,49925,0.03838791576667957
0.8,0.1,0.7,0.8,0.4625554,49925,0.038554329194688416
0.9,0.1,0.6,0.8,0.4631281,49925,0.038303129903312694
0.9,0.1,0.9,0.7,0.46346414,49925,0.038265884140563214
0.7,0.1,0.8,0.8,0.46375856,49925,0.03855547656417532
0.6,0.1,0.7,0.9,0.46401578,49925,0.038585165145465124
0.7,0.1,0.6,0.9,0.4642588,49925,0.038515939113969944
0.5,0.1,0.9,0.8,0.46431547,49925,0.03837646554949513
0.3,0.1,0.9,0.9,0.46449012,49925,0.037687962090363424
0.8,0.1,0.5,0.9,0.46456003,49925,0.03820295426126335
0.5,0.1,0.8,0.9,0.4649217,49925,0.03842384158420725
0.6,0.1,0.9,0.8,0.46513474,49925,0.03843099703300179
0.9,0.1,0.7,0.8,0.46535748,49925,0.038392729443921164
0.8,0.1,0.8,0.8,0.46553788,49925,0.0384711020545882
0.9,0.1,0.5,0.9,0.46654132,49925,0.03796992459061322
0.8,0.1,0.6,0.9,0.4668413,49925,0.03837104585496068
0.9,0.1,0.8,0.8,0.46717504,49925,0.0383547576635587
0.7,0.1,0.7,0.9,0.46719337,49925,0.03852443252167914
0.6,0.1,0.8,0.9,0.46720853,49925,0.03847042182042497
0.4,0.1,0.9,0.9,0.46736982,49925,0.038044174731949314
0.7,0.1,0.9,0.8,0.46776435,49925,0.03840695889019382
0.8,0.1,0.9,0.8,0.46865982,49925,0.038340146765196176
0.9,0.1,0.6,0.9,0.46960723,49925,0.038185095242029544
0.7,0.1,0.8,0.9,0.46986932,49925,0.038459833723534564
0.8,0.1,0.7,0.9,0.4700243,49925,0.03843071245348208
0.5,0.1,0.9,0.9,0.4700737,49925,0.03822216165710378
0.9,0.1,0.9,0.8,0.47045338,49925,0.03826839442572332
0.6,0.1,0.9,0.9,0.47182316,49925,0.03831458354248038
0.9,0.1,0.7,0.9,0.47213995,49925,0.03830631327472188
0.8,0.1,0.8,0.9,0.4724168,49925,0.038393762833449495
0.7,0.1,0.9,0.9,0.47345093,49925,0.038334335930143945
0.9,0.1,0.8,0.9,0.4746633,49925,0.038299251384772144
0.8,0.1,0.9,0.9,0.4749099,49925,0.038301589789980946
0.9,0.1,0.9,0.9,0.47685862,49925,0.03822204644502719
