w1,w2,w3,w4,score,n_selected,threshold
0.9,0.5,0.1,0.9,0.2584066,49925,0.03004406442537885
0.9,0.7,0.1,0.9,0.25841245,49925,0.030171921856256112
0.9,0.6,0.1,0.9,0.2585298,49925,0.030142905151513057
0.8,0.5,0.1,0.9,0.25865418,49925,0.03025971495344678
0.9,0.8,0.1,0.9,0.25867477,49925,0.03018325111203939
0.9,0.9,0.1,0.9,0.2587934,49925,0.030173759883950678
0.8,0.6,0.1,0.9,0.25890934,49925,0.03033337155868386
0.8,0.7,0.1,0.9,0.25899857,49925,0.03036264905886954
0.8,0.4,0.1,0.9,0.2590106,49925,0.03010784998191894
0.9,0.7,0.1,0.8,0.2590302,49925,0.030376819504153274
0.8,0.9,0.1,0.9,0.259165,49925,0.030339638559881508
0.9,0.6,0.1,0.8,0.25918996,49925,0.030353560702142665
0.7,0.4,0.1,0.9,0.25921184,49925,0.030322285187123595
0.9,0.4,0.1,0.9,0.2592371,49925,0.02989370743028512
0.9,0.8,0.1,0.8,0.2592373,49925,0.03036376238208319
0.8,0.8,0.1,0.9,0.25931883,49925,0.030358646651360198
0.9,0.5,0.1,0.8,0.25942183,49925,0.030298747667921677
0.7,0.7,0.1,0.9,0.2594934,49925,0.03055219202363119
0.8,0.5,0.1,0.8,0.25956607,49925,0.030519717815141074
0.8,0.4,0.1,0.8,0.25956988,49925,0.030396892620061046
0.9,0.9,0.1,0.8,0.25961524,49925,0.030330976164812548
0.9,0.4,0.1,0.8,0.2597067,49925,0.03015971295833585
0.7,0.6,0.1,0.9,0.25973976,49925,0.030532725134378005
0.7,0.5,0.1,0.9,0.25974166,49925,0.030477300612119146
0.8,0.9,0.1,0.8,0.25976095,49925,0.030517222571735867
0.7,0.4,0.1,0.8,0.25977087,49925,0.030630904678830395
0.8,0.7,0.1,0.8,0.25978392,49925,0.030582796055835006
0.6,0.4,0.1,0.9,0.25979608,49925,0.03053632899094669
0.7,0.9,0.1,0.9,0.25979695,49925,0.03050366446362687
0.8,0.8,0.1,0.8,0.2598965,49925,0.030557600782378697
0.8,0.6,0.1,0.8,0.25992185,49925,0.030578377896696807
0.7,0.8,0.1,0.9,0.2600186,49925,0.03052534157377314
0.6,0.7,0.1,0.9,0.2601202,49925,0.03073712091701598
0.9,0.6,0.1,0.7,0.2601455,49925,0.030598457700891046
0.6,0.4,0.1,0.8,0.26022086,49925,0.030878417587387085
0.8,0.4,0.1,0.7,0.26023924,49925,0.030688170781661712
0.7,0.3,0.1,0.8,0.26026833,49925,0.03039317594152932
0.7,0.5,0.1,0.8,0.2602738,49925,0.03075713727226635
0.9,0.3,0.1,0.9,0.26027516,49925,0.029633100132471644
0.7,0.3,0.1,0.9,0.2602806,49925,0.030050632471499354
0.9,0.5,0.1,0.7,0.26032677,49925,0.0305498433770552
0.9,0.7,0.1,0.7,0.2603394,49925,0.030583751902129152
0.6,0.5,0.1,0.9,0.2603505,49925,0.030670652400155717
0.6,0.3,0.1,0.8,0.26037437,49925,0.030631225470722563
0.8,0.3,0.1,0.8,0.2604203,49925,0.030160133269733526
0.8,0.3,0.1,0.9,0.26046154,49925,0.02984490267007781
0.6,0.3,0.1,0.9,0.26046443,49925,0.030249075713027724
0.7,0.7,0.1,0.8,0.26046488,49925,0.030786425218144665
0.6,0.6,0.1,0.9,0.26046717,49925,0.030730101080718657
0.6,0.8,0.1,0.9,0.26047617,49925,0.030714988519603432
0.8,0.5,0.1,0.7,0.2604807,49925,0.03079996195294197
0.8,0.6,0.1,0.7,0.26048732,49925,0.030826482386455883
0.7,0.8,0.1,0.8,0.2605439,49925,0.030749785819669827
0.7,0.4,0.1,0.7,0.26055247,49925,0.03096734879612931
0.7,0.9,0.1,0.8,0.26057327,49925,0.030691716923183954
0.7,0.6,0.1,0.8,0.26063216,49925,0.030796179360514885
0.5,0.4,0.1,0.8,0.26066586,49925,0.03109026093165016
0.6,0.4,0.1,0.7,0.26067224,49925,0.03122310409485192
0.6,0.9,0.1,0.9,0.26070216,49925,0.030671658573957934
0.6,0.3,0.1,0.7,0.26070237,49925,0.03101601618316238
0.5,0.4,0.1,0.9,0.26071307,49925,0.030720904916884388
0.9,0.4,0.1,0.7,0.26072308,49925,0.030419332253926165
0.9,0.8,0.1,0.7,0.26073083,49925,0.030544371979747027
0.9,0.9,0.1,0.7,0.26078367,49925,0.030485021991567114
0.6,0.5,0.1,0.8,0.26081777,49925,0.030998049345591916
0.8,0.7,0.1,0.7,0.26082438,49925,0.030797280611558526
0.4,0.4,0.1,0.9,0.26087403,49925,0.030875864459548544
0.7,0.3,0.1,0.7,0.26092127,49925,0.030745526899346315
0.7,0.5,0.1,0.7,0.26092783,49925,0.03105065557705533
0.9,0.3,0.1,0.8,0.26095158,49925,0.029903412298326458
0.6,0.6,0.1,0.8,0.26097858,49925,0.031021764877185574
0.5,0.6,0.1,0.9,0.26101902,49925,0.030945835039096557
0.5,0.5,0.1,0.9,0.26103705,49925,0.030865374996578595
0.5,0.3,0.1,0.7,0.2610512,49925,0.031274572936853
0.5,0.3,0.1,0.8,0.2610669,49925,0.030841580795799996
0.5,0.8,0.1,0.9,0.26107138,49925,0.030911787167600107
0.5,0.3,0.1,0.9,0.2610728,49925,0.03042818389015521
0.5,0.4,0.1,0.7,0.2611327,49925,0.03148927352172405
0.8,0.8,0.1,0.7,0.26117027,49925,0.030759244931974166
0.6,0.7,0.1,0.8,0.26119286,49925,0.03099639336034764
0.7,0.7,0.1,0.7,0.26120293,49925,0.031032481185748896
0.5,0.7,0.1,0.9,0.261208,49925,0.030930570147858497
0.8,0.3,0.1,0.7,0.2612193,49925,0.030468240324953263
0.7,0.6,0.1,0.7,0.26122355,49925,0.0310593933804493
0.7,0.3,0.1,0.6,0.26128006,49925,0.031099182538895303
0.6,0.4,0.1,0.6,0.26128173,49925,0.03158819724390151
0.5,0.5,0.1,0.8,0.26129356,49925,0.031223066636744904
0.5,0.9,0.1,0.9,0.26130974,49925,0.03084812253326041
0.6,0.8,0.1,0.8,0.26133803,49925,0.030946567705664754
0.4,0.4,0.1,0.8,0.26136738,49925,0.03129789565391993
0.8,0.9,0.1,0.7,0.26140398,49925,0.0306756490006677
0.8,0.4,0.1,0.6,0.26140985,49925,0.030993147972915653
0.9,0.6,0.1,0.6,0.26144794,49925,0.030805494823398467
0.5,0.3,0.1,0.6,0.26145935,49925,0.03171968131503575
0.6,0.9,0.1,0.8,0.26147023,49925,0.030875695637745573
0.9,0.3,0.1,0.7,0.2614745,49925,0.030191491025982543
0.6,0.5,0.1,0.7,0.26148432,49925,0.03130308020301713
0.9,0.7,0.1,0.6,0.26149148,49925,0.030775307696548074
0.7,0.4,0.1,0.6,0.26151216,49925,0.03128529243008034
0.4,0.3,0.1,0.9,0.26152,49925,0.030574812133501057
0.4,0.5,0.1,0.9,0.2615289,49925,0.031047599760205227
0.4,0.3,0.1,0.8,0.2615395,49925,0.031020541142949432
0.8,0.3,0.1,0.6,0.26154903,49925,0.03078346213843668
0.7,0.9,0.1,0.7,0.26162004,49925,0.030873220374153007
0.5,0.6,0.1,0.8,0.2616286,49925,0.031232164309778737
0.7,0.2,0.1,0.9,0.26163805,49925,0.02954973003057177
0.4,0.3,0.1,0.7,0.26166147,49925,0.03150116948542137
0.9,0.8,0.1,0.6,0.26167536,49925,0.03070521772775888
0.6,0.6,0.1,0.7,0.2617268,49925,0.031308940531242696
0.6,0.2,0.1,0.8,0.2617465,49925,0.030131399870186964
0.7,0.2,0.1,0.8,0.26175064,49925,0.02989461105992521
0.6,0.3,0.1,0.6,0.26175073,49925,0.031408984331166755
0.6,0.2,0.1,0.7,0.2617547,49925,0.030534660246690118
0.9,0.5,0.1,0.6,0.26181036,49925,0.03078424785563601
0.7,0.8,0.1,0.7,0.26185426,49925,0.03097087772080085
0.7,0.2,0.1,0.7,0.26189458,49925,0.03027618710224098
0.8,0.2,0.1,0.8,0.26196784,49925,0.0296901260092594
0.4,0.9,0.1,0.9,0.26198465,49925,0.031030630091590853
0.8,0.6,0.1,0.6,0.26198506,49925,0.03106422373449226
0.6,0.2,0.1,0.9,0.2620191,49925,0.029730224880269215
0.9,0.9,0.1,0.6,0.26203224,49925,0.030620531208743286
0.4,0.5,0.1,0.8,0.2620365,49925,0.03143508092373076
0.9,0.3,0.1,0.6,0.2620438,49925,0.03045476766273195
0.4,0.4,0.1,0.7,0.26205575,49925,0.031729360370038075
0.8,0.7,0.1,0.6,0.26206255,49925,0.031013806058430283
0.8,0.5,0.1,0.6,0.26206905,49925,0.03106080870696765
0.5,0.9,0.1,0.8,0.262071,49925,0.031068120633889557
0.5,0.7,0.1,0.8,0.26208383,49925,0.031221436893579223
0.4,0.6,0.1,0.9,0.2620861,49925,0.03111975249941372
0.6,0.7,0.1,0.7,0.26208627,49925,0.03126820415993305
0.6,0.8,0.1,0.7,0.26211435,49925,0.03117873772631508
0.7,0.5,0.1,0.6,0.2621171,49925,0.031340279105030226
0.5,0.2,0.1,0.8,0.26212052,49925,0.030331742931753402
0.9,0.4,0.1,0.6,0.26213142,49925,0.03067563642947679
0.6,0.9,0.1,0.7,0.26216465,49925,0.031083110496237912
0.5,0.5,0.1,0.7,0.2621808,49925,0.03156623569052924
0.5,0.4,0.1,0.6,0.26219648,49925,0.03189649049909274
0.5,0.2,0.1,0.9,0.262215,49925,0.029892914132320928
0.7,0.6,0.1,0.6,0.262227,49925,0.03131533288562242
0.6,0.2,0.1,0.6,0.26224762,49925,0.030971788480043876
0.6,0.5,0.1,0.6,0.26226407,49925,0.031623360630544495
0.4,0.8,0.1,0.9,0.2622663,49925,0.031086882042730715
0.4,0.7,0.1,0.9,0.26226738,49925,0.03112048417170455
0.4,0.3,0.1,0.6,0.26228157,49925,0.03199738535909694
0.5,0.2,0.1,0.7,0.2622858,49925,0.030804017589589585
0.7,0.2,0.1,0.6,0.2622937,49925,0.030661265260140087
0.8,0.2,0.1,0.9,0.26232693,49925,0.029357583853152767
0.5,0.8,0.1,0.8,0.26233867,49925,0.031163974561020033
0.8,0.8,0.1,0.6,0.26234913,49925,0.030938114462844196
0.3,0.3,0.1,0.9,0.26235622,49925,0.030671244951816626
0.8,0.9,0.1,0.6,0.26235953,49925,0.030843719204915496
0.9,0.2,0.1,0.9,0.2623773,49925,0.029138114765896797
0.8,0.2,0.1,0.7,0.26241216,49925,0.0300233227615732
0.7,0.3,0.1,0.5,0.26241922,49925,0.03143995350547178
0.5,0.6,0.1,0.7,0.26243418,49925,0.0315593887386657
0.5,0.3,0.1,0.5,0.26246136,49925,0.03216241080532383
0.6,0.3,0.1,0.5,0.2625206,49925,0.03179388707576244
0.4,0.5,0.1,0.7,0.26252162,49925,0.03182844628844912
0.9,0.2,0.1,0.7,0.26252642,49925,0.029747830086525484
0.7,0.4,0.1,0.5,0.26257023,49925,0.031599729696716844
0.5,0.2,0.1,0.6,0.26259083,49925,0.031292395870343395
0.3,0.4,0.1,0.9,0.26261503,49925,0.03102150977552226
0.6,0.4,0.1,0.5,0.26261592,49925,0.03194201466249349
0.4,0.6,0.1,0.8,0.2626316,49925,0.03146432323118808
0.5,0.5,0.1,0.6,0.26269078,49925,0.031927034066627794
0.9,0.2,0.1,0.8,0.2626915,49925,0.02944716855936657
0.4,0.2,0.1,0.9,0.26271686,49925,0.03002030428619569
0.4,0.4,0.1,0.6,0.2627198,49925,0.03216842335240202
0.5,0.7,0.1,0.7,0.26272917,49925,0.031505036654690906
0.7,0.9,0.1,0.6,0.2627297,49925,0.031055514310086848
0.4,0.2,0.1,0.8,0.26273555,49925,0.030502273514105033
0.3,0.5,0.1,0.9,0.2627825,49925,0.031221001211278854
0.7,0.7,0.1,0.6,0.2628062,49925,0.03125827349521685
0.3,0.4,0.1,0.8,0.2628196,49925,0.031481378838727564
0.3,0.3,0.1,0.8,0.26283967,49925,0.03119530897666733
0.8,0.3,0.1,0.5,0.2628618,49925,0.031077866444809598
0.8,0.6,0.1,0.5,0.2629079,49925,0.031302921461977565
0.8,0.4,0.1,0.5,0.26293233,49925,0.03126765385982898
0.4,0.9,0.1,0.8,0.26294124,49925,0.03127868375882335
0.4,0.7,0.1,0.8,0.26296693,49925,0.03143549750275808
0.7,0.8,0.1,0.6,0.26297578,49925,0.031172804508481394
0.5,0.8,0.1,0.7,0.26300532,49925,0.03141807123209262
0.9,0.7,0.1,0.5,0.26300785,49925,0.030942229659610816
0.4,0.5,0.1,0.6,0.26301426,49925,0.03221522715777313
0.3,0.4,0.1,0.7,0.26301664,49925,0.03195519014496595
0.4,0.8,0.1,0.8,0.26302063,49925,0.03138098941513608
0.6,0.6,0.1,0.6,0.2630362,49925,0.031594934746488404
0.9,0.4,0.1,0.5,0.26308042,49925,0.03094214638045721
0.8,0.2,0.1,0.6,0.26308236,49925,0.030361687986023247
0.3,0.9,0.1,0.9,0.26311877,49925,0.03119881128936466
0.9,0.2,0.1,0.6,0.263129,49925,0.030049856397475153
0.3,0.7,0.1,0.9,0.26317358,49925,0.03130767458470229
0.3,0.5,0.1,0.8,0.2631798,49925,0.03163327908344398
0.3,0.3,0.1,0.7,0.26317984,49925,0.03172588424015417
0.3,0.6,0.1,0.9,0.26322365,49925,0.0313010403830995
0.3,0.8,0.1,0.9,0.2632343,49925,0.031272764207380475
0.7,0.2,0.1,0.5,0.26326692,49925,0.031044202611012737
0.4,0.3,0.1,0.5,0.26327565,49925,0.03252445367802634
0.4,0.2,0.1,0.7,0.26329827,49925,0.031026464176383495
0.5,0.4,0.1,0.5,0.26330218,49925,0.032292387017679544
0.4,0.6,0.1,0.7,0.26330346,49925,0.031820999086327524
0.7,0.6,0.1,0.5,0.2633115,49925,0.03158908057483857
0.7,0.5,0.1,0.5,0.26332048,49925,0.03163011981526981
0.9,0.8,0.1,0.5,0.26333576,49925,0.03086711896545643
0.5,0.6,0.1,0.6,0.26334524,49925,0.03187987029444173
0.8,0.5,0.1,0.5,0.26335207,49925,0.03132982799213529
0.9,0.6,0.1,0.5,0.2633558,49925,0.031009959164223652
0.8,0.7,0.1,0.5,0.2633612,49925,0.031225711458480358
0.9,0.5,0.1,0.5,0.26336446,49925,0.031025107756626858
0.5,0.9,0.1,0.7,0.26341468,49925,0.031285390855774815
0.9,0.3,0.1,0.5,0.2634154,49925,0.03072085323532483
0.3,0.5,0.1,0.7,0.2634223,49925,0.03205437978138805
0.6,0.5,0.1,0.5,0.2634607,49925,0.0319415933492057
0.6,0.2,0.1,0.5,0.26346135,49925,0.03142385681120412
0.6,0.9,0.1,0.6,0.26349294,49925,0.03127075508157629
0.8,0.2,0.1,0.5,0.2635265,49925,0.03069032887342745
0.6,0.7,0.1,0.6,0.26353583,49925,0.03150682906092409
0.3,0.4,0.1,0.6,0.2635455,49925,0.03245404945534024
0.3,0.3,0.1,0.6,0.26356736,49925,0.03226702543159172
0.4,0.4,0.1,0.5,0.26362428,49925,0.032633209914605235
0.7,0.3,0.1,0.4,0.2636372,49925,0.03179917439669889
0.3,0.6,0.1,0.8,0.2636626,49925,0.03167905378855114
0.8,0.8,0.1,0.5,0.26367092,49925,0.03110930344296796
0.6,0.3,0.1,0.4,0.2636838,49925,0.032206525582351556
0.4,0.7,0.1,0.7,0.26372245,49925,0.03176384121152913
0.9,0.9,0.1,0.5,0.26372766,49925,0.030746472746477436
0.5,0.5,0.1,0.5,0.26372823,49925,0.03226378907127854
0.9,0.6,0.2,0.9,0.26379654,49925,0.03257471570408687
0.8,0.3,0.1,0.4,0.26381227,49925,0.03140503121868294
0.6,0.8,0.1,0.6,0.2638269,49925,0.03141157352695772
0.9,0.7,0.2,0.9,0.26387233,49925,0.03264806237731424
0.5,0.2,0.1,0.5,0.26393622,49925,0.03180700833131183
0.8,0.4,0.1,0.4,0.26396278,49925,0.031556469238119805
0.6,0.6,0.1,0.5,0.2639712,49925,0.03189517532960018
0.4,0.8,0.1,0.7,0.26400125,49925,0.03165593628783166
0.4,0.9,0.1,0.7,0.26400554,49925,0.03151427071183319
0.9,0.8,0.2,0.9,0.26403695,49925,0.03267048152693195
0.8,0.6,0.2,0.9,0.26403952,49925,0.032776028025918585
0.2,0.8,0.1,0.9,0.2640519,49925,0.03143739609012466
0.7,0.4,0.1,0.4,0.26406187,49925,0.031929674503492024
0.3,0.8,0.1,0.8,0.2640646,49925,0.03157543561490496
0.7,0.7,0.1,0.5,0.26407412,49925,0.03148890283059367
0.5,0.7,0.1,0.6,0.26407814,49925,0.03178005902278914
0.4,0.6,0.1,0.6,0.26409364,49925,0.032162029282223024
0.3,0.7,0.1,0.8,0.2641268,49925,0.03164599964536488
0.9,0.5,0.2,0.9,0.2641606,49925,0.032473455041784616
0.6,0.4,0.1,0.4,0.264167,49925,0.03229927315397238
0.7,0.6,0.2,0.9,0.26418474,49925,0.03298189050283206
0.5,0.9,0.1,0.6,0.26419836,49925,0.031492523206646646
0.3,0.5,0.1,0.6,0.26420113,49925,0.03249466434401205
0.4,0.2,0.1,0.6,0.2642283,49925,0.031588484148818555
0.2,0.9,0.1,0.9,0.26423782,49925,0.0313477429094071
0.8,0.7,0.2,0.9,0.26425093,49925,0.032842678941138834
0.3,0.6,0.1,0.7,0.26426342,49925,0.0320649197981419
0.5,0.4,0.1,0.4,0.26426443,49925,0.03268309204901321
0.8,0.9,0.1,0.5,0.26426816,49925,0.030991355559994074
0.9,0.2,0.1,0.5,0.26429403,49925,0.03033614731476016
0.3,0.9,0.1,0.8,0.26429537,49925,0.03146925439782274
0.3,0.3,0.1,0.5,0.26430053,49925,0.03287155063385274
0.7,0.8,0.1,0.5,0.26433864,49925,0.03138486768282341
0.4,0.5,0.1,0.5,0.2643625,49925,0.032588276457364264
0.5,0.3,0.1,0.4,0.26436707,49925,0.03260260137101599
0.9,0.3,0.1,0.4,0.26436943,49925,0.031021541710928878
0.7,0.5,0.1,0.4,0.26440057,49925,0.03191313508012239
0.8,0.8,0.2,0.9,0.26441583,49925,0.03285307744711564
0.9,0.9,0.2,0.9,0.2644162,49925,0.03265013954101515
0.7,0.7,0.2,0.9,0.26442716,49925,0.03303232523453839
0.2,0.3,0.1,0.9,0.26443416,49925,0.030711000660253254
0.5,0.6,0.1,0.5,0.26445794,49925,0.03219278956935142
0.2,0.4,0.1,0.8,0.26447427,49925,0.03162734092798054
0.3,0.2,0.1,0.9,0.26449597,49925,0.030062666977184134
0.8,0.5,0.1,0.4,0.26450986,49925,0.03156277550058493
0.4,0.7,0.1,0.6,0.26452145,49925,0.03206020514016827
0.6,0.7,0.1,0.5,0.2645301,49925,0.0317848436121716
0.5,0.8,0.1,0.6,0.26453668,49925,0.031654739744067587
0.6,0.5,0.1,0.4,0.26456535,49925,0.03227437036277964
0.2,0.4,0.1,0.7,0.2645706,49925,0.03214650585345177
0.2,0.4,0.1,0.9,0.26458603,49925,0.03113579779559638
0.8,0.5,0.2,0.9,0.26460052,49925,0.03269026692880728
0.8,0.2,0.1,0.4,0.26463452,49925,0.03102838062862772
0.9,0.4,0.1,0.4,0.26464272,49925,0.031193219288233476
0.7,0.9,0.1,0.5,0.2646498,49925,0.031243071244014063
0.2,0.6,0.1,0.9,0.26465434,49925,0.03145765125899934
0.5,0.5,0.1,0.4,0.2646588,49925,0.032641720674607654
0.9,0.6,0.2,0.8,0.26466146,49925,0.032814315437996275
0.2,0.5,0.1,0.7,0.26467714,49925,0.03226614648949222
0.2,0.7,0.1,0.9,0.26468536,49925,0.0314751067835265
0.4,0.8,0.1,0.6,0.26469085,49925,0.031909500587671676
0.7,0.2,0.1,0.4,0.2646922,49925,0.03144784077790368
0.3,0.2,0.1,0.8,0.26470235,49925,0.03061046380756603
0.8,0.9,0.2,0.9,0.26470408,49925,0.03284372109309285
0.3,0.4,0.1,0.5,0.26473498,49925,0.03295496813973043
0.9,0.8,0.2,0.8,0.26474664,49925,0.032879653381980185
0.2,0.3,0.1,0.8,0.2647538,49925,0.03126228341551259
0.2,0.5,0.1,0.9,0.26476195,49925,0.031358383129063735
0.6,0.8,0.1,0.5,0.26481122,49925,0.031646913185547
0.2,0.7,0.1,0.8,0.26481885,49925,0.031837613990719986
0.2,0.8,0.1,0.8,0.26482946,49925,0.031745968126548785
0.3,0.7,0.1,0.7,0.2648359,49925,0.031990503108717615
0.4,0.6,0.1,0.5,0.2648366,49925,0.03249406338353134
0.2,0.5,0.1,0.8,0.26484343,49925,0.03180868771273246
0.4,0.5,0.1,0.4,0.26485574,49925,0.03300674229879801
0.9,0.7,0.2,0.8,0.2648609,49925,0.032871191061400046
0.9,0.4,0.2,0.9,0.26486218,49925,0.032284777113657626
0.3,0.6,0.1,0.6,0.26487264,49925,0.03245008506213729
0.9,0.9,0.2,0.8,0.26488307,49925,0.03285945029438259
0.2,0.6,0.1,0.8,0.26489145,49925,0.03185357740543953
0.8,0.6,0.2,0.8,0.26493698,49925,0.03304456253432602
0.4,0.3,0.1,0.4,0.26493698,49925,0.03304456253432602
0.3,0.8,0.1,0.7,0.2649398,49925,0.03186500479791594
0.2,0.9,0.1,0.8,0.26495364,49925,0.03164174130408426
0.7,0.8,0.2,0.9,0.26500082,49925,0.0330416767255932
0.3,0.5,0.1,0.5,0.265042,49925,0.032931412762583746
0.8,0.6,0.1,0.4,0.2650499,49925,0.0315044696567465
0.8,0.9,0.2,0.8,0.26506406,49925,0.03304639524141867
0.3,0.9,0.1,0.7,0.26507482,49925,0.031716769915684624
0.8,0.7,0.2,0.8,0.26507974,49925,0.03308232502042994
0.5,0.7,0.1,0.5,0.2651105,49925,0.03207686558871224
0.6,0.9,0.1,0.5,0.2651109,49925,0.03149385966642309
0.7,0.7,0.2,0.8,0.2651425,49925,0.03329388759456274
0.4,0.9,0.1,0.6,0.26514268,49925,0.0317220222313967
0.9,0.6,0.1,0.4,0.2651447,49925,0.03118987057174459
0.2,0.3,0.1,0.7,0.26515418,49925,0.03187744755762744
0.9,0.5,0.2,0.8,0.2651589,49925,0.03273999512378009
0.6,0.7,0.2,0.9,0.26515943,49925,0.03320650669983714
0.7,0.6,0.1,0.4,0.26516157,49925,0.031829553927519676
0.8,0.8,0.2,0.8,0.2651688,49925,0.033084561937870245
0.4,0.4,0.1,0.4,0.2651688,49925,0.033084561937870245
0.4,0.2,0.1,0.5,0.2652146,49925,0.03217490824513194
0.7,0.9,0.2,0.9,0.26522344,49925,0.03302385142108626
0.5,0.8,0.1,0.5,0.26523378,49925,0.031898410219681254
0.7,0.9,0.2,0.8,0.26526612,49925,0.03324456251481242
0.6,0.8,0.2,0.9,0.2652706,49925,0.03321697164863352
0.9,0.7,0.1,0.4,0.2652802,49925,0.031097688653211372
0.9,0.2,0.1,0.4,0.2652849,49925,0.030626814572901288
0.2,0.4,0.1,0.6,0.2652936,49925,0.03268964578204281
0.9,0.5,0.1,0.4,0.26531023,49925,0.031236274362976657
0.3,0.2,0.1,0.7,0.26531532,49925,0.03119935988849415
0.6,0.6,0.2,0.9,0.26531887,49925,0.03317283300077116
0.9,0.7,0.2,0.7,0.26532018,49925,0.03310604351304275
0.3,0.7,0.1,0.6,0.265327,49925,0.03232351888034949
0.7,0.5,0.2,0.9,0.26534113,49925,0.03289772851117056
0.9,0.6,0.2,0.7,0.265385,49925,0.03307902652349204
0.8,0.7,0.1,0.4,0.26540595,49925,0.03140636969339896
0.4,0.7,0.1,0.5,0.26543257,49925,0.03237318868628688
0.6,0.6,0.1,0.4,0.2654538,49925,0.03216783337690086
0.5,0.9,0.1,0.5,0.26546383,49925,0.03171181561107113
0.2,0.5,0.1,0.6,0.26549307,49925,0.03273413345132463
0.6,0.2,0.1,0.4,0.2654971,49925,0.031883666508006565
0.9,0.9,0.1,0.4,0.26549876,49925,0.030877704409219688
0.8,0.5,0.2,0.8,0.26550084,49925,0.032961334473694974
0.6,0.9,0.2,0.9,0.2655052,49925,0.03320477628245157
0.7,0.6,0.2,0.8,0.2655103,49925,0.033256973864263566
0.1,0.9,0.1,0.9,0.26551607,49925,0.03148936008575867
0.2,0.7,0.1,0.7,0.26552036,49925,0.03221548678299562
0.7,0.8,0.2,0.8,0.26552397,49925,0.03328289040193863
0.5,0.6,0.1,0.4,0.26554003,49925,0.032500174135644835
0.9,0.9,0.2,0.7,0.2655939,49925,0.03305926926636313
0.8,0.7,0.2,0.7,0.26561204,49925,0.033339177010554555
0.9,0.8,0.2,0.7,0.2656238,49925,0.033096653942709456
0.2,0.6,0.1,0.7,0.26563182,49925,0.03227088416760224
0.5,0.2,0.1,0.4,0.26563963,49925,0.03233819381506249
0.5,0.9,0.2,0.9,0.26564026,49925,0.03337021576465421
0.3,0.3,0.1,0.4,0.26565233,49925,0.03347800207744994
0.6,0.6,0.2,0.8,0.26565233,49925,0.03347800207744994
0.9,0.8,0.1,0.4,0.2656609,49925,0.03099083130947231
0.3,0.2,0.1,0.6,0.26568282,49925,0.031850285764446894
0.1,0.8,0.1,0.9,0.2656945,49925,0.03157005068371907
0.3,0.6,0.1,0.5,0.26571918,49925,0.03283068813298071
0.7,0.3,0.1,0.3,0.26574463,49925,0.03213143578957124
0.8,0.9,0.2,0.7,0.2657488,49925,0.03327772115591777
0.8,0.3,0.1,0.3,0.2657622,49925,0.0316891978145493
0.8,0.6,0.2,0.7,0.26578623,49925,0.03331138703915303
0.6,0.9,0.2,0.8,0.26579973,49925,0.0334552321090625
0.8,0.8,0.1,0.4,0.2658343,49925,0.0312803892722739
0.2,0.6,0.1,0.6,0.26584613,49925,0.03269724237415858
0.4,0.6,0.1,0.4,0.26584944,49925,0.03286212964978446
0.6,0.4,0.1,0.3,0.26584977,49925,0.03263398631549451
0.2,0.8,0.1,0.7,0.2658517,49925,0.032070930882571985
0.8,0.8,0.2,0.7,0.26586425,49925,0.03332089571815856
0.3,0.8,0.1,0.6,0.26589164,49925,0.03215946000729174
0.2,0.7,0.1,0.6,0.26591107,49925,0.03257684290003691
0.2,0.9,0.1,0.7,0.2659197,49925,0.031916297465751454
0.2,0.3,0.1,0.6,0.26592425,49925,0.032527834536184505
0.6,0.7,0.2,0.8,0.26593345,49925,0.03349328000913129
0.1,0.9,0.1,0.8,0.2659533,49925,0.031798686179309074
0.4,0.8,0.1,0.5,0.2659576,49925,0.032166439000354895
0.5,0.7,0.2,0.9,0.26598918,49925,0.03340186823349533
0.7,0.7,0.1,0.4,0.2659948,49925,0.03171795059217291
0.7,0.4,0.1,0.3,0.26601446,49925,0.032211114539171005
0.8,0.4,0.2,0.9,0.26601774,49925,0.032496446100884015
0.3,0.9,0.1,0.6,0.2660187,49925,0.03196126177145858
0.6,0.7,0.1,0.4,0.26601976,49925,0.03202660258816839
0.2,0.5,0.1,0.5,0.26602653,49925,0.03322257907334176
0.3,0.7,0.1,0.5,0.2660331,49925,0.03264619168836974
0.5,0.8,0.2,0.9,0.26605415,49925,0.033412134585956606
0.6,0.8,0.2,0.8,0.26607114,49925,0.033479424778482786
0.3,0.4,0.1,0.4,0.26607114,49925,0.033479424778482786
0.3,0.5,0.1,0.4,0.26608288,49925,0.033385956070846254
0.5,0.9,0.2,0.8,0.26608443,49925,0.03364417681245861
0.7,0.9,0.2,0.7,0.26610073,49925,0.03347451161612298
0.7,0.5,0.2,0.8,0.26611602,49925,0.03319424351371063
0.6,0.3,0.1,0.3,0.26611957,49925,0.03261213033051549
0.9,0.5,0.2,0.7,0.26613885,49925,0.03300607037919543
0.9,0.3,0.1,0.3,0.26613945,49925,0.0312715223515246
0.2,0.4,0.1,0.5,0.26615632,49925,0.033283414855955
0.6,0.5,0.2,0.9,0.26618645,49925,0.03308445909184159
0.1,0.8,0.1,0.8,0.2661891,49925,0.03192955817130081
0.5,0.4,0.1,0.3,0.26620585,49925,0.03307326232507568
0.7,0.7,0.2,0.7,0.26620978,49925,0.03356638222737998
0.1,0.7,0.1,0.9,0.26621193,49925,0.031603293391301655
0.8,0.9,0.1,0.4,0.26622963,49925,0.031122425301152203
0.9,0.4,0.2,0.8,0.26623884,49925,0.03257436147117537
0.2,0.7,0.1,0.5,0.26624,49925,0.03293805153158224
0.4,0.9,0.1,0.5,0.26626027,49925,0.0319521768867472
0.7,0.5,0.1,0.3,0.2662654,49925,0.032180335940528625
0.9,0.7,0.2,0.6,0.26627147,49925,0.03333247596158154
0.7,0.8,0.1,0.4,0.26629236,49925,0.031556836244043165
0.2,0.8,0.1,0.6,0.2663133,49925,0.03239861386402371
0.7,0.8,0.2,0.7,0.26634005,49925,0.03353381722754102
0.5,0.3,0.1,0.3,0.26637095,49925,0.0330800690590198
0.1,0.7,0.1,0.8,0.26640373,49925,0.03201186492499583
0.9,0.9,0.2,0.6,0.26641864,49925,0.03326539050596015
0.8,0.5,0.1,0.3,0.26642054,49925,0.031798222238838
0.3,0.6,0.1,0.4,0.2664262,49925,0.03322132178878357
0.5,0.6,0.2,0.9,0.26642656,49925,0.03336549147632401
0.5,0.7,0.1,0.4,0.26642874,49925,0.03233872718231284
0.9,0.8,0.2,0.6,0.2664772,49925,0.033297632149803344
0.7,0.6,0.2,0.7,0.26648664,49925,0.0335577851920213
0.9,0.6,0.2,0.6,0.26649272,49925,0.033317299902949675
0.8,0.4,0.1,0.3,0.26650637,49925,0.0318020122050116
0.5,0.8,0.2,0.8,0.26651847,49925,0.03368787741066963
0.3,0.8,0.1,0.5,0.2665359,49925,0.03245619498651239
0.1,0.9,0.1,0.7,0.26656052,49925,0.03212031758274783
0.4,0.9,0.2,0.9,0.2665654,49925,0.0335468027475593
0.2,0.9,0.1,0.6,0.26656792,49925,0.032186300849097994
0.5,0.5,0.1,0.3,0.26658303,49925,0.032980939827545186
0.1,0.6,0.1,0.8,0.26659977,49925,0.03201635996587135
0.2,0.6,0.1,0.5,0.26660162,49925,0.03312267633735027
0.6,0.5,0.1,0.3,0.26662114,49925,0.032575511039048315
0.8,0.5,0.2,0.7,0.26662385,49925,0.03326762550329591
0.6,0.9,0.2,0.7,0.26662517,49925,0.033688975754676116
0.8,0.9,0.2,0.6,0.26662594,49925,0.03347119167684253
0.6,0.8,0.1,0.4,0.26662675,49925,0.031844181232783215
0.1,0.4,0.1,0.9,0.26662982,49925,0.031160418886328436
0.1,0.6,0.1,0.9,0.2666486,49925,0.03156948390443231
0.9,0.4,0.1,0.3,0.26664865,49925,0.03139975888194794
0.6,0.8,0.2,0.7,0.26667154,49925,0.03375276743673325
0.6,0.7,0.2,0.7,0.26668268,49925,0.03378665241378578
0.7,0.9,0.1,0.4,0.2666979,49925,0.03138589682763198
0.8,0.7,0.2,0.6,0.2667056,49925,0.03359174206939219
0.1,0.7,0.1,0.7,0.26675412,49925,0.032407616767182436
0.1,0.6,0.1,0.7,0.26676548,49925,0.03246304713454691
0.1,0.8,0.1,0.7,0.266778,49925,0.03227879171799378
0.4,0.7,0.1,0.4,0.26679033,49925,0.03266076355215369
0.1,0.5,0.1,0.7,0.2667995,49925,0.032437836404368696
0.9,0.5,0.1,0.3,0.26680693,49925,0.031420303050581584
0.5,0.7,0.2,0.8,0.2668309,49925,0.03370556498029427
0.1,0.4,0.1,0.8,0.26683208,49925,0.031700400304565064
0.3,0.2,0.1,0.5,0.26684663,49925,0.03254871343994935
0.1,0.5,0.1,0.9,0.26685143,49925,0.03141656489297338
0.3,0.7,0.1,0.4,0.26685435,49925,0.03299434265043975
0.1,0.5,0.1,0.8,0.26688063,49925,0.031906645003581334
0.4,0.8,0.2,0.9,0.26688254,49925,0.03356857188318462
0.4,0.5,0.1,0.3,0.26688915,49925,0.03339571872524483
0.1,0.5,0.1,0.6,0.26691347,49925,0.03297279835846445
0.4,0.2,0.1,0.4,0.26691997,49925,0.03281337087949674
0.8,0.4,0.2,0.8,0.26691997,49925,0.03281337087949674
0.2,0.3,0.1,0.5,0.26692203,49925,0.03319830198826346
0.4,0.3,0.1,0.3,0.26695716,49925,0.03360361223498514
0.8,0.6,0.2,0.6,0.26695716,49925,0.03360361223498514
0.8,0.8,0.2,0.6,0.26697582,49925,0.03354153591481861
0.4,0.4,0.1,0.3,0.26697582,49925,0.03354153591481861
0.3,0.9,0.1,0.5,0.2669819,49925,0.032206660773434134
0.9,0.5,0.2,0.6,0.2669846,49925,0.033297286305637885
0.2,0.7,0.1,0.4,0.26698595,49925,0.033300222689393824
0.7,0.4,0.2,0.9,0.26699626,49925,0.03270953487949918
0.5,0.9,0.2,0.7,0.26704758,49925,0.03390091429643458
0.7,0.9,0.2,0.6,0.267074,49925,0.033704502296306366
0.2,0.5,0.1,0.4,0.26708016,49925,0.033754313382202514
0.6,0.6,0.2,0.7,0.26708055,49925,0.033791119608473925
0.2,0.6,0.1,0.4,0.26708066,49925,0.033554716977674294
0.4,0.7,0.2,0.9,0.26710176,49925,0.03357790868885839
0.5,0.8,0.2,0.7,0.2671425,49925,0.03397561375927262
0.6,0.6,0.1,0.3,0.2671452,49925,0.03242331662100469
0.6,0.5,0.2,0.8,0.26714572,49925,0.03343766816866854
0.8,0.6,0.1,0.3,0.26714605,49925,0.03171110123713176
0.1,0.7,0.1,0.6,0.26716012,49925,0.03280220704565144
0.7,0.7,0.2,0.6,0.26716322,49925,0.03384306059446226
0.1,0.8,0.1,0.6,0.2671651,49925,0.032632611974470156
0.2,0.8,0.1,0.5,0.26717222,49925,0.032715425923011264
0.8,0.2,0.1,0.3,0.26720157,49925,0.03133654041555904
0.6,0.9,0.1,0.4,0.267204,49925,0.03164035004439815
0.5,0.8,0.1,0.4,0.26721963,49925,0.03213148288814884
0.7,0.2,0.1,0.3,0.26724082,49925,0.031836395363896194
0.5,0.5,0.2,0.9,0.2672871,49925,0.033283069093189184
0.4,0.9,0.2,0.8,0.2673079,49925,0.03381849982605045
0.1,0.4,0.1,0.7,0.26730806,49925,0.03228290754025564
0.7,0.8,0.2,0.6,0.26732922,49925,0.033776550812601835
0.4,0.8,0.1,0.4,0.26735526,49925,0.032421415471310146
0.5,0.6,0.1,0.3,0.26735795,49925,0.03279595775018471
0.5,0.6,0.2,0.8,0.26737905,49925,0.03369762414063487
0.7,0.6,0.1,0.3,0.2673993,49925,0.032068977615291906
0.4,0.8,0.2,0.8,0.26741245,49925,0.03388031287144161
0.2,0.4,0.1,0.4,0.26741245,49925,0.03388031287144161
0.5,0.9,0.1,0.4,0.26745388,49925,0.031909288650886734
0.6,0.2,0.1,0.3,0.26746103,49925,0.0323644874426689
0.9,0.6,0.1,0.3,0.26746303,49925,0.03136650118855395
0.1,0.6,0.1,0.6,0.2674701,49925,0.03292994387387335
0.1,0.9,0.1,0.6,0.267508,49925,0.032412740580067934
0.3,0.5,0.1,0.3,0.2675184,49925,0.03381781039923226
0.9,0.4,0.2,0.7,0.26752606,49925,0.032881932931233156
0.9,0.3,0.2,0.9,0.26752955,49925,0.032006050673040444
0.7,0.5,0.2,0.7,0.26753286,49925,0.033520023794542414
0.7,0.6,0.2,0.6,0.26753873,49925,0.03386653805799411
0.3,0.9,0.2,0.9,0.26754338,49925,0.033726966547171985
0.3,0.8,0.1,0.4,0.2675677,49925,0.03272324911704748
0.4,0.6,0.1,0.3,0.26757482,49925,0.03317371404685561
0.1,0.7,0.1,0.5,0.26757714,49925,0.03321144075327524
0.9,0.7,0.1,0.3,0.2675792,49925,0.031255844935207576
0.9,0.8,0.2,0.5,0.2676278,49925,0.03351823084307286
0.6,0.8,0.2,0.6,0.26765168,49925,0.03402057203200767
0.3,0.4,0.1,0.3,0.26765168,49925,0.03402057203200767
0.9,0.9,0.2,0.5,0.26768348,49925,0.03344366765412393
0.9,0.2,0.1,0.3,0.2676888,49925,0.030902903739003434
0.2,0.9,0.1,0.5,0.2677259,49925,0.03249025711633223
0.1,0.8,0.1,0.5,0.2677366,49925,0.032982846973394056
0.6,0.7,0.1,0.3,0.26776063,49925,0.0322405317930526
0.8,0.5,0.2,0.6,0.26778495,49925,0.033573348091098285
0.6,0.9,0.2,0.6,0.26779848,49925,0.033935056079970716
0.5,0.7,0.2,0.7,0.26780146,49925,0.034015811072082375
0.1,0.6,0.1,0.5,0.26780283,49925,0.03340872281085907
0.1,0.5,0.1,0.5,0.26780534,49925,0.033547022747536195
0.4,0.9,0.2,0.7,0.2678083,49925,0.03410712414149501
0.8,0.9,0.2,0.5,0.267814,49925,0.03367713264607439
0.8,0.7,0.1,0.3,0.26783416,49925,0.03158686468199999
0.3,0.8,0.2,0.9,0.2678395,49925,0.03376299775071181
0.6,0.4,0.2,0.9,0.26784706,49925,0.03293204000667901
0.2,0.2,0.1,0.9,0.2678947,49925,0.030042155373120757
0.4,0.6,0.2,0.9,0.26790553,49925,0.03356766365184299
0.1,0.4,0.1,0.6,0.26791227,49925,0.032924809100469014
0.9,0.9,0.1,0.3,0.26791248,49925,0.03097045594691341
0.9,0.8,0.1,0.3,0.26795596,49925,0.03113063356744565
0.8,0.8,0.2,0.5,0.26796767,49925,0.03376904201463573
0.4,0.9,0.1,0.4,0.26797318,49925,0.032150349954254
0.8,0.8,0.1,0.3,0.26797408,49925,0.0314159059178442
0.3,0.6,0.1,0.3,0.26808214,49925,0.03357365424865865
0.6,0.7,0.2,0.6,0.26808533,49925,0.034084627560476824
0.5,0.7,0.1,0.3,0.26810396,49925,0.03258399687183218
0.9,0.3,0.2,0.8,0.2681092,49925,0.03231804904589917
0.9,0.7,0.2,0.5,0.26810947,49925,0.033561803306941515
0.2,0.8,0.1,0.4,0.2681229,49925,0.03303295388460113
0.1,0.6,0.1,0.4,0.2681378,49925,0.03389047977434584
0.8,0.3,0.2,0.9,0.26814276,49925,0.032221031107435294
0.7,0.7,0.1,0.3,0.26814732,49925,0.03191568103799911
0.4,0.8,0.2,0.7,0.26815665,49925,0.034208457164688
0.4,0.7,0.2,0.8,0.26816717,49925,0.03391503858475193
0.1,0.3,0.1,0.9,0.26817203,49925,0.030675375600584285
0.6,0.5,0.2,0.7,0.268198,49925,0.033797140781375704
0.5,0.2,0.1,0.3,0.2682085,49925,0.03290417463373238
0.2,0.6,0.1,0.3,0.26821136,49925,0.033966543786734985
0.5,0.9,0.2,0.6,0.2682262,49925,0.034160639198352404
0.1,0.3,0.1,0.8,0.26823816,49925,0.031289616796085634
0.4,0.7,0.1,0.3,0.2682414,49925,0.03291380919589987
0.7,0.4,0.2,0.8,0.2682578,49925,0.03307823596921801
0.3,0.9,0.2,0.8,0.26827568,49925,0.03399792798534515
0.5,0.5,0.2,0.8,0.268301,49925,0.0336544014349962
0.9,0.6,0.2,0.5,0.26830313,49925,0.033591658776553436
0.2,0.2,0.1,0.8,0.26831335,49925,0.030658193076624856
0.1,0.7,0.1,0.4,0.26836318,49925,0.0335957473366271
0.8,0.7,0.2,0.5,0.26837802,49925,0.03383238397060519
0.7,0.9,0.2,0.5,0.2684087,49925,0.03390801250276962
0.1,0.9,0.1,0.5,0.2684437,49925,0.032717446352642364
0.3,0.3,0.1,0.3,0.26845837,49925,0.034152667796700266
0.6,0.6,0.2,0.6,0.26845837,49925,0.034152667796700266
0.9,0.9,0.3,0.9,0.26845837,49925,0.034152667796700266
0.5,0.6,0.2,0.7,0.26847145,49925,0.034059413489540426
0.3,0.7,0.1,0.3,0.26847255,49925,0.033282522396593135
0.3,0.9,0.1,0.4,0.26847482,49925,0.03245960473301051
0.2,0.9,0.2,0.9,0.26848197,49925,0.03390121319350978
0.2,0.2,0.1,0.7,0.26850504,49925,0.03131488467848629
0.5,0.8,0.2,0.6,0.26853082,49925,0.03427295032772287
0.8,0.4,0.2,0.7,0.2685392,49925,0.03315686127156819
0.3,0.8,0.2,0.8,0.26857027,49925,0.03408721868011432
0.7,0.5,0.2,0.6,0.2686518,49925,0.03386642990621429
0.8,0.6,0.2,0.5,0.26865488,49925,0.03387742090912323
0.7,0.8,0.1,0.3,0.2686567,49925,0.03171743896855599
0.8,0.9,0.1,0.3,0.268668,49925,0.031240767373847112
0.2,0.7,0.1,0.3,0.26867232,49925,0.033662244940990654
0.1,0.3,0.1,0.7,0.26869515,49925,0.03196167314458811
0.5,0.8,0.1,0.3,0.26873407,49925,0.03234700750056977
0.1,0.8,0.1,0.4,0.26875082,49925,0.033318658774514974
0.3,0.9,0.2,0.7,0.26883596,49925,0.03432070126507824
0.7,0.8,0.2,0.5,0.26884472,49925,0.03402602612255664
0.2,0.3,0.1,0.4,0.268871,49925,0.033934878768773206
0.4,0.6,0.2,0.8,0.268871,49925,0.033934878768773206
0.3,0.7,0.2,0.9,0.26888484,49925,0.033765898002264975
0.2,0.5,0.1,0.3,0.26889324,49925,0.03427446017684601
0.6,0.9,0.2,0.5,0.26889646,49925,0.03416294772857115
0.6,0.8,0.1,0.3,0.2689012,49925,0.03202710372682007
0.4,0.8,0.1,0.3,0.2689153,49925,0.03265294973692419
0.7,0.4,0.1,0.2,0.26892516,49925,0.03248756686246388
0.5,0.4,0.1,0.2,0.26898277,49925,0.03346534543230595
0.2,0.9,0.1,0.4,0.26898426,49925,0.032759215794613
0.6,0.4,0.2,0.8,0.26898623,49925,0.03332263096829199
0.3,0.2,0.1,0.4,0.26898623,49925,0.03332263096829199
0.6,0.4,0.1,0.2,0.26899266,49925,0.032956896932751445
0.9,0.4,0.2,0.6,0.26903284,49925,0.03320004361995167
0.9,0.5,0.2,0.5,0.26903957,49925,0.0335703105049985
0.7,0.7,0.2,0.5,0.2690509,49925,0.034106545385219615
0.9,0.8,0.2,0.4,0.26905242,49925,0.03371441046756799
0.1,0.4,0.1,0.5,0.2690568,49925,0.033584770751285783
0.7,0.9,0.1,0.3,0.26908544,49925,0.031501250188653435
0.9,0.3,0.1,0.2,0.26909962,49925,0.03148466070393096
0.4,0.9,0.2,0.6,0.26910156,49925,0.0343999612869825
0.8,0.4,0.1,0.2,0.26910514,49925,0.032028856856462194
0.7,0.5,0.1,0.2,0.2691255,49925,0.03242730547660666
0.7,0.3,0.1,0.2,0.2691341,49925,0.03245397730208916
0.4,0.5,0.2,0.9,0.26914042,49925,0.03348599650818612
0.1,0.5,0.1,0.4,0.26916987,49925,0.034101575858739325
0.8,0.3,0.1,0.2,0.269182,49925,0.03195288870274383
0.6,0.8,0.2,0.5,0.2691968,49925,0.03428765336123013
0.9,0.4,0.1,0.2,0.26919994,49925,0.03160438807798391
0.4,0.7,0.2,0.7,0.26922476,49925,0.03427473966144101
0.3,0.8,0.1,0.3,0.26923615,49925,0.032995940808644764
0.9,0.8,0.3,0.9,0.2692551,49925,0.03417475405815577
0.4,0.5,0.1,0.2,0.26926047,49925,0.0337449968245334
0.9,0.9,0.2,0.4,0.26926184,49925,0.03362847547281071
0.6,0.5,0.1,0.2,0.26927325,49925,0.03284023228621239
0.6,0.3,0.1,0.2,0.2693057,49925,0.03299061428516939
0.8,0.3,0.2,0.8,0.2693077,49925,0.03258232941509871
0.5,0.5,0.1,0.2,0.26931107,49925,0.0332714789746273
0.8,0.9,0.2,0.4,0.26934218,49925,0.03387443622156379
0.2,0.2,0.1,0.6,0.26934478,49925,0.03206631304184062
0.6,0.9,0.1,0.3,0.2693664,49925,0.03178861007391831
0.7,0.4,0.2,0.7,0.2693748,49925,0.03342906702954194
0.1,0.9,0.1,0.4,0.26939076,49925,0.03303567675798919
0.7,0.6,0.2,0.5,0.2694108,49925,0.03417534536245274
0.5,0.7,0.2,0.6,0.2694295,49925,0.03435648920305352
0.8,0.5,0.1,0.2,0.26943246,49925,0.032001726384551024
0.5,0.4,0.2,0.9,0.2694797,49925,0.03312421756741292
0.4,0.9,0.1,0.3,0.2694837,49925,0.032386377726403334
0.8,0.5,0.2,0.5,0.2694935,49925,0.03387185063922836
0.2,0.8,0.2,0.9,0.26952407,49925,0.033948675255819606
0.2,0.9,0.2,0.8,0.2695297,49925,0.03420808218670627
0.9,0.5,0.1,0.2,0.26953572,49925,0.03160302818928792
0.9,0.7,0.2,0.4,0.2695714,49925,0.033788714347707575
0.8,0.8,0.2,0.4,0.26957974,49925,0.033991345939057775
0.4,0.4,0.1,0.2,0.26957974,49925,0.033991345939057775
0.5,0.9,0.1,0.3,0.26960254,49925,0.03207946211944901
0.7,0.3,0.2,0.9,0.26960424,49925,0.03242501088735526
0.1,0.6,0.1,0.3,0.26960856,49925,0.03436893692500969
0.5,0.3,0.1,0.2,0.26963177,49925,0.03355271557071404
0.9,0.3,0.2,0.7,0.2696792,49925,0.03264930762807039
0.8,0.9,0.3,0.9,0.26970372,49925,0.03433126204368339
0.2,0.8,0.1,0.3,0.26972803,49925,0.03332149533034458
0.3,0.6,0.1,0.2,0.26973462,49925,0.0339203532429722
0.9,0.9,0.3,0.8,0.26974374,49925,0.034386807854330306
0.4,0.8,0.2,0.6,0.2697568,49925,0.03452512063687237
0.2,0.4,0.1,0.3,0.2697568,49925,0.03452512063687237
0.5,0.9,0.2,0.5,0.26980677,49925,0.03441666485770602
0.6,0.1,0.1,0.7,0.26981372,49925,0.029653437834004412
0.8,0.4,0.2,0.6,0.2698434,49925,0.033510842501869885
0.4,0.2,0.1,0.3,0.2698434,49925,0.033510842501869885
0.1,0.7,0.1,0.3,0.26985565,49925,0.03401511024209717
0.6,0.5,0.2,0.6,0.2698624,49925,0.03418145031241149
0.4,0.6,0.1,0.2,0.26987153,49925,0.033494576345010164
0.5,0.1,0.1,0.7,0.26991314,49925,0.029876301252697662
0.5,0.8,0.2,0.5,0.2699246,49925,0.034558459388875765
0.1,0.3,0.1,0.6,0.26992637,49925,0.03268760305446895
0.5,0.5,0.2,0.7,0.26992953,49925,0.034069386668793285
0.3,0.6,0.2,0.9,0.26993138,49925,0.03374783505214814
0.5,0.1,0.1,0.6,0.26993445,49925,0.030420291946386038
0.3,0.9,0.1,0.3,0.2699409,49925,0.03269561332264714
0.6,0.7,0.2,0.5,0.26996768,49925,0.03439360843913735
0.7,0.9,0.2,0.4,0.26997083,49925,0.034131738933230904
0.3,0.8,0.2,0.7,0.26997927,49925,0.03442393365913262
0.3,0.7,0.2,0.8,0.2699802,49925,0.03414353016689369
0.5,0.1,0.1,0.8,0.26999292,49925,0.029387369960040127
0.7,0.6,0.1,0.2,0.2699944,49925,0.03227549143554792
0.6,0.1,0.1,0.6,0.27000058,49925,0.03012577067990796
0.6,0.1,0.1,0.8,0.27008384,49925,0.029208161014421648
0.5,0.6,0.2,0.6,0.27009496,49925,0.0344406905431546
0.4,0.6,0.2,0.7,0.27009603,49925,0.03431792705334988
0.5,0.6,0.1,0.2,0.27010828,49925,0.033066658543961874
0.1,0.8,0.1,0.3,0.2701128,49925,0.033681206773061446
0.3,0.9,0.2,0.6,0.27012327,49925,0.034649256268233536
0.8,0.7,0.2,0.4,0.27012366,49925,0.03407869356692539
0.3,0.5,0.1,0.2,0.27013475,49925,0.03425570868877693
0.6,0.6,0.1,0.2,0.2701495,49925,0.03265376640882003
0.8,0.6,0.1,0.2,0.2701569,49925,0.03189829513665695
0.1,0.4,0.1,0.4,0.27016604,49925,0.03430011043583192
0.2,0.8,0.2,0.8,0.27016604,49925,0.03430011043583192
0.4,0.5,0.2,0.8,0.27017733,49925,0.03391068014266561
0.1,0.9,0.2,0.9,0.27017754,49925,0.034048839396654665
0.9,0.8,0.3,0.8,0.27019975,49925,0.034427941226122964
0.9,0.6,0.2,0.4,0.27021742,49925,0.033851506224493434
0.2,0.9,0.1,0.3,0.27024484,49925,0.03301198601153489
0.8,0.8,0.3,0.9,0.27025288,49925,0.03437662784023413
0.2,0.2,0.1,0.5,0.27028555,49925,0.03288096333383249
0.5,0.4,0.2,0.8,0.27029145,49925,0.03354605847607453
0.9,0.7,0.3,0.9,0.2703184,49925,0.034159265306468116
0.4,0.7,0.1,0.2,0.27034542,49925,0.03317060921370613
0.6,0.9,0.2,0.4,0.2703612,49925,0.03442127743444335
0.9,0.6,0.1,0.2,0.27037096,49925,0.031519382853822935
0.6,0.6,0.2,0.5,0.27040824,49925,0.03450939854535591
0.6,0.4,0.2,0.7,0.27041274,49925,0.03371492277851542
0.7,0.8,0.2,0.4,0.27043742,49925,0.034267373589702776
0.6,0.3,0.2,0.9,0.27043772,49925,0.032629914504975384
0.3,0.7,0.1,0.2,0.27045667,49925,0.033574128989973605
0.1,0.5,0.1,0.3,0.2704628,49925,0.03474266539157574
0.6,0.1,0.1,0.9,0.27046913,49925,0.028801427312116507
0.4,0.7,0.2,0.6,0.2705091,49925,0.034637995196443776
0.2,0.7,0.2,0.9,0.2705117,49925,0.03395016730145938
0.7,0.9,0.3,0.9,0.27052528,49925,0.034540494179619734
0.7,0.4,0.2,0.6,0.270535,49925,0.03381777602509669
0.7,0.1,0.1,0.7,0.27054006,49925,0.029413704651445813
0.7,0.3,0.2,0.8,0.27054164,49925,0.03281853351148007
0.5,0.7,0.1,0.2,0.27055556,49925,0.03279757975632089
0.1,0.9,0.1,0.3,0.27057382,49925,0.033318247918372054
0.4,0.9,0.2,0.5,0.27059597,49925,0.034691637269274204
0.5,0.1,0.1,0.9,0.27066028,49925,0.028912888444832512
0.8,0.9,0.3,0.8,0.27069572,49925,0.03459743341628979
0.2,0.9,0.2,0.7,0.27070385,49925,0.03454343586152173
0.7,0.1,0.1,0.6,0.27070937,49925,0.02980831409742238
0.4,0.1,0.1,0.9,0.2707116,49925,0.028959801075036783
0.7,0.5,0.2,0.5,0.27072114,49925,0.0342186019512356
0.8,0.6,0.2,0.4,0.2707216,49925,0.03416784152923395
0.4,0.3,0.1,0.2,0.2707216,49925,0.03416784152923395
0.3,0.6,0.2,0.8,0.2707237,49925,0.03415507728049465
0.9,0.7,0.1,0.2,0.27078375,49925,0.03139048738623927
0.8,0.3,0.2,0.7,0.27078807,49925,0.032922188631734454
0.9,0.4,0.2,0.5,0.2707946,49925,0.03352206468753112
0.5,0.7,0.2,0.5,0.27083376,49925,0.03471007579757206
0.4,0.1,0.1,0.7,0.2708339,49925,0.030067939094408743
0.6,0.7,0.1,0.2,0.27086052,49925,0.0324298145174295
0.7,0.1,0.1,0.8,0.2708811,49925,0.029018374409726214
0.4,0.1,0.1,0.8,0.27089816,49925,0.02949769110453678
0.2,0.6,0.1,0.2,0.2709085,49925,0.03437990007083004
0.7,0.2,0.1,0.2,0.27095467,49925,0.032191219751603904
0.1,0.3,0.1,0.5,0.27097178,49925,0.03348276458983476
0.4,0.8,0.1,0.2,0.2709721,49925,0.03287078099127864
0.3,0.5,0.2,0.9,0.2709793,49925,0.03366879560337289
0.8,0.2,0.1,0.2,0.2710051,49925,0.03165306120875804
0.9,0.9,0.1,0.2,0.27101058,49925,0.03104928186197112
0.7,0.7,0.1,0.2,0.27101508,49925,0.03208312207047427
0.9,0.2,0.1,0.2,0.27103245,49925,0.03112935722178128
0.3,0.7,0.2,0.7,0.27103344,49925,0.03450838520254781
0.9,0.8,0.1,0.2,0.2710433,49925,0.031232905332254184
0.9,0.9,0.3,0.7,0.27104416,49925,0.03461990352432359
0.4,0.8,0.2,0.5,0.27104515,49925,0.03485154758436729
0.4,0.4,0.2,0.9,0.2710525,49925,0.033310084428132145
0.7,0.7,0.2,0.4,0.27106404,49925,0.03438146526416116
0.3,0.4,0.1,0.2,0.27106756,49925,0.03456091732292581
0.6,0.8,0.2,0.4,0.27106756,49925,0.03456091732292581
0.9,0.9,0.2,0.3,0.27108744,49925,0.033804052824668605
0.3,0.8,0.2,0.6,0.27110523,49925,0.034761651108708345
0.5,0.1,0.1,0.5,0.27110744,49925,0.03099694003214728
0.9,0.8,0.2,0.3,0.27111012,49925,0.033911154394047904
0.8,0.7,0.3,0.9,0.27113795,49925,0.034369690404964084
0.4,0.5,0.2,0.7,0.27113914,49925,0.034316718688863004
0.2,0.7,0.1,0.2,0.27119216,49925,0.03398489601067047
0.3,0.8,0.1,0.2,0.27119964,49925,0.033223017148200605
0.5,0.5,0.2,0.6,0.2712061,49925,0.034483913711668465
0.7,0.8,0.3,0.9,0.27122664,49925,0.03456065140886987
0.4,0.1,0.1,0.6,0.27122968,49925,0.03070081213959269
0.1,0.9,0.2,0.8,0.27123845,49925,0.034401122123582956
0.8,0.7,0.1,0.2,0.27124178,49925,0.03174038727622127
0.6,0.8,0.1,0.2,0.27125293,49925,0.03219772921651063
0.5,0.8,0.1,0.2,0.2712543,49925,0.0325188439919522
0.4,0.9,0.1,0.2,0.2712557,49925,0.03256573798235557
0.2,0.8,0.2,0.7,0.27125782,49925,0.03465952832087792
0.6,0.1,0.1,0.5,0.2712667,49925,0.03063536222775974
0.7,0.1,0.1,0.5,0.27128547,49925,0.030235265998847034
0.9,0.5,0.2,0.4,0.27128837,49925,0.033858815175344885
0.5,0.9,0.2,0.4,0.27132243,49925,0.03469377703837893
0.8,0.9,0.2,0.3,0.2713419,49925,0.034080811723104114
0.8,0.8,0.1,0.2,0.27135143,49925,0.03154926965577798
0.8,0.8,0.3,0.8,0.27140585,49925,0.034632436691336116
0.7,0.8,0.1,0.2,0.27143195,49925,0.0318602796252573
0.9,0.3,0.2,0.6,0.27145326,49925,0.032978658677584566
0.7,0.1,0.1,0.9,0.2714559,49925,0.02865066871851181
0.8,0.9,0.1,0.2,0.27145725,49925,0.031333818455303794
0.5,0.4,0.2,0.7,0.27146068,49925,0.03399388126947276
0.3,0.9,0.1,0.2,0.2715275,49925,0.032901711245229545
0.8,0.1,0.1,0.6,0.271556,49925,0.029500867802659567
0.8,0.1,0.1,0.7,0.2715624,49925,0.02914415619670088
0.8,0.4,0.2,0.5,0.27158058,49925,0.033846060373696085
0.2,0.7,0.2,0.8,0.27158704,49925,0.03435663618384173
0.9,0.7,0.2,0.3,0.2715938,49925,0.034016518033226056
0.9,0.7,0.3,0.8,0.271595,49925,0.03444956010594566
0.7,0.9,0.1,0.2,0.27161518,49925,0.03161161826232699
0.6,0.2,0.1,0.2,0.27162904,49925,0.03279483272911768
0.9,0.6,0.3,0.9,0.27165732,49925,0.03412421266232495
0.3,0.2,0.1,0.3,0.27165732,49925,0.03412421266232496
0.6,0.4,0.2,0.6,0.27165732,49925,0.03412421266232496
0.8,0.1,0.1,0.8,0.2716589,49925,0.02881686284554029
0.6,0.5,0.2,0.5,0.27166772,49925,0.03456694405289902
0.2,0.5,0.1,0.2,0.27167523,49925,0.03478906489459816
0.6,0.3,0.2,0.8,0.27169365,49925,0.03306001971546168
0.6,0.9,0.3,0.9,0.27171385,49925,0.03472289324926167
0.4,0.6,0.2,0.6,0.27171385,49925,0.03472289324926167
0.2,0.3,0.1,0.3,0.27171385,49925,0.03472289324926167
0.9,0.8,0.3,0.7,0.27174112,49925,0.03467961837594265
0.1,0.8,0.2,0.9,0.27176213,49925,0.034085193268731176
0.7,0.9,0.2,0.3,0.27176797,49925,0.034362939864963686
0.2,0.6,0.2,0.9,0.2717702,49925,0.033911475938973534
0.2,0.8,0.1,0.2,0.27177963,49925,0.03362026758778321
0.3,0.9,0.2,0.5,0.2717846,49925,0.03497388403216496
0.5,0.9,0.1,0.2,0.2717917,49925,0.03224759036233488
0.2,0.9,0.2,0.6,0.2718379,49925,0.034895721380870055
0.8,0.8,0.2,0.3,0.27184662,49925,0.03420270089464047
0.2,0.9,0.1,0.2,0.27186725,49925,0.03322521174972435
0.7,0.9,0.3,0.8,0.27188054,49925,0.03480732424641904
0.6,0.7,0.2,0.4,0.27188355,49925,0.03470765093886551
0.6,0.9,0.1,0.2,0.271891,49925,0.03192510473967053
0.3,0.5,0.2,0.8,0.2719279,49925,0.03413617021669666
0.5,0.6,0.2,0.5,0.27193013,49925,0.034830567638352856
0.7,0.3,0.2,0.7,0.27193373,49925,0.0332130983829606
0.7,0.6,0.2,0.4,0.2719434,49925,0.03449865658429806
0.3,0.6,0.2,0.7,0.2719485,49925,0.03458106922444053
0.6,0.4,0.1,0.1,0.27197552,49925,0.03325845503711777
0.8,0.4,0.1,0.1,0.2720187,49925,0.03225421691648198
0.5,0.8,0.2,0.4,0.2720262,49925,0.034876179371213574
0.9,0.4,0.1,0.1,0.27203432,49925,0.031802695593287585
0.7,0.4,0.1,0.1,0.2720466,49925,0.0327436205109195
0.1,0.8,0.1,0.2,0.2720852,49925,0.033998908291927685
0.4,0.7,0.2,0.5,0.2720906,49925,0.03502264601714756
0.8,0.1,0.1,0.9,0.27214378,49925,0.02846670087342924
0.5,0.3,0.2,0.9,0.27215958,49925,0.03283053170226524
0.8,0.7,0.3,0.8,0.27217126,49925,0.034671351111966196
0.8,0.9,0.3,0.7,0.27218074,49925,0.034840846598039675
0.3,0.7,0.2,0.6,0.2721994,49925,0.0349107707550366
0.9,0.6,0.2,0.3,0.27220374,49925,0.03410206488101179
0.4,0.4,0.2,0.8,0.2722257,49925,0.03378444856271672
0.2,0.2,0.1,0.4,0.2722257,49925,0.03378444856271672
0.6,0.5,0.1,0.1,0.27224916,49925,0.033078067393915014
0.7,0.7,0.3,0.9,0.2722646,49925,0.034580433974803315
0.5,0.5,0.1,0.1,0.27227405,49925,0.033590661680386026
0.9,0.3,0.1,0.1,0.27227437,49925,0.031684013102990224
0.8,0.3,0.2,0.6,0.27228516,49925,0.03329849511020878
0.3,0.1,0.1,0.9,0.27228528,49925,0.02895220505951475
0.8,0.3,0.1,0.1,0.2722917,49925,0.03219738141180018
0.8,0.1,0.1,0.5,0.27230653,49925,0.029861595121503114
0.7,0.8,0.3,0.8,0.27231628,49925,0.034845495350206084
0.7,0.5,0.1,0.1,0.2723556,49925,0.03263437785055476
0.3,0.8,0.2,0.5,0.2723853,49925,0.03515679264108003
0.1,0.7,0.1,0.2,0.2723867,49925,0.03441819442998107
0.3,0.1,0.1,0.8,0.27238712,49925,0.02955329963545503
0.8,0.5,0.2,0.4,0.27240938,49925,0.03420846923363786
0.7,0.3,0.1,0.1,0.27241,49925,0.03275575248997423
0.7,0.4,0.2,0.5,0.27243698,49925,0.03421008914071661
0.7,0.1,0.1,0.4,0.27244037,49925,0.030659284363078722
0.6,0.8,0.3,0.9,0.2724474,49925,0.03477165355249232
0.8,0.8,0.3,0.7,0.27247408,49925,0.03491673048627194
0.1,0.8,0.2,0.8,0.2725031,49925,0.03449179477787903
0.5,0.4,0.1,0.1,0.27250797,49925,0.03382161605006981
0.1,0.9,0.1,0.2,0.27251866,49925,0.033581277740528305
0.1,0.9,0.2,0.7,0.27254775,49925,0.03477145009031369
0.4,0.1,0.1,0.5,0.27255407,49925,0.03139237104494074
0.3,0.3,0.1,0.2,0.2725581,49925,0.034862908251880965
0.6,0.6,0.2,0.4,0.2725581,49925,0.034862908251880965
0.9,0.9,0.3,0.6,0.2725581,49925,0.034862908251880965
0.2,0.7,0.2,0.7,0.27258378,49925,0.0347455587909619
0.6,0.1,0.1,0.4,0.27258664,49925,0.031136096288288322
0.7,0.8,0.2,0.3,0.27262327,49925,0.03450593375396974
0.9,0.2,0.2,0.9,0.27262753,49925,0.031520066814104755
0.5,0.6,0.1,0.1,0.27265236,49925,0.033296553021463754
0.4,0.6,0.1,0.1,0.27266198,49925,0.03376455222209368
0.8,0.7,0.2,0.3,0.27266273,49925,0.03433005879255132
0.8,0.5,0.1,0.1,0.27269307,49925,0.03218159516789139
0.4,0.9,0.2,0.4,0.27275634,49925,0.03499784758426658
0.9,0.9,0.2,0.2,0.2727666,49925,0.03399029070087142
0.2,0.8,0.2,0.6,0.2727791,49925,0.035055241685090034
0.1,0.4,0.1,0.3,0.2727791,49925,0.035055241685090034
0.6,0.9,0.3,0.8,0.27279702,49925,0.03501396354622349
0.9,0.7,0.3,0.7,0.2728325,49925,0.03471946604206899
0.5,0.9,0.3,0.9,0.2728666,49925,0.03491897513674391
0.4,0.5,0.2,0.6,0.2728681,49925,0.03479195370624052
0.2,0.6,0.2,0.8,0.27287763,49925,0.0343714799613052
0.1,0.3,0.1,0.4,0.27287763,49925,0.0343714799613052
0.8,0.6,0.3,0.9,0.27288496,49925,0.03433458834739514
0.3,0.1,0.1,0.7,0.27291256,49925,0.03020833823507931
0.6,0.9,0.2,0.3,0.27291396,49925,0.034655200353752205
0.9,0.6,0.3,0.8,0.27292055,49925,0.03442152410984668
0.5,0.5,0.2,0.5,0.27293387,49925,0.03490483340198469
0.6,0.3,0.2,0.7,0.27295262,49925,0.0335086237165747
0.6,0.3,0.1,0.1,0.27300176,49925,0.03335285893508819
0.4,0.5,0.1,0.1,0.2730046,49925,0.03414385202716898
0.5,0.2,0.1,0.2,0.27301925,49925,0.03347611453168842
0.9,0.1,0.1,0.7,0.273033,49925,0.028884516804720248
0.1,0.6,0.1,0.2,0.27303693,49925,0.034867021591842524
0.6,0.6,0.1,0.1,0.27306604,49925,0.032862274811499295
0.9,0.1,0.1,0.5,0.2730772,49925,0.029504889512826725
0.9,0.5,0.1,0.1,0.27310356,49925,0.03175322645182401
0.9,0.1,0.1,0.8,0.2731061,49925,0.028586787231834204
0.5,0.4,0.2,0.6,0.2731088,49925,0.034453846937407884
0.9,0.1,0.1,0.6,0.27312973,49925,0.02919381325103303
0.7,0.9,0.3,0.7,0.2731681,49925,0.03508681241189904
0.1,0.2,0.1,0.8,0.2731713,49925,0.03056261213579097
0.4,0.7,0.1,0.1,0.27317193,49925,0.03341366412194666
0.1,0.2,0.1,0.9,0.2731786,49925,0.029881346121260727
0.3,0.5,0.2,0.7,0.27318805,49925,0.03460525930604428
0.2,0.9,0.2,0.5,0.2731883,49925,0.03527539873683519
0.6,0.7,0.3,0.9,0.27319503,49925,0.0347903574322259
0.4,0.4,0.2,0.7,0.27320465,49925,0.034270342669508375
0.4,0.8,0.2,0.4,0.27320635,49925,0.03520099958641709
0.2,0.4,0.1,0.2,0.27320635,49925,0.03520099958641709
0.1,0.7,0.2,0.9,0.27321407,49925,0.03411360809727772
0.8,0.2,0.2,0.9,0.27321723,49925,0.031760392721801825
0.7,0.7,0.3,0.8,0.2732254,49925,0.03489084334493222
0.7,0.5,0.2,0.4,0.27323163,49925,0.03457872451105554
0.8,0.6,0.2,0.3,0.273249,49925,0.03444382652265272
0.5,0.7,0.2,0.4,0.27325302,49925,0.035059347967252595
0.5,0.3,0.2,0.8,0.2732569,49925,0.03331145526269821
0.3,0.7,0.1,0.1,0.27326497,49925,0.033852940811867335
0.9,0.8,0.2,0.2,0.27327374,49925,0.034125797721440025
0.3,0.4,0.2,0.9,0.27328843,49925,0.03349767335749057
0.2,0.5,0.2,0.9,0.2733093,49925,0.033845214657966236
0.7,0.6,0.1,0.1,0.27331385,49925,0.03245634696189031
0.9,0.3,0.2,0.5,0.2733288,49925,0.033338837065690956
0.3,0.6,0.1,0.1,0.27337825,49925,0.03425892817802177
0.5,0.1,0.1,0.4,0.27338555,49925,0.03163069020987379
0.3,0.1,0.1,0.6,0.2734028,49925,0.03093966169708145
0.7,0.3,0.2,0.6,0.2734321,49925,0.03363344343326026
0.5,0.7,0.1,0.1,0.27344683,49925,0.032984877101488404
0.8,0.9,0.2,0.2,0.2734645,49925,0.03428304750091759
0.9,0.4,0.2,0.4,0.27353168,49925,0.033830099087798875
0.6,0.4,0.2,0.5,0.2735317,49925,0.03456813111403163
0.4,0.6,0.2,0.5,0.27354485,49925,0.035166369406352774
0.7,0.8,0.3,0.7,0.27354988,49925,0.03514645075332939
0.7,0.6,0.3,0.9,0.27355435,49925,0.03456743630812509
0.6,0.8,0.3,0.8,0.27356142,49925,0.035088992928914445
0.8,0.1,0.1,0.4,0.27357316,49925,0.030229127021802183
0.9,0.1,0.1,0.9,0.27359533,49925,0.02828625539013515
0.3,0.7,0.2,0.5,0.27359742,49925,0.0353498277856782
0.8,0.6,0.1,0.1,0.27359828,49925,0.03203567657397511
0.4,0.2,0.1,0.2,0.27362472,49925,0.034209639373939164
0.8,0.4,0.2,0.4,0.27362472,49925,0.034209639373939164
0.1,0.9,0.2,0.6,0.27363288,49925,0.035159517542238325
0.3,0.8,0.1,0.1,0.27363533,49925,0.033485132022517516
0.3,0.6,0.2,0.6,0.2736404,49925,0.03501401984361525
0.5,0.9,0.2,0.3,0.27365774,49925,0.03496969006391305
0.9,0.6,0.1,0.1,0.2736793,49925,0.031648277540351315
0.9,0.8,0.3,0.6,0.27368295,49925,0.03494936978995788
0.8,0.9,0.3,0.6,0.27369204,49925,0.03509115264042377
0.4,0.8,0.1,0.1,0.273699,49925,0.033055339840585674
0.9,0.5,0.3,0.9,0.27370736,49925,0.03404658562944378
0.6,0.8,0.2,0.3,0.273709,49925,0.034830579911485936
0.3,0.9,0.2,0.4,0.27371782,49925,0.03532089555194038
0.8,0.7,0.3,0.7,0.2737208,49925,0.03496471110959608
0.1,0.8,0.2,0.7,0.27374104,49925,0.034890916997719824
0.5,0.8,0.3,0.9,0.27374333,49925,0.034981535496636115
0.7,0.7,0.2,0.3,0.27375853,49925,0.03467229231682822
0.6,0.7,0.1,0.1,0.27379662,49925,0.03259214207429643
0.9,0.2,0.2,0.8,0.27383232,49925,0.03188442269997943
0.8,0.6,0.3,0.8,0.2738608,49925,0.034668864629835476
0.7,0.9,0.2,0.2,0.27387226,49925,0.03458872076757008
0.9,0.7,0.2,0.2,0.27388743,49925,0.03424311629466343
0.4,0.3,0.2,0.9,0.27390665,49925,0.033019488830218637
0.1,0.2,0.1,0.7,0.27391833,49925,0.031332293824294595
0.2,0.8,0.1,0.1,0.27392054,49925,0.03387788693137224
0.5,0.9,0.3,0.8,0.27392578,49925,0.035240237141330746
0.3,0.4,0.2,0.8,0.273939,49925,0.03401266484565786
0.9,0.2,0.1,0.1,0.2739457,49925,0.03136160256022306
0.8,0.8,0.2,0.2,0.2740075,49925,0.0344323424171989
0.4,0.4,0.1,0.1,0.2740075,49925,0.0344323424171989
0.6,0.5,0.2,0.4,0.27403614,49925,0.03497724572053015
0.5,0.6,0.2,0.4,0.27404672,49925,0.03521351439475993
0.7,0.7,0.1,0.1,0.2740562,49925,0.032215094076727104
0.9,0.7,0.1,0.1,0.2740563,49925,0.031489697298389525
0.5,0.3,0.2,0.7,0.2740667,49925,0.03380161799623537
0.8,0.8,0.3,0.6,0.27406868,49925,0.035185049441618266
0.6,0.9,0.3,0.7,0.274069,49925,0.03532113353212561
0.1,0.5,0.1,0.2,0.27411497,49925,0.03536747581456756
0.2,0.7,0.2,0.6,0.27411625,49925,0.03520117398995669
0.5,0.9,0.1,0.1,0.27411684,49925,0.03237228750887919
0.9,0.5,0.2,0.3,0.27411875,49925,0.0341577822221794
0.3,0.9,0.1,0.1,0.27411994,49925,0.033068275767437594
0.2,0.9,0.1,0.1,0.27412617,49925,0.033435170362286416
0.5,0.3,0.1,0.1,0.27416107,49925,0.03399554423357522
0.1,0.7,0.2,0.8,0.2741614,49925,0.03454060554932421
0.9,0.9,0.1,0.1,0.27421626,49925,0.03109582631199699
0.3,0.1,0.1,0.5,0.27422628,49925,0.031742606801832794
0.5,0.8,0.1,0.1,0.27423212,49925,0.032688535801545016
0.4,0.9,0.1,0.1,0.27424288,49925,0.03270997980409908
0.9,0.8,0.1,0.1,0.27424854,49925,0.031304766376772375
0.4,0.7,0.2,0.4,0.27425468,49925,0.03540398476535985
0.2,0.6,0.2,0.7,0.2742628,49925,0.03484160449847135
0.5,0.7,0.3,0.9,0.27426478,49925,0.03502313333753514
0.3,0.5,0.1,0.1,0.27427626,49925,0.03468184749668592
0.4,0.9,0.3,0.9,0.27427873,49925,0.03511017638762586
0.6,0.7,0.3,0.8,0.27428925,49925,0.03513467500205698
0.9,0.6,0.3,0.7,0.2742893,49925,0.03472449451906868
0.8,0.3,0.2,0.5,0.2742949,49925,0.03369561960457315
0.6,0.9,0.1,0.1,0.27430078,49925,0.03203278853942568
0.8,0.5,0.3,0.9,0.2743279,49925,0.03427521426918027
0.7,0.2,0.2,0.9,0.27434394,49925,0.031983233731773135
0.2,0.2,0.1,0.3,0.2743501,49925,0.034790702799014035
0.4,0.4,0.2,0.6,0.2743501,49925,0.034790702799014035
0.6,0.6,0.3,0.9,0.2743501,49925,0.034790702799014035
0.8,0.9,0.1,0.1,0.2743702,49925,0.031398761507548174
0.9,0.7,0.3,0.6,0.27437988,49925,0.03499711106708487
0.9,0.1,0.1,0.4,0.2743819,49925,0.029799104925181095
0.2,0.7,0.1,0.1,0.27438256,49925,0.034333306169507395
0.8,0.7,0.1,0.1,0.2744012,49925,0.03185083848263331
0.6,0.8,0.1,0.1,0.2744367,49925,0.032305549097373674
0.1,0.9,0.1,0.1,0.2744509,49925,0.0338308522170125
0.7,0.9,0.3,0.6,0.2744538,49925,0.035347893484782546
0.1,0.8,0.1,0.1,0.27445918,49925,0.03430643127485436
0.9,0.9,0.2,0.1,0.27447936,49925,0.03417716959488524
0.7,0.8,0.1,0.1,0.27448025,49925,0.03196342210546594
0.2,0.5,0.2,0.8,0.27448103,49925,0.03434007235178478
0.4,0.5,0.2,0.5,0.27450418,49925,0.035276133495168026
0.9,0.9,0.3,0.5,0.27450448,49925,0.035094184464202406
0.7,0.4,0.2,0.4,0.2745319,49925,0.03460328548122745
0.8,0.2,0.1,0.1,0.27455175,49925,0.03193432478418571
0.7,0.7,0.3,0.7,0.2745753,49925,0.03521370243049877
0.1,0.9,0.2,0.5,0.27458382,49925,0.03555629209799211
0.4,0.1,0.1,0.4,0.27458802,49925,0.032143613934077594
0.8,0.2,0.2,0.8,0.27458802,49925,0.032143613934077594
0.1,0.2,0.1,0.6,0.27459002,49925,0.03216227263698739
0.7,0.6,0.2,0.3,0.2745945,49925,0.03481972154093682
0.2,0.8,0.2,0.5,0.27463377,49925,0.03547154973515797
0.1,0.6,0.2,0.9,0.27463678,49925,0.034071737091836855
0.7,0.9,0.1,0.1,0.2746526,49925,0.0317069964930269
0.5,0.8,0.2,0.3,0.27466255,49925,0.03517973852482702
0.7,0.6,0.3,0.8,0.2746869,49925,0.0349101674847302
0.8,0.8,0.1,0.1,0.27470976,49925,0.031638945043412844
0.6,0.3,0.2,0.6,0.27475673,49925,0.03397425310721696
0.7,0.8,0.2,0.2,0.27477443,49925,0.03476748644454557
0.3,0.5,0.2,0.6,0.27477902,49925,0.03510960514790063
0.8,0.5,0.2,0.3,0.27479,49925,0.03454781586944716
0.6,0.2,0.2,0.9,0.27479804,49925,0.03216951103446491
0.6,0.7,0.2,0.3,0.27480823,49925,0.03503144534241502
0.6,0.8,0.3,0.7,0.27483606,49925,0.03540453270309358
0.5,0.8,0.3,0.8,0.2748477,49925,0.03530922823518954
0.6,0.9,0.2,0.2,0.27486378,49925,0.034905455058944414
0.9,0.5,0.3,0.8,0.27486575,49925,0.03436251324446194
0.5,0.4,0.2,0.5,0.2748805,49925,0.03495038448017774
0.4,0.3,0.2,0.8,0.27489236,49925,0.033533050657382456
0.3,0.4,0.2,0.7,0.27490175,49925,0.03455010117680479
0.9,0.2,0.2,0.7,0.27492392,49925,0.03223613128678959
0.4,0.9,0.2,0.3,0.2749267,49925,0.03528537111024024
0.2,0.6,0.1,0.1,0.27495134,49925,0.03478975659250537
0.1,0.8,0.2,0.6,0.274969,49925,0.03532371317442369
0.3,0.8,0.2,0.4,0.27497536,49925,0.03555157167360526
0.4,0.8,0.3,0.9,0.27503356,49925,0.035190530875523374
0.7,0.2,0.1,0.1,0.2750455,49925,0.03256307470542316
0.8,0.1,0.1,0.3,0.2750466,49925,0.03059101155481275
0.9,0.6,0.2,0.2,0.27505696,49925,0.03435464905328543
0.8,0.7,0.2,0.2,0.27506346,49925,0.03458897932117083
0.8,0.9,0.2,0.1,0.27508336,49925,0.034507004118151385
0.1,0.7,0.2,0.7,0.27511978,49925,0.03499461402504641
0.7,0.3,0.2,0.5,0.27513546,49925,0.034082344144044124
0.9,0.8,0.3,0.5,0.27515626,49925,0.03520699889874144
0.7,0.2,0.2,0.8,0.27519536,49925,0.032405829109275676
0.5,0.3,0.2,0.6,0.27521837,49925,0.034317933864888635
0.8,0.7,0.3,0.6,0.2752257,49925,0.03526898224698062
0.7,0.8,0.3,0.6,0.27526873,49925,0.03545134283313704
0.8,0.6,0.3,0.7,0.2752938,49925,0.03497737053263924
0.7,0.5,0.3,0.9,0.27530116,49925,0.03449932947988792
0.2,0.9,0.2,0.4,0.27530718,49925,0.03563460566719927
0.4,0.9,0.3,0.8,0.27531826,49925,0.035447320576252835
0.5,0.5,0.2,0.4,0.27532738,49925,0.03536217600103823
0.1,0.2,0.1,0.5,0.27533734,49925,0.033125660984380224
0.3,0.6,0.2,0.5,0.27533922,49925,0.03550852433438677
0.9,0.9,0.4,0.9,0.27536705,49925,0.035372696364541975
0.9,0.8,0.2,0.1,0.27537167,49925,0.034318022243463274
0.9,0.4,0.3,0.9,0.27539745,49925,0.033884900106627286
0.2,0.5,0.2,0.7,0.27539855,49925,0.03488462259426749
0.6,0.1,0.1,0.3,0.27542287,49925,0.03167323541510689
0.8,0.5,0.3,0.8,0.27542663,49925,0.03460265884994803
0.8,0.9,0.3,0.5,0.27544388,49925,0.0353581091864694
0.2,0.4,0.2,0.9,0.27545652,49925,0.03364401866022052
0.7,0.1,0.1,0.3,0.275484,49925,0.031119262655213517
0.1,0.7,0.1,0.1,0.2754929,49925,0.034823996862810236
0.5,0.6,0.3,0.9,0.2755022,49925,0.03500430119894473
0.6,0.6,0.3,0.8,0.27554294,49925,0.035145955821603625
0.5,0.9,0.3,0.7,0.27554947,49925,0.03555475868210231
0.7,0.5,0.2,0.3,0.27557796,49925,0.03494182843326078
0.5,0.7,0.3,0.8,0.2756098,49925,0.035378076271514874
0.8,0.2,0.2,0.7,0.2756152,49925,0.03253419225996659
0.7,0.2,0.2,0.7,0.27565938,49925,0.0328290421009815
0.6,0.7,0.3,0.7,0.27571464,49925,0.03547129026690338
0.6,0.6,0.2,0.3,0.2757437,49925,0.03520708153733968
0.6,0.8,0.2,0.2,0.2757466,49925,0.03510427967328009
0.3,0.4,0.1,0.1,0.2757466,49925,0.03510427967328009
0.4,0.7,0.3,0.9,0.27577847,49925,0.035224586467801654
0.8,0.8,0.3,0.5,0.2757837,49925,0.03548939507987508
0.7,0.9,0.2,0.1,0.27580675,49925,0.03484729050151092
0.2,0.7,0.2,0.5,0.275807,49925,0.035670091206154185
0.5,0.7,0.2,0.3,0.27581292,49925,0.03539270925393612
0.1,0.3,0.1,0.3,0.27584475,49925,0.035334155766494305
0.2,0.6,0.2,0.6,0.27584475,49925,0.035334155766494305
0.3,0.9,0.3,0.9,0.27584475,49925,0.035334155766494305
0.1,0.6,0.2,0.8,0.2758571,49925,0.034554661700979226
0.2,0.3,0.1,0.2,0.27586326,49925,0.03560527658249079
0.4,0.6,0.2,0.4,0.27586326,49925,0.03560527658249079
0.6,0.9,0.3,0.6,0.27586326,49925,0.03560527658249079
0.9,0.1,0.1,0.3,0.27587515,49925,0.030093975937942174
0.6,0.2,0.2,0.8,0.2758797,49925,0.032623173303712595
0.3,0.1,0.1,0.4,0.2758797,49925,0.032623173303712595
0.8,0.8,0.2,0.1,0.27592987,49925,0.034670201784472464
0.9,0.4,0.2,0.3,0.27593207,49925,0.03416654205164623
0.3,0.7,0.2,0.4,0.27595076,49925,0.03577853566734145
0.6,0.5,0.3,0.9,0.2759952,49925,0.03470967485005235
0.4,0.4,0.2,0.5,0.27599695,49925,0.03532052025957316
0.8,0.4,0.3,0.9,0.27599934,49925,0.03410400406350882
0.7,0.7,0.2,0.2,0.27600634,49925,0.034944041186772044
0.7,0.6,0.3,0.7,0.27603897,49925,0.03524117056508855
0.4,0.3,0.2,0.7,0.27604163,49925,0.03407311063509129
0.4,0.8,0.3,0.8,0.2760595,49925,0.03554749696764154
0.9,0.6,0.3,0.6,0.27606001,49925,0.03502787088538435
0.3,0.2,0.1,0.2,0.27606001,49925,0.03502787088538435
0.6,0.4,0.2,0.4,0.27606001,49925,0.03502787088538435
0.3,0.3,0.2,0.9,0.27609274,49925,0.033184585438802386
0.9,0.5,0.3,0.7,0.2761094,49925,0.03467432744862484
0.5,0.8,0.3,0.7,0.27611792,49925,0.03565508771539862
0.3,0.4,0.2,0.6,0.27613044,49925,0.03510256144666574
0.4,0.3,0.1,0.1,0.2761441,49925,0.0347235569107246
0.8,0.6,0.2,0.2,0.2761441,49925,0.0347235569107246
0.9,0.3,0.2,0.4,0.27617803,49925,0.033698246578464534
0.8,0.9,0.4,0.9,0.27619374,49925,0.035578798286369395
0.5,0.2,0.2,0.9,0.27620137,49925,0.03235321799176449
0.7,0.5,0.3,0.8,0.2762018,49925,0.034835240668092675
0.7,0.7,0.3,0.6,0.2762053,49925,0.03554864321736062
0.1,0.2,0.1,0.4,0.27620918,49925,0.03419586942553568
0.2,0.4,0.2,0.8,0.27620918,49925,0.03419586942553568
0.6,0.3,0.2,0.5,0.27621165,49925,0.03445735038205373
0.5,0.9,0.2,0.2,0.27621877,49925,0.035228679847382455
0.5,0.1,0.1,0.3,0.276219,49925,0.032295624835859425
0.4,0.8,0.2,0.3,0.27632526,49925,0.03554277977545578
0.9,0.7,0.2,0.1,0.27632934,49925,0.034480333206015346
0.3,0.5,0.2,0.5,0.2763474,49925,0.03564372466056293
0.9,0.7,0.3,0.5,0.2763714,49925,0.035283842745802554
0.6,0.2,0.1,0.1,0.27637383,49925,0.03324767475749878
0.6,0.8,0.3,0.6,0.2763947,49925,0.03574083407564132
0.3,0.8,0.3,0.9,0.27641115,49925,0.03539067007660401
0.7,0.4,0.3,0.9,0.2764334,49925,0.03430689388492348
0.8,0.4,0.2,0.3,0.27645728,49925,0.03459330928625936
0.1,0.5,0.2,0.9,0.276493,49925,0.033966910809513404
0.3,0.9,0.2,0.3,0.2764958,49925,0.0356339868587983
0.2,0.5,0.1,0.1,0.27652696,49925,0.03531063787890622
0.9,0.9,0.4,0.8,0.27653924,49925,0.0356257595465447
0.9,0.8,0.4,0.9,0.27655053,49925,0.035390984104466804
0.8,0.6,0.3,0.6,0.27656472,49925,0.0353029597106474
0.6,0.6,0.3,0.7,0.27656683,49925,0.03549986775318562
0.2,0.1,0.1,0.8,0.27657858,49925,0.029495486784714194
0.7,0.9,0.3,0.5,0.2765881,49925,0.03563716385021102
0.9,0.4,0.3,0.8,0.2765886,49925,0.03420351762006668
0.5,0.6,0.3,0.8,0.27659768,49925,0.035380997135553434
0.1,0.8,0.2,0.5,0.276633,49925,0.03581536971276579
0.2,0.1,0.1,0.9,0.27664107,49925,0.028821885883932464
0.6,0.2,0.2,0.7,0.27664748,49925,0.03310783744754281
0.6,0.9,0.2,0.1,0.27668166,49925,0.03518611938527293
0.4,0.5,0.2,0.4,0.27668366,49925,0.03578113574030509
0.6,0.5,0.2,0.3,0.2766876,49925,0.035381665577863264
0.3,0.3,0.2,0.8,0.27668914,49925,0.033737041575208356
0.4,0.9,0.3,0.7,0.27670154,49925,0.035795145489094446
0.4,0.3,0.2,0.6,0.27672425,49925,0.034640864172372915
0.8,0.5,0.3,0.7,0.2767321,49925,0.03493795068763127
0.9,0.9,0.3,0.4,0.276744,49925,0.03533213606719291
0.5,0.9,0.3,0.6,0.27676615,49925,0.03588834005900647
0.5,0.4,0.2,0.4,0.27677795,49925,0.035447639059605844
0.7,0.8,0.2,0.1,0.2767784,49925,0.035048656022491735
0.5,0.2,0.2,0.8,0.27678803,49925,0.032851084588530845
0.8,0.3,0.2,0.4,0.27678818,49925,0.034113826700201855
0.1,0.7,0.2,0.6,0.2767973,49925,0.03547948965008531
0.2,0.5,0.2,0.6,0.276801,49925,0.035418447734376024
0.2,0.1,0.1,0.7,0.27684134,49925,0.03022363283624833
0.3,0.9,0.3,0.8,0.27685082,49925,0.03568039722546083
0.8,0.8,0.4,0.9,0.27685398,49925,0.03559795311537243
0.9,0.5,0.2,0.2,0.27685508,49925,0.034449519749136334
0.2,0.1,0.1,0.6,0.27685744,49925,0.031057102465333653
0.9,0.2,0.2,0.6,0.2768758,49925,0.03261825909331017
0.2,0.8,0.2,0.4,0.27688172,49925,0.035912194808334706
0.1,0.4,0.1,0.2,0.27688172,49925,0.035912194808334706
0.8,0.4,0.3,0.8,0.2769148,49925,0.03445142212451793
0.1,0.6,0.2,0.7,0.2769263,49925,0.035077123468975915
0.8,0.7,0.3,0.5,0.27692893,49925,0.03557856594285372
0.6,0.7,0.3,0.6,0.27694872,49925,0.03582302172142093
0.5,0.5,0.3,0.9,0.27695113,49925,0.034908467231943956
0.5,0.7,0.3,0.7,0.27699164,49925,0.035729446794740896
0.6,0.7,0.2,0.2,0.2770323,49925,0.03535069244290712
0.6,0.5,0.3,0.8,0.27704743,49925,0.035086621942177085
0.3,0.3,0.2,0.7,0.27705204,49925,0.03432850354932765
0.4,0.6,0.3,0.9,0.2770859,49925,0.0352074868442669
0.1,0.9,0.2,0.4,0.27708766,49925,0.035977771737370295
0.4,0.7,0.3,0.8,0.2770967,49925,0.03559326776549323
0.4,0.1,0.1,0.3,0.2771108,49925,0.03295085433783882
0.8,0.2,0.2,0.6,0.2771108,49925,0.03295085433783882
0.5,0.3,0.2,0.5,0.2771401,49925,0.0348340407859196
0.4,0.8,0.3,0.7,0.27715436,49925,0.03591066231836594
0.3,0.7,0.3,0.9,0.27717015,49925,0.03544096581142517
0.7,0.6,0.3,0.6,0.27719888,49925,0.035582795736888224
0.7,0.9,0.4,0.9,0.2772063,49925,0.03576974786758273
0.7,0.5,0.3,0.7,0.27723628,49925,0.035204330425488664
0.7,0.2,0.2,0.6,0.27725035,49925,0.033281545080110664
0.9,0.7,0.4,0.9,0.27725536,49925,0.03538514750238522
0.4,0.7,0.2,0.3,0.2772615,49925,0.0357898776570139
0.8,0.9,0.4,0.8,0.27727664,49925,0.035838978126951374
0.8,0.7,0.2,0.1,0.27729136,49925,0.03483911765680523
0.9,0.8,0.3,0.4,0.27729452,49925,0.03546436437878091
0.7,0.3,0.2,0.4,0.2772982,49925,0.03454885313312674
0.7,0.8,0.3,0.5,0.27730057,49925,0.03577604912792839
0.1,0.6,0.1,0.1,0.27730167,49925,0.03538531855422008
0.5,0.8,0.2,0.2,0.2773044,49925,0.035493660075530266
0.9,0.8,0.4,0.8,0.27731675,49925,0.035665027411496616
0.7,0.4,0.3,0.8,0.2773235,49925,0.034694445676098105
0.2,0.1,0.1,0.5,0.27734676,49925,0.03198522364000151
0.1,0.5,0.2,0.8,0.277348,49925,0.03451061834834772
0.2,0.9,0.3,0.9,0.2773545,49925,0.035523699625963384
0.3,0.6,0.2,0.4,0.27736852,49925,0.03600881225166181
0.9,0.4,0.3,0.7,0.27736858,49925,0.03454712817585439
0.5,0.6,0.2,0.3,0.2773919,49925,0.0356356499657804
0.6,0.4,0.3,0.9,0.27741128,49925,0.034512593384163875
0.7,0.4,0.2,0.3,0.27742434,49925,0.03502306005330125
0.2,0.4,0.2,0.7,0.2774373,49925,0.034780744717454966
0.2,0.6,0.2,0.5,0.27744344,49925,0.03585769350963871
0.6,0.9,0.3,0.5,0.2774687,49925,0.03591697346626007
0.9,0.5,0.3,0.6,0.27747658,49925,0.035001478352406405
0.7,0.6,0.2,0.2,0.27752897,49925,0.03514158472598688
0.5,0.2,0.2,0.7,0.27753353,49925,0.03338348537969518
0.9,0.6,0.2,0.1,0.2775582,49925,0.034619848799749296
0.5,0.8,0.3,0.6,0.27762634,49925,0.03601907070442666
0.4,0.9,0.2,0.2,0.27765918,49925,0.035597414254251565
0.7,0.8,0.4,0.9,0.27767396,49925,0.03580031921366203
0.9,0.6,0.3,0.5,0.27767476,49925,0.03533290017014911
0.3,0.8,0.3,0.8,0.27768362,49925,0.0357667058814427
0.3,0.4,0.2,0.5,0.27772233,49925,0.03570230340354119
0.8,0.5,0.3,0.6,0.27778772,49925,0.03528757556532323
0.5,0.6,0.3,0.7,0.27782133,49925,0.03576366475884493
0.5,0.5,0.3,0.8,0.2778253,49925,0.035311253014798684
0.4,0.2,0.2,0.9,0.27785313,49925,0.03248740212573814
0.6,0.6,0.3,0.6,0.27785468,49925,0.03588474367290298
0.4,0.4,0.2,0.4,0.27785468,49925,0.03588474367290299
0.8,0.8,0.4,0.8,0.27785468,49925,0.03588474367290299
0.2,0.2,0.1,0.2,0.27785468,49925,0.03588474367290299
0.8,0.9,0.3,0.4,0.27786273,49925,0.03562988507230763
0.4,0.6,0.3,0.8,0.27788717,49925,0.03560617422144729
0.6,0.2,0.2,0.6,0.27789366,49925,0.03360222419466129
0.3,0.1,0.1,0.3,0.27789366,49925,0.03360222419466129
0.9,0.3,0.3,0.9,0.27789366,49925,0.03360222419466129
0.6,0.9,0.4,0.9,0.27790606,49925,0.03596672410508595
0.6,0.4,0.3,0.8,0.2779134,49925,0.034910580796042576
0.3,0.8,0.2,0.3,0.2779222,49925,0.035938521117410624
0.6,0.8,0.2,0.1,0.27793175,49925,0.03542414929386464
0.7,0.7,0.3,0.5,0.27794087,49925,0.03587080201763991
0.3,0.9,0.3,0.7,0.27794203,49925,0.036054536920899785
0.1,0.6,0.2,0.6,0.27797812,49925,0.035620498076934626
0.8,0.7,0.4,0.9,0.2779811,49925,0.03558910030576775
0.8,0.5,0.2,0.2,0.2779835,49925,0.03487486210845414
0.8,0.4,0.3,0.7,0.27802363,49925,0.03482062249272018
0.9,0.9,0.4,0.7,0.27803352,49925,0.035885857060769015
0.2,0.7,0.2,0.4,0.2780829,49925,0.03618159640306312
0.4,0.5,0.3,0.9,0.27810934,49925,0.03509332170264336
0.6,0.5,0.3,0.7,0.27812028,49925,0.03547268002882859
0.4,0.9,0.3,0.6,0.27813643,49925,0.036141688291286105
0.8,0.6,0.3,0.5,0.27814052,49925,0.03563759815341916
0.5,0.5,0.2,0.3,0.2781536,49925,0.03583803681638673
0.2,0.9,0.2,0.3,0.27816713,49925,0.036006448671468246
0.2,0.1,0.1,0.4,0.27818114,49925,0.033026910113864286
0.4,0.2,0.2,0.8,0.27818114,49925,0.033026910113864286
0.9,0.6,0.4,0.9,0.27819228,49925,0.035317045512741854
0.4,0.7,0.3,0.7,0.27819648,49925,0.03598167057543222
0.4,0.3,0.2,0.5,0.27820784,49925,0.03520465878463375
0.7,0.7,0.2,0.1,0.27821308,49925,0.03524867968234425
0.5,0.4,0.3,0.9,0.27822945,49925,0.034715009418017376
0.9,0.7,0.4,0.8,0.27824453,49925,0.035670803663432026
0.5,0.9,0.2,0.1,0.27824563,49925,0.03554287720254177
0.6,0.3,0.2,0.4,0.27824798,49925,0.03496111042275944
0.5,0.7,0.3,0.6,0.27824938,49925,0.03610753951266125
0.5,0.2,0.1,0.1,0.27825874,49925,0.034047449041907596
0.1,0.7,0.2,0.5,0.27826652,49925,0.03602607718592465
0.2,0.8,0.3,0.9,0.2782829,49925,0.03559913158628504
0.7,0.9,0.4,0.8,0.2782831,49925,0.03604888540857034
0.6,0.8,0.3,0.5,0.27829492,49925,0.03605007558716645
0.8,0.3,0.3,0.9,0.2783161,49925,0.033809299387056985
0.7,0.4,0.3,0.7,0.27838632,49925,0.03509368892843948
0.3,0.3,0.2,0.6,0.27843365,49925,0.03492083681895045
0.3,0.7,0.3,0.8,0.27844074,49925,0.03581908601635157
0.7,0.7,0.4,0.9,0.27845332,49925,0.035787867827308306
0.7,0.3,0.3,0.9,0.27846175,49925,0.03402297238501397
0.1,0.2,0.1,0.3,0.2784755,49925,0.03538861307936279
0.3,0.6,0.3,0.9,0.2784755,49925,0.035388613079362786
0.2,0.4,0.2,0.6,0.2784755,49925,0.03538861307936279
0.5,0.2,0.2,0.6,0.2784848,49925,0.033913362238315085
0.8,0.8,0.3,0.4,0.27849156,49925,0.03577084066693976
0.6,0.8,0.4,0.9,0.27849424,49925,0.036000509298014016
0.2,0.9,0.3,0.8,0.27849674,49925,0.03588993924143545
0.5,0.7,0.2,0.2,0.2785091,49925,0.035774060575150604
0.3,0.5,0.2,0.4,0.2785418,49925,0.03620303822961291
0.1,0.5,0.2,0.7,0.27855128,49925,0.03508931182163051
0.4,0.2,0.2,0.7,0.2785517,49925,0.03360615911150086
0.7,0.5,0.3,0.6,0.27856228,49925,0.035590961744525446
0.9,0.2,0.2,0.5,0.27857405,49925,0.033006404691993875
0.8,0.9,0.4,0.7,0.27861273,49925,0.036108860900091175
0.9,0.7,0.3,0.4,0.27861583,49925,0.03558524717413672
0.8,0.7,0.4,0.8,0.2786234,49925,0.035888172626619204
0.9,0.8,0.4,0.7,0.27864444,49925,0.03593693840955266
0.9,0.4,0.3,0.6,0.27864972,49925,0.03490273691696009
0.6,0.4,0.2,0.3,0.27866095,49925,0.03548891701419969
0.4,0.5,0.3,0.8,0.2786629,49925,0.035528982180456595
0.8,0.6,0.2,0.1,0.27866524,49925,0.03502255404727471
0.6,0.7,0.3,0.5,0.27866805,49925,0.03616823371355067
0.5,0.9,0.3,0.5,0.27868855,49925,0.03620361974815388
0.5,0.5,0.3,0.7,0.27872887,49925,0.03573571071703172
0.1,0.8,0.2,0.4,0.27873683,49925,0.03629529653596531
0.7,0.6,0.3,0.5,0.27874222,49925,0.035944933590626615
0.2,0.5,0.2,0.5,0.2787631,49925,0.036002005914233616
0.7,0.8,0.4,0.8,0.27879527,49925,0.03610063013505127
0.8,0.2,0.2,0.5,0.2788142,49925,0.03337437739896716
0.2,0.1,0.1,0.3,0.2788288,49925,0.03419892996712783
0.6,0.3,0.3,0.9,0.2788288,49925,0.03419892996712783
0.4,0.2,0.2,0.6,0.2788288,49925,0.03419892996712783
0.5,0.4,0.3,0.8,0.2788329,49925,0.0351384170293221
0.7,0.5,0.2,0.2,0.27883625,49925,0.035320467157553714
0.2,0.4,0.1,0.1,0.27884257,49925,0.035903577733375054
0.4,0.8,0.2,0.2,0.27884257,49925,0.035903577733375054
0.8,0.6,0.4,0.9,0.2788501,49925,0.03553369596438025
0.4,0.6,0.3,0.7,0.27886412,49925,0.03601655253050686
0.7,0.2,0.2,0.5,0.2788676,49925,0.03374501661938788
0.5,0.3,0.2,0.4,0.2788729,49925,0.0354065997121945
0.6,0.7,0.4,0.9,0.27887744,49925,0.03598279266178572
0.9,0.3,0.3,0.8,0.27887985,49925,0.033953644726309753
0.4,0.6,0.2,0.3,0.2788937,49925,0.036070982617332596
0.6,0.6,0.2,0.2,0.27889815,49925,0.03557593631046826
0.9,0.9,0.3,0.3,0.27889815,49925,0.03557593631046825
0.3,0.3,0.1,0.1,0.27889815,49925,0.03557593631046826
0.6,0.4,0.3,0.7,0.27893502,49925,0.03534796996371183
0.7,0.3,0.3,0.8,0.2789359,49925,0.034399690214891636
0.8,0.3,0.3,0.8,0.27893978,49925,0.0341756833595476
0.6,0.9,0.4,0.8,0.278969,49925,0.03626941816011523
0.9,0.5,0.4,0.9,0.2789749,49925,0.035200064014920436
0.7,0.9,0.3,0.4,0.27898794,49925,0.03592354987719302
0.8,0.1,0.1,0.2,0.27900496,49925,0.03091465722083268
0.3,0.3,0.2,0.5,0.2790096,49925,0.03557413558955283
0.4,0.8,0.3,0.6,0.27901557,49925,0.03628629613584929
0.6,0.5,0.3,0.6,0.27901858,49925,0.03588291624993852
0.5,0.9,0.4,0.9,0.27902326,49925,0.03617174994074946
0.5,0.6,0.3,0.6,0.2790351,49925,0.036172760293182143
0.9,0.5,0.3,0.5,0.2790525,49925,0.03532649803733275
0.3,0.8,0.3,0.7,0.27908292,49925,0.03616381569303602
0.9,0.3,0.2,0.3,0.27908722,49925,0.034074574493864994
0.3,0.6,0.3,0.8,0.27908736,49925,0.03581355019670995
0.3,0.5,0.3,0.9,0.2791134,49925,0.035261045637903
0.1,0.9,0.3,0.9,0.27911982,49925,0.0357266132787807
0.8,0.8,0.4,0.7,0.27913374,49925,0.03616618201734026
0.3,0.9,0.2,0.2,0.2791401,49925,0.03599279739916221
0.5,0.5,0.6,0.8,0.27915877,49925,0.03720052901769737
0.5,0.2,0.2,0.5,0.27918395,49925,0.03447571118920932
0.8,0.4,0.3,0.6,0.27918905,49925,0.03519305292685977
0.9,0.5,0.2,0.1,0.27920717,49925,0.03474700322453753
0.9,0.4,0.2,0.2,0.27922168,49925,0.034489073092499045
0.7,0.9,0.4,0.7,0.27922902,49925,0.03635893594115668
0.7,0.6,0.4,0.9,0.2792617,49925,0.0357239927886305
0.7,0.1,0.1,0.2,0.27928555,49925,0.03152853126047977
0.2,0.7,0.3,0.9,0.27928838,49925,0.035613073930414046
0.4,0.4,0.3,0.9,0.27929902,49925,0.03487646187606068
0.8,0.5,0.4,0.9,0.2792995,49925,0.03538893716965469
0.2,0.3,0.2,0.9,0.27931437,49925,0.0332619726553072
0.9,0.6,0.4,0.8,0.2793234,49925,0.03562471861402029
0.4,0.7,0.3,0.6,0.2793316,49925,0.036398272897329116
0.8,0.3,0.2,0.3,0.27933297,49925,0.034530152181361407
0.3,0.4,0.2,0.4,0.27933985,49925,0.03630912499100414
0.6,0.8,0.4,0.8,0.27933985,49925,0.03630912499100414
0.6,0.2,0.2,0.5,0.27934745,49925,0.03412385890229389
0.2,0.4,0.2,0.5,0.27935886,49925,0.03603578884084803
0.7,0.5,0.4,0.9,0.2793795,49925,0.035575260848564105
0.4,0.5,0.3,0.7,0.2793913,49925,0.03597289240712312
0.2,0.9,0.3,0.7,0.27940115,49925,0.03630381692766815
0.5,0.4,0.2,0.3,0.2794177,49925,0.03596589068109108
0.2,0.6,0.2,0.4,0.27944037,49925,0.036426195707301795
0.3,0.9,0.3,0.6,0.27944037,49925,0.03642619570730179
0.1,0.3,0.1,0.2,0.27944037,49925,0.036426195707301795
0.9,0.9,0.4,0.6,0.2794636,49925,0.03615347613391837
0.4,0.4,0.5,0.6,0.27946627,49925,0.037436270314490455
0.5,0.8,0.4,0.9,0.27946788,49925,0.03617994870046711
0.4,0.4,0.5,0.7,0.27949154,49925,0.03699222305812573
0.8,0.7,0.3,0.4,0.2794939,49925,0.03589050733074116
0.9,0.3,0.3,0.7,0.27949616,49925,0.03429413553895841
0.6,0.7,0.4,0.8,0.27950275,49925,0.036312420381633306
0.5,0.5,0.6,0.9,0.27951536,49925,0.036850644926185956
0.7,0.7,0.4,0.8,0.2795166,49925,0.036101135810274
0.6,0.7,0.2,0.1,0.279533,49925,0.03569326201038159
0.7,0.8,0.3,0.4,0.2795353,49925,0.0360698738589155
0.9,0.6,0.3,0.4,0.27954265,49925,0.03565634112752999
0.5,0.5,0.3,0.6,0.27954453,49925,0.03616446415528673
0.7,0.4,0.3,0.6,0.2795457,49925,0.03548158383952989
0.9,0.9,0.5,0.9,0.27955148,49925,0.03630818443324451
0.5,0.8,0.2,0.1,0.27956098,49925,0.035847131510013716
0.6,0.6,0.3,0.5,0.27956638,49925,0.03626300014408942
0.6,0.4,0.3,0.6,0.27959335,49925,0.03577291767811356
0.5,0.4,0.3,0.7,0.27959478,49925,0.03557527811709566
0.5,0.7,0.4,0.9,0.27960128,49925,0.036165216651664146
0.6,0.3,0.3,0.8,0.2796018,49925,0.03461159965076716
0.3,0.7,0.2,0.3,0.2796026,49925,0.03623838333390535
0.1,0.4,0.2,0.9,0.2796182,49925,0.03372603332400509
0.6,0.6,0.7,0.9,0.27962685,49925,0.03731860453423224
0.9,0.7,0.4,0.7,0.27964514,49925,0.03596014927578484
0.3,0.5,0.3,0.8,0.27966782,49925,0.03572325281921528
0.7,0.6,0.7,0.9,0.27966934,49925,0.037224608459347906
0.9,0.1,0.1,0.2,0.2796732,49925,0.030378453368500615
0.2,0.8,0.2,0.3,0.27968264,49925,0.03634625249165078
0.2,0.8,0.3,0.8,0.27968323,49925,0.036008492606459164
0.5,0.4,0.5,0.8,0.2796894,49925,0.0365015280918727
0.4,0.5,0.5,0.8,0.27969626,49925,0.036971004912542745
0.8,0.9,0.3,0.3,0.27971083,49925,0.03588964104363037
0.6,0.3,0.5,0.9,0.2797126,49925,0.03554152215917714
0.8,0.7,0.4,0.7,0.27971563,49925,0.03618471123309746
0.5,0.4,0.5,0.9,0.27972126,49925,0.036134511855403555
0.9,0.5,0.4,0.8,0.27972224,49925,0.03551462566101246
0.2,0.3,0.2,0.8,0.2797261,49925,0.033850019131171964
0.7,0.6,0.4,0.8,0.27974325,49925,0.036051349321169324
0.1,0.6,0.2,0.5,0.27974957,49925,0.036217912794595894
0.2,0.3,0.2,0.7,0.2797555,49925,0.034492326170810564
0.5,0.5,0.6,0.7,0.27975556,49925,0.03754763067147148
0.5,0.8,0.3,0.5,0.27976114,49925,0.03635491281408675
0.3,0.3,0.4,0.5,0.27976775,49925,0.03724189212263096
0.2,0.2,0.2,0.3,0.27976912,49925,0.03705102982577832
0.4,0.4,0.4,0.6,0.27976912,49925,0.03705102982577832
0.6,0.6,0.6,0.9,0.27976912,49925,0.03705102982577832
0.7,0.8,0.4,0.7,0.27977055,49925,0.03640292707040824
0.4,0.5,0.2,0.3,0.27977058,49925,0.036289379204450786
0.4,0.4,0.4,0.7,0.27977157,49925,0.036601197496573895
0.6,0.6,0.7,0.8,0.27977943,49925,0.037622785635569464
0.6,0.3,0.5,0.8,0.2797798,49925,0.035902349868008485
0.6,0.5,0.6,0.7,0.2797823,49925,0.03742031441244615
0.5,0.6,0.6,0.9,0.27978864,49925,0.03715087769077469
0.4,0.5,0.5,0.9,0.2797913,49925,0.03659848310479843
0.3,0.7,0.3,0.7,0.27979732,49925,0.03624177037962523
0.5,0.4,0.5,0.7,0.27980006,49925,0.03689403801523744
0.3,0.4,0.4,0.6,0.27980044,49925,0.03718903821601538
0.3,0.4,0.4,0.7,0.27980152,49925,0.03671396763524536
0.9,0.8,0.3,0.3,0.27980867,49925,0.03573129165322308
0.6,0.1,0.1,0.2,0.2798126,49925,0.032225798514452134
0.5,0.4,0.5,0.6,0.2798126,49925,0.03729085677792425
0.7,0.6,0.7,0.8,0.27981323,49925,0.03750109560127793
0.3,0.2,0.2,0.8,0.27981442,49925,0.03312926005283932
0.6,0.5,0.6,0.9,0.2798145,49925,0.03676836852984095
0.8,0.5,0.3,0.5,0.27981502,49925,0.03565170413058712
0.5,0.3,0.3,0.8,0.27981597,49925,0.03481284404036326
0.3,0.3,0.3,0.5,0.27982175,49925,0.0367448764608878
0.4,0.4,0.3,0.7,0.27982497,49925,0.03580871519615428
0.6,0.6,0.4,0.9,0.27982587,49925,0.035903762376665434
0.5,0.5,0.6,0.6,0.2798315,49925,0.03789778942702835
0.7,0.4,0.6,0.9,0.27983505,49925,0.03630795514803571
0.6,0.9,0.3,0.4,0.27984357,49925,0.03622091677908193
0.2,0.3,0.3,0.5,0.2798444,49925,0.0369087746708801
0.5,0.6,0.4,0.9,0.27984512,49925,0.03607622395092427
0.4,0.6,0.3,0.6,0.27984798,49925,0.03644741653250879
0.4,0.4,0.5,0.8,0.27986628,49925,0.03659163334618357
0.8,0.3,0.3,0.7,0.2798674,49925,0.0345434823864306
0.2,0.6,0.3,0.9,0.27987018,49925,0.0355592781987405
0.8,0.7,0.8,0.9,0.27987254,49925,0.03756421510276504
0.1,0.5,0.1,0.1,0.27987537,49925,0.03606523253249099
0.6,0.5,0.4,0.9,0.27987707,49925,0.03574981260000316
0.7,0.3,0.3,0.7,0.27988076,49925,0.034796916533475615
0.5,0.9,0.4,0.8,0.27988374,49925,0.0364838762687835
0.4,0.5,0.5,0.7,0.27988774,49925,0.037363689853433725
0.5,0.6,0.7,0.9,0.27989203,49925,0.03742197004234352
0.5,0.5,0.5,0.9,0.27989295,49925,0.036510606509019924
0.5,0.3,0.3,0.9,0.2799056,49925,0.03436491040004108
0.4,0.2,0.2,0.5,0.27991375,49925,0.03481874263544003
0.7,0.6,0.8,0.9,0.27991435,49925,0.037446895446090755
0.1,0.5,0.2,0.6,0.27991572,49925,0.03570454822371122
0.8,0.6,0.4,0.8,0.27991664,49925,0.035845862376457864
0.4,0.3,0.2,0.4,0.27991664,49925,0.035845862376457864
0.5,0.6,0.6,0.8,0.27992117,49925,0.03747546551875657
0.7,0.5,0.4,0.8,0.2799219,49925,0.03591728231479014
0.6,0.5,0.6,0.6,0.2799242,49925,0.037743859262075914
0.8,0.7,0.9,0.9,0.2799247,49925,0.03775726203112373
0.4,0.4,0.3,0.8,0.27992505,49925,0.03534646268932376
0.7,0.4,0.4,0.9,0.2799259,49925,0.03532140530744846
0.5,0.6,0.7,0.8,0.27992964,49925,0.03772313929513969
0.5,0.4,0.5,0.5,0.2799302,49925,0.037691370825676335
0.5,0.5,0.5,0.8,0.27993628,49925,0.036874175113955535
0.8,0.4,0.6,0.9,0.27994215,49925,0.03620204967108541
0.1,0.4,0.2,0.8,0.2799426,49925,0.0343110603448142
0.4,0.3,0.4,0.7,0.2799529,49925,0.03611674697829
0.4,0.6,0.5,0.9,0.27995697,49925,0.03685739219951433
0.3,0.2,0.2,0.9,0.27996022,49925,0.032552298882720855
0.6,0.4,0.5,0.9,0.27996337,49925,0.03606068359412914
0.5,0.7,0.3,0.5,0.27996516,49925,0.036508217485596045
0.8,0.6,0.7,0.9,0.27996755,49925,0.03712465869162689
0.4,0.3,0.4,0.6,0.27996832,49925,0.03659216705296723
0.2,0.3,0.2,0.6,0.27996987,49925,0.03516425860742642
0.4,0.9,0.2,0.1,0.27997592,49925,0.03593661784113989
0.8,0.9,0.5,0.9,0.27997732,49925,0.03649109148856787
0.5,0.3,0.4,0.8,0.27997902,49925,0.03557179685816136
0.4,0.4,0.5,0.9,0.2799802,49925,0.036211684439220064
0.8,0.5,0.4,0.8,0.2799823,49925,0.035713948514791004
0.4,0.9,0.3,0.5,0.27998284,49925,0.036494124144802555
0.3,0.3,0.3,0.7,0.2799835,49925,0.035594890831381634
0.6,0.6,0.7,0.7,0.27998397,49925,0.037909081322028325
0.5,0.3,0.4,0.6,0.27998614,49925,0.036456853978069116
0.3,0.2,0.2,0.6,0.27998614,49925,0.03443087476645607
0.3,0.6,0.3,0.7,0.28000158,49925,0.03625405633948821
0.6,0.4,0.5,0.8,0.28000233,49925,0.036406428779057434
0.7,0.7,0.4,0.7,0.2800028,49925,0.03642724316819779
0.7,0.5,0.7,0.9,0.28000292,49925,0.03693312689288141
0.4,0.4,0.4,0.9,0.28000465,49925,0.035737195373167926
0.3,0.2,0.2,0.7,0.28001127,49925,0.03375106316010026
0.7,0.7,0.8,0.9,0.2800185,49925,0.03767837414665008
0.4,0.2,0.3,0.5,0.2800201,49925,0.0359028026831013
0.4,0.5,0.6,0.8,0.28002685,49925,0.037283024085695955
0.6,0.4,0.4,0.9,0.28002882,49925,0.03548205969537521
0.7,0.5,0.7,0.8,0.28003055,49925,0.037226128931430104
0.5,0.5,0.5,0.7,0.28003168,49925,0.03722829596632986
0.4,0.9,0.4,0.9,0.28003353,49925,0.036352883109912706
0.6,0.5,0.6,0.8,0.28003693,49925,0.037083787819615445
0.5,0.3,0.3,0.7,0.28003973,49925,0.03525771283052263
0.4,0.6,0.6,0.9,0.28004497,49925,0.03723677466737207
0.4,0.4,0.5,0.5,0.28004658,49925,0.037863611866734016
0.7,0.5,0.6,0.9,0.28004828,49925,0.03667066937436503
0.9,0.7,0.8,0.9,0.28005213,49925,0.03745333533965339
0.2,0.3,0.2,0.5,0.28005767,49925,0.03586092198760096
0.2,0.3,0.3,0.4,0.28006202,49925,0.03757444978353089
0.4,0.6,0.6,0.8,0.28006202,49925,0.03757444978353089
0.7,0.4,0.5,0.9,0.28006586,49925,0.03593791503290742
0.6,0.6,0.8,0.9,0.2800661,49925,0.03752277175309255
0.4,0.3,0.3,0.7,0.28007025,49925,0.03545933713014492
0.4,0.3,0.3,0.9,0.28007042,49925,0.03448011535997791
0.6,0.7,0.7,0.9,0.28007123,49925,0.03755540609721078
0.6,0.6,0.4,0.8,0.28007314,49925,0.03624963137118741
0.3,0.3,0.2,0.4,0.28007314,49925,0.03624963137118741
0.4,0.5,0.6,0.9,0.28007773,49925,0.03693310262141566
0.7,0.5,0.6,0.8,0.280084,49925,0.03697030016141781
0.8,0.8,0.5,0.9,0.28008986,49925,0.03648836073944822
0.4,0.3,0.3,0.8,0.28009367,49925,0.03495855178900009
0.6,0.5,0.7,0.9,0.28009507,49925,0.037021743231712
0.7,0.7,0.9,0.9,0.28009662,49925,0.03784627076833158
0.4,0.3,0.4,0.5,0.2801019,49925,0.03708826192905313
0.7,0.3,0.2,0.3,0.28010207,49925,0.03499542937712306
0.3,0.2,0.3,0.6,0.2801099,49925,0.0354359028032093
0.5,0.3,0.4,0.7,0.28011015,49925,0.036003683038366784
0.6,0.7,0.8,0.9,0.28011328,49925,0.03776942413912969
0.3,0.4,0.4,0.8,0.28011364,49925,0.0362394725294055
0.5,0.4,0.3,0.6,0.2801157,49925,0.03603364300863066
0.9,0.7,0.9,0.9,0.2801165,49925,0.03765476737562019
0.6,0.9,0.4,0.7,0.28011724,49925,0.036590518219679194
0.6,0.6,0.8,0.8,0.28011882,49925,0.03781560235363843
0.3,0.3,0.4,0.4,0.28011882,49925,0.03781560235363843
0.7,0.6,0.7,0.7,0.2801202,49925,0.037784108515068394
0.5,0.4,0.4,0.8,0.28012052,49925,0.03602713580689619
0.8,0.6,0.8,0.9,0.28012073,49925,0.03734651345675745
0.7,0.4,0.5,0.8,0.280121,49925,0.036261479736000544
0.4,0.6,0.4,0.9,0.28012326,49925,0.03624975379424425
0.3,0.5,0.3,0.7,0.28012717,49925,0.036203627415607
0.6,0.5,0.7,0.8,0.28012967,49925,0.037334597293405186
0.7,0.3,0.6,0.9,0.28013062,49925,0.035777068696145345
0.3,0.3,0.4,0.7,0.28013164,49925,0.03619154454207712
0.3,0.5,0.5,0.7,0.28013337,49925,0.0374676086679697
0.4,0.5,0.3,0.6,0.28013977,49925,0.03643162030597178
0.5,0.7,0.4,0.8,0.28014162,49925,0.03651212061394516
0.5,0.7,0.7,0.9,0.28014407,49925,0.03764591552874765
0.5,0.8,0.4,0.8,0.2801454,49925,0.03651615802041289
0.4,0.3,0.4,0.8,0.28014836,49925,0.03566099601763494
0.5,0.3,0.3,0.6,0.28015044,49925,0.03575270076506287
0.5,0.3,0.5,0.9,0.28015143,49925,0.03559809819483748
0.3,0.3,0.3,0.4,0.28015193,49925,0.037363106898228776
0.6,0.6,0.6,0.8,0.28015193,49925,0.037363106898228776
0.8,0.4,0.4,0.9,0.2801525,49925,0.03514241507596881
0.5,0.6,0.6,0.7,0.2801528,49925,0.037811945468090774
0.4,0.5,0.6,0.7,0.28015396,49925,0.037660774222847145
0.7,0.6,0.2,0.1,0.28015524,49925,0.03547894169350034
0.6,0.7,0.4,0.7,0.28015792,49925,0.036652296702176124
0.3,0.2,0.3,0.5,0.28016013,49925,0.036058919465889135
0.3,0.3,0.3,0.6,0.28016657,49925,0.03615185135767461
0.1,0.1,0.1,0.2,0.28016657,49925,0.03615185135767461
0.2,0.2,0.2,0.4,0.28016657,49925,0.03615185135767461
0.4,0.4,0.4,0.8,0.28016657,49925,0.03615185135767461
0.7,0.6,0.8,0.8,0.2801683,49925,0.03771581734437103
0.7,0.8,0.9,0.9,0.28016996,49925,0.03803681191080855
0.7,0.3,0.5,0.8,0.28017107,49925,0.03580346256084978
0.6,0.4,0.6,0.9,0.28017142,49925,0.036385498821420906
0.7,0.7,0.8,0.8,0.28017968,49925,0.037929773397521516
0.9,0.4,0.4,0.9,0.28018165,49925,0.034970912292339416
0.3,0.5,0.5,0.8,0.28018558,49925,0.037071615414810265
0.6,0.3,0.3,0.7,0.28018826,49925,0.03503341874305426
0.8,0.7,0.8,0.8,0.28019124,49925,0.03780923253886776
0.5,0.5,0.4,0.9,0.28019193,49925,0.03591956656165922
0.6,0.5,0.7,0.7,0.28019375,49925,0.037656111601697316
0.7,0.5,0.5,0.9,0.2801954,49925,0.03622737289160483
0.6,0.5,0.5,0.9,0.28019774,49925,0.03638219709042066
0.7,0.7,0.7,0.9,0.2801997,49925,0.03745036255105191
0.4,0.5,0.4,0.7,0.28020275,49925,0.036878976722057234
0.7,0.9,0.5,0.9,0.280206,49925,0.036675633925372646
0.4,0.2,0.3,0.6,0.280208,49925,0.035322430028221836
0.4,0.5,0.5,0.6,0.28021032,49925,0.03777532343798399
0.3,0.3,0.4,0.6,0.280211,49925,0.03669936117338566
0.7,0.5,0.7,0.7,0.2802116,49925,0.03753797249205925
0.4,0.8,0.4,0.9,0.28021532,49925,0.03636420731989062
0.8,0.5,0.6,0.9,0.28021955,49925,0.03653891977988236
0.6,0.4,0.6,0.8,0.28022024,49925,0.03672025670067122
0.3,0.2,0.3,0.4,0.28022024,49925,0.03672025670067122
0.2,0.7,0.3,0.8,0.2802219,49925,0.036043608620789584
0.6,0.6,0.4,0.7,0.28022218,49925,0.03660643378317341
0.1,0.7,0.2,0.4,0.28022352,49925,0.036586209362078334
0.9,0.5,0.6,0.9,0.28022474,49925,0.03641298649158321
0.6,0.4,0.4,0.6,0.28022742,49925,0.03664932227540604
0.3,0.2,0.2,0.3,0.28022742,49925,0.03664932227540604
0.9,0.6,0.6,0.9,0.28022742,49925,0.03664932227540604
0.5,0.5,0.5,0.6,0.28022796,49925,0.037608422597237894
0.8,0.6,0.3,0.4,0.28022802,49925,0.035979090569178286
0.6,0.3,0.3,0.6,0.28022814,49925,0.03549544831531136
0.4,0.2,0.2,0.4,0.28022814,49925,0.03549544831531135
0.8,0.4,0.4,0.8,0.28022814,49925,0.03549544831531135
0.2,0.1,0.1,0.2,0.28022814,49925,0.03549544831531135
0.2,0.3,0.3,0.6,0.28023267,49925,0.03626008548474461
0.1,0.9,0.2,0.3,0.28023446,49925,0.03642637218271948
0.1,0.9,0.3,0.8,0.2802347,49925,0.03613022497925693
0.5,0.5,0.7,0.8,0.2802365,49925,0.0374247860417775
0.5,0.7,0.6,0.9,0.28023833,49925,0.03735686140162853
0.9,0.8,0.9,0.9,0.28023916,49925,0.03782990246909612
0.4,0.6,0.5,0.8,0.2802425,49925,0.03722029607054853
0.4,0.4,0.4,0.5,0.2802444,49925,0.03751434972167506
0.5,0.4,0.4,0.7,0.28024822,49925,0.036427813434299725
0.6,0.4,0.5,0.6,0.28025222,49925,0.03712808745764323
0.7,0.4,0.6,0.8,0.2802523,49925,0.03662461510828231
0.3,0.2,0.2,0.5,0.28025284,49925,0.03513289223503631
0.7,0.4,0.4,0.8,0.2802536,49925,0.035691333025769705
0.6,0.8,0.4,0.7,0.28025958,49925,0.03664378370584442
0.6,0.3,0.5,0.7,0.28026208,49925,0.03627375314246498
0.8,0.6,0.8,0.8,0.28026658,49925,0.03760518194997558
0.4,0.3,0.4,0.4,0.28026658,49925,0.03760518194997558
0.5,0.6,0.5,0.9,0.2802696,49925,0.036739942019519446
0.4,0.7,0.2,0.2,0.28026992,49925,0.03621242255217643
0.9,0.9,0.5,0.8,0.28027079,49925,0.036558669709992365
0.6,0.4,0.5,0.7,0.28027207,49925,0.03675600087551843
0.8,0.8,0.9,0.9,0.2802734,49925,0.03794688942360687
0.8,0.6,0.7,0.8,0.28027645,49925,0.03737158895215904
0.8,0.9,0.4,0.6,0.28028038,49925,0.03638780245054431
0.7,0.8,0.8,0.9,0.28028446,49925,0.0378551860168208
0.8,0.7,0.9,0.8,0.2802872,49925,0.03798981299788144
0.3,0.4,0.4,0.5,0.2802874,49925,0.037699942308509586
0.5,0.6,0.3,0.5,0.28028798,49925,0.03658854901635258
0.4,0.3,0.3,0.5,0.2802894,49925,0.03649839899630522
0.5,0.3,0.4,0.9,0.28028998,49925,0.03515282684030029
0.6,0.5,0.3,0.5,0.28029197,49925,0.036288668296739476
0.9,0.4,0.3,0.5,0.28029463,49925,0.03525040158573308
0.7,0.5,0.5,0.8,0.2802976,49925,0.03655588407261688
0.8,0.4,0.2,0.2,0.28029925,49925,0.03494987500825088
0.4,0.2,0.1,0.1,0.28029925,49925,0.03494987500825088
0.3,0.4,0.5,0.5,0.28030056,49925,0.03802076971980963
0.3,0.2,0.3,0.7,0.28030068,49925,0.03484108165285678
0.9,0.6,0.7,0.9,0.28030074,49925,0.036995091601986003
0.5,0.4,0.6,0.9,0.28030604,49925,0.036454815151296845
0.6,0.4,0.6,0.7,0.28030717,49925,0.03706785360571401
0.4,0.6,0.5,0.7,0.2803083,49925,0.037596596251894314
0.4,0.3,0.3,0.6,0.28030884,49925,0.03596853642314451
0.8,0.5,0.8,0.9,0.28030986,49925,0.03705726759870363
0.7,0.7,0.3,0.4,0.28031242,49925,0.0362103618588345
0.6,0.4,0.4,0.8,0.28031924,49925,0.035867980832860476
0.3,0.2,0.2,0.4,0.28031924,49925,0.035867980832860476
0.5,0.3,0.5,0.8,0.28032175,49925,0.035987912290310814
0.9,0.6,0.5,0.9,0.28032333,49925,0.036121283212785155
0.3,0.5,0.5,0.9,0.2803261,49925,0.03667614857868513
0.4,0.2,0.3,0.4,0.28032762,49925,0.03650592429699598
0.8,0.4,0.6,0.8,0.28032762,49925,0.03650592429699598
0.4,0.7,0.4,0.9,0.28032792,49925,0.03633072528012473
0.4,0.6,0.5,0.6,0.28033012,49925,0.03798818992778201
0.6,0.5,0.5,0.8,0.28033236,49925,0.036712416529599445
0.6,0.7,0.7,0.8,0.28033245,49925,0.03784391014666092
0.5,0.3,0.4,0.5,0.2803332,49925,0.03689573184012428
0.7,0.5,0.3,0.5,0.28033835,49925,0.03598597839309957
0.8,0.5,0.6,0.8,0.28034088,49925,0.03683472753264787
0.9,0.8,0.5,0.9,0.2803439,49925,0.036304160958140236
0.7,0.6,0.6,0.8,0.28034395,49925,0.03721920138629328
0.8,0.4,0.7,0.9,0.28034455,49925,0.03645383749706231
0.8,0.8,0.9,0.8,0.28034475,49925,0.038166798040849124
0.6,0.5,0.2,0.2,0.28034598,49925,0.03579157738509564
0.6,0.8,0.9,0.9,0.28034878,49925,0.03812929922085235
0.5,0.7,0.7,0.7,0.28034902,49925,0.03825218654325869
0.9,0.5,0.5,0.9,0.28035372,49925,0.03593681432573638
0.6,0.3,0.4,0.8,0.28035375,49925,0.03544509295198345
0.7,0.4,0.4,0.7,0.28035724,49925,0.036048878708971374
0.5,0.7,0.6,0.8,0.28035742,49925,0.03767535496158789
0.3,0.4,0.3,0.7,0.28036386,49925,0.03600001624206409
0.5,0.9,0.8,0.9,0.28036565,49925,0.03819510441043763
0.4,0.3,0.4,0.9,0.28036806,49925,0.035237625780957814
0.6,0.8,0.8,0.9,0.2803702,49925,0.037970875174867406
0.5,0.5,0.7,0.9,0.28037137,49925,0.037086313791939114
0.3,0.4,0.3,0.6,0.2803718,49925,0.03653378898831111
0.9,0.6,0.7,0.8,0.28037238,49925,0.037251395883614556
0.6,0.3,0.4,0.7,0.28037515,49925,0.03585222609058011
0.6,0.7,0.9,0.9,0.28037518,49925,0.03792597518856838
0.5,0.4,0.4,0.9,0.28037655,49925,0.035617748634450434
0.1,0.4,0.2,0.7,0.2803824,49925,0.0349478274962038
0.3,0.4,0.5,0.8,0.2803834,49925,0.036650179924809984
0.4,0.7,0.6,0.8,0.2803836,49925,0.03778250405539961
0.5,0.4,0.4,0.6,0.2803836,49925,0.036853543218821165
0.8,0.5,0.7,0.9,0.28038388,49925,0.03685203500192215
0.9,0.4,0.7,0.9,0.2803841,49925,0.03636939306146509
0.3,0.5,0.4,0.6,0.28038448,49925,0.03748922475458609
0.3,0.5,0.4,0.7,0.28038704,49925,0.03702823248420403
0.9,0.6,0.8,0.9,0.2803877,49925,0.03724767725458451
0.5,0.6,0.8,0.9,0.2803929,49925,0.037600719390807044
0.7,0.7,0.9,0.8,0.28039378,49925,0.03809575581905489
0.5,0.7,0.8,0.9,0.2803946,49925,0.03784657496526113
0.5,0.4,0.6,0.7,0.2803982,49925,0.037197697286651774
0.9,0.8,0.4,0.6,0.28040168,49925,0.036208504364448356
0.5,0.6,0.2,0.2,0.28040203,49925,0.03604851656466232
0.7,0.3,0.5,0.9,0.28040993,49925,0.035451587642405476
0.2,0.2,0.2,0.5,0.28041145,49925,0.03532145082350271
0.9,0.6,0.4,0.7,0.28041226,49925,0.03591920848682667
0.5,0.6,0.6,0.6,0.28041232,49925,0.03813145774105746
0.6,0.6,0.6,0.7,0.28041267,49925,0.037669170635448695
0.7,0.5,0.6,0.7,0.28041324,49925,0.03728306864950369
0.7,0.4,0.6,0.7,0.2804137,49925,0.03695321253130097
0.4,0.7,0.6,0.9,0.28041404,49925,0.03746628630615817
0.7,0.7,0.8,0.7,0.2804141,49925,0.038197250483582815
0.4,0.6,0.7,0.9,0.2804142,49925,0.037476780344131995
0.5,0.8,0.7,0.9,0.28041476,49925,0.03782640287214418
0.5,0.4,0.6,0.8,0.28041518,49925,0.036812278710684314
0.9,0.5,0.8,0.8,0.2804165,49925,0.03722078741011744
0.9,0.7,0.8,0.8,0.2804177,49925,0.037687610391839516
0.9,0.5,0.8,0.9,0.28041822,49925,0.036956668281162314
0.7,0.3,0.6,0.8,0.28041843,49925,0.03610900063441801
0.8,0.5,0.6,0.7,0.28041857,49925,0.037123561490767655
0.7,0.8,0.9,0.8,0.28042185,49925,0.03828517911804152
0.5,0.7,0.8,0.8,0.28042322,49925,0.03813100364704791
0.7,0.6,0.8,0.7,0.2804271,49925,0.0379921036984389
0.4,0.5,0.4,0.9,0.28042725,49925,0.036055059471678995
0.3,0.4,0.5,0.6,0.2804322,49925,0.03754136580108554
0.5,0.3,0.5,0.7,0.28043395,49925,0.03638101383199663
0.2,0.6,0.3,0.8,0.2804344,49925,0.03599272185503518
0.5,0.6,0.5,0.8,0.28043544,49925,0.03708795775204236
0.5,0.6,0.7,0.7,0.28043708,49925,0.03803423351112402
0.3,0.4,0.5,0.7,0.2804396,49925,0.03707663076689599
0.6,0.4,0.6,0.6,0.28043988,49925,0.03743679154488714
0.9,0.6,0.9,0.9,0.28043988,49925,0.03743679154488714
0.3,0.2,0.3,0.3,0.28043988,49925,0.03743679154488714
0.8,0.5,0.7,0.8,0.28044418,49925,0.03711486775624434
0.6,0.7,0.8,0.8,0.28044558,49925,0.038043143968639885
0.5,0.2,0.4,0.6,0.2804456,49925,0.035742512219698645
0.6,0.5,0.5,0.7,0.28044763,49925,0.037066386751913295
0.5,0.1,0.1,0.2,0.28044808,49925,0.03297577092229425
0.7,0.8,0.5,0.9,0.28044993,49925,0.03665478762376842
0.5,0.6,0.4,0.8,0.28045025,49925,0.036445902075099824
0.6,0.3,0.5,0.6,0.28045332,49925,0.03668304148045443
0.6,0.7,0.5,0.9,0.28045535,49925,0.03674791659073577
0.3,0.4,0.3,0.5,0.28045613,49925,0.03708195980949426
0.8,0.3,0.3,0.6,0.28045908,49925,0.03494839814673376
0.4,0.7,0.6,0.7,0.28046378,49925,0.038115607172540145
0.8,0.7,0.7,0.9,0.2804658,49925,0.0373297156454598
0.6,0.7,0.9,0.8,0.2804729,49925,0.03819426668956781
0.8,0.4,0.5,0.9,0.28047377,49925,0.03579600059412294
0.3,0.3,0.3,0.8,0.2804757,49925,0.035048845445143195
0.7,0.3,0.5,0.7,0.28048313,49925,0.03615998503113099
0.8,0.6,0.8,0.7,0.2804849,49925,0.03787126720755023
0.4,0.4,0.2,0.3,0.28048766,49925,0.03646239694197377
0.8,0.8,0.4,0.6,0.28048766,49925,0.03646239694197377
0.6,0.3,0.4,0.9,0.28048816,49925,0.035052115438480025
0.6,0.8,0.5,0.9,0.28049174,49925,0.03681457599266588
0.6,0.8,0.7,0.9,0.28049195,49925,0.03773167477750442
0.6,0.9,0.8,0.9,0.2804921,49925,0.03811088605647252
0.3,0.4,0.4,0.4,0.28049338,49925,0.03821691518886559
0.6,0.8,0.8,0.8,0.28049338,49925,0.03821691518886559
0.6,0.6,0.7,0.6,0.28049594,49925,0.03822705342115286
0.7,0.4,0.5,0.7,0.28049707,49925,0.03661040119071233
0.5,0.5,0.6,0.5,0.2804994,49925,0.03826843943704643
0.5,0.8,0.7,0.8,0.28050098,49925,0.038105642223083575
0.6,0.6,0.5,0.9,0.28050697,49925,0.036600693465784206
0.4,0.5,0.4,0.8,0.28050858,49925,0.03645506936211626
0.4,0.2,0.3,0.7,0.28050983,49925,0.034789435100831795
0.3,0.5,0.4,0.5,0.28051418,49925,0.03797654172030612
0.3,0.4,0.3,0.9,0.2805143,49925,0.035015858519051715
0.7,0.6,0.6,0.9,0.2805176,49925,0.03691593477158921
0.4,0.8,0.7,0.9,0.28051782,49925,0.037910924625131855
0.8,0.5,0.4,0.7,0.28051883,49925,0.0360564295272362
0.9,0.4,0.6,0.9,0.280519,49925,0.036080763369819475
0.4,0.3,0.5,0.9,0.28052133,49925,0.03562001008025765
0.3,0.8,0.3,0.6,0.2805255,49925,0.036586729283330226
0.4,0.6,0.7,0.8,0.28052634,49925,0.03780684510315504
0.7,0.7,0.7,0.8,0.2805304,49925,0.03771726950205179
0.4,0.3,0.5,0.8,0.28053117,49925,0.03603572254713358
0.8,0.5,0.8,0.8,0.2805335,49925,0.03733203038993228
0.9,0.6,0.8,0.8,0.28053755,49925,0.037494159091756914
0.8,0.5,0.2,0.1,0.28053775,49925,0.03519779148685574
0.5,0.5,0.7,0.7,0.28053832,49925,0.03776032720383369
0.4,0.5,0.5,0.5,0.28053892,49925,0.038165947532439036
0.4,0.5,0.6,0.6,0.28054258,49925,0.03802493364503262
0.8,0.6,0.4,0.7,0.2805436,49925,0.036139635451249943
0.8,0.6,0.6,0.9,0.28054374,49925,0.03677343495800527
0.8,0.5,0.5,0.9,0.28054565,49925,0.03609589809672171
0.4,0.5,0.4,0.6,0.28054655,49925,0.03730275380776744
0.8,0.6,0.7,0.7,0.28054783,49925,0.03764813423205845
0.6,0.7,0.7,0.7,0.28054804,49925,0.038104367133135246
0.9,0.7,0.5,0.9,0.28054932,49925,0.03625193652932573
0.1,0.8,0.3,0.9,0.28055763,49925,0.03578888364145904
0.6,0.6,0.8,0.7,0.2805589,49925,0.03811159079754468
0.7,0.8,0.8,0.8,0.28056026,49925,0.03809245332124897
0.7,0.9,0.9,0.9,0.28056252,49925,0.038190945276374025
0.8,0.8,0.8,0.9,0.28056273,49925,0.03775171422531083
0.9,0.5,0.7,0.9,0.28056285,49925,0.03673162326441936
0.3,0.3,0.4,0.8,0.28056473,49925,0.03571394163015632
0.5,0.3,0.5,0.6,0.28056583,49925,0.036827789493677716
0.5,0.7,0.5,0.9,0.28056592,49925,0.03689765683362701
0.2,0.3,0.3,0.3,0.2805683,49925,0.03828680691503311
0.6,0.9,0.9,0.9,0.2805683,49925,0.03828680691503312
0.4,0.6,0.6,0.6,0.2805683,49925,0.03828680691503311
0.8,0.6,0.9,0.9,0.2805704,49925,0.037519772201299206
0.4,0.2,0.4,0.6,0.2805707,49925,0.03584387164979352
0.6,0.3,0.6,0.9,0.2805707,49925,0.03584387164979352
0.2,0.1,0.2,0.3,0.2805707,49925,0.03584387164979352
0.5,0.7,0.4,0.7,0.28057232,49925,0.03687582876138963
0.7,0.4,0.5,0.6,0.2805736,49925,0.036946964787347436
0.9,0.7,0.9,0.8,0.2805751,49925,0.037883778906846334
0.7,0.7,0.5,0.9,0.28057835,49925,0.03657527623175411
0.5,0.7,0.7,0.8,0.2805785,49925,0.037955005788397896
0.7,0.3,0.4,0.8,0.28057885,49925,0.03529062662356428
0.8,0.4,0.6,0.7,0.2805789,49925,0.03680612325164444
0.3,0.6,0.5,0.8,0.2805797,49925,0.03734662551383103
0.3,0.6,0.2,0.3,0.28058445,49925,0.03652185219222469
0.7,0.3,0.5,0.6,0.2805846,49925,0.036521594879317665
0.5,0.2,0.3,0.5,0.2805856,49925,0.03569401680613284
0.7,0.2,0.2,0.4,0.28058833,49925,0.03424033623568804
0.3,0.4,0.3,0.8,0.28058892,49925,0.03549144058275392
0.3,0.5,0.5,0.6,0.280589,49925,0.03787714127670821
0.6,0.7,0.8,0.7,0.28058913,49925,0.03831910131941646
0.4,0.3,0.3,0.4,0.28059167,49925,0.03705960149563857
0.8,0.6,0.6,0.8,0.28059167,49925,0.03705960149563857
0.8,0.5,0.7,0.7,0.28059185,49925,0.03740686986486087
0.5,0.8,0.6,0.9,0.28059268,49925,0.037500915975041814
0.6,0.2,0.2,0.4,0.2805949,49925,0.034652374882987676
0.3,0.1,0.1,0.2,0.2805949,49925,0.034652374882987676
0.9,0.3,0.3,0.6,0.2805949,49925,0.03465237488298767
0.6,0.8,0.7,0.8,0.28059512,49925,0.037995820717848135
0.4,0.7,0.7,0.9,0.2805956,49925,0.03772213035844722
0.6,0.5,0.4,0.8,0.28059673,49925,0.03609774708674937
0.8,0.9,0.5,0.8,0.2805975,49925,0.03676958502950795
0.5,0.7,0.6,0.7,0.28059995,49925,0.03800043474682103
0.7,0.5,0.4,0.7,0.28060153,49925,0.036274077989958874
0.4,0.5,0.3,0.5,0.28060272,49925,0.0369113413156368
0.8,0.7,0.5,0.9,0.28060496,49925,0.036409045843073265
0.7,0.5,0.7,0.6,0.28060675,49925,0.03784162627029316
0.8,0.9,0.9,0.9,0.28060988,49925,0.03808314983455182
0.4,0.3,0.5,0.6,0.28061044,49925,0.03694863072703585
0.7,0.4,0.7,0.8,0.28061044,49925,0.03686626412983435
0.9,0.8,0.9,0.8,0.28061172,49925,0.038058711799323436
0.5,0.4,0.6,0.6,0.2806122,49925,0.03757365101480954
0.6,0.9,0.5,0.9,0.2806125,49925,0.03684933058281687
0.4,0.4,0.5,0.4,0.28061387,49925,0.03833032491200158
0.8,0.4,0.7,0.8,0.28061438,49925,0.03675632819943544
0.4,0.2,0.4,0.7,0.2806207,49925,0.03533123753345485
0.6,0.6,0.5,0.8,0.28062087,49925,0.036927866542879266
0.7,0.6,0.7,0.6,0.28062427,49925,0.038071192668335946
0.7,0.3,0.4,0.7,0.28062725,49925,0.035679718528247716
0.6,0.4,0.4,0.7,0.28062811,49925,0.03624000424326374
0.7,0.9,0.8,0.9,0.2806288,49925,0.03799349113601938
0.5,0.2,0.4,0.7,0.28062955,49925,0.03527617029176583
0.3,0.4,0.4,0.9,0.28062966,49925,0.035799724299819945
0.8,0.3,0.6,0.9,0.28063288,49925,0.03570946197687776
0.7,0.5,0.8,0.9,0.28063443,49925,0.03715562939465466
0.7,0.6,0.9,0.9,0.28063715,49925,0.037613684319975166
0.7,0.4,0.3,0.5,0.2806391,49925,0.03588777376828275
0.4,0.9,0.4,0.8,0.28064004,49925,0.03670259050316913
0.8,0.7,0.8,0.7,0.28064144,49925,0.038067461470166084
0.5,0.2,0.3,0.6,0.2806429,49925,0.03517748558630385
0.5,0.5,0.4,0.8,0.28064653,49925,0.03628731245395641
0.4,0.8,0.4,0.8,0.28064662,49925,0.03672035662796733
0.1,0.2,0.1,0.2,0.28064662,49925,0.03672035662796733
0.3,0.6,0.3,0.6,0.28064662,49925,0.036720356627967334
0.2,0.4,0.2,0.4,0.28064662,49925,0.03672035662796733
0.7,0.4,0.7,0.9,0.28064767,49925,0.036536487072640365
0.5,0.5,0.3,0.5,0.28065085,49925,0.03660765475425444
0.3,0.6,0.5,0.7,0.28065133,49925,0.03771939519584705
0.6,0.5,0.7,0.6,0.28065556,49925,0.03799537137605239
0.4,0.7,0.5,0.9,0.28065893,49925,0.037041624709643436
0.5,0.2,0.3,0.7,0.28065968,49925,0.03466018957013855
0.7,0.4,0.6,0.6,0.2806603,49925,0.03728588767636997
0.4,0.6,0.4,0.8,0.28066084,49925,0.03663566771570165
0.2,0.3,0.2,0.4,0.28066084,49925,0.03663566771570165
0.8,0.5,0.5,0.7,0.28066498,49925,0.0367120563053684
0.4,0.6,0.6,0.7,0.2806666,49925,0.03792897639850224
0.8,0.4,0.4,0.7,0.28067023,49925,0.03585436308503124
0.4,0.3,0.5,0.7,0.28067088,49925,0.036473045295311514
0.5,0.6,0.8,0.7,0.28067404,49925,0.03820078993630654
0.5,0.7,0.5,0.8,0.2806747,49925,0.037224271441476935
0.6,0.4,0.5,0.5,0.2806747,49925,0.03751459354855692
0.5,0.3,0.3,0.5,0.28067523,49925,0.03624269951811787
0.8,0.3,0.5,0.7,0.2806796,49925,0.03601807314802171
0.2,0.5,0.2,0.4,0.28068072,49925,0.03664007152013438
0.5,0.6,0.7,0.6,0.28068107,49925,0.0383726219841878
0.8,0.4,0.7,0.7,0.2806822,49925,0.037068380788506924
0.7,0.7,0.6,0.9,0.28068382,49925,0.03709701427658242
0.5,0.4,0.5,0.4,0.2806841,49925,0.03811480052441583
0.8,0.3,0.5,0.9,0.28068793,49925,0.035351683008397077
0.6,0.8,0.6,0.9,0.2806903,49925,0.03735525609515129
0.5,0.6,0.4,0.7,0.28069288,49925,0.03681707931748688
0.5,0.6,0.8,0.8,0.28069383,49925,0.03789566244015966
0.7,0.5,0.5,0.7,0.28069636,49925,0.036894942622816174
0.5,0.2,0.4,0.8,0.28069782,49925,0.03482680496738094
0.4,0.4,0.3,0.6,0.28070483,49925,0.036287486618323955
0.9,0.7,0.7,0.9,0.28070748,49925,0.037182164346863666
0.8,0.7,0.7,0.8,0.280715,49925,0.037579319180237276
0.5,0.3,0.5,0.5,0.2807163,49925,0.03726337643318187
0.9,0.6,0.9,0.8,0.28071654,49925,0.037671102170136674
0.5,0.6,0.5,0.7,0.28071713,49925,0.03744385513019475
0.5,0.3,0.4,0.4,0.28071848,49925,0.03737253248876219
0.8,0.3,0.4,0.9,0.28072006,49925,0.03478526738074105
0.9,0.5,0.7,0.8,0.28072467,49925,0.03699233961362804
0.5,0.2,0.4,0.5,0.28072542,49925,0.036237312171471615
0.3,0.5,0.5,0.5,0.2807274,49925,0.03834626873786473
0.6,0.3,0.4,0.5,0.2807276,49925,0.0366766609287297
0.6,0.3,0.4,0.6,0.28072846,49925,0.036262776356443
0.5,0.8,0.8,0.9,0.2807287,49925,0.0380374474688337
0.8,0.3,0.5,0.8,0.28072983,49925,0.035693931280464705
0.7,0.3,0.4,0.9,0.28073138,49925,0.03492975947042119
0.9,0.4,0.7,0.7,0.28073215,49925,0.036915724340789526
0.9,0.7,0.3,0.3,0.2807323,49925,0.03586057228625402
0.7,0.5,0.6,0.6,0.28073433,49925,0.03758911789677963
0.9,0.5,0.6,0.8,0.2807364,49925,0.03668163927884441
0.6,0.7,0.6,0.8,0.28074035,49925,0.037536813795144806
0.3,0.4,0.5,0.9,0.28074053,49925,0.03622549991315429
0.5,0.5,0.4,0.7,0.28074268,49925,0.036681126637609925
0.5,0.8,0.8,0.8,0.28074467,49925,0.03831969252346341
0.5,0.2,0.2,0.4,0.28074706,49925,0.03508145778118354
0.3,0.5,0.6,0.9,0.2807482,49925,0.03695116159653389
0.7,0.6,0.4,0.7,0.2807512,49925,0.036388051557339374
0.8,0.8,0.3,0.3,0.28075147,49925,0.03605923504083173
0.3,0.6,0.5,0.9,0.2807524,49925,0.036969445474126464
0.6,0.4,0.7,0.9,0.28075606,49925,0.036616659787691665
0.8,0.5,0.5,0.8,0.2807561,49925,0.036400281319472656
0.6,0.5,0.6,0.5,0.28075802,49925,0.038082384788316825
0.4,0.6,0.7,0.7,0.28076145,49925,0.038139198818070104
0.9,0.9,0.3,0.2,0.28076303,49925,0.03583302092477353
0.9,0.6,0.6,0.8,0.2807656,49925,0.036916940957406066
0.6,0.2,0.4,0.7,0.2807656,49925,0.035181910034407814
0.5,0.5,0.7,0.6,0.2807662,49925,0.03812271608716935
0.7,0.6,0.5,0.9,0.28076738,49925,0.03644192689354917
0.8,0.7,0.4,0.6,0.28076756,49925,0.03649737378464021
0.5,0.8,0.5,0.9,0.28076762,49925,0.03697217260633591
0.6,0.7,0.6,0.9,0.2807683,49925,0.03723068598853341
0.9,0.5,0.4,0.7,0.28076994,49925,0.03583253682652025
0.5,0.9,0.4,0.7,0.28077036,49925,0.036809586905361284
0.6,0.3,0.5,0.5,0.28077304,49925,0.03709227942116416
0.6,0.8,0.9,0.8,0.28077385,49925,0.03838914862134277
0.4,0.7,0.7,0.8,0.28077388,49925,0.03802906202418981
0.6,0.5,0.8,0.9,0.28077495,49925,0.03722298640150834
0.7,0.7,0.7,0.7,0.280781,49925,0.03797603195197902
0.8,0.8,0.8,0.8,0.280781,49925,0.03797603195197902
0.4,0.4,0.4,0.4,0.280781,49925,0.03797603195197902
0.6,0.6,0.6,0.6,0.280781,49925,0.03797603195197902
0.1,0.1,0.1,0.1,0.280781,49925,0.03797603195197902
0.5,0.5,0.5,0.5,0.280781,49925,0.03797603195197902
0.9,0.9,0.9,0.9,0.280781,49925,0.03797603195197902
0.2,0.2,0.2,0.2,0.280781,49925,0.03797603195197902
0.3,0.3,0.3,0.3,0.280781,49925,0.03797603195197902
0.3,0.8,0.2,0.2,0.28078333,49925,0.03635410038641083
0.5,0.4,0.4,0.5,0.28078824,49925,0.037283296782326766
0.3,0.6,0.4,0.8,0.28078914,49925,0.03679073809945067
0.3,0.6,0.5,0.6,0.28078994,49925,0.03813861332801257
0.3,0.5,0.4,0.8,0.28079212,49925,0.036589870521128796
0.8,0.6,0.5,0.9,0.28079405,49925,0.03628903927007652
0.5,0.6,0.5,0.6,0.28079888,49925,0.037802802592797946
0.4,0.6,0.4,0.7,0.28080055,49925,0.037017095754842744
0.3,0.5,0.3,0.6,0.2808073,49925,0.036677551266054195
0.9,0.8,0.8,0.9,0.2808118,49925,0.037625483849120296
0.9,0.5,0.5,0.8,0.28081322,49925,0.03622958850407758
0.9,0.7,0.9,0.7,0.28081518,49925,0.03812978110594749
0.1,0.4,0.2,0.6,0.2808162,49925,0.03561789695568079
0.4,0.7,0.7,0.7,0.28081623,49925,0.03836578405700313
0.8,0.4,0.5,0.8,0.2808172,49925,0.036121988789544965
0.2,0.4,0.4,0.6,0.28081724,49925,0.03730985890710015
0.3,0.6,0.6,0.9,0.28081724,49925,0.03730985890710015
0.1,0.2,0.2,0.3,0.28081724,49925,0.03730985890710015
0.4,0.4,0.6,0.8,0.28081873,49925,0.0368636577728483
0.2,0.2,0.3,0.4,0.28081873,49925,0.0368636577728483
0.2,0.8,0.3,0.7,0.28081986,49925,0.03642244242992245
0.5,0.9,0.7,0.8,0.2808231,49925,0.0382361519328215
0.6,0.4,0.7,0.8,0.2808236,49925,0.03696132156013124
0.3,0.7,0.6,0.8,0.28082407,49925,0.037885116866376696
0.9,0.6,0.8,0.7,0.2808264,49925,0.03774490188167122
0.7,0.8,0.5,0.8,0.2808268,49925,0.03693751043438486
0.4,0.8,0.7,0.8,0.28082898,49925,0.038216123719374884
0.2,0.4,0.3,0.4,0.2808293,49925,0.03792917453010064
0.4,0.8,0.6,0.8,0.2808293,49925,0.03792917453010064
0.9,0.7,0.8,0.7,0.2808303,49925,0.03794150381225563
0.3,0.7,0.3,0.6,0.2808328,49925,0.03668831423703228
0.7,0.9,0.3,0.3,0.28083366,49925,0.036198420193767726
0.6,0.5,0.5,0.6,0.28083375,49925,0.037422972501708916
0.5,0.9,0.7,0.9,0.28083438,49925,0.03796411956027687
0.7,0.6,0.6,0.7,0.28083497,49925,0.03750868799100349
0.3,0.6,0.6,0.8,0.28083536,49925,0.037650184018848024
0.3,0.8,0.4,0.9,0.2808386,49925,0.03654649801549732
0.4,0.4,0.3,0.5,0.2808405,49925,0.03679308624024404
0.9,0.2,0.2,0.4,0.28084353,49925,0.03338348755214015
0.4,0.1,0.1,0.2,0.28085256,49925,0.033803933141917805
0.8,0.2,0.2,0.4,0.28085256,49925,0.033803933141917805
0.7,0.7,0.4,0.6,0.28085375,49925,0.0367470481700318
0.8,0.3,0.6,0.8,0.28085694,49925,0.03602521621342062
0.5,0.9,0.9,0.9,0.28085932,49925,0.03838167112255753
0.7,0.8,0.7,0.9,0.28086245,49925,0.03760585470086261
0.7,0.9,0.7,0.9,0.28086418,49925,0.037705125457133566
0.7,0.3,0.3,0.6,0.28086942,49925,0.03521527589101648
0.3,0.6,0.4,0.9,0.28087062,49925,0.03638478240292933
0.9,0.4,0.5,0.8,0.28087485,49925,0.035953714739276346
0.3,0.7,0.6,0.9,0.28087842,49925,0.037536721600847894
0.4,0.7,0.4,0.8,0.28088507,49925,0.036693840875340986
0.5,0.4,0.7,0.9,0.28088677,49925,0.036662372903301155
0.3,0.5,0.6,0.7,0.28088707,49925,0.0377275467324894
0.4,0.7,0.5,0.8,0.28088737,49925,0.03737355547903407
0.9,0.5,0.6,0.7,0.28089055,49925,0.03696933842448451
0.2,0.5,0.3,0.9,0.28089204,49925,0.035410948380007704
0.6,0.3,0.6,0.8,0.28089243,49925,0.036200804838497615
0.8,0.7,0.9,0.7,0.28089294,49925,0.03824077968994204
0.5,0.3,0.3,0.4,0.28089356,49925,0.03675687922031535
0.2,0.4,0.3,0.5,0.2808941,49925,0.03730703627468836
0.2,0.4,0.4,0.5,0.2808971,49925,0.03783793013511187
0.8,0.4,0.3,0.5,0.2808981,49925,0.035567515281942456
0.3,0.1,0.2,0.3,0.28089863,49925,0.03563169413842699
0.6,0.2,0.4,0.6,0.28089863,49925,0.03563169413842699
0.9,0.3,0.6,0.9,0.28089863,49925,0.035631694138427
0.9,0.3,0.5,0.9,0.28090087,49925,0.03523303638524966
0.6,0.4,0.4,0.5,0.28090468,49925,0.03704413507323145
0.9,0.5,0.8,0.7,0.28090674,49925,0.037489388306190606
0.5,0.9,0.8,0.8,0.28090763,49925,0.03846613464158536
0.5,0.7,0.9,0.9,0.2809078,49925,0.03799020767783157
0.3,0.7,0.5,0.8,0.28090844,49925,0.03752716984783828
0.4,0.4,0.6,0.9,0.28090864,49925,0.036484288498123726
0.8,0.9,0.8,0.9,0.28091347,49925,0.03788164931106333
0.4,0.5,0.7,0.8,0.2809141,49925,0.03747637592310025
0.2,0.5,0.4,0.6,0.28091434,49925,0.03763875827227715
0.8,0.4,0.5,0.7,0.28091872,49925,0.03643460585208302
0.9,0.4,0.4,0.8,0.28091958,49925,0.03527714565628706
0.5,0.2,0.3,0.8,0.28091976,49925,0.034182806408871676
0.7,0.7,0.5,0.8,0.28092077,49925,0.0368818515922518
0.4,0.7,0.8,0.9,0.28092182,49925,0.03791730839960068
0.4,0.5,0.6,0.5,0.2809226,49925,0.038426233695582894
0.8,0.6,0.7,0.6,0.28092405,49925,0.03792846000811187
0.5,0.8,0.7,0.7,0.2809241,49925,0.0383974356688463
0.6,0.9,0.8,0.8,0.28092587,49925,0.03834544781503095
0.4,0.5,0.4,0.5,0.28092694,49925,0.03773702529417839
0.7,0.4,0.4,0.6,0.2809274,49925,0.036434647218340395
0.8,0.6,0.9,0.8,0.28092778,49925,0.03778383430616646
0.7,0.7,0.9,0.7,0.28092808,49925,0.0383741402684047
0.7,0.8,0.7,0.8,0.2809286,49925,0.03786976309799838
0.8,0.5,0.8,0.7,0.2809291,49925,0.037618052036384346
0.7,0.3,0.6,0.7,0.28092983,49925,0.03647613141218928
0.9,0.4,0.6,0.8,0.28093663,49925,0.03637061256057098
0.3,0.6,0.6,0.7,0.28093675,49925,0.0380324121019802
0.4,0.8,0.8,0.9,0.28093728,49925,0.03813032474798764
0.9,0.8,0.8,0.8,0.28093746,49925,0.03784850876273097
0.9,0.4,0.5,0.9,0.28093937,49925,0.03564745032589026
0.9,0.7,0.4,0.6,0.28094128,49925,0.03625470192098762
0.8,0.8,0.5,0.8,0.2809419,49925,0.03675357343738643
0.5,0.8,0.9,0.9,0.2809428,49925,0.03820403905125932
0.6,0.2,0.4,0.5,0.280945,49925,0.036089918517033505
0.8,0.7,0.7,0.7,0.28094554,49925,0.03783432454656506
0.9,0.3,0.6,0.7,0.28094566,49925,0.03623686264489705
0.9,0.5,0.7,0.7,0.28094685,49925,0.03726333531778218
0.4,0.7,0.5,0.7,0.2809469,49925,0.037737197449793855
0.9,0.8,0.5,0.8,0.28094846,49925,0.036558914729791586
0.6,0.9,0.7,0.9,0.2809489,49925,0.03783333190888212
0.8,0.3,0.4,0.8,0.28095505,49925,0.03513607826267955
0.4,0.8,0.6,0.9,0.28096285,49925,0.037607539043230026
0.9,0.4,0.8,0.9,0.28096443,49925,0.03658193396438835
0.9,0.4,0.7,0.8,0.2809652,49925,0.03664475258299097
0.7,0.6,0.8,0.6,0.2809663,49925,0.03827945718441008
0.7,0.5,0.8,0.8,0.2809673,49925,0.03743550715602102
0.7,0.6,0.3,0.4,0.28096744,49925,0.036316158303320946
0.5,0.6,0.4,0.6,0.28097054,49925,0.0372193303661904
0.5,0.7,0.8,0.7,0.28097075,49925,0.03843485763252526
0.7,0.4,0.6,0.5,0.2809716,49925,0.03763815374905793
0.6,0.2,0.3,0.7,0.28097302,49925,0.03449444663228905
0.6,0.8,0.3,0.4,0.28097442,49925,0.03639050558839363
0.4,0.4,0.6,0.7,0.28097528,49925,0.03726269492827955
0.4,0.4,0.6,0.6,0.28097618,49925,0.03768899497698327
0.6,0.6,0.9,0.9,0.28097618,49925,0.03768899497698327
0.2,0.2,0.3,0.3,0.28097618,49925,0.03768899497698327
0.9,0.6,0.7,0.7,0.28097886,49925,0.03751668465708659
0.5,0.4,0.3,0.5,0.280979,49925,0.03651156619699125
0.7,0.4,0.7,0.7,0.2809795,49925,0.03718502425057063
0.7,0.6,0.6,0.6,0.28098267,49925,0.037811751229284096
0.6,0.7,0.5,0.8,0.28098285,49925,0.037054183783988455
0.7,0.9,0.9,0.8,0.2809853,49925,0.038418442950188876
0.6,0.3,0.2,0.3,0.28098926,49925,0.03547968448966368
0.4,0.8,0.6,0.7,0.2809917,49925,0.03825004252886325
0.6,0.9,0.9,0.8,0.28099382,49925,0.038537798508361344
0.7,0.9,0.8,0.8,0.28099668,49925,0.038237715143087464
0.3,0.7,0.4,0.9,0.281,49925,0.03651364428612977
0.8,0.5,0.6,0.6,0.28100187,49925,0.03743671071146268
0.5,0.8,0.6,0.8,0.28100577,49925,0.037790816623469003
0.7,0.9,0.4,0.6,0.28100622,49925,0.03664591612851276
0.4,0.7,0.3,0.5,0.28100634,49925,0.03681853006440767
0.5,0.9,0.5,0.9,0.2810064,49925,0.03700564531131657
0.6,0.3,0.3,0.5,0.2810087,49925,0.03597402671461492
0.9,0.8,0.7,0.9,0.28101188,49925,0.037324660169156365
0.5,0.5,0.4,0.6,0.2810168,49925,0.037085746872019584
0.2,0.4,0.4,0.7,0.2810185,49925,0.03678879206627352
0.2,0.9,0.3,0.6,0.28101945,49925,0.03671465583286148
0.3,0.9,0.4,0.9,0.28101975,49925,0.03653328615295538
0.7,0.8,0.6,0.9,0.28102005,49925,0.03721912261087199
0.4,0.2,0.3,0.8,0.2810222,49925,0.03425742675302257
0.3,0.4,0.3,0.4,0.28102317,49925,0.03765728298111107
0.6,0.8,0.6,0.8,0.28102317,49925,0.03765728298111107
0.1,0.9,0.3,0.7,0.28102356,49925,0.036558081934399134
0.3,0.5,0.4,0.9,0.2810257,49925,0.036149542841600456
0.9,0.5,0.9,0.9,0.2810259,49925,0.03713411323842068
0.6,0.8,0.5,0.8,0.28103054,49925,0.03712568860350002
0.6,0.7,0.6,0.7,0.28103268,49925,0.03784421333076629
0.2,0.5,0.4,0.7,0.2810327,49925,0.03716092367523145
0.6,0.8,0.8,0.7,0.28104052,49925,0.038481896167874466
0.8,0.3,0.5,0.6,0.28104308,49925,0.036356277558271616
0.8,0.7,0.5,0.8,0.28104442,49925,0.03670040270954305
0.9,0.4,0.6,0.7,0.28104454,49925,0.03664876935174636
0.4,0.9,0.7,0.9,0.28104657,49925,0.03805924332187087
0.4,0.7,0.8,0.8,0.2810472,49925,0.0382175473044631
0.8,0.5,0.7,0.6,0.28104743,49925,0.03770282327132326
0.9,0.3,0.5,0.8,0.28104866,49925,0.035543733485734315
0.6,0.4,0.3,0.5,0.28105125,49925,0.03620666293093798
0.7,0.5,0.6,0.5,0.28105167,49925,0.037922224375444964
0.4,0.9,0.7,0.8,0.2810519,49925,0.03834013389566091
0.1,0.7,0.3,0.9,0.28105336,49925,0.035776519452752426
0.5,0.4,0.6,0.5,0.28105456,49925,0.03797454706199233
0.6,0.6,0.5,0.7,0.2810557,49925,0.037248976975351324
0.2,0.2,0.3,0.5,0.28105572,49925,0.036127104365442406
0.6,0.5,0.5,0.5,0.28105763,49925,0.037780929792206736
0.8,0.7,0.6,0.9,0.28106016,49925,0.03694622506388807
0.6,0.5,0.4,0.7,0.2810606,49925,0.03647896534740917
0.5,0.8,0.4,0.7,0.28106067,49925,0.036851044629172845
0.6,0.8,0.7,0.7,0.28106242,49925,0.03826642688801727
0.2,0.1,0.2,0.4,0.28106323,49925,0.03486670069997377
0.4,0.2,0.4,0.8,0.28106323,49925,0.03486670069997377
0.5,0.7,0.5,0.7,0.28106692,49925,0.037578082299018906
0.8,0.7,0.6,0.8,0.28106707,49925,0.037221101158072055
0.2,0.7,0.3,0.7,0.28106773,49925,0.03647768148375034
0.3,0.8,0.6,0.9,0.28107017,49925,0.03771546045986153
0.3,0.5,0.6,0.8,0.2810703,49925,0.03731330489584224
0.7,0.9,0.6,0.9,0.28107145,49925,0.03729262738637453
0.5,0.3,0.6,0.9,0.28107232,49925,0.03588159241428909
0.7,0.4,0.2,0.2,0.28107482,49925,0.03543648193364119
0.7,0.3,0.5,0.5,0.28107527,49925,0.03690342983417814
0.6,0.4,0.6,0.5,0.28107595,49925,0.037798531692119455
0.2,0.4,0.3,0.6,0.2810761,49925,0.03670870653233239
0.5,0.7,0.7,0.6,0.28107685,49925,0.03855658029046145
0.6,0.3,0.6,0.7,0.28107706,49925,0.03657794181085653
0.6,0.5,0.8,0.8,0.28107762,49925,0.037532844040255135
0.5,0.2,0.3,0.4,0.28108403,49925,0.036230573227636766
0.5,0.7,0.6,0.6,0.28108948,49925,0.038312212590820835
0.4,0.2,0.3,0.3,0.28109336,49925,0.03712742658717223
0.6,0.7,0.5,0.7,0.28109336,49925,0.03738760755778057
0.8,0.4,0.6,0.6,0.28109336,49925,0.03712742658717223
0.4,0.2,0.4,0.5,0.2810943,49925,0.03638083286231295
0.6,0.7,0.8,0.6,0.2810955,49925,0.03860760648989208
0.4,0.8,0.3,0.5,0.281096,49925,0.03667205142672228
0.9,0.3,0.6,0.8,0.28109613,49925,0.035933679617808384
0.9,0.3,0.4,0.9,0.28109643,49925,0.03461854175380638
0.2,0.5,0.3,0.8,0.28109646,49925,0.035891192821034944
0.7,0.8,0.9,0.7,0.28109783,49925,0.03853696651493737
0.7,0.4,0.7,0.6,0.28109908,49925,0.037512131356571145
0.8,0.4,0.7,0.6,0.28110045,49925,0.037359061826311275
0.6,0.6,0.8,0.6,0.2811019,49925,0.03841224822327117
0.3,0.3,0.4,0.3,0.2811019,49925,0.03841224822327117
0.4,0.5,0.7,0.7,0.28110236,49925,0.03783906606368375
0.9,0.5,0.9,0.8,0.28110296,49925,0.03738989479758964
0.4,0.7,0.4,0.7,0.28110746,49925,0.037081661922125204
0.4,0.7,0.6,0.6,0.28110933,49925,0.038464071344841415
0.7,0.6,0.5,0.8,0.2811109,49925,0.03675475846797715
0.3,0.1,0.2,0.4,0.281111,49925,0.034763395403119374
0.6,0.2,0.4,0.8,0.281111,49925,0.034763395403119374
0.3,0.6,0.4,0.7,0.28111118,49925,0.03720617801524553
0.7,0.9,0.5,0.8,0.2811128,49925,0.03694516933658018
0.4,0.3,0.5,0.5,0.28111312,49925,0.037424195721371095
0.4,0.5,0.7,0.9,0.28111804,49925,0.03713558019536207
0.5,0.4,0.7,0.8,0.28111807,49925,0.0370253965914582
0.8,0.4,0.5,0.6,0.28112072,49925,0.0367695650331886
0.2,0.2,0.2,0.6,0.28112113,49925,0.03454973077904164
0.3,0.3,0.3,0.9,0.28112113,49925,0.03454973077904164
0.1,0.1,0.1,0.3,0.28112113,49925,0.03454973077904164
0.8,0.8,0.9,0.7,0.28112167,49925,0.03840450130743267
0.7,0.7,0.6,0.8,0.2811284,49925,0.037369557589977
0.3,0.3,0.4,0.9,0.28112912,49925,0.03523402891519952
0.6,0.7,0.3,0.4,0.28113115,49925,0.03655065350101493
0.8,0.5,0.5,0.6,0.2811315,49925,0.03702775443106578
0.3,0.7,0.5,0.9,0.2811323,49925,0.037148704781263815
0.2,0.6,0.3,0.7,0.28113556,49925,0.036470108947114256
0.6,0.6,0.9,0.8,0.2811405,49925,0.03796096646211458
0.2,0.5,0.3,0.7,0.28114146,49925,0.03638390564866877
0.7,0.5,0.5,0.6,0.28114256,49925,0.03723027434978792
0.3,0.5,0.6,0.6,0.2811427,49925,0.03813541446193285
0.5,0.9,0.3,0.4,0.28114295,49925,0.03653427890669397
0.3,0.5,0.3,0.5,0.28114533,49925,0.037203547361697294
0.5,0.8,0.8,0.7,0.28114915,49925,0.03861095106194703
0.5,0.3,0.5,0.4,0.28115094,49925,0.03772026319051021
0.7,0.8,0.4,0.6,0.28115195,49925,0.03670670450674675
0.7,0.3,0.4,0.6,0.2811536,49925,0.036071198517391705
0.3,0.6,0.4,0.6,0.2811581,49925,0.03764531596725659
0.8,0.9,0.9,0.8,0.28115857,49925,0.03831600638378796
0.5,0.3,0.6,0.8,0.2811586,49925,0.03626620718458281
0.9,0.6,0.5,0.8,0.28116354,49925,0.036404657182724565
0.8,0.6,0.6,0.7,0.2811691,49925,0.037349605363876735
0.8,0.8,0.7,0.9,0.2811705,49925,0.037456977230244735
0.7,0.6,0.9,0.8,0.28117135,49925,0.03788087758225855
0.8,0.3,0.6,0.7,0.2811739,49925,0.03635053584642265
0.5,0.7,0.2,0.1,0.28117502,49925,0.036145316535018054
0.5,0.6,0.7,0.5,0.281176,49925,0.03869815246108178
0.7,0.8,0.6,0.8,0.28118792,49925,0.03749190112488084
0.6,0.7,0.9,0.7,0.28118962,49925,0.03846742527562605
0.5,0.7,0.9,0.8,0.28118986,49925,0.03827673365741981
0.8,0.4,0.8,0.9,0.2811905,49925,0.03666384028747468
0.4,0.9,0.8,0.9,0.28119183,49925,0.03828878046895713
0.9,0.7,0.7,0.8,0.28119212,49925,0.0374408243016679
0.8,0.6,0.8,0.6,0.28119382,49925,0.03815929008809214
0.4,0.3,0.4,0.3,0.28119382,49925,0.03815929008809214
0.4,0.6,0.4,0.6,0.2812012,49925,0.03744311180047551
0.2,0.3,0.2,0.3,0.2812012,49925,0.03744311180047551
0.6,0.9,0.6,0.9,0.2812012,49925,0.037443111800475506
0.4,0.8,0.8,0.8,0.2812042,49925,0.038407923926913
0.1,0.2,0.2,0.2,0.2812042,49925,0.038407923926913
0.3,0.6,0.6,0.6,0.2812042,49925,0.038407923926912994
0.2,0.4,0.4,0.4,0.2812042,49925,0.038407923926913
0.8,0.3,0.6,0.6,0.28120774,49925,0.03667456838074534
0.2,0.5,0.4,0.5,0.28120926,49925,0.038133940616401525
0.8,0.7,0.8,0.6,0.2812118,49925,0.03832611871822071
0.9,0.6,0.6,0.7,0.281212,49925,0.03719415137308397
0.7,0.7,0.8,0.6,0.28121242,49925,0.03846685412173171
0.9,0.4,0.7,0.6,0.2812131,49925,0.037226294368964116
0.5,0.9,0.6,0.9,0.2812141,49925,0.03758482576183908
0.6,0.7,0.4,0.6,0.28121442,49925,0.03699527856687562
0.6,0.4,0.7,0.7,0.2812241,49925,0.03729608670902232
0.5,0.5,0.7,0.5,0.2812253,49925,0.03848204330425805
0.7,0.8,0.8,0.7,0.28122652,49925,0.03836026932638652
0.4,0.8,0.5,0.9,0.28122678,49925,0.037120375426684026
0.6,0.7,0.7,0.6,0.28122908,49925,0.03841564544297853
0.3,0.8,0.6,0.8,0.28123283,49925,0.038034039830375725
0.8,0.8,0.6,0.9,0.2812333,49925,0.03705576788558184
0.5,0.8,0.5,0.8,0.28123504,49925,0.03729605069796571
0.7,0.7,0.9,0.6,0.28123635,49925,0.03862852715542032
0.7,0.4,0.5,0.5,0.28123996,49925,0.037311005417678185
0.8,0.9,0.6,0.9,0.28124005,49925,0.03713199805142196
0.2,0.5,0.3,0.6,0.2812401,49925,0.036920511925708596
0.8,0.8,0.8,0.7,0.2812439,49925,0.038216480840182074
0.4,0.6,0.5,0.5,0.28124428,49925,0.03836566359020038
0.9,0.9,0.8,0.9,0.2812443,49925,0.03774840347115005
0.9,0.8,0.9,0.7,0.28124556,49925,0.03827955474509514
0.6,0.8,0.9,0.7,0.2812459,49925,0.03863959315560775
0.9,0.9,0.4,0.5,0.2812469,49925,0.03640796731763115
0.8,0.9,0.8,0.8,0.2812478,49925,0.03810733434624422
0.9,0.9,0.9,0.8,0.2812509,49925,0.03819194397202854
0.7,0.5,0.8,0.7,0.28125215,49925,0.03774030375356582
0.6,0.6,0.7,0.5,0.28125378,49925,0.03855271653748188
0.9,0.5,0.3,0.4,0.2812538,49925,0.03567837503815405
0.3,0.7,0.7,0.8,0.28126788,49925,0.0381195413475521
0.2,0.5,0.5,0.7,0.2812711,49925,0.0375522779275385
0.6,0.9,0.7,0.8,0.28127202,49925,0.03810080188322061
0.5,0.8,0.9,0.8,0.2812746,49925,0.03847835317650634
0.8,0.6,0.9,0.7,0.28127506,49925,0.038050943816045436
0.9,0.6,0.9,0.7,0.281277,49925,0.03793098941537156
0.2,0.9,0.2,0.2,0.2812782,49925,0.0364257348621497
0.6,0.3,0.5,0.4,0.28127834,49925,0.037510139754003295
0.9,0.8,0.8,0.7,0.2812786,49925,0.03809883741054408
0.3,0.3,0.2,0.3,0.28128204,49925,0.036970868859732824
0.6,0.6,0.4,0.6,0.28128204,49925,0.036970868859732824
0.9,0.9,0.6,0.9,0.28128204,49925,0.036970868859732824
0.4,0.7,0.5,0.6,0.2812822,49925,0.03810441608466904
0.5,0.2,0.4,0.9,0.28128305,49925,0.03441528685659034
0.3,0.7,0.7,0.9,0.28128672,49925,0.037793075169852995
0.7,0.6,0.7,0.5,0.2812881,49925,0.038383352982285374
0.7,0.7,0.7,0.6,0.2812892,49925,0.03825319956081619
0.4,0.6,0.3,0.5,0.2812893,49925,0.03689410391156618
0.9,0.5,0.5,0.7,0.28129008,49925,0.03654591918565218
0.7,0.4,0.4,0.5,0.28129217,49925,0.036804976297111866
0.9,0.5,0.9,0.7,0.28129315,49925,0.03766728790981704
0.3,0.7,0.5,0.7,0.28129405,49925,0.037887230754753455
0.9,0.4,0.8,0.8,0.28129733,49925,0.036862493920795006
0.9,0.4,0.4,0.7,0.2812989,49925,0.035626863297976014
0.6,0.2,0.3,0.6,0.281304,49925,0.03496401786454812
0.2,0.3,0.4,0.6,0.28130502,49925,0.03673828476084285
0.4,0.6,0.8,0.9,0.2813066,49925,0.03763533731130497
0.6,0.4,0.5,0.4,0.28130952,49925,0.03791008588925897
0.7,0.3,0.6,0.6,0.28131014,49925,0.03682747620782642
0.3,0.7,0.6,0.7,0.28131497,49925,0.03823698972145351
0.5,0.2,0.4,0.4,0.2813161,49925,0.036752065890576974
0.6,0.4,0.7,0.6,0.28131694,49925,0.03764125063527769
0.6,0.5,0.7,0.5,0.2813243,49925,0.03831876335046913
0.7,0.6,0.5,0.7,0.281326,49925,0.03707248442214735
0.6,0.2,0.3,0.8,0.28132606,49925,0.034061170922372125
0.2,0.3,0.3,0.7,0.28133148,49925,0.03566646643337177
0.5,0.8,0.6,0.7,0.28133306,49925,0.03809255149516142
0.8,0.5,0.9,0.9,0.2813335,49925,0.037218885355236944
0.3,0.6,0.7,0.9,0.28133538,49925,0.03750151602305673
0.6,0.5,0.4,0.6,0.28133613,49925,0.03684970807997678
0.7,0.9,0.7,0.8,0.2813385,49925,0.03796067523469903
0.9,0.9,0.5,0.7,0.2813406,49925,0.036814191571976025
0.1,0.5,0.2,0.5,0.28134128,49925,0.03635316308280646
0.4,0.8,0.4,0.7,0.2813439,49925,0.0370896512700873
0.5,0.9,0.6,0.8,0.28134394,49925,0.03787075601319913
0.5,0.4,0.4,0.4,0.2813459,49925,0.03772791153283991
0.6,0.5,0.8,0.7,0.28135127,49925,0.03783945309940629
0.5,0.6,0.6,0.5,0.2813524,49925,0.038483299236337074
0.5,0.8,0.7,0.6,0.28135312,49925,0.03870478620581189
0.3,0.7,0.5,0.6,0.28135535,49925,0.038257855191342297
0.3,0.7,0.4,0.8,0.2813572,49925,0.03687374189953054
0.8,0.5,0.4,0.6,0.28135803,49925,0.03639482945568737
0.3,0.9,0.3,0.5,0.28135833,49925,0.03680255939353162
0.4,0.6,0.7,0.6,0.2813617,49925,0.038499577452800623
0.4,0.6,0.6,0.5,0.28136346,49925,0.03866107699809206
0.6,0.6,0.6,0.5,0.2813651,49925,0.038295894381747596
0.5,0.5,0.2,0.2,0.28136536,49925,0.03631884780101866
0.7,0.8,0.5,0.7,0.2813667,49925,0.03724345037438665
0.8,0.3,0.4,0.7,0.28136683,49925,0.035497672211837424
0.1,0.2,0.2,0.4,0.28137088,49925,0.03629140485899736
0.2,0.4,0.4,0.8,0.28137088,49925,0.03629140485899736
0.8,0.6,0.5,0.8,0.28137106,49925,0.03658289040974751
0.9,0.7,0.6,0.9,0.28137186,49925,0.03680757143344059
0.3,0.6,0.5,0.5,0.28137392,49925,0.038540987182440374
0.7,0.6,0.9,0.7,0.28137407,49925,0.03816820427852554
0.8,0.9,0.7,0.9,0.2813744,49925,0.03756473904809783
0.9,0.5,0.7,0.6,0.28138086,49925,0.03756078404003576
0.8,0.4,0.4,0.6,0.2813831,49925,0.0362069080451733
0.4,0.2,0.2,0.3,0.2813831,49925,0.0362069080451733
0.6,0.9,0.8,0.7,0.28139156,49925,0.038613630950777945
0.9,0.5,0.6,0.6,0.28139174,49925,0.03727385489309472
0.3,0.2,0.3,0.8,0.2813925,49925,0.03427570078314239
0.8,0.3,0.7,0.8,0.28139448,49925,0.036286046277895855
0.8,0.5,0.9,0.8,0.2813979,49925,0.03749445026722965
0.8,0.4,0.8,0.8,0.28140396,49925,0.0369531477445642
0.2,0.1,0.2,0.2,0.28140396,49925,0.0369531477445642
0.6,0.3,0.6,0.6,0.28140396,49925,0.036953147744564194
0.4,0.2,0.4,0.4,0.28140396,49925,0.0369531477445642
0.9,0.6,0.8,0.6,0.28141052,49925,0.0380209900879379
0.4,0.9,0.6,0.9,0.28141302,49925,0.03770328729516059
0.8,0.5,0.8,0.6,0.2814138,49925,0.03789415021468194
0.4,0.9,0.9,0.9,0.28141487,49925,0.038453311921968866
0.2,0.2,0.3,0.6,0.28141505,49925,0.03545700863856465
0.9,0.7,0.7,0.7,0.28141698,49925,0.0376993105425928
0.3,0.4,0.2,0.3,0.28141856,49925,0.036970490719804315
0.6,0.8,0.4,0.6,0.28141856,49925,0.036970490719804315
0.4,0.8,0.2,0.1,0.28142238,49925,0.03629780741294138
0.4,0.8,0.7,0.7,0.2814226,49925,0.03852841950797484
0.5,0.7,0.4,0.6,0.281424,49925,0.03724505826737747
0.5,0.5,0.8,0.9,0.28142744,49925,0.03726121267638366
0.4,0.8,0.5,0.8,0.28143016,49925,0.037466527559709514
0.8,0.8,0.7,0.8,0.28143024,49925,0.03771352133132542
0.6,0.2,0.3,0.5,0.2814313,49925,0.03543979613638281
0.1,0.4,0.2,0.5,0.28143373,49925,0.03632291461062264
0.2,0.7,0.2,0.3,0.28143385,49925,0.036700858307887614
0.4,0.9,0.5,0.9,0.2814361,49925,0.03717586510849075
0.9,0.7,0.5,0.8,0.28143695,49925,0.03649678064546738
0.3,0.6,0.7,0.8,0.28144157,49925,0.03787127022939848
0.4,0.4,0.6,0.5,0.28144324,49925,0.03811558753409994
0.9,0.4,0.8,0.7,0.281444,49925,0.03713979480330216
0.2,0.3,0.4,0.5,0.28144425,49925,0.03732557148598679
0.9,0.3,0.7,0.9,0.2814533,49925,0.035882645422951547
0.2,0.3,0.4,0.7,0.28145474,49925,0.03619489052325918
0.7,0.5,0.9,0.9,0.28145623,49925,0.03730683595978979
0.6,0.6,0.3,0.4,0.2814569,49925,0.03665535790959185
0.5,0.9,0.9,0.8,0.281458,49925,0.03863090692618192
0.9,0.6,0.7,0.6,0.28145823,49925,0.037785680745003346
0.3,0.8,0.5,0.9,0.28145856,49925,0.03725715931188797
0.2,0.5,0.5,0.6,0.28146362,49925,0.03800187686396774
0.4,0.6,0.8,0.8,0.28147686,49925,0.03796198377075086
0.2,0.3,0.4,0.4,0.28147686,49925,0.03796198377075086
0.5,0.4,0.7,0.7,0.28148127,49925,0.037395379202442104
0.7,0.8,0.7,0.7,0.2814844,49925,0.038125126939125245
0.4,0.8,0.9,0.9,0.28148535,49925,0.03828022711411474
0.5,0.9,0.7,0.7,0.28148648,49925,0.038513385679968495
0.8,0.7,0.7,0.6,0.28149393,49925,0.03810122885715888
0.3,0.8,0.7,0.9,0.2814971,49925,0.03799029119786193
0.5,0.9,0.8,0.7,0.2814989,49925,0.038718034951316906
0.6,0.8,0.6,0.7,0.2815005,49925,0.0379505761584288
0.8,0.3,0.7,0.9,0.28150117,49925,0.035964433240533784
0.6,0.6,0.9,0.7,0.28150478,49925,0.03826830858399409
0.6,0.9,0.9,0.7,0.28150576,49925,0.038786882018961515
0.9,0.4,0.5,0.7,0.2815099,49925,0.03627639959271409
0.4,0.5,0.5,0.4,0.28151226,49925,0.038587246348763656
0.1,0.8,0.3,0.8,0.281513,49925,0.036213052877545344
0.2,0.6,0.4,0.7,0.28151324,49925,0.037358286361611655
0.5,0.3,0.2,0.3,0.28151762,49925,0.03598250014150209
0.6,0.9,0.5,0.8,0.28152478,49925,0.03714659086658188
0.4,0.5,0.7,0.6,0.28152567,49925,0.03822510337801229
0.2,0.4,0.5,0.7,0.28152663,49925,0.037102521993585706
0.7,0.9,0.9,0.7,0.28152692,49925,0.03865817537382473
0.4,0.7,0.8,0.7,0.28152704,49925,0.03853247589413471
0.6,0.5,0.6,0.4,0.28152758,49925,0.03846273262875809
0.2,0.5,0.4,0.4,0.28153044,49925,0.038646959683297656
0.3,0.2,0.4,0.6,0.28153422,49925,0.03590434917728038
0.3,0.6,0.7,0.7,0.28153464,49925,0.03823325863649141
0.3,0.3,0.5,0.8,0.2815367,49925,0.03605760266758806
0.5,0.5,0.8,0.8,0.28153685,49925,0.03759628855288918
0.6,0.6,0.5,0.6,0.28153813,49925,0.03760228652471888
0.9,0.5,0.8,0.6,0.2815392,49925,0.03777291983378405
0.2,0.5,0.5,0.8,0.28154176,49925,0.03712202051945141
0.2,0.6,0.5,0.8,0.28154376,49925,0.03742660592077993
0.6,0.3,0.4,0.4,0.28154382,49925,0.03712375125650744
0.6,0.9,0.6,0.8,0.2815473,49925,0.03773015060549906
0.9,0.5,0.5,0.6,0.28154784,49925,0.03683943356642801
0.2,0.4,0.3,0.7,0.28154862,49925,0.036134905152483424
0.7,0.5,0.7,0.5,0.28154904,49925,0.03817102413724205
0.3,0.7,0.7,0.7,0.28155014,49925,0.038463173845723106
0.7,0.7,0.6,0.7,0.28155026,49925,0.03766851213132704
0.7,0.7,0.5,0.7,0.2815508,49925,0.037195568689616494
0.7,0.8,0.9,0.6,0.28155205,49925,0.03879160247115006
0.3,0.5,0.5,0.4,0.28155246,49925,0.03879136558457126
0.9,0.8,0.6,0.9,0.28155336,49925,0.03690371299864449
0.7,0.3,0.6,0.5,0.28155372,49925,0.03718750074681692
0.3,0.8,0.6,0.7,0.28155935,49925,0.03835591375097723
0.9,0.3,0.4,0.8,0.2815612,49925,0.03495465304966424
0.5,0.5,0.6,0.4,0.28156182,49925,0.03865774075529491
0.3,0.4,0.5,0.4,0.28156382,49925,0.03850525033443551
0.3,0.7,0.6,0.6,0.2815647,49925,0.038598443950773276
0.4,0.3,0.3,0.3,0.28156793,49925,0.03765343307349677
0.8,0.6,0.6,0.6,0.28156793,49925,0.03765343307349677
0.4,0.6,0.2,0.2,0.28157502,49925,0.03653049596280985
0.2,0.3,0.1,0.1,0.28157502,49925,0.03653049596280985
0.6,0.9,0.3,0.3,0.28157502,49925,0.03653049596280984
0.7,0.3,0.3,0.5,0.28157663,49925,0.03564834391833611
0.9,0.7,0.8,0.6,0.28157896,49925,0.03818745242902933
0.3,0.5,0.4,0.4,0.2815792,49925,0.038454430135027196
0.9,0.9,0.8,0.8,0.2815839,49925,0.03799233499969567
0.6,0.9,0.4,0.6,0.28158465,49925,0.03689016606699473
0.8,0.7,0.9,0.6,0.28158778,49925,0.03851030052331336
0.9,0.8,0.7,0.8,0.2815904,49925,0.03757647046979334
0.9,0.7,0.9,0.6,0.28159505,49925,0.038378675732065985
0.8,0.8,0.5,0.7,0.2815954,49925,0.03703321708311154
0.5,0.7,0.5,0.6,0.28159565,49925,0.037915538161331315
0.6,0.9,0.7,0.7,0.28159887,49925,0.038368818462748026
0.7,0.6,0.4,0.6,0.2816015,49925,0.03672214586017957
0.9,0.4,0.6,0.6,0.2816031,49925,0.036974655465101584
0.9,0.7,0.6,0.8,0.2816055,49925,0.03706796878663127
0.8,0.4,0.6,0.5,0.28160575,49925,0.037446158240092293
0.9,0.3,0.5,0.7,0.28160718,49925,0.0358746131761599
0.8,0.9,0.7,0.8,0.28161043,49925,0.03781788797472538
0.3,0.8,0.7,0.8,0.2816111,49925,0.03830544848850834
0.3,0.8,0.5,0.8,0.28161216,49925,0.03761892280932309
0.6,0.7,0.6,0.6,0.28161502,49925,0.038139749881326186
0.4,0.8,0.8,0.7,0.28161585,49925,0.03870549022913942
0.7,0.5,0.9,0.8,0.2816202,49925,0.03758582328503775
0.5,0.6,0.5,0.5,0.28162056,49925,0.03816407786318563
0.5,0.6,0.8,0.6,0.281627,49925,0.03853034945929336
0.7,0.9,0.8,0.7,0.28162867,49925,0.03847472485696938
0.4,0.2,0.4,0.9,0.28163397,49925,0.034420171458704546
0.8,0.6,0.5,0.7,0.28163445,49925,0.03689016813838562
0.4,0.7,0.7,0.6,0.28163448,49925,0.03869065960128438
0.5,0.7,0.8,0.6,0.28163755,49925,0.038720864960778735
0.3,0.5,0.2,0.3,0.28163788,49925,0.036787212795122294
0.9,0.8,0.4,0.5,0.28163803,49925,0.036492347067620785
0.9,0.6,0.4,0.6,0.28163946,49925,0.036229489720364993
0.8,0.4,0.7,0.5,0.28164348,49925,0.03767647614096282
0.8,0.6,0.4,0.6,0.28164354,49925,0.036467093593595915
0.4,0.3,0.2,0.3,0.28164354,49925,0.036467093593595915
0.5,0.8,0.8,0.6,0.28164533,49925,0.03888954718267106
0.5,0.5,0.3,0.4,0.28164852,49925,0.03704997388027652
0.8,0.8,0.7,0.7,0.28164858,49925,0.037984534882915574
0.5,0.8,0.5,0.7,0.28164935,49925,0.0376380320765706
0.8,0.3,0.5,0.5,0.28165272,49925,0.03672465116643824
0.6,0.8,0.5,0.7,0.28165293,49925,0.03743462923471214
0.4,0.9,0.7,0.7,0.28165376,49925,0.03861220209770075
0.7,0.4,0.7,0.5,0.28165597,49925,0.037857832093581296
0.2,0.6,0.5,0.7,0.28165787,49925,0.037824654070945075
0.9,0.9,0.9,0.7,0.28165898,49925,0.03841711498350737
0.6,0.8,0.8,0.6,0.2816611,49925,0.03875997019737233
0.3,0.4,0.4,0.3,0.2816611,49925,0.03875997019737233
0.5,0.7,0.9,0.7,0.28166124,49925,0.038580553999492874
0.5,0.2,0.3,0.9,0.28166273,49925,0.03372407381801133
0.6,0.6,0.8,0.5,0.28166428,49925,0.038732332410588426
0.9,0.5,0.4,0.6,0.28166452,49925,0.03614841326549879
0.8,0.9,0.3,0.2,0.28166518,49925,0.03616525271469297
0.9,0.3,0.6,0.6,0.28166607,49925,0.036535367125776014
0.3,0.1,0.2,0.2,0.28166607,49925,0.036535367125776014
0.6,0.2,0.4,0.4,0.28166607,49925,0.036535367125776014
0.3,0.6,0.4,0.5,0.28166926,49925,0.03810477777192464
0.8,0.6,0.7,0.5,0.28167173,49925,0.03820736207645221
0.5,0.9,0.5,0.8,0.28167227,49925,0.037327005211195564
0.2,0.5,0.4,0.8,0.28167328,49925,0.03669423410298073
0.8,0.9,0.5,0.7,0.28167734,49925,0.037016161659228365
0.1,0.6,0.2,0.4,0.2816791,49925,0.036854453162240244
0.7,0.4,0.8,0.9,0.28168038,49925,0.03673718350294494
0.6,0.2,0.5,0.7,0.2816804,49925,0.03558544030848671
0.2,0.5,0.5,0.9,0.28168255,49925,0.03670175581604622
0.2,0.4,0.5,0.9,0.28168273,49925,0.03620791636990613
0.5,0.5,0.5,0.4,0.28168356,49925,0.038373073985099926
0.2,0.6,0.4,0.8,0.28168407,49925,0.03692486842135663
0.1,0.3,0.2,0.4,0.28168407,49925,0.03692486842135663
0.5,0.4,0.6,0.4,0.2816858,49925,0.03838026369942733
0.3,0.8,0.4,0.8,0.2816895,49925,0.03690660311343267
0.2,0.8,0.3,0.6,0.2816918,49925,0.036858201882137336
0.9,0.6,0.5,0.7,0.28169343,49925,0.036692651231316833
0.3,0.9,0.7,0.9,0.2816935,49925,0.03812928601040607
0.4,0.2,0.3,0.9,0.28169358,49925,0.03377418007125086
0.8,0.5,0.7,0.5,0.28169563,49925,0.038000420841611746
0.7,0.9,0.6,0.8,0.28169674,49925,0.03756428947314389
0.4,0.9,0.6,0.8,0.28169674,49925,0.03802406423810703
0.5,0.8,0.6,0.6,0.28170037,49925,0.03842159336872469
0.7,0.5,0.4,0.6,0.28170076,49925,0.036629205274213615
0.2,0.4,0.3,0.8,0.28170118,49925,0.035606755504335424
0.3,0.9,0.4,0.8,0.28170145,49925,0.03689282692479497
0.8,0.9,0.9,0.7,0.28170195,49925,0.03854562827732224
0.5,0.2,0.3,0.3,0.28170335,49925,0.03681173461177674
0.7,0.3,0.4,0.5,0.2817076,49925,0.03646540592976075
0.7,0.8,0.6,0.7,0.2817092,49925,0.03777688337117656
0.2,0.6,0.5,0.9,0.28171092,49925,0.03703178065151223
0.4,0.8,0.6,0.6,0.28171188,49925,0.03858048088021211
0.2,0.4,0.3,0.3,0.28171188,49925,0.03858048088021211
0.9,0.3,0.4,0.7,0.2817138,49925,0.03528527893272503
0.5,0.3,0.4,0.3,0.28171492,49925,0.037880298149442874
0.7,0.3,0.5,0.4,0.28171876,49925,0.03728942485030703
0.5,0.3,0.6,0.7,0.2817226,49925,0.03665561940969642
0.6,0.6,0.2,0.1,0.28172415,49925,0.03595666920770356
0.3,0.9,0.7,0.8,0.2817251,49925,0.038431760862176846
0.3,0.7,0.4,0.7,0.28173193,49925,0.037289416627697074
0.5,0.6,0.9,0.9,0.28173214,49925,0.03773109794666316
0.7,0.5,0.8,0.6,0.28173977,49925,0.03803343441982753
0.4,0.9,0.8,0.8,0.2817411,49925,0.03856848405748827
0.4,0.3,0.5,0.4,0.28174275,49925,0.037930860131777544
0.8,0.7,0.6,0.7,0.28174475,49925,0.037503747527475706
0.3,0.5,0.6,0.5,0.2817486,49925,0.0385770044312102
0.8,0.9,0.6,0.8,0.2817517,49925,0.037390985378042745
0.9,0.9,0.6,0.8,0.28175318,49925,0.037228441572031916
0.2,0.6,0.4,0.6,0.28175652,49925,0.037818444119946955
0.3,0.9,0.6,0.9,0.28175652,49925,0.037818444119946955
0.1,0.3,0.2,0.3,0.28175652,49925,0.037818444119946955
0.8,0.5,0.6,0.5,0.28175685,49925,0.037740760420973324
0.4,0.8,0.9,0.8,0.28175882,49925,0.03856196400875757
0.1,0.3,0.3,0.5,0.28176075,49925,0.036971747703349246
0.6,0.7,0.9,0.6,0.281762,49925,0.038748165556623006
0.8,0.3,0.6,0.5,0.2817629,49925,0.0370165700255299
0.4,0.5,0.6,0.4,0.2817639,49925,0.038837064134895544
0.9,0.3,0.7,0.8,0.2817651,49925,0.036186393437480986
0.4,0.6,0.4,0.5,0.2817755,49925,0.03786898487566797
0.5,0.8,0.9,0.7,0.28177595,49925,0.03875168486969636
0.1,0.8,0.2,0.3,0.281776,49925,0.0368020545088061
0.4,0.6,0.8,0.7,0.28177842,49925,0.03829594849774562
0.7,0.5,0.5,0.5,0.28178835,49925,0.03758297164621113
0.5,0.5,0.4,0.5,0.28179336,49925,0.03750038324431323
0.3,0.8,0.8,0.9,0.28180388,49925,0.03819524407057689
0.8,0.4,0.5,0.5,0.2818119,49925,0.03712799502153603
0.8,0.8,0.6,0.8,0.28181195,49925,0.037333073209705844
0.4,0.4,0.3,0.4,0.28181195,49925,0.037333073209705844
0.3,0.2,0.4,0.5,0.28181356,49925,0.03648097719334639
0.4,0.5,0.4,0.4,0.2818153,49925,0.03820199841915342
0.1,0.3,0.3,0.4,0.28181607,49925,0.03770355307267571
0.2,0.6,0.6,0.8,0.28181607,49925,0.03770355307267571
0.7,0.6,0.6,0.5,0.2818175,49925,0.03812911125796942
0.9,0.3,0.5,0.6,0.28182283,49925,0.03618717015492745
0.7,0.3,0.7,0.8,0.28182715,49925,0.036372734667871054
0.4,0.7,0.9,0.9,0.28182727,49925,0.038048039272931634
0.4,0.7,0.6,0.5,0.28182968,49925,0.03881204384349935
0.8,0.3,0.4,0.6,0.2818312,49925,0.035849347891740525
0.8,0.5,0.9,0.7,0.28183144,49925,0.03778645086669505
0.4,0.9,0.9,0.8,0.28183585,49925,0.03871543381590913
0.4,0.8,0.7,0.6,0.28184283,49925,0.03881284904437297
0.9,0.8,0.6,0.8,0.28184688,49925,0.037168141563243065
0.7,0.8,0.3,0.3,0.2818477,49925,0.03638922961478561
0.2,0.5,0.3,0.5,0.2818495,49925,0.03747005337305387
0.2,0.8,0.4,0.9,0.2818498,49925,0.0367127420445063
0.7,0.3,0.7,0.9,0.28185117,49925,0.03604233204550513
0.3,0.3,0.5,0.7,0.2818518,49925,0.036516232036829244
0.8,0.7,0.3,0.3,0.28185317,49925,0.0362152417048362
0.8,0.9,0.4,0.5,0.28185576,49925,0.036685825475425725
0.3,0.6,0.6,0.5,0.28185627,49925,0.03880997142026232
0.2,0.7,0.5,0.8,0.2818574,49925,0.03763651345508825
0.2,0.5,0.4,0.9,0.28185993,49925,0.03623143803868716
0.5,0.7,0.7,0.5,0.2818621,49925,0.038879872873131396
0.9,0.8,0.9,0.6,0.28186294,49925,0.03852949029925795
0.7,0.8,0.8,0.6,0.28186366,49925,0.03862835174179639
0.7,0.6,0.9,0.6,0.28186715,49925,0.03844698490831125
0.3,0.2,0.4,0.7,0.2818674,49925,0.03533635244961159
0.2,0.2,0.2,0.7,0.2818696,49925,0.03382026503863414
0.2,0.5,0.5,0.5,0.28187075,49925,0.038479577288883245
0.5,0.8,0.4,0.6,0.2818731,49925,0.0372109026642544
0.9,0.6,0.7,0.5,0.2818733,49925,0.03804616057695808
0.3,0.8,0.3,0.5,0.28187755,49925,0.036989643919333355
0.4,0.7,0.7,0.5,0.28187892,49925,0.0390225506303985
0.9,0.4,0.5,0.6,0.28187957,49925,0.036601437594984756
0.6,0.2,0.4,0.9,0.28188023,49925,0.03437704004257992
0.3,0.8,0.7,0.7,0.28188065,49925,0.038634818789574504
0.9,0.6,0.9,0.6,0.2818826,49925,0.03818502212202483
0.3,0.2,0.3,0.2,0.2818826,49925,0.03818502212202483
0.6,0.4,0.6,0.4,0.2818826,49925,0.03818502212202483
0.5,0.7,0.6,0.5,0.2818827,49925,0.038641980458376635
0.4,0.7,0.4,0.6,0.28188658,49925,0.03748362572550046
0.9,0.8,0.5,0.7,0.28188673,49925,0.0368261223155219
0.4,0.5,0.3,0.4,0.28189212,49925,0.03742055227286367
0.3,0.6,0.5,0.4,0.28189301,49925,0.038963644090760544
0.7,0.5,0.3,0.4,0.28189403,49925,0.036368300682244684
0.6,0.9,0.6,0.7,0.28189453,49925,0.0380145492569211
0.2,0.7,0.6,0.9,0.2818956,49925,0.03760031847079049
0.8,0.5,0.8,0.5,0.28189966,49925,0.03820718500439742
0.3,0.6,0.3,0.5,0.28190243,49925,0.037211218326513064
0.2,0.3,0.3,0.2,0.28190342,49925,0.0390415646684736
0.4,0.6,0.6,0.4,0.28190342,49925,0.0390415646684736
0.6,0.9,0.9,0.6,0.28190342,49925,0.0390415646684736
0.5,0.9,0.6,0.7,0.2819047,49925,0.03817225251642094
0.2,0.4,0.5,0.6,0.28190917,49925,0.037579325666966555
0.5,0.6,0.9,0.8,0.2819113,49925,0.038035865573980115
0.6,0.8,0.9,0.6,0.28191245,49925,0.038912876181314046
0.7,0.2,0.4,0.6,0.28191555,49925,0.0354711572027881
0.4,0.9,0.4,0.7,0.2819162,49925,0.03703980180056316
0.3,0.8,0.8,0.8,0.28191963,49925,0.03850230354130138
0.2,0.7,0.5,0.7,0.2819236,49925,0.03800285531909365
0.3,0.7,0.7,0.6,0.28192672,49925,0.03881940164660008
0.7,0.9,0.7,0.7,0.28192717,49925,0.03823201233012521
0.8,0.7,0.5,0.7,0.28192738,49925,0.03698804307982561
0.7,0.5,0.6,0.4,0.28192797,49925,0.038252737693607
0.8,0.6,0.9,0.6,0.28192866,49925,0.0383054064156494
0.7,0.9,0.5,0.7,0.28193203,49925,0.03723603997220713
0.2,0.4,0.5,0.8,0.28193673,49925,0.03663344797176497
0.7,0.6,0.5,0.6,0.2819451,49925,0.03740118126089173
0.2,0.7,0.4,0.9,0.28194878,49925,0.03664221894845626
0.5,0.9,0.9,0.7,0.2819491,49925,0.038877459400153296
0.9,0.9,0.7,0.9,0.2819535,49925,0.037435438978753156
0.2,0.4,0.4,0.9,0.28195533,49925,0.03582725656594403
0.9,0.7,0.5,0.7,0.28195924,49925,0.03678270399731704
0.2,0.6,0.3,0.6,0.2819598,49925,0.03696900473990384
0.8,0.8,0.9,0.6,0.28196126,49925,0.038663697763657676
0.2,0.7,0.4,0.8,0.28196153,49925,0.037045244350271185
0.5,0.9,0.8,0.6,0.28196263,49925,0.038986649320387506
0.2,0.5,0.6,0.9,0.28196466,49925,0.036940096684680124
0.6,0.7,0.5,0.6,0.28196487,49925,0.037716255794026904
0.7,0.7,0.6,0.6,0.28196752,49925,0.0379771967034094
0.3,0.8,0.7,0.6,0.28196794,49925,0.03894552396895074
0.3,0.9,0.8,0.8,0.28196907,49925,0.03865819599808635
0.3,0.9,0.8,0.9,0.28196964,49925,0.038355142278022794
0.6,0.8,0.7,0.6,0.28197038,49925,0.03854940948689522
0.3,0.4,0.3,0.3,0.28197065,49925,0.038240840352685566
0.6,0.8,0.6,0.6,0.28197065,49925,0.038240840352685566
0.2,0.9,0.4,0.9,0.28197104,49925,0.03671837295476169
0.6,0.4,0.8,0.9,0.28197175,49925,0.03680426971675065
0.1,0.7,0.3,0.8,0.2819757,49925,0.03622740135882484
0.8,0.4,0.8,0.7,0.2819785,49925,0.03724930755884257
0.8,0.3,0.7,0.7,0.28197885,49925,0.03659257064120466
0.2,0.6,0.6,0.7,0.28197944,49925,0.03811063678165624
0.5,0.4,0.7,0.6,0.2819805,49925,0.03777452409853378
0.4,0.4,0.4,0.3,0.2819851,49925,0.038474478264149535
0.8,0.8,0.8,0.6,0.2819851,49925,0.038474478264149535
0.3,0.7,0.6,0.5,0.28198868,49925,0.03894698290157168
0.2,0.6,0.6,0.9,0.28198949,49925,0.03732730693404597
0.8,0.3,0.3,0.5,0.28199133,49925,0.035348733285687606
0.9,0.6,0.6,0.6,0.2819915,49925,0.03747950400365313
0.6,0.4,0.4,0.4,0.2819915,49925,0.03747950400365313
0.3,0.2,0.2,0.2,0.2819915,49925,0.03747950400365313
0.6,0.7,0.8,0.5,0.281996,49925,0.038908634087818826
0.3,0.9,0.6,0.8,0.28200114,49925,0.03813184108341477
0.4,0.9,0.8,0.7,0.28200138,49925,0.03882485427330962
0.6,0.9,0.8,0.6,0.2820021,49925,0.038877204004512736
0.6,0.5,0.3,0.4,0.2820028,49925,0.036709939004165325
0.9,0.4,0.8,0.6,0.28200546,49925,0.03742022351329093
0.9,0.9,0.7,0.8,0.2820075,49925,0.037679137005864824
0.2,0.7,0.6,0.8,0.28200844,49925,0.03795782704351326
0.8,0.9,0.8,0.7,0.28200957,49925,0.03834513366171985
0.2,0.3,0.4,0.8,0.28201312,49925,0.035677535109315026
0.7,0.4,0.8,0.8,0.28201574,49925,0.03703479460428358
0.7,0.4,0.6,0.4,0.2820193,49925,0.03798073941707588
0.2,0.6,0.5,0.6,0.28202134,49925,0.0382412828673484
0.4,0.4,0.6,0.4,0.282022,49925,0.03857343526942846
0.2,0.2,0.3,0.2,0.282022,49925,0.03857343526942846
0.6,0.6,0.9,0.6,0.282022,49925,0.038573435269428455
0.7,0.2,0.4,0.5,0.28202233,49925,0.0358878764385105
0.3,0.9,0.7,0.7,0.28202337,49925,0.038720186056594046
0.7,0.6,0.8,0.5,0.2820234,49925,0.03858297116629454
0.3,0.3,0.5,0.9,0.28202647,49925,0.03561647091436952
0.3,0.8,0.6,0.6,0.28202653,49925,0.038692712531957406
0.3,0.5,0.3,0.4,0.2820269,49925,0.03775290690345625
0.9,0.5,0.9,0.6,0.28202808,49925,0.037930415076937264
0.1,0.6,0.3,0.9,0.28202933,49925,0.035688992890150074
0.6,0.9,0.5,0.7,0.28203,49925,0.03744156968794131
0.8,0.6,0.8,0.5,0.28203097,49925,0.03843319096410428
0.3,0.3,0.5,0.6,0.28203297,49925,0.03700558855353141
0.2,0.1,0.2,0.5,0.2820341,49925,0.033968528382666834
0.2,0.7,0.5,0.9,0.28203574,49925,0.037264062127126685
0.3,0.7,0.8,0.8,0.28203756,49925,0.038294097248527496
0.7,0.5,0.2,0.1,0.28203785,49925,0.03568636773466662
0.9,0.4,0.6,0.5,0.282038,49925,0.03727489341162661
0.5,0.3,0.6,0.5,0.2820407,49925,0.03751122766622518
0.9,0.4,0.2,0.1,0.28204072,49925,0.03481158414186743
0.9,0.8,0.8,0.6,0.28204098,49925,0.0383227404393475
0.9,0.7,0.6,0.7,0.28204116,49925,0.03733850915751204
0.5,0.2,0.5,0.8,0.28204143,49925,0.03523892533818535
0.6,0.7,0.7,0.5,0.2820423,49925,0.0387192923878186
0.3,0.3,0.5,0.5,0.28204978,49925,0.037540900340403034
0.6,0.3,0.3,0.4,0.28205067,49925,0.03644904643311552
0.4,0.8,0.7,0.5,0.28205073,49925,0.03912909426982042
0.2,0.6,0.5,0.5,0.28205645,49925,0.03869399772853504
0.6,0.5,0.9,0.9,0.28205746,49925,0.0373718237699574
0.5,0.5,0.8,0.7,0.28205994,49925,0.037935254243740474
0.7,0.4,0.8,0.7,0.2820609,49925,0.03736014661329006
0.4,0.8,0.5,0.7,0.28206295,49925,0.037829170695795236
0.9,0.8,0.3,0.2,0.28206363,49925,0.035994411918436324
0.9,0.3,0.5,0.5,0.28206885,49925,0.03652522543778744
0.6,0.5,0.4,0.5,0.28207254,49925,0.037258281851973864
0.6,0.2,0.3,0.9,0.2820729,49925,0.03362532135610377
0.1,0.4,0.3,0.5,0.28207386,49925,0.037472621587910204
0.5,0.9,0.7,0.6,0.28207496,49925,0.03879254907651669
0.2,0.3,0.3,0.8,0.28207576,49925,0.035091387746396495
0.9,0.4,0.4,0.6,0.28207725,49925,0.03594759416699784
0.5,0.6,0.4,0.5,0.28207743,49925,0.03760923302981096
0.6,0.6,0.4,0.5,0.28207812,49925,0.03733494893280111
0.7,0.5,0.8,0.5,0.28207856,49925,0.03836225445825302
0.7,0.5,0.9,0.7,0.28207904,49925,0.037889935294039744
0.7,0.2,0.3,0.9,0.2820794,49925,0.03350369363858578
0.2,0.7,0.3,0.6,0.2820818,49925,0.036936895244615256
0.8,0.5,0.9,0.6,0.2820821,49925,0.03806677096435658
0.8,0.8,0.6,0.7,0.28208414,49925,0.03761601772714209
0.3,0.2,0.4,0.4,0.2820872,49925,0.0371316329340119
0.6,0.4,0.8,0.8,0.2820872,49925,0.0371316329340119
0.7,0.7,0.4,0.5,0.28208753,49925,0.03706602257400063
0.9,0.7,0.7,0.6,0.28208768,49925,0.037952777731413
0.6,0.3,0.6,0.5,0.28209022,49925,0.03735075646042842
0.2,0.6,0.4,0.9,0.2820934,49925,0.036500023252207706
0.7,0.9,0.8,0.6,0.28209457,49925,0.03873524020511956
0.2,0.8,0.5,0.9,0.2821007,49925,0.03736725590231995
0.6,0.2,0.5,0.6,0.28210202,49925,0.03599795559955883
0.2,0.5,0.6,0.8,0.28210405,49925,0.03732966646571189
0.6,0.5,0.5,0.4,0.282106,49925,0.038148414667224614
0.6,0.8,0.5,0.6,0.2821091,49925,0.037751961796624676
0.6,0.2,0.5,0.8,0.28211004,49925,0.03517841847444148
0.6,0.5,0.8,0.6,0.28211084,49925,0.03816749742705774
0.5,0.2,0.4,0.3,0.28211182,49925,0.03727075948101998
0.3,0.9,0.2,0.1,0.28211516,49925,0.036379677917121385
0.9,0.8,0.7,0.7,0.28211543,49925,0.037827018524039004
0.9,0.6,0.8,0.5,0.28211707,49925,0.03827116360265658
0.2,0.6,0.4,0.5,0.28211898,49925,0.03829233692406493
0.8,0.3,0.4,0.5,0.28212017,49925,0.036242351840984156
0.3,0.6,0.7,0.6,0.28212053,49925,0.038607162073751436
0.3,0.4,0.6,0.9,0.28212646,49925,0.03649188319143382
0.5,0.7,0.5,0.5,0.28212842,49925,0.038260501352500524
0.4,0.6,0.7,0.5,0.28213012,49925,0.03885334766589717
0.4,0.9,0.6,0.7,0.2821312,49925,0.038334739835116184
0.2,0.4,0.4,0.3,0.2821331,49925,0.03900680258857832
0.4,0.8,0.8,0.6,0.2821331,49925,0.03900680258857832
0.9,0.3,0.6,0.5,0.28213418,49925,0.03684071548173904
0.9,0.3,0.3,0.5,0.28213435,49925,0.03504010275486921
0.7,0.8,0.7,0.6,0.28213674,49925,0.03839904145722996
0.3,0.2,0.1,0.1,0.28213793,49925,0.035959996027851784
0.9,0.6,0.3,0.3,0.28213793,49925,0.035959996027851784
0.6,0.4,0.2,0.2,0.28213793,49925,0.035959996027851784
0.9,0.4,0.9,0.9,0.28214,49925,0.03675488714804411
0.5,0.4,0.3,0.4,0.28214428,49925,0.03699888285558705
0.3,0.7,0.8,0.9,0.28214538,49925,0.037976729916784996
0.2,0.4,0.3,0.9,0.28214708,49925,0.03510148087103762
0.7,0.4,0.8,0.6,0.2821517,49925,0.0377021205040782
0.5,0.8,0.3,0.4,0.28215224,49925,0.03672345525055125
0.8,0.3,0.7,0.6,0.28215504,49925,0.03691022676498142
0.4,0.9,0.3,0.4,0.28215992,49925,0.0368605311167568
0.3,0.7,0.5,0.5,0.282162,49925,0.03866124156715145
0.8,0.7,0.4,0.5,0.2821626,49925,0.036809469595116565
0.8,0.8,0.4,0.5,0.28216305,49925,0.03675032844908482
0.4,0.7,0.9,0.8,0.28216368,49925,0.03835657113552498
0.9,0.4,0.9,0.8,0.28216526,49925,0.03703406268451531
0.9,0.9,0.8,0.7,0.2821655,49925,0.038213945343564884
0.4,0.6,0.5,0.4,0.28217295,49925,0.03876186792499116
0.2,0.8,0.6,0.9,0.28217375,49925,0.03778419257479448
0.4,0.9,0.8,0.6,0.28217405,49925,0.039104331871152566
0.5,0.3,0.5,0.3,0.2821763,49925,0.038203950316488135
0.4,0.7,0.5,0.5,0.2821767,49925,0.038475642451758205
0.1,0.8,0.3,0.7,0.28217784,49925,0.03664825742361743
0.5,0.3,0.6,0.6,0.28217784,49925,0.03706366878819992
0.1,0.3,0.2,0.5,0.28218156,49925,0.03609980186792562
0.9,0.4,0.7,0.5,0.2821837,49925,0.0375193397169288
0.7,0.7,0.5,0.6,0.28219035,49925,0.03750164843460201
0.3,0.4,0.6,0.6,0.28219524,49925,0.03775823023606237
0.5,0.8,0.5,0.6,0.2821953,49925,0.03796733546160739
0.6,0.4,0.7,0.5,0.28220215,49925,0.03802818405771174
0.3,0.4,0.6,0.7,0.2822028,49925,0.03730321381846984
0.3,0.9,0.5,0.9,0.28220505,49925,0.03732031950783325
0.5,0.9,0.4,0.6,0.282215,49925,0.037151300266000026
0.2,0.4,0.5,0.5,0.28221765,49925,0.03812991311318882
0.8,0.6,0.5,0.6,0.28221872,49925,0.03720451673036399
0.4,0.9,0.9,0.7,0.28222364,49925,0.03899466824354438
0.7,0.7,0.7,0.5,0.28222567,49925,0.03854332676079133
0.2,0.7,0.5,0.6,0.28222942,49925,0.03839537870852255
0.5,0.2,0.5,0.7,0.28223038,49925,0.0356660302066553
0.7,0.2,0.3,0.8,0.28223115,49925,0.033885117050162575
0.6,0.2,0.3,0.4,0.28223157,49925,0.03595571146277925
0.5,0.7,0.3,0.4,0.28223166,49925,0.03689405846488656
0.7,0.3,0.4,0.4,0.28223217,49925,0.036879205882840195
0.4,0.9,0.7,0.6,0.2822343,49925,0.03890688309430134
0.8,0.4,0.4,0.5,0.28223956,49925,0.036576077904310215
0.2,0.8,0.6,0.7,0.282241,49925,0.03848364619224643
0.2,0.7,0.6,0.6,0.28224236,49925,0.03871668359403967
0.8,0.7,0.7,0.5,0.28224325,49925,0.0383821358731823
0.6,0.6,0.5,0.5,0.28224924,49925,0.03797244322881319
0.9,0.9,0.3,0.1,0.28225344,49925,0.036093259228095594
0.7,0.4,0.4,0.4,0.28225383,49925,0.03720362056257956
0.7,0.3,0.7,0.7,0.28225538,49925,0.03669899662842697
0.8,0.5,0.5,0.5,0.28225744,49925,0.03735569386795415
0.4,0.2,0.4,0.3,0.28225955,49925,0.03755550970406321
0.8,0.4,0.8,0.6,0.28225955,49925,0.03755550970406321
0.2,0.6,0.6,0.6,0.28225982,49925,0.038525159227792226
0.1,0.3,0.3,0.3,0.28225982,49925,0.038525159227792226
0.3,0.9,0.9,0.9,0.28225982,49925,0.038525159227792226
0.4,0.4,0.5,0.3,0.28226784,49925,0.03880431859263507
0.5,0.4,0.5,0.3,0.2822729,49925,0.03856258663489162
0.8,0.9,0.7,0.7,0.2822758,49925,0.0380715162349697
0.5,0.9,0.9,0.6,0.2822765,49925,0.03915608843725554
0.5,0.6,0.3,0.4,0.28227663,49925,0.03700665741091572
0.7,0.9,0.6,0.7,0.28228012,49925,0.037829701921383366
0.9,0.4,0.5,0.5,0.28228062,49925,0.03692542987389751
0.8,0.6,0.6,0.5,0.2822838,49925,0.037939904413192733
0.6,0.7,0.6,0.5,0.28228527,49925,0.03846174425485252
0.6,0.3,0.6,0.4,0.28229165,49925,0.03777481966477117
0.1,0.6,0.3,0.8,0.28229526,49925,0.03617124876583859
0.3,0.8,0.5,0.7,0.2822975,49925,0.03798017118675448
0.2,0.7,0.7,0.8,0.28229797,49925,0.038195327535783516
0.1,0.5,0.4,0.6,0.28229934,49925,0.03773734259517486
0.9,0.3,0.7,0.7,0.28230023,49925,0.03648886002554269
0.2,0.7,0.6,0.7,0.28230312,49925,0.03833188734960549
0.2,0.2,0.3,0.7,0.2823059,49925,0.034798239869230904
0.1,0.4,0.3,0.6,0.28230652,49925,0.03683031466329986
0.5,0.3,0.3,0.3,0.28230894,49925,0.037291766175565726
0.5,0.2,0.5,0.9,0.28231144,49925,0.03482886316333252
0.6,0.4,0.8,0.7,0.28232384,49925,0.03747511058530195
0.3,0.9,0.6,0.7,0.2823244,49925,0.03845684148774197
0.8,0.7,0.8,0.5,0.28232446,49925,0.03860328772709807
0.8,0.5,0.3,0.4,0.28232473,49925,0.03602651981419485
0.5,0.9,0.5,0.7,0.28232902,49925,0.037651214585710316
0.6,0.9,0.7,0.6,0.28233066,49925,0.038632647974790574
0.6,0.2,0.5,0.9,0.2823347,49925,0.03480176339403518
0.5,0.6,0.9,0.7,0.28233638,49925,0.038363425032023626
0.7,0.8,0.5,0.6,0.28233755,49925,0.037534362413420556
0.9,0.5,0.7,0.5,0.28234023,49925,0.03784642577224807
0.9,0.3,0.2,0.2,0.28234184,49925,0.03444297875412054
0.7,0.4,0.7,0.4,0.28234652,49925,0.03820455194739552
0.5,0.8,0.8,0.5,0.28235126,49925,0.03918925014377755
0.7,0.7,0.8,0.5,0.2823535,49925,0.03875203361191313
0.7,0.4,0.5,0.4,0.28235465,49925,0.03768974072439412
0.9,0.5,0.8,0.5,0.28235692,49925,0.03803353770633251
0.4,0.9,0.5,0.8,0.28236002,49925,0.03751317161033669
0.3,0.7,0.3,0.5,0.28236708,49925,0.03712414518391783
0.5,0.6,0.8,0.5,0.28237337,49925,0.03886818428885278
0.7,0.2,0.5,0.6,0.28237393,49925,0.035880775696179264
0.5,0.5,0.8,0.6,0.28237572,49925,0.03828543752462914
0.1,0.5,0.4,0.7,0.28237963,49925,0.03723198336507888
0.6,0.5,0.7,0.4,0.2823816,49925,0.03866427803692207
0.4,0.3,0.6,0.9,0.28238794,49925,0.035891168346633806
0.7,0.9,0.9,0.6,0.28239185,49925,0.03891559669578783
0.1,0.4,0.3,0.4,0.282394,49925,0.03813193790547608
0.2,0.8,0.6,0.8,0.282394,49925,0.03813193790547608
0.4,0.5,0.7,0.5,0.2823963,49925,0.0386224629177265
0.7,0.2,0.3,0.6,0.28239813,49925,0.03472243997993312
0.9,0.7,0.4,0.5,0.28240034,49925,0.03654405553482883
0.2,0.8,0.7,0.8,0.28240186,49925,0.038387630619571574
0.6,0.5,0.9,0.8,0.28240246,49925,0.03767647151894989
0.9,0.5,0.9,0.5,0.28240258,49925,0.03820385278237136
0.5,0.8,0.7,0.5,0.28240317,49925,0.038991113127099096
0.2,0.8,0.7,0.9,0.28240725,49925,0.038052859766545946
0.3,0.7,0.8,0.7,0.2824074,49925,0.03862743030119628
0.5,0.6,0.5,0.4,0.2824077,49925,0.03854570098573157
0.7,0.2,0.4,0.7,0.2824083,49925,0.03506440605091755
0.8,0.9,0.8,0.6,0.28241247,49925,0.03858125548943663
0.4,0.3,0.6,0.7,0.28241414,49925,0.03672459663672416
0.3,0.5,0.7,0.9,0.28241566,49925,0.03714414924276583
0.5,0.7,0.4,0.5,0.2824173,49925,0.03761957423998721
0.5,0.8,0.9,0.6,0.28241736,49925,0.039035927638306385
0.1,0.1,0.1,0.4,0.28241873,49925,0.03315638315393941
0.2,0.2,0.2,0.8,0.28241873,49925,0.03315638315393941
0.6,0.7,0.4,0.5,0.28242368,49925,0.03733983873351686
0.7,0.4,0.3,0.4,0.28242725,49925,0.036313041274195094
0.8,0.4,0.8,0.5,0.28242794,49925,0.03788209204265347
0.5,0.6,0.7,0.4,0.28243217,49925,0.039064999663679455
0.7,0.2,0.4,0.4,0.28243726,49925,0.03629438737478028
0.8,0.7,0.6,0.6,0.28243878,49925,0.037779832454858116
0.7,0.5,0.4,0.5,0.28244025,49925,0.03699425677843091
0.7,0.2,0.4,0.8,0.28244048,49925,0.03466665937493923
0.6,0.3,0.5,0.3,0.28244096,49925,0.0379336129050614
0.5,0.5,0.7,0.4,0.28244293,49925,0.038865903368085736
0.1,0.9,0.3,0.6,0.28244337,49925,0.03698353012728841
0.3,0.9,0.7,0.6,0.2824467,49925,0.03903486858494143
0.3,0.4,0.6,0.8,0.28244677,49925,0.03688806258671146
0.3,0.2,0.3,0.9,0.2824473,49925,0.0337460028925074
0.4,0.7,0.8,0.6,0.28245163,49925,0.038845512593496875
0.1,0.3,0.2,0.6,0.28245163,49925,0.03530970989138652
0.3,0.9,0.4,0.7,0.28245193,49925,0.03726147333652828
0.5,0.7,0.9,0.6,0.28245255,49925,0.03887278148936093
0.9,0.5,0.5,0.5,0.28245398,49925,0.0371434279125639
0.2,0.6,0.2,0.3,0.28245974,49925,0.037009221776473124
0.2,0.7,0.7,0.9,0.28245986,49925,0.037834352213640975
0.6,0.4,0.3,0.4,0.28246218,49925,0.03665068437591451
0.5,0.4,0.7,0.5,0.28246415,49925,0.03818035334528927
0.2,0.8,0.5,0.8,0.28246808,49925,0.03774291760447141
0.7,0.2,0.5,0.7,0.28246832,49925,0.03549145808394507
0.8,0.4,0.9,0.9,0.28247106,49925,0.03683909748189074
0.3,0.6,0.6,0.4,0.2824712,49925,0.03921255706757086
0.5,0.6,0.6,0.4,0.28247237,49925,0.03884780147824733
0.7,0.2,0.3,0.7,0.28247303,49925,0.034302580218338125
0.6,0.5,0.8,0.5,0.2824744,49925,0.0385028334074326
0.5,0.7,0.8,0.5,0.28247625,49925,0.03905102635338554
0.8,0.2,0.3,0.9,0.28248456,49925,0.03330713979567304
0.4,0.4,0.7,0.9,0.28248495,49925,0.036699577471059903
0.7,0.9,0.3,0.2,0.28248498,49925,0.03649575474876427
0.3,0.9,0.8,0.7,0.28248665,49925,0.03893615584386332
0.7,0.7,0.3,0.3,0.28248745,49925,0.03656255275064217
0.4,0.8,0.5,0.6,0.28249007,49925,0.03816681938266867
0.1,0.3,0.3,0.6,0.28249255,49925,0.03628004895620585
0.8,0.8,0.5,0.6,0.28249502,49925,0.03730860137113724
0.3,0.8,0.9,0.9,0.2824976,49925,0.03834333685619159
0.1,0.4,0.4,0.5,0.2824991,49925,0.03793594643495527
0.2,0.5,0.5,0.4,0.28249952,49925,0.038986045084424936
0.3,0.8,0.8,0.7,0.28249964,49925,0.03880844467108036
0.8,0.9,0.6,0.7,0.28250197,49925,0.0376573257605561
0.1,0.5,0.4,0.8,0.28250366,49925,0.036734124987380164
0.3,0.7,0.2,0.2,0.2825063,49925,0.03671609106207083
0.3,0.5,0.7,0.8,0.28250763,49925,0.037515722765590585
0.2,0.7,0.4,0.7,0.2825102,49925,0.03746162652004701
0.8,0.4,0.3,0.4,0.28251117,49925,0.035967491079132954
0.7,0.6,0.4,0.5,0.2825189,49925,0.03707558209666352
0.8,0.9,0.9,0.6,0.28252125,49925,0.038780380554753635
0.3,0.2,0.4,0.8,0.2825269,49925,0.03482139137981392
0.4,0.3,0.5,0.3,0.2825282,49925,0.03845752810657057
0.7,0.3,0.6,0.4,0.28252822,49925,0.03755917996005596
0.9,0.4,0.3,0.4,0.28253347,49925,0.035619064937907646
0.6,0.3,0.7,0.9,0.28253743,49925,0.03608508858634638
0.3,0.8,0.4,0.7,0.28254023,49925,0.03730819729463715
0.8,0.8,0.7,0.6,0.28254747,49925,0.03824555964838396
0.6,0.8,0.7,0.5,0.28255215,49925,0.03884151959480589
0.4,0.3,0.6,0.8,0.28255233,49925,0.03628602508005651
0.9,0.9,0.5,0.6,0.2825532,49925,0.037064923463769786
0.2,0.4,0.2,0.3,0.28255802,49925,0.03745555784390802
0.4,0.8,0.4,0.6,0.28255802,49925,0.03745555784390802
0.5,0.4,0.4,0.3,0.2825591,49925,0.038176812655818994
0.7,0.8,0.4,0.5,0.28255996,49925,0.03703201142469048
0.9,0.4,0.9,0.7,0.2825634,49925,0.0373100492271706
0.9,0.5,0.6,0.5,0.28256577,49925,0.03756561492356882
0.6,0.8,0.8,0.5,0.28256992,49925,0.039042663739971235
0.1,0.6,0.5,0.8,0.28257155,49925,0.03747555547921957
0.6,0.5,0.9,0.7,0.28257263,49925,0.038010008364588385
0.6,0.7,0.9,0.5,0.2825756,49925,0.03905213889241196
0.2,0.5,0.3,0.4,0.2825787,49925,0.03806880958440756
0.2,0.9,0.8,0.8,0.2825845,49925,0.038727813399102744
0.7,0.6,0.9,0.5,0.28258514,49925,0.03874725967484176
0.5,0.2,0.2,0.3,0.28258595,49925,0.03571202464562312
0.6,0.3,0.4,0.3,0.2825873,49925,0.03759452788245333
0.4,0.3,0.6,0.6,0.2825913,49925,0.03718258753696129
0.7,0.8,0.6,0.6,0.28259417,49925,0.03806137174824572
0.6,0.4,0.5,0.3,0.28259492,49925,0.0382991420050356
0.4,0.8,0.6,0.5,0.28259492,49925,0.038896902456984975
0.9,0.3,0.7,0.6,0.28259745,49925,0.03677975545572976
0.2,0.8,0.8,0.9,0.28259978,49925,0.03824822727860599
0.9,0.9,0.6,0.7,0.28260022,49925,0.03745717995841262
0.8,0.7,0.9,0.5,0.2826004,49925,0.03877571360597011
0.7,0.9,0.4,0.5,0.2826045,49925,0.03693605263812557
0.8,0.6,0.9,0.5,0.28260747,49925,0.03858983293451145
0.2,0.5,0.6,0.7,0.28260946,49925,0.03777389562157536
0.2,0.8,0.7,0.7,0.28261334,49925,0.038723761399509456
0.8,0.4,0.7,0.4,0.28261715,49925,0.03801314289801911
0.8,0.3,0.6,0.4,0.2826183,49925,0.03735959841287993
0.6,0.2,0.5,0.5,0.2826208,49925,0.03642908099891923
0.4,0.8,0.9,0.7,0.2826213,49925,0.03884682641394018
0.7,0.7,0.9,0.5,0.2826243,49925,0.03890463641401047
0.9,0.6,0.5,0.6,0.28262824,49925,0.03698804294055897
0.2,0.7,0.7,0.7,0.2826353,49925,0.03854588112438379
0.3,0.4,0.5,0.3,0.2826362,49925,0.03904467068057104
0.4,0.2,0.3,0.2,0.28263834,49925,0.037780849273846166
0.8,0.4,0.6,0.4,0.28263834,49925,0.037780849273846166
0.6,0.4,0.8,0.6,0.28263864,49925,0.03783316844638926
0.3,0.2,0.4,0.3,0.28263864,49925,0.03783316844638926
0.3,0.7,0.4,0.6,0.2826479,49925,0.03770873128920465
0.1,0.3,0.2,0.7,0.28265515,49925,0.03457581557135817
0.8,0.5,0.9,0.5,0.28265566,49925,0.038367759886365795
0.2,0.9,0.8,0.9,0.28265628,49925,0.03842001368123834
0.2,0.7,0.6,0.5,0.2826581,49925,0.039090792673739765
0.6,0.2,0.4,0.3,0.2826581,49925,0.0370008620455486
0.7,0.5,0.9,0.6,0.28266314,49925,0.03820797326198826
0.6,0.4,0.7,0.4,0.28266537,49925,0.03840535864016293
0.5,0.5,0.4,0.4,0.2826657,49925,0.037939388148126856
0.1,0.6,0.4,0.7,0.2826667,49925,0.03749473452896061
0.2,0.8,0.5,0.7,0.2826698,49925,0.03811748937944733
0.3,0.3,0.5,0.4,0.28267074,49925,0.03810872151134377
0.1,0.4,0.4,0.7,0.28267193,49925,0.03677768915983135
0.7,0.2,0.5,0.8,0.28267407,49925,0.03510504101206239
0.3,0.5,0.4,0.3,0.2826743,49925,0.03894414961267675
0.5,0.8,0.6,0.5,0.2826772,49925,0.03872211258122683
0.2,0.9,0.6,0.9,0.2826815,49925,0.03791530455643054
0.4,0.4,0.7,0.8,0.28268299,49925,0.03707453667003314
0.3,0.9,0.9,0.8,0.28268388,49925,0.03880406912342969
0.5,0.2,0.5,0.6,0.2826849,49925,0.03612111999205746
0.9,0.7,0.8,0.5,0.28268504,49925,0.038432024490648885
0.8,0.5,0.4,0.5,0.28268656,49925,0.03672786190708574
0.9,0.4,0.8,0.5,0.28269103,49925,0.03770643367099559
0.1,0.5,0.4,0.4,0.2826938,49925,0.038846407258088654
0.2,0.8,0.6,0.6,0.28269607,49925,0.038831479444305185
0.1,0.4,0.3,0.3,0.28269607,49925,0.038831479444305185
0.9,0.9,0.7,0.7,0.28269696,49925,0.03791667685140911
0.8,0.7,0.5,0.6,0.28269744,49925,0.037289966051457284
0.2,0.6,0.5,0.4,0.282699,49925,0.039127906602001314
0.3,0.9,0.5,0.8,0.2827029,49925,0.037656657092870104
0.4,0.6,0.8,0.6,0.28270343,49925,0.03864918558657513
0.2,0.3,0.4,0.3,0.28270343,49925,0.03864918558657513
0.5,0.9,0.6,0.6,0.28270411,49925,0.03847878165493612
0.1,0.5,0.2,0.4,0.28270534,49925,0.03703637647601177
0.3,0.8,0.5,0.6,0.28270662,49925,0.03833563733951882
0.7,0.5,0.7,0.4,0.282708,49925,0.038498359370419455
0.7,0.9,0.7,0.6,0.28270823,49925,0.03847976886401074
0.2,0.9,0.7,0.9,0.28270844,49925,0.03821240022621557
0.5,0.6,0.9,0.6,0.2827109,49925,0.038688681659866435
0.2,0.8,0.4,0.8,0.28271127,49925,0.03709292635775152
0.1,0.4,0.2,0.4,0.28271127,49925,0.03709292635775152
0.7,0.3,0.3,0.4,0.28271195,49925,0.03609773910282382
0.3,0.7,0.6,0.4,0.28271398,49925,0.039330503039758866
0.2,0.8,0.8,0.8,0.2827198,49925,0.03857801573921449
0.1,0.4,0.4,0.4,0.2827198,49925,0.03857801573921449
0.7,0.4,0.8,0.5,0.28272456,49925,0.03805463989220881
0.4,0.7,0.4,0.5,0.28272933,49925,0.037887476224322536
0.9,0.3,0.4,0.6,0.2827359,49925,0.035637907744184634
0.5,0.3,0.6,0.4,0.28273773,49925,0.03798318114852183
0.2,0.7,0.5,0.5,0.28273803,49925,0.03881411330126707
0.8,0.3,0.7,0.5,0.2827396,49925,0.037247051810710766
0.1,0.4,0.4,0.8,0.28274506,49925,0.03625599233083204
0.1,0.7,0.5,0.9,0.28274536,49925,0.037325200049842126
0.1,0.5,0.3,0.7,0.2827456,49925,0.03652764964512577
0.1,0.4,0.4,0.6,0.2827466,49925,0.037335932558491845
0.9,0.7,0.9,0.5,0.28274754,49925,0.038628387640631874
0.3,0.1,0.2,0.5,0.28275222,49925,0.03398691732181086
0.3,0.6,0.4,0.4,0.28275296,49925,0.038560667081674514
0.1,0.6,0.3,0.7,0.28275886,49925,0.036679243200830755
0.7,0.2,0.5,0.5,0.2827591,49925,0.036271375265660474
0.3,0.5,0.5,0.3,0.2827629,49925,0.03927296353091411
0.8,0.2,0.3,0.8,0.2827631,49925,0.033686928864443216
0.4,0.7,0.6,0.4,0.28276458,49925,0.039163974825907374
0.2,0.2,0.2,0.9,0.28276652,49925,0.032541505961513464
0.1,0.5,0.3,0.6,0.28276694,49925,0.03709590352406659
0.9,0.3,0.8,0.8,0.2827676,49925,0.0363892686248787
0.2,0.9,0.3,0.5,0.2827713,49925,0.03712473319858223
0.2,0.9,0.7,0.8,0.28277364,49925,0.03853179466214166
0.7,0.5,0.5,0.4,0.282775,49925,0.03790987338255301
0.3,0.8,0.7,0.5,0.28277814,49925,0.03925834664886102
0.1,0.4,0.3,0.7,0.28278404,49925,0.036233749299909815
0.4,0.4,0.7,0.7,0.28278553,49925,0.03746798484209355
0.9,0.6,0.9,0.5,0.2827906,49925,0.03845420284716775
0.3,0.7,0.7,0.5,0.28279537,49925,0.03915068561523276
0.1,0.4,0.1,0.1,0.2827965,49925,0.036829685404364716
0.2,0.8,0.2,0.2,0.2827965,49925,0.036829685404364716
0.9,0.5,0.4,0.5,0.2827986,49925,0.03648535958644266
0.8,0.4,0.5,0.4,0.28280133,49925,0.03746461893733135
0.1,0.2,0.2,0.5,0.28280574,49925,0.03537063368495046
0.7,0.3,0.7,0.6,0.2828064,49925,0.03704668837686682
0.2,0.5,0.6,0.6,0.2828065,49925,0.038235075265488014
0.4,0.6,0.3,0.4,0.2828088,49925,0.03736333006454108
0.1,0.7,0.3,0.7,0.2828105,49925,0.036691165035431704
0.8,0.6,0.3,0.3,0.2828108,49925,0.03630652104798959
0.6,0.9,0.6,0.6,0.28281388,49925,0.038279136336370895
0.2,0.3,0.2,0.2,0.28281388,49925,0.038279136336370895
0.4,0.6,0.4,0.4,0.28281388,49925,0.038279136336370895
0.3,0.8,0.6,0.5,0.2828142,49925,0.03905485405235942
0.3,0.6,0.8,0.9,0.28281587,49925,0.037664022826700554
0.9,0.9,0.8,0.6,0.2828161,49925,0.0384428466021539
0.4,0.5,0.8,0.9,0.28281787,49925,0.03730181512372533
0.9,0.9,0.4,0.4,0.2828192,49925,0.036688999978940574
0.1,0.7,0.5,0.8,0.28281945,49925,0.037703965616722804
0.3,0.8,0.9,0.8,0.2828257,49925,0.03864975449263441
0.1,0.5,0.4,0.5,0.28282678,49925,0.0382776888123636
0.8,0.5,0.6,0.4,0.2828314,49925,0.03805136360685439
0.2,0.6,0.7,0.9,0.28283307,49925,0.037530877039538404
0.6,0.6,0.7,0.4,0.2828336,49925,0.03887727319010555
0.7,0.6,0.6,0.4,0.28283462,49925,0.0384408156950329
0.2,0.7,0.4,0.6,0.28283525,49925,0.03790335162055516
0.5,0.7,0.7,0.4,0.28283635,49925,0.03920810239519118
0.2,0.9,0.7,0.7,0.2828372,49925,0.03884429093507879
0.4,0.9,0.6,0.6,0.28283793,49925,0.038644971201350305
0.4,0.7,0.9,0.7,0.28284004,49925,0.038675491675929805
0.9,0.8,0.5,0.6,0.28284493,49925,0.03709779882253022
0.6,0.6,0.6,0.4,0.28284785,49925,0.03863553393718534
0.9,0.9,0.9,0.6,0.28284785,49925,0.038635533937185336
0.3,0.3,0.3,0.2,0.28284785,49925,0.03863553393718534
0.2,0.9,0.4,0.8,0.28285167,49925,0.03706425145653326
0.1,0.5,0.3,0.8,0.28285366,49925,0.03600397070089643
0.2,0.5,0.4,0.3,0.2828539,49925,0.039184708124558196
0.7,0.6,0.7,0.4,0.28285506,49925,0.038705640646740806
0.9,0.4,0.4,0.5,0.28285545,49925,0.036306029030442465
0.9,0.8,0.6,0.7,0.28285587,49925,0.03742783056833127
0.6,0.6,0.5,0.4,0.28285682,49925,0.03832220995229416
0.8,0.4,0.9,0.8,0.2828583,49925,0.037132354475573955
0.6,0.8,0.9,0.5,0.2828603,49925,0.039197295281303876
0.9,0.3,0.8,0.9,0.282862,49925,0.03609680406495279
0.3,0.8,0.8,0.6,0.28286344,49925,0.039116739453350154
0.2,0.3,0.4,0.9,0.28286546,49925,0.03517651107075532
0.3,0.4,0.6,0.5,0.28286582,49925,0.03822985799233694
0.5,0.6,0.2,0.1,0.28286612,49925,0.03646953800603468
0.6,0.8,0.3,0.3,0.28287333,49925,0.03674233293683143
0.9,0.3,0.7,0.5,0.28287745,49925,0.03708392286766406
0.2,0.4,0.5,0.4,0.28287956,49925,0.038678924662198175
0.8,0.5,0.7,0.4,0.28288072,49925,0.038302229414187025
0.8,0.9,0.5,0.6,0.28288502,49925,0.037297818996343546
0.8,0.3,0.5,0.4,0.28288734,49925,0.03707167648879841
0.9,0.2,0.3,0.9,0.2828875,49925,0.0331293295406423
0.3,0.9,0.8,0.6,0.28289473,49925,0.03921062049752346
0.4,0.5,0.5,0.3,0.2828976,49925,0.039037101935534835
0.7,0.8,0.8,0.5,0.2828983,49925,0.03888814135792729
0.6,0.8,0.4,0.5,0.28290433,49925,0.037306135082897714
0.7,0.7,0.6,0.5,0.28290516,49925,0.038286025718180614
0.6,0.3,0.7,0.8,0.2829057,49925,0.036439347653783816
0.6,0.9,0.5,0.6,0.2829057,49925,0.037737310950192324
0.3,0.5,0.7,0.7,0.2829083,49925,0.0379007926069783
0.9,0.7,0.7,0.5,0.28290933,49925,0.03820120426449979
0.4,0.9,0.9,0.6,0.28291112,49925,0.039256654580688874
0.1,0.6,0.4,0.8,0.28291684,49925,0.03702008128220053
0.1,0.5,0.3,0.9,0.28291786,49925,0.03547094343441724
0.1,0.3,0.3,0.7,0.28292486,49925,0.03563783175036263
0.2,0.6,0.3,0.5,0.28292942,49925,0.03750688450681841
0.7,0.6,0.5,0.5,0.28293085,49925,0.03774092827056874
0.8,0.6,0.4,0.5,0.2829321,49925,0.036807955425322565
0.2,0.9,0.5,0.9,0.282933,49925,0.037459499234159865
0.2,0.8,0.7,0.6,0.28293502,49925,0.03906642568624455
0.7,0.9,0.5,0.6,0.28293645,49925,0.037517361275267114
0.4,0.8,0.8,0.5,0.2829374,49925,0.039305319560527664
0.2,0.9,0.6,0.8,0.28294098,49925,0.03824121152281038
0.5,0.4,0.8,0.8,0.28294116,49925,0.03720290118445603
0.1,0.5,0.4,0.9,0.282942,49925,0.03626541673536397
0.6,0.6,0.9,0.5,0.28294513,49925,0.03887833905839999
0.1,0.6,0.4,0.6,0.2829467,49925,0.03794954931122438
0.3,0.2,0.4,0.9,0.28295127,49925,0.03431647705974916
0.1,0.5,0.3,0.5,0.2829522,49925,0.03769045169245773
0.1,0.6,0.4,0.9,0.2829607,49925,0.03656238622287675
0.5,0.9,0.3,0.3,0.28296536,49925,0.03688585697837173
0.4,0.6,0.9,0.9,0.28296787,49925,0.037780753500467966
0.8,0.5,0.8,0.4,0.28296798,49925,0.03850299221203277
0.9,0.8,0.7,0.6,0.2829726,49925,0.038086162612087256
0.7,0.8,0.9,0.5,0.2829727,49925,0.03904880122165212
0.9,0.7,0.5,0.6,0.2829728,49925,0.03706599098943759
0.5,0.5,0.8,0.5,0.28297594,49925,0.03866310799866263
0.8,0.8,0.9,0.5,0.28297806,49925,0.038906779655381245
0.9,0.4,0.7,0.4,0.28298217,49925,0.03781581865843381
0.4,0.8,0.3,0.4,0.2829829,49925,0.03706993151811729
0.5,0.4,0.8,0.9,0.282983,49925,0.03685538515795474
0.8,0.6,0.7,0.4,0.2829892,49925,0.03851009526757164
0.1,0.6,0.5,0.5,0.2829914,49925,0.03884254088472785
0.3,0.5,0.6,0.4,0.28299206,49925,0.039010345570630156
0.8,0.4,0.9,0.7,0.28299472,49925,0.03742897553640324
0.7,0.8,0.7,0.5,0.282995,49925,0.038665836702218015
0.9,0.6,0.6,0.5,0.28299952,49925,0.03774333323441998
0.4,0.6,0.7,0.4,0.2830001,49925,0.03923132140705237
0.4,0.4,0.3,0.3,0.28300095,49925,0.03787899381950825
0.8,0.8,0.6,0.6,0.28300095,49925,0.03787899381950825
0.9,0.4,0.6,0.4,0.2830017,49925,0.03758137898056702
0.1,0.5,0.5,0.6,0.28300405,49925,0.03805481157213849
0.8,0.4,0.2,0.1,0.28301287,49925,0.035321435864234495
0.1,0.6,0.5,0.7,0.2830146,49925,0.037893101950364536
0.9,0.6,0.4,0.5,0.28302094,49925,0.03655315964350028
0.1,0.6,0.5,0.9,0.28302187,49925,0.03705678611116828
0.4,0.3,0.6,0.5,0.28302318,49925,0.037674714338138036
0.5,0.2,0.5,0.5,0.28302652,49925,0.03658934143929411
0.1,0.1,0.1,0.5,0.2830277,49925,0.03196875568281207
0.1,0.5,0.5,0.7,0.28302893,49925,0.03756818268515952
0.1,0.7,0.6,0.9,0.28303275,49925,0.03763609515923835
0.1,0.3,0.2,0.8,0.28303352,49925,0.03389228944978746
0.2,0.9,0.8,0.7,0.28303394,49925,0.039039931838991716
0.4,0.9,0.5,0.7,0.283034,49925,0.03783844760189076
0.8,0.9,0.7,0.6,0.28303707,49925,0.038324339775098484
0.4,0.2,0.5,0.7,0.28304335,49925,0.03570810629573052
0.9,0.7,0.6,0.6,0.28304422,49925,0.037600700834485246
0.1,0.6,0.5,0.6,0.2830488,49925,0.038350220237017875
0.4,0.9,0.4,0.6,0.28305084,49925,0.03736950785508509
0.2,0.2,0.3,0.8,0.28305203,49925,0.034186151277111
0.2,0.9,0.7,0.6,0.2830544,49925,0.03915378707034218
0.2,0.3,0.3,0.9,0.28305662,49925,0.034542874538591145
0.2,0.8,0.8,0.7,0.28305942,49925,0.03888774169564785
0.2,0.9,0.6,0.7,0.28306323,49925,0.03857473492568558
0.4,0.8,0.9,0.6,0.2830642,49925,0.0391438179558538
0.4,0.7,0.8,0.5,0.2830666,49925,0.0391874066725195
0.7,0.2,0.5,0.9,0.2830669,49925,0.0347677061859124
0.6,0.8,0.6,0.5,0.28306916,49925,0.038550273112566286
0.1,0.3,0.2,0.9,0.2830721,49925,0.0332634624128297
0.8,0.3,0.2,0.2,0.28307307,49925,0.03494767036204528
0.2,0.8,0.5,0.6,0.28307322,49925,0.03849247560985784
0.6,0.6,0.8,0.4,0.2830739,49925,0.039052004715086665
0.3,0.3,0.4,0.2,0.2830739,49925,0.039052004715086665
0.4,0.5,0.8,0.8,0.28307408,49925,0.03764555440461982
0.7,0.9,0.6,0.6,0.28307638,49925,0.03810137818915499
0.7,0.5,0.9,0.5,0.28308076,49925,0.03851078243543473
0.5,0.9,0.8,0.5,0.28308788,49925,0.039273482586632276
0.4,0.5,0.2,0.2,0.2830907,49925,0.03683882418063852
0.2,0.9,0.9,0.9,0.28309426,49925,0.03858403610798639
0.6,0.4,0.6,0.3,0.2830952,49925,0.0385795712000213
0.3,0.7,0.4,0.5,0.2831,49925,0.038131093772727824
0.4,0.9,0.8,0.5,0.28310022,49925,0.039393878359770026
0.3,0.5,0.7,0.6,0.28310192,49925,0.03832419616825142
0.2,0.6,0.6,0.5,0.28310502,49925,0.03893956903746676
0.3,0.6,0.8,0.8,0.2831062,49925,0.03800961360989933
0.2,0.8,0.3,0.5,0.2831082,49925,0.03728434985092409
0.5,0.7,0.6,0.4,0.2831114,49925,0.03897415035848674
0.7,0.2,0.3,0.5,0.28311205,49925,0.03517934963478019
0.6,0.3,0.7,0.7,0.28311497,49925,0.03679476458250031
0.3,0.9,0.9,0.7,0.28311932,49925,0.03907969055467445
0.9,0.5,0.8,0.4,0.28312045,49925,0.03831179187351503
0.5,0.3,0.7,0.9,0.28312498,49925,0.03611393956427093
0.7,0.4,0.9,0.9,0.2831259,49925,0.03691880022626279
0.9,0.4,0.9,0.6,0.2831269,49925,0.03760300972109793
0.9,0.1,0.1,0.1,0.28312817,49925,0.03061733093550336
0.6,0.5,0.9,0.6,0.28312844,49925,0.03833759353697428
0.1,0.5,0.3,0.4,0.2831354,49925,0.0383088601870768
0.1,0.5,0.5,0.8,0.28313714,49925,0.0370967710346848
0.4,0.5,0.7,0.4,0.28313738,49925,0.039032271767943084
0.9,0.8,0.9,0.5,0.28314015,49925,0.03877011738638803
0.7,0.5,0.8,0.4,0.2831415,49925,0.0386892095747562
0.6,0.2,0.5,0.4,0.28314176,49925,0.03688960734672385
0.9,0.2,0.3,0.8,0.28314233,49925,0.03348325517214933
0.9,0.8,0.8,0.5,0.28314462,49925,0.03856737426042038
0.8,0.8,0.3,0.2,0.28314596,49925,0.0363626087378873
0.4,0.7,0.5,0.4,0.28314802,49925,0.038849177434982084
0.5,0.8,0.4,0.5,0.28314948,49925,0.03756988523225904
0.1,0.5,0.5,0.9,0.28315032,49925,0.03666145549774027
0.2,0.6,0.7,0.8,0.2831515,49925,0.03789855792758659
0.1,0.8,0.6,0.9,0.28315338,49925,0.03784802871408793
0.2,0.7,0.7,0.6,0.2831534,49925,0.038908781421562844
0.6,0.7,0.3,0.3,0.28315458,49925,0.036918870577938384
0.4,0.9,0.7,0.5,0.2831551,49925,0.039218023869223434
0.1,0.8,0.3,0.6,0.28315875,49925,0.03710923213371256
0.4,0.5,0.6,0.3,0.2831639,49925,0.03927931145516169
0.4,0.2,0.5,0.8,0.28316486,49925,0.03524687070191569
0.1,0.5,0.5,0.5,0.2831702,49925,0.03859740864009561
0.2,0.8,0.6,0.5,0.28317285,49925,0.03918668912206494
0.3,0.8,0.4,0.6,0.28317767,49925,0.037691155908187765
0.4,0.4,0.7,0.6,0.28318048,49925,0.0378754062366457
0.7,0.2,0.4,0.9,0.28318048,49925,0.034305257341546144
0.6,0.7,0.5,0.5,0.28318155,49925,0.03804565790395495
0.2,0.9,0.5,0.8,0.2831835,49925,0.03781050295836355
0.7,0.4,0.9,0.8,0.28318605,49925,0.037217110614637484
0.9,0.9,0.7,0.6,0.2831866,49925,0.03816030709211889
0.4,0.7,0.7,0.4,0.28318736,49925,0.03937086004198522
0.2,0.9,0.9,0.8,0.28318778,49925,0.038876796213412064
0.3,0.9,0.5,0.7,0.2831965,49925,0.03800487820279077
0.6,0.9,0.9,0.5,0.28319758,49925,0.03929926672418498
0.2,0.8,0.4,0.7,0.2831999,49925,0.03750037373403228
0.3,0.6,0.7,0.5,0.28320357,49925,0.03899184452368462
0.1,0.6,0.4,0.5,0.28320384,49925,0.038468401546072575
0.7,0.3,0.7,0.5,0.2832077,49925,0.03741754455722204
0.2,0.6,0.4,0.4,0.28320777,49925,0.038769537204166156
0.1,0.3,0.2,0.2,0.28320777,49925,0.038769537204166156
0.3,0.9,0.6,0.6,0.28320777,49925,0.038769537204166156
0.3,0.7,0.5,0.4,0.2832098,49925,0.039061522642733035
0.2,0.6,0.7,0.7,0.28321064,49925,0.03830086086483207
0.1,0.7,0.6,0.7,0.28322348,49925,0.03840888903768334
0.8,0.8,0.8,0.5,0.28322458,49925,0.03871943563763097
0.4,0.2,0.5,0.6,0.28322655,49925,0.036196597888636516
0.6,0.4,0.4,0.3,0.28322786,49925,0.03786959872457481
0.6,0.2,0.3,0.3,0.28322846,49925,0.036462839833225826
0.4,0.7,0.2,0.1,0.28323472,49925,0.03667184790342352
0.1,0.6,0.6,0.7,0.28323656,49925,0.038152962067908705
0.8,0.2,0.3,0.7,0.2832401,49925,0.03407563802198935
0.1,0.4,0.3,0.8,0.28324282,49925,0.03565975170488517
0.5,0.9,0.5,0.6,0.28324437,49925,0.03795419236026611
0.1,0.7,0.5,0.7,0.2832456,49925,0.03810171532736132
0.1,0.7,0.6,0.8,0.28324965,49925,0.038018955931163306
0.2,0.5,0.2,0.3,0.28325364,49925,0.037264553748861805
0.1,0.8,0.7,0.8,0.28325498,49925,0.038446721142901846
0.5,0.4,0.6,0.3,0.2832608,49925,0.03882349534742088
0.6,0.2,0.2,0.3,0.28326094,49925,0.035226499301700395
0.5,0.4,0.2,0.2,0.28326473,49925,0.03649622698458046
0.5,0.9,0.7,0.5,0.28326663,49925,0.03908135110582552
0.1,0.8,0.6,0.8,0.28327054,49925,0.03820360732318963
0.6,0.9,0.4,0.5,0.2832713,49925,0.03721050464651764
0.7,0.2,0.5,0.4,0.28327143,49925,0.03667585922538612
0.7,0.9,0.9,0.5,0.28327256,49925,0.03916589390437937
0.7,0.6,0.8,0.4,0.28327298,49925,0.03888041426471369
0.4,0.6,0.8,0.5,0.28327593,49925,0.03900913789390331
0.4,0.3,0.4,0.2,0.2832765,49925,0.03871177622540353
0.8,0.6,0.8,0.4,0.2832765,49925,0.03871177622540353
0.4,0.5,0.4,0.3,0.28327993,49925,0.03866350707774174
0.6,0.7,0.8,0.4,0.28328538,49925,0.03919861742967536
0.5,0.5,0.9,0.9,0.2832865,49925,0.037423415340409355
0.1,0.8,0.5,0.9,0.2832868,49925,0.03748042719122519
0.8,0.2,0.4,0.6,0.28328866,49925,0.03527997379567049
0.4,0.1,0.2,0.3,0.28328866,49925,0.03527997379567049
0.4,0.7,0.3,0.4,0.2832948,49925,0.03722993528144021
0.4,0.6,0.9,0.8,0.28329638,49925,0.03809291247386831
0.1,0.9,0.7,0.8,0.28329775,49925,0.03861648328624426
0.2,0.7,0.8,0.9,0.28329813,49925,0.03800667978836866
0.1,0.7,0.6,0.6,0.28330058,49925,0.038817630117943945
0.9,0.5,0.7,0.4,0.2833049,49925,0.03811745049967456
0.1,0.8,0.5,0.8,0.2833216,49925,0.03784497423821418
0.9,0.3,0.6,0.4,0.2833271,49925,0.037170904062286104
0.2,0.7,0.3,0.5,0.2833333,49925,0.03741461931594342
0.3,0.6,0.3,0.4,0.2833355,49925,0.03770591933643873
0.7,0.3,0.5,0.3,0.2833429,49925,0.037672402786430206
0.5,0.4,0.8,0.7,0.28334367,49925,0.037575446222827706
0.9,0.3,0.8,0.7,0.2833437,49925,0.03667738788614163
0.9,0.7,0.3,0.2,0.283346,49925,0.03615954748966214
0.1,0.8,0.7,0.7,0.2833508,49925,0.038810730351189114
0.8,0.2,0.5,0.6,0.28335595,49925,0.03573373410238455
0.5,0.2,0.5,0.4,0.2833564,49925,0.03708585369379469
0.1,0.8,0.6,0.7,0.28336123,49925,0.03859857795784894
0.6,0.7,0.7,0.4,0.28337058,49925,0.03902297355530794
0.1,0.7,0.5,0.6,0.28337082,49925,0.03854999422457786
0.1,0.9,0.8,0.9,0.28337234,49925,0.038475371376048124
0.4,0.5,0.8,0.7,0.28337392,49925,0.03800742633568496
0.6,0.3,0.7,0.6,0.28337523,49925,0.03717882886560278
0.4,0.7,0.9,0.6,0.28337646,49925,0.038993880756616105
0.6,0.8,0.5,0.5,0.2833799,49925,0.038065721579226657
0.1,0.8,0.7,0.9,0.2833814,49925,0.03809504714373421
0.8,0.9,0.3,0.1,0.2833829,49925,0.03644130062198089
0.7,0.8,0.6,0.5,0.28338328,49925,0.03834605733915978
0.1,0.6,0.6,0.8,0.28338546,49925,0.0377330551021115
0.5,0.5,0.6,0.3,0.2833908,49925,0.03903123099129243
0.6,0.5,0.8,0.4,0.28339186,49925,0.03886239501573717
0.8,0.6,0.6,0.4,0.28339198,49925,0.03822046131701507
0.4,0.3,0.3,0.2,0.28339198,49925,0.03822046131701507
0.8,0.9,0.4,0.4,0.2833921,49925,0.03696191766419198
0.5,0.7,0.8,0.4,0.2834022,49925,0.03938448081402248
0.6,0.9,0.8,0.5,0.2834103,49925,0.039129970599747356
0.5,0.7,0.9,0.5,0.28341582,49925,0.03918764769162549
0.8,0.2,0.4,0.5,0.28341663,49925,0.035667264064646875
0.3,0.6,0.8,0.7,0.2834205,49925,0.03837719700513463
0.4,0.2,0.4,0.2,0.28342125,49925,0.03820743394922453
0.6,0.3,0.6,0.3,0.28342125,49925,0.038207433949224524
0.8,0.4,0.8,0.4,0.28342125,49925,0.03820743394922453
0.2,0.1,0.2,0.1,0.28342125,49925,0.03820743394922453
0.7,0.5,0.6,0.3,0.28342313,49925,0.038606206979637646
0.8,0.7,0.6,0.5,0.2834261,49925,0.038085693291648605
0.5,0.4,0.7,0.4,0.28342685,49925,0.03858632259890456
0.6,0.9,0.7,0.5,0.2834346,49925,0.03890490340355272
0.5,0.5,0.5,0.3,0.28343463,49925,0.038779336169456814
0.5,0.9,0.9,0.5,0.2834359,49925,0.03942510722337156
0.9,0.6,0.7,0.4,0.28343657,49925,0.038323210824794535
0.5,0.8,0.9,0.5,0.28343785,49925,0.039323286765755666
0.1,0.9,0.6,0.8,0.28344306,49925,0.03833511895802786
0.7,0.4,0.6,0.3,0.2834433,49925,0.03833943998761892
0.8,0.2,0.3,0.6,0.28344494,49925,0.0344692184384449
0.8,0.3,0.4,0.4,0.28344673,49925,0.03662513032825349
0.1,0.8,0.4,0.9,0.28345057,49925,0.03685069906945812
0.1,0.6,0.4,0.4,0.283453,49925,0.03898109612060904
0.5,0.6,0.4,0.4,0.28345674,49925,0.03800339260714605
0.3,0.9,0.8,0.5,0.283457,49925,0.03951211731583285
0.4,0.8,0.5,0.5,0.28345767,49925,0.0385305736384231
0.2,0.7,0.8,0.8,0.28346044,49925,0.03835295745987769
0.3,0.7,0.8,0.6,0.2834608,49925,0.03896035687619051
0.7,0.6,0.3,0.3,0.28346282,49925,0.03668012440646406
0.2,0.7,0.4,0.5,0.28346497,49925,0.03835502520562341
0.2,0.7,0.6,0.4,0.28346506,49925,0.03947957839105166
0.9,0.4,0.8,0.4,0.28346738,49925,0.03801581032938495
0.1,0.9,0.7,0.9,0.28346774,49925,0.038269303105969675
0.8,0.5,0.5,0.4,0.28346807,49925,0.03767702254480189
0.8,0.2,0.5,0.5,0.28346896,49925,0.03610495889588645
0.4,0.4,0.6,0.3,0.2834761,49925,0.03905532168255668
0.1,0.6,0.3,0.6,0.28347746,49925,0.03719563677977776
0.1,0.9,0.7,0.7,0.2834798,49925,0.03894787307961204
0.8,0.2,0.5,0.8,0.28348196,49925,0.035024190859722
0.1,0.6,0.6,0.6,0.2834823,49925,0.03861487995718554
0.3,0.6,0.5,0.3,0.2834828,49925,0.03939246185520823
0.1,0.9,0.4,0.9,0.28348324,49925,0.03685858506977643
0.8,0.2,0.4,0.7,0.28348732,49925,0.03491967676725116
0.1,0.6,0.6,0.9,0.28349024,49925,0.03731980354898611
0.1,0.9,0.6,0.9,0.2834921,49925,0.03798621184451679
0.7,0.7,0.8,0.4,0.28349653,49925,0.039042309303144174
0.8,0.8,0.5,0.5,0.28349712,49925,0.03760483190020045
0.7,0.9,0.8,0.5,0.28350312,49925,0.03898098913519808
0.5,0.8,0.5,0.5,0.28350428,49925,0.038293830002969154
0.1,0.7,0.5,0.5,0.28350487,49925,0.03897394525513844
0.6,0.5,0.5,0.3,0.2835058,49925,0.03852325776525204
0.8,0.8,0.7,0.5,0.28350607,49925,0.03848968610753832
0.9,0.8,0.4,0.4,0.28350776,49925,0.03677460836091035
0.2,0.5,0.6,0.5,0.28351003,49925,0.038688752143106415
0.1,0.9,0.6,0.7,0.28351128,49925,0.03869419467570985
0.9,0.3,0.5,0.4,0.28351188,49925,0.03685337206253441
0.3,0.7,0.9,0.9,0.2835173,49925,0.03809417851879544
0.8,0.6,0.5,0.5,0.2835253,49925,0.037520271338406894
0.5,0.5,0.4,0.3,0.28352618,49925,0.0383698677275596
0.2,0.9,0.6,0.6,0.28352714,49925,0.03891554348317253
0.4,0.9,0.5,0.6,0.28352916,49925,0.03817065796977482
0.3,0.3,0.2,0.2,0.2835333,49925,0.03772787447253543
0.9,0.9,0.6,0.6,0.2835333,49925,0.03772787447253543
0.7,0.8,0.5,0.5,0.2835333,49925,0.03783385021744719
0.6,0.6,0.4,0.4,0.2835333,49925,0.03772787447253543
0.9,0.5,0.9,0.4,0.2835346,49925,0.03850399133897034
0.9,0.5,0.6,0.4,0.28353667,49925,0.03784965304157041
0.1,0.8,0.6,0.6,0.28354263,49925,0.038956823807033976
0.4,0.2,0.2,0.2,0.28354362,49925,0.03692217962704931
0.8,0.4,0.4,0.4,0.28354362,49925,0.03692217962704931
0.6,0.3,0.3,0.3,0.28354362,49925,0.03692217962704931
0.2,0.1,0.1,0.1,0.28354362,49925,0.03692217962704931
0.2,0.9,0.5,0.7,0.28354967,49925,0.03817634216304126
0.6,0.4,0.8,0.5,0.28354985,49925,0.0382050544471977
0.7,0.4,0.9,0.7,0.28355455,49925,0.037539815006908644
0.5,0.3,0.7,0.8,0.28355485,49925,0.03649114050832663
0.1,0.7,0.4,0.8,0.28355536,49925,0.037171806725411614
0.3,0.9,0.7,0.5,0.28355813,49925,0.03936130242548728
0.1,0.7,0.4,0.9,0.28356624,49925,0.03674581946655592
0.2,0.9,0.4,0.7,0.28356746,49925,0.03746542881216527
0.5,0.7,0.5,0.4,0.28356984,49925,0.03863285755944379
0.6,0.5,0.6,0.3,0.2835723,49925,0.038827964100504396
0.6,0.7,0.6,0.4,0.28357857,49925,0.038771066189002466
0.9,0.3,0.4,0.5,0.2835806,49925,0.03598466416467763
0.6,0.9,0.3,0.2,0.28358066,49925,0.03686947520217456
0.7,0.3,0.6,0.3,0.28358066,49925,0.03795553901948737
0.8,0.9,0.6,0.6,0.28358263,49925,0.0379123139603637
0.3,0.8,0.9,0.7,0.28358394,49925,0.03893925910214134
0.1,0.4,0.4,0.9,0.28359482,49925,0.03575653887978298
0.1,0.7,0.4,0.7,0.28359556,49925,0.03761504726993088
0.1,0.9,0.8,0.8,0.28360447,49925,0.038798072740189246
0.7,0.2,0.2,0.3,0.2836058,49925,0.0347341545744976
0.1,0.7,0.7,0.9,0.28360718,49925,0.03786058853760506
0.7,0.7,0.5,0.5,0.28361303,49925,0.03781884053140417
0.9,0.6,0.8,0.4,0.2836144,49925,0.03852838233531983
0.1,0.8,0.5,0.7,0.28361446,49925,0.03824155277339442
0.8,0.2,0.5,0.9,0.28361842,49925,0.03468829275620265
0.3,0.8,0.5,0.5,0.2836278,49925,0.03872251293297107
0.8,0.7,0.5,0.5,0.28363296,49925,0.03759321828338005
0.3,0.9,0.3,0.4,0.28363645,49925,0.03721730965553389
0.4,0.8,0.9,0.5,0.28363726,49925,0.03944815157561068
0.8,0.3,0.8,0.9,0.28363878,49925,0.036182990600307434
0.8,0.2,0.4,0.4,0.28364152,49925,0.03605892293705781
0.4,0.1,0.2,0.2,0.28364152,49925,0.03605892293705781
0.2,0.8,0.9,0.9,0.2836424,49925,0.038388733154083025
0.7,0.7,0.7,0.4,0.28364655,49925,0.038836860444654064
0.5,0.3,0.4,0.2,0.28364736,49925,0.038360688957044274
0.8,0.7,0.8,0.4,0.28364915,49925,0.03887844142913282
0.1,0.7,0.7,0.8,0.28364974,49925,0.038224544450722465
0.8,0.4,0.9,0.6,0.28365585,49925,0.037741333851880464
0.1,0.7,0.3,0.6,0.28365684,49925,0.03717168896737454
0.5,0.5,0.3,0.3,0.2836585,49925,0.03752365783210878
0.2,0.5,0.5,0.3,0.2836609,49925,0.03947069549939681
0.7,0.3,0.4,0.3,0.28366125,49925,0.03728937523385698
0.6,0.5,0.4,0.4,0.2836632,49925,0.037660552184162636
0.7,0.3,0.2,0.2,0.28366354,49925,0.035472559783028844
0.1,0.8,0.8,0.9,0.28366694,49925,0.038281284561639047
0.3,0.7,0.7,0.4,0.28367332,49925,0.03951211696224149
0.4,0.5,0.3,0.3,0.28367445,49925,0.03790439989830275
0.3,0.4,0.6,0.4,0.2836753,49925,0.038738160932504116
0.6,0.5,0.2,0.1,0.28367707,49925,0.0362275140157234
0.2,0.1,0.2,0.6,0.28367746,49925,0.033160255362385004
0.9,0.9,0.9,0.5,0.2836781,49925,0.03887241137995786
0.8,0.3,0.7,0.4,0.2836804,49925,0.03760062618556687
0.9,0.4,0.9,0.5,0.2836873,49925,0.037902172043589505
0.8,0.2,0.2,0.3,0.28368914,49925,0.03425242195816201
0.1,0.9,0.6,0.6,0.2836893,49925,0.03905183555852935
0.3,0.7,0.9,0.8,0.2836943,49925,0.0384142079760235
0.8,0.2,0.5,0.7,0.2836945,49925,0.03538356361146796
0.7,0.3,0.7,0.4,0.28370154,49925,0.03781201127542019
0.9,0.3,0.8,0.6,0.2837029,49925,0.03699290058719127
0.1,0.6,0.5,0.4,0.28370792,49925,0.039317912024739055
0.2,0.8,0.4,0.6,0.28370938,49925,0.03792029979235252
0.1,0.4,0.2,0.3,0.28370938,49925,0.03792029979235252
0.1,0.7,0.6,0.5,0.28370982,49925,0.039231860456335914
0.1,0.4,0.3,0.9,0.28371015,49925,0.03509969972915883
0.3,0.8,0.8,0.5,0.2837104,49925,0.039435011966443785
0.9,0.8,0.6,0.6,0.28371122,49925,0.03769751196078656
0.6,0.7,0.4,0.4,0.28371403,49925,0.037691988630043936
0.8,0.9,0.5,0.5,0.2837143,49925,0.03758324510934742
0.4,0.8,0.4,0.5,0.28371456,49925,0.03782728356439955
0.8,0.3,0.3,0.4,0.28371957,49925,0.03574465408463644
0.9,0.6,0.5,0.5,0.28372017,49925,0.03728454102435434
0.8,0.3,0.8,0.8,0.28372064,49925,0.03647678181013192
0.9,0.4,0.5,0.4,0.28372186,49925,0.037234381657330645
0.9,0.7,0.8,0.4,0.28372455,49925,0.038719062897372855
0.8,0.7,0.7,0.4,0.28372806,49925,0.038655469038774884
0.5,0.9,0.4,0.5,0.28372926,49925,0.03746641628871486
0.3,0.8,0.2,0.1,0.2837293,49925,0.03679458717554072
0.7,0.9,0.7,0.5,0.2837345,49925,0.03874276499872104
0.7,0.4,0.7,0.3,0.28373474,49925,0.03857627230896671
0.1,0.9,0.2,0.2,0.28373778,49925,0.0368983323891071
0.7,0.7,0.9,0.4,0.28373998,49925,0.03919334492217456
0.7,0.6,0.9,0.4,0.28374013,49925,0.03904914015296301
0.8,0.9,0.9,0.5,0.2837426,49925,0.03901261950550122
0.2,0.9,0.8,0.6,0.28374365,49925,0.03934152082339907
0.5,0.5,0.9,0.8,0.28374556,49925,0.037752256388451866
0.3,0.9,0.4,0.6,0.28374612,49925,0.03762067101980251
0.5,0.6,0.8,0.4,0.2837494,49925,0.03922897104107617
0.1,0.8,0.5,0.6,0.28375056,49925,0.038645540227358846
0.6,0.8,0.8,0.4,0.28375217,49925,0.03932598901618015
0.3,0.4,0.4,0.2,0.28375217,49925,0.03932598901618015
0.7,0.4,0.5,0.3,0.28375405,49925,0.038048975737325165
0.5,0.8,0.7,0.4,0.28375787,49925,0.03929169165556374
0.8,0.7,0.4,0.4,0.28376117,49925,0.03713415868943806
0.7,0.4,0.8,0.4,0.2837612,49925,0.03840523890807813
0.4,0.6,0.6,0.3,0.2837641,49925,0.039427698172748285
0.6,0.7,0.5,0.4,0.28376523,49925,0.03837655406382233
0.4,0.1,0.2,0.4,0.28376755,49925,0.03456129475421982
0.8,0.2,0.4,0.8,0.28376755,49925,0.03456129475421982
0.1,0.7,0.7,0.7,0.28377038,49925,0.03862026801250642
0.7,0.2,0.6,0.6,0.28377572,49925,0.0361711909030819
0.4,0.8,0.7,0.4,0.28377768,49925,0.03945078586174322
0.1,0.7,0.2,0.3,0.28378105,49925,0.03716252502108246
0.2,0.5,0.3,0.3,0.28378177,49925,0.03866911172044238
0.4,0.6,0.5,0.3,0.28378254,49925,0.039157581961147894
0.1,0.8,0.7,0.6,0.28378278,49925,0.03917088920362145
0.3,0.6,0.2,0.2,0.2837828,49925,0.037064388600114156
0.9,0.8,0.5,0.5,0.28378558,49925,0.03738766119755554
0.4,0.4,0.7,0.5,0.28378582,49925,0.038315202792472955
0.4,0.2,0.5,0.5,0.28379065,49925,0.03672622863787672
0.4,0.9,0.9,0.5,0.2837978,49925,0.0395411732732494
0.1,0.8,0.6,0.5,0.283799,49925,0.03934650437671378
0.7,0.7,0.6,0.4,0.28380135,49925,0.03857328578566466
0.2,0.2,0.1,0.1,0.28380263,49925,0.03706868074888836
0.8,0.8,0.4,0.4,0.28380263,49925,0.03706868074888836
0.4,0.4,0.2,0.2,0.28380263,49925,0.03706868074888836
0.6,0.6,0.3,0.3,0.28380263,49925,0.037068680748888354
0.5,0.3,0.7,0.7,0.28380293,49925,0.03690347216637421
0.3,0.8,0.7,0.4,0.28380415,49925,0.0396104686357885
0.8,0.9,0.8,0.5,0.28380737,49925,0.038828805611290845
0.8,0.5,0.3,0.3,0.28380963,49925,0.0363865197559773
0.8,0.2,0.5,0.4,0.28381127,49925,0.036459253641679346
0.8,0.9,0.7,0.5,0.28381932,49925,0.03857366235700393
0.4,0.9,0.6,0.5,0.28382152,49925,0.03895754064459745
0.8,0.8,0.6,0.5,0.28382173,49925,0.03815299109729415
0.7,0.2,0.3,0.4,0.28382215,49925,0.03564012421277506
0.9,0.6,0.6,0.4,0.28383347,49925,0.038012141630224254
0.6,0.3,0.7,0.5,0.28383446,49925,0.03758101723521873
0.2,0.8,0.7,0.5,0.28384525,49925,0.039400436013980196
0.3,0.7,0.8,0.5,0.2838454,49925,0.03931445505942967
0.7,0.6,0.4,0.4,0.28384554,49925,0.03743791521561736
0.1,0.9,0.8,0.7,0.2838478,49925,0.039114144102535005
0.9,0.6,0.9,0.4,0.28384864,49925,0.038705297492030125
0.8,0.6,0.9,0.4,0.2838509,49925,0.03888545681896925
0.9,0.5,0.3,0.3,0.28385156,49925,0.03601854535673624
0.2,0.6,0.7,0.6,0.28385288,49925,0.03870988826936447
0.1,0.5,0.5,0.4,0.2838545,49925,0.03912824605880626
0.9,0.2,0.2,0.3,0.2838553,49925,0.03377368153934949
0.6,0.4,0.9,0.9,0.28385803,49925,0.03698580526554693
0.5,0.2,0.3,0.2,0.2838601,49925,0.03738654193899053
0.2,0.4,0.3,0.2,0.2838609,49925,0.0392453895392688
0.4,0.8,0.6,0.4,0.2838609,49925,0.0392453895392688
0.5,0.6,0.9,0.5,0.2838611,49925,0.03902606477014299
0.2,0.8,0.9,0.8,0.28386214,49925,0.038711921036309466
0.8,0.5,0.9,0.4,0.2838664,49925,0.038675032307777
0.9,0.8,0.7,0.5,0.28387308,49925,0.03832172504403599
0.8,0.1,0.1,0.1,0.28387472,49925,0.03125772692536038
0.2,0.7,0.5,0.4,0.28388017,49925,0.03925440650847755
0.2,0.6,0.6,0.4,0.28388262,49925,0.03936796736960631
0.1,0.3,0.3,0.2,0.28388262,49925,0.03936796736960631
0.3,0.9,0.9,0.6,0.28388262,49925,0.03936796736960631
0.6,0.2,0.5,0.3,0.28389043,49925,0.03735214307545259
0.4,0.2,0.5,0.9,0.28389063,49925,0.03480168811722953
0.9,0.3,0.7,0.4,0.28389668,49925,0.03740725103673366
0.7,0.8,0.4,0.4,0.2838975,49925,0.037353034547283205
0.9,0.7,0.9,0.4,0.28389773,49925,0.03888739126138826
0.9,0.5,0.4,0.4,0.28390706,49925,0.03681044571515248
0.9,0.7,0.4,0.4,0.28391248,49925,0.036850374261403154
0.3,0.3,0.5,0.3,0.28391418,49925,0.03871169934749454
0.3,0.9,0.5,0.6,0.28391436,49925,0.03836418199692371
0.9,0.9,0.5,0.5,0.2839144,49925,0.0373429504863508
0.2,0.7,0.8,0.7,0.28391492,49925,0.038717926169276155
0.5,0.3,0.7,0.6,0.2839209,49925,0.037310923489433184
0.9,0.7,0.6,0.5,0.2839258,49925,0.03788137731081243
0.7,0.2,0.4,0.3,0.283927,49925,0.03671320192123145
0.6,0.4,0.9,0.8,0.28392753,49925,0.037302353854644435
0.1,0.3,0.4,0.7,0.2839288,49925,0.036089349477056665
0.2,0.8,0.8,0.6,0.28393024,49925,0.03923335745477239
0.1,0.4,0.4,0.3,0.28393024,49925,0.03923335745477239
0.1,0.5,0.4,0.3,0.28393346,49925,0.0394004777266801
0.1,0.7,0.4,0.6,0.2839401,49925,0.038081878464831756
0.6,0.2,0.6,0.9,0.28394026,49925,0.035125938433006834
0.8,0.5,0.4,0.4,0.28394026,49925,0.0370752898569842
0.3,0.5,0.7,0.5,0.28394097,49925,0.03874339901402405
0.9,0.8,0.3,0.1,0.28394666,49925,0.03629557057599889
0.7,0.6,0.5,0.4,0.283948,49925,0.03808030026566255
0.1,0.8,0.8,0.8,0.2839499,49925,0.0386170726109112
0.5,0.5,0.9,0.7,0.28395003,49925,0.03808153278768877
0.8,0.3,0.8,0.7,0.28395015,49925,0.03679143796161819
0.7,0.7,0.4,0.4,0.28395563,49925,0.037411993637144904
0.3,0.5,0.3,0.3,0.28396446,49925,0.038304765732247135
0.3,0.6,0.7,0.4,0.28396517,49925,0.03938907495489459
0.5,0.8,0.8,0.4,0.28396642,49925,0.039484928511823246
0.7,0.8,0.9,0.4,0.28397164,49925,0.039319480827031204
0.4,0.5,0.8,0.6,0.28397208,49925,0.038388073740294654
0.1,0.2,0.2,0.6,0.28397217,49925,0.03451466765423433
0.7,0.2,0.6,0.8,0.28397298,49925,0.03543841027610419
0.1,0.3,0.4,0.6,0.28397486,49925,0.03668887764543414
0.2,0.9,0.5,0.6,0.28397846,49925,0.03853067744737782
0.7,0.3,0.8,0.8,0.28397927,49925,0.03656684742225557
0.6,0.5,0.7,0.3,0.2839812,49925,0.03903528212357706
0.8,0.4,0.7,0.3,0.2839821,49925,0.03833831006091191
0.6,0.4,0.7,0.3,0.28398752,49925,0.038801019463453934
0.5,0.3,0.6,0.3,0.28398767,49925,0.03846398317423311
0.6,0.9,0.6,0.5,0.28398773,49925,0.03859155717687507
0.4,0.3,0.2,0.2,0.28398818,49925,0.0371530389296956
0.8,0.6,0.4,0.4,0.28398818,49925,0.0371530389296956
0.9,0.5,0.5,0.4,0.2839901,49925,0.037460860318725545
0.5,0.9,0.6,0.5,0.28399196,49925,0.03878431103458507
0.4,0.6,0.9,0.7,0.28399676,49925,0.03843648360607571
0.6,0.7,0.9,0.4,0.28399736,49925,0.039370795952690635
0.2,0.8,0.5,0.5,0.28399777,49925,0.03889187822949366
0.1,0.9,0.7,0.6,0.28399894,49925,0.039271074987186814
0.5,0.6,0.3,0.3,0.28399903,49925,0.037458714764787314
0.7,0.5,0.4,0.4,0.28400657,49925,0.03737276666687963
0.2,0.2,0.3,0.9,0.28400758,49925,0.03361767514691114
0.5,0.6,0.6,0.3,0.28401405,49925,0.03921359730444297
0.2,0.6,0.3,0.4,0.28401968,49925,0.03804147074658437
0.2,0.4,0.6,0.9,0.28401968,49925,0.03643724770776517
0.8,0.2,0.3,0.5,0.28401986,49925,0.03488146244373206
0.3,0.9,0.6,0.5,0.28402066,49925,0.03913334211487051
0.1,0.8,0.4,0.8,0.28402072,49925,0.037243235335800894
0.3,0.6,0.8,0.6,0.28402096,49925,0.03874059074804521
0.3,0.7,0.3,0.4,0.28402483,49925,0.03757947368129888
0.7,0.2,0.6,0.7,0.284027,49925,0.03579304622322953
0.8,0.7,0.9,0.4,0.28403154,49925,0.039033174188301406
0.8,0.5,0.6,0.3,0.2840385,49925,0.03837634490752426
0.7,0.9,0.5,0.5,0.28404403,49925,0.03781554914918933
0.9,0.2,0.3,0.7,0.28405133,49925,0.0338384113107471
0.5,0.5,0.8,0.4,0.2840528,49925,0.039036745524752066
0.8,0.5,0.7,0.3,0.28405303,49925,0.0386030639872963
0.7,0.8,0.7,0.4,0.28405833,49925,0.03895208680115075
0.2,0.9,0.9,0.7,0.2840632,49925,0.039177422932948826
0.3,0.8,0.4,0.5,0.28406322,49925,0.03810082788632371
0.7,0.3,0.8,0.9,0.28406578,49925,0.03624222877413427
0.6,0.5,0.3,0.3,0.28406757,49925,0.03714432195155954
0.3,0.8,0.6,0.4,0.28406787,49925,0.03942910837093898
0.5,0.5,0.7,0.3,0.2840853,49925,0.03926974030490073
0.1,0.9,0.9,0.9,0.28408715,49925,0.03862334885525155
0.5,0.4,0.8,0.6,0.28408855,49925,0.03795359134158034
0.5,0.2,0.5,0.3,0.28409162,49925,0.037617875405968094
0.1,0.9,0.5,0.9,0.28409487,49925,0.03755822562862451
0.2,0.4,0.6,0.8,0.28409743,49925,0.0368906828016453
0.1,0.2,0.3,0.4,0.28409743,49925,0.0368906828016453
0.1,0.7,0.4,0.5,0.28409865,49925,0.03856967569490169
0.1,0.2,0.3,0.5,0.28409868,49925,0.03603626936583286
0.6,0.8,0.7,0.4,0.28409886,49925,0.0391196858933413
0.5,0.2,0.4,0.2,0.28410086,49925,0.037838012508075655
0.7,0.8,0.8,0.4,0.28410336,49925,0.03915349672069981
0.8,0.9,0.6,0.5,0.28410482,49925,0.038178535226794125
0.3,0.1,0.3,0.4,0.28410965,49925,0.03549793609059865
0.6,0.2,0.6,0.8,0.28410965,49925,0.03549793609059865
0.7,0.5,0.7,0.3,0.28411102,49925,0.03882341509941487
0.2,0.6,0.5,0.3,0.28411204,49925,0.03961232549881946
0.1,0.9,0.4,0.8,0.28411525,49925,0.03724368294700512
0.2,0.7,0.7,0.5,0.2841161,49925,0.03929012955199471
0.1,0.2,0.2,0.1,0.28411716,49925,0.03962733384366257
0.2,0.4,0.4,0.2,0.28411716,49925,0.03962733384366257
0.3,0.6,0.6,0.3,0.28411716,49925,0.039627333843662564
0.4,0.8,0.8,0.4,0.28411716,49925,0.03962733384366257
0.7,0.5,0.5,0.3,0.28411826,49925,0.038250821529397884
0.1,0.6,0.3,0.5,0.2841222,49925,0.037755057977195736
0.7,0.5,0.3,0.3,0.28412557,49925,0.0367688005634894
0.1,0.6,0.6,0.5,0.28412732,49925,0.03905214742412862
0.7,0.4,0.9,0.6,0.28412923,49925,0.03785779777959085
0.4,0.3,0.6,0.4,0.28413886,49925,0.0381906585253469
0.3,0.8,0.3,0.4,0.28414512,49925,0.037384260361233726
0.3,0.4,0.3,0.2,0.28415263,49925,0.038842742788212974
0.6,0.8,0.6,0.4,0.28415263,49925,0.038842742788212974
0.9,0.9,0.8,0.5,0.2841531,49925,0.03868044633483196
0.9,0.7,0.7,0.4,0.284156,49925,0.0384641265272108
0.4,0.7,0.8,0.4,0.28415704,49925,0.039525290322365896
0.6,0.6,0.7,0.3,0.2841633,49925,0.039206224189622524
0.9,0.7,0.5,0.5,0.28416505,49925,0.03736441615110648
0.5,0.3,0.5,0.2,0.28416967,49925,0.03869879227095623
0.7,0.9,0.6,0.5,0.2841715,49925,0.03837183804434925
0.6,0.6,0.9,0.4,0.28417188,49925,0.039225029559793956
0.5,0.8,0.6,0.4,0.28417224,49925,0.03905317994058107
0.3,0.5,0.6,0.3,0.28418314,49925,0.03948192900501234
0.1,0.7,0.7,0.6,0.28418797,49925,0.03901292492162047
0.7,0.8,0.3,0.2,0.28418806,49925,0.03672278620301267
0.5,0.8,0.3,0.3,0.28419235,49925,0.037110006166763874
0.1,0.4,0.5,0.8,0.28419432,49925,0.03658084984505991
0.8,0.4,0.9,0.5,0.28419465,49925,0.0380550040794932
0.3,0.8,0.9,0.6,0.2841987,49925,0.03923882857031665
0.6,0.3,0.2,0.2,0.28419957,49925,0.036023658980994334
0.1,0.3,0.3,0.8,0.28420135,49925,0.03501167371475128
0.7,0.9,0.4,0.4,0.28420463,49925,0.03723938397846894
0.8,0.3,0.8,0.6,0.28420627,49925,0.03711586605257921
0.8,0.7,0.3,0.2,0.28420913,49925,0.03651480139416801
0.2,0.4,0.5,0.3,0.2842105,49925,0.039272302942697374
0.9,0.9,0.7,0.5,0.2842136,49925,0.03839549586574487
0.2,0.9,0.7,0.5,0.28421944,49925,0.03948454265106066
0.1,0.9,0.5,0.8,0.284224,49925,0.03793009157329175
0.6,0.5,0.9,0.5,0.2842251,49925,0.03866788215078279
0.5,0.4,0.3,0.3,0.28422633,49925,0.037505607087019735
0.7,0.5,0.9,0.4,0.2842301,49925,0.038845874002396676
0.1,0.4,0.5,0.9,0.28423816,49925,0.03611449545870376
0.8,0.4,0.6,0.3,0.28423893,49925,0.03811512227855964
0.8,0.3,0.5,0.3,0.28424343,49925,0.037441408331370114
0.9,0.8,0.6,0.5,0.28424507,49925,0.037955001262888775
0.6,0.4,0.3,0.3,0.28424555,49925,0.037110678349959
0.1,0.7,0.5,0.4,0.2842465,49925,0.03942929127240725
0.8,0.2,0.4,0.9,0.28424913,49925,0.034193108268061816
0.1,0.8,0.8,0.7,0.28425097,49925,0.03897377694818714
0.5,0.6,0.7,0.3,0.28425294,49925,0.0394226989412593
0.9,0.8,0.9,0.4,0.28425336,49925,0.039014073106008
0.5,0.7,0.4,0.4,0.2842571,49925,0.03800756176280206
0.9,0.3,0.8,0.5,0.28425822,49925,0.03729758508519578
0.9,0.2,0.3,0.6,0.28426322,49925,0.034205104035479925
0.4,0.7,0.9,0.5,0.2842674,49925,0.03932512597589426
0.3,0.7,0.9,0.7,0.28427154,49925,0.03874607346570812
0.5,0.7,0.9,0.4,0.2842791,49925,0.039503680101878345
0.9,0.6,0.4,0.4,0.28428236,49925,0.036868946652107645
0.6,0.8,0.9,0.4,0.28429198,49925,0.03947425578696773
0.2,0.9,0.6,0.5,0.28429237,49925,0.03927266946919798
0.5,0.9,0.8,0.4,0.2842944,49925,0.03954997926954171
0.2,0.2,0.2,0.1,0.28430784,49925,0.03897861658270425
0.6,0.6,0.6,0.3,0.28430784,49925,0.038978616582704254
0.8,0.8,0.8,0.4,0.28430784,49925,0.03897861658270425
0.4,0.4,0.4,0.2,0.28430784,49925,0.03897861658270425
0.6,0.9,0.8,0.4,0.28431,49925,0.03939971759596208
0.1,0.9,0.3,0.5,0.28431228,49925,0.03742608548344735
0.1,0.1,0.2,0.3,0.2843126,49925,0.03586350385924307
0.2,0.2,0.4,0.6,0.2843126,49925,0.03586350385924307
0.3,0.3,0.6,0.9,0.2843126,49925,0.035863503859243064
0.2,0.5,0.7,0.9,0.28432068,49925,0.03715402865949684
0.7,0.4,0.4,0.3,0.28432405,49925,0.03758871891639416
0.9,0.8,0.8,0.4,0.28432775,49925,0.03882430183782257
0.2,0.9,0.8,0.5,0.28432822,49925,0.03965050745986758
0.7,0.2,0.6,0.9,0.28433028,49925,0.03507191490076561
0.3,0.4,0.2,0.2,0.28433254,49925,0.037646550371809924
0.6,0.8,0.4,0.4,0.28433254,49925,0.037646550371809924
0.1,0.3,0.4,0.8,0.2843375,49925,0.03553203581425872
0.8,0.8,0.9,0.4,0.2843385,49925,0.03915670248762419
0.1,0.8,0.4,0.7,0.2843473,49925,0.03766930364636054
0.1,0.9,0.5,0.7,0.28434962,49925,0.03832955959999441
0.3,0.1,0.3,0.5,0.28435528,49925,0.034753385617895864
0.1,0.9,0.9,0.8,0.2843592,49925,0.03893916166552566
0.6,0.9,0.5,0.5,0.28436285,49925,0.03805367559226739
0.4,0.6,0.9,0.6,0.2843694,49925,0.03879800194806034
0.1,0.1,0.1,0.6,0.28437164,49925,0.030938446660658835
0.1,0.3,0.4,0.5,0.28437343,49925,0.03735113422827614
0.4,0.1,0.2,0.5,0.28437376,49925,0.03385207066108691
0.7,0.9,0.9,0.4,0.28437424,49925,0.03940996001520179
0.4,0.9,0.4,0.5,0.28437585,49925,0.037728525568501016
0.7,0.6,0.6,0.3,0.2843783,49925,0.038762413259968376
0.9,0.2,0.5,0.7,0.284384,49925,0.035258088932610954
0.8,0.2,0.6,0.7,0.28438446,49925,0.03569527551627419
0.1,0.4,0.5,0.6,0.28438503,49925,0.03761268310209755
0.1,0.4,0.5,0.7,0.28438607,49925,0.037076336002944306
0.7,0.4,0.3,0.3,0.2843863,49925,0.036752286879106484
0.4,0.5,0.8,0.5,0.2843876,49925,0.03879804190637395
0.2,0.4,0.6,0.7,0.28439474,49925,0.037346844149683464
0.8,0.2,0.6,0.9,0.2843976,49925,0.03501782490347534
0.5,0.8,0.9,0.4,0.28440014,49925,0.03963308719291873
0.4,0.6,0.8,0.4,0.284402,49925,0.039387469761769926
0.2,0.3,0.4,0.2,0.284402,49925,0.039387469761769926
0.4,0.7,0.6,0.3,0.2844027,49925,0.03952836472730173
0.5,0.6,0.5,0.3,0.28440478,49925,0.03892474541805199
0.4,0.2,0.5,0.4,0.28440937,49925,0.037282992901642734
0.8,0.2,0.6,0.6,0.2844103,49925,0.03603461400190388
0.4,0.1,0.3,0.3,0.2844103,49925,0.03603461400190388
0.6,0.4,0.9,0.7,0.28441095,49925,0.0376418668771283
0.2,0.6,0.7,0.5,0.28441134,49925,0.03911426392236652
0.2,0.6,0.8,0.9,0.28441912,49925,0.03770229165272015
0.4,0.9,0.8,0.4,0.28442147,49925,0.039695710421429095
0.5,0.9,0.7,0.4,0.28442448,49925,0.03936614181302476
0.3,0.9,0.9,0.5,0.28442454,49925,0.03965792616550944
0.8,0.3,0.6,0.3,0.28442502,49925,0.03772053662151574
0.4,0.3,0.5,0.2,0.28443038,49925,0.03903744716043223
0.1,0.5,0.3,0.3,0.28443077,49925,0.038958050751251916
0.2,0.6,0.4,0.3,0.284443,49925,0.0393013508722662
0.2,0.2,0.4,0.5,0.28444314,49925,0.03651777841040256
0.1,0.6,0.7,0.8,0.28444323,49925,0.03792379745158135
0.1,0.8,0.5,0.5,0.28445292,49925,0.039063576321230115
0.8,0.4,0.5,0.3,0.28445476,49925,0.03780779514117539
0.4,0.5,0.7,0.3,0.28446016,49925,0.03946782010456281
0.2,0.7,0.8,0.6,0.28446344,49925,0.03906729080465655
0.1,0.5,0.6,0.9,0.28446546,49925,0.03691872551631186
0.1,0.1,0.1,0.7,0.2844692,49925,0.030008598033538076
0.6,0.9,0.9,0.4,0.28447345,49925,0.0395543623861786
0.2,0.3,0.5,0.9,0.28447685,49925,0.035524541733441245
0.2,0.5,0.7,0.8,0.2844806,49925,0.03754637653433624
0.2,0.9,0.4,0.6,0.28448108,49925,0.03785371113355918
0.7,0.3,0.8,0.7,0.28448272,49925,0.03690219518051747
0.1,0.5,0.2,0.3,0.2844836,49925,0.0377483653690974
0.5,0.4,0.5,0.2,0.2844849,49925,0.03900442367784226
0.4,0.7,0.4,0.4,0.28448582,49925,0.038280426322145296
0.3,0.1,0.2,0.6,0.28448683,49925,0.03325835302317065
0.2,0.9,0.2,0.1,0.28448707,49925,0.03687036449662726
0.2,0.8,0.9,0.7,0.2844952,49925,0.03901650246851823
0.6,0.4,0.5,0.2,0.284496,49925,0.038703908422618304
0.8,0.2,0.6,0.8,0.28450006,49925,0.03533644943972208
0.4,0.1,0.3,0.4,0.28450006,49925,0.03533644943972208
0.4,0.6,0.2,0.1,0.28450313,49925,0.03705126334588524
0.2,0.3,0.5,0.8,0.28451383,49925,0.0359977990400084
0.7,0.2,0.6,0.5,0.2845139,49925,0.03656645032591509
0.5,0.7,0.7,0.3,0.28451395,49925,0.039534565194684734
0.3,0.7,0.4,0.4,0.2845143,49925,0.03857579162754935
0.2,0.3,0.5,0.7,0.28451538,49925,0.03649026643701977
0.5,0.7,0.3,0.3,0.28451717,49925,0.03728777932762998
0.7,0.9,0.3,0.1,0.28451756,49925,0.03681530547609961
0.7,0.7,0.5,0.4,0.28452164,49925,0.038137918653886264
0.1,0.3,0.4,0.4,0.2845242,49925,0.03805303875348137
0.2,0.6,0.8,0.8,0.2845242,49925,0.03805303875348137
0.8,0.5,0.8,0.3,0.2845261,49925,0.03880424424516878
0.5,0.4,0.4,0.2,0.2845273,49925,0.03864280087603842
0.7,0.6,0.7,0.3,0.28452912,49925,0.03900901711107343
0.8,0.6,0.7,0.3,0.2845292,49925,0.03881086389636754
0.4,0.8,0.9,0.4,0.2845367,49925,0.03976107982184544
0.4,0.9,0.7,0.4,0.28453806,49925,0.039532016618247214
0.8,0.7,0.6,0.4,0.28454024,49925,0.03836821060661218
0.2,0.5,0.6,0.4,0.2845432,49925,0.03918896305406403
0.8,0.4,0.3,0.3,0.28454396,49925,0.03638298941536912
0.2,0.8,0.6,0.4,0.28454524,49925,0.03958760532240773
0.1,0.4,0.3,0.2,0.28454524,49925,0.03958760532240773
0.1,0.5,0.6,0.8,0.28455284,49925,0.037340360293652494
0.8,0.6,0.8,0.3,0.28455928,49925,0.0389935207863311
0.2,0.8,0.4,0.5,0.28456157,49925,0.03832105022087296
0.1,0.5,0.6,0.7,0.28456187,49925,0.03779584589320012
0.3,0.8,0.9,0.5,0.2845633,49925,0.03957430741416571
0.9,0.3,0.3,0.4,0.28456762,49925,0.03541060878826254
0.9,0.4,0.6,0.3,0.28457108,49925,0.03789105210177424
0.9,0.6,0.3,0.2,0.2845739,49925,0.036274569224186586
0.3,0.3,0.6,0.8,0.28457505,49925,0.03628820491436796
0.2,0.7,0.7,0.4,0.28457668,49925,0.0396708258234182
0.9,0.6,0.8,0.3,0.28457922,49925,0.03880008166790918
0.3,0.7,0.8,0.4,0.28458893,49925,0.03967829484529266
0.8,0.6,0.5,0.4,0.28459182,49925,0.03782807726998132
0.7,0.4,0.2,0.1,0.28459278,49925,0.03586824770744254
0.1,0.2,0.2,0.7,0.2845958,49925,0.03373666095068155
0.5,0.5,0.9,0.6,0.28459603,49925,0.038441604067587336
0.6,0.3,0.7,0.4,0.28459626,49925,0.03800320621598935
0.6,0.2,0.6,0.6,0.28460014,49925,0.03629743043769898
0.3,0.1,0.3,0.3,0.28460014,49925,0.03629743043769898
0.9,0.3,0.9,0.9,0.28460014,49925,0.03629743043769898
0.5,0.9,0.5,0.5,0.28460544,49925,0.038281306504671514
0.2,0.7,0.9,0.9,0.28460553,49925,0.038143314335133724
0.5,0.6,0.4,0.3,0.28460798,49925,0.03840851918817809
0.1,0.6,0.7,0.9,0.28460824,49925,0.037539282423679855
0.3,0.7,0.6,0.3,0.28460824,49925,0.03971815713551121
0.4,0.9,0.3,0.3,0.28461742,49925,0.03726262228173545
0.3,0.3,0.6,0.7,0.28461897,49925,0.03676052996476181
0.6,0.6,0.5,0.3,0.28462633,49925,0.03868530246209034
0.3,0.6,0.8,0.5,0.284635,49925,0.03916058115991475
0.8,0.3,0.8,0.5,0.2846378,49925,0.037455436335532215
0.1,0.9,0.8,0.6,0.28463855,49925,0.039446801220479735
0.9,0.2,0.4,0.7,0.28464133,49925,0.034731992754879024
0.7,0.8,0.6,0.4,0.28464168,49925,0.03863979113737859
0.1,0.9,0.5,0.6,0.28464216,49925,0.038700665253703415
0.6,0.4,0.8,0.4,0.28464696,49925,0.0385846683133622
0.3,0.2,0.4,0.2,0.28464696,49925,0.0385846683133622
0.9,0.9,0.6,0.5,0.28465098,49925,0.03796894981683998
0.4,0.4,0.8,0.9,0.28465793,49925,0.03687477391559192
0.9,0.7,0.3,0.1,0.28465843,49925,0.03646852145069044
0.3,0.9,0.7,0.4,0.28465864,49925,0.0396918280745573
0.4,0.6,0.7,0.3,0.28465953,49925,0.03962701382333315
0.2,0.8,0.8,0.5,0.28465968,49925,0.03955263060942239
0.3,0.8,0.8,0.4,0.2846612,49925,0.03975531557478361
0.7,0.5,0.8,0.3,0.28466612,49925,0.03901828545935142
0.8,0.9,0.9,0.4,0.28466907,49925,0.039256120965854666
0.4,0.6,0.4,0.3,0.28466985,49925,0.038736136734218364
0.9,0.4,0.9,0.4,0.28467137,49925,0.038207322750992076
0.2,0.9,0.9,0.6,0.284674,49925,0.039467862447110515
0.3,0.4,0.7,0.9,0.28467432,49925,0.036705528332001316
0.1,0.6,0.7,0.7,0.28467602,49925,0.03833638577623045
0.5,0.4,0.7,0.3,0.28467724,49925,0.03902303135965824
0.9,0.4,0.4,0.4,0.28467935,49925,0.036635778344726866
0.7,0.3,0.8,0.6,0.28468192,49925,0.037256154131029055
0.2,0.4,0.6,0.6,0.2846831,49925,0.03782469379416446
0.3,0.6,0.9,0.9,0.2846831,49925,0.03782469379416446
0.1,0.2,0.3,0.3,0.2846831,49925,0.03782469379416446
0.5,0.3,0.7,0.5,0.28468496,49925,0.0377338797664379
0.8,0.8,0.7,0.4,0.28468537,49925,0.03877072878221816
0.8,0.9,0.8,0.4,0.28469026,49925,0.03908556223409402
0.1,0.7,0.8,0.9,0.2846924,49925,0.038026901075022594
0.4,0.4,0.5,0.2,0.28469276,49925,0.039296530040994676
0.2,0.3,0.5,0.6,0.28469345,49925,0.03703585667925653
0.3,0.4,0.6,0.3,0.2846944,49925,0.0392738379267424
0.6,0.9,0.7,0.4,0.28469956,49925,0.03919283875940967
0.6,0.3,0.5,0.2,0.28469962,49925,0.03838064423804505
0.8,0.6,0.6,0.3,0.28470546,49925,0.03853742209656458
0.2,0.8,0.7,0.4,0.2847088,49925,0.03975661489548004
0.3,0.6,0.4,0.3,0.28471166,49925,0.03904028133620129
0.6,0.3,0.8,0.9,0.2847189,49925,0.03630233775041847
0.9,0.5,0.7,0.3,0.28472114,49925,0.03841370048477606
0.6,0.2,0.6,0.7,0.28472123,49925,0.035888947671877974
0.1,0.7,0.3,0.5,0.2847213,49925,0.03769613954054955
0.4,0.9,0.5,0.5,0.2847239,49925,0.03851508686673368
0.9,0.2,0.4,0.6,0.2847278,49925,0.03509187078226214
0.1,0.6,0.4,0.3,0.28473195,49925,0.039542323070628195
0.1,0.4,0.5,0.5,0.28473228,49925,0.03818474891047504
0.1,0.8,0.3,0.5,0.28473526,49925,0.0375747390161029
0.9,0.2,0.5,0.6,0.28473702,49925,0.035580391261391835
0.7,0.9,0.8,0.4,0.2847391,49925,0.0392265612574366
0.3,0.4,0.5,0.2,0.28474444,49925,0.03961667680896491
0.1,0.6,0.2,0.3,0.28475493,49925,0.03750129290911198
0.2,0.7,0.4,0.4,0.28475884,49925,0.03883515769113351
0.9,0.6,0.7,0.3,0.2847609,49925,0.03860717228363978
0.9,0.3,0.9,0.8,0.2847631,49925,0.036575112458551294
0.3,0.5,0.8,0.8,0.28476328,49925,0.037702506082298165
0.3,0.4,0.7,0.8,0.28477013,49925,0.037096265782437826
0.4,0.6,0.3,0.3,0.2847713,49925,0.03785355501169496
0.4,0.7,0.9,0.4,0.28477165,49925,0.039670675187142436
0.3,0.5,0.7,0.4,0.28477257,49925,0.03920514059408702
0.9,0.9,0.9,0.4,0.2847742,49925,0.03910358842383848
0.4,0.1,0.3,0.5,0.28478077,49925,0.03469906398598228
0.5,0.6,0.9,0.4,0.284782,49925,0.03937666554599287
0.3,0.5,0.8,0.9,0.28478336,49925,0.037329790435110026
0.9,0.4,0.3,0.3,0.28478464,49925,0.03599570621861625
0.3,0.9,0.8,0.4,0.2847855,49925,0.039827768200272735
0.1,0.7,0.8,0.8,0.2847865,49925,0.03837799167889559
0.2,0.7,0.2,0.2,0.28478673,49925,0.03724100127102345
0.7,0.2,0.5,0.3,0.28478813,49925,0.03709827954231233
0.1,0.2,0.3,0.6,0.28478935,49925,0.03528675611387854
0.1,0.9,0.6,0.5,0.2847987,49925,0.03941209322715194
0.5,0.3,0.3,0.2,0.284799,49925,0.0378136951068188
0.7,0.3,0.3,0.3,0.2848016,49925,0.036542415995040066
0.6,0.3,0.4,0.2,0.28480214,49925,0.03804009831004817
0.9,0.9,0.8,0.4,0.2848053,49925,0.03892179027571175
0.1,0.5,0.6,0.6,0.28480646,49925,0.038271269072145064
0.9,0.3,0.4,0.4,0.284809,49925,0.0363197541004882
0.1,0.6,0.3,0.4,0.2848104,49925,0.038342006285713576
0.1,0.8,0.7,0.5,0.28481564,49925,0.03953009792959312
0.9,0.5,0.6,0.3,0.28481793,49925,0.038156681430991074
0.3,0.9,0.5,0.5,0.28482094,49925,0.03872164493434595
0.9,0.5,0.8,0.3,0.28482178,49925,0.038607218875901156
0.9,0.2,0.5,0.8,0.28482202,49925,0.03492997001212224
0.5,0.9,0.9,0.4,0.28482223,49925,0.03968296436651614
0.1,0.8,0.4,0.6,0.28482255,49925,0.0381176422631894
0.1,0.8,0.9,0.9,0.28482345,49925,0.038413366154663765
0.1,0.1,0.1,0.8,0.28483364,49925,0.02915844284502663
0.9,0.2,0.4,0.8,0.28483853,49925,0.03438740017213234
0.1,0.9,0.4,0.7,0.2848429,49925,0.037654155072886844
0.2,0.2,0.4,0.4,0.2848447,49925,0.03725305836168276
0.4,0.4,0.8,0.8,0.2848447,49925,0.03725305836168276
0.3,0.3,0.6,0.6,0.2848447,49925,0.03725305836168276
0.1,0.1,0.2,0.2,0.2848447,49925,0.03725305836168276
0.6,0.9,0.4,0.4,0.284852,49925,0.037534909526879684
0.3,0.8,0.5,0.4,0.28485343,49925,0.039103964487211144
0.2,0.2,0.4,0.7,0.28485343,49925,0.035250211015848555
0.7,0.8,0.5,0.4,0.28485423,49925,0.03812815464197154
0.5,0.7,0.6,0.3,0.28485698,49925,0.03930319493595602
0.5,0.8,0.4,0.4,0.2848743,49925,0.03795497278514291
0.8,0.8,0.3,0.1,0.2848755,49925,0.03666042622730412
0.8,0.7,0.5,0.4,0.28487867,49925,0.03789841774665811
0.3,0.7,0.9,0.6,0.28488478,49925,0.03910705615661439
0.1,0.9,0.7,0.5,0.28489387,49925,0.039626808826547795
0.4,0.4,0.7,0.4,0.2848956,49925,0.03877411093866249
0.5,0.3,0.2,0.2,0.28489992,49925,0.03658635910761368
0.9,0.4,0.7,0.3,0.28490117,49925,0.03813785898945881
0.8,0.8,0.5,0.4,0.28490144,49925,0.03789641750115846
0.7,0.6,0.8,0.3,0.2849053,49925,0.039181162809423103
0.7,0.9,0.7,0.4,0.28490683,49925,0.03900686289329408
0.1,0.6,0.6,0.4,0.28490707,49925,0.03953568600927124
0.9,0.2,0.6,0.8,0.28491062,49925,0.035257976258044645
0.9,0.6,0.5,0.4,0.28492108,49925,0.037585066506925065
0.2,0.7,0.8,0.5,0.284923,49925,0.039459933812294984
0.9,0.9,0.4,0.3,0.28492308,49925,0.036966762798714164
0.2,0.9,0.5,0.5,0.28492343,49925,0.03890954659327784
0.2,0.6,0.6,0.3,0.2849251,49925,0.03981568405546405
0.9,0.2,0.3,0.5,0.2849272,49925,0.034594549030202947
0.6,0.8,0.3,0.2,0.28492728,49925,0.03709307854901937
0.1,0.6,0.5,0.3,0.2849311,49925,0.03980370824794859
0.8,0.5,0.5,0.3,0.2849319,49925,0.038012960151184945
0.1,0.1,0.1,0.9,0.28493464,49925,0.02842820524807853
0.6,0.2,0.6,0.5,0.28493607,49925,0.03672341322268485
0.9,0.2,0.6,0.7,0.2849406,49925,0.035559671789771125
0.6,0.8,0.5,0.4,0.2849491,49925,0.03839122289590343
0.6,0.5,0.4,0.3,0.28495508,49925,0.03804761331849603
0.3,0.5,0.4,0.2,0.28495792,49925,0.03946041998594572
0.9,0.2,0.5,0.5,0.28496528,49925,0.03591396654036567
0.2,0.6,0.8,0.7,0.28496596,49925,0.03844709818095816
0.6,0.3,0.8,0.8,0.2849707,49925,0.036656111709990426
0.2,0.7,0.9,0.8,0.2849857,49925,0.038481962354694234
0.3,0.6,0.7,0.3,0.28498676,49925,0.03981392487274951
0.6,0.6,0.8,0.3,0.28499377,49925,0.03938649840690213
0.7,0.7,0.3,0.2,0.28499407,49925,0.03691719093908138
0.8,0.7,0.8,0.3,0.28499448,49925,0.039132920224743926
0.9,0.2,0.4,0.5,0.28499785,49925,0.03542663374892162
0.2,0.8,0.5,0.4,0.28499794,49925,0.03928840420028227
0.2,0.7,0.3,0.4,0.28499895,49925,0.03792328574961849
0.1,0.7,0.6,0.4,0.28500086,49925,0.03966155327282644
0.5,0.8,0.5,0.4,0.28500313,49925,0.0386654614054479
0.8,0.7,0.7,0.3,0.2850036,49925,0.03894528700896037
0.4,0.7,0.7,0.3,0.28500503,49925,0.039706248833767055
0.2,0.8,0.3,0.4,0.2850051,49925,0.037735580110295895
0.2,0.6,0.7,0.4,0.2850066,49925,0.03956999074363661
0.2,0.5,0.7,0.7,0.2850082,49925,0.03795532190502909
0.4,0.5,0.5,0.2,0.28500825,49925,0.03947424429015641
0.4,0.5,0.9,0.9,0.28501108,49925,0.03746425013972123
0.1,0.5,0.5,0.3,0.2850133,49925,0.03968938006819497
0.2,0.7,0.6,0.3,0.2850162,49925,0.03988811881058175
0.8,0.8,0.6,0.4,0.28501874,49925,0.038422044936258316
0.4,0.4,0.3,0.2,0.28501874,49925,0.038422044936258316
0.1,0.7,0.4,0.4,0.28502142,49925,0.03905058832170554
0.6,0.7,0.7,0.3,0.28502408,49925,0.0393334876546352
0.5,0.2,0.6,0.9,0.28502434,49925,0.0351273053730158
0.9,0.8,0.7,0.4,0.28502473,49925,0.03856969906942604
0.3,0.1,0.2,0.1,0.28503007,49925,0.03749675585028825
0.9,0.3,0.6,0.3,0.28503007,49925,0.03749675585028825
0.6,0.2,0.4,0.2,0.28503007,49925,0.03749675585028825
0.3,0.7,0.5,0.3,0.2850325,49925,0.03949113538983762
0.8,0.4,0.8,0.3,0.28503567,49925,0.03855332860114478
0.4,0.9,0.9,0.4,0.28503725,49925,0.03983657364823235
0.8,0.3,0.7,0.3,0.28504056,49925,0.037971594194895805
0.3,0.5,0.8,0.7,0.28504214,49925,0.0380715469080628
0.7,0.3,0.7,0.3,0.28504333,49925,0.03820400969958956
0.3,0.4,0.7,0.7,0.28504443,49925,0.037512157375814426
0.7,0.7,0.7,0.3,0.28504616,49925,0.039136434346831034
0.5,0.4,0.8,0.5,0.28504634,49925,0.038358725885454026
0.6,0.5,0.9,0.4,0.28505114,49925,0.039015191338618145
0.4,0.1,0.2,0.6,0.28505325,49925,0.033189398708401034
0.7,0.4,0.9,0.5,0.2850554,49925,0.03820268206445916
0.8,0.3,0.9,0.8,0.28506225,49925,0.036672096518336444
0.3,0.7,0.9,0.5,0.2850669,49925,0.039453569356570614
0.2,0.9,0.3,0.4,0.28507033,49925,0.03756538234045452
0.7,0.7,0.8,0.3,0.2850752,49925,0.039321806153812366
0.9,0.3,0.9,0.7,0.2850754,49925,0.03686648621003664
0.4,0.8,0.7,0.3,0.28507853,49925,0.03978696580429487
0.5,0.8,0.7,0.3,0.28508717,49925,0.039602525532907884
0.4,0.8,0.5,0.4,0.2850915,49925,0.03890151638340555
0.1,0.3,0.3,0.9,0.28509852,49925,0.03444481654000689
0.9,0.4,0.5,0.3,0.28509912,49925,0.03755579379354004
0.8,0.6,0.9,0.3,0.28510088,49925,0.03915764142538102
0.2,0.9,0.7,0.4,0.28510267,49925,0.039833390860531406
0.7,0.7,0.6,0.3,0.28510502,49925,0.038891674452485744
0.5,0.7,0.5,0.3,0.285106,49925,0.03897695356623784
0.2,0.3,0.5,0.5,0.28510654,49925,0.037626077142087336
0.8,0.3,0.4,0.3,0.2851154,49925,0.036991374782659715
0.6,0.7,0.6,0.3,0.28511596,49925,0.03910641938317601
0.4,0.6,0.9,0.5,0.2851168,49925,0.03915850686735657
0.1,0.7,0.8,0.7,0.2851175,49925,0.038767755640335515
0.9,0.7,0.9,0.3,0.2851206,49925,0.03911725941384527
0.9,0.2,0.4,0.9,0.2851234,49925,0.0340546817156749
0.4,0.8,0.3,0.3,0.2851267,49925,0.037486257804372564
0.1,0.8,0.9,0.8,0.28513098,49925,0.03874686359878906
0.8,0.2,0.6,0.5,0.28513262,49925,0.036400730443065424
0.1,0.6,0.7,0.6,0.28513727,49925,0.03878285276788165
0.5,0.6,0.8,0.3,0.28513867,49925,0.03959518373793325
0.3,0.6,0.9,0.8,0.28514272,49925,0.03816579411222442
0.2,0.5,0.4,0.2,0.2851476,49925,0.03976401819624251
0.1,0.5,0.6,0.5,0.28515065,49925,0.038802921510658527
0.6,0.6,0.4,0.3,0.2851529,49925,0.03810028735250552
0.1,0.8,0.6,0.4,0.2851575,49925,0.039739221959979684
0.1,0.9,0.9,0.7,0.2851575,49925,0.039267714201089245
0.9,0.4,0.8,0.3,0.28516126,49925,0.038336314182814385
0.9,0.8,0.5,0.4,0.2851667,49925,0.03765184380895385
0.1,0.7,0.7,0.5,0.2851703,49925,0.039420131549747196
0.2,0.5,0.6,0.3,0.2851744,49925,0.03970141082955661
0.8,0.4,0.4,0.3,0.28517455,49925,0.03730187068788388
0.5,0.2,0.2,0.2,0.2851775,49925,0.03636574304220736
0.8,0.2,0.3,0.4,0.28518054,49925,0.035314575351581654
0.3,0.1,0.2,0.7,0.28518778,49925,0.03257669154396851
0.3,0.5,0.5,0.2,0.2852066,49925,0.039740574253299854
0.4,0.5,0.9,0.8,0.28520697,49925,0.037811927649534054
0.1,0.8,0.8,0.6,0.28521132,49925,0.03933733006984219
0.6,0.7,0.8,0.3,0.28521225,49925,0.03951013776740592
0.1,0.8,0.5,0.4,0.28521284,49925,0.0394982822600229
0.5,0.5,0.2,0.1,0.28521502,49925,0.03678988045108125
0.4,0.3,0.7,0.9,0.28522593,49925,0.03609436557921621
0.9,0.2,0.6,0.9,0.28522682,49925,0.03494918257632556
0.6,0.5,0.8,0.3,0.28522694,49925,0.03922415777678169
0.7,0.2,0.6,0.4,0.28523162,49925,0.036971092540230045
0.6,0.9,0.6,0.4,0.2852345,49925,0.03888433454730052
0.8,0.9,0.7,0.4,0.285235,49925,0.03882507040993621
0.3,0.5,0.2,0.2,0.28523678,49925,0.03739919117251917
0.2,0.5,0.7,0.6,0.28523874,49925,0.038386487695175636
0.4,0.7,0.5,0.3,0.28525126,49925,0.03925892630980413
0.5,0.4,0.6,0.2,0.28525156,49925,0.03926308350668202
0.2,0.4,0.6,0.5,0.28525838,49925,0.038339404117909065
0.4,0.3,0.7,0.8,0.2852605,49925,0.03651487377745262
0.6,0.3,0.8,0.7,0.28526726,49925,0.037005794571218775
0.2,0.9,0.9,0.5,0.2852689,49925,0.03979575649524642
0.9,0.5,0.9,0.3,0.2852726,49925,0.03879463461344571
0.9,0.7,0.7,0.3,0.2852818,49925,0.03874997852591217
0.2,0.8,0.9,0.6,0.28528258,49925,0.0393776594755528
0.3,0.7,0.7,0.3,0.2852838,49925,0.039898316232432354
0.4,0.9,0.6,0.4,0.28528398,49925,0.03929118269695938
0.4,0.8,0.6,0.3,0.28528672,49925,0.039602462513555425
0.3,0.9,0.6,0.4,0.28528965,49925,0.03947858986692956
0.1,0.8,0.4,0.5,0.28529328,49925,0.038579225077235754
0.1,0.1,0.2,0.4,0.28530115,49925,0.03468692475166168
0.2,0.2,0.4,0.8,0.28530115,49925,0.03468692475166168
0.3,0.9,0.4,0.5,0.28530586,49925,0.037997567495645194
0.5,0.9,0.4,0.4,0.28531224,49925,0.03781462456531047
0.7,0.1,0.1,0.1,0.2853158,49925,0.03196718004784992
0.4,0.6,0.8,0.3,0.2853223,49925,0.039780640992739515
0.8,0.9,0.5,0.4,0.28532618,49925,0.03786288786387615
0.2,0.9,0.6,0.4,0.2853274,49925,0.03964255605047397
0.9,0.7,0.6,0.4,0.2853294,49925,0.03815891000833354
0.7,0.5,0.4,0.3,0.28533047,49925,0.037743406743737634
0.1,0.3,0.4,0.9,0.28533188,49925,0.03498756486328573
0.9,0.7,0.5,0.4,0.2853387,49925,0.03765672502970135
0.5,0.2,0.6,0.8,0.28533983,49925,0.03554698942378722
0.3,0.2,0.3,0.1,0.2853461,49925,0.03897975529573607
0.6,0.4,0.6,0.2,0.2853461,49925,0.03897975529573607
0.9,0.6,0.9,0.3,0.2853461,49925,0.03897975529573607
0.7,0.2,0.3,0.3,0.28534743,49925,0.03610794211097142
0.6,0.8,0.8,0.3,0.28535098,49925,0.03960824220939155
0.7,0.9,0.6,0.4,0.28535622,49925,0.03866127811784658
0.9,0.2,0.6,0.6,0.2853608,49925,0.03589598942979855
0.1,0.4,0.4,0.2,0.2853666,49925,0.03992349653731154
0.2,0.8,0.8,0.4,0.2853666,49925,0.03992349653731154
0.2,0.7,0.5,0.3,0.28536963,49925,0.03970722915682027
0.3,0.6,0.8,0.4,0.28537473,49925,0.03954062271257896
0.4,0.1,0.3,0.2,0.28537837,49925,0.03677339316312794
0.8,0.2,0.6,0.4,0.28537837,49925,0.03677339316312794
0.4,0.3,0.7,0.7,0.2853825,49925,0.03694902447811484
0.8,0.6,0.3,0.2,0.28538445,49925,0.036655498086049156
0.8,0.4,0.9,0.4,0.28538767,49925,0.03838325750918374
0.4,0.1,0.3,0.6,0.28540233,49925,0.03412412193463988
0.9,0.8,0.6,0.4,0.28540298,49925,0.03821743266912575
0.1,0.4,0.5,0.4,0.28540564,49925,0.038827628782262764
0.2,0.3,0.5,0.4,0.2854085,49925,0.038237905178316815
0.1,0.2,0.1,0.1,0.28541112,49925,0.038226379618111136
0.3,0.6,0.3,0.3,0.28541112,49925,0.03822637961811113
0.4,0.8,0.4,0.4,0.28541112,49925,0.038226379618111136
0.2,0.4,0.2,0.2,0.28541112,49925,0.038226379618111136
0.5,0.4,0.9,0.9,0.28541216,49925,0.03701363672314569
0.4,0.5,0.4,0.2,0.2854175,49925,0.03912106000787737
0.5,0.8,0.8,0.3,0.28541753,49925,0.039770566896119436
0.9,0.2,0.6,0.5,0.28541902,49925,0.03622704247335408
0.3,0.8,0.7,0.3,0.28541958,49925,0.03996031800922255
0.5,0.9,0.6,0.4,0.28542578,49925,0.039108586431172064
0.6,0.7,0.5,0.3,0.2854325,49925,0.03871992449455948
0.1,0.9,0.8,0.5,0.28543347,49925,0.039780346418695135
0.8,0.3,0.3,0.3,0.28544217,49925,0.036186005247390185
0.8,0.2,0.5,0.3,0.28544235,49925,0.03683072278110247
0.6,0.5,0.5,0.2,0.28544605,49925,0.038921819512828984
0.5,0.7,0.8,0.3,0.28544718,49925,0.0397077767771425
0.9,0.7,0.8,0.3,0.28544718,49925,0.03895808315490091
0.5,0.9,0.3,0.2,0.28545862,49925,0.037254511982531394
0.6,0.4,0.9,0.6,0.28545964,49925,0.03799992859674995
0.7,0.6,0.5,0.3,0.28546584,49925,0.03841939520315849
0.3,0.4,0.7,0.6,0.28547502,49925,0.037964907583309435
0.3,0.9,0.9,0.4,0.2854764,49925,0.03997159630342491
0.9,0.2,0.5,0.9,0.28547746,49925,0.034597478219233174
0.9,0.2,0.5,0.4,0.2854816,49925,0.036234697749882236
0.3,0.3,0.5,0.2,0.2854855,49925,0.03935645525145341
0.3,0.2,0.2,0.1,0.28548813,49925,0.03833738831706031
0.6,0.4,0.4,0.2,0.28548813,49925,0.03833738831706031
0.9,0.6,0.6,0.3,0.28548813,49925,0.03833738831706031
0.1,0.8,0.2,0.2,0.2854911,49925,0.03736501257809458
0.5,0.5,0.5,0.2,0.285492,49925,0.03919452261558262
0.8,0.9,0.4,0.3,0.28549236,49925,0.03726000764518435
0.4,0.7,0.8,0.3,0.2854928,49925,0.03987883466048046
0.9,0.3,0.5,0.3,0.28549847,49925,0.03717304128294261
0.7,0.8,0.8,0.3,0.28549933,49925,0.03942559854370069
0.1,0.9,0.4,0.6,0.28550482,49925,0.03807262870028253
0.3,0.8,0.9,0.4,0.28550825,49925,0.03992158377662244
0.8,0.9,0.6,0.4,0.2855153,49925,0.03844863236238227
0.8,0.3,0.9,0.9,0.28551656,49925,0.03637437746929297
0.4,0.2,0.5,0.3,0.28553307,49925,0.037889886955805585
0.8,0.3,0.8,0.4,0.28553364,49925,0.03780552858874672
0.7,0.4,0.8,0.3,0.28553864,49925,0.038780441884384474
0.7,0.6,0.9,0.3,0.28553903,49925,0.03936206400293946
0.3,0.6,0.9,0.7,0.28554097,49925,0.03851992698612244
0.8,0.3,0.9,0.7,0.28554156,49925,0.03699487605384312
0.7,0.3,0.5,0.2,0.28554422,49925,0.038100841612759784
0.6,0.2,0.6,0.4,0.2855444,49925,0.037171463089246036
0.9,0.3,0.9,0.6,0.2855444,49925,0.03717146308924603
0.3,0.1,0.3,0.2,0.2855444,49925,0.037171463089246036
0.4,0.7,0.3,0.3,0.2855481,49925,0.03769065711075844
0.9,0.8,0.4,0.3,0.285551,49925,0.03706488009175904
0.9,0.8,0.8,0.3,0.28555137,49925,0.03908301405498314
0.2,0.9,0.8,0.4,0.28555304,49925,0.03998547689691073
0.2,0.8,0.9,0.5,0.28555527,49925,0.03970966610355863
0.9,0.9,0.5,0.4,0.28556287,49925,0.03761312335034537
0.5,0.8,0.6,0.3,0.2855752,49925,0.03938606274499325
0.4,0.3,0.6,0.3,0.28560647,49925,0.038706707744298054
0.3,0.7,0.2,0.1,0.28561196,49925,0.037235192245298095
0.3,0.2,0.5,0.7,0.28561386,49925,0.03566794743303091
0.4,0.4,0.8,0.7,0.28561437,49925,0.0376447555360592
0.3,0.2,0.5,0.5,0.28561744,49925,0.03681210058680846
0.9,0.9,0.7,0.4,0.28562155,49925,0.03864116296348781
0.3,0.5,0.7,0.3,0.28562242,49925,0.03966002270423961
0.5,0.5,0.8,0.3,0.28562418,49925,0.03943803092989901
0.1,0.9,0.5,0.5,0.28562427,49925,0.039099089030254164
0.5,0.2,0.6,0.7,0.2856263,49925,0.035962401979295115
0.1,0.9,0.9,0.6,0.28563285,49925,0.03959588599086077
0.7,0.3,0.8,0.5,0.28563353,49925,0.037606366503381415
0.6,0.8,0.7,0.3,0.28563493,49925,0.039410347248984824
0.7,0.9,0.5,0.4,0.28563514,49925,0.03812163026163235
0.3,0.1,0.3,0.6,0.28563684,49925,0.03411057856778807
0.6,0.3,0.6,0.2,0.2856429,49925,0.03866957725899279
0.4,0.5,0.9,0.7,0.28564674,49925,0.038161474543078944
0.9,0.3,0.8,0.4,0.2856484,49925,0.03762477336398305
0.7,0.5,0.6,0.2,0.28565028,49925,0.038948256564017264
0.7,0.6,0.4,0.3,0.28565562,49925,0.03780320213242028
0.2,0.7,0.9,0.7,0.28566,49925,0.03883594077839496
0.8,0.8,0.4,0.3,0.2856632,49925,0.037361254231257295
0.3,0.8,0.6,0.3,0.28566483,49925,0.03980728206860051
0.6,0.7,0.4,0.3,0.28566718,49925,0.03808273681273261
0.7,0.4,0.5,0.2,0.2856707,49925,0.038435410065164884
0.9,0.3,0.2,0.1,0.2856806,49925,0.03480945034257198
0.6,0.3,0.8,0.6,0.285684,49925,0.037374965465610505
0.9,0.7,0.4,0.3,0.28568867,49925,0.037138343359144246
0.8,0.2,0.4,0.3,0.28568918,49925,0.03644748326677714
0.1,0.8,0.7,0.4,0.28570175,49925,0.03990953044116875
0.8,0.8,0.8,0.3,0.28571022,49925,0.03925036244434936
0.1,0.9,0.6,0.4,0.285712,49925,0.03982080665081869
0.7,0.3,0.4,0.2,0.28571615,49925,0.03772727028007369
0.6,0.4,0.2,0.1,0.28571925,49925,0.036441854304314354
0.1,0.2,0.2,0.8,0.28571945,49925,0.03301539302675792
0.7,0.8,0.7,0.3,0.28572083,49925,0.03923204962335744
0.3,0.3,0.6,0.5,0.28572693,49925,0.037775631051390264
0.6,0.3,0.3,0.2,0.28572777,49925,0.037437537521823626
0.7,0.7,0.9,0.3,0.28573018,49925,0.03947821140796568
0.6,0.9,0.3,0.1,0.2857334,49925,0.03722039376076499
0.8,0.8,0.9,0.3,0.28573352,49925,0.03941101277504327
0.7,0.7,0.4,0.3,0.28573388,49925,0.037757177813876636
0.5,0.5,0.9,0.5,0.2857359,49925,0.03880727013953346
0.3,0.8,0.4,0.4,0.28573757,49925,0.03849355639096529
0.3,0.2,0.5,0.6,0.2857396,49925,0.03620883158746697
0.3,0.5,0.8,0.6,0.2857555,49925,0.038479892755559506
0.8,0.5,0.4,0.3,0.2857557,49925,0.03743483050507442
0.3,0.6,0.5,0.2,0.28575754,49925,0.03985112790045908
0.8,0.7,0.9,0.3,0.28575885,49925,0.0392926607700976
0.9,0.8,0.9,0.3,0.28576162,49925,0.039236441541237996
0.8,0.8,0.7,0.3,0.2857683,49925,0.0390427138629789
0.6,0.8,0.6,0.3,0.2857685,49925,0.03914132421501712
0.7,0.4,0.6,0.2,0.28577906,49925,0.038705469658360726
0.9,0.5,0.5,0.3,0.28578013,49925,0.0377760952786811
0.9,0.9,0.6,0.4,0.28578642,49925,0.038229150791118216
0.6,0.2,0.3,0.2,0.28578663,49925,0.0369799375143804
0.6,0.9,0.8,0.3,0.28578785,49925,0.039678451391838614
0.7,0.5,0.7,0.2,0.28579062,49925,0.03914548594052913
0.5,0.2,0.6,0.6,0.285797,49925,0.03642003985960758
0.1,0.2,0.3,0.7,0.2858002,49925,0.03456110542664536
0.6,0.5,0.6,0.2,0.28580236,49925,0.039172333964304036
0.9,0.2,0.4,0.4,0.28581992,49925,0.035785157270263455
0.5,0.5,0.4,0.2,0.28582382,49925,0.03879347692816241
0.1,0.8,0.8,0.5,0.28582656,49925,0.039700625112832066
0.4,0.6,0.5,0.2,0.28582832,49925,0.039582810185778895
0.3,0.2,0.5,0.9,0.28583398,49925,0.03469081209129654
0.1,0.7,0.5,0.3,0.28584003,49925,0.039909349905391724
0.1,0.3,0.4,0.3,0.2858436,49925,0.038846818292103055
0.2,0.6,0.8,0.6,0.2858436,49925,0.038846818292103055
0.9,0.3,0.7,0.3,0.28584382,49925,0.037737192252120556
0.4,0.5,0.8,0.4,0.28584555,49925,0.03920024609037818
0.8,0.7,0.4,0.3,0.28584814,49925,0.037445368820882535
0.2,0.8,0.6,0.3,0.28585416,49925,0.0399937743180214
0.3,0.2,0.5,0.8,0.28586075,49925,0.03516696295376822
0.6,0.3,0.7,0.3,0.2858706,49925,0.03842959422092009
0.4,0.9,0.5,0.4,0.28587526,49925,0.03886985685646408
0.7,0.7,0.5,0.3,0.2858889,49925,0.038453835030556806
0.8,0.5,0.9,0.3,0.28589016,49925,0.038992927552499404
0.5,0.4,0.9,0.8,0.28589088,49925,0.03737447431340983
0.6,0.4,0.8,0.3,0.285892,49925,0.038995354557170445
0.6,0.1,0.1,0.1,0.28589538,49925,0.03277873402084797
0.6,0.6,0.9,0.3,0.28590065,49925,0.039558672548634426
0.4,0.4,0.6,0.2,0.28590065,49925,0.039558672548634426
0.2,0.2,0.3,0.1,0.28590065,49925,0.039558672548634426
0.5,0.9,0.7,0.3,0.28590366,49925,0.039670617176170105
0.5,0.9,0.8,0.3,0.28590897,49925,0.03984232291932958
0.5,0.5,0.6,0.2,0.28591463,49925,0.03945253680485602
0.4,0.8,0.8,0.3,0.28591663,49925,0.03992817242919096
0.1,0.8,0.9,0.7,0.28592172,49925,0.03911446178788064
0.2,0.4,0.5,0.2,0.28592205,49925,0.03990498976508801
0.1,0.9,0.7,0.4,0.28592384,49925,0.039997150083333544
0.1,0.5,0.4,0.2,0.2859264,49925,0.0400441280460259
0.2,0.5,0.5,0.2,0.28593788,49925,0.0400106044547832
0.2,0.7,0.8,0.4,0.28593916,49925,0.03984928705319827
0.7,0.3,0.6,0.2,0.28595257,49925,0.03837334246658859
0.8,0.7,0.3,0.1,0.28595495,49925,0.03686358183121471
0.8,0.7,0.6,0.3,0.28595594,49925,0.03865624074997226
0.1,0.7,0.3,0.4,0.2859633,49925,0.03825562202999923
0.7,0.8,0.6,0.3,0.2859642,49925,0.03892683132942484
0.5,0.4,0.3,0.2,0.28596887,49925,0.038014280860729964
0.5,0.1,0.3,0.4,0.2859707,49925,0.03515297313070979
0.2,0.9,0.4,0.5,0.285978,49925,0.03825003628128516
0.2,0.5,0.7,0.5,0.28598365,49925,0.0388577171137136
0.1,0.7,0.7,0.4,0.2859869,49925,0.03984479823797155
0.6,0.7,0.9,0.3,0.28599155,49925,0.03967281411625305
0.3,0.7,0.8,0.3,0.2859947,49925,0.04008074015164642
0.2,0.6,0.3,0.3,0.28599492,49925,0.038595294837270505
0.8,0.6,0.4,0.3,0.28599524,49925,0.03749635284590455
0.8,0.9,0.9,0.3,0.2859953,49925,0.039498612663342265
0.5,0.6,0.6,0.2,0.28600043,49925,0.03959571493535938
0.9,0.5,0.3,0.2,0.28600374,49925,0.036357341028291607
0.8,0.6,0.5,0.3,0.28600764,49925,0.0381528141475179
0.7,0.8,0.3,0.1,0.28602758,49925,0.03704896205211759
0.1,0.6,0.6,0.3,0.2860279,49925,0.04002910245896555
0.7,0.4,0.9,0.4,0.2860319,49925,0.03855794756484632
0.6,0.9,0.7,0.3,0.28603238,49925,0.03949106324725562
0.2,0.7,0.7,0.3,0.28603396,49925,0.04009371190132586
0.9,0.3,0.4,0.3,0.28603426,49925,0.03668136978711438
0.7,0.8,0.4,0.3,0.28603968,49925,0.03767579329463742
0.5,0.9,0.5,0.4,0.28605896,49925,0.03863772153546479
0.5,0.3,0.6,0.2,0.28606176,49925,0.03898091065343308
0.2,0.3,0.3,0.1,0.28606763,49925,0.03981853526240521
0.6,0.9,0.9,0.3,0.28606763,49925,0.03981853526240521
0.4,0.6,0.6,0.2,0.28606763,49925,0.03981853526240521
0.1,0.7,0.8,0.6,0.2860698,49925,0.03917042951129281
0.2,0.9,0.9,0.4,0.28607324,49925,0.040128759412257985
0.7,0.2,0.7,0.9,0.2860749,49925,0.03534279116205378
0.1,0.3,0.1,0.1,0.28607565,49925,0.0376155725174119
0.3,0.9,0.3,0.3,0.28607565,49925,0.03761557251741189
0.2,0.6,0.2,0.2,0.28607565,49925,0.0376155725174119
0.8,0.2,0.7,0.7,0.28607836,49925,0.035944878732781606
0.7,0.5,0.9,0.3,0.286079,49925,0.03919758762060392
0.5,0.2,0.5,0.2,0.286093,49925,0.038190511377867234
0.6,0.7,0.3,0.2,0.28609383,49925,0.03730743705535185
0.7,0.9,0.8,0.3,0.28609687,49925,0.0394976503643564
0.1,0.7,0.6,0.3,0.2860971,49925,0.040107729074448886
0.4,0.6,0.9,0.4,0.28610307,49925,0.03951276440513329
0.4,0.9,0.8,0.3,0.2861033,49925,0.04000781430397137
0.2,0.7,0.4,0.3,0.28610358,49925,0.03929443331303405
0.7,0.9,0.9,0.3,0.2861049,49925,0.0396652419899355
0.9,0.4,0.9,0.3,0.28611675,49925,0.03853085493924848
0.4,0.9,0.7,0.3,0.28611958,49925,0.03985695622020056
0.3,0.9,0.5,0.4,0.2861317,49925,0.039091157765778504
0.7,0.8,0.9,0.3,0.28614044,49925,0.039573916577180505
0.9,0.2,0.6,0.4,0.2861423,49925,0.03656164518551354
0.2,0.8,0.7,0.3,0.28614578,49925,0.0401416544315811
0.5,0.2,0.6,0.5,0.2861488,49925,0.03687765741058878
0.5,0.3,0.8,0.9,0.2861516,49925,0.03631883221999226
0.4,0.9,0.4,0.4,0.28615588,49925,0.038110779902905366
0.9,0.2,0.7,0.8,0.28616008,49925,0.03552442794537825
0.9,0.6,0.3,0.1,0.2861607,49925,0.03661966226845085
0.5,0.7,0.9,0.3,0.28616115,49925,0.03985386172822216
0.3,0.5,0.3,0.2,0.28616408,49925,0.038879920681267055
0.2,0.6,0.5,0.2,0.286165,49925,0.04010659661016201
0.5,0.8,0.9,0.3,0.28616697,49925,0.039912028251555765
0.6,0.5,0.7,0.2,0.2861723,49925,0.03939919076292769
0.4,0.1,0.2,0.7,0.28617415,49925,0.0325698327632621
0.8,0.2,0.7,0.8,0.28617522,49925,0.03560947372842254
0.8,0.4,0.5,0.2,0.28617638,49925,0.03815488905475442
0.5,0.6,0.5,0.2,0.2861771,49925,0.0393112819380492
0.8,0.5,0.6,0.2,0.2861802,49925,0.03869537336514207
0.7,0.9,0.7,0.3,0.28618032,49925,0.03928569807250166
0.4,0.4,0.7,0.3,0.28618765,49925,0.03925751959456635
0.7,0.6,0.3,0.2,0.28619832,49925,0.03706340218058562
0.5,0.5,0.3,0.2,0.28619885,49925,0.0379862634925529
0.3,0.7,0.4,0.3,0.28620398,49925,0.03902307571014282
0.4,0.7,0.4,0.3,0.28620493,49925,0.0387311562454272
0.5,0.7,0.4,0.3,0.28622013,49925,0.038407626889460304
0.9,0.9,0.8,0.3,0.2862243,49925,0.03916162110313972
0.6,0.9,0.5,0.4,0.2862286,49925,0.038388234571141225
0.1,0.6,0.3,0.3,0.28623405,49925,0.038956062825334994
0.2,0.8,0.2,0.1,0.28623444,49925,0.037349504215758667
0.5,0.1,0.2,0.4,0.28623757,49925,0.0342218255044926
0.3,0.9,0.7,0.3,0.28624016,49925,0.04004088856408947
0.6,0.8,0.9,0.3,0.2862425,49925,0.03975596604801502
0.7,0.5,0.5,0.2,0.28624344,49925,0.03865767686874009
0.7,0.3,0.8,0.4,0.2862476,49925,0.038001591376511566
0.8,0.4,0.6,0.2,0.2862517,49925,0.03844679895580691
0.4,0.2,0.3,0.1,0.2862517,49925,0.03844679895580691
0.3,0.8,0.8,0.3,0.2862549,49925,0.04010764403303064
0.8,0.2,0.7,0.9,0.28625545,49925,0.035290092969390736
0.5,0.6,0.9,0.3,0.28625992,49925,0.03974245269904053
0.9,0.6,0.5,0.3,0.28626126,49925,0.03789649268006245
0.4,0.5,0.6,0.2,0.28626433,49925,0.03970891728986522
0.3,0.4,0.7,0.5,0.28626943,49925,0.0384215925201141
0.7,0.9,0.4,0.3,0.28627473,49925,0.03756527918881176
0.7,0.3,0.9,0.9,0.28627542,49925,0.03644471514622629
0.6,0.6,0.3,0.2,0.28627682,49925,0.03747417730263123
0.7,0.4,0.7,0.2,0.28627816,49925,0.03893860559630191
0.2,0.2,0.4,0.9,0.2862845,49925,0.03415247638368976
0.8,0.8,0.6,0.3,0.28628486,49925,0.03871785421428764
0.4,0.7,0.9,0.3,0.28630865,49925,0.0400339094728506
0.1,0.9,0.8,0.4,0.28631043,49925,0.04013655323252372
0.5,0.3,0.7,0.4,0.28631365,49925,0.038190769616937244
0.6,0.5,0.4,0.2,0.28631395,49925,0.0384681204748535
0.8,0.3,0.5,0.2,0.28631422,49925,0.03779991748721726
0.8,0.4,0.7,0.2,0.2863178,49925,0.03868803789652484
0.9,0.5,0.4,0.3,0.28632408,49925,0.03714677222729552
0.2,0.1,0.2,0.7,0.28632587,49925,0.03241734448480687
0.3,0.9,0.8,0.3,0.28632933,49925,0.04015061592607672
0.2,0.9,0.5,0.4,0.28632998,49925,0.03928340787036526
0.3,0.7,0.9,0.4,0.28633276,49925,0.03982109460963786
0.9,0.2,0.7,0.7,0.2863332,49925,0.03584582145403863
0.8,0.9,0.8,0.3,0.2863332,49925,0.03933265933717257
0.4,0.4,0.8,0.6,0.2863341,49925,0.03804943742830985
0.2,0.2,0.4,0.3,0.2863341,49925,0.03804943742830985
0.5,0.1,0.3,0.3,0.28634194,49925,0.03575503645552309
0.3,0.5,0.6,0.2,0.28634247,49925,0.03996917131859759
0.1,0.9,0.9,0.5,0.28635472,49925,0.03992515199996914
0.5,0.8,0.5,0.3,0.28635654,49925,0.039009484822554036
0.7,0.6,0.6,0.2,0.28635904,49925,0.0390950738777439
0.9,0.3,0.9,0.5,0.28636226,49925,0.03749187690740637
0.4,0.5,0.3,0.2,0.28636396,49925,0.03843297802869291
0.1,0.9,0.4,0.5,0.28636816,49925,0.038508744112028245
0.3,0.7,0.3,0.3,0.28637877,49925,0.03805321188589363
0.7,0.2,0.6,0.3,0.28637877,49925,0.03740104063208537
0.4,0.8,0.9,0.3,0.2863803,49925,0.040100839811793916
0.3,0.1,0.2,0.8,0.28639162,49925,0.03196837432827955
0.6,0.2,0.5,0.2,0.2863973,49925,0.03785235711760119
0.5,0.4,0.9,0.7,0.28640044,49925,0.037722760066514406
0.2,0.8,0.4,0.4,0.28640133,49925,0.03876328924985387
0.1,0.4,0.2,0.2,0.28640133,49925,0.03876328924985387
0.2,0.8,0.5,0.3,0.28640607,49925,0.039724186389978815
0.5,0.8,0.3,0.2,0.28640997,49925,0.03750962353195829
0.1,0.6,0.7,0.5,0.28641096,49925,0.039244739672179785
0.9,0.7,0.6,0.3,0.2864135,49925,0.03845393063315311
0.5,0.4,0.8,0.4,0.28641945,49925,0.0387694748983742
0.7,0.4,0.4,0.2,0.2864334,49925,0.03800134580554482
0.1,0.8,0.4,0.4,0.2864529,49925,0.03902792466631222
0.3,0.1,0.3,0.7,0.2864614,49925,0.03346689114778638
0.2,0.6,0.8,0.5,0.28646585,49925,0.03926830360125597
0.7,0.2,0.7,0.8,0.28646603,49925,0.03568105933308277
0.2,0.6,0.7,0.3,0.28646654,49925,0.04001641568138867
0.4,0.3,0.7,0.6,0.28646797,49925,0.03740075666616381
0.4,0.6,0.4,0.2,0.2864704,49925,0.039206425950397084
0.2,0.3,0.2,0.1,0.2864704,49925,0.039206425950397084
0.6,0.9,0.6,0.3,0.2864704,49925,0.039206425950397084
0.3,0.6,0.9,0.6,0.28647125,49925,0.03887664623078448
0.1,0.2,0.3,0.2,0.28647125,49925,0.03887664623078448
0.2,0.4,0.6,0.4,0.28647125,49925,0.03887664623078448
0.1,0.8,0.8,0.4,0.2864788,49925,0.04007838454078266
0.2,0.5,0.3,0.2,0.2864894,49925,0.03927596483353062
0.9,0.4,0.4,0.3,0.28648964,49925,0.03701554226169718
0.9,0.8,0.7,0.3,0.28648984,49925,0.03882658604617494
0.4,0.8,0.5,0.3,0.28649265,49925,0.039275165427350336
0.8,0.6,0.7,0.2,0.2864948,49925,0.039104918305531554
0.6,0.4,0.7,0.2,0.28649804,49925,0.03922228376197306
0.5,0.9,0.9,0.3,0.28649998,49925,0.03996891592332228
0.9,0.9,0.9,0.3,0.2865006,49925,0.03933242502624055
0.6,0.6,0.6,0.2,0.2865006,49925,0.039332425026240556
0.3,0.3,0.3,0.1,0.2865006,49925,0.039332425026240556
0.8,0.3,0.9,0.6,0.28651577,49925,0.03731104140964412
0.8,0.5,0.7,0.2,0.28651905,49925,0.03889967478482379
0.6,0.5,0.3,0.2,0.28651944,49925,0.037582448372550405
0.5,0.1,0.2,0.3,0.28652522,49925,0.03486509893200125
0.3,0.6,0.6,0.2,0.2865265,49925,0.040040359462927576
0.5,0.3,0.8,0.8,0.28652728,49925,0.036694453453046706
0.4,0.9,0.9,0.3,0.2865305,49925,0.04012038752710836
0.1,0.9,0.3,0.4,0.28653246,49925,0.037889349101367875
0.8,0.9,0.7,0.3,0.28653455,49925,0.03906977103258729
0.2,0.7,0.9,0.6,0.28653684,49925,0.039199770689430265
0.9,0.2,0.3,0.4,0.28655124,49925,0.0349842723769924
0.5,0.5,0.9,0.4,0.28655422,49925,0.03918284414918321
0.8,0.3,0.2,0.1,0.28655687,49925,0.035359068396836835
0.9,0.6,0.4,0.3,0.2865579,49925,0.037197008697889264
0.5,0.1,0.3,0.5,0.28655857,49925,0.03457272241227859
0.4,0.1,0.3,0.7,0.28656083,49925,0.033556947801519764
0.2,0.5,0.8,0.9,0.28656298,49925,0.03731419439494393
0.8,0.7,0.5,0.3,0.286569,49925,0.03821656375329292
0.9,0.2,0.7,0.9,0.28656986,49925,0.03523087331476843
0.1,0.5,0.3,0.2,0.28657305,49925,0.039640203935163265
0.4,0.7,0.6,0.2,0.28657654,49925,0.039902355664584443
0.6,0.4,0.9,0.5,0.28657734,49925,0.03835608523830542
0.1,0.5,0.6,0.4,0.2865814,49925,0.03933790510602875
0.1,0.8,0.3,0.4,0.28658402,49925,0.03810296213839692
0.6,0.6,0.5,0.2,0.28661126,49925,0.03901932529152312
0.5,0.6,0.4,0.2,0.28661388,49925,0.038838829040208155
0.5,0.1,0.2,0.5,0.28661662,49925,0.033593805665651545
0.8,0.8,0.5,0.3,0.28662747,49925,0.038200345246126574
0.3,0.8,0.5,0.3,0.28663084,49925,0.03948892176226667
0.9,0.9,0.4,0.2,0.28663215,49925,0.0372533268530355
0.1,0.7,0.9,0.9,0.28663337,49925,0.038158328302260354
0.6,0.2,0.6,0.3,0.28663734,49925,0.037656204124559604
0.4,0.1,0.2,0.8,0.2866383,49925,0.0319809573864822
0.4,0.5,0.2,0.1,0.2866391,49925,0.0374001747851847
0.1,0.9,0.5,0.4,0.28664255,49925,0.039507622326827405
0.3,0.7,0.6,0.2,0.2866438,49925,0.04012502905176467
0.9,0.6,0.7,0.2,0.2866465,49925,0.03889420967713049
0.2,0.6,0.4,0.2,0.28664902,49925,0.03982998114543924
0.3,0.9,0.6,0.3,0.28664902,49925,0.039829981145439244
0.1,0.3,0.2,0.1,0.28664902,49925,0.03982998114543924
0.8,0.3,0.8,0.3,0.28665107,49925,0.03819267226064121
0.1,0.2,0.2,0.9,0.2866571,49925,0.03236952584753145
0.8,0.5,0.5,0.2,0.2866636,49925,0.03837490885112045
0.6,0.3,0.8,0.5,0.2866705,49925,0.037778109465896374
0.7,0.2,0.4,0.2,0.28667066,49925,0.03714798117971888
0.3,0.6,0.8,0.3,0.28667724,49925,0.03997018005266992
0.1,0.7,0.4,0.3,0.2866816,49925,0.03955884857470274
0.4,0.5,0.9,0.6,0.2866837,49925,0.03853280985813816
0.7,0.2,0.2,0.2,0.28668484,49925,0.03524020005769285
0.9,0.8,0.6,0.3,0.28668737,49925,0.038480447264593196
0.9,0.3,0.3,0.3,0.28668767,49925,0.03581146952215119
0.3,0.1,0.1,0.1,0.28668767,49925,0.035811469522151196
0.6,0.2,0.2,0.2,0.28668767,49925,0.035811469522151196
0.7,0.9,0.6,0.3,0.2866913,49925,0.03896174406139072
0.1,0.1,0.2,0.5,0.28669935,49925,0.0336419035323892
0.2,0.9,0.7,0.3,0.28670263,49925,0.040221911033785515
0.9,0.3,0.8,0.3,0.2867104,49925,0.03797998594419816
0.8,0.2,0.7,0.6,0.28671238,49925,0.03629337139925434
0.5,0.5,0.7,0.2,0.28671622,49925,0.039662509800077995
0.7,0.8,0.5,0.3,0.28671715,49925,0.03846826167530647
0.1,0.5,0.5,0.2,0.28672254,49925,0.0403098466333858
0.1,0.8,0.6,0.3,0.28672588,49925,0.04017883349450882
0.6,0.8,0.5,0.3,0.28672892,49925,0.03874766684838016
0.7,0.6,0.7,0.2,0.286736,49925,0.03930604104542623
0.8,0.4,0.9,0.3,0.2867386,49925,0.03874067191516684
0.2,0.8,0.9,0.4,0.28674397,49925,0.04007603844220602
0.2,0.5,0.2,0.2,0.28674427,49925,0.03794930953148377
0.2,0.9,0.6,0.3,0.28674924,49925,0.04002453767471981
0.6,0.6,0.7,0.2,0.28675342,49925,0.03954731335635734
0.7,0.3,0.9,0.8,0.28675398,49925,0.036756984618593204
0.9,0.5,0.6,0.2,0.28675434,49925,0.03846837760402281
0.9,0.2,0.5,0.3,0.28675514,49925,0.03657656355817959
0.3,0.4,0.6,0.2,0.28676087,49925,0.039839365841785115
0.3,0.6,0.4,0.2,0.28676432,49925,0.03952091255223138
0.5,0.9,0.6,0.3,0.28676474,49925,0.03941470105465514
0.5,0.7,0.6,0.2,0.28676704,49925,0.03966377782593955
0.4,0.5,0.7,0.2,0.28677267,49925,0.03991514058848705
0.3,0.2,0.5,0.4,0.28677756,49925,0.03744660616548269
0.2,0.8,0.8,0.3,0.28678536,49925,0.04029699705681834
0.9,0.2,0.7,0.6,0.28678587,49925,0.03616423988423056
0.6,0.4,0.3,0.2,0.28681657,49925,0.03759286214326756
0.9,0.2,0.2,0.2,0.28682205,49925,0.03418603523562317
0.3,0.8,0.3,0.3,0.2868298,49925,0.03784032406498217
0.5,0.6,0.3,0.2,0.28683728,49925,0.03791410819427777
0.6,0.9,0.4,0.3,0.28684258,49925,0.03788509818440655
0.8,0.5,0.3,0.2,0.28684458,49925,0.0367666560327732
0.5,0.3,0.8,0.7,0.2868458,49925,0.03708767301514102
0.8,0.9,0.6,0.3,0.28685355,49925,0.038724285026531316
0.3,0.9,0.4,0.4,0.2868592,49925,0.038397207190722704
0.9,0.4,0.6,0.2,0.28687263,49925,0.0382101981630676
0.5,0.6,0.7,0.2,0.2868796,49925,0.039778738483379164
0.1,0.8,0.9,0.6,0.28688037,49925,0.03947290614844523
0.7,0.2,0.7,0.6,0.2868858,49925,0.0364261078191732
0.9,0.5,0.7,0.2,0.28689668,49925,0.03868405766663662
0.7,0.2,0.7,0.7,0.2869043,49925,0.03606229412835754
0.6,0.8,0.4,0.3,0.28690645,49925,0.03801959826651567
0.6,0.5,0.9,0.3,0.28690693,49925,0.03939463675564163
0.7,0.3,0.7,0.2,0.28690696,49925,0.03863676857478128
0.1,0.7,0.7,0.3,0.2869103,49925,0.04029272261578159
0.1,0.6,0.8,0.9,0.2869116,49925,0.0376999731912169
0.9,0.8,0.5,0.3,0.2869131,49925,0.03793418826474117
0.4,0.6,0.7,0.2,0.2869142,49925,0.04001025373734664
0.6,0.8,0.3,0.1,0.28691453,49925,0.03748320637521625
0.8,0.5,0.8,0.2,0.2869167,49925,0.03911769464595072
0.9,0.7,0.5,0.3,0.28692698,49925,0.03797117315039755
0.3,0.5,0.8,0.5,0.28693148,49925,0.03889461372270999
0.4,0.9,0.6,0.3,0.28693235,49925,0.03963260890666866
0.4,0.9,0.3,0.2,0.28693274,49925,0.03765731420348509
0.2,0.6,0.9,0.9,0.28693336,49925,0.03784296923216638
0.6,0.7,0.6,0.2,0.2869383,49925,0.03942930311005282
0.2,0.5,0.7,0.4,0.2869404,49925,0.03936321195123796
0.5,0.4,0.2,0.1,0.28694147,49925,0.03706749497317104
0.8,0.2,0.6,0.3,0.28694192,49925,0.03715047622434988
0.8,0.3,0.6,0.2,0.2869469,49925,0.0380922146520542
0.9,0.5,0.8,0.2,0.28695363,49925,0.03887464577018119
0.7,0.6,0.8,0.2,0.28695416,49925,0.03949270374207885
0.1,0.8,0.7,0.3,0.28695968,49925,0.04032253631445866
0.5,0.1,0.2,0.6,0.28696582,49925,0.03300894138964325
0.5,0.8,0.4,0.3,0.28696594,49925,0.03833605184565064
0.1,0.3,0.3,0.1,0.2869682,49925,0.04029150714882673
0.2,0.6,0.6,0.2,0.2869682,49925,0.04029150714882673
0.3,0.9,0.9,0.3,0.2869682,49925,0.04029150714882673
0.5,0.7,0.3,0.2,0.28696883,49925,0.03772131309546619
0.7,0.5,0.3,0.2,0.28697103,49925,0.037163530831632735
0.5,0.7,0.7,0.2,0.28697392,49925,0.03986199170978797
0.6,0.7,0.7,0.2,0.2869746,49925,0.0396452791839464
0.9,0.9,0.5,0.3,0.28697902,49925,0.03789773915050476
0.1,0.4,0.5,0.3,0.28698373,49925,0.03949247533193654
0.5,0.1,0.2,0.7,0.2869896,49925,0.032444027476299
0.9,0.4,0.7,0.2,0.28699905,49925,0.03844541667888159
0.5,0.7,0.5,0.2,0.28700432,49925,0.03936079294025112
0.4,0.7,0.5,0.2,0.28700644,49925,0.039648934652245234
0.2,0.5,0.6,0.2,0.2870084,49925,0.04025911780194183
0.8,0.7,0.7,0.2,0.2870185,49925,0.039231269770981944
0.1,0.9,0.9,0.4,0.28702503,49925,0.04028230326923479
0.7,0.2,0.5,0.2,0.28702623,49925,0.03752946079775748
0.4,0.3,0.3,0.1,0.28702748,49925,0.03887605012631627
0.8,0.6,0.6,0.2,0.28702748,49925,0.03887605012631627
0.2,0.7,0.9,0.5,0.28704673,49925,0.039591838368219424
0.5,0.2,0.6,0.4,0.28705037,49925,0.03737578520289854
0.7,0.6,0.5,0.2,0.28705132,49925,0.03875074227973491
0.2,0.3,0.5,0.3,0.28705454,49925,0.03890206402017821
0.8,0.3,0.4,0.2,0.2870552,49925,0.03738019383903927
0.9,0.9,0.7,0.3,0.2870615,49925,0.03888188682859876
0.8,0.6,0.8,0.2,0.28706157,49925,0.039274730212721584
0.4,0.3,0.4,0.1,0.28706157,49925,0.039274730212721584
0.8,0.6,0.3,0.1,0.28706247,49925,0.03704052564250427
0.9,0.9,0.6,0.3,0.28706372,49925,0.03850113796078203
0.3,0.3,0.2,0.1,0.28706372,49925,0.03850113796078203
0.6,0.6,0.4,0.2,0.28706372,49925,0.03850113796078203
0.1,0.8,0.5,0.3,0.28706557,49925,0.03994929672311336
0.4,0.5,0.8,0.3,0.28706568,49925,0.039623589057227904
0.7,0.7,0.6,0.2,0.28706664,49925,0.039187644862814
0.1,0.6,0.8,0.8,0.28706837,49925,0.03808126845151226
0.9,0.2,0.4,0.3,0.28707075,49925,0.036145616039901456
0.5,0.1,0.1,0.1,0.28707576,49925,0.03368048429245563
0.1,0.6,0.4,0.2,0.28708383,49925,0.040117078766283176
0.8,0.2,0.7,0.5,0.2870896,49925,0.03665552503960768
0.1,0.7,0.2,0.2,0.2870904,49925,0.03778823044670185
0.8,0.2,0.3,0.3,0.28709134,49925,0.035746807796921756
0.3,0.6,0.2,0.1,0.28709581,49925,0.03766000005476416
0.4,0.2,0.6,0.8,0.28709644,49925,0.03552734698079208
0.2,0.1,0.3,0.4,0.28709644,49925,0.03552734698079208
0.8,0.9,0.5,0.3,0.287112,49925,0.038168546492177484
0.7,0.5,0.8,0.2,0.28711239,49925,0.0393468733989507
0.1,0.2,0.3,0.8,0.28711632,49925,0.033924222168481906
0.2,0.9,0.8,0.3,0.28711662,49925,0.04033186688891135
0.3,0.8,0.9,0.3,0.28712484,49925,0.04028381535019707
0.4,0.2,0.6,0.7,0.2871267,49925,0.03600092691927132
0.1,0.7,0.9,0.8,0.2871284,49925,0.03851694070085625
0.8,0.4,0.8,0.2,0.28713176,49925,0.03889032055409921
0.4,0.2,0.4,0.1,0.28713176,49925,0.03889032055409921
0.7,0.7,0.3,0.1,0.287135,49925,0.03728547708568326
0.1,0.5,0.7,0.8,0.28713584,49925,0.03752438828900154
0.4,0.2,0.6,0.9,0.28714025,49925,0.03508816118161622
0.4,0.1,0.1,0.1,0.28715807,49925,0.034694284326377244
0.8,0.2,0.2,0.2,0.28715807,49925,0.034694284326377244
0.5,0.9,0.3,0.1,0.28716278,49925,0.03764593691406786
0.3,0.7,0.5,0.2,0.2871694,49925,0.039904718489001074
0.7,0.4,0.3,0.2,0.28718555,49925,0.03716923641541735
0.5,0.4,0.7,0.2,0.28719467,49925,0.039501110583936704
0.4,0.8,0.4,0.3,0.28719833,49925,0.0386337720851799
0.5,0.8,0.6,0.2,0.28719917,49925,0.03972703572423048
0.7,0.3,0.9,0.7,0.28719968,49925,0.03708946285543304
0.3,0.4,0.8,0.9,0.28720558,49925,0.036865817298952906
0.9,0.6,0.6,0.2,0.28720826,49925,0.038649129099818436
0.9,0.7,0.7,0.2,0.28723016,49925,0.03904223665678289
0.8,0.4,0.4,0.2,0.28724366,49925,0.037665355230152534
0.4,0.2,0.2,0.1,0.28724366,49925,0.037665355230152534
0.1,0.5,0.7,0.9,0.28724444,49925,0.03710398167246301
0.7,0.7,0.7,0.2,0.287247,49925,0.039441105433384575
0.2,0.7,0.8,0.3,0.28725183,49925,0.04026776419435234
0.9,0.4,0.5,0.2,0.28727305,49925,0.03789813853191246
0.1,0.6,0.5,0.2,0.28727505,49925,0.04035153647146412
0.2,0.9,0.9,0.3,0.28727576,49925,0.04047510271742259
0.3,0.3,0.6,0.4,0.28727946,49925,0.038334626182437444
0.1,0.7,0.8,0.5,0.2872842,49925,0.039570042032943044
0.6,0.7,0.5,0.2,0.28728592,49925,0.03907886492894168
0.4,0.7,0.7,0.2,0.28729483,49925,0.04006686812329791
0.9,0.6,0.8,0.2,0.28729513,49925,0.03905106881782027
0.5,0.8,0.7,0.2,0.28729993,49925,0.039922948278333786
0.9,0.8,0.4,0.2,0.28731322,49925,0.03737246574186367
0.2,0.5,0.8,0.8,0.28731748,49925,0.03769752464884861
0.2,0.7,0.3,0.3,0.28732395,49925,0.03845113479334689
0.3,0.5,0.9,0.9,0.28732473,49925,0.03746630871648012
0.4,0.3,0.7,0.5,0.2873286,49925,0.03785994370956342
0.1,0.6,0.8,0.7,0.28733486,49925,0.038496088525313915
0.9,0.7,0.4,0.2,0.28733945,49925,0.03745694594875912
0.3,0.6,0.7,0.2,0.28734192,49925,0.04026247167030758
0.9,0.3,0.9,0.4,0.28735188,49925,0.037819834955126204
0.7,0.7,0.8,0.2,0.28735518,49925,0.03961007087108905
0.3,0.4,0.3,0.1,0.2873577,49925,0.03948126511561528
0.6,0.8,0.6,0.2,0.2873577,49925,0.03948126511561528
0.8,0.7,0.8,0.2,0.2873579,49925,0.039403297971948734
0.9,0.7,0.8,0.2,0.28736904,49925,0.039216498664498924
0.9,0.4,0.8,0.2,0.28737003,49925,0.03865565987038866
0.7,0.3,0.3,0.2,0.2873786,49925,0.0370392101095199
0.8,0.9,0.4,0.2,0.2873789,49925,0.03755898022757641
0.7,0.2,0.7,0.5,0.28737897,49925,0.03681258799603491
0.8,0.8,0.4,0.2,0.2873842,49925,0.03769696681543368
0.4,0.4,0.2,0.1,0.2873842,49925,0.03769696681543368
0.7,0.3,0.2,0.1,0.28738797,49925,0.03592658936601865
0.8,0.6,0.9,0.2,0.2873959,49925,0.03945072431321439
0.5,0.1,0.3,0.2,0.2873968,49925,0.03635718634795367
0.2,0.1,0.3,0.5,0.28740132,49925,0.03468024610612343
0.5,0.4,0.4,0.1,0.287405,49925,0.03915736950334591
0.7,0.5,0.4,0.2,0.28740597,49925,0.038143908513286404
0.5,0.6,0.8,0.2,0.28741074,49925,0.03997115857050109
0.5,0.3,0.4,0.1,0.28743216,49925,0.038851817442571664
0.7,0.3,0.8,0.3,0.28743535,49925,0.03841069199822997
0.4,0.8,0.7,0.2,0.28744552,49925,0.040120319565501925
0.3,0.3,0.4,0.1,0.2874475,49925,0.039718076398495374
0.6,0.6,0.8,0.2,0.2874475,49925,0.039718076398495374
0.1,0.8,0.8,0.3,0.28744903,49925,0.040502602180706435
0.2,0.9,0.3,0.3,0.28745025,49925,0.038003042711692435
0.6,0.2,0.7,0.9,0.28745273,49925,0.03537928784194534
0.5,0.9,0.5,0.3,0.28747356,49925,0.03897588803598238
0.4,0.2,0.5,0.2,0.28747386,49925,0.038529700321142335
0.9,0.2,0.7,0.5,0.28747836,49925,0.03649619929422397
0.3,0.6,0.9,0.5,0.28748453,49925,0.03927274716913657
0.7,0.7,0.5,0.2,0.2874872,49925,0.038808700786813165
0.5,0.2,0.3,0.1,0.2874934,49925,0.03796567257162068
0.8,0.7,0.6,0.2,0.28749925,49925,0.03896137634510888
0.7,0.4,0.8,0.2,0.28749973,49925,0.03915837698803396
0.6,0.5,0.8,0.2,0.2875004,49925,0.039601374058502475
0.2,0.8,0.3,0.3,0.287503,49925,0.03824352553339876
0.4,0.6,0.9,0.3,0.28750476,49925,0.03991931013780336
0.4,0.9,0.5,0.3,0.28750557,49925,0.03921225400617667
0.9,0.5,0.5,0.2,0.2875103,49925,0.038107999425668025
0.6,0.4,0.4,0.1,0.2875142,49925,0.03880013632999287
0.4,0.6,0.3,0.2,0.28751677,49925,0.0383631989067225
0.2,0.7,0.5,0.2,0.28752267,49925,0.04016090408989173
0.6,0.9,0.5,0.3,0.28752372,49925,0.03871468230654879
0.8,0.3,0.9,0.5,0.28752524,49925,0.0376482973057656
0.3,0.8,0.4,0.3,0.28752628,49925,0.03893242455937255
0.2,0.4,0.7,0.8,0.28753608,49925,0.03706884223343788
0.2,0.9,0.4,0.4,0.28754184,49925,0.03868152007998503
0.1,0.9,0.2,0.1,0.28754583,49925,0.03739967828437402
0.9,0.2,0.6,0.3,0.2875471,49925,0.03692137213376142
0.5,0.1,0.3,0.6,0.2875488,49925,0.03403105609682024
0.7,0.8,0.7,0.2,0.2875512,49925,0.039519199858507506
0.2,0.4,0.7,0.9,0.2875527,49925,0.03665145814369011
0.1,0.9,0.6,0.3,0.28755778,49925,0.04020917857051369
0.5,0.3,0.8,0.6,0.2875631,49925,0.03749200202033342
0.8,0.4,0.3,0.2,0.28756326,49925,0.03674690636215474
0.1,0.9,0.7,0.3,0.2875636,49925,0.040377045610786096
0.2,0.6,0.9,0.8,0.28756636,49925,0.03820950576792128
0.9,0.3,0.5,0.2,0.2875774,49925,0.037520679582012134
0.7,0.9,0.5,0.3,0.2875811,49925,0.03845149146968504
0.1,0.4,0.6,0.9,0.28758174,49925,0.03634987692646534
0.6,0.2,0.7,0.8,0.28759068,49925,0.03576440774741968
0.4,0.1,0.2,0.9,0.28759176,49925,0.03145238835601672
0.5,0.1,0.2,0.8,0.2876119,49925,0.03190665886616768
0.2,0.4,0.3,0.1,0.2876167,49925,0.039960593321275
0.4,0.8,0.6,0.2,0.2876167,49925,0.039960593321275
0.8,0.8,0.7,0.2,0.28762144,49925,0.03931105121532382
0.2,0.7,0.6,0.2,0.28762573,49925,0.0403414619564889
0.3,0.4,0.7,0.4,0.28763145,49925,0.03890938005659672
0.1,0.4,0.6,0.8,0.28763306,49925,0.0368210328752928
0.9,0.8,0.8,0.2,0.28763306,49925,0.03933456817331237
0.9,0.7,0.9,0.2,0.28763694,49925,0.039363384819252195
0.9,0.5,0.9,0.2,0.28763786,49925,0.03906537947943757
0.6,0.8,0.7,0.2,0.28764206,49925,0.039720415135224826
0.8,0.3,0.7,0.2,0.28764272,49925,0.03834977686091532
0.9,0.9,0.8,0.2,0.2876433,49925,0.03940694931502449
0.3,0.7,0.7,0.2,0.28764457,49925,0.04027395398496102
0.4,0.4,0.8,0.5,0.28764695,49925,0.03847924513039534
0.9,0.6,0.9,0.2,0.28764838,49925,0.039239222578433874
0.6,0.9,0.7,0.2,0.2876503,49925,0.03977159456124091
0.5,0.7,0.8,0.2,0.28765327,49925,0.040024739769925016
0.7,0.8,0.8,0.2,0.28765377,49925,0.03969478695003221
0.5,0.3,0.3,0.1,0.28765506,49925,0.03840456603220857
0.3,0.7,0.9,0.3,0.28765792,49925,0.04022309552274772
0.5,0.9,0.4,0.3,0.28766745,49925,0.03817889115224135
0.7,0.9,0.7,0.2,0.28767967,49925,0.039576693991256
0.7,0.4,0.9,0.3,0.28768063,49925,0.03893848024316508
0.9,0.4,0.3,0.2,0.28768232,49925,0.03635268349702938
0.3,0.5,0.9,0.8,0.2876839,49925,0.0378480678585887
0.1,0.6,0.7,0.4,0.2876863,49925,0.039712378917503385
0.7,0.2,0.3,0.2,0.2876875,49925,0.03655137588221979
0.2,0.8,0.9,0.3,0.2876913,49925,0.04045595334434167
0.6,0.3,0.9,0.9,0.28769827,49925,0.0364827013671416
0.2,0.1,0.3,0.3,0.28769827,49925,0.036482701367141594
0.4,0.2,0.6,0.6,0.28769827,49925,0.036482701367141594
0.9,0.8,0.7,0.2,0.28770125,49925,0.03912632494988023
0.2,0.1,0.3,0.6,0.28770906,49925,0.033916557013883686
0.5,0.3,0.7,0.3,0.28771058,49925,0.03865677710457335
0.3,0.3,0.7,0.9,0.28771394,49925,0.03609093573467515
0.1,0.5,0.7,0.7,0.28772172,49925,0.03798643492886983
0.2,0.3,0.6,0.9,0.28772303,49925,0.03576868879913762
0.1,0.9,0.8,0.3,0.28772408,49925,0.040513978978623195
0.3,0.4,0.8,0.8,0.28773156,49925,0.037268196842040274
0.4,0.8,0.3,0.2,0.28774047,49925,0.03790630935713593
0.1,0.3,0.4,0.2,0.2877407,49925,0.03971109807232774
0.2,0.6,0.8,0.4,0.2877407,49925,0.03971109807232774
0.6,0.7,0.8,0.2,0.28774583,49925,0.03980137889280032
0.8,0.7,0.4,0.2,0.2877479,49925,0.03779130855065265
0.5,0.4,0.9,0.6,0.2877487,49925,0.03808175120897794
0.8,0.7,0.9,0.2,0.28775054,49925,0.039556352491570496
0.7,0.6,0.4,0.2,0.28775436,49925,0.038184711619822564
0.8,0.2,0.7,0.4,0.2877664,49925,0.03703875506700472
0.6,0.2,0.7,0.7,0.28777283,49925,0.0361597410191355
0.1,0.8,0.9,0.5,0.2877737,49925,0.03983587436525989
0.4,0.1,0.3,0.8,0.28778014,49925,0.03302514009619784
0.9,0.5,0.3,0.1,0.28778583,49925,0.03670373321518578
0.9,0.3,0.6,0.2,0.28778657,49925,0.037815419282564135
0.5,0.1,0.2,0.2,0.28778782,49925,0.03553199327253665
0.7,0.8,0.6,0.2,0.28779003,49925,0.03924795569132988
0.2,0.3,0.6,0.8,0.2877921,49925,0.036221990584761395
0.4,0.4,0.4,0.1,0.2877931,49925,0.03951012883639621
0.8,0.8,0.8,0.2,0.2877931,49925,0.03951012883639621
0.2,0.7,0.9,0.4,0.28780612,49925,0.03999103351583378
0.1,0.7,0.9,0.7,0.2878087,49925,0.03890048204221202
0.3,0.5,0.7,0.2,0.28780943,49925,0.04017287894790695
0.3,0.8,0.7,0.2,0.28780985,49925,0.040322272155593974
0.8,0.9,0.7,0.2,0.28781378,49925,0.039370583468629095
0.7,0.7,0.4,0.2,0.28781414,49925,0.03812612956212845
0.6,0.3,0.8,0.4,0.28781685,49925,0.038194196318743046
0.4,0.6,0.8,0.2,0.28782088,49925,0.04018177325063013
0.2,0.3,0.4,0.1,0.28782088,49925,0.04018177325063013
0.6,0.4,0.5,0.1,0.28782088,49925,0.03911324721033607
0.5,0.5,0.8,0.2,0.28782675,49925,0.039863405116007784
0.1,0.6,0.6,0.2,0.28783482,49925,0.040570378874195547
0.3,0.1,0.2,0.9,0.28783792,49925,0.031377509187126035
0.2,0.5,0.8,0.7,0.28784484,49925,0.03813077027892377
0.3,0.8,0.6,0.2,0.28785047,49925,0.040178241774227054
0.7,0.9,0.4,0.2,0.2878593,49925,0.03789047213989187
0.3,0.1,0.3,0.8,0.28786114,49925,0.03288088544029527
0.6,0.4,0.9,0.4,0.28787473,49925,0.038740756140106844
0.2,0.6,0.7,0.2,0.2878766,49925,0.04051771772278223
0.8,0.6,0.5,0.2,0.2878891,49925,0.03849257228130256
0.2,0.4,0.6,0.3,0.28788915,49925,0.03946620265309853
0.1,0.9,0.4,0.4,0.28788948,49925,0.0389431315856224
0.7,0.7,0.9,0.2,0.28789097,49925,0.03976648832746063
0.4,0.1,0.2,0.1,0.28789547,49925,0.036818163050746235
0.8,0.2,0.4,0.2,0.28789547,49925,0.036818163050746235
0.3,0.9,0.5,0.3,0.2879089,49925,0.03945930530478438
0.3,0.6,0.3,0.2,0.28791404,49925,0.03877803998911276
0.8,0.9,0.8,0.2,0.28791818,49925,0.0395925071944099
0.4,0.4,0.9,0.9,0.2879455,49925,0.03702083900863997
0.6,0.7,0.4,0.2,0.28794816,49925,0.03846984953839251
0.4,0.9,0.4,0.3,0.2879597,49925,0.03849415652254347
0.7,0.8,0.4,0.2,0.28796285,49925,0.03804057164932479
0.9,0.7,0.6,0.2,0.2879678,49925,0.03874111993423057
0.6,0.9,0.8,0.2,0.28797868,49925,0.039940908780688726
0.2,0.4,0.7,0.7,0.28797978,49925,0.037513188059518685
0.8,0.8,0.6,0.2,0.28798118,49925,0.03901485593761425
0.4,0.4,0.3,0.1,0.28798118,49925,0.03901485593761425
0.7,0.6,0.9,0.2,0.28798404,49925,0.03967057523150623
0.4,0.5,0.9,0.5,0.28798696,49925,0.03890324214971645
0.6,0.5,0.5,0.1,0.2879882,49925,0.03933437882663966
0.9,0.2,0.7,0.4,0.2879887,49925,0.03684112008572116
0.1,0.4,0.6,0.7,0.28799337,49925,0.03729540776067269
0.2,0.7,0.7,0.2,0.28799695,49925,0.04051052922302355
0.7,0.9,0.8,0.2,0.28799874,49925,0.039759890891149015
0.7,0.3,0.9,0.6,0.28800014,49925,0.03743488924428701
0.4,0.7,0.4,0.2,0.28800485,49925,0.039164193916894394
0.1,0.9,0.9,0.3,0.2880081,49925,0.04066582962632825
0.4,0.5,0.4,0.1,0.28800964,49925,0.03964701120839336
0.6,0.3,0.2,0.1,0.28800997,49925,0.03653955745954489
0.5,0.7,0.9,0.2,0.28801847,49925,0.04019148771799087
0.4,0.7,0.3,0.2,0.28801852,49925,0.038146933153363864
0.3,0.7,0.4,0.2,0.2880209,49925,0.039487120721599045
0.9,0.8,0.9,0.2,0.2880228,49925,0.039491825692898413
0.5,0.8,0.8,0.2,0.2880293,49925,0.040076874742713285
0.9,0.9,0.7,0.2,0.28802967,49925,0.039148163412088884
0.8,0.9,0.6,0.2,0.288032,49925,0.03903359163319028
0.6,0.3,0.4,0.1,0.28803766,49925,0.03851527162967782
0.2,0.8,0.4,0.3,0.2880383,49925,0.039229748178632756
0.6,0.8,0.8,0.2,0.28804612,49925,0.039889052385679705
0.3,0.4,0.4,0.1,0.28804612,49925,0.039889052385679705
0.1,0.5,0.2,0.2,0.28804734,49925,0.0385393901861433
0.4,0.3,0.6,0.2,0.2880507,49925,0.039273379495893955
0.6,0.6,0.9,0.2,0.28805184,49925,0.039887479395213615
0.5,0.9,0.8,0.2,0.28805792,49925,0.040122176254772546
0.1,0.5,0.6,0.3,0.28805882,49925,0.03990954629313628
0.2,0.6,0.9,0.7,0.28806004,49925,0.038577896071622826
0.7,0.5,0.5,0.1,0.2880624,49925,0.03904142192434764
0.7,0.6,0.3,0.1,0.2880789,49925,0.037474905732708445
0.9,0.9,0.4,0.1,0.2880792,49925,0.03754957131316825
0.5,0.7,0.4,0.2,0.28808942,49925,0.03882237579476781
0.1,0.7,0.3,0.3,0.2880941,49925,0.03881584448613171
0.6,0.3,0.9,0.8,0.28809416,49925,0.036825154682018385
0.2,0.4,0.4,0.1,0.28809455,49925,0.04025868417384734
0.4,0.8,0.8,0.2,0.28809455,49925,0.04025868417384734
0.6,0.3,0.7,0.2,0.2880994,49925,0.03890732830183712
0.6,0.1,0.2,0.7,0.28810164,49925,0.03226024647690182
0.9,0.8,0.6,0.2,0.28810212,49925,0.038782642250484396
0.3,0.5,0.8,0.4,0.28810355,49925,0.0393434431922471
0.8,0.5,0.4,0.2,0.28810373,49925,0.03780437989725729
0.5,0.4,0.8,0.3,0.28810582,49925,0.039194340314314145
0.5,0.1,0.2,0.9,0.28810692,49925,0.03141867235731001
0.5,0.6,0.9,0.2,0.28811714,49925,0.04010974632415144
0.6,0.1,0.2,0.6,0.28811815,49925,0.03277214038085179
0.8,0.5,0.9,0.2,0.288123,49925,0.03929747813601493
0.6,0.7,0.3,0.1,0.2881292,49925,0.03771183734672076
0.4,0.7,0.8,0.2,0.288135,49925,0.04024403684975354
0.2,0.6,0.3,0.2,0.288139,49925,0.03917188802118956
0.6,0.7,0.9,0.2,0.2881427,49925,0.03996572628166348
0.8,0.7,0.5,0.2,0.2881479,49925,0.03854572978816032
0.9,0.6,0.5,0.2,0.28814828,49925,0.03822762564071231
0.1,0.7,0.8,0.4,0.28815168,49925,0.039992815481617615
0.1,0.8,0.4,0.3,0.28815424,49925,0.039530966321980804
0.1,0.5,0.7,0.6,0.28817365,49925,0.03846703196290914
0.1,0.7,0.5,0.2,0.28817368,49925,0.04041331764570059
0.2,0.7,0.2,0.1,0.28818843,49925,0.03783578523788234
0.6,0.2,0.7,0.6,0.28819016,49925,0.03655840026157078
0.4,0.9,0.7,0.2,0.2881917,49925,0.04018492144117217
0.8,0.9,0.9,0.2,0.2882017,49925,0.039740503786603744
0.7,0.8,0.5,0.2,0.2882033,49925,0.03881869098028178
0.8,0.6,0.4,0.2,0.28820583,49925,0.03782514759033227
0.4,0.3,0.2,0.1,0.28820583,49925,0.03782514759033227
0.8,0.3,0.3,0.2,0.2882062,49925,0.03661835293300802
0.5,0.4,0.5,0.1,0.28821024,49925,0.03943367215975152
0.1,0.2,0.3,0.9,0.28822953,49925,0.033319554445640304
0.3,0.3,0.7,0.8,0.28822967,49925,0.0365080985194714
0.5,0.8,0.5,0.2,0.2882326,49925,0.03938504740895859
0.8,0.8,0.9,0.2,0.2882367,49925,0.03965841606484726
0.9,0.6,0.4,0.2,0.28824013,49925,0.03751675630134755
0.7,0.2,0.7,0.4,0.28824088,49925,0.03723900579366881
0.7,0.5,0.9,0.2,0.2882464,49925,0.039554047370871606
0.8,0.6,0.6,0.1,0.28825143,49925,0.039200691855293714
0.1,0.6,0.2,0.2,0.28825492,49925,0.03821034628308429
0.5,0.9,0.7,0.2,0.28825703,49925,0.03997993822432497
0.7,0.4,0.5,0.1,0.28827336,49925,0.03882556077578846
0.7,0.9,0.6,0.2,0.28827646,49925,0.03927450530217705
0.6,0.8,0.5,0.2,0.28827652,49925,0.03908994255312379
0.1,0.1,0.2,0.6,0.2882802,49925,0.03273777849456604
0.9,0.9,0.9,0.2,0.28828248,49925,0.039575119766945256
0.5,0.2,0.4,0.1,0.28829175,49925,0.03841777763348596
0.3,0.2,0.4,0.1,0.2882934,49925,0.03942355797710472
0.6,0.4,0.8,0.2,0.2882934,49925,0.03942355797710472
0.5,0.5,0.4,0.1,0.28830266,49925,0.039267682787628225
0.1,0.4,0.3,0.1,0.28830272,49925,0.04040295673211972
0.2,0.8,0.6,0.2,0.28830272,49925,0.04040295673211972
0.5,0.6,0.5,0.1,0.28830534,49925,0.03976216443498886
0.8,0.8,0.5,0.2,0.28830615,49925,0.038528869796413664
0.9,0.4,0.4,0.2,0.28830817,49925,0.03734600520148546
0.6,0.1,0.2,0.5,0.28831413,49925,0.03328400819217751
0.2,0.3,0.6,0.7,0.28831422,49925,0.03672949301094829
0.8,0.5,0.3,0.1,0.28832358,49925,0.0371433139213304
0.4,0.9,0.8,0.2,0.2883237,49925,0.04029337179732838
0.5,0.8,0.3,0.1,0.28832963,49925,0.03792558792706527
0.7,0.1,0.2,0.8,0.28833032,49925,0.031595352696464366
0.8,0.3,0.9,0.4,0.28833202,49925,0.03800483386861644
0.9,0.3,0.7,0.2,0.2883351,49925,0.038085436134885825
0.3,0.7,0.8,0.2,0.2883379,49925,0.04046394719425265
0.6,0.1,0.2,0.8,0.28835863,49925,0.03178114975696648
0.7,0.2,0.6,0.2,0.28837022,49925,0.03787165866396094
0.3,0.6,0.9,0.4,0.28837058,49925,0.0396552488439838
0.8,0.5,0.6,0.1,0.2883766,49925,0.03903057209351451
0.8,0.2,0.5,0.2,0.2883787,49925,0.03723739308208274
0.2,0.1,0.2,0.8,0.28837895,49925,0.03174316230809209
0.1,0.9,0.5,0.3,0.28838065,49925,0.039946500138940015
0.6,0.3,0.5,0.1,0.28838143,49925,0.0388290972626451
0.9,0.8,0.4,0.1,0.2883825,49925,0.03769187406553495
0.7,0.5,0.6,0.1,0.28839195,49925,0.03928937324998188
0.3,0.8,0.8,0.2,0.2883959,49925,0.04046783544041157
0.3,0.5,0.4,0.1,0.28839916,49925,0.03999398797347106
0.4,0.4,0.9,0.8,0.28840014,49925,0.0373865646877848
0.3,0.5,0.9,0.7,0.28840154,49925,0.03821441292830008
0.1,0.7,0.6,0.2,0.2884025,49925,0.040587666034315545
0.5,0.5,0.9,0.3,0.28840274,49925,0.03957015468441755
0.1,0.8,0.9,0.4,0.28840318,49925,0.040223014734426396
0.6,0.8,0.9,0.2,0.28840464,49925,0.04001938020425948
0.5,0.8,0.9,0.2,0.28840506,49925,0.04022639938051107
0.4,0.3,0.8,0.9,0.28841284,49925,0.03631177442815669
0.7,0.8,0.9,0.2,0.28842008,49925,0.03983553919847187
0.3,0.4,0.5,0.1,0.2884225,49925,0.04017844604625978
0.1,0.3,0.5,0.8,0.28842714,49925,0.035848565401456006
0.8,0.2,0.8,0.9,0.28843075,49925,0.0355195756344373
0.9,0.7,0.5,0.2,0.28843233,49925,0.038273707818834546
0.6,0.1,0.2,0.9,0.28843236,49925,0.031314032468796424
0.3,0.5,0.2,0.1,0.28844553,49925,0.0380427139268682
0.6,0.1,0.3,0.4,0.2884499,49925,0.034904121158305025
0.1,0.4,0.6,0.6,0.28845215,49925,0.037836413839195976
0.5,0.2,0.6,0.3,0.28845292,49925,0.03790066663456553
0.2,0.5,0.7,0.3,0.2884574,49925,0.03985961563674401
0.4,0.4,0.7,0.2,0.28845775,49925,0.03974598351853385
0.9,0.6,0.7,0.1,0.28845924,49925,0.03918973164894816
0.1,0.6,0.7,0.3,0.2884678,49925,0.04021571362210388
0.9,0.2,0.3,0.3,0.28847787,49925,0.035386994046202117
0.9,0.6,0.6,0.1,0.28847793,49925,0.03896406894754435
0.8,0.3,0.8,0.2,0.28848022,49925,0.038590590431080665
0.5,0.3,0.5,0.1,0.28848228,49925,0.039193206753641054
0.3,0.4,0.2,0.1,0.2884841,49925,0.038379820725400075
0.6,0.8,0.4,0.2,0.2884841,49925,0.038379820725400075
0.4,0.2,0.6,0.5,0.2884848,49925,0.036998998274211325
0.7,0.3,0.4,0.1,0.28848535,49925,0.03815261102080449
0.1,0.7,0.7,0.2,0.28849638,49925,0.04077608708149969
0.2,0.9,0.5,0.3,0.28850055,49925,0.03969583096882134
0.6,0.9,0.6,0.2,0.2885051,49925,0.039516179099563745
0.6,0.6,0.5,0.1,0.28850624,49925,0.0394358885936698
0.9,0.7,0.7,0.1,0.28851926,49925,0.039323467629806264
0.2,0.8,0.7,0.2,0.28852612,49925,0.040537482800535506
0.3,0.9,0.4,0.3,0.28853866,49925,0.038823169487146696
0.9,0.8,0.5,0.2,0.2885405,49925,0.03824388875377999
0.4,0.4,0.5,0.1,0.2885434,49925,0.03979568108537161
0.6,0.3,0.3,0.1,0.28854626,49925,0.03792848816007209
0.4,0.8,0.5,0.2,0.2885479,49925,0.039640527573317604
0.5,0.3,0.2,0.1,0.2885489,49925,0.03718787043207465
0.5,0.5,0.5,0.1,0.2885523,49925,0.0396384317428459
0.9,0.3,0.4,0.2,0.2885561,49925,0.037045907450638314
0.9,0.4,0.9,0.2,0.28855628,49925,0.038856807402261946
0.8,0.5,0.5,0.1,0.28855923,49925,0.03874466394766999
0.3,0.9,0.3,0.2,0.28856513,49925,0.038050490704410925
0.1,0.4,0.5,0.2,0.28857014,49925,0.040211508951762225
0.3,0.8,0.5,0.2,0.28859043,49925,0.03992853261776558
0.5,0.9,0.6,0.2,0.28859562,49925,0.039742120464264535
0.3,0.9,0.7,0.2,0.28859913,49925,0.04038633013966129
0.8,0.9,0.4,0.1,0.28860205,49925,0.03787107004183814
0.9,0.3,0.9,0.3,0.28860456,49925,0.038170702192368955
0.6,0.2,0.6,0.2,0.28860456,49925,0.038170702192368955
0.3,0.1,0.3,0.1,0.28860456,49925,0.038170702192368955
0.9,0.5,0.4,0.2,0.288606,49925,0.03748022569086217
0.6,0.5,0.6,0.1,0.28861344,49925,0.039555886681222875
0.6,0.6,0.3,0.1,0.28861594,49925,0.03791832706508508
0.4,0.1,0.4,0.6,0.2886184,49925,0.03462421599095691
0.9,0.9,0.6,0.2,0.2886254,49925,0.03880294363544753
0.7,0.6,0.6,0.1,0.28862542,49925,0.03946354145572565
0.6,0.7,0.6,0.1,0.28862685,49925,0.039824023223026354
0.1,0.6,0.8,0.6,0.28862742,49925,0.038919657495626786
0.3,0.4,0.8,0.7,0.2886287,49925,0.03767536132910145
0.7,0.9,0.9,0.2,0.2886301,49925,0.0399156341522821
0.5,0.1,0.4,0.4,0.28863046,49925,0.035662473312108464
0.1,0.3,0.5,0.9,0.2886358,49925,0.035340255964380105
0.7,0.5,0.3,0.1,0.2886359,49925,0.03758778206598575
0.5,0.4,0.3,0.1,0.28863716,49925,0.038568877870817954
0.9,0.3,0.3,0.2,0.28864372,49925,0.036192375584903534
0.9,0.3,0.8,0.2,0.2886457,49925,0.03833424283077624
0.8,0.2,0.7,0.3,0.2886477,49925,0.037442637998043656
0.6,0.9,0.4,0.2,0.28864968,49925,0.03821997165798409
0.1,0.3,0.5,0.7,0.28865504,49925,0.03639448034405579
0.5,0.1,0.3,0.7,0.28865713,49925,0.033533971371567294
0.9,0.9,0.5,0.2,0.288662,49925,0.03818453085079582
0.2,0.7,0.8,0.2,0.28867236,49925,0.04069702804329547
0.1,0.7,0.8,0.3,0.28868204,49925,0.040433131969238784
0.4,0.1,0.4,0.5,0.28870213,49925,0.035212084089350955
0.4,0.3,0.5,0.1,0.28870744,49925,0.039607831078168926
0.8,0.4,0.5,0.1,0.28871533,49925,0.0385229456181803
0.6,0.6,0.6,0.1,0.2887176,49925,0.039716696283992936
0.6,0.5,0.4,0.1,0.288718,49925,0.03892333222394059
0.7,0.4,0.4,0.1,0.28871876,49925,0.03843549515816389
0.6,0.3,0.9,0.7,0.2887239,49925,0.03718051792403797
0.9,0.5,0.6,0.1,0.28872684,49925,0.03879282579986842
0.3,0.9,0.8,0.2,0.28873807,49925,0.040473993966429374
0.8,0.6,0.7,0.1,0.28874168,49925,0.03941113699472626
0.4,0.9,0.3,0.1,0.28875318,49925,0.03809129666414431
0.8,0.7,0.6,0.1,0.28875577,49925,0.03930386035036716
0.2,0.5,0.8,0.6,0.28876254,49925,0.03855143394818977
0.8,0.9,0.5,0.2,0.28876534,49925,0.03847303138054455
0.4,0.7,0.9,0.2,0.28876603,49925,0.04038974005314642
0.4,0.8,0.9,0.2,0.28876817,49925,0.040425702654894195
0.1,0.7,0.4,0.2,0.28877378,49925,0.04010917971912908
0.1,0.8,0.3,0.3,0.2887739,49925,0.03862958075027519
0.1,0.7,0.9,0.6,0.28879392,49925,0.03928919491722923
0.2,0.4,0.7,0.6,0.28879553,49925,0.03801239600024962
0.1,0.8,0.5,0.2,0.2887981,49925,0.04040729410941842
0.5,0.9,0.9,0.2,0.28880268,49925,0.040236600105662844
0.8,0.4,0.6,0.1,0.28880456,49925,0.03880391016977103
0.1,0.8,0.6,0.2,0.28880954,49925,0.04060467359331878
0.2,0.8,0.8,0.2,0.28881,49925,0.040670010481377916
0.1,0.4,0.4,0.1,0.28881,49925,0.040670010481377916
0.9,0.8,0.7,0.1,0.28881285,49925,0.03941765174803246
0.7,0.1,0.2,0.9,0.28881684,49925,0.031152048706514945
0.3,0.8,0.3,0.2,0.28882763,49925,0.038331377737706535
0.9,0.2,0.8,0.9,0.2888308,49925,0.03545102624107268
0.8,0.8,0.7,0.1,0.2888354,49925,0.03963980447508432
0.1,0.3,0.5,0.6,0.28883788,49925,0.03696841201605598
0.9,0.2,0.8,0.8,0.288838,49925,0.03575261102128267
0.7,0.1,0.2,0.7,0.28884512,49925,0.03203755260479819
0.2,0.7,0.4,0.2,0.28884777,49925,0.039797919566275805
0.2,0.8,0.5,0.2,0.28884932,49925,0.04016587241915522
0.9,0.7,0.4,0.1,0.28885326,49925,0.03778831037645569
0.5,0.3,0.8,0.5,0.28885698,49925,0.03792252277364092
0.2,0.6,0.9,0.6,0.2888574,49925,0.03897313619400159
0.7,0.7,0.6,0.1,0.28886968,49925,0.03955232083782942
0.2,0.5,0.4,0.1,0.28887188,49925,0.04036885096833404
0.1,0.8,0.7,0.2,0.28887635,49925,0.04075677477933817
0.7,0.6,0.5,0.1,0.2888813,49925,0.03915184099440106
0.8,0.4,0.9,0.2,0.28888327,49925,0.03910225711877286
0.9,0.2,0.8,0.7,0.28889096,49925,0.03605815809523348
0.6,0.5,0.3,0.1,0.28889337,49925,0.03804544579476383
0.6,0.2,0.7,0.5,0.2888952,49925,0.036984630763926135
0.8,0.2,0.8,0.8,0.2889027,49925,0.03584041592017527
0.6,0.1,0.2,0.4,0.2889027,49925,0.03383914158606251
0.4,0.1,0.4,0.4,0.2889027,49925,0.03584041592017527
0.7,0.8,0.7,0.1,0.28890342,49925,0.03986561722287396
0.6,0.9,0.9,0.2,0.28890362,49925,0.04007398235678153
0.7,0.3,0.5,0.1,0.28890383,49925,0.03849680789614813
0.3,0.6,0.8,0.2,0.28891054,49925,0.04041908658550017
0.4,0.5,0.8,0.2,0.2889128,49925,0.04008593572539325
0.9,0.2,0.5,0.2,0.28891486,49925,0.036942713281088765
0.2,0.1,0.3,0.7,0.28891537,49925,0.03321820626172345
0.7,0.3,0.9,0.5,0.28891543,49925,0.037801584455821276
0.4,0.5,0.5,0.1,0.28891566,49925,0.039932476138491525
0.3,0.7,0.3,0.2,0.28892052,49925,0.038560852862521464
0.4,0.3,0.7,0.4,0.28892183,49925,0.03836046857282715
0.3,0.2,0.5,0.3,0.28893155,49925,0.03813348094669422
0.5,0.2,0.7,0.8,0.28893661,49925,0.035791535966219985
0.1,0.4,0.6,0.5,0.28894165,49925,0.03841514304338808
0.4,0.4,0.8,0.4,0.2889433,49925,0.03891670598485862
0.3,0.3,0.6,0.3,0.2889433,49925,0.03891670598485862
0.1,0.1,0.2,0.1,0.2889433,49925,0.03891670598485862
0.2,0.2,0.4,0.2,0.2889433,49925,0.03891670598485862
0.5,0.7,0.5,0.1,0.28894496,49925,0.03980263822720036
0.6,0.5,0.9,0.2,0.2889537,49925,0.03978532112211156
0.1,0.5,0.6,0.2,0.28895456,49925,0.04050360555164105
0.8,0.2,0.6,0.2,0.28895473,49925,0.037570108757386825
0.4,0.1,0.3,0.1,0.28895473,49925,0.037570108757386825
0.2,0.3,0.6,0.6,0.2889595,49925,0.03726650948911635
0.1,0.6,0.3,0.2,0.28896093,49925,0.03958787145070635
0.7,0.7,0.7,0.1,0.28896475,49925,0.03977664240857553
0.1,0.9,0.3,0.3,0.28896683,49925,0.03838576318535707
0.5,0.2,0.7,0.9,0.28896883,49925,0.0353863040602159
0.2,0.6,0.8,0.3,0.28897965,49925,0.04017132029366106
0.7,0.9,0.5,0.2,0.2889812,49925,0.038774542050565367
0.8,0.7,0.7,0.1,0.28898478,49925,0.039545591527628376
0.5,0.6,0.4,0.1,0.28898993,49925,0.039319032760507196
0.4,0.9,0.6,0.2,0.28899089,49925,0.039975605439240273
0.7,0.4,0.6,0.1,0.28899756,49925,0.03908451821001651
0.6,0.4,0.6,0.1,0.2889988,49925,0.0393769579241334
0.1,0.8,0.9,0.3,0.28900027,49925,0.04061540984827293
0.1,0.8,0.8,0.2,0.2890007,49925,0.0409207749024238
0.9,0.9,0.8,0.1,0.28901237,49925,0.03970216988965671
0.3,0.9,0.6,0.2,0.28902525,49925,0.0402016722283906
0.2,0.9,0.7,0.2,0.28903043,49925,0.04056341250027517
0.4,0.9,0.9,0.2,0.28903055,49925,0.040428300480053324
0.8,0.1,0.2,0.9,0.28903288,49925,0.0309721800838013
0.7,0.7,0.5,0.1,0.28903496,49925,0.039187319253938
0.6,0.8,0.6,0.1,0.28903973,49925,0.03987009636293533
0.5,0.4,0.9,0.5,0.28904104,49925,0.038494919315193644
0.8,0.7,0.4,0.1,0.28904757,49925,0.03814444305748568
0.6,0.1,0.3,0.5,0.28904805,49925,0.03440938831141712
0.3,0.3,0.7,0.7,0.28905067,49925,0.036945693591526545
0.5,0.8,0.4,0.2,0.28905168,49925,0.03870807345020704
0.8,0.2,0.8,0.7,0.28905845,49925,0.036181931541724686
0.3,0.9,0.9,0.2,0.28906035,49925,0.04061294134561894
0.4,0.5,0.3,0.1,0.28907296,49925,0.03902321781360871
0.4,0.6,0.5,0.1,0.2890872,49925,0.040026108008771794
0.9,0.2,0.7,0.3,0.28908777,49925,0.03720475723843974
0.7,0.6,0.4,0.1,0.2890901,49925,0.038586746365476265
0.5,0.7,0.3,0.1,0.28909057,49925,0.0381683212976137
0.7,0.6,0.7,0.1,0.28909135,49925,0.03964224398301292
0.6,0.9,0.5,0.2,0.28909945,49925,0.03905015895693967
0.8,0.7,0.8,0.1,0.28910372,49925,0.03970772798848238
0.8,0.5,0.7,0.1,0.28912058,49925,0.03924404098420585
0.5,0.1,0.4,0.5,0.28912726,49925,0.0351025350202961
0.4,0.1,0.3,0.9,0.2891311,49925,0.03252276854339184
0.7,0.5,0.7,0.1,0.28913176,49925,0.03950111348026594
0.8,0.8,0.4,0.1,0.2891336,49925,0.03803750724717737
0.7,0.1,0.2,0.6,0.28913367,49925,0.03249869644302697
0.9,0.5,0.7,0.1,0.28913617,49925,0.0390044321538534
0.8,0.8,0.6,0.1,0.2891395,49925,0.03934152218940177
0.9,0.5,0.5,0.1,0.28914154,49925,0.03846166542056568
0.9,0.4,0.6,0.1,0.289142,49925,0.038545309539283715
0.3,0.8,0.9,0.2,0.2891484,49925,0.04062063333530951
0.5,0.5,0.3,0.1,0.28915602,49925,0.038531482014087945
0.4,0.3,0.8,0.8,0.28916827,49925,0.036699905746458907
0.9,0.7,0.8,0.1,0.28917295,49925,0.039503801379179554
0.8,0.6,0.5,0.1,0.289173,49925,0.03885920649624573
0.9,0.8,0.6,0.1,0.2891735,49925,0.039092424518280586
0.6,0.7,0.5,0.1,0.289174,49925,0.039480451004792576
0.7,0.9,0.7,0.1,0.2891814,49925,0.03991643207773025
0.9,0.6,0.8,0.1,0.28919098,49925,0.03935986496347923
0.8,0.9,0.8,0.1,0.28919742,49925,0.03990302778733721
0.6,0.1,0.3,0.3,0.28919828,49925,0.035425611511465345
0.3,0.4,0.7,0.3,0.28919855,49925,0.039436872195156285
0.4,0.6,0.4,0.1,0.2892014,49925,0.039691867345490066
0.6,0.2,0.3,0.1,0.28920794,49925,0.03749196595818717
0.3,0.6,0.5,0.1,0.28920835,49925,0.04032345179406174
0.9,0.7,0.6,0.1,0.28921938,49925,0.03905205014754633
0.6,0.6,0.4,0.1,0.28922847,49925,0.038949183468736305
0.5,0.2,0.5,0.1,0.28922996,49925,0.03881156736724284
0.5,0.6,0.3,0.1,0.28923887,49925,0.038397075283241065
0.5,0.6,0.6,0.1,0.28923893,49925,0.03996350776260834
0.9,0.4,0.5,0.1,0.2892437,49925,0.038248807311422
0.5,0.7,0.6,0.1,0.28925207,49925,0.04004932485758908
0.5,0.9,0.5,0.2,0.2892524,49925,0.03932989287760618
0.7,0.5,0.4,0.1,0.2892553,49925,0.03857136785801911
0.8,0.4,0.4,0.1,0.2892589,49925,0.03806943591326176
0.9,0.2,0.8,0.6,0.2892599,49925,0.03639603194539922
0.8,0.7,0.5,0.1,0.28926024,49925,0.03889853523731637
0.4,0.4,0.9,0.7,0.28926873,49925,0.03778497892005511
0.9,0.8,0.8,0.1,0.28927034,49925,0.039618256458847416
0.5,0.4,0.6,0.1,0.28928056,49925,0.03971321161128705
0.2,0.1,0.3,0.2,0.28928435,49925,0.03754533917374161
0.6,0.3,0.9,0.6,0.28928435,49925,0.03754533917374161
0.4,0.2,0.6,0.4,0.28928435,49925,0.03754533917374161
0.6,0.2,0.4,0.1,0.28929764,49925,0.03799131112517363
0.3,0.1,0.3,0.9,0.28929812,49925,0.032359406387682116
0.2,0.9,0.8,0.2,0.28930822,49925,0.04068257209770661
0.8,0.3,0.4,0.1,0.2893092,49925,0.03778527767624745
0.4,0.5,0.9,0.4,0.28931013,49925,0.039322799286257724
0.1,0.3,0.5,0.5,0.2893214,49925,0.03760796123047492
0.5,0.2,0.2,0.1,0.28932613,49925,0.037044869355479994
0.9,0.9,0.7,0.1,0.28932855,49925,0.03945637287743632
0.2,0.7,0.9,0.3,0.28932887,49925,0.04039288883403448
0.7,0.9,0.4,0.1,0.2893333,49925,0.03823007555022391
0.1,0.8,0.2,0.1,0.2893422,49925,0.037947837361880996
0.2,0.6,0.2,0.1,0.28935218,49925,0.03828117733467822
0.5,0.5,0.6,0.1,0.2893562,49925,0.0398374277915406
0.2,0.9,0.6,0.2,0.28935918,49925,0.04040570537638612
0.1,0.6,0.8,0.5,0.28936732,49925,0.03937447316894619
0.6,0.1,0.2,0.3,0.2893685,49925,0.03442993565813474
0.3,0.5,0.3,0.1,0.28937036,49925,0.03949817669885016
0.8,0.6,0.8,0.1,0.28937143,49925,0.039586106202812
0.2,0.9,0.9,0.2,0.28937277,49925,0.040804634647973625
0.6,0.4,0.3,0.1,0.28937766,49925,0.03809091161180937
0.2,0.9,0.4,0.3,0.28938138,49925,0.039113283861283904
0.9,0.4,0.3,0.1,0.28939408,49925,0.03671497616843493
0.2,0.5,0.5,0.1,0.28939617,49925,0.040561288546028654
0.1,0.5,0.7,0.5,0.28940183,49925,0.03895244982996046
0.1,0.6,0.7,0.2,0.2894121,49925,0.04074332912721099
0.9,0.7,0.9,0.1,0.28941303,49925,0.03964678843950728
0.4,0.5,0.6,0.1,0.28941423,49925,0.04014157507577925
0.3,0.5,0.9,0.6,0.28942907,49925,0.038613087204547245
0.7,0.8,0.6,0.1,0.2894317,49925,0.03960430932472307
0.9,0.7,0.5,0.1,0.28944767,49925,0.03860312330772142
0.3,0.3,0.5,0.1,0.2894533,49925,0.04005096332390337
0.9,0.6,0.4,0.1,0.28945443,49925,0.03785904318572119
0.8,0.6,0.4,0.1,0.2894587,49925,0.03821490877051412
0.2,0.4,0.2,0.1,0.28946167,49925,0.03906225295450718
0.4,0.8,0.4,0.2,0.28946167,49925,0.03906225295450718
0.9,0.6,0.5,0.1,0.28946623,49925,0.03857534673602663
0.3,0.5,0.5,0.1,0.28946728,49925,0.04022164927843615
0.9,0.8,0.9,0.1,0.28946766,49925,0.03975372714111884
0.8,0.3,0.5,0.1,0.28947213,49925,0.038189132861302204
0.8,0.9,0.7,0.1,0.28947306,49925,0.03968224702949042
0.9,0.9,0.6,0.1,0.28947815,49925,0.03911661260941853
0.2,0.8,0.9,0.2,0.28948405,49925,0.04083307389268869
0.3,0.4,0.8,0.6,0.28948867,49925,0.03811477024586314
0.9,0.8,0.5,0.1,0.2894898,49925,0.03857135768973264
0.2,0.4,0.5,0.1,0.2894985,49925,0.04055764515704936
0.1,0.9,0.9,0.2,0.2895054,49925,0.04103562320573373
0.8,0.4,0.7,0.1,0.28951246,49925,0.039022616817562944
0.7,0.4,0.3,0.1,0.28951913,49925,0.03762333141491826
0.4,0.8,0.3,0.1,0.28952062,49925,0.03838871730888897
0.9,0.1,0.2,0.9,0.2895242,49925,0.030758273714293936
0.9,0.4,0.7,0.1,0.28952548,49925,0.03877234235766038
0.7,0.3,0.3,0.1,0.28953195,49925,0.037491944069728424
0.6,0.3,0.6,0.1,0.2895333,49925,0.039108915119946734
0.8,0.1,0.2,0.8,0.28953633,49925,0.031362543768047924
0.6,0.8,0.7,0.1,0.28954348,49925,0.040067388610735354
0.8,0.2,0.3,0.2,0.2895442,49925,0.03616810238788105
0.8,0.8,0.8,0.1,0.28954533,49925,0.039818311704673565
0.3,0.8,0.4,0.2,0.28954607,49925,0.03940853306484318
0.5,0.2,0.7,0.7,0.28954664,49925,0.0362083899500654
0.8,0.8,0.5,0.1,0.28955457,49925,0.03888908729004896
0.2,0.3,0.5,0.2,0.28957373,49925,0.03963324086083799
0.4,0.4,0.6,0.1,0.28957465,49925,0.04005532265915609
0.1,0.9,0.8,0.2,0.28957647,49925,0.04089709402849073
0.1,0.9,0.4,0.3,0.28957814,49925,0.039425986025095346
0.5,0.9,0.4,0.2,0.28958344,49925,0.038568597289844575
0.1,0.9,0.6,0.2,0.2895883,49925,0.04060723369431414
0.1,0.5,0.4,0.1,0.28958994,49925,0.04070318169053171
0.6,0.7,0.7,0.1,0.28959203,49925,0.03998608951127846
0.7,0.3,0.8,0.2,0.28959313,49925,0.03884408101800756
0.5,0.8,0.6,0.1,0.28960103,49925,0.04012364267556301
0.3,0.7,0.9,0.2,0.28960115,49925,0.04061965286274277
0.8,0.5,0.4,0.1,0.28960282,49925,0.03820653070328456
0.6,0.9,0.7,0.1,0.28960794,49925,0.04011755686488667
0.4,0.6,0.9,0.2,0.2896101,49925,0.04031924334943463
0.3,0.6,0.4,0.1,0.28961182,49925,0.04004958013069981
0.6,0.5,0.7,0.1,0.2896191,49925,0.039765266135912664
0.9,0.4,0.4,0.1,0.28962293,49925,0.03774047988356656
0.4,0.7,0.6,0.1,0.28962362,49925,0.040284710381575266
0.7,0.9,0.8,0.1,0.28962433,49925,0.04007988667603129
0.1,0.7,0.9,0.5,0.28962982,49925,0.0396913747577935
0.3,0.5,0.8,0.3,0.28963497,49925,0.03980165906845627
0.6,0.4,0.9,0.3,0.2896398,49925,0.03913187984383195
0.2,0.1,0.2,0.9,0.28964275,49925,0.031123150438220556
0.6,0.6,0.7,0.1,0.28965157,49925,0.03987907558140596
0.8,0.3,0.9,0.3,0.28965366,49925,0.03838035514921949
0.8,0.4,0.3,0.1,0.2896539,49925,0.037167454460962424
0.6,0.3,0.8,0.3,0.28965855,49925,0.038627398858946616
0.1,0.9,0.7,0.2,0.28966412,49925,0.04076415082051834
0.3,0.5,0.6,0.1,0.28966624,49925,0.040478579315688046
0.5,0.1,0.4,0.3,0.2896682,49925,0.03625830326993475
0.2,0.2,0.5,0.7,0.28967237,49925,0.035582329368762364
0.4,0.1,0.4,0.7,0.28967533,49925,0.034082224261646324
0.9,0.2,0.4,0.2,0.2896777,49925,0.036502618822612194
0.8,0.2,0.8,0.6,0.28968206,49925,0.03651978563845871
0.4,0.1,0.4,0.3,0.28968206,49925,0.03651978563845871
0.7,0.8,0.5,0.1,0.28968537,49925,0.039194762624496476
0.7,0.8,0.4,0.1,0.28968552,49925,0.03839785581072608
0.9,0.9,0.9,0.1,0.28969428,49925,0.03986141149032727
0.7,0.2,0.8,0.9,0.2896948,49925,0.035579583255410566
0.7,0.1,0.2,0.5,0.28970525,49925,0.032962273043628476
0.3,0.6,0.9,0.3,0.2897163,49925,0.040073638961971074
0.1,0.2,0.3,0.1,0.2897163,49925,0.04007363896197107
0.2,0.4,0.6,0.2,0.2897163,49925,0.04007363896197107
0.8,0.9,0.6,0.1,0.28973392,49925,0.03937110024172061
0.2,0.7,0.3,0.2,0.289734,49925,0.03902572940592965
0.7,0.7,0.4,0.1,0.28973758,49925,0.03850994220842823
0.5,0.8,0.7,0.1,0.28974032,49925,0.0402619575660839
0.8,0.1,0.2,0.7,0.28974688,49925,0.03177112778690214
0.7,0.8,0.8,0.1,0.28974932,49925,0.040004681203662684
0.5,0.3,0.6,0.1,0.28975043,49925,0.039493819282002726
0.2,0.5,0.8,0.5,0.2897557,49925,0.03900503368857518
0.4,0.9,0.5,0.2,0.28975797,49925,0.03960091245415409
0.7,0.4,0.9,0.2,0.28978157,49925,0.039337894455621615
0.4,0.7,0.5,0.1,0.289784,49925,0.04009566863104923
0.6,0.7,0.4,0.1,0.28979814,49925,0.0389100654779399
0.9,0.9,0.5,0.1,0.28980067,49925,0.03849839562977765
0.4,0.3,0.8,0.7,0.28980517,49925,0.037133287133929695
0.7,0.9,0.6,0.1,0.2898115,49925,0.039613490521993734
0.5,0.6,0.7,0.1,0.28981265,49925,0.04011498132238891
0.7,0.6,0.8,0.1,0.28982738,49925,0.039809792170039826
0.5,0.7,0.7,0.1,0.28983116,49925,0.040189688043571946
0.5,0.1,0.4,0.7,0.28983828,49925,0.03408406672529147
0.2,0.5,0.3,0.1,0.28984705,49925,0.039938210720999755
0.1,0.5,0.5,0.1,0.28984922,49925,0.04091353512640403
0.8,0.7,0.9,0.1,0.28985015,49925,0.03984789132917292
0.9,0.5,0.8,0.1,0.28985924,49925,0.03919197099788588
0.2,0.9,0.3,0.2,0.28986356,49925,0.03848941545601675
0.9,0.2,0.8,0.5,0.28986683,49925,0.03673361185315513
0.4,0.6,0.6,0.1,0.28986958,49925,0.0402041208990309
0.2,0.4,0.7,0.5,0.2898798,49925,0.03850918258355546
0.8,0.9,0.9,0.1,0.28989494,49925,0.04002211223640555
0.5,0.1,0.4,0.6,0.2899046,49925,0.03458027283090347
0.6,0.9,0.6,0.1,0.28990495,49925,0.03986732601904721
0.8,0.5,0.8,0.1,0.28990692,49925,0.03943504927716917
0.6,0.9,0.8,0.1,0.28991163,49925,0.040247380506686574
0.4,0.5,0.7,0.1,0.28991544,49925,0.04036174666466152
0.6,0.8,0.8,0.1,0.28991622,49925,0.040186892682674565
0.5,0.4,0.8,0.2,0.2899258,49925,0.03965807972069793
0.3,0.3,0.7,0.6,0.2899258,49925,0.03743990190592601
0.7,0.3,0.9,0.4,0.28992638,49925,0.03818864720939842
0.7,0.7,0.8,0.1,0.28993118,49925,0.03990997427723588
0.7,0.3,0.6,0.1,0.28993142,49925,0.0387800130054725
0.2,0.2,0.5,0.8,0.2899342,49925,0.03502075412271705
0.6,0.8,0.5,0.1,0.2899425,49925,0.039480563613425335
0.2,0.8,0.3,0.2,0.28994322,49925,0.03877140724938447
0.5,0.1,0.3,0.8,0.28994346,49925,0.03305404155134649
0.6,0.1,0.3,0.6,0.28994998,49925,0.03392005343883962
0.4,0.6,0.3,0.1,0.28995964,49925,0.03888777261674348
0.5,0.7,0.4,0.1,0.2899663,49925,0.039275597936000446
0.2,0.6,0.5,0.1,0.28996763,49925,0.04060947838321082
0.7,0.2,0.7,0.3,0.28996927,49925,0.03767654176191942
0.4,0.8,0.6,0.1,0.28998372,49925,0.04035948273606735
0.9,0.5,0.4,0.1,0.28999543,49925,0.03785645886856936
0.6,0.1,0.3,0.2,0.2900075,49925,0.035964008906677586
0.2,0.2,0.5,0.6,0.29000828,49925,0.03618457494404964
0.9,0.6,0.9,0.1,0.29001185,49925,0.03952069985575506
0.6,0.7,0.8,0.1,0.29002023,49925,0.04012294227626159
0.2,0.6,0.4,0.1,0.2900283,49925,0.040390990696547904
0.1,0.7,0.8,0.2,0.29003277,49925,0.04090183739991672
0.3,0.6,0.6,0.1,0.29003882,49925,0.0404779691571526
0.6,0.4,0.7,0.1,0.29004824,49925,0.03962214473872496
0.7,0.4,0.7,0.1,0.29005685,49925,0.03929953211218508
0.9,0.3,0.5,0.1,0.2900651,49925,0.0378925781569475
0.6,0.2,0.5,0.1,0.29006782,49925,0.03838521529087903
0.1,0.2,0.4,0.7,0.29006898,49925,0.03502563357016358
0.5,0.9,0.7,0.1,0.2900764,49925,0.040333942615051334
0.5,0.8,0.5,0.1,0.2900793,49925,0.039795650346901544
0.1,0.6,0.9,0.9,0.29008466,49925,0.03782279856509095
0.7,0.2,0.8,0.8,0.2900945,49925,0.035925507822045406
0.3,0.7,0.5,0.1,0.29009727,49925,0.04036934936411387
0.5,0.5,0.7,0.1,0.2901018,49925,0.040046977246395415
0.4,0.9,0.4,0.2,0.2901047,49925,0.038904667005989095
0.3,0.9,0.5,0.2,0.2901067,49925,0.03985212447153488
0.3,0.2,0.6,0.8,0.29011565,49925,0.03546626227599414
0.8,0.8,0.9,0.1,0.2901174,49925,0.039928645541147834
0.5,0.3,0.7,0.2,0.29011932,49925,0.03917192269124594
0.3,0.2,0.6,0.9,0.29012722,49925,0.03500804774596181
0.6,0.2,0.2,0.1,0.29013014,49925,0.03639822417350659
0.5,0.5,0.9,0.2,0.29013145,49925,0.04000224116909141
0.8,0.9,0.5,0.1,0.29013264,49925,0.03881768392478902
0.7,0.8,0.9,0.1,0.29013985,49925,0.04012120270465637
0.1,0.9,0.5,0.2,0.29014298,49925,0.04037897111723611
0.1,0.8,0.4,0.2,0.2901439,49925,0.04001444594316141
0.5,0.3,0.9,0.9,0.2901439,49925,0.03650591333107638
0.9,0.1,0.2,0.8,0.290161,49925,0.031124287256395242
0.5,0.2,0.7,0.6,0.29017806,49925,0.03665407182453157
0.1,0.4,0.2,0.1,0.290181,49925,0.03971770839228254
0.2,0.8,0.4,0.2,0.290181,49925,0.03971770839228254
0.6,0.9,0.4,0.1,0.29018778,49925,0.03859314494969782
0.7,0.9,0.9,0.1,0.29019108,49925,0.0401787738722728
0.1,0.5,0.3,0.1,0.2901925,49925,0.04038591202398519
0.9,0.2,0.6,0.2,0.29020163,49925,0.037291346249805464
0.2,0.6,0.9,0.5,0.29020265,49925,0.03938189538179652
0.4,0.8,0.7,0.1,0.29021326,49925,0.040477628966158995
0.2,0.3,0.6,0.5,0.2902153,49925,0.03784766251432955
0.2,0.9,0.5,0.2,0.29022437,49925,0.04011030533337311
0.5,0.3,0.9,0.8,0.2902256,49925,0.036868296443465454
0.6,0.8,0.4,0.1,0.29024374,49925,0.03877133165402653
0.5,0.9,0.6,0.1,0.2902462,49925,0.04014057982704568
0.2,0.6,0.8,0.2,0.29024702,49925,0.040628300202363604
0.1,0.3,0.4,0.1,0.29024702,49925,0.040628300202363604
0.6,0.1,0.4,0.4,0.2902541,49925,0.03544246350474117
0.8,0.3,0.6,0.1,0.29026133,49925,0.03846291637535874
0.1,0.2,0.4,0.6,0.29026803,49925,0.03569267645030134
0.7,0.2,0.8,0.7,0.29026905,49925,0.03628521254756544
0.4,0.6,0.7,0.1,0.29027,49925,0.04041569335184699
0.5,0.9,0.8,0.1,0.29027286,49925,0.0404240462164729
0.8,0.6,0.9,0.1,0.29028296,49925,0.03974421875631995
0.2,0.5,0.2,0.1,0.2902961,49925,0.03872962664572682
0.4,0.7,0.4,0.1,0.29030854,49925,0.03965165353235907
0.8,0.2,0.8,0.5,0.29031837,49925,0.036893955108960624
0.9,0.3,0.4,0.1,0.29032022,49925,0.03744998274778807
0.9,0.2,0.2,0.1,0.2903236,49925,0.03456865144918014
0.4,0.9,0.7,0.1,0.29032388,49925,0.040544755558391696
0.7,0.9,0.5,0.1,0.29032663,49925,0.03913040813512283
0.3,0.7,0.6,0.1,0.29033995,49925,0.04053925928115258
0.2,0.2,0.5,0.9,0.29034925,49925,0.0345069049599059
0.8,0.1,0.2,0.6,0.29035893,49925,0.032190533471451746
0.5,0.4,0.9,0.4,0.2903595,49925,0.038917011670121036
0.6,0.6,0.8,0.1,0.29036134,49925,0.040057477712619055
0.5,0.2,0.6,0.2,0.29036355,49925,0.03847823815701615
0.2,0.5,0.6,0.1,0.29037833,49925,0.04079783904272784
0.6,0.2,0.7,0.4,0.29038137,49925,0.03743715770947575
0.2,0.1,0.3,0.8,0.29038197,49925,0.032569675195888714
0.2,0.6,0.6,0.1,0.2903831,49925,0.04078064978810612
0.4,0.7,0.3,0.1,0.29038727,49925,0.03866959782701896
0.9,0.3,0.9,0.2,0.29039946,49925,0.038565619750739875
0.2,0.5,0.7,0.2,0.29040182,49925,0.04040200999386791
0.7,0.2,0.4,0.1,0.2904123,49925,0.03759147840700125
0.3,0.8,0.6,0.1,0.29041314,49925,0.04058956915854144
0.4,0.4,0.9,0.6,0.29042125,49925,0.03818014264742642
0.5,0.7,0.8,0.1,0.29043233,49925,0.040366349315573896
0.1,0.1,0.2,0.7,0.29043847,49925,0.03193379878584004
0.6,0.1,0.4,0.3,0.29045287,49925,0.03598684654392346
0.1,0.8,0.9,0.2,0.29046935,49925,0.04103642472359436
0.1,0.5,0.8,0.9,0.29046977,49925,0.03727585581589484
0.3,0.4,0.6,0.1,0.2904723,49925,0.040386747572746705
0.6,0.1,0.4,0.5,0.2904893,49925,0.034954347190552695
0.2,0.7,0.5,0.1,0.29049036,49925,0.04063712642078058
0.1,0.7,0.3,0.2,0.2904949,49925,0.039438460410808555
0.2,0.5,0.9,0.9,0.2904964,49925,0.037454305956801284
0.5,0.3,0.8,0.4,0.2905008,49925,0.038365949907672926
0.9,0.3,0.6,0.1,0.2905044,49925,0.03817903745534981
0.1,0.6,0.8,0.4,0.29050475,49925,0.039834484699228775
0.4,0.8,0.5,0.1,0.2905103,49925,0.04008606573599179
0.9,0.2,0.8,0.4,0.29051077,49925,0.037090791534143464
0.6,0.8,0.9,0.1,0.29051292,49925,0.040317038930765776
0.7,0.5,0.8,0.1,0.29053158,49925,0.03969272200206307
0.3,0.6,0.7,0.1,0.2905477,49925,0.04069645700943806
0.1,0.6,0.9,0.8,0.2905488,49925,0.03820995509055873
0.4,0.4,0.8,0.3,0.2905571,49925,0.03938545467306801
0.1,0.7,0.9,0.4,0.2905574,49925,0.04011248471485029
0.7,0.1,0.2,0.4,0.29055762,49925,0.033444462822100555
0.3,0.9,0.3,0.1,0.2905643,49925,0.03852426002845954
0.7,0.7,0.9,0.1,0.29059613,49925,0.04005758985166745
0.5,0.1,0.4,0.2,0.29060647,49925,0.03688958940289066
0.6,0.9,0.5,0.1,0.29061452,49925,0.03942380089755415
0.4,0.7,0.7,0.1,0.29061607,49925,0.04042835546461254
0.8,0.3,0.3,0.1,0.29062206,49925,0.03705195608561732
0.7,0.2,0.8,0.6,0.290623,49925,0.03665236128962854
0.3,0.2,0.6,0.7,0.29062346,49925,0.03596518767176947
0.5,0.8,0.8,0.1,0.29062736,49925,0.04039150614550921
0.7,0.3,0.7,0.1,0.29063666,49925,0.0390487701774692
0.1,0.4,0.6,0.4,0.29063785,49925,0.03899619877213839
0.1,0.6,0.4,0.1,0.29064372,49925,0.040718888065423293
0.3,0.6,0.3,0.1,0.290664,49925,0.039376021938450856
0.3,0.4,0.8,0.5,0.29066688,49925,0.03857187572764565
0.1,0.3,0.5,0.4,0.2906793,49925,0.038315173607815826
0.5,0.6,0.8,0.1,0.29068384,49925,0.04031164262452413
0.9,0.1,0.2,0.7,0.29068822,49925,0.03149503414497373
0.2,0.7,0.9,0.2,0.29069215,49925,0.04080477301595639
0.5,0.8,0.4,0.1,0.29070166,49925,0.03915229784726889
0.6,0.5,0.8,0.1,0.29071513,49925,0.03995985732683653
0.8,0.4,0.8,0.1,0.29073307,49925,0.039233122645810505
0.3,0.5,0.9,0.5,0.29073694,49925,0.03901153891501741
0.9,0.5,0.9,0.1,0.29074287,49925,0.03937108659550421
0.6,0.9,0.9,0.1,0.29075387,49925,0.040354603142668144
0.7,0.2,0.3,0.1,0.2907728,49925,0.03704052899039501
0.9,0.4,0.8,0.1,0.29077876,49925,0.03897770664279237
0.4,0.7,0.8,0.1,0.29078168,49925,0.040593354074089934
0.9,0.2,0.7,0.2,0.2907858,49925,0.03758549996894551
0.6,0.7,0.9,0.1,0.2907875,49925,0.04028984445770029
0.1,0.6,0.6,0.1,0.29079375,49925,0.0410871633426296
0.5,0.9,0.5,0.1,0.29079506,49925,0.039737800894250976
0.3,0.7,0.4,0.1,0.29080158,49925,0.04000559682325339
0.1,0.5,0.7,0.4,0.29080862,49925,0.039484647629554545
0.7,0.6,0.9,0.1,0.29081175,49925,0.03997792288580963
0.7,0.2,0.5,0.1,0.29082075,49925,0.03798364386513966
0.3,0.7,0.7,0.1,0.29082462,49925,0.040668545236116606
0.3,0.9,0.4,0.2,0.29084492,49925,0.039263753974833074
0.3,0.1,0.4,0.5,0.2908506,49925,0.03524802774773075
0.4,0.6,0.8,0.1,0.29086816,49925,0.04057691843857464
0.1,0.4,0.5,0.1,0.2908706,49925,0.04094535228609237
0.6,0.1,0.4,0.6,0.29087442,49925,0.03448559956590977
0.6,0.3,0.9,0.5,0.29087877,49925,0.03793828238915352
0.7,0.2,0.2,0.1,0.2908798,49925,0.03574118441114857
0.1,0.7,0.2,0.1,0.29088143,49925,0.03846315873487593
0.4,0.5,0.9,0.3,0.29088217,49925,0.03975609206217505
0.1,0.2,0.4,0.5,0.29088604,49925,0.03642967214303581
0.4,0.9,0.6,0.1,0.29088625,49925,0.04037042447504216
0.8,0.3,0.7,0.1,0.29088715,49925,0.03873683731611461
0.4,0.9,0.8,0.1,0.29089177,49925,0.040633731441479755
0.5,0.1,0.3,0.1,0.2908986,49925,0.03701399010007527
0.3,0.1,0.4,0.6,0.29090792,49925,0.034594755947167016
0.1,0.6,0.5,0.1,0.29091266,49925,0.040915243843824445
0.7,0.4,0.8,0.1,0.29091412,49925,0.03952506617007526
0.4,0.3,0.8,0.6,0.29091808,49925,0.03757196636252982
0.2,0.7,0.6,0.1,0.29092446,49925,0.040781402109524904
0.4,0.8,0.8,0.1,0.29093784,49925,0.04061026811813122
0.3,0.9,0.7,0.1,0.29094902,49925,0.04074771877747834
0.9,0.1,0.2,0.6,0.29095402,49925,0.03187197963092556
0.8,0.2,0.7,0.2,0.2909606,49925,0.03786167969195266
0.8,0.2,0.2,0.1,0.2909619,49925,0.03514811869100372
0.2,0.8,0.6,0.1,0.29096654,49925,0.04081770867104061
0.4,0.3,0.7,0.3,0.29096663,49925,0.038909213490751535
0.3,0.8,0.7,0.1,0.290969,49925,0.040701920359153876
0.2,0.5,0.9,0.8,0.29097062,49925,0.03785482213064244
0.5,0.1,0.4,0.8,0.2909758,49925,0.03363506303535315
0.1,0.8,0.3,0.2,0.29099113,49925,0.039193768208247576
0.5,0.4,0.7,0.1,0.29099768,49925,0.03994341560539766
0.9,0.2,0.3,0.2,0.29100186,49925,0.03578478377915704
0.2,0.7,0.7,0.1,0.29100206,49925,0.04092781482829415
0.5,0.1,0.3,0.9,0.29100293,49925,0.03259523724210144
0.5,0.9,0.4,0.1,0.29101846,49925,0.038979851200034735
0.4,0.1,0.4,0.8,0.2910503,49925,0.03358547523332368
0.5,0.9,0.9,0.1,0.29105484,49925,0.04055578254919748
0.3,0.8,0.3,0.1,0.29109251,49925,0.03883957325892735
0.2,0.6,0.7,0.1,0.29109794,49925,0.04096351728512617
0.3,0.8,0.5,0.1,0.2911116,49925,0.04035010843926766
0.8,0.5,0.9,0.1,0.29111767,49925,0.03961434983416561
0.6,0.1,0.3,0.7,0.291138,49925,0.033447504922473226
0.5,0.3,0.9,0.7,0.29114,49925,0.03725714613018807
0.6,0.6,0.9,0.1,0.29114023,49925,0.040212008033166304
0.4,0.2,0.5,0.1,0.29114375,49925,0.03924234324167274
0.4,0.8,0.4,0.1,0.29114625,49925,0.03953684272779184
0.5,0.2,0.7,0.5,0.29114634,49925,0.03710336611635698
0.5,0.8,0.9,0.1,0.29114926,49925,0.04053485413459172
0.5,0.7,0.9,0.1,0.2911538,49925,0.04051144413556745
0.6,0.2,0.8,0.9,0.29115447,49925,0.03560593146795339
0.1,0.5,0.8,0.8,0.29115644,49925,0.037669079857136016
0.6,0.2,0.7,0.3,0.29116628,49925,0.03791326518246378
0.8,0.3,0.9,0.2,0.2911723,49925,0.038782144230325624
0.4,0.8,0.9,0.1,0.2912049,49925,0.04074258636113767
0.4,0.3,0.6,0.1,0.29122454,49925,0.039876598333236014
0.3,0.7,0.8,0.1,0.29122645,49925,0.04083489040182215
0.1,0.7,0.5,0.1,0.2912296,49925,0.0409275534375047
0.2,0.9,0.4,0.2,0.29123136,49925,0.039591778960019176
0.4,0.7,0.9,0.1,0.29123393,49925,0.040735107875778824
0.3,0.3,0.6,0.2,0.29125273,49925,0.039554686243852194
0.3,0.1,0.4,0.7,0.29126182,49925,0.034001428561632664
0.3,0.3,0.7,0.5,0.29127365,49925,0.03795591725485717
0.5,0.1,0.2,0.1,0.2912741,49925,0.03620721905311361
0.9,0.3,0.3,0.1,0.29127514,49925,0.03660091367065429
0.1,0.9,0.3,0.2,0.29127598,49925,0.038907033615120885
0.3,0.4,0.9,0.9,0.2912804,49925,0.03702453013318796
0.1,0.6,0.9,0.7,0.29128993,49925,0.03861636384348055
0.8,0.2,0.8,0.4,0.2913002,49925,0.037286526520457525
0.4,0.1,0.4,0.2,0.2913002,49925,0.037286526520457525
0.1,0.2,0.4,0.8,0.291302,49925,0.034396918504628955
0.5,0.5,0.8,0.1,0.2913034,49925,0.04024976750847691
0.3,0.9,0.6,0.1,0.29130554,49925,0.04057877638870231
0.2,0.2,0.5,0.5,0.29133233,49925,0.036816430999067486
0.9,0.2,0.9,0.9,0.29133472,49925,0.0356531636237373
0.3,0.5,0.8,0.2,0.2913368,49925,0.04028774793377869
0.7,0.2,0.7,0.2,0.29135317,49925,0.038150016933737416
0.9,0.3,0.7,0.1,0.29135618,49925,0.038419291640756324
0.2,0.7,0.4,0.1,0.29135698,49925,0.040320960432057754
0.3,0.5,0.7,0.1,0.2913852,49925,0.04065584630690927
0.3,0.8,0.8,0.1,0.29139793,49925,0.04082162860558746
0.7,0.3,0.9,0.3,0.29140162,49925,0.038583120080918944
0.2,0.6,0.3,0.1,0.29140228,49925,0.039826137215435216
0.2,0.4,0.7,0.4,0.29141206,49925,0.039043101985137996
0.4,0.9,0.5,0.1,0.29141212,49925,0.040028565995383576
0.5,0.6,0.9,0.1,0.29141247,49925,0.040464376598033334
0.2,0.6,0.9,0.4,0.29141593,49925,0.039801023905745664
0.3,0.2,0.6,0.6,0.2914185,49925,0.036502862309697244
0.6,0.1,0.4,0.7,0.29144228,49925,0.034044544031046974
0.3,0.9,0.8,0.1,0.29145405,49925,0.040828654588995934
0.6,0.4,0.9,0.2,0.2914549,49925,0.039561110488740316
0.4,0.9,0.9,0.1,0.2914601,49925,0.040741750986035885
0.6,0.3,0.7,0.1,0.29146028,49925,0.039385609681238325
0.8,0.2,0.4,0.1,0.29146037,49925,0.037210159897577144
0.3,0.7,0.3,0.1,0.29147398,49925,0.039120383837565186
0.3,0.4,0.7,0.2,0.29147613,49925,0.03999226360462944
0.3,0.6,0.9,0.2,0.29148775,49925,0.04052988901467091
0.2,0.8,0.5,0.1,0.29150152,49925,0.040620274440593
0.2,0.4,0.8,0.9,0.29150504,49925,0.036826634583120334
0.7,0.5,0.9,0.1,0.29150665,49925,0.039877988771948134
0.1,0.7,0.9,0.3,0.2915192,49925,0.04053743870417618
0.1,0.7,0.6,0.1,0.29152954,49925,0.04106086567703684
0.8,0.1,0.2,0.5,0.29153052,49925,0.03261098885824602
0.4,0.2,0.6,0.3,0.29153842,49925,0.038141107113518674
0.2,0.8,0.8,0.1,0.29154357,49925,0.04104723217701954
0.1,0.7,0.7,0.1,0.2915565,49925,0.0412097213651492
0.6,0.2,0.6,0.1,0.29157257,49925,0.038739887647489486
0.1,0.5,0.6,0.1,0.29157448,49925,0.04114135093898954
0.2,0.7,0.8,0.1,0.29157683,49925,0.04108059613562643
0.2,0.3,0.6,0.4,0.29158503,49925,0.03844176985821557
0.9,0.2,0.9,0.8,0.2915957,49925,0.03595817632563544
0.3,0.1,0.4,0.4,0.29159683,49925,0.03598588680318078
0.6,0.2,0.8,0.8,0.29159683,49925,0.03598588680318078
0.1,0.5,0.8,0.7,0.2916136,49925,0.038119651895440566
0.4,0.2,0.7,0.9,0.29162478,49925,0.03534332509523865
0.3,0.8,0.9,0.1,0.2916265,49925,0.04096436675821362
0.1,0.9,0.4,0.2,0.29162872,49925,0.03990022770318196
0.2,0.9,0.7,0.1,0.29162896,49925,0.040955492192765806
0.4,0.2,0.7,0.8,0.29163313,49925,0.035777393431605305
0.1,0.7,0.4,0.1,0.2916376,49925,0.040683806436289154
0.7,0.1,0.3,0.4,0.2916439,49925,0.03464194471591817
0.1,0.2,0.4,0.4,0.29164648,49925,0.03723976078410306
0.2,0.4,0.8,0.8,0.29164648,49925,0.03723976078410306
0.1,0.4,0.7,0.9,0.29165813,49925,0.036552366309408106
0.2,0.9,0.6,0.1,0.29166108,49925,0.040808631871583206
0.2,0.8,0.7,0.1,0.29166228,49925,0.040924767726448305
0.2,0.5,0.8,0.4,0.29167262,49925,0.039474375565035726
0.9,0.2,0.8,0.3,0.29167998,49925,0.03744824185501242
0.2,0.5,0.9,0.7,0.29168066,49925,0.038245925103183843
0.7,0.1,0.3,0.5,0.2916938,49925,0.034183775343152326
0.6,0.3,0.8,0.2,0.29170015,49925,0.0390949379176013
0.4,0.9,0.4,0.1,0.2917016,49925,0.039356507978586204
0.1,0.6,0.8,0.3,0.29170826,49925,0.04032832495695721
0.6,0.1,0.4,0.8,0.29172307,49925,0.03362663591009341
0.9,0.4,0.9,0.1,0.29172978,49925,0.03917473512425282
0.7,0.1,0.4,0.5,0.291739,49925,0.034784742765103266
0.5,0.4,0.9,0.3,0.2917488,49925,0.039348251119877976
0.6,0.1,0.2,0.2,0.2917608,49925,0.03500119828294329
0.7,0.2,0.6,0.1,0.29176933,49925,0.03835049138310387
0.1,0.8,0.5,0.1,0.29177165,49925,0.04091112818366125
0.3,0.9,0.5,0.1,0.29177886,49925,0.04028281681967021
0.1,0.6,0.3,0.1,0.29177898,49925,0.04026254559686398
0.4,0.4,0.7,0.1,0.29179454,49925,0.040267721519437895
0.3,0.9,0.9,0.1,0.29180557,49925,0.04094287036519521
0.1,0.2,0.4,0.9,0.29182312,49925,0.03381574797106795
0.1,0.6,0.2,0.1,0.2918432,49925,0.038960946073419184
0.3,0.8,0.4,0.1,0.29185355,49925,0.039882225544281495
0.7,0.2,0.8,0.5,0.2918586,49925,0.037053640967376025
0.1,0.5,0.2,0.1,0.29187545,49925,0.039405819293508074
0.2,0.1,0.3,0.9,0.29189497,49925,0.031983851463280144
0.6,0.4,0.8,0.1,0.2918999,49925,0.039814609490365124
0.5,0.1,0.4,0.9,0.291903,49925,0.03319594118018387
0.7,0.1,0.2,0.3,0.29190847,49925,0.03397551856250635
0.9,0.2,0.9,0.7,0.29191932,49925,0.036277303370041605
0.7,0.1,0.4,0.4,0.2919395,49925,0.035234179301330965
0.8,0.3,0.8,0.1,0.29196906,49925,0.03899445313769685
0.2,0.8,0.9,0.1,0.29198262,49925,0.04118730530236968
0.3,0.6,0.8,0.1,0.2919828,49925,0.04083317515158504
0.1,0.5,0.7,0.3,0.29198787,49925,0.04003683956809657
0.9,0.3,0.8,0.1,0.29199007,49925,0.03869485790644835
0.6,0.2,0.8,0.7,0.2919941,49925,0.03636599325791324
0.2,0.9,0.8,0.1,0.29200494,49925,0.04104397251305848
0.8,0.2,0.5,0.1,0.29201,49925,0.0376186041217182
0.8,0.4,0.9,0.1,0.29201213,49925,0.039446337304152354
0.4,0.4,0.9,0.5,0.29203016,49925,0.038610565598395694
0.3,0.2,0.6,0.5,0.29203892,49925,0.037078322137344064
0.2,0.9,0.9,0.1,0.29204848,49925,0.04115811867982295
0.1,0.9,0.6,0.1,0.2920485,49925,0.04105676047535151
0.3,0.4,0.9,0.8,0.29208997,49925,0.0374165550131102
0.1,0.8,0.7,0.1,0.29209498,49925,0.04118493589214265
0.4,0.1,0.4,0.9,0.2921056,49925,0.03310894253423679
0.5,0.3,0.9,0.6,0.29211354,49925,0.03764135728954537
0.3,0.2,0.5,0.2,0.29211655,49925,0.03887765242604867
0.8,0.1,0.2,0.4,0.29213953,49925,0.03305598036894056
0.1,0.4,0.7,0.8,0.29214257,49925,0.03701245426155212
0.1,0.8,0.6,0.1,0.29214966,49925,0.0410458306464259
0.7,0.1,0.3,0.3,0.2921607,49925,0.03510529570563626
0.3,0.1,0.4,0.8,0.29216245,49925,0.03342658630344198
0.6,0.1,0.4,0.2,0.2921844,49925,0.03651264434407954
0.6,0.5,0.9,0.1,0.29218566,49925,0.04014725718537387
0.2,0.7,0.3,0.1,0.2921919,49925,0.039617487848468184
0.6,0.1,0.3,0.8,0.29221246,49925,0.03300233635634644
0.1,0.8,0.8,0.1,0.29221803,49925,0.0413153424725002
0.1,0.6,0.7,0.1,0.2922529,49925,0.04125969014982171
0.1,0.6,0.9,0.6,0.29227605,49925,0.039028048503170314
0.8,0.2,0.9,0.8,0.2922796,49925,0.03605653863598128
0.3,0.9,0.4,0.1,0.29229188,49925,0.03972718088535311
0.3,0.7,0.9,0.1,0.29229206,49925,0.04097765376820464
0.8,0.2,0.8,0.3,0.29229483,49925,0.037694101922055495
0.8,0.2,0.6,0.1,0.2923041,49925,0.03797447094801623
0.8,0.2,0.3,0.1,0.29232094,49925,0.036593071952936825
0.2,0.8,0.4,0.1,0.29232296,49925,0.040219312390322705
0.2,0.9,0.3,0.1,0.29232678,49925,0.03898068478628114
0.2,0.3,0.5,0.1,0.29232958,49925,0.040434486808537444
0.2,0.9,0.5,0.1,0.29234582,49925,0.040563970549599274
0.5,0.2,0.7,0.4,0.29236317,49925,0.03760608524047598
0.9,0.2,0.4,0.1,0.29241914,49925,0.03688047455633417
0.3,0.5,0.9,0.4,0.29245442,49925,0.03946046768453421
0.8,0.2,0.9,0.9,0.29246044,49925,0.03573266304682511
0.1,0.4,0.7,0.7,0.29246727,49925,0.037481107916533
0.9,0.2,0.5,0.1,0.29247183,49925,0.037302737239917456
0.1,0.9,0.8,0.1,0.29248413,49925,0.041270627229825226
0.6,0.3,0.9,0.4,0.29248896,49925,0.03834993100959843
0.9,0.2,0.9,0.6,0.29250377,49925,0.03661631011909959
0.1,0.4,0.6,0.3,0.29251504,49925,0.0396440527451187
0.2,0.4,0.8,0.7,0.2925247,49925,0.03769541569104597
0.4,0.3,0.8,0.5,0.29252577,49925,0.03801979493758055
0.3,0.3,0.8,0.9,0.29254675,49925,0.036280211675000486
0.4,0.5,0.8,0.1,0.29254696,49925,0.04052671463619581
0.2,0.8,0.3,0.1,0.2925679,49925,0.039304646758786484
0.9,0.1,0.2,0.5,0.29258662,49925,0.032271312947740126
0.2,0.3,0.7,0.9,0.29258877,49925,0.03597587539624095
0.3,0.4,0.8,0.4,0.29261562,49925,0.03906005629363759
0.7,0.1,0.4,0.3,0.2926516,49925,0.035686666346715516
0.3,0.4,0.9,0.7,0.2926535,49925,0.037832858431589386
0.4,0.5,0.9,0.2,0.292663,49925,0.040200908284013646
0.2,0.2,0.5,0.4,0.29266626,49925,0.0375355659568691
0.1,0.3,0.5,0.3,0.29266942,49925,0.03907839916810747
0.7,0.1,0.4,0.6,0.2926971,49925,0.03436798049740347
0.7,0.1,0.3,0.6,0.29270548,49925,0.03374089333644064
0.1,0.9,0.7,0.1,0.29272205,49925,0.041161743282296964
0.1,0.9,0.9,0.1,0.2927402,49925,0.04140718866389455
0.2,0.2,0.4,0.1,0.29277134,49925,0.03987822391082073
0.4,0.4,0.8,0.2,0.29277134,49925,0.03987822391082073
0.6,0.1,0.4,0.9,0.2927782,49925,0.03323302938991377
0.1,0.5,0.8,0.6,0.29278573,49925,0.038585353154375134
0.1,0.9,0.5,0.1,0.29278636,49925,0.040871901247470616
0.2,0.6,0.9,0.3,0.29280296,49925,0.040241553948585806
0.7,0.3,0.8,0.1,0.29281682,49925,0.039276323220053595
0.4,0.2,0.7,0.7,0.29282463,49925,0.036234233130058593
0.5,0.3,0.7,0.1,0.29284036,49925,0.039728121750892666
0.3,0.3,0.7,0.4,0.29284537,49925,0.03851569023932937
0.5,0.3,0.8,0.3,0.29284644,49925,0.0388554278157395
0.1,0.7,0.8,0.1,0.29284692,49925,0.041370379439173495
0.6,0.1,0.5,0.5,0.2928657,49925,0.035401008392800644
0.2,0.9,0.4,0.1,0.2928766,49925,0.04007527867302322
0.1,0.1,0.2,0.8,0.29287988,49925,0.031204788832384794
0.7,0.4,0.9,0.1,0.2928945,49925,0.039725436281920004
0.7,0.1,0.4,0.7,0.2929004,49925,0.03395910476494669
0.4,0.6,0.9,0.1,0.29291052,49925,0.04071009174106175
0.6,0.2,0.7,0.2,0.29293314,49925,0.03843115312438283
0.2,0.4,0.6,0.1,0.29294536,49925,0.04075881144510644
0.4,0.2,0.7,0.6,0.29296318,49925,0.036722674390267565
0.5,0.4,0.8,0.1,0.29297334,49925,0.040114448498151545
0.4,0.3,0.7,0.2,0.29298443,49925,0.039473620692714914
0.2,0.5,0.8,0.3,0.2929977,49925,0.03996597857459624
0.8,0.2,0.9,0.7,0.29303557,49925,0.036386225226195
0.1,0.7,0.3,0.1,0.29303932,49925,0.04007453522054087
0.7,0.2,0.8,0.4,0.2930525,49925,0.03748319635341789
0.2,0.5,0.9,0.6,0.2930646,49925,0.038666755769770154
0.2,0.5,0.7,0.1,0.29308674,49925,0.0409671631368485
0.6,0.1,0.3,0.9,0.29315245,49925,0.03256734589590005
0.2,0.6,0.8,0.1,0.2931589,49925,0.041106699987098046
0.6,0.1,0.5,0.4,0.29316255,49925,0.035893657696464895
0.6,0.1,0.5,0.6,0.29316282,49925,0.03492875634841882
0.1,0.8,0.4,0.1,0.29316548,49925,0.04059032084627281
0.3,0.1,0.4,0.3,0.29317307,49925,0.036769667626289415
0.6,0.2,0.8,0.6,0.29317307,49925,0.036769667626289415
0.7,0.1,0.3,0.7,0.29319662,49925,0.03330653570444672
0.5,0.2,0.6,0.1,0.29320467,49925,0.039118468309353206
0.1,0.7,0.9,0.2,0.2932083,49925,0.04099108163882841
0.4,0.3,0.9,0.9,0.29321986,49925,0.03649896657974274
0.2,0.3,0.7,0.8,0.29326847,49925,0.036445628735485014
0.7,0.3,0.9,0.2,0.29331982,49925,0.03901961956184162
0.3,0.1,0.4,0.9,0.29335773,49925,0.03290778330316815
0.9,0.2,0.6,0.1,0.29335847,49925,0.03763540121275495
0.3,0.3,0.8,0.8,0.2933697,49925,0.036690276171500606
0.1,0.8,0.9,0.1,0.29340115,49925,0.04144900527746841
0.1,0.6,0.9,0.5,0.29342255,49925,0.03946954036474686
0.5,0.5,0.9,0.1,0.29344076,49925,0.04040836289756348
0.9,0.2,0.8,0.2,0.2934537,49925,0.03784386766248163
0.5,0.1,0.5,0.7,0.2934569,49925,0.03451857795584562
0.2,0.7,0.9,0.1,0.29346994,49925,0.04123355857506009
0.9,0.2,0.3,0.1,0.29349855,49925,0.03616866536507589
0.9,0.2,0.9,0.5,0.29351723,49925,0.03695182813486199
0.5,0.2,0.8,0.9,0.29352427,49925,0.03561290413333928
0.1,0.3,0.6,0.9,0.29352936,49925,0.035618861810259396
0.1,0.4,0.7,0.6,0.2935505,49925,0.03800623812219154
0.1,0.6,0.8,0.2,0.29355666,49925,0.04083469219954404
0.5,0.1,0.5,0.6,0.2935603,49925,0.035021292231250785
0.7,0.1,0.4,0.8,0.29356506,49925,0.033560348016594015
0.5,0.1,0.4,0.1,0.29357752,49925,0.0375858745478394
0.9,0.3,0.9,0.1,0.2935867,49925,0.03891811779819763
0.1,0.5,0.7,0.2,0.2936163,49925,0.04063093409720772
0.5,0.1,0.5,0.8,0.29368034,49925,0.03405844040596863
0.5,0.3,0.9,0.5,0.29370034,49925,0.038060439394169324
0.8,0.2,0.9,0.6,0.2937279,49925,0.03672763842712416
0.1,0.9,0.3,0.1,0.2937321,49925,0.03946111829296457
0.6,0.2,0.8,0.5,0.2937377,49925,0.03720122114126257
0.1,0.2,0.4,0.3,0.29373983,49925,0.03815562446654858
0.2,0.4,0.8,0.6,0.29373983,49925,0.03815562446654858
0.5,0.1,0.5,0.5,0.29374585,49925,0.035502985420594796
0.5,0.4,0.9,0.2,0.29374653,49925,0.039800250994816815
0.6,0.1,0.5,0.3,0.293791,49925,0.036405031162008515
0.4,0.3,0.9,0.8,0.29380772,49925,0.03689011188090322
0.2,0.4,0.7,0.3,0.29382363,49925,0.039609756666853006
0.4,0.4,0.9,0.4,0.29384357,49925,0.03906302619607539
0.6,0.1,0.3,0.1,0.29384983,49925,0.036501442584723716
0.7,0.1,0.3,0.2,0.2938678,49925,0.035563549212421275
0.7,0.1,0.3,0.8,0.2939042,49925,0.03290003719251293
0.9,0.1,0.2,0.4,0.2939277,49925,0.03265153926458834
0.8,0.1,0.2,0.3,0.29393739,49925,0.033514419586906874
0.1,0.5,0.8,0.5,0.29396403,49925,0.03907704562363398
0.1,0.8,0.3,0.1,0.29397023,49925,0.03979924635599708
0.5,0.1,0.5,0.4,0.29398125,49925,0.036080519755515766
0.5,0.2,0.7,0.3,0.2940037,49925,0.03814588975328664
0.6,0.4,0.9,0.1,0.29401314,49925,0.03999052715217625
0.1,0.3,0.6,0.8,0.29401496,49925,0.03610813479330527
0.3,0.4,0.7,0.1,0.2940153,49925,0.040583327573925916
0.6,0.1,0.5,0.7,0.29401553,49925,0.03446971953202321
0.1,0.9,0.4,0.1,0.2940226,49925,0.04042785893837795
0.9,0.2,0.9,0.4,0.29402328,49925,0.03731457540937165
0.7,0.2,0.9,0.8,0.294024,49925,0.03613655602957745
0.7,0.1,0.5,0.4,0.2940432,49925,0.03566633735344011
0.7,0.2,0.9,0.9,0.29405314,49925,0.03577878807932411
0.8,0.1,0.4,0.5,0.29408234,49925,0.03458792068040994
0.3,0.5,0.9,0.3,0.29409578,49925,0.039897051814636396
0.7,0.1,0.5,0.5,0.29409948,49925,0.03520812614266047
0.7,0.1,0.4,0.2,0.29410383,49925,0.036165700998596374
0.5,0.2,0.8,0.8,0.29410815,49925,0.03600880953139733
0.2,0.3,0.7,0.7,0.29414067,49925,0.03693084277503682
0.6,0.1,0.5,0.8,0.29416707,49925,0.034051405096548054
0.7,0.2,0.7,0.1,0.29416972,49925,0.03864126316864203
0.3,0.5,0.8,0.1,0.29417005,49925,0.040806265939158155
0.4,0.1,0.4,0.1,0.29420125,49925,0.038115771379486935
0.8,0.2,0.8,0.2,0.29420125,49925,0.038115771379486935
0.3,0.3,0.8,0.7,0.294213,49925,0.037146193443937735
0.8,0.3,0.9,0.1,0.29424584,49925,0.03917753709027397
0.7,0.1,0.5,0.6,0.29424584,49925,0.03480168235530581
0.3,0.2,0.6,0.4,0.29430768,49925,0.03767903076263211
0.7,0.1,0.2,0.2,0.2943093,49925,0.03448927358374501
0.9,0.2,0.7,0.1,0.29432148,49925,0.037956491753896635
0.7,0.2,0.8,0.3,0.29432774,49925,0.03791135722799511
0.8,0.2,0.7,0.1,0.29435825,49925,0.038299880852675675
0.3,0.3,0.6,0.1,0.29436344,49925,0.040234345666002355
0.7,0.1,0.5,0.3,0.29436994,49925,0.03613215305911931
0.2,0.6,0.9,0.2,0.29437032,49925,0.04071172693961308
0.8,0.1,0.4,0.6,0.29437548,49925,0.03422102099981196
0.4,0.2,0.7,0.5,0.29441255,49925,0.037224584064652025
0.6,0.1,0.2,0.1,0.2944233,49925,0.035587961516161455
0.2,0.3,0.6,0.3,0.29443777,49925,0.03909351364027564
0.2,0.5,0.9,0.5,0.29445213,49925,0.039116225476851146
0.4,0.2,0.6,0.2,0.29451323,49925,0.03879812246106564
0.2,0.1,0.3,0.1,0.29451323,49925,0.03879812246106564
0.6,0.3,0.9,0.3,0.29451323,49925,0.038798122461065655
0.3,0.6,0.9,0.1,0.29451776,49925,0.04096382963519176
0.7,0.1,0.4,0.9,0.29452407,49925,0.03320381511974216
0.4,0.3,0.8,0.4,0.29455006,49925,0.03851624029261105
0.8,0.2,0.9,0.5,0.29457316,49925,0.03710853280947579
0.3,0.4,0.9,0.6,0.29457605,49925,0.0382567132049014
0.8,0.1,0.4,0.4,0.29459268,49925,0.035007333120913385
0.8,0.1,0.4,0.3,0.2945938,49925,0.0354025325176359
0.1,0.4,0.6,0.2,0.29463455,49925,0.04033825139410305
0.5,0.2,0.8,0.7,0.29464555,49925,0.036427679847218945
0.2,0.3,0.7,0.6,0.2946521,49925,0.037447876280891926
0.6,0.3,0.8,0.1,0.2946524,49925,0.03958339802815295
0.4,0.3,0.9,0.7,0.29468164,49925,0.03729598684912491
0.1,0.3,0.6,0.7,0.29475778,49925,0.036626606215210716
0.5,0.1,0.5,0.9,0.29477477,49925,0.033623195939883076
0.7,0.1,0.5,0.7,0.2948191,49925,0.03440210286831636
0.8,0.1,0.3,0.4,0.2948317,49925,0.03435185489672655
0.7,0.2,0.9,0.7,0.29490018,49925,0.0364967678478476
0.5,0.1,0.5,0.3,0.29491436,49925,0.03667032368202879
0.2,0.2,0.5,0.3,0.29494154,49925,0.03829864352442648
0.1,0.5,0.9,0.9,0.2949499,49925,0.037402775028884776
0.7,0.1,0.5,0.8,0.29497325,49925,0.03402426346971301
0.3,0.4,0.8,0.3,0.29497364,49925,0.03955677279353536
0.7,0.1,0.3,0.9,0.29497835,49925,0.032500443847492386
0.8,0.1,0.3,0.5,0.29500037,49925,0.033944183560018756
0.8,0.1,0.4,0.7,0.29502735,49925,0.03385038398216987
0.3,0.1,0.4,0.2,0.2950347,49925,0.03765085155493591
0.6,0.2,0.8,0.4,0.2950347,49925,0.03765085155493591
0.2,0.5,0.8,0.2,0.29503882,49925,0.04050885015151279
0.6,0.1,0.5,0.9,0.29504234,49925,0.03366613388966929
0.8,0.1,0.3,0.6,0.2950617,49925,0.033524793118550944
0.4,0.5,0.9,0.1,0.2950892,49925,0.040660063103880935
0.1,0.6,0.9,0.4,0.29510295,49925,0.03993699788067925
0.1,0.4,0.7,0.5,0.29510963,49925,0.03855114469110741
0.8,0.1,0.5,0.5,0.29516384,49925,0.035065406943985696
0.7,0.1,0.5,0.9,0.29517215,49925,0.03365352302821322
0.8,0.1,0.5,0.6,0.2951751,49925,0.03466668829892171
0.1,0.1,0.2,0.9,0.2951882,49925,0.03051464382658164
0.4,0.4,0.8,0.1,0.2952147,49925,0.040411701583346525
0.5,0.3,0.8,0.2,0.29522926,49925,0.0393693678628338
0.4,0.1,0.5,0.6,0.29524833,49925,0.03503817969478711
0.8,0.1,0.3,0.3,0.29527897,49925,0.03474925341247625
0.8,0.1,0.3,0.7,0.29529446,49925,0.03313894557604996
0.6,0.1,0.5,0.2,0.29529905,49925,0.03696495693505723
0.6,0.2,0.9,0.9,0.29534602,49925,0.035810679393586495
0.3,0.3,0.7,0.3,0.29535186,49925,0.039089140986902984
0.7,0.1,0.5,0.2,0.2953545,49925,0.036627796481282816
0.7,0.2,0.9,0.6,0.29537752,49925,0.03686283565207779
0.3,0.2,0.5,0.1,0.2954296,49925,0.03970964227381529
0.9,0.2,0.9,0.3,0.29543778,49925,0.037676349378368106
0.6,0.1,0.4,0.1,0.29544756,49925,0.037076717059009785
0.6,0.2,0.7,0.1,0.29552373,49925,0.03898534641943696
0.4,0.4,0.9,0.3,0.29552737,49925,0.03950534935748495
0.4,0.1,0.5,0.7,0.29553416,49925,0.03449819666634828
0.2,0.4,0.8,0.5,0.2955678,49925,0.03864735213167208
0.4,0.1,0.5,0.8,0.2955737,49925,0.0340111581372286
0.2,0.2,0.6,0.8,0.29560542,49925,0.0353206871741236
0.1,0.1,0.3,0.4,0.29560542,49925,0.0353206871741236
0.8,0.1,0.5,0.7,0.2956386,49925,0.03430106460555328
0.3,0.3,0.8,0.6,0.295649,49925,0.03761012044213185
0.1,0.6,0.8,0.1,0.29567406,49925,0.04138063945510209
0.5,0.2,0.8,0.6,0.29572093,49925,0.036870337809181954
0.1,0.5,0.8,0.4,0.2957324,49925,0.03959345048054455
0.4,0.1,0.5,0.9,0.29576463,49925,0.03354095778233437
0.8,0.1,0.5,0.3,0.29576927,49925,0.03587748763633967
0.1,0.3,0.6,0.6,0.2957713,49925,0.03719345180406133
0.1,0.3,0.5,0.2,0.29577166,49925,0.03989137965773124
0.1,0.5,0.9,0.8,0.29579365,49925,0.037806580352161244
0.8,0.2,0.9,0.4,0.2958011,49925,0.037485038325169986
0.1,0.7,0.9,0.1,0.2958102,49925,0.041476142482540036
0.8,0.1,0.4,0.8,0.2958223,49925,0.03349260452043428
0.2,0.4,0.7,0.2,0.2958655,49925,0.040208632276074574
0.8,0.1,0.5,0.4,0.29586667,49925,0.035452463478188236
0.2,0.2,0.6,0.9,0.2959016,49925,0.03483944497852119
0.9,0.1,0.2,0.3,0.29590744,49925,0.03305124042086151
0.7,0.2,0.8,0.2,0.29591465,49925,0.03837497367799349
0.3,0.5,0.9,0.2,0.29594082,49925,0.04037606015437282
0.4,0.3,0.7,0.1,0.29595017,49925,0.0400802070914231
0.6,0.2,0.9,0.8,0.29595977,49925,0.036175977695196884
0.4,0.1,0.5,0.5,0.296009,49925,0.03562610592876905
0.4,0.2,0.7,0.4,0.29601964,49925,0.03775890928156171
0.5,0.3,0.9,0.4,0.29602206,49925,0.038516268448831485
0.8,0.1,0.3,0.8,0.2960478,49925,0.03276574853431169
0.3,0.4,0.9,0.5,0.29608083,49925,0.038702431480044854
0.7,0.3,0.9,0.1,0.29608345,49925,0.03944676570689275
0.7,0.2,0.9,0.5,0.2960897,49925,0.037248629610149075
0.2,0.4,0.9,0.9,0.2961403,49925,0.03696930191157762
0.3,0.2,0.7,0.9,0.29624248,49925,0.0352687596639661
0.8,0.1,0.5,0.8,0.29625216,49925,0.033956385037497976
0.9,0.1,0.4,0.4,0.29630294,49925,0.034757276504168974
0.9,0.1,0.4,0.5,0.2963169,49925,0.0344142449041074
0.5,0.1,0.5,0.2,0.29634747,49925,0.03731816066470459
0.5,0.4,0.9,0.1,0.29635498,49925,0.040268729686738246
0.8,0.1,0.3,0.9,0.2963555,49925,0.03239845538726968
0.6,0.2,0.8,0.3,0.29636776,49925,0.03811612919629275
0.6,0.3,0.9,0.2,0.29637897,49925,0.039254314068227214
0.5,0.2,0.7,0.2,0.29641816,49925,0.03871632976398296
0.9,0.1,0.4,0.6,0.29644272,49925,0.034063868638769666
0.8,0.1,0.2,0.2,0.29644305,49925,0.03398786976642621
0.1,0.5,0.7,0.1,0.29648468,49925,0.04124530165931835
0.7,0.1,0.3,0.1,0.2965217,49925,0.036040110893345786
0.1,0.1,0.3,0.5,0.29653233,49925,0.03436453193914868
0.1,0.6,0.9,0.3,0.29655135,49925,0.04043004666967003
0.2,0.5,0.9,0.4,0.29659134,49925,0.03957590024195825
0.8,0.1,0.5,0.9,0.29662806,49925,0.03361508871137164
0.4,0.3,0.9,0.6,0.2966318,49925,0.03770641132804921
0.3,0.4,0.8,0.2,0.29665336,49925,0.04008694823971007
0.1,0.4,0.8,0.9,0.29667014,49925,0.036732604168047925
0.2,0.2,0.6,0.7,0.29668206,49925,0.035856865685798024
0.3,0.2,0.7,0.8,0.29668766,49925,0.03572306304414144
0.8,0.1,0.4,0.9,0.29669747,49925,0.03315216357259786
0.1,0.5,0.9,0.7,0.2967124,49925,0.038245130452491956
0.9,0.1,0.5,0.6,0.29678625,49925,0.03451697136566145
0.8,0.2,0.8,0.1,0.29680577,49925,0.03856546034312185
0.2,0.1,0.4,0.6,0.29680908,49925,0.034443426649329804
0.2,0.3,0.7,0.5,0.29681462,49925,0.0380142413882681
0.9,0.1,0.4,0.7,0.29683664,49925,0.03371391354307838
0.9,0.2,0.8,0.1,0.29684037,49925,0.03825315690263734
0.1,0.3,0.6,0.5,0.29684368,49925,0.03782725103484126
0.1,0.4,0.7,0.4,0.29687196,49925,0.03913829479221439
0.2,0.6,0.9,0.1,0.29688302,49925,0.0412102082776059
0.8,0.2,0.9,0.3,0.2968906,49925,0.03788575388197394
0.4,0.1,0.5,0.4,0.29691005,49925,0.03624577911299445
0.6,0.1,0.6,0.7,0.2969151,49925,0.03484889313157541
0.4,0.3,0.8,0.3,0.29693696,49925,0.03905525176420852
0.7,0.1,0.6,0.6,0.29694843,49925,0.035170545545527954
0.5,0.2,0.8,0.5,0.29697442,49925,0.03731601179928531
0.2,0.3,0.6,0.2,0.29698953,49925,0.03979232236851679
0.6,0.2,0.9,0.7,0.29701942,49925,0.03655873190371053
0.9,0.2,0.9,0.2,0.29703188,49925,0.03806908928606857
0.2,0.4,0.9,0.8,0.297069,49925,0.03738164664765633
0.6,0.1,0.6,0.6,0.29713076,49925,0.03528343022208465
0.8,0.1,0.5,0.2,0.29713473,49925,0.036300176717886934
0.9,0.1,0.5,0.5,0.2971547,49925,0.0348734841743063
0.8,0.1,0.4,0.2,0.29716185,49925,0.035813495931569246
0.8,0.1,0.3,0.2,0.2971661,49925,0.03518145890118805
0.2,0.1,0.4,0.5,0.29717976,49925,0.035188417066424546
0.7,0.1,0.6,0.5,0.29723814,49925,0.03560913771683352
0.9,0.1,0.5,0.4,0.29724425,49925,0.035257568313965704
0.7,0.1,0.6,0.7,0.29725844,49925,0.03477846602282033
0.8,0.1,0.6,0.5,0.29726937,49925,0.03542576943303908
0.2,0.4,0.8,0.4,0.29728982,49925,0.03916042813674917
0.1,0.2,0.4,0.2,0.29728982,49925,0.03916042813674917
0.3,0.2,0.6,0.3,0.29730445,49925,0.03833936316801428
0.2,0.5,0.8,0.1,0.29732567,49925,0.041066763026920576
0.2,0.1,0.4,0.7,0.2973259,49925,0.03376726056535841
0.9,0.1,0.5,0.7,0.29734817,49925,0.034198207095758625
0.7,0.1,0.4,0.1,0.29738164,49925,0.03663213370401184
0.1,0.4,0.6,0.1,0.297416,49925,0.041069950016131715
0.6,0.1,0.5,0.1,0.29742986,49925,0.03756988349627911
0.4,0.2,0.8,0.9,0.2974376,49925,0.035593558682321606
0.9,0.1,0.3,0.6,0.29745287,49925,0.03332499123242278
0.9,0.1,0.3,0.5,0.2974585,49925,0.03369088216701897
0.7,0.1,0.6,0.4,0.29746473,49925,0.03605138905275959
0.9,0.1,0.3,0.7,0.29747257,49925,0.032958913373699654
0.6,0.1,0.6,0.8,0.29750034,49925,0.034434954191940245
0.1,0.1,0.3,0.6,0.29754114,49925,0.03347435689772411
0.7,0.2,0.9,0.4,0.29754603,49925,0.03764649050823196
0.3,0.2,0.7,0.7,0.29755437,49925,0.036200856638657714
0.9,0.1,0.4,0.8,0.29756477,49925,0.033390684479057055
0.6,0.1,0.6,0.5,0.29756588,49925,0.03574193737384497
0.1,0.5,0.8,0.3,0.2975983,49925,0.04015796096313271
0.4,0.4,0.9,0.2,0.29762405,49925,0.03999533336702824
0.4,0.2,0.6,0.1,0.29762426,49925,0.03950164441506547
0.9,0.1,0.3,0.8,0.297643,49925,0.03258314705197417
0.2,0.1,0.4,0.4,0.29764608,49925,0.03599863010493237
0.4,0.2,0.8,0.8,0.29764608,49925,0.03599863010493237
0.8,0.1,0.6,0.4,0.29770312,49925,0.035832144435791954
0.5,0.3,0.8,0.1,0.29770565,49925,0.03989239346320796
0.3,0.3,0.8,0.5,0.29772955,49925,0.038093797243443715
0.1,0.4,0.8,0.8,0.29777044,49925,0.03716754733910803
0.4,0.1,0.5,0.3,0.2978561,49925,0.03691951437689517
0.8,0.1,0.6,0.3,0.29790336,49925,0.03625264409324507
0.7,0.1,0.6,0.8,0.29791084,49925,0.03439629181675651
0.9,0.1,0.4,0.3,0.2979182,49925,0.0351222187388008
0.3,0.3,0.7,0.2,0.29792318,49925,0.039702827873283685
0.7,0.2,0.8,0.1,0.29794875,49925,0.03887168290808595
0.9,0.1,0.3,0.4,0.29795435,49925,0.0340538593919118
0.5,0.3,0.9,0.3,0.2979575,49925,0.03899736926850493
0.9,0.1,0.3,0.9,0.2979858,49925,0.03225739907348251
0.2,0.4,0.9,0.7,0.2980063,49925,0.03780976590033293
0.2,0.1,0.4,0.8,0.2980179,49925,0.0331411420883947
0.6,0.1,0.6,0.9,0.29802957,49925,0.034024996837257786
0.8,0.1,0.6,0.6,0.29803362,49925,0.03504667909439369
0.6,0.2,0.9,0.6,0.29804406,49925,0.03695248700573474
0.1,0.2,0.5,0.8,0.29804665,49925,0.03476356751576598
0.1,0.5,0.9,0.6,0.2980745,49925,0.03869415995021895
0.2,0.5,0.9,0.3,0.29807454,49925,0.04008175792526944
0.1,0.2,0.5,0.9,0.29814693,49925,0.03420650326110934
0.3,0.4,0.9,0.4,0.29815793,49925,0.039165382046171655
0.8,0.1,0.6,0.7,0.29820034,49925,0.03468362020177864
0.2,0.3,0.8,0.9,0.29823375,49925,0.036164801801424035
0.9,0.1,0.5,0.8,0.29824919,49925,0.03387386949911533
0.7,0.1,0.2,0.1,0.29826856,49925,0.03501092803716521
0.7,0.1,0.5,0.1,0.29829708,49925,0.03713695599930391
0.9,0.1,0.5,0.3,0.2983076,49925,0.035591299462600784
0.1,0.6,0.9,0.2,0.29833984,49925,0.04090750974125995
0.4,0.2,0.8,0.7,0.29835683,49925,0.03644559302586687
0.9,0.1,0.6,0.4,0.2983604,49925,0.03562720322541015
0.7,0.1,0.6,0.3,0.29841,49925,0.03650956612221466
0.6,0.1,0.6,0.4,0.2984166,49925,0.03623759990115325
0.3,0.3,0.9,0.9,0.29842734,49925,0.03643919902570124
0.2,0.2,0.6,0.6,0.29842734,49925,0.03643919902570124
0.1,0.1,0.3,0.3,0.29842734,49925,0.03643919902570124
0.9,0.1,0.3,0.3,0.298451,49925,0.03443278953946716
0.1,0.2,0.5,0.7,0.29850766,49925,0.03536689616862511
0.8,0.2,0.9,0.2,0.2985331,49925,0.03830788830667385
0.2,0.4,0.7,0.1,0.29855716,49925,0.04086470547894072
0.4,0.3,0.9,0.5,0.29855922,49925,0.038162189982865476
0.7,0.1,0.6,0.9,0.2985595,49925,0.03402655015367044
0.3,0.2,0.7,0.6,0.29861665,49925,0.036733381859060686
0.8,0.1,0.6,0.8,0.2986203,49925,0.034329060772854275
0.9,0.1,0.4,0.9,0.29864004,49925,0.0330624057298856
0.1,0.1,0.3,0.7,0.2986405,49925,0.03269128254102865
0.1,0.4,0.8,0.7,0.2986759,49925,0.03764469988814663
0.5,0.2,0.8,0.4,0.29869062,49925,0.03779553960890633
0.3,0.5,0.9,0.1,0.29870403,49925,0.04090688694351758
0.1,0.3,0.5,0.1,0.29873177,49925,0.04079425011132786
0.9,0.1,0.2,0.2,0.2987351,49925,0.03348382952756055
0.4,0.2,0.7,0.3,0.29877883,49925,0.038352969669289326
0.9,0.1,0.6,0.5,0.29878888,49925,0.035268128263742426
0.5,0.2,0.9,0.9,0.29882222,49925,0.03582671376001712
0.5,0.1,0.6,0.8,0.29886383,49925,0.0344366733282155
0.9,0.1,0.6,0.3,0.29887095,49925,0.0360203536160151
0.1,0.3,0.6,0.4,0.29889154,49925,0.03846840287763185
0.2,0.2,0.5,0.2,0.29890388,49925,0.03913787532353307
0.5,0.1,0.6,0.7,0.29893112,49925,0.03488258434896077
0.9,0.1,0.6,0.6,0.29893732,49925,0.0348985696884069
0.6,0.3,0.9,0.1,0.2989691,49925,0.03975617825896488
0.9,0.1,0.5,0.9,0.2989787,49925,0.03355230747774962
0.8,0.1,0.6,0.9,0.29899025,49925,0.033978989623609755
0.9,0.1,0.5,0.2,0.29899353,49925,0.035991935579573114
0.2,0.3,0.7,0.4,0.298997,49925,0.03859728686026917
0.1,0.2,0.5,0.6,0.29904234,49925,0.03600033129717038
0.5,0.1,0.6,0.9,0.2990447,49925,0.03401092112450291
0.6,0.2,0.8,0.2,0.29905108,49925,0.038632925405807865
0.3,0.1,0.4,0.1,0.29905108,49925,0.038632925405807865
0.3,0.1,0.5,0.7,0.2990721,49925,0.0344221886845221
0.4,0.3,0.8,0.2,0.2990838,49925,0.03959396973055907
0.2,0.1,0.4,0.9,0.29909894,49925,0.032561445517095645
0.3,0.1,0.5,0.6,0.29915693,49925,0.03501350631237475
0.6,0.1,0.6,0.3,0.29917067,49925,0.036759355128013954
0.9,0.1,0.6,0.7,0.2991857,49925,0.03455837451405157
0.7,0.2,0.9,0.3,0.29919615,49925,0.03808794887047736
0.9,0.1,0.6,0.8,0.2991963,49925,0.03423109489298732
0.1,0.4,0.7,0.3,0.2992074,49925,0.039766073755732136
0.6,0.2,0.9,0.5,0.29922086,49925,0.0373592756709674
0.5,0.1,0.5,0.1,0.2992553,49925,0.03802462273185325
0.8,0.1,0.6,0.2,0.2992559,49925,0.03670191699549462
0.3,0.3,0.9,0.8,0.29932824,49925,0.03685124586796986
0.5,0.1,0.6,0.6,0.2994158,49925,0.03536881407502237
0.7,0.1,0.6,0.2,0.29941708,49925,0.0370148265112225
0.9,0.2,0.9,0.1,0.29945093,49925,0.03848457489110244
0.5,0.1,0.6,0.5,0.299457,49925,0.03589435755743798
0.1,0.5,0.9,0.5,0.29953593,49925,0.0391680709492192
0.5,0.2,0.7,0.1,0.2995687,49925,0.03934643156166364
0.2,0.3,0.8,0.8,0.29958758,49925,0.03660075121006415
0.9,0.1,0.4,0.2,0.29961717,49925,0.03549310682181968
0.3,0.1,0.5,0.8,0.2996367,49925,0.03387732541227254
0.3,0.4,0.8,0.1,0.29967162,49925,0.04066936447835958
0.5,0.2,0.9,0.8,0.2996896,49925,0.03621291755057805
0.2,0.4,0.8,0.3,0.29969877,49925,0.03971585218122063
0.2,0.4,0.9,0.6,0.29976124,49925,0.03826663020372339
0.8,0.1,0.4,0.1,0.2998382,49925,0.036224812961827065
0.3,0.1,0.5,0.5,0.29985732,49925,0.035649426785399285
0.2,0.2,0.6,0.5,0.2998855,49925,0.037075701653330385
0.3,0.3,0.8,0.4,0.29989287,49925,0.03862039403599006
0.9,0.1,0.6,0.9,0.29991364,49925,0.03393049731523671
0.1,0.1,0.3,0.8,0.2999583,49925,0.031981799649467235
0.9,0.1,0.3,0.2,0.29997373,49925,0.034806329963164837
0.2,0.5,0.9,0.2,0.29998636,49925,0.040597290264269496
0.1,0.5,0.8,0.2,0.3000133,49925,0.04072761071992213
0.1,0.4,0.8,0.6,0.30007175,49925,0.038127476721412215
0.2,0.1,0.4,0.3,0.3000785,49925,0.03690311150862013
0.4,0.2,0.8,0.6,0.3000785,49925,0.03690311150862013
0.1,0.3,0.7,0.9,0.30008262,49925,0.03581018946528691
0.4,0.4,0.9,0.1,0.30009028,49925,0.04050377256214959
0.4,0.1,0.5,0.2,0.30012986,49925,0.037646016795765284
0.8,0.1,0.2,0.1,0.30016035,49925,0.03444724862247254
0.3,0.1,0.5,0.9,0.3001767,49925,0.033368350121140526
0.2,0.3,0.6,0.1,0.3001845,49925,0.040569243909470386
0.9,0.1,0.6,0.2,0.30020803,49925,0.03641266841843514
0.8,0.1,0.7,0.6,0.3002316,49925,0.035379411439008544
0.8,0.1,0.3,0.1,0.30028868,49925,0.03559962853938492
0.3,0.2,0.6,0.2,0.30029494,49925,0.03908315484903196
0.3,0.4,0.9,0.3,0.30033195,49925,0.039656145059207004
0.5,0.3,0.9,0.2,0.3003707,49925,0.039493510750942186
0.8,0.1,0.5,0.1,0.30041495,49925,0.03672796891545216
0.9,0.1,0.7,0.5,0.30046475,49925,0.03558257264505986
0.4,0.3,0.9,0.4,0.3004781,49925,0.03863298135138405
0.1,0.2,0.5,0.5,0.30049562,49925,0.0367047079311777
0.5,0.2,0.9,0.7,0.30051538,49925,0.03660417862704052
0.8,0.1,0.7,0.5,0.30052027,49925,0.035763920881825215
0.1,0.3,0.7,0.8,0.3005298,49925,0.03630726671738787
0.3,0.2,0.7,0.5,0.30055562,49925,0.03727124394574013
0.5,0.1,0.6,0.4,0.3007485,49925,0.03639884467394667
0.8,0.1,0.7,0.7,0.30076635,49925,0.03499714575990042
0.3,0.3,0.9,0.7,0.30077863,49925,0.03728810183306213
0.6,0.2,0.9,0.4,0.30080384,49925,0.037788580883918274
0.8,0.2,0.9,0.1,0.30082545,49925,0.03877417538989359
0.6,0.1,0.6,0.2,0.3008774,49925,0.03733157773965779
0.9,0.1,0.7,0.4,0.30089417,49925,0.03595949195348591
0.9,0.1,0.7,0.6,0.3009,49925,0.03524086475266058
0.1,0.1,0.3,0.9,0.30092594,49925,0.03133926183578505
0.2,0.3,0.8,0.7,0.30093873,49925,0.03707430530434703
0.1,0.6,0.9,0.1,0.3010323,49925,0.04145283695811287
0.5,0.2,0.8,0.3,0.3010391,49925,0.038301273084709556
0.3,0.3,0.7,0.1,0.30106395,49925,0.040366069214886134
0.7,0.2,0.9,0.2,0.30106694,49925,0.03856090274705032
0.7,0.1,0.7,0.6,0.3011535,49925,0.03550111690242115
0.9,0.1,0.7,0.7,0.30116358,49925,0.03490494657184258
0.7,0.1,0.7,0.8,0.3011784,49925,0.03471655901334162
0.8,0.1,0.7,0.8,0.30122346,49925,0.034653842694770745
0.7,0.1,0.7,0.5,0.30124018,49925,0.035906621007504726
0.1,0.3,0.6,0.3,0.30127314,49925,0.039221534435190775
0.8,0.1,0.7,0.4,0.30129892,49925,0.03616907914577915
0.7,0.1,0.7,0.7,0.3014108,49925,0.035094532608075775
0.3,0.1,0.5,0.4,0.30141336,49925,0.03635516572960758
0.2,0.4,0.9,0.5,0.30153862,49925,0.038745316421197884
0.2,0.3,0.7,0.3,0.3015439,49925,0.03923038978001887
0.9,0.1,0.7,0.8,0.30154964,49925,0.03456845289940798
0.1,0.3,0.7,0.7,0.30157566,49925,0.036827024498367486
0.4,0.1,0.6,0.7,0.30157793,49925,0.0348801047075788
0.4,0.1,0.6,0.8,0.30162942,49925,0.03438157080130804
0.1,0.4,0.7,0.2,0.30163807,49925,0.040448556701548004
0.8,0.1,0.6,0.1,0.3017641,49925,0.03719159263618294
0.1,0.5,0.9,0.4,0.30177635,49925,0.03968274936308703
0.7,0.1,0.6,0.1,0.30178082,49925,0.03755733864656758
0.8,0.1,0.7,0.3,0.30180174,49925,0.03658899082750345
0.6,0.2,0.8,0.1,0.30185243,49925,0.039196197586950025
0.9,0.1,0.7,0.3,0.30187875,49925,0.03634419311999717
0.8,0.1,0.7,0.9,0.30195498,49925,0.034317467835515994
0.7,0.1,0.7,0.4,0.30197698,49925,0.036361131307028706
0.1,0.4,0.8,0.5,0.30197898,49925,0.03865137945372657
0.7,0.1,0.7,0.9,0.30201274,49925,0.03435311923688059
0.5,0.2,0.9,0.6,0.3020341,49925,0.03702146361240944
0.4,0.1,0.6,0.9,0.30204487,49925,0.033925481507242596
0.4,0.2,0.8,0.5,0.30206943,49925,0.03739153551108652
0.1,0.2,0.4,0.1,0.30209866,49925,0.04032656489339689
0.2,0.4,0.8,0.2,0.30209866,49925,0.04032656489339689
0.9,0.1,0.2,0.1,0.30217022,49925,0.03388949388644895
0.4,0.2,0.7,0.2,0.30217308,49925,0.038982227503852517
0.9,0.1,0.7,0.9,0.30219233,49925,0.034245347970251284
0.3,0.3,0.8,0.3,0.30230176,49925,0.039180876551156325
0.4,0.1,0.6,0.6,0.30235994,49925,0.035395280755817736
0.6,0.1,0.7,0.8,0.30237862,49925,0.03474450376408704
0.4,0.3,0.8,0.1,0.3024322,49925,0.040178823346535525
0.5,0.1,0.6,0.3,0.30243474,49925,0.03698761498002372
0.9,0.1,0.4,0.1,0.3024414,49925,0.03585455153882907
0.3,0.4,0.9,0.2,0.30252317,49925,0.040188156836289506
0.1,0.5,0.8,0.1,0.30253726,49925,0.04133202237329187
0.2,0.3,0.8,0.6,0.30253798,49925,0.03757943966950321
0.1,0.4,0.9,0.9,0.30255932,49925,0.03687525488789508
0.6,0.1,0.7,0.7,0.30261606,49925,0.035169738476591314
0.1,0.2,0.5,0.4,0.3026528,49925,0.03750131859246407
0.3,0.3,0.9,0.6,0.30268562,49925,0.03773506944689942
0.1,0.1,0.3,0.2,0.30268562,49925,0.03773506944689942
0.2,0.2,0.6,0.4,0.30268562,49925,0.03773506944689942
0.9,0.1,0.5,0.1,0.30270746,49925,0.036355011193193
0.6,0.1,0.7,0.6,0.30274034,49925,0.035611659364084045
0.6,0.1,0.7,0.9,0.30281848,49925,0.03435726304002159
0.3,0.2,0.7,0.4,0.30286884,49925,0.03786204683305524
0.9,0.1,0.7,0.2,0.30289444,49925,0.03676650046977113
0.6,0.1,0.7,0.5,0.3030545,49925,0.036048518748188554
0.4,0.3,0.9,0.3,0.30306238,49925,0.039137835045528306
0.2,0.5,0.9,0.1,0.3030739,49925,0.04114166416838716
0.1,0.3,0.7,0.6,0.3030746,49925,0.03737537299549306
0.9,0.1,0.6,0.1,0.30314803,49925,0.03681838410950095
0.2,0.2,0.5,0.1,0.30323935,49925,0.04007094927466709
0.8,0.1,0.7,0.2,0.30326867,49925,0.03705331863013163
0.7,0.1,0.7,0.3,0.30327624,49925,0.03683432514385699
0.5,0.3,0.9,0.1,0.30332807,49925,0.04000779230144487
0.9,0.1,0.3,0.1,0.3033864,49925,0.03520491260348351
0.6,0.2,0.9,0.3,0.30341446,49925,0.038272972422513006
0.3,0.2,0.8,0.9,0.30345014,49925,0.03548012070159915
0.7,0.2,0.9,0.1,0.30356354,49925,0.03905718960560055
0.5,0.2,0.9,0.5,0.30368096,49925,0.03745409277969046
0.4,0.1,0.6,0.5,0.30368933,49925,0.03595832242440463
0.2,0.4,0.9,0.4,0.30369192,49925,0.03924875958425831
0.3,0.1,0.5,0.3,0.30369818,49925,0.03709625373942368
0.4,0.1,0.5,0.1,0.3037073,49925,0.03847268140002226
0.1,0.4,0.9,0.8,0.303738,49925,0.03729827982235329
0.1,0.4,0.8,0.4,0.30376944,49925,0.03923330708355011
0.9,0.1,0.8,0.7,0.30381486,49925,0.035183134295149826
0.5,0.2,0.8,0.2,0.30382815,49925,0.038881865705608525
0.2,0.2,0.7,0.9,0.30382922,49925,0.03507910667159554
0.1,0.5,0.9,0.3,0.30398455,49925,0.04022806670713106
0.6,0.1,0.6,0.1,0.30401134,49925,0.03795214161960814
0.6,0.1,0.7,0.4,0.30404153,49925,0.03653175792845249
0.9,0.1,0.8,0.6,0.3041125,49925,0.03553530818960274
0.9,0.1,0.8,0.8,0.30414906,49925,0.03486185706473149
0.5,0.1,0.7,0.9,0.3042472,49925,0.034328333457920364
0.9,0.1,0.8,0.5,0.30424854,49925,0.035895297111270937
0.2,0.1,0.4,0.2,0.30428293,49925,0.037908927602039656
0.4,0.2,0.8,0.4,0.30428293,49925,0.037908927602039656
0.5,0.1,0.7,0.8,0.30434248,49925,0.034745042527018634
0.3,0.2,0.8,0.8,0.30437177,49925,0.03592990618097309
0.3,0.3,0.9,0.5,0.3044622,49925,0.03820552364011295
0.4,0.2,0.9,0.9,0.3044676,49925,0.03577460828173192
0.8,0.1,0.8,0.7,0.30450898,49925,0.03529389741850247
0.3,0.2,0.6,0.1,0.3045324,49925,0.03986140304472602
0.9,0.1,0.8,0.9,0.3045851,49925,0.034548481017103554
0.9,0.1,0.8,0.4,0.30462173,49925,0.036251512925562966
0.8,0.1,0.8,0.9,0.30464798,49925,0.034599389171040676
0.5,0.1,0.6,0.2,0.30470362,49925,0.037636070819470936
0.8,0.1,0.8,0.6,0.30483073,49925,0.03565274334587616
0.9,0.1,0.7,0.1,0.30483365,49925,0.03721116617226017
0.1,0.4,0.9,0.7,0.30486536,49925,0.037750674478502964
0.8,0.1,0.8,0.8,0.30489135,49925,0.03494178983523123
0.2,0.3,0.8,0.5,0.304919,49925,0.038106707117721364
0.1,0.3,0.6,0.2,0.3049382,49925,0.040040057260518555
0.1,0.4,0.7,0.1,0.30498487,49925,0.04117517404449188
0.2,0.2,0.7,0.8,0.30500472,49925,0.035566748200695365
0.5,0.1,0.7,0.7,0.3050591,49925,0.035195064373694636
0.4,0.2,0.9,0.8,0.305089,49925,0.03616780323384212
0.7,0.1,0.7,0.2,0.30509707,49925,0.037349857850794685
0.8,0.1,0.7,0.1,0.30513227,49925,0.03754162716800346
0.8,0.1,0.8,0.5,0.3051508,49925,0.036035441379812336
0.2,0.3,0.7,0.2,0.30522633,49925,0.03991585845576339
0.1,0.3,0.7,0.5,0.30524996,49925,0.037951633922722695
0.2,0.4,0.8,0.1,0.3052926,49925,0.04095510658049494
0.3,0.3,0.8,0.2,0.3053076,49925,0.03980367855589494
0.3,0.2,0.8,0.7,0.30550086,49925,0.03638731820560134
0.4,0.1,0.6,0.4,0.30555683,49925,0.03655708175192112
0.7,0.1,0.8,0.9,0.3055598,49925,0.03463366345917124
0.2,0.3,0.9,0.9,0.30560288,49925,0.036313648315873
0.8,0.1,0.8,0.4,0.30565563,49925,0.036441770035982514
0.2,0.2,0.6,0.3,0.30566433,49925,0.03844719378628254
0.3,0.4,0.9,0.1,0.30579093,49925,0.04075542687298073
0.5,0.1,0.7,0.6,0.30580777,49925,0.035671216316765994
0.9,0.1,0.8,0.3,0.30585775,49925,0.036659347795818906
0.6,0.2,0.9,0.2,0.3058723,49925,0.038791367373525294
0.4,0.2,0.7,0.1,0.3059076,49925,0.03965624824016668
0.7,0.1,0.8,0.8,0.30598727,49925,0.03500478066950142
0.5,0.2,0.9,0.4,0.3059962,49925,0.03793112896953423
0.4,0.3,0.9,0.2,0.30602646,49925,0.03968978946846225
0.7,0.1,0.8,0.7,0.3060471,49925,0.0353834885164502
0.3,0.2,0.7,0.3,0.30622387,49925,0.03848435217016264
0.6,0.1,0.7,0.3,0.30622816,49925,0.037055385119932754
0.4,0.2,0.9,0.7,0.30627316,49925,0.03659849877911363
0.1,0.5,0.9,0.2,0.30632144,49925,0.0407761186236072
0.1,0.2,0.5,0.3,0.30641186,49925,0.038332706985966664
0.7,0.1,0.8,0.5,0.3064357,49925,0.03617756346029938
0.7,0.1,0.8,0.6,0.30645066,49925,0.03577347059121674
0.2,0.2,0.7,0.7,0.30646175,49925,0.036078728148550024
0.2,0.4,0.9,0.3,0.3065167,49925,0.03980593786114089
0.1,0.4,0.8,0.3,0.30670142,49925,0.03985781713247781
0.8,0.1,0.8,0.3,0.30677986,49925,0.03688408140094397
0.2,0.3,0.9,0.8,0.30680388,49925,0.03674326695937212
0.4,0.2,0.8,0.3,0.30681378,49925,0.03847102598786297
0.5,0.2,0.8,0.1,0.30688697,49925,0.039492457976078775
0.1,0.4,0.9,0.6,0.30690733,49925,0.03822498064211413
0.3,0.3,0.9,0.4,0.3069284,49925,0.03871427539017584
0.1,0.2,0.6,0.9,0.30705896,49925,0.034507080483323134
0.9,0.1,0.8,0.2,0.30710202,49925,0.037080726083540405
0.2,0.3,0.8,0.4,0.30713594,49925,0.03866908035270423
0.5,0.1,0.7,0.5,0.30716988,49925,0.03616291216726975
0.9,0.1,0.9,0.8,0.3072335,49925,0.03512701040746506
0.6,0.1,0.8,0.9,0.30728146,49925,0.034644074023412484
0.3,0.2,0.8,0.6,0.30729294,49925,0.0368762153226026
0.3,0.1,0.5,0.2,0.30741394,49925,0.037934342230377754
0.9,0.1,0.9,0.7,0.30741847,49925,0.03545609420427594
0.7,0.1,0.7,0.1,0.30746457,49925,0.037895618522765885
0.9,0.1,0.9,0.6,0.3075662,49925,0.03579164750472597
0.1,0.3,0.8,0.9,0.30757606,49925,0.035977138532744014
0.1,0.2,0.6,0.8,0.30761802,49925,0.03503638315445408
0.9,0.1,0.9,0.9,0.30764925,49925,0.03481082865679118
0.6,0.1,0.8,0.8,0.30792236,49925,0.03503585105492663
0.3,0.1,0.6,0.9,0.30811042,49925,0.03374138265201183
0.7,0.1,0.8,0.4,0.3081143,49925,0.03662219117225799
0.5,0.1,0.6,0.1,0.3081236,49925,0.038345746587519894
0.2,0.1,0.5,0.8,0.30816934,49925,0.03359347632679417
0.4,0.1,0.6,0.3,0.308184,49925,0.03718669620524161
0.4,0.2,0.9,0.6,0.30824447,49925,0.03705074271529946
0.6,0.1,0.8,0.7,0.30825555,49925,0.03544667533073361
0.2,0.3,0.9,0.7,0.30825627,49925,0.03719408637367988
0.3,0.1,0.6,0.8,0.30826324,49925,0.03424683710075235
0.1,0.3,0.7,0.4,0.30832276,49925,0.03859760112339097
0.9,0.1,0.9,0.5,0.30833986,49925,0.03614706719475089
0.2,0.2,0.7,0.6,0.30838805,49925,0.03662983807406375
0.6,0.1,0.7,0.2,0.30844307,49925,0.037633599329692874
0.2,0.1,0.5,0.7,0.3084662,49925,0.03420824771789141
0.8,0.1,0.9,0.9,0.30853403,49925,0.03487070585429016
0.8,0.1,0.9,0.8,0.30854982,49925,0.035205888934934135
0.1,0.2,0.6,0.7,0.30860347,49925,0.035615005867973
0.5,0.1,0.7,0.4,0.30862617,49925,0.03668497630339818
0.9,0.1,0.8,0.1,0.30866885,49925,0.03753787839427754
0.6,0.2,0.9,0.1,0.3086747,49925,0.03934019242024465
0.8,0.1,0.8,0.2,0.30870286,49925,0.037348265242915187
0.2,0.1,0.5,0.6,0.3087206,49925,0.03484979062739599
0.5,0.2,0.9,0.3,0.30872458,49925,0.03842747029962813
0.1,0.3,0.8,0.8,0.30873904,49925,0.03643772682284208
0.8,0.1,0.9,0.7,0.30881122,49925,0.03555225525872194
0.2,0.1,0.5,0.9,0.30885768,49925,0.033032416942911265
0.3,0.1,0.6,0.7,0.30887717,49925,0.03478775616606613
0.4,0.1,0.7,0.9,0.3089488,49925,0.03425181210863556
0.6,0.1,0.8,0.6,0.30898073,49925,0.03586217655505119
0.8,0.1,0.9,0.6,0.3090985,49925,0.035911835916239
0.1,0.4,0.9,0.5,0.3093234,49925,0.03875003841953055
0.2,0.3,0.7,0.1,0.3093443,49925,0.04067021365957308
0.3,0.3,0.8,0.1,0.3093643,49925,0.0404614289697967
0.1,0.5,0.9,0.1,0.3094716,49925,0.04136619652687713
0.1,0.3,0.6,0.1,0.3094806,49925,0.04089754181099061
0.9,0.1,0.9,0.4,0.3095134,49925,0.03651631781563508
0.4,0.3,0.9,0.1,0.30953538,49925,0.04025816494172742
0.4,0.1,0.7,0.8,0.30965343,49925,0.0346909207149111
0.7,0.1,0.8,0.3,0.30966562,49925,0.037104120876531956
0.2,0.4,0.9,0.2,0.30969784,49925,0.04039451641481772
0.3,0.2,0.7,0.2,0.3098996,49925,0.03917858586324295
0.3,0.1,0.6,0.6,0.3099172,49925,0.03534583550725849
0.8,0.1,0.9,0.5,0.3099916,49925,0.03628461442184527
0.4,0.1,0.7,0.7,0.31006834,49925,0.03517903279849335
0.1,0.2,0.6,0.6,0.3100791,49925,0.036233393364802524
0.3,0.2,0.8,0.5,0.31008488,49925,0.03740403609397784
0.3,0.3,0.9,0.3,0.31009632,49925,0.03926105306693321
0.1,0.1,0.3,0.1,0.31009632,49925,0.03926105306693321
0.2,0.2,0.6,0.2,0.31009632,49925,0.03926105306693321
0.2,0.1,0.5,0.5,0.31010526,49925,0.035562556124694916
0.4,0.2,0.9,0.5,0.3101633,49925,0.03752761567322026
0.2,0.1,0.4,0.1,0.31017017,49925,0.03909048097549031
0.4,0.2,0.8,0.2,0.31017017,49925,0.03909048097549031
0.6,0.1,0.8,0.5,0.31025147,49925,0.03630982942981453
0.1,0.3,0.8,0.7,0.31025413,49925,0.03695300734805413
0.1,0.4,0.8,0.2,0.31031302,49925,0.04051211961066631
0.2,0.3,0.9,0.6,0.31046617,49925,0.03767527454983715
0.2,0.2,0.7,0.5,0.31054166,49925,0.037207081416131375
0.2,0.3,0.8,0.3,0.31063485,49925,0.03930790659420304
0.9,0.1,0.9,0.3,0.31065625,49925,0.03693429632131397
0.8,0.1,0.8,0.1,0.3106842,49925,0.03784230142318109
0.7,0.1,0.9,0.9,0.310702,49925,0.03490764382341271
0.7,0.1,0.9,0.8,0.3107127,49925,0.035252746426547465
0.4,0.1,0.6,0.2,0.3108214,49925,0.03790584597018572
0.5,0.1,0.7,0.3,0.31109762,49925,0.037243142929968664
0.3,0.2,0.9,0.9,0.3111652,49925,0.0356560996328577
0.1,0.1,0.4,0.6,0.3111663,49925,0.03401768736503359
0.5,0.2,0.9,0.2,0.3111718,49925,0.038985237456219186
0.1,0.2,0.5,0.2,0.31119692,49925,0.0393130304024338
0.5,0.1,0.8,0.9,0.3112339,49925,0.0346160985095034
0.7,0.1,0.9,0.7,0.31127757,49925,0.03562887425908848
0.1,0.1,0.4,0.7,0.3114431,49925,0.03326573458658499
0.4,0.1,0.7,0.6,0.3115383,49925,0.035686202971813984
0.1,0.1,0.4,0.8,0.31155288,49925,0.03256984003591469
0.6,0.1,0.7,0.1,0.3115875,49925,0.03825419839306813
0.8,0.1,0.9,0.4,0.31166947,49925,0.03669949878544735
0.5,0.1,0.8,0.8,0.31172127,49925,0.03503160862182762
0.7,0.1,0.8,0.2,0.31173736,49925,0.037621044228359164
0.3,0.1,0.6,0.5,0.31175533,49925,0.03594710658233432
0.1,0.3,0.7,0.3,0.31190506,49925,0.03930355859728265
0.9,0.1,0.9,0.2,0.31190735,49925,0.037356234030531364
0.6,0.1,0.8,0.4,0.31198883,49925,0.03676792383683707
0.1,0.3,0.8,0.6,0.3120926,49925,0.03746722708500831
0.1,0.1,0.4,0.9,0.31220198,49925,0.03192740190624059
0.1,0.4,0.9,0.4,0.3122687,49925,0.03929107477900838
0.7,0.1,0.9,0.6,0.31227016,49925,0.03601870905634905
0.2,0.1,0.5,0.4,0.3123045,49925,0.03631502500246151
0.1,0.2,0.6,0.5,0.31237653,49925,0.036886303858034805
0.3,0.2,0.8,0.4,0.31243747,49925,0.037960002934540694
0.5,0.1,0.8,0.7,0.31248802,49925,0.035462649935557776
0.1,0.1,0.4,0.5,0.31249622,49925,0.03482734191118229
0.3,0.1,0.5,0.1,0.31259525,49925,0.03890699705099191
0.3,0.2,0.9,0.8,0.3126669,49925,0.03606867623424822
0.4,0.2,0.9,0.4,0.31274533,49925,0.038020969845062605
0.2,0.2,0.8,0.9,0.31278208,49925,0.035269037318137596
0.2,0.4,0.9,0.1,0.31313637,49925,0.041002487056926475
0.2,0.3,0.9,0.5,0.31314933,49925,0.03819607001138826
0.4,0.1,0.7,0.5,0.31317824,49925,0.03621251641223481
0.8,0.1,0.9,0.3,0.31339175,49925,0.03713656048118355
0.6,0.1,0.9,0.9,0.31349427,49925,0.034902781621486294
0.2,0.2,0.7,0.4,0.3135296,49925,0.0378417561178591
0.7,0.1,0.9,0.5,0.31356525,49925,0.03641619159908144
0.3,0.1,0.6,0.4,0.31372952,49925,0.036602395457265804
0.3,0.3,0.9,0.2,0.31393558,49925,0.03985185822102056
0.5,0.1,0.8,0.6,0.31393823,49925,0.035905187909371146
0.1,0.4,0.8,0.1,0.3139884,49925,0.04119024556155488
0.2,0.2,0.8,0.8,0.31399179,49925,0.03574068176402882
0.1,0.1,0.4,0.4,0.31399179,49925,0.03574068176402882
0.9,0.1,0.9,0.1,0.31406832,49925,0.03778950890092393
0.1,0.3,0.8,0.5,0.31409097,49925,0.038038248013415654
0.4,0.2,0.8,0.1,0.31413373,49925,0.039720715653943445
0.7,0.1,0.8,0.1,0.31419486,49925,0.03816028148957066
0.3,0.2,0.9,0.7,0.31428313,49925,0.036519290479013075
0.6,0.1,0.8,0.3,0.3143177,49925,0.03728101687762344
0.2,0.3,0.8,0.2,0.31443748,49925,0.039977869002008615
0.3,0.2,0.7,0.1,0.31464624,49925,0.039923880215610864
0.6,0.1,0.9,0.8,0.31468618,49925,0.03527801331978988
0.5,0.1,0.7,0.2,0.31482467,49925,0.037875800798504375
0.8,0.1,0.9,0.2,0.3148795,49925,0.037605654933048474
0.6,0.1,0.9,0.7,0.31519568,49925,0.03566694166687232
0.5,0.2,0.9,0.1,0.315207,49925,0.03955131515484213
0.1,0.4,0.9,0.3,0.31521195,49925,0.03990183603888694
0.7,0.1,0.9,0.4,0.3152904,49925,0.0368399860655009
0.5,0.1,0.8,0.5,0.31532067,49925,0.03637710859516654
0.1,0.2,0.6,0.4,0.3154183,49925,0.03761392803826147
0.4,0.1,0.7,0.4,0.31542236,49925,0.03678255788444692
0.1,0.3,0.9,0.9,0.31542453,49925,0.03611331078693279
0.2,0.2,0.6,0.1,0.3156126,49925,0.04015926838516951
0.4,0.2,0.9,0.3,0.3156998,49925,0.038550791129337424
0.2,0.2,0.8,0.7,0.31582153,49925,0.0362214215207485
0.4,0.1,0.6,0.1,0.31582636,49925,0.038713403413594076
0.3,0.2,0.8,0.3,0.31585672,49925,0.03856727082128466
0.2,0.3,0.9,0.4,0.3160082,49925,0.038731831532943434
0.2,0.1,0.5,0.3,0.31602442,49925,0.037133906996187065
0.1,0.3,0.7,0.2,0.31612194,49925,0.04009191096488707
0.6,0.1,0.9,0.6,0.31656215,49925,0.03607603433401982
0.3,0.2,0.9,0.6,0.3166452,49925,0.036984562568238045
0.3,0.1,0.6,0.3,0.3167949,49925,0.037309732588246595
0.6,0.1,0.8,0.2,0.3169342,49925,0.03785374787835713
0.1,0.3,0.9,0.8,0.3169679,49925,0.036554624591337515
0.1,0.2,0.7,0.9,0.31702828,49925,0.03473761891759982
0.3,0.1,0.7,0.9,0.31716892,49925,0.034057333508694214
0.2,0.2,0.7,0.3,0.31727326,49925,0.03852878817718179
0.8,0.1,0.9,0.1,0.3172921,49925,0.038073435332676125
0.7,0.1,0.9,0.3,0.31732053,49925,0.03730946635251302
0.5,0.1,0.8,0.4,0.31734243,49925,0.036892376126197265
0.1,0.2,0.5,0.1,0.31740832,49925,0.04040512629278902
0.3,0.3,0.9,0.1,0.31742516,49925,0.040454726031989206
0.6,0.1,0.9,0.5,0.31747353,49925,0.036508613741706664
0.1,0.3,0.8,0.4,0.3177468,49925,0.03867814991605134
0.3,0.1,0.7,0.8,0.31782454,49925,0.03453377878796034
0.4,0.1,0.8,0.9,0.31786725,49925,0.03451164003997466
0.5,0.1,0.7,0.1,0.3179411,49925,0.038568507707729405
0.1,0.2,0.7,0.8,0.3179891,49925,0.035246090193000186
0.1,0.1,0.4,0.3,0.31802118,49925,0.03674369332045355
0.2,0.2,0.8,0.6,0.31802118,49925,0.03674369332045355
0.4,0.1,0.8,0.8,0.31851095,49925,0.034942294648509765
0.4,0.1,0.7,0.3,0.3186082,49925,0.037392406293307145
0.2,0.3,0.8,0.1,0.31863946,49925,0.04067596422819226
0.1,0.3,0.9,0.7,0.3188273,49925,0.037030831943615165
0.1,0.4,0.9,0.2,0.31900936,49925,0.040494126674654685
0.3,0.2,0.9,0.5,0.31901318,49925,0.03747994635177018
0.5,0.1,0.9,0.9,0.3190864,49925,0.0348480747294078
0.4,0.2,0.9,0.2,0.31910694,49925,0.039119551555513984
0.3,0.1,0.7,0.7,0.3192844,49925,0.03503953686233482
0.7,0.1,0.9,0.2,0.31933203,49925,0.03781425376852095
0.1,0.2,0.7,0.7,0.31955996,49925,0.03579754661069837
0.2,0.3,0.9,0.3,0.3195799,49925,0.039311055849259195
0.6,0.1,0.8,0.1,0.31970254,49925,0.03843736092585472
0.4,0.1,0.8,0.7,0.3197323,49925,0.035407596490118175
0.1,0.2,0.6,0.3,0.31978583,49925,0.038425980735306904
0.2,0.1,0.6,0.9,0.3199116,49925,0.03337691681635171
0.6,0.1,0.9,0.4,0.31999442,49925,0.03696988575458754
0.2,0.1,0.6,0.8,0.320171,49925,0.03392759664991396
0.3,0.2,0.8,0.2,0.32018074,49925,0.03921496275751094
0.5,0.1,0.9,0.8,0.3202485,49925,0.03524395769526289
0.2,0.2,0.8,0.5,0.32039174,49925,0.037284344499326307
0.5,0.1,0.8,0.3,0.32040295,49925,0.037450101838641045
0.1,0.3,0.7,0.1,0.32060096,49925,0.04087822018483766
0.5,0.1,0.9,0.7,0.32096693,49925,0.03567074803544318
0.1,0.3,0.9,0.6,0.32114452,49925,0.03755246685673737
0.3,0.1,0.7,0.6,0.32128662,49925,0.0355743853799778
0.2,0.1,0.6,0.7,0.32139248,49925,0.034503904879012025
0.2,0.1,0.5,0.2,0.321397,49925,0.03806391394932107
0.4,0.1,0.8,0.6,0.3214388,49925,0.03589287956070961
0.3,0.1,0.6,0.2,0.32181114,49925,0.03807690174027811
0.1,0.3,0.8,0.3,0.32181978,49925,0.03931021854681106
0.1,0.2,0.7,0.6,0.32185113,49925,0.03636387842241218
0.2,0.2,0.7,0.2,0.32186878,49925,0.03927224356922258
0.7,0.1,0.9,0.1,0.32200912,49925,0.03832377003813088
0.3,0.2,0.9,0.4,0.32202542,49925,0.038005697641824564
0.2,0.2,0.9,0.9,0.32226172,49925,0.035421544642466524
0.1,0.4,0.9,0.1,0.32227504,49925,0.04115244621561747
0.5,0.1,0.9,0.6,0.3223427,49925,0.036104230119784746
0.6,0.1,0.9,0.3,0.32235733,49925,0.037453494665774835
0.3,0.1,0.7,0.5,0.32256967,49925,0.03614659045430952
0.4,0.1,0.7,0.2,0.3226941,49925,0.038054858230578796
0.2,0.1,0.6,0.6,0.32292315,49925,0.03510641845224032
0.4,0.2,0.9,0.1,0.3230713,49925,0.03972092212811754
0.4,0.1,0.8,0.5,0.32325554,49925,0.0363878693579823
0.2,0.3,0.9,0.2,0.32358426,49925,0.03991103470615073
0.5,0.1,0.8,0.2,0.32370397,49925,0.03803278377045734
0.2,0.2,0.9,0.8,0.32381272,49925,0.03586068540614845
0.5,0.1,0.9,0.5,0.3241309,49925,0.03655153855479799
0.1,0.1,0.4,0.2,0.3241604,49925,0.03788756869250835
0.2,0.2,0.8,0.4,0.3241604,49925,0.03788756869250835
0.1,0.2,0.7,0.5,0.32422242,49925,0.0369989978153097
0.1,0.3,0.9,0.5,0.32432628,49925,0.03807604048775348
0.3,0.2,0.8,0.1,0.3246379,49925,0.039899564236609134
0.2,0.1,0.6,0.5,0.3248663,49925,0.03575904754110393
0.1,0.2,0.6,0.2,0.32508677,49925,0.0392915682898091
0.6,0.1,0.9,0.2,0.32528216,49925,0.03799105309294663
0.3,0.2,0.9,0.3,0.32540643,49925,0.03857487624120533
0.4,0.1,0.8,0.4,0.32558316,49925,0.03692619404074147
0.3,0.1,0.7,0.4,0.32583404,49925,0.03675513671641912
0.2,0.2,0.9,0.7,0.3260584,49925,0.03629502991644422
0.1,0.1,0.5,0.9,0.32607138,49925,0.032401518620806556
0.5,0.1,0.9,0.4,0.3263892,49925,0.03702194977457474
0.1,0.3,0.8,0.2,0.3263994,49925,0.04000172669028756
0.1,0.1,0.5,0.8,0.32650974,49925,0.03299586741215902
0.4,0.1,0.9,0.9,0.32654798,49925,0.0347147276746602
0.3,0.1,0.6,0.1,0.3267078,49925,0.038938982852471125
0.4,0.1,0.7,0.1,0.32714003,49925,0.03880320802658222
0.2,0.2,0.7,0.1,0.3275053,49925,0.04008973223148782
0.1,0.3,0.9,0.4,0.32757482,49925,0.038651189993584675
0.5,0.1,0.8,0.1,0.32761863,49925,0.03866427056372491
0.1,0.2,0.8,0.9,0.32766527,49925,0.03489237704510695
0.2,0.1,0.6,0.4,0.3276812,49925,0.03645568910269916
0.2,0.1,0.5,0.1,0.32771963,49925,0.03909114888991109
0.1,0.1,0.5,0.7,0.32776138,49925,0.03364532299970023
0.3,0.1,0.8,0.9,0.3278148,49925,0.034270662818199654
0.4,0.1,0.9,0.8,0.3278289,49925,0.03513907028724127
0.1,0.2,0.7,0.4,0.32795042,49925,0.03766822243829105
0.2,0.3,0.9,0.1,0.3279563,49925,0.040582574218764184
0.2,0.2,0.9,0.6,0.32798818,49925,0.036793994666889804
0.2,0.2,0.8,0.3,0.32827422,49925,0.03850305047916327
0.6,0.1,0.9,0.1,0.32838342,49925,0.038537007030823
0.1,0.1,0.5,0.6,0.32860753,49925,0.03434226782127188
0.3,0.1,0.8,0.8,0.3286754,49925,0.034729329861492506
0.1,0.2,0.8,0.8,0.32896495,49925,0.03538788251656991
0.3,0.2,0.9,0.2,0.32939532,49925,0.03916803166667863
0.4,0.1,0.9,0.7,0.32942456,49925,0.035565526420678076
0.4,0.1,0.8,0.3,0.32954657,49925,0.03748856621546285
0.5,0.1,0.9,0.3,0.3297177,49925,0.03754074930724247
0.3,0.1,0.8,0.7,0.33003604,49925,0.03521728463735354
0.3,0.1,0.7,0.3,0.33005148,49925,0.03738607165625176
0.1,0.1,0.5,0.5,0.33064473,49925,0.03510579538899957
0.1,0.2,0.8,0.7,0.33081535,49925,0.035894909917721346
0.4,0.1,0.9,0.6,0.3308868,49925,0.03600840964240854
0.2,0.2,0.9,0.5,0.3309493,49925,0.03731849403350484
0.1,0.3,0.9,0.3,0.33131728,49925,0.0392443570801004
0.1,0.3,0.8,0.1,0.3315947,49925,0.04075516293318264
0.2,0.1,0.6,0.3,0.33165193,49925,0.037205167001291166
0.1,0.2,0.6,0.1,0.33180115,49925,0.040260939078158545
0.3,0.1,0.8,0.6,0.33199775,49925,0.035711412839872454
0.5,0.1,0.9,0.2,0.33260906,49925,0.03809557658423907
0.2,0.1,0.7,0.9,0.33264422,49925,0.03365027146499172
0.4,0.1,0.9,0.5,0.3328122,49925,0.0364914546075861
0.2,0.2,0.8,0.2,0.33306813,49925,0.0391802684382548
0.1,0.1,0.4,0.1,0.33306813,49925,0.0391802684382548
0.2,0.1,0.7,0.8,0.33307648,49925,0.03415815917842157
0.1,0.2,0.8,0.6,0.33310908,49925,0.03644158912410684
0.1,0.2,0.7,0.3,0.333155,49925,0.03839181751309194
0.1,0.1,0.5,0.4,0.33334842,49925,0.03591772415998729
0.4,0.1,0.8,0.2,0.3333746,49925,0.038111194197894036
0.2,0.1,0.7,0.7,0.33407426,49925,0.034686654527431166
0.3,0.1,0.7,0.2,0.33437228,49925,0.038106568302019264
0.3,0.2,0.9,0.1,0.33453602,49925,0.039812459568994915
0.2,0.2,0.9,0.4,0.3348565,49925,0.03786837683477901
0.3,0.1,0.8,0.5,0.33490342,49925,0.03624020681697175
0.4,0.1,0.9,0.4,0.33622026,49925,0.036974576769108224
0.1,0.2,0.8,0.5,0.33628854,49925,0.03702249816050673
0.2,0.1,0.7,0.6,0.33635056,49925,0.035272387583089065
0.1,0.3,0.9,0.2,0.3366533,49925,0.03988762576482951
0.5,0.1,0.9,0.1,0.33673933,49925,0.03866028715093776
0.2,0.1,0.6,0.2,0.33689025,49925,0.03802971970701685
0.4,0.1,0.8,0.1,0.33766177,49925,0.0387530707268762
0.3,0.1,0.8,0.4,0.33798027,49925,0.036792698423042794
0.1,0.1,0.5,0.3,0.33818614,49925,0.03680209548354238
0.3,0.1,0.9,0.9,0.3384949,49925,0.0344359440204257
0.1,0.2,0.9,0.9,0.3388308,49925,0.03500360805238343
0.1,0.2,0.7,0.2,0.339046,49925,0.03913070449176208
0.2,0.2,0.8,0.1,0.33905384,49925,0.03991174482440792
0.2,0.2,0.9,0.3,0.33917695,49925,0.0384227836245075
0.2,0.1,0.7,0.5,0.33918023,49925,0.035860196742210505
0.3,0.1,0.9,0.8,0.3394856,49925,0.03487793144515927
0.4,0.1,0.9,0.3,0.33950126,49925,0.03749954297809611
0.3,0.1,0.7,0.1,0.33977646,49925,0.03885299655900353
0.1,0.2,0.9,0.8,0.34018078,49925,0.03544266014147239
0.1,0.2,0.8,0.4,0.34107146,49925,0.03760609416642934
0.3,0.1,0.9,0.7,0.34147316,49925,0.03532141377079999
0.1,0.1,0.6,0.9,0.34158257,49925,0.032746015079261996
0.3,0.1,0.8,0.3,0.34163207,49925,0.03739017742793432
0.1,0.3,0.9,0.1,0.34172687,49925,0.04058989713425662
0.1,0.2,0.9,0.7,0.34223136,49925,0.035913276766508954
0.2,0.1,0.7,0.4,0.3423794,49925,0.0364776885710842
0.1,0.1,0.6,0.8,0.3424344,49925,0.033299205317669896
0.4,0.1,0.9,0.2,0.34338498,49925,0.0380632990908871
0.3,0.1,0.9,0.6,0.34355476,49925,0.03578141069310872
0.2,0.2,0.9,0.2,0.34361506,49925,0.0390175545251829
0.2,0.1,0.6,0.1,0.34385845,49925,0.03889423998341646
0.1,0.1,0.6,0.7,0.34403035,49925,0.03390843128699399
0.1,0.2,0.9,0.6,0.34467068,49925,0.03642367828863999
0.1,0.1,0.5,0.2,0.34492496,49925,0.037772287121406505
0.2,0.1,0.8,0.9,0.34499553,49925,0.0338452328702793
0.1,0.1,0.6,0.6,0.34576315,49925,0.03453717557949928
0.1,0.2,0.8,0.3,0.34584212,49925,0.038243678570877716
0.3,0.1,0.9,0.5,0.3458572,49925,0.03626153461294868
0.1,0.2,0.7,0.1,0.34610432,49925,0.04000599816386126
0.2,0.1,0.8,0.8,0.34623545,49925,0.03431726200792101
0.3,0.1,0.8,0.2,0.34636217,49925,0.03800436497124605
0.2,0.1,0.7,0.3,0.34697843,49925,0.03714306516932639
0.1,0.2,0.9,0.5,0.34774488,49925,0.036943757231336756
0.2,0.1,0.8,0.7,0.3478375,49925,0.034815892159459946
0.4,0.1,0.9,0.1,0.34813052,49925,0.03866537673334313
0.1,0.1,0.6,0.5,0.34832704,49925,0.03519903561054369
0.3,0.1,0.9,0.4,0.34911036,49925,0.036765273583296176
0.2,0.1,0.8,0.6,0.34942782,49925,0.03531362487900128
0.2,0.2,0.9,0.1,0.34945053,49925,0.03966935613989381
0.1,0.2,0.8,0.2,0.35136867,49925,0.03893625850669451
0.3,0.1,0.8,0.1,0.35166383,49925,0.03866417138556206
0.1,0.2,0.9,0.4,0.35192314,49925,0.03748731390342838
0.1,0.1,0.6,0.4,0.3521286,49925,0.03589206158213058
0.2,0.1,0.8,0.5,0.35223994,49925,0.035838664367876506
0.2,0.1,0.7,0.2,0.3522734,49925,0.03784007173414697
0.3,0.1,0.9,0.3,0.3529098,49925,0.03729590252027878
0.1,0.1,0.5,0.1,0.35328493,49925,0.03882597869079963
0.1,0.1,0.7,0.9,0.35561755,49925,0.03303108509115419
0.2,0.1,0.8,0.4,0.35581058,49925,0.036400470438641565
0.1,0.1,0.6,0.3,0.35661563,49925,0.036649170608821814
0.1,0.2,0.9,0.3,0.3567604,49925,0.03806134852636708
0.1,0.2,0.8,0.1,0.3574153,49925,0.039683552637367496
0.2,0.1,0.9,0.9,0.3574183,49925,0.03397010299843006
0.1,0.1,0.7,0.8,0.35750404,49925,0.033530283398828666
0.3,0.1,0.9,0.2,0.35758737,49925,0.03782904019673176
0.2,0.1,0.7,0.1,0.3583862,49925,0.03858308991676864
0.2,0.1,0.9,0.8,0.35842633,49925,0.03439844944497296
0.1,0.1,0.7,0.7,0.35960504,49925,0.034046793744491564
0.2,0.1,0.8,0.3,0.3598131,49925,0.03699137196592079
0.2,0.1,0.9,0.7,0.3603408,49925,0.034835316855798645
0.1,0.1,0.7,0.6,0.36223048,49925,0.03461137910922382
0.1,0.2,0.9,0.2,0.36224467,49925,0.0386566579661064
0.1,0.1,0.6,0.2,0.36258045,49925,0.03747597943666085
0.2,0.1,0.9,0.6,0.36263847,49925,0.03527085672710049
0.3,0.1,0.9,0.1,0.36287817,49925,0.03840050925783961
0.2,0.1,0.9,0.5,0.3652615,49925,0.03575245616396492
0.1,0.1,0.7,0.5,0.3653915,49925,0.035168117960176534
0.2,0.1,0.8,0.2,0.36581993,49925,0.0375884413920817
0.1,0.1,0.8,0.9,0.3671102,49925,0.03323888313344444
0.1,0.1,0.7,0.4,0.3678829,49925,0.03576024258686013
0.1,0.2,0.9,0.1,0.36798862,49925,0.03928594678557619
0.2,0.1,0.9,0.4,0.3682843,49925,0.03623338462620935
0.1,0.1,0.8,0.8,0.3696675,49925,0.03368667377766045
0.1,0.1,0.6,0.1,0.37073743,49925,0.038308602940167205
0.2,0.1,0.8,0.1,0.37101734,49925,0.038202241463236135
0.1,0.1,0.8,0.7,0.37260047,49925,0.03412701157027814
0.2,0.1,0.9,0.3,0.3727809,49925,0.03675026275598056
0.1,0.1,0.7,0.3,0.3729049,49925,0.03639877378535642
0.1,0.1,0.8,0.6,0.3757096,49925,0.03457046739032295
0.1,0.1,0.9,0.9,0.37579432,49925,0.033400424947641165
0.2,0.1,0.9,0.2,0.37718478,49925,0.03725412738994576
0.1,0.1,0.7,0.2,0.37819627,49925,0.03702756544871673
0.1,0.1,0.9,0.8,0.3790936,49925,0.03377381261469243
0.1,0.1,0.8,0.5,0.37944454,49925,0.03503555418804897
0.1,0.1,0.9,0.7,0.38238138,49925,0.03413419488286675
0.2,0.1,0.9,0.1,0.3824249,49925,0.037762936301747034
0.1,0.1,0.8,0.4,0.3830656,49925,0.035539505030481526
0.1,0.1,0.7,0.1,0.38554925,49925,0.037694478079677116
0.1,0.1,0.9,0.6,0.38645875,49925,0.03451481114924569
0.1,0.1,0.8,0.3,0.3872717,49925,0.03603651217750659
0.1,0.1,0.9,0.5,0.390431,49925,0.03488949527064746
0.1,0.1,0.8,0.2,0.39198965,49925,0.03657518822636667
0.1,0.1,0.9,0.4,0.39469886,49925,0.03527658434971775
0.1,0.1,0.8,0.1,0.39888933,49925,0.0370854286116323
0.1,0.1,0.9,0.3,0.39965117,49925,0.03567960988954698
0.1,0.1,0.9,0.2,0.4046176,49925,0.036085322418905795
0.1,0.1,0.9,0.1,0.41104507,49925,0.03648192771162368
