w1,w2,w3,w4,score,n_selected,threshold
0.3,0.9,0.1,0.1,0.38867003,49925,0.03956198487479875
0.4,0.9,0.1,0.1,0.38919225,49925,0.03963681617573732
0.4,0.8,0.1,0.1,0.38943043,49925,0.040095592143753175
0.8,0.9,0.3,0.1,0.38948247,49925,0.04252299041631808
0.3,0.8,0.1,0.1,0.38951948,49925,0.04010697989110862
0.9,0.9,0.3,0.1,0.38977528,49925,0.042136771446080204
0.4,0.8,0.2,0.1,0.38978755,49925,0.04256251170951147
0.3,0.9,0.1,0.2,0.39001527,49925,0.03987849411837384
0.5,0.6,0.2,0.1,0.39005348,49925,0.042847946693198836
0.9,0.8,0.3,0.1,0.39009705,49925,0.04216697135316258
0.7,0.9,0.3,0.1,0.39012036,49925,0.04289462699246396
0.4,0.7,0.2,0.1,0.3901805,49925,0.0429891513400502
0.8,0.8,0.3,0.1,0.39027905,49925,0.04261156924523444
0.4,0.6,0.2,0.1,0.39028102,49925,0.04337814972033114
0.4,0.7,0.1,0.1,0.39028746,49925,0.04050882318321035
0.5,0.9,0.1,0.1,0.39031634,49925,0.039464548264117015
0.8,0.8,0.3,0.2,0.3903538,49925,0.042885558121331935
0.6,0.6,0.2,0.1,0.39039594,49925,0.04228598304859691
0.7,0.5,0.2,0.1,0.3904245,49925,0.04162733480674483
0.5,0.8,0.2,0.1,0.39046508,49925,0.04231295457687877
0.5,0.7,0.2,0.1,0.3904658,49925,0.04259795269644125
0.7,0.8,0.3,0.1,0.3904731,49925,0.04304408499663037
0.4,0.9,0.1,0.2,0.3905361,49925,0.039944080629093354
0.4,0.9,0.2,0.1,0.39062202,49925,0.04214057885503083
0.7,0.9,0.3,0.2,0.39063397,49925,0.0431349651189891
0.5,0.5,0.2,0.1,0.39072853,49925,0.04301114219390758
0.6,0.5,0.2,0.1,0.3907563,49925,0.04230983141886704
0.5,0.8,0.1,0.1,0.39080295,49925,0.0398181965808156
0.3,0.8,0.1,0.2,0.39082772,49925,0.04042208879953903
0.5,0.9,0.2,0.1,0.390867,49925,0.041986544511314956
0.8,0.7,0.3,0.1,0.3909041,49925,0.04262652881770438
0.8,0.5,0.2,0.1,0.3909049,49925,0.0409293007602654
0.7,0.6,0.2,0.1,0.39091653,49925,0.0416817421290225
0.5,0.9,0.1,0.2,0.39093402,49925,0.039815315534851056
0.3,0.7,0.1,0.1,0.39094284,49925,0.04068890226911077
0.6,0.9,0.3,0.1,0.3909645,49925,0.04325261579161518
0.6,0.9,0.3,0.2,0.3909794,49925,0.04345323220837837
0.9,0.7,0.3,0.1,0.39100358,49925,0.042116887952872356
0.3,0.8,0.2,0.1,0.39100772,49925,0.042657968511383496
0.4,0.5,0.2,0.1,0.39101124,49925,0.04366543418581963
0.6,0.7,0.2,0.1,0.39106718,49925,0.04212753127465493
0.6,0.8,0.1,0.1,0.39112467,49925,0.03947246456170772
0.9,0.9,0.3,0.2,0.39113182,49925,0.04239087260655293
0.9,0.8,0.3,0.2,0.3911949,49925,0.042460730985851035
0.8,0.9,0.3,0.2,0.391231,49925,0.0427737909973216
0.6,0.8,0.2,0.1,0.39125443,49925,0.041936326136051714
0.6,0.7,0.1,0.1,0.3912584,49925,0.03968188744772314
0.5,0.7,0.1,0.1,0.39127856,49925,0.040147504273294415
0.3,0.7,0.2,0.1,0.39129174,49925,0.043177188257034274
0.8,0.7,0.3,0.2,0.39130023,49925,0.04292532751797461
0.3,0.5,0.1,0.1,0.39134476,49925,0.04175570410638353
0.6,0.9,0.2,0.1,0.39134935,49925,0.041724812866117865
0.7,0.4,0.2,0.1,0.39136228,49925,0.041373918847807514
0.3,0.9,0.2,0.1,0.3913668,49925,0.042117769814074536
0.7,0.9,0.1,0.1,0.39137048,49925,0.03889733717853257
0.8,0.6,0.9,0.2,0.3913893,49925,0.044037714143047406
0.7,0.8,0.3,0.2,0.3914338,49925,0.043289707622234185
0.4,0.8,0.1,0.2,0.39143384,49925,0.0403882870837701
0.9,0.6,0.3,0.1,0.391439,49925,0.04199100679942938
0.9,0.5,0.2,0.1,0.39145404,49925,0.040275567082766014
0.7,0.7,0.3,0.1,0.391458,49925,0.043121997069968075
0.6,0.8,0.3,0.1,0.39145884,49925,0.043442565616943096
0.6,0.9,0.1,0.1,0.39149958,49925,0.03923708787473905
0.4,0.6,0.1,0.1,0.3915381,49925,0.04090204674940043
0.6,0.7,0.3,0.1,0.39153817,49925,0.043590305471095006
0.2,0.7,0.1,0.1,0.39156678,49925,0.04043716658267352
0.6,0.5,0.8,0.1,0.39157894,49925,0.04402635410604152
0.8,0.6,0.2,0.1,0.39158985,49925,0.04110251457799491
0.8,0.5,0.8,0.1,0.39161983,49925,0.043294470739831524
0.6,0.4,0.6,0.1,0.39163756,49925,0.043599278793914634
0.7,0.5,0.8,0.1,0.3916929,49925,0.04368602066312126
0.9,0.7,0.3,0.2,0.39172465,49925,0.04243928458356353
0.7,0.8,0.1,0.1,0.39174512,49925,0.03905804110043134
0.6,0.4,0.7,0.1,0.3917535,49925,0.04351481449036458
0.4,0.3,0.5,0.1,0.3917596,49925,0.04396140032335979
0.9,0.6,0.9,0.1,0.3917714,49925,0.043468064748073104
0.7,0.5,0.8,0.2,0.3917889,49925,0.043954070531416894
0.8,0.6,0.9,0.1,0.3917914,49925,0.04380020841564117
0.7,0.9,0.2,0.1,0.3917989,49925,0.04140338174717236
0.2,0.8,0.1,0.1,0.39182544,49925,0.039696789968882054
0.7,0.4,0.7,0.1,0.3918322,49925,0.04306976467878193
0.8,0.5,0.9,0.2,0.3918341,49925,0.04354086423838787
0.5,0.8,0.1,0.2,0.3918443,49925,0.040164882518451676
0.6,0.4,0.2,0.1,0.39184776,49925,0.04217139090707111
0.5,0.9,0.1,0.3,0.39186248,49925,0.04006881260449024
0.5,0.4,0.6,0.1,0.3918799,49925,0.04405879240367422
0.3,0.6,0.1,0.1,0.39191243,49925,0.04124067611444988
0.8,0.9,0.4,0.2,0.39191714,49925,0.043779357973029634
0.7,0.7,0.2,0.1,0.3919178,49925,0.04163735331731516
0.8,0.4,0.2,0.1,0.39192107,49925,0.040617680919028516
0.9,0.9,0.4,0.2,0.3919264,49925,0.04342435455993585
0.7,0.8,0.2,0.1,0.39193547,49925,0.04153358814789845
0.6,0.8,0.3,0.2,0.39193738,49925,0.04367439625519265
0.9,0.6,0.2,0.1,0.3919376,49925,0.0405198513051527
0.9,0.5,0.8,0.2,0.39194217,49925,0.04320162224388434
0.2,0.9,0.1,0.1,0.3919431,49925,0.03902205791318913
0.5,0.9,0.3,0.1,0.39194602,49925,0.04351742038856849
0.7,0.6,0.9,0.1,0.3919484,49925,0.044078610291368094
0.7,0.6,0.9,0.2,0.39195672,49925,0.044319402094438416
0.9,0.6,0.9,0.2,0.3919667,49925,0.04371578091387367
0.5,0.3,0.5,0.1,0.39197168,49925,0.04334571530332458
0.3,0.9,0.1,0.3,0.39200047,49925,0.04003900678801703
0.5,0.6,0.1,0.1,0.39200702,49925,0.04041713736879751
0.4,0.9,0.1,0.3,0.3920094,49925,0.04015971085913392
0.2,0.6,0.1,0.1,0.392044,49925,0.04118068077492573
0.7,0.9,0.3,0.3,0.39204544,49925,0.04328295753420261
0.7,0.4,0.6,0.1,0.39205173,49925,0.04307451510809257
0.9,0.9,0.4,0.1,0.3920642,49925,0.04315052407324267
0.8,0.5,0.8,0.2,0.39206606,49925,0.0435960176176131
0.8,0.9,0.2,0.1,0.39207327,49925,0.04105522400394941
0.9,0.5,0.8,0.1,0.39207703,49925,0.042898547871205076
0.2,0.8,0.1,0.2,0.39208603,49925,0.040067019731717224
0.8,0.6,0.3,0.1,0.39209157,49925,0.042526366494694046
0.2,0.3,0.1,0.1,0.39209694,49925,0.04358950781083507
0.6,0.9,0.3,0.3,0.39209694,49925,0.043589507810835065
0.4,0.6,0.2,0.2,0.39209694,49925,0.04358950781083507
0.9,0.5,0.9,0.2,0.3921004,49925,0.043188320828763435
0.7,0.5,0.7,0.1,0.3921021,49925,0.04375029556106915
0.7,0.5,0.9,0.2,0.3921045,49925,0.04387686663156736
0.7,0.7,0.1,0.1,0.39211372,49925,0.03918319085325767
0.8,0.5,0.9,0.1,0.3921473,49925,0.04325518614943661
0.8,0.5,0.7,0.1,0.3921497,49925,0.0433342910702423
0.8,0.7,0.2,0.1,0.39216414,49925,0.04115569214499243
0.5,0.9,0.2,0.2,0.39223084,49925,0.042240513217950415
0.6,0.7,0.3,0.2,0.39224955,49925,0.043846693302056865
0.4,0.7,0.1,0.2,0.39226538,49925,0.04084170019407251
0.9,0.4,0.2,0.1,0.392272,49925,0.039893604795069454
0.5,0.9,0.3,0.3,0.3923077,49925,0.043818184923120396
0.3,0.7,0.1,0.2,0.3923413,49925,0.040976771395641313
0.8,0.7,0.1,0.1,0.39235422,49925,0.03872358376768053
0.5,0.4,0.2,0.1,0.39236522,49925,0.04300450332883137
0.5,0.4,0.7,0.1,0.39237273,49925,0.043931599715047204
0.6,0.5,0.7,0.1,0.39237905,49925,0.04412225095416261
0.6,0.9,0.1,0.2,0.39238504,49925,0.039590134505885735
0.2,0.9,0.1,0.2,0.3923856,49925,0.039384610964237204
0.7,0.5,0.9,0.1,0.39240485,49925,0.043596456564012794
0.8,0.8,0.1,0.1,0.39241794,49925,0.038647839162181535
0.9,0.7,0.2,0.1,0.3924201,49925,0.040669208532678754
0.6,0.5,0.8,0.2,0.3924274,49925,0.04427864845277605
0.6,0.4,0.7,0.2,0.39246407,49925,0.04385894243826781
0.7,0.8,0.3,0.3,0.39247066,49925,0.043434666072050265
0.7,0.7,0.3,0.2,0.39248314,49925,0.04340232829672932
0.4,0.4,0.6,0.1,0.3924918,49925,0.044427301877122065
0.4,0.9,0.2,0.2,0.3925032,49925,0.04235578151204093
0.6,0.8,0.1,0.2,0.3925089,49925,0.03986256968550754
0.8,0.4,0.7,0.1,0.39251617,49925,0.042625669344720625
0.8,0.9,0.1,0.1,0.39252466,49925,0.03854794741551453
0.5,0.6,0.2,0.2,0.392525,49925,0.04310133786444716
0.7,0.6,0.3,0.1,0.3925265,49925,0.04309069052667309
0.5,0.8,0.3,0.1,0.39255184,49925,0.04380655688570192
0.9,0.6,0.3,0.2,0.39255208,49925,0.042335531482527465
0.5,0.8,0.3,0.2,0.39256492,49925,0.04400193685667176
0.6,0.3,0.5,0.1,0.3925705,49925,0.04273537502866749
0.5,0.9,0.3,0.2,0.39257276,49925,0.04370830436683684
0.9,0.6,0.8,0.1,0.39257798,49925,0.04350915328726891
0.5,0.8,0.2,0.2,0.39259136,49925,0.04255540272043597
0.4,0.7,0.2,0.2,0.39259142,49925,0.04319504517435516
0.7,0.6,0.1,0.1,0.39259383,49925,0.0392837398946003
0.6,0.6,0.1,0.1,0.392599,49925,0.039838778859870166
0.7,0.4,0.7,0.2,0.39261112,49925,0.04341593563651843
0.2,0.4,0.1,0.1,0.3926174,49925,0.04278161185812341
0.4,0.8,0.2,0.2,0.3926174,49925,0.04278161185812341
0.5,0.7,0.1,0.2,0.39266276,49925,0.04050493060281463
0.8,0.8,0.2,0.1,0.39266467,49925,0.04111614889570416
0.6,0.6,0.9,0.2,0.39266765,49925,0.04453426400706196
0.8,0.9,0.4,0.1,0.39267632,49925,0.043539024281193585
0.9,0.9,0.2,0.1,0.3926849,49925,0.04067686506097104
0.5,0.7,0.2,0.2,0.39268735,49925,0.04284811727531401
0.2,0.5,0.1,0.1,0.39269128,49925,0.0419486696142541
0.8,0.4,0.7,0.2,0.39271414,49925,0.042965682237990306
0.7,0.6,0.8,0.2,0.39271545,49925,0.04437844317632955
0.5,0.3,0.6,0.1,0.39274293,49925,0.04326984359230437
0.6,0.8,0.3,0.3,0.3927545,49925,0.04380841080006836
0.9,0.5,0.9,0.1,0.39276445,49925,0.04289954190617003
0.8,0.6,0.8,0.1,0.3927827,49925,0.04384991432237032
0.9,0.3,0.2,0.1,0.39280996,49925,0.039172892004362865
0.9,0.8,0.4,0.1,0.39281678,49925,0.04312010559748859
0.4,0.8,0.1,0.3,0.39283538,49925,0.0405947856140758
0.6,0.3,0.6,0.1,0.392844,49925,0.04273098597708117
0.4,0.3,0.4,0.1,0.39284605,49925,0.0440897779147815
0.8,0.6,0.8,0.2,0.39284605,49925,0.0440897779147815
0.9,0.7,0.1,0.1,0.3928665,49925,0.03823866456091496
0.7,0.4,0.8,0.2,0.39288026,49925,0.04337104676204432
0.7,0.4,0.8,0.1,0.39288378,49925,0.0430158005179887
0.9,0.8,0.4,0.2,0.39289266,49925,0.04342035529451992
0.5,0.7,0.3,0.1,0.39289317,49925,0.04402713628424675
0.6,0.6,0.9,0.1,0.39289856,49925,0.044302047564020265
0.3,0.8,0.1,0.3,0.39291158,49925,0.04058690466690377
0.6,0.9,0.2,0.2,0.3929158,49925,0.042012030576698514
0.9,0.6,0.8,0.2,0.39292622,49925,0.043761387773649116
0.6,0.6,0.3,0.1,0.3929434,49925,0.04365846327502968
0.4,0.5,0.1,0.1,0.39296216,49925,0.04122974754016025
0.3,0.6,0.2,0.1,0.39296603,49925,0.0437041715735693
0.7,0.9,0.4,0.1,0.39296782,49925,0.04387023488000822
0.7,0.6,0.8,0.1,0.3929769,49925,0.04415072086563063
0.6,0.5,0.9,0.2,0.39300153,49925,0.04416946649714759
0.5,0.5,0.2,0.2,0.39301425,49925,0.04330448421561272
0.7,0.5,0.7,0.2,0.39301476,49925,0.043999471374721405
0.9,0.5,0.7,0.1,0.39302212,49925,0.042915775311556305
0.3,0.7,0.1,0.3,0.39303005,49925,0.04113546896529369
0.9,0.4,0.8,0.2,0.3930304,49925,0.04254179151462543
0.3,0.8,0.2,0.2,0.39303112,49925,0.0428731322169162
0.8,0.6,0.1,0.1,0.39303395,49925,0.038727156729068644
0.8,0.8,0.3,0.3,0.39305574,49925,0.043053871181993046
0.6,0.5,0.7,0.2,0.393058,49925,0.044366590874529224
0.7,0.7,0.9,0.1,0.39306146,49925,0.044409777436326854
0.8,0.7,0.3,0.3,0.39306396,49925,0.043125357429798276
0.4,0.9,0.3,0.2,0.39308086,49925,0.04386518410584358
0.5,0.5,0.7,0.1,0.3930844,49925,0.04441453945296059
0.3,0.7,0.2,0.2,0.39311773,49925,0.04338114833747556
0.8,0.7,0.9,0.1,0.3931194,49925,0.04415992887551943
0.8,0.5,0.7,0.2,0.3931227,49925,0.04363578495913616
0.6,0.6,0.8,0.1,0.39312693,49925,0.04440815110082013
0.9,0.5,0.3,0.1,0.39314377,49925,0.04167472282647744
0.5,0.3,0.4,0.1,0.3931442,49925,0.043412229338884036
0.7,0.9,0.2,0.2,0.39314517,49925,0.041692706628444764
0.5,0.5,0.8,0.1,0.3931886,49925,0.04429530594933137
0.5,0.8,0.3,0.3,0.393192,49925,0.044105247880969256
0.6,0.6,0.2,0.2,0.3931976,49925,0.04257660399561898
0.9,0.9,0.3,0.3,0.3931976,49925,0.04257660399561898
0.3,0.3,0.1,0.1,0.3931976,49925,0.04257660399561898
0.9,0.9,0.4,0.3,0.39320797,49925,0.04358078294180447
0.8,0.6,0.3,0.2,0.39320946,49925,0.042866392068487934
0.8,0.7,0.9,0.2,0.39320964,49925,0.044382716586405434
0.9,0.7,0.9,0.1,0.39321268,49925,0.04389248956587284
0.5,0.5,0.7,0.2,0.39321423,49925,0.04467016655925333
0.6,0.5,0.2,0.2,0.3932207,49925,0.04265150171237947
0.3,0.9,0.2,0.2,0.39322174,49925,0.04232944659213722
0.9,0.4,0.7,0.1,0.39322895,49925,0.04214487091419504
0.3,0.6,0.2,0.2,0.39323947,49925,0.0438934410895138
0.5,0.8,0.1,0.3,0.39324623,49925,0.040432412766737515
0.5,0.5,0.1,0.1,0.39330232,49925,0.04058966477236557
0.4,0.5,0.2,0.2,0.39330268,49925,0.04390973711710781
0.8,0.4,0.8,0.2,0.39330843,49925,0.04295484740787485
0.4,0.2,0.4,0.1,0.39330843,49925,0.04295484740787485
0.6,0.6,0.8,0.2,0.3933188,49925,0.04463765301783321
0.3,0.3,0.4,0.1,0.3933188,49925,0.04463765301783321
0.7,0.7,0.3,0.3,0.39333224,49925,0.043564921777129915
0.6,0.8,0.2,0.2,0.39333293,49925,0.04221623692815645
0.3,0.4,0.1,0.1,0.39333293,49925,0.04221623692815645
0.6,0.7,0.3,0.3,0.39335173,49925,0.044006501410517804
0.9,0.8,0.2,0.1,0.39335272,49925,0.04069906683612084
0.8,0.3,0.2,0.1,0.3933581,49925,0.03994520697826086
0.6,0.4,0.8,0.2,0.39336106,49925,0.04375578052065608
0.3,0.2,0.4,0.1,0.39336106,49925,0.04375578052065608
0.6,0.7,0.2,0.2,0.39336568,49925,0.04241319384999707
0.9,0.7,0.9,0.2,0.39338428,49925,0.044122507860833333
0.6,0.5,0.9,0.1,0.3933856,49925,0.043892821055759194
0.9,0.8,0.3,0.3,0.3933877,49925,0.04264370497626194
0.2,0.7,0.1,0.2,0.39338866,49925,0.040761623426944935
0.8,0.9,0.4,0.3,0.39339542,49925,0.04394141834460434
0.4,0.9,0.3,0.1,0.39340243,49925,0.04364437280829689
0.7,0.9,0.4,0.2,0.39340425,49925,0.044097535626363295
0.6,0.7,0.1,0.2,0.39340737,49925,0.04009947554244809
0.8,0.9,0.3,0.3,0.39341137,49925,0.04292819652877856
0.8,0.4,0.6,0.1,0.39343426,49925,0.04259972850848184
0.9,0.9,0.4,0.5,0.3934403,49925,0.04377547732067481
0.5,0.2,0.4,0.1,0.3934417,49925,0.04211498732675483
0.6,0.4,0.5,0.1,0.3934439,49925,0.0436380856224271
0.8,0.9,0.4,0.4,0.39345685,49925,0.04402446934379789
0.7,0.9,0.1,0.2,0.3934746,49925,0.039291253698394805
0.9,0.4,0.7,0.2,0.3934766,49925,0.04251720816530516
0.9,0.5,0.1,0.1,0.39347693,49925,0.037994978357456334
0.9,0.9,0.1,0.1,0.39347917,49925,0.03820333460668952
0.8,0.8,0.4,0.1,0.3934871,49925,0.043550930947012186
0.9,0.5,0.3,0.2,0.3934875,49925,0.04210851223019145
0.7,0.3,0.6,0.1,0.39349133,49925,0.0421692698017397
0.9,0.9,0.4,0.4,0.39349616,49925,0.04369943031826103
0.7,0.6,0.3,0.2,0.39349887,49925,0.04343007099138636
0.9,0.7,0.3,0.3,0.3935047,49925,0.04266586555181888
0.6,0.4,0.8,0.1,0.3935166,49925,0.0434258520236088
0.8,0.4,0.9,0.2,0.39352235,49925,0.0429044043729596
0.7,0.8,0.1,0.2,0.39353493,49925,0.03948383102592357
0.9,0.9,0.2,0.2,0.39355636,49925,0.040993146387193924
0.9,0.5,0.9,0.3,0.39357173,49925,0.04343054273906889
0.7,0.4,0.2,0.2,0.39358562,49925,0.041847352773557445
0.7,0.9,0.4,0.4,0.39358604,49925,0.04433453693972693
0.6,0.5,0.6,0.1,0.3935916,49925,0.04416150717653666
0.3,0.5,0.2,0.1,0.39360955,49925,0.04419116679897182
0.5,0.4,0.7,0.2,0.3936112,49925,0.04423874710702145
0.7,0.8,0.2,0.2,0.39361304,49925,0.04184360683059612
0.8,0.4,0.8,0.1,0.39361608,49925,0.042610961636525925
0.5,0.5,0.6,0.1,0.39363387,49925,0.044526277556213384
0.4,0.3,0.6,0.1,0.39364854,49925,0.0437695297672591
0.9,0.6,0.1,0.1,0.39365253,49925,0.03818394057687579
0.6,0.5,0.1,0.1,0.39366132,49925,0.03990628729283967
0.9,0.8,0.1,0.1,0.3936816,49925,0.03823572369348904
0.7,0.4,0.5,0.1,0.39368203,49925,0.043082044105029485
0.5,0.7,0.3,0.2,0.39369795,49925,0.04424949344163038
0.9,0.5,0.1,0.2,0.3936996,49925,0.03855787520844101
0.2,0.9,0.1,0.3,0.39370167,49925,0.03955842371693623
0.4,0.9,0.3,0.3,0.39370465,49925,0.043939108838478354
0.7,0.7,0.9,0.2,0.39370933,49925,0.04459844734020212
0.3,0.3,0.5,0.1,0.39371085,49925,0.044434495814035455
0.4,0.3,0.1,0.1,0.3937256,49925,0.0414829737906105
0.8,0.6,0.2,0.2,0.3937256,49925,0.0414829737906105
0.8,0.6,0.7,0.1,0.3937271,49925,0.043838953942887046
0.5,0.4,0.5,0.1,0.39372733,49925,0.04413763991870342
0.9,0.4,0.1,0.1,0.39373282,49925,0.03764841431172195
0.7,0.7,0.3,0.4,0.39374503,49925,0.04364910371814746
0.9,0.7,0.8,0.1,0.3937494,49925,0.04389127715419983
0.7,0.6,0.2,0.2,0.39375737,49925,0.042033488468133706
0.6,0.9,0.3,0.4,0.39376947,49925,0.04364869254132227
0.4,0.7,0.1,0.3,0.39378536,49925,0.04102516646922668
0.7,0.5,0.1,0.1,0.39379263,49925,0.03925483972442696
0.7,0.6,0.7,0.1,0.39379433,49925,0.04418493001744814
0.6,0.7,0.3,0.4,0.3937957,49925,0.04403678560680501
0.8,0.5,0.1,0.1,0.393801,49925,0.038616369780914005
0.8,0.6,0.9,0.3,0.39380866,49925,0.04420706425623372
0.7,0.7,0.1,0.2,0.39382347,49925,0.03965328488989189
0.9,0.4,0.9,0.2,0.3938246,49925,0.04253237939196377
0.7,0.3,0.2,0.1,0.39382592,49925,0.04078496289254258
0.3,0.6,0.1,0.2,0.39383444,49925,0.04155520422892151
0.9,0.6,0.1,0.2,0.39383584,49925,0.038690243724591476
0.7,0.3,0.5,0.1,0.3938405,49925,0.04211863383757953
0.8,0.5,0.9,0.3,0.3938412,49925,0.04377025600839953
0.5,0.4,0.6,0.2,0.3938448,49925,0.044350655542236585
0.9,0.7,0.4,0.1,0.3938514,49925,0.042994055351158966
0.5,0.3,0.1,0.1,0.39385343,49925,0.04041856543079292
0.8,0.7,0.8,0.1,0.39385536,49925,0.044203908082898355
0.8,0.5,0.3,0.1,0.3938642,49925,0.042303542342621875
0.8,0.6,0.1,0.2,0.3938645,49925,0.03920655617003635
0.4,0.4,0.5,0.1,0.39386883,49925,0.044570661913579786
0.6,0.9,0.1,0.3,0.3938691,49925,0.039884950655509906
0.9,0.4,0.8,0.1,0.39387316,49925,0.04217924285365557
0.7,0.8,0.4,0.2,0.39388716,49925,0.04420349143051021
0.8,0.4,0.1,0.1,0.3938975,49925,0.03832177149798496
0.7,0.4,0.1,0.1,0.39390513,49925,0.03905342029338952
0.5,0.5,0.8,0.2,0.39391938,49925,0.044550623628726735
0.4,0.2,0.1,0.1,0.39392674,49925,0.04111635763952234
0.8,0.4,0.2,0.2,0.39392674,49925,0.04111635763952234
0.7,0.6,0.3,0.4,0.3939374,49925,0.043705330304004544
0.4,0.4,0.7,0.1,0.39394817,49925,0.04426174197499199
0.9,0.4,0.9,0.3,0.39395395,49925,0.042834797252574386
0.8,0.8,0.4,0.3,0.39396173,49925,0.043995593478398286
0.9,0.7,0.4,0.2,0.39396605,49925,0.043347182854979564
0.7,0.4,0.6,0.2,0.39396888,49925,0.04345837473220947
0.6,0.3,0.2,0.2,0.39397287,49925,0.042258923466267966
0.5,0.3,0.6,0.2,0.39398307,49925,0.043676668180299416
0.7,0.5,0.6,0.1,0.3939865,49925,0.043752726754054824
0.6,0.3,0.2,0.1,0.39398926,49925,0.04170913123300029
0.4,0.6,0.1,0.2,0.39398962,49925,0.0412601192444661
0.7,0.4,0.9,0.2,0.39399052,49925,0.043276152065803666
0.7,0.6,0.1,0.2,0.3939911,49925,0.03974281459883013
0.5,0.6,0.3,0.1,0.39399517,49925,0.044150511911595046
0.6,0.4,0.1,0.1,0.3940001,49925,0.03982358134303839
0.7,0.5,0.9,0.3,0.39400575,49925,0.044092210725639104
0.6,0.8,0.3,0.4,0.39400688,49925,0.04387228049458598
0.5,0.9,0.2,0.3,0.39401627,49925,0.04243712352095111
0.8,0.9,0.2,0.2,0.39401826,49925,0.041342652081345806
0.4,0.8,0.3,0.3,0.39402187,49925,0.04429915288919254
0.7,0.5,0.1,0.2,0.39402744,49925,0.039757252588771844
0.7,0.8,0.4,0.1,0.39402905,49925,0.04392438377778719
0.6,0.3,0.6,0.2,0.39403293,49925,0.04314810573716804
0.9,0.8,0.4,0.3,0.39404052,49925,0.04360148808153344
0.5,0.4,0.8,0.2,0.3940415,49925,0.04407918024930273
0.5,0.9,0.1,0.4,0.3940448,49925,0.04023626504146632
0.5,0.2,0.1,0.1,0.3940506,49925,0.03974985716820261
0.6,0.9,0.2,0.3,0.3940711,49925,0.042196953513401636
0.7,0.3,0.6,0.2,0.394074,49925,0.042620516886456586
0.7,0.5,0.2,0.2,0.39408368,49925,0.04202453875678655
0.9,0.9,0.4,0.6,0.39409015,49925,0.04378009858570005
0.5,0.9,0.3,0.4,0.39409038,49925,0.04385631403995441
0.7,0.7,0.2,0.2,0.3940955,49925,0.04197340339179229
0.8,0.5,0.6,0.1,0.3941074,49925,0.043303519362544014
0.9,0.6,0.7,0.1,0.39410785,49925,0.04346059166269418
0.9,0.7,0.2,0.2,0.39411828,49925,0.04103240782743032
0.8,0.9,0.4,0.5,0.394125,49925,0.044067418846136776
0.9,0.5,0.7,0.2,0.39414078,49925,0.04323290227380217
0.6,0.6,0.3,0.2,0.3941441,49925,0.04395150519014332
0.5,0.7,0.3,0.3,0.39414442,49925,0.044363411376824056
0.5,0.6,0.9,0.2,0.39415133,49925,0.044715337322856756
0.4,0.9,0.2,0.3,0.3941529,49925,0.042563895628495094
0.6,0.9,0.4,0.2,0.39415428,49925,0.04439213113913464
0.9,0.4,0.6,0.1,0.3941549,49925,0.042108192503385496
0.9,0.6,0.9,0.3,0.39415795,49925,0.043918052637376526
0.3,0.2,0.3,0.1,0.39415795,49925,0.043918052637376526
0.6,0.4,0.6,0.2,0.39415795,49925,0.043918052637376526
0.7,0.9,0.4,0.3,0.39416718,49925,0.044247827062930636
0.6,0.7,0.8,0.1,0.39417005,49925,0.04468048811762806
0.8,0.8,0.9,0.1,0.3941722,49925,0.04442016885342803
0.8,0.7,0.9,0.3,0.394177,49925,0.04455480834338234
0.4,0.4,0.1,0.1,0.39417902,49925,0.041443469986497596
0.8,0.8,0.2,0.2,0.39417902,49925,0.041443469986497596
0.7,0.6,0.9,0.3,0.39418897,49925,0.04447931456591914
0.8,0.7,0.4,0.1,0.39420336,49925,0.043449275356500956
0.8,0.3,0.6,0.1,0.39421803,49925,0.041581657658125645
0.6,0.6,0.7,0.1,0.39422017,49925,0.044482741444447665
0.2,0.8,0.1,0.3,0.3942204,49925,0.04018121484418919
0.6,0.7,0.9,0.1,0.39422494,49925,0.04459459042678972
0.8,0.8,0.4,0.5,0.39422745,49925,0.044145642076339205
0.8,0.5,0.3,0.2,0.3942299,49925,0.04272501382918906
0.4,0.8,0.3,0.2,0.39423254,49925,0.04422666103147638
0.9,0.9,0.5,0.2,0.39424196,49925,0.044024327400834236
0.7,0.9,0.3,0.4,0.39424664,49925,0.043383285058204074
0.8,0.5,0.2,0.2,0.39424947,49925,0.04137284731981473
0.7,0.5,0.3,0.1,0.39425245,49925,0.04291971956963518
0.4,0.7,0.2,0.3,0.39426193,49925,0.04331683562129151
0.9,0.6,0.3,0.3,0.3942666,49925,0.04260919912316111
0.3,0.2,0.1,0.1,0.3942666,49925,0.04260919912316111
0.6,0.4,0.2,0.2,0.3942666,49925,0.04260919912316111
0.7,0.8,0.3,0.4,0.39427355,49925,0.043521677058129225
0.5,0.6,0.1,0.2,0.3942843,49925,0.04079243505098934
0.8,0.9,0.4,0.6,0.394288,49925,0.044069099909269174
0.4,0.4,0.2,0.1,0.39428943,49925,0.043829566990767864
0.8,0.8,0.4,0.2,0.39428943,49925,0.043829566990767864
0.7,0.9,0.4,0.5,0.3942968,49925,0.04435236381221067
0.8,0.7,0.2,0.2,0.3942976,49925,0.041517888066548964
0.7,0.8,0.9,0.1,0.3943387,49925,0.044633134267151195
0.8,0.3,0.1,0.1,0.39434254,49925,0.03768371325938549
0.6,0.2,0.1,0.1,0.39435244,49925,0.03857772232839184
0.8,0.6,0.7,0.2,0.394364,49925,0.044115862079646226
0.9,0.7,0.8,0.2,0.3943664,49925,0.044144531235057655
0.3,0.5,0.2,0.2,0.3943671,49925,0.04436059257807011
0.7,0.7,0.8,0.1,0.39436775,49925,0.04445355126212776
0.9,0.8,0.2,0.2,0.39437175,49925,0.041026789169476295
0.6,0.9,0.4,0.4,0.3943817,49925,0.04457806337089922
0.8,0.5,0.1,0.2,0.3943852,49925,0.03914393508643087
0.5,0.6,0.7,0.1,0.39439982,49925,0.04473898852830526
0.7,0.2,0.1,0.1,0.39441347,49925,0.03750966433806125
0.4,0.2,0.3,0.1,0.39441672,49925,0.04298825112090546
0.8,0.4,0.6,0.2,0.39441672,49925,0.04298825112090546
0.5,0.4,0.1,0.1,0.39441785,49925,0.04062210070476012
0.5,0.6,0.9,0.1,0.39442495,49925,0.044507103538967634
0.4,0.9,0.1,0.4,0.39442685,49925,0.04025490139647477
0.7,0.3,0.7,0.2,0.3944296,49925,0.042602688896778936
0.7,0.7,0.8,0.2,0.39443544,49925,0.04468461559638545
0.3,0.8,0.2,0.3,0.39443615,49925,0.0429554496058156
0.9,0.3,0.1,0.1,0.39444888,49925,0.03691196777080408
0.8,0.9,0.1,0.2,0.39446074,49925,0.038970110536370846
0.6,0.3,0.4,0.1,0.3944682,49925,0.04270393148021544
0.9,0.8,0.9,0.1,0.39446864,49925,0.04420814207683901
0.4,0.6,0.1,0.3,0.39447623,49925,0.041433258545692866
0.8,0.9,0.3,0.4,0.39449173,49925,0.04307127609993094
0.5,0.6,0.8,0.1,0.3944924,49925,0.04461438135214525
0.3,0.9,0.2,0.3,0.39449736,49925,0.04247724285735539
0.9,0.9,0.5,0.1,0.39449757,49925,0.04374861438436918
0.7,0.9,0.2,0.3,0.39450303,49925,0.04190377582849101
0.9,0.8,0.4,0.5,0.3945066,49925,0.04381395061323833
0.9,0.8,0.9,0.2,0.3945145,49925,0.044415267975107406
0.4,0.5,0.7,0.1,0.394517,49925,0.04465253729413121
0.5,0.7,0.1,0.3,0.394523,49925,0.040753079505832
0.9,0.6,0.2,0.2,0.39452353,49925,0.040955564698456154
0.8,0.8,0.1,0.2,0.3945324,49925,0.03910549762897451
0.6,0.7,0.9,0.2,0.3945408,49925,0.044808172820396
0.6,0.8,0.2,0.3,0.39454147,49925,0.042432124969160434
0.6,0.6,0.3,0.3,0.39454487,49925,0.04410882099788839
0.4,0.4,0.2,0.2,0.39454487,49925,0.0441088209978884
0.8,0.8,0.4,0.4,0.39454487,49925,0.0441088209978884
0.2,0.2,0.1,0.1,0.39454487,49925,0.0441088209978884
0.8,0.4,0.9,0.3,0.39454702,49925,0.043190538739518
0.4,0.8,0.2,0.3,0.39454794,49925,0.04293429267814111
0.7,0.8,0.4,0.4,0.3945518,49925,0.044438792211525115
0.4,0.4,0.6,0.2,0.39455366,49925,0.044700800712161634
0.6,0.6,0.9,0.3,0.39455366,49925,0.044700800712161634
0.2,0.2,0.3,0.1,0.39455366,49925,0.044700800712161634
0.7,0.3,0.2,0.2,0.39456445,49925,0.04140399529511051
0.8,0.3,0.5,0.1,0.39457256,49925,0.04151631586920481
0.4,0.9,0.3,0.4,0.39458096,49925,0.04396937475222546
0.9,0.3,0.2,0.2,0.3945899,49925,0.03982180249048716
0.6,0.8,0.1,0.3,0.39460388,49925,0.04014444589175502
0.9,0.5,0.6,0.1,0.39460713,49925,0.04286874821752446
0.8,0.7,0.3,0.4,0.39460728,49925,0.04323546733231285
0.9,0.7,0.9,0.3,0.39461055,49925,0.04430527983705265
0.6,0.6,0.3,0.4,0.3946113,49925,0.04414697466833031
0.8,0.3,0.7,0.2,0.39461428,49925,0.04211330805360165
0.6,0.5,0.3,0.1,0.39461884,49925,0.04352442460195093
0.8,0.7,0.8,0.2,0.39462304,49925,0.04443826533402957
0.9,0.4,0.2,0.2,0.39462638,49925,0.04041857534311123
0.7,0.3,0.1,0.1,0.3946278,49925,0.03852047597463815
0.6,0.6,0.1,0.2,0.39463285,49925,0.040276363213815024
0.8,0.8,0.2,0.3,0.39464408,49925,0.041712269556467875
0.9,0.9,0.2,0.3,0.39464593,49925,0.04125234926515509
0.6,0.9,0.4,0.1,0.39464626,49925,0.044150679523083144
0.4,0.5,0.2,0.3,0.3946463,49925,0.04395397321810312
0.9,0.8,0.3,0.4,0.39464775,49925,0.042794865745102204
0.6,0.3,0.7,0.2,0.39465538,49925,0.04308651480894317
0.5,0.5,0.9,0.2,0.39465642,49925,0.04438974772472315
0.8,0.4,0.8,0.3,0.39465952,49925,0.04324671643260749
0.5,0.5,0.9,0.1,0.39466354,49925,0.04414520169972008
0.8,0.5,0.8,0.3,0.39467493,49925,0.043830207060323416
0.3,0.6,0.2,0.3,0.39469087,49925,0.04392516478569531
0.9,0.9,0.1,0.2,0.39469427,49925,0.03863352926019051
0.8,0.8,0.9,0.2,0.39469564,49925,0.04464042575223127
0.4,0.8,0.1,0.4,0.39469668,49925,0.04066606985686661
0.7,0.8,0.2,0.3,0.3947023,49925,0.042070716562516326
0.8,0.3,0.2,0.2,0.39471197,49925,0.0405851804414662
0.8,0.8,0.3,0.4,0.39471918,49925,0.04316001877620453
0.9,0.8,0.4,0.6,0.39472044,49925,0.043827242473648054
0.9,0.5,0.3,0.3,0.39472696,49925,0.04240606349454675
0.6,0.5,0.1,0.2,0.3947425,49925,0.04040056035237498
0.9,0.8,0.4,0.4,0.3947507,49925,0.04373583233353278
0.4,0.5,0.6,0.1,0.39475113,49925,0.0448001886574668
0.6,0.5,0.3,0.2,0.39475507,49925,0.04390448938561883
0.5,0.8,0.3,0.4,0.39476126,49925,0.04415282543187279
0.7,0.7,0.9,0.3,0.39476156,49925,0.04476967974226757
0.7,0.3,0.7,0.1,0.39476177,49925,0.04212786667507172
0.5,0.6,0.3,0.3,0.39476287,49925,0.0445496588554317
0.4,0.4,0.7,0.2,0.39476633,49925,0.04452244555441203
0.8,0.7,0.4,0.2,0.39478877,49925,0.04378144436357025
0.7,0.5,0.6,0.2,0.39479098,49925,0.04407229739584237
0.9,0.4,0.1,0.2,0.39479116,49925,0.03826740108442819
0.6,0.3,0.1,0.1,0.39479667,49925,0.039419264263149865
0.9,0.7,0.4,0.3,0.39480245,49925,0.04357197161632016
0.9,0.4,0.3,0.2,0.39482373,49925,0.04166942660666609
0.7,0.8,0.4,0.3,0.39482734,49925,0.044349023303200674
0.5,0.8,0.2,0.3,0.39484638,49925,0.04274712789024357
0.9,0.5,0.2,0.2,0.39484748,49925,0.04075048577932895
0.6,0.2,0.4,0.1,0.39484993,49925,0.04130701434793867
0.9,0.6,0.7,0.2,0.3948533,49925,0.04375825556964691
0.7,0.6,0.3,0.3,0.39486277,49925,0.043618360881417184
0.8,0.4,0.1,0.2,0.3948645,49925,0.038925387282995154
0.8,0.9,0.2,0.3,0.39486486,49925,0.041594223713241105
0.6,0.9,0.4,0.3,0.39486632,49925,0.04451385241825119
0.6,0.6,0.7,0.2,0.39487135,49925,0.04473444969863661
0.9,0.4,0.9,0.1,0.3948737,49925,0.04213899503020198
0.6,0.8,0.4,0.2,0.3948867,49925,0.04452985905670743
0.3,0.4,0.2,0.1,0.3948867,49925,0.04452985905670743
0.8,0.7,0.1,0.2,0.39490044,49925,0.03918480007904529
0.9,0.4,0.8,0.3,0.39490756,49925,0.04285565489342506
0.5,0.7,0.9,0.1,0.3949114,49925,0.04472678731663115
0.9,0.8,0.1,0.2,0.39493334,49925,0.038703685028388425
0.8,0.2,0.1,0.1,0.39493412,49925,0.036538035539910176
0.9,0.8,0.2,0.3,0.39494047,49925,0.041324045592950276
0.6,0.9,0.1,0.4,0.39494246,49925,0.04006300128166496
0.8,0.3,0.6,0.2,0.3949519,49925,0.042090062089860256
0.5,0.6,0.3,0.2,0.3949554,49925,0.04441289054057664
0.7,0.7,0.4,0.1,0.39495835,49925,0.043896357416800584
0.9,0.9,0.5,0.3,0.39496216,49925,0.04420958844906812
0.6,0.5,0.9,0.3,0.39497128,49925,0.044381089138981256
0.6,0.4,0.9,0.2,0.39497212,49925,0.04360289245463555
0.6,0.3,0.7,0.1,0.39497757,49925,0.04262909366002842
0.8,0.6,0.3,0.4,0.39497775,49925,0.043230800060566205
0.8,0.4,0.9,0.1,0.3949861,49925,0.04253558511680528
0.9,0.5,0.8,0.3,0.39499664,49925,0.043476348625583
0.6,0.5,0.8,0.3,0.39499724,49925,0.04448145409095269
0.7,0.4,0.8,0.3,0.39499724,49925,0.04363719366066626
0.5,0.8,0.1,0.4,0.394998,49925,0.040543291579519754
0.6,0.8,0.9,0.1,0.39500752,49925,0.044788038749690416
0.7,0.5,0.3,0.2,0.39501655,49925,0.043317922349440964
0.4,0.7,0.3,0.3,0.39501938,49925,0.04463098066453281
0.5,0.4,0.2,0.2,0.39502364,49925,0.043361752912748
0.8,0.3,0.7,0.1,0.39502782,49925,0.04160924105344284
0.7,0.3,0.4,0.1,0.3950301,49925,0.042032742153496
0.4,0.6,0.2,0.3,0.3950351,49925,0.043666795466763636
0.8,0.8,0.4,0.6,0.39504173,49925,0.04414284346743272
0.4,0.4,0.2,0.3,0.39504173,49925,0.04414284346743272
0.7,0.6,0.8,0.3,0.39504418,49925,0.04456327193234391
0.5,0.7,0.3,0.4,0.395049,49925,0.04438669762233079
0.2,0.7,0.1,0.3,0.395054,49925,0.040832272831262895
0.5,0.6,0.8,0.2,0.39505532,49925,0.04485661492250477
0.9,0.7,0.3,0.4,0.3950734,49925,0.042803662340773575
0.4,0.3,0.6,0.2,0.39507625,49925,0.044145743793958137
0.7,0.7,0.4,0.2,0.39508307,49925,0.04419694240426041
0.5,0.4,0.8,0.1,0.39508942,49925,0.04376447673373361
0.6,0.8,0.4,0.1,0.39511597,49925,0.04427135542537704
0.9,0.9,0.3,0.4,0.3951192,49925,0.04274637146664951
0.7,0.9,0.1,0.3,0.3951305,49925,0.039609076097059326
0.9,0.5,0.6,0.2,0.39513436,49925,0.04321511239060972
0.5,0.5,0.2,0.3,0.39513445,49925,0.04342169141071261
0.5,0.7,0.8,0.1,0.39514026,49925,0.0448367520366332
0.4,0.8,0.3,0.1,0.39514315,49925,0.04401109373710525
0.5,0.6,0.2,0.3,0.395146,49925,0.04326827964384695
0.8,0.6,0.3,0.3,0.39514655,49925,0.04310076532235826
0.9,0.6,0.8,0.3,0.39514774,49925,0.04396304066842137
0.4,0.5,0.8,0.2,0.39515966,49925,0.04470851728297701
0.5,0.3,0.7,0.2,0.39516142,49925,0.04353688538080953
0.2,0.6,0.1,0.2,0.39517945,49925,0.04149502124399355
0.7,0.8,0.4,0.5,0.3951803,49925,0.044468494936610065
0.9,0.4,0.3,0.1,0.39518157,49925,0.04113148251181435
0.3,0.6,0.1,0.3,0.39519042,49925,0.04168318514248379
0.3,0.4,0.5,0.1,0.39519218,49925,0.04487869576951043
0.3,0.9,0.3,0.2,0.39519277,49925,0.04380172643573354
0.4,0.5,0.1,0.2,0.3951941,49925,0.04160899689423237
0.6,0.8,0.4,0.4,0.3951981,49925,0.04475892059874827
0.3,0.4,0.2,0.2,0.3951981,49925,0.04475892059874827
0.9,0.3,0.6,0.1,0.39519837,49925,0.04103373826239139
0.3,0.7,0.2,0.3,0.3952038,49925,0.04342238855997348
0.2,0.8,0.2,0.1,0.39520708,49925,0.042337292079299926
0.8,0.4,0.5,0.1,0.39521322,49925,0.042535310065860664
0.5,0.3,0.5,0.2,0.39521444,49925,0.04377463220885445
0.5,0.5,0.5,0.1,0.39521706,49925,0.04459092510533291
0.9,0.4,0.3,0.3,0.39521778,49925,0.04203259146284781
0.6,0.7,0.2,0.3,0.3952211,49925,0.04262250163952347
0.5,0.5,0.3,0.1,0.39522704,49925,0.04414440388939322
0.9,0.7,0.4,0.5,0.39524513,49925,0.04377925049688279
0.4,0.4,0.4,0.1,0.39526224,49925,0.044671846537298825
0.8,0.8,0.8,0.2,0.39526224,49925,0.044671846537298825
0.7,0.6,0.7,0.2,0.39527902,49925,0.04445043261643603
0.8,0.8,0.9,0.3,0.3952844,49925,0.04480716427259789
0.9,0.6,0.3,0.4,0.3952992,49925,0.04273381608211661
0.8,0.9,0.5,0.1,0.39530405,49925,0.044074720461070596
0.7,0.5,0.5,0.1,0.39530692,49925,0.043680783662786826
0.9,0.9,0.5,0.6,0.39531115,49925,0.044448881961531225
0.9,0.7,0.1,0.2,0.3953127,49925,0.03872867536046879
0.7,0.8,0.9,0.2,0.39531294,49925,0.04482223492001459
0.5,0.4,0.2,0.3,0.39531404,49925,0.043498885932059056
0.7,0.5,0.8,0.3,0.3953159,49925,0.04417984459376944
0.7,0.4,0.1,0.2,0.39531794,49925,0.03962414814662827
0.9,0.6,0.2,0.3,0.39533,49925,0.04126512023977038
0.6,0.5,0.6,0.2,0.3953347,49925,0.04445313564043964
0.2,0.8,0.2,0.2,0.3953403,49925,0.04255264418139754
0.1,0.4,0.1,0.1,0.3953403,49925,0.04255264418139754
0.5,0.4,0.4,0.1,0.39534318,49925,0.04413170220729041
0.4,0.9,0.3,0.5,0.3953437,49925,0.0439023111311694
0.5,0.3,0.2,0.1,0.39534396,49925,0.04267061276972073
0.6,0.6,0.6,0.1,0.39534542,49925,0.04452423933369689
0.8,0.4,0.3,0.2,0.39535058,49925,0.042317013032084405
0.9,0.9,0.9,0.2,0.3953511,49925,0.044633828075148395
0.7,0.4,0.9,0.1,0.39535412,49925,0.04291327864068933
0.7,0.8,0.1,0.3,0.3953542,49925,0.03981430790790173
0.3,0.5,0.1,0.2,0.39535514,49925,0.04210509590059262
0.5,0.9,0.3,0.5,0.3953602,49925,0.04384394375316453
0.9,0.5,0.3,0.4,0.39536908,49925,0.04258400647514418
0.9,0.6,0.4,0.1,0.39537016,49925,0.042748690608966
0.6,0.7,0.8,0.2,0.3953716,49925,0.04487430401229126
0.7,0.6,0.6,0.1,0.39537564,49925,0.04417025033247424
0.8,0.7,0.4,0.5,0.3953801,49925,0.04416880378523746
0.9,0.7,0.7,0.2,0.3953945,49925,0.04411196616570241
0.8,0.9,0.5,0.2,0.39539522,49925,0.044356025566062
0.3,0.8,0.1,0.4,0.3953968,49925,0.040577231188657
0.8,0.9,0.9,0.2,0.3954059,49925,0.04482036526823194
0.8,0.4,0.3,0.3,0.39540708,49925,0.04264914764436279
0.4,0.5,0.7,0.2,0.39542627,49925,0.0448931672091354
0.7,0.7,0.2,0.3,0.395427,49925,0.042216741299762384
0.9,0.4,0.6,0.2,0.39543194,49925,0.042510326888771974
0.6,0.8,0.9,0.2,0.39543575,49925,0.044956976181751165
0.3,0.9,0.1,0.4,0.39543694,49925,0.040087134628635245
0.8,0.7,0.4,0.4,0.39544448,49925,0.04409537380302345
0.4,0.8,0.3,0.4,0.39544797,49925,0.044306189642388846
0.8,0.5,0.3,0.4,0.3954523,49925,0.0431148326807098
0.8,0.7,0.8,0.3,0.39545584,49925,0.04462115564774855
0.4,0.2,0.5,0.1,0.3954615,49925,0.04280211146519297
0.6,0.4,0.8,0.3,0.3954646,49925,0.0439947003338765
0.9,0.8,0.5,0.1,0.39548078,49925,0.04364969487161798
0.8,0.5,0.3,0.3,0.39548263,49925,0.04296788937144563
0.6,0.4,0.4,0.1,0.39548647,49925,0.043533794091870234
0.9,0.9,0.5,0.5,0.39548826,49925,0.04442350112530704
0.8,0.6,0.2,0.3,0.39550114,49925,0.04177795403599838
0.9,0.7,0.4,0.4,0.39550346,49925,0.04368850733406038
0.5,0.9,0.4,0.4,0.39550495,49925,0.04474275868486388
0.2,0.9,0.2,0.1,0.39550835,49925,0.04168270944318593
0.3,0.4,0.6,0.1,0.39551386,49925,0.044673033483824696
0.8,0.4,0.3,0.1,0.3955143,49925,0.04180649241409103
0.6,0.9,0.4,0.5,0.39551595,49925,0.044593404289520064
0.5,0.5,0.6,0.2,0.3955162,49925,0.04479222941859383
0.6,0.7,0.3,0.5,0.39552134,49925,0.044033234896442355
0.4,0.3,0.5,0.2,0.3955228,49925,0.044310025381002066
0.4,0.6,0.8,0.1,0.39552307,49925,0.04474486534114589
0.9,0.3,0.7,0.2,0.39552647,49925,0.04162418608829775
0.9,0.8,0.9,0.3,0.39553532,49925,0.04458512482942997
0.3,0.7,0.1,0.4,0.39553955,49925,0.04109997303469105
0.8,0.8,0.1,0.3,0.39554152,49925,0.0394307148811714
0.5,0.6,0.9,0.3,0.39554715,49925,0.04488764443608321
0.9,0.7,0.2,0.3,0.39555532,49925,0.04131901997332814
0.5,0.7,0.9,0.2,0.39556116,49925,0.044927219051859146
0.6,0.2,0.5,0.1,0.39556366,49925,0.04138023188709757
0.9,0.9,0.5,0.4,0.39556566,49925,0.04434976705088137
0.5,0.7,0.2,0.3,0.39556634,49925,0.04302464871548805
0.5,0.2,0.5,0.1,0.39557076,49925,0.04211345520690681
0.2,0.7,0.2,0.1,0.39557406,49925,0.043033680365466405
0.8,0.8,0.8,0.1,0.3955777,49925,0.0444534541910039
0.6,0.8,0.3,0.5,0.39558154,49925,0.04386996611325894
0.7,0.7,0.7,0.1,0.39558905,49925,0.04447979041195351
0.5,0.3,0.2,0.2,0.3955954,49925,0.04313684390280706
0.3,0.5,0.2,0.3,0.3955999,49925,0.0443644796927533
0.8,0.6,0.8,0.3,0.39561027,49925,0.044285627098377696
0.4,0.7,0.3,0.1,0.39561045,49925,0.04432476686159989
0.5,0.9,0.2,0.4,0.3956106,49925,0.04253528686985505
0.9,0.2,0.1,0.1,0.39561808,49925,0.035650610566656186
0.5,0.5,0.1,0.2,0.39561906,49925,0.04102627805713168
0.7,0.4,0.3,0.3,0.39562085,49925,0.04329567811646991
0.6,0.5,0.5,0.1,0.39563167,49925,0.04415528538825376
0.8,0.9,0.1,0.3,0.39563182,49925,0.0393113635309953
0.4,0.5,0.8,0.1,0.39563623,49925,0.0445008293587688
0.7,0.9,0.4,0.6,0.3956378,49925,0.04433755171388891
0.7,0.5,0.3,0.4,0.3956537,49925,0.04364090978999915
0.6,0.8,0.4,0.3,0.3956553,49925,0.04465930983161432
0.6,0.7,0.9,0.3,0.39565623,49925,0.04496044206789
0.8,0.5,0.6,0.2,0.39566004,49925,0.043647166574747945
0.8,0.7,0.4,0.3,0.39566377,49925,0.0439861951482816
0.3,0.6,0.1,0.4,0.39567372,49925,0.04158427823020422
0.6,0.9,0.2,0.4,0.39567584,49925,0.04233469408907921
0.5,0.4,0.5,0.2,0.39567587,49925,0.044485704215424755
0.9,0.3,0.7,0.1,0.3956827,49925,0.041116224441123235
0.8,0.9,0.2,0.4,0.39568833,49925,0.04176051729658999
0.7,0.4,0.9,0.3,0.3956895,49925,0.043546855911838434
0.8,0.7,0.7,0.1,0.3956986,49925,0.04417882437161689
0.9,0.6,0.4,0.2,0.39569926,49925,0.04313538699701615
0.6,0.7,0.7,0.1,0.3957008,49925,0.04474089253807034
0.4,0.7,0.3,0.2,0.39571172,49925,0.044564850944654934
0.5,0.6,0.3,0.4,0.39571255,49925,0.04455760540660235
0.9,0.6,0.4,0.3,0.39571723,49925,0.04342522685441006
0.6,0.4,0.5,0.2,0.39571846,49925,0.043987966964945655
0.6,0.3,0.5,0.2,0.39572677,49925,0.043193901997461086
0.4,0.3,0.3,0.1,0.39572865,49925,0.044093824437740535
0.8,0.6,0.6,0.2,0.39572865,49925,0.044093824437740535
0.6,0.4,0.2,0.3,0.3957293,49925,0.04279280182835991
0.9,0.8,0.2,0.4,0.39573917,49925,0.041528561959429715
0.6,0.6,0.8,0.3,0.3957394,49925,0.04483002525493903
0.7,0.9,0.2,0.4,0.39574298,49925,0.042082657686676586
0.8,0.7,0.7,0.2,0.39574426,49925,0.04444236403552213
0.7,0.7,0.4,0.4,0.39574602,49925,0.044500890231305705
0.8,0.9,0.5,0.5,0.3957469,49925,0.0447179963515329
0.5,0.3,0.7,0.1,0.3957499,49925,0.04312366142812765
0.4,0.6,0.7,0.1,0.3957515,49925,0.04488382733205134
0.6,0.5,0.2,0.3,0.39575633,49925,0.04286456625471655
0.9,0.3,0.8,0.2,0.39576674,49925,0.04161135522420879
0.7,0.7,0.3,0.5,0.39577883,49925,0.043675568733617505
0.9,0.9,0.1,0.3,0.3957794,49925,0.03898332193313492
0.9,0.6,0.6,0.2,0.3957798,49925,0.04369517712477192
0.2,0.6,0.2,0.1,0.39578012,49925,0.043730851282393006
0.7,0.3,0.5,0.2,0.3957817,49925,0.04261542653867222
0.2,0.9,0.2,0.2,0.3957848,49925,0.04193170838477884
0.8,0.7,0.2,0.3,0.39578736,49925,0.04177510622889937
0.6,0.7,0.1,0.3,0.39579394,49925,0.040383834447471297
0.7,0.6,0.2,0.3,0.3958096,49925,0.042286756685720454
0.7,0.9,0.9,0.1,0.39581254,49925,0.04479635738211788
0.4,0.7,0.1,0.4,0.39582095,49925,0.04106172123411817
0.7,0.4,0.7,0.3,0.3958263,49925,0.04370073601543956
0.7,0.8,0.8,0.1,0.39583823,49925,0.04468227578027386
0.5,0.2,0.3,0.1,0.39584225,49925,0.0420472040604179
0.7,0.7,0.7,0.2,0.39585137,49925,0.04471902486747971
0.9,0.6,0.4,0.5,0.39586467,49925,0.04368956883176761
0.5,0.5,0.9,0.3,0.3958668,49925,0.044580364176128075
0.5,0.2,0.5,0.2,0.39587152,49925,0.0426957705927486
0.6,0.9,0.3,0.5,0.3958735,49925,0.04366633755738286
0.6,0.5,0.3,0.3,0.39587605,49925,0.044088935324166
0.8,0.8,0.3,0.5,0.39587796,49925,0.04324820536958247
0.6,0.6,0.2,0.3,0.39588028,49925,0.042790585589669576
0.8,0.9,0.9,0.1,0.39589053,49925,0.04463616367813621
0.8,0.7,0.3,0.5,0.39590323,49925,0.0432845137516239
0.5,0.6,0.6,0.1,0.3959073,49925,0.044823743158212775
0.9,0.7,0.8,0.3,0.39591154,49925,0.04435100332186921
0.5,0.6,0.7,0.2,0.3959211,49925,0.044961718423864164
0.4,0.4,0.5,0.2,0.39592353,49925,0.04487550912206794
0.7,0.7,0.4,0.3,0.39592382,49925,0.04439884229805109
0.9,0.9,0.9,0.1,0.3959245,49925,0.044424426759211585
0.8,0.9,0.3,0.5,0.39593837,49925,0.04313706896883573
0.9,0.8,0.5,0.2,0.39593992,49925,0.04395323346662736
0.8,0.5,0.5,0.1,0.39594248,49925,0.04319271939784895
0.7,0.6,0.3,0.5,0.39594442,49925,0.04371124009397872
0.9,0.6,0.4,0.4,0.39594883,49925,0.04358896378721119
0.5,0.3,0.3,0.1,0.39595217,49925,0.043297443262992744
0.7,0.4,0.3,0.1,0.39595598,49925,0.042513397518305324
0.6,0.7,0.4,0.1,0.39595732,49925,0.04431761541746853
0.7,0.8,0.3,0.5,0.395964,49925,0.043562955497490376
0.4,0.3,0.2,0.1,0.39598817,49925,0.0436337266828292
0.8,0.6,0.4,0.2,0.39598817,49925,0.0436337266828292
0.5,0.5,0.8,0.3,0.39599273,49925,0.04472224849965021
0.7,0.7,0.8,0.3,0.39599925,49925,0.04486963812467256
0.5,0.7,0.8,0.2,0.39599973,49925,0.04503608657507035
0.8,0.3,0.8,0.2,0.39600998,49925,0.04207180085710961
0.7,0.7,0.1,0.3,0.39601326,49925,0.03996263350288999
0.8,0.6,0.4,0.1,0.39601335,49925,0.04326518468772814
0.7,0.4,0.4,0.1,0.39601353,49925,0.04293946921040513
0.7,0.8,0.8,0.2,0.3960152,49925,0.044900577730285135
0.7,0.9,0.3,0.5,0.39601675,49925,0.04341523643883224
0.8,0.9,0.5,0.3,0.39602047,49925,0.044514232925401555
0.8,0.6,0.6,0.1,0.39602458,49925,0.04377056546543822
0.9,0.7,0.4,0.6,0.3960257,49925,0.04381595382810155
0.6,0.8,0.1,0.4,0.39602757,49925,0.040316132246564836
0.7,0.6,0.6,0.2,0.3960391,49925,0.044467998342221995
0.3,0.4,0.6,0.2,0.39603966,49925,0.044934298515021336
0.5,0.9,0.4,0.2,0.39604017,49925,0.04458646787602866
0.9,0.3,0.6,0.2,0.39604047,49925,0.04156752371824179
0.7,0.5,0.3,0.3,0.39604175,49925,0.04352343196060628
0.5,0.9,0.1,0.5,0.39604753,49925,0.04027476194703279
0.6,0.6,0.3,0.5,0.39605418,49925,0.04412931142531298
0.5,0.4,0.1,0.2,0.3960547,49925,0.0411300264427309
0.7,0.7,0.4,0.5,0.3960561,49925,0.04453099790779745
0.5,0.7,0.9,0.3,0.39605898,49925,0.04507347635818514
0.8,0.5,0.9,0.4,0.39606598,49925,0.04397950136387893
0.2,0.6,0.1,0.3,0.39606652,49925,0.041528897910918086
0.9,0.6,0.6,0.1,0.3960669,49925,0.043356462569438904
0.4,0.7,0.3,0.4,0.39606804,49925,0.04462161138590071
0.4,0.6,0.3,0.3,0.39607093,49925,0.04490699550543056
0.1,0.5,0.1,0.1,0.39607233,49925,0.04130551364634847
0.4,0.6,0.3,0.2,0.3960817,49925,0.044813304686120936
0.7,0.9,0.5,0.5,0.3960926,49925,0.044958573366170075
0.9,0.8,0.8,0.2,0.3960946,49925,0.04442105507924741
0.2,0.5,0.1,0.2,0.39609796,49925,0.042260875653442914
0.6,0.7,0.7,0.2,0.39610454,49925,0.0449743700035666
0.8,0.5,0.5,0.2,0.39610517,49925,0.04356844940760888
0.9,0.8,0.8,0.1,0.39610606,49925,0.044181515903668075
0.7,0.6,0.4,0.1,0.39612275,49925,0.0437352506087557
0.6,0.8,0.4,0.5,0.39612353,49925,0.04473333666958456
0.5,0.8,0.3,0.5,0.39612415,49925,0.04410136869706477
0.2,0.8,0.2,0.3,0.3961242,49925,0.04263305372827533
0.7,0.3,0.8,0.2,0.3961259,49925,0.04251046374281743
0.7,0.5,0.2,0.3,0.3961394,49925,0.04227581439446549
0.8,0.9,0.5,0.4,0.39614007,49925,0.04463418743190774
0.3,0.7,0.2,0.4,0.39614177,49925,0.04337818975311037
0.4,0.4,0.1,0.2,0.39614186,49925,0.04188035604605839
0.8,0.8,0.2,0.4,0.39614186,49925,0.04188035604605839
0.8,0.4,0.5,0.2,0.39614275,49925,0.04294866628885336
0.7,0.4,0.5,0.2,0.3961439,49925,0.043466650747156124
0.9,0.4,0.7,0.3,0.39614958,49925,0.04287200812562266
0.6,0.3,0.2,0.3,0.39614964,49925,0.04249713909284671
0.9,0.5,0.7,0.3,0.39615095,49925,0.04349567844629451
0.9,0.4,0.5,0.1,0.39615664,49925,0.04199675478670206
0.2,0.7,0.2,0.2,0.39615738,49925,0.04320726405723014
0.4,0.9,0.1,0.5,0.3961659,49925,0.04026684824187457
0.9,0.9,0.4,0.7,0.39617205,49925,0.04376978980666879
0.8,0.4,0.7,0.3,0.39617562,49925,0.043275875386702065
0.9,0.9,0.2,0.4,0.3961786,49925,0.04143787263735291
0.5,0.6,0.8,0.3,0.39619878,49925,0.045013920394380784
0.6,0.3,0.8,0.2,0.39620256,49925,0.04294376981646532
0.9,0.7,0.7,0.1,0.39620876,49925,0.04384294312888299
0.7,0.5,0.9,0.4,0.39621776,49925,0.044251450520433305
0.6,0.4,0.1,0.2,0.39622077,49925,0.04036129565138841
0.7,0.5,0.7,0.3,0.3962209,49925,0.04425757981137485
0.8,0.6,0.3,0.5,0.39622098,49925,0.043284371428645094
0.6,0.3,0.3,0.1,0.3962247,49925,0.04251321639334335
0.9,0.5,0.9,0.4,0.396227,49925,0.04365795042956294
0.9,0.8,0.5,0.4,0.3962288,49925,0.0443233391804253
0.6,0.5,0.7,0.3,0.39624092,49925,0.044582000369234445
0.2,0.9,0.1,0.4,0.39624092,49925,0.039562423347577286
0.6,0.7,0.4,0.4,0.39624935,49925,0.04485499963936309
0.8,0.5,0.7,0.3,0.39625207,49925,0.043874644738243096
0.6,0.4,0.7,0.3,0.3962523,49925,0.044086947345458344
0.7,0.3,0.2,0.3,0.39625654,49925,0.04171476865591957
0.7,0.4,0.3,0.2,0.3962611,49925,0.04298103635694909
0.8,0.4,0.2,0.3,0.39626703,49925,0.041436801238399615
0.3,0.5,0.1,0.3,0.3962803,49925,0.04217080009827157
0.5,0.9,0.4,0.5,0.39628643,49925,0.04474757005419735
0.4,0.8,0.3,0.5,0.39628792,49925,0.04423683744318319
0.5,0.3,0.2,0.3,0.3962968,49925,0.04329975241398015
0.9,0.8,0.5,0.3,0.39630306,49925,0.04417500655392722
0.8,0.8,0.5,0.2,0.39630413,49925,0.04430181045456264
0.5,0.4,0.8,0.3,0.3963083,49925,0.044300707490963834
0.6,0.5,0.3,0.4,0.39631402,49925,0.04415562752548669
0.8,0.8,0.7,0.2,0.39631662,49925,0.04464840983674872
0.5,0.8,0.9,0.1,0.39632004,49925,0.04487035855212099
0.7,0.5,0.5,0.2,0.39632034,49925,0.04405652473681136
0.8,0.5,0.3,0.5,0.39633164,49925,0.04316578819541959
0.7,0.3,0.7,0.3,0.39633292,49925,0.04294833066876962
0.4,0.6,0.7,0.2,0.39633986,49925,0.04510104636039187
0.8,0.3,0.7,0.3,0.39634055,49925,0.04247446068848426
0.2,0.8,0.1,0.4,0.39634192,49925,0.04014457819629283
0.9,0.4,0.3,0.4,0.39634612,49925,0.04224388361912557
0.9,0.8,0.7,0.2,0.39635813,49925,0.044358562194266635
0.6,0.5,0.5,0.2,0.39635944,49925,0.0444903793823389
0.4,0.5,0.5,0.1,0.39636323,49925,0.04492302106509215
0.4,0.6,0.1,0.4,0.39636785,49925,0.0414149320797615
0.7,0.8,0.4,0.6,0.39636984,49925,0.04444197420387766
0.6,0.6,0.6,0.2,0.39637533,49925,0.044795713373431495
0.3,0.3,0.3,0.1,0.39637533,49925,0.044795713373431495
0.9,0.9,0.9,0.3,0.39637533,49925,0.044795713373431495
0.9,0.6,0.7,0.3,0.3963809,49925,0.044002873283071925
0.9,0.6,0.5,0.2,0.3963859,49925,0.0435264101530668
0.4,0.9,0.2,0.4,0.3963904,49925,0.04261724881534345
0.6,0.3,0.7,0.3,0.39639804,49925,0.043416961059033435
0.8,0.9,0.4,0.7,0.396403,49925,0.04405354693112261
0.4,0.6,0.9,0.2,0.39640564,49925,0.04479712408143151
0.9,0.5,0.5,0.2,0.39640582,49925,0.04310214700601278
0.8,0.7,0.4,0.6,0.39640754,49925,0.0441668145262816
0.8,0.7,0.1,0.3,0.39641488,49925,0.03953067160054167
0.6,0.4,0.9,0.3,0.39641535,49925,0.043851909848704906
0.9,0.7,0.5,0.1,0.39641714,49925,0.04346324928631512
0.4,0.6,0.8,0.2,0.3964187,49925,0.044963120174875894
0.2,0.3,0.4,0.1,0.3964187,49925,0.044963120174875894
0.8,0.4,0.4,0.1,0.39642644,49925,0.042326247554502615
0.9,0.8,0.4,0.7,0.39643285,49925,0.04379744860131209
0.8,0.3,0.5,0.2,0.39643532,49925,0.042060778744404975
0.6,0.8,0.8,0.1,0.39644626,49925,0.04484495628497617
0.7,0.9,0.3,0.6,0.39645222,49925,0.04344013190265943
0.2,0.7,0.2,0.3,0.3964567,49925,0.043231133093720286
0.3,0.8,0.2,0.4,0.3964628,49925,0.042970227814759204
0.9,0.5,0.4,0.4,0.3964741,49925,0.043324152124497285
0.8,0.7,0.6,0.2,0.39648056,49925,0.0443757367567423
0.9,0.9,0.5,0.7,0.39648077,49925,0.04444473148160382
0.9,0.7,0.4,0.7,0.3964834,49925,0.04379411100839584
0.7,0.9,0.9,0.2,0.3964854,49925,0.044981442177288194
0.5,0.5,0.3,0.2,0.39648888,49925,0.04446140312594393
0.5,0.7,0.1,0.4,0.39649215,49925,0.040836223400647985
0.6,0.6,0.7,0.3,0.3964935,49925,0.044925043204923035
0.8,0.6,0.4,0.5,0.39649466,49925,0.04408027719058122
0.9,0.7,0.6,0.2,0.3964955,49925,0.044038292861503195
0.8,0.6,0.4,0.4,0.39650333,49925,0.04404482707888938
0.4,0.3,0.2,0.2,0.39650333,49925,0.04404482707888938
0.8,0.9,0.9,0.3,0.39650568,49925,0.04498429709603938
0.4,0.6,0.6,0.1,0.39650646,49925,0.04500965071221062
0.7,0.6,0.9,0.4,0.39651582,49925,0.04463535045569449
0.7,0.2,0.5,0.1,0.3965193,49925,0.04069537003089636
0.5,0.4,0.7,0.3,0.39652473,49925,0.044464345399043946
0.7,0.6,0.4,0.2,0.3965269,49925,0.04411188231282552
0.6,0.4,0.3,0.2,0.39653087,49925,0.04366337785016077
0.5,0.7,0.3,0.5,0.3965326,49925,0.044331722184152336
0.8,0.8,0.5,0.1,0.39653727,49925,0.04400675729975405
0.7,0.6,0.7,0.3,0.39653865,49925,0.04466771682316422
0.7,0.9,0.1,0.4,0.39653987,49925,0.039840402179728264
0.6,0.9,0.1,0.5,0.39654022,49925,0.04014849853734986
0.4,0.2,0.5,0.2,0.39654106,49925,0.043356245098559607
0.7,0.4,0.2,0.3,0.39654246,49925,0.0420956827077245
0.9,0.7,0.9,0.4,0.39654654,49925,0.044479918171249605
0.7,0.8,0.9,0.3,0.3965468,49925,0.04498455189351771
0.8,0.6,0.7,0.3,0.39655113,49925,0.04434147335842559
0.7,0.5,0.3,0.5,0.3965519,49925,0.04365720465343193
0.9,0.8,0.8,0.3,0.39655268,49925,0.04460852024615534
0.9,0.5,0.4,0.2,0.39655355,49925,0.042800909020450036
0.8,0.4,0.9,0.4,0.39655527,49925,0.043437276837752455
0.9,0.5,0.5,0.1,0.39655587,49925,0.04270930352419337
0.4,0.6,0.3,0.1,0.39655596,49925,0.044559816629235506
0.7,0.9,0.5,0.4,0.39655837,49925,0.04489425192305506
0.5,0.6,0.1,0.3,0.39656016,49925,0.04103050506073397
0.9,0.4,0.9,0.4,0.3965682,49925,0.04308069075257828
0.4,0.5,0.6,0.2,0.3965712,49925,0.04504704605917829
0.9,0.9,0.8,0.2,0.39657193,49925,0.044616071059133997
0.9,0.8,0.1,0.3,0.39657968,49925,0.03906744044295194
0.8,0.6,0.5,0.2,0.39658123,49925,0.04396038737740229
0.7,0.9,0.4,0.7,0.39658478,49925,0.04428551847559209
0.9,0.4,0.5,0.2,0.39658666,49925,0.042439480982092374
0.6,0.8,0.8,0.2,0.3965871,49925,0.04505414725850613
0.3,0.4,0.4,0.1,0.3965871,49925,0.04505414725850613
0.5,0.8,0.2,0.4,0.39658782,49925,0.0428284704726971
0.7,0.9,0.5,0.2,0.3965931,49925,0.04463497886614331
0.6,0.6,0.1,0.3,0.39659464,49925,0.04056354901762335
0.6,0.4,0.3,0.3,0.3965961,49925,0.0439181831191091
0.6,0.4,0.3,0.1,0.39660388,49925,0.043193451959445475
0.9,0.6,0.9,0.4,0.39660582,49925,0.044121992785394526
0.9,0.8,0.3,0.5,0.39661223,49925,0.042899384817118316
0.8,0.6,0.4,0.3,0.39661828,49925,0.04388619240676
0.7,0.8,0.2,0.4,0.39661843,49925,0.042240843785253335
0.9,0.8,0.5,0.5,0.39663312,49925,0.04442209782321598
0.6,0.9,0.9,0.1,0.39663702,49925,0.04491740004536306
0.9,0.8,0.9,0.4,0.39663726,49925,0.04474679271883995
0.9,0.8,0.5,0.6,0.39664072,49925,0.04442638713906074
0.5,0.7,0.7,0.1,0.39664078,49925,0.04491618446128433
0.8,0.8,0.4,0.7,0.3966444,49925,0.04412093488442781
0.8,0.6,0.5,0.1,0.3966465,49925,0.043610308635983565
0.9,0.5,0.3,0.5,0.39664727,49925,0.04266351558155227
0.9,0.8,0.7,0.1,0.39664808,49925,0.04409228319297532
0.8,0.7,0.6,0.1,0.39665598,49925,0.04407964222067652
0.8,0.3,0.4,0.1,0.39665765,49925,0.04135907765310576
0.6,0.8,0.2,0.4,0.3966592,49925,0.04256466323494291
0.3,0.4,0.1,0.2,0.3966592,49925,0.04256466323494291
0.8,0.5,0.2,0.3,0.39666083,49925,0.04166894340146458
0.8,0.9,0.5,0.6,0.39666557,49925,0.04472587662661538
0.6,0.7,0.4,0.3,0.39666873,49925,0.04476502825965722
0.5,0.5,0.7,0.3,0.39667475,49925,0.04488133332788356
0.5,0.8,0.4,0.4,0.3966749,49925,0.044965690211371964
0.8,0.4,0.3,0.4,0.39668548,49925,0.042817831417702214
0.2,0.2,0.4,0.1,0.39668572,49925,0.04432654597739932
0.4,0.4,0.8,0.2,0.39668572,49925,0.04432654597739932
0.5,0.9,0.4,0.3,0.39668763,49925,0.044700835042023726
0.8,0.6,0.9,0.4,0.3966878,49925,0.044396222334944856
0.9,0.6,0.4,0.6,0.39669916,49925,0.043694993574424565
0.9,0.7,0.6,0.1,0.39670607,49925,0.043710723978366554
0.9,0.9,0.2,0.5,0.3967093,49925,0.04155565947698183
0.4,0.5,0.2,0.4,0.3967129,49925,0.04388921400099036
0.2,0.6,0.2,0.3,0.39671952,49925,0.04384537985953406
0.6,0.9,0.2,0.5,0.39672494,49925,0.04239930149132308
0.6,0.5,0.9,0.4,0.39672673,49925,0.044523286218889534
0.5,0.8,0.4,0.2,0.3967271,49925,0.04477744922149764
0.3,0.4,0.7,0.2,0.39673787,49925,0.044691382426849356
0.6,0.7,0.4,0.2,0.3967389,49925,0.044594565998505975
0.9,0.4,0.2,0.3,0.3967421,49925,0.0407922967290608
0.3,0.5,0.6,0.1,0.39674357,49925,0.04491429963016173
0.8,0.7,0.9,0.4,0.3967455,49925,0.04470476805197845
0.2,0.9,0.2,0.3,0.3967463,49925,0.04200778483610455
0.5,0.5,0.1,0.3,0.39674848,49925,0.04125456833930414
0.5,0.9,0.4,0.1,0.3967558,49925,0.044362071667387606
0.5,0.5,0.3,0.3,0.39675713,49925,0.044619744265947454
0.4,0.8,0.2,0.4,0.39676115,49925,0.04298505727922994
0.2,0.4,0.1,0.2,0.39676115,49925,0.04298505727922994
0.2,0.7,0.1,0.4,0.3967641,49925,0.04075659396099478
0.8,0.8,0.3,0.6,0.39676902,49925,0.04327953261226757
0.8,0.9,0.8,0.2,0.3967709,49925,0.044833110295609574
0.3,0.3,0.5,0.2,0.39677227,49925,0.04473517372402888
0.3,0.9,0.3,0.1,0.3967781,49925,0.043587973638576485
0.5,0.3,0.7,0.3,0.3967811,49925,0.04382360392607208
0.3,0.8,0.3,0.4,0.39678407,49925,0.044281774842810886
0.4,0.6,0.9,0.3,0.39678726,49925,0.044952809374704625
0.6,0.9,0.4,0.6,0.3967878,49925,0.044552158247010684
0.6,0.4,0.9,0.1,0.39679623,49925,0.04329264893651804
0.6,0.8,0.9,0.3,0.39680487,49925,0.04511645452649751
0.9,0.8,0.6,0.2,0.39680922,49925,0.04422514450342123
0.5,0.8,0.9,0.2,0.3968247,49925,0.045048830807520174
0.5,0.8,0.8,0.1,0.39682743,49925,0.04497484997448492
0.3,0.5,0.7,0.1,0.39683613,49925,0.04473785839642262
0.7,0.5,0.4,0.1,0.39683995,49925,0.043448458092849446
0.8,0.9,0.3,0.6,0.39684185,49925,0.04318807275393036
0.6,0.5,0.4,0.1,0.39684224,49925,0.043998211908264986
0.4,0.9,0.2,0.5,0.39684606,49925,0.042634657959788366
0.7,0.7,0.9,0.4,0.39685154,49925,0.04492915870495772
0.3,0.9,0.3,0.4,0.39685416,49925,0.043886942063260825
0.9,0.7,0.3,0.5,0.39685518,49925,0.042887251528627934
0.6,0.6,0.4,0.1,0.39685544,49925,0.044209031507133026
0.5,0.4,0.3,0.1,0.39685673,49925,0.04390125916796507
0.9,0.4,0.4,0.1,0.39685732,49925,0.04172553428681088
0.7,0.8,0.3,0.6,0.3968639,49925,0.04356787614052868
0.7,0.3,0.8,0.3,0.3968663,49925,0.04288273232999717
0.2,0.6,0.2,0.2,0.39687434,49925,0.04386642652849835
0.1,0.3,0.1,0.1,0.39687434,49925,0.04386642652849835
0.3,0.9,0.3,0.3,0.39687434,49925,0.04386642652849834
0.9,0.5,0.4,0.3,0.39687458,49925,0.043138218532967586
0.6,0.1,0.1,0.1,0.3968791,49925,0.03662797010163743
0.6,0.6,0.9,0.4,0.39687958,49925,0.044864666372705184
0.7,0.6,0.4,0.3,0.39688006,49925,0.04433544878599608
0.9,0.7,0.5,0.2,0.3968803,49925,0.043786290369864034
0.3,0.9,0.3,0.5,0.39688036,49925,0.04379580806365217
0.5,0.4,0.9,0.2,0.3968962,49925,0.0438869632763728
0.9,0.7,0.7,0.3,0.39690104,49925,0.04433782968881125
0.6,0.7,0.8,0.3,0.3969015,49925,0.04504731008423538
0.9,0.9,0.6,0.2,0.3969019,49925,0.0443399335870827
0.5,0.6,0.1,0.4,0.39690274,49925,0.04109833967515805
0.4,0.5,0.1,0.3,0.39690667,49925,0.04178625515584024
0.7,0.9,0.2,0.5,0.396916,49925,0.042163773193201075
0.7,0.7,0.6,0.1,0.39692634,49925,0.04441928515853443
0.7,0.4,0.9,0.4,0.3969319,49925,0.043757654023146984
0.5,0.6,0.2,0.4,0.3969367,49925,0.04331710746529462
0.7,0.6,0.5,0.1,0.39693904,49925,0.044042873211056904
0.4,0.7,0.2,0.4,0.3969419,49925,0.04332157216692707
0.5,0.5,0.2,0.4,0.3969447,49925,0.04345873006875433
0.9,0.5,0.2,0.3,0.39694485,49925,0.041092351407602895
0.5,0.8,0.4,0.3,0.396946,49925,0.044913149185079576
0.6,0.9,0.2,0.6,0.39695287,49925,0.042397519746062415
0.8,0.3,0.8,0.3,0.39695364,49925,0.04244526020356314
0.9,0.3,0.8,0.3,0.39695674,49925,0.042019676694057526
0.4,0.8,0.1,0.5,0.39695856,49925,0.04065640705442344
0.9,0.3,0.5,0.1,0.39696085,49925,0.0409276862093026
0.8,0.8,0.5,0.3,0.39696398,49925,0.04450120543294465
0.8,0.7,0.3,0.6,0.39696556,49925,0.04331686843809745
0.5,0.6,0.6,0.2,0.3969656,49925,0.04506951248439614
0.9,0.6,0.3,0.5,0.39696625,49925,0.04283067525732296
0.7,0.9,0.5,0.1,0.396967,49925,0.04438181788631857
0.8,0.7,0.2,0.4,0.39696786,49925,0.041963912045004007
0.9,0.9,0.3,0.5,0.39697218,49925,0.04282872788887307
0.7,0.8,0.5,0.2,0.39698195,49925,0.044639750452534765
0.4,0.6,0.9,0.1,0.39698246,49925,0.04461666855429246
0.3,0.3,0.2,0.1,0.39698714,49925,0.04456573686724356
0.6,0.6,0.4,0.2,0.39698714,49925,0.04456573686724356
0.9,0.9,0.6,0.3,0.39698714,49925,0.04456573686724356
0.9,0.3,0.1,0.2,0.3969984,49925,0.03769421709274237
0.7,0.3,0.3,0.1,0.3970109,49925,0.04170885235036154
0.3,0.3,0.6,0.1,0.3970132,49925,0.044143794424398905
0.2,0.5,0.1,0.3,0.3970202,49925,0.042219480352973515
0.4,0.5,0.9,0.2,0.3970222,49925,0.044537062446418495
0.6,0.5,0.3,0.5,0.39702782,49925,0.044129605894064006
0.9,0.7,0.5,0.6,0.39703125,49925,0.04435490640997328
0.8,0.8,0.7,0.1,0.39703956,49925,0.0443898030625632
0.4,0.5,0.8,0.3,0.39703992,49925,0.04490406081412212
0.8,0.9,0.2,0.5,0.39704424,49925,0.04187428659821767
0.5,0.9,0.3,0.6,0.39705122,49925,0.04377311841000556
0.9,0.5,0.4,0.1,0.39705566,49925,0.04235343675408101
0.7,0.9,0.5,0.3,0.39705777,49925,0.04481103050160537
0.8,0.7,0.7,0.3,0.3970588,49925,0.04464815992719443
0.9,0.8,0.6,0.3,0.39706007,49925,0.0444468364956652
0.6,0.8,0.3,0.6,0.39706048,49925,0.04380835010322766
0.7,0.8,0.5,0.1,0.39706564,49925,0.044351058955685016
0.7,0.7,0.5,0.2,0.39706826,49925,0.044566712860677905
0.5,0.8,0.1,0.5,0.3970713,49925,0.04055871560101405
0.9,0.9,0.6,0.1,0.39707637,49925,0.04406510334645588
0.8,0.5,0.4,0.1,0.3970766,49925,0.042898831654291265
0.7,0.5,0.4,0.2,0.39707863,49925,0.04384704243652697
0.8,0.4,0.6,0.3,0.3970846,49925,0.04330875662583407
0.9,0.9,0.8,0.3,0.3970868,49925,0.044777395206998354
0.8,0.7,0.5,0.2,0.3970933,49925,0.04419525410005769
0.7,0.7,0.3,0.6,0.39709553,49925,0.04364503332501576
0.8,0.5,0.4,0.3,0.3971011,49925,0.0436497218483861
0.4,0.7,0.9,0.1,0.39710116,49925,0.044774344084944136
0.8,0.7,0.5,0.1,0.39710706,49925,0.04384417461247746
0.7,0.8,0.4,0.7,0.39711136,49925,0.04438488451526237
0.8,0.3,0.2,0.3,0.39712402,49925,0.040952098173522716
0.7,0.7,0.6,0.2,0.39712563,49925,0.04470128393747837
0.9,0.2,0.2,0.2,0.39712584,49925,0.038730581015726157
0.8,0.8,0.6,0.2,0.39712736,49925,0.044549600231594974
0.4,0.4,0.3,0.1,0.39712736,49925,0.044549600231594974
0.9,0.9,0.8,0.1,0.3971341,49925,0.04437868611458892
0.7,0.6,0.5,0.2,0.39714834,49925,0.044383911759214134
0.7,0.6,0.1,0.3,0.3971566,49925,0.04007026594211154
0.5,0.3,0.4,0.2,0.39715803,49925,0.043844911356517476
0.9,0.6,0.4,0.7,0.39716482,49925,0.04369220723353272
0.9,0.3,0.7,0.3,0.39716497,49925,0.04201929007002322
0.7,0.8,0.8,0.3,0.39716527,49925,0.04505772398442675
0.9,0.8,0.6,0.1,0.3971709,49925,0.04392184050407536
0.9,0.6,0.5,0.1,0.3971741,49925,0.04314970027948335
0.3,0.9,0.2,0.4,0.39717594,49925,0.04251764687790832
0.8,0.7,0.5,0.3,0.39717752,49925,0.044427581185514514
0.9,0.6,0.5,0.3,0.3971814,49925,0.04381688407344255
0.4,0.5,0.3,0.1,0.39718255,49925,0.04465440240016206
0.6,0.6,0.5,0.2,0.39718568,49925,0.04477398076541856
0.7,0.5,0.8,0.4,0.39718848,49925,0.04435728398476012
0.8,0.8,0.5,0.4,0.39718917,49925,0.04465702620244881
0.9,0.7,0.5,0.3,0.39719418,49925,0.04405635511763149
0.8,0.8,0.8,0.3,0.3971971,49925,0.04486345326166298
0.9,0.7,0.1,0.3,0.39720014,49925,0.03909615331891614
0.7,0.9,0.2,0.6,0.39720342,49925,0.042186259294249434
0.7,0.4,0.4,0.2,0.39721024,49925,0.04337562288985044
0.6,0.6,0.5,0.1,0.39721116,49925,0.044450951986083925
0.3,0.8,0.3,0.2,0.39721122,49925,0.04424627396140254
0.7,0.4,0.3,0.4,0.3972171,49925,0.043419352318009745
0.4,0.7,0.8,0.1,0.39722276,49925,0.04488900726955329
0.4,0.6,0.2,0.4,0.39722687,49925,0.04362391099303789
0.6,0.9,0.3,0.6,0.39722687,49925,0.04362391099303789
0.2,0.3,0.1,0.2,0.39722687,49925,0.04362391099303789
0.3,0.5,0.7,0.2,0.39722705,49925,0.04497899534409602
0.9,0.7,0.5,0.5,0.39722815,49925,0.044319733939776965
0.9,0.9,0.7,0.2,0.39724785,49925,0.04452771531222177
0.7,0.9,0.9,0.3,0.39725032,49925,0.04515320551063092
0.7,0.9,0.1,0.5,0.39725238,49925,0.03992361055128935
0.8,0.5,0.4,0.2,0.39725712,49925,0.043339147182602414
0.6,0.2,0.3,0.1,0.3972594,49925,0.041155979660255894
0.6,0.3,0.4,0.2,0.39726177,49925,0.04321917880990344
0.9,0.3,0.5,0.2,0.39726406,49925,0.041503740597743914
0.5,0.5,0.4,0.1,0.39726797,49925,0.04450203373202771
0.7,0.8,0.7,0.2,0.3972754,49925,0.044905485370999726
0.4,0.4,0.6,0.3,0.3972837,49925,0.04490674522604175
0.4,0.4,0.8,0.1,0.3972854,49925,0.044033478641182025
0.5,0.5,0.3,0.4,0.39729035,49925,0.04464136443744597
0.8,0.5,0.8,0.4,0.3972934,49925,0.04405449301302869
0.9,0.7,0.5,0.4,0.39729524,49925,0.04422632147825729
0.4,0.4,0.7,0.3,0.39730352,49925,0.044740172371969825
0.9,0.5,0.8,0.4,0.3973103,49925,0.04370845489427921
0.9,0.9,0.4,0.8,0.39731035,49925,0.04373242723692498
0.5,0.5,0.5,0.2,0.39731067,49925,0.04488733353829486
0.8,0.9,0.8,0.3,0.3973141,49925,0.04500620084286005
0.9,0.7,0.2,0.4,0.3973147,49925,0.04154243576043475
0.8,0.9,0.6,0.2,0.3973195,49925,0.04463741312357905
0.5,0.6,0.3,0.5,0.39732867,49925,0.04450649002864828
0.6,0.2,0.5,0.2,0.3973287,49925,0.04200848379028387
0.7,0.5,0.1,0.3,0.39733043,49925,0.0400812835845029
0.6,0.4,0.9,0.4,0.3973311,49925,0.044049116378912026
0.9,0.6,0.8,0.4,0.39734516,49925,0.04417382004945953
0.4,0.3,0.7,0.2,0.3973458,49925,0.04389830836447775
0.7,0.5,0.6,0.3,0.3973488,49925,0.04431710288130281
0.4,0.6,0.3,0.4,0.3973524,49925,0.044889194756250396
0.8,0.4,0.4,0.2,0.39735425,49925,0.0428009324894325
0.4,0.2,0.2,0.1,0.39735425,49925,0.0428009324894325
0.8,0.3,0.8,0.1,0.3973586,49925,0.04159016109883285
0.9,0.4,0.1,0.3,0.39736262,49925,0.03868969785314098
0.3,0.8,0.3,0.3,0.3973637,49925,0.044292868272054475
0.6,0.7,0.2,0.4,0.3973664,49925,0.042746474554804556
0.9,0.3,0.2,0.3,0.39737025,49925,0.04022932561201517
0.5,0.8,0.4,0.1,0.3973769,49925,0.04455494698090458
0.6,0.7,0.6,0.1,0.3973819,49925,0.044739333462522145
0.9,0.9,0.7,0.3,0.39738572,49925,0.04473364450451753
0.9,0.8,0.5,0.7,0.39738607,49925,0.04443047715973554
0.7,0.3,0.6,0.3,0.39738634,49925,0.04301845235441198
0.6,0.4,0.4,0.2,0.39738882,49925,0.04396291001299516
0.3,0.2,0.2,0.1,0.39738882,49925,0.04396291001299516
0.9,0.6,0.6,0.3,0.39738882,49925,0.043962910012995154
0.8,0.9,0.6,0.1,0.39739463,49925,0.044356472048384464
0.5,0.4,0.3,0.2,0.3973991,49925,0.044315560104069306
0.8,0.8,0.9,0.4,0.39739928,49925,0.04495622783538371
0.5,0.7,0.3,0.6,0.39740035,49925,0.044218176180185184
0.2,0.5,0.2,0.2,0.39740497,49925,0.04451420411465887
0.8,0.6,0.1,0.3,0.39740974,49925,0.03956174417257093
0.8,0.9,0.2,0.6,0.39742333,49925,0.0419328176695593
0.7,0.7,0.5,0.1,0.3974234,49925,0.044248441078315805
0.7,0.4,0.6,0.3,0.39742386,49925,0.043762040377315264
0.5,0.7,0.4,0.2,0.39743096,49925,0.04492164919703421
0.4,0.5,0.9,0.3,0.39743274,49925,0.04470793291119626
0.3,0.8,0.1,0.5,0.3974338,49925,0.04050316619581558
0.5,0.4,0.9,0.3,0.39743608,49925,0.04413946094394885
0.8,0.9,0.1,0.4,0.3974399,49925,0.03955987357904371
0.4,0.6,0.8,0.3,0.39744008,49925,0.045117955224085966
0.8,0.9,0.8,0.1,0.39745298,49925,0.044613901793048034
0.7,0.8,0.7,0.1,0.3974551,49925,0.04466810720357166
0.9,0.5,0.6,0.3,0.3974578,49925,0.043497006496884476
0.7,0.7,0.2,0.4,0.39745843,49925,0.04235908578095622
0.3,0.3,0.6,0.2,0.3974586,49925,0.0444717009429596
0.5,0.6,0.9,0.4,0.39746615,49925,0.04502155201052357
0.4,0.5,0.7,0.3,0.39746848,49925,0.0450757510891162
0.8,0.6,0.6,0.3,0.39746967,49925,0.044339124808280256
0.6,0.3,0.8,0.3,0.3974722,49925,0.04329729521262933
0.3,0.9,0.1,0.5,0.39747235,49925,0.040061307291685465
0.8,0.2,0.5,0.1,0.39747876,49925,0.039997227457721524
0.2,0.3,0.5,0.1,0.39748392,49925,0.04463340418553417
0.9,0.2,0.1,0.2,0.39748642,49925,0.03664859578486688
0.7,0.9,0.2,0.7,0.39748755,49925,0.0421457024786488
0.5,0.7,0.2,0.4,0.39748934,49925,0.043095058328430504
0.9,0.5,0.1,0.3,0.39749002,49925,0.03894884703341333
0.9,0.7,0.8,0.4,0.39749074,49925,0.04452998472074036
0.5,0.4,0.6,0.3,0.39749104,49925,0.04459400676699406
0.5,0.7,0.4,0.4,0.39749235,49925,0.04513939605100861
0.4,0.3,0.4,0.2,0.3974939,49925,0.04447119558217664
0.8,0.6,0.8,0.4,0.3974939,49925,0.04447119558217664
0.5,0.1,0.1,0.1,0.39749643,49925,0.038002339504177654
0.8,0.5,0.3,0.6,0.3975,49925,0.043138804009816886
0.7,0.6,0.4,0.4,0.39750677,49925,0.04446332595227701
0.9,0.7,0.6,0.3,0.397511,49925,0.04426127954347167
0.4,0.7,0.9,0.2,0.39751238,49925,0.04496298806946081
0.8,0.5,0.4,0.4,0.39751795,49925,0.04381721074237079
0.5,0.5,0.9,0.4,0.39751825,49925,0.0447391111636021
0.5,0.2,0.4,0.2,0.3975198,49925,0.042758542138818606
0.8,0.8,0.2,0.5,0.3975249,49925,0.041984124912627784
0.6,0.9,0.5,0.5,0.39752644,49925,0.045138341526651284
0.8,0.5,0.6,0.3,0.39752832,49925,0.043917674111569105
0.4,0.7,0.7,0.1,0.39753106,49925,0.045005233901111344
0.4,0.5,0.5,0.2,0.397534,49925,0.04519332829815401
0.6,0.8,0.1,0.5,0.39753905,49925,0.040377644716287575
0.6,0.7,0.5,0.2,0.39754054,49925,0.04490310616058169
0.7,0.5,0.3,0.6,0.39755327,49925,0.043592175670436106
0.7,0.8,0.1,0.4,0.39755487,49925,0.04001249453701566
0.8,0.7,0.4,0.7,0.39755514,49925,0.044107494285120584
0.9,0.7,0.4,0.8,0.39755842,49925,0.04371278394726431
0.4,0.3,0.6,0.3,0.39756376,49925,0.04436663909508158
0.7,0.9,0.8,0.2,0.39756525,49925,0.045015236447813356
0.9,0.9,0.2,0.6,0.39757308,49925,0.041637401924226235
0.9,0.5,0.4,0.5,0.3975744,49925,0.04344156504894777
0.4,0.7,0.3,0.5,0.39757657,49925,0.04451708599675724
0.9,0.4,0.8,0.4,0.39757755,49925,0.04314720109775988
0.6,0.7,0.4,0.5,0.39758146,49925,0.04486467962491037
0.5,0.2,0.2,0.1,0.39758343,49925,0.04166842862885053
0.8,0.8,0.5,0.5,0.39758968,49925,0.04471294303855252
0.8,0.3,0.3,0.1,0.39759126,49925,0.04095355578415848
0.9,0.8,0.7,0.3,0.39759588,49925,0.04457550951597992
0.6,0.5,0.1,0.3,0.39759827,49925,0.04067189799335993
0.2,0.5,0.2,0.1,0.39760056,49925,0.044373895228605166
0.6,0.5,0.4,0.2,0.39760116,49925,0.04437602759721904
0.6,0.9,0.4,0.7,0.3976031,49925,0.044478857029580564
0.9,0.9,0.5,0.8,0.39761153,49925,0.04441789656773686
0.8,0.8,0.5,0.6,0.39761186,49925,0.04476082305059883
0.4,0.7,0.8,0.2,0.39761496,49925,0.0450771729211475
0.6,0.9,0.9,0.2,0.39761665,49925,0.04507770865730005
0.3,0.2,0.5,0.1,0.3976196,49925,0.04341212604033961
0.5,0.8,0.9,0.3,0.3976221,49925,0.04517985815472349
0.3,0.5,0.5,0.1,0.397623,49925,0.04508090181129357
0.8,0.6,0.4,0.7,0.39762464,49925,0.0440471418695006
0.7,0.7,0.4,0.7,0.39762515,49925,0.0444341391393722
0.6,0.4,0.6,0.3,0.39763004,49925,0.044214075745774774
0.1,0.6,0.1,0.1,0.39763057,49925,0.040155609441252696
0.4,0.5,0.3,0.3,0.3976515,49925,0.04507442076225047
0.9,0.9,0.1,0.4,0.397658,49925,0.03923823512047701
0.9,0.9,0.5,0.9,0.39766583,49925,0.04435532049859506
0.5,0.9,0.2,0.5,0.39767796,49925,0.04257694637530059
0.8,0.8,0.6,0.1,0.3976792,49925,0.044254350340177565
0.7,0.3,0.1,0.2,0.3976818,49925,0.03924571906987771
0.9,0.8,0.2,0.5,0.39768544,49925,0.041639862179286447
0.5,0.8,0.2,0.5,0.39768568,49925,0.04286030147246958
0.3,0.4,0.7,0.1,0.39769357,49925,0.04442759088789382
0.7,0.6,0.4,0.5,0.39769667,49925,0.04448617114612458
0.8,0.2,0.2,0.1,0.3977042,49925,0.03872333701711537
0.5,0.9,0.9,0.1,0.39770627,49925,0.0449760696996078
0.6,0.8,0.2,0.5,0.397711,49925,0.0426168181247864
0.7,0.5,0.4,0.4,0.39771459,49925,0.04428749495343603
0.5,0.8,0.4,0.5,0.39771694,49925,0.044958042681601376
0.6,0.9,0.5,0.4,0.3977175,49925,0.045107274525629786
0.6,0.9,0.2,0.7,0.39771992,49925,0.04232423546492254
0.6,0.7,0.1,0.4,0.39772508,49925,0.04052249667991786
0.5,0.8,0.3,0.6,0.397728,49925,0.04400591255451564
0.5,0.7,0.4,0.1,0.3977285,49925,0.04465513501193895
0.5,0.7,0.8,0.3,0.39773035,49925,0.04517834091169896
0.8,0.9,0.2,0.7,0.39773053,49925,0.04191713022326647
0.9,0.4,0.4,0.2,0.39773354,49925,0.042228217643369564
0.7,0.7,0.7,0.3,0.39773682,49925,0.044923924518868674
0.8,0.4,0.1,0.3,0.39774358,49925,0.039334630795152876
0.3,0.4,0.2,0.3,0.39775473,49925,0.04471487928796071
0.6,0.8,0.4,0.6,0.39775473,49925,0.04471487928796071
0.6,0.5,0.8,0.4,0.39775553,49925,0.04464824461535305
0.5,0.7,0.7,0.2,0.39775643,49925,0.04514692176764665
0.8,0.3,0.6,0.3,0.3977571,49925,0.04250654446432272
0.5,0.6,0.5,0.1,0.39776748,49925,0.04482132625710801
0.5,0.9,0.4,0.6,0.39776766,49925,0.04468641408818289
0.3,0.5,0.1,0.4,0.3977681,49925,0.04203233130761867
0.5,0.4,0.4,0.2,0.3977694,49925,0.044522335646060694
0.7,0.6,0.8,0.4,0.39777088,49925,0.04473909360965658
0.7,0.7,0.4,0.6,0.39777824,49925,0.04450755493475996
0.3,0.5,0.2,0.4,0.39778093,49925,0.044191746034405
0.6,0.6,0.2,0.4,0.39778155,49925,0.04290684523162302
0.9,0.9,0.3,0.6,0.39778155,49925,0.04290684523162301
0.3,0.3,0.1,0.2,0.39778155,49925,0.04290684523162302
0.6,0.7,0.6,0.2,0.39778277,49925,0.04500049722804037
0.5,0.3,0.6,0.3,0.39778447,49925,0.043961099698214434
0.7,0.1,0.1,0.1,0.39778796,49925,0.035433511572375814
0.8,0.9,0.7,0.2,0.39778808,49925,0.04478762527578084
0.6,0.7,0.9,0.4,0.39779052,49925,0.045104607213802585
0.8,0.5,0.4,0.5,0.39779153,49925,0.043910071670576985
0.3,0.8,0.3,0.5,0.39779612,49925,0.044194403691031905
0.7,0.9,0.4,0.8,0.39779684,49925,0.044199532368121325
0.4,0.7,0.1,0.5,0.397797,49925,0.04100197183854649
0.7,0.2,0.4,0.1,0.3977984,49925,0.04054788039819579
0.8,0.9,0.4,0.8,0.39779842,49925,0.04398861991110846
0.6,0.3,0.6,0.3,0.39779967,49925,0.04350252881386657
0.8,0.4,0.8,0.4,0.39779967,49925,0.04350252881386657
0.4,0.2,0.4,0.2,0.39779967,49925,0.04350252881386657
0.2,0.1,0.2,0.1,0.39779967,49925,0.04350252881386657
0.4,0.9,0.3,0.6,0.39780363,49925,0.0438282294987336
0.7,0.2,0.5,0.2,0.39780828,49925,0.04136259155965229
0.3,0.6,0.2,0.4,0.39781177,49925,0.043812415710367425
0.9,0.7,0.2,0.5,0.39782074,49925,0.041686422519261655
0.7,0.5,0.4,0.3,0.3978209,49925,0.04415159593988791
0.8,0.9,0.5,0.7,0.39782414,49925,0.04470017759348505
0.4,0.9,0.1,0.6,0.39783067,49925,0.04019926954128281
0.5,0.5,0.8,0.4,0.39783072,49925,0.04487417103911759
0.8,0.6,0.4,0.6,0.3978321,49925,0.04409313052566015
0.4,0.3,0.2,0.3,0.3978321,49925,0.04409313052566015
0.2,0.6,0.1,0.4,0.3978336,49925,0.04137167457498893
0.5,0.7,0.4,0.3,0.39783463,49925,0.04506028945464487
0.7,0.9,0.5,0.6,0.39783555,49925,0.044952710830117544
0.6,0.8,0.7,0.1,0.3978442,49925,0.044895199745942804
0.6,0.8,0.8,0.3,0.39785358,49925,0.04522585483464915
0.3,0.8,0.3,0.1,0.39785367,49925,0.04402949952385913
0.9,0.4,0.6,0.3,0.39785478,49925,0.042872768672216476
0.5,0.9,0.2,0.6,0.39786085,49925,0.04251146849128933
0.5,0.6,0.4,0.1,0.3978677,49925,0.04464183159358187
0.8,0.5,0.1,0.3,0.39787877,49925,0.03952401730315921
0.8,0.7,0.8,0.4,0.3978847,49925,0.04480202493969491
0.8,0.3,0.9,0.3,0.39788747,49925,0.04238395871002922
0.4,0.5,0.1,0.4,0.39788952,49925,0.04173750788692336
0.8,0.8,0.7,0.3,0.39789128,49925,0.04484940004477759
0.9,0.3,0.9,0.2,0.39789173,49925,0.041546469915799876
0.3,0.5,0.6,0.2,0.39789367,49925,0.0451724773508825
0.7,0.6,0.4,0.6,0.3978939,49925,0.04446598026012185
0.3,0.1,0.3,0.1,0.39789507,49925,0.04197234844412332
0.6,0.2,0.6,0.2,0.39789507,49925,0.04197234844412332
0.9,0.3,0.9,0.3,0.39789507,49925,0.04197234844412332
0.9,0.9,0.7,0.1,0.39789644,49925,0.04424375531757871
0.7,0.6,0.2,0.4,0.3979066,49925,0.04246169212846526
0.5,0.8,0.8,0.2,0.39791068,49925,0.045147054315626975
0.3,0.4,0.5,0.2,0.39791662,49925,0.04514494722927328
0.6,0.3,0.1,0.2,0.39792195,49925,0.040113505304400124
0.6,0.6,0.1,0.4,0.39792287,49925,0.040701360033398866
0.7,0.9,0.6,0.2,0.39792407,49925,0.04488390438071856
0.6,0.2,0.4,0.2,0.3979252,49925,0.04201362083198947
0.9,0.3,0.6,0.3,0.3979252,49925,0.04201362083198948
0.3,0.1,0.2,0.1,0.3979252,49925,0.04201362083198947
0.5,0.4,0.3,0.3,0.39792693,49925,0.04450430591994837
0.3,0.2,0.4,0.2,0.39793,49925,0.044167008970700555
0.6,0.4,0.8,0.4,0.39793,49925,0.044167008970700555
0.8,0.9,0.7,0.3,0.3979313,49925,0.0449715035401569
0.7,0.2,0.2,0.1,0.39793342,49925,0.039623672640844786
0.7,0.8,0.6,0.2,0.39793962,49925,0.04484977602803162
0.7,0.8,0.7,0.3,0.39794484,49925,0.04506605958108279
0.4,0.4,0.8,0.3,0.39794546,49925,0.04454563121246607
0.7,0.4,0.8,0.4,0.3979481,49925,0.043849143297000084
0.6,0.4,0.3,0.4,0.39795336,49925,0.04398431417546654
0.8,0.3,0.1,0.2,0.39795378,49925,0.03844566519250731
0.9,0.3,0.8,0.1,0.3979599,49925,0.0410992181874696
0.9,0.8,0.4,0.8,0.3979668,49925,0.04374894754420001
0.7,0.9,0.8,0.1,0.39796805,49925,0.04481880133088365
0.8,0.6,0.5,0.3,0.39797127,49925,0.04423630609808518
0.7,0.8,0.2,0.5,0.39797142,49925,0.042334251643435065
0.6,0.9,0.5,0.1,0.39798486,49925,0.04463200635398063
0.4,0.5,0.9,0.1,0.39799142,49925,0.04428067993369002
0.9,0.6,0.5,0.4,0.3979953,49925,0.04402684636223469
0.9,0.8,0.3,0.6,0.39799586,49925,0.04295164236904642
0.8,0.8,0.1,0.4,0.3979991,49925,0.03967885505558076
0.9,0.3,0.1,0.3,0.39800382,49925,0.03817549546167506
0.6,0.9,0.4,0.8,0.39800745,49925,0.044356697545539864
0.9,0.9,0.9,0.4,0.3980147,49925,0.04494380933348203
0.3,0.7,0.3,0.3,0.39801762,49925,0.04473307446419949
0.8,0.2,0.2,0.2,0.39802727,49925,0.03953969087189895
0.4,0.1,0.1,0.1,0.39802727,49925,0.03953969087189895
0.9,0.9,0.6,0.5,0.398032,49925,0.04480092102183818
0.6,0.2,0.2,0.2,0.39803454,49925,0.04134938372516408
0.9,0.3,0.3,0.3,0.39803454,49925,0.04134938372516408
0.3,0.1,0.1,0.1,0.39803454,49925,0.04134938372516408
0.9,0.7,0.7,0.4,0.39803904,49925,0.044528473640049464
0.6,0.5,0.3,0.6,0.39804786,49925,0.04400744866458233
0.4,0.7,0.9,0.3,0.39804822,49925,0.04511454973490644
0.8,0.1,0.1,0.1,0.39805004,49925,0.034365095537166844
0.8,0.7,0.6,0.3,0.3980564,49925,0.0445992576137978
0.6,0.7,0.7,0.3,0.3980587,49925,0.04514765037552979
0.8,0.9,0.7,0.1,0.39806288,49925,0.044531761029602136
0.6,0.9,0.8,0.2,0.39806575,49925,0.045165875753488544
0.2,0.2,0.1,0.2,0.39807054,49925,0.04403502487607899
0.8,0.8,0.4,0.8,0.39807054,49925,0.04403502487607899
0.6,0.6,0.3,0.6,0.39807054,49925,0.044035024876078986
0.4,0.4,0.2,0.4,0.39807054,49925,0.04403502487607899
0.7,0.3,0.4,0.2,0.39807293,49925,0.04258840549105954
0.6,0.5,0.2,0.4,0.3980751,49925,0.042963222005542985
0.7,0.8,0.5,0.5,0.3980774,49925,0.04499759667161536
0.8,0.9,0.6,0.3,0.39808235,49925,0.044823286801049946
0.4,0.8,0.2,0.5,0.39808983,49925,0.04294014376177923
0.4,0.5,0.3,0.2,0.39809075,49925,0.04494672931880247
0.6,0.4,0.1,0.3,0.39809114,49925,0.04068852582887652
0.8,0.8,0.6,0.3,0.39809287,49925,0.044748015985202116
0.6,0.8,0.7,0.2,0.39809343,49925,0.04511995168803261
0.5,0.3,0.1,0.2,0.39809614,49925,0.041021768626913105
0.4,0.9,0.2,0.6,0.3980985,49925,0.04252712748355478
0.6,0.9,0.5,0.3,0.39810073,49925,0.04501138465586508
0.6,0.5,0.6,0.3,0.398102,49925,0.044694282152424936
0.9,0.8,0.2,0.6,0.39810604,49925,0.04170839356126866
0.5,0.7,0.1,0.5,0.39810693,49925,0.0408149676203087
0.6,0.2,0.2,0.1,0.3981074,49925,0.04061058483532797
0.8,0.9,0.9,0.4,0.39810812,49925,0.045119932755737134
0.6,0.9,0.5,0.2,0.39811194,49925,0.04485683207479808
0.5,0.5,0.6,0.3,0.3981167,49925,0.04501876665859432
0.8,0.3,0.3,0.2,0.39811814,49925,0.041598826951343114
0.5,0.6,0.7,0.3,0.39812168,49925,0.04513944577177631
0.7,0.3,0.3,0.2,0.3981239,49925,0.042317659306281626
0.6,0.6,0.4,0.3,0.3981303,49925,0.04477078689818457
0.4,0.8,0.3,0.6,0.39813188,49925,0.04410689117310373
0.8,0.9,0.3,0.7,0.39813802,49925,0.04316824212215743
0.7,0.2,0.6,0.2,0.39813972,49925,0.04136771755938146
0.9,0.6,0.1,0.3,0.39814112,49925,0.039072375271146174
0.9,0.7,0.3,0.6,0.39814162,49925,0.04294167601729058
0.5,0.4,0.8,0.4,0.39814782,49925,0.044456925549824784
0.5,0.5,0.3,0.5,0.39815947,49925,0.0445589577284225
0.7,0.6,0.6,0.3,0.39816067,49925,0.044696723232831664
0.9,0.6,0.2,0.4,0.39816406,49925,0.04149211534939532
0.5,0.4,0.9,0.1,0.39816898,49925,0.04356863674577996
0.2,0.7,0.2,0.4,0.39817083,49925,0.04312933972273737
0.6,0.7,0.3,0.6,0.39817378,49925,0.043951778396804364
0.6,0.7,0.1,0.5,0.39817756,49925,0.040565933483785184
0.5,0.7,0.6,0.1,0.39817873,49925,0.044981609761594224
0.6,0.6,0.8,0.4,0.3981809,49925,0.044972667592245864
0.3,0.3,0.4,0.2,0.3981809,49925,0.044972667592245864
0.9,0.9,0.6,0.4,0.39818576,49925,0.044709625245842606
0.7,0.8,0.5,0.4,0.39818782,49925,0.0449541939458876
0.3,0.5,0.8,0.2,0.39818957,49925,0.04476033615757925
0.9,0.8,0.5,0.9,0.39818957,49925,0.044330256600500266
0.6,0.6,0.4,0.5,0.39818984,49925,0.04487382996147673
0.9,0.3,0.4,0.1,0.39820135,49925,0.040713817836556275
0.9,0.7,0.5,0.7,0.3982039,49925,0.04435364547796175
0.8,0.2,0.1,0.2,0.39820418,49925,0.03745277894253024
0.5,0.2,0.6,0.2,0.39820537,49925,0.04257064845518875
0.7,0.8,0.3,0.7,0.39820695,49925,0.04350468300352112
0.3,0.7,0.3,0.2,0.39820725,49925,0.0446515874444447
0.8,0.8,0.5,0.7,0.39820755,49925,0.04472189657496096
0.7,0.7,0.5,0.3,0.39820898,49925,0.044780811677965125
0.9,0.4,0.3,0.5,0.39820918,49925,0.042352570300353734
0.7,0.8,0.5,0.3,0.39821017,49925,0.04483900692635936
0.5,0.9,0.4,0.7,0.39822182,49925,0.044572207436613234
0.7,0.8,0.2,0.6,0.39822194,49925,0.04233141482762279
0.9,0.8,0.5,0.8,0.39823157,49925,0.04439011724099639
0.9,0.5,0.5,0.3,0.39823902,49925,0.04340939503749192
0.4,0.7,0.3,0.6,0.39824012,49925,0.04436173033879413
0.5,0.4,0.2,0.4,0.398241,49925,0.043472087267979215
0.2,0.9,0.2,0.4,0.39824477,49925,0.042039940804875275
0.7,0.5,0.5,0.3,0.39824584,49925,0.04431955846064931
0.7,0.8,0.9,0.4,0.398248,49925,0.04512391470671514
0.4,0.6,0.1,0.5,0.39825222,49925,0.04131023530157175
0.9,0.7,0.6,0.4,0.39826018,49925,0.0444734837119067
0.5,0.9,0.9,0.2,0.39826918,49925,0.045113183783081094
0.7,0.6,0.5,0.3,0.39827368,49925,0.0446233744934572
0.7,0.7,0.8,0.4,0.39827427,49925,0.045028556227060125
0.8,0.3,0.9,0.2,0.39827758,49925,0.04197171243311613
0.5,0.6,0.5,0.2,0.3982777,49925,0.045091486147453244
0.6,0.6,0.4,0.4,0.39827845,49925,0.04486333285680152
0.3,0.3,0.2,0.2,0.39827845,49925,0.04486333285680152
0.9,0.9,0.6,0.6,0.39827845,49925,0.04486333285680151
0.8,0.7,0.4,0.8,0.39827862,49925,0.044026244533741835
0.6,0.9,0.8,0.1,0.39828977,49925,0.04496646586906491
0.4,0.6,0.6,0.2,0.39829105,49925,0.045249873574542014
0.6,0.9,0.9,0.3,0.39829105,49925,0.045249873574542014
0.2,0.3,0.3,0.1,0.39829105,49925,0.045249873574542014
0.1,0.4,0.1,0.2,0.39829114,49925,0.042595666829223985
0.2,0.8,0.2,0.4,0.39829114,49925,0.042595666829223985
0.9,0.4,0.4,0.3,0.39829248,49925,0.042609316450666644
0.6,0.2,0.6,0.1,0.39829355,49925,0.04132387122961838
0.7,0.9,0.5,0.7,0.39829502,49925,0.04491747888828645
0.9,0.9,0.4,0.9,0.3982963,49925,0.04368180273500868
0.1,0.5,0.1,0.2,0.39829814,49925,0.04150247336548125
0.9,0.9,0.2,0.7,0.39829832,49925,0.04165227027490752
0.8,0.9,0.5,0.8,0.39830098,49925,0.04465425623274959
0.7,0.9,0.7,0.2,0.39830184,49925,0.04499512741292644
0.9,0.6,0.7,0.4,0.39830828,49925,0.04419755393117102
0.4,0.5,0.4,0.1,0.39831007,49925,0.044939572629099256
0.8,0.3,0.1,0.3,0.39832538,49925,0.03888443390320332
0.5,0.4,0.1,0.3,0.3983276,49925,0.04136905216636722
0.5,0.9,0.1,0.6,0.39833936,49925,0.04023594620270047
0.6,0.9,0.1,0.6,0.39834148,49925,0.04014753749220072
0.6,0.8,0.5,0.2,0.39834532,49925,0.044924694729736404
0.5,0.3,0.8,0.2,0.39834726,49925,0.04332542765027803
0.8,0.6,0.2,0.4,0.3983518,49925,0.04197999691329206
0.4,0.3,0.1,0.2,0.3983518,49925,0.04197999691329206
0.9,0.9,0.8,0.4,0.3983536,49925,0.04494232320320857
0.6,0.7,0.2,0.5,0.3983542,49925,0.04278694153762444
0.8,0.7,0.5,0.4,0.39835554,49925,0.04457808307096397
0.8,0.6,0.7,0.4,0.39835858,49925,0.04453574936441024
0.4,0.7,0.7,0.2,0.39835906,49925,0.04519606884149605
0.6,0.8,0.5,0.1,0.3983604,49925,0.04463693228335924
0.3,0.7,0.3,0.4,0.39836082,49925,0.044674444360442246
0.7,0.6,0.3,0.6,0.39836407,49925,0.04366327320339264
0.8,0.3,0.4,0.2,0.39836648,49925,0.04193436632126471
0.8,0.6,0.3,0.6,0.3983691,49925,0.043270510803429495
0.7,0.9,0.3,0.7,0.3983694,49925,0.0434059432068533
0.9,0.8,0.6,0.4,0.39837423,49925,0.0446268114359885
0.7,0.4,0.1,0.3,0.39837614,49925,0.039993111331622117
0.6,0.9,0.3,0.7,0.39837688,49925,0.04357683204834981
0.8,0.7,0.2,0.5,0.39837894,49925,0.04206939943508552
0.3,0.6,0.7,0.1,0.39837974,49925,0.04489960176604023
0.8,0.9,0.1,0.5,0.3983807,49925,0.03968557972448036
0.3,0.7,0.1,0.5,0.39838785,49925,0.04092396234114178
0.9,0.8,0.8,0.4,0.39838797,49925,0.044784253137518715
0.9,0.2,0.2,0.1,0.3983887,49925,0.03788752453215374
0.6,0.8,0.3,0.7,0.39840472,49925,0.043724813979477764
0.4,0.7,0.2,0.5,0.39840478,49925,0.04324950051735896
0.7,0.2,0.2,0.2,0.39841315,49925,0.04040786900208853
0.9,0.5,0.9,0.5,0.39841518,49925,0.043852503850384236
0.7,0.9,0.2,0.8,0.39841837,49925,0.04207194644969713
0.9,0.9,0.6,0.7,0.3984225,49925,0.04487941637820142
0.5,0.8,0.7,0.1,0.3984302,49925,0.045039358863167116
0.7,0.8,0.4,0.8,0.39844772,49925,0.04429690074834402
0.4,0.4,0.1,0.3,0.3984512,49925,0.04204249714033527
0.8,0.8,0.2,0.6,0.3984512,49925,0.04204249714033527
0.5,0.6,0.4,0.2,0.39845353,49925,0.04495556163646814
0.7,0.2,0.1,0.2,0.3984596,49925,0.03837588460424085
0.7,0.8,0.6,0.1,0.3984651,49925,0.0445591113502947
0.5,0.7,0.2,0.5,0.39847308,49925,0.04307859030930081
0.9,0.3,0.3,0.2,0.39848638,49925,0.040907202900225925
0.9,0.9,0.3,0.7,0.3984867,49925,0.042911737737407474
0.9,0.6,0.5,0.5,0.39849353,49925,0.04413696116176124
0.6,0.5,0.5,0.3,0.3984945,49925,0.04475984031110839
0.8,0.9,0.6,0.4,0.398498,49925,0.044971419096628586
0.4,0.3,0.7,0.1,0.39850777,49925,0.04353371225807673
0.9,0.9,0.6,0.8,0.39851454,49925,0.04486311942765205
0.6,0.8,0.6,0.2,0.39852303,49925,0.04506703890039456
0.3,0.4,0.3,0.1,0.39852303,49925,0.04506703890039456
0.3,0.6,0.8,0.1,0.398524,49925,0.044747173790153555
0.3,0.2,0.5,0.2,0.39854157,49925,0.043912548824371234
0.7,0.4,0.3,0.5,0.39855254,49925,0.04343049206547877
0.6,0.7,0.4,0.6,0.39855617,49925,0.04481123171154682
0.8,0.9,0.5,0.9,0.39856076,49925,0.04457936598309509
0.7,0.9,0.7,0.1,0.39856288,49925,0.0447595140171724
0.5,0.5,0.4,0.2,0.39856318,49925,0.04483821693938806
0.3,0.8,0.2,0.5,0.39856368,49925,0.04287039110454801
0.9,0.8,0.1,0.4,0.39856404,49925,0.039309811942443706
0.4,0.9,0.4,0.3,0.3985649,49925,0.04478296148609417
0.5,0.6,0.3,0.6,0.39856994,49925,0.0443755814730971
0.7,0.7,0.6,0.3,0.39857158,49925,0.044911426872200934
0.7,0.3,0.8,0.1,0.39857644,49925,0.042050772116870194
0.7,0.3,0.8,0.4,0.39858103,49925,0.043150774075327816
0.7,0.3,0.9,0.3,0.39858627,49925,0.042763685685422555
0.4,0.9,0.4,0.4,0.39859146,49925,0.044826994464938145
0.5,0.7,0.9,0.4,0.39859238,49925,0.04519314700673173
0.5,0.6,0.8,0.4,0.39859378,49925,0.045147614946098646
0.5,0.4,0.9,0.4,0.39862433,49925,0.04429703233127471
0.2,0.5,0.2,0.3,0.39862475,49925,0.04442832230074911
0.5,0.8,0.2,0.6,0.39862528,49925,0.042762249446010786
0.8,0.6,0.5,0.4,0.3986302,49925,0.044415972011657284
0.5,0.8,0.3,0.7,0.3986334,49925,0.04388729531358619
0.7,0.4,0.5,0.3,0.3986359,49925,0.04380412250436331
0.7,0.3,0.1,0.3,0.398642,49925,0.03962717734707868
0.6,0.8,0.2,0.6,0.3986427,49925,0.04258345563590289
0.3,0.4,0.1,0.3,0.3986427,49925,0.04258345563590289
0.5,0.6,0.1,0.5,0.39864302,49925,0.041054253877971986
0.6,0.7,0.5,0.1,0.39864329,49925,0.04460748067709966
0.7,0.8,0.6,0.3,0.39864486,49925,0.04503908715304077
0.9,0.3,0.3,0.1,0.39864716,49925,0.04026344961788618
0.4,0.8,0.9,0.1,0.39864933,49925,0.04486460843462399
0.7,0.7,0.4,0.8,0.3986505,49925,0.04431969981663936
0.9,0.5,0.2,0.4,0.3986507,49925,0.041343514262442725
0.7,0.7,0.2,0.5,0.39865762,49925,0.0424461366180528
0.5,0.9,0.2,0.7,0.3986659,49925,0.042442145752996034
0.6,0.2,0.1,0.2,0.39866698,49925,0.03937322560083329
0.8,0.2,0.4,0.1,0.39866996,49925,0.039808196665574266
0.5,0.8,0.1,0.6,0.3986708,49925,0.040498493021465576
0.9,0.6,0.2,0.5,0.39867756,49925,0.04163320612614831
0.6,0.8,0.4,0.7,0.39867923,49925,0.04461838199351959
0.4,0.9,0.4,0.5,0.39868042,49925,0.04479425779660604
0.8,0.7,0.5,0.5,0.39868194,49925,0.04464556874530361
0.4,0.3,0.7,0.3,0.39868295,49925,0.04416976693468043
0.9,0.3,0.4,0.2,0.39869395,49925,0.041329582160784216
0.8,0.9,0.4,0.9,0.3986942,49925,0.04390462361370811
0.8,0.8,0.3,0.7,0.39869425,49925,0.043247218279634576
0.4,0.8,0.9,0.2,0.3987025,49925,0.045033508878356936
0.8,0.5,0.5,0.3,0.39870563,49925,0.043868086387308144
0.1,0.6,0.1,0.2,0.3987199,49925,0.04051968800142459
0.9,0.5,0.7,0.4,0.3987235,49925,0.043753576575027056
0.7,0.9,0.8,0.3,0.3987235,49925,0.04518973642017687
0.8,0.4,0.9,0.5,0.39872548,49925,0.04362300419596897
0.5,0.3,0.8,0.3,0.39872596,49925,0.04364609008377295
0.8,0.6,0.9,0.5,0.39872685,49925,0.04453807949473416
0.6,0.4,0.2,0.4,0.39872992,49925,0.04286053421615621
0.9,0.6,0.3,0.6,0.39872992,49925,0.04286053421615621
0.3,0.2,0.1,0.2,0.39872992,49925,0.04286053421615621
0.7,0.3,0.9,0.2,0.39873263,49925,0.04238915186404992
0.8,0.7,0.5,0.6,0.3987333,49925,0.044689651895352796
0.7,0.8,0.1,0.5,0.39873374,49925,0.04009912529523342
0.8,0.4,0.3,0.5,0.39873478,49925,0.04289801161819331
0.8,0.5,0.9,0.5,0.39873794,49925,0.04413882304573522
0.5,0.9,0.3,0.7,0.39874187,49925,0.04366411918082265
0.8,0.4,0.7,0.4,0.3987464,49925,0.04356456556242181
0.5,0.8,0.7,0.2,0.39874676,49925,0.045238994464559805
0.8,0.4,0.5,0.3,0.3987502,49925,0.04331350489896859
0.6,0.6,0.2,0.5,0.39875305,49925,0.042917785830747394
0.5,0.7,0.6,0.2,0.3987533,49925,0.04521834120387327
0.7,0.4,0.7,0.4,0.3987543,49925,0.043947718342978795
0.6,0.3,0.3,0.2,0.39875662,49925,0.04305338589197149
0.2,0.9,0.1,0.5,0.3987581,49925,0.039489358095130586
0.6,0.7,0.3,0.7,0.3987592,49925,0.04385520687229855
0.9,0.7,0.2,0.6,0.39876372,49925,0.04173480603259768
0.5,0.5,0.1,0.4,0.39876387,49925,0.04130398460105649
0.9,0.8,0.9,0.5,0.3987686,49925,0.0448966116888228
0.4,0.5,0.2,0.5,0.39877164,49925,0.04372832188627396
0.8,0.7,0.2,0.6,0.39877164,49925,0.04211105084177314
0.7,0.7,0.3,0.7,0.3987722,49925,0.0435637847744453
0.8,0.9,0.1,0.6,0.3987779,49925,0.0397440421232489
0.8,0.5,0.7,0.4,0.3987788,49925,0.04410910780486862
0.4,0.6,0.5,0.1,0.39877957,49925,0.04508635108416207
0.8,0.7,0.9,0.5,0.39878687,49925,0.04484223809799225
0.5,0.4,0.3,0.4,0.39878726,49925,0.044537035192310115
0.5,0.3,0.3,0.2,0.39879698,49925,0.043802961704604584
0.3,0.9,0.2,0.5,0.3988033,49925,0.042470674762237724
0.7,0.8,0.5,0.6,0.39880714,49925,0.04503318291213373
0.8,0.3,0.3,0.3,0.39881608,49925,0.04201667258114709
0.6,0.8,0.5,0.3,0.398822,49925,0.04509874696308263
0.7,0.6,0.4,0.7,0.3988236,49925,0.044391240180404384
0.4,0.2,0.1,0.2,0.39882758,49925,0.04163832156566133
0.8,0.4,0.2,0.4,0.39882758,49925,0.04163832156566133
0.7,0.7,0.1,0.4,0.39883286,49925,0.04014896984634892
0.7,0.9,0.6,0.3,0.3988364,49925,0.04506427663668219
0.9,0.9,0.7,0.4,0.39883757,49925,0.04488148629624657
0.9,0.8,0.7,0.4,0.39883828,49925,0.04474257161073286
0.2,0.6,0.2,0.4,0.39884248,49925,0.043665029657453246
0.1,0.3,0.1,0.2,0.39884248,49925,0.043665029657453246
0.3,0.9,0.3,0.6,0.39884248,49925,0.04366502965745324
0.8,0.8,0.5,0.8,0.3988444,49925,0.044660564089883475
0.7,0.5,0.4,0.5,0.3988458,49925,0.04433884986559603
0.7,0.9,0.7,0.3,0.39884666,49925,0.045155766243990765
0.6,0.4,0.7,0.4,0.3988484,49925,0.04428347317122933
0.6,0.4,0.5,0.3,0.39885193,49925,0.04427370455550929
0.9,0.6,0.9,0.5,0.3988571,49925,0.04428429854968091
0.9,0.5,0.3,0.6,0.39887437,49925,0.042694327938303904
0.4,0.9,0.4,0.2,0.39887905,49925,0.044667528997154336
0.7,0.9,0.6,0.1,0.39888012,49925,0.044627283970881615
0.8,0.2,0.5,0.2,0.39888114,49925,0.04072531285135925
0.4,0.1,0.3,0.1,0.39888355,49925,0.04080392951993032
0.8,0.2,0.6,0.2,0.39888355,49925,0.04080392951993032
0.9,0.3,0.7,0.4,0.39888963,49925,0.04236373692871448
0.5,0.8,0.4,0.6,0.3988907,49925,0.04487184951896761
0.7,0.6,0.9,0.5,0.39889088,49925,0.04476432872862436
0.8,0.7,0.5,0.7,0.39889282,49925,0.04467518118571522
0.8,0.3,0.8,0.4,0.39889517,49925,0.04274449269492786
0.5,0.9,0.8,0.1,0.39889592,49925,0.04504599705230464
0.8,0.7,0.7,0.4,0.39889905,49925,0.04483039590105377
0.3,0.9,0.1,0.6,0.39890286,49925,0.03993958129717992
0.2,0.8,0.1,0.5,0.3989082,49925,0.040029735086092894
0.4,0.8,0.8,0.1,0.39890942,49925,0.04497938028015891
0.2,0.4,0.5,0.1,0.3989109,49925,0.04492498920561209
0.7,0.6,0.1,0.4,0.39891982,49925,0.040257159133128405
0.9,0.6,0.5,0.6,0.39893436,49925,0.044194244276783215
0.9,0.7,0.9,0.5,0.39894837,49925,0.0446136424284767
0.7,0.9,0.9,0.4,0.39897078,49925,0.04525257361267571
0.6,0.4,0.3,0.5,0.3989732,49925,0.043972054919667
0.4,0.6,0.9,0.4,0.3989856,49925,0.0450980022720279
0.6,0.6,0.6,0.3,0.39899078,49925,0.04501033407192163
0.4,0.4,0.4,0.2,0.39899078,49925,0.04501033407192162
0.8,0.8,0.8,0.4,0.39899078,49925,0.04501033407192162
0.2,0.2,0.2,0.1,0.39899078,49925,0.04501033407192162
0.7,0.9,0.1,0.6,0.39899182,49925,0.039984181538085625
0.8,0.3,0.5,0.3,0.39899194,49925,0.04249893818839406
0.9,0.4,0.7,0.4,0.39899382,49925,0.043161231973386824
0.8,0.3,0.7,0.4,0.3989959,49925,0.042800776644598915
0.9,0.5,0.4,0.6,0.39899954,49925,0.043500102100900315
0.6,0.8,0.6,0.1,0.39899957,49925,0.044824054170113634
0.5,0.3,0.2,0.4,0.39900517,49925,0.04327693631753352
0.3,0.6,0.8,0.2,0.39900762,49925,0.04492930040005695
0.7,0.6,0.7,0.4,0.39900845,49925,0.044836240793481086
0.4,0.8,0.8,0.2,0.3990133,49925,0.04513145535153506
0.2,0.4,0.4,0.1,0.3990133,49925,0.04513145535153506
0.9,0.8,0.2,0.7,0.39901403,49925,0.0417191661059777
0.8,0.8,0.1,0.5,0.399015,49925,0.03980061720986654
0.4,0.8,0.4,0.3,0.39901522,49925,0.0450467469476313
0.5,0.9,0.4,0.8,0.3990203,49925,0.044443477733018974
0.9,0.3,0.9,0.4,0.39902586,49925,0.04230418259408434
0.6,0.9,0.5,0.6,0.3990268,49925,0.045131066281163604
0.8,0.9,0.2,0.8,0.39902693,49925,0.04185748403107284
0.3,0.5,0.7,0.3,0.3990349,49925,0.045142053664155725
0.9,0.4,0.5,0.3,0.3990355,49925,0.04281455591263255
0.6,0.3,0.8,0.1,0.39904267,49925,0.04248418842451325
0.1,0.2,0.1,0.1,0.39904577,49925,0.045089110266419215
0.4,0.8,0.4,0.4,0.39904577,49925,0.045089110266419215
0.2,0.4,0.2,0.2,0.39904577,49925,0.045089110266419215
0.3,0.6,0.3,0.3,0.39904577,49925,0.045089110266419215
0.7,0.3,0.5,0.3,0.3990489,49925,0.043034100034803645
0.8,0.6,0.5,0.5,0.39905187,49925,0.04451408214916891
0.9,0.6,0.6,0.4,0.39905322,49925,0.04416046860022236
0.5,0.9,0.5,0.2,0.39905477,49925,0.04502131091127898
0.7,0.5,0.9,0.5,0.39905578,49925,0.04438863796076049
0.4,0.6,0.2,0.5,0.39905837,49925,0.0435192671322133
0.8,0.4,0.4,0.3,0.39906242,49925,0.04314967686825623
0.1,0.7,0.1,0.1,0.39906442,49925,0.039161588080791745
0.7,0.5,0.2,0.4,0.3990653,49925,0.04242448080347077
0.3,0.8,0.1,0.6,0.39906728,49925,0.04033600613880202
0.9,0.8,0.6,0.7,0.3990675,49925,0.04481564556461582
0.9,0.4,0.9,0.5,0.39906782,49925,0.04330099450032357
0.3,0.6,0.6,0.1,0.39907172,49925,0.04503849065447896
0.8,0.7,0.1,0.4,0.39908123,49925,0.039780719057500906
0.6,0.9,0.2,0.8,0.39908233,49925,0.04222983972562669
0.9,0.5,0.6,0.4,0.39909112,49925,0.04375262716786909
0.9,0.9,0.1,0.5,0.39909527,49925,0.039418725943223425
0.3,0.5,0.8,0.1,0.39910313,49925,0.04455831394453258
0.8,0.6,0.6,0.4,0.39910594,49925,0.04453226291404051
0.4,0.3,0.3,0.2,0.39910594,49925,0.04453226291404051
0.9,0.7,0.3,0.7,0.39910775,49925,0.04294370912593488
0.9,0.7,0.5,0.8,0.3991079,49925,0.04432636657210756
0.3,0.4,0.7,0.3,0.3991127,49925,0.044894584981739226
0.7,0.8,0.2,0.7,0.39912814,49925,0.042294482820907586
0.3,0.4,0.2,0.4,0.39913002,49925,0.044491968102510264
0.6,0.8,0.4,0.8,0.39913002,49925,0.044491968102510264
0.6,0.8,0.5,0.4,0.3991304,49925,0.04519948729713698
0.7,0.3,0.9,0.4,0.3991321,49925,0.04305120486208796
0.9,0.4,0.2,0.4,0.39913496,49925,0.04104310398749536
0.8,0.7,0.3,0.7,0.39913696,49925,0.04326722361607422
0.7,0.2,0.6,0.1,0.39913806,49925,0.04071610860309532
0.4,0.9,0.4,0.6,0.39913934,49925,0.04470820923902032
0.6,0.6,0.5,0.3,0.3991454,49925,0.044984943740979486
0.8,0.6,0.2,0.5,0.39914834,49925,0.04207190705448212
0.4,0.4,0.9,0.3,0.39916262,49925,0.044335441397102604
0.8,0.7,0.5,0.8,0.3991635,49925,0.044615138476288126
0.8,0.5,0.2,0.4,0.3991667,49925,0.041882949277783625
0.9,0.3,0.8,0.4,0.39917636,49925,0.04233197593379783
0.7,0.4,0.2,0.4,0.39917785,49925,0.0422547717907356
0.8,0.9,0.8,0.4,0.39917833,49925,0.04514361248803425
0.5,0.2,0.3,0.2,0.3991857,49925,0.04275078095960952
0.7,0.4,0.9,0.5,0.399189,49925,0.04391946070486596
0.9,0.6,0.4,0.8,0.39919403,49925,0.04363214592951359
0.9,0.7,0.8,0.5,0.3991969,49925,0.04467465539938425
0.7,0.9,0.4,0.9,0.39920205,49925,0.04408682617744604
0.4,0.4,0.3,0.2,0.3992043,49925,0.04490419830540573
0.8,0.8,0.6,0.4,0.3992043,49925,0.04490419830540573
0.5,0.8,0.8,0.3,0.39921033,49925,0.04528850022357964
0.6,0.8,0.2,0.7,0.39922732,49925,0.04252029107887903
0.5,0.9,0.8,0.2,0.39923716,49925,0.04521123081375241
0.5,0.7,0.4,0.5,0.39923915,49925,0.04510472896629219
0.6,0.8,0.1,0.6,0.39924484,49925,0.04034174879341839
0.9,0.8,0.6,0.6,0.3992472,49925,0.04478934183247644
0.7,0.5,0.7,0.4,0.3992479,49925,0.044461935844563885
0.7,0.4,0.4,0.3,0.39925185,49925,0.04370979761842929
0.6,0.6,0.4,0.6,0.39925912,49925,0.04479834584674924
0.9,0.9,0.6,0.9,0.39925912,49925,0.04479834584674924
0.3,0.3,0.2,0.3,0.39925912,49925,0.04479834584674924
0.9,0.8,0.4,0.9,0.39926136,49925,0.04366768353827811
0.5,0.9,0.5,0.4,0.39927173,49925,0.045230144034572844
0.8,0.9,0.6,0.5,0.39928463,49925,0.045047058199181374
0.2,0.4,0.1,0.3,0.399299,49925,0.04285516501832191
0.4,0.8,0.2,0.6,0.399299,49925,0.04285516501832191
0.4,0.5,0.9,0.4,0.39929926,49925,0.04486586405939542
0.9,0.2,0.5,0.1,0.39930522,49925,0.039341157855539
0.5,0.5,0.3,0.6,0.39930543,49925,0.044407193564811875
0.9,0.6,0.8,0.5,0.39930758,49925,0.044348003962452025
0.3,0.4,0.6,0.3,0.399311,49925,0.04512628095855977
0.3,0.6,0.7,0.2,0.39931297,49925,0.045098906733984964
0.3,0.7,0.3,0.1,0.39931324,49925,0.04445207612066534
0.6,0.3,0.9,0.3,0.39931488,49925,0.0431192816489612
0.2,0.1,0.3,0.1,0.39931488,49925,0.04311928164896119
0.4,0.2,0.6,0.2,0.39931488,49925,0.04311928164896119
0.9,0.5,0.1,0.4,0.39931494,49925,0.03922770405895437
0.1,0.7,0.1,0.2,0.39931977,49925,0.039604377603629635
0.4,0.8,0.1,0.6,0.39932284,49925,0.04052939281084751
0.8,0.8,0.5,0.9,0.39932793,49925,0.044561349422733224
0.7,0.6,0.3,0.7,0.3993308,49925,0.04356452940170085
0.4,0.6,0.3,0.5,0.39933673,49925,0.04476800627640959
0.6,0.5,0.7,0.4,0.39934215,49925,0.044758608612611626
0.5,0.3,0.5,0.3,0.39934695,49925,0.044086600855215305
0.4,0.5,0.8,0.4,0.39935124,49925,0.04503500511554351
0.6,0.3,0.8,0.4,0.39935178,49925,0.043526614936467305
0.6,0.8,0.5,0.5,0.3993554,49925,0.045224722918304976
0.6,0.7,0.8,0.4,0.39935836,49925,0.04520879008833953
0.9,0.8,0.6,0.5,0.39936468,49925,0.0447446343692028
0.6,0.5,0.4,0.4,0.39936492,49925,0.044737532872769485
0.8,0.3,0.9,0.4,0.3993777,49925,0.04268117081137512
0.7,0.9,0.5,0.8,0.3993786,49925,0.044851216840753244
0.7,0.8,0.5,0.7,0.3993804,49925,0.044981355992299674
0.7,0.7,0.5,0.6,0.39938176,49925,0.0449948865480693
0.6,0.5,0.1,0.4,0.39938393,49925,0.04078916889236988
0.8,0.9,0.3,0.8,0.39938545,49925,0.043125001821185026
0.9,0.9,0.1,0.6,0.3993856,49925,0.03950136403403753
0.7,0.7,0.1,0.5,0.39938602,49925,0.04024583037749556
0.5,0.7,0.5,0.2,0.39938614,49925,0.04516164752242659
0.8,0.8,0.9,0.5,0.3993877,49925,0.045086546969346476
0.6,0.7,0.9,0.5,0.3993882,49925,0.045214452109285104
0.9,0.7,0.6,0.5,0.39939162,49925,0.04457373427895108
0.3,0.5,0.8,0.3,0.3993922,49925,0.044953721483660135
0.5,0.2,0.1,0.2,0.39939308,49925,0.040463548120427635
0.5,0.6,0.2,0.5,0.39939395,49925,0.04326464871937694
0.3,0.7,0.3,0.5,0.3993944,49925,0.04456673942774883
0.9,0.8,0.3,0.7,0.39939532,49925,0.04297399625074797
0.6,0.3,0.2,0.4,0.39940536,49925,0.04255436493341674
0.2,0.3,0.5,0.2,0.39941692,49925,0.04494774430970772
0.8,0.5,0.4,0.6,0.3994226,49925,0.04391643615270358
0.3,0.6,0.3,0.2,0.39942285,49925,0.04501914738921222
0.4,0.5,0.3,0.4,0.3994232,49925,0.04506361988242002
0.4,0.7,0.8,0.3,0.3994233,49925,0.045242622582884764
0.5,0.6,0.4,0.3,0.3994271,49925,0.0451339774348798
0.6,0.7,0.2,0.6,0.39943218,49925,0.04275930008594218
0.2,0.3,0.4,0.2,0.39944524,49925,0.04523236039197529
0.4,0.6,0.8,0.4,0.39944524,49925,0.04523236039197529
0.7,0.6,0.2,0.5,0.39944682,49925,0.04251618870563387
0.7,0.7,0.9,0.5,0.3994541,49925,0.04505508737189842
0.3,0.5,0.4,0.1,0.39945528,49925,0.04520699101477067
0.3,0.8,0.3,0.6,0.39946055,49925,0.04405529634212389
0.1,0.9,0.1,0.2,0.3994625,49925,0.03798666977186681
0.5,0.8,0.4,0.7,0.39946255,49925,0.04476168371841051
0.7,0.7,0.2,0.6,0.39946598,49925,0.04246602446267591
0.9,0.4,0.1,0.4,0.39946637,49925,0.038971787620716264
0.6,0.7,0.4,0.7,0.399467,49925,0.04470071450242047
0.9,0.5,0.2,0.5,0.39946765,49925,0.04147168862714738
0.8,0.5,0.2,0.5,0.3994684,49925,0.04197389405096687
0.4,0.5,0.4,0.2,0.39947048,49925,0.04523035978078194
0.6,0.6,0.7,0.4,0.3994762,49925,0.045105035441137406
0.7,0.2,0.3,0.1,0.39947656,49925,0.0402896273661094
0.6,0.5,0.9,0.5,0.39948034,49925,0.04463133649275955
0.8,0.8,0.2,0.7,0.3994821,49925,0.042018317303018256
0.6,0.9,0.7,0.1,0.3994829,49925,0.04495558456281963
0.7,0.7,0.5,0.4,0.39948338,49925,0.044920048590569736
0.5,0.2,0.2,0.2,0.39948404,49925,0.04235999657880863
0.8,0.9,0.6,0.7,0.39948422,49925,0.04510741245245787
0.4,0.7,0.6,0.1,0.39948633,49925,0.04510924320227508
0.6,0.3,0.5,0.3,0.39949018,49925,0.04357773755353706
0.4,0.8,0.9,0.3,0.39949068,49925,0.045177920316821565
0.6,0.9,0.7,0.2,0.39949298,49925,0.045187551582692616
0.3,0.6,0.9,0.2,0.39949608,49925,0.04476595881448278
0.9,0.8,0.8,0.5,0.39950085,49925,0.04492506402906071
0.3,0.6,0.3,0.1,0.39951235,49925,0.04479899444517934
0.9,0.2,0.6,0.2,0.39951834,49925,0.040230154343777275
0.1,0.8,0.1,0.2,0.39951915,49925,0.03875631157339855
0.6,0.8,0.9,0.4,0.3995232,49925,0.04525302599656756
0.5,0.4,0.5,0.3,0.39952588,49925,0.04472463464771192
0.8,0.2,0.6,0.1,0.39953268,49925,0.04010053337116709
0.6,0.6,0.9,0.5,0.39953297,49925,0.04496292743607804
0.6,0.7,0.6,0.3,0.3995348,49925,0.04517373367747374
0.6,0.9,0.6,0.2,0.39953518,49925,0.04508561119654837
0.1,0.8,0.1,0.1,0.39954004,49925,0.038265436118962506
0.9,0.7,0.5,0.9,0.39954188,49925,0.04425795165607444
0.9,0.9,0.2,0.8,0.39954427,49925,0.041629423174885945
0.2,0.4,0.6,0.1,0.39954683,49925,0.044695783199937056
0.5,0.3,0.7,0.4,0.39955217,49925,0.04401605771173303
0.7,0.3,0.2,0.4,0.3995538,49925,0.04185838704835568
0.6,0.4,0.9,0.5,0.3995546,49925,0.04419218755612264
0.5,0.7,0.7,0.3,0.39955541,49925,0.045302732636533845
0.4,0.4,0.9,0.2,0.3995561,49925,0.044096051227242465
0.2,0.5,0.2,0.4,0.399557,49925,0.044218088439145015
0.6,0.5,0.4,0.3,0.3995579,49925,0.044623286835216776
0.4,0.8,0.4,0.2,0.3995581,49925,0.0449346181586872
0.2,0.4,0.2,0.1,0.3995581,49925,0.0449346181586872
0.7,0.2,0.4,0.2,0.39955938,49925,0.041304549617018765
0.8,0.8,0.7,0.4,0.39956462,49925,0.045002701962060104
0.5,0.9,0.9,0.3,0.3995706,49925,0.0452421336346176
0.3,0.9,0.2,0.6,0.39957067,49925,0.04236120765037362
0.4,0.9,0.3,0.7,0.39958024,49925,0.043683943861186465
0.9,0.7,0.4,0.9,0.3995984,49925,0.043645028926178484
0.7,0.6,0.4,0.8,0.39961016,49925,0.04427818650297544
0.7,0.5,0.4,0.6,0.39961347,49925,0.044316155932613066
0.4,0.6,0.5,0.2,0.3996137,49925,0.045312266416465546
0.6,0.8,0.6,0.3,0.3996146,49925,0.04525804622313652
0.4,0.5,0.6,0.3,0.3996173,49925,0.04524468877443613
0.8,0.9,0.7,0.4,0.39961815,49925,0.04509134630782267
0.4,0.7,0.4,0.2,0.3996182,49925,0.045131896486671735
0.4,0.6,0.7,0.3,0.3996213,49925,0.045276804805761246
0.6,0.3,0.7,0.4,0.3996233,49925,0.04365694047252625
0.9,0.2,0.6,0.1,0.3996314,49925,0.03951141875638894
0.5,0.9,0.2,0.8,0.39963195,49925,0.04230943092429003
0.8,0.7,0.6,0.4,0.39963347,49925,0.04478244595507021
0.8,0.6,0.4,0.8,0.39963362,49925,0.043956125488802004
0.4,0.3,0.2,0.4,0.39963362,49925,0.043956125488802004
0.9,0.5,0.5,0.4,0.399636,49925,0.043654209293560696
0.3,0.6,0.1,0.5,0.39963725,49925,0.041365468424466034
0.7,0.3,0.7,0.4,0.39963844,49925,0.0432280454668138
0.6,0.7,0.5,0.3,0.3996471,49925,0.04508666287396411
0.9,0.4,0.6,0.4,0.3996502,49925,0.043174184990631
0.8,0.5,0.6,0.4,0.39965183,49925,0.04413095594945811
0.9,0.3,0.5,0.3,0.3996578,49925,0.04198689692126976
0.7,0.9,0.6,0.4,0.39966065,49925,0.04518594917856382
0.9,0.9,0.3,0.8,0.39966092,49925,0.04289698810785186
0.8,0.8,0.8,0.5,0.3996671,49925,0.045137636966518506
0.5,0.5,0.2,0.5,0.39966726,49925,0.043370065340638767
0.5,0.7,0.1,0.6,0.39966795,49925,0.040739917487774516
0.4,0.7,0.9,0.4,0.39966828,49925,0.0452282270906255
0.6,0.9,0.7,0.3,0.3996842,49925,0.04532300439616442
0.2,0.7,0.1,0.5,0.39968708,49925,0.04056661818505711
0.9,0.9,0.7,0.5,0.3996892,49925,0.045006518867969185
0.3,0.6,0.2,0.5,0.39969677,49925,0.04362067278697335
0.2,0.9,0.3,0.5,0.3996969,49925,0.0434155213180003
0.9,0.9,0.9,0.5,0.3997025,49925,0.045058982016575065
0.3,0.5,0.3,0.1,0.39970577,49925,0.04505420239519303
0.6,0.9,0.4,0.9,0.39971286,49925,0.044229363983580114
0.8,0.3,0.3,0.4,0.39971948,49925,0.04226505558134826
0.3,0.7,0.2,0.5,0.39973778,49925,0.04326209458238433
0.9,0.5,0.8,0.5,0.39974862,49925,0.04390601208255918
0.7,0.6,0.6,0.4,0.39975122,49925,0.04488082427892939
0.7,0.7,0.5,0.5,0.39975348,49925,0.044973782778831656
0.9,0.5,0.4,0.7,0.3997568,49925,0.04345462038858318
0.7,0.7,0.7,0.4,0.3997646,49925,0.04507683315905591
0.7,0.8,0.8,0.4,0.39976588,49925,0.045209347039835694
0.8,0.6,0.8,0.5,0.39977756,49925,0.044613113528496895
0.4,0.7,0.4,0.3,0.39977765,49925,0.04528397909936393
0.7,0.3,0.3,0.3,0.3997795,49925,0.04271521611333432
0.4,0.6,0.4,0.1,0.39977974,49925,0.044977424120699855
0.5,0.2,0.6,0.1,0.3997832,49925,0.041944416937674395
0.5,0.4,0.7,0.4,0.3997871,49925,0.04462246989003506
0.5,0.7,0.5,0.1,0.39978766,49925,0.04489109184930344
0.5,0.8,0.5,0.2,0.39978784,49925,0.04514538009602565
0.8,0.7,0.8,0.5,0.39979035,49925,0.04493140129099079
0.9,0.4,0.8,0.5,0.39979106,49925,0.043341343131880095
0.5,0.7,0.3,0.7,0.3997912,49925,0.044062105473653905
0.9,0.7,0.1,0.4,0.39979511,49925,0.03938208970507143
0.9,0.8,0.6,0.8,0.399797,49925,0.044803143707816684
0.9,0.6,0.3,0.7,0.39979768,49925,0.0428395137364283
0.2,0.9,0.3,0.4,0.3998004,49925,0.04349523018711436
0.8,0.9,0.6,0.6,0.39980283,49925,0.04508473526232519
0.3,0.5,0.5,0.2,0.3998065,49925,0.04532612784174249
0.5,0.7,0.4,0.6,0.3998266,49925,0.04502891408399226
0.6,0.9,0.2,0.9,0.39982924,49925,0.04207117696634227
0.6,0.3,0.9,0.4,0.39983577,49925,0.04338162683858343
0.5,0.8,0.2,0.7,0.39984077,49925,0.04265513784305304
0.7,0.8,0.3,0.8,0.39984098,49925,0.04342182818286411
0.5,0.3,0.8,0.1,0.39984173,49925,0.04288334156225679
0.8,0.6,0.3,0.7,0.3998423,49925,0.043222214079073534
0.9,0.7,0.6,0.6,0.3998433,49925,0.0446632749847727
0.9,0.8,0.6,0.9,0.39984894,49925,0.04476225384833013
0.7,0.9,0.3,0.8,0.39985186,49925,0.0433233927786565
0.2,0.2,0.4,0.2,0.3998523,49925,0.04467922622170461
0.3,0.3,0.6,0.3,0.3998523,49925,0.04467922622170461
0.1,0.1,0.2,0.1,0.3998523,49925,0.04467922622170461
0.4,0.4,0.8,0.4,0.3998523,49925,0.04467922622170461
0.4,0.6,0.3,0.6,0.39985695,49925,0.044581592395664074
0.9,0.2,0.2,0.3,0.39985898,49925,0.0393040436642663
0.9,0.3,0.3,0.4,0.39987156,49925,0.0416478531654894
0.8,0.3,0.2,0.4,0.39987612,49925,0.041177872105365165
0.8,0.5,0.1,0.4,0.39988825,49925,0.03976006465161013
0.5,0.7,0.2,0.6,0.39989072,49925,0.042996493319309784
0.6,0.9,0.8,0.3,0.39989161,49925,0.04529996625529267
0.5,0.7,0.9,0.5,0.3998953,49925,0.04529146492688453
0.9,0.6,0.2,0.6,0.3999019,49925,0.041685887357097516
0.7,0.7,0.5,0.7,0.39990807,49925,0.044947916579225596
0.9,0.8,0.1,0.5,0.3999156,49925,0.039496373845964175
0.1,0.9,0.1,0.1,0.399917,49925,0.037447739117193235
0.6,0.3,0.1,0.3,0.39991876,49925,0.040431463239354586
0.4,0.8,0.7,0.1,0.39992115,49925,0.04505324995741833
0.6,0.8,0.7,0.3,0.39992136,49925,0.045276350767755914
0.8,0.8,0.4,0.9,0.39992332,49925,0.04392815257494993
0.9,0.3,0.1,0.4,0.39992526,49925,0.038473544967707586
0.5,0.3,0.8,0.4,0.39993396,49925,0.04385639102109553
0.8,0.8,0.1,0.6,0.3999347,49925,0.03986428205832729
0.5,0.8,0.6,0.2,0.3999348,49925,0.04525978887600185
0.5,0.5,0.7,0.4,0.3999363,49925,0.04502023223009126
0.5,0.5,0.5,0.3,0.39994204,49925,0.045104968047207566
0.3,0.5,0.3,0.2,0.39994562,49925,0.045285775729443964
0.6,0.9,0.5,0.7,0.39994714,49925,0.045078776939088315
0.5,0.6,0.6,0.3,0.39995298,49925,0.04526099830442064
0.9,0.2,0.4,0.1,0.39995426,49925,0.03911351332365663
0.7,0.9,0.1,0.7,0.39995942,49925,0.03995615925626662
0.5,0.4,0.3,0.5,0.39996222,49925,0.044463824563512555
0.9,0.8,0.7,0.5,0.39996818,49925,0.04488209797903963
0.7,0.5,0.1,0.4,0.39997268,49925,0.04027873486255838
0.4,0.8,0.3,0.7,0.39997524,49925,0.04394709014142315
0.4,0.3,0.7,0.4,0.39997718,49925,0.044344202024755294
0.2,0.9,0.2,0.5,0.39997798,49925,0.04198279612880075
0.8,0.6,0.1,0.4,0.39997998,49925,0.0398025836915936
0.9,0.4,0.4,0.4,0.39998108,49925,0.042885591296701546
0.5,0.3,0.1,0.3,0.39998245,49925,0.04127176021724376
0.4,0.9,0.9,0.2,0.3999893,49925,0.045038023606885594
0.6,0.9,0.1,0.7,0.39999172,49925,0.0400865451470265
0.8,0.8,0.3,0.8,0.3999965,49925,0.04318254485726255
0.7,0.8,0.1,0.6,0.40000242,49925,0.04012145586649458
0.4,0.9,0.4,0.1,0.40000993,49925,0.04444971189315284
0.8,0.7,0.5,0.9,0.40001193,49925,0.04453218710328911
0.8,0.9,0.6,0.8,0.40001324,49925,0.04508372378082327
0.4,0.8,0.4,0.5,0.40001553,49925,0.04506791377457274
0.6,0.9,0.6,0.3,0.40003076,49925,0.045267004786033835
0.4,0.6,0.4,0.2,0.40003076,49925,0.045267004786033835
0.2,0.3,0.2,0.1,0.40003076,49925,0.045267004786033835
0.8,0.6,0.5,0.6,0.4000331,49925,0.04453904594789787
0.6,0.6,0.4,0.7,0.4000414,49925,0.044704018644481806
0.6,0.9,0.3,0.8,0.40004888,49925,0.043479485210685204
0.5,0.6,0.9,0.5,0.40005666,49925,0.04509758463705597
0.4,0.9,0.9,0.1,0.4000587,49925,0.04491473649053149
0.5,0.6,0.4,0.4,0.4000625,49925,0.04519526904881467
0.9,0.3,0.2,0.4,0.40006253,49925,0.0405154221664058
0.6,0.7,0.1,0.6,0.40006384,49925,0.04052990807607999
0.8,0.7,0.4,0.9,0.40006673,49925,0.04392551272498335
0.8,0.2,0.2,0.3,0.400083,49925,0.04006735769561905
0.8,0.8,0.6,0.5,0.40008315,49925,0.04501776274727287
0.1,0.2,0.3,0.1,0.40008625,49925,0.044921857100984924
0.3,0.6,0.9,0.3,0.40008625,49925,0.04492185710098493
0.2,0.4,0.6,0.2,0.40008625,49925,0.044921857100984924
0.6,0.5,0.2,0.5,0.4000867,49925,0.0429507691556162
0.6,0.2,0.6,0.3,0.40009043,49925,0.04242338389134263
0.9,0.1,0.1,0.1,0.40009394,49925,0.03342519245330044
0.5,0.9,0.5,0.3,0.40009555,49925,0.04516668344528359
0.7,0.4,0.6,0.4,0.40009934,49925,0.04400737800332537
0.6,0.7,0.4,0.8,0.4001012,49925,0.0445734297547667
0.8,0.9,0.1,0.7,0.40010157,49925,0.03975505602079471
0.7,0.5,0.2,0.5,0.40010253,49925,0.04244878529816872
0.4,0.9,0.2,0.7,0.40010816,49925,0.04241797894030177
0.4,0.9,0.1,0.7,0.40011263,49925,0.040065385486502174
0.9,0.6,0.1,0.4,0.4001215,49925,0.03934302221132213
0.7,0.9,0.6,0.5,0.40012482,49925,0.04526598636611067
0.6,0.4,0.4,0.3,0.40013874,49925,0.044240641058778146
0.9,0.8,0.3,0.8,0.40014112,49925,0.04292233404330168
0.9,0.4,0.4,0.5,0.4001419,49925,0.04302880060940262
0.6,0.8,0.3,0.8,0.4001456,49925,0.04361118963879387
0.3,0.7,0.3,0.6,0.40014598,49925,0.044376234013325584
0.4,0.7,0.4,0.1,0.40015078,49925,0.04487300097177797
0.2,0.5,0.1,0.4,0.40015382,49925,0.04196234248751243
0.3,0.7,0.7,0.1,0.40015584,49925,0.04493006812433187
0.8,0.5,0.4,0.7,0.4001586,49925,0.04386759799348635
0.9,0.9,0.8,0.5,0.40016305,49925,0.04506456453569896
0.6,0.6,0.1,0.5,0.4001639,49925,0.04072048017812978
0.4,0.9,0.4,0.7,0.40016687,49925,0.04461004541866285
0.7,0.8,0.5,0.8,0.40017208,49925,0.04489098588749764
0.7,0.9,0.5,0.9,0.40017524,49925,0.04475263127295908
0.4,0.5,0.3,0.5,0.4001764,49925,0.04490167018028323
0.6,0.9,0.9,0.4,0.40017718,49925,0.045348981501680485
0.9,0.3,0.9,0.1,0.40018353,49925,0.04106808903979523
0.7,0.8,0.9,0.5,0.40018556,49925,0.04524465344395596
0.3,0.6,0.8,0.3,0.4001865,49925,0.04508774994726968
0.6,0.7,0.5,0.4,0.40018705,49925,0.04520625765966156
0.3,0.4,0.8,0.2,0.4001899,49925,0.04443553020288866
0.8,0.2,0.3,0.1,0.40019545,49925,0.039486728981130904
0.8,0.4,0.6,0.4,0.40020233,49925,0.04359416069409689
0.4,0.2,0.3,0.2,0.40020233,49925,0.04359416069409689
0.8,0.5,0.8,0.5,0.40020466,49925,0.04422126445042525
0.4,0.9,0.8,0.1,0.40020913,49925,0.04498697157040727
0.6,0.9,0.6,0.1,0.40021124,49925,0.044831419382062254
0.4,0.4,0.1,0.4,0.4002117,49925,0.04196330936631017
0.8,0.8,0.2,0.8,0.4002117,49925,0.04196330936631017
0.8,0.9,0.3,0.9,0.4002117,49925,0.043068218834020414
0.5,0.6,0.7,0.4,0.4002207,49925,0.04529615086873573
0.5,0.9,0.5,0.5,0.40022758,49925,0.04524355910807649
0.8,0.5,0.5,0.4,0.4002387,49925,0.044078706604406916
0.3,0.7,0.8,0.1,0.40024844,49925,0.04482460162938177
0.5,0.8,0.6,0.1,0.40025192,49925,0.04502512877132984
0.4,0.5,0.1,0.5,0.40026113,49925,0.041571876942856
0.3,0.7,0.8,0.2,0.4002685,49925,0.04499682522877284
0.7,0.7,0.4,0.9,0.40026912,49925,0.04418928185173259
0.8,0.2,0.7,0.2,0.40027165,49925,0.040811171664908864
0.9,0.6,0.5,0.7,0.400272,49925,0.0441979292104999
0.9,0.4,0.3,0.6,0.40027595,49925,0.0423735971639295
0.4,0.3,0.8,0.3,0.400276,49925,0.04393896220199609
0.5,0.2,0.6,0.3,0.4002774,49925,0.04298295593419297
0.8,0.9,0.9,0.5,0.40028217,49925,0.045241878130189
0.7,0.9,0.2,0.9,0.40028283,49925,0.04196699819618898
0.5,0.8,0.5,0.1,0.40028328,49925,0.044870065072943534
0.3,0.6,0.3,0.4,0.4002882,49925,0.04503957824873023
0.9,0.9,0.9,0.6,0.40028882,49925,0.045174900713194854
0.3,0.3,0.3,0.2,0.40028882,49925,0.04517490071319486
0.6,0.6,0.6,0.4,0.40028882,49925,0.04517490071319486
0.6,0.2,0.5,0.3,0.40029043,49925,0.042487703479198065
0.6,0.4,0.1,0.4,0.4002911,49925,0.04076546277831295
0.9,0.6,0.5,0.8,0.4002955,49925,0.04417811437918523
0.9,0.7,0.7,0.5,0.40029582,49925,0.04467648168680828
0.5,0.8,0.9,0.4,0.40029705,49925,0.045325204829635424
0.8,0.4,0.8,0.5,0.40029967,49925,0.04368136988122409
0.5,0.5,0.4,0.3,0.4003018,49925,0.045058208513490614
0.5,0.8,0.5,0.3,0.40030494,49925,0.04527913481239477
0.5,0.8,0.4,0.8,0.4003052,49925,0.0446084082081333
0.7,0.6,0.5,0.4,0.40030843,49925,0.044785853997724785
0.3,0.7,0.9,0.2,0.40031028,49925,0.04486888574389945
0.7,0.2,0.7,0.2,0.40031126,49925,0.0413041069234489
0.7,0.4,0.3,0.6,0.4003143,49925,0.04338336678062077
0.1,0.8,0.1,0.3,0.40031576,49925,0.03899398122468818
0.3,0.6,0.6,0.2,0.40031967,49925,0.04523456918535872
0.7,0.2,0.6,0.3,0.4003234,49925,0.04186981202311605
0.5,0.8,0.5,0.4,0.40032512,49925,0.045359617701695276
0.1,0.9,0.1,0.3,0.40033233,49925,0.038258885910192574
0.7,0.5,0.8,0.5,0.40033317,49925,0.04449328174852564
0.3,0.3,0.7,0.2,0.4003369,49925,0.04417989965683129
0.4,0.7,0.4,0.4,0.40033698,49925,0.04527604016443138
0.7,0.8,0.6,0.4,0.4003405,49925,0.04515330004800952
0.3,0.7,0.1,0.6,0.4003427,49925,0.040711223532385134
0.7,0.3,0.4,0.3,0.40034613,49925,0.04299776722381115
0.5,0.2,0.5,0.3,0.40034986,49925,0.04309343976567284
0.3,0.5,0.9,0.2,0.40036148,49925,0.04455084335030892
0.8,0.3,0.6,0.4,0.4003809,49925,0.042829189307570285
0.5,0.9,0.5,0.1,0.40038538,49925,0.04478739874533288
0.4,0.7,0.6,0.2,0.40038642,49925,0.045315396986009365
0.8,0.9,0.2,0.9,0.40038705,49925,0.04178930347441165
0.7,0.7,0.6,0.4,0.40038937,49925,0.04507242543716482
0.4,0.4,0.9,0.4,0.4003993,49925,0.04448040635015231
0.5,0.8,0.7,0.3,0.40040264,49925,0.045376484358129646
0.3,0.6,0.9,0.1,0.40040344,49925,0.04459944525043341
0.7,0.4,0.8,0.5,0.40041333,49925,0.04403720611719455
0.9,0.8,0.1,0.6,0.40041727,49925,0.03958034716228421
0.7,0.8,0.7,0.4,0.40041772,49925,0.04522231323961214
0.8,0.7,0.7,0.5,0.40042245,49925,0.04496435718642328
0.5,0.7,0.4,0.7,0.40042704,49925,0.04490728859093404
0.6,0.3,0.3,0.3,0.4004361,49925,0.04340719380426566
0.8,0.4,0.4,0.4,0.4004361,49925,0.043407193804265665
0.4,0.2,0.2,0.2,0.4004361,49925,0.043407193804265665
0.2,0.1,0.1,0.1,0.4004361,49925,0.043407193804265665
0.6,0.6,0.3,0.7,0.400439,49925,0.04390772202377837
0.3,0.4,0.8,0.3,0.40044102,49925,0.04466591275844708
0.3,0.7,0.7,0.2,0.40044144,49925,0.04511331270580469
0.6,0.3,0.9,0.2,0.40044695,49925,0.042756960683603115
0.3,0.6,0.5,0.1,0.40044966,49925,0.0451402291011878
0.7,0.3,0.9,0.5,0.40045354,49925,0.04325757480935829
0.2,0.4,0.5,0.2,0.400457,49925,0.04517996941770321
0.5,0.9,0.8,0.3,0.40045765,49925,0.04533859734112702
0.8,0.7,0.1,0.5,0.4004583,49925,0.03989085135769752
0.8,0.7,0.6,0.5,0.4004591,49925,0.04488905345546484
0.9,0.7,0.3,0.8,0.40046182,49925,0.042899524892227994
0.6,0.8,0.2,0.8,0.40046275,49925,0.04238997002359481
0.3,0.4,0.1,0.4,0.40046275,49925,0.04238997002359481
0.7,0.9,0.6,0.6,0.40046635,49925,0.04529277901713666
0.4,0.8,0.4,0.1,0.40047094,49925,0.04470536184591287
0.9,0.9,0.1,0.7,0.400473,49925,0.0395372999700052
0.8,0.3,0.9,0.5,0.4004821,49925,0.0429032698962626
0.4,0.5,0.7,0.4,0.40048382,49925,0.04519196442992598
0.3,0.5,0.2,0.5,0.4004867,49925,0.04394441904672031
0.9,0.3,0.6,0.4,0.40049523,49925,0.04237147676944315
0.6,0.5,0.4,0.5,0.4004956,49925,0.04476152962530234
0.4,0.7,0.3,0.7,0.40049812,49925,0.044171437045412223
0.7,0.8,0.4,0.9,0.40049833,49925,0.04417323588235107
0.3,0.5,0.9,0.3,0.4004984,49925,0.04473756396813724
0.8,0.7,0.2,0.7,0.40050122,49925,0.042082658914970685
0.5,0.9,0.4,0.9,0.40050313,49925,0.04429745023025156
0.5,0.8,0.3,0.8,0.40050784,49925,0.043744492288504785
0.8,0.2,0.6,0.3,0.40050787,49925,0.041333852506120504
0.4,0.8,0.7,0.2,0.40050897,49925,0.045246806623068236
0.9,0.9,0.3,0.9,0.4005093,49925,0.042847975785992386
0.6,0.6,0.2,0.6,0.4005093,49925,0.042847975785992386
0.3,0.3,0.1,0.3,0.4005093,49925,0.042847975785992386
0.7,0.7,0.1,0.6,0.40051144,49925,0.04023986222092146
0.8,0.7,0.3,0.8,0.4005217,49925,0.04319923029282284
0.5,0.4,0.9,0.5,0.40052208,49925,0.04441759551038614
0.6,0.8,0.8,0.4,0.40052354,49925,0.04534580850405302
0.3,0.4,0.4,0.2,0.40052354,49925,0.04534580850405302
0.6,0.8,0.9,0.5,0.40052643,49925,0.04534984877614706
0.7,0.8,0.5,0.9,0.40052775,49925,0.04478165138019668
0.9,0.5,0.7,0.5,0.40052906,49925,0.04395050361007211
0.7,0.7,0.2,0.7,0.4005372,49925,0.042375825280272915
0.3,0.2,0.3,0.2,0.40054286,49925,0.044415546266977135
0.9,0.6,0.9,0.6,0.40054286,49925,0.044415546266977135
0.6,0.4,0.6,0.4,0.40054286,49925,0.044415546266977135
0.7,0.5,0.6,0.4,0.40054566,49925,0.04452004516949281
0.5,0.7,0.8,0.4,0.40055102,49925,0.045321034003817276
0.6,0.8,0.4,0.9,0.40055162,49925,0.044343478248270354
0.4,0.2,0.5,0.3,0.40055215,49925,0.043684350237619005
0.6,0.4,0.8,0.5,0.40055376,49925,0.04432788718098223
0.3,0.5,0.3,0.3,0.40055585,49925,0.04534711297931569
0.8,0.8,0.6,0.7,0.4005584,49925,0.04506052963501714
0.8,0.9,0.6,0.9,0.40055844,49925,0.04502244454206075
0.6,0.9,0.5,0.8,0.4005606,49925,0.04499636274237839
0.5,0.5,0.9,0.5,0.40056205,49925,0.044834341885953304
0.7,0.9,0.8,0.4,0.40057504,49925,0.04530969714486798
0.6,0.8,0.5,0.6,0.40058082,49925,0.04522511377171938
0.4,0.9,0.4,0.8,0.40058467,49925,0.044455982501566106
0.8,0.4,0.1,0.4,0.40058613,49925,0.039562856679424725
0.5,0.4,0.1,0.4,0.40058687,49925,0.04138067177261294
0.4,0.4,0.9,0.1,0.40058976,49925,0.043757313882741754
0.9,0.5,0.3,0.7,0.4005928,49925,0.042667968374009185
0.2,0.6,0.1,0.5,0.40059513,49925,0.0410735386226961
0.5,0.1,0.3,0.1,0.40059686,49925,0.03969445455905391
0.3,0.5,0.1,0.5,0.40060318,49925,0.04175605823772795
0.9,0.6,0.7,0.5,0.40060624,49925,0.04434920748774165
0.9,0.8,0.9,0.6,0.40060872,49925,0.044985770097567386
0.3,0.7,0.9,0.1,0.4006101,49925,0.044715513754921464
0.7,0.6,0.5,0.5,0.40062016,49925,0.044865886426309995
0.6,0.9,0.6,0.4,0.4006229,49925,0.04535689759730757
0.7,0.6,0.8,0.5,0.40062726,49925,0.04487054037830822
0.4,0.2,0.6,0.3,0.40062815,49925,0.04349003559796589
0.6,0.2,0.7,0.3,0.40062928,49925,0.042338498572105525
0.4,0.7,0.2,0.6,0.40064108,49925,0.04312841473768526
0.4,0.3,0.1,0.3,0.4006464,49925,0.04209167528887338
0.8,0.6,0.2,0.6,0.4006464,49925,0.04209167528887338
0.9,0.2,0.7,0.2,0.4006471,49925,0.0403107494210374
0.1,0.7,0.1,0.3,0.40064982,49925,0.03976607180429119
0.5,0.9,0.5,0.6,0.4006543,49925,0.045227067011858656
0.5,0.4,0.2,0.5,0.4006549,49925,0.0433560975888525
0.4,0.4,0.3,0.4,0.40066266,49925,0.045026507199386626
0.8,0.8,0.6,0.8,0.40066266,49925,0.045026507199386626
0.8,0.4,0.3,0.6,0.40066367,49925,0.04288230169309893
0.4,0.7,0.1,0.6,0.4006717,49925,0.04083172689378564
0.7,0.2,0.7,0.3,0.40067267,49925,0.04184416250450088
0.8,0.2,0.4,0.2,0.40067476,49925,0.040608245713206814
0.4,0.1,0.2,0.1,0.40067476,49925,0.040608245713206814
0.3,0.3,0.7,0.3,0.40067577,49925,0.04440424233175745
0.6,0.2,0.3,0.2,0.4006777,49925,0.04192534362500968
0.8,0.3,0.9,0.1,0.40068454,49925,0.04147857701910966
0.4,0.4,0.7,0.4,0.400689,49925,0.04487628049862529
0.7,0.2,0.2,0.3,0.40069523,49925,0.04089401567544401
0.9,0.9,0.2,0.9,0.40069574,49925,0.04156990975941441
0.7,0.3,0.3,0.4,0.40069774,49925,0.04290636792200354
0.3,0.4,0.8,0.1,0.40070066,49925,0.04413648591846603
0.7,0.8,0.2,0.8,0.40070668,49925,0.042201288853738556
0.7,0.7,0.5,0.8,0.40071407,49925,0.04488235099796187
0.7,0.7,0.8,0.5,0.40071446,49925,0.04514951054776596
0.6,0.8,0.1,0.7,0.4007266,49925,0.04028174669168708
0.4,0.7,0.7,0.3,0.40073204,49925,0.0453569780076139
0.9,0.7,0.9,0.6,0.4007412,49925,0.044747845335531666
0.9,0.4,0.7,0.5,0.4007426,49925,0.04339879704364461
0.6,0.2,0.7,0.2,0.40074345,49925,0.041853122174045514
0.4,0.8,0.8,0.3,0.40074503,49925,0.045287855616939814
0.7,0.8,0.1,0.7,0.40075868,49925,0.040097006403604446
0.7,0.4,0.1,0.4,0.4007598,49925,0.040154025766463194
0.5,0.9,0.7,0.2,0.40076807,49925,0.0452514464351682
0.4,0.4,0.5,0.3,0.40077394,49925,0.04510345523365178
0.5,0.6,0.8,0.5,0.40077442,49925,0.04524585402284388
0.5,0.9,0.6,0.1,0.40077758,49925,0.04497518011148854
0.9,0.3,0.9,0.5,0.4007786,49925,0.04255236444572119
0.9,0.5,0.5,0.5,0.40077952,49925,0.04382375663386587
0.9,0.2,0.5,0.2,0.40079153,49925,0.04011112273133714
0.6,0.2,0.2,0.3,0.4007952,49925,0.041756895942393096
0.8,0.3,0.4,0.3,0.4007989,49925,0.04240377490321313
0.7,0.3,0.6,0.4,0.40080044,49925,0.043294387524394226
0.9,0.6,0.6,0.5,0.40080106,49925,0.04430503540094013
0.2,0.9,0.3,0.3,0.40080756,49925,0.04349429263671112
0.8,0.8,0.6,0.6,0.40080798,49925,0.04504374414614496
0.4,0.4,0.3,0.3,0.40080798,49925,0.04504374414614496
0.8,0.6,0.5,0.7,0.40081045,49925,0.044545839233821535
0.7,0.2,0.5,0.3,0.40081167,49925,0.04186176149583413
0.6,0.3,0.4,0.3,0.40081203,49925,0.04360513042231424
0.2,0.9,0.1,0.6,0.40081468,49925,0.03934456662536868
0.6,0.3,0.9,0.5,0.4008262,49925,0.04358392707503698
0.3,0.5,0.6,0.3,0.40083283,49925,0.04532972355128643
0.3,0.4,0.5,0.3,0.4008333,49925,0.04532947598588653
0.7,0.5,0.4,0.7,0.40083432,49925,0.044246355084621054
0.9,0.7,0.2,0.7,0.40083498,49925,0.0417119074405788
0.4,0.3,0.8,0.2,0.40084,49925,0.043644251174604735
0.5,0.5,0.1,0.5,0.40084037,49925,0.04122563234299276
0.5,0.2,0.2,0.3,0.40084058,49925,0.04264290975485038
0.4,0.7,0.5,0.1,0.40084827,49925,0.04508046071091398
0.8,0.5,0.3,0.7,0.4008489,49925,0.04309042397759889
0.7,0.9,0.1,0.8,0.40086344,49925,0.03988436577438252
0.9,0.3,0.4,0.3,0.40086368,49925,0.041794603664691586
0.7,0.9,0.7,0.4,0.4008708,49925,0.04530094252483528
0.6,0.5,0.4,0.6,0.400871,49925,0.04471130840320723
0.8,0.3,0.1,0.4,0.40087157,49925,0.03912562946267563
0.5,0.6,0.5,0.3,0.40087265,49925,0.045276393759160816
0.2,0.4,0.2,0.3,0.4008745,49925,0.04496755793664935
0.4,0.8,0.4,0.6,0.4008745,49925,0.04496755793664935
0.5,0.4,0.8,0.5,0.40088087,49925,0.04459964826645066
0.6,0.8,0.5,0.8,0.400881,49925,0.04506580765648837
0.4,0.6,0.4,0.3,0.4008812,49925,0.04538487478821319
0.4,0.9,0.8,0.2,0.40088308,49925,0.045150910594848694
0.4,0.8,0.2,0.7,0.40088397,49925,0.042700933829553235
0.5,0.8,0.5,0.5,0.40088683,49925,0.045375866563234356
0.7,0.5,0.3,0.7,0.40088978,49925,0.043490701050788935
0.3,0.8,0.2,0.6,0.40089554,49925,0.04272526777799545
0.6,0.6,0.8,0.5,0.40089735,49925,0.04508944207309887
0.4,0.7,0.5,0.2,0.40089998,49925,0.04532798227563708
0.7,0.6,0.1,0.5,0.4009041,49925,0.040334898702356015
0.3,0.3,0.7,0.1,0.40090877,49925,0.043780246737549995
0.3,0.9,0.1,0.7,0.40090892,49925,0.039774363801601514
0.6,0.7,0.7,0.4,0.40090945,49925,0.045302946106289474
0.5,0.6,0.2,0.6,0.4009107,49925,0.04315386277515692
0.5,0.9,0.1,0.7,0.40091515,49925,0.040151292997806655
0.8,0.4,0.2,0.5,0.4009211,49925,0.041725906885886614
0.8,0.8,0.1,0.7,0.40092498,49925,0.03984479104057617
0.4,0.5,0.3,0.6,0.40092954,49925,0.04472393492784041
0.6,0.4,0.2,0.5,0.40094203,49925,0.04283005444677031
0.5,0.6,0.4,0.5,0.4009431,49925,0.04518259150193085
0.7,0.8,0.6,0.5,0.40094554,49925,0.04524581063960331
0.6,0.7,0.8,0.5,0.40094697,49925,0.04531446075332829
0.3,0.7,0.6,0.1,0.4009508,49925,0.04502481477879153
0.9,0.4,0.2,0.5,0.400959,49925,0.0411932263594796
0.8,0.6,0.1,0.5,0.40096316,49925,0.039913116876164854
0.2,0.5,0.5,0.1,0.4009635,49925,0.04495021792107079
0.5,0.8,0.6,0.3,0.40096426,49925,0.045397342429720454
0.5,0.9,0.7,0.1,0.4009711,49925,0.0450498470139813
0.9,0.4,0.5,0.4,0.40097493,49925,0.043106570802246794
0.3,0.2,0.5,0.3,0.4009758,49925,0.044168712202382804
0.5,0.6,0.4,0.6,0.4009763,49925,0.04510230336873167
0.5,0.9,0.3,0.8,0.40097737,49925,0.04355817597570478
0.9,0.8,0.2,0.8,0.40099227,49925,0.04166819542865977
0.7,0.5,0.5,0.4,0.40099305,49925,0.0444877613878223
0.9,0.2,0.3,0.1,0.40100136,49925,0.038741212728454065
0.5,0.7,0.6,0.3,0.40100503,49925,0.045359518052273604
0.5,0.4,0.4,0.3,0.40100935,49925,0.04476906048704422
0.7,0.9,0.3,0.9,0.40102252,49925,0.043224131309517924
0.8,0.8,0.7,0.5,0.40102616,49925,0.04512138159381314
0.7,0.6,0.2,0.6,0.40103346,49925,0.04249738266408814
0.4,0.2,0.6,0.1,0.40103528,49925,0.042518107366788065
0.9,0.3,0.3,0.5,0.40103933,49925,0.041807499758510974
0.9,0.9,0.7,0.6,0.40103933,49925,0.04507011324992616
0.6,0.4,0.3,0.6,0.40104488,49925,0.043869532007604815
0.9,0.8,0.8,0.6,0.4010463,49925,0.04500233154503669
0.5,0.3,0.4,0.3,0.40104973,49925,0.04419446445827214
0.3,0.6,0.7,0.3,0.4010501,49925,0.04526144924201988
0.2,0.7,0.2,0.5,0.40105656,49925,0.04294347945062747
0.9,0.7,0.1,0.5,0.40106153,49925,0.03953109767073829
0.6,0.3,0.6,0.4,0.40107194,49925,0.043738574938453484
0.5,0.3,0.9,0.4,0.40107694,49925,0.043666038743781235
0.7,0.4,0.4,0.4,0.40108526,49925,0.04392578292371184
0.6,0.9,0.5,0.9,0.40108693,49925,0.04487699390616971
0.8,0.9,0.8,0.5,0.4010911,49925,0.04526026088952601
0.2,0.8,0.3,0.4,0.4010955,49925,0.04396424370281675
0.7,0.4,0.2,0.5,0.40109956,49925,0.04228385560569681
0.8,0.8,0.6,0.9,0.40110442,49925,0.04499952922070007
0.8,0.6,0.5,0.8,0.40110597,49925,0.04448632777221527
0.7,0.8,0.8,0.5,0.40110707,49925,0.04531639679564599
0.5,0.6,0.3,0.7,0.40111056,49925,0.04418629454776607
0.4,0.5,0.5,0.3,0.40111405,49925,0.04539134134181655
0.6,0.8,0.5,0.9,0.4011183,49925,0.04493040417648558
0.9,0.2,0.1,0.3,0.40111992,49925,0.03723347240757351
0.4,0.6,0.7,0.4,0.40113425,49925,0.045387541178095785
0.7,0.7,0.7,0.5,0.40113845,49925,0.04518936662497941
0.8,0.4,0.5,0.4,0.40114042,49925,0.043583889247768896
0.7,0.7,0.3,0.8,0.4011407,49925,0.04347633686969539
0.4,0.3,0.5,0.3,0.4011434,49925,0.04453709851875777
0.5,0.8,0.2,0.8,0.4011439,49925,0.04251437510569711
0.3,0.9,0.3,0.7,0.4011517,49925,0.043526704423854576
0.6,0.5,0.6,0.4,0.4011552,49925,0.0448723474009048
0.5,0.3,0.9,0.3,0.4011591,49925,0.04342470685433163
0.8,0.9,0.7,0.5,0.40116102,49925,0.045213086687550835
0.9,0.7,0.6,0.7,0.40117043,49925,0.044677119933263544
0.9,0.6,0.1,0.5,0.40117082,49925,0.039498041307514505
0.9,0.8,0.7,0.6,0.4011713,49925,0.04497530813095439
0.2,0.5,0.6,0.1,0.4011739,49925,0.044809300112458636
0.2,0.8,0.2,0.5,0.4011743,49925,0.042464189491516244
0.3,0.6,0.3,0.5,0.40118855,49925,0.04487186114048349
0.6,0.8,0.7,0.4,0.40119714,49925,0.04540428893528442
0.8,0.5,0.7,0.5,0.40120575,49925,0.04430027382425196
0.7,0.3,0.8,0.5,0.40120748,49925,0.043360670799575673
0.4,0.7,0.4,0.5,0.40120763,49925,0.045254987740609015
0.7,0.9,0.6,0.7,0.40120772,49925,0.04527749489918554
0.9,0.6,0.4,0.9,0.401208,49925,0.043538311167991284
0.8,0.8,0.9,0.6,0.40120825,49925,0.045182077364623915
0.6,0.7,0.4,0.9,0.40121067,49925,0.044417193306895884
0.5,0.9,0.6,0.2,0.4012158,49925,0.04522139661451312
0.9,0.5,0.9,0.6,0.40122452,49925,0.043994771194483064
0.9,0.2,0.6,0.3,0.4012335,49925,0.04080026941227303
0.9,0.3,0.8,0.5,0.40124038,49925,0.04258734007525352
0.7,0.2,0.3,0.2,0.4012441,49925,0.04111709507854339
0.8,0.4,0.7,0.5,0.4012459,49925,0.043754452609307506
0.8,0.5,0.9,0.6,0.40124896,49925,0.044269313387770945
0.7,0.9,0.9,0.5,0.40124902,49925,0.0453781347771084
0.2,0.8,0.3,0.5,0.40125683,49925,0.04386018844660516
0.4,0.3,0.8,0.4,0.40126783,49925,0.04411767813537969
0.4,0.9,0.9,0.3,0.40126878,49925,0.04518584682964028
0.8,0.2,0.7,0.3,0.40127134,49925,0.04133022064251687
0.6,0.9,0.8,0.4,0.40127364,49925,0.04540630798398009
0.9,0.9,0.8,0.6,0.40127492,49925,0.04514612924593863
0.3,0.8,0.9,0.1,0.40129846,49925,0.04473387199068229
0.5,0.7,0.5,0.3,0.40131643,49925,0.04533406587006874
0.4,0.8,0.1,0.7,0.4013193,49925,0.040353590644975706
0.4,0.9,0.2,0.8,0.4013247,49925,0.042235529356311946
0.8,0.3,0.8,0.5,0.4013368,49925,0.04297614476505216
0.6,0.9,0.6,0.5,0.40133688,49925,0.045413960249061094
0.6,0.5,0.1,0.5,0.401344,49925,0.04078632968769721
0.4,0.6,0.3,0.7,0.40135318,49925,0.04436061545476133
0.2,0.3,0.6,0.2,0.4013611,49925,0.04460107820632613
0.9,0.5,0.8,0.6,0.40136245,49925,0.044069258097092855
0.6,0.6,0.4,0.8,0.40136433,49925,0.044568960904206006
0.3,0.3,0.2,0.4,0.40136433,49925,0.044568960904206006
0.8,0.9,0.9,0.6,0.4013644,49925,0.04531959413247907
0.6,0.7,0.5,0.5,0.40136915,49925,0.0452526976003097
0.8,0.7,0.9,0.6,0.401374,49925,0.044957396193657385
0.4,0.6,0.9,0.5,0.40137994,49925,0.04517998922538798
0.3,0.9,0.4,0.6,0.40138033,49925,0.04456431520910506
0.7,0.5,0.1,0.5,0.40138197,49925,0.040331005368453576
0.6,0.7,0.5,0.7,0.40138432,49925,0.04518759482668548
0.8,0.6,0.7,0.5,0.40139517,49925,0.04467240935421503
0.6,0.5,0.3,0.7,0.40140197,49925,0.043858231091076776
0.6,0.8,0.5,0.7,0.4014044,49925,0.04517861835938881
0.4,0.8,0.6,0.1,0.40140736,49925,0.045089186254810516
0.5,0.9,0.6,0.3,0.40142438,49925,0.045355501521037234
0.9,0.9,0.7,0.8,0.40142456,49925,0.04510869346271346
0.9,0.8,0.3,0.9,0.4014268,49925,0.042859826346269884
0.4,0.4,0.2,0.5,0.40143263,49925,0.043821600455702374
0.7,0.8,0.2,0.9,0.40143943,49925,0.04206468187525552
0.3,0.9,0.4,0.3,0.40144008,49925,0.044658313752293864
0.2,0.9,0.3,0.6,0.40146637,49925,0.04327475134883522
0.5,0.8,0.4,0.9,0.4014688,49925,0.04443750667665405
0.7,0.3,0.9,0.1,0.40146983,49925,0.04190005967654605
0.9,0.5,0.4,0.8,0.40147108,49925,0.04341975009337335
0.7,0.3,0.1,0.4,0.4014741,49925,0.03980465298121498
0.6,0.5,0.2,0.6,0.401483,49925,0.04284160751322533
0.2,0.7,0.1,0.6,0.4014841,49925,0.04027539101394506
0.5,0.3,0.6,0.4,0.40148494,49925,0.04417010536292501
0.4,0.6,0.1,0.6,0.40148672,49925,0.04111698454262009
0.1,0.6,0.1,0.3,0.40149605,49925,0.040570342133349514
0.5,0.7,0.5,0.4,0.4015037,49925,0.045422064043077345
0.4,0.5,0.9,0.5,0.4015054,49925,0.044961654257418625
0.9,0.5,0.2,0.6,0.40150592,49925,0.041523082478143146
0.2,0.5,0.6,0.2,0.40150595,49925,0.045002252167147865
0.9,0.9,0.7,0.7,0.40150946,49925,0.045094062007306854
0.6,0.7,0.3,0.8,0.40151712,49925,0.04369751013839229
0.5,0.5,0.6,0.4,0.40151992,49925,0.045163461335207995
0.5,0.9,0.7,0.3,0.4015207,49925,0.04538831552884322
0.8,0.2,0.1,0.3,0.4015224,49925,0.038025186539200305
0.9,0.9,0.7,0.9,0.40152815,49925,0.04508921568043562
0.6,0.5,0.8,0.5,0.40153274,49925,0.04477883789955249
0.5,0.6,0.4,0.7,0.40153623,49925,0.044956746539920274
0.5,0.7,0.2,0.7,0.40154272,49925,0.0428589563275746
0.7,0.5,0.2,0.6,0.40155157,49925,0.04242307877465536
0.4,0.9,0.3,0.8,0.40155527,49925,0.04352212138810342
0.7,0.4,0.7,0.5,0.40155786,49925,0.04411392374861406
0.8,0.9,0.1,0.8,0.40156668,49925,0.03973528642731092
0.5,0.4,0.3,0.6,0.40156996,49925,0.044325362032431204
0.5,0.2,0.7,0.3,0.40157485,49925,0.04278567238844815
0.6,0.9,0.1,0.8,0.40157986,49925,0.03998526326068977
0.4,0.6,0.6,0.3,0.40158188,49925,0.04540184121534791
0.8,0.7,0.1,0.6,0.40158635,49925,0.03992242170035325
0.6,0.7,0.2,0.7,0.40158638,49925,0.042653838862422994
0.3,0.9,0.4,0.4,0.4015932,49925,0.04468260473522967
0.2,0.8,0.1,0.6,0.40159473,49925,0.03980839266115805
0.6,0.3,0.8,0.5,0.4015982,49925,0.04370699589155321
0.7,0.6,0.7,0.5,0.4016037,49925,0.04495259524830482
0.6,0.8,0.2,0.9,0.4016038,49925,0.042230193740668054
0.2,0.4,0.3,0.1,0.40160525,49925,0.04529266025871452
0.4,0.8,0.6,0.2,0.40160525,49925,0.04529266025871452
0.5,0.9,0.9,0.4,0.40160966,49925,0.045366767643196776
0.3,0.7,0.9,0.3,0.4016195,49925,0.04500356106279166
0.7,0.5,0.7,0.5,0.40162775,49925,0.0446170195512862
0.3,0.7,0.8,0.3,0.40163067,49925,0.045141122757688244
0.3,0.3,0.5,0.3,0.4016314,49925,0.044941919769440127
0.6,0.7,0.6,0.4,0.40163517,49925,0.04531432616304082
0.5,0.5,0.3,0.7,0.4016384,49925,0.04421070099408205
0.7,0.4,0.5,0.4,0.40164483,49925,0.0440350980129672
0.5,0.8,0.1,0.7,0.4016505,49925,0.04038057357252308
0.5,0.7,0.7,0.4,0.40165067,49925,0.045420815769865924
0.9,0.4,0.4,0.6,0.40166017,49925,0.043114283016331995
0.3,0.8,0.8,0.2,0.40166205,49925,0.04497522000397107
0.5,0.6,0.6,0.4,0.40166298,49925,0.04538895510635898
0.1,0.9,0.1,0.4,0.40166363,49925,0.03836206050545327
0.3,0.8,0.7,0.1,0.4016661,49925,0.04490044225162998
0.9,0.4,0.9,0.6,0.40166625,49925,0.04345109681747462
0.4,0.8,0.5,0.2,0.4016664,49925,0.045223253432339135
0.8,0.6,0.4,0.9,0.40166798,49925,0.043849824683098206
0.5,0.7,0.4,0.8,0.40167248,49925,0.044745531794099784
0.4,0.6,0.2,0.6,0.40167347,49925,0.043356040666534104
0.6,0.9,0.3,0.9,0.40167347,49925,0.0433560406665341
0.2,0.3,0.1,0.3,0.40167347,49925,0.043356040666534104
0.8,0.5,0.2,0.6,0.4016814,49925,0.0419661831917716
0.6,0.6,0.5,0.4,0.4016838,49925,0.04511771210047361
0.5,0.9,0.2,0.9,0.40168694,49925,0.04212883870719729
0.3,0.6,0.1,0.6,0.4016942,49925,0.04108159322621977
0.6,0.5,0.5,0.4,0.401695,49925,0.04489116837046305
0.8,0.2,0.3,0.2,0.40169626,49925,0.04036076454129559
0.8,0.6,0.9,0.6,0.40170085,49925,0.044658282496134696
0.2,0.8,0.3,0.3,0.4017022,49925,0.043985232343121516
0.5,0.3,0.3,0.3,0.4017048,49925,0.044082560833532
0.3,0.6,0.8,0.4,0.40170977,49925,0.045171454019807454
0.9,0.2,0.7,0.3,0.40170985,49925,0.040847937322983904
0.4,0.9,0.4,0.9,0.40172032,49925,0.0442786601967627
0.5,0.6,0.1,0.6,0.4017211,49925,0.040936074271466644
0.3,0.9,0.2,0.7,0.40172264,49925,0.0421965786035355
0.7,0.6,0.5,0.6,0.40172374,49925,0.04487558358135084
0.4,0.9,0.7,0.1,0.40172687,49925,0.04501195289760569
0.9,0.7,0.8,0.6,0.40173084,49925,0.04478232499656509
0.5,0.7,0.3,0.8,0.40173236,49925,0.04388421571900047
0.9,0.7,0.1,0.6,0.40173346,49925,0.03959329938110927
0.3,0.8,0.3,0.7,0.4017337,49925,0.043854614237593355
0.8,0.4,0.9,0.6,0.4017358,49925,0.043762166677958514
0.8,0.7,0.6,0.6,0.40174115,49925,0.04494471604029811
0.4,0.8,0.3,0.8,0.40174338,49925,0.043754924729329285
0.3,0.8,0.9,0.2,0.401744,49925,0.044877174180623335
0.3,0.8,0.1,0.7,0.40175,49925,0.04011762563258875
0.7,0.9,0.6,0.9,0.4017542,49925,0.0451783159056309
0.3,0.4,0.7,0.4,0.40175825,49925,0.04501620898706524
0.5,0.5,0.8,0.5,0.40176424,49925,0.044977236318682785
0.8,0.5,0.5,0.5,0.40176523,49925,0.044215832269319175
0.4,0.7,0.8,0.4,0.40177464,49925,0.04535876732305298
0.4,0.8,0.4,0.7,0.40178546,49925,0.04482756117482289
0.7,0.7,0.9,0.6,0.4017857,49925,0.045135645587069166
0.8,0.8,0.3,0.9,0.40178588,49925,0.04308512868823328
0.8,0.6,0.6,0.5,0.40178794,49925,0.04464289661106968
0.3,0.7,0.2,0.6,0.40179035,49925,0.04309007749805064
0.4,0.4,0.3,0.5,0.40179285,49925,0.044903195675094626
0.9,0.6,0.5,0.9,0.4017935,49925,0.04410932799375385
0.5,0.3,0.9,0.5,0.4017943,49925,0.04383783760309162
0.3,0.2,0.6,0.3,0.40179473,49925,0.043875610320094696
0.9,0.8,0.1,0.7,0.40179718,49925,0.03959519714814421
0.3,0.5,0.9,0.1,0.4018001,49925,0.04428164465448
0.3,0.9,0.4,0.5,0.40180245,49925,0.04465603247306468
0.7,0.6,0.4,0.9,0.40180737,49925,0.044132793833854225
0.2,0.9,0.3,0.2,0.40180755,49925,0.0433937380984186
0.4,0.4,0.9,0.5,0.40180966,49925,0.04459886976862585
0.6,0.7,0.5,0.6,0.40181515,49925,0.04523537740365981
0.5,0.4,0.6,0.4,0.40181577,49925,0.04477331104846974
0.9,0.9,0.1,0.8,0.401819,49925,0.03952014224560819
0.7,0.7,0.5,0.9,0.40182045,49925,0.04477325967304098
0.7,0.8,0.9,0.6,0.40182263,49925,0.04533337840099398
0.8,0.3,0.3,0.5,0.40182516,49925,0.04237809480714325
0.2,0.9,0.1,0.7,0.40182602,49925,0.03915024059143838
0.9,0.7,0.6,0.8,0.4018285,49925,0.04467835350870543
0.9,0.7,0.6,0.9,0.4018287,49925,0.04464518290465538
0.7,0.5,0.9,0.6,0.40183035,49925,0.04452390781949551
0.3,0.5,0.4,0.2,0.40183178,49925,0.045420892765329124
0.8,0.8,0.8,0.6,0.40183532,49925,0.04520739608072318
0.4,0.4,0.4,0.3,0.40183532,49925,0.04520739608072318
0.2,0.6,0.2,0.5,0.40183836,49925,0.04343405570175437
0.4,0.9,0.1,0.8,0.40185335,49925,0.0398896480041566
0.3,0.7,0.3,0.7,0.40187162,49925,0.04414344510326319
0.3,0.8,0.9,0.3,0.4018814,49925,0.04499153959632589
0.4,0.7,0.9,0.5,0.40188256,49925,0.045290175833600045
0.4,0.5,0.8,0.5,0.40188292,49925,0.04511618470405745
0.6,0.3,0.1,0.4,0.4018836,49925,0.04051171761384463
0.8,0.2,0.5,0.3,0.40189555,49925,0.041301400457695696
0.8,0.6,0.3,0.8,0.40189812,49925,0.043148106635514216
0.9,0.6,0.2,0.7,0.40189976,49925,0.0416578344407708
0.5,0.9,0.5,0.7,0.40190977,49925,0.045174253608234405
0.2,0.2,0.5,0.2,0.40191245,49925,0.04427793021123311
0.8,0.7,0.8,0.6,0.40191808,49925,0.045021456565775955
0.8,0.9,0.7,0.6,0.40191847,49925,0.045268456320467707
0.9,0.6,0.8,0.6,0.40192118,49925,0.04448189335501694
0.6,0.6,0.3,0.8,0.40192685,49925,0.04373577469510796
0.8,0.4,0.4,0.5,0.4019294,49925,0.04351003269780995
0.5,0.9,0.1,0.8,0.4019345,49925,0.04000046069308086
0.3,0.6,0.4,0.1,0.40193546,49925,0.0451272507778534
0.6,0.4,0.5,0.4,0.40193665,49925,0.04449129383472228
0.6,0.5,0.4,0.7,0.40193868,49925,0.04461617851309039
0.8,0.5,0.6,0.5,0.40193874,49925,0.044300663294317914
0.8,0.3,0.5,0.4,0.4019392,49925,0.04285423391756003
0.2,0.9,0.2,0.6,0.4019527,49925,0.04183724676448751
0.4,0.5,0.6,0.4,0.4019636,49925,0.045357107485248384
0.6,0.2,0.4,0.3,0.40196523,49925,0.042526405768073094
0.5,0.3,0.8,0.5,0.4019674,49925,0.043994561167374796
0.9,0.7,0.7,0.6,0.4019701,49925,0.04475784927720082
0.5,0.9,0.6,0.4,0.40198117,49925,0.045458452882662384
0.5,0.7,0.8,0.5,0.4019852,49925,0.04540623301257051
0.9,0.5,0.6,0.5,0.40198624,49925,0.04392918881725817
0.5,0.8,0.8,0.4,0.4019868,49925,0.04542580724227294
0.7,0.6,0.9,0.6,0.4019869,49925,0.044887586370661904
0.9,0.2,0.3,0.2,0.4019886,49925,0.039619557658457386
0.5,0.8,0.9,0.5,0.4019901,49925,0.04540465609244781
0.3,0.4,0.8,0.4,0.40199354,49925,0.044803074482296
0.7,0.9,0.7,0.5,0.40199906,49925,0.04537075052780041
0.3,0.6,0.9,0.4,0.40200785,49925,0.0450246606556589
0.6,0.7,0.9,0.6,0.4020167,49925,0.04527618632501185
0.7,0.6,0.2,0.7,0.40201977,49925,0.042426251724367
0.3,0.9,0.1,0.8,0.4020271,49925,0.03957432044466908
0.9,0.7,0.3,0.9,0.4020322,49925,0.04281828964711398
0.7,0.9,0.6,0.8,0.40203333,49925,0.04523587372291143
0.3,0.2,0.6,0.2,0.40203753,49925,0.043559728521053054
0.3,0.6,0.5,0.2,0.4020381,49925,0.04535716704405582
0.7,0.8,0.6,0.8,0.402041,49925,0.04524426053995879
0.2,0.3,0.6,0.1,0.40204275,49925,0.04423918191640224
0.4,0.8,0.5,0.1,0.40204346,49925,0.04496856503665011
0.5,0.9,0.3,0.9,0.4020459,49925,0.04340055464143267
0.2,0.5,0.7,0.2,0.40204597,49925,0.0448175404282546
0.5,0.7,0.4,0.9,0.4020478,49925,0.044543052271308614
0.7,0.9,0.8,0.5,0.40204832,49925,0.045412154107225815
0.8,0.1,0.1,0.2,0.40205047,49925,0.0355965711278774
0.3,0.4,0.2,0.5,0.4020505,49925,0.04416936801918413
0.7,0.3,0.5,0.4,0.4020507,49925,0.043351412341895594
0.9,0.5,0.1,0.5,0.4020592,49925,0.03936656248720428
0.2,0.7,0.3,0.4,0.4020682,49925,0.0444308735326545
0.9,0.6,0.3,0.8,0.40206915,49925,0.042799080652756914
0.1,0.8,0.1,0.4,0.40207165,49925,0.03901300243106539
0.4,0.8,0.9,0.4,0.4020779,49925,0.04530248714195493
0.7,0.3,0.3,0.5,0.40208048,49925,0.04297720210701315
0.8,0.5,0.1,0.5,0.40208203,49925,0.03985796514109915
0.4,0.5,0.3,0.7,0.4021059,49925,0.044456217668514805
0.6,0.7,0.5,0.8,0.40210742,49925,0.045107187007113206
0.7,0.2,0.7,0.4,0.40211713,49925,0.04218777660510618
0.2,0.5,0.7,0.1,0.4021188,49925,0.044626620109133534
0.4,0.4,0.8,0.5,0.40212125,49925,0.04477687651559244
0.5,0.3,0.9,0.2,0.40212423,49925,0.04307430280672499
0.7,0.8,0.1,0.8,0.40212506,49925,0.04000813021067044
0.7,0.2,0.1,0.3,0.40212768,49925,0.0388617604333103
0.8,0.8,0.2,0.9,0.4021295,49925,0.04187545140897963
0.9,0.8,0.9,0.7,0.40213007,49925,0.04505486448816591
0.8,0.6,0.2,0.7,0.40213063,49925,0.04204187838165174
0.3,0.3,0.7,0.4,0.40213373,49925,0.044560649350451696
0.5,0.9,0.5,0.8,0.40213823,49925,0.04506458146158812
0.7,0.9,0.9,0.6,0.40216172,49925,0.04543528219410881
0.3,0.6,0.4,0.2,0.40216544,49925,0.045359013622098834
0.3,0.8,0.8,0.1,0.40217087,49925,0.044822143383307256
0.9,0.2,0.4,0.2,0.4021712,49925,0.03995240848787095
0.2,0.8,0.1,0.7,0.40217423,49925,0.039523160761167866
0.6,0.8,0.6,0.4,0.40217996,49925,0.04537412552280904
0.3,0.4,0.3,0.2,0.40217996,49925,0.04537412552280904
0.5,0.5,0.4,0.4,0.40218055,49925,0.045127063151922574
0.9,0.4,0.1,0.5,0.40218097,49925,0.03909361155253541
0.3,0.5,0.8,0.4,0.40218192,49925,0.04506708249213943
0.7,0.6,0.6,0.5,0.40218303,49925,0.04497477906854771
0.6,0.3,0.9,0.1,0.4022014,49925,0.042286194171444094
0.5,0.5,0.2,0.6,0.40220562,49925,0.04322128231307494
0.6,0.8,0.8,0.5,0.4022069,49925,0.045433483351495794
0.6,0.3,0.3,0.4,0.4022141,49925,0.0435427098692912
0.5,0.2,0.7,0.2,0.40222248,49925,0.042366603131425956
0.7,0.6,0.5,0.7,0.4022234,49925,0.04484835303921697
0.6,0.1,0.1,0.2,0.40222397,49925,0.03768742695223528
0.1,0.8,0.2,0.3,0.40222484,49925,0.04165507695087673
0.3,0.7,0.6,0.2,0.4022277,49925,0.045219751626143154
0.6,0.6,0.7,0.5,0.4022292,49925,0.0451991371855494
0.7,0.8,0.7,0.5,0.40223038,49925,0.04531182420319089
0.7,0.2,0.7,0.1,0.40223277,49925,0.04064617359935092
0.6,0.8,0.1,0.8,0.4022383,49925,0.0401443534911225
0.4,0.9,0.5,0.4,0.4022453,49925,0.04526474748747269
0.4,0.5,0.4,0.3,0.4022509,49925,0.04540001302462439
0.5,0.8,0.5,0.6,0.40225092,49925,0.04536130332930903
0.8,0.7,0.7,0.6,0.40225756,49925,0.045020883335791156
0.6,0.6,0.1,0.6,0.40226036,49925,0.04065176120243802
0.7,0.6,0.1,0.6,0.40226105,49925,0.040299370959557594
0.4,0.3,0.4,0.3,0.40226853,49925,0.04475028927346779
0.8,0.6,0.8,0.6,0.40226853,49925,0.04475028927346779
0.2,0.8,0.2,0.6,0.40227064,49925,0.04226094048241969
0.1,0.4,0.1,0.3,0.40227064,49925,0.04226094048241969
0.1,0.9,0.1,0.5,0.40227196,49925,0.038273809065026906
0.9,0.9,0.9,0.7,0.40227604,49925,0.045220790781363686
0.3,0.5,0.9,0.4,0.4022768,49925,0.044869957823485525
0.8,0.7,0.6,0.7,0.40228406,49925,0.04494602039698669
0.6,0.8,0.6,0.5,0.40228748,49925,0.045436086710627696
0.9,0.3,0.5,0.4,0.40228754,49925,0.04233983490165147
0.1,0.7,0.2,0.3,0.4022892,49925,0.04236061004451387
0.9,0.7,0.2,0.8,0.40229654,49925,0.04167722188727005
0.2,0.4,0.7,0.2,0.4022982,49925,0.044640574379762696
0.9,0.8,0.2,0.9,0.40230513,49925,0.04161816930929946
0.9,0.6,0.7,0.6,0.40231106,49925,0.044489303762265835
0.9,0.6,0.6,0.6,0.4023127,49925,0.044413339063661406
0.6,0.4,0.4,0.4,0.4023127,49925,0.04441333906366141
0.3,0.2,0.2,0.2,0.4023127,49925,0.04441333906366141
0.9,0.2,0.8,0.3,0.40231824,49925,0.04084521168538492
0.7,0.8,0.6,0.9,0.40232328,49925,0.045173252827207355
0.4,0.9,0.7,0.2,0.4023258,49925,0.04521173943443695
0.2,0.8,0.3,0.2,0.40233004,49925,0.0438973925809702
0.6,0.2,0.7,0.4,0.4023326,49925,0.04265238744283816
0.3,0.9,0.4,0.2,0.40234116,49925,0.04455232934529218
0.6,0.7,0.1,0.7,0.40234208,49925,0.04043371695448775
0.7,0.7,0.2,0.8,0.4023475,49925,0.04228400595915634
0.5,0.7,0.1,0.7,0.4023523,49925,0.040590643128873304
0.6,0.7,0.2,0.8,0.4023609,49925,0.042518645613219455
0.4,0.3,0.8,0.1,0.4023612,49925,0.04321633115492001
0.8,0.5,0.3,0.8,0.40236259,49925,0.04300394525340386
0.5,0.9,0.5,0.9,0.40236384,49925,0.044931813271953086
0.4,0.7,0.2,0.7,0.40236673,49925,0.04295195776998811
0.5,0.7,0.6,0.4,0.40237203,49925,0.04548183349938854
0.7,0.7,0.1,0.7,0.40237328,49925,0.0401784568123025
0.4,0.7,0.6,0.3,0.40237382,49925,0.045449191476694434
0.5,0.2,0.4,0.3,0.40237403,49925,0.043188104639356635
0.3,0.5,0.7,0.4,0.4023791,49925,0.04523895697629944
0.6,0.4,0.7,0.5,0.40237987,49925,0.04445386314108921
0.6,0.5,0.9,0.6,0.40238014,49925,0.04473999522332353
0.7,0.6,0.3,0.8,0.40238297,49925,0.04344661614941892
0.6,0.2,0.1,0.3,0.40238333,49925,0.039755364871634995
0.2,0.4,0.1,0.4,0.40238485,49925,0.0424939497274112
0.4,0.8,0.2,0.8,0.40238485,49925,0.0424939497274112
0.4,0.9,0.8,0.3,0.40238518,49925,0.045275489285329436
0.8,0.9,0.8,0.6,0.4023882,49925,0.04531579187724322
0.7,0.1,0.1,0.2,0.40238878,49925,0.03658423269657395
0.6,0.9,0.7,0.4,0.4023893,49925,0.04541596779310802
0.8,0.2,0.7,0.1,0.40239495,49925,0.040123512820666486
0.9,0.2,0.2,0.4,0.40239495,49925,0.03962553546704608
0.9,0.3,0.7,0.5,0.40239516,49925,0.04261304159370852
0.8,0.5,0.4,0.8,0.40239573,49925,0.04378498036688937
0.5,0.6,0.4,0.8,0.40240026,49925,0.0447824356468478
0.5,0.5,0.4,0.5,0.40240228,49925,0.045135168336477585
0.2,0.4,0.2,0.4,0.40240765,49925,0.044645898456577356
0.1,0.2,0.1,0.2,0.40240765,49925,0.044645898456577356
0.4,0.8,0.4,0.8,0.40240765,49925,0.044645898456577356
0.3,0.6,0.3,0.6,0.40240765,49925,0.044645898456577356
0.3,0.5,0.3,0.4,0.40241444,49925,0.045285940446244566
0.8,0.2,0.2,0.4,0.40241987,49925,0.04033121506292374
0.4,0.1,0.1,0.2,0.40241987,49925,0.04033121506292374
0.7,0.8,0.6,0.6,0.40242374,49925,0.04528223324560649
0.4,0.6,0.4,0.4,0.40243325,49925,0.04543424347531604
0.2,0.3,0.2,0.2,0.40243325,49925,0.04543424347531604
0.6,0.9,0.6,0.6,0.40243325,49925,0.045434243475316036
0.7,0.7,0.6,0.5,0.40245312,49925,0.0451602859827668
0.8,0.7,0.6,0.8,0.4024583,49925,0.0449381019143309
0.5,0.5,0.4,0.6,0.40246105,49925,0.04506816253686668
0.4,0.8,0.5,0.3,0.40246525,49925,0.04535678398279553
0.8,0.5,0.8,0.6,0.4024653,49925,0.044364969998189493
0.5,0.1,0.1,0.2,0.40247548,49925,0.03893454259679742
0.4,0.7,0.4,0.7,0.40248153,49925,0.04499712133463794
0.1,0.5,0.1,0.3,0.40248275,49925,0.04141912604145956
0.5,0.8,0.2,0.9,0.40248755,49925,0.04232574571783946
0.8,0.4,0.2,0.6,0.40249,49925,0.04171660926101068
0.4,0.2,0.1,0.3,0.40249,49925,0.04171660926101068
0.9,0.4,0.4,0.7,0.4024924,49925,0.04310723638913367
0.7,0.4,0.4,0.6,0.40249807,49925,0.04403295982552836
0.9,0.8,0.8,0.7,0.4024998,49925,0.04505412104376481
0.5,0.7,0.2,0.8,0.4025014,49925,0.04267404697122151
0.9,0.7,0.9,0.7,0.40250903,49925,0.04483371593766804
0.9,0.4,0.6,0.5,0.40251005,49925,0.04341997138529285
0.3,0.6,0.2,0.6,0.40251088,49925,0.04339248186790894
0.4,0.6,0.8,0.5,0.40251333,49925,0.04532697862099914
0.7,0.8,0.8,0.6,0.4025157,49925,0.04538277167443144
0.4,0.7,0.4,0.6,0.40251902,49925,0.04516123757494722
0.7,0.2,0.2,0.4,0.40252042,49925,0.04107647509262263
0.9,0.8,0.7,0.7,0.40252158,49925,0.04500087631803943
0.7,0.6,0.5,0.8,0.40252215,49925,0.044784952256888284
0.6,0.5,0.7,0.5,0.4025223,49925,0.044905906646306094
0.4,0.7,0.5,0.3,0.40252635,49925,0.04546444934496835
0.6,0.4,0.9,0.6,0.40252674,49925,0.044297037533386645
0.7,0.2,0.4,0.3,0.40253115,49925,0.04186918876353009
0.8,0.4,0.4,0.6,0.40253124,49925,0.043576755797552734
0.4,0.2,0.2,0.3,0.40253124,49925,0.043576755797552734
0.7,0.4,0.9,0.6,0.40253317,49925,0.04403978542899317
0.4,0.9,0.5,0.2,0.40254462,49925,0.04504935747275222
0.7,0.5,0.6,0.5,0.40254626,49925,0.044656319741730045
0.6,0.7,0.7,0.5,0.40254754,49925,0.045391491087710976
0.9,0.5,0.3,0.8,0.4025508,49925,0.04259880189014745
0.8,0.9,0.9,0.7,0.40255398,49925,0.045379114033978575
0.3,0.7,0.1,0.7,0.402558,49925,0.04045369953001096
0.6,0.9,0.9,0.5,0.40255907,49925,0.0454466961840392
0.5,0.2,0.7,0.4,0.4025705,49925,0.04309121083472369
0.2,0.5,0.4,0.1,0.40257266,49925,0.04510166159406602
0.7,0.5,0.5,0.5,0.40257543,49925,0.044613582151768576
0.6,0.9,0.7,0.5,0.40257558,49925,0.04551358055413067
0.9,0.5,0.5,0.6,0.40258256,49925,0.04389442979147513
0.5,0.6,0.9,0.6,0.40258282,49925,0.04517963602648031
0.2,0.9,0.3,0.7,0.40258762,49925,0.04307837086871185
0.9,0.1,0.1,0.2,0.40258774,49925,0.03472264127315841
0.7,0.8,0.6,0.7,0.4025885,49925,0.045279096426066555
0.6,0.1,0.3,0.1,0.40259594,49925,0.038693791104248136
0.4,0.9,0.6,0.2,0.40260014,49925,0.04517990628041281
0.6,0.3,0.5,0.4,0.40260077,49925,0.0438288413244388
0.7,0.7,0.8,0.6,0.40260446,49925,0.04522184546864366
0.8,0.2,0.7,0.4,0.4026066,49925,0.04170302688773432
0.5,0.5,0.5,0.4,0.4026087,49925,0.04522919287269691
0.3,0.8,0.8,0.3,0.40261376,49925,0.04511016428179039
0.2,0.5,0.2,0.5,0.4026183,49925,0.04388666134435508
0.9,0.5,0.5,0.7,0.40261853,49925,0.043935725504928455
0.4,0.9,0.2,0.9,0.40262043,49925,0.04204005119224897
0.8,0.4,0.1,0.5,0.4026277,49925,0.03964253413191861
0.9,0.4,0.2,0.6,0.40263683,49925,0.04121216085859328
0.3,0.9,0.9,0.1,0.4026417,49925,0.04470762951282396
0.4,0.8,0.7,0.3,0.4026418,49925,0.045374370022353235
0.8,0.4,0.8,0.6,0.40264973,49925,0.04381780933169137
0.4,0.2,0.4,0.3,0.40264973,49925,0.04381780933169137
0.4,0.9,0.5,0.3,0.40265092,49925,0.04516991403834523
0.3,0.9,0.9,0.2,0.4026518,49925,0.04483305318406322
0.8,0.8,0.7,0.6,0.40265447,49925,0.04517777793792691
0.8,0.6,0.1,0.6,0.40266642,49925,0.039943485718612635
0.2,0.6,0.7,0.1,0.40267155,49925,0.04466712983070503
0.7,0.3,0.2,0.5,0.4026749,49925,0.0418559833940424
0.3,0.9,0.4,0.7,0.40267769,49925,0.04443866606047599
0.7,0.4,0.3,0.7,0.40267983,49925,0.04326607403243182
0.6,0.9,0.1,0.9,0.40268433,49925,0.03984645229917711
0.5,0.9,0.8,0.4,0.4026854,49925,0.045439239880855395
0.2,0.8,0.3,0.6,0.40269578,49925,0.043685416558780416
0.9,0.7,0.8,0.7,0.40269843,49925,0.04486395135917158
0.9,0.5,0.5,0.8,0.402701,49925,0.04391429957004431
0.5,0.4,0.5,0.4,0.40270108,49925,0.04489751001226713
0.9,0.8,0.7,0.8,0.40270418,49925,0.045009433329768166
0.4,0.6,0.5,0.3,0.40270483,49925,0.045462725048808425
0.6,0.7,0.5,0.9,0.40270692,49925,0.04497965052412821
0.8,0.8,0.9,0.7,0.40271965,49925,0.04523771150018536
0.8,0.6,0.5,0.9,0.40271997,49925,0.044419597072569185
0.2,0.7,0.3,0.5,0.4027276,49925,0.044277449418448904
0.7,0.8,0.3,0.9,0.40273395,49925,0.04331380765202305
0.2,0.2,0.3,0.2,0.4027345,49925,0.04506514560569462
0.4,0.4,0.6,0.4,0.4027345,49925,0.04506514560569462
0.6,0.6,0.9,0.6,0.4027345,49925,0.04506514560569461
0.8,0.4,0.4,0.7,0.40273595,49925,0.04354875167484265
0.7,0.5,0.4,0.8,0.40273684,49925,0.04413997328239536
0.9,0.9,0.8,0.7,0.4027376,49925,0.045186428124233485
0.7,0.4,0.1,0.5,0.40273887,49925,0.04018940085000582
0.7,0.3,0.9,0.6,0.4027433,49925,0.04339839451582728
0.3,0.8,0.7,0.2,0.4027436,49925,0.045065463373586995
0.8,0.3,0.7,0.5,0.40274698,49925,0.04302284011619599
0.3,0.7,0.5,0.2,0.40274954,49925,0.045272561187723735
0.5,0.7,0.9,0.6,0.40275326,49925,0.04536778185249332
0.5,0.3,0.1,0.4,0.40275598,49925,0.041245824667433484
0.6,0.3,0.2,0.5,0.40276092,49925,0.04250208400251167
0.8,0.6,0.7,0.6,0.40276188,49925,0.044783203223563176
0.9,0.3,0.2,0.5,0.4027631,49925,0.040644515699905306
0.9,0.7,0.1,0.7,0.40277562,49925,0.039611080665845365
0.9,0.6,0.9,0.7,0.40278673,49925,0.04452498369609843
0.6,0.8,0.9,0.6,0.40278724,49925,0.0454248525288916
0.5,0.4,0.9,0.6,0.40279686,49925,0.0445194166561912
0.4,0.3,0.6,0.4,0.40279734,49925,0.044542571418025576
0.9,0.8,0.1,0.8,0.40279838,49925,0.03956466921872844
0.2,0.2,0.5,0.3,0.40280423,49925,0.044468846743946855
0.8,0.4,0.6,0.5,0.4028083,49925,0.04380635692050167
0.8,0.9,0.7,0.8,0.4028098,49925,0.04529396773963068
0.9,0.5,0.7,0.6,0.4028144,49925,0.04409406769278099
0.4,0.6,0.4,0.7,0.40281618,49925,0.04512543062903794
0.5,0.8,0.6,0.4,0.40281677,49925,0.04549966477771616
0.5,0.8,0.7,0.4,0.40282035,49925,0.045488309710416515
0.5,0.6,0.7,0.5,0.40282363,49925,0.045379266463284475
0.3,0.4,0.1,0.5,0.40282866,49925,0.042044041268231594
0.4,0.9,0.5,0.1,0.40282905,49925,0.04483992972913556
0.8,0.7,0.3,0.9,0.40282947,49925,0.04309399773883304
0.3,0.9,0.3,0.8,0.4028305,49925,0.0433288844688889
0.4,0.3,0.8,0.5,0.40283614,49925,0.04422330943976701
0.5,0.6,0.5,0.4,0.40284166,49925,0.04537997082721099
0.2,0.7,0.3,0.3,0.40284538,49925,0.04445957510613567
0.4,0.4,0.9,0.6,0.40285698,49925,0.04464887374589114
0.2,0.6,0.6,0.1,0.40285975,49925,0.044769983913190925
0.2,0.2,0.5,0.1,0.40286016,49925,0.043819421688209535
0.8,0.7,0.2,0.8,0.40286845,49925,0.04199621552583562
0.3,0.8,0.4,0.2,0.40287063,49925,0.04488365866775653
0.9,0.4,0.8,0.6,0.40287063,49925,0.04350028765092755
0.2,0.4,0.7,0.1,0.40287495,49925,0.04435943384935291
0.1,0.7,0.2,0.4,0.40287507,49925,0.042244074001556164
0.2,0.5,0.1,0.5,0.40287575,49925,0.04159686647931739
0.8,0.9,0.1,0.9,0.4028784,49925,0.03966878077787805
0.7,0.9,0.1,0.9,0.40287915,49925,0.039761845578399464
0.8,0.9,0.7,0.9,0.40288126,49925,0.04525785403725236
0.5,0.2,0.1,0.3,0.40289298,49925,0.04072140205690704
0.8,0.3,0.9,0.6,0.40289924,49925,0.043089458067242216
0.1,0.8,0.2,0.4,0.4028997,49925,0.04161299566229476
0.8,0.7,0.1,0.7,0.4029003,49925,0.03990240026710574
0.3,0.9,0.2,0.8,0.4029068,49925,0.041994184830001155
0.5,0.1,0.2,0.1,0.40290922,49925,0.03934348200669565
0.6,0.3,0.3,0.5,0.40291014,49925,0.04356095914970588
0.4,0.7,0.1,0.7,0.40291187,49925,0.040631640697359105
0.5,0.8,0.1,0.8,0.4029184,49925,0.04021082590739121
0.4,0.8,0.1,0.8,0.40292105,49925,0.040139097140769894
0.7,0.9,0.7,0.6,0.40292656,49925,0.04542750039262003
0.4,0.9,0.1,0.9,0.4029299,49925,0.03968442872306686
0.8,0.2,0.8,0.3,0.40293235,49925,0.041282872737506415
0.5,0.3,0.2,0.5,0.4029381,49925,0.04314609054977109
0.6,0.6,0.5,0.5,0.40293938,49925,0.045177732320136395
0.9,0.5,0.2,0.7,0.4029394,49925,0.041501830197823775
0.6,0.7,0.6,0.5,0.40295222,49925,0.045365900777205384
0.7,0.6,0.8,0.6,0.40295267,49925,0.04497642890037894
0.7,0.4,0.2,0.6,0.40295807,49925,0.04222394900327865
0.3,0.4,0.9,0.3,0.40296388,49925,0.04440646817342151
0.3,0.8,0.4,0.4,0.4029654,49925,0.04499097399286237
0.4,0.7,0.3,0.8,0.4029662,49925,0.043948531259557416
0.8,0.6,0.6,0.6,0.40296987,49925,0.04474352817940403
0.4,0.3,0.3,0.3,0.40296987,49925,0.04474352817940403
0.9,0.2,0.5,0.3,0.40297088,49925,0.04072689989570838
0.6,0.9,0.8,0.5,0.4029804,49925,0.045494837283762316
0.6,0.4,0.1,0.5,0.4029861,49925,0.04073611352802219
0.8,0.9,0.7,0.7,0.40298653,49925,0.04529802121007543
0.5,0.7,0.5,0.5,0.4029884,49925,0.0454560191613011
0.9,0.2,0.1,0.4,0.40299174,49925,0.0375574997436038
0.6,0.7,0.8,0.6,0.4029969,49925,0.04536910821061196
0.4,0.8,0.6,0.3,0.40299818,49925,0.04542112479860678
0.4,0.3,0.2,0.5,0.40300485,49925,0.04370939686963732
0.6,0.6,0.2,0.7,0.40300518,49925,0.04274039152437365
0.5,0.1,0.4,0.1,0.40300745,49925,0.039843538075237134
0.6,0.8,0.3,0.9,0.4030081,49925,0.04347331841241686
0.5,0.9,0.1,0.9,0.40300924,49925,0.03983133375358402
0.3,0.3,0.6,0.4,0.40301868,49925,0.04480069645549228
0.5,0.5,0.7,0.5,0.4030214,49925,0.04513053453543511
0.6,0.8,0.7,0.5,0.4030242,49925,0.045484509899727035
0.4,0.2,0.7,0.4,0.4030251,49925,0.04348935242624105
0.8,0.3,0.2,0.5,0.40302584,49925,0.04124478369330188
0.4,0.8,0.5,0.4,0.40302604,49925,0.045422510913148556
0.9,0.4,0.3,0.7,0.4030307,49925,0.04234279641639188
0.6,0.5,0.6,0.5,0.40303487,49925,0.04498526076976558
0.2,0.5,0.5,0.2,0.40303957,49925,0.04518501816378539
0.8,0.8,0.1,0.8,0.40304562,49925,0.03981237380884141
0.5,0.8,0.8,0.5,0.4030466,49925,0.045502180438469916
0.3,0.7,0.5,0.1,0.4030493,49925,0.045058999179863855
0.6,0.3,0.9,0.6,0.40306136,49925,0.04368429586035918
0.2,0.1,0.3,0.2,0.40306136,49925,0.04368429586035917
0.4,0.2,0.6,0.4,0.40306136,49925,0.04368429586035917
0.4,0.1,0.4,0.1,0.40306342,49925,0.04074704715670993
0.8,0.2,0.8,0.2,0.40306342,49925,0.04074704715670993
0.3,0.5,0.1,0.6,0.40306383,49925,0.04140965095982992
0.2,0.6,0.6,0.2,0.40306473,49925,0.04494940246036647
0.1,0.3,0.3,0.1,0.40306473,49925,0.04494940246036647
0.3,0.9,0.9,0.3,0.40306473,49925,0.04494940246036647
0.3,0.7,0.4,0.2,0.40306875,49925,0.04516107490787691
0.3,0.5,0.3,0.5,0.40306967,49925,0.045124125682577655
0.1,0.7,0.1,0.4,0.4030739,49925,0.0396973742497493
0.3,0.7,0.4,0.3,0.40307438,49925,0.04527779267599391
0.6,0.6,0.5,0.6,0.40307567,49925,0.04517826641053325
0.2,0.4,0.7,0.3,0.40307653,49925,0.044834179628848066
0.4,0.8,0.4,0.9,0.40308172,49925,0.04446240142186713
0.7,0.9,0.8,0.6,0.4030873,49925,0.04546948977948761
0.2,0.7,0.3,0.2,0.4030897,49925,0.04441173482010695
0.9,0.3,0.1,0.5,0.4030914,49925,0.0386014723963395
0.3,0.8,0.4,0.5,0.4030922,49925,0.04498131324195345
0.4,0.9,0.5,0.5,0.40309918,49925,0.04527513472900004
0.5,0.8,0.5,0.9,0.4031013,49925,0.04505142439118114
0.9,0.6,0.6,0.7,0.40310335,49925,0.044460533001856935
0.8,0.7,0.6,0.9,0.40310636,49925,0.044892276252749636
0.9,0.2,0.7,0.1,0.4031099,49925,0.03960842908091485
0.9,0.3,0.9,0.6,0.40311036,49925,0.042745639063064035
0.6,0.2,0.6,0.4,0.40311036,49925,0.042745639063064035
0.3,0.1,0.3,0.2,0.40311036,49925,0.042745639063064035
0.6,0.6,0.4,0.9,0.4031297,49925,0.044392883936862124
0.4,0.6,0.2,0.7,0.40313047,49925,0.04315181281434158
0.1,0.6,0.2,0.3,0.40313545,49925,0.04309878300693995
0.5,0.6,0.3,0.8,0.40313828,49925,0.043974671122450654
0.3,0.8,0.4,0.3,0.4031426,49925,0.04497290480164413
0.4,0.5,0.1,0.6,0.4031444,49925,0.041322360966504774
0.8,0.7,0.9,0.7,0.40314552,49925,0.04503918412821109
0.6,0.6,0.6,0.5,0.403149,49925,0.045236448367931156
0.4,0.5,0.9,0.6,0.4031545,49925,0.045006132324014556
0.7,0.8,0.9,0.7,0.4031549,49925,0.045368035117872386
0.8,0.4,0.3,0.7,0.40315497,49925,0.042790159932423924
0.5,0.9,0.6,0.5,0.40315497,49925,0.0455014911810092
0.7,0.2,0.8,0.3,0.40316644,49925,0.041733948353044927
0.4,0.9,0.6,0.1,0.40316945,49925,0.044984444850288956
0.1,0.9,0.2,0.3,0.40318078,49925,0.04098324772112213
0.5,0.5,0.9,0.6,0.40318242,49925,0.044906933693108886
0.7,0.3,0.7,0.5,0.40318853,49925,0.04341827352578896
0.3,0.7,0.7,0.3,0.4031917,49925,0.045255335725233777
0.9,0.2,0.8,0.2,0.4031956,49925,0.04028854881592194
0.7,0.4,0.8,0.6,0.40320584,49925,0.044127455274158046
0.4,0.3,0.9,0.4,0.40321428,49925,0.04389481747139434
0.2,0.6,0.1,0.6,0.4032192,49925,0.040712869543561576
0.4,0.2,0.7,0.3,0.4032232,49925,0.043221875018103685
0.5,0.8,0.5,0.7,0.403224,49925,0.045285836395082095
0.3,0.9,0.8,0.1,0.40323275,49925,0.044765539322827466
0.3,0.8,0.2,0.7,0.40323755,49925,0.04253479041853891
0.4,0.9,0.7,0.3,0.40323898,49925,0.045345977849992045
0.6,0.9,0.6,0.7,0.4032424,49925,0.04540982917218582
0.4,0.9,0.6,0.3,0.40324277,49925,0.04533109409359177
0.9,0.8,0.7,0.9,0.40325594,49925,0.044999381633532426
0.2,0.3,0.5,0.3,0.40325788,49925,0.045082132996304605
0.7,0.8,0.1,0.9,0.40326414,49925,0.039875392628746086
0.6,0.8,0.6,0.6,0.40326488,49925,0.04546664588758743
0.3,0.4,0.3,0.3,0.40326488,49925,0.04546664588758743
0.3,0.7,0.9,0.4,0.40327254,49925,0.04510809103167434
0.6,0.3,0.7,0.5,0.40328065,49925,0.04379332174801334
0.3,0.5,0.5,0.3,0.4032841,49925,0.04548815619564783
0.5,0.8,0.5,0.8,0.4032936,49925,0.04521095797802116
0.4,0.4,0.3,0.6,0.40330628,49925,0.04469570938037712
0.4,0.6,0.4,0.5,0.40330797,49925,0.04539322129421004
0.5,0.2,0.6,0.4,0.40331453,49925,0.043253436106579314
0.2,0.6,0.7,0.2,0.40332344,49925,0.044844309376500434
0.9,0.5,0.9,0.7,0.4033235,49925,0.04410708023255045
0.7,0.7,0.6,0.6,0.40333077,49925,0.04519695292051383
0.1,0.9,0.2,0.4,0.40333194,49925,0.04101683004590973
0.3,0.4,0.6,0.4,0.403333,49925,0.04520195516434054
0.7,0.6,0.7,0.6,0.40333545,49925,0.04504712538582383
0.7,0.4,0.6,0.5,0.40334257,49925,0.04419590631291008
0.1,0.9,0.2,0.2,0.40336028,49925,0.040842377629744894
0.1,0.8,0.1,0.5,0.40336612,49925,0.03885461665933289
0.3,0.8,0.4,0.6,0.40337077,49925,0.04485847537652792
0.5,0.9,0.7,0.4,0.40337685,49925,0.04550421639591007
0.3,0.8,0.1,0.8,0.40338066,49925,0.03986170083972411
0.7,0.7,0.9,0.7,0.40338564,49925,0.045211730193587096
0.7,0.5,0.2,0.7,0.40338963,49925,0.04233390670887679
0.4,0.6,0.6,0.4,0.403395,49925,0.045504115393616804
0.2,0.3,0.3,0.2,0.403395,49925,0.045504115393616804
0.6,0.9,0.9,0.6,0.403395,49925,0.045504115393616804
0.7,0.7,0.6,0.7,0.40339932,49925,0.045203013898989605
0.4,0.3,0.9,0.3,0.40340224,49925,0.043661288361982645
0.9,0.3,0.4,0.4,0.4034072,49925,0.04216248649142232
0.6,0.6,0.5,0.7,0.40340897,49925,0.04513333925778937
0.7,0.7,0.7,0.6,0.40340993,49925,0.04524745233698267
0.3,0.6,0.7,0.4,0.40341222,49925,0.04534439395917418
0.2,0.5,0.8,0.2,0.40342194,49925,0.0445908020310494
0.1,0.7,0.2,0.2,0.40342337,49925,0.04231703240542577
0.9,0.3,0.3,0.6,0.40342736,49925,0.04187602405696008
0.6,0.2,0.2,0.4,0.40342736,49925,0.04187602405696008
0.3,0.1,0.1,0.2,0.40342736,49925,0.04187602405696008
0.3,0.9,0.8,0.2,0.40342906,49925,0.044910767733393794
0.5,0.7,0.5,0.8,0.40343308,49925,0.045241409102754176
0.7,0.4,0.4,0.5,0.40343696,49925,0.04400271853244228
0.6,0.4,0.3,0.7,0.40343863,49925,0.043697158849896355
0.9,0.6,0.1,0.6,0.40344092,49925,0.03955778626052139
0.7,0.8,0.7,0.6,0.40345216,49925,0.04536527332019066
0.3,0.7,0.4,0.1,0.40345818,49925,0.044936083340629665
0.8,0.7,0.2,0.9,0.4034611,49925,0.04188133683942337
0.7,0.7,0.3,0.9,0.40346128,49925,0.04334047316830127
0.8,0.5,0.5,0.6,0.40346345,49925,0.0442760343776672
0.4,0.9,0.9,0.4,0.40346664,49925,0.04530147667243308
0.6,0.5,0.1,0.6,0.403476,49925,0.04069088455202841
0.8,0.2,0.4,0.3,0.40347874,49925,0.041213211995115025
0.9,0.5,0.4,0.9,0.4034852,49925,0.04333048216180059
0.1,0.9,0.1,0.6,0.4034897,49925,0.038105725412273035
0.8,0.5,0.4,0.9,0.40349734,49925,0.043678188652976256
0.4,0.8,0.9,0.5,0.40349764,49925,0.04535301479438577
0.2,0.6,0.5,0.1,0.4034979,49925,0.04488218849930434
0.4,0.9,0.3,0.9,0.40350056,49925,0.04334666852235432
0.6,0.9,0.6,0.8,0.40350088,49925,0.04536535716300733
0.9,0.7,0.7,0.7,0.40350574,49925,0.04483804294762387
0.4,0.7,0.7,0.4,0.4035173,49925,0.045477131782649734
0.3,0.9,0.1,0.9,0.40351796,49925,0.03932785555815405
0.3,0.8,0.6,0.1,0.40351835,49925,0.04495080940319672
0.1,0.6,0.1,0.4,0.40352142,49925,0.040396830521730424
0.9,0.3,0.6,0.5,0.40352145,49925,0.0426510156448403
0.2,0.4,0.6,0.3,0.4035221,49925,0.04506170972199454
0.3,0.6,0.1,0.7,0.40352407,49925,0.040748923693790594
0.5,0.2,0.2,0.4,0.4035258,49925,0.0426457429989291
0.2,0.3,0.6,0.3,0.4035325,49925,0.04478765329615553
0.6,0.9,0.7,0.6,0.40353262,49925,0.04552551631410155
0.8,0.2,0.8,0.4,0.4035342,49925,0.04168022640132273
0.4,0.1,0.4,0.2,0.4035342,49925,0.04168022640132273
0.7,0.5,0.8,0.6,0.4035364,49925,0.04462955653568584
0.8,0.6,0.3,0.9,0.40353715,49925,0.04303185262409247
0.5,0.3,0.3,0.4,0.40353823,49925,0.04417376420468769
0.6,0.6,0.8,0.6,0.40353853,49925,0.045183130741749955
0.3,0.3,0.4,0.3,0.40353853,49925,0.045183130741749955
0.5,0.5,0.3,0.8,0.40353987,49925,0.043978024847819555
0.5,0.3,0.7,0.5,0.40354013,49925,0.044141418647345165
0.7,0.9,0.7,0.7,0.40354392,49925,0.04546185324521558
0.7,0.7,0.2,0.9,0.4035463,49925,0.042136208327979874
0.7,0.2,0.6,0.4,0.40354928,49925,0.042220945746670686
0.9,0.2,0.7,0.4,0.40355822,49925,0.04124027061082431
0.7,0.2,0.8,0.2,0.4035592,49925,0.041209035993666675
0.6,0.8,0.6,0.9,0.403572,49925,0.04530414500077798
0.9,0.6,0.8,0.7,0.40357777,49925,0.04456567294892848
0.5,0.1,0.4,0.2,0.40357992,49925,0.04082649841674606
0.9,0.7,0.2,0.9,0.40358132,49925,0.04160277444566479
0.5,0.4,0.7,0.5,0.40358844,49925,0.044735640507624894
0.2,0.8,0.3,0.7,0.40358964,49925,0.04345468828023023
0.4,0.7,0.8,0.5,0.40359065,49925,0.045426960943239614
0.8,0.3,0.3,0.6,0.40359813,49925,0.0423853724527672
0.5,0.8,0.6,0.5,0.40360308,49925,0.045542273785049645
0.7,0.2,0.8,0.4,0.40360385,49925,0.04210304381686686
0.5,0.6,0.2,0.7,0.40360874,49925,0.04297684371739554
0.9,0.4,0.7,0.6,0.40361524,49925,0.043570994896428086
0.9,0.2,0.8,0.4,0.40361574,49925,0.04124415957157155
0.5,0.5,0.1,0.6,0.40361682,49925,0.04106715447487596
0.5,0.8,0.3,0.9,0.40361923,49925,0.04357180713107154
0.5,0.5,0.4,0.7,0.40361977,49925,0.04492318119951626
0.4,0.5,0.7,0.5,0.40362275,49925,0.0452761265990235
0.9,0.9,0.9,0.8,0.40362528,49925,0.045254893230667656
0.8,0.5,0.9,0.7,0.40362725,49925,0.044356960519252586
0.8,0.9,0.8,0.7,0.4036287,49925,0.045361715378735463
0.3,0.8,0.4,0.7,0.40363702,49925,0.04470632420220561
0.8,0.5,0.1,0.6,0.4036441,49925,0.0398568268758466
0.5,0.3,0.5,0.4,0.40364906,49925,0.044310930590203176
0.4,0.4,0.5,0.4,0.40365535,49925,0.04523199642569402
0.3,0.3,0.8,0.4,0.4036579,49925,0.044296027530998795
0.3,0.9,0.4,0.8,0.40366685,49925,0.04426455358396682
0.3,0.4,0.9,0.4,0.40366715,49925,0.04454483352256219
0.6,0.2,0.7,0.1,0.40367344,49925,0.04117242980014223
0.8,0.5,0.7,0.6,0.40367997,49925,0.04440658183440534
0.5,0.6,0.6,0.5,0.40368262,49925,0.04546207862967747
0.5,0.8,0.7,0.5,0.40369767,49925,0.04555321504549078
0.2,0.7,0.1,0.7,0.40370587,49925,0.039933437193655726
0.4,0.7,0.4,0.8,0.4037076,49925,0.04480490530004008
0.9,0.6,0.2,0.8,0.40371194,49925,0.041594561139238116
0.6,0.2,0.8,0.3,0.40371242,49925,0.04216085545449872
0.4,0.3,0.9,0.5,0.40371305,49925,0.044028463074100965
0.4,0.7,0.6,0.4,0.403715,49925,0.045541470532792255
0.8,0.5,0.5,0.7,0.40371522,49925,0.04429930377579473
0.7,0.3,0.8,0.6,0.40371555,49925,0.04347816752542192
0.6,0.7,0.7,0.6,0.4037177,49925,0.04544114292399932
0.4,0.6,0.1,0.7,0.40371802,49925,0.04084811826758912
0.9,0.6,0.3,0.9,0.40371913,49925,0.04272284173655248
0.3,0.2,0.1,0.3,0.40371913,49925,0.04272284173655249
0.6,0.4,0.2,0.6,0.40371913,49925,0.04272284173655249
0.5,0.7,0.5,0.6,0.40372324,49925,0.04543590845225276
0.3,0.9,0.7,0.1,0.40373123,49925,0.0448156274485358
0.8,0.8,0.8,0.7,0.40373185,49925,0.04525316010904631
0.4,0.5,0.5,0.4,0.4037361,49925,0.04547499530245249
0.4,0.8,0.3,0.9,0.4037375,49925,0.04354406938741847
0.8,0.8,0.7,0.7,0.40374392,49925,0.045207289836631685
0.2,0.6,0.8,0.2,0.40374854,49925,0.04469634179923139
0.1,0.3,0.4,0.1,0.40374854,49925,0.04469634179923139
0.6,0.6,0.5,0.8,0.40374956,49925,0.045028600145049585
0.2,0.7,0.3,0.6,0.40375164,49925,0.044072587626591005
0.3,0.8,0.4,0.1,0.40375268,49925,0.0446454314942153
0.5,0.6,0.1,0.7,0.40375477,49925,0.040743854059631844
0.4,0.6,0.3,0.8,0.40375647,49925,0.044090837220117966
0.4,0.5,0.4,0.4,0.40376046,49925,0.04544525590235798
0.8,0.8,0.7,0.8,0.40376997,49925,0.04521192459507381
0.4,0.5,0.2,0.6,0.40377155,49925,0.04352539741887226
0.4,0.4,0.1,0.5,0.4037718,49925,0.04173786816623672
0.7,0.7,0.6,0.8,0.4037723,49925,0.04518176519089722
0.7,0.6,0.5,0.9,0.40377617,49925,0.04469691274867855
0.5,0.7,0.3,0.9,0.4037772,49925,0.04367892825103269
0.5,0.9,0.7,0.5,0.40377837,49925,0.04556803758219957
0.5,0.8,0.9,0.6,0.40378538,49925,0.04545935112384609
0.6,0.5,0.4,0.8,0.40378872,49925,0.04447846911637875
0.7,0.5,0.3,0.8,0.40378898,49925,0.04335766521816297
0.5,0.4,0.1,0.5,0.40378985,49925,0.04126429277861829
0.2,0.9,0.1,0.8,0.40379095,49925,0.038879177696390876
0.5,0.4,0.2,0.6,0.40379408,49925,0.04316588347763791
0.4,0.3,0.1,0.4,0.40380162,49925,0.041968295413788145
0.8,0.6,0.2,0.8,0.40380162,49925,0.041968295413788145
0.2,0.6,0.3,0.2,0.4038041,49925,0.0448798442592819
0.3,0.5,0.9,0.5,0.4038076,49925,0.0449518610676387
0.6,0.7,0.2,0.9,0.403812,49925,0.0423155956865066
0.5,0.4,0.4,0.4,0.40382013,49925,0.044891228451421725
0.6,0.8,0.6,0.7,0.40382433,49925,0.045450127723512146
0.6,0.5,0.3,0.8,0.4038276,49925,0.04368084066314588
0.4,0.8,0.2,0.9,0.40383688,49925,0.04227759820700943
0.8,0.6,0.9,0.7,0.4038378,49925,0.04475191144896595
0.8,0.7,0.8,0.7,0.40384266,49925,0.045087702360191446
0.8,0.3,0.4,0.4,0.40384513,49925,0.04271498165986808
0.4,0.1,0.3,0.2,0.40384623,49925,0.04172420782925286
0.8,0.2,0.6,0.4,0.40384623,49925,0.04172420782925286
0.8,0.3,0.8,0.6,0.40385497,49925,0.043132050727286424
0.4,0.9,0.5,0.6,0.40385956,49925,0.04524455802831256
0.8,0.5,0.2,0.7,0.40386117,49925,0.04190824227960819
0.5,0.5,0.6,0.5,0.40386188,49925,0.04525540282537324
0.6,0.9,0.8,0.6,0.40386203,49925,0.045553655121904055
0.4,0.7,0.5,0.4,0.40387323,49925,0.04554069530944846
0.3,0.3,0.8,0.3,0.40387323,49925,0.04412282598804121
0.4,0.7,0.2,0.8,0.40387556,49925,0.042734896082679864
0.8,0.2,0.1,0.4,0.4038787,49925,0.03827029450697065
0.6,0.1,0.4,0.1,0.40388322,49925,0.03896517984274549
0.5,0.7,0.7,0.5,0.40388906,49925,0.045500385087847366
0.9,0.8,0.9,0.8,0.40388915,49925,0.04511519514240284
0.3,0.5,0.4,0.3,0.4038909,49925,0.04556900212544793
0.2,0.4,0.5,0.3,0.40389162,49925,0.04529375159175365
0.3,0.5,0.3,0.6,0.40389922,49925,0.04484674499181557
0.5,0.7,0.5,0.7,0.40390095,49925,0.04535070938557271
0.6,0.6,0.1,0.7,0.403901,49925,0.04052178406804759
0.6,0.2,0.8,0.4,0.40390104,49925,0.04250947604358971
0.3,0.1,0.4,0.2,0.40390104,49925,0.04250947604358971
0.3,0.5,0.2,0.6,0.4039052,49925,0.04364443090908318
0.6,0.8,0.1,0.9,0.403907,49925,0.039963066838772106
0.5,0.6,0.4,0.9,0.40391076,49925,0.044579585222358206
0.6,0.7,0.1,0.8,0.40391806,49925,0.040280257143067495
0.3,0.3,0.8,0.5,0.40391874,49925,0.04438941514151326
0.1,0.5,0.1,0.4,0.40391886,49925,0.04110418102240025
0.2,0.5,0.3,0.1,0.40391916,49925,0.04503511389603295
0.9,0.4,0.5,0.5,0.40392146,49925,0.04331745258491889
0.6,0.7,0.3,0.9,0.40392917,49925,0.043549994930910926
0.4,0.6,0.4,0.6,0.40393314,49925,0.04527932555986366
0.6,0.9,0.6,0.9,0.40393314,49925,0.04527932555986366
0.2,0.3,0.2,0.3,0.40393314,49925,0.04527932555986366
0.3,0.2,0.4,0.3,0.40393472,49925,0.044417525819740615
0.6,0.4,0.8,0.6,0.40393472,49925,0.044417525819740615
0.7,0.8,0.8,0.7,0.4039418,49925,0.04542433704240594
0.6,0.6,0.3,0.9,0.40394303,49925,0.0435547817875125
0.2,0.2,0.1,0.3,0.40394303,49925,0.0435547817875125
0.4,0.4,0.2,0.6,0.40394303,49925,0.0435547817875125
0.1,0.2,0.2,0.1,0.4039433,49925,0.04540955999934679
0.2,0.4,0.4,0.2,0.4039433,49925,0.04540955999934679
0.4,0.8,0.8,0.4,0.4039433,49925,0.04540955999934679
0.3,0.6,0.6,0.3,0.4039433,49925,0.04540955999934679
0.5,0.7,0.2,0.9,0.4039477,49925,0.04245828044276027
0.9,0.9,0.1,0.9,0.40395096,49925,0.039483093881106705
0.8,0.3,0.6,0.5,0.40395516,49925,0.04308314062194321
0.4,0.8,0.1,0.9,0.4039617,49925,0.03989730339978452
0.3,0.6,0.4,0.3,0.40396196,49925,0.045484036938027314
0.3,0.7,0.8,0.4,0.40396562,49925,0.04523255680857394
0.6,0.5,0.2,0.7,0.40397424,49925,0.04269397332303763
0.8,0.5,0.5,0.8,0.40397513,49925,0.04424795087132358
0.3,0.6,0.3,0.7,0.4039815,49925,0.044389589824473344
0.5,0.3,0.9,0.6,0.40398434,49925,0.04392917144878168
0.1,0.8,0.2,0.2,0.40398917,49925,0.04154238848635111
0.4,0.5,0.4,0.6,0.40399495,49925,0.04530509584522464
0.7,0.1,0.3,0.1,0.4039967,49925,0.03779093978278496
0.7,0.9,0.9,0.7,0.40400106,49925,0.04548605326491195
0.3,0.9,0.4,0.9,0.4040025,49925,0.04407155899570115
0.3,0.9,0.4,0.1,0.4040051,49925,0.0443201653243889
0.2,0.5,0.7,0.3,0.4040069,49925,0.04496623285010127
0.9,0.9,0.8,0.8,0.404011,49925,0.04522323598405059
0.1,0.6,0.2,0.4,0.4040152,49925,0.04289959503769952
0.8,0.3,0.1,0.5,0.40401882,49925,0.0392029188704256
0.4,0.7,0.1,0.8,0.40402046,49925,0.040359605310925244
0.7,0.3,0.3,0.6,0.40403965,49925,0.042915512740344205
0.3,0.8,0.9,0.4,0.4040401,49925,0.045100230115911806
0.3,0.4,0.9,0.2,0.40404248,49925,0.04414854768537001
0.4,0.3,0.7,0.5,0.40404266,49925,0.04442950828541177
0.6,0.8,0.8,0.6,0.40404522,49925,0.04549443799164014
0.3,0.4,0.4,0.3,0.40404522,49925,0.04549443799164014
0.9,0.8,0.8,0.8,0.4040468,49925,0.04509316994736632
0.9,0.6,0.6,0.8,0.40404782,49925,0.044483314393402584
0.5,0.9,0.8,0.5,0.40405414,49925,0.045528102766339534
0.9,0.4,0.4,0.8,0.40405437,49925,0.04304976088787903
0.5,0.9,0.9,0.5,0.40405774,49925,0.04545903937923512
0.1,0.7,0.1,0.5,0.40406013,49925,0.03943802596306979
0.6,0.4,0.4,0.5,0.40406194,49925,0.04447610640815087
0.7,0.7,0.8,0.7,0.40406367,49925,0.04527508558608739
0.3,0.5,0.6,0.4,0.40406907,49925,0.045431212557844984
0.7,0.9,0.8,0.7,0.40407002,49925,0.045511678935982416
0.3,0.9,0.7,0.2,0.4040867,49925,0.044978844089805396
0.8,0.8,0.1,0.9,0.40408698,49925,0.039708143389034646
0.6,0.8,0.9,0.7,0.40408713,49925,0.045460590751220255
0.5,0.3,0.9,0.1,0.4040916,49925,0.04263502433781821
0.3,0.3,0.2,0.5,0.40409243,49925,0.04420226741725529
0.7,0.5,0.5,0.6,0.4040956,49925,0.04465176489724471
0.1,0.8,0.1,0.6,0.40409607,49925,0.03861411607518457
0.7,0.5,0.7,0.6,0.40409642,49925,0.04471689194881877
0.2,0.9,0.2,0.7,0.4040971,49925,0.04166179826437119
0.5,0.9,0.6,0.6,0.4040993,49925,0.045513188170333396
0.4,0.6,0.5,0.4,0.40410075,49925,0.04555166446172891
0.9,0.9,0.8,0.9,0.40410087,49925,0.045231672121145365
0.4,0.9,0.5,0.7,0.4041024,49925,0.045163625229515676
0.6,0.6,0.7,0.6,0.40410376,49925,0.04527184919970245
0.5,0.7,0.5,0.9,0.4041057,49925,0.04510787014864507
0.8,0.2,0.3,0.3,0.40410823,49925,0.040941148682074616
0.9,0.2,0.9,0.4,0.40410978,49925,0.04121375332801598
0.8,0.6,0.6,0.7,0.4041228,49925,0.044760485463641385
0.4,0.6,0.9,0.6,0.40412387,49925,0.0452095477050577
0.6,0.4,0.6,0.5,0.40412387,49925,0.044572086630061784
0.8,0.4,0.7,0.6,0.40412906,49925,0.04389931117954595
0.1,0.6,0.2,0.2,0.40412918,49925,0.04310474823353572
0.7,0.7,0.6,0.9,0.40414488,49925,0.045105631749532825
0.8,0.7,0.7,0.7,0.40414542,49925,0.04505516510834344
0.5,0.2,0.7,0.1,0.40415248,49925,0.04171416463117075
0.5,0.6,0.8,0.6,0.40415895,49925,0.045306852215711846
0.7,0.7,0.1,0.8,0.40415984,49925,0.040076354844396915
0.3,0.8,0.6,0.2,0.40416062,49925,0.045142973119802365
0.9,0.5,0.8,0.7,0.40416622,49925,0.04416588952293151
0.3,0.7,0.2,0.7,0.40416878,49925,0.04284024032146169
0.3,0.5,0.8,0.5,0.40417975,49925,0.045109913495062756
0.5,0.6,0.5,0.5,0.4041802,49925,0.045440928683034405
0.2,0.6,0.8,0.1,0.4041853,49925,0.04452912595649985
0.3,0.4,0.8,0.5,0.4041864,49925,0.04485595265323295
0.3,0.7,0.1,0.8,0.40419048,49925,0.040132895220132865
0.6,0.8,0.7,0.6,0.4041959,49925,0.04551846885758783
0.7,0.9,0.9,0.8,0.404198,49925,0.04550909980428273
0.6,0.8,0.8,0.7,0.40420055,49925,0.045525385088118125
0.8,0.8,0.9,0.8,0.40420327,49925,0.045279739879695
0.2,0.7,0.2,0.6,0.40420502,49925,0.042680996084216445
0.5,0.3,0.3,0.5,0.40420935,49925,0.04411898375034073
0.7,0.9,0.7,0.8,0.40422618,49925,0.04545670306676282
0.7,0.6,0.3,0.9,0.4042529,49925,0.043307402633810436
0.4,0.8,0.5,0.5,0.40425327,49925,0.04543507187780163
0.9,0.5,0.6,0.6,0.40425754,49925,0.044071989407765674
0.2,0.7,0.3,0.1,0.40425944,49925,0.04419861276019174
0.2,0.5,0.8,0.3,0.4042655,49925,0.04478617179320779
0.2,0.6,0.3,0.4,0.40427214,49925,0.044861651421009854
0.4,0.6,0.4,0.8,0.4042765,49925,0.044903498610839164
0.2,0.3,0.2,0.4,0.4042765,49925,0.044903498610839164
0.9,0.5,0.1,0.6,0.4042771,49925,0.039413689728599655
0.5,0.7,0.1,0.8,0.4042799,49925,0.040378360425374855
0.2,0.7,0.8,0.2,0.4042829,49925,0.04469678863993352
0.9,0.5,0.5,0.9,0.40428472,49925,0.043872458781442705
0.9,0.6,0.6,0.9,0.40428516,49925,0.04444241077362028
0.3,0.2,0.2,0.3,0.40428516,49925,0.04444241077362028
0.6,0.4,0.4,0.6,0.40428516,49925,0.04444241077362028
0.3,0.8,0.3,0.8,0.4042921,49925,0.04361115283741463
0.8,0.9,0.9,0.8,0.40429595,49925,0.04540643065838691
0.2,0.4,0.3,0.2,0.40430483,49925,0.04552779078498937
0.4,0.8,0.6,0.4,0.40430483,49925,0.04552779078498937
0.3,0.7,0.9,0.5,0.40430585,49925,0.045167033392731364
0.5,0.7,0.6,0.5,0.40430853,49925,0.045543689605497005
0.3,0.7,0.4,0.4,0.40430978,49925,0.045303176798509266
0.7,0.4,0.9,0.7,0.40431052,49925,0.0441082505299853
0.7,0.6,0.6,0.6,0.40431055,49925,0.04502106710243264
0.9,0.3,0.8,0.6,0.40431383,49925,0.04278970681468639
0.3,0.2,0.6,0.1,0.404316,49925,0.04301582430705881
0.7,0.4,0.4,0.7,0.40432227,49925,0.04395563918870135
0.7,0.5,0.1,0.6,0.40432513,49925,0.040281000944664046
0.4,0.4,0.7,0.5,0.40432975,49925,0.0449357886128433
0.2,0.7,0.8,0.1,0.40433177,49925,0.04453507586278743
0.4,0.2,0.7,0.2,0.40433925,49925,0.04281004613655207
0.5,0.4,0.8,0.6,0.40434012,49925,0.044657115301370856
0.9,0.6,0.1,0.7,0.40434766,49925,0.0395399171877117
0.5,0.8,0.1,0.9,0.40435135,49925,0.03998598033079968
0.5,0.7,0.7,0.6,0.4043535,49925,0.04555593030928159
0.6,0.2,0.3,0.3,0.40435627,49925,0.042419818652884196
0.9,0.2,0.3,0.3,0.40437806,49925,0.04025409530432047
0.2,0.7,0.7,0.1,0.40438375,49925,0.044605208269026815
0.8,0.4,0.1,0.6,0.40439877,49925,0.03962205730570951
0.4,0.7,0.9,0.6,0.4044038,49925,0.045358163114640804
0.3,0.8,0.7,0.3,0.40440422,49925,0.04518928498969043
0.2,0.5,0.3,0.2,0.40440926,49925,0.04526472313130388
0.3,0.6,0.9,0.5,0.40441355,49925,0.045096884039625085
0.6,0.5,0.8,0.6,0.40442657,49925,0.04486712070917426
0.4,0.6,0.7,0.5,0.40442812,49925,0.045449194534077975
0.8,0.4,0.5,0.5,0.4044343,49925,0.043771653909120384
0.7,0.5,0.9,0.7,0.4044401,49925,0.044605207392155344
0.2,0.5,0.6,0.3,0.4044453,49925,0.045151454624893846
0.7,0.4,0.5,0.5,0.40445295,49925,0.044203975410949434
0.8,0.8,0.7,0.9,0.4044533,49925,0.045206308119928575
0.9,0.3,0.3,0.7,0.40446305,49925,0.04184401054763996
0.2,0.5,0.8,0.1,0.40446973,49925,0.044361307145517136
0.3,0.4,0.3,0.5,0.4044766,49925,0.04520149658171252
0.9,0.4,0.9,0.7,0.40448147,49925,0.04356974979304329
0.8,0.9,0.8,0.8,0.40448377,49925,0.04538835694878592
0.4,0.9,0.6,0.4,0.4044849,49925,0.045419281342423304
0.2,0.6,0.3,0.3,0.40448546,49925,0.044915043644623905
0.6,0.5,0.5,0.5,0.4044896,49925,0.044971996496809115
0.3,0.3,0.8,0.2,0.40449,49925,0.043811951700386445
0.4,0.9,0.5,0.9,0.4045001,49925,0.044894689740373424
0.9,0.2,0.9,0.3,0.4045017,49925,0.04079348034743602
0.6,0.7,0.9,0.7,0.40450582,49925,0.04532969874012243
0.6,0.3,0.8,0.6,0.40451217,49925,0.04379310119851332
0.9,0.7,0.8,0.8,0.40451786,49925,0.04489580365870261
0.2,0.4,0.2,0.5,0.40451956,49925,0.04425041489695569
0.5,0.7,0.8,0.6,0.40452737,49925,0.04546194982934409
0.8,0.7,0.1,0.8,0.4045297,49925,0.039836612613125495
0.2,0.6,0.3,0.5,0.40453124,49925,0.04468517269625566
0.7,0.1,0.4,0.1,0.40453213,49925,0.038177763857006705
0.3,0.9,0.8,0.3,0.40453398,49925,0.045049267765477394
0.9,0.4,0.1,0.6,0.40453795,49925,0.03912381505439702
0.5,0.4,0.3,0.7,0.4045463,49925,0.04409338986626114
0.4,0.3,0.9,0.2,0.40454707,49925,0.04332371556149065
0.6,0.9,0.7,0.7,0.40455368,49925,0.04555048141479097
0.9,0.7,0.1,0.8,0.404554,49925,0.03955828897847836
0.3,0.7,0.3,0.8,0.40455693,49925,0.043874324514932936
0.9,0.8,0.1,0.9,0.40456158,49925,0.03950561800394543
0.6,0.7,0.6,0.6,0.40457433,49925,0.04542028920579633
0.3,0.8,0.5,0.2,0.40458274,49925,0.045091994841776804
0.4,0.5,0.3,0.8,0.4045831,49925,0.04416278723572788
0.1,0.9,0.2,0.5,0.40458366,49925,0.0409930716514072
0.9,0.7,0.7,0.8,0.40460256,49925,0.04485237910505731
0.5,0.2,0.5,0.4,0.40460443,49925,0.043333483303009505
0.2,0.1,0.1,0.2,0.40460506,49925,0.04346965805493814
0.8,0.4,0.4,0.8,0.40460506,49925,0.04346965805493814
0.6,0.3,0.3,0.6,0.40460506,49925,0.04346965805493814
0.4,0.2,0.2,0.4,0.40460506,49925,0.04346965805493814
0.7,0.8,0.7,0.7,0.40460664,49925,0.045400184937936836
0.3,0.2,0.6,0.4,0.40461034,49925,0.04403403768025528
0.6,0.3,0.6,0.5,0.40461612,49925,0.043884892379442424
0.7,0.9,0.9,0.9,0.40461892,49925,0.04551493314781814
0.8,0.5,0.3,0.9,0.4046198,49925,0.04286172316946123
0.7,0.5,0.3,0.9,0.40462422,49925,0.04319326816004438
0.9,0.3,0.4,0.5,0.40462613,49925,0.04239033999754454
0.4,0.7,0.4,0.9,0.40462843,49925,0.04459998481200294
0.7,0.4,0.1,0.6,0.40462902,49925,0.04011165179556632
0.3,0.5,0.1,0.7,0.40463233,49925,0.04099902362982137
0.5,0.3,0.8,0.6,0.4046393,49925,0.04407444970857983
0.7,0.6,0.1,0.7,0.40463954,49925,0.04022392428788416
0.8,0.4,0.9,0.7,0.4046397,49925,0.0438378061716796
0.2,0.7,0.7,0.2,0.40464327,49925,0.044790894132469714
0.9,0.5,0.3,0.9,0.4046481,49925,0.04250722327983182
0.3,0.6,0.5,0.3,0.40465093,49925,0.04550702789781813
0.9,0.6,0.7,0.7,0.4046584,49925,0.04455199229479525
0.5,0.3,0.6,0.5,0.40466285,49925,0.044275779157267964
0.2,0.9,0.3,0.8,0.4046657,49925,0.042843841470003544
0.3,0.7,0.7,0.4,0.40466696,49925,0.045359258070616804
0.5,0.6,0.5,0.6,0.404671,49925,0.04540365557583781
0.3,0.7,0.6,0.3,0.40467408,49925,0.04539424612896102
0.4,0.8,0.7,0.4,0.4046742,49925,0.045497390049149586
0.3,0.4,0.3,0.4,0.40467882,49925,0.04538051527909284
0.6,0.8,0.6,0.8,0.40467882,49925,0.04538051527909284
0.7,0.3,0.6,0.5,0.4046819,49925,0.043493087747035995
0.4,0.8,0.5,0.6,0.40468428,49925,0.04540427661103071
0.7,0.6,0.2,0.8,0.40468866,49925,0.04228731570824789
0.8,0.8,0.8,0.8,0.4046893,49925,0.0452712094858561
0.7,0.7,0.7,0.7,0.4046893,49925,0.0452712094858561
0.6,0.6,0.6,0.6,0.4046893,49925,0.0452712094858561
0.1,0.1,0.1,0.1,0.4046893,49925,0.0452712094858561
0.5,0.5,0.5,0.5,0.4046893,49925,0.0452712094858561
0.9,0.9,0.9,0.9,0.4046893,49925,0.0452712094858561
0.4,0.4,0.4,0.4,0.4046893,49925,0.0452712094858561
0.3,0.3,0.3,0.3,0.4046893,49925,0.0452712094858561
0.2,0.2,0.2,0.2,0.4046893,49925,0.0452712094858561
0.8,0.6,0.8,0.7,0.40468952,49925,0.044812293024338395
0.5,0.8,0.6,0.6,0.40469334,49925,0.04556176111855738
0.3,0.8,0.8,0.4,0.40469345,49925,0.045208058589923134
0.7,0.2,0.2,0.5,0.40470088,49925,0.04110222313889652
0.9,0.2,0.2,0.5,0.40470174,49925,0.0397744889478554
0.3,0.4,0.9,0.1,0.4047062,49925,0.04381084676237199
0.4,0.9,0.9,0.5,0.40470636,49925,0.045361581845648195
0.4,0.9,0.5,0.8,0.40471208,49925,0.045043932007659236
0.9,0.5,0.2,0.8,0.40471253,49925,0.041419291328857265
0.7,0.3,0.4,0.4,0.40471286,49925,0.043282734299986685
0.2,0.8,0.1,0.8,0.4047171,49925,0.039230176244488144
0.7,0.2,0.8,0.5,0.40471834,49925,0.04236065708831954
0.9,0.4,0.2,0.7,0.40471852,49925,0.041180807050184606
0.6,0.9,0.8,0.7,0.40472224,49925,0.04558601127938328
0.8,0.2,0.8,0.5,0.40472358,49925,0.04197488187600414
0.6,0.3,0.4,0.4,0.40473878,49925,0.04384448169924615
0.6,0.7,0.8,0.7,0.40473998,49925,0.04541056999733454
0.8,0.6,0.1,0.7,0.4047405,49925,0.03989354643437239
0.3,0.6,0.8,0.5,0.40474144,49925,0.04523921469395182
0.2,0.8,0.3,0.1,0.4047417,49925,0.04367432775301095
0.6,0.9,0.9,0.7,0.40474823,49925,0.04555162534339265
0.4,0.5,0.6,0.5,0.40475243,49925,0.04540929910278962
0.7,0.8,0.9,0.8,0.40475252,49925,0.045405210966683186
0.4,0.7,0.3,0.9,0.40475696,49925,0.0437092591480764
0.8,0.2,0.9,0.4,0.40476316,49925,0.04159862077260508
0.3,0.4,0.9,0.5,0.40476692,49925,0.04465638710922893
0.7,0.9,0.7,0.9,0.40476823,49925,0.045397377887173684
0.4,0.2,0.3,0.3,0.4047786,49925,0.043922695623096884
0.8,0.4,0.6,0.6,0.4047786,49925,0.043922695623096884
0.4,0.2,0.5,0.4,0.40478253,49925,0.04383810439589454
0.5,0.6,0.5,0.7,0.4047873,49925,0.04532969259106846
0.3,0.7,0.4,0.5,0.40479785,49925,0.045249042443831176
0.9,0.4,0.5,0.6,0.40479904,49925,0.043447129587359204
0.5,0.3,0.4,0.4,0.40480545,49925,0.04436173293753331
0.1,0.6,0.2,0.5,0.40480623,49925,0.042607563057080945
0.7,0.4,0.7,0.6,0.40481192,49925,0.04424445503252449
0.5,0.5,0.8,0.6,0.40482315,49925,0.04504165094853378
0.2,0.7,0.6,0.1,0.4048236,49925,0.044680229344590296
0.9,0.6,0.9,0.8,0.40482527,49925,0.044596156945266155
0.3,0.3,0.7,0.5,0.40482652,49925,0.0446083756044139
0.1,0.7,0.2,0.5,0.4048285,49925,0.04205367921731646
0.9,0.7,0.9,0.8,0.40483814,49925,0.04488617900030233
0.7,0.5,0.5,0.7,0.4048391,49925,0.044643826736292753
0.7,0.5,0.4,0.9,0.40484202,49925,0.04399910620413459
0.6,0.6,0.2,0.8,0.40484345,49925,0.04256800285206263
0.3,0.3,0.1,0.4,0.40484345,49925,0.04256800285206263
0.3,0.6,0.3,0.8,0.4048449,49925,0.04408984440601839
0.6,0.4,0.7,0.6,0.40484822,49925,0.04453690706863664
0.7,0.9,0.8,0.8,0.40484962,49925,0.04550765523192337
0.4,0.9,0.7,0.4,0.40485343,49925,0.045443651858095804
0.9,0.5,0.7,0.7,0.40486145,49925,0.044192190680127204
0.5,0.2,0.8,0.4,0.40486172,49925,0.04288784486722164
0.8,0.5,0.6,0.6,0.4048647,49925,0.04440165652164943
0.9,0.2,0.6,0.4,0.40486482,49925,0.041218120987701064
0.7,0.3,0.1,0.5,0.40486687,49925,0.03981329504334398
0.4,0.7,0.5,0.5,0.40487316,49925,0.04555130705172705
0.7,0.8,0.7,0.8,0.40487418,49925,0.0453835137835346
0.3,0.8,0.2,0.8,0.40488148,49925,0.042304492052391306
0.8,0.5,0.8,0.7,0.40488595,49925,0.044444174961697315
0.2,0.6,0.3,0.1,0.40488732,49925,0.04464099969002689
0.5,0.7,0.9,0.7,0.40488762,49925,0.045387410900699664
0.6,0.5,0.9,0.7,0.4048929,49925,0.044797441093577105
0.4,0.5,0.4,0.5,0.404894,49925,0.04541185338774644
0.4,0.5,0.8,0.6,0.404895,49925,0.045156668646063915
0.3,0.8,0.4,0.8,0.40489817,49925,0.04453191425915955
0.7,0.6,0.9,0.7,0.40489924,49925,0.044938740682269857
0.2,0.8,0.3,0.8,0.40490353,49925,0.04318092807883337
0.8,0.4,0.3,0.8,0.4049103,49925,0.04268489070863272
0.6,0.7,0.6,0.7,0.4049117,49925,0.0453947449822118
0.8,0.6,0.7,0.7,0.40491223,49925,0.044829822506331884
0.9,0.2,0.4,0.3,0.40491313,49925,0.04059546372761907
0.6,0.8,0.7,0.7,0.40491456,49925,0.04553577715277766
0.1,0.5,0.2,0.3,0.40491492,49925,0.04382781597468327
0.7,0.8,0.7,0.9,0.40491736,49925,0.04534870323649227
0.6,0.6,0.9,0.7,0.40492,49925,0.04510553848706063
0.6,0.3,0.1,0.5,0.40492335,49925,0.0404473330170522
0.1,0.6,0.1,0.5,0.40493032,49925,0.040047700835289184
0.7,0.2,0.3,0.3,0.40493375,49925,0.04166658535538838
0.9,0.6,0.8,0.8,0.40494445,49925,0.044623772137467245
0.4,0.9,0.8,0.4,0.4049469,49925,0.04539774916590484
0.6,0.2,0.7,0.5,0.40495834,49925,0.04286198691776755
0.8,0.7,0.9,0.8,0.40495905,49925,0.045088902907573204
0.5,0.2,0.8,0.3,0.40495992,49925,0.042573632042697054
0.7,0.2,0.1,0.4,0.40496814,49925,0.03904348466829302
0.1,0.8,0.2,0.5,0.40496886,49925,0.04151883059508734
0.2,0.5,0.1,0.6,0.40497276,49925,0.041109987610137226
0.9,0.4,0.5,0.7,0.40497437,49925,0.043510206255612346
0.5,0.6,0.3,0.9,0.40498224,49925,0.04373589743623875
0.9,0.6,0.2,0.9,0.40498546,49925,0.04149013822842326
0.5,0.5,0.2,0.7,0.40498823,49925,0.04302235636876308
0.8,0.9,0.8,0.9,0.40499353,49925,0.04537240975755208
0.2,0.6,0.5,0.2,0.40499437,49925,0.045077769045667855
0.5,0.7,0.6,0.6,0.4049959,49925,0.045553825412962774
0.8,0.2,0.2,0.5,0.40500444,49925,0.04043288514702151
0.6,0.2,0.8,0.5,0.4050048,49925,0.04273976006307307
0.7,0.6,0.7,0.7,0.40501046,49925,0.04508533992058235
0.6,0.1,0.2,0.1,0.40501282,49925,0.03819799530227314
0.2,0.5,0.4,0.2,0.40501744,49925,0.04534588631065317
0.3,0.9,0.9,0.4,0.40501887,49925,0.045075244418612194
0.6,0.1,0.4,0.2,0.4050295,49925,0.04002039972259282
0.3,0.4,0.7,0.5,0.40503204,49925,0.04504685718814029
0.2,0.2,0.4,0.3,0.40503836,49925,0.04481411051919125
0.4,0.4,0.8,0.6,0.40503836,49925,0.04481411051919125
0.6,0.2,0.8,0.2,0.40503848,49925,0.04166945810624116
0.3,0.1,0.4,0.1,0.40503848,49925,0.04166945810624116
0.3,0.9,0.2,0.9,0.40504315,49925,0.04176521782862541
0.7,0.5,0.6,0.6,0.4050453,49925,0.044729722616468896
0.4,0.3,0.5,0.4,0.40504703,49925,0.04471985289606394
0.2,0.8,0.2,0.7,0.40504816,49925,0.04204279652528233
0.3,0.5,0.3,0.7,0.40504915,49925,0.044559660288387586
0.2,0.3,0.4,0.3,0.4050769,49925,0.04536345629733451
0.4,0.6,0.8,0.6,0.4050769,49925,0.04536345629733451
0.2,0.9,0.3,0.1,0.405081,49925,0.04317541050941995
0.6,0.6,0.5,0.9,0.4050833,49925,0.04491574051839419
0.5,0.9,0.6,0.7,0.40509135,49925,0.04548996341617861
0.3,0.8,0.4,0.9,0.40509418,49925,0.044290011214709143
0.4,0.3,0.9,0.6,0.40509668,49925,0.044115826641036554
0.5,0.6,0.7,0.6,0.4050974,49925,0.04541021819119984
0.6,0.8,0.8,0.8,0.4050975,49925,0.04553762110048762
0.3,0.4,0.4,0.4,0.4050975,49925,0.04553762110048762
0.6,0.7,0.6,0.8,0.40509894,49925,0.04535483613168607
0.8,0.7,0.8,0.8,0.40510756,49925,0.04510689148338753
0.9,0.2,0.9,0.5,0.40510798,49925,0.041533372781739936
0.5,0.6,0.5,0.8,0.40510938,49925,0.04522585312410521
0.2,0.7,0.3,0.7,0.4051124,49925,0.043803877369627806
0.6,0.5,0.6,0.6,0.40511402,49925,0.04503809559398943
0.5,0.6,0.6,0.6,0.40512463,49925,0.04547009042438939
0.4,0.4,0.1,0.6,0.40512672,49925,0.041397102147828914
0.9,0.4,0.8,0.7,0.40512732,49925,0.04361202656834121
0.6,0.3,0.9,0.7,0.40512875,49925,0.04376239015205437
0.3,0.9,0.5,0.2,0.40513107,49925,0.04488085775169835
0.6,0.2,0.5,0.4,0.4051399,49925,0.042796109008725776
0.2,0.6,0.7,0.3,0.40514055,49925,0.044972903312140766
0.3,0.7,0.5,0.3,0.40514582,49925,0.04541668951184008
0.2,0.4,0.8,0.3,0.40515122,49925,0.04455899978322607
0.6,0.7,0.6,0.9,0.40516838,49925,0.04527581416878686
0.4,0.5,0.5,0.5,0.40516993,49925,0.04549934925033581
0.1,0.7,0.1,0.6,0.4051793,49925,0.039105291695577166
0.5,0.3,0.1,0.5,0.40518114,49925,0.041071984712098115
0.6,0.3,0.7,0.6,0.4051844,49925,0.04387410889331894
0.5,0.2,0.3,0.3,0.40518644,49925,0.04318669612126552
0.7,0.3,0.2,0.6,0.40518668,49925,0.041795767674829835
0.7,0.2,0.7,0.5,0.40518764,49925,0.04244102484123264
0.5,0.4,0.9,0.7,0.40519017,49925,0.04453906680527411
0.2,0.4,0.1,0.5,0.40519232,49925,0.0420090310745969
0.5,0.8,0.8,0.6,0.4051949,49925,0.04555124054188612
0.2,0.4,0.7,0.4,0.40519702,49925,0.04492074883419374
0.2,0.8,0.9,0.2,0.40520197,49925,0.04455398523301561
0.9,0.7,0.1,0.9,0.40520963,49925,0.03948660468578649
0.9,0.3,0.9,0.7,0.4052108,49925,0.04288347431427255
0.7,0.7,0.1,0.9,0.40521246,49925,0.03992378264120914
0.6,0.5,0.3,0.9,0.40522522,49925,0.04347808727658914
0.9,0.5,0.1,0.7,0.40522915,49925,0.039393204689660434
0.4,0.6,0.6,0.5,0.4052301,49925,0.04557023958208341
0.3,0.5,0.7,0.5,0.40523207,49925,0.04528956885944127
0.8,0.4,0.2,0.7,0.4052344,49925,0.04164414346658208
0.5,0.2,0.7,0.5,0.40523928,49925,0.04326201216512394
0.5,0.6,0.1,0.8,0.4052396,49925,0.04049663265087068
0.2,0.6,0.3,0.6,0.40524024,49925,0.04442462114292949
0.9,0.4,0.3,0.8,0.4052451,49925,0.04227661084385822
0.8,0.3,0.5,0.5,0.40524864,49925,0.043076133815180453
0.2,0.4,0.8,0.2,0.40524888,49925,0.04431651628750417
0.1,0.2,0.4,0.1,0.40524888,49925,0.04431651628750417
0.3,0.5,0.9,0.6,0.4052599,49925,0.04495940567538596
0.5,0.7,0.1,0.9,0.4052613,49925,0.04013830158490606
0.9,0.8,0.9,0.9,0.40526685,49925,0.04513401140442038
0.5,0.6,0.9,0.7,0.40526757,49925,0.045218334303391595
0.9,0.3,0.5,0.5,0.40526775,49925,0.042607271536414526
0.8,0.9,0.9,0.9,0.40527028,49925,0.04542187397277077
0.7,0.3,0.5,0.5,0.40527648,49925,0.04354474279781136
0.9,0.5,0.9,0.8,0.40527785,49925,0.044172613803690385
0.8,0.3,0.4,0.5,0.4052801,49925,0.04290684565209386
0.1,0.5,0.2,0.2,0.40528023,49925,0.043910785278891924
0.3,0.8,0.5,0.1,0.4052831,49925,0.04488959657127357
0.8,0.7,0.1,0.9,0.40528852,49925,0.03972905889672464
0.6,0.2,0.2,0.5,0.40529463,49925,0.04180733239973729
0.3,0.6,0.2,0.7,0.40529537,49925,0.04310712885851707
0.8,0.5,0.7,0.7,0.40529907,49925,0.04448994057566445
0.6,0.4,0.5,0.5,0.40530166,49925,0.04458902082899136
0.7,0.8,0.8,0.8,0.40530336,49925,0.04543396493933319
0.8,0.6,0.9,0.8,0.40530884,49925,0.04480712835274141
0.2,0.6,0.1,0.7,0.4053101,49925,0.04029125738986227
0.7,0.3,0.9,0.7,0.40531346,49925,0.04350011942962378
0.8,0.4,0.5,0.7,0.40531412,49925,0.04389458445985003
0.2,0.6,0.9,0.2,0.4053156,49925,0.044524825553800905
0.4,0.6,0.1,0.8,0.40531647,49925,0.040540976487387505
0.5,0.8,0.7,0.6,0.40531725,49925,0.04560480109717645
0.9,0.3,0.4,0.6,0.40532008,49925,0.04250553941147538
0.7,0.4,0.8,0.7,0.40532136,49925,0.04418852948598509
0.5,0.4,0.6,0.5,0.40532416,49925,0.04487688405880668
0.3,0.7,0.4,0.6,0.40533295,49925,0.045114214020659404
0.4,0.8,0.9,0.6,0.40533388,49925,0.045397237423318644
0.7,0.4,0.2,0.7,0.4053353,49925,0.042094297266640074
0.7,0.6,0.8,0.7,0.40534744,49925,0.04504594792625878
0.5,0.6,0.2,0.8,0.40534908,49925,0.04277737210645797
0.1,0.9,0.1,0.7,0.4053556,49925,0.037864343851533734
0.8,0.3,0.9,0.7,0.4053589,49925,0.043194457377071296
0.2,0.7,0.6,0.2,0.40536168,49925,0.04486019871485692
0.8,0.5,0.8,0.8,0.40536523,49925,0.044491697966041376
0.1,0.5,0.2,0.4,0.4053653,49925,0.043546255437788325
0.8,0.7,0.7,0.8,0.40536797,49925,0.04507812102691105
0.9,0.8,0.8,0.9,0.40537113,49925,0.045108353432383966
0.3,0.6,0.9,0.6,0.4053744,49925,0.045136454614751076
0.1,0.2,0.3,0.2,0.4053744,49925,0.045136454614751076
0.2,0.4,0.6,0.4,0.4053744,49925,0.045136454614751076
0.3,0.4,0.2,0.6,0.4053746,49925,0.04379227264590383
0.4,0.6,0.5,0.5,0.4053747,49925,0.04558191912678621
0.6,0.3,0.5,0.5,0.4053752,49925,0.04397582481709341
0.7,0.9,0.8,0.9,0.4053769,49925,0.04548687606633104
0.7,0.7,0.9,0.8,0.40537795,49925,0.04524947534347363
0.8,0.2,0.9,0.5,0.4053816,49925,0.041900693503367774
0.3,0.7,0.3,0.9,0.40538198,49925,0.043585318272211744
0.7,0.3,0.7,0.6,0.40538302,49925,0.0435381314831754
0.3,0.6,0.4,0.4,0.40538305,49925,0.04550676333872141
0.6,0.7,0.7,0.7,0.40538833,49925,0.04544704449979115
0.2,0.9,0.1,0.9,0.4053912,49925,0.03860535362374848
0.5,0.4,0.1,0.6,0.4053958,49925,0.04104866869303004
0.8,0.2,0.7,0.5,0.40539792,49925,0.041999899080397675
0.2,0.6,0.9,0.3,0.40539846,49925,0.044675457489502475
0.3,0.9,0.5,0.3,0.4054013,49925,0.0450145100036856
0.7,0.4,0.6,0.6,0.40540305,49925,0.04429636098328086
0.6,0.9,0.9,0.8,0.40540534,49925,0.045580618892154014
0.7,0.2,0.9,0.4,0.40540856,49925,0.04196703327483447
0.8,0.3,0.3,0.7,0.40541086,49925,0.042330391784904005
0.3,0.8,0.5,0.3,0.40541255,49925,0.045238263538186455
0.5,0.9,0.9,0.6,0.40542224,49925,0.04552568240687457
0.6,0.7,0.1,0.9,0.4054246,49925,0.040067649282256375
0.5,0.4,0.4,0.5,0.4054251,49925,0.044904475343639116
0.2,0.6,0.2,0.6,0.40542603,49925,0.04311871301065154
0.1,0.3,0.1,0.3,0.40542603,49925,0.04311871301065154
0.3,0.9,0.3,0.9,0.40542603,49925,0.043118713010651545
0.5,0.9,0.8,0.6,0.4054266,49925,0.045582178821417164
0.7,0.2,0.9,0.5,0.40542775,49925,0.0422520475562853
0.7,0.6,0.6,0.7,0.40543738,49925,0.04503151153448299
0.2,0.7,0.9,0.2,0.40543824,49925,0.044558283585099966
0.3,0.8,0.6,0.3,0.40543956,49925,0.045268504482152236
0.7,0.4,0.3,0.8,0.4054444,49925,0.043099228753462226
0.5,0.2,0.8,0.5,0.40544853,49925,0.0430912793654057
0.3,0.8,0.1,0.9,0.4054499,49925,0.039576259632772094
0.2,0.6,0.8,0.3,0.4054578,49925,0.04483990875144846
0.9,0.3,0.2,0.6,0.4054617,49925,0.04068266195302549
0.3,0.2,0.5,0.4,0.40546343,49925,0.04426066317690542
0.6,0.4,0.2,0.7,0.40546468,49925,0.04253872750554086
0.3,0.9,0.6,0.2,0.4054751,49925,0.04498147296411434
0.4,0.8,0.7,0.5,0.40547654,49925,0.04556289869710022
0.7,0.1,0.4,0.2,0.40548182,49925,0.039230987878139945
0.9,0.5,0.8,0.8,0.40548185,49925,0.04423674371448114
0.2,0.3,0.7,0.2,0.4054973,49925,0.044203647055317916
0.4,0.3,0.3,0.4,0.40550917,49925,0.04475892286591502
0.8,0.6,0.6,0.8,0.40550917,49925,0.04475892286591502
0.5,0.5,0.4,0.8,0.40551203,49925,0.04474005401206475
0.9,0.2,0.8,0.5,0.40551567,49925,0.04157511227587131
0.6,0.5,0.7,0.6,0.40551606,49925,0.04498064591413517
0.3,0.7,0.4,0.7,0.405517,49925,0.04493856319059388
0.4,0.8,0.5,0.9,0.4055248,49925,0.04504632741765906
0.8,0.3,0.7,0.6,0.40552828,49925,0.043191450071201655
0.8,0.5,0.9,0.8,0.40553126,49925,0.04441601728639465
0.9,0.2,0.1,0.5,0.4055313,49925,0.03770548874188071
0.9,0.5,0.6,0.7,0.4055375,49925,0.04414121440979869
0.4,0.8,0.5,0.7,0.40554142,49925,0.04532011807227781
0.6,0.4,0.8,0.7,0.405542,49925,0.04445895966015577
0.3,0.4,0.5,0.4,0.40554747,49925,0.0454043696550901
0.8,0.2,0.9,0.3,0.4055508,49925,0.041194566306879246
0.8,0.4,0.8,0.7,0.40555212,49925,0.04391997052027955
0.7,0.5,0.8,0.7,0.40555415,49925,0.0447003253552892
0.4,0.8,0.8,0.5,0.40555823,49925,0.045463314001598296
0.9,0.4,0.6,0.6,0.40556082,49925,0.043568680822499116
0.9,0.4,0.7,0.7,0.4055692,49925,0.04368926029456547
0.8,0.3,0.4,0.6,0.4055746,49925,0.043007517738658844
0.9,0.3,0.1,0.6,0.40557513,49925,0.03860346943341644
0.7,0.2,0.5,0.4,0.40557984,49925,0.04224828120821456
0.9,0.7,0.9,0.9,0.40558702,49925,0.044924030755785965
0.7,0.4,0.5,0.6,0.40559232,49925,0.04425712077455356
0.9,0.7,0.7,0.9,0.40559322,49925,0.044842156647345845
0.8,0.5,0.2,0.8,0.40559354,49925,0.04181922465980858
0.9,0.4,0.4,0.9,0.40559363,49925,0.042981670367595655
0.4,0.7,0.7,0.5,0.40559575,49925,0.0455424756615454
0.4,0.5,0.1,0.7,0.40559602,49925,0.04101321728337331
0.4,0.6,0.3,0.9,0.40559626,49925,0.04381688421493166
0.3,0.7,0.8,0.5,0.40561998,49925,0.045307416930242664
0.6,0.4,0.9,0.7,0.40562227,49925,0.044341282014274355
0.4,0.8,0.5,0.8,0.4056238,49925,0.04519788827226248
0.8,0.1,0.3,0.1,0.4056256,49925,0.036984439261498185
0.3,0.9,0.7,0.3,0.40563342,49925,0.0451023890318435
0.4,0.3,0.8,0.6,0.40563488,49925,0.044300638426786214
0.5,0.9,0.6,0.8,0.40564582,49925,0.045418781975549834
0.5,0.5,0.3,0.9,0.405646,49925,0.043714163177127535
0.8,0.4,0.7,0.7,0.40564853,49925,0.04399405691633149
0.4,0.9,0.6,0.5,0.40565407,49925,0.045461287110186155
0.3,0.8,0.3,0.9,0.40565765,49925,0.04335766242705811
0.5,0.6,0.2,0.9,0.40566105,49925,0.042523394606658056
0.8,0.3,0.6,0.6,0.40566388,49925,0.04325261563772796
0.8,0.8,0.9,0.9,0.40566537,49925,0.04529695166571341
0.8,0.3,0.2,0.6,0.40566957,49925,0.041229823907405386
0.2,0.5,0.2,0.6,0.40567026,49925,0.04347388470476357
0.4,0.3,0.6,0.5,0.40567133,49925,0.04461671136075476
0.2,0.3,0.7,0.3,0.40567538,49925,0.04444113320151726
0.6,0.6,0.8,0.7,0.40567827,49925,0.045227941275094594
0.6,0.6,0.6,0.7,0.40568748,49925,0.045284005753829085
0.4,0.4,0.9,0.7,0.40569034,49925,0.044657058532243596
0.6,0.9,0.7,0.8,0.40569162,49925,0.04553145811593977
0.7,0.1,0.2,0.1,0.40569448,49925,0.0371782994737665
0.6,0.5,0.4,0.9,0.40569854,49925,0.04428313039900532
0.6,0.5,0.5,0.6,0.40571347,49925,0.04498710458718719
0.3,0.3,0.9,0.4,0.40572065,49925,0.04401342187075144
0.4,0.7,0.2,0.9,0.40572354,49925,0.04246250599739019
0.8,0.5,0.5,0.9,0.40572688,49925,0.04415238448216845
0.6,0.9,0.8,0.8,0.40573233,49925,0.04559211383930752
0.6,0.3,0.4,0.5,0.40573356,49925,0.04394277198039569
0.5,0.4,0.5,0.5,0.40573722,49925,0.044975232303300396
0.6,0.6,0.2,0.9,0.4057449,49925,0.04235446280440402
0.5,0.9,0.7,0.6,0.4057469,49925,0.04559360621487433
0.7,0.5,0.9,0.8,0.40574935,49925,0.04464642308626491
0.5,0.7,0.7,0.7,0.40575123,49925,0.045562376798776706
0.7,0.3,0.4,0.5,0.40575334,49925,0.0434388656515307
0.8,0.6,0.2,0.9,0.40575975,49925,0.04184317667308378
0.7,0.7,0.7,0.8,0.4057607,49925,0.04528731329969011
0.3,0.3,0.5,0.4,0.40576816,49925,0.04502399788457795
0.2,0.9,0.2,0.8,0.4057742,49925,0.04144439254631263
0.3,0.2,0.3,0.3,0.40577915,49925,0.04463771121979489
0.6,0.4,0.6,0.6,0.40577915,49925,0.04463771121979489
0.9,0.6,0.9,0.9,0.40577915,49925,0.04463771121979489
0.3,0.6,0.6,0.4,0.40578127,49925,0.04548373087703639
0.9,0.4,0.9,0.8,0.4057813,49925,0.04365342130095193
0.9,0.2,0.3,0.4,0.4057843,49925,0.04066495535795703
0.6,0.4,0.1,0.6,0.40578488,49925,0.04060276841371438
0.2,0.7,0.9,0.3,0.40578538,49925,0.0447047132556953
0.5,0.5,0.9,0.7,0.40578654,49925,0.04493544104981213
0.9,0.6,0.1,0.8,0.4057912,49925,0.03948988570341033
0.2,0.8,0.8,0.1,0.40579438,49925,0.044481097140469876
0.4,0.6,0.4,0.9,0.40579453,49925,0.04466889277161708
0.5,0.5,0.5,0.6,0.4057985,49925,0.04527942119204718
0.2,0.7,0.3,0.8,0.40580377,49925,0.04350411769984168
0.6,0.8,0.9,0.8,0.40580738,49925,0.04548685851485409
0.2,0.6,0.6,0.3,0.4058128,49925,0.04512109161183175
0.5,0.1,0.3,0.2,0.40581462,49925,0.040729150518503066
0.8,0.4,0.5,0.6,0.40581632,49925,0.04387523679322493
0.9,0.6,0.7,0.8,0.40581816,49925,0.04459319734833589
0.4,0.3,0.4,0.4,0.4058201,49925,0.04486247178515437
0.3,0.5,0.5,0.4,0.4058201,49925,0.045564284549562316
0.8,0.6,0.8,0.8,0.4058201,49925,0.04486247178515437
0.2,0.6,0.9,0.1,0.40582985,49925,0.04431594004515018
0.2,0.5,0.7,0.4,0.40583333,49925,0.04506889173507592
0.6,0.6,0.1,0.8,0.4058379,49925,0.04033269649450379
0.4,0.5,0.4,0.7,0.4058427,49925,0.04512598663181355
0.9,0.5,0.2,0.9,0.40584475,49925,0.04131128899025825
0.5,0.4,0.7,0.6,0.4058561,49925,0.044809337689417306
0.9,0.5,0.7,0.8,0.4058564,49925,0.044242993651403675
0.8,0.2,0.5,0.4,0.40586245,49925,0.041709337442651706
0.5,0.9,0.6,0.9,0.40586826,49925,0.04534320583329661
0.3,0.4,0.1,0.6,0.40587172,49925,0.04162303631636338
0.5,0.5,0.1,0.7,0.40587595,49925,0.04081940643208855
0.7,0.6,0.1,0.8,0.4058803,49925,0.040083224194841345
0.8,0.4,0.9,0.8,0.40589237,49925,0.04390017568988371
0.1,0.4,0.4,0.1,0.4058929,49925,0.04462460594124244
0.2,0.8,0.8,0.2,0.4058929,49925,0.04462460594124244
0.3,0.8,0.9,0.5,0.40589333,49925,0.04518882378708027
0.7,0.8,0.8,0.9,0.40589508,49925,0.045413642338189265
0.3,0.5,0.8,0.6,0.40589947,49925,0.04513060024903459
0.4,0.7,0.6,0.5,0.4059,49925,0.04559801170326845
0.8,0.7,0.7,0.9,0.4059034,49925,0.04506870567117471
0.9,0.4,0.6,0.7,0.40590534,49925,0.04366218541218982
0.7,0.5,0.5,0.8,0.40590864,49925,0.04456162942754764
0.8,0.5,0.6,0.7,0.40591252,49925,0.04445283902641741
0.7,0.7,0.8,0.8,0.40591252,49925,0.04529599576555676
0.3,0.2,0.7,0.3,0.40591964,49925,0.04352928046046463
0.7,0.3,0.3,0.7,0.40592164,49925,0.0428211270013259
0.3,0.7,0.5,0.4,0.40592295,49925,0.045472727937544345
0.6,0.4,0.3,0.8,0.40592366,49925,0.04348703559606521
0.6,0.3,0.2,0.6,0.4059304,49925,0.04234714761789096
0.6,0.2,0.1,0.4,0.40593404,49925,0.03985906068645727
0.6,0.1,0.5,0.2,0.40593714,49925,0.04008279268325825
0.5,0.7,0.8,0.7,0.4059382,49925,0.04548121848615947
0.4,0.7,0.8,0.6,0.405941,49925,0.04546652899132628
0.8,0.5,0.1,0.7,0.40594214,49925,0.03977805232237942
0.6,0.8,0.7,0.8,0.4059457,49925,0.0455132146190961
0.2,0.8,0.1,0.9,0.405947,49925,0.03891676960087241
0.5,0.2,0.4,0.4,0.40594903,49925,0.04343623508143203
0.2,0.3,0.1,0.4,0.4059502,49925,0.04289248202043031
0.4,0.6,0.2,0.8,0.4059502,49925,0.04289248202043031
0.2,0.7,0.7,0.3,0.40595716,49925,0.04491600890655706
0.3,0.3,0.8,0.1,0.4059586,49925,0.04340322417675579
0.7,0.6,0.6,0.8,0.40596414,49925,0.045035759641442324
0.5,0.3,0.5,0.5,0.40596443,49925,0.044399057868788054
0.3,0.5,0.4,0.4,0.4059657,49925,0.04560717336705313
0.6,0.4,0.4,0.7,0.40597257,49925,0.04434043693724265
0.5,0.4,0.2,0.7,0.40597308,49925,0.0429347830761986
0.4,0.9,0.8,0.5,0.40598422,49925,0.04546111692357591
0.3,0.8,0.2,0.9,0.405989,49925,0.042034826150677204
0.7,0.5,0.7,0.7,0.40599382,49925,0.04478380899077901
0.9,0.3,0.7,0.6,0.40600404,49925,0.042824849275249675
0.6,0.9,0.7,0.9,0.40600565,49925,0.045482295229937804
0.2,0.5,0.8,0.4,0.4060087,49925,0.0448764488235355
0.2,0.9,0.4,0.6,0.40601063,49925,0.04417397285581183
0.4,0.8,0.6,0.5,0.40601638,49925,0.04557130328263096
0.4,0.7,0.5,0.6,0.4060186,49925,0.04551027361024503
0.5,0.5,0.2,0.8,0.4060194,49925,0.04277120808201246
0.3,0.7,0.4,0.8,0.40602225,49925,0.04472649688841226
0.3,0.4,0.3,0.6,0.40602276,49925,0.044928071066991565
0.2,0.5,0.5,0.3,0.4060232,49925,0.04533036740941515
0.3,0.6,0.1,0.8,0.40602392,49925,0.04037132416419028
0.6,0.9,0.9,0.9,0.4060305,49925,0.045575458010445644
0.4,0.6,0.6,0.6,0.4060305,49925,0.045575458010445644
0.2,0.3,0.3,0.3,0.4060305,49925,0.045575458010445644
0.9,0.3,0.3,0.8,0.40603334,49925,0.0417633868429272
0.6,0.5,0.8,0.7,0.40603518,49925,0.04492089319350009
0.8,0.8,0.8,0.9,0.40603527,49925,0.045288384989882045
0.2,0.5,0.3,0.3,0.40603572,49925,0.04532469558095321
0.3,0.9,0.6,0.1,0.40603843,49925,0.04480401984513127
0.4,0.4,0.3,0.7,0.40603992,49925,0.04442602623796263
0.6,0.6,0.7,0.7,0.4060402,49925,0.045295142814252044
0.3,0.6,0.7,0.5,0.40604153,49925,0.04538210926537476
0.2,0.7,0.9,0.1,0.40604538,49925,0.04442703831710863
0.3,0.7,0.2,0.8,0.40604833,49925,0.04255670630135532
0.4,0.7,0.1,0.9,0.40605205,49925,0.040066788538618114
0.5,0.8,0.6,0.8,0.4060559,49925,0.04547374177531459
0.2,0.3,0.6,0.4,0.40605915,49925,0.04482986613532326
0.5,0.7,0.6,0.7,0.40606263,49925,0.04552220294011442
0.4,0.9,0.7,0.5,0.40607157,49925,0.04550815619602677
0.6,0.8,0.7,0.9,0.40607312,49925,0.04545421564951443
0.8,0.5,0.2,0.9,0.4060759,49925,0.04168922728806775
0.2,0.2,0.6,0.3,0.4060809,49925,0.04409260747753405
0.9,0.2,0.5,0.4,0.40608433,49925,0.041175753256932825
0.7,0.5,0.2,0.8,0.40608546,49925,0.0421936343736844
0.4,0.5,0.3,0.9,0.4060871,49925,0.043857804644183485
0.9,0.2,0.9,0.6,0.40609,49925,0.04179196412230997
0.3,0.9,0.5,0.4,0.4061072,49925,0.04508395021576976
0.7,0.6,0.2,0.9,0.406112,49925,0.04212779035481263
0.8,0.1,0.4,0.1,0.4061126,49925,0.03743262382537976
0.2,0.9,0.4,0.5,0.40611306,49925,0.044265671912293025
0.5,0.8,0.9,0.7,0.40611318,49925,0.04549773777371611
0.3,0.3,0.9,0.5,0.40611842,49925,0.04414284088725172
0.7,0.4,0.9,0.8,0.4061194,49925,0.04414727727015186
0.3,0.8,0.5,0.4,0.40612468,49925,0.04530064969106308
0.5,0.4,0.8,0.7,0.40613142,49925,0.04468512521137303
0.9,0.4,0.5,0.8,0.4061352,49925,0.04352195621866823
0.5,0.8,0.6,0.7,0.40613714,49925,0.045534972160216874
0.2,0.9,0.4,0.7,0.40614158,49925,0.044043653315859854
0.2,0.9,0.3,0.9,0.4061436,49925,0.04261686462536659
0.5,0.3,0.7,0.6,0.40614888,49925,0.04418618755963382
0.2,0.4,0.1,0.6,0.40614972,49925,0.04146103195883183
0.2,0.7,0.2,0.7,0.40614986,49925,0.042403003852707094
0.2,0.6,0.4,0.1,0.4061518,49925,0.04491099348325866
0.5,0.8,0.8,0.7,0.40615597,49925,0.045582112252912074
0.7,0.3,0.4,0.6,0.40616083,49925,0.043490441784142984
0.9,0.5,0.6,0.8,0.40617448,49925,0.044168079160318556
0.5,0.3,0.9,0.7,0.40617794,49925,0.04397860134033829
0.5,0.5,0.6,0.6,0.40618533,49925,0.04529339649473335
0.4,0.5,0.9,0.7,0.40618625,49925,0.04501267976755823
0.8,0.6,0.6,0.9,0.40618968,49925,0.04470362500473402
0.4,0.9,0.9,0.6,0.4061936,49925,0.04541396935200749
0.7,0.4,0.4,0.8,0.40619734,49925,0.04385514284286305
0.8,0.6,0.1,0.8,0.4061976,49925,0.039798884381586394
0.7,0.5,0.1,0.7,0.4062069,49925,0.04017524370394518
0.3,0.7,0.6,0.4,0.40621153,49925,0.04546401120483535
0.2,0.7,0.5,0.1,0.40621555,49925,0.04471660990353994
0.4,0.7,0.9,0.7,0.40621918,49925,0.045360983799842984
0.8,0.4,0.4,0.9,0.4062214,49925,0.04335588184779546
0.5,0.3,0.2,0.6,0.40622422,49925,0.04290041758996227
0.9,0.2,0.3,0.5,0.40622568,49925,0.04087830897579173
0.2,0.5,0.9,0.2,0.40622768,49925,0.0443510311629276
0.5,0.9,0.9,0.7,0.406228,49925,0.04555576513346379
0.7,0.3,0.6,0.6,0.40623078,49925,0.043616897652784085
0.6,0.5,0.5,0.7,0.40624186,49925,0.04496236321506697
0.4,0.4,0.6,0.5,0.40626383,49925,0.045114912477008134
0.3,0.5,0.3,0.8,0.40626538,49925,0.04421322123496591
0.2,0.6,0.3,0.7,0.4062715,49925,0.044109533511825505
0.6,0.5,0.1,0.7,0.40627775,49925,0.040508832298692954
0.5,0.8,0.7,0.7,0.4062779,49925,0.04561170304691779
0.8,0.2,0.1,0.5,0.40628865,49925,0.0383572274780236
0.6,0.7,0.7,0.8,0.406289,49925,0.0454282647907295
0.8,0.2,0.3,0.4,0.4062933,49925,0.041314128234102
0.7,0.2,0.4,0.4,0.40629467,49925,0.04225239744375751
0.6,0.5,0.2,0.8,0.40629858,49925,0.042519477107594884
0.5,0.5,0.7,0.6,0.40630004,49925,0.045184271593370816
0.6,0.7,0.8,0.8,0.40631214,49925,0.04543116349321262
0.2,0.8,0.7,0.1,0.40632042,49925,0.044521228434539616
0.3,0.6,0.4,0.6,0.40632254,49925,0.04531575509875828
0.4,0.4,0.4,0.5,0.4063228,49925,0.045265503617870254
0.7,0.4,0.7,0.7,0.40632752,49925,0.044294600626633124
0.8,0.4,0.6,0.7,0.40633163,49925,0.04399586207102449
0.7,0.8,0.9,0.9,0.4063378,49925,0.04542281616414016
0.1,0.2,0.4,0.2,0.4063387,49925,0.04470276260028181
0.2,0.4,0.8,0.4,0.4063387,49925,0.04470276260028181
0.9,0.4,0.1,0.7,0.40633935,49925,0.03910276064401023
0.7,0.3,0.1,0.6,0.40634564,49925,0.03971904444426896
0.4,0.2,0.7,0.5,0.40634912,49925,0.043591869685273364
0.3,0.2,0.7,0.4,0.40636194,49925,0.04377468979653831
0.2,0.8,0.9,0.1,0.40636227,49925,0.04441724706886386
0.2,0.6,0.4,0.2,0.40637287,49925,0.0451124490930674
0.3,0.9,0.6,0.3,0.40637287,49925,0.045112449093067414
0.1,0.3,0.2,0.1,0.40637287,49925,0.0451124490930674
0.2,0.4,0.8,0.1,0.40637776,49925,0.04397846219887734
0.5,0.8,0.6,0.9,0.40638867,49925,0.0453791517756092
0.9,0.2,0.7,0.5,0.40639967,49925,0.04158289440598929
0.7,0.6,0.9,0.8,0.4064054,49925,0.044999807514919
0.1,0.8,0.2,0.6,0.40640733,49925,0.04133715632074258
0.2,0.8,0.7,0.2,0.40640798,49925,0.04467857614365605
0.3,0.1,0.2,0.2,0.40640992,49925,0.04285917201501039
0.9,0.3,0.6,0.6,0.40640992,49925,0.04285917201501039
0.6,0.2,0.4,0.4,0.40640992,49925,0.04285917201501039
0.7,0.1,0.5,0.2,0.40641254,49925,0.039387746165016335
0.3,0.7,0.9,0.6,0.4064207,49925,0.04522166628056679
0.6,0.2,0.9,0.5,0.40642217,49925,0.0425873942486393
0.8,0.2,0.9,0.6,0.40642315,49925,0.0421322410159924
0.7,0.7,0.7,0.9,0.4064351,49925,0.045252598338468016
0.5,0.4,0.4,0.6,0.40643847,49925,0.04484239659592046
0.6,0.5,0.9,0.8,0.40644112,49925,0.044822142589076776
0.9,0.4,0.3,0.9,0.40644625,49925,0.04217199808685287
0.4,0.5,0.2,0.7,0.4064483,49925,0.04324522713944871
0.5,0.6,0.7,0.7,0.40644956,49925,0.045448959574962776
0.3,0.9,0.8,0.4,0.4064498,49925,0.04515522527110485
0.6,0.7,0.9,0.8,0.40645242,49925,0.0453440480109258
0.4,0.3,0.3,0.5,0.40646008,49925,0.04463446852818128
0.3,0.8,0.7,0.4,0.40646315,49925,0.04532219797426601
0.2,0.9,0.4,0.8,0.4064659,49925,0.04385525676497959
0.4,0.9,0.6,0.6,0.406469,49925,0.04546461520412108
0.2,0.6,0.9,0.4,0.40646935,49925,0.04477996900459557
0.4,0.3,0.1,0.5,0.40647042,49925,0.04166700426285094
0.9,0.1,0.1,0.3,0.40647134,49925,0.03548343450861058
0.8,0.7,0.8,0.9,0.4064722,49925,0.04512169433136997
0.1,0.4,0.5,0.1,0.40647614,49925,0.044457154202018234
0.7,0.2,0.3,0.4,0.40647715,49925,0.04199775686486518
0.9,0.2,0.9,0.2,0.4064806,49925,0.04022657326685791
0.2,0.5,0.9,0.4,0.40648484,49925,0.04467973825270954
0.4,0.6,0.9,0.7,0.40648678,49925,0.045218585359249275
0.5,0.9,0.7,0.7,0.4064952,49925,0.04560228504882067
0.2,0.7,0.8,0.3,0.40650505,49925,0.04482573860696447
0.8,0.3,0.8,0.7,0.4065081,49925,0.04325559820953163
0.9,0.5,0.9,0.9,0.40651628,49925,0.044232681120468166
0.2,0.6,0.2,0.7,0.4065185,49925,0.04275797586481237
0.4,0.2,0.8,0.4,0.4065249,49925,0.043229892261131324
0.2,0.1,0.4,0.2,0.4065249,49925,0.043229892261131324
0.5,0.6,0.5,0.9,0.40652597,49925,0.045076689862977214
0.9,0.4,0.8,0.8,0.40652716,49925,0.04371167382257435
0.2,0.7,0.4,0.2,0.40653315,49925,0.0448377703086284
0.7,0.4,0.6,0.7,0.4065337,49925,0.04434597194683917
0.3,0.7,0.1,0.9,0.40654576,49925,0.03980477182954619
0.1,0.4,0.1,0.4,0.40654886,49925,0.04176654256342641
0.2,0.8,0.2,0.8,0.40654886,49925,0.04176654256342641
0.6,0.3,0.8,0.7,0.4065498,49925,0.04383997639927261
0.5,0.2,0.1,0.4,0.4065505,49925,0.0406765966957286
0.9,0.6,0.8,0.9,0.4065536,49925,0.04464953372325623
0.3,0.4,0.9,0.6,0.40655452,49925,0.04468876788965421
0.1,0.9,0.2,0.1,0.40655768,49925,0.04052649071727803
0.4,0.2,0.6,0.5,0.40655997,49925,0.04377308749252285
0.2,0.7,0.1,0.8,0.40656286,49925,0.03957155740232639
0.5,0.3,0.4,0.5,0.40656444,49925,0.044439131678554726
0.3,0.6,0.4,0.5,0.40657514,49925,0.045446698066088614
0.8,0.6,0.9,0.9,0.40657723,49925,0.044845442072738384
0.4,0.7,0.6,0.6,0.40657964,49925,0.045628828221583685
0.8,0.2,0.6,0.5,0.40659052,49925,0.042011306020259015
0.4,0.7,0.5,0.7,0.40659145,49925,0.04542830569518233
0.7,0.3,0.8,0.7,0.4065923,49925,0.04356994272984705
0.3,0.9,0.5,0.1,0.40659475,49925,0.04466684806075748
0.3,0.9,0.5,0.5,0.4065967,49925,0.0450954536468783
0.3,0.3,0.1,0.5,0.4066012,49925,0.0421145827319682
0.5,0.2,0.2,0.5,0.40660268,49925,0.042515959809052026
0.2,0.8,0.6,0.1,0.406605,49925,0.044562140176123206
0.8,0.5,0.6,0.8,0.40660962,49925,0.04447577631063572
0.1,0.5,0.1,0.5,0.4066107,49925,0.04064220118513046
0.3,0.6,0.5,0.4,0.40662163,49925,0.045585423276223155
0.9,0.7,0.8,0.9,0.40662435,49925,0.04491635179246149
0.7,0.5,0.2,0.9,0.4066251,49925,0.04200487242959035
0.4,0.6,0.7,0.6,0.40663046,49925,0.04547622997009116
0.4,0.3,0.2,0.6,0.40663317,49925,0.043390535468783936
0.7,0.5,0.8,0.8,0.40663642,49925,0.04474203486205507
0.5,0.6,0.6,0.7,0.40663874,49925,0.045441658302583024
0.4,0.4,0.2,0.7,0.40663922,49925,0.04322855428161527
0.1,0.9,0.2,0.6,0.4066427,49925,0.04086362137078152
0.4,0.1,0.2,0.2,0.40664363,49925,0.04164851498538026
0.8,0.2,0.4,0.4,0.40664363,49925,0.04164851498538026
0.5,0.1,0.5,0.3,0.40665662,49925,0.04140803114875628
0.6,0.6,0.1,0.9,0.4066577,49925,0.04009367222755403
0.2,0.6,0.8,0.4,0.40666306,49925,0.04495028829346745
0.1,0.3,0.4,0.2,0.40666306,49925,0.04495028829346745
0.5,0.7,0.6,0.8,0.40666747,49925,0.0454664599629212
0.2,0.5,0.9,0.3,0.40666765,49925,0.04455526358825502
0.9,0.5,0.8,0.9,0.40666854,49925,0.04426750664340406
0.6,0.3,0.1,0.6,0.40666923,49925,0.04027159769922811
0.2,0.9,0.8,0.1,0.40667245,49925,0.04438024459568033
0.6,0.9,0.8,0.9,0.40667835,49925,0.0455658186432976
0.9,0.5,0.6,0.9,0.4066944,49925,0.044143385358682403
0.6,0.5,0.7,0.7,0.40669814,49925,0.0450146280610416
0.5,0.9,0.8,0.7,0.40670326,49925,0.0456138114750832
0.6,0.2,0.6,0.5,0.40670508,49925,0.04293555192976873
0.5,0.4,0.3,0.8,0.406707,49925,0.04384571474206185
0.7,0.2,0.6,0.5,0.4067084,49925,0.04247663564023928
0.3,0.9,0.9,0.5,0.40670896,49925,0.045158566468718735
0.8,0.7,0.9,0.9,0.40670934,49925,0.04511279736737464
0.9,0.1,0.4,0.1,0.4067236,49925,0.0367508158719629
0.3,0.5,0.2,0.7,0.4067281,49925,0.043301060201906785
0.9,0.2,0.8,0.1,0.40672922,49925,0.03959886677763529
0.7,0.7,0.8,0.9,0.4067298,49925,0.04528204766348033
0.8,0.2,0.3,0.5,0.40673247,49925,0.04148576459582275
0.8,0.5,0.9,0.9,0.40673438,49925,0.044449271655023485
0.4,0.7,0.7,0.6,0.40673625,49925,0.04557497890201107
0.5,0.1,0.5,0.2,0.40673742,49925,0.04076530438552227
0.6,0.6,0.6,0.8,0.40673783,49925,0.04523917556120997
0.3,0.3,0.3,0.4,0.40673783,49925,0.04523917556120997
0.3,0.8,0.6,0.4,0.40674126,49925,0.045374354058188966
0.8,0.1,0.4,0.2,0.4067413,49925,0.03851391840875797
0.6,0.2,0.9,0.4,0.40674362,49925,0.04233259570352023
0.4,0.5,0.5,0.6,0.40674606,49925,0.04545795477514757
0.6,0.7,0.7,0.9,0.40674806,49925,0.04539484538348479
0.8,0.1,0.2,0.1,0.40675184,49925,0.036260276511647156
0.9,0.4,0.2,0.8,0.4067521,49925,0.04111394483487238
0.8,0.2,0.8,0.1,0.40675622,49925,0.040053242082266946
0.9,0.3,0.4,0.7,0.40675706,49925,0.04253873344747388
0.8,0.3,0.3,0.8,0.40676042,49925,0.04221458787593077
0.2,0.5,0.3,0.4,0.40676066,49925,0.04521550381661813
0.8,0.3,0.1,0.6,0.40676656,49925,0.039165449269821836
0.4,0.7,0.5,0.8,0.40676963,49925,0.04529227755746022
0.5,0.8,0.8,0.8,0.40677002,49925,0.045581047211403596
0.4,0.7,0.5,0.9,0.4067706,49925,0.04513771910487806
0.3,0.9,0.6,0.4,0.4067741,49925,0.04521644156488143
0.9,0.3,0.8,0.7,0.40677947,49925,0.04292215028145707
0.4,0.3,0.7,0.6,0.40678164,49925,0.04444253664438169
0.8,0.5,0.7,0.8,0.4067828,49925,0.04452920057660918
0.2,0.3,0.2,0.5,0.40679327,49925,0.04441403006752116
0.3,0.3,0.2,0.6,0.40679502,49925,0.043765414814383605
0.3,0.2,0.7,0.2,0.40679568,49925,0.043155143049251436
0.1,0.7,0.2,0.6,0.40679657,49925,0.041806310091056544
0.2,0.9,0.9,0.1,0.4067998,49925,0.044362578633079935
0.3,0.4,0.8,0.6,0.4068079,49925,0.04485657766443771
0.4,0.5,0.7,0.6,0.40680847,49925,0.04528984636575198
0.5,0.2,0.6,0.5,0.40681404,49925,0.043387321932745915
0.3,0.3,0.6,0.5,0.40681633,49925,0.04482460735132679
0.3,0.6,0.8,0.6,0.4068201,49925,0.04526950048050425
0.4,0.6,0.5,0.6,0.40682182,49925,0.04553703753079551
0.5,0.3,0.3,0.6,0.40682268,49925,0.04397233076720487
0.8,0.4,0.3,0.9,0.4068264,49925,0.04254689772690487
0.4,0.4,0.7,0.6,0.40683007,49925,0.044976242536755764
0.7,0.2,0.8,0.6,0.40683407,49925,0.04255407295832124
0.2,0.3,0.7,0.4,0.4068382,49925,0.04457450331050576
0.6,0.4,0.5,0.6,0.40685108,49925,0.044631317178081706
0.6,0.4,0.7,0.7,0.40685308,49925,0.044579606674031685
0.4,0.8,0.7,0.6,0.40685707,49925,0.045587156198772454
0.1,0.6,0.1,0.6,0.40685743,49925,0.0396290260224596
0.9,0.6,0.1,0.9,0.4068595,49925,0.03937560296581502
0.8,0.1,0.5,0.2,0.40685964,49925,0.03873959050159918
0.4,0.4,0.5,0.5,0.40686134,49925,0.045279459687377975
0.5,0.4,0.6,0.6,0.40686777,49925,0.04493181418036007
0.7,0.1,0.1,0.3,0.40686995,49925,0.03718971892433173
0.5,0.9,0.8,0.8,0.40687555,49925,0.0456235162851452
0.1,0.8,0.1,0.7,0.40687665,49925,0.038310280523855406
0.8,0.4,0.5,0.8,0.4068847,49925,0.04387361033877601
0.6,0.8,0.8,0.9,0.4068901,49925,0.04551172841659345
0.2,0.8,0.3,0.9,0.4068907,49925,0.04290778810100788
0.2,0.4,0.2,0.6,0.40689257,49925,0.04374695542170083
0.1,0.2,0.1,0.3,0.40689257,49925,0.04374695542170083
0.3,0.6,0.3,0.9,0.40689257,49925,0.043746955421700824
0.2,0.5,0.6,0.4,0.40689373,49925,0.04524485153210832
0.8,0.5,0.8,0.9,0.40690258,49925,0.04450661111378365
0.7,0.6,0.7,0.8,0.4069186,49925,0.04508634584472208
0.3,0.1,0.4,0.3,0.40691867,49925,0.04290603762806836
0.6,0.2,0.8,0.6,0.40691867,49925,0.04290603762806836
0.9,0.4,0.5,0.9,0.40692103,49925,0.04348299839795256
0.4,0.3,0.9,0.1,0.406923,49925,0.04288159978481187
0.5,0.6,0.8,0.7,0.40692535,49925,0.04531779138822968
0.9,0.6,0.7,0.9,0.40693417,49925,0.04461044610254347
0.4,0.8,0.8,0.6,0.4069357,49925,0.045516025079638006
0.2,0.4,0.4,0.3,0.4069357,49925,0.045516025079638006
0.4,0.4,0.3,0.8,0.40693718,49925,0.04410298568610359
0.7,0.2,0.9,0.3,0.40693966,49925,0.04157526548209982
0.6,0.6,0.7,0.8,0.40694088,49925,0.04528226367471381
0.3,0.4,0.6,0.5,0.40694088,49925,0.04524194850154556
0.7,0.2,0.9,0.6,0.406942,49925,0.042459604718164616
0.2,0.9,0.2,0.9,0.40694514,49925,0.041180724803427264
0.7,0.5,0.6,0.7,0.40695134,49925,0.044773786359587855
0.2,0.2,0.5,0.4,0.40695637,49925,0.0445016695726089
0.8,0.1,0.1,0.3,0.40696213,49925,0.03628825928904136
0.5,0.8,0.7,0.8,0.40696308,49925,0.04557275737545434
0.8,0.2,0.9,0.2,0.40697208,49925,0.040638454120733976
0.5,0.5,0.8,0.7,0.40697864,49925,0.04506126695574494
0.4,0.1,0.5,0.3,0.40697885,49925,0.04204583279121201
0.3,0.9,0.5,0.9,0.40698647,49925,0.04469860159092441
0.8,0.4,0.1,0.7,0.4069869,49925,0.03953516040691681
0.3,0.6,0.2,0.8,0.40699303,49925,0.04278883856086615
0.7,0.5,0.5,0.9,0.40699482,49925,0.04446452865313887
0.4,0.3,0.8,0.7,0.40699494,49925,0.04428272235993257
0.3,0.9,0.5,0.8,0.40700722,49925,0.04485564526823199
0.6,0.1,0.3,0.2,0.40700942,49925,0.03982236726284018
0.8,0.3,0.7,0.7,0.40701056,49925,0.043319528820454326
0.3,0.7,0.2,0.9,0.40701178,49925,0.042265767068981844
0.7,0.6,0.8,0.8,0.40701196,49925,0.04506602303786951
0.4,0.3,0.5,0.5,0.40701252,49925,0.04477756525142999
0.9,0.2,0.8,0.6,0.4070231,49925,0.04181816946482413
0.1,0.3,0.5,0.2,0.40702593,49925,0.044617464888545184
0.4,0.6,0.1,0.9,0.4070289,49925,0.04021029134203644
0.6,0.4,0.9,0.8,0.407029,49925,0.04435440596712548
0.2,0.7,0.5,0.2,0.40703553,49925,0.04489968968481271
0.4,0.2,0.8,0.5,0.40703595,49925,0.043403772217084094
0.3,0.7,0.4,0.9,0.40703973,49925,0.0444888626565787
0.5,0.5,0.5,0.7,0.40703985,49925,0.04520717499153902
0.3,0.9,0.5,0.7,0.40704063,49925,0.04498129269081394
0.9,0.4,0.7,0.8,0.40706697,49925,0.04374823112779087
0.8,0.6,0.7,0.8,0.40706867,49925,0.04485327981305407
0.5,0.6,0.1,0.9,0.40706876,49925,0.040220448812747216
0.5,0.5,0.4,0.9,0.40707064,49925,0.04452657739634148
0.6,0.8,0.9,0.9,0.40707213,49925,0.045508573813294616
0.2,0.8,0.9,0.3,0.4070785,49925,0.04466607561633702
0.1,0.9,0.3,0.5,0.4070835,49925,0.04255185836183483
0.2,0.4,0.3,0.3,0.40708488,49925,0.045585959175796366
0.4,0.8,0.6,0.6,0.40708488,49925,0.045585959175796366
0.4,0.2,0.1,0.4,0.40708542,49925,0.041518684702155466
0.8,0.4,0.2,0.8,0.40708542,49925,0.041518684702155466
0.2,0.9,0.4,0.3,0.40708545,49925,0.044260844456729155
0.2,0.9,0.9,0.2,0.40709603,49925,0.04447826344222994
0.7,0.5,0.7,0.8,0.40709737,49925,0.0447887959154977
0.3,0.3,0.7,0.6,0.4071062,49925,0.04460230732540915
0.9,0.5,0.7,0.9,0.40711072,49925,0.0442602611120112
0.9,0.2,0.4,0.4,0.4071111,49925,0.04105620723255495
0.5,0.3,0.8,0.7,0.40711513,49925,0.04409769847981337
0.7,0.4,0.5,0.7,0.4071227,49925,0.04426480908924961
0.7,0.6,0.1,0.9,0.40712345,49925,0.03990065123316096
0.6,0.3,0.3,0.7,0.40712595,49925,0.043317879169484104
0.2,0.6,0.7,0.4,0.40712664,49925,0.04508863427634739
0.2,0.9,0.4,0.4,0.40713632,49925,0.04431405809879539
0.6,0.5,0.2,0.9,0.40713823,49925,0.04230103993956013
0.3,0.3,0.8,0.6,0.4071444,49925,0.04440339272085485
0.9,0.1,0.3,0.1,0.4071557,49925,0.03622413237255097
0.7,0.5,0.9,0.9,0.40715963,49925,0.04467473387069823
0.3,0.6,0.4,0.7,0.40716437,49925,0.04512279240255493
0.2,0.8,0.8,0.3,0.40716702,49925,0.044745037142037855
0.3,0.5,0.4,0.5,0.40716934,49925,0.045538108012451714
0.4,0.5,0.4,0.8,0.4071825,49925,0.044910790334959136
0.5,0.7,0.6,0.9,0.40718344,49925,0.04537343406809429
0.5,0.8,0.9,0.8,0.40718883,49925,0.04551160212415099
0.1,0.5,0.2,0.5,0.4071899,49925,0.043142129328753324
0.4,0.2,0.8,0.3,0.40719002,49925,0.04292182008196924
0.4,0.6,0.5,0.7,0.40719754,49925,0.045455400239925524
0.7,0.4,0.2,0.8,0.40719777,49925,0.041948054604295675
0.4,0.6,0.2,0.9,0.40720293,49925,0.04258011558307476
0.5,0.4,0.1,0.7,0.40720296,49925,0.0407325802750406
0.7,0.3,0.5,0.6,0.40720505,49925,0.04365132419434691
0.2,0.5,0.9,0.1,0.4072063,49925,0.04405702750283703
0.1,0.8,0.2,0.1,0.40721294,49925,0.04128699861067997
0.5,0.2,0.3,0.4,0.4072162,49925,0.0433770122698329
0.4,0.1,0.4,0.3,0.40721953,49925,0.04218884381364396
0.8,0.2,0.8,0.6,0.40721953,49925,0.04218884381364396
0.2,0.6,0.4,0.3,0.40723735,49925,0.045243513895888446
0.5,0.4,0.4,0.7,0.40723738,49925,0.04471052055232787
0.6,0.3,0.4,0.6,0.40723884,49925,0.043954137202676304
0.4,0.3,0.9,0.7,0.40724048,49925,0.044126511432469526
0.4,0.8,0.9,0.7,0.40724084,49925,0.045420983510555804
0.7,0.6,0.6,0.9,0.4072424,49925,0.0449637677457792
0.3,0.5,0.6,0.5,0.40724343,49925,0.0454463038647606
0.6,0.4,0.2,0.8,0.40724495,49925,0.04231826843072099
0.3,0.2,0.1,0.4,0.40724495,49925,0.04231826843072099
0.6,0.2,0.9,0.6,0.4072453,49925,0.042768437475618384
0.6,0.6,0.9,0.8,0.40725037,49925,0.04513310460724014
0.7,0.2,0.8,0.1,0.40725344,49925,0.04052117505018894
0.5,0.9,0.9,0.8,0.4072581,49925,0.04557939696172484
0.3,0.5,0.5,0.5,0.4072635,49925,0.04558290730438812
0.3,0.8,0.8,0.5,0.40726534,49925,0.04528642626276531
0.2,0.5,0.3,0.5,0.40727064,49925,0.04500280736091886
0.3,0.6,0.5,0.5,0.4072716,49925,0.04559626997989673
0.2,0.4,0.5,0.4,0.40728146,49925,0.04533085522918289
0.5,0.7,0.9,0.8,0.4072975,49925,0.04539767435115625
0.7,0.4,0.3,0.9,0.40730628,49925,0.04291846657116134
0.4,0.2,0.7,0.1,0.40730926,49925,0.04216696506085385
0.2,0.7,0.9,0.4,0.4073098,49925,0.044798117787455266
0.6,0.5,0.5,0.9,0.40731162,49925,0.04473949519643041
0.7,0.4,0.8,0.8,0.40731722,49925,0.044245649700094584
0.5,0.5,0.6,0.7,0.4073184,49925,0.0452664195965687
0.3,0.6,0.6,0.5,0.40732032,49925,0.045528589370757676
0.4,0.5,0.6,0.6,0.40732113,49925,0.045439150117048036
0.4,0.9,0.7,0.6,0.4073226,49925,0.045546512121783525
0.8,0.3,0.5,0.6,0.40732273,49925,0.04320583014707392
0.1,0.7,0.2,0.1,0.40732425,49925,0.04206916402839181
0.2,0.8,0.4,0.5,0.4073323,49925,0.04462660082131778
0.4,0.9,0.8,0.6,0.4073361,49925,0.04551077524631742
0.4,0.2,0.2,0.5,0.4073389,49925,0.04321831031996214
0.6,0.5,0.6,0.7,0.40734273,49925,0.04504919207194149
0.1,0.9,0.1,0.8,0.4073432,49925,0.037593028470426344
0.1,0.7,0.1,0.7,0.40734503,49925,0.03873958490756927
0.9,0.2,0.6,0.5,0.40734938,49925,0.04156008124562627
0.4,0.9,0.6,0.7,0.40735662,49925,0.04543828754698636
0.3,0.5,0.9,0.7,0.40736037,49925,0.04495367934306843
0.1,0.9,0.3,0.4,0.4073663,49925,0.04260126353729177
0.6,0.5,0.5,0.8,0.4073674,49925,0.04487303091460332
0.2,0.3,0.7,0.1,0.40737423,49925,0.04377738620083531
0.9,0.3,0.7,0.7,0.407378,49925,0.04297853300800969
0.6,0.2,0.3,0.4,0.4073795,49925,0.042675020761578156
0.2,0.9,0.4,0.2,0.4073803,49925,0.04414339767811141
0.8,0.6,0.8,0.9,0.4073817,49925,0.04486743759567528
0.5,0.7,0.7,0.8,0.4073832,49925,0.04551572265442881
0.9,0.1,0.4,0.2,0.4073885,49925,0.03786870094217694
0.7,0.3,0.3,0.8,0.40739387,49925,0.04267744976855312
0.1,0.9,0.3,0.6,0.40740323,49925,0.04242062164943789
0.4,0.7,0.6,0.7,0.40741172,49925,0.04557245938194709
0.2,0.8,0.7,0.3,0.40741178,49925,0.044817916533190505
0.5,0.3,0.6,0.6,0.4074145,49925,0.04432968651514974
0.6,0.4,0.3,0.9,0.40741572,49925,0.04325795952107313
0.8,0.5,0.6,0.9,0.40741995,49925,0.044441433557165906
0.2,0.6,0.3,0.8,0.4074243,49925,0.04376704058747588
0.4,0.1,0.5,0.2,0.40742737,49925,0.04148584982160062
0.3,0.6,0.4,0.8,0.40743238,49925,0.04487964348839357
0.1,0.1,0.3,0.2,0.4074344,49925,0.04418967954052423
0.3,0.3,0.9,0.6,0.4074344,49925,0.044189679540524225
0.2,0.2,0.6,0.4,0.4074344,49925,0.04418967954052423
0.3,0.9,0.5,0.6,0.4074349,49925,0.045054968669303926
0.5,0.4,0.9,0.8,0.40743777,49925,0.044535196295880625
0.3,0.5,0.1,0.8,0.40743905,49925,0.040561718140912716
0.6,0.4,0.6,0.7,0.4074392,49925,0.044648015609597747
0.3,0.3,0.9,0.3,0.40744078,49925,0.04378314289656977
0.2,0.2,0.6,0.2,0.40744078,49925,0.04378314289656977
0.1,0.1,0.3,0.1,0.40744078,49925,0.04378314289656977
0.1,0.3,0.5,0.1,0.40744415,49925,0.044298952062457646
0.4,0.2,0.4,0.4,0.40745002,49925,0.04399330075177693
0.2,0.1,0.2,0.2,0.40745002,49925,0.04399330075177693
0.6,0.3,0.6,0.6,0.40745002,49925,0.043993300751776925
0.8,0.4,0.8,0.8,0.40745002,49925,0.04399330075177693
0.9,0.4,0.6,0.8,0.40745813,49925,0.04371443983516634
0.2,0.9,0.8,0.2,0.4074595,49925,0.044511218915045024
0.9,0.5,0.1,0.8,0.40746042,49925,0.03931137312774974
0.8,0.6,0.7,0.9,0.4074639,49925,0.04484514029162317
0.1,0.4,0.3,0.1,0.40746734,49925,0.04472233636535952
0.2,0.8,0.6,0.2,0.40746734,49925,0.04472233636535952
0.5,0.2,0.8,0.2,0.40746912,49925,0.04209673313508839
0.2,0.5,0.8,0.5,0.4074699,49925,0.04492128590454167
0.4,0.5,0.1,0.8,0.40747002,49925,0.04062206244940318
0.7,0.4,0.5,0.8,0.40748096,49925,0.04422236632764424
0.2,0.4,0.7,0.5,0.4074874,49925,0.04492762145328785
0.2,0.3,0.5,0.4,0.4074888,49925,0.04508544659832039
0.2,0.8,0.4,0.2,0.4074929,49925,0.044512085883536334
0.1,0.4,0.2,0.1,0.4074929,49925,0.044512085883536334
0.9,0.3,0.5,0.6,0.4074965,49925,0.0427640886561109
0.9,0.3,0.9,0.8,0.40750805,49925,0.04298841013368644
0.7,0.6,0.9,0.9,0.40750873,49925,0.0450060094920923
0.6,0.1,0.5,0.3,0.40751067,49925,0.04076590263002202
0.5,0.5,0.1,0.8,0.40751612,49925,0.04050856084584558
0.5,0.7,0.8,0.8,0.40751624,49925,0.04550008789797224
0.2,0.7,0.4,0.1,0.40751722,49925,0.04462684326502148
0.2,0.9,0.4,0.9,0.40752083,49925,0.04362788987206978
0.4,0.8,0.7,0.7,0.40752146,49925,0.04558873701102682
0.3,0.9,0.7,0.4,0.40752172,49925,0.04521499062313863
0.2,0.5,0.4,0.3,0.4075225,49925,0.04545435271283755
0.6,0.2,0.5,0.5,0.4075362,49925,0.04301105041414115
0.7,0.7,0.9,0.9,0.40753934,49925,0.04525450514959985
0.7,0.5,0.1,0.8,0.40754184,49925,0.039984481018933545
0.6,0.3,0.5,0.6,0.4075468,49925,0.04405124495323227
0.3,0.8,0.5,0.5,0.4075491,49925,0.04531302989359284
0.5,0.4,0.5,0.6,0.4075521,49925,0.04498075479520441
0.7,0.2,0.1,0.5,0.4075561,49925,0.03905975792867906
0.6,0.4,0.4,0.8,0.40755802,49925,0.04421212045515971
0.3,0.2,0.2,0.4,0.40755802,49925,0.04421212045515971
0.5,0.6,0.6,0.8,0.40756306,49925,0.04539157816610539
0.5,0.9,0.7,0.9,0.4075662,49925,0.04550791257063229
0.6,0.1,0.1,0.3,0.40757206,49925,0.03817699923242659
0.7,0.6,0.8,0.9,0.40757555,49925,0.0450661834258727
0.4,0.9,0.9,0.7,0.40758383,49925,0.045462109080219186
0.3,0.2,0.6,0.5,0.40758774,49925,0.044065492624507284
0.4,0.4,0.1,0.7,0.4075903,49925,0.04099190988318038
0.4,0.4,0.8,0.7,0.40759382,49925,0.044807751779393785
0.5,0.2,0.8,0.6,0.4075949,49925,0.04321108395560476
0.5,0.1,0.4,0.3,0.40759522,49925,0.04143448951019966
0.1,0.5,0.2,0.1,0.40760124,49925,0.04372870494878153
0.4,0.8,0.8,0.7,0.40760446,49925,0.045541836167838884
0.5,0.9,0.7,0.8,0.4076064,49925,0.045574486140997794
0.8,0.5,0.1,0.8,0.40760666,49925,0.039650625542750735
0.6,0.5,0.1,0.8,0.40760773,49925,0.04027745802399706
0.9,0.1,0.5,0.2,0.4076105,49925,0.03814013074478907
0.9,0.2,0.3,0.6,0.4076121,49925,0.04098670217750982
0.6,0.7,0.8,0.9,0.40761667,49925,0.04540639874906595
0.2,0.6,0.5,0.3,0.40762186,49925,0.045225994722903465
0.8,0.4,0.7,0.8,0.40762633,49925,0.044045327017626416
0.5,0.4,0.7,0.7,0.4076301,49925,0.04480641176803844
0.5,0.4,0.2,0.8,0.40763116,49925,0.042643167202673256
0.3,0.7,0.7,0.5,0.4076325,49925,0.045424318862988554
0.3,0.7,0.6,0.5,0.40763906,49925,0.04552036919830083
0.9,0.2,0.1,0.6,0.4076447,49925,0.03774434862656772
0.7,0.4,0.7,0.8,0.40764698,49925,0.04432881817038017
0.6,0.7,0.9,0.9,0.40764815,49925,0.04534275085164697
0.8,0.3,0.9,0.8,0.40764967,49925,0.04327271786893262
0.1,0.6,0.2,0.6,0.40765384,49925,0.042257284675539214
0.4,0.9,0.6,0.8,0.4076562,49925,0.04535150021866549
0.1,0.8,0.1,0.8,0.40765646,49925,0.03798890218470888
0.1,0.4,0.2,0.3,0.40765813,49925,0.04451212478763033
0.2,0.8,0.4,0.6,0.40765813,49925,0.04451212478763033
0.2,0.7,0.8,0.4,0.40766352,49925,0.04492673993833943
0.5,0.1,0.1,0.3,0.40767166,49925,0.03926571820759384
0.7,0.2,0.9,0.2,0.40767717,49925,0.04103315524678614
0.1,0.9,0.1,0.9,0.407681,49925,0.03731579575424609
0.3,0.7,0.8,0.6,0.407681,49925,0.04534430707460811
0.3,0.4,0.3,0.7,0.40768242,49925,0.04458941496911792
0.3,0.4,0.2,0.7,0.40768754,49925,0.043385120597736526
0.4,0.7,0.7,0.7,0.40769672,49925,0.04557452570257741
0.3,0.4,0.9,0.7,0.40771016,49925,0.0446567198630323
0.7,0.3,0.7,0.7,0.4077183,49925,0.04363542633589889
0.2,0.6,0.9,0.5,0.407724,49925,0.04483820677904428
0.4,0.3,0.1,0.6,0.40772745,49925,0.04125713026540885
0.2,0.9,0.9,0.3,0.40772915,49925,0.044592369090546216
0.1,0.9,0.3,0.7,0.40773344,49925,0.04224448874479776
0.8,0.6,0.1,0.9,0.40773714,49925,0.03965753201254042
0.8,0.3,0.4,0.7,0.40773833,49925,0.043008272459252275
0.2,0.5,0.7,0.5,0.40774524,49925,0.045101025771147586
0.2,0.9,0.7,0.2,0.40775788,49925,0.04453261779884061
0.7,0.3,0.2,0.7,0.40776226,49925,0.04166036285312223
0.6,0.5,0.8,0.8,0.40776277,49925,0.04492822707013339
0.3,0.8,0.6,0.5,0.4077674,49925,0.04541629101590331
0.5,0.5,0.9,0.8,0.40776744,49925,0.04494604628558211
0.2,0.8,0.4,0.8,0.40777212,49925,0.044124934656121995
0.1,0.4,0.2,0.4,0.40777212,49925,0.044124934656121995
0.8,0.2,0.5,0.5,0.40777534,49925,0.042020925615174835
0.2,0.7,0.3,0.9,0.4077804,49925,0.043168131625968144
0.9,0.4,0.9,0.9,0.40778047,49925,0.04372375920255686
0.5,0.2,0.9,0.5,0.4077845,49925,0.04290070905737281
0.2,0.5,0.2,0.7,0.40778783,49925,0.04306244341384142
0.5,0.6,0.9,0.8,0.40779263,49925,0.045216824611544006
0.3,0.2,0.4,0.4,0.40779325,49925,0.04447809172683554
0.6,0.4,0.8,0.8,0.40779325,49925,0.04447809172683554
0.4,0.2,0.3,0.4,0.40780705,49925,0.0440355362882947
0.8,0.4,0.6,0.8,0.40780705,49925,0.0440355362882947
0.7,0.3,0.9,0.8,0.4078098,49925,0.04354150631387609
0.6,0.3,0.2,0.7,0.40781057,49925,0.04215039546882811
0.8,0.5,0.7,0.9,0.40782443,49925,0.04451312889148818
0.2,0.5,0.3,0.6,0.40782613,49925,0.044712174257475625
0.2,0.9,0.7,0.1,0.40782726,49925,0.044396554209827285
0.1,0.4,0.2,0.2,0.4078305,49925,0.044666982180435404
0.2,0.8,0.4,0.4,0.4078305,49925,0.044666982180435404
0.7,0.6,0.7,0.9,0.40783322,49925,0.045065589778622
0.3,0.6,0.9,0.7,0.40784234,49925,0.04514505491385259
0.6,0.4,0.1,0.7,0.40784565,49925,0.040380315868195994
0.3,0.8,0.5,0.6,0.40784737,49925,0.04527093573563686
0.2,0.8,0.4,0.7,0.4078507,49925,0.044340436664986604
0.4,0.9,0.7,0.7,0.40785274,49925,0.04554146242017037
0.2,0.8,0.4,0.3,0.4078624,49925,0.044620233221280975
0.2,0.7,0.1,0.9,0.40786317,49925,0.039205443805535166
0.4,0.5,0.2,0.8,0.4078641,49925,0.04292859668778466
0.3,0.8,0.9,0.6,0.40786728,49925,0.04524477682662182
0.5,0.1,0.2,0.2,0.40787187,49925,0.04050339097690267
0.5,0.2,0.9,0.6,0.40788165,49925,0.04305964435558101
0.9,0.1,0.2,0.1,0.40788957,49925,0.0354176250983806
0.7,0.4,0.4,0.9,0.40789276,49925,0.043712790088649874
0.4,0.2,0.7,0.6,0.4079023,49925,0.04362734578093693
0.6,0.2,0.9,0.3,0.40791005,49925,0.041944619746325976
0.5,0.8,0.8,0.9,0.40791774,49925,0.045546918365702696
0.9,0.3,0.1,0.7,0.4079221,49925,0.03854209005241535
0.1,0.6,0.2,0.1,0.40792242,49925,0.04291483168907988
0.7,0.2,0.7,0.6,0.4079282,49925,0.042613692591058676
0.7,0.4,0.1,0.7,0.40793216,49925,0.03996791192129698
0.9,0.3,0.2,0.7,0.4079364,49925,0.04064292249724286
0.7,0.2,0.5,0.5,0.40793884,49925,0.042510921498098465
0.3,0.5,0.3,0.9,0.4079502,49925,0.04386210444604344
0.7,0.2,0.3,0.5,0.40795815,49925,0.042102185206948764
0.6,0.6,0.6,0.9,0.40796375,49925,0.04516575536688017
0.4,0.4,0.4,0.6,0.40796375,49925,0.04516575536688016
0.2,0.2,0.2,0.3,0.40796375,49925,0.04516575536688016
0.1,0.5,0.5,0.1,0.40796492,49925,0.04437148592334139
0.2,0.7,0.2,0.8,0.40796638,49925,0.042094702637731664
0.3,0.6,0.4,0.9,0.40796894,49925,0.04461355593532547
0.4,0.5,0.8,0.7,0.4079736,49925,0.04515255990727507
0.9,0.1,0.2,0.2,0.40797794,49925,0.03676685358688956
0.2,0.6,0.3,0.9,0.4079806,49925,0.04340319040878482
0.4,0.4,0.9,0.8,0.40798694,49925,0.04464355559092051
0.3,0.3,0.4,0.4,0.4079895,49925,0.045225550333163764
0.6,0.6,0.8,0.8,0.4079895,49925,0.045225550333163764
0.2,0.7,0.4,0.3,0.40799147,49925,0.04496572412841601
0.5,0.2,0.7,0.6,0.4079982,49925,0.043332354838942766
0.3,0.2,0.7,0.5,0.40800062,49925,0.04383003874525311
0.3,0.9,0.8,0.5,0.408005,49925,0.04523440618597755
0.6,0.2,0.1,0.5,0.40800515,49925,0.039749333227772916
0.5,0.9,0.8,0.9,0.40800557,49925,0.04557612001219808
0.8,0.4,0.9,0.9,0.40800914,49925,0.04395907150481941
0.8,0.2,0.2,0.6,0.4080099,49925,0.04041614970742185
0.4,0.1,0.1,0.3,0.4080099,49925,0.04041614970742185
0.4,0.5,0.4,0.9,0.40801013,49925,0.044664947857113446
0.5,0.3,0.1,0.6,0.40801692,49925,0.04079667470593197
0.4,0.6,0.5,0.8,0.40801698,49925,0.04532861125856325
0.4,0.8,0.6,0.7,0.4080208,49925,0.045533221605685584
0.4,0.6,0.7,0.7,0.4080277,49925,0.04548508624444823
0.1,0.8,0.1,0.9,0.40803063,49925,0.037640471293005226
0.1,0.6,0.1,0.7,0.40803596,49925,0.03919447630877005
0.4,0.6,0.6,0.7,0.40804482,49925,0.0455266214638847
0.4,0.7,0.8,0.7,0.40804622,49925,0.04547564607241376
0.3,0.5,0.4,0.6,0.40804735,49925,0.045399032348140834
0.5,0.6,0.7,0.8,0.40804824,49925,0.045404744536824894
0.4,0.3,0.6,0.6,0.40805912,49925,0.044609029351059794
0.2,0.8,0.5,0.2,0.40806156,49925,0.04470691041411689
0.6,0.4,0.5,0.7,0.40807042,49925,0.044602256606177296
0.4,0.9,0.8,0.7,0.40807128,49925,0.04552913406587757
0.2,0.9,0.8,0.3,0.40807924,49925,0.04463140795454101
0.2,0.5,0.1,0.7,0.4080805,49925,0.04062682027734091
0.8,0.1,0.2,0.2,0.40808117,49925,0.037569202274612676
0.3,0.4,0.4,0.5,0.40808517,49925,0.045464335871093504
0.6,0.5,0.9,0.9,0.40808785,49925,0.04480247403517875
0.4,0.9,0.6,0.9,0.40809047,49925,0.04526140185948438
0.7,0.5,0.6,0.8,0.40809792,49925,0.04475080749713929
0.5,0.2,0.5,0.5,0.40810087,49925,0.04346962389937269
0.3,0.7,0.9,0.7,0.40810698,49925,0.045226744022221974
0.3,0.5,0.7,0.6,0.4081208,49925,0.04528376762528539
0.7,0.5,0.8,0.9,0.40812257,49925,0.04472447300611675
0.5,0.9,0.9,0.9,0.40813234,49925,0.04557163582554606
0.3,0.9,0.6,0.5,0.40813288,49925,0.04526790999305837
0.2,0.6,0.8,0.5,0.40813354,49925,0.04499706952500733
0.5,0.3,0.5,0.6,0.4081492,49925,0.044428519634180416
0.6,0.2,0.7,0.6,0.40816316,49925,0.04298858068742872
0.3,0.8,0.7,0.5,0.40816638,49925,0.04539382623428497
0.6,0.3,0.3,0.8,0.4081689,49925,0.04309940189351813
0.5,0.5,0.7,0.7,0.40817055,49925,0.04518286570647249
0.7,0.3,0.1,0.7,0.40818045,49925,0.039526829156118166
0.2,0.6,0.1,0.8,0.40818822,49925,0.039872847934336306
0.9,0.2,0.2,0.6,0.40819004,49925,0.039833999549480865
0.2,0.7,0.5,0.3,0.40820682,49925,0.04506793948184924
0.2,0.5,0.9,0.5,0.40821856,49925,0.044728364903352254
0.4,0.3,0.3,0.6,0.4082291,49925,0.04444513101525266
0.8,0.3,0.2,0.7,0.40823022,49925,0.0411491433445446
0.4,0.8,0.7,0.8,0.40823466,49925,0.045542785435890805
0.4,0.5,0.5,0.7,0.40824443,49925,0.04537487688543411
0.1,0.8,0.3,0.6,0.40824515,49925,0.04285454214097115
0.5,0.2,0.9,0.4,0.40824607,49925,0.0426570942480168
0.5,0.8,0.7,0.9,0.4082499,49925,0.04551648567474308
0.7,0.3,0.4,0.7,0.40825677,49925,0.043469905023620525
0.9,0.3,0.6,0.7,0.40826726,49925,0.04297105188350892
0.8,0.3,0.8,0.8,0.40826815,49925,0.04332633703405274
0.8,0.3,0.1,0.7,0.40827107,49925,0.039045015346038284
0.7,0.1,0.3,0.2,0.4082716,49925,0.038969363245147944
0.9,0.4,0.2,0.9,0.40827295,49925,0.040990161200412066
0.5,0.3,0.9,0.8,0.408275,49925,0.04399290567239086
0.3,0.7,0.5,0.5,0.40828332,49925,0.0455021256017217
0.8,0.2,0.9,0.7,0.40828678,49925,0.042286361013461594
0.2,0.7,0.6,0.3,0.40829387,49925,0.04501028444172399
0.9,0.4,0.7,0.9,0.40829945,49925,0.04378096555171824
0.2,0.5,0.3,0.7,0.4083037,49925,0.04434835140582045
0.6,0.6,0.8,0.9,0.40831098,49925,0.04520216529440906
0.5,0.3,0.2,0.7,0.40831223,49925,0.04261550925837914
0.9,0.3,0.4,0.8,0.4083188,49925,0.04249937561516051
0.6,0.2,0.8,0.1,0.40832078,49925,0.04099385532325706
0.8,0.4,0.8,0.9,0.40832222,49925,0.04403824643894939
0.5,0.5,0.2,0.9,0.40833598,49925,0.042503094327723034
0.6,0.3,0.7,0.7,0.40833643,49925,0.04394126571327837
0.1,0.9,0.2,0.7,0.40833765,49925,0.04067853044135697
0.6,0.4,0.9,0.9,0.40834048,49925,0.04435481205471369
0.6,0.3,0.9,0.8,0.40834844,49925,0.04378381756134771
0.8,0.3,0.6,0.7,0.4083536,49925,0.04334389565526471
0.6,0.5,0.7,0.8,0.40835768,49925,0.04500890263916224
0.3,0.3,0.9,0.2,0.40836552,49925,0.04345872430023282
0.5,0.3,0.7,0.7,0.4083665,49925,0.044205329403046105
0.3,0.7,0.5,0.6,0.40836728,49925,0.045432602363626506
0.1,0.7,0.1,0.8,0.40836948,49925,0.038358725074303726
0.8,0.4,0.5,0.9,0.40838125,49925,0.04380999556688275
0.1,0.4,0.5,0.2,0.4083906,49925,0.044676611589520195
0.7,0.1,0.5,0.3,0.40839338,49925,0.04012917055089816
0.9,0.3,0.8,0.8,0.40840137,49925,0.043038263752761
0.3,0.6,0.7,0.6,0.40840906,49925,0.04539967129343066
0.9,0.2,0.5,0.5,0.4084131,49925,0.0415417976466648
0.8,0.2,0.7,0.6,0.40842503,49925,0.04221986323105462
0.2,0.4,0.8,0.5,0.40842557,49925,0.044725427199734435
0.5,0.7,0.8,0.9,0.40843606,49925,0.045461119256888644
0.2,0.8,0.9,0.4,0.40843672,49925,0.044773245072941684
0.4,0.6,0.9,0.8,0.40843847,49925,0.045205847469242104
0.7,0.4,0.9,0.9,0.40844846,49925,0.04416491052776963
0.2,0.4,0.9,0.4,0.40847057,49925,0.044425170921970625
0.4,0.3,0.4,0.5,0.40847516,49925,0.044858821393909724
0.6,0.1,0.2,0.2,0.40848455,49925,0.039424903706664516
0.2,0.4,0.6,0.5,0.4084875,49925,0.04512495886328463
0.3,0.1,0.5,0.3,0.40849024,49925,0.04262766591338694
0.5,0.4,0.3,0.9,0.40849182,49925,0.04355406344806379
0.5,0.8,0.9,0.9,0.40849313,49925,0.04550604515903248
0.9,0.4,0.8,0.9,0.40850067,49925,0.0437758278913889
0.2,0.4,0.3,0.4,0.40852055,49925,0.04544416246513302
0.4,0.8,0.6,0.8,0.40852055,49925,0.04544416246513302
0.3,0.4,0.1,0.7,0.40852565,49925,0.04110558017715681
0.4,0.7,0.9,0.8,0.40853703,49925,0.04536467560647779
0.3,0.6,0.5,0.6,0.408541,49925,0.04552751643843266
0.9,0.3,0.5,0.7,0.40854514,49925,0.042871695641488954
0.3,0.4,0.5,0.5,0.40855134,49925,0.04540267496295064
0.4,0.3,0.9,0.8,0.40855548,49925,0.04410005509437539
0.5,0.4,0.8,0.8,0.4085593,49925,0.04465771700894286
0.5,0.5,0.5,0.8,0.40856215,49925,0.04509053509931098
0.2,0.3,0.1,0.5,0.40856802,49925,0.04226778906480558
0.4,0.8,0.9,0.8,0.40857074,49925,0.04542276092735234
0.2,0.8,0.2,0.9,0.40857124,49925,0.041482488544505806
0.2,0.4,0.9,0.3,0.40857464,49925,0.04425711632990444
0.4,0.4,0.5,0.6,0.40857524,49925,0.04522065219469659
0.3,0.3,0.1,0.6,0.40857792,49925,0.04155539531226495
0.7,0.2,0.2,0.6,0.40857953,49925,0.04101989518162646
0.3,0.5,0.2,0.8,0.4085802,49925,0.0429248598417876
0.2,0.6,0.2,0.8,0.40859517,49925,0.04237130137068307
0.1,0.3,0.1,0.4,0.40859517,49925,0.04237130137068307
0.4,0.6,0.8,0.7,0.40860385,49925,0.045357572157267274
0.9,0.2,0.7,0.6,0.4086083,49925,0.041807813543652664
0.2,0.8,0.8,0.4,0.40861332,49925,0.04484973977095783
0.1,0.4,0.4,0.2,0.40861332,49925,0.04484973977095783
0.7,0.3,0.6,0.7,0.40861356,49925,0.0437035035446422
0.2,0.3,0.8,0.4,0.40862027,49925,0.04427291871310571
0.4,0.2,0.5,0.5,0.4086223,49925,0.043911650301313755
0.3,0.4,0.7,0.6,0.40862578,49925,0.04502982610104652
0.3,0.5,0.4,0.7,0.40862846,49925,0.04519732291043303
0.2,0.2,0.3,0.3,0.40864035,49925,0.04512344631442099
0.6,0.6,0.9,0.9,0.40864035,49925,0.04512344631442098
0.4,0.4,0.6,0.6,0.40864035,49925,0.04512344631442099
0.6,0.5,0.6,0.8,0.40864122,49925,0.0449908240323362
0.2,0.7,0.7,0.4,0.4086502,49925,0.04502603898434512
0.7,0.2,0.9,0.7,0.40865022,49925,0.042596181204162996
0.3,0.8,0.5,0.9,0.40865237,49925,0.04486211699718858
0.3,0.7,0.7,0.6,0.40865433,49925,0.04544392321660593
0.1,0.8,0.3,0.5,0.4086616,49925,0.04302632731370944
0.3,0.8,0.5,0.7,0.40866444,49925,0.04517287110518039
0.2,0.3,0.7,0.5,0.40866846,49925,0.04457313103422622
0.5,0.6,0.8,0.8,0.40867358,49925,0.04531573055956375
0.1,0.5,0.4,0.1,0.40867704,49925,0.04439124991402315
0.1,0.5,0.2,0.6,0.4086916,49925,0.042685069354450426
0.4,0.9,0.7,0.8,0.4086948,49925,0.045500806031953854
0.8,0.2,0.3,0.6,0.40870595,49925,0.04154657054479371
0.5,0.7,0.7,0.9,0.4087075,49925,0.045459076537324575
0.4,0.9,0.9,0.8,0.4087127,49925,0.04546974304254233
0.4,0.7,0.6,0.8,0.40872592,49925,0.04549050375765925
0.3,0.1,0.1,0.3,0.40873286,49925,0.041650875186153985
0.6,0.2,0.2,0.6,0.40873286,49925,0.041650875186153985
0.9,0.3,0.3,0.9,0.40873286,49925,0.04165087518615399
0.3,0.6,0.2,0.9,0.4087461,49925,0.04243082924959637
0.6,0.5,0.1,0.9,0.4087467,49925,0.040010996321737956
0.6,0.2,0.9,0.7,0.4087564,49925,0.04288882541838016
0.9,0.4,0.1,0.8,0.40878537,49925,0.038987362474141384
0.5,0.3,0.3,0.7,0.4087863,49925,0.0437610609498344
0.3,0.6,0.1,0.9,0.40878746,49925,0.03998745222624649
0.4,0.2,0.8,0.6,0.4087886,49925,0.043451157980260724
0.2,0.1,0.4,0.3,0.4087886,49925,0.043451157980260724
0.3,0.8,0.5,0.8,0.40879005,49925,0.045038751730081095
0.1,0.7,0.1,0.9,0.40879092,49925,0.037961777660654505
0.5,0.4,0.4,0.8,0.40879512,49925,0.04455600418895171
0.4,0.6,0.5,0.9,0.4087966,49925,0.04514603989732897
0.2,0.4,0.2,0.7,0.40880534,49925,0.04323628164366682
0.3,0.5,0.8,0.7,0.40881076,49925,0.045094184012711425
0.9,0.1,0.2,0.3,0.4088191,49925,0.03759796424470657
0.4,0.5,0.2,0.9,0.40882513,49925,0.04259752008194478
0.6,0.1,0.4,0.3,0.40883338,49925,0.04070204615072297
0.2,0.5,0.4,0.4,0.40883946,49925,0.04546492415190455
0.3,0.7,0.5,0.7,0.40884548,49925,0.04533848100247634
0.4,0.2,0.8,0.2,0.4088455,49925,0.04244845223053302
0.2,0.1,0.4,0.1,0.4088455,49925,0.04244845223053302
0.3,0.6,0.8,0.7,0.40886936,49925,0.04526412175447515
0.7,0.1,0.2,0.2,0.40888557,49925,0.03846053949932515
0.1,0.6,0.1,0.8,0.40888625,49925,0.03871842234748012
0.4,0.8,0.6,0.9,0.4088916,49925,0.04534464003492058
0.2,0.3,0.6,0.5,0.40889233,49925,0.04480394354003445
0.2,0.8,0.4,0.9,0.40889826,49925,0.0438949454124205
0.6,0.3,0.8,0.8,0.4089177,49925,0.04387022998395668
0.7,0.5,0.7,0.9,0.40891927,49925,0.04476162307256188
0.4,0.5,0.6,0.7,0.40892074,49925,0.04538241331893116
0.2,0.7,0.4,0.6,0.40892476,49925,0.04481268850128427
0.8,0.5,0.1,0.9,0.40893212,49925,0.039506121436211857
0.6,0.6,0.7,0.9,0.40894037,49925,0.0452300511440964
0.9,0.5,0.1,0.9,0.40894353,49925,0.03918756765818943
0.6,0.2,0.4,0.5,0.4089504,49925,0.043015352767305094
0.1,0.5,0.6,0.2,0.40895128,49925,0.044466542359673546
0.2,0.5,0.5,0.4,0.40895337,49925,0.04539561713273055
0.3,0.5,0.5,0.6,0.40895513,49925,0.04550704222271395
0.3,0.3,0.3,0.5,0.40895578,49925,0.04504794417777244
0.5,0.7,0.9,0.9,0.4089587,49925,0.04538302857928055
0.8,0.2,0.1,0.6,0.4089614,49925,0.038328411103764205
0.7,0.5,0.6,0.9,0.40896165,49925,0.04470024423919729
0.9,0.2,0.9,0.7,0.40896755,49925,0.04196969432134692
0.1,0.8,0.3,0.7,0.4089694,49925,0.04261699873215652
0.1,0.9,0.3,0.8,0.4089857,49925,0.04203069794874605
0.3,0.4,0.3,0.8,0.40898803,49925,0.044210963985847694
0.8,0.3,0.3,0.9,0.40899128,49925,0.042066730993042686
0.1,0.5,0.1,0.6,0.40900272,49925,0.040127915928177084
0.7,0.4,0.6,0.8,0.40900478,49925,0.04434653459240625
0.2,0.6,0.9,0.6,0.40901148,49925,0.04488548855869064
0.3,0.7,0.6,0.6,0.40903422,49925,0.045510228464562055
0.4,0.5,0.9,0.8,0.4090349,49925,0.044985726715869125
0.5,0.6,0.6,0.9,0.40904015,49925,0.04528614934538231
0.5,0.3,0.4,0.6,0.40904024,49925,0.044380854887754576
0.1,0.8,0.2,0.7,0.4090431,49925,0.04108029560584032
0.4,0.7,0.7,0.8,0.40904388,49925,0.04552429557830821
0.9,0.3,0.7,0.8,0.40904766,49925,0.043071163351414685
0.7,0.4,0.2,0.9,0.40905517,49925,0.04173735009388459
0.6,0.4,0.2,0.9,0.4090596,49925,0.04206042322608939
0.6,0.4,0.7,0.8,0.4090615,49925,0.04457624545714977
0.5,0.5,0.8,0.8,0.40906373,49925,0.04504930658983468
0.3,0.2,0.8,0.4,0.40906468,49925,0.04344097968532501
0.6,0.3,0.6,0.7,0.4090735,49925,0.044043133808191554
0.2,0.7,0.4,0.7,0.40907687,49925,0.044621870134853185
0.4,0.7,0.8,0.8,0.40907717,49925,0.045455629543578006
0.4,0.4,0.4,0.7,0.40908098,49925,0.04498182660366792
0.5,0.2,0.1,0.5,0.4090837,49925,0.04045868727003845
0.2,0.9,0.9,0.4,0.40908542,49925,0.04470007375550453
0.2,0.9,0.6,0.2,0.40908647,49925,0.04453634365907807
0.3,0.8,0.9,0.7,0.40909,49925,0.04527025108937055
0.8,0.4,0.2,0.9,0.4090942,49925,0.04136185407242918
0.7,0.3,0.3,0.9,0.4091025,49925,0.0424659147447485
0.2,0.3,0.8,0.5,0.4091132,49925,0.04433231652450189
0.3,0.8,0.7,0.6,0.4091196,49925,0.04542885221145318
0.3,0.9,0.9,0.6,0.4091211,49925,0.0452351475333072
0.1,0.3,0.3,0.2,0.4091211,49925,0.04523514753330721
0.2,0.6,0.6,0.4,0.4091211,49925,0.04523514753330721
0.7,0.2,0.6,0.6,0.40912813,49925,0.04265195427591039
0.2,0.9,0.6,0.1,0.40913436,49925,0.04436951013388101
0.2,0.3,0.8,0.3,0.40913564,49925,0.044078234681859244
0.5,0.2,0.2,0.6,0.4091361,49925,0.042265911075050476
0.3,0.9,0.7,0.5,0.40913838,49925,0.045302409199537916
0.1,0.5,0.6,0.1,0.40913916,49925,0.044266610432241484
0.6,0.2,0.3,0.5,0.4091423,49925,0.0427611864162033
0.4,0.3,0.2,0.7,0.40914357,49925,0.04299611693524749
0.8,0.3,0.5,0.7,0.40915293,49925,0.043288947264867296
0.2,0.4,0.9,0.5,0.40915516,49925,0.04449191899229829
0.8,0.2,0.4,0.5,0.40915716,49925,0.04190486534062918
0.4,0.8,0.8,0.8,0.4091804,49925,0.04551022560731704
0.2,0.4,0.4,0.4,0.4091804,49925,0.04551022560731704
0.1,0.2,0.2,0.2,0.4091804,49925,0.04551022560731704
0.3,0.6,0.6,0.6,0.4091804,49925,0.04551022560731703
0.4,0.9,0.8,0.8,0.40918207,49925,0.04551162448147031
0.5,0.3,0.8,0.8,0.40919116,49925,0.04408113365113683
0.2,0.8,0.5,0.1,0.4091924,49925,0.044500124732513226
0.9,0.2,0.8,0.7,0.40919504,49925,0.04199823383766524
0.8,0.3,0.4,0.8,0.4091953,49925,0.04296207010400135
0.1,0.8,0.3,0.3,0.40920275,49925,0.04310832951202681
0.1,0.3,0.5,0.3,0.40920967,49925,0.04472646046608619
0.7,0.2,0.8,0.7,0.40921682,49925,0.04267126169770168
0.4,0.4,0.3,0.9,0.40922436,49925,0.04375875812177321
0.7,0.2,0.4,0.5,0.40923452,49925,0.04245709438823444
0.2,0.6,0.1,0.9,0.4092409,49925,0.03943069386150274
0.8,0.2,0.8,0.7,0.40924954,49925,0.04233805132689688
0.5,0.5,0.7,0.8,0.40925103,49925,0.04513720925817558
0.3,0.2,0.3,0.4,0.4092543,49925,0.04461680176178456
0.6,0.4,0.6,0.8,0.4092543,49925,0.04461680176178456
0.4,0.1,0.3,0.3,0.40925694,49925,0.04221544543032235
0.8,0.2,0.6,0.6,0.40925694,49925,0.04221544543032235
0.7,0.2,0.1,0.6,0.40925968,49925,0.03893054442992245
0.2,0.7,0.4,0.5,0.4092633,49925,0.044953904695816525
0.5,0.4,0.6,0.7,0.40926477,49925,0.04490173296709199
0.2,0.4,0.9,0.2,0.4092722,49925,0.04397275875582338
0.3,0.8,0.6,0.6,0.4092731,49925,0.045412456061145766
0.5,0.4,0.5,0.7,0.40927318,49925,0.04492820566008411
0.9,0.2,0.6,0.6,0.40928298,49925,0.041806528473944206
0.3,0.8,0.8,0.6,0.40929264,49925,0.04534600668847627
0.2,0.4,0.3,0.5,0.409294,49925,0.04520955781755802
0.2,0.9,0.5,0.2,0.4092989,49925,0.044437627465067686
0.2,0.7,0.4,0.4,0.40930068,49925,0.04499595512262625
0.2,0.5,0.8,0.6,0.4093051,49925,0.04493669357984032
0.6,0.4,0.4,0.9,0.40931466,49925,0.04404476343381192
0.3,0.5,0.4,0.8,0.40931895,49925,0.04496585443507979
0.2,0.5,0.3,0.8,0.40932417,49925,0.04397894257323921
0.7,0.4,0.8,0.9,0.40932712,49925,0.04426105586358489
0.8,0.1,0.5,0.3,0.40933213,49925,0.03950643838929274
0.7,0.1,0.4,0.3,0.40933707,49925,0.039991210922413964
0.2,0.6,0.7,0.5,0.40934134,49925,0.04515217970425978
0.4,0.3,0.7,0.7,0.4093427,49925,0.044419299755942505
0.1,0.8,0.3,0.4,0.40934289,49925,0.043125889291433725
0.2,0.8,0.5,0.3,0.40934706,49925,0.044836162629151965
0.8,0.4,0.1,0.8,0.40936244,49925,0.03937734995042002
0.5,0.5,0.9,0.9,0.40936777,49925,0.04490684434900082
0.1,0.7,0.2,0.7,0.40938434,49925,0.04146741552767722
0.3,0.3,0.2,0.7,0.4093929,49925,0.0432820801954458
0.2,0.8,0.6,0.3,0.40939492,49925,0.044846079668471074
0.3,0.3,0.8,0.7,0.40939748,49925,0.04435071682995627
0.8,0.4,0.7,0.9,0.40939894,49925,0.044076258837334646
0.2,0.5,0.2,0.8,0.40940234,49925,0.0426031979211538
0.8,0.3,0.2,0.8,0.4094033,49925,0.04101128419163173
0.7,0.3,0.2,0.8,0.40940356,49925,0.04146036911677827
0.2,0.7,0.2,0.9,0.40941364,49925,0.04175044338299832
0.3,0.5,0.6,0.6,0.40941405,49925,0.04542450248287952
0.6,0.5,0.8,0.9,0.4094248,49925,0.044902738710598335
0.9,0.2,0.3,0.7,0.40942663,49925,0.04100200590148661
0.5,0.2,0.9,0.3,0.40942815,49925,0.042291646831976434
0.2,0.2,0.6,0.1,0.40942833,49925,0.04321607706496035
0.2,0.9,0.5,0.3,0.40943342,49925,0.04456071469717919
0.6,0.2,0.9,0.2,0.40944198,49925,0.04143670533234467
0.6,0.1,0.6,0.3,0.4094474,49925,0.0406976958024267
0.1,0.9,0.3,0.3,0.40945056,49925,0.04256481061138814
0.2,0.7,0.4,0.8,0.4094576,49925,0.0443737864787673
0.7,0.5,0.1,0.9,0.4094589,49925,0.03976518299177724
0.2,0.5,0.6,0.5,0.4094715,49925,0.04524585289363768
0.5,0.5,0.6,0.8,0.40947726,49925,0.04519503294254703
0.3,0.2,0.5,0.5,0.4094818,49925,0.04424754147401826
0.2,0.9,0.6,0.3,0.4094866,49925,0.04465934551370347
0.4,0.8,0.7,0.9,0.40949544,49925,0.04546638211458033
0.7,0.3,0.8,0.8,0.4095044,49925,0.043616497393527055
0.2,0.7,0.9,0.5,0.40951246,49925,0.04488983285562368
0.4,0.9,0.8,0.9,0.40951756,49925,0.045482625813932476
0.3,0.1,0.3,0.3,0.40952602,49925,0.04305546682135003
0.9,0.3,0.9,0.9,0.40952602,49925,0.04305546682135003
0.6,0.2,0.6,0.6,0.40952602,49925,0.04305546682135003
0.2,0.8,0.4,0.1,0.40953183,49925,0.04425581050448178
0.1,0.5,0.5,0.2,0.40953186,49925,0.04454610287812752
0.8,0.1,0.3,0.2,0.4095345,49925,0.0382028211182836
0.2,0.5,0.9,0.6,0.40954083,49925,0.044766728353838034
0.2,0.2,0.1,0.4,0.4095432,49925,0.04288086581761576
0.4,0.4,0.2,0.8,0.4095432,49925,0.04288086581761576
0.3,0.9,0.6,0.6,0.4095445,49925,0.04529123117864601
0.1,0.3,0.2,0.2,0.4095445,49925,0.04529123117864601
0.2,0.6,0.4,0.4,0.4095445,49925,0.04529123117864601
0.1,0.4,0.6,0.2,0.40954778,49925,0.044477380676076664
0.8,0.1,0.2,0.3,0.40955222,49925,0.038377780490761966
0.9,0.3,0.2,0.8,0.40955412,49925,0.040561628719637755
0.2,0.3,0.2,0.6,0.4095591,49925,0.04385866454866814
0.2,0.9,0.8,0.4,0.40956593,49925,0.044725826522808446
0.1,0.4,0.2,0.5,0.40956932,49925,0.04362440685348888
0.5,0.4,0.9,0.9,0.40957016,49925,0.04450463422669171
0.6,0.4,0.1,0.8,0.4095775,49925,0.04010485654536085
0.5,0.2,0.4,0.5,0.4095866,49925,0.043555964764309146
0.4,0.2,0.9,0.6,0.40958774,49925,0.043277553993024936
0.3,0.7,0.8,0.7,0.40959054,49925,0.045323800125434084
0.6,0.2,0.8,0.7,0.40959108,49925,0.04298923799917633
0.6,0.3,0.1,0.7,0.40959716,49925,0.04002924517739335
0.5,0.2,0.8,0.1,0.40959913,49925,0.04140647755397804
0.5,0.5,0.5,0.9,0.40961227,49925,0.04494659210252771
0.3,0.4,0.8,0.7,0.4096256,49925,0.04481831412352537
0.4,0.4,0.7,0.7,0.40962613,49925,0.04493426692618661
0.5,0.2,0.8,0.7,0.40963203,49925,0.04326705135214592
0.2,0.3,0.3,0.4,0.40964442,49925,0.04544939030910954
0.4,0.6,0.6,0.8,0.40964442,49925,0.04544939030910954
0.9,0.4,0.6,0.9,0.40964738,49925,0.043713543678294595
0.5,0.3,0.1,0.7,0.4096594,49925,0.040449421606592914
0.1,0.6,0.6,0.1,0.40966046,49925,0.04417109838187762
0.4,0.9,0.7,0.9,0.40966192,49925,0.04541927229129412
0.3,0.3,0.5,0.5,0.4096622,49925,0.044999890893786684
0.3,0.3,0.9,0.1,0.40966627,49925,0.04296218405330142
0.4,0.3,0.1,0.7,0.40966782,49925,0.04080719470576429
0.2,0.9,0.7,0.3,0.40967363,49925,0.044653497187654094
0.5,0.3,0.3,0.8,0.40967625,49925,0.043487496156601496
0.7,0.3,0.5,0.7,0.40968078,49925,0.043682717787611076
0.2,0.7,0.9,0.6,0.4096822,49925,0.04491998345918873
0.3,0.4,0.9,0.8,0.40968338,49925,0.04460468544638762
0.3,0.7,0.5,0.8,0.40968418,49925,0.045179431425154855
0.2,0.8,0.7,0.4,0.4096881,49925,0.04490993991843918
0.7,0.1,0.5,0.1,0.4096888,49925,0.03833605020493042
0.2,0.6,0.5,0.4,0.40969455,49925,0.04533441064359015
0.4,0.5,0.1,0.9,0.40969524,49925,0.040243848463261414
0.1,0.4,0.6,0.1,0.40970057,49925,0.04418867864215281
0.2,0.4,0.1,0.7,0.40971094,49925,0.04086631806446788
0.9,0.3,0.4,0.9,0.4097132,49925,0.042473547926886304
0.5,0.5,0.1,0.9,0.40971595,49925,0.040191431266790645
0.1,0.9,0.3,0.9,0.40971893,49925,0.04178307724699927
0.4,0.5,0.7,0.7,0.40972888,49925,0.04527740967046811
0.2,0.8,0.9,0.5,0.40973586,49925,0.04484315141543319
0.2,0.7,0.6,0.4,0.4097415,49925,0.0451163651404094
0.1,0.7,0.3,0.5,0.40974492,49925,0.04348725442266152
0.2,0.9,0.4,0.1,0.40974665,49925,0.04386426654517956
0.5,0.1,0.3,0.3,0.40974733,49925,0.04138683290170648
0.8,0.3,0.7,0.8,0.4097486,49925,0.04339718956706916
0.6,0.3,0.4,0.7,0.40976197,49925,0.04387521029623317
0.4,0.5,0.5,0.8,0.4097726,49925,0.045229978758259
0.3,0.9,0.7,0.6,0.40977836,49925,0.04533321216191305
0.4,0.7,0.6,0.9,0.40978003,49925,0.0453858404613556
0.3,0.4,0.4,0.6,0.40978187,49925,0.04535026560167198
0.8,0.3,0.4,0.9,0.4097849,49925,0.04286694065278924
0.1,0.8,0.3,0.8,0.40978575,49925,0.042370535153179914
0.2,0.9,0.5,0.4,0.40979835,49925,0.044652266734486655
0.8,0.1,0.5,0.1,0.40979964,49925,0.03770408949003162
0.7,0.4,0.5,0.9,0.40980977,49925,0.04412548972376861
0.3,0.2,0.8,0.6,0.4098102,49925,0.043621994040289366
0.3,0.7,0.6,0.7,0.4098123,49925,0.04545415707511119
0.7,0.3,0.7,0.8,0.40981287,49925,0.04368372184792501
0.3,0.1,0.5,0.2,0.4098235,49925,0.04213291718569778
0.3,0.2,0.8,0.5,0.40982464,49925,0.04358859682844974
0.4,0.2,0.9,0.5,0.40982544,49925,0.04313832142576052
0.4,0.3,0.5,0.6,0.40982658,49925,0.044743475759099066
0.5,0.1,0.5,0.1,0.40983015,49925,0.039746522758705875
0.6,0.1,0.6,0.4,0.40983889,49925,0.04118502997739334
0.1,0.7,0.3,0.6,0.4098553,49925,0.04328776062599856
0.7,0.1,0.6,0.3,0.4098799,49925,0.04014394058468712
0.3,0.2,0.2,0.5,0.40988332,49925,0.04381732589072751
0.6,0.4,0.5,0.8,0.40988803,49925,0.044527759159152365
0.7,0.4,0.7,0.9,0.40989012,49925,0.044326373987584516
0.9,0.2,0.4,0.5,0.4098907,49925,0.04136064233363456
0.6,0.5,0.7,0.9,0.4099201,49925,0.044968818320067494
0.2,0.5,0.3,0.9,0.40993112,49925,0.043560218451596966
0.1,0.4,0.1,0.5,0.40993425,49925,0.04116782019161139
0.9,0.1,0.5,0.1,0.40993518,49925,0.03708532037029034
0.4,0.3,0.3,0.7,0.40994522,49925,0.044172361297610215
0.3,0.3,0.4,0.5,0.40995455,49925,0.045148218409671856
0.6,0.1,0.5,0.1,0.4099573,49925,0.0390233345475267
0.5,0.4,0.1,0.8,0.40996167,49925,0.040386246240180196
0.4,0.4,0.1,0.8,0.4099639,49925,0.04056711135674588
0.3,0.3,0.9,0.7,0.40996623,49925,0.044164581207682775
0.4,0.6,0.7,0.8,0.40997925,49925,0.04544082254777876
0.3,0.9,0.6,0.7,0.40998304,49925,0.04523481183836853
0.2,0.6,0.4,0.5,0.4099941,49925,0.045202967143103887
0.1,0.4,0.6,0.3,0.4100014,49925,0.04459821112848775
0.3,0.9,0.8,0.6,0.4100061,49925,0.04531159154529893
0.4,0.8,0.9,0.9,0.41000736,49925,0.045398437265502044
0.1,0.6,0.1,0.9,0.4100082,49925,0.038251849444009806
0.4,0.9,0.9,0.9,0.41001427,49925,0.045441005416166504
0.7,0.2,0.3,0.6,0.41002515,49925,0.04211064019874686
0.3,0.2,0.8,0.3,0.4100302,49925,0.04317101333152515
0.3,0.8,0.6,0.7,0.41003183,49925,0.04536338814586927
0.3,0.2,0.7,0.1,0.41003442,49925,0.04251983942997982
0.1,0.6,0.2,0.7,0.41003668,49925,0.041849936660070426
0.2,0.2,0.4,0.4,0.41003707,49925,0.0447679254330137
0.3,0.3,0.6,0.6,0.41003707,49925,0.04476792543301371
0.4,0.4,0.8,0.8,0.41003707,49925,0.0447679254330137
0.1,0.1,0.2,0.2,0.41003707,49925,0.0447679254330137
0.5,0.6,0.9,0.9,0.41003868,49925,0.04518749900613242
0.1,0.2,0.4,0.3,0.4100485,49925,0.04469683049662806
0.2,0.4,0.8,0.6,0.4100485,49925,0.04469683049662806
0.7,0.3,0.9,0.9,0.41008162,49925,0.04355809746999828
0.3,0.4,0.2,0.8,0.41008368,49925,0.04295002263391669
0.7,0.1,0.6,0.4,0.41008702,49925,0.04066142562709232
0.9,0.1,0.5,0.3,0.41009262,49925,0.0389094854250077
0.2,0.6,0.8,0.6,0.41009772,49925,0.04501254951958567
0.1,0.3,0.4,0.3,0.41009772,49925,0.04501254951958567
0.2,0.5,0.1,0.8,0.41010666,49925,0.040107606973169965
0.3,0.6,0.9,0.8,0.41012192,49925,0.04511113813740608
0.2,0.4,0.3,0.6,0.41012213,49925,0.04489941941425877
0.8,0.1,0.6,0.2,0.4101295,49925,0.038843040220013066
0.2,0.3,0.4,0.4,0.41012973,49925,0.04532661036756662
0.4,0.6,0.8,0.8,0.41012973,49925,0.04532661036756662
0.8,0.4,0.6,0.9,0.4101307,49925,0.04401386200905148
0.1,0.6,0.5,0.1,0.4101364,49925,0.04416957737340114
0.1,0.9,0.2,0.8,0.4101377,49925,0.040447574922836765
0.8,0.2,0.2,0.7,0.4101458,49925,0.04034242850384139
0.6,0.5,0.6,0.9,0.41014814,49925,0.044901127008736864
0.5,0.4,0.2,0.9,0.41016337,49925,0.04232444413490591
0.8,0.3,0.9,0.9,0.4101681,49925,0.04331255480668248
0.5,0.6,0.7,0.9,0.4101787,49925,0.045340556034623836
0.1,0.4,0.2,0.6,0.41018903,49925,0.04306784773384069
0.5,0.2,0.9,0.7,0.4101905,49925,0.04311334401559666
0.1,0.7,0.3,0.4,0.41019058,49925,0.043619396819160244
0.7,0.1,0.2,0.3,0.41019115,49925,0.03920425002856391
0.2,0.7,0.8,0.5,0.4102121,49925,0.04499172816501116
0.4,0.4,0.6,0.7,0.41022438,49925,0.04506872122760794
0.9,0.3,0.1,0.8,0.41023582,49925,0.03842166791625687
0.2,0.7,0.4,0.9,0.41024184,49925,0.044096931143381396
0.1,0.6,0.5,0.2,0.4102445,49925,0.0443508751245932
0.3,0.7,0.7,0.7,0.41025126,49925,0.04542536825222899
0.8,0.3,0.1,0.8,0.410253,49925,0.03885208175896247
0.5,0.4,0.4,0.9,0.41026247,49925,0.044330493924780424
0.9,0.4,0.1,0.9,0.4102636,49925,0.038830229857701966
0.5,0.2,0.3,0.5,0.4102731,49925,0.04339768378971904
0.4,0.5,0.8,0.8,0.41028303,49925,0.045099684326875236
0.3,0.7,0.9,0.8,0.41028863,49925,0.045199158108568394
0.3,0.7,0.5,0.9,0.41029492,49925,0.04499382196155474
0.4,0.8,0.8,0.9,0.4103039,49925,0.04547491883838834
0.2,0.1,0.3,0.3,0.4103099,49925,0.04376146377422851
0.4,0.2,0.6,0.6,0.4103099,49925,0.04376146377422851
0.6,0.3,0.9,0.9,0.4103099,49925,0.043761463774228515
0.2,0.3,0.7,0.6,0.4103102,49925,0.0445245945458807
0.5,0.2,0.6,0.6,0.4103111,49925,0.04343979277323606
0.4,0.6,0.6,0.9,0.41031247,49925,0.04535437089239886
0.1,0.4,0.5,0.3,0.41031528,49925,0.0448022339145441
0.6,0.3,0.2,0.8,0.41031778,49925,0.041891314072898804
0.7,0.4,0.1,0.8,0.41031823,49925,0.03975634971348063
0.5,0.1,0.5,0.4,0.41031846,49925,0.04177947238987207
0.8,0.1,0.4,0.3,0.41031903,49925,0.039330003024861414
0.3,0.2,0.7,0.6,0.4103218,49925,0.04381730170614679
0.4,0.2,0.1,0.5,0.4103231,49925,0.04116660023468041
0.2,0.9,0.9,0.5,0.4103312,49925,0.044774499902679704
0.4,0.3,0.8,0.8,0.4103396,49925,0.044244855118854905
0.3,0.6,0.5,0.7,0.41034558,49925,0.04540172367605376
0.9,0.1,0.6,0.2,0.41034713,49925,0.03829253715967881
0.3,0.8,0.8,0.7,0.4103473,49925,0.04535118517115264
0.2,0.4,0.9,0.6,0.41034955,49925,0.04452208155624778
0.9,0.2,0.9,0.8,0.41035688,49925,0.04211173368866372
0.8,0.1,0.6,0.3,0.41036376,49925,0.039600497984533974
0.1,0.5,0.3,0.1,0.41036785,49925,0.04433031113247949
0.2,0.2,0.7,0.3,0.41037405,49925,0.043668700731448684
0.9,0.2,0.1,0.7,0.41038236,49925,0.03766000362738842
0.7,0.3,0.4,0.8,0.41038358,49925,0.04336832910483712
0.2,0.5,0.7,0.6,0.41038767,49925,0.0450629312752485
0.3,0.5,0.1,0.9,0.41039693,49925,0.04010722800581574
0.6,0.3,0.7,0.8,0.4104067,49925,0.043954700380925124
0.2,0.3,0.8,0.6,0.41041398,49925,0.04430474598347515
0.2,0.5,0.4,0.5,0.4104189,49925,0.04538119984682391
0.6,0.1,0.5,0.4,0.41043156,49925,0.041189586665882086
0.2,0.4,0.9,0.1,0.41043168,49925,0.0435940517514711
0.9,0.3,0.5,0.8,0.41043806,49925,0.04290390886283299
0.4,0.1,0.5,0.4,0.41043946,49925,0.042326197362793506
0.1,0.5,0.1,0.7,0.41044137,49925,0.039577742208363
0.5,0.4,0.7,0.8,0.41044495,49925,0.04476242263103282
0.3,0.9,0.7,0.7,0.41044506,49925,0.04533490800630312
0.9,0.2,0.5,0.6,0.4104478,49925,0.04177221447531702
0.8,0.1,0.6,0.4,0.4104561,49925,0.04013203923789603
0.3,0.6,0.7,0.7,0.410461,49925,0.04537105265483619
0.1,0.8,0.3,0.9,0.41046304,49925,0.042077526141558824
0.2,0.2,0.7,0.4,0.41047603,49925,0.04384947518729225
0.2,0.6,0.2,0.9,0.41047713,49925,0.041987452607435576
0.3,0.6,0.6,0.7,0.41048154,49925,0.04545392429434862
0.2,0.3,0.8,0.2,0.41048217,49925,0.04377079017027436
0.5,0.1,0.6,0.4,0.41049138,49925,0.041669529771557495
0.5,0.4,0.6,0.8,0.41049927,49925,0.04484285867282561
0.6,0.1,0.2,0.3,0.41051418,49925,0.040099766043926455
0.6,0.2,0.1,0.6,0.4105161,49925,0.039533231101180955
0.7,0.4,0.6,0.9,0.41051888,49925,0.044288370347846405
0.9,0.1,0.6,0.3,0.4105273,49925,0.039067473548281134
0.5,0.6,0.8,0.9,0.41053212,49925,0.04528287277130103
0.9,0.1,0.3,0.2,0.41054323,49925,0.03750298370894456
0.7,0.1,0.6,0.2,0.41054645,49925,0.039433182382373345
0.3,0.4,0.1,0.8,0.4105502,49925,0.04061133925643882
0.5,0.1,0.6,0.3,0.41057754,49925,0.041249613515188494
0.4,0.2,0.8,0.7,0.4105795,49925,0.043470678103438756
0.2,0.3,0.9,0.5,0.41058123,49925,0.044048800440138945
0.2,0.2,0.7,0.5,0.41058576,49925,0.04388022929750275
0.3,0.5,0.9,0.8,0.41058928,49925,0.044908774119069024
0.5,0.3,0.6,0.7,0.41059095,49925,0.04432605469472775
0.7,0.3,0.1,0.8,0.41059583,49925,0.03928951354184785
0.1,0.8,0.2,0.8,0.41059732,49925,0.04078744562211445
0.6,0.3,0.5,0.7,0.41059995,49925,0.04406311751584106
0.1,0.4,0.3,0.2,0.41060024,49925,0.044949846836220615
0.2,0.8,0.6,0.4,0.41060024,49925,0.044949846836220615
0.5,0.3,0.5,0.7,0.4106011,49925,0.04438888852487352
0.1,0.5,0.1,0.8,0.4106032,49925,0.03903740622234935
0.4,0.7,0.9,0.9,0.41060522,49925,0.04533695782890079
0.3,0.9,0.8,0.7,0.41061243,49925,0.04532626670206117
0.8,0.2,0.3,0.7,0.41061318,49925,0.04152734075374689
0.2,0.4,0.7,0.6,0.41061655,49925,0.044876112540394614
0.4,0.7,0.8,0.9,0.41061658,49925,0.04541629116487429
0.5,0.5,0.6,0.9,0.4106198,49925,0.045086117213190786
0.9,0.1,0.1,0.4,0.41062802,49925,0.035959767762316776
0.3,0.4,0.3,0.9,0.41063446,49925,0.04382032929391658
0.1,0.5,0.7,0.2,0.41064453,49925,0.04429595360287333
0.4,0.4,0.5,0.7,0.41065443,49925,0.04512385756579363
0.8,0.3,0.6,0.8,0.4106624,49925,0.043395608698628664
0.2,0.2,0.6,0.5,0.4106797,49925,0.044141742805875704
0.9,0.2,0.2,0.7,0.41068056,49925,0.03979924002910072
0.9,0.3,0.6,0.8,0.4106839,49925,0.043055977974378476
0.2,0.8,0.5,0.4,0.41068813,49925,0.04492886741747977
0.3,0.5,0.2,0.9,0.41069025,49925,0.042513044382659515
0.2,0.7,0.5,0.4,0.41069603,49925,0.04514529296444202
0.4,0.7,0.7,0.9,0.41071987,49925,0.045450393680842145
0.1,0.5,0.4,0.2,0.41073543,49925,0.04460519987197921
0.4,0.2,0.4,0.5,0.41073555,49925,0.04405083917821881
0.3,0.9,0.9,0.7,0.41074494,49925,0.045253620951909754
0.3,0.8,0.6,0.8,0.41074732,49925,0.04528079506555661
0.6,0.1,0.3,0.3,0.41075522,49925,0.0405659732814535
0.3,0.9,0.6,0.8,0.41076493,49925,0.04516020098839303
0.9,0.2,0.9,0.1,0.4107666,49925,0.03955376871515062
0.4,0.3,0.4,0.6,0.41076866,49925,0.04473883931782419
0.2,0.9,0.5,0.6,0.41078407,49925,0.04466803519865381
0.3,0.4,0.5,0.6,0.41078958,49925,0.045347925445428074
0.6,0.4,0.8,0.9,0.41079152,49925,0.04445963830988113
0.2,0.8,0.8,0.5,0.41081136,49925,0.04493878933630173
0.7,0.3,0.6,0.8,0.41081303,49925,0.04372736335039124
0.2,0.3,0.1,0.6,0.41081595,49925,0.04157593367234267
0.6,0.2,0.5,0.6,0.41081896,49925,0.04314493211774291
0.1,0.7,0.3,0.7,0.41082266,49925,0.04300528933933966
0.1,0.3,0.2,0.3,0.410824,49925,0.04505058909066148
0.3,0.9,0.6,0.9,0.410824,49925,0.04505058909066149
0.2,0.6,0.4,0.6,0.410824,49925,0.04505058909066148
0.8,0.4,0.1,0.9,0.41082862,49925,0.03919046314544373
0.3,0.5,0.7,0.7,0.4108328,49925,0.045236626069822365
0.9,0.3,0.8,0.9,0.41083735,49925,0.043111233043171805
0.4,0.4,0.9,0.9,0.4108394,49925,0.04457455766799703
0.4,0.1,0.5,0.1,0.4108461,49925,0.040486717455411846
0.3,0.4,0.6,0.6,0.4108516,49925,0.045191193275908356
0.3,0.5,0.4,0.9,0.4108608,49925,0.04465304537806757
0.4,0.3,0.3,0.8,0.41086125,49925,0.04382783440025108
0.2,0.9,0.5,0.7,0.41086233,49925,0.04456884673699555
0.8,0.3,0.8,0.9,0.4108625,49925,0.04337733850952025
0.8,0.2,0.5,0.6,0.41086552,49925,0.0422161762938321
0.5,0.4,0.5,0.8,0.4108688,49925,0.044789631601959916
0.4,0.2,0.9,0.4,0.41087374,49925,0.04291304728696964
0.3,0.6,0.5,0.8,0.41087484,49925,0.045249926368071576
0.2,0.9,0.5,0.8,0.4108992,49925,0.04443786449792917
0.2,0.4,0.3,0.7,0.41092306,49925,0.04448864761410654
0.2,0.6,0.9,0.7,0.41092345,49925,0.044865220587508726
0.3,0.8,0.7,0.7,0.4109434,49925,0.0454144948024091
0.3,0.2,0.6,0.6,0.41094545,49925,0.04401095936316473
0.5,0.3,0.9,0.9,0.41094598,49925,0.043955535582438025
0.6,0.4,0.7,0.9,0.410955,49925,0.0445403150368399
0.2,0.6,0.4,0.7,0.41095623,49925,0.044847346463830914
0.7,0.2,0.5,0.6,0.41096258,49925,0.04267031996477743
0.2,0.4,0.5,0.5,0.4109664,49925,0.04530482321549343
0.1,0.7,0.3,0.3,0.41097024,49925,0.04364970282796243
0.1,0.5,0.2,0.7,0.4109854,49925,0.04220612145225545
0.2,0.2,0.2,0.4,0.41098633,49925,0.044773480360928104
0.1,0.1,0.1,0.2,0.41098633,49925,0.044773480360928104
0.3,0.3,0.3,0.6,0.41098633,49925,0.044773480360928104
0.4,0.4,0.4,0.8,0.41098633,49925,0.044773480360928104
0.4,0.2,0.7,0.7,0.41098964,49925,0.043615783423383965
0.6,0.2,0.3,0.6,0.4109937,49925,0.04270623261831944
0.2,0.5,0.1,0.9,0.41100553,49925,0.03963064551564758
0.1,0.4,0.7,0.2,0.41100827,49925,0.044170154907134614
0.7,0.4,0.1,0.9,0.41100964,49925,0.03950957535385683
0.5,0.3,0.2,0.8,0.41100982,49925,0.04227625799057178
0.5,0.2,0.7,0.7,0.41103432,49925,0.043364464003441926
0.9,0.2,0.7,0.7,0.41103673,49925,0.0419936085575775
0.3,0.2,0.1,0.5,0.4110398,49925,0.041772313427020306
0.6,0.4,0.5,0.9,0.4110471,49925,0.04443495312515051
0.8,0.2,0.9,0.8,0.41107368,49925,0.04241305756127417
0.2,0.8,0.5,0.5,0.41107482,49925,0.04493846476449025
0.8,0.2,0.7,0.7,0.41107723,49925,0.04235834403063349
0.7,0.3,0.8,0.9,0.41107914,49925,0.0436356363887341
0.2,0.9,0.5,0.1,0.411089,49925,0.04422502173179731
0.1,0.6,0.7,0.2,0.41109115,49925,0.04428415767979892
0.4,0.2,0.9,0.7,0.41109452,49925,0.04331682395425101
0.1,0.5,0.7,0.3,0.41109464,49925,0.04444462928811261
0.9,0.1,0.4,0.3,0.41109493,49925,0.03869771417338124
0.3,0.7,0.6,0.8,0.41110042,49925,0.04535016467990731
0.1,0.3,0.6,0.2,0.41111383,49925,0.04420713976082854
0.1,0.3,0.6,0.3,0.4111141,49925,0.044405659396340384
0.2,0.7,0.7,0.5,0.4111267,49925,0.04508687883113687
0.2,0.4,0.4,0.5,0.41113937,49925,0.04541187732075387
0.6,0.2,0.2,0.7,0.4111404,49925,0.04141187775223311
0.1,0.7,0.7,0.1,0.4111446,49925,0.04400889953013918
0.7,0.2,0.2,0.7,0.41114873,49925,0.040860924337321684
0.6,0.1,0.6,0.2,0.41115052,49925,0.04000182585609054
0.1,0.4,0.2,0.7,0.4111696,49925,0.04248340423607044
0.2,0.3,0.2,0.7,0.41118547,49925,0.043252125645517885
0.2,0.5,0.9,0.7,0.41119754,49925,0.044723942028781015
0.4,0.4,0.2,0.9,0.41121066,49925,0.04250532012786092
0.8,0.2,0.1,0.7,0.41121954,49925,0.03817709557486639
0.9,0.2,0.3,0.8,0.4112338,49925,0.0409508938977365
0.8,0.2,0.9,0.1,0.41123742,49925,0.03996261468358078
0.3,0.8,0.9,0.8,0.4112398,49925,0.045261680696511805
0.1,0.7,0.2,0.8,0.4112498,49925,0.04111951601067531
0.1,0.7,0.3,0.8,0.4112538,49925,0.04270816751499689
0.5,0.3,0.3,0.9,0.4112748,49925,0.04317364152701366
0.5,0.5,0.8,0.9,0.4112903,49925,0.04501808872834778
0.1,0.5,0.6,0.3,0.41130883,49925,0.044596258295156475
0.1,0.5,0.7,0.1,0.41131732,49925,0.044057293843741956
0.3,0.3,0.7,0.7,0.41131747,49925,0.04451297303524429
0.5,0.5,0.7,0.9,0.41131777,49925,0.04508404465930273
0.3,0.5,0.5,0.7,0.41133103,49925,0.04539151949260597
0.2,0.9,0.6,0.4,0.4113332,49925,0.04478064699577237
0.2,0.5,0.2,0.9,0.41133568,49925,0.04215806169417375
0.4,0.2,0.9,0.3,0.41134432,49925,0.0425851690138179
0.2,0.4,0.2,0.8,0.41134977,49925,0.04270813957049896
0.1,0.2,0.1,0.4,0.41134977,49925,0.04270813957049896
0.8,0.2,0.3,0.8,0.41136035,49925,0.041421462223446115
0.7,0.1,0.5,0.4,0.41136083,49925,0.04061452898722798
0.7,0.2,0.3,0.7,0.41136172,49925,0.04205220463298921
0.1,0.6,0.4,0.1,0.41136307,49925,0.04409173058577988
0.1,0.6,0.7,0.1,0.4113644,49925,0.04408474541931695
0.2,0.6,0.5,0.5,0.41137218,49925,0.04533780498051114
0.8,0.1,0.1,0.4,0.41137484,49925,0.03667745544930925
0.1,0.9,0.2,0.9,0.41138527,49925,0.0401766423698545
0.1,0.2,0.5,0.2,0.41138545,49925,0.04412705170858308
0.3,0.8,0.6,0.9,0.41138732,49925,0.04516325446453455
0.4,0.3,0.9,0.9,0.41139364,49925,0.04404862960234234
0.2,0.1,0.1,0.3,0.41139603,49925,0.04283813539481747
0.4,0.2,0.2,0.6,0.41139603,49925,0.04283813539481747
0.6,0.3,0.3,0.9,0.41139603,49925,0.04283813539481746
0.1,0.5,0.3,0.2,0.4114043,49925,0.04455892936479789
0.7,0.2,0.7,0.7,0.41140717,49925,0.042718457424099375
0.7,0.2,0.9,0.8,0.4114203,49925,0.042684772021173614
0.1,0.6,0.6,0.2,0.41142035,49925,0.04433126735045582
0.8,0.3,0.5,0.8,0.41142446,49925,0.04328761827592087
0.4,0.5,0.7,0.8,0.41142693,49925,0.045215091587666276
0.2,0.8,0.5,0.6,0.41143033,49925,0.044910644122027034
0.5,0.3,0.7,0.8,0.41143033,49925,0.044196512128509065
0.5,0.2,0.9,0.2,0.4114311,49925,0.04177592888719463
0.9,0.3,0.2,0.9,0.41143388,49925,0.04043399696175002
0.2,0.9,0.5,0.9,0.41144973,49925,0.044276789578454843
0.3,0.6,0.8,0.8,0.41145155,49925,0.0452310176607681
0.3,0.3,0.1,0.7,0.41145378,49925,0.04100881938682809
0.5,0.1,0.2,0.3,0.41145408,49925,0.04104323871186509
0.8,0.1,0.5,0.4,0.41146174,49925,0.04003883656443057
0.9,0.1,0.6,0.4,0.41146564,49925,0.03962567628576744
0.5,0.2,0.5,0.6,0.41146967,49925,0.04353364247468953
0.2,0.9,0.5,0.5,0.41147763,49925,0.04468825854340093
0.6,0.2,0.7,0.7,0.41147885,49925,0.04306753306070893
0.2,0.4,0.9,0.7,0.41149896,49925,0.044453307871529985
0.2,0.5,0.5,0.5,0.41152698,49925,0.0453745504759967
0.3,0.9,0.7,0.8,0.41153276,49925,0.04528843578710084
0.1,0.2,0.5,0.3,0.4115358,49925,0.04430736257595075
0.2,0.8,0.9,0.6,0.41153702,49925,0.044902664682999194
0.3,0.2,0.2,0.6,0.41154772,49925,0.04332646784993102
0.2,0.9,0.7,0.4,0.41154844,49925,0.04477184064276181
0.6,0.3,0.6,0.8,0.4115507,49925,0.04404364205888398
0.5,0.4,0.1,0.9,0.4115582,49925,0.04002771629816244
0.1,0.7,0.3,0.9,0.41156128,49925,0.04235368060536313
0.5,0.2,0.1,0.6,0.41156158,49925,0.04013702037802959
0.1,0.5,0.1,0.9,0.4115721,49925,0.03849328606079461
0.6,0.4,0.6,0.9,0.41159877,49925,0.04454840741445469
0.6,0.1,0.1,0.4,0.41160482,49925,0.03832631071099771
0.7,0.3,0.4,0.9,0.41162023,49925,0.04325411955994225
0.2,0.4,0.8,0.7,0.41163552,49925,0.0446368246345488
0.3,0.4,0.4,0.7,0.41163945,49925,0.045138314017360605
0.2,0.7,0.5,0.5,0.41164035,49925,0.045165020109459456
0.2,0.3,0.8,0.1,0.41164044,49925,0.043273740753706644
0.1,0.9,0.3,0.2,0.41164616,49925,0.04240130459136421
0.3,0.8,0.8,0.8,0.41164753,49925,0.045319861225990625
0.3,0.5,0.6,0.7,0.41165003,49925,0.04537018792470613
0.5,0.4,0.8,0.9,0.41166922,49925,0.0446168992405968
0.1,0.4,0.1,0.6,0.41167057,49925,0.04055916668121498
0.4,0.5,0.9,0.9,0.4116741,49925,0.04494850834719475
0.2,0.9,0.8,0.5,0.4116804,49925,0.04484454522442293
0.1,0.7,0.6,0.1,0.41169032,49925,0.04399498732171064
0.3,0.7,0.8,0.8,0.41169226,49925,0.045313069642970466
0.4,0.5,0.6,0.8,0.4117112,49925,0.045301521279005046
0.9,0.2,0.4,0.6,0.4117127,49925,0.04155312691572134
0.6,0.4,0.1,0.9,0.41171798,49925,0.0398128303709723
0.2,0.7,0.5,0.6,0.41175535,49925,0.045098911113220806
0.7,0.2,0.4,0.6,0.41175744,49925,0.042575204431235254
0.3,0.6,0.5,0.9,0.4117606,49925,0.04506194299752577
0.2,0.8,0.5,0.7,0.41176245,49925,0.04481722162969361
0.2,0.6,0.6,0.5,0.4117636,49925,0.04525669467492156
0.7,0.1,0.1,0.4,0.41176513,49925,0.0374787955252732
0.2,0.7,0.8,0.6,0.41177464,49925,0.0450221503462646
0.2,0.5,0.8,0.7,0.4117834,49925,0.04487552055381699
0.4,0.6,0.7,0.9,0.41179025,49925,0.04536500477481946
0.6,0.3,0.1,0.8,0.41179165,49925,0.039698378428595374
0.8,0.1,0.2,0.4,0.4117938,49925,0.03878619474418168
0.3,0.9,0.9,0.8,0.41179776,49925,0.045255881477031044
0.3,0.3,0.9,0.8,0.4118013,49925,0.04411286215016293
0.2,0.3,0.9,0.4,0.41181323,49925,0.0439280966818668
0.3,0.6,0.6,0.8,0.41181687,49925,0.04537323644701186
0.3,0.7,0.7,0.8,0.41182175,49925,0.04537610121300891
0.8,0.1,0.7,0.4,0.41182852,49925,0.040142364879938025
0.3,0.9,0.8,0.8,0.4118356,49925,0.045299768688954314
0.7,0.1,0.3,0.3,0.41183588,49925,0.03978246792125287
0.9,0.3,0.7,0.9,0.4118443,49925,0.04313349264599819
0.5,0.3,0.4,0.7,0.41184467,49925,0.04427513237761675
0.1,0.6,0.4,0.2,0.4118539,49925,0.044327311538171786
0.1,0.6,0.3,0.2,0.4118641,49925,0.0440629202799871
0.4,0.1,0.2,0.3,0.41186595,49925,0.04204833748930108
0.8,0.2,0.4,0.6,0.41186595,49925,0.04204833748930108
0.1,0.4,0.7,0.3,0.41187558,49925,0.04433955982527527
0.3,0.9,0.7,0.9,0.41187772,49925,0.0452100860060417
0.4,0.2,0.3,0.5,0.41187847,49925,0.043969495295738924
0.1,0.6,0.3,0.5,0.41188106,49925,0.04393473127918021
0.1,0.4,0.7,0.4,0.41188866,49925,0.044442622280202064
0.4,0.2,0.8,0.1,0.41189027,49925,0.041760427966285915
0.2,0.2,0.5,0.5,0.41191512,49925,0.044390018247130215
0.7,0.2,0.3,0.8,0.41191787,49925,0.04189706621984608
0.1,0.8,0.3,0.2,0.41191825,49925,0.04297812254450169
0.1,0.7,0.5,0.2,0.41192448,49925,0.04412233454735157
0.4,0.6,0.9,0.9,0.41193655,49925,0.04518137067428213
0.4,0.1,0.6,0.3,0.41193703,49925,0.041797887810543964
0.3,0.3,0.3,0.7,0.41195363,49925,0.04441339105926004
0.1,0.3,0.1,0.5,0.4119592,49925,0.0416102787631127
0.1,0.6,0.3,0.4,0.41195995,49925,0.04411813961961492
0.2,0.5,0.4,0.6,0.41196346,49925,0.04519824087494261
0.8,0.3,0.7,0.9,0.41196525,49925,0.04341854923263335
0.3,0.1,0.5,0.4,0.41198173,49925,0.04283149925262264
0.9,0.1,0.2,0.4,0.41199282,49925,0.03805362638061303
0.4,0.5,0.5,0.9,0.41199383,49925,0.04506865099610978
0.4,0.4,0.4,0.9,0.4119974,49925,0.044508239953969846
0.2,0.7,0.6,0.5,0.4119978,49925,0.0451578615681748
0.6,0.2,0.3,0.7,0.4120061,49925,0.042598954138420256
0.6,0.2,0.9,0.8,0.41200972,49925,0.04293233384665921
0.1,0.4,0.6,0.4,0.4120128,49925,0.044646081919304095
0.3,0.4,0.7,0.7,0.41201591,49925,0.044974289869657375
0.7,0.1,0.2,0.4,0.41201642,49925,0.03956243181073537
0.5,0.1,0.6,0.2,0.41203856,49925,0.040582694659171754
0.4,0.6,0.8,0.9,0.41204244,49925,0.04528437996199854
0.2,0.7,0.9,0.7,0.4120471,49925,0.04492165147345138
0.1,0.8,0.2,0.9,0.41205418,49925,0.04048297657565149
0.7,0.3,0.5,0.8,0.41206843,49925,0.04365188385758583
0.7,0.2,0.9,0.1,0.41207814,49925,0.04035903114065684
0.4,0.3,0.2,0.8,0.41209573,49925,0.04259927339920424
0.2,0.3,0.9,0.6,0.41209745,49925,0.04406662676514669
0.2,0.3,0.5,0.5,0.41210192,49925,0.04501474668612493
0.3,0.8,0.7,0.8,0.41212198,49925,0.045348531323771694
0.3,0.4,0.9,0.9,0.412125,49925,0.04453728156872753
0.1,0.6,0.6,0.3,0.4121384,49925,0.04446840440927929
0.2,0.6,0.7,0.6,0.4121442,49925,0.045145704549629656
0.1,0.4,0.4,0.3,0.41216105,49925,0.04499562099271533
0.2,0.8,0.8,0.6,0.41216105,49925,0.04499562099271533
0.1,0.6,0.3,0.3,0.4121638,49925,0.044169790896416095
0.2,0.8,0.5,0.8,0.41216582,49925,0.044671931408198244
0.2,0.4,0.1,0.8,0.41217232,49925,0.04028508553435909
0.1,0.4,0.1,0.7,0.41217238,49925,0.03990982404113232
0.4,0.3,0.3,0.9,0.41217428,49925,0.043444337582296155
0.5,0.2,0.2,0.7,0.41218108,49925,0.04193908298506608
0.9,0.3,0.1,0.9,0.4121966,49925,0.03825956012087428
0.4,0.4,0.7,0.8,0.41220784,49925,0.04487971591155528
0.5,0.3,0.1,0.8,0.41221875,49925,0.040059071468591584
0.6,0.3,0.4,0.8,0.4122199,49925,0.043763465658394216
0.1,0.8,0.7,0.1,0.4122268,49925,0.04387262346662913
0.2,0.9,0.9,0.6,0.41223353,49925,0.04485475152178069
0.9,0.1,0.7,0.3,0.41223356,49925,0.03912691039368413
0.2,0.6,0.4,0.8,0.412235,49925,0.0445599337342249
0.1,0.3,0.2,0.4,0.412235,49925,0.0445599337342249
0.7,0.1,0.7,0.3,0.41223523,49925,0.040076360704227404
0.9,0.3,0.5,0.9,0.41225052,49925,0.04288945172763479
0.7,0.3,0.2,0.9,0.41225433,49925,0.0412334192576407
0.6,0.3,0.8,0.9,0.4122612,49925,0.043846619956314684
0.3,0.7,0.9,0.9,0.4122615,49925,0.04518710092247197
0.2,0.8,0.7,0.5,0.41227967,49925,0.04500230010346356
0.1,0.7,0.6,0.2,0.4122805,49925,0.04416097045058986
0.1,0.3,0.6,0.1,0.4122921,49925,0.04379202920330051
0.2,0.2,0.2,0.5,0.41229776,49925,0.04421782645765802
0.1,0.8,0.8,0.1,0.4122981,49925,0.043882291066945314
0.3,0.4,0.1,0.9,0.4122997,49925,0.04010207735625556
0.9,0.1,0.7,0.4,0.41232437,49925,0.039685091091669886
0.3,0.2,0.8,0.7,0.4123309,49925,0.04356744503650423
0.9,0.1,0.5,0.4,0.4123319,49925,0.03948879128410075
0.1,0.5,0.5,0.3,0.41234267,49925,0.04470201493340502
0.8,0.3,0.2,0.9,0.41234902,49925,0.04084012734803482
0.5,0.1,0.4,0.4,0.4123528,49925,0.04181804126994436
0.4,0.4,0.5,0.8,0.4123579,49925,0.04499257456346431
0.1,0.7,0.7,0.2,0.41237366,49925,0.044154092443351764
0.2,0.3,0.9,0.7,0.41237622,49925,0.04401593893221054
0.3,0.4,0.8,0.8,0.41238445,49925,0.04475155592808007
0.1,0.9,0.4,0.6,0.41239208,49925,0.04338346645331887
0.4,0.1,0.4,0.4,0.41239247,49925,0.04245014193253369
0.8,0.2,0.8,0.8,0.41239247,49925,0.04245014193253369
0.4,0.3,0.1,0.8,0.4123936,49925,0.04033010022523255
0.2,0.6,0.5,0.6,0.41239703,49925,0.045243801169697964
0.1,0.5,0.3,0.3,0.41241193,49925,0.04465513125089139
0.9,0.2,0.6,0.7,0.41241637,49925,0.041982512930082434
0.9,0.2,0.8,0.8,0.41241693,49925,0.04213190128167232
0.3,0.2,0.8,0.2,0.4124214,49925,0.04271179982283386
0.2,0.6,0.8,0.7,0.41242206,49925,0.044977128798771436
0.4,0.3,0.6,0.7,0.41242355,49925,0.04455430727563946
0.5,0.2,0.3,0.6,0.41242847,49925,0.04329033044198392
0.2,0.4,0.3,0.8,0.41244018,49925,0.044060949356311344
0.5,0.1,0.1,0.4,0.41245505,49925,0.03923994281485944
0.6,0.3,0.2,0.9,0.41245955,49925,0.041603509606619106
0.4,0.4,0.8,0.9,0.41246182,49925,0.044689125008254046
0.3,0.5,0.8,0.8,0.4124966,49925,0.04505421746688007
0.3,0.7,0.6,0.9,0.41251245,49925,0.04523853977251125
0.1,0.3,0.6,0.4,0.41251478,49925,0.04444073385411791
0.3,0.4,0.2,0.9,0.4125172,49925,0.04248771402307402
0.2,0.3,0.3,0.5,0.41252422,49925,0.045190089583384066
0.7,0.2,0.6,0.7,0.41252688,49925,0.04276208792736243
0.1,0.6,0.7,0.3,0.4125305,49925,0.044416254165919794
0.3,0.6,0.7,0.8,0.41253254,49925,0.045320226263092615
0.7,0.2,0.1,0.7,0.4125399,49925,0.038707244401210816
0.2,0.3,0.8,0.7,0.41255027,49925,0.044217506342291844
0.3,0.5,0.5,0.8,0.412551,49925,0.04522590545957957
0.7,0.1,0.7,0.4,0.41255113,49925,0.04062342104330507
0.2,0.9,0.7,0.5,0.4125542,49925,0.044875542556284884
0.2,0.3,0.6,0.6,0.4125564,49925,0.0447082889834149
0.3,0.3,0.5,0.6,0.41255704,49925,0.044912953095022676
0.2,0.9,0.6,0.5,0.41255778,49925,0.04484770220178671
0.1,0.7,0.3,0.2,0.41256413,49925,0.04354163149379615
0.2,0.4,0.2,0.9,0.41257823,49925,0.04221981368324042
0.4,0.4,0.1,0.9,0.41258067,49925,0.040154283684795795
0.8,0.2,0.6,0.7,0.41258153,49925,0.04238304533618733
0.2,0.8,0.6,0.5,0.41259313,49925,0.04503687712974757
0.2,0.5,0.9,0.8,0.4125976,49925,0.04466224807764343
0.4,0.5,0.6,0.9,0.4126001,49925,0.04518413694514069
0.3,0.3,0.8,0.8,0.41260958,49925,0.04425640438063654
0.6,0.2,0.4,0.6,0.41261616,49925,0.04308406380148909
0.9,0.3,0.6,0.9,0.41261616,49925,0.043084063801489096
0.3,0.1,0.2,0.3,0.41261616,49925,0.04308406380148909
0.1,0.6,0.3,0.1,0.41261914,49925,0.04382377461159908
0.5,0.2,0.8,0.8,0.4126207,49925,0.04325929262529716
0.3,0.8,0.7,0.9,0.41262344,49925,0.0452776099539689
0.3,0.1,0.4,0.4,0.4126249,49925,0.04302734335837894
0.6,0.2,0.8,0.8,0.4126249,49925,0.04302734335837894
0.1,0.6,0.8,0.2,0.41262794,49925,0.0441418287882454
0.1,0.7,0.8,0.3,0.412634,49925,0.04425606590304578
0.4,0.3,0.7,0.8,0.4126441,49925,0.04436590829126852
0.9,0.2,0.3,0.9,0.41264522,49925,0.040832328209410566
0.1,0.9,0.4,0.7,0.41264525,49925,0.04325578738669279
0.1,0.3,0.5,0.4,0.4126559,49925,0.04468613852083432
0.5,0.2,0.9,0.8,0.41266102,49925,0.04315031930453468
0.7,0.2,0.8,0.8,0.41267845,49925,0.042737114459840006
0.1,0.9,0.4,0.5,0.41267848,49925,0.04344721965599259
0.5,0.4,0.5,0.9,0.41268098,49925,0.044667610481382736
0.8,0.1,0.7,0.3,0.4126811,49925,0.03958144302600651
0.1,0.8,0.6,0.2,0.41268176,49925,0.043935642464082054
0.3,0.2,0.7,0.7,0.4126851,49925,0.04373513943145083
0.3,0.3,0.4,0.6,0.41269022,49925,0.045012001414792564
0.1,0.7,0.8,0.2,0.41269717,49925,0.04411616134189141
0.2,0.7,0.6,0.6,0.41272724,49925,0.04515835984930197
0.4,0.5,0.7,0.9,0.41273472,49925,0.045149268783111485
0.1,0.5,0.7,0.4,0.4127364,49925,0.044524326747561016
0.6,0.2,0.9,0.1,0.41273725,49925,0.04074155448702399
0.1,0.2,0.5,0.4,0.4127378,49925,0.044223335637694726
0.3,0.2,0.9,0.6,0.4127449,49925,0.04338035576639198
0.2,0.5,0.6,0.6,0.41274837,49925,0.045213020878143044
0.5,0.4,0.6,0.9,0.4127589,49925,0.044745088232527055
0.6,0.1,0.2,0.4,0.41276655,49925,0.04037299824020653
0.1,0.6,0.8,0.1,0.41277134,49925,0.04393650876195489
0.2,0.4,0.6,0.6,0.4127736,49925,0.04506700391212334
0.1,0.2,0.3,0.3,0.4127736,49925,0.04506700391212334
0.3,0.6,0.9,0.9,0.4127736,49925,0.04506700391212335
0.2,0.5,0.5,0.6,0.41277578,49925,0.04529074912887256
0.2,0.7,0.7,0.6,0.41277894,49925,0.0451174002235861
0.4,0.1,0.6,0.4,0.41279054,49925,0.04214164101889219
0.8,0.3,0.6,0.9,0.41280007,49925,0.043405250596513366
0.3,0.7,0.7,0.9,0.41281772,49925,0.04528829891905503
0.2,0.3,0.1,0.7,0.41282132,49925,0.04090473751249884
0.3,0.4,0.5,0.7,0.41282615,49925,0.04521530784159837
0.5,0.4,0.7,0.9,0.41283026,49925,0.044696459674997586
0.1,0.6,0.3,0.6,0.41283068,49925,0.04366672566180438
0.6,0.2,0.6,0.7,0.4128363,49925,0.04310188807924281
0.9,0.2,0.4,0.7,0.41284248,49925,0.041640189872521
0.8,0.3,0.1,0.9,0.41285947,49925,0.03863304652571753
0.1,0.6,0.2,0.8,0.41286442,49925,0.04143764101659571
0.3,0.2,0.9,0.7,0.41286796,49925,0.04339120218656613
0.3,0.2,0.4,0.5,0.4128748,49925,0.04442187202906594
0.1,0.7,0.4,0.2,0.41287607,49925,0.04398858830727672
0.1,0.9,0.8,0.1,0.41288367,49925,0.04375575094185592
0.7,0.3,0.7,0.9,0.41290337,49925,0.04370117836633706
0.1,0.5,0.6,0.4,0.41290936,49925,0.044684757418089145
0.4,0.3,0.5,0.7,0.41292343,49925,0.044641200696934155
0.1,0.8,0.7,0.2,0.4129263,49925,0.04400957024597974
0.2,0.8,0.5,0.9,0.41293365,49925,0.04447403441666441
0.2,0.6,0.6,0.6,0.41294834,49925,0.04523474028744974
0.1,0.3,0.3,0.3,0.41294834,49925,0.04523474028744974
0.3,0.9,0.9,0.9,0.41294834,49925,0.04523474028744974
0.4,0.2,0.5,0.6,0.41295376,49925,0.04388742578923175
0.2,0.2,0.3,0.4,0.41295823,49925,0.04498244122185326
0.4,0.4,0.6,0.8,0.41295823,49925,0.04498244122185326
0.2,0.3,0.7,0.7,0.41297412,49925,0.04439133391309798
0.1,0.5,0.3,0.4,0.41297975,49925,0.044552582953399866
0.1,0.6,0.8,0.3,0.41298902,49925,0.044290522492564
0.2,0.7,0.5,0.7,0.41299215,49925,0.0449870684096653
0.1,0.8,0.8,0.2,0.41299295,49925,0.044008798958374076
0.2,0.9,0.6,0.7,0.41299602,49925,0.04482577159544095
0.2,0.5,0.4,0.7,0.41299963,49925,0.04496960749041224
0.2,0.6,0.4,0.9,0.41302818,49925,0.044280868290829806
0.1,0.9,0.4,0.8,0.41302934,49925,0.043079491854038414
0.3,0.3,0.2,0.8,0.41302943,49925,0.042769310110628865
0.1,0.7,0.5,0.1,0.41304222,49925,0.0439074616141977
0.1,0.7,0.2,0.9,0.4130629,49925,0.040774790294685344
0.2,0.9,0.6,0.6,0.41307518,49925,0.0448701291493895
0.9,0.2,0.5,0.7,0.4130998,49925,0.041895610693511345
0.5,0.2,0.6,0.7,0.41310036,49925,0.043453212348291304
0.3,0.8,0.9,0.9,0.41310713,49925,0.045234624028314574
0.8,0.3,0.5,0.9,0.41311562,49925,0.04324643122035102
0.1,0.5,0.8,0.3,0.413123,49925,0.044247006127308156
0.9,0.2,0.2,0.8,0.41312763,49925,0.03970301656542695
0.3,0.5,0.9,0.9,0.41313797,49925,0.04485360101385841
0.3,0.9,0.8,0.9,0.4131546,49925,0.04526341263248206
0.3,0.2,0.9,0.5,0.41316307,49925,0.043283578166450995
0.1,0.5,0.8,0.2,0.41316867,49925,0.04408336705227343
0.1,0.4,0.7,0.1,0.41318318,49925,0.043820375051009636
0.2,0.2,0.7,0.2,0.41318828,49925,0.04325631321700563
0.1,0.2,0.5,0.1,0.41320354,49925,0.04360679177287052
0.8,0.2,0.5,0.7,0.41320974,49925,0.04234273665801426
0.7,0.1,0.6,0.5,0.41321725,49925,0.040985593856838094
0.4,0.2,0.2,0.7,0.41322696,49925,0.042402202881293344
0.1,0.5,0.8,0.4,0.41322905,49925,0.044364023340287724
0.1,0.6,0.8,0.4,0.4132329,49925,0.044407042122135795
0.3,0.5,0.6,0.8,0.41324398,49925,0.045240022905411986
0.9,0.1,0.7,0.5,0.41325316,49925,0.04012674275944898
0.2,0.4,0.1,0.9,0.41325882,49925,0.03972301219014238
0.3,0.3,0.6,0.7,0.4132644,49925,0.04465650789781749
0.1,0.7,0.7,0.3,0.41326913,49925,0.04428366854890281
0.2,0.4,0.9,0.8,0.4132778,49925,0.04438195143655164
0.2,0.1,0.5,0.3,0.41328362,49925,0.04304666814210268
0.1,0.3,0.2,0.5,0.4132871,49925,0.043964267541889986
0.6,0.1,0.6,0.5,0.41329148,49925,0.04146656437856781
0.2,0.8,0.9,0.7,0.41329506,49925,0.04492917794519089
0.3,0.7,0.8,0.9,0.41329962,49925,0.04525754828282904
0.1,0.6,0.3,0.7,0.41330582,49925,0.043355740215458544
0.1,0.5,0.8,0.1,0.41330835,49925,0.043788135601241326
0.1,0.7,0.8,0.1,0.41331166,49925,0.0439542529798175
0.2,0.4,0.3,0.9,0.41331404,49925,0.043596063285378746
0.3,0.8,0.8,0.9,0.4133243,49925,0.045279921422625644
0.1,0.4,0.2,0.8,0.41332752,49925,0.041902513404233704
0.9,0.2,0.1,0.8,0.41333392,49925,0.03751431696861861
0.1,0.7,0.6,0.3,0.41333523,49925,0.044290482800534645
0.4,0.3,0.4,0.7,0.4133409,49925,0.04460313934754496
0.6,0.2,0.1,0.7,0.4133515,49925,0.03922552620623625
0.4,0.2,0.1,0.6,0.41335785,49925,0.04069785057424201
0.5,0.3,0.6,0.8,0.4133623,49925,0.044286647704628465
0.2,0.6,0.9,0.8,0.41336912,49925,0.044805374128064984
0.1,0.4,0.1,0.8,0.4133697,49925,0.03927421500011797
0.3,0.4,0.4,0.8,0.41338184,49925,0.04485597558294553
0.1,0.9,0.4,0.4,0.41338882,49925,0.0434341668666202
0.6,0.1,0.4,0.4,0.4133962,49925,0.04113048611207078
0.4,0.2,0.9,0.2,0.41339892,49925,0.0420734258015747
0.1,0.8,0.5,0.2,0.41340435,49925,0.04384890077218011
0.3,0.3,0.1,0.8,0.41341096,49925,0.04045720731448912
0.2,0.9,0.8,0.6,0.41341436,49925,0.044889070271356836
0.6,0.3,0.5,0.8,0.41342184,49925,0.04400215502717673
0.5,0.3,0.8,0.9,0.4134526,49925,0.044053224145327904
0.5,0.1,0.2,0.4,0.41345286,49925,0.04122285065738471
0.1,0.6,0.3,0.8,0.41347048,49925,0.04298929685505422
0.8,0.1,0.6,0.5,0.41348496,49925,0.04051092481185802
0.6,0.1,0.7,0.4,0.41348842,49925,0.04107262343445934
0.1,0.9,0.8,0.2,0.41348982,49925,0.043873848927167496
0.1,0.8,0.8,0.3,0.41350704,49925,0.04412702900773423
0.2,0.7,0.8,0.7,0.41350937,49925,0.04502439800812298
0.1,0.9,0.4,0.9,0.4135235,49925,0.042879180914277774
0.2,0.7,0.5,0.8,0.41352695,49925,0.04484189296968799
0.8,0.1,0.7,0.5,0.41352847,49925,0.040552949802106504
0.1,0.5,0.4,0.3,0.41352904,49925,0.04477601810501551
0.6,0.3,0.7,0.9,0.41353023,49925,0.043938376734881705
0.1,0.6,0.5,0.3,0.41353214,49925,0.044506132233347276
0.1,0.6,0.3,0.9,0.413534,49925,0.04260829040556108
0.2,0.2,0.7,0.6,0.41353542,49925,0.04381785027034155
0.3,0.2,0.9,0.4,0.41354534,49925,0.043092985944973815
0.6,0.3,0.4,0.9,0.4135468,49925,0.04358595430823293
0.8,0.1,0.3,0.3,0.41355506,49925,0.03904791980666732
0.6,0.1,0.7,0.3,0.41355622,49925,0.04055576608662695
0.4,0.5,0.8,0.9,0.413562,49925,0.04502997210420922
0.3,0.4,0.6,0.7,0.41357315,49925,0.04510527566150439
0.8,0.2,0.4,0.7,0.4135763,49925,0.04210898293598776
0.2,0.4,0.7,0.7,0.41358387,49925,0.044799471279408566
0.2,0.9,0.9,0.7,0.41359007,49925,0.04487307325171046
0.2,0.2,0.8,0.5,0.41360503,49925,0.04356745921213723
0.2,0.3,0.4,0.5,0.41360927,49925,0.04521471024160872
0.2,0.2,0.1,0.5,0.41362843,49925,0.042101834660161014
0.9,0.2,0.9,0.9,0.41364098,49925,0.0422189757702769
0.6,0.2,0.3,0.8,0.41364598,49925,0.04237353355957233
0.1,0.4,0.3,0.3,0.41365623,49925,0.045044480244480996
0.2,0.8,0.6,0.6,0.41365623,49925,0.045044480244480996
0.7,0.2,0.7,0.8,0.4136565,49925,0.04278115761905783
0.7,0.3,0.6,0.9,0.41366726,49925,0.04371250386943502
0.5,0.2,0.4,0.6,0.41367662,49925,0.04356313158721386
0.2,0.8,0.6,0.7,0.4136776,49925,0.04497730019753684
0.7,0.1,0.2,0.5,0.4136982,49925,0.0396909589656855
0.2,0.5,0.7,0.7,0.41370267,49925,0.045007216149541666
0.1,0.8,0.4,0.3,0.41371608,49925,0.043754279337066423
0.1,0.5,0.2,0.8,0.41371953,49925,0.0417167539050675
0.2,0.4,0.5,0.6,0.4137201,49925,0.045201815255651104
0.1,0.8,0.4,0.5,0.4137267,49925,0.04380307254169235
0.1,0.4,0.5,0.4,0.4137329,49925,0.04484394901060994
0.1,0.9,0.9,0.1,0.4137446,49925,0.04377169193275039
0.8,0.2,0.3,0.9,0.41375867,49925,0.04127578936986242
0.7,0.2,0.2,0.8,0.41375953,49925,0.04066201782070029
0.7,0.1,0.7,0.5,0.41376248,49925,0.04096432329130873
0.8,0.2,0.2,0.8,0.4137722,49925,0.040180312549809694
0.4,0.1,0.1,0.4,0.4137722,49925,0.040180312549809694
0.1,0.3,0.2,0.6,0.41377625,49925,0.04328122300648935
0.1,0.8,0.9,0.3,0.41379195,49925,0.0441057194612945
0.6,0.1,0.7,0.5,0.41379556,49925,0.041382825492808445
0.3,0.6,0.8,0.9,0.4137956,49925,0.04516739893760756
0.2,0.6,0.5,0.7,0.41380382,49925,0.04511035918649862
0.3,0.3,0.3,0.8,0.41382948,49925,0.044001874583834075
0.3,0.6,0.6,0.9,0.4138414,49925,0.04521868537659702
0.1,0.2,0.2,0.3,0.4138414,49925,0.04521868537659702
0.2,0.4,0.4,0.6,0.4138414,49925,0.04521868537659702
0.8,0.2,0.1,0.8,0.41384685,49925,0.03797166895776112
0.1,0.3,0.7,0.4,0.41384822,49925,0.0441589817859061
0.7,0.2,0.3,0.9,0.41385108,49925,0.041715129044488736
0.9,0.1,0.6,0.5,0.41385183,49925,0.04005698319606292
0.4,0.2,0.8,0.8,0.41386163,49925,0.04342897432490421
0.2,0.1,0.4,0.4,0.41386163,49925,0.04342897432490421
0.4,0.2,0.9,0.8,0.41386634,49925,0.043295605628423606
0.3,0.3,0.9,0.9,0.41387135,49925,0.044024566610959395
0.2,0.2,0.6,0.6,0.41387135,49925,0.044024566610959395
0.1,0.1,0.3,0.3,0.41387135,49925,0.044024566610959395
0.1,0.3,0.4,0.4,0.41388047,49925,0.044933315184404146
0.2,0.6,0.8,0.8,0.41388047,49925,0.044933315184404146
0.2,0.6,0.7,0.7,0.41388693,49925,0.045092613595748676
0.1,0.8,0.6,0.3,0.41388717,49925,0.04408616179503792
0.9,0.1,0.1,0.5,0.41388792,49925,0.03618448092159809
0.8,0.2,0.7,0.8,0.41389203,49925,0.04246419115379053
0.4,0.3,0.8,0.9,0.41389242,49925,0.04415135403259621
0.1,0.6,0.7,0.4,0.4138977,49925,0.04449041852304954
0.1,0.5,0.3,0.5,0.41390818,49925,0.04433600824462088
0.2,0.7,0.6,0.7,0.4139099,49925,0.04509653407086697
0.5,0.3,0.4,0.8,0.41391477,49925,0.04412041802394894
0.1,0.8,0.4,0.2,0.41391608,49925,0.04359193777317384
0.9,0.1,0.8,0.5,0.41393313,49925,0.040140597209382074
0.1,0.2,0.4,0.4,0.41394985,49925,0.04453888925977326
0.2,0.4,0.8,0.8,0.41394985,49925,0.04453888925977326
0.1,0.9,0.9,0.2,0.41395766,49925,0.043896313030084975
0.2,0.3,0.2,0.8,0.41396445,49925,0.04266444436372985
0.2,0.8,0.8,0.7,0.41396758,49925,0.04499003685336501
0.2,0.3,0.1,0.8,0.41397434,49925,0.040251535005166594
0.1,0.3,0.7,0.3,0.41397575,49925,0.04404887736176798
0.3,0.1,0.5,0.1,0.4139758,49925,0.04115924545552384
0.1,0.7,0.5,0.3,0.4140128,49925,0.04428425994606272
0.5,0.3,0.2,0.9,0.41402176,49925,0.04191879270283773
0.2,0.5,0.5,0.7,0.4140436,49925,0.04514411425833561
0.2,0.8,0.7,0.6,0.41404605,49925,0.045019748500154756
0.1,0.7,0.9,0.3,0.41404694,49925,0.044158893321919426
0.7,0.1,0.4,0.4,0.41407067,49925,0.04050548992876949
0.1,0.7,0.9,0.4,0.41407305,49925,0.04427472884041838
0.2,0.3,0.9,0.3,0.4140756,49925,0.04368254952631221
0.2,0.7,0.7,0.7,0.41407686,49925,0.04509530885025372
0.7,0.2,0.9,0.9,0.41407722,49925,0.0427230159775676
0.1,0.8,0.4,0.4,0.41408265,49925,0.043812209086222915
0.2,0.9,0.7,0.6,0.41408777,49925,0.04491472343676834
0.7,0.3,0.1,0.9,0.41408864,49925,0.03901541980266971
0.3,0.5,0.5,0.9,0.41409326,49925,0.04502726342005089
0.1,0.7,0.3,0.1,0.41411066,49925,0.043282513647093804
0.3,0.6,0.7,0.9,0.4141152,49925,0.04522293117187039
0.3,0.2,0.2,0.7,0.4141181,49925,0.04279330698003319
0.1,0.7,0.4,0.3,0.41412508,49925,0.04412383076634145
0.2,0.6,0.6,0.7,0.41413337,49925,0.045151954708798944
0.1,0.8,0.5,0.1,0.41414237,49925,0.04364132844127046
0.1,0.8,0.4,0.7,0.4141464,49925,0.04358783616043252
0.1,0.9,0.6,0.2,0.41414756,49925,0.04372409706406021
0.5,0.1,0.6,0.5,0.4141497,49925,0.04192415954845358
0.7,0.2,0.5,0.7,0.41414988,49925,0.04276330771595992
0.8,0.2,0.9,0.9,0.41416562,49925,0.04247143767767519
0.2,0.1,0.5,0.2,0.4141799,49925,0.04261523371664416
0.2,0.7,0.9,0.8,0.41418177,49925,0.04489372668270179
0.1,0.7,0.9,0.2,0.41418767,49925,0.044019648923978694
0.9,0.2,0.4,0.8,0.41418803,49925,0.041671786879972916
0.1,0.1,0.4,0.3,0.41419145,49925,0.04357210125193948
0.2,0.2,0.8,0.6,0.41419145,49925,0.04357210125193948
0.1,0.8,0.4,0.6,0.414192,49925,0.04373410808994677
0.9,0.1,0.3,0.3,0.41420084,49925,0.03837169987896695
0.8,0.1,0.2,0.5,0.41420346,49925,0.038989061452169994
0.2,0.5,0.4,0.8,0.41421223,49925,0.04469232209865611
0.3,0.4,0.8,0.9,0.41421273,49925,0.04465302843833613
0.1,0.9,0.7,0.3,0.4142179,49925,0.043959603653307165
0.2,0.2,0.8,0.4,0.41421932,49925,0.04346573755706059
0.1,0.1,0.4,0.2,0.41421932,49925,0.04346573755706059
0.1,0.9,0.4,0.3,0.41423035,49925,0.04336210660779227
0.2,0.9,0.6,0.8,0.41423067,49925,0.04475425425248794
0.9,0.2,0.7,0.8,0.41423112,49925,0.04214261451886872
0.4,0.2,0.6,0.7,0.41423267,49925,0.0437159197916144
0.7,0.3,0.5,0.9,0.4142424,49925,0.043592517825794465
0.1,0.6,0.6,0.4,0.41424695,49925,0.044562448973433415
0.6,0.2,0.7,0.8,0.41424727,49925,0.04306979157874595
0.1,0.6,0.4,0.3,0.41424996,49925,0.0444987146506632
0.1,0.4,0.6,0.5,0.41425288,49925,0.04460651144899671
0.7,0.2,0.4,0.7,0.41426158,49925,0.042592198800569976
0.2,0.5,0.8,0.8,0.41426548,49925,0.04477812146835487
0.1,0.9,0.7,0.2,0.41427213,49925,0.04381776524390583
0.4,0.1,0.6,0.2,0.41428202,49925,0.041151621084733504
0.1,0.7,0.4,0.1,0.4142903,49925,0.04373593655290919
0.1,0.4,0.8,0.4,0.41430122,49925,0.044177944353666065
0.1,0.4,0.1,0.9,0.41430652,49925,0.03863761695761599
0.1,0.8,0.9,0.1,0.41431794,49925,0.043827597864638815
0.1,0.8,0.6,0.1,0.4143269,49925,0.04376736838273989
0.3,0.5,0.7,0.8,0.41434035,49925,0.04517086730905991
0.5,0.2,0.9,0.1,0.41434836,49925,0.041079385195668075
0.1,0.8,0.7,0.3,0.4143488,49925,0.044120182236638474
0.4,0.1,0.2,0.4,0.41435915,49925,0.04210986826667665
0.8,0.2,0.4,0.8,0.41435915,49925,0.04210986826667665
0.2,0.1,0.5,0.4,0.41436452,49925,0.043143566492195806
0.1,0.6,0.9,0.2,0.41437185,49925,0.043980708541021506
0.6,0.2,0.9,0.9,0.4143946,49925,0.04293439614443849
0.3,0.2,0.3,0.5,0.41441318,49925,0.044464757914234286
0.1,0.6,0.9,0.1,0.41441336,49925,0.0437492757983726
0.1,0.9,0.9,0.3,0.4144283,49925,0.04400583641519194
0.5,0.2,0.3,0.7,0.41443214,49925,0.04308570973527104
0.1,0.5,0.8,0.5,0.41443413,49925,0.044395537157269495
0.3,0.2,0.8,0.1,0.41443512,49925,0.04198780436288726
0.2,0.7,0.8,0.8,0.41443753,49925,0.04497488494387316
0.8,0.1,0.1,0.5,0.41443986,49925,0.036834554686084306
0.2,0.2,0.7,0.1,0.41445482,49925,0.04258641086459521
0.2,0.3,0.3,0.6,0.41446275,49925,0.044841529967397945
0.1,0.6,0.9,0.4,0.41446495,49925,0.04426025422007999
0.2,0.3,0.9,0.2,0.41446993,49925,0.04331083170564218
0.2,0.8,0.9,0.8,0.41447392,49925,0.04490559070182366
0.1,0.9,0.8,0.3,0.41448483,49925,0.044005911473932104
0.2,0.8,0.7,0.7,0.41448918,49925,0.045010980154926085
0.5,0.1,0.2,0.5,0.41450903,49925,0.041158078100444494
0.1,0.4,0.7,0.5,0.4145119,49925,0.04441094098083066
0.1,0.7,0.9,0.1,0.41451275,49925,0.043827479837552315
0.5,0.2,0.1,0.7,0.414514,49925,0.0397470632523714
0.4,0.4,0.7,0.9,0.41451544,49925,0.044783740005739335
0.1,0.7,0.7,0.4,0.41451976,49925,0.04441652142398094
0.1,0.3,0.2,0.7,0.4145227,49925,0.042608702102471786
0.5,0.2,0.7,0.8,0.4145341,49925,0.04332930077554952
0.1,0.8,0.9,0.2,0.41454086,49925,0.043987702539753655
0.1,0.6,0.9,0.3,0.41454792,49925,0.0441457064949469
0.1,0.7,0.8,0.4,0.4145527,49925,0.044341665604173096
0.1,0.4,0.8,0.3,0.41455638,49925,0.044060353330553484
0.1,0.3,0.1,0.6,0.4145664,49925,0.04084219525928976
0.3,0.4,0.7,0.8,0.414577,49925,0.04488857338539266
0.4,0.4,0.5,0.9,0.41458467,49925,0.04481973107824532
0.6,0.3,0.1,0.9,0.4145946,49925,0.039346443563721877
0.1,0.9,0.4,0.2,0.41461194,49925,0.04316920183501148
0.2,0.9,0.6,0.9,0.41462156,49925,0.044639336412697544
0.9,0.2,0.4,0.9,0.41462398,49925,0.04164644430393528
0.3,0.1,0.6,0.3,0.4146272,49925,0.0422504036673065
0.9,0.1,0.7,0.2,0.4146339,49925,0.038365427469949955
0.1,0.6,0.9,0.5,0.4146352,49925,0.04433107398860767
0.6,0.1,0.2,0.5,0.4146414,49925,0.040413179186780286
0.8,0.1,0.8,0.4,0.41465005,49925,0.04009739537760069
0.2,0.2,0.2,0.6,0.41465142,49925,0.04356866281955521
0.1,0.1,0.1,0.3,0.41465142,49925,0.04356866281955521
0.3,0.3,0.3,0.9,0.41465142,49925,0.04356866281955521
0.9,0.1,0.8,0.4,0.41468087,49925,0.03969126416411111
0.8,0.1,0.4,0.4,0.41468608,49925,0.039905478710543514
0.9,0.1,0.6,0.1,0.41469038,49925,0.037294613307714664
0.1,0.5,0.5,0.4,0.41469344,49925,0.04476848837050261
0.2,0.9,0.7,0.7,0.41469872,49925,0.04490639243585493
0.6,0.2,0.2,0.8,0.4147219,49925,0.04112827944111168
0.3,0.1,0.1,0.4,0.4147219,49925,0.04112827944111168
0.2,0.5,0.6,0.7,0.41474354,49925,0.04511841979280924
0.5,0.1,0.7,0.4,0.41475284,49925,0.04150750217056369
0.1,0.5,0.2,0.9,0.41476217,49925,0.04124248931986107
0.6,0.2,0.5,0.7,0.4147665,49925,0.04315086742117922
0.5,0.3,0.1,0.9,0.41477737,49925,0.03965894234401421
0.1,0.2,0.6,0.4,0.41477743,49925,0.043875426805162536
0.2,0.3,0.9,0.8,0.41479495,49925,0.04393877536526291
0.2,0.6,0.9,0.9,0.41479602,49925,0.04473441580171804
0.2,0.7,0.6,0.8,0.4148264,49925,0.044990461551267125
0.8,0.1,0.8,0.5,0.41483024,49925,0.040523647759019545
0.4,0.3,0.2,0.9,0.41483384,49925,0.04217609897196501
0.6,0.1,0.3,0.4,0.41483724,49925,0.041025197397245264
0.2,0.9,0.9,0.8,0.41484204,49925,0.044865059969160244
0.9,0.1,0.2,0.5,0.4148604,49925,0.03832656745133672
0.2,0.4,0.9,0.9,0.414866,49925,0.044272832127169356
0.1,0.3,0.6,0.5,0.41487926,49925,0.04435125277749488
0.3,0.4,0.4,0.9,0.41488916,49925,0.044545601553059144
0.8,0.1,0.6,0.1,0.41489655,49925,0.03781503054142204
0.1,0.7,0.4,0.4,0.4149136,49925,0.044188944902087565
0.3,0.5,0.8,0.9,0.414914,49925,0.04496280545552465
0.1,0.4,0.3,0.4,0.4149165,49925,0.0448770966083807
0.2,0.8,0.6,0.8,0.4149165,49925,0.0448770966083807
0.2,0.5,0.9,0.9,0.4149198,49925,0.04456021353032607
0.5,0.1,0.5,0.5,0.4149208,49925,0.04199972395011746
0.1,0.9,0.7,0.1,0.41492102,49925,0.04365391336167953
0.1,0.5,0.7,0.5,0.41492605,49925,0.0445419161031709
0.1,0.9,0.5,0.2,0.4149527,49925,0.04354264994587586
0.3,0.2,0.9,0.8,0.41496053,49925,0.0433251588397381
0.6,0.2,0.4,0.7,0.41497707,49925,0.043052208241959856
0.1,0.6,0.7,0.5,0.41497827,49925,0.044546580900550005
0.2,0.9,0.8,0.7,0.4149831,49925,0.04490028964278705
0.3,0.3,0.1,0.9,0.41499028,49925,0.03989020850033672
0.3,0.2,0.5,0.6,0.41499913,49925,0.044162778745833166
0.1,0.8,0.5,0.3,0.41500235,49925,0.044004222157323435
0.1,0.8,0.3,0.1,0.41500872,49925,0.04270499440743387
0.1,0.8,0.4,0.8,0.41501093,49925,0.043366760022457644
0.2,0.7,0.9,0.9,0.4150157,49925,0.04483554256886826
0.7,0.2,0.1,0.8,0.41502032,49925,0.038434192210927524
0.1,0.5,0.3,0.6,0.41503686,49925,0.044003370732239484
0.4,0.3,0.1,0.9,0.41504735,49925,0.03983954289875714
0.1,0.4,0.8,0.5,0.4150485,49925,0.044231038213914865
0.1,0.6,0.2,0.9,0.41505066,49925,0.04103785354360644
0.1,0.5,0.9,0.5,0.41506094,49925,0.04422931256968032
0.3,0.3,0.7,0.8,0.41507846,49925,0.04439894902747673
0.5,0.3,0.4,0.9,0.41508478,49925,0.04390008287373376
0.1,0.8,0.8,0.4,0.41509366,49925,0.044231512043749824
0.1,0.8,0.9,0.4,0.41509852,49925,0.044202981259073966
0.3,0.1,0.6,0.4,0.41510507,49925,0.04253746188031267
0.1,0.9,0.6,0.3,0.41511935,49925,0.04388414900265005
0.8,0.1,0.7,0.2,0.41511992,49925,0.03885570595582783
0.9,0.2,0.6,0.8,0.4151333,49925,0.04209814898335273
0.1,0.7,0.4,0.5,0.4151628,49925,0.044152228106636826
0.2,0.6,0.5,0.8,0.41516346,49925,0.04493147619197856
0.2,0.7,0.5,0.9,0.41516495,49925,0.04463103141506848
0.2,0.1,0.2,0.3,0.4151673,49925,0.0439875143489671
0.6,0.3,0.6,0.9,0.4151673,49925,0.043987514348967104
0.4,0.2,0.4,0.6,0.4151673,49925,0.0439875143489671
0.2,0.6,0.7,0.8,0.41517368,49925,0.044995311621058263
0.1,0.6,0.5,0.4,0.4151771,49925,0.044599754675914115
0.6,0.1,0.5,0.5,0.41519615,49925,0.041482226718186445
0.7,0.1,0.5,0.5,0.41519743,49925,0.040962881167999475
0.5,0.2,0.9,0.9,0.41520143,49925,0.04311407695960183
0.1,0.4,0.8,0.2,0.41521564,49925,0.043784863049804335
0.4,0.4,0.6,0.9,0.41522977,49925,0.04486732697814892
0.7,0.1,0.3,0.4,0.41523334,49925,0.04032102350053733
0.3,0.2,0.8,0.8,0.41524497,49925,0.04347434838999196
0.2,0.9,0.7,0.8,0.4152457,49925,0.04485600435009031
0.4,0.1,0.6,0.5,0.41524768,49925,0.04232780392201352
0.8,0.2,0.8,0.9,0.41525394,49925,0.042501624037292816
0.8,0.1,0.2,0.6,0.41526228,49925,0.03901620506956947
0.1,0.7,0.9,0.5,0.4152634,49925,0.04433504650909775
0.1,0.6,0.8,0.5,0.41527212,49925,0.044444839914516886
0.1,0.5,0.9,0.4,0.41527945,49925,0.04413742751952284
0.9,0.1,0.4,0.4,0.41528282,49925,0.03933686108014935
0.4,0.2,0.3,0.6,0.41528592,49925,0.043787852850146476
0.2,0.8,0.8,0.8,0.4152994,49925,0.044951835664166793
0.1,0.4,0.4,0.4,0.4152994,49925,0.044951835664166793
0.3,0.2,0.9,0.3,0.41530865,49925,0.042765708335102896
0.8,0.2,0.6,0.8,0.4153115,49925,0.04246720214278764
0.4,0.1,0.3,0.4,0.4153115,49925,0.04246720214278764
0.2,0.8,0.6,0.9,0.41531953,49925,0.04477207606633296
0.5,0.3,0.5,0.8,0.41533762,49925,0.04431156547579095
0.1,0.5,0.3,0.8,0.4153516,49925,0.04320527317187398
0.3,0.3,0.4,0.7,0.41536677,49925,0.04478718117962897
0.2,0.8,0.7,0.8,0.41537154,49925,0.04496079065514548
0.6,0.2,0.8,0.9,0.4153861,49925,0.04300745491484801
0.1,0.8,0.7,0.4,0.41542256,49925,0.04425675907481757
0.2,0.8,0.9,0.9,0.4154234,49925,0.04485044254641641
0.1,0.9,0.3,0.1,0.41542754,49925,0.042109198928566516
0.8,0.1,0.5,0.5,0.4154319,49925,0.04043003477382983
0.8,0.1,0.3,0.4,0.41543514,49925,0.0396367807415387
0.2,0.5,0.4,0.9,0.415458,49925,0.04437834057574414
0.5,0.1,0.7,0.5,0.41545838,49925,0.04178630570800708
0.4,0.2,0.7,0.8,0.41545838,49925,0.04354708184495606
0.1,0.6,0.4,0.4,0.41545984,49925,0.04453980988225153
0.7,0.1,0.1,0.5,0.41546088,49925,0.03754397652058178
0.3,0.2,0.6,0.7,0.41546434,49925,0.043905091508808086
0.4,0.3,0.6,0.8,0.4154797,49925,0.04445959077511543
0.1,0.8,0.4,0.9,0.41548023,49925,0.04312874739259969
0.1,0.5,0.9,0.3,0.41548336,49925,0.044014485632864794
0.2,0.9,0.9,0.9,0.41549942,49925,0.04483474993052304
0.1,0.7,0.8,0.5,0.41550756,49925,0.04440184413943342
0.2,0.3,0.8,0.8,0.4155201,49925,0.044081804276221805
0.1,0.5,0.9,0.2,0.41552293,49925,0.04378822461557034
0.7,0.2,0.8,0.9,0.41552663,49925,0.04276169433132611
0.1,0.9,0.6,0.1,0.41553432,49925,0.04353044989767894
0.5,0.3,0.7,0.9,0.41553667,49925,0.04412823749787882
0.5,0.2,0.2,0.8,0.41554552,49925,0.041590014245499685
0.2,0.3,0.1,0.9,0.41555,49925,0.039613596856962155
0.7,0.2,0.6,0.8,0.41557604,49925,0.04280245541098582
0.2,0.7,0.7,0.8,0.4155795,49925,0.045026317603084454
0.1,0.2,0.6,0.3,0.4155828,49925,0.04381347385861865
0.1,0.9,0.5,0.4,0.4155858,49925,0.04383181629553409
0.5,0.1,0.3,0.4,0.41558695,49925,0.04174014607746775
0.1,0.3,0.5,0.5,0.41559088,49925,0.04454844713103381
0.5,0.1,0.7,0.3,0.4155942,49925,0.041031250369275726
0.1,0.7,0.6,0.4,0.41559526,49925,0.04441611252773694
0.3,0.2,0.1,0.6,0.4156037,49925,0.04116250631704189
0.3,0.4,0.6,0.8,0.4156061,49925,0.044987139201381234
0.4,0.1,0.5,0.5,0.4156331,49925,0.04246243703557611
0.9,0.1,0.3,0.4,0.4156449,49925,0.03899944003413264
0.9,0.1,0.8,0.3,0.4156605,49925,0.0391012153278599
0.1,0.5,0.6,0.5,0.41566187,49925,0.04465904620476553
0.1,0.5,0.4,0.4,0.41566378,49925,0.04478119783914515
0.9,0.1,0.2,0.6,0.4156856,49925,0.038420260643852594
0.1,0.3,0.7,0.5,0.41568676,49925,0.044115147951047144
0.7,0.1,0.6,0.1,0.41569123,49925,0.03837284507982405
0.1,0.9,0.9,0.4,0.4156929,49925,0.044095082518126945
0.9,0.2,0.5,0.8,0.41570827,49925,0.0419789203782489
0.3,0.3,0.2,0.9,0.41571513,49925,0.04227994423739435
0.2,0.2,0.4,0.5,0.41571596,49925,0.04458014069295616
0.1,0.2,0.1,0.5,0.41573068,49925,0.04173373493352538
0.1,0.3,0.1,0.7,0.4157385,49925,0.04008191632478884
0.2,0.3,0.9,0.1,0.41574284,49925,0.04280243102461578
0.9,0.2,0.1,0.9,0.41574952,49925,0.0373365101030335
0.1,0.5,0.3,0.7,0.41574973,49925,0.043615768196599236
0.1,0.8,0.6,0.4,0.41576892,49925,0.044233369380559065
0.9,0.2,0.8,0.9,0.41578117,49925,0.04222887268403115
0.3,0.4,0.5,0.8,0.41579318,49925,0.045033526918589625
0.5,0.2,0.3,0.8,0.41580173,49925,0.04281201409473789
0.4,0.3,0.4,0.8,0.415804,49925,0.04438202511744109
0.1,0.8,0.5,0.4,0.4158201,49925,0.04412347133417024
0.2,0.9,0.8,0.8,0.41582075,49925,0.04487610866013178
0.2,0.1,0.1,0.4,0.4158272,49925,0.04196582576502604
0.4,0.2,0.2,0.8,0.4158272,49925,0.04196582576502604
0.3,0.5,0.6,0.9,0.41582984,49925,0.04509681618334888
0.2,0.7,0.6,0.9,0.41583192,49925,0.044851515788395656
0.7,0.1,0.8,0.4,0.4158345,49925,0.0405027641127166
0.2,0.5,0.7,0.8,0.41585243,49925,0.044908098299486596
0.1,0.9,0.5,0.5,0.4158591,49925,0.043873998639839436
0.1,0.7,0.4,0.6,0.4159048,49925,0.04404722992975635
0.2,0.2,0.8,0.7,0.415911,49925,0.043478568169517375
0.8,0.2,0.4,0.9,0.41591826,49925,0.0420569249386546
0.4,0.2,0.1,0.7,0.4159228,49925,0.04021531119881991
0.2,0.3,0.5,0.6,0.41593558,49925,0.044871095001847563
0.1,0.3,0.3,0.4,0.41595674,49925,0.04504078568565522
0.2,0.6,0.6,0.8,0.41595674,49925,0.04504078568565522
0.1,0.6,0.4,0.5,0.41596437,49925,0.04445251207358258
0.2,0.3,0.6,0.7,0.41596884,49925,0.04455393918397258
0.8,0.1,0.7,0.6,0.41597688,49925,0.04081901062618231
0.1,0.2,0.6,0.5,0.41598234,49925,0.043761433542170734
0.2,0.9,0.8,0.9,0.4159986,49925,0.04483540218469507
0.7,0.1,0.7,0.2,0.41600293,49925,0.039345222493438345
0.1,0.5,0.5,0.5,0.41600436,49925,0.04473622182375194
0.2,0.4,0.4,0.7,0.4160044,49925,0.04496618269949419
0.8,0.2,0.5,0.8,0.41601533,49925,0.042381202210215484
0.9,0.1,0.8,0.6,0.4160194,49925,0.04044947280904544
0.1,0.4,0.7,0.6,0.4160261,49925,0.04436226962410302
0.3,0.3,0.5,0.7,0.41602698,49925,0.04478831377900443
0.2,0.6,0.8,0.9,0.41603044,49925,0.044820852914391494
0.1,0.9,0.8,0.4,0.41603723,49925,0.04408230897832595
0.1,0.4,0.5,0.5,0.41604143,49925,0.044743234757158454
0.1,0.9,0.6,0.4,0.41604465,49925,0.044001400922492426
0.1,0.5,0.3,0.9,0.41608346,49925,0.04276870392819904
0.5,0.2,0.5,0.7,0.41609502,49925,0.04352495306523341
0.1,0.5,0.9,0.6,0.41610658,49925,0.04422852503250015
0.2,0.4,0.6,0.7,0.41610733,49925,0.04493396907331662
0.1,0.3,0.7,0.2,0.4161234,49925,0.04372635771256911
0.1,0.9,0.5,0.3,0.41612753,49925,0.04371662275425441
0.2,0.7,0.8,0.9,0.41614652,49925,0.04488151729688397
0.6,0.2,0.1,0.8,0.41616106,49925,0.03890979088695775
0.1,0.4,0.6,0.6,0.41616976,49925,0.044479766235606163
0.8,0.1,0.8,0.6,0.41617197,49925,0.04080864391312216
0.1,0.8,0.8,0.5,0.4161847,49925,0.04432957092901041
0.3,0.3,0.8,0.9,0.41619396,49925,0.04414869203720204
0.8,0.1,0.8,0.3,0.4162171,49925,0.03953111947501049
0.8,0.2,0.7,0.9,0.41622257,49925,0.042502371005238376
0.3,0.5,0.7,0.9,0.41622505,49925,0.04504841346381853
0.1,0.9,0.7,0.4,0.41622585,49925,0.04407366594720035
0.9,0.1,0.1,0.6,0.41622692,49925,0.03623949889290339
0.1,0.7,0.5,0.4,0.41622794,49925,0.04438728523524139
0.6,0.1,0.1,0.5,0.41624612,49925,0.038262947866034756
0.2,0.8,0.8,0.9,0.41625094,49925,0.04488543339420451
0.6,0.2,0.3,0.9,0.41626748,49925,0.04212799580282456
0.1,0.8,0.9,0.5,0.4162788,49925,0.0442867992921692
0.1,0.8,0.4,0.1,0.41628414,49925,0.043347709732134664
0.7,0.1,0.8,0.5,0.41629142,49925,0.04089970548923483
0.4,0.2,0.9,0.1,0.41630143,49925,0.041333551919483284
0.6,0.3,0.5,0.9,0.41630563,49925,0.04391503579101051
0.6,0.1,0.7,0.2,0.4163086,49925,0.03984358502640774
0.2,0.2,0.2,0.7,0.41632152,49925,0.042910853879605526
0.7,0.1,0.8,0.6,0.41632527,49925,0.04116830863057863
0.1,0.4,0.3,0.5,0.4163322,49925,0.04460590500582359
0.3,0.1,0.3,0.4,0.4163491,49925,0.04310952840560243
0.6,0.2,0.6,0.8,0.4163491,49925,0.04310952840560243
0.5,0.2,0.8,0.9,0.41635785,49925,0.04320123723192607
0.4,0.2,0.9,0.9,0.41637313,49925,0.04325537658293559
0.2,0.2,0.8,0.3,0.4163793,49925,0.0431896773731653
0.1,0.5,0.8,0.6,0.41639435,49925,0.044370533407797556
0.7,0.2,0.4,0.8,0.41640514,49925,0.042552626022856054
0.1,0.5,0.7,0.6,0.4164112,49925,0.04449308545991393
0.9,0.2,0.7,0.9,0.41642326,49925,0.04220900282685827
0.7,0.1,0.7,0.6,0.41642392,49925,0.04121906602710424
0.9,0.1,0.7,0.6,0.41645014,49925,0.0404189630105893
0.1,0.5,0.9,0.1,0.41646132,49925,0.04347174110970808
0.4,0.3,0.5,0.8,0.41646802,49925,0.04453270847812251
0.1,0.4,0.8,0.1,0.41650283,49925,0.043404203287519996
0.9,0.1,0.5,0.5,0.41651195,49925,0.03993933612536739
0.6,0.1,0.6,0.1,0.41651735,49925,0.038941412832330054
0.5,0.3,0.6,0.9,0.41653937,49925,0.04419167040140969
0.1,0.7,0.4,0.7,0.41653997,49925,0.04384861714819048
0.1,0.7,0.7,0.5,0.41654718,49925,0.04445589886221716
0.1,0.6,0.6,0.5,0.41654783,49925,0.04458951764353492
0.1,0.2,0.5,0.5,0.41655436,49925,0.04403476924548495
0.1,0.4,0.2,0.9,0.41656095,49925,0.04133035523319347
0.1,0.3,0.2,0.8,0.41657284,49925,0.04193786572303779
0.2,0.6,0.5,0.9,0.41659307,49925,0.044712023838955256
0.3,0.2,0.9,0.2,0.41659528,49925,0.04222542431742203
0.8,0.2,0.2,0.9,0.4166301,49925,0.04001925568901574
0.2,0.9,0.7,0.9,0.41663617,49925,0.04478170318329829
0.1,0.7,0.6,0.5,0.4166695,49925,0.04448912949076316
0.2,0.5,0.5,0.8,0.416678,49925,0.04493163474227284
0.4,0.2,0.3,0.7,0.41668135,49925,0.04351923816826489
0.3,0.2,0.7,0.8,0.41670346,49925,0.043627455295244554
0.7,0.1,0.2,0.6,0.41671258,49925,0.03964828770788082
0.6,0.2,0.7,0.9,0.41672003,49925,0.0430639533360207
0.4,0.3,0.7,0.9,0.41672644,49925,0.04426207048808645
0.6,0.2,0.2,0.9,0.4167279,49925,0.040840810471322424
0.5,0.2,0.1,0.8,0.41674557,49925,0.039336504986734716
0.2,0.2,0.3,0.5,0.41674945,49925,0.044709311802157335
0.8,0.2,0.1,0.9,0.4167542,49925,0.03775987668155515
0.1,0.6,0.9,0.6,0.41679168,49925,0.044334677833962534
0.7,0.2,0.7,0.9,0.41679224,49925,0.04278866177686407
0.1,0.7,0.9,0.6,0.41679287,49925,0.04436064335739378
0.1,0.9,0.9,0.5,0.41679394,49925,0.04418392050833593
0.2,0.8,0.7,0.9,0.41679803,49925,0.044869279996308825
0.1,0.6,0.8,0.6,0.41679853,49925,0.04443483158984075
0.6,0.1,0.2,0.6,0.4168022,49925,0.04029007622467232
0.2,0.3,0.2,0.9,0.4168055,49925,0.04209114666056181
0.1,0.9,0.5,0.6,0.41681844,49925,0.0438584650241294
0.1,0.4,0.9,0.4,0.41681868,49925,0.0439247276989504
0.2,0.2,0.9,0.6,0.4168217,49925,0.04329302361384007
0.2,0.7,0.7,0.9,0.4168243,49925,0.04491275092260022
0.4,0.2,0.8,0.9,0.41683733,49925,0.043362379365113654
0.9,0.2,0.2,0.9,0.4168899,49925,0.039591999931043766
0.1,0.7,0.8,0.6,0.4169003,49925,0.0444345679622796
0.1,0.7,0.4,0.8,0.41691738,49925,0.043627606145307245
0.1,0.8,0.9,0.6,0.41693234,49925,0.04432507966091743
0.7,0.2,0.1,0.9,0.41694206,49925,0.03817353941967276
0.1,0.4,0.8,0.6,0.41694793,49925,0.04419379229641637
0.5,0.2,0.6,0.8,0.41695604,49925,0.04340384214850353
0.3,0.4,0.7,0.9,0.41696122,49925,0.0447545098992885
0.6,0.1,0.7,0.6,0.41696486,49925,0.04159843095498559
0.3,0.2,0.2,0.8,0.41696978,49925,0.04225133759885994
0.2,0.6,0.6,0.9,0.41697034,49925,0.044856916722581866
0.7,0.2,0.5,0.8,0.41697052,49925,0.042775663943087135
0.1,0.9,0.8,0.5,0.4169924,49925,0.044191356132058664
0.4,0.1,0.2,0.5,0.41699278,49925,0.04192209191737762
0.1,0.8,0.5,0.5,0.41701224,49925,0.04415832615978931
0.2,0.3,0.3,0.7,0.41703045,49925,0.04438774644673159
0.1,0.9,0.5,0.7,0.4170367,49925,0.04382041559461932
0.2,0.4,0.7,0.8,0.41704413,49925,0.04466546070486623
0.1,0.5,0.8,0.7,0.4170454,49925,0.044301308369116665
0.9,0.2,0.5,0.9,0.41704938,49925,0.04202279276957011
0.2,0.2,0.5,0.6,0.41707984,49925,0.04421254246293714
0.1,0.9,0.5,0.8,0.41710657,49925,0.04371285047266168
0.3,0.1,0.6,0.2,0.41711488,49925,0.04165323674440339
0.2,0.5,0.8,0.9,0.41712025,49925,0.044654678332162225
0.5,0.2,0.2,0.9,0.4171248,49925,0.041217356213331516
0.9,0.1,0.9,0.5,0.4171363,49925,0.04008932489395134
0.6,0.1,0.4,0.5,0.41714194,49925,0.041426444801951796
0.1,0.6,0.4,0.6,0.41715777,49925,0.044320438993574296
0.1,0.4,0.9,0.5,0.4171623,49925,0.04399083283197767
0.3,0.1,0.5,0.5,0.41716796,49925,0.04283117316389545
0.1,0.9,0.7,0.5,0.4171688,49925,0.04417171278828709
0.8,0.1,0.1,0.6,0.4171688,49925,0.03682634436099228
0.7,0.2,0.2,0.9,0.4171946,49925,0.04042563051889367
0.4,0.1,0.7,0.4,0.41721398,49925,0.041887649765578946
0.1,0.9,0.5,0.1,0.41721547,49925,0.043313269064264893
0.1,0.3,0.7,0.6,0.4172225,49925,0.044018121603244996
0.1,0.9,0.6,0.5,0.41724634,49925,0.04408111635023978
0.1,0.7,0.5,0.5,0.4172769,49925,0.044402848234366
0.7,0.1,0.8,0.3,0.41729084,49925,0.03995605545874676
0.2,0.3,0.7,0.8,0.41730767,49925,0.04422842426812666
0.2,0.4,0.5,0.7,0.41730803,49925,0.045017254410695685
0.2,0.2,0.7,0.7,0.41730964,49925,0.04367334101278663
0.9,0.1,0.9,0.4,0.41731068,49925,0.039639181045075716
0.5,0.1,0.6,0.1,0.41731936,49925,0.03954032959384366
0.2,0.3,0.9,0.9,0.417324,49925,0.04380878310626161
0.1,0.3,0.7,0.1,0.41734162,49925,0.043254584998109406
0.3,0.4,0.5,0.9,0.41737396,49925,0.044811148580285405
0.1,0.5,0.9,0.7,0.4173948,49925,0.04419657199798877
0.3,0.2,0.4,0.6,0.417397,49925,0.04429249960879335
0.1,0.7,0.4,0.9,0.4173987,49925,0.04334337855691038
0.9,0.1,0.9,0.6,0.41740632,49925,0.04042739891968576
0.1,0.9,0.9,0.6,0.4174111,49925,0.044268160199193635
0.1,0.6,0.9,0.7,0.41741163,49925,0.044307039380601834
0.2,0.3,0.4,0.6,0.41742963,49925,0.044985343567979036
0.2,0.6,0.7,0.9,0.417436,49925,0.044867314911561436
0.1,0.6,0.7,0.6,0.41744375,49925,0.044525946778241926
0.7,0.1,0.6,0.6,0.41744578,49925,0.04122689926051154
0.8,0.1,0.6,0.6,0.41744715,49925,0.04078731506983374
0.5,0.2,0.7,0.9,0.41744792,49925,0.043293067311087965
0.1,0.8,0.7,0.5,0.41745162,49925,0.04432677580049367
0.3,0.3,0.6,0.8,0.41748118,49925,0.04450748967614115
0.1,0.3,0.6,0.6,0.41749108,49925,0.044192404091468074
0.4,0.1,0.7,0.5,0.4175145,49925,0.04214799273999913
0.1,0.3,0.8,0.5,0.41751677,49925,0.04382945119739215
0.2,0.2,0.8,0.2,0.41752595,49925,0.04270775652920002
0.1,0.1,0.4,0.1,0.41752595,49925,0.04270775652920002
0.1,0.8,0.5,0.6,0.41752598,49925,0.04410479921139888
0.2,0.1,0.5,0.1,0.4175452,49925,0.041663860287392385
0.1,0.8,0.6,0.5,0.41754547,49925,0.04429236463396863
0.1,0.2,0.2,0.4,0.417558,49925,0.04465062156529678
0.2,0.4,0.4,0.8,0.417558,49925,0.04465062156529678
0.1,0.5,0.4,0.5,0.4175735,49925,0.044688135575199094
0.4,0.3,0.4,0.9,0.41757485,49925,0.044140229069781475
0.5,0.1,0.7,0.6,0.4175814,49925,0.04193558349918749
0.6,0.1,0.8,0.6,0.41758305,49925,0.04149799947901594
0.1,0.5,0.6,0.6,0.41759852,49925,0.04457089116310251
0.7,0.1,0.4,0.5,0.41760942,49925,0.04087741565739195
0.2,0.3,0.3,0.8,0.41761473,49925,0.043913170729961086
0.8,0.1,0.9,0.5,0.41762516,49925,0.04044833615921122
0.7,0.2,0.4,0.9,0.41762662,49925,0.04245138091691955
0.2,0.2,0.9,0.7,0.41764846,49925,0.04325630887185971
0.2,0.4,0.8,0.9,0.4176739,49925,0.04439077607707851
0.1,0.4,0.4,0.5,0.41768754,49925,0.04479222732933331
0.3,0.1,0.6,0.5,0.4177028,49925,0.04265920664228673
0.3,0.1,0.2,0.4,0.41771644,49925,0.0429661327689782
0.6,0.2,0.4,0.8,0.41771644,49925,0.0429661327689782
0.4,0.2,0.5,0.7,0.4177325,49925,0.04382418697390885
0.6,0.1,0.8,0.4,0.4177392,49925,0.04091403545895896
0.1,0.3,0.1,0.8,0.41775185,49925,0.03932292881406573
0.1,0.6,0.6,0.6,0.41775215,49925,0.04454758172294056
0.4,0.2,0.1,0.8,0.41775593,49925,0.039701253917322814
0.1,0.7,0.7,0.6,0.41776133,49925,0.044460179800209026
0.1,0.3,0.8,0.6,0.4177695,49925,0.043804701919859794
0.1,0.8,0.7,0.6,0.41777077,49925,0.04436486122322358
0.2,0.5,0.6,0.8,0.41778,49925,0.04494946951648381
0.3,0.3,0.7,0.9,0.4177803,49925,0.04426592133621451
0.2,0.2,0.9,0.5,0.41778174,49925,0.043209633063030786
0.9,0.1,0.1,0.7,0.417787,49925,0.0361963864003827
0.3,0.2,0.1,0.7,0.41780648,49925,0.0405347280957289
0.1,0.2,0.6,0.2,0.41782936,49925,0.043493006866142776
0.6,0.1,0.6,0.6,0.41783762,49925,0.041650182311054065
0.2,0.1,0.3,0.4,0.41783854,49925,0.04363594700434573
0.4,0.2,0.6,0.8,0.41783854,49925,0.04363594700434573
0.5,0.2,0.3,0.9,0.41783938,49925,0.04249279970114791
0.2,0.2,0.1,0.6,0.4178493,49925,0.041350204423849075
0.1,0.4,0.9,0.6,0.4178685,49925,0.04400266244355193
0.9,0.2,0.6,0.9,0.41787168,49925,0.04216544495458438
0.1,0.8,0.8,0.6,0.41788477,49925,0.044351412197819295
0.1,0.4,0.8,0.7,0.41789225,49925,0.044116501830430754
0.1,0.6,0.9,0.8,0.4179083,49925,0.044250614206318734
0.5,0.1,0.4,0.5,0.41791758,49925,0.04199639518592143
0.3,0.4,0.6,0.9,0.41792512,49925,0.04482303258488942
0.3,0.3,0.4,0.8,0.41795164,49925,0.04452146571951726
0.1,0.4,0.9,0.3,0.41798693,49925,0.04371737018097959
0.1,0.4,0.7,0.7,0.41799054,49925,0.044199648251284196
0.9,0.1,0.3,0.5,0.41799486,49925,0.039375015538547095
0.5,0.2,0.4,0.7,0.41801977,49925,0.0434780961742901
0.5,0.3,0.5,0.9,0.41802278,49925,0.04417675188059887
0.9,0.1,0.2,0.7,0.4180318,49925,0.03843406830708094
0.4,0.1,0.4,0.5,0.41803476,49925,0.04252768170864258
0.1,0.3,0.8,0.4,0.41805184,49925,0.043805764634369394
0.9,0.1,0.9,0.7,0.41805205,49925,0.040682097875272404
0.4,0.2,0.3,0.8,0.4180587,49925,0.043181558729594775
0.9,0.1,0.6,0.6,0.41806093,49925,0.04037654934829762
0.4,0.1,0.7,0.3,0.41806737,49925,0.04146114687209648
0.2,0.3,0.3,0.9,0.41806978,49925,0.043420425633254774
0.1,0.6,0.8,0.7,0.41807774,49925,0.04439412284214964
0.9,0.1,0.4,0.5,0.41808024,49925,0.039790730627119304
0.7,0.2,0.6,0.9,0.41808048,49925,0.04280876229985405
0.8,0.1,0.4,0.5,0.41808134,49925,0.04032065213819162
0.3,0.3,0.5,0.8,0.41808757,49925,0.044595654951112486
0.1,0.6,0.5,0.5,0.41808873,49925,0.04460678167234457
0.1,0.2,0.1,0.6,0.4180958,49925,0.04078723539165167
0.1,0.4,0.9,0.7,0.41812402,49925,0.04396650176786301
0.6,0.1,0.8,0.5,0.41812813,49925,0.04126822892731793
0.1,0.9,0.6,0.6,0.41813922,49925,0.04409342692833451
0.1,0.7,0.9,0.7,0.41815612,49925,0.044347677383576777
0.1,0.7,0.5,0.6,0.4181577,49925,0.044329742845869345
0.8,0.2,0.6,0.9,0.418163,49925,0.04250206156535348
0.1,0.8,0.9,0.7,0.41817546,49925,0.044335152645927224
0.4,0.3,0.6,0.9,0.41818085,49925,0.04435909337646031
0.6,0.2,0.1,0.9,0.41818175,49925,0.03855991404095812
0.2,0.2,0.6,0.7,0.418187,49925,0.04385811216692452
0.3,0.1,0.4,0.5,0.4181879,49925,0.04297884407243968
0.6,0.2,0.5,0.8,0.41819018,49925,0.043128017419276646
0.5,0.1,0.2,0.6,0.41820347,49925,0.04094448876992114
0.5,0.1,0.6,0.6,0.4182089,49925,0.04204370118120698
0.7,0.1,0.3,0.5,0.41824266,49925,0.04059141905737528
0.1,0.9,0.7,0.6,0.41824308,49925,0.04420692672978527
0.4,0.2,0.2,0.9,0.4182587,49925,0.04153467856202745
0.5,0.1,0.7,0.2,0.41827804,49925,0.04032137405315878
0.1,0.8,0.5,0.7,0.41828224,49925,0.044056539721957035
0.3,0.2,0.3,0.6,0.41828382,49925,0.04419379960052342
0.1,0.8,0.5,0.8,0.41831756,49925,0.043924860955326855
0.1,0.4,0.3,0.6,0.4183273,49925,0.04421365735398441
0.1,0.9,0.8,0.6,0.4183583,49925,0.04426688997890245
0.1,0.5,0.7,0.7,0.41836113,49925,0.04439939220307217
0.1,0.9,0.5,0.9,0.41836837,49925,0.043547425337820404
0.1,0.5,0.5,0.6,0.41837546,49925,0.0446076210261616
0.9,0.1,0.8,0.7,0.41840714,49925,0.040673851919429356
0.1,0.3,0.2,0.9,0.41842222,49925,0.04126823428249936
0.1,0.7,0.8,0.7,0.41843033,49925,0.04439422548204716
0.4,0.1,0.6,0.1,0.4184316,49925,0.040110787304021414
0.1,0.4,0.3,0.7,0.41843644,49925,0.04378845631470131
0.1,0.3,0.8,0.3,0.41844165,49925,0.04361045238069294
0.5,0.2,0.1,0.9,0.41846603,49925,0.03890680554685732
0.1,0.6,0.4,0.7,0.41849425,49925,0.04410555200042226
0.3,0.2,0.9,0.9,0.41849458,49925,0.04326145470724971
0.1,0.7,0.9,0.8,0.4185039,49925,0.04431160672343333
0.1,0.5,0.8,0.8,0.4185122,49925,0.04418949600748464
0.6,0.1,0.8,0.3,0.41855136,49925,0.040384879240276214
0.5,0.1,0.1,0.5,0.41855156,49925,0.03904193390928591
0.8,0.1,0.9,0.6,0.41858238,49925,0.04075819652440049
0.8,0.1,0.3,0.5,0.41859746,49925,0.03997329103200299
0.1,0.2,0.7,0.5,0.41865024,49925,0.043450044025765355
0.1,0.5,0.9,0.8,0.4186723,49925,0.04412402321793713
0.6,0.2,0.6,0.9,0.41867512,49925,0.043097092479320476
0.3,0.2,0.1,0.8,0.41868308,49925,0.03992367311288476
0.8,0.1,0.1,0.7,0.41869065,49925,0.03673184107032779
0.2,0.5,0.5,0.9,0.41870117,49925,0.04468484941263851
0.7,0.1,0.1,0.6,0.41870272,49925,0.03744645698661929
0.1,0.3,0.4,0.5,0.41872936,49925,0.04469224429464396
0.1,0.3,0.8,0.7,0.41873753,49925,0.04368871243248179
0.1,0.4,0.9,0.2,0.41876835,49925,0.0433960470901377
0.1,0.5,0.4,0.6,0.4187764,49925,0.044496478807018514
0.1,0.3,0.1,0.9,0.41877812,49925,0.03861172453193705
0.1,0.6,0.5,0.6,0.41877848,49925,0.044534384949732206
0.2,0.2,0.1,0.7,0.41878387,49925,0.0405827381841615
0.8,0.1,0.8,0.7,0.41878608,49925,0.04101845919793185
0.1,0.4,0.3,0.8,0.4187956,49925,0.043290532032073885
0.2,0.3,0.5,0.7,0.41879907,49925,0.044667748347956955
0.8,0.1,0.9,0.4,0.418802,49925,0.039995480203642124
0.5,0.2,0.5,0.8,0.4188064,49925,0.043460538259657545
0.1,0.8,0.9,0.8,0.41881806,49925,0.04429666318743399
0.3,0.2,0.8,0.9,0.41881883,49925,0.04337576922950737
0.1,0.1,0.1,0.4,0.418819,49925,0.04226348126737132
0.2,0.2,0.2,0.8,0.418819,49925,0.04226348126737132
0.2,0.1,0.5,0.5,0.41882604,49925,0.04306733214152934
0.1,0.4,0.5,0.6,0.4188286,49925,0.04455450620425049
0.8,0.1,0.9,0.7,0.41885653,49925,0.0409931202704149
0.7,0.1,0.9,0.5,0.41887072,49925,0.04078552356116697
0.2,0.2,0.9,0.4,0.4188826,49925,0.04305954991204975
0.1,0.9,0.9,0.7,0.41888726,49925,0.044285180216213256
0.4,0.1,0.1,0.5,0.41889405,49925,0.03981364370662154
0.9,0.1,0.8,0.2,0.41890797,49925,0.03836959801905287
0.1,0.2,0.7,0.4,0.41891128,49925,0.043432031304975825
0.1,0.9,0.4,0.1,0.41892073,49925,0.04292456499835125
0.2,0.3,0.8,0.9,0.4189386,49925,0.04395481575380381
0.1,0.6,0.7,0.7,0.41894022,49925,0.04444040707562533
0.1,0.8,0.8,0.7,0.41895664,49925,0.044336994161436896
0.1,0.4,0.3,0.9,0.4189593,49925,0.04283620651518894
0.1,0.8,0.6,0.6,0.41896197,49925,0.04429643097601323
0.2,0.2,0.8,0.8,0.41896468,49925,0.043348601136335825
0.1,0.1,0.4,0.4,0.41896468,49925,0.043348601136335825
0.1,0.7,0.5,0.7,0.41896942,49925,0.044256860519057487
0.3,0.2,0.9,0.1,0.41898742,49925,0.04146992047499564
0.1,0.3,0.3,0.5,0.41899106,49925,0.04466250496727997
0.3,0.2,0.5,0.7,0.41901314,49925,0.04400623376879366
0.4,0.2,0.1,0.9,0.41901457,49925,0.03919421245794641
0.1,0.6,0.8,0.8,0.41903076,49925,0.04429844857933684
0.4,0.3,0.5,0.9,0.4190555,49925,0.044350618629912665
0.1,0.6,0.4,0.8,0.41907004,49925,0.0438171811338652
0.2,0.4,0.4,0.9,0.41907394,49925,0.04430148491489512
0.6,0.1,0.3,0.5,0.41909128,49925,0.041240730845159244
0.1,0.9,0.6,0.7,0.4191057,49925,0.04407402223493301
0.1,0.9,0.8,0.7,0.4191367,49925,0.0442749869373288
0.8,0.2,0.5,0.9,0.41916552,49925,0.04237866067108663
0.1,0.7,0.6,0.6,0.4191864,49925,0.044450388153067864
0.2,0.3,0.4,0.7,0.41919184,49925,0.044704565861914354
0.5,0.1,0.8,0.5,0.41921717,49925,0.041606182205359374
0.9,0.1,0.7,0.7,0.4192279,49925,0.04065803257381496
0.2,0.4,0.5,0.8,0.41923022,49925,0.04477854086518466
0.1,0.6,0.9,0.9,0.4192822,49925,0.04416217895856
0.3,0.3,0.4,0.9,0.4193145,49925,0.04419884121247353
0.2,0.1,0.6,0.4,0.41932288,49925,0.04275938213440477
0.7,0.1,0.9,0.6,0.41934645,49925,0.04107387503512319
0.3,0.2,0.2,0.9,0.4193689,49925,0.04173523511560994
0.1,0.5,0.6,0.7,0.41938412,49925,0.04443054562690834
0.1,0.9,0.7,0.7,0.41938555,49925,0.04420959113951996
0.8,0.1,0.7,0.7,0.41938603,49925,0.04102753745825379
0.2,0.5,0.7,0.9,0.41940063,49925,0.04474386571217736
0.2,0.1,0.6,0.3,0.41944396,49925,0.0425204787759079
0.8,0.1,0.2,0.7,0.4194787,49925,0.0389707145441567
0.7,0.1,0.2,0.7,0.41948622,49925,0.039537768825309995
0.2,0.3,0.6,0.8,0.41948983,49925,0.044357543772706724
0.6,0.1,0.1,0.6,0.41949934,49925,0.0380833077186609
0.7,0.1,0.8,0.7,0.41952285,49925,0.04134513023747163
0.5,0.1,0.3,0.5,0.41952723,49925,0.041875934838425645
0.4,0.2,0.7,0.9,0.41953313,49925,0.04345685081439355
0.3,0.1,0.1,0.5,0.41953495,49925,0.040531327258378144
0.2,0.5,0.6,0.9,0.41953743,49925,0.04476673691485727
0.2,0.4,0.6,0.8,0.419559,49925,0.04475132167555491
0.1,0.2,0.3,0.4,0.419559,49925,0.04475132167555491
0.9,0.1,0.1,0.8,0.41956785,49925,0.03609446978301644
0.1,0.6,0.4,0.9,0.4195686,49925,0.04351136721907939
0.1,0.2,0.2,0.5,0.41956952,49925,0.04393431730841826
0.6,0.1,0.2,0.7,0.41962323,49925,0.040094038299647125
0.1,0.8,0.5,0.9,0.4196313,49925,0.04374164530117643
0.5,0.1,0.8,0.4,0.41965804,49925,0.041271101366614694
0.1,0.4,0.9,0.1,0.4196821,49925,0.04298172483330483
0.1,0.6,0.5,0.7,0.4196837,49925,0.04436911143439028
0.9,0.1,0.7,0.1,0.4196958,49925,0.03736158350610928
0.4,0.2,0.4,0.7,0.4197246,49925,0.043828003153998915
0.1,0.3,0.9,0.6,0.41972753,49925,0.04354320339556848
0.1,0.7,0.7,0.7,0.41974127,49925,0.04441418672357616
0.1,0.2,0.6,0.1,0.4197463,49925,0.04287229978102948
0.7,0.1,0.7,0.7,0.41975287,49925,0.041374471730041884
0.1,0.5,0.7,0.8,0.41976008,49925,0.044223137974425585
0.1,0.4,0.9,0.8,0.4197719,49925,0.043860539754302916
0.4,0.2,0.3,0.9,0.41977262,49925,0.04279178617537976
0.9,0.1,0.5,0.6,0.41977504,49925,0.0402716151286664
0.1,0.4,0.6,0.7,0.41978943,49925,0.04430083423036889
0.8,0.1,0.5,0.6,0.41979277,49925,0.04071443579840636
0.1,0.7,0.5,0.8,0.41980165,49925,0.044090920478308496
0.7,0.1,0.9,0.7,0.41980422,49925,0.04127415848090775
0.4,0.1,0.6,0.6,0.41982618,49925,0.042363300182282154
0.1,0.9,0.9,0.8,0.41985643,49925,0.044252966946422494
0.3,0.2,0.3,0.7,0.41989827,49925,0.04382232408026402
0.6,0.2,0.4,0.9,0.41990042,49925,0.04281090859898581
0.2,0.2,0.9,0.8,0.41990542,49925,0.043155432885204584
0.1,0.4,0.8,0.8,0.41990584,49925,0.04395394180352324
0.2,0.2,0.2,0.9,0.41994733,49925,0.0416326891099517
0.1,0.3,0.8,0.2,0.41994888,49925,0.0432338778553874
0.1,0.8,0.6,0.7,0.4199584,49925,0.04423936598919912
0.4,0.1,0.7,0.6,0.41996175,49925,0.042250647377380664
0.2,0.4,0.7,0.9,0.42001987,49925,0.04449803706817221
0.1,0.3,0.7,0.7,0.4200478,49925,0.04385720389884663
0.1,0.3,0.9,0.7,0.42004848,49925,0.04348674260356526
0.1,0.5,0.9,0.9,0.4200604,49925,0.04397953838148071
0.3,0.2,0.6,0.8,0.4200795,49925,0.04374306859329376
0.1,0.8,0.7,0.7,0.42008612,49925,0.04431158223342163
0.9,0.1,0.3,0.6,0.42009008,49925,0.039603233678197715
0.1,0.3,0.5,0.6,0.42009413,49925,0.044334974107604744
0.7,0.1,0.1,0.7,0.42009532,49925,0.03726805699236717
0.6,0.1,0.8,0.7,0.4201074,49925,0.04165403772991266
0.1,0.2,0.7,0.6,0.4201147,49925,0.04332758116857723
0.2,0.2,0.9,0.3,0.4201256,49925,0.04271488159840692
0.1,0.7,0.9,0.9,0.4201308,49925,0.04423346200190774
0.1,0.7,0.8,0.8,0.4201454,49925,0.04434579262876609
0.1,0.9,0.6,0.9,0.4201516,49925,0.0439306069573413
0.1,0.2,0.4,0.5,0.4201635,49925,0.0442267287121746
0.1,0.9,0.6,0.8,0.42016798,49925,0.044023778115794665
0.2,0.2,0.4,0.6,0.42016816,49925,0.044350424167645015
0.1,0.1,0.2,0.3,0.42016816,49925,0.044350424167645015
0.3,0.3,0.6,0.9,0.42016816,49925,0.04435042416764501
0.1,0.2,0.7,0.3,0.42017028,49925,0.04327787584403349
0.7,0.2,0.5,0.9,0.42018217,49925,0.04273428554994486
0.8,0.1,0.8,0.2,0.42020848,49925,0.0387856703718198
0.5,0.2,0.4,0.8,0.4202186,49925,0.04332699676408437
0.3,0.1,0.7,0.4,0.42022216,49925,0.0421705361282159
0.9,0.1,0.9,0.3,0.42024177,49925,0.0390716114692626
0.2,0.2,0.3,0.6,0.42028806,49925,0.04431122190372322
0.1,0.7,0.6,0.7,0.42029724,49925,0.04438785542840185
0.2,0.2,0.8,0.1,0.4203078,49925,0.04195976570718395
0.1,0.6,0.6,0.7,0.42030993,49925,0.044455458660234454
0.1,0.2,0.6,0.6,0.42033586,49925,0.04357485749438554
0.1,0.4,0.4,0.6,0.42036796,49925,0.04453925870063472
0.5,0.1,0.8,0.6,0.4203905,49925,0.041809787766645574
0.1,0.8,0.6,0.8,0.4203967,49925,0.04417908062042178
0.2,0.2,0.1,0.8,0.4203987,49925,0.03985135399763914
0.2,0.1,0.1,0.5,0.420399,49925,0.04109765105177407
0.2,0.3,0.7,0.9,0.42041045,49925,0.04403862057194932
0.1,0.6,0.8,0.9,0.42041862,49925,0.044171548708131905
0.1,0.6,0.7,0.8,0.4204189,49925,0.04432422102914615
0.1,0.5,0.8,0.9,0.42043868,49925,0.044029298324127275
0.4,0.1,0.5,0.6,0.42046446,49925,0.04246691751251654
0.1,0.4,0.7,0.8,0.42046928,49925,0.044024759610686574
0.7,0.1,0.5,0.6,0.4204842,49925,0.041166442830984376
0.6,0.1,0.5,0.6,0.42048696,49925,0.04164284837680858
0.1,0.8,0.8,0.8,0.420505,49925,0.04430419416514678
0.2,0.2,0.7,0.8,0.420514,49925,0.04349565155877019
0.5,0.1,0.2,0.7,0.42051783,49925,0.04064277399427081
0.1,0.3,0.9,0.5,0.42054716,49925,0.043529058931199766
0.1,0.2,0.2,0.6,0.42056245,49925,0.043160187578886365
0.3,0.3,0.5,0.9,0.4205717,49925,0.044367136635444004
0.4,0.1,0.7,0.2,0.4205997,49925,0.04076500631368598
0.1,0.9,0.8,0.8,0.42060626,49925,0.04422190051524908
0.3,0.1,0.7,0.5,0.4206096,49925,0.04240207320961727
0.1,0.5,0.4,0.7,0.42061907,49925,0.044226901179843646
0.5,0.2,0.6,0.9,0.42065144,49925,0.043342903479131015
0.8,0.1,0.9,0.3,0.4206613,49925,0.03943134763009019
0.5,0.1,0.5,0.6,0.4206748,49925,0.04207190550483855
0.8,0.1,0.7,0.1,0.4207345,49925,0.037811186070192855
0.1,0.8,0.9,0.9,0.42075658,49925,0.04424888931098
0.2,0.1,0.6,0.5,0.42077094,49925,0.04278618011233555
0.7,0.1,0.9,0.4,0.42077288,49925,0.04034855919931215
0.3,0.1,0.6,0.1,0.42079735,49925,0.040561116144475884
0.8,0.1,0.1,0.8,0.4208587,49925,0.03657074902173204
0.1,0.9,0.7,0.8,0.42086706,49925,0.04416341100397276
0.1,0.8,0.6,0.9,0.4208821,49925,0.04405005228663154
0.1,0.8,0.7,0.8,0.42089012,49925,0.04427910201161589
0.9,0.1,0.8,0.8,0.4208984,49925,0.0408638761385545
0.7,0.1,0.3,0.6,0.42090374,49925,0.04073986537737288
0.1,0.3,0.6,0.7,0.42090666,49925,0.04399221329383758
0.2,0.3,0.5,0.8,0.42092353,49925,0.04440622157206234
0.1,0.1,0.5,0.3,0.4209444,49925,0.04297420409281746
0.1,0.7,0.7,0.8,0.4209711,49925,0.04431823959678417
0.8,0.1,0.3,0.6,0.42098543,49925,0.040159663050780156
0.1,0.8,0.8,0.9,0.42099464,49925,0.04422645252894132
0.1,0.7,0.8,0.9,0.42099604,49925,0.04423105766455096
0.2,0.1,0.6,0.2,0.42099732,49925,0.04196900106038695
0.6,0.1,0.7,0.7,0.42100313,49925,0.041707622900940385
0.6,0.1,0.9,0.6,0.4210199,49925,0.04135962482959811
0.1,0.7,0.6,0.8,0.4210386,49925,0.044262421101560374
0.9,0.1,0.3,0.7,0.4210964,49925,0.03968708852504318
0.4,0.2,0.5,0.8,0.42109928,49925,0.043694126977780454
0.6,0.1,0.9,0.5,0.42111608,49925,0.04109601269894401
0.2,0.1,0.4,0.5,0.42113096,49925,0.043253155816805985
0.2,0.2,0.5,0.7,0.42114225,49925,0.043967316691175845
0.1,0.9,0.9,0.9,0.42115057,49925,0.04422382081234951
0.3,0.2,0.1,0.9,0.42115775,49925,0.03931398101108891
0.1,0.5,0.5,0.7,0.42116216,49925,0.044420005681882986
0.6,0.1,0.1,0.7,0.4211635,49925,0.03781166701847381
0.1,0.9,0.8,0.9,0.4211707,49925,0.04418222663329587
0.3,0.2,0.7,0.9,0.4212073,49925,0.04347233747335198
0.4,0.1,0.8,0.5,0.42120904,49925,0.041873690836763046
0.4,0.1,0.2,0.6,0.4212307,49925,0.04158925730989545
0.6,0.2,0.5,0.9,0.42123485,49925,0.04304732609535942
0.8,0.1,0.8,0.8,0.42125803,49925,0.04117258807927429
0.9,0.1,0.2,0.8,0.42129862,49925,0.038372674224035015
0.1,0.9,0.7,0.9,0.42130142,49925,0.04410837930236991
0.6,0.1,0.9,0.7,0.42130157,49925,0.041534005595132685
0.1,0.1,0.5,0.4,0.42132857,49925,0.04294935094476463
0.1,0.3,0.8,0.8,0.42134148,49925,0.04353788569443541
0.7,0.1,0.8,0.2,0.42134207,49925,0.039206989287346436
0.2,0.3,0.4,0.8,0.42137527,49925,0.04436816227308117
0.2,0.4,0.5,0.9,0.42140192,49925,0.044515262420739936
0.5,0.1,0.8,0.3,0.42142057,49925,0.0407844091927184
0.1,0.2,0.5,0.6,0.42142212,49925,0.04374556142037563
0.7,0.1,0.1,0.8,0.42142782,49925,0.037041589820719735
0.9,0.1,0.9,0.8,0.42143604,49925,0.04086156039358663
0.1,0.3,0.9,0.8,0.42144102,49925,0.04339125067790786
0.1,0.4,0.9,0.9,0.42144662,49925,0.04371677769624588
0.3,0.1,0.7,0.3,0.42145005,49925,0.04181275798809555
0.4,0.1,0.3,0.5,0.42145914,49925,0.04249451224263742
0.5,0.1,0.1,0.6,0.42146233,49925,0.03872170724331565
0.1,0.7,0.5,0.9,0.42147258,49925,0.043871886927832435
0.2,0.2,0.1,0.9,0.42148805,49925,0.03913455252958463
0.1,0.5,0.4,0.8,0.42149386,49925,0.0439184164259987
0.7,0.1,0.7,0.1,0.421505,49925,0.038279178784122445
0.4,0.1,0.8,0.6,0.42151767,49925,0.04204981340293432
0.1,0.6,0.6,0.8,0.42151776,49925,0.04429796017619613
0.3,0.2,0.3,0.8,0.4215205,49925,0.043401593777556896
0.1,0.3,0.9,0.4,0.42153522,49925,0.043414727724035145
0.1,0.4,0.5,0.7,0.4215659,49925,0.04434107427845277
0.9,0.1,0.1,0.9,0.42159075,49925,0.035955542606540145
0.1,0.3,0.8,0.1,0.42161313,49925,0.04270011837733302
0.3,0.1,0.6,0.6,0.42162624,49925,0.042623174444758626
0.1,0.2,0.1,0.7,0.4216497,49925,0.039865699177701906
0.2,0.4,0.6,0.9,0.42165536,49925,0.04454987256436544
0.8,0.1,0.1,0.9,0.4216849,49925,0.03637011480991347
0.2,0.2,0.9,0.9,0.42168674,49925,0.043032635622485244
0.8,0.1,0.3,0.7,0.42169282,49925,0.04020030718558812
0.7,0.1,0.4,0.6,0.42169914,49925,0.041076346861798826
0.1,0.4,0.8,0.9,0.42170548,49925,0.04378608819705939
0.1,0.6,0.5,0.8,0.42171493,49925,0.04418141090211108
0.1,0.5,0.4,0.9,0.42175043,49925,0.04357385294995543
0.5,0.1,0.8,0.7,0.42176843,49925,0.0419015934990618
0.8,0.1,0.2,0.8,0.42183918,49925,0.03885438585754552
0.4,0.1,0.1,0.6,0.42184278,49925,0.03935283024884782
0.7,0.1,0.9,0.3,0.4218464,49925,0.03979458503398197
0.3,0.1,0.5,0.6,0.4218524,49925,0.04275802993767325
0.8,0.1,0.9,0.8,0.42187235,49925,0.04113614740926136
0.9,0.1,0.4,0.6,0.42191416,49925,0.04009141439970366
0.1,0.2,0.8,0.5,0.4219221,49925,0.04310327910506827
0.3,0.2,0.4,0.7,0.42194885,49925,0.044072459957012235
0.1,0.6,0.7,0.9,0.42194963,49925,0.0441681737383782
0.5,0.1,0.7,0.7,0.42197374,49925,0.04201208114110822
0.1,0.3,0.3,0.6,0.42200488,49925,0.04420371075186488
0.4,0.2,0.6,0.9,0.4220219,49925,0.043516257100796825
0.3,0.1,0.2,0.5,0.42206013,49925,0.04262457728839981
0.1,0.2,0.2,0.7,0.42206025,49925,0.042382454436751885
0.9,0.1,0.6,0.7,0.42213595,49925,0.040578567933387176
0.5,0.1,0.4,0.6,0.42213795,49925,0.04205744985427862
0.1,0.5,0.6,0.8,0.4221417,49925,0.04424857845206099
0.1,0.8,0.7,0.9,0.42214492,49925,0.044182911553097136
0.8,0.1,0.4,0.6,0.42216468,49925,0.04058745774512844
0.1,0.2,0.2,0.8,0.42216477,49925,0.04159580385453351
0.7,0.1,0.9,0.8,0.4221725,49925,0.041410335844502134
0.7,0.1,0.6,0.7,0.422186,49925,0.041368217172914314
0.1,0.3,0.7,0.8,0.42220578,49925,0.04364688800149616
0.2,0.2,0.8,0.9,0.42220658,49925,0.043163839870601246
0.1,0.5,0.7,0.9,0.42221427,49925,0.04406727036285388
0.1,0.4,0.4,0.7,0.42222723,49925,0.04424297878388991
0.6,0.1,0.7,0.1,0.42226404,49925,0.038784434807848496
0.1,0.1,0.1,0.5,0.42230147,49925,0.0410085330897064
0.1,0.3,0.9,0.3,0.42231172,49925,0.04316388814511828
0.2,0.2,0.6,0.8,0.42231694,49925,0.043621368899720986
0.1,0.1,0.3,0.4,0.42231694,49925,0.043621368899720986
0.3,0.1,0.3,0.5,0.42235708,49925,0.04302220096963214
0.6,0.1,0.6,0.7,0.4223797,49925,0.041751238578779576
0.6,0.1,0.8,0.2,0.42238286,49925,0.039606430794288744
0.5,0.1,0.9,0.6,0.42238614,49925,0.041612054872721425
0.4,0.1,0.8,0.4,0.4223945,49925,0.041595044856064765
0.3,0.2,0.3,0.9,0.42240202,49925,0.042964451094424407
0.6,0.1,0.4,0.6,0.4224074,49925,0.041580810752313464
0.6,0.1,0.3,0.6,0.42241165,49925,0.04130352942352193
0.7,0.1,0.8,0.8,0.42241174,49925,0.04144556570986458
0.3,0.1,0.7,0.6,0.42241767,49925,0.04244183037408312
0.1,0.3,0.4,0.6,0.42242274,49925,0.04436192365532628
0.1,0.1,0.5,0.2,0.42243257,49925,0.04261971582292539
0.5,0.2,0.5,0.9,0.42243338,49925,0.04331831580513068
0.1,0.7,0.6,0.9,0.42244998,49925,0.04412114599813344
0.1,0.7,0.7,0.9,0.42250246,49925,0.04421699502459191
0.5,0.1,0.1,0.7,0.4225344,49925,0.03836122415998981
0.9,0.1,0.3,0.8,0.42253634,49925,0.03967576224884642
0.6,0.1,0.1,0.8,0.42254966,49925,0.03752587076138172
0.1,0.2,0.7,0.2,0.42257792,49925,0.04285061157863151
0.8,0.1,0.6,0.7,0.42258093,49925,0.040973202134260915
0.5,0.2,0.4,0.9,0.4226122,49925,0.04312302268536526
0.2,0.2,0.9,0.2,0.42264253,49925,0.042156338759633864
0.7,0.1,0.2,0.8,0.42266068,49925,0.03933601066735514
0.1,0.2,0.7,0.7,0.42268324,49925,0.043150002492687
0.7,0.1,0.3,0.7,0.42280138,49925,0.040716535768232934
0.1,0.2,0.8,0.6,0.4228189,49925,0.04303253818652464
0.1,0.3,0.3,0.7,0.42282343,49925,0.04371224062770307
0.7,0.1,0.1,0.9,0.42282525,49925,0.03679559285322246
0.5,0.1,0.6,0.7,0.4228312,49925,0.042081333054234095
0.6,0.1,0.9,0.4,0.42285174,49925,0.040703616760588486
0.4,0.1,0.7,0.7,0.4228617,49925,0.04225856819787275
0.2,0.3,0.4,0.9,0.4228809,49925,0.043985581899690894
0.1,0.6,0.5,0.9,0.42293122,49925,0.043948931857470175
0.6,0.1,0.2,0.8,0.42293474,49925,0.03983308427959367
0.5,0.1,0.7,0.1,0.4229444,49925,0.039233643213308994
0.4,0.2,0.4,0.8,0.4229596,49925,0.04361501386148121
0.2,0.1,0.2,0.4,0.4229596,49925,0.04361501386148121
0.2,0.3,0.6,0.9,0.4230143,49925,0.04410367242038731
0.3,0.2,0.5,0.8,0.42301652,49925,0.0438226887123303
0.4,0.1,0.4,0.6,0.4230518,49925,0.04249723062633983
0.1,0.3,0.9,0.9,0.42309082,49925,0.04323546465696715
0.3,0.1,0.1,0.6,0.42315057,49925,0.039906738420588936
0.1,0.6,0.6,0.9,0.42330125,49925,0.044115975620558474
0.1,0.4,0.6,0.8,0.42331076,49925,0.04407406811137307
0.1,0.2,0.8,0.4,0.42335385,49925,0.04300208011706467
0.1,0.5,0.5,0.8,0.42336586,49925,0.044181431327760194
0.2,0.2,0.3,0.7,0.42338705,49925,0.04385622862968697
0.2,0.1,0.6,0.6,0.42341912,49925,0.0426902064538937
0.9,0.1,0.9,0.2,0.42343116,49925,0.03828817051849336
0.6,0.1,0.9,0.8,0.42343116,49925,0.04163188074503436
0.1,0.3,0.3,0.8,0.42344487,49925,0.04319854859790864
0.7,0.1,0.7,0.8,0.42346755,49925,0.04147927299639566
0.9,0.1,0.9,0.9,0.42348322,49925,0.040988105246932374
0.6,0.1,0.8,0.8,0.42352682,49925,0.041719572259348636
0.2,0.2,0.7,0.9,0.4235533,49925,0.04328483413508598
0.8,0.1,0.7,0.8,0.4235844,49925,0.04114612489764344
0.8,0.1,0.3,0.8,0.423585,49925,0.040150882805950125
0.5,0.1,0.8,0.2,0.42360088,49925,0.03999489677868337
0.4,0.1,0.6,0.7,0.42360184,49925,0.04235282897214865
0.8,0.1,0.5,0.7,0.42360258,49925,0.040907919858967
0.2,0.3,0.5,0.9,0.42366037,49925,0.044127444741015764
0.1,0.5,0.6,0.9,0.42366678,49925,0.04402903896852887
0.9,0.1,0.7,0.8,0.4236773,49925,0.0408134939620563
0.1,0.3,0.9,0.2,0.4236869,49925,0.04273725583473928
0.9,0.1,0.2,0.9,0.42369327,49925,0.03827928230846833
0.1,0.2,0.3,0.5,0.4237391,49925,0.04430732391527275
0.1,0.2,0.1,0.8,0.42374903,49925,0.03901544470755643
0.3,0.1,0.7,0.2,0.42378125,49925,0.04111129069208611
0.4,0.1,0.2,0.7,0.42383945,49925,0.04117057997244143
0.9,0.1,0.5,0.7,0.42384484,49925,0.040497038526411684
0.5,0.1,0.3,0.6,0.42386,49925,0.041860373465810646
0.4,0.1,0.8,0.7,0.42386454,49925,0.04211527736719594
0.3,0.2,0.6,0.9,0.42389578,49925,0.04354265302154065
0.5,0.1,0.9,0.7,0.42393768,49925,0.04176377784074022
0.1,0.4,0.4,0.8,0.4239387,49925,0.043877973467231365
0.1,0.3,0.8,0.9,0.42394295,49925,0.04332940101266355
0.4,0.1,0.1,0.7,0.42396355,49925,0.03888173827477372
0.1,0.4,0.7,0.9,0.42397642,49925,0.04383138934836243
0.5,0.1,0.9,0.5,0.42398173,49925,0.041374546210801576
0.1,0.3,0.5,0.7,0.42398766,49925,0.04404351077947642
0.2,0.2,0.4,0.7,0.4240144,49925,0.04403091914163883
0.8,0.1,0.9,0.9,0.42403492,49925,0.04124250205511882
0.1,0.2,0.6,0.7,0.42404944,49925,0.04331299923856512
0.5,0.1,0.2,0.8,0.42407468,49925,0.040300879260664786
0.1,0.2,0.8,0.3,0.42407775,49925,0.04272756343657033
0.6,0.1,0.9,0.3,0.42412966,49925,0.040156107656621705
0.6,0.1,0.7,0.8,0.4241721,49925,0.04177419069237425
0.8,0.1,0.2,0.9,0.42417708,49925,0.0387000211203698
0.3,0.2,0.4,0.8,0.4241954,49925,0.04378363805581122
0.1,0.2,0.2,0.9,0.4242043,49925,0.04084342297070193
0.9,0.1,0.8,0.1,0.42424268,49925,0.03734357476733295
0.1,0.2,0.4,0.6,0.4242897,49925,0.04383715894762621
0.5,0.1,0.5,0.7,0.42431894,49925,0.04208605890002601
0.1,0.5,0.5,0.9,0.424379,49925,0.0439181345507455
0.1,0.2,0.8,0.7,0.42442402,49925,0.042934964093062786
0.1,0.3,0.6,0.8,0.42443472,49925,0.04373357646147093
0.3,0.1,0.2,0.6,0.42449743,49925,0.042139291170598205
0.1,0.3,0.3,0.9,0.42450887,49925,0.0426836471107081
0.5,0.1,0.7,0.8,0.4245224,49925,0.0420247469574386
0.9,0.1,0.3,0.9,0.42457202,49925,0.039608441361863256
0.5,0.1,0.1,0.8,0.42457238,49925,0.037980661762259706
0.4,0.2,0.5,0.9,0.4245737,49925,0.04351900050287493
0.6,0.1,0.1,0.9,0.4245748,49925,0.03720110601401098
0.6,0.1,0.5,0.7,0.42457908,49925,0.04171061660749157
0.4,0.1,0.8,0.3,0.42459977,49925,0.041111166576617925
0.1,0.2,0.1,0.9,0.42461798,49925,0.0382329744059444
0.8,0.1,0.9,0.2,0.42469537,49925,0.03865565000639562
0.2,0.2,0.9,0.1,0.42469877,49925,0.04135156648509098
0.2,0.1,0.5,0.6,0.4247436,49925,0.042846659203606446
0.7,0.1,0.5,0.7,0.42477864,49925,0.04130480373303782
0.1,0.4,0.4,0.9,0.4247948,49925,0.043495123140534615
0.4,0.1,0.7,0.1,0.42481175,49925,0.03964496107776247
0.2,0.1,0.7,0.4,0.42481482,49925,0.04231433620809093
0.2,0.1,0.1,0.6,0.42485896,49925,0.04021944583708904
0.1,0.1,0.5,0.5,0.42486843,49925,0.04273167177159292
0.7,0.1,0.2,0.9,0.42487568,49925,0.03913288469638424
0.2,0.2,0.3,0.8,0.42487952,49925,0.04337015742036936
0.3,0.1,0.8,0.5,0.4249019,49925,0.04207241559177723
0.5,0.1,0.8,0.8,0.4249258,49925,0.04195878906605808
0.7,0.1,0.3,0.8,0.42495003,49925,0.04063193767177291
0.1,0.4,0.5,0.8,0.42495662,49925,0.04405441558941473
0.6,0.1,0.3,0.7,0.42497635,49925,0.041235429029632814
0.8,0.1,0.8,0.9,0.4250053,49925,0.04125756690787998
0.2,0.1,0.3,0.5,0.42501557,49925,0.04334810602857246
0.2,0.1,0.7,0.5,0.4250409,49925,0.04243678046533094
0.1,0.1,0.4,0.5,0.4250732,49925,0.04295326425573701
0.9,0.1,0.4,0.7,0.4250733,49925,0.04028089701877012
0.5,0.1,0.9,0.4,0.42507514,49925,0.04100675499847442
0.3,0.1,0.4,0.6,0.42509258,49925,0.0428364913480062
0.3,0.1,0.7,0.7,0.42511538,49925,0.04241335892400534
0.2,0.2,0.5,0.8,0.42511758,49925,0.04369924811937277
0.8,0.1,0.8,0.1,0.42513058,49925,0.03775125325455769
0.6,0.1,0.2,0.9,0.4252227,49925,0.039552184041709716
0.4,0.2,0.4,0.9,0.42522743,49925,0.043371668909575785
0.1,0.3,0.4,0.7,0.4252506,49925,0.04400289033739714
0.1,0.2,0.7,0.1,0.42528746,49925,0.04209596938186705
0.7,0.1,0.9,0.2,0.4253142,49925,0.03900787314485727
0.3,0.1,0.8,0.6,0.4253158,49925,0.04220561097881753
0.8,0.1,0.4,0.7,0.42536217,49925,0.0407310337106511
0.4,0.1,0.5,0.7,0.4254007,49925,0.042393476714432915
0.1,0.3,0.7,0.9,0.42549026,49925,0.04340419776085093
0.9,0.1,0.8,0.9,0.42553067,49925,0.04097988936677423
0.5,0.1,0.9,0.8,0.42555574,49925,0.04184227193875422
0.2,0.1,0.6,0.1,0.42556152,49925,0.040843109427636914
0.4,0.1,0.9,0.6,0.42559165,49925,0.04181283312949608
0.1,0.3,0.9,0.1,0.4256265,49925,0.04215801614899903
0.1,0.2,0.9,0.6,0.42566082,49925,0.042752436879851245
0.3,0.1,0.6,0.7,0.42567137,49925,0.04253248539664535
0.4,0.1,0.3,0.6,0.42567745,49925,0.04238155366782028
0.8,0.1,0.3,0.9,0.4256819,49925,0.04003052396998048
0.1,0.4,0.6,0.9,0.42569005,49925,0.04382249026520072
0.7,0.1,0.8,0.9,0.42577344,49925,0.04151992505316185
0.3,0.2,0.5,0.9,0.42582062,49925,0.04358191482438972
0.7,0.1,0.9,0.9,0.42585158,49925,0.04146717480446868
0.1,0.2,0.5,0.7,0.42585963,49925,0.04339584651735834
0.9,0.1,0.6,0.8,0.42586154,49925,0.040758345914836694
0.1,0.2,0.3,0.6,0.42589337,49925,0.04376944824405252
0.3,0.1,0.1,0.7,0.42590255,49925,0.03926526311076748
0.4,0.1,0.8,0.2,0.42590925,49925,0.04032659229436234
0.2,0.1,0.7,0.6,0.42591813,49925,0.04243910615529929
0.3,0.1,0.8,0.4,0.42593035,49925,0.04180512120945752
0.4,0.1,0.2,0.8,0.42598388,49925,0.040743721467674285
0.4,0.1,0.9,0.5,0.42606744,49925,0.041598564561565
0.8,0.1,0.6,0.8,0.4260959,49925,0.04109693253779857
0.1,0.2,0.7,0.8,0.42617232,49925,0.0429000111995833
0.7,0.1,0.8,0.1,0.42618555,49925,0.03813714868775079
0.2,0.2,0.6,0.9,0.42624754,49925,0.043346733441771174
0.7,0.1,0.6,0.8,0.42625153,49925,0.041451187576962686
0.4,0.1,0.8,0.8,0.42626217,49925,0.04212013989009118
0.7,0.1,0.4,0.7,0.42632046,49925,0.04117989581179685
0.5,0.1,0.1,0.9,0.42632955,49925,0.03754712759533418
0.3,0.1,0.2,0.7,0.42634362,49925,0.04160563551340469
0.5,0.1,0.9,0.3,0.42634845,49925,0.0404688531425427
0.2,0.2,0.3,0.9,0.42636245,49925,0.042878262169618
0.6,0.1,0.9,0.9,0.4263941,49925,0.04168895143490333
0.1,0.3,0.5,0.8,0.42639917,49925,0.04371807263976554
0.4,0.1,0.1,0.8,0.42640573,49925,0.038365988583738034
0.6,0.1,0.8,0.9,0.42647517,49925,0.04174713828039811
0.6,0.1,0.6,0.8,0.42647827,49925,0.041768242435721276
0.1,0.4,0.5,0.9,0.42650464,49925,0.04374801060996698
0.4,0.1,0.7,0.8,0.42654538,49925,0.042232449997601895
0.2,0.1,0.7,0.3,0.42667368,49925,0.041960365146645535
0.4,0.1,0.9,0.7,0.42670807,49925,0.04192790270756246
0.1,0.2,0.9,0.5,0.42671365,49925,0.04270347301893403
0.5,0.1,0.6,0.8,0.42671567,49925,0.04204295894930078
0.6,0.1,0.9,0.2,0.42673346,49925,0.03935022822847656
0.2,0.1,0.4,0.6,0.4267785,49925,0.04297569939036976
0.1,0.2,0.9,0.4,0.42681327,49925,0.0425213081911067
0.1,0.2,0.8,0.8,0.4268178,49925,0.04274210265454591
0.2,0.1,0.2,0.5,0.42683476,49925,0.043068422620885206
0.9,0.1,0.4,0.8,0.42683953,49925,0.04035110226652551
0.1,0.3,0.6,0.9,0.42691246,49925,0.043426084929345035
0.2,0.2,0.4,0.8,0.42691395,49925,0.043664528719865994
0.1,0.1,0.2,0.4,0.42691395,49925,0.043664528719865994
0.1,0.1,0.6,0.4,0.42698845,49925,0.042454350669463944
0.1,0.1,0.5,0.1,0.4270242,49925,0.041593925141205135
0.1,0.2,0.9,0.7,0.42704776,49925,0.04268466276264004
0.5,0.1,0.2,0.9,0.42705837,49925,0.039944853624066474
0.8,0.1,0.7,0.9,0.4270662,49925,0.04123425943636183
0.3,0.1,0.7,0.1,0.42707276,49925,0.03995782995588141
0.3,0.2,0.4,0.9,0.42715067,49925,0.0434376117243447
0.7,0.1,0.3,0.9,0.42715856,49925,0.04045960207819074
0.6,0.1,0.3,0.8,0.42716455,49925,0.041082818429636125
0.1,0.1,0.1,0.6,0.42718512,49925,0.03985607646615848
0.1,0.3,0.4,0.8,0.42720714,49925,0.04359820651238021
0.6,0.1,0.4,0.7,0.42721188,49925,0.04161961564702998
0.5,0.1,0.3,0.7,0.4272707,49925,0.041723430704212534
0.3,0.1,0.8,0.7,0.42729932,49925,0.04222763569448105
0.9,0.1,0.7,0.9,0.4273258,49925,0.040933298024590635
0.5,0.1,0.4,0.7,0.42734528,49925,0.0420302041347344
0.3,0.1,0.5,0.7,0.4274053,49925,0.04260745650659125
0.1,0.2,0.6,0.8,0.4274079,49925,0.042995122058481834
0.1,0.2,0.8,0.2,0.42743388,49925,0.04219934374818937
0.6,0.1,0.8,0.1,0.4274381,49925,0.03853216114373213
0.3,0.1,0.8,0.3,0.42747253,49925,0.04133608486095519
0.4,0.1,0.9,0.4,0.42755455,49925,0.04126145009696082
0.9,0.1,0.5,0.8,0.42762864,49925,0.04065662592333406
0.5,0.1,0.9,0.9,0.42774567,49925,0.04186416251241272
0.7,0.1,0.7,0.9,0.42774662,49925,0.041509126441860264
0.1,0.2,0.4,0.7,0.42779985,49925,0.04339539980293148
0.4,0.1,0.2,0.9,0.42784613,49925,0.040282154329008266
0.8,0.1,0.5,0.8,0.4279288,49925,0.04101600193544982
0.9,0.1,0.6,0.9,0.4279386,49925,0.0408677336392331
0.5,0.1,0.8,0.9,0.4280152,49925,0.041941928892629654
0.6,0.1,0.5,0.8,0.42806107,49925,0.041718256039775525
0.8,0.1,0.4,0.8,0.42808658,49925,0.04076422143190231
0.1,0.1,0.6,0.3,0.42810875,49925,0.04229804290299884
0.7,0.1,0.5,0.8,0.42813167,49925,0.0413690943731503
0.1,0.2,0.8,0.9,0.42816913,49925,0.04253392600355614
0.9,0.1,0.9,0.1,0.4281833,49925,0.03728363753349362
0.1,0.2,0.3,0.7,0.42826897,49925,0.04323360404621443
0.1,0.2,0.7,0.9,0.42838013,49925,0.04262551788076495
0.5,0.1,0.8,0.1,0.42838776,49925,0.03887660243153682
0.2,0.2,0.5,0.9,0.4283949,49925,0.04335854383540795
0.1,0.2,0.9,0.8,0.42844272,49925,0.04255292659115424
0.4,0.1,0.6,0.8,0.42844352,49925,0.04226508571032222
0.6,0.1,0.7,0.9,0.42848268,49925,0.04176984889805196
0.2,0.1,0.6,0.7,0.42849678,49925,0.04249501458853317
0.2,0.1,0.7,0.2,0.42854375,49925,0.0412715535737031
0.2,0.1,0.1,0.7,0.42861652,49925,0.039412361268845134
0.2,0.1,0.2,0.6,0.42862433,49925,0.04245662130074667
0.3,0.1,0.7,0.8,0.42865136,49925,0.04230890410900601
0.1,0.1,0.6,0.5,0.4286575,49925,0.04239278913755014
0.1,0.3,0.5,0.9,0.42867443,49925,0.04336294058396597
0.2,0.1,0.7,0.7,0.42868036,49925,0.04234325542018678
0.1,0.3,0.4,0.9,0.42868802,49925,0.043216804278046424
0.5,0.1,0.7,0.9,0.42870218,49925,0.041984493713571165
0.4,0.1,0.9,0.8,0.42873117,49925,0.041989510162631166
0.3,0.1,0.3,0.6,0.4289317,49925,0.042762715515756944
0.9,0.1,0.4,0.9,0.42895377,49925,0.04037913976611046
0.3,0.1,0.2,0.8,0.4289662,49925,0.04105584609446735
0.4,0.1,0.1,0.9,0.42898902,49925,0.03785689042990626
0.7,0.1,0.4,0.8,0.42899403,49925,0.04118080915996975
0.3,0.1,0.1,0.8,0.42911202,49925,0.038626073044280236
0.1,0.2,0.9,0.3,0.42914668,49925,0.042188315764550614
0.7,0.1,0.6,0.9,0.42915246,49925,0.0414721363993643
0.8,0.1,0.6,0.9,0.42921698,49925,0.04117226366278294
0.5,0.1,0.5,0.8,0.42922613,49925,0.04203410228121336
0.3,0.1,0.8,0.8,0.42923036,49925,0.042201486342748264
0.1,0.2,0.5,0.8,0.4292366,49925,0.04300630333752796
0.3,0.1,0.8,0.2,0.4292435,49925,0.04057185292870477
0.1,0.1,0.5,0.6,0.42924678,49925,0.04240562198557198
0.1,0.1,0.3,0.5,0.42928925,49925,0.04306376435213407
0.8,0.1,0.9,0.1,0.4293009,49925,0.03762665447404171
0.5,0.1,0.9,0.2,0.42939287,49925,0.03965529866190163
0.4,0.1,0.8,0.9,0.429488,49925,0.042072000083900093
0.6,0.1,0.3,0.9,0.42961445,49925,0.04087410210305171
0.4,0.1,0.4,0.7,0.42964625,49925,0.04237507484609922
0.3,0.1,0.9,0.6,0.42969257,49925,0.04192803229256099
0.4,0.1,0.9,0.3,0.42974564,49925,0.04071186008673629
0.3,0.1,0.6,0.8,0.4297512,49925,0.04237019729797471
0.2,0.1,0.8,0.5,0.42995998,49925,0.04205858373252645
0.4,0.1,0.8,0.1,0.4299876,49925,0.03916765405294466
0.4,0.1,0.9,0.9,0.4300048,49925,0.041977607262261754
0.3,0.1,0.9,0.5,0.4301002,49925,0.04174260223374599
0.2,0.2,0.4,0.9,0.43012893,49925,0.04327269959765705
0.9,0.1,0.5,0.9,0.4301701,49925,0.04071428452224735
0.6,0.1,0.6,0.9,0.43018502,49925,0.04175273349314639
0.2,0.1,0.5,0.7,0.43020272,49925,0.04259965554016826
0.1,0.2,0.3,0.8,0.4302472,49925,0.042689680945359194
0.1,0.2,0.8,0.1,0.43025035,49925,0.041346431007479846
0.3,0.1,0.9,0.7,0.4302562,49925,0.041993296829268736
0.1,0.1,0.6,0.2,0.43028492,49925,0.04174248110246048
0.1,0.2,0.6,0.9,0.43032113,49925,0.042670020359756144
0.5,0.1,0.3,0.8,0.4303248,49925,0.04151105629474644
0.4,0.1,0.3,0.7,0.4303313,49925,0.04214020585008179
0.2,0.1,0.8,0.4,0.43038645,49925,0.04182466927342327
0.7,0.1,0.9,0.1,0.43041176,49925,0.03794579706778428
0.2,0.1,0.8,0.6,0.43046987,49925,0.04214043775326046
0.4,0.1,0.7,0.9,0.4305544,49925,0.042134579733612273
0.3,0.1,0.2,0.9,0.43056482,49925,0.04049576449125204
0.1,0.2,0.4,0.8,0.43068764,49925,0.04295062494614136
0.1,0.1,0.6,0.6,0.43071273,49925,0.04218741599675826
0.6,0.1,0.4,0.8,0.43073407,49925,0.04156134498421559
0.1,0.1,0.1,0.7,0.43076855,49925,0.03879980319973309
0.2,0.1,0.2,0.7,0.4307921,49925,0.04178805706083959
0.5,0.1,0.6,0.9,0.43083766,49925,0.04196950579501035
0.1,0.2,0.3,0.9,0.43088177,49925,0.04211563326111453
0.1,0.2,0.9,0.9,0.4309159,49925,0.04240282779584788
0.6,0.1,0.9,0.1,0.430919,49925,0.03826652682014706
0.8,0.1,0.5,0.9,0.4309864,49925,0.04106429632176791
0.8,0.1,0.4,0.9,0.43103507,49925,0.04075987145382036
0.3,0.1,0.9,0.8,0.43110794,49925,0.04201597672293505
0.3,0.1,0.1,0.9,0.43127546,49925,0.03802317985276813
0.3,0.1,0.9,0.4,0.43128583,49925,0.041391346061920915
0.4,0.1,0.5,0.8,0.43130213,49925,0.04225927190170234
0.2,0.1,0.7,0.1,0.43132728,49925,0.04003887198564362
0.3,0.1,0.8,0.9,0.43142793,49925,0.04208089889529958
0.3,0.1,0.4,0.7,0.4315218,49925,0.04261296924648282
0.2,0.1,0.7,0.8,0.43155977,49925,0.04215653773226517
0.2,0.1,0.1,0.8,0.43157125,49925,0.038616445727481796
0.7,0.1,0.4,0.9,0.43172857,49925,0.041115859582267066
0.4,0.1,0.9,0.2,0.43178296,49925,0.03986994077171239
0.7,0.1,0.5,0.9,0.4319498,49925,0.041376632098529036
0.1,0.2,0.9,0.2,0.43196094,49925,0.04155206804626362
0.2,0.1,0.8,0.7,0.43201557,49925,0.04211414058522327
0.1,0.1,0.4,0.6,0.43209863,49925,0.04249529576529247
0.1,0.2,0.5,0.9,0.43222135,49925,0.042635677409589186
0.2,0.1,0.2,0.8,0.43227127,49925,0.04111333260370143
0.3,0.1,0.7,0.9,0.43229586,49925,0.0421557269454615
0.1,0.1,0.2,0.5,0.43238264,49925,0.04287977404452225
0.2,0.1,0.6,0.8,0.432562,49925,0.04223984900955638
0.2,0.1,0.3,0.6,0.43259978,49925,0.042939443212372905
0.4,0.1,0.6,0.9,0.43268096,49925,0.042135385369813524
0.5,0.1,0.4,0.8,0.43274334,49925,0.04191664007372279
0.3,0.1,0.9,0.9,0.43278667,49925,0.04197493255785645
0.3,0.1,0.8,0.1,0.4328967,49925,0.03936418737710463
0.5,0.1,0.9,0.1,0.4330609,49925,0.038522431755284345
0.2,0.1,0.8,0.3,0.4331203,49925,0.041372433526414024
0.6,0.1,0.5,0.9,0.4331416,49925,0.041689524932408344
0.2,0.1,0.4,0.7,0.43320686,49925,0.04260651414946607
0.3,0.1,0.5,0.8,0.4332866,49925,0.042395260297772644
0.1,0.1,0.7,0.4,0.43329477,49925,0.041927758354830945
0.5,0.1,0.3,0.9,0.43333465,49925,0.041246116495988056
0.1,0.1,0.7,0.5,0.43341792,49925,0.041975153676160316
0.1,0.1,0.6,0.7,0.4334888,49925,0.0419021115869974
0.3,0.1,0.3,0.7,0.4335615,49925,0.04244830055041836
0.1,0.1,0.6,0.1,0.43369994,49925,0.04053478284254889
0.2,0.1,0.1,0.9,0.43376932,49925,0.037882562740323956
0.1,0.2,0.4,0.9,0.4338206,49925,0.04250334329018461
0.1,0.1,0.5,0.7,0.43388432,49925,0.04202841787703942
0.4,0.1,0.3,0.8,0.43402746,49925,0.041858877095331634
0.3,0.1,0.9,0.3,0.43412292,49925,0.04085024844513076
0.6,0.1,0.4,0.9,0.43414915,49925,0.04145899879386996
0.2,0.1,0.8,0.8,0.43450555,49925,0.041996296877237944
0.1,0.1,0.1,0.8,0.43458477,49925,0.03785629967426076
0.2,0.1,0.9,0.6,0.4345914,49925,0.04181177693369793
0.5,0.1,0.5,0.9,0.43465412,49925,0.041918360690262536
0.1,0.2,0.9,0.1,0.43467882,49925,0.04064834520644552
0.1,0.1,0.7,0.6,0.43479276,49925,0.041895786004060444
0.3,0.1,0.6,0.9,0.434822,49925,0.042179747464031844
0.4,0.1,0.9,0.1,0.43484488,49925,0.03867808289406254
0.2,0.1,0.2,0.9,0.43488333,49925,0.04045371575933496
0.1,0.1,0.7,0.3,0.4349683,49925,0.04160520984631761
0.2,0.1,0.8,0.2,0.43502694,49925,0.04060399884183397
0.3,0.1,0.9,0.2,0.43503484,49925,0.04001032326659958
0.2,0.1,0.9,0.5,0.43514162,49925,0.04165713156558279
0.4,0.1,0.4,0.8,0.43527094,49925,0.042173658906838725
0.1,0.1,0.2,0.6,0.43538454,49925,0.04209879592831436
0.2,0.1,0.9,0.7,0.43562368,49925,0.04184942407034524
0.1,0.1,0.3,0.6,0.43564492,49925,0.04248180719281422
0.2,0.1,0.5,0.8,0.43571758,49925,0.04228638638196064
0.5,0.1,0.4,0.9,0.43610716,49925,0.04176182652439582
0.2,0.1,0.8,0.9,0.43623886,49925,0.04185088106691271
0.2,0.1,0.7,0.9,0.43635225,49925,0.04194222298044816
0.2,0.1,0.9,0.4,0.43644518,49925,0.04133955887648396
0.4,0.1,0.5,0.9,0.4368317,49925,0.04211088520859519
0.4,0.1,0.3,0.9,0.43684858,49925,0.04153163117193386
0.1,0.1,0.7,0.7,0.4368546,49925,0.04172503033412586
0.2,0.1,0.3,0.7,0.43700808,49925,0.04248612306486657
0.1,0.1,0.4,0.7,0.43719682,49925,0.04203858119507103
0.2,0.1,0.8,0.1,0.43729922,49925,0.03926780781303634
0.2,0.1,0.9,0.8,0.43748546,49925,0.041812054179217184
0.3,0.1,0.3,0.8,0.43754452,49925,0.042073723154098866
0.2,0.1,0.6,0.9,0.4375669,49925,0.04197555957851713
0.1,0.1,0.2,0.7,0.4376188,49925,0.041287704184229154
0.3,0.1,0.9,0.1,0.43767262,49925,0.03875862369862271
0.1,0.1,0.8,0.5,0.4379237,49925,0.04153593188357632
0.3,0.1,0.4,0.8,0.43796313,49925,0.04233968405769816
0.1,0.1,0.7,0.2,0.43810833,49925,0.040903486080258115
0.1,0.1,0.6,0.8,0.4381678,49925,0.041600443222173975
0.2,0.1,0.9,0.3,0.43871295,49925,0.040779736823935604
0.1,0.1,0.1,0.9,0.43873766,49925,0.036981573385201236
0.3,0.1,0.5,0.9,0.4387634,49925,0.042147229759401904
0.2,0.1,0.9,0.9,0.43903214,49925,0.04170525718807563
0.1,0.1,0.5,0.8,0.43926516,49925,0.04160648742986574
0.1,0.1,0.8,0.4,0.43935978,49925,0.0413572773128861
0.4,0.1,0.4,0.9,0.4394483,49925,0.04196229808508672
0.1,0.1,0.2,0.8,0.4394492,49925,0.04048572741025414
0.1,0.1,0.7,0.8,0.43990117,49925,0.04150707051679036
0.2,0.1,0.9,0.2,0.4400278,49925,0.03992955075927529
0.1,0.1,0.8,0.6,0.44029605,49925,0.04156176121419446
0.3,0.1,0.3,0.9,0.44031197,49925,0.04167498685241252
0.2,0.1,0.4,0.8,0.44038287,49925,0.042222234527822346
0.2,0.1,0.3,0.8,0.44041634,49925,0.04202199514251587
0.1,0.1,0.7,0.1,0.44043744,49925,0.0395548875953676
0.1,0.1,0.3,0.7,0.44044995,49925,0.041882161626426946
0.2,0.1,0.5,0.9,0.4407767,49925,0.041965280503124376
0.1,0.1,0.8,0.3,0.44122368,49925,0.04091175727585211
0.1,0.1,0.8,0.7,0.44145438,49925,0.04148670546242273
0.1,0.1,0.6,0.9,0.44175172,49925,0.041264666332527906
0.2,0.1,0.9,0.1,0.4418156,49925,0.038567377270067184
0.1,0.1,0.2,0.9,0.44210395,49925,0.03971009972263404
0.1,0.1,0.8,0.8,0.44231784,49925,0.041309471857035734
0.1,0.1,0.7,0.9,0.4423533,49925,0.041217349331839875
0.1,0.1,0.4,0.8,0.44255075,49925,0.041533353726331025
0.3,0.1,0.4,0.9,0.44259968,49925,0.042050353994010914
0.2,0.1,0.3,0.9,0.44299138,49925,0.04152616141081879
0.1,0.1,0.9,0.5,0.44328862,49925,0.041075496014713546
0.1,0.1,0.8,0.2,0.44390678,49925,0.04008482981058213
0.1,0.1,0.5,0.9,0.444287,49925,0.04119683879777539
0.1,0.1,0.3,0.8,0.44450194,49925,0.041279698263055185
0.1,0.1,0.8,0.9,0.44462165,49925,0.041100805473456604
0.1,0.1,0.9,0.4,0.4447878,49925,0.04077481612068682
0.2,0.1,0.4,0.9,0.44482243,49925,0.041848250591355066
0.1,0.1,0.9,0.6,0.44490412,49925,0.04118906011505585
0.1,0.1,0.8,0.1,0.44562787,49925,0.03866741053921463
0.1,0.1,0.9,0.7,0.44569412,49925,0.04119301802774453
0.1,0.1,0.9,0.8,0.44644076,49925,0.04108759545223201
0.1,0.1,0.4,0.9,0.44685274,49925,0.041033732288586665
0.1,0.1,0.9,0.3,0.44714302,49925,0.0402215525028621
0.1,0.1,0.9,0.9,0.44793594,49925,0.04094291380626431
0.1,0.1,0.9,0.2,0.44831106,49925,0.03931766283495515
0.1,0.1,0.3,0.9,0.44909516,49925,0.04069520992734041
0.1,0.1,0.9,0.1,0.4503369,49925,0.037863207142583837
