w1,w2,w3,w4,score,n_selected,threshold
0.1,0.9,0.5,0.7,0.47055593,49925,0.03577424306761763
0.1,0.9,0.5,0.8,0.47073615,49925,0.0354343902715609
0.1,0.9,0.4,0.6,0.47096744,49925,0.03585167790382059
0.1,0.9,0.5,0.5,0.4710257,49925,0.03645212803588843
0.1,0.9,0.5,0.4,0.4711259,49925,0.036812995694677386
0.1,0.9,0.5,0.6,0.47116506,49925,0.03611437425313154
0.1,0.9,0.4,0.5,0.47122058,49925,0.036222515071820394
0.1,0.9,0.4,0.3,0.47125515,49925,0.0370240345934365
0.1,0.8,0.4,0.5,0.4714868,49925,0.03641847352031989
0.1,0.9,0.4,0.7,0.47149685,49925,0.03547376637471799
0.1,0.9,0.4,0.4,0.47159034,49925,0.0366144297248472
0.1,0.9,0.4,0.2,0.47161663,49925,0.03742879335632803
0.1,0.9,0.5,0.3,0.47174716,49925,0.03717102128240033
0.1,0.8,0.4,0.4,0.47175822,49925,0.03683208089511827
0.1,0.9,0.5,0.9,0.47181022,49925,0.03509377075537625
0.1,0.9,0.6,0.8,0.4718652,49925,0.03559655563331224
0.1,0.9,0.6,0.9,0.47194216,49925,0.03527965949267142
0.1,0.9,0.4,0.8,0.47194964,49925,0.03510565941528717
0.1,0.8,0.4,0.6,0.47197926,49925,0.036001797768095464
0.1,0.8,0.4,0.3,0.47212678,49925,0.037272369937418295
0.1,0.9,0.4,0.1,0.47212914,49925,0.03783930260159165
0.1,0.8,0.4,0.2,0.4722861,49925,0.03774809691738403
0.1,0.9,0.6,0.7,0.47243816,49925,0.0359172554400571
0.1,0.9,0.6,0.6,0.47252822,49925,0.036239060940070324
0.1,0.8,0.4,0.7,0.47253358,49925,0.03557577042079401
0.1,0.8,0.5,0.5,0.4726872,49925,0.03659542108128688
0.1,0.8,0.5,0.7,0.4726908,49925,0.03582846679513584
0.1,0.8,0.5,0.4,0.47287863,49925,0.036964654335706414
0.1,0.9,0.5,0.2,0.47288534,49925,0.0375961176501212
0.1,0.8,0.5,0.9,0.47290498,49925,0.03509866412960189
0.1,0.8,0.5,0.6,0.47291562,49925,0.036196987431265995
0.1,0.8,0.4,0.1,0.4730225,49925,0.038201315982368006
0.1,0.7,0.4,0.6,0.47315252,49925,0.03609850233577417
0.1,0.8,0.5,0.8,0.47318172,49925,0.03545549635513156
0.1,0.9,0.6,0.4,0.47318184,49925,0.036891567074459806
0.1,0.7,0.4,0.5,0.47326338,49925,0.0365747717667606
0.1,0.9,0.4,0.9,0.47326344,49925,0.03474497115116118
0.1,0.7,0.4,0.4,0.47333452,49925,0.037019803088295916
0.1,0.9,0.6,0.5,0.47339,49925,0.03656534382266481
0.1,0.8,0.5,0.3,0.47340548,49925,0.037361222771349754
0.1,0.7,0.4,0.3,0.47354308,49925,0.037502752575739894
0.1,0.7,0.4,0.7,0.47357407,49925,0.035651085631060994
0.1,0.9,0.6,0.3,0.4736977,49925,0.03723618381389852
0.1,0.8,0.6,0.8,0.47387257,49925,0.035598294140058336
0.1,0.9,0.7,0.9,0.47388938,49925,0.03538928776142635
0.1,0.7,0.4,0.2,0.4738925,49925,0.03800355016727606
0.1,0.8,0.4,0.8,0.47390863,49925,0.03517728464851299
0.1,0.9,0.7,0.8,0.4739551,49925,0.03569052158020493
0.1,0.9,0.5,0.1,0.47409803,49925,0.037974215905121185
0.1,0.7,0.3,0.3,0.47412133,49925,0.03725458819915658
0.1,0.8,0.5,0.2,0.4741398,49925,0.037806189593463664
0.1,0.8,0.6,0.9,0.47416568,49925,0.03525854288286805
0.1,0.9,0.3,0.8,0.47421497,49925,0.034477029205560845
0.1,0.9,0.1,0.7,0.47423023,49925,0.03231100200435819
0.1,0.9,0.6,0.2,0.4742394,49925,0.037608090040773826
0.1,0.9,0.1,0.8,0.474252,49925,0.031958241704583536
0.1,0.7,0.3,0.1,0.47427982,49925,0.03839260156790795
0.1,0.9,0.1,0.6,0.4742992,49925,0.03266011769718148
0.1,0.7,0.3,0.4,0.47433087,49925,0.036710368797959844
0.1,0.9,0.3,0.9,0.47433668,49925,0.034096654194394824
0.1,0.9,0.1,0.9,0.47437024,49925,0.03159568840775587
0.1,0.7,0.5,0.7,0.47443536,49925,0.035845880004056016
0.1,0.7,0.4,0.8,0.47449267,49925,0.035219945645049516
0.1,0.9,0.3,0.7,0.4745217,49925,0.03487176838226886
0.1,0.8,0.3,0.3,0.4745288,49925,0.03691294274215167
0.1,0.9,0.7,0.6,0.47456196,49925,0.036300778973465044
0.1,0.8,0.3,0.6,0.47456464,49925,0.035486216457154385
0.1,0.8,0.3,0.4,0.4746024,49925,0.03642209249385596
0.1,0.7,0.3,0.2,0.47461694,49925,0.0378365956228199
0.1,0.8,0.3,0.7,0.47468668,49925,0.035041831799632224
0.1,0.8,0.6,0.7,0.47472677,49925,0.035939204764076235
0.1,0.9,0.2,0.9,0.47479543,49925,0.033118975453373695
0.1,0.9,0.8,0.9,0.47488093,49925,0.03545989121363979
0.1,0.7,0.5,0.6,0.47492683,49925,0.0362570684628027
0.1,0.8,0.4,0.9,0.47494686,49925,0.03480144526934543
0.1,0.9,0.3,0.5,0.4749683,49925,0.035688708367437705
0.1,0.7,0.5,0.8,0.47498176,49925,0.03542864845220043
0.1,0.8,0.3,0.1,0.4749877,49925,0.03789328386930298
0.1,0.6,0.3,0.2,0.47498906,49925,0.03821161826759787
0.1,0.9,0.7,0.7,0.4750055,49925,0.03599545216987636
0.1,0.7,0.5,0.9,0.47502363,49925,0.03504201251453028
0.1,0.9,0.2,0.8,0.47504285,49925,0.03348580987736539
0.1,0.7,0.3,0.5,0.47506946,49925,0.03618564660487354
0.1,0.9,0.2,0.7,0.47508535,49925,0.033845421037964035
0.1,0.9,0.3,0.4,0.47511178,49925,0.0360787767172867
0.1,0.9,0.3,0.6,0.47511655,49925,0.03529329748814979
0.1,0.6,0.3,0.3,0.47513708,49925,0.037559200835306394
0.1,0.7,0.4,0.9,0.4751777,49925,0.03479714161794376
0.1,0.9,0.3,0.1,0.47522005,49925,0.03737270608579939
0.1,0.9,0.7,0.5,0.47522876,49925,0.03660875679255569
0.1,0.6,0.3,0.4,0.47525355,49925,0.036966280761636404
0.1,0.8,0.6,0.6,0.47528598,49925,0.03628981809171499
0.1,0.7,0.4,0.1,0.4752931,49925,0.03855426011166214
0.1,0.8,0.3,0.5,0.47530422,49925,0.035951452859823124
0.1,0.8,0.3,0.2,0.47530425,49925,0.037395409695987585
0.1,0.9,0.7,0.4,0.47533208,49925,0.03693274769447913
0.1,0.8,0.3,0.8,0.47533748,49925,0.03461084873791043
0.1,0.9,0.8,0.8,0.47535035,49925,0.035732123895515215
0.1,0.9,0.8,0.7,0.4753643,49925,0.03602738063204043
0.1,0.9,0.1,0.5,0.47539076,49925,0.032983078061889014
0.1,0.7,0.3,0.6,0.4753949,49925,0.03567332669665567
0.1,0.6,0.4,0.6,0.4754376,49925,0.036150248299221754
0.1,0.8,0.1,0.9,0.47552162,49925,0.03174399060280388
0.1,0.8,0.6,0.3,0.47553656,49925,0.03736954063416622
0.1,0.9,0.7,0.3,0.47556293,49925,0.0372586372018016
0.1,0.8,0.7,0.8,0.47557628,49925,0.03566993360437299
0.1,0.7,0.5,0.5,0.4755813,49925,0.03667129929341831
0.1,0.8,0.7,0.9,0.47559017,49925,0.03534298714833791
0.1,0.9,0.3,0.3,0.4756204,49925,0.03651528410567832
0.1,0.6,0.4,0.4,0.47563222,49925,0.03716763885812983
0.1,0.8,0.1,0.8,0.475685,49925,0.03213600235841013
0.1,0.9,0.3,0.2,0.47568735,49925,0.03695592899149541
0.1,0.8,0.6,0.4,0.47568756,49925,0.03700782077773748
0.1,0.6,0.4,0.7,0.47569174,49925,0.03565720968469844
0.1,0.8,0.3,0.9,0.47572067,49925,0.034205072827247156
0.1,0.9,0.1,0.4,0.4757424,49925,0.03332487873536138
0.1,0.8,0.1,0.7,0.47576204,49925,0.03252483578841708
0.1,0.6,0.3,0.1,0.47576812,49925,0.03887872761899972
0.1,0.9,0.2,0.6,0.4757705,49925,0.03423625710090247
0.1,0.9,0.1,0.3,0.4757933,49925,0.03361643026310158
0.1,0.8,0.6,0.5,0.47589684,49925,0.03664090388794543
0.1,0.8,0.2,0.9,0.47591865,49925,0.033240090446645706
0.1,0.9,0.9,0.9,0.47598267,49925,0.03547422215552317
0.1,0.7,0.5,0.3,0.4760263,49925,0.03753357715600624
0.1,0.9,0.6,0.1,0.47602665,49925,0.0379862458336669
0.1,0.8,0.2,0.7,0.47604063,49925,0.034066035241703554
0.1,0.8,0.1,0.5,0.47604418,49925,0.033344335922042556
0.1,0.6,0.4,0.3,0.4760848,49925,0.03769971222517061
0.1,0.7,0.6,0.9,0.47609857,49925,0.03515911046092977
0.1,0.8,0.7,0.7,0.47611055,49925,0.03599327277296184
0.1,0.9,0.8,0.6,0.47611108,49925,0.03631674613347136
0.1,0.7,0.6,0.8,0.47611237,49925,0.035531517258897256
0.1,0.8,0.5,0.1,0.4761671,49925,0.03823674095293585
0.1,0.8,0.2,0.8,0.4761875,49925,0.033649542176166086
0.1,0.7,0.5,0.4,0.47619557,49925,0.03707630080242183
0.1,0.9,0.7,0.2,0.47630513,49925,0.03759900965315236
0.1,0.9,0.9,0.8,0.47630623,49925,0.035753627732957746
0.1,0.7,0.6,0.7,0.47636974,49925,0.035930362880583364
0.1,0.6,0.4,0.5,0.47637427,49925,0.036642300575025745
0.1,0.8,0.7,0.6,0.47637576,49925,0.036330051011225606
0.1,0.7,0.5,0.2,0.47640166,49925,0.03801291650491562
0.1,0.6,0.3,0.5,0.4764105,49925,0.036394310028910776
0.1,0.9,0.2,0.5,0.47642314,49925,0.034628498067034816
0.1,0.8,0.1,0.6,0.47646725,49925,0.03293192058549309
0.1,0.8,0.6,0.2,0.4764693,49925,0.037772004394069664
0.1,0.9,0.9,0.7,0.47655487,49925,0.036047332466594126
0.1,0.6,0.4,0.2,0.47662035,49925,0.038273887577320184
0.1,0.8,0.2,0.6,0.47662053,49925,0.034502767763555584
0.1,0.9,0.8,0.5,0.47662503,49925,0.03662576374107183
0.1,0.7,0.1,0.9,0.47664493,49925,0.03186165037379784
0.1,0.6,0.5,0.9,0.47666192,49925,0.03492781297078615
0.1,0.7,0.3,0.7,0.47669786,49925,0.03518840926951082
0.1,0.8,0.7,0.5,0.47671306,49925,0.03665028775388697
0.1,0.6,0.4,0.9,0.47675595,49925,0.03473954919538468
0.1,0.6,0.4,0.8,0.4767686,49925,0.035195783048693974
0.1,0.7,0.1,0.8,0.47678846,49925,0.032291668838412946
0.1,0.9,0.8,0.4,0.4767922,49925,0.03692459482959568
0.1,0.9,0.9,0.6,0.47681612,49925,0.03632087268847875
0.1,0.8,0.8,0.8,0.4768458,49925,0.03569300014546941
0.1,0.8,0.1,0.4,0.4768788,49925,0.03374927825663347
0.1,0.6,0.5,0.7,0.47691137,49925,0.0357742896885684
0.1,0.7,0.2,0.7,0.47697303,49925,0.03424845398595454
0.1,0.8,0.2,0.5,0.47699454,49925,0.03497628724316593
0.1,0.9,0.2,0.4,0.4769972,49925,0.03500966486276612
0.1,0.8,0.8,0.9,0.4770165,49925,0.03537653464861674
0.1,0.7,0.3,0.9,0.47704306,49925,0.03427309960684661
0.1,0.8,0.9,0.9,0.47711343,49925,0.03539292265078433
0.1,0.9,0.1,0.2,0.47712868,49925,0.0338620330077634
0.1,0.7,0.2,0.8,0.4771616,49925,0.0337734682044792
0.1,0.7,0.3,0.8,0.47719496,49925,0.03471813549052686
0.1,0.8,0.8,0.6,0.47720698,49925,0.03632444473306085
0.1,0.9,0.2,0.3,0.47727448,49925,0.03541827564626781
0.1,0.5,0.3,0.3,0.47728518,49925,0.037821641274826685
0.1,0.6,0.5,0.6,0.47728762,49925,0.03623226715699733
0.1,0.8,0.8,0.7,0.4773082,49925,0.036015251467100225
0.1,0.7,0.6,0.6,0.4773346,49925,0.03628635413625825
0.1,0.8,0.6,0.1,0.47733852,49925,0.03820350071009714
0.1,0.9,0.7,0.1,0.47737598,49925,0.03794679990045305
0.1,0.7,0.5,0.1,0.47737932,49925,0.038496511956745944
0.1,0.6,0.5,0.8,0.47738612,49925,0.03534636099394924
0.1,0.8,0.7,0.3,0.4774109,49925,0.03736551155772767
0.1,0.8,0.9,0.8,0.477432,49925,0.03569465774271545
0.1,0.8,0.7,0.4,0.4774378,49925,0.03700771409139838
0.1,0.7,0.7,0.8,0.4774467,49925,0.03558100237946018
0.1,0.5,0.3,0.2,0.4774589,49925,0.03855726181678071
0.1,0.8,0.1,0.3,0.47746027,49925,0.0341152496094586
0.1,0.7,0.1,0.7,0.47746083,49925,0.03273453578122115
0.1,0.7,0.2,0.6,0.4774786,49925,0.03475689445279043
0.1,0.6,0.3,0.6,0.4775327,49925,0.03581505638102551
0.1,0.7,0.6,0.4,0.47754157,49925,0.0370856695817066
0.1,0.9,0.9,0.4,0.47756565,49925,0.03690082548224179
0.1,0.9,0.9,0.3,0.47761077,49925,0.037182100686319476
0.1,0.7,0.7,0.9,0.4776373,49925,0.03523558751729536
0.1,0.9,0.9,0.5,0.47764987,49925,0.03660712934012143
0.1,0.9,0.8,0.3,0.47768423,49925,0.037235593418682794
0.1,0.7,0.6,0.5,0.47771126,49925,0.036696917291930184
0.1,0.7,0.2,0.9,0.47775018,49925,0.033316657897999445
0.1,0.8,0.9,0.7,0.47786012,49925,0.03599738390659766
0.1,0.7,0.6,0.3,0.4778868,49925,0.037478549109751
0.1,0.8,0.8,0.5,0.477909,49925,0.03664220555235858
0.1,0.7,0.2,0.5,0.47791925,49925,0.03529657519623516
0.1,0.8,0.9,0.6,0.47799414,49925,0.03628313986355389
0.1,0.7,0.7,0.7,0.47800764,49925,0.03593380689556299
0.1,0.7,0.1,0.4,0.47805208,49925,0.03417384791679464
0.1,0.9,0.2,0.2,0.47805637,49925,0.035825943487458344
0.1,0.5,0.3,0.4,0.47808865,49925,0.03715673337529405
0.1,0.7,0.1,0.6,0.47809273,49925,0.03320629169739826
0.1,0.7,0.7,0.6,0.4780976,49925,0.036296017926921276
0.1,0.6,0.3,0.9,0.4781144,49925,0.03428057091620437
0.1,0.5,0.3,0.5,0.47811478,49925,0.03648933407125776
0.1,0.6,0.3,0.8,0.47812364,49925,0.03477695463349505
0.1,0.5,0.4,0.6,0.47817117,49925,0.0360794238396116
0.1,0.5,0.3,0.1,0.47817636,49925,0.03935005726493133
0.1,0.6,0.4,0.1,0.4781884,49925,0.03885664910155645
0.1,0.7,0.7,0.5,0.47819284,49925,0.03667358484992357
0.1,0.5,0.4,0.8,0.47821677,49925,0.03507378647169089
0.1,0.9,0.8,0.2,0.4782403,49925,0.03756181202483107
0.1,0.8,0.8,0.4,0.47824496,49925,0.036966025283732884
0.1,0.5,0.4,0.9,0.47826356,49925,0.034601893024593676
0.2,0.9,0.5,0.3,0.47828215,49925,0.0391299153986042
0.1,0.8,0.2,0.4,0.47829947,49925,0.03543288162868148
0.1,0.7,0.2,0.4,0.47837707,49925,0.03584101851612954
0.1,0.8,0.2,0.3,0.47839496,49925,0.035894163108398346
0.1,0.8,0.8,0.3,0.47840533,49925,0.03730589395947555
0.1,0.7,0.1,0.5,0.478411,49925,0.03368522158203849
0.1,0.6,0.5,0.5,0.47841823,49925,0.03669449075916313
0.1,0.6,0.6,0.7,0.47842166,49925,0.03582980631441046
0.1,0.7,0.8,0.7,0.4784355,49925,0.03592853637794273
0.1,0.8,0.1,0.2,0.47844046,49925,0.03445548350840469
0.2,0.9,0.5,0.2,0.4784754,49925,0.03959655250857999
0.1,0.6,0.3,0.7,0.478529,49925,0.03529385989793542
0.1,0.6,0.1,0.6,0.47854808,49925,0.03344631895077451
0.1,0.9,0.9,0.2,0.478594,49925,0.03749056316274746
0.1,0.6,0.5,0.4,0.47860405,49925,0.03717343723928394
0.1,0.6,0.6,0.6,0.47864103,49925,0.03625956607169787
0.1,0.6,0.6,0.8,0.47866285,49925,0.03541873176708104
0.1,0.5,0.4,0.7,0.47866845,49925,0.03556252360900417
0.2,0.9,0.5,0.1,0.47868872,49925,0.040066999806953094
0.1,0.7,0.8,0.6,0.47869495,49925,0.03626739496678426
0.1,0.6,0.6,0.9,0.4787385,49925,0.035033528519068845
0.1,0.8,0.7,0.2,0.47874692,49925,0.03773967019035378
0.1,0.5,0.4,0.5,0.47874865,49925,0.03665018486736921
0.2,0.9,0.6,0.6,0.47876167,49925,0.03792800719120297
0.1,0.8,0.2,0.2,0.4787866,49925,0.03637642836676665
0.1,0.7,0.7,0.4,0.47880816,49925,0.037034895302213926
0.1,0.7,0.6,0.2,0.47880936,49925,0.03794051924699747
0.1,0.8,0.8,0.2,0.47882944,49925,0.037662483765419204
0.1,0.5,0.4,0.4,0.4788306,49925,0.037237733491304145
0.1,0.9,0.8,0.1,0.4788475,49925,0.037895671484791706
0.1,0.6,0.1,0.7,0.47887325,49925,0.03292439157439766
0.1,0.7,0.8,0.9,0.4789418,49925,0.03526271535217267
0.1,0.6,0.1,0.8,0.47896722,49925,0.032394197101332914
0.2,0.9,0.6,0.4,0.4789998,49925,0.03870539695919812
0.1,0.8,0.9,0.5,0.47902375,49925,0.0365830603117553
0.1,0.7,0.8,0.8,0.47903404,49925,0.03559281721754269
0.1,0.6,0.2,0.5,0.47907326,49925,0.03555687663675099
0.1,0.7,0.2,0.3,0.4790837,49925,0.03639883881133483
0.1,0.6,0.5,0.3,0.4791011,49925,0.03765877728048175
0.2,0.9,0.6,0.7,0.4791559,49925,0.037562627199854974
0.1,0.6,0.2,0.8,0.47917646,49925,0.033873642477778174
0.2,0.9,0.6,0.3,0.47920275,49925,0.03913046252043972
0.1,0.6,0.5,0.2,0.47920418,49925,0.03817856432235506
0.1,0.6,0.2,0.4,0.47921336,49925,0.03620425835283588
0.1,0.9,0.1,0.1,0.47923172,49925,0.03403625223770972
0.1,0.7,0.7,0.3,0.47925198,49925,0.037432961944539815
0.1,0.8,0.9,0.4,0.4792608,49925,0.03690698199448123
0.2,0.9,0.5,0.4,0.47927654,49925,0.038676854845640936
0.1,0.7,0.2,0.2,0.47931486,49925,0.03695639208863882
0.2,0.8,0.5,0.2,0.479315,49925,0.03981886980142468
0.1,0.6,0.2,0.6,0.479332,49925,0.034969432420592014
0.1,0.7,0.1,0.3,0.47933298,49925,0.03464681932833738
0.1,0.6,0.2,0.7,0.4794287,49925,0.03440293429125659
0.1,0.7,0.9,0.6,0.47943696,49925,0.036191053429386055
0.1,0.7,0.8,0.5,0.47945136,49925,0.03659949166456491
0.1,0.6,0.1,0.9,0.47947478,49925,0.03191047663189141
0.1,0.8,0.7,0.1,0.4794762,49925,0.03813315767094259
0.1,0.9,0.2,0.1,0.4794846,49925,0.036166081852453756
0.2,0.9,0.6,0.5,0.47948772,49925,0.0382949160240916
0.1,0.6,0.7,0.6,0.479512,49925,0.03620929639084407
0.1,0.5,0.3,0.8,0.47951305,49925,0.034732600254221715
0.1,0.6,0.6,0.5,0.47951448,49925,0.036664780541761414
0.1,0.7,0.9,0.5,0.47956234,49925,0.03652613138350372
0.1,0.8,0.2,0.1,0.47958037,49925,0.03682946899671435
0.2,0.9,0.7,0.7,0.47965404,49925,0.037568823002515704
0.1,0.5,0.3,0.6,0.4796555,49925,0.03586496239975852
0.1,0.7,0.9,0.9,0.47966284,49925,0.03526295552842499
0.2,0.9,0.5,0.5,0.47968268,49925,0.03824512845710721
0.2,0.9,0.5,0.6,0.47968423,49925,0.03782268285075224
0.1,0.7,0.9,0.7,0.47971237,49925,0.03588469575569549
0.2,0.9,0.6,0.2,0.47971624,49925,0.03955183933860234
0.1,0.6,0.7,0.5,0.47971725,49925,0.03660910936751393
0.1,0.6,0.2,0.3,0.47974753,49925,0.036872010077587676
0.1,0.9,0.9,0.1,0.47977018,49925,0.03780790996326608
0.1,0.7,0.9,0.8,0.47977185,49925,0.035573875814122975
0.2,0.8,0.5,0.1,0.47977757,49925,0.04033955050251673
0.1,0.5,0.5,0.6,0.47977832,49925,0.03614079719319007
0.1,0.6,0.7,0.9,0.47977963,49925,0.035069348610388726
0.1,0.6,0.7,0.7,0.479782,49925,0.035821848406153226
0.1,0.7,0.8,0.4,0.47978625,49925,0.036965117782825414
0.1,0.7,0.6,0.1,0.47983375,49925,0.03841900257993212
0.1,0.5,0.4,0.3,0.4798647,49925,0.037832622136830925
0.1,0.7,0.9,0.3,0.47986987,49925,0.03721028688947766
0.1,0.5,0.3,0.7,0.47987545,49925,0.03530518473305574
0.1,0.5,0.5,0.9,0.47987574,49925,0.03474723591901649
0.2,0.9,0.7,0.9,0.47989655,49925,0.03690527587252109
0.1,0.7,0.9,0.4,0.479899,49925,0.03686410673774792
0.1,0.6,0.1,0.5,0.47990608,49925,0.03400493767465887
0.1,0.6,0.5,0.1,0.47990865,49925,0.03875211336528895
0.2,0.9,0.5,0.7,0.47993195,49925,0.03743504223962231
0.2,0.9,0.7,0.8,0.47997278,49925,0.03723953625258514
0.2,0.8,0.5,0.3,0.4799831,49925,0.03933018404241208
0.2,0.9,0.6,0.8,0.47999436,49925,0.037200689098905934
0.1,0.8,0.9,0.3,0.4800021,49925,0.0372307134635059
0.1,0.5,0.4,0.2,0.48008323,49925,0.038475774852733166
0.1,0.6,0.7,0.8,0.4800833,49925,0.035443306482919074
0.1,0.6,0.2,0.9,0.48010275,49925,0.03337331711069966
0.1,0.8,0.9,0.2,0.48012888,49925,0.03755777928064484
0.1,0.7,0.7,0.2,0.48015338,49925,0.03785605518155055
0.1,0.6,0.8,0.8,0.4801703,49925,0.03541297081448162
0.1,0.6,0.8,0.9,0.48017684,49925,0.03506079466180987
0.2,0.9,0.6,0.1,0.48019874,49925,0.03998440896525238
0.2,0.9,0.6,0.9,0.48022738,49925,0.036835737298798514
0.1,0.8,0.1,0.1,0.48025694,49925,0.034712253022007616
0.1,0.5,0.5,0.7,0.4802812,49925,0.035655645492652516
0.1,0.8,0.8,0.1,0.48031095,49925,0.03804800226051325
0.1,0.5,0.3,0.9,0.4803212,49925,0.03419816888676143
0.1,0.7,0.8,0.3,0.48037806,49925,0.03734106717655533
0.1,0.6,0.2,0.1,0.48039046,49925,0.038300315010301546
0.2,0.9,0.7,0.6,0.4804083,49925,0.037913809138059286
0.2,0.8,0.5,0.4,0.4804178,49925,0.038844590761309916
0.1,0.6,0.6,0.4,0.48045033,49925,0.03710009649711466
0.1,0.6,0.2,0.2,0.48045334,49925,0.037611074670256754
0.1,0.6,0.1,0.4,0.48045534,49925,0.034584919239638814
0.1,0.6,0.6,0.3,0.48045993,49925,0.03755288448141498
0.1,0.4,0.4,0.8,0.48046282,49925,0.03480647454298465
0.1,0.4,0.3,0.7,0.48048946,49925,0.03517270298393648
0.1,0.6,0.8,0.6,0.4805013,49925,0.03615961136146782
0.1,0.7,0.1,0.2,0.4805664,49925,0.03509579541820989
0.1,0.6,0.9,0.5,0.48061216,49925,0.036432871283046134
0.2,0.8,0.5,0.6,0.48063296,49925,0.03793492626808294
0.1,0.6,0.9,0.7,0.4806344,49925,0.03571436001532542
0.1,0.6,0.7,0.3,0.4806374,49925,0.03743650387887374
0.1,0.7,0.2,0.1,0.4806409,49925,0.03756927124654124
0.2,0.9,0.5,0.8,0.48064223,49925,0.037043622572323874
0.2,0.9,0.5,0.9,0.48066285,49925,0.03666522828711251
0.1,0.6,0.8,0.5,0.4806713,49925,0.03653868720719486
0.1,0.4,0.3,0.4,0.48068193,49925,0.03721357882573323
0.2,0.8,0.6,0.8,0.48068193,49925,0.03721357882573323
0.1,0.6,0.7,0.4,0.48072544,49925,0.037016815428324204
0.2,0.8,0.6,0.9,0.48075485,49925,0.03684460380026021
0.1,0.5,0.2,0.1,0.48076743,49925,0.0390645135514405
0.1,0.6,0.8,0.7,0.48079965,49925,0.03578065632781675
0.1,0.6,0.9,0.8,0.48080072,49925,0.03537147877059469
0.1,0.5,0.2,0.4,0.4808027,49925,0.036541501899850136
0.1,0.5,0.5,0.5,0.48082894,49925,0.036646188861357024
0.2,0.9,0.7,0.3,0.4808325,49925,0.03903122252754534
0.1,0.6,0.8,0.4,0.48086688,49925,0.036918738427356095
0.2,0.8,0.6,0.6,0.48087847,49925,0.03798187375712147
0.1,0.4,0.3,0.3,0.48087847,49925,0.03798187375712147
0.1,0.5,0.5,0.8,0.4809014,49925,0.03519083352750388
0.1,0.6,0.9,0.9,0.4809313,49925,0.03504441188763266
0.1,0.8,0.9,0.1,0.48094136,49925,0.03789292703725126
0.1,0.6,0.8,0.3,0.48094735,49925,0.03731386499569282
0.2,0.8,0.4,0.1,0.48096403,49925,0.04031154193708638
0.2,0.9,0.4,0.1,0.48097175,49925,0.03994138319749907
0.2,0.8,0.5,0.5,0.48099875,49925,0.03839155019510363
0.2,0.9,0.7,0.5,0.48101813,49925,0.03826717081079118
0.1,0.4,0.3,0.6,0.4810355,49925,0.035810632721605035
0.1,0.5,0.6,0.7,0.4810458,49925,0.0356446043226162
0.1,0.6,0.9,0.4,0.48104692,49925,0.03678335814533944
0.2,0.7,0.4,0.1,0.48105586,49925,0.04066677997825101
0.2,0.9,0.8,0.8,0.48106757,49925,0.037230355481664326
0.1,0.5,0.4,0.1,0.48107252,49925,0.039177417386298374
0.1,0.7,0.7,0.1,0.48111087,49925,0.0382792399229634
0.1,0.6,0.9,0.3,0.48111683,49925,0.0371552369985956
0.1,0.6,0.9,0.6,0.4811207,49925,0.036067758730162644
0.1,0.5,0.2,0.5,0.48112988,49925,0.0357966564176354
0.2,0.9,0.7,0.4,0.48114324,49925,0.038645564704338255
0.2,0.9,0.8,0.9,0.48115364,49925,0.0369222539725416
0.1,0.7,0.8,0.2,0.48116353,49925,0.0377137454171175
0.1,0.4,0.3,0.5,0.4811675,49925,0.0364866320994265
0.2,0.8,0.6,0.7,0.48117575,49925,0.037585606793536334
0.2,0.8,0.6,0.2,0.4812005,49925,0.039713532219409896
0.1,0.4,0.3,0.1,0.4812005,49925,0.039713532219409896
0.2,0.9,0.8,0.7,0.48121,49925,0.03753920087103883
0.1,0.5,0.6,0.9,0.48121673,49925,0.034801737069467334
0.1,0.4,0.4,0.9,0.481244,49925,0.03428186351849425
0.1,0.5,0.1,0.5,0.48125258,49925,0.0342727956135471
0.1,0.7,0.9,0.2,0.48125318,49925,0.03757444479829177
0.2,0.9,0.4,0.2,0.48125786,49925,0.03940228926629956
0.1,0.5,0.7,0.9,0.4812914,49925,0.03481384186759268
0.2,0.9,0.7,0.2,0.4812957,49925,0.039436671606563556
0.1,0.5,0.6,0.8,0.48131296,49925,0.03521059869701605
0.1,0.4,0.3,0.8,0.48133677,49925,0.03455547978604589
0.1,0.5,0.1,0.6,0.4813917,49925,0.03363147343733845
0.1,0.5,0.5,0.4,0.48139203,49925,0.037155383757333856
0.1,0.5,0.6,0.6,0.48141637,49925,0.036114131383461326
0.2,0.8,0.6,0.1,0.48142755,49925,0.04020075807774217
0.1,0.5,0.6,0.4,0.48143402,49925,0.03706547724259867
0.1,0.6,0.6,0.2,0.48145115,49925,0.03805515811859492
0.1,0.6,0.1,0.3,0.4814622,49925,0.03518134714751992
0.1,0.5,0.6,0.5,0.4815314,49925,0.03657145549568432
0.2,0.8,0.6,0.5,0.4815426,49925,0.038386920321120226
0.1,0.7,0.8,0.1,0.48154876,49925,0.03811738252189126
0.1,0.5,0.1,0.7,0.48155025,49925,0.03300467219806606
0.2,0.8,0.5,0.9,0.4815592,49925,0.03668545021239522
0.1,0.5,0.7,0.8,0.4815712,49925,0.035204316483065136
0.1,0.5,0.2,0.6,0.48163512,49925,0.03512106616585828
0.1,0.6,0.6,0.1,0.48169437,49925,0.038580894554681104
0.1,0.4,0.2,0.1,0.4816996,49925,0.03974070411071017
0.2,0.8,0.4,0.2,0.4816996,49925,0.03974070411071017
0.1,0.6,0.8,0.2,0.48174557,49925,0.03773427579936722
0.1,0.5,0.2,0.2,0.48175102,49925,0.038148230512968916
0.2,0.9,0.7,0.1,0.48177537,49925,0.03986761071447338
0.2,0.8,0.7,0.8,0.48178643,49925,0.03722136565146848
0.1,0.5,0.1,0.9,0.48180544,49925,0.031892729985170995
0.2,0.9,0.4,0.7,0.48181412,49925,0.03709587929728363
0.1,0.5,0.8,0.8,0.48186144,49925,0.03518448599507125
0.2,0.8,0.6,0.3,0.48187593,49925,0.03925250503946873
0.2,0.9,0.8,0.5,0.48189446,49925,0.038184903631028264
0.1,0.4,0.4,0.7,0.4818977,49925,0.035357454652930075
0.1,0.5,0.8,0.7,0.4819057,49925,0.03556169247356387
0.1,0.5,0.2,0.7,0.48190898,49925,0.03450001878809853
0.2,0.8,0.6,0.4,0.48191467,49925,0.03881271447581253
0.1,0.4,0.3,0.2,0.48191467,49925,0.03881271447581253
0.1,0.5,0.1,0.4,0.48191887,49925,0.034993973793240304
0.1,0.6,0.7,0.2,0.48192972,49925,0.03788657679750842
0.1,0.5,0.1,0.8,0.4819564,49925,0.032426264160719614
0.2,0.9,0.4,0.9,0.4819662,49925,0.03627935584282405
0.2,0.9,0.8,0.6,0.48197806,49925,0.03785254768051541
0.2,0.8,0.5,0.8,0.4819804,49925,0.037096020724769335
0.2,0.8,0.5,0.7,0.48198834,49925,0.03751831095330309
0.1,0.5,0.8,0.5,0.48202685,49925,0.03634873072547012
0.1,0.7,0.1,0.1,0.48204595,49925,0.03543368250945421
0.2,0.9,0.9,0.9,0.48205248,49925,0.0368914601959295
0.1,0.5,0.8,0.6,0.48205978,49925,0.03594028127449062
0.1,0.5,0.9,0.6,0.48207068,49925,0.03584908017391501
0.1,0.5,0.7,0.5,0.48207426,49925,0.03649669656150785
0.1,0.6,0.9,0.2,0.48210397,49925,0.037552744852045204
0.1,0.7,0.9,0.1,0.48211536,49925,0.037953735311816804
0.1,0.5,0.2,0.9,0.4821188,49925,0.03333566233202564
0.1,0.5,0.6,0.3,0.48213017,49925,0.03756271616200702
0.1,0.5,0.2,0.3,0.48213705,49925,0.03732786338191905
0.1,0.5,0.7,0.6,0.48214912,49925,0.03605611873767661
0.1,0.5,0.5,0.2,0.4821549,49925,0.03829467169999467
0.1,0.5,0.7,0.3,0.48217088,49925,0.03740241728803959
0.1,0.4,0.4,0.6,0.48222572,49925,0.03592478880525473
0.2,0.8,0.7,0.9,0.48223332,49925,0.036880555220438135
0.2,0.7,0.5,0.1,0.48224708,49925,0.040563214124167635
0.1,0.5,0.5,0.3,0.4822473,49925,0.03770983237866067
0.1,0.5,0.8,0.9,0.48225296,49925,0.03480605556549517
0.2,0.9,0.4,0.8,0.4822812,49925,0.03668313203928218
0.2,0.9,0.8,0.3,0.48229614,49925,0.03890079719126055
0.2,0.9,0.8,0.2,0.48230255,49925,0.03929298587598668
0.1,0.5,0.9,0.7,0.48234996,49925,0.03548050428547993
0.2,0.8,0.7,0.6,0.48235452,49925,0.03793615490271419
0.2,0.7,0.5,0.2,0.48236397,49925,0.03998112495819126
0.1,0.5,0.6,0.2,0.4823664,49925,0.03808283584555231
0.1,0.5,0.7,0.7,0.48237056,49925,0.03562671946726162
0.1,0.5,0.2,0.8,0.48237494,49925,0.0338960171871291
0.1,0.4,0.3,0.9,0.48238346,49925,0.033994133388496765
0.1,0.6,0.1,0.2,0.48238665,49925,0.03574299660293255
0.1,0.5,0.8,0.4,0.48238695,49925,0.0367807011380984
0.1,0.5,0.8,0.3,0.48240173,49925,0.03722152116751541
0.2,0.9,0.4,0.6,0.48241812,49925,0.03752066073244262
0.2,0.9,0.8,0.4,0.48241904,49925,0.03853598899984912
0.2,0.9,0.9,0.6,0.48242557,49925,0.03778320416937543
0.1,0.5,0.7,0.4,0.48244274,49925,0.03695035407368457
0.2,0.9,0.9,0.8,0.48248354,49925,0.03717192258093692
0.2,0.7,0.4,0.2,0.4824849,49925,0.040036754664852306
0.2,0.8,0.7,0.7,0.48250276,49925,0.03757414247882822
0.1,0.4,0.5,0.8,0.48251367,49925,0.03488844843038067
0.2,0.9,0.9,0.7,0.48257756,49925,0.03747715633282745
0.3,0.9,0.6,0.1,0.48258644,49925,0.04117538769296472
0.2,0.9,0.4,0.3,0.48259357,49925,0.03890465606752703
0.2,0.9,0.4,0.5,0.48261935,49925,0.037961986125391055
0.2,0.7,0.6,0.7,0.48263484,49925,0.03757536342445187
0.1,0.5,0.9,0.4,0.4826588,49925,0.03661640059819126
0.1,0.6,0.8,0.1,0.48268342,49925,0.03816319613343643
0.1,0.5,0.9,0.5,0.48271996,49925,0.036232766026891905
0.2,0.7,0.5,0.5,0.4827204,49925,0.03845455425056742
0.1,0.5,0.9,0.3,0.48272112,49925,0.03702094416953246
0.1,0.5,0.7,0.2,0.4827225,49925,0.03789821482151006
0.2,0.9,0.9,0.4,0.48277152,49925,0.0384161543752011
0.2,0.9,0.4,0.4,0.48279437,49925,0.038431989912800515
0.1,0.5,0.9,0.9,0.48279804,49925,0.0347621365929238
0.1,0.6,0.7,0.1,0.4828425,49925,0.03835531048291168
0.2,0.7,0.5,0.6,0.4828587,49925,0.03800958596746836
0.2,0.8,0.7,0.3,0.4828622,49925,0.03911535372453446
0.1,0.5,0.9,0.8,0.4828976,49925,0.03511700907604452
0.2,0.9,0.9,0.5,0.4829174,49925,0.03809649651754411
0.2,0.8,0.7,0.2,0.48291922,49925,0.03956697456029375
0.1,0.4,0.5,0.7,0.48292726,49925,0.0353797721113256
0.2,0.9,0.8,0.1,0.4829425,49925,0.03968562738873034
0.2,0.7,0.5,0.4,0.4829483,49925,0.03894295555553573
0.1,0.4,0.2,0.3,0.48295397,49925,0.037695479530488504
0.2,0.8,0.4,0.6,0.48295397,49925,0.037695479530488504
0.2,0.7,0.5,0.7,0.48295403,49925,0.03756097233445752
0.2,0.8,0.7,0.4,0.48296902,49925,0.03869044195839233
0.1,0.6,0.1,0.1,0.48297703,49925,0.03627468130330312
0.2,0.7,0.5,0.3,0.48298913,49925,0.039459803812412916
0.1,0.4,0.4,0.5,0.4829974,49925,0.036555560574948874
0.1,0.6,0.9,0.1,0.48301783,49925,0.0379415813446944
0.1,0.4,0.5,0.9,0.4830332,49925,0.034413521637206394
0.2,0.9,0.9,0.3,0.48304197,49925,0.03877391538722842
0.2,0.8,0.7,0.5,0.48308828,49925,0.03829417362021708
0.1,0.5,0.7,0.1,0.4830902,49925,0.03841212592626697
0.1,0.4,0.5,0.4,0.48309138,49925,0.03706741549414443
0.2,0.8,0.8,0.8,0.4830947,49925,0.03718671512561195
0.1,0.4,0.4,0.4,0.4830947,49925,0.03718671512561195
0.2,0.9,0.2,0.9,0.48311228,49925,0.0347644699073463
0.2,0.7,0.6,0.3,0.48312214,49925,0.03933661228212393
0.2,0.8,0.8,0.7,0.48313487,49925,0.0375123945735406
0.2,0.8,0.8,0.6,0.48317355,49925,0.037850030440973674
0.1,0.4,0.4,0.3,0.48317355,49925,0.037850030440973674
0.2,0.8,0.8,0.9,0.48321208,49925,0.03686568200346691
0.2,0.7,0.6,0.9,0.48321256,49925,0.036782803921662895
0.2,0.8,0.4,0.3,0.48322308,49925,0.039199770793755494
0.2,0.6,0.4,0.1,0.4832426,49925,0.04093283967886046
0.2,0.7,0.5,0.8,0.48324883,49925,0.03710607144804577
0.1,0.4,0.5,0.5,0.48325014,49925,0.036491277057655896
0.2,0.8,0.9,0.7,0.4832503,49925,0.037441926965253836
0.2,0.7,0.6,0.8,0.48326677,49925,0.03717483810067123
0.2,0.8,0.7,0.1,0.4833202,49925,0.04000651072971404
0.2,0.8,0.9,0.9,0.48332357,49925,0.03682610626871594
0.2,0.9,0.3,0.9,0.48332506,49925,0.035660843832128135
0.2,0.7,0.6,0.2,0.48335326,49925,0.03983666714942713
0.1,0.4,0.7,0.4,0.48338336,49925,0.036727816111844475
0.1,0.4,0.6,0.8,0.48338866,49925,0.03489629555215001
0.1,0.4,0.5,0.6,0.4833925,49925,0.03591918607918065
0.1,0.5,0.8,0.2,0.48342258,49925,0.03766402801228963
0.2,0.8,0.9,0.8,0.48343703,49925,0.03712377216381604
0.2,0.7,0.4,0.3,0.4834378,49925,0.03945780487022444
0.1,0.4,0.7,0.3,0.48345244,49925,0.03723999411982864
0.2,0.7,0.6,0.6,0.4834568,49925,0.0379943426768439
0.1,0.5,0.8,0.1,0.48346934,49925,0.038131018442756195
0.2,0.8,0.8,0.3,0.48347417,49925,0.0389526085322185
0.1,0.5,0.5,0.1,0.48350728,49925,0.03892041834441442
0.2,0.9,0.3,0.8,0.4835073,49925,0.03606937219594219
0.2,0.8,0.4,0.7,0.48352373,49925,0.03723277047586709
0.2,0.8,0.9,0.4,0.48353776,49925,0.03844948688437196
0.2,0.7,0.5,0.9,0.4835492,49925,0.036680749397566305
0.2,0.8,0.9,0.6,0.48357162,49925,0.03775154065617195
0.1,0.4,0.2,0.2,0.48359016,49925,0.038674178070079515
0.2,0.8,0.4,0.4,0.48359016,49925,0.038674178070079515
0.3,0.9,0.7,0.3,0.48361084,49925,0.04018177368592554
0.2,0.7,0.6,0.4,0.4836321,49925,0.038865702853678984
0.1,0.5,0.1,0.3,0.48364386,49925,0.03570607404344908
0.2,0.8,0.4,0.5,0.48365256,49925,0.03817153447598729
0.2,0.7,0.6,0.1,0.48365548,49925,0.04035147754628506
0.2,0.8,0.8,0.5,0.48366144,49925,0.038202638738795605
0.2,0.9,0.9,0.2,0.48371515,49925,0.039146459688693305
0.1,0.4,0.4,0.2,0.48373005,49925,0.03857671716730799
0.2,0.8,0.8,0.4,0.48373005,49925,0.03857671716730799
0.1,0.5,0.6,0.1,0.48373327,49925,0.0386443438978387
0.1,0.4,0.6,0.9,0.483755,49925,0.03445730088789557
0.2,0.9,0.2,0.7,0.48376337,49925,0.03555817996682067
0.1,0.4,0.6,0.7,0.48380828,49925,0.03535244506496441
0.2,0.8,0.9,0.3,0.4838293,49925,0.038807644267552704
0.3,0.9,0.7,0.2,0.48388612,49925,0.040581844466325845
0.2,0.6,0.5,0.2,0.48389038,49925,0.04011090812689651
0.2,0.7,0.6,0.5,0.48390186,49925,0.0384192785361292
0.2,0.8,0.9,0.5,0.4839024,49925,0.038095057783838523
0.2,0.6,0.5,0.6,0.48394108,49925,0.03799353608196313
0.2,0.6,0.5,0.3,0.4839431,49925,0.03954780555974408
0.3,0.9,0.7,0.5,0.4839486,49925,0.03937411770649008
0.1,0.4,0.6,0.6,0.48395404,49925,0.03586720468711222
0.2,0.7,0.8,0.9,0.48398247,49925,0.036767201416058846
0.2,0.9,0.1,0.9,0.4839862,49925,0.033361941248932554
0.1,0.5,0.9,0.2,0.48399428,49925,0.03743810699160367
0.2,0.7,0.7,0.3,0.48399484,49925,0.03917473550971814
0.1,0.4,0.5,0.2,0.4839974,49925,0.03831325389466183
0.2,0.9,0.2,0.8,0.4839996,49925,0.035148410358197685
0.3,0.9,0.7,0.6,0.48403278,49925,0.038997437923432174
0.3,0.9,0.7,0.1,0.48404357,49925,0.04103448041904671
0.3,0.9,0.7,0.8,0.4840479,49925,0.03832793110912679
0.1,0.4,0.8,0.5,0.48404866,49925,0.03607669799680648
0.1,0.3,0.3,0.7,0.48404926,49925,0.034805590471661006
0.2,0.8,0.4,0.8,0.48406884,49925,0.036793078167054086
0.1,0.4,0.2,0.4,0.48406884,49925,0.036793078167054086
0.3,0.9,0.6,0.3,0.4840717,49925,0.040266980921665974
0.1,0.3,0.2,0.1,0.4840717,49925,0.04026698092166597
0.2,0.6,0.4,0.2,0.4840717,49925,0.04026698092166597
0.3,0.9,0.8,0.9,0.48407426,49925,0.03797809411235551
0.1,0.4,0.5,0.3,0.484077,49925,0.03767033344665646
0.3,0.9,0.6,0.2,0.4841094,49925,0.040697637709148915
0.3,0.8,0.6,0.2,0.48411313,49925,0.0408181021215045
0.1,0.4,0.6,0.3,0.48413166,49925,0.037470642262688376
0.3,0.9,0.6,0.4,0.48413295,49925,0.0398271356906501
0.2,0.7,0.7,0.8,0.4841411,49925,0.037147896152647866
0.2,0.7,0.7,0.9,0.48414657,49925,0.03678769584227139
0.1,0.4,0.2,0.8,0.484169,49925,0.03383062882791332
0.2,0.6,0.5,0.1,0.48418182,49925,0.040718820634503716
0.2,0.7,0.4,0.4,0.4841912,49925,0.038877929835916473
0.3,0.9,0.8,0.3,0.48422992,49925,0.04003383567582804
0.1,0.4,0.7,0.5,0.4842309,49925,0.03622185658246385
0.3,0.8,0.6,0.1,0.48424911,49925,0.04134657888533535
0.1,0.4,0.7,0.6,0.48426127,49925,0.03575452739518428
0.3,0.9,0.7,0.7,0.48427084,49925,0.03865586050737983
0.2,0.8,0.4,0.9,0.48427424,49925,0.03636886804826516
0.1,0.4,0.2,0.7,0.48428127,49925,0.034486772987556605
0.2,0.6,0.5,0.4,0.48428145,49925,0.03896921780700474
0.2,0.6,0.4,0.3,0.4842847,49925,0.03961843173735781
0.1,0.4,0.2,0.6,0.48430523,49925,0.03519842104918065
0.2,0.9,0.3,0.6,0.48431137,49925,0.03691756276913851
0.1,0.4,0.6,0.2,0.48431316,49925,0.038058988187934614
0.3,0.9,0.7,0.9,0.48433265,49925,0.0379849931971662
0.2,0.9,0.1,0.8,0.48435208,49925,0.03374205809512127
0.3,0.9,0.6,0.5,0.48436043,49925,0.03941663976897821
0.3,0.9,0.7,0.4,0.4843876,49925,0.03978186874342561
0.1,0.4,0.7,0.2,0.48438948,49925,0.03778045628093636
0.2,0.7,0.7,0.2,0.48440212,49925,0.0396212239032389
0.1,0.4,0.1,0.9,0.48440892,49925,0.0317254724903064
0.3,0.9,0.8,0.8,0.48440957,49925,0.038281474414257305
0.1,0.3,0.3,0.6,0.48441133,49925,0.03548980578817814
0.2,0.6,0.5,0.5,0.4844121,49925,0.038470248067149666
0.3,0.8,0.6,0.4,0.48441228,49925,0.03989951016558571
0.3,0.9,0.8,0.5,0.4844479,49925,0.03930332308640975
0.3,0.8,0.7,0.2,0.48445773,49925,0.04067108913120947
0.2,0.9,0.3,0.2,0.4844643,49925,0.038829498398723655
0.1,0.3,0.2,0.2,0.48446494,49925,0.039019463338963944
0.3,0.9,0.6,0.6,0.48446494,49925,0.039019463338963944
0.2,0.6,0.4,0.4,0.48446494,49925,0.039019463338963944
0.1,0.4,0.6,0.5,0.48447302,49925,0.0363789965160458
0.1,0.4,0.8,0.4,0.48447603,49925,0.03653388598396963
0.2,0.7,0.9,0.9,0.4845104,49925,0.03670376901343362
0.2,0.9,0.1,0.7,0.48451525,49925,0.0341056310077423
0.2,0.7,0.7,0.5,0.48451805,49925,0.038309016738985666
0.1,0.4,0.2,0.9,0.4845255,49925,0.03321129446726912
0.1,0.4,0.4,0.1,0.48453194,49925,0.03936519967561248
0.2,0.8,0.8,0.2,0.48453194,49925,0.03936519967561248
0.2,0.9,0.2,0.6,0.4845361,49925,0.035987251472833125
0.2,0.7,0.7,0.7,0.4845384,49925,0.037515617466103386
0.2,0.9,0.3,0.7,0.48454902,49925,0.036487735966349924
0.1,0.4,0.6,0.4,0.48454934,49925,0.03692364686810763
0.3,0.9,0.8,0.4,0.48457068,49925,0.039681751155181196
0.2,0.6,0.5,0.7,0.48457173,49925,0.03751144975574584
0.2,0.7,0.4,0.8,0.48458153,49925,0.03685562936887439
0.2,0.7,0.7,0.6,0.4845832,49925,0.037927377855152926
0.3,0.8,0.6,0.3,0.484591,49925,0.040356036426333036
0.1,0.4,0.8,0.3,0.4845977,49925,0.03699938105409458
0.3,0.9,0.8,0.2,0.4846104,49925,0.04042850132187334
0.2,0.5,0.4,0.1,0.48464805,49925,0.041143549265731875
0.2,0.9,0.3,0.4,0.4846697,49925,0.03782939602122236
0.1,0.5,0.9,0.1,0.48467863,49925,0.037841620171685846
0.2,0.7,0.8,0.8,0.48469535,49925,0.037089650024344854
0.2,0.7,0.9,0.7,0.48472604,49925,0.03734320913678074
0.3,0.9,0.9,0.2,0.48472762,49925,0.04026766841791035
0.2,0.7,0.8,0.3,0.48474273,49925,0.038986684876264124
0.3,0.8,0.7,0.3,0.48474583,49925,0.040220363679052275
0.2,0.5,0.4,0.2,0.4847482,49925,0.04038042542994631
0.1,0.4,0.9,0.3,0.48479024,49925,0.036735353625852396
0.1,0.4,0.7,0.7,0.48479348,49925,0.0353150563986188
0.1,0.4,0.5,0.1,0.48480558,49925,0.03902133993876728
0.2,0.7,0.7,0.4,0.48482704,49925,0.03872050279452418
0.1,0.4,0.7,0.9,0.48485154,49925,0.03444310167627683
0.3,0.9,0.5,0.1,0.48487324,49925,0.041208858109483104
0.3,0.9,0.8,0.7,0.48487347,49925,0.03860813935797624
0.2,0.9,0.3,0.3,0.48488188,49925,0.03832840263850103
0.2,0.6,0.4,0.5,0.48488972,49925,0.03843684905624582
0.1,0.4,0.2,0.5,0.48490113,49925,0.03596141602832325
0.2,0.9,0.9,0.1,0.48490494,49925,0.03952136001539358
0.1,0.3,0.3,0.5,0.48490673,49925,0.036236024017386445
0.2,0.8,0.3,0.2,0.48490775,49925,0.039261085074303745
0.3,0.8,0.7,0.1,0.48491323,49925,0.041146100174885236
0.3,0.9,0.8,0.6,0.48491403,49925,0.038937552406267645
0.2,0.7,0.9,0.6,0.48493502,49925,0.03768693348122494
0.2,0.9,0.2,0.5,0.48493966,49925,0.03640749976621152
0.2,0.9,0.3,0.5,0.4849478,49925,0.03736241550703246
0.1,0.4,0.8,0.6,0.48494938,49925,0.03562920728695381
0.2,0.7,0.9,0.8,0.4849555,49925,0.037024786081687085
0.3,0.9,0.6,0.7,0.484976,49925,0.03862011769162082
0.3,0.8,0.7,0.5,0.48502672,49925,0.03939483668446533
0.2,0.7,0.8,0.6,0.48503634,49925,0.03780951424577671
0.1,0.3,0.3,0.8,0.48504287,49925,0.03415565558052085
0.2,0.8,0.8,0.1,0.48504415,49925,0.039817507237742016
0.3,0.8,0.6,0.5,0.48504487,49925,0.03946095955283818
0.2,0.7,0.7,0.1,0.48504925,49925,0.04011973372870494
0.1,0.4,0.1,0.6,0.48505622,49925,0.03370785310856507
0.2,0.7,0.4,0.5,0.48506227,49925,0.038348743124761754
0.2,0.6,0.5,0.9,0.48507902,49925,0.03659645980068992
0.3,0.9,0.8,0.1,0.48508438,49925,0.04084495859416452
0.3,0.8,0.7,0.4,0.48508763,49925,0.03979102456128878
0.2,0.7,0.8,0.7,0.48508894,49925,0.037432655962774744
0.2,0.6,0.6,0.1,0.48509213,49925,0.040459920907749955
0.2,0.8,0.1,0.9,0.48509598,49925,0.03349587605911909
0.3,0.8,0.7,0.7,0.4851128,49925,0.03862807112059349
0.2,0.7,0.4,0.7,0.485125,49925,0.03733880857918093
0.2,0.6,0.6,0.3,0.4851283,49925,0.03937765604722022
0.3,0.8,0.7,0.6,0.48512933,49925,0.038996804748504095
0.2,0.8,0.3,0.8,0.4851294,49925,0.036218087259831194
0.3,0.8,0.7,0.9,0.4851331,49925,0.037930294822275334
0.3,0.8,0.7,0.8,0.4851451,49925,0.038285704265981095
0.2,0.7,0.8,0.2,0.48515353,49925,0.03943634613325152
0.1,0.4,0.7,0.8,0.48517123,49925,0.0348671043553692
0.2,0.7,0.9,0.2,0.48520526,49925,0.03921290550996457
0.2,0.6,0.5,0.8,0.48521513,49925,0.03704532565496847
0.3,0.9,0.9,0.4,0.4852247,49925,0.039543213438986854
0.2,0.9,0.1,0.6,0.48522842,49925,0.03449158394237281
0.1,0.4,0.6,0.1,0.48522913,49925,0.03868044891178127
0.2,0.8,0.2,0.9,0.48525044,49925,0.03489285322498829
0.2,0.5,0.4,0.3,0.48526695,49925,0.039692280045085175
0.3,0.7,0.6,0.2,0.48529184,49925,0.04090168777076267
0.1,0.4,0.1,0.7,0.48529544,49925,0.033010672324258
0.2,0.7,0.9,0.3,0.4852957,49925,0.03881912456604625
0.3,0.7,0.6,0.1,0.48530924,49925,0.04145131589207269
0.1,0.3,0.3,0.9,0.48531738,49925,0.03354778859622148
0.4,0.9,0.7,0.3,0.48532072,49925,0.040902621351763944
0.2,0.6,0.6,0.7,0.4853434,49925,0.03749130912747736
0.2,0.7,0.8,0.5,0.48534903,49925,0.03819387805975285
0.3,0.9,0.9,0.3,0.48536777,49925,0.0398912681136994
0.1,0.3,0.3,0.1,0.48536777,49925,0.0398912681136994
0.2,0.6,0.6,0.2,0.48536777,49925,0.0398912681136994
0.3,0.8,0.8,0.2,0.4853681,49925,0.04048916900608311
0.3,0.9,0.9,0.7,0.48536894,49925,0.03853343330679135
0.2,0.7,0.8,0.4,0.48537713,49925,0.03857899694040771
0.2,0.7,0.4,0.6,0.48537946,49925,0.03783254908223841
0.1,0.4,0.1,0.8,0.48538595,49925,0.03233608564400179
0.1,0.5,0.1,0.2,0.48542905,49925,0.036461413910655174
0.2,0.6,0.6,0.5,0.48543954,49925,0.03837410332710329
0.2,0.8,0.9,0.2,0.48544845,49925,0.03919586558547863
0.1,0.5,0.1,0.1,0.48545477,49925,0.0371675194873586
0.2,0.6,0.6,0.9,0.48545656,49925,0.03663797687442133
0.1,0.4,0.9,0.2,0.48546672,49925,0.037162717167947584
0.1,0.4,0.9,0.5,0.48547283,49925,0.03590641189498596
0.1,0.4,0.9,0.4,0.48547947,49925,0.036332089366888594
0.2,0.6,0.6,0.4,0.48548308,49925,0.03886407538007844
0.3,0.9,0.9,0.6,0.48548308,49925,0.03886407538007843
0.1,0.3,0.3,0.2,0.48548308,49925,0.03886407538007844
0.2,0.9,0.3,0.1,0.48550087,49925,0.03933195947094309
0.1,0.4,0.1,0.5,0.4855083,49925,0.03449382191970102
0.2,0.8,0.1,0.8,0.48551947,49925,0.033906275153332506
0.2,0.5,0.5,0.1,0.4855235,49925,0.04082574671642982
0.1,0.3,0.4,0.5,0.48553002,49925,0.03622264122771404
0.2,0.7,0.4,0.9,0.48554298,49925,0.03640607048856419
0.3,0.9,0.6,0.8,0.4855499,49925,0.03825630660073281
0.3,0.8,0.8,0.4,0.48557648,49925,0.039679009864205944
0.2,0.8,0.3,0.9,0.48558035,49925,0.035776317796294844
0.3,0.7,0.6,0.3,0.48559484,49925,0.04039001449852166
0.3,0.9,0.9,0.8,0.48561257,49925,0.038229133484857514
0.2,0.7,0.9,0.5,0.48562014,49925,0.0380552146591414
0.3,0.7,0.6,0.4,0.4856292,49925,0.03991270311497408
0.1,0.4,0.8,0.2,0.48564482,49925,0.037470573812690075
0.1,0.4,0.9,0.6,0.48564506,49925,0.035510894435763336
0.3,0.8,0.6,0.6,0.48565653,49925,0.03903557400282924
0.4,0.9,0.7,0.2,0.48565924,49925,0.04132984021032537
0.3,0.9,0.5,0.2,0.48570982,49925,0.04069060851647584
0.2,0.5,0.4,0.4,0.48571068,49925,0.03902412920598723
0.2,0.6,0.7,0.3,0.48573405,49925,0.03914569144423513
0.2,0.6,0.8,0.9,0.48574015,49925,0.036577212139185265
0.3,0.9,0.9,0.1,0.485742,49925,0.040666174542610185
0.3,0.8,0.8,0.1,0.48575506,49925,0.04091957289443059
0.3,0.9,0.9,0.5,0.4857561,49925,0.039209131542407384
0.3,0.8,0.6,0.7,0.48575923,49925,0.038643256132979115
0.1,0.4,0.7,0.1,0.48576653,49925,0.03832793146512605
0.1,0.4,0.8,0.7,0.48577112,49925,0.03521642865401955
0.4,0.9,0.8,0.5,0.4857754,49925,0.040020220849915335
0.4,0.9,0.8,0.2,0.48579106,49925,0.04117725582389377
0.3,0.6,0.5,0.1,0.4857981,49925,0.04174959381660203
0.2,0.8,0.2,0.8,0.48580658,49925,0.035318554444057286
0.1,0.4,0.1,0.4,0.48580658,49925,0.035318554444057286
0.1,0.4,0.8,0.8,0.48583388,49925,0.034805880743547145
0.2,0.6,0.6,0.6,0.48583752,49925,0.03792264415144769
0.1,0.3,0.3,0.3,0.48583752,49925,0.03792264415144769
0.3,0.9,0.9,0.9,0.48583752,49925,0.03792264415144769
0.2,0.6,0.7,0.2,0.48583877,49925,0.03964899381170237
0.3,0.8,0.8,0.5,0.4858406,49925,0.03927678837329732
0.3,0.8,0.6,0.8,0.48584345,49925,0.03825725198702499
0.2,0.9,0.2,0.4,0.48584947,49925,0.03681366832555968
0.2,0.6,0.8,0.8,0.48584962,49925,0.03694275898632135
0.1,0.3,0.4,0.4,0.48584962,49925,0.03694275898632135
0.2,0.9,0.1,0.5,0.48585212,49925,0.03486368505075487
0.2,0.8,0.1,0.7,0.4858765,49925,0.03433299423646989
0.2,0.9,0.2,0.3,0.48588842,49925,0.03724765371403564
0.3,0.7,0.6,0.6,0.48589748,49925,0.03900641582653535
0.3,0.8,0.8,0.3,0.48590028,49925,0.04006822888693525
0.4,0.9,0.7,0.4,0.48590046,49925,0.04049049577615523
0.3,0.7,0.5,0.3,0.4859073,49925,0.0404909596857007
0.2,0.5,0.5,0.2,0.48592344,49925,0.04016111128431811
0.4,0.9,0.8,0.3,0.4859508,49925,0.040787916265375875
0.2,0.8,0.3,0.5,0.4859509,49925,0.03762551294483113
0.4,0.9,0.8,0.1,0.48595387,49925,0.041607877304259196
0.3,0.7,0.7,0.2,0.4860086,49925,0.04070113912668909
0.2,0.8,0.9,0.1,0.48601413,49925,0.039611464149998214
0.2,0.8,0.3,0.1,0.48604232,49925,0.0398286696071533
0.2,0.8,0.3,0.7,0.48605245,49925,0.03666965327317711
0.2,0.7,0.9,0.4,0.4860555,49925,0.038419628919521324
0.2,0.5,0.5,0.3,0.48606205,49925,0.03951907847098465
0.4,0.9,0.8,0.4,0.4860657,49925,0.04038031928179013
0.4,0.9,0.7,0.1,0.486084,49925,0.04178947184195625
0.2,0.8,0.3,0.4,0.4861031,49925,0.0381509760834719
0.2,0.5,0.4,0.5,0.48610502,49925,0.038432010765921586
0.2,0.9,0.1,0.4,0.4861096,49925,0.03522089267360146
0.4,0.9,0.9,0.2,0.48615515,49925,0.0409972980425466
0.4,0.9,0.8,0.6,0.48615584,49925,0.03967398863903042
0.2,0.7,0.3,0.2,0.48617584,49925,0.03968432768028067
0.3,0.8,0.5,0.1,0.4861801,49925,0.04143363879218318
0.2,0.6,0.4,0.9,0.48619854,49925,0.03639338028049443
0.3,0.8,0.5,0.2,0.48620227,49925,0.04089887920176463
0.3,0.7,0.6,0.7,0.486204,49925,0.03858783381002228
0.3,0.8,0.9,0.4,0.48620573,49925,0.039520890962657235
0.1,0.3,0.3,0.4,0.48620635,49925,0.037062218090956466
0.2,0.6,0.6,0.8,0.48620635,49925,0.037062218090956466
0.2,0.8,0.3,0.6,0.486212,49925,0.03713439678604282
0.4,0.8,0.7,0.2,0.48621967,49925,0.04136885507685335
0.3,0.7,0.7,0.3,0.48622194,49925,0.04021281422814048
0.2,0.6,0.4,0.6,0.48622823,49925,0.03790441932450817
0.3,0.9,0.6,0.9,0.48622823,49925,0.03790441932450817
0.1,0.3,0.2,0.3,0.48622823,49925,0.03790441932450817
0.2,0.6,0.4,0.7,0.4862286,49925,0.03737098101070957
0.1,0.4,0.9,0.7,0.48624244,49925,0.035103586294045995
0.3,0.9,0.5,0.3,0.4862464,49925,0.04019312896716329
0.4,0.9,0.9,0.3,0.48625046,49925,0.040622347884170955
0.3,0.7,0.7,0.4,0.48627856,49925,0.039763725060017546
0.1,0.3,0.2,0.4,0.4863012,49925,0.03687129758670941
0.2,0.6,0.4,0.8,0.4863012,49925,0.03687129758670941
0.3,0.8,0.6,0.9,0.48632115,49925,0.037881600943821425
0.2,0.8,0.3,0.3,0.4863443,49925,0.03867617362137596
0.3,0.8,0.8,0.8,0.48635346,49925,0.03822991040231094
0.2,0.5,0.4,0.6,0.4863775,49925,0.037852351510649994
0.1,0.3,0.4,0.7,0.4863875,49925,0.03493177450669883
0.3,0.7,0.5,0.1,0.48638952,49925,0.04162536294309481
0.3,0.7,0.5,0.2,0.48644224,49925,0.04104232517970206
0.4,0.9,0.9,0.5,0.48645362,49925,0.039899951565161074
0.2,0.6,0.7,0.6,0.48646745,49925,0.03781981668092878
0.3,0.8,0.8,0.9,0.48646763,49925,0.03789771356322313
0.2,0.6,0.8,0.7,0.48647603,49925,0.03731768112598736
0.2,0.7,0.8,0.1,0.48647726,49925,0.03989494090585272
0.2,0.7,0.3,0.1,0.48649752,49925,0.04034517107338937
0.3,0.9,0.5,0.4,0.48650062,49925,0.03972931903443392
0.1,0.3,0.4,0.6,0.48650312,49925,0.035537060962134784
0.3,0.7,0.6,0.8,0.48650813,49925,0.03820253067371315
0.2,0.6,0.9,0.8,0.48650852,49925,0.03683978304826367
0.2,0.6,0.9,0.9,0.486518,49925,0.03649701128588444
0.3,0.8,0.9,0.2,0.48653132,49925,0.0402767935861741
0.2,0.9,0.2,0.2,0.4865385,49925,0.037662463933049097
0.2,0.6,0.9,0.7,0.4865508,49925,0.03718297591392361
0.3,0.8,0.8,0.6,0.48655453,49925,0.0389303277143703
0.3,0.8,0.8,0.7,0.48656014,49925,0.03856030096571143
0.2,0.8,0.2,0.7,0.48656777,49925,0.035761942607842045
0.3,0.8,0.9,0.3,0.48657626,49925,0.03988465179369016
0.1,0.4,0.9,0.8,0.48658288,49925,0.0347280166734768
0.2,0.6,0.7,0.4,0.48658347,49925,0.03868673149829297
0.3,0.7,0.7,0.1,0.48658517,49925,0.041196502128925595
0.2,0.5,0.5,0.5,0.48658726,49925,0.03839168271790491
0.1,0.3,0.4,0.8,0.48659444,49925,0.034339136950375194
0.3,0.7,0.7,0.6,0.4866057,49925,0.03894925016943337
0.2,0.5,0.5,0.6,0.48661,49925,0.03786105370718352
0.2,0.6,0.7,0.8,0.48661238,49925,0.03702994790037734
0.3,0.7,0.6,0.5,0.48661685,49925,0.03946321592512787
0.4,0.9,0.7,0.5,0.48662814,49925,0.040099174994364634
0.4,0.8,0.7,0.1,0.4866315,49925,0.04186391907326115
0.2,0.5,0.5,0.4,0.48663408,49925,0.03893464112974077
0.4,0.9,0.8,0.7,0.48663792,49925,0.039334258505571644
0.2,0.6,0.7,0.5,0.4866515,49925,0.038240240579449386
0.1,0.4,0.8,0.9,0.4866657,49925,0.03440714816555365
0.1,0.4,0.1,0.3,0.48667946,49925,0.03621202012251396
0.2,0.8,0.2,0.6,0.48667946,49925,0.03621202012251396
0.3,0.8,0.9,0.5,0.48668465,49925,0.039156234228361717
0.4,0.9,0.8,0.8,0.4866873,49925,0.03899135277965281
0.3,0.7,0.5,0.4,0.4866911,49925,0.03996005657571939
0.2,0.6,0.7,0.9,0.4867089,49925,0.03663682852049826
0.3,0.8,0.5,0.3,0.48671758,49925,0.040381108466777435
0.1,0.4,0.9,0.1,0.48672062,49925,0.0376083701186072
0.4,0.9,0.9,0.4,0.48672804,49925,0.04025715008955856
0.4,0.9,0.9,0.1,0.48673218,49925,0.04140337304873176
0.2,0.6,0.7,0.7,0.48673844,49925,0.03741838527491396
0.1,0.3,0.2,0.5,0.4867436,49925,0.03593387855261517
0.2,0.8,0.2,0.5,0.48674613,49925,0.03669845050207088
0.4,0.9,0.9,0.6,0.48674816,49925,0.039570996064001086
0.1,0.4,0.9,0.9,0.48681086,49925,0.03436560474507924
0.3,0.7,0.7,0.5,0.4868227,49925,0.03934982304804636
0.4,0.9,0.8,0.9,0.48683262,49925,0.03867316700224975
0.4,0.9,0.9,0.8,0.48683596,49925,0.038938758551227595
0.4,0.8,0.7,0.3,0.4868411,49925,0.04090665921561338
0.5,0.9,0.8,0.2,0.48684114,49925,0.04166541348041183
0.3,0.6,0.5,0.2,0.48684156,49925,0.041120265953053195
0.2,0.8,0.1,0.6,0.4868516,49925,0.0347453551021272
0.1,0.4,0.8,0.1,0.4868623,49925,0.03795469478028422
0.3,0.8,0.9,0.1,0.48686266,49925,0.04070392766047436
0.3,0.8,0.9,0.6,0.48691127,49925,0.03881596694778165
0.1,0.3,0.4,0.3,0.48691303,49925,0.037694016021995326
0.2,0.6,0.8,0.6,0.48691303,49925,0.037694016021995326
0.4,0.9,0.9,0.9,0.4869201,49925,0.03863033528995535
0.2,0.8,0.1,0.5,0.486981,49925,0.03518313027902788
0.1,0.3,0.2,0.6,0.48698696,49925,0.03507272070026749
0.3,0.7,0.6,0.9,0.48699805,49925,0.037800587980547216
0.3,0.7,0.7,0.8,0.48700768,49925,0.0381713105186411
0.2,0.9,0.1,0.2,0.4870094,49925,0.03589254280228994
0.2,0.7,0.3,0.3,0.4870113,49925,0.03905117515015101
0.4,0.8,0.8,0.1,0.48701465,49925,0.041616999529824845
0.4,0.9,0.7,0.6,0.48701912,49925,0.039729180095980865
0.2,0.5,0.5,0.7,0.48702496,49925,0.0373473852897764
0.1,0.3,0.6,0.2,0.487033,49925,0.037784537841395516
0.2,0.6,0.9,0.6,0.487046,49925,0.03757219377301602
0.2,0.6,0.8,0.4,0.48704773,49925,0.03851582916713063
0.1,0.3,0.4,0.2,0.48704773,49925,0.03851582916713063
0.3,0.7,0.7,0.9,0.48705244,49925,0.03779547031376912
0.4,0.8,0.8,0.2,0.48705938,49925,0.04115696162148524
0.2,0.4,0.4,0.1,0.48705938,49925,0.04115696162148524
0.3,0.8,0.9,0.8,0.48706472,49925,0.038150556157935396
0.3,0.7,0.7,0.7,0.48706895,49925,0.03855306874219623
0.1,0.3,0.5,0.2,0.48709399,49925,0.038165560042909476
0.2,0.7,0.9,0.1,0.4870964,49925,0.03965048295387585
0.5,0.9,0.8,0.3,0.48709917,49925,0.04126639142833773
0.2,0.6,0.7,0.1,0.48710018,49925,0.040192039209136575
0.2,0.6,0.8,0.2,0.48711404,49925,0.03940698689266369
0.1,0.3,0.4,0.1,0.48711404,49925,0.03940698689266369
0.4,0.9,0.9,0.7,0.4871152,49925,0.0392558743225799
0.2,0.6,0.8,0.3,0.48711836,49925,0.0389508749612914
0.3,0.6,0.6,0.1,0.48711854,49925,0.04145821764272154
0.2,0.9,0.1,0.3,0.48714668,49925,0.035576214130699745
0.4,0.8,0.7,0.4,0.48714754,49925,0.04048851641183961
0.2,0.5,0.6,0.3,0.48716098,49925,0.03929583954281552
0.1,0.3,0.5,0.4,0.4871694,49925,0.03673842681693115
0.2,0.6,0.3,0.1,0.48718655,49925,0.040842380223366496
0.3,0.6,0.5,0.3,0.48718694,49925,0.040530859260539696
0.4,0.8,0.6,0.1,0.4871962,49925,0.042005643061751925
0.3,0.7,0.8,0.1,0.4871985,49925,0.04092663993838586
0.5,0.9,0.8,0.1,0.4872133,49925,0.0421038146874044
0.2,0.5,0.4,0.7,0.48721588,49925,0.037281561835780304
0.3,0.8,0.9,0.7,0.48722595,49925,0.03847825877898666
0.5,0.9,0.9,0.2,0.48725313,49925,0.04148648346430694
0.3,0.7,0.8,0.2,0.48728552,49925,0.04046315211369352
0.3,0.6,0.6,0.2,0.48728576,49925,0.04086563697101848
0.2,0.6,0.9,0.1,0.48729742,49925,0.03960773708311514
0.2,0.7,0.1,0.9,0.48730513,49925,0.033587943107770205
0.2,0.9,0.1,0.1,0.48730662,49925,0.03617982719264481
0.3,0.7,0.8,0.4,0.48734102,49925,0.03962377041292783
0.1,0.3,0.6,0.3,0.487343,49925,0.03713252816087312
0.4,0.7,0.6,0.1,0.48734462,49925,0.04205553591960197
0.1,0.4,0.1,0.2,0.4873515,49925,0.0371902973639905
0.2,0.8,0.2,0.4,0.4873515,49925,0.0371902973639905
0.3,0.8,0.5,0.4,0.4873616,49925,0.039889709858054054
0.1,0.3,0.4,0.9,0.48737207,49925,0.03378911202808931
0.1,0.3,0.7,0.2,0.48738772,49925,0.03743330635904819
0.1,0.3,0.5,0.3,0.48741004,49925,0.0374363699411035
0.2,0.6,0.8,0.1,0.48742077,49925,0.039889681909895384
0.3,0.8,0.5,0.5,0.48742655,49925,0.03941573401326753
0.2,0.5,0.6,0.2,0.487448,49925,0.039854037871965495
0.3,0.7,0.8,0.5,0.48745432,49925,0.0392179441457427
0.2,0.9,0.2,0.1,0.4874547,49925,0.0380672748464379
0.3,0.7,0.8,0.3,0.48746482,49925,0.04003164253974915
0.4,0.9,0.7,0.8,0.48749503,49925,0.03901408975821825
0.2,0.6,0.8,0.5,0.4874953,49925,0.03810552065108492
0.4,0.8,0.6,0.2,0.487496,49925,0.04148760529157208
0.2,0.4,0.3,0.1,0.487496,49925,0.04148760529157208
0.2,0.5,0.4,0.8,0.4874968,49925,0.036751793222245886
0.1,0.3,0.6,0.1,0.48749906,49925,0.03846715627477473
0.2,0.6,0.9,0.3,0.48750257,49925,0.03875048918232082
0.4,0.8,0.6,0.3,0.4875118,49925,0.041034732310635584
0.2,0.5,0.6,0.1,0.4875146,49925,0.040475376740326405
0.4,0.9,0.7,0.7,0.48751694,49925,0.03936633339589185
0.2,0.7,0.3,0.5,0.48754624,49925,0.03786602674331924
0.4,0.8,0.8,0.5,0.48756057,49925,0.0399732786248725
0.4,0.8,0.7,0.5,0.48762307,49925,0.04008123554672575
0.3,0.9,0.5,0.5,0.48765555,49925,0.03929530828415117
0.2,0.7,0.1,0.8,0.4876639,49925,0.034028520198374795
0.2,0.6,0.9,0.5,0.48767573,49925,0.03795247910537965
0.5,0.9,0.9,0.3,0.48769155,49925,0.041097271460496076
0.3,0.8,0.9,0.9,0.48769268,49925,0.037829221419142654
0.3,0.6,0.5,0.4,0.48769903,49925,0.03997194691178643
0.2,0.5,0.5,0.9,0.48770466,49925,0.036396546565102335
0.2,0.5,0.5,0.8,0.48770934,49925,0.03685704739185793
0.2,0.7,0.3,0.7,0.48771048,49925,0.03682159687490331
0.5,0.9,0.7,0.3,0.48771313,49925,0.041347030740982185
0.2,0.7,0.3,0.8,0.48771906,49925,0.036327916811032215
0.4,0.7,0.6,0.2,0.48774752,49925,0.04151668808405191
0.5,0.9,0.9,0.1,0.48775738,49925,0.04189364760538845
0.3,0.9,0.5,0.6,0.48775926,49925,0.03885477183920555
0.2,0.7,0.3,0.9,0.4877624,49925,0.03584014866859788
0.4,0.8,0.7,0.7,0.48777252,49925,0.039301346529422146
0.4,0.8,0.7,0.6,0.48778224,49925,0.03968347404508114
0.3,0.7,0.8,0.6,0.487794,49925,0.03884162845674551
0.2,0.8,0.2,0.3,0.48780772,49925,0.03768130172749192
0.2,0.7,0.3,0.6,0.48781565,49925,0.03733202858857695
0.2,0.5,0.4,0.9,0.4878197,49925,0.036253970060190946
0.4,0.9,0.6,0.3,0.48782298,49925,0.0409460807647657
0.3,0.8,0.5,0.7,0.48782948,49925,0.038522930758025875
0.5,0.8,0.7,0.1,0.48783028,49925,0.04224605212582105
0.2,0.7,0.2,0.9,0.48783147,49925,0.03497140905773566
0.4,0.8,0.8,0.3,0.4878496,49925,0.040735203180356686
0.3,0.9,0.5,0.8,0.48786113,49925,0.038054898607679896
0.4,0.7,0.6,0.3,0.48786357,49925,0.04102754953031363
0.4,0.9,0.6,0.1,0.487865,49925,0.04187066559514904
0.1,0.3,0.2,0.7,0.48788202,49925,0.03428947822352729
0.3,0.9,0.5,0.7,0.4878933,49925,0.03843969947358892
0.5,0.9,0.7,0.1,0.48789638,49925,0.042238223180154785
0.5,0.9,0.8,0.4,0.48790348,49925,0.04089827773768682
0.3,0.7,0.5,0.5,0.48790357,49925,0.03947506334458704
0.2,0.7,0.3,0.4,0.48790744,49925,0.03844275962723209
0.2,0.7,0.2,0.8,0.4879081,49925,0.03544492335183067
0.3,0.6,0.6,0.4,0.48791865,49925,0.039856130749557864
0.4,0.7,0.7,0.2,0.48792598,49925,0.04131852803068054
0.4,0.9,0.7,0.9,0.48792797,49925,0.03867414627949878
0.4,0.9,0.6,0.2,0.48793224,49925,0.04138039824999603
0.1,0.3,0.5,0.7,0.48793498,49925,0.034930440660088574
0.1,0.3,0.5,0.1,0.48794463,49925,0.0389437284361546
0.2,0.8,0.1,0.4,0.48797193,49925,0.035598793798194486
0.1,0.3,0.5,0.8,0.48798004,49925,0.03437588162322704
0.2,0.6,0.9,0.4,0.4879863,49925,0.03835823671872636
0.1,0.3,0.6,0.4,0.48799384,49925,0.03654158189300456
0.4,0.8,0.8,0.4,0.4880077,49925,0.04033680168238268
0.2,0.4,0.4,0.2,0.4880077,49925,0.04033680168238268
0.1,0.2,0.2,0.1,0.4880077,49925,0.04033680168238268
0.3,0.6,0.6,0.3,0.4880077,49925,0.04033680168238268
0.3,0.9,0.5,0.9,0.48801628,49925,0.037661069159120666
0.4,0.8,0.8,0.7,0.48801988,49925,0.03925332467143616
0.2,0.8,0.1,0.3,0.4880235,49925,0.03601136970011955
0.4,0.8,0.8,0.6,0.48803353,49925,0.039616508769495656
0.2,0.4,0.4,0.3,0.48803353,49925,0.039616508769495656
0.4,0.8,0.7,0.8,0.48803863,49925,0.03895554679775825
0.2,0.6,0.9,0.2,0.48804742,49925,0.039154828967043455
0.1,0.3,0.7,0.3,0.4880479,49925,0.03687095489611406
0.1,0.3,0.5,0.6,0.48805887,49925,0.03549124199491212
0.2,0.5,0.6,0.5,0.4880644,49925,0.03824901638039853
0.3,0.5,0.4,0.1,0.4880739,49925,0.04195338897379852
0.4,0.7,0.7,0.1,0.48807523,49925,0.04183417010360467
0.4,0.8,0.9,0.2,0.48808196,49925,0.040942558587166625
0.4,0.7,0.7,0.3,0.48811007,49925,0.04085316495140809
0.2,0.8,0.2,0.2,0.48811764,49925,0.03818144168459269
0.1,0.4,0.1,0.1,0.48811764,49925,0.03818144168459269
0.3,0.7,0.9,0.4,0.48812503,49925,0.0394408412827651
0.4,0.7,0.7,0.4,0.48812854,49925,0.04040478173345298
0.2,0.6,0.3,0.3,0.48816139,49925,0.039353885083042286
0.1,0.3,0.2,0.8,0.48816478,49925,0.03354228575536253
0.3,0.7,0.8,0.7,0.48816592,49925,0.03846955642247843
0.1,0.3,0.8,0.2,0.48817015,49925,0.0370775724041231
0.2,0.6,0.3,0.2,0.48818216,49925,0.04007500402276714
0.4,0.8,0.6,0.4,0.48818952,49925,0.04057450443644862
0.2,0.4,0.3,0.2,0.48818952,49925,0.04057450443644862
0.5,0.8,0.7,0.2,0.48819938,49925,0.041776290732289265
0.4,0.8,0.9,0.1,0.48820168,49925,0.04137084364983275
0.1,0.3,0.7,0.4,0.48821253,49925,0.03630263500634183
0.6,0.9,0.8,0.2,0.48821485,49925,0.04193989444651291
0.2,0.5,0.6,0.4,0.48821518,49925,0.03875928847113846
0.3,0.6,0.6,0.5,0.48822606,49925,0.0393708070573107
0.1,0.3,0.5,0.5,0.4882299,49925,0.03610618976753972
0.4,0.8,0.8,0.9,0.4882369,49925,0.03857247028612012
0.3,0.7,0.9,0.3,0.48823953,49925,0.03982849493705721
0.1,0.2,0.2,0.2,0.48824435,49925,0.03890113190141887
0.2,0.4,0.4,0.4,0.48824435,49925,0.03890113190141887
0.3,0.6,0.6,0.6,0.48824435,49925,0.03890113190141887
0.4,0.8,0.8,0.8,0.48824435,49925,0.03890113190141887
0.5,0.9,0.9,0.4,0.48825818,49925,0.04074158025551134
0.3,0.8,0.5,0.9,0.48825833,49925,0.03770217092734752
0.2,0.7,0.2,0.7,0.48827246,49925,0.03593008121735479
0.5,0.9,0.8,0.5,0.48827508,49925,0.04050769610130228
0.3,0.6,0.6,0.7,0.48829132,49925,0.03845691602717712
0.4,0.7,0.7,0.5,0.488299,49925,0.03999921546332767
0.5,0.9,0.7,0.2,0.48830265,49925,0.04177438529863115
0.3,0.6,0.7,0.1,0.488309,49925,0.04114542808584756
0.2,0.8,0.1,0.1,0.48831257,49925,0.03674379247755485
0.4,0.9,0.6,0.4,0.48831382,49925,0.04052026997067215
0.3,0.5,0.5,0.2,0.48832047,49925,0.041054534881934876
0.2,0.5,0.3,0.1,0.48833936,49925,0.04123653416955145
0.3,0.7,0.9,0.1,0.48837084,49925,0.040676847028142574
0.5,0.8,0.8,0.3,0.4883728,49925,0.0412032387655028
0.3,0.7,0.9,0.5,0.48837844,49925,0.03906673546779782
0.6,0.9,0.8,0.1,0.4883927,49925,0.0423671839942234
0.5,0.8,0.8,0.2,0.48840308,49925,0.04161735808662592
0.4,0.6,0.5,0.1,0.48840937,49925,0.04218828296603605
0.1,0.3,0.2,0.9,0.48841304,49925,0.032846685469788105
0.3,0.8,0.5,0.8,0.48842335,49925,0.03810850497797567
0.3,0.8,0.5,0.6,0.48842585,49925,0.038952120204160515
0.3,0.5,0.5,0.1,0.4884536,49925,0.04170812867816486
0.3,0.6,0.5,0.6,0.48847216,49925,0.038957839132325686
0.2,0.4,0.4,0.5,0.4884732,49925,0.038237940464874526
0.1,0.3,0.5,0.9,0.4884814,49925,0.03386584503467066
0.2,0.5,0.6,0.7,0.48848987,49925,0.037283235401610174
0.5,0.9,0.8,0.6,0.48849738,49925,0.04015973454632088
0.5,0.9,0.9,0.5,0.4885017,49925,0.04040449096402943
0.2,0.7,0.2,0.3,0.48851335,49925,0.03811426314116904
0.2,0.5,0.7,0.4,0.48852497,49925,0.03855669897311837
0.2,0.5,0.6,0.9,0.48852816,49925,0.03639915711833815
0.3,0.7,0.9,0.2,0.48853776,49925,0.04023871592892682
0.4,0.8,0.7,0.9,0.4885608,49925,0.03861994664136217
0.2,0.7,0.1,0.7,0.48856556,49925,0.03450504139138688
0.2,0.5,0.6,0.8,0.48857027,49925,0.036831630570219355
0.5,0.9,0.9,0.6,0.48858142,49925,0.040070227642360165
0.3,0.7,0.9,0.6,0.48858464,49925,0.038716527587450596
0.4,0.8,0.9,0.5,0.488606,49925,0.039844345502253214
0.2,0.5,0.7,0.2,0.48861152,49925,0.03958621503538115
0.3,0.6,0.6,0.8,0.4886198,49925,0.03803017038766916
0.5,0.8,0.7,0.3,0.4886335,49925,0.04132949313400365
0.3,0.7,0.8,0.8,0.48863506,49925,0.03809928094311825
0.3,0.6,0.7,0.4,0.4886492,49925,0.03969348747519085
0.5,0.7,0.7,0.2,0.48867708,49925,0.04168892403119216
0.2,0.8,0.1,0.2,0.48869073,49925,0.036388381098720106
0.3,0.5,0.5,0.3,0.4886929,49925,0.04041886449648376
0.6,0.9,0.8,0.3,0.4886964,49925,0.04154136270893025
0.4,0.8,0.9,0.4,0.48871568,49925,0.04019799680792499
0.2,0.5,0.9,0.1,0.48872584,49925,0.03950086488042648
0.3,0.6,0.5,0.5,0.4887265,49925,0.03944434808723067
0.5,0.9,0.9,0.7,0.48873228,49925,0.039756796402451826
0.2,0.5,0.7,0.3,0.48873737,49925,0.039071136943968514
0.2,0.5,0.3,0.2,0.48874643,49925,0.04038952521880407
0.4,0.8,0.9,0.6,0.48875752,49925,0.039503841338964264
0.2,0.5,0.8,0.1,0.48881078,49925,0.03980332070780737
0.2,0.4,0.5,0.1,0.48881203,49925,0.040744048420920095
0.4,0.7,0.6,0.4,0.48881435,49925,0.04053424058000527
0.1,0.3,0.7,0.1,0.488831,49925,0.038009261629298866
0.2,0.5,0.6,0.6,0.48883712,49925,0.03776953608217092
0.6,0.9,0.9,0.1,0.48884332,49925,0.04219282602025106
0.6,0.9,0.9,0.2,0.48885673,49925,0.04180832821060354
0.4,0.8,0.9,0.3,0.48888525,49925,0.04055391607347043
0.3,0.4,0.4,0.1,0.4888995,49925,0.04186470511100634
0.6,0.8,0.8,0.2,0.4888995,49925,0.04186470511100634
0.3,0.6,0.7,0.3,0.48890448,49925,0.04014401149949748
0.5,0.9,0.9,0.8,0.48890552,49925,0.03944306748622113
0.5,0.9,0.8,0.7,0.48890585,49925,0.03981853292619522
0.2,0.7,0.1,0.6,0.48890913,49925,0.03498953172127171
0.3,0.7,0.5,0.7,0.48893124,49925,0.03855665533754287
0.4,0.8,0.6,0.5,0.4889458,49925,0.04013035371809726
0.6,0.9,0.9,0.3,0.48895073,49925,0.04143755069511067
0.4,0.6,0.6,0.2,0.48895073,49925,0.04143755069511067
0.2,0.3,0.3,0.1,0.48895073,49925,0.04143755069511067
0.2,0.5,0.7,0.5,0.4889528,49925,0.038072954893959114
0.4,0.6,0.5,0.2,0.48896304,49925,0.041574254653689774
0.5,0.8,0.8,0.1,0.48896542,49925,0.04205502866817633
0.5,0.9,0.7,0.4,0.48897135,49925,0.040960456188768174
0.3,0.7,0.5,0.6,0.4889782,49925,0.03900543858723016
0.2,0.5,0.8,0.5,0.48898682,49925,0.03793112425632534
0.2,0.5,0.9,0.2,0.48899558,49925,0.03902299987173093
0.3,0.6,0.8,0.1,0.48900297,49925,0.04085063560229426
0.3,0.6,0.7,0.2,0.489008,49925,0.04062654903244278
0.4,0.9,0.6,0.5,0.4890131,49925,0.04008117473225159
0.2,0.5,0.9,0.3,0.48902053,49925,0.03857808128103335
0.4,0.6,0.6,0.1,0.48902267,49925,0.04200490815434771
0.1,0.3,0.6,0.7,0.48902836,49925,0.03488540436312266
0.5,0.7,0.7,0.1,0.48904222,49925,0.04216665955707879
0.3,0.9,0.4,0.2,0.48904335,49925,0.040372523643504354
0.1,0.3,0.8,0.3,0.48905256,49925,0.03656457435160229
0.2,0.7,0.1,0.5,0.48905522,49925,0.03547192982859683
0.4,0.7,0.8,0.2,0.4890608,49925,0.04107594216153157
0.3,0.9,0.4,0.1,0.48906398,49925,0.04089620247073364
0.3,0.5,0.4,0.2,0.48906708,49925,0.04122440713337172
0.2,0.6,0.3,0.6,0.48906735,49925,0.037472694423824005
0.2,0.5,0.7,0.9,0.48907426,49925,0.03635573505057316
0.4,0.8,0.9,0.7,0.48908392,49925,0.039162557701891504
0.2,0.5,0.7,0.6,0.4890977,49925,0.03762532934518646
0.1,0.3,0.6,0.6,0.4891003,49925,0.03540255917481452
0.2,0.7,0.1,0.4,0.48911372,49925,0.0359757882934319
0.3,0.5,0.5,0.4,0.4891258,49925,0.03985089183616407
0.6,0.8,0.8,0.1,0.48912606,49925,0.04228492326742061
0.1,0.3,0.7,0.5,0.48912978,49925,0.03578313907206321
0.2,0.7,0.2,0.6,0.48913863,49925,0.0364349351091429
0.1,0.3,0.9,0.2,0.48914322,49925,0.036714099852922434
0.2,0.5,0.7,0.1,0.48914626,49925,0.040146271872956066
0.3,0.7,0.9,0.7,0.48915473,49925,0.038353067315727525
0.3,0.7,0.8,0.9,0.4891571,49925,0.037746154822516975
0.2,0.5,0.7,0.8,0.4891593,49925,0.036770370238467756
0.1,0.3,0.6,0.5,0.48916528,49925,0.03595924491027281
0.4,0.7,0.7,0.6,0.4891689,49925,0.03960187329416509
0.2,0.6,0.3,0.8,0.48916996,49925,0.036372194741160345
0.7,0.9,0.9,0.1,0.48918244,49925,0.04237038756313306
0.3,0.7,0.5,0.8,0.4891828,49925,0.0380926890443379
0.6,0.9,0.8,0.4,0.4892217,49925,0.041164616775802756
0.5,0.8,0.8,0.4,0.48922706,49925,0.04080968925778115
0.2,0.4,0.5,0.2,0.48924547,49925,0.04004082577322171
0.2,0.7,0.2,0.4,0.48924756,49925,0.0375310094343419
0.3,0.6,0.4,0.1,0.48925263,49925,0.04185214330642788
0.1,0.3,0.6,0.8,0.48929265,49925,0.03436594934231584
0.3,0.7,0.5,0.9,0.48929453,49925,0.03767062579699047
0.2,0.6,0.3,0.4,0.48930413,49925,0.03869028344633162
0.6,0.9,0.9,0.4,0.4893213,49925,0.04107608219139842
0.2,0.5,0.8,0.6,0.4893274,49925,0.03749351255251643
0.2,0.5,0.8,0.4,0.4893337,49925,0.0383752758123855
0.2,0.5,0.7,0.7,0.48934016,49925,0.037187005419967785
0.7,0.9,0.9,0.2,0.48934436,49925,0.041994635937121216
0.3,0.6,0.8,0.2,0.48936114,49925,0.04036825521897433
0.5,0.8,0.8,0.5,0.48937896,49925,0.04042588145171092
0.3,0.6,0.7,0.5,0.48938084,49925,0.03923386383404024
0.2,0.8,0.2,0.1,0.4894093,49925,0.03865989609551461
0.2,0.6,0.3,0.7,0.48941758,49925,0.03690628868657227
0.4,0.8,0.9,0.9,0.48942345,49925,0.03851620078802364
0.4,0.7,0.9,0.2,0.4894363,49925,0.04085957607401261
0.3,0.6,0.6,0.9,0.4894411,49925,0.03761032131503739
0.1,0.2,0.2,0.3,0.4894411,49925,0.03761032131503739
0.2,0.4,0.4,0.6,0.4894411,49925,0.03761032131503739
0.4,0.7,0.6,0.5,0.48945743,49925,0.04007031452689628
0.2,0.6,0.3,0.5,0.48946106,49925,0.038063649079912436
0.4,0.6,0.6,0.3,0.48946232,49925,0.04091033711820733
0.3,0.6,0.5,0.7,0.48947343,49925,0.03847927154674911
0.4,0.7,0.8,0.1,0.48947465,49925,0.041545169854294246
0.5,0.7,0.6,0.1,0.48947653,49925,0.04233598783087335
0.5,0.8,0.8,0.6,0.48948663,49925,0.040071266033434326
0.2,0.4,0.5,0.3,0.48951793,49925,0.03936481651423019
0.4,0.8,0.6,0.6,0.48953256,49925,0.03970051815972796
0.2,0.4,0.3,0.3,0.48953256,49925,0.03970051815972796
0.3,0.7,0.9,0.8,0.48954794,49925,0.03799455842282341
0.4,0.7,0.8,0.3,0.48955095,49925,0.04065194377878997
0.1,0.3,0.8,0.1,0.48955148,49925,0.03757168603225279
0.2,0.5,0.8,0.2,0.48955527,49925,0.03929019252127035
0.1,0.3,0.8,0.4,0.4895573,49925,0.03606122863452472
0.6,0.9,0.7,0.2,0.48957384,49925,0.04198892389500751
0.6,0.9,0.7,0.1,0.4895752,49925,0.04243029022799133
0.4,0.8,0.9,0.8,0.48957983,49925,0.03883318890636399
0.5,0.9,0.8,0.9,0.48958972,49925,0.03916980424339515
0.5,0.8,0.9,0.2,0.48959583,49925,0.04139018002884859
0.3,0.6,0.8,0.4,0.4895973,49925,0.039480714838509144
0.3,0.6,0.8,0.3,0.4895976,49925,0.03992522382238321
0.3,0.8,0.4,0.2,0.4896037,49925,0.040691151228071994
0.5,0.9,0.7,0.5,0.48960543,49925,0.04057777055108431
0.3,0.9,0.4,0.5,0.4896119,49925,0.0389303723503012
0.5,0.7,0.6,0.2,0.4896177,49925,0.04179422483400831
0.3,0.5,0.6,0.1,0.48962355,49925,0.0413462692928477
0.6,0.9,0.9,0.5,0.4896313,49925,0.040741444660193464
0.5,0.8,0.7,0.4,0.48963672,49925,0.04091128788844139
0.5,0.7,0.7,0.3,0.48963696,49925,0.041212597967472585
0.5,0.9,0.7,0.6,0.48964965,49925,0.0401960323357105
0.1,0.3,0.1,0.5,0.48965132,49925,0.034510076745848745
0.1,0.3,0.6,0.9,0.48965776,49925,0.03387714114041544
0.5,0.8,0.6,0.1,0.48966482,49925,0.042330381859028605
0.4,0.5,0.5,0.1,0.4896664,49925,0.042085023131923506
0.1,0.3,0.9,0.3,0.48966658,49925,0.03625785360714385
0.5,0.8,0.9,0.1,0.48969445,49925,0.04180551277484918
0.2,0.5,0.9,0.4,0.48969913,49925,0.0381423760493576
0.5,0.9,0.8,0.8,0.489702,49925,0.03949077098642924
0.4,0.7,0.7,0.7,0.48972517,49925,0.039202471532918254
0.2,0.5,0.8,0.3,0.48975283,49925,0.038830069186330224
0.6,0.8,0.9,0.2,0.48977768,49925,0.041660560520557305
0.3,0.9,0.4,0.3,0.4897841,49925,0.03988356417586405
0.3,0.6,0.4,0.2,0.4897867,49925,0.04116937235775871
0.5,0.8,0.6,0.2,0.4897952,49925,0.04181150095957744
0.5,0.8,0.8,0.7,0.48979583,49925,0.03970923655609195
0.1,0.3,0.9,0.1,0.48979923,49925,0.03716579279849091
0.5,0.9,0.9,0.9,0.48980346,49925,0.03913748817543827
0.4,0.7,0.8,0.4,0.48980755,49925,0.040243075056639474
0.2,0.7,0.2,0.2,0.4898157,49925,0.038680707435869
0.1,0.3,0.1,0.9,0.4898163,49925,0.03137091210917328
0.2,0.5,0.8,0.8,0.48981676,49925,0.036664955590925884
0.4,0.7,0.7,0.8,0.48982075,49925,0.03881356134068366
0.4,0.7,0.5,0.1,0.4898324,49925,0.042166830151224
0.2,0.7,0.1,0.1,0.48985186,49925,0.03732744517881049
0.6,0.8,0.7,0.2,0.48985362,49925,0.04196697097695864
0.3,0.6,0.7,0.6,0.48986754,49925,0.03879683731393669
0.4,0.7,0.5,0.2,0.48988143,49925,0.041576157600600974
0.5,0.8,0.9,0.3,0.48988244,49925,0.0410215645830751
0.4,0.6,0.6,0.4,0.48988435,49925,0.04041934465587869
0.6,0.9,0.9,0.6,0.48988435,49925,0.04041934465587869
0.2,0.3,0.3,0.2,0.48988435,49925,0.04041934465587869
0.4,0.9,0.6,0.6,0.4898883,49925,0.03968255475852657
0.2,0.5,0.3,0.3,0.4898942,49925,0.039620699556282585
0.2,0.4,0.4,0.8,0.48990855,49925,0.036475885740144494
0.1,0.2,0.2,0.4,0.48990855,49925,0.036475885740144494
0.5,0.7,0.8,0.2,0.4899107,49925,0.041464718094982325
0.1,0.3,0.9,0.4,0.4899162,49925,0.035800815778277775
0.3,0.5,0.5,0.5,0.4899397,49925,0.03929494015472853
0.1,0.3,0.7,0.7,0.48995346,49925,0.034781896150487074
0.4,0.7,0.9,0.1,0.48996282,49925,0.0412596983697486
0.2,0.4,0.4,0.7,0.48996305,49925,0.03703000922227979
0.4,0.7,0.6,0.6,0.48997796,49925,0.039650239138699014
0.2,0.7,0.2,0.5,0.48998955,49925,0.036976847861238726
0.2,0.5,0.8,0.7,0.48999053,49925,0.037075250631912984
0.2,0.7,0.1,0.2,0.49,49925,0.03690060096415085
0.1,0.3,0.7,0.8,0.49000221,49925,0.034307398167696526
0.1,0.3,0.8,0.6,0.49000958,49925,0.03512131124812977
0.2,0.5,0.3,0.4,0.49002394,49925,0.03889054317211712
0.3,0.9,0.4,0.7,0.490035,49925,0.038049168618061506
0.2,0.5,0.3,0.6,0.4900496,49925,0.03754866674898969
0.3,0.7,0.9,0.9,0.4900586,49925,0.037675613107825585
0.5,0.7,0.8,0.1,0.49005917,49925,0.04193069579466397
0.3,0.9,0.4,0.6,0.49006328,49925,0.03846199405900715
0.2,0.7,0.1,0.3,0.49007004,49925,0.03645085958826091
0.4,0.7,0.8,0.6,0.49008983,49925,0.039492015308217755
0.6,0.9,0.7,0.3,0.49009424,49925,0.04157059885396707
0.3,0.8,0.4,0.1,0.4900945,49925,0.04128349617103143
0.2,0.6,0.1,0.9,0.49010068,49925,0.03360664055409382
0.2,0.6,0.3,0.9,0.4901087,49925,0.03586782499152237
0.6,0.9,0.8,0.5,0.49012432,49925,0.040819213304788805
0.3,0.6,0.8,0.5,0.49012795,49925,0.03906406957500045
0.1,0.3,0.8,0.5,0.49012876,49925,0.03558733609146948
0.6,0.8,0.8,0.3,0.49013788,49925,0.041455282181082534
0.2,0.6,0.2,0.9,0.49014175,49925,0.03500446610453458
0.3,0.9,0.4,0.4,0.4901425,49925,0.03940316388186251
0.2,0.5,0.9,0.5,0.4901526,49925,0.037746118565441335
0.2,0.4,0.6,0.1,0.49019027,49925,0.04035507142581419
0.2,0.5,0.8,0.9,0.4901911,49925,0.03629149198927393
0.5,0.8,0.9,0.4,0.49019992,49925,0.040650757554409285
0.1,0.3,0.9,0.5,0.4902121,49925,0.0353628036223615
0.3,0.6,0.9,0.3,0.49021292,49925,0.039690176677044775
0.2,0.4,0.6,0.2,0.49021292,49925,0.03969017667704477
0.1,0.2,0.3,0.1,0.49021292,49925,0.03969017667704477
0.6,0.8,0.7,0.1,0.4902189,49925,0.042431303316025376
0.6,0.8,0.9,0.1,0.49021947,49925,0.04205602058607552
0.2,0.6,0.1,0.8,0.49023262,49925,0.034114467471647515
0.6,0.8,0.9,0.3,0.49023718,49925,0.04127666254794175
0.5,0.6,0.6,0.1,0.49024916,49925,0.042213994637802316
0.1,0.3,0.8,0.7,0.49027827,49925,0.03467707443813789
0.3,0.6,0.9,0.2,0.49028146,49925,0.04012157320979172
0.7,0.9,0.8,0.3,0.49029154,49925,0.04170071525736727
0.3,0.5,0.7,0.1,0.4903001,49925,0.04099740865449848
0.4,0.9,0.6,0.9,0.4903002,49925,0.03856571658099405
0.2,0.5,0.3,0.7,0.49030352,49925,0.03692666935184214
0.4,0.6,0.7,0.2,0.49030972,49925,0.04118924871079178
0.4,0.7,0.6,0.7,0.49031153,49925,0.03922427831073424
0.5,0.7,0.6,0.3,0.49033695,49925,0.041312536252336544
0.5,0.8,0.7,0.6,0.49036488,49925,0.04013175326990464
0.7,0.9,0.9,0.3,0.49036926,49925,0.04163300588120623
0.2,0.5,0.3,0.5,0.49037254,49925,0.03819014059021713
0.1,0.3,0.1,0.8,0.49037862,49925,0.03203832080995813
0.3,0.5,0.6,0.2,0.49038973,49925,0.040768065275205524
0.6,0.7,0.8,0.2,0.49040136,49925,0.04165040443655551
0.4,0.6,0.7,0.1,0.49040404,49925,0.04169200837606279
0.5,0.6,0.6,0.2,0.4904329,49925,0.04167604056744717
0.3,0.6,0.9,0.1,0.49043426,49925,0.04058761481297787
0.5,0.8,0.7,0.5,0.4904493,49925,0.04050474806691564
0.1,0.3,0.1,0.6,0.4904508,49925,0.03360859860971604
0.4,0.7,0.6,0.8,0.49045196,49925,0.03880805064840193
0.3,0.6,0.5,0.8,0.49045295,49925,0.03801311227566674
0.3,0.7,0.4,0.1,0.49046034,49925,0.041605731544797284
0.5,0.8,0.9,0.6,0.49046427,49925,0.03995966511790682
0.6,0.9,0.9,0.7,0.49047434,49925,0.04009838050524478
0.3,0.6,0.7,0.7,0.49048093,49925,0.03837571900045399
0.1,0.3,0.1,0.7,0.4904814,49925,0.03278964739991667
0.1,0.3,0.7,0.6,0.49048746,49925,0.035277154585388715
0.4,0.8,0.6,0.7,0.49048847,49925,0.03928535597822308
0.3,0.6,0.7,0.9,0.49049026,49925,0.037585199754034265
0.2,0.6,0.1,0.7,0.49049598,49925,0.034620794514602725
0.5,0.8,0.9,0.5,0.49050993,49925,0.04028880131172814
0.2,0.5,0.9,0.6,0.49051228,49925,0.03734077787549511
0.7,0.9,0.9,0.4,0.49052268,49925,0.0412618773172867
0.3,0.6,0.4,0.3,0.4905241,49925,0.040525327769920995
0.4,0.6,0.5,0.3,0.4905277,49925,0.04100725434368846
0.5,0.6,0.7,0.2,0.49053314,49925,0.04145807657320173
0.6,0.8,0.8,0.4,0.49054152,49925,0.04106323344772368
0.3,0.4,0.4,0.2,0.49054152,49925,0.04106323344772368
0.2,0.4,0.5,0.4,0.49056068,49925,0.03872562323966341
0.2,0.5,0.9,0.7,0.49056184,49925,0.03696431883146749
0.3,0.8,0.4,0.3,0.49056482,49925,0.0401369424728837
0.4,0.9,0.6,0.8,0.49056518,49925,0.03892430966809945
0.3,0.5,0.4,0.3,0.4905665,49925,0.04054224867902094
0.6,0.7,0.7,0.1,0.49056906,49925,0.042294763944225724
0.3,0.6,0.5,0.9,0.49057242,49925,0.037570641408432796
0.2,0.6,0.2,0.8,0.4905917,49925,0.03550091679227208
0.1,0.3,0.1,0.4,0.4905917,49925,0.03550091679227208
0.3,0.7,0.4,0.3,0.49060312,49925,0.040373208432511035
0.4,0.7,0.7,0.9,0.4906155,49925,0.03844985761829626
0.5,0.7,0.8,0.3,0.49061626,49925,0.04103952547650939
0.3,0.6,0.7,0.8,0.49061847,49925,0.03797546696176542
0.4,0.7,0.8,0.5,0.4906197,49925,0.039869013412278505
0.5,0.7,0.7,0.4,0.49063092,49925,0.04079304402157946
0.5,0.8,0.6,0.3,0.49065968,49925,0.04135318458723375
0.5,0.8,0.8,0.8,0.49066105,49925,0.039369654228697384
0.7,0.9,0.8,0.2,0.49066436,49925,0.04208215330555566
0.3,0.6,0.8,0.6,0.49068195,49925,0.0386585540401479
0.6,0.7,0.8,0.1,0.4906846,49925,0.04208923175641282
0.7,0.8,0.9,0.2,0.49068478,49925,0.0417969205546337
0.3,0.9,0.2,0.4,0.4906875,49925,0.03770725170068944
0.2,0.4,0.5,0.9,0.49068972,49925,0.03600719245795805
0.6,0.8,0.7,0.3,0.49069044,49925,0.04152946477953521
0.6,0.8,0.9,0.4,0.4907005,49925,0.040925255019175294
0.1,0.3,0.9,0.6,0.4907162,49925,0.03495514113706811
0.2,0.4,0.3,0.4,0.490726,49925,0.03889714371708508
0.4,0.8,0.6,0.8,0.490726,49925,0.03889714371708508
0.5,0.9,0.6,0.1,0.49073672,49925,0.04223630442921382
0.4,0.7,0.9,0.3,0.49074793,49925,0.040456320083757547
0.4,0.9,0.6,0.7,0.49075648,49925,0.039302537763188344
0.2,0.5,0.9,0.8,0.49077246,49925,0.03659042786714111
0.4,0.7,0.8,0.7,0.49077857,49925,0.039107451988438555
0.4,0.5,0.6,0.1,0.49078533,49925,0.04176098998049844
0.7,0.8,0.8,0.2,0.4907858,49925,0.041949623655440374
0.5,0.9,0.7,0.7,0.49080747,49925,0.039816236679391034
0.3,0.8,0.4,0.7,0.49081516,49925,0.03818343817406093
0.2,0.4,0.5,0.7,0.4908209,49925,0.03701510609776589
0.4,0.6,0.6,0.5,0.49082097,49925,0.03993527039885287
0.4,0.7,0.8,0.8,0.49082726,49925,0.038752226192644304
0.4,0.5,0.6,0.2,0.49083585,49925,0.0411713134774417
0.3,0.9,0.4,0.9,0.49084812,49925,0.03724026751347242
0.2,0.4,0.4,0.9,0.4908482,49925,0.03593713245129417
0.2,0.6,0.2,0.7,0.49087644,49925,0.036043039022365594
0.4,0.8,0.6,0.9,0.4908871,49925,0.03852242334323944
0.7,0.9,0.8,0.1,0.49091956,49925,0.042485916353762636
0.6,0.9,0.8,0.6,0.49092135,49925,0.040479830356066906
0.3,0.9,0.4,0.8,0.49092352,49925,0.0376336217788655
0.6,0.7,0.7,0.2,0.49093324,49925,0.04183257999191114
0.4,0.5,0.5,0.2,0.4909546,49925,0.04143245486300558
0.3,0.5,0.5,0.6,0.49095953,49925,0.038760144700159566
0.1,0.3,0.7,0.9,0.4909621,49925,0.03386709583602614
0.3,0.5,0.8,0.1,0.49096215,49925,0.040677279281787986
0.2,0.4,0.5,0.8,0.49096683,49925,0.03649693213427731
0.7,0.8,0.8,0.1,0.49097073,49925,0.04235921767009986
0.5,0.8,0.9,0.8,0.49097404,49925,0.0393035714003187
0.2,0.4,0.6,0.3,0.49097842,49925,0.039065387281749554
0.2,0.4,0.7,0.1,0.4909857,49925,0.0399453893379307
0.8,0.9,0.9,0.1,0.49098778,49925,0.042403083612187795
0.5,0.7,0.8,0.4,0.4910277,49925,0.0406449817107359
0.6,0.9,0.7,0.4,0.49102908,49925,0.041187380858465204
0.2,0.5,0.3,0.9,0.49103305,49925,0.03579390244820342
0.2,0.4,0.5,0.5,0.49103332,49925,0.038119719509866146
0.7,0.8,0.9,0.1,0.49103874,49925,0.04218934377637249
0.2,0.5,0.9,0.9,0.49104127,49925,0.036216616015538904
0.3,0.5,0.6,0.3,0.49104682,49925,0.040184473823161836
0.3,0.4,0.5,0.1,0.4910617,49925,0.041457541039180416
0.1,0.3,0.8,0.8,0.4910679,49925,0.03424123299059358
0.3,0.6,0.9,0.5,0.49107087,49925,0.038880187236213476
0.2,0.5,0.3,0.8,0.49107322,49925,0.036346134705655196
0.4,0.7,0.8,0.9,0.4910761,49925,0.03840397310725865
0.2,0.6,0.1,0.5,0.4910813,49925,0.03572458384113411
0.6,0.7,0.8,0.3,0.49109992,49925,0.04123739397486843
0.3,0.5,0.6,0.4,0.49110645,49925,0.03967347760634112
0.1,0.3,0.9,0.7,0.49110895,49925,0.03454049126005359
0.5,0.9,0.6,0.2,0.49111286,49925,0.04176273180313251
0.2,0.7,0.2,0.1,0.49111402,49925,0.039275056666234945
0.2,0.6,0.2,0.6,0.49111956,49925,0.03660730884777792
0.3,0.9,0.3,0.9,0.49111956,49925,0.03660730884777793
0.1,0.3,0.1,0.3,0.49111956,49925,0.03660730884777792
0.4,0.8,0.5,0.1,0.49112424,49925,0.04199752474858549
0.3,0.6,0.9,0.4,0.49113187,49925,0.03927187351066093
0.5,0.7,0.9,0.2,0.49113962,49925,0.04124868750965674
0.4,0.6,0.8,0.1,0.49115056,49925,0.041403622538949934
0.5,0.7,0.6,0.4,0.49115545,49925,0.040847463361054936
0.4,0.8,0.5,0.2,0.49115652,49925,0.041471133102965706
0.4,0.7,0.5,0.4,0.49115828,49925,0.040527034287083506
0.5,0.8,0.9,0.9,0.4911671,49925,0.0389871515972636
0.4,0.7,0.9,0.4,0.4911717,49925,0.04007086307834345
0.5,0.8,0.7,0.7,0.49118495,49925,0.03975606860016651
0.1,0.2,0.4,0.1,0.4911857,49925,0.0390454709223622
0.2,0.4,0.8,0.2,0.4911857,49925,0.0390454709223622
0.5,0.6,0.7,0.1,0.491186,49925,0.041956923608579125
0.3,0.5,0.5,0.7,0.49120587,49925,0.03826290271225915
0.5,0.9,0.7,0.8,0.49121565,49925,0.039483863393118185
0.2,0.6,0.1,0.6,0.4912343,49925,0.03517089974944976
0.3,0.9,0.1,0.9,0.4912534,49925,0.03434150130787402
0.4,0.8,0.5,0.3,0.49125412,49925,0.040964278386399496
0.1,0.2,0.2,0.5,0.4912566,49925,0.035434903485733915
0.4,0.6,0.7,0.4,0.49126348,49925,0.04025108235372982
0.4,0.6,0.8,0.2,0.49127272,49925,0.040932725662432314
0.2,0.3,0.4,0.1,0.49127272,49925,0.040932725662432314
0.4,0.7,0.5,0.3,0.49127778,49925,0.04104006709761749
0.5,0.9,0.6,0.3,0.49128312,49925,0.04132449346559369
0.2,0.6,0.2,0.3,0.4912901,49925,0.038500193116714654
0.5,0.8,0.9,0.7,0.4912917,49925,0.03962016399809447
0.8,0.9,0.9,0.2,0.49129373,49925,0.04203736624809447
0.3,0.8,0.4,0.6,0.49129513,49925,0.03864183078253996
0.2,0.6,0.2,0.5,0.4913122,49925,0.03720188620103857
0.2,0.4,0.9,0.2,0.4913233,49925,0.0387563027928716
0.2,0.4,0.5,0.6,0.49133193,49925,0.03753917248693948
0.3,0.5,0.4,0.4,0.49134272,49925,0.03988319820265321
0.3,0.7,0.4,0.4,0.4913466,49925,0.03981010658794288
0.3,0.9,0.3,0.8,0.49134803,49925,0.03700203167423389
0.2,0.4,0.9,0.3,0.49134883,49925,0.03827966459605343
0.6,0.9,0.8,0.7,0.4913699,49925,0.04014008228676928
0.5,0.9,0.7,0.9,0.49137503,49925,0.03913145741318471
0.2,0.4,0.9,0.1,0.4913762,49925,0.039243908434069004
0.5,0.7,0.9,0.1,0.49137625,49925,0.04166266170052801
0.5,0.7,0.7,0.5,0.49138752,49925,0.04037462918454026
0.2,0.6,0.1,0.4,0.49139246,49925,0.03629654997405133
0.4,0.6,0.6,0.6,0.4913932,49925,0.03948480239760277
0.2,0.3,0.3,0.3,0.4913932,49925,0.03948480239760277
0.6,0.9,0.9,0.9,0.4913932,49925,0.03948480239760277
0.2,0.4,0.8,0.1,0.49139643,49925,0.03958011524896049
0.3,0.9,0.3,0.3,0.4913972,49925,0.039202426960641384
0.1,0.3,0.1,0.1,0.4913972,49925,0.03920242696064139
0.2,0.6,0.2,0.2,0.4913972,49925,0.03920242696064139
0.4,0.6,0.7,0.3,0.4914065,49925,0.04071633126504277
0.6,0.8,0.7,0.4,0.49142477,49925,0.04112567892816576
0.7,0.8,0.9,0.3,0.49142486,49925,0.04143588538770266
0.5,0.6,0.8,0.2,0.49143,49925,0.04121751898380044
0.4,0.9,0.5,0.3,0.49143556,49925,0.0407895611311733
0.3,0.8,0.4,0.4,0.49144942,49925,0.039617704836731875
0.2,0.4,0.6,0.7,0.4914964,49925,0.03691916006806512
0.4,0.6,0.7,0.6,0.49149886,49925,0.03938673390797042
0.3,0.7,0.4,0.2,0.4915061,49925,0.040962214187829374
0.1,0.3,0.9,0.8,0.49152642,49925,0.034138538044217924
0.4,0.7,0.6,0.9,0.49152693,49925,0.038422833008521416
0.5,0.8,0.8,0.9,0.49152765,49925,0.039035200426634734
0.3,0.8,0.4,0.8,0.49154025,49925,0.03774028043333963
0.3,0.9,0.3,0.7,0.49154294,49925,0.037417962006227615
0.4,0.7,0.9,0.5,0.49154502,49925,0.039693084973520844
0.3,0.9,0.3,0.5,0.4915488,49925,0.03827937511365576
0.3,0.9,0.2,0.7,0.49157608,49925,0.0365171911078553
0.4,0.6,0.9,0.1,0.49157774,49925,0.04112288766119728
0.5,0.7,0.8,0.5,0.49159625,49925,0.04024868758688687
0.3,0.6,0.8,0.7,0.49160448,49925,0.03825686459010351
0.6,0.7,0.9,0.2,0.4916108,49925,0.041435216606911525
0.3,0.8,0.4,0.9,0.4916156,49925,0.03731053104797581
0.3,0.9,0.2,0.8,0.49162814,49925,0.03613407003161852
0.2,0.4,0.7,0.2,0.49163595,49925,0.03936033704213158
0.2,0.4,0.9,0.4,0.4916364,49925,0.03782145028653778
0.3,0.5,0.7,0.2,0.4916403,49925,0.04047296610182186
0.6,0.9,0.9,0.8,0.49164367,49925,0.039783429870634664
0.8,0.8,0.9,0.1,0.49164566,49925,0.042199701352293235
0.5,0.8,0.6,0.4,0.4916568,49925,0.04090495798856493
0.6,0.8,0.9,0.5,0.49167386,49925,0.040572109544043576
0.3,0.5,0.6,0.6,0.49167472,49925,0.03868081988743116
0.4,0.6,0.5,0.4,0.49168128,49925,0.0404770029059553
0.4,0.9,0.5,0.4,0.49168217,49925,0.04033388486015012
0.2,0.4,0.3,0.6,0.49168706,49925,0.03745586457751779
0.2,0.6,0.1,0.3,0.49168718,49925,0.03686009023457993
0.4,0.8,0.5,0.4,0.4916885,49925,0.0404804708120342
0.7,0.7,0.8,0.1,0.49170414,49925,0.04211922661060616
0.4,0.8,0.5,0.5,0.49170613,49925,0.03999154317177838
0.3,0.6,0.8,0.8,0.4917082,49925,0.03788012966359972
0.5,0.6,0.7,0.3,0.49171615,49925,0.0409795285675772
0.3,0.8,0.4,0.5,0.49172643,49925,0.03912469398753721
0.7,0.9,0.9,0.5,0.49174267,49925,0.04091781990973075
0.2,0.4,0.6,0.9,0.49174333,49925,0.03599530460061348
0.4,0.6,0.7,0.5,0.491744,49925,0.03980077167452018
0.7,0.9,0.8,0.4,0.49174607,49925,0.04133224993472305
0.2,0.6,0.1,0.2,0.49175188,49925,0.037408483394656224
0.3,0.9,0.2,0.9,0.49176288,49925,0.035748576517102025
0.4,0.9,0.5,0.2,0.49176705,49925,0.041274772662579465
0.2,0.4,0.3,0.5,0.49177194,49925,0.038166123912803426
0.3,0.6,0.9,0.6,0.49177232,49925,0.03850578191364375
0.1,0.2,0.3,0.2,0.49177232,49925,0.03850578191364375
0.2,0.4,0.6,0.4,0.49177232,49925,0.03850578191364375
0.3,0.9,0.3,0.4,0.4917776,49925,0.03872579596737693
0.8,0.8,0.9,0.2,0.49178833,49925,0.04183423464687551
0.1,0.2,0.3,0.7,0.49182272,49925,0.03400274073808334
0.4,0.9,0.5,0.1,0.49182922,49925,0.041781118113459276
0.2,0.4,0.6,0.8,0.49183154,49925,0.03645825127662944
0.1,0.2,0.3,0.4,0.49183154,49925,0.03645825127662944
0.3,0.9,0.3,0.6,0.49183783,49925,0.037840676831376006
0.1,0.3,0.1,0.2,0.49183783,49925,0.03784067683137601
0.2,0.6,0.2,0.4,0.49183783,49925,0.03784067683137601
0.3,0.6,0.4,0.4,0.49183917,49925,0.0399195458898292
0.1,0.2,0.3,0.6,0.49185088,49925,0.03476487198629182
0.6,0.7,0.9,0.1,0.491851,49925,0.041873529966105105
0.3,0.5,0.6,0.7,0.49185959,49925,0.03821863435823364
0.3,0.6,0.8,0.9,0.4918611,49925,0.037511048263687674
0.3,0.6,0.4,0.5,0.4918649,49925,0.039327193655153365
0.1,0.3,0.8,0.9,0.4918673,49925,0.03382671367850526
0.6,0.8,0.8,0.5,0.49186742,49925,0.04067832749034819
0.3,0.4,0.5,0.2,0.49188286,49925,0.04076993820032469
0.4,0.7,0.9,0.6,0.49190098,49925,0.039348152242182674
0.5,0.7,0.9,0.3,0.4919116,49925,0.04084123393329689
0.2,0.6,0.1,0.1,0.49192205,49925,0.03793510464172672
0.6,0.7,0.7,0.3,0.49192524,49925,0.0413857494165439
0.5,0.6,0.8,0.1,0.49192563,49925,0.041696695231170325
0.1,0.2,0.3,0.5,0.49193883,49925,0.03556488819969477
0.8,0.9,0.9,0.3,0.49194232,49925,0.04168869883527203
0.5,0.9,0.6,0.4,0.4919456,49925,0.040893298489111
0.5,0.5,0.6,0.1,0.49194708,49925,0.04188248328473879
0.2,0.4,0.6,0.5,0.49196073,49925,0.0379548711721148
0.4,0.7,0.5,0.5,0.49196097,49925,0.04003015069541354
0.3,0.6,0.9,0.7,0.4919691,49925,0.03813702449165187
0.5,0.8,0.7,0.8,0.49197388,49925,0.03938438585628071
0.6,0.7,0.8,0.4,0.49197462,49925,0.04084588061167098
0.1,0.2,0.5,0.1,0.49197862,49925,0.038467342936580905
0.6,0.6,0.7,0.1,0.4919811,49925,0.04201710169640208
0.4,0.6,0.7,0.7,0.49198902,49925,0.03898317832807647
0.7,0.8,0.9,0.4,0.4919961,49925,0.041084760870306686
0.2,0.4,0.7,0.3,0.4920097,49925,0.03881676013683526
0.7,0.8,0.8,0.3,0.49202076,49925,0.041561528127490595
0.5,0.7,0.8,0.6,0.49202332,49925,0.039886115690240274
0.4,0.6,0.9,0.2,0.49203396,49925,0.040684186868012846
0.5,0.7,0.8,0.7,0.49203703,49925,0.0395209363711146
0.6,0.8,0.9,0.8,0.49205035,49925,0.0395982945635762
0.3,0.5,0.6,0.5,0.4920547,49925,0.039171348510931014
0.3,0.9,0.2,0.3,0.492059,49925,0.03812693917106529
0.6,0.9,0.8,0.8,0.49207196,49925,0.03981256346557443
0.3,0.7,0.4,0.7,0.492075,49925,0.03825904806561709
0.3,0.5,0.6,0.9,0.49207962,49925,0.03732047693984797
0.3,0.9,0.2,0.5,0.49208018,49925,0.037286420418148135
0.3,0.7,0.4,0.9,0.49209386,49925,0.0373307711116035
0.3,0.7,0.4,0.5,0.49209395,49925,0.0392579958059542
0.3,0.7,0.4,0.8,0.4920999,49925,0.037797358017343734
0.3,0.9,0.3,0.2,0.4921027,49925,0.03967239152650176
0.1,0.3,0.9,0.9,0.49210754,49925,0.03373665608169452
0.3,0.5,0.8,0.2,0.49212825,49925,0.04018447100265794
0.4,0.6,0.6,0.7,0.49214333,49925,0.039041369074573735
0.6,0.7,0.9,0.3,0.49214816,49925,0.04105187088305496
0.4,0.9,0.5,0.5,0.49215776,49925,0.03989663666911577
0.3,0.7,0.4,0.6,0.4921614,49925,0.03875124666259531
0.3,0.9,0.1,0.6,0.49217278,49925,0.0354020018722456
0.3,0.9,0.2,0.6,0.49217573,49925,0.036903961152750756
0.6,0.6,0.7,0.2,0.49218118,49925,0.0415653956925998
0.1,0.2,0.4,0.2,0.4921841,49925,0.038068424435362874
0.2,0.4,0.8,0.4,0.4921841,49925,0.038068424435362874
0.3,0.5,0.7,0.3,0.49219042,49925,0.03994548813185866
0.5,0.7,0.7,0.7,0.49222127,49925,0.039603378907383094
0.6,0.8,0.9,0.6,0.4922256,49925,0.0402490747921777
0.2,0.4,0.8,0.3,0.49222696,49925,0.038542475276790736
0.5,0.6,0.6,0.3,0.4922343,49925,0.04115825810228088
0.3,0.9,0.1,0.8,0.49223495,49925,0.034690591631325304
0.4,0.6,0.7,0.8,0.49223632,49925,0.03859230590734791
0.7,0.7,0.8,0.2,0.49225432,49925,0.04172037618135401
0.3,0.6,0.4,0.6,0.49225864,49925,0.03876433496326149
0.5,0.9,0.6,0.5,0.49227083,49925,0.04048990669550375
0.4,0.6,0.8,0.3,0.49228504,49925,0.04048620282509681
0.4,0.7,0.9,0.8,0.49229658,49925,0.03866390928294325
0.6,0.7,0.6,0.1,0.49231023,49925,0.04238793847204977
0.8,0.9,0.8,0.1,0.49231178,49925,0.0424638353731249
0.7,0.8,0.7,0.2,0.4923151,49925,0.04200775142095141
0.4,0.5,0.7,0.1,0.49233228,49925,0.041449354914464366
0.1,0.2,0.5,0.2,0.49233258,49925,0.03759320659589817
0.5,0.5,0.6,0.2,0.4923351,49925,0.04134055128260304
0.3,0.4,0.6,0.1,0.49235833,49925,0.04107287101358431
0.1,0.2,0.2,0.6,0.49236444,49925,0.034486806630459416
0.3,0.5,0.9,0.1,0.49237642,49925,0.04035571815927568
0.4,0.4,0.5,0.1,0.49239004,49925,0.04168533386765091
0.3,0.9,0.1,0.7,0.49239132,49925,0.03504894291989256
0.5,0.8,0.6,0.5,0.49240643,49925,0.04048351691665575
0.4,0.7,0.9,0.7,0.4924152,49925,0.03900021690294393
0.7,0.7,0.8,0.3,0.49243402,49925,0.04130947560074342
0.4,0.7,0.9,0.9,0.49243525,49925,0.03832879550594118
0.2,0.6,0.2,0.1,0.4924462,49925,0.039915281333067494
0.8,0.9,0.9,0.4,0.49244696,49925,0.041351211111539235
0.5,0.6,0.7,0.4,0.49245265,49925,0.040544769617690775
0.4,0.5,0.6,0.3,0.49245638,49925,0.040648875284795
0.3,0.5,0.6,0.8,0.4924569,49925,0.037751167927939734
0.3,0.5,0.4,0.5,0.49246374,49925,0.039277404398940195
0.6,0.8,0.9,0.7,0.49246514,49925,0.03992336997561172
0.6,0.6,0.6,0.1,0.49246782,49925,0.042172429475612595
0.3,0.6,0.9,0.8,0.4924714,49925,0.037781214724955076
0.8,0.8,0.9,0.3,0.4924874,49925,0.041484317454277476
0.3,0.9,0.3,0.1,0.49248824,49925,0.04016563720082844
0.2,0.4,0.6,0.6,0.49250108,49925,0.03743624849560143
0.3,0.6,0.9,0.9,0.49250108,49925,0.03743624849560143
0.1,0.2,0.3,0.3,0.49250108,49925,0.03743624849560143
0.4,0.5,0.4,0.1,0.49251053,49925,0.042183886800665725
0.5,0.7,0.7,0.6,0.49251208,49925,0.03998204922989586
0.4,0.5,0.7,0.2,0.4925127,49925,0.04091774184558441
0.8,0.8,0.8,0.1,0.49253547,49925,0.04231770832508637
0.5,0.8,0.7,0.9,0.49255732,49925,0.039028991049990365
0.7,0.9,0.9,0.6,0.49256134,49925,0.04061007423265686
0.9,0.9,0.9,0.1,0.49257174,49925,0.04236172726360162
0.1,0.2,0.3,0.8,0.49257767,49925,0.03331304962517377
0.8,0.9,0.8,0.2,0.49258366,49925,0.04209294790806722
0.5,0.6,0.5,0.1,0.49258476,49925,0.04231599298954782
0.6,0.9,0.7,0.5,0.4925856,49925,0.04079210282345877
0.7,0.9,0.8,0.5,0.49262482,49925,0.04098182157256283
0.6,0.7,0.6,0.2,0.49262682,49925,0.041885490051486875
0.5,0.7,0.8,0.8,0.4926313,49925,0.03917449455977188
0.6,0.8,0.8,0.6,0.4926327,49925,0.04034932821942203
0.3,0.4,0.4,0.3,0.4926327,49925,0.04034932821942203
0.3,0.9,0.2,0.2,0.49264705,49925,0.03852362425783024
0.4,0.7,0.5,0.6,0.492648,49925,0.0395567581984842
0.3,0.9,0.1,0.5,0.49267522,49925,0.03574085196065803
0.5,0.7,0.5,0.2,0.4926753,49925,0.04176006102216488
0.7,0.8,0.9,0.5,0.4926832,49925,0.04074198557028903
0.5,0.9,0.6,0.6,0.49268913,49925,0.04009413736290791
0.4,0.5,0.5,0.3,0.4927096,49925,0.040820011673698205
0.6,0.6,0.7,0.3,0.492713,49925,0.0411139949721401
0.3,0.5,0.5,0.8,0.49271375,49925,0.03776694319237109
0.1,0.2,0.6,0.2,0.492717,49925,0.037169430138368195
0.6,0.8,0.7,0.5,0.49272546,49925,0.04072274532795323
0.5,0.5,0.5,0.1,0.49273172,49925,0.042080381766667785
0.2,0.4,0.9,0.5,0.49273643,49925,0.037412597941378224
0.2,0.4,0.3,0.7,0.49273694,49925,0.036789130752127176
0.4,0.6,0.8,0.5,0.49274012,49925,0.03964693860528575
0.5,0.7,0.9,0.5,0.49275488,49925,0.04009792962487
0.6,0.8,0.8,0.7,0.49276024,49925,0.040001787970648205
0.4,0.9,0.5,0.6,0.4927609,49925,0.03946426023276943
0.7,0.9,0.9,0.7,0.49276978,49925,0.04029966032354944
0.7,0.8,0.7,0.1,0.49277318,49925,0.042433688766248666
0.6,0.8,0.6,0.1,0.49277425,49925,0.04243177462798166
0.7,0.7,0.7,0.1,0.4927776,49925,0.04225952702352242
0.6,0.8,0.8,0.9,0.4927912,49925,0.039334403798770616
0.9,0.9,0.9,0.2,0.49279377,49925,0.04201259558363993
0.8,0.8,0.8,0.2,0.49279624,49925,0.041929353299014774
0.4,0.4,0.4,0.1,0.49279624,49925,0.041929353299014774
0.9,0.8,0.9,0.1,0.49280104,49925,0.04216774612909918
0.2,0.4,0.7,0.5,0.49280566,49925,0.037791137590780524
0.3,0.8,0.1,0.9,0.4928167,49925,0.03442116765364534
0.4,0.8,0.5,0.7,0.49281773,49925,0.039099496248623994
0.5,0.7,0.7,0.8,0.4928398,49925,0.03922050804109603
0.3,0.5,0.8,0.3,0.49284184,49925,0.039696688400334294
0.6,0.8,0.9,0.9,0.49284387,49925,0.03930638777185749
0.5,0.7,0.9,0.4,0.49285612,49925,0.04046790152452524
0.4,0.6,0.5,0.5,0.49286905,49925,0.03996433353810974
0.7,0.7,0.9,0.1,0.4928718,49925,0.04191738390814658
0.4,0.6,0.7,0.9,0.49288493,49925,0.03821033907624504
0.2,0.3,0.4,0.2,0.49289027,49925,0.040054111257832786
0.4,0.6,0.8,0.4,0.49289027,49925,0.040054111257832786
0.7,0.8,0.8,0.4,0.4928949,49925,0.04117456573859761
0.6,0.9,0.8,0.9,0.49290225,49925,0.039490718466255674
0.3,0.4,0.5,0.3,0.49290264,49925,0.040129329979579215
0.7,0.9,0.7,0.1,0.49290574,49925,0.04249596563543809
0.3,0.5,0.7,0.4,0.49290824,49925,0.039462138788207216
0.3,0.4,0.4,0.4,0.4929144,49925,0.03965731153684866
0.6,0.8,0.8,0.8,0.4929144,49925,0.03965731153684866
0.6,0.6,0.8,0.1,0.49291742,49925,0.041786340134890514
0.6,0.8,0.6,0.2,0.49293476,49925,0.04195824643831396
0.3,0.4,0.3,0.1,0.49293476,49925,0.04195824643831396
0.5,0.6,0.5,0.2,0.49293587,49925,0.04171382519119436
0.7,0.7,0.9,0.2,0.49293646,49925,0.04153988965152862
0.5,0.6,0.8,0.3,0.49295875,49925,0.04079026595496201
0.2,0.5,0.1,0.7,0.49296126,49925,0.03466600991249296
0.6,0.7,0.8,0.5,0.4929642,49925,0.040464713323504396
0.7,0.9,0.7,0.2,0.49296975,49925,0.042082500720451985
0.8,0.8,0.9,0.4,0.49297038,49925,0.04114112925063101
0.4,0.7,0.5,0.7,0.49297872,49925,0.039091392644587976
0.4,0.6,0.6,0.8,0.4929834,49925,0.03862691962098065
0.2,0.3,0.3,0.4,0.4929834,49925,0.03862691962098065
0.4,0.5,0.6,0.4,0.49298415,49925,0.04014396790593652
0.4,0.9,0.5,0.8,0.49299622,49925,0.03866856933689245
0.7,0.9,0.9,0.8,0.49300012,49925,0.04000952653298939
0.7,0.7,0.7,0.2,0.49301705,49925,0.04182733141014028
0.7,0.7,0.9,0.3,0.4930253,49925,0.04116857728595687
0.2,0.4,0.7,0.6,0.49302906,49925,0.037314599846572476
0.5,0.6,0.9,0.1,0.49303034,49925,0.041431139215428556
0.1,0.2,0.2,0.7,0.49303234,49925,0.033626843745174495
0.2,0.4,0.7,0.7,0.49303287,49925,0.036833464457738885
0.2,0.4,0.7,0.4,0.49305022,49925,0.03829223094293944
0.2,0.5,0.1,0.8,0.4930565,49925,0.0340753587535502
0.5,0.7,0.6,0.5,0.493057,49925,0.040407839014377236
0.7,0.8,0.9,0.6,0.49305978,49925,0.04041852662424641
0.2,0.3,0.5,0.1,0.49306607,49925,0.04044498486285795
0.4,0.6,0.9,0.3,0.49306956,49925,0.040273059038626005
0.3,0.8,0.3,0.2,0.49307165,49925,0.04007675138896104
0.6,0.7,0.7,0.4,0.49307984,49925,0.04096849183215057
0.3,0.5,0.7,0.7,0.4930991,49925,0.03811170181019857
0.3,0.8,0.1,0.8,0.49311295,49925,0.034805132674438265
0.5,0.9,0.6,0.7,0.49311477,49925,0.03969912400425501
0.3,0.8,0.2,0.9,0.4931204,49925,0.03580996339995761
0.8,0.9,0.9,0.5,0.49312487,49925,0.04103171380966242
0.3,0.5,0.5,0.9,0.49312714,49925,0.03731854198877145
0.5,0.8,0.6,0.6,0.49313203,49925,0.04007105563587181
0.4,0.5,0.5,0.5,0.49313545,49925,0.03974145623327781
0.2,0.5,0.2,0.8,0.49314532,49925,0.03549704001758317
0.7,0.8,0.8,0.5,0.49316037,49925,0.04083254036000328
0.3,0.8,0.3,0.4,0.49316505,49925,0.039011658642787425
0.7,0.9,0.9,0.9,0.49316508,49925,0.03970680893727029
0.8,0.9,0.8,0.3,0.4931795,49925,0.04172653846328772
0.5,0.6,0.6,0.4,0.49317953,49925,0.040671081956785975
0.2,0.4,0.3,0.8,0.49317968,49925,0.036170779739921576
0.3,0.5,0.9,0.2,0.49319303,49925,0.03990033543746249
0.6,0.7,0.7,0.5,0.49319434,49925,0.04057870208773264
0.6,0.9,0.6,0.2,0.4932021,49925,0.041905530043073375
0.8,0.7,0.8,0.1,0.49320242,49925,0.04208277504951111
0.3,0.6,0.4,0.7,0.49323332,49925,0.038252602391130874
0.2,0.3,0.4,0.9,0.49323428,49925,0.035360190823939375
0.4,0.5,0.5,0.4,0.4932361,49925,0.04026844927873429
0.3,0.8,0.3,0.9,0.49323654,49925,0.03669777144318268
0.2,0.5,0.2,0.9,0.49323988,49925,0.03494339413105616
0.4,0.8,0.5,0.6,0.49324256,49925,0.03953549971227692
0.3,0.8,0.2,0.8,0.4932484,49925,0.03622407913448966
0.3,0.8,0.3,0.3,0.4932491,49925,0.039535680074325556
0.6,0.5,0.6,0.1,0.493251,49925,0.04184573758652261
0.5,0.6,0.9,0.2,0.49326494,49925,0.04099219429383627
0.7,0.9,0.8,0.6,0.493276,49925,0.04063004424138113
0.5,0.7,0.9,0.6,0.4932769,49925,0.039762644880012715
0.2,0.4,0.7,0.8,0.49328727,49925,0.036381447315818764
0.4,0.8,0.5,0.8,0.4932891,49925,0.03868364869023485
0.5,0.9,0.6,0.8,0.49329826,49925,0.03932192528266429
0.4,0.4,0.5,0.2,0.4933096,49925,0.04103099293821423
0.3,0.5,0.4,0.6,0.4933137,49925,0.03869579972291952
0.6,0.7,0.9,0.4,0.49331728,49925,0.04068012111173905
0.9,0.8,0.8,0.1,0.49331743,49925,0.04225418542235823
0.8,0.7,0.8,0.2,0.4933205,49925,0.04169745614590892
0.8,0.7,0.9,0.1,0.4933235,49925,0.04193934726587836
0.9,0.8,0.9,0.2,0.49332544,49925,0.04181065755417637
0.8,0.5,0.7,0.1,0.49334687,49925,0.041417004738587296
0.7,0.9,0.7,0.3,0.49336296,49925,0.04167889034738854
0.4,0.5,0.4,0.2,0.49337065,49925,0.04148178159793187
0.2,0.5,0.2,0.7,0.49337834,49925,0.03609980598955093
0.4,0.9,0.5,0.9,0.49337915,49925,0.03828621524666206
0.3,0.8,0.2,0.7,0.49338067,49925,0.03665074247106393
0.6,0.9,0.7,0.6,0.4933849,49925,0.0404489847888182
0.2,0.3,0.6,0.1,0.49339944,49925,0.03996608692586576
0.3,0.3,0.4,0.1,0.49340487,49925,0.04136034219567734
0.6,0.6,0.8,0.2,0.49340487,49925,0.04136034219567734
0.5,0.6,0.6,0.5,0.49340612,49925,0.040221401909000136
0.2,0.4,0.8,0.5,0.49342188,49925,0.037605683398361005
0.2,0.3,0.4,0.3,0.4934364,49925,0.039250630132020396
0.4,0.6,0.8,0.6,0.4934364,49925,0.039250630132020396
0.8,0.7,0.9,0.2,0.4934402,49925,0.041549963877214005
0.3,0.8,0.2,0.6,0.49344853,49925,0.0370763408860565
0.2,0.3,0.2,0.1,0.49345645,49925,0.04146382293458258
0.6,0.9,0.6,0.3,0.49345645,49925,0.041463822934582575
0.4,0.6,0.4,0.2,0.49345645,49925,0.04146382293458258
0.1,0.2,0.6,0.1,0.4934585,49925,0.03787201282966367
0.9,0.9,0.9,0.3,0.49346143,49925,0.04168869313533059
0.6,0.6,0.6,0.2,0.49346143,49925,0.04168869313533059
0.3,0.3,0.3,0.1,0.49346143,49925,0.04168869313533059
0.3,0.8,0.3,0.7,0.49346662,49925,0.037567933916045064
0.7,0.6,0.7,0.1,0.4934698,49925,0.04197066848408184
0.5,0.7,0.8,0.9,0.49348164,49925,0.03883470871905567
0.3,0.5,0.7,0.6,0.49348536,49925,0.038536180677335365
0.9,0.6,0.8,0.1,0.49349588,49925,0.041630264438541315
0.4,0.9,0.5,0.7,0.49349874,49925,0.03904116337184269
0.2,0.5,0.1,0.6,0.4935154,49925,0.035263861439857304
0.8,0.8,0.8,0.3,0.49352497,49925,0.04155832783450678
0.5,0.6,0.7,0.5,0.49353546,49925,0.040133272432499194
0.3,0.8,0.2,0.3,0.49354315,49925,0.038453078736780416
0.3,0.5,0.7,0.9,0.49354517,49925,0.03728308211154711
0.4,0.6,0.6,0.9,0.49354857,49925,0.03820852271596836
0.5,0.8,0.6,0.7,0.4935574,49925,0.03967854677369983
0.9,0.7,0.9,0.3,0.49356428,49925,0.041198141977964134
0.3,0.5,0.7,0.5,0.4935686,49925,0.03899164945331553
0.7,0.8,0.7,0.3,0.4935707,49925,0.041598482789764676
0.2,0.3,0.4,0.8,0.49357626,49925,0.035919935863479684
0.5,0.8,0.5,0.2,0.49358442,49925,0.04165178945708927
0.5,0.7,0.9,0.7,0.49358472,49925,0.03942460717716741
0.3,0.5,0.8,0.6,0.4935911,49925,0.03838419554681833
0.8,0.7,0.9,0.3,0.49359363,49925,0.041206482227177516
0.6,0.7,0.8,0.6,0.49359387,49925,0.04011555785259634
0.4,0.6,0.9,0.4,0.49360192,49925,0.03986742588219659
0.9,0.8,0.8,0.2,0.49360582,49925,0.041869626421607194
0.4,0.6,0.4,0.1,0.4936072,49925,0.04212478266871989
0.5,0.5,0.5,0.2,0.49360853,49925,0.041492046317183784
0.3,0.8,0.3,0.6,0.4936118,49925,0.03803239754661865
0.9,0.9,0.8,0.1,0.49361217,49925,0.042399924336274576
0.5,0.7,0.7,0.9,0.493625,49925,0.038852633443291276
0.3,0.9,0.2,0.1,0.49363095,49925,0.03890277587246851
0.5,0.4,0.5,0.1,0.49363375,49925,0.04165216968316858
0.5,0.7,0.9,0.9,0.49364305,49925,0.038747793125014404
0.3,0.8,0.2,0.4,0.49364537,49925,0.037992994441790294
0.6,0.8,0.6,0.3,0.49364647,49925,0.041505018170041805
0.6,0.7,0.7,0.6,0.49364695,49925,0.040199504530604134
0.5,0.5,0.7,0.1,0.4936481,49925,0.04160782560853234
0.3,0.6,0.4,0.8,0.4936523,49925,0.03776437040164621
0.3,0.8,0.3,0.8,0.4936559,49925,0.03711943469612864
0.4,0.5,0.8,0.1,0.4936605,49925,0.04116045447435246
0.2,0.4,0.8,0.9,0.49366134,49925,0.03588610963167283
0.5,0.8,0.6,0.8,0.49366167,49925,0.03929646006201639
0.3,0.4,0.6,0.2,0.4936617,49925,0.04045852027962602
0.4,0.4,0.6,0.1,0.49366337,49925,0.04134643003323085
0.3,0.8,0.3,0.5,0.49366683,49925,0.038504296478996246
0.6,0.9,0.7,0.7,0.4936673,49925,0.04009113593510259
0.3,0.5,0.8,0.7,0.4936798,49925,0.03797439942442492
0.3,0.5,0.3,0.1,0.49368435,49925,0.04178054982714185
0.2,0.4,0.7,0.9,0.49369004,49925,0.03595663353629176
0.6,0.8,0.7,0.6,0.49369806,49925,0.040344796165082276
0.7,0.6,0.8,0.1,0.49370322,49925,0.041819971858064214
0.7,0.5,0.6,0.1,0.49371967,49925,0.04172189225712854
0.2,0.5,0.1,0.9,0.4937228,49925,0.03354019680118993
0.5,0.5,0.7,0.2,0.49372613,49925,0.041117688051884
0.7,0.6,0.8,0.3,0.49372622,49925,0.04100961581444923
0.1,0.2,0.3,0.9,0.49372914,49925,0.03265742880651247
0.3,0.8,0.3,0.1,0.49373096,49925,0.040605367796361064
0.9,0.7,0.9,0.2,0.49373442,49925,0.04152547593678988
0.8,0.9,0.9,0.6,0.49374148,49925,0.040731280319068426
0.4,0.6,0.8,0.8,0.4937565,49925,0.03850034515843921
0.2,0.3,0.4,0.4,0.4937565,49925,0.03850034515843921
0.3,0.8,0.2,0.5,0.49376583,49925,0.037529144133230864
0.5,0.7,0.5,0.1,0.49376833,49925,0.042321014278939764
0.3,0.4,0.5,0.6,0.4937843,49925,0.03839040025188523
0.7,0.6,0.7,0.2,0.49378622,49925,0.04154551610771975
0.4,0.6,0.8,0.7,0.493787,49925,0.038871296617472656
0.2,0.4,0.8,0.7,0.4937878,49925,0.036706203090653006
0.9,0.8,0.9,0.3,0.49379155,49925,0.04147741668841552
0.4,0.5,0.6,0.5,0.49379402,49925,0.039652957913994896
0.3,0.4,0.5,0.4,0.4937986,49925,0.03952792123964372
0.3,0.8,0.2,0.2,0.49381945,49925,0.038928824549989215
0.5,0.5,0.6,0.3,0.4938263,49925,0.04082552089908844
0.7,0.6,0.8,0.2,0.49382892,49925,0.041383194406911676
0.1,0.2,0.4,0.5,0.49383035,49925,0.03551276762542374
0.4,0.3,0.4,0.1,0.4938453,49925,0.04135572022469993
0.8,0.6,0.8,0.2,0.4938453,49925,0.04135572022469993
0.3,0.4,0.4,0.5,0.49385402,49925,0.03900714363164584
0.8,0.7,0.7,0.1,0.49386328,49925,0.0421761515284468
0.1,0.2,0.5,0.3,0.49386388,49925,0.03680703907135362
0.2,0.4,0.9,0.6,0.49386966,49925,0.036982870358454385
0.5,0.8,0.5,0.3,0.49387437,49925,0.04118165050109259
0.4,0.7,0.5,0.8,0.49388325,49925,0.038658136775901256
0.3,0.5,0.7,0.8,0.493888,49925,0.03769955604689621
0.6,0.5,0.6,0.2,0.49389073,49925,0.041345663305985075
0.3,0.8,0.1,0.7,0.49389264,49925,0.03520704976552631
0.7,0.8,0.8,0.6,0.4938932,49925,0.040498048357698546
0.7,0.7,0.7,0.3,0.49389383,49925,0.041415139880189245
0.7,0.9,0.7,0.4,0.4938947,49925,0.04130321254006556
0.9,0.9,0.9,0.4,0.4939011,49925,0.041368682398880224
0.1,0.2,0.4,0.6,0.4939039,49925,0.03476846720411547
0.4,0.5,0.6,0.6,0.49390703,49925,0.03916570262743852
0.3,0.9,0.1,0.4,0.49391133,49925,0.03608084922406132
0.3,0.5,0.8,0.4,0.4939133,49925,0.03922482764406436
0.6,0.9,0.6,0.4,0.4939148,49925,0.04105970055493667
0.1,0.2,0.4,0.3,0.49392226,49925,0.037156028061215984
0.2,0.4,0.8,0.6,0.49392226,49925,0.037156028061215984
0.4,0.9,0.4,0.2,0.49394265,49925,0.04082787491861089
0.5,0.7,0.9,0.8,0.49394345,49925,0.03909061277027031
0.1,0.2,0.4,0.4,0.49394733,49925,0.03627792524793084
0.2,0.4,0.8,0.8,0.49394733,49925,0.03627792524793084
0.4,0.8,0.5,0.9,0.49394998,49925,0.0382775214633543
0.6,0.6,0.9,0.1,0.49395263,49925,0.0415508010954965
0.7,0.7,0.9,0.4,0.49395683,49925,0.04082480953796296
0.5,0.6,0.6,0.6,0.49395835,49925,0.03978243277445493
0.3,0.5,0.4,0.7,0.49396077,49925,0.038140700455476476
0.2,0.3,0.4,0.6,0.4939658,49925,0.03714513934092112
0.2,0.5,0.2,0.6,0.49397194,49925,0.03672835222979986
0.1,0.2,0.2,0.8,0.4939795,49925,0.032833401493306
0.9,0.9,0.8,0.2,0.49398237,49925,0.04203629760795614
0.8,0.7,0.7,0.2,0.4939869,49925,0.0417602203619604
0.5,0.7,0.5,0.3,0.4939904,49925,0.04124066355259673
0.2,0.5,0.2,0.1,0.49399832,49925,0.040528660260356966
0.9,0.7,0.9,0.1,0.49399972,49925,0.04188268232348077
0.3,0.5,0.9,0.5,0.49400052,49925,0.03863043846876767
0.3,0.8,0.1,0.6,0.49400213,49925,0.035598233593559354
0.9,0.7,0.8,0.1,0.4940031,49925,0.041985141512592576
0.5,0.9,0.6,0.9,0.49400786,49925,0.03895818338281391
0.6,0.6,0.8,0.3,0.49401754,49925,0.04095221908970409
0.1,0.2,0.7,0.1,0.49402654,49925,0.0373216682884561
0.7,0.8,0.9,0.7,0.49403203,49925,0.04011770110379435
0.8,0.7,0.9,0.4,0.49404263,49925,0.04087747236136046
0.7,0.6,0.6,0.1,0.49405104,49925,0.04208118559055755
0.5,0.6,0.9,0.3,0.4940553,49925,0.040597876318323324
0.8,0.6,0.7,0.1,0.4940688,49925,0.0418765531363675
0.9,0.6,0.8,0.2,0.49407506,49925,0.041265276071939916
0.2,0.3,0.3,0.5,0.4940769,49925,0.037813648731226814
0.3,0.4,0.5,0.5,0.49408016,49925,0.038929291765429204
0.8,0.6,0.8,0.1,0.49409685,49925,0.041750066662956976
0.3,0.6,0.4,0.9,0.49410132,49925,0.03727287220772927
0.2,0.4,0.9,0.7,0.49410194,49925,0.03658228278973319
0.6,0.9,0.6,0.1,0.49410462,49925,0.04236249559250096
0.4,0.7,0.5,0.9,0.4941055,49925,0.03823542120694941
0.6,0.6,0.9,0.2,0.4941075,49925,0.04115220093370676
0.8,0.9,0.9,0.7,0.49411196,49925,0.04042619656529433
0.9,0.7,0.8,0.2,0.49411225,49925,0.04160727789721537
0.6,0.9,0.7,0.8,0.49411365,49925,0.039736902118338684
0.5,0.6,0.7,0.7,0.49413356,49925,0.03932495073319885
0.2,0.4,0.3,0.9,0.49413493,49925,0.03557417784642273
0.8,0.8,0.7,0.1,0.4941393,49925,0.04235416478042655
0.7,0.7,0.8,0.4,0.4941418,49925,0.04095316401972055
0.8,0.7,0.8,0.3,0.49414822,49925,0.041318374928739965
0.8,0.8,0.8,0.4,0.49415487,49925,0.041216050151628346
0.4,0.4,0.4,0.2,0.49415487,49925,0.041216050151628346
0.2,0.2,0.2,0.1,0.49415487,49925,0.041216050151628346
0.6,0.6,0.6,0.3,0.49415487,49925,0.041216050151628346
0.3,0.5,0.8,0.9,0.49416187,49925,0.03721162694196741
0.8,0.6,0.7,0.2,0.49416766,49925,0.04145083746032105
0.4,0.6,0.5,0.6,0.49417654,49925,0.039471970057003834
0.3,0.8,0.2,0.1,0.494185,49925,0.03937828630675253
0.5,0.7,0.6,0.6,0.49419042,49925,0.03998939656956876
0.6,0.7,0.7,0.7,0.49419072,49925,0.03981386200228888
0.4,0.6,0.8,0.9,0.49419156,49925,0.03814571490952314
0.9,0.8,0.8,0.3,0.4941946,49925,0.04151149320510735
0.5,0.8,0.6,0.9,0.49421662,49925,0.0389044387987562
0.2,0.3,0.4,0.7,0.49422747,49925,0.03650004591255448
0.4,0.5,0.6,0.7,0.4942379,49925,0.038734742907188216
0.2,0.3,0.4,0.5,0.49424517,49925,0.03779801170620099
0.2,0.3,0.7,0.1,0.4942454,49925,0.03954948541759735
0.6,0.5,0.7,0.2,0.49424866,49925,0.041158655813397796
0.2,0.5,0.2,0.3,0.4942528,49925,0.0388549285835515
0.4,0.6,0.4,0.3,0.49425393,49925,0.04085993661219361
0.6,0.5,0.7,0.1,0.49425527,49925,0.04163416809672932
0.7,0.5,0.6,0.2,0.494264,49925,0.04124117433969718
0.5,0.9,0.5,0.2,0.4942671,49925,0.04149541982146772
0.3,0.6,0.3,0.2,0.4942675,49925,0.04076112900263462
0.3,0.5,0.4,0.8,0.4942763,49925,0.03761812247060213
0.3,0.7,0.3,0.1,0.49427703,49925,0.04103523112147495
0.4,0.5,0.8,0.2,0.49429005,49925,0.04066317858009476
0.6,0.4,0.5,0.1,0.49429888,49925,0.0414997348940819
0.4,0.6,0.9,0.5,0.49430946,49925,0.039459110800742055
0.5,0.6,0.7,0.6,0.49431905,49925,0.039728333516286525
0.4,0.5,0.5,0.6,0.4943202,49925,0.03921887819714315
0.3,0.5,0.8,0.5,0.4943272,49925,0.03880119052165733
0.6,0.7,0.6,0.3,0.49434885,49925,0.04141061447330557
0.7,0.5,0.7,0.1,0.4943691,49925,0.04157493477523651
0.8,0.5,0.7,0.2,0.49438298,49925,0.041003904627915345
0.5,0.6,0.7,0.8,0.49439338,49925,0.03895330237265468
0.8,0.8,0.9,0.5,0.49440068,49925,0.040807566742894014
0.7,0.6,0.6,0.2,0.49440446,49925,0.0416076412181332
0.3,0.4,0.7,0.2,0.494415,49925,0.04015251287270247
0.1,0.2,0.7,0.2,0.4944184,49925,0.03670809903514909
0.6,0.7,0.8,0.7,0.49442077,49925,0.039766782738255915
0.2,0.3,0.8,0.1,0.49443394,49925,0.03912181678125084
0.2,0.3,0.5,0.2,0.49443936,49925,0.03966890985606868
0.2,0.5,0.2,0.2,0.4944397,49925,0.039685244653372156
0.9,0.5,0.7,0.1,0.49444538,49925,0.04123333062163412
0.9,0.6,0.7,0.1,0.4944483,49925,0.041730758153985706
0.4,0.7,0.4,0.1,0.49445146,49925,0.041905667180548986
0.5,0.8,0.5,0.1,0.494466,49925,0.04218587517020726
0.7,0.9,0.8,0.7,0.49446893,49925,0.04029890975798166
0.5,0.6,0.8,0.4,0.4944695,49925,0.04038786090960729
0.7,0.8,0.8,0.7,0.49447054,49925,0.040161770219052
0.1,0.2,0.4,0.7,0.49447134,49925,0.034075127662071464
0.2,0.5,0.2,0.4,0.49448603,49925,0.03810743954783827
0.3,0.5,0.9,0.7,0.49448675,49925,0.03785399316108419
0.3,0.5,0.9,0.3,0.49449116,49925,0.03945808285927736
0.3,0.5,0.9,0.4,0.49449143,49925,0.03903473501140167
0.4,0.7,0.4,0.2,0.49450868,49925,0.04129991455462753
0.6,0.7,0.9,0.5,0.4945129,49925,0.04034073107717517
0.8,0.8,0.7,0.2,0.4945157,49925,0.04194197667660267
0.8,0.6,0.8,0.3,0.49452353,49925,0.040994752965865584
0.7,0.7,0.6,0.1,0.49452394,49925,0.04228830639693245
0.8,0.5,0.6,0.1,0.49452838,49925,0.0415154506303542
0.7,0.8,0.9,0.8,0.4945293,49925,0.03980385350342328
0.6,0.9,0.7,0.9,0.49453497,49925,0.03940923690249456
0.2,0.5,0.2,0.5,0.4945366,49925,0.037399245265818275
0.3,0.4,0.8,0.1,0.49454737,49925,0.04036061779410696
0.4,0.9,0.4,0.3,0.4945549,49925,0.04036686639567039
0.3,0.7,0.3,0.2,0.4945613,49925,0.040432003028592484
0.4,0.8,0.4,0.3,0.49456367,49925,0.04058611755340478
0.2,0.5,0.1,0.1,0.4945796,49925,0.03857355363048962
0.4,0.6,0.5,0.7,0.49458078,49925,0.03900320161096586
0.9,0.8,0.9,0.4,0.49458137,49925,0.04114913614267073
0.8,0.9,0.8,0.4,0.49458382,49925,0.04138027228059179
0.7,0.6,0.9,0.2,0.49458668,49925,0.041206743542604216
0.1,0.2,0.5,0.6,0.49459365,49925,0.03468745402808419
0.9,0.6,0.7,0.2,0.4945965,49925,0.04132447056706253
0.3,0.5,0.8,0.8,0.49460223,49925,0.03758228254136363
0.9,0.9,0.9,0.5,0.49461645,49925,0.04105935002465952
0.5,0.4,0.5,0.2,0.4946191,49925,0.04107646905469359
0.1,0.2,0.6,0.3,0.4946219,49925,0.03646721237693946
0.2,0.4,0.9,0.8,0.4946259,49925,0.03617985973676548
0.3,0.4,0.7,0.1,0.49462625,49925,0.040729308319881904
0.4,0.6,0.9,0.7,0.49463686,49925,0.03873509549489114
0.7,0.4,0.6,0.1,0.49463773,49925,0.041128498282191985
0.4,0.5,0.7,0.3,0.4946513,49925,0.04041850752966754
0.2,0.3,0.8,0.2,0.49465618,49925,0.038580082444136306
0.4,0.6,0.9,0.8,0.49466744,49925,0.0383907585270824
0.3,0.7,0.3,0.9,0.4946776,49925,0.03674210465981166
0.5,0.3,0.4,0.1,0.49468163,49925,0.04112362543271027
0.1,0.2,0.2,0.9,0.49468768,49925,0.03210263161889376
0.6,0.5,0.5,0.1,0.49469268,49925,0.041956156646613355
0.4,0.5,0.8,0.3,0.49470037,49925,0.040194111212233936
0.6,0.7,0.8,0.8,0.49470064,49925,0.039423671909784554
0.6,0.8,0.7,0.7,0.49470168,49925,0.039984392619919665
0.2,0.3,0.5,0.9,0.4947235,49925,0.03541363893085891
0.5,0.8,0.5,0.4,0.4947367,49925,0.04071645947159924
0.5,0.5,0.8,0.1,0.49473888,49925,0.0413429487963735
0.7,0.5,0.7,0.2,0.49473965,49925,0.04112983769900603
0.2,0.3,0.5,0.3,0.49474055,49925,0.03895460254826967
0.6,0.6,0.7,0.4,0.49474478,49925,0.04068494312028426
0.7,0.7,0.7,0.4,0.49474704,49925,0.04101626435106075
0.3,0.4,0.3,0.2,0.4947517,49925,0.041079876299331526
0.6,0.8,0.6,0.4,0.4947517,49925,0.041079876299331526
0.3,0.9,0.1,0.3,0.4947522,49925,0.03639939492379219
0.7,0.6,0.9,0.1,0.49475744,49925,0.04159789789261531
0.5,0.5,0.6,0.4,0.49475893,49925,0.04035163587761071
0.6,0.4,0.6,0.1,0.49475923,49925,0.04129566258795675
0.5,0.7,0.6,0.7,0.4947595,49925,0.03956962111910632
0.7,0.6,0.7,0.3,0.4947674,49925,0.04112731944273351
0.6,0.4,0.5,0.2,0.49476832,49925,0.040931628587203624
0.5,0.9,0.5,0.1,0.49476853,49925,0.041967447172623185
0.8,0.8,0.9,0.6,0.49476868,49925,0.0405013743908147
0.8,0.9,0.9,0.8,0.49477637,49925,0.04013473607077203
0.5,0.6,0.5,0.3,0.49479073,49925,0.04117716785476175
0.6,0.7,0.8,0.9,0.49479097,49925,0.03909181391809354
0.7,0.9,0.8,0.8,0.49479192,49925,0.03999249230674957
0.2,0.4,0.9,0.9,0.49479276,49925,0.035805441447221316
0.7,0.9,0.7,0.5,0.4948093,49925,0.04093983412492816
0.3,0.4,0.6,0.3,0.49480975,49925,0.03986397039279056
0.6,0.6,0.7,0.5,0.49481228,49925,0.0402799109405397
0.4,0.9,0.4,0.1,0.49481446,49925,0.04131987570217679
0.2,0.5,0.1,0.2,0.49481517,49925,0.037897923318315006
0.3,0.5,0.3,0.2,0.4948267,49925,0.04098631538138212
0.3,0.4,0.6,0.4,0.49482867,49925,0.039308482140018294
0.5,0.6,0.9,0.4,0.49483767,49925,0.040208678406557924
0.1,0.2,0.4,0.9,0.49484187,49925,0.032845796036131185
0.3,0.4,0.5,0.7,0.4948419,49925,0.0378760157866038
0.9,0.6,0.9,0.1,0.49484563,49925,0.04147559704288359
0.4,0.6,0.5,0.8,0.49484965,49925,0.03853256160785002
0.9,0.6,0.8,0.3,0.49485838,49925,0.04090721741674822
0.2,0.3,0.7,0.2,0.4948616,49925,0.03894135060820516
0.7,0.8,0.7,0.4,0.49486804,49925,0.04120803674728243
0.4,0.6,0.9,0.6,0.49487105,49925,0.039095182550044634
0.7,0.8,0.8,0.8,0.49487522,49925,0.039828478475786376
0.4,0.8,0.4,0.1,0.4948819,49925,0.041623503483604996
0.3,0.5,0.9,0.6,0.49488357,49925,0.038236262259519475
0.2,0.5,0.1,0.4,0.494894,49925,0.03654078390708987
0.4,0.4,0.5,0.3,0.49489415,49925,0.04043467434339324
0.6,0.9,0.6,0.5,0.4948952,49925,0.04065639712266908
0.6,0.7,0.9,0.6,0.49489528,49925,0.0400144111951007
0.6,0.8,0.7,0.8,0.494897,49925,0.03963323087974361
0.7,0.4,0.5,0.1,0.4949029,49925,0.04123430351955801
0.7,0.7,0.8,0.5,0.4949078,49925,0.04058137391233844
0.4,0.8,0.4,0.2,0.49492565,49925,0.04108759809612381
0.3,0.5,0.9,0.8,0.49492565,49925,0.0374729567238567
0.2,0.4,0.2,0.1,0.49492565,49925,0.04108759809612381
0.4,0.5,0.9,0.1,0.49493748,49925,0.04086596995242432
0.5,0.4,0.6,0.1,0.49493885,49925,0.04138304560139421
0.8,0.7,0.7,0.3,0.49495158,49925,0.041358749637818985
0.5,0.5,0.5,0.3,0.4949552,49925,0.040930412915523524
0.9,0.7,0.7,0.1,0.4949571,49925,0.04203275651895789
0.5,0.9,0.5,0.3,0.49495858,49925,0.0410578634251181
0.7,0.8,0.6,0.2,0.49496692,49925,0.04189774598165014
0.7,0.7,0.9,0.6,0.4949682,49925,0.04017492525705144
0.5,0.5,0.8,0.2,0.4949721,49925,0.04087440552429984
0.7,0.7,0.9,0.5,0.49497375,49925,0.040487718513015025
0.3,0.7,0.3,0.8,0.49497926,49925,0.037203508066597515
0.5,0.7,0.5,0.4,0.4949795,49925,0.04074831718123841
0.9,0.7,0.8,0.3,0.49498942,49925,0.04126452173161909
0.7,0.7,0.8,0.6,0.49500346,49925,0.04023798243349241
0.8,0.7,0.8,0.4,0.49500972,49925,0.040971144422182935
0.8,0.8,0.8,0.5,0.4950209,49925,0.040864188036855806
0.6,0.7,0.9,0.9,0.49502417,49925,0.03905131766791484
0.5,0.4,0.4,0.1,0.49502605,49925,0.041762915902942906
0.2,0.5,0.1,0.5,0.49502715,49925,0.03588512549399027
0.9,0.6,0.9,0.2,0.4950341,49925,0.04112991327637768
0.5,0.5,0.7,0.3,0.49503496,49925,0.040644962956386775
0.8,0.9,0.7,0.2,0.49503785,49925,0.04204382665461346
0.4,0.5,0.6,0.8,0.49504226,49925,0.038306688408370086
0.8,0.6,0.9,0.1,0.49504265,49925,0.04154983400011537
0.3,0.4,0.5,0.9,0.49506718,49925,0.036888411457719476
0.6,0.5,0.6,0.3,0.4950678,49925,0.040872350882683504
0.4,0.7,0.4,0.3,0.49507955,49925,0.04075850351456858
0.4,0.5,0.7,0.4,0.49508196,49925,0.039949284731275486
0.6,0.6,0.5,0.1,0.49508825,49925,0.042196749074196065
0.1,0.2,0.8,0.1,0.49508917,49925,0.036767718335374844
0.4,0.5,0.9,0.2,0.49509287,49925,0.040403179657377344
0.2,0.4,0.2,0.8,0.49509466,49925,0.03535419508057988
0.1,0.2,0.1,0.4,0.49509466,49925,0.03535419508057988
0.3,0.7,0.3,0.6,0.495102,49925,0.038167987678958605
0.1,0.2,0.4,0.8,0.4951029,49925,0.03343035829169913
0.3,0.3,0.5,0.1,0.4951047,49925,0.04095453326065415
0.2,0.3,0.5,0.8,0.49511123,49925,0.03590397439857796
0.2,0.3,0.9,0.2,0.49511158,49925,0.03823310454238564
0.3,0.5,0.9,0.9,0.4951166,49925,0.037113327789172784
0.7,0.8,0.9,0.9,0.49511957,49925,0.03949986162921841
0.3,0.9,0.1,0.2,0.49512148,49925,0.03670565224542495
0.7,0.5,0.7,0.3,0.4951253,49925,0.04071344231045432
0.8,0.4,0.6,0.1,0.49512896,49925,0.040897716465309535
0.4,0.6,0.9,0.9,0.4951437,49925,0.03805971345894513
0.3,0.6,0.3,0.1,0.49515122,49925,0.0414490751572956
0.6,0.7,0.9,0.8,0.49515975,49925,0.03935023010885749
0.3,0.5,0.3,0.3,0.49516186,49925,0.04026466417729782
0.8,0.7,0.9,0.5,0.4951636,49925,0.04054762490350829
0.3,0.4,0.5,0.8,0.49516606,49925,0.037377901027651275
0.8,0.9,0.7,0.3,0.4951692,49925,0.0416534370236294
0.3,0.3,0.4,0.2,0.49517143,49925,0.040558410016593736
0.6,0.6,0.8,0.4,0.49517143,49925,0.040558410016593736
0.3,0.7,0.2,0.6,0.49517286,49925,0.03722373931482955
0.3,0.4,0.8,0.2,0.49517748,49925,0.03983375710157419
0.6,0.7,0.9,0.7,0.49518657,49925,0.039689639994931594
0.5,0.7,0.6,0.8,0.49518752,49925,0.03916696863641049
0.4,0.5,0.9,0.3,0.49519154,49925,0.039969766339983656
0.5,0.6,0.7,0.9,0.49520665,49925,0.038575852776439275
0.8,0.8,0.9,0.7,0.49520865,49925,0.0402063177305449
0.7,0.9,0.8,0.9,0.49521527,49925,0.03967964844301456
0.5,0.6,0.8,0.5,0.4952183,49925,0.039990053551520355
0.6,0.5,0.5,0.2,0.49523002,49925,0.04140233076393663
0.6,0.5,0.7,0.3,0.49524248,49925,0.040708743657467565
0.5,0.6,0.8,0.7,0.49524465,49925,0.0392387985785454
0.2,0.3,0.5,0.4,0.49525362,49925,0.03827676298584331
0.5,0.6,0.8,0.6,0.49525568,49925,0.039616645935919015
0.8,0.5,0.8,0.1,0.4952557,49925,0.04122340247988912
0.9,0.7,0.8,0.4,0.49526525,49925,0.04094033978569199
0.2,0.5,0.1,0.3,0.4952749,49925,0.03721766651124885
0.4,0.9,0.4,0.9,0.49528432,49925,0.03782624174185362
0.1,0.2,0.5,0.4,0.4952887,49925,0.03605258958096122
0.3,0.7,0.3,0.7,0.49528885,49925,0.03767565140842909
0.5,0.5,0.9,0.1,0.49528953,49925,0.041100604151271695
0.5,0.6,0.8,0.9,0.4952901,49925,0.038537205959891886
0.3,0.8,0.1,0.5,0.49529293,49925,0.03599151325260194
0.7,0.7,0.9,0.7,0.4953094,49925,0.039855268085491044
0.6,0.6,0.8,0.6,0.49531463,49925,0.03981471609471885
0.3,0.3,0.4,0.3,0.49531463,49925,0.03981471609471885
0.4,0.4,0.7,0.1,0.49531928,49925,0.04104825032645821
0.3,0.7,0.2,0.3,0.49531952,49925,0.03876297668996219
0.8,0.6,0.9,0.2,0.495323,49925,0.04117826898475232
0.9,0.7,0.9,0.4,0.49533832,49925,0.04087663207889296
0.6,0.6,0.8,0.5,0.49534148,49925,0.040194614407579966
0.2,0.3,0.6,0.2,0.49535042,49925,0.03930164134022942
0.4,0.9,0.4,0.7,0.49535152,49925,0.038588738739557545
0.3,0.4,0.9,0.1,0.4953523,49925,0.04001196624124751
0.5,0.8,0.5,0.5,0.49535444,49925,0.04029168751100671
0.5,0.6,0.8,0.8,0.49538147,49925,0.03888197181375584
0.5,0.6,0.6,0.7,0.4953836,49925,0.03934570754405245
0.3,0.8,0.1,0.4,0.4953843,49925,0.03638028334180728
0.9,0.4,0.7,0.1,0.4954008,49925,0.04050135333141951
0.4,0.7,0.4,0.4,0.49540216,49925,0.040239523717449634
0.3,0.4,0.6,0.5,0.4954024,49925,0.03878361955642007
0.8,0.5,0.7,0.3,0.4954108,49925,0.0406181641054813
0.7,0.5,0.8,0.1,0.49542013,49925,0.04133747281030312
0.9,0.6,0.9,0.3,0.49542153,49925,0.0407990730201986
0.6,0.4,0.6,0.2,0.49542153,49925,0.0407990730201986
0.3,0.2,0.3,0.1,0.49542153,49925,0.0407990730201986
0.5,0.9,0.5,0.4,0.49542996,49925,0.04062737749676766
0.6,0.6,0.6,0.4,0.4954448,49925,0.04074585738084859
0.9,0.9,0.9,0.6,0.4954448,49925,0.04074585738084859
0.3,0.3,0.3,0.2,0.4954448,49925,0.04074585738084859
0.3,0.5,0.4,0.9,0.4954469,49925,0.03709774047592496
0.6,0.5,0.8,0.1,0.49544758,49925,0.04140903835431754
0.8,0.6,0.7,0.3,0.49545497,49925,0.04107663360876534
0.8,0.9,0.9,0.9,0.49546757,49925,0.039844630703933605
0.6,0.7,0.7,0.8,0.49547064,49925,0.03944073387963955
0.9,0.5,0.6,0.1,0.49547115,49925,0.041273466561242915
0.3,0.7,0.3,0.5,0.49547595,49925,0.03869125714187101
0.2,0.4,0.2,0.9,0.49547797,49925,0.03474190956702232
0.4,0.9,0.4,0.8,0.4954782,49925,0.03820450101680281
0.5,0.9,0.5,0.5,0.49548456,49925,0.04019958004785953
0.4,0.4,0.6,0.2,0.49549085,49925,0.04075854401711824
0.6,0.6,0.9,0.3,0.49549085,49925,0.04075854401711823
0.2,0.2,0.3,0.1,0.49549085,49925,0.04075854401711824
0.4,0.6,0.4,0.4,0.4955026,49925,0.040289904444555054
0.2,0.3,0.2,0.2,0.4955026,49925,0.040289904444555054
0.6,0.9,0.6,0.6,0.4955026,49925,0.04028990444455504
0.3,0.7,0.3,0.4,0.49550503,49925,0.039247084162927666
0.4,0.5,0.7,0.5,0.49550742,49925,0.03949746113114408
0.4,0.5,0.8,0.4,0.4955138,49925,0.03975218587983766
0.3,0.4,0.7,0.3,0.49551708,49925,0.03961011728015064
0.3,0.7,0.2,0.1,0.49552292,49925,0.03985590922169792
0.3,0.7,0.3,0.3,0.49552667,49925,0.03982549724074051
0.9,0.8,0.9,0.5,0.49553624,49925,0.04084818504399073
0.7,0.7,0.6,0.2,0.4955377,49925,0.041825048520964525
0.2,0.3,0.3,0.6,0.4955421,49925,0.0370672007267886
0.1,0.2,0.1,0.9,0.49554262,49925,0.030603871749824343
0.5,0.9,0.5,0.6,0.49554503,49925,0.03979562647608779
0.9,0.9,0.8,0.3,0.4955516,49925,0.04169078122040881
0.9,0.5,0.7,0.2,0.4955525,49925,0.04083664740699495
0.7,0.6,0.8,0.4,0.49555272,49925,0.04062409038362353
0.5,0.5,0.6,0.5,0.49555817,49925,0.03989820112925969
0.9,0.6,0.7,0.3,0.49556926,49925,0.040947289999745624
0.6,0.8,0.7,0.9,0.4955853,49925,0.03928808265763731
0.8,0.6,0.6,0.1,0.49558616,49925,0.04190216864128195
0.5,0.6,0.9,0.5,0.49558777,49925,0.03983255361325132
0.8,0.5,0.6,0.2,0.49558902,49925,0.04107729450308739
0.7,0.8,0.6,0.1,0.49559528,49925,0.04235244595004799
0.3,0.7,0.1,0.8,0.49559712,49925,0.03488417650439697
0.5,0.5,0.7,0.4,0.49559897,49925,0.0402012834193116
0.2,0.3,0.5,0.6,0.49560758,49925,0.03704058334922813
0.8,0.9,0.8,0.5,0.4956094,49925,0.041045050491831186
0.4,0.5,0.7,0.8,0.49560958,49925,0.03823442350660672
0.1,0.2,0.5,0.7,0.49561596,49925,0.03405668308127146
0.7,0.6,0.7,0.4,0.49561834,49925,0.04073535175850593
0.3,0.4,0.9,0.2,0.49562597,49925,0.03954252508452479
0.7,0.9,0.6,0.2,0.4956417,49925,0.04189565029737558
0.7,0.3,0.5,0.1,0.49564368,49925,0.040328753355171894
0.3,0.4,0.7,0.4,0.49565324,49925,0.039089242387252185
0.4,0.5,0.7,0.7,0.49565443,49925,0.03864324872434081
0.6,0.7,0.5,0.2,0.4956614,49925,0.04172164014774842
0.3,0.4,0.4,0.6,0.49569535,49925,0.038394118845359246
0.8,0.9,0.7,0.1,0.49569926,49925,0.04242784767552505
0.2,0.3,0.3,0.7,0.49570304,49925,0.03638143642145279
0.4,0.4,0.5,0.4,0.49570635,49925,0.039879671974872
0.3,0.4,0.6,0.6,0.49571472,49925,0.038269287819211156
0.4,0.3,0.4,0.2,0.49571896,49925,0.04062407332757236
0.8,0.6,0.8,0.4,0.49571896,49925,0.04062407332757236
0.3,0.7,0.1,0.7,0.49572608,49925,0.035322231858964416
0.3,0.8,0.1,0.3,0.49573526,49925,0.036770315114112356
0.4,0.5,0.7,0.6,0.4957447,49925,0.03906873931157061
0.4,0.4,0.5,0.5,0.49575457,49925,0.039317234813829406
0.9,0.8,0.8,0.4,0.49575981,49925,0.04117829757464932
0.1,0.2,0.5,0.5,0.4957602,49925,0.03535201408168636
0.7,0.6,0.9,0.3,0.49576402,49925,0.04082432745765408
0.4,0.9,0.4,0.4,0.4957803,49925,0.03990130277268998
0.3,0.7,0.2,0.9,0.49578553,49925,0.035849751044665104
0.3,0.7,0.2,0.7,0.49579,49925,0.03674838660240161
0.2,0.4,0.2,0.7,0.49579054,49925,0.036000509233843465
0.6,0.6,0.7,0.6,0.4958021,49925,0.03991378848344985
0.3,0.7,0.1,0.9,0.49580556,49925,0.034449160932398894
0.7,0.5,0.6,0.3,0.49580672,49925,0.04079975310664705
0.5,0.5,0.4,0.1,0.4958104,49925,0.042055225379096915
0.7,0.9,0.7,0.6,0.49581102,49925,0.04057504363008708
0.8,0.3,0.5,0.1,0.49582255,49925,0.03996996459561889
0.5,0.7,0.6,0.9,0.49582776,49925,0.0387712692766025
0.9,0.6,0.9,0.4,0.49583015,49925,0.040471809738706385
0.6,0.7,0.6,0.4,0.4958315,49925,0.04096791404850401
0.5,0.5,0.6,0.7,0.49583328,49925,0.039015284812473086
0.7,0.7,0.9,0.9,0.49584118,49925,0.03922740534525361
0.7,0.8,0.6,0.3,0.4958434,49925,0.04147974560576247
0.5,0.7,0.5,0.5,0.49584365,49925,0.04027634172266066
0.3,0.4,0.6,0.7,0.49584454,49925,0.0377958718385876
0.5,0.5,0.9,0.2,0.49584576,49925,0.04065589451552342
0.5,0.4,0.6,0.2,0.49585286,49925,0.04082944961513325
0.3,0.8,0.1,0.2,0.49586764,49925,0.03712025032051327
0.2,0.3,0.9,0.1,0.49586853,49925,0.03873571129660534
0.4,0.9,0.2,0.4,0.4958726,49925,0.038125091093149106
0.5,0.5,0.6,0.6,0.4958743,49925,0.03944939063086159
0.3,0.7,0.2,0.2,0.4958759,49925,0.0392919017381477
0.6,0.8,0.6,0.5,0.49587607,49925,0.0406492494247792
0.9,0.7,0.7,0.2,0.495879,49925,0.04162836763344183
0.9,0.5,0.8,0.1,0.49588206,49925,0.04108396646349323
0.9,0.6,0.8,0.4,0.49588367,49925,0.040555117414254375
0.3,0.4,0.8,0.3,0.49588558,49925,0.03934883262103402
0.4,0.5,0.6,0.9,0.49588615,49925,0.037884842249954837
0.4,0.9,0.2,0.5,0.49588734,49925,0.03775289743636548
0.2,0.3,0.5,0.7,0.49590117,49925,0.03647631658421694
0.4,0.7,0.4,0.5,0.4959093,49925,0.039719079603170906
0.4,0.6,0.5,0.9,0.49590945,49925,0.038083295314019966
0.6,0.5,0.8,0.2,0.495919,49925,0.04094999753435104
0.3,0.7,0.2,0.8,0.49592298,49925,0.03629823260376887
0.6,0.6,0.7,0.7,0.49593,49925,0.03953628139816722
0.4,0.9,0.4,0.6,0.49593413,49925,0.03901001554031122
0.3,0.7,0.2,0.4,0.4959509,49925,0.03823436661019993
0.2,0.3,0.6,0.3,0.4959532,49925,0.03868252146293211
0.1,0.2,0.1,0.8,0.49595326,49925,0.03135679670106428
0.2,0.3,0.8,0.3,0.49595666,49925,0.03806016983681673
0.1,0.2,0.6,0.4,0.49595946,49925,0.03578165189367547
0.7,0.7,0.7,0.5,0.4959626,49925,0.04062359745524543
0.2,0.3,0.3,0.8,0.49596432,49925,0.03571489950974503
0.6,0.6,0.9,0.4,0.49597874,49925,0.04038933875691655
0.1,0.2,0.5,0.8,0.49597996,49925,0.033474889101559026
0.7,0.6,0.6,0.3,0.49599004,49925,0.04115965349599206
0.4,0.5,0.8,0.5,0.49599832,49925,0.03931634301631497
0.1,0.2,0.6,0.6,0.49600226,49925,0.034574444919415685
0.4,0.5,0.4,0.3,0.49600714,49925,0.0408304856379368
0.2,0.4,0.2,0.2,0.4960282,49925,0.04007671388205348
0.4,0.8,0.4,0.4,0.4960282,49925,0.04007671388205348
0.1,0.2,0.1,0.1,0.4960282,49925,0.04007671388205348
0.3,0.6,0.3,0.3,0.4960282,49925,0.04007671388205347
0.7,0.4,0.6,0.2,0.49603683,49925,0.04065129764220975
0.7,0.7,0.9,0.8,0.4960376,49925,0.03954396875275824
0.7,0.8,0.8,0.9,0.4960378,49925,0.039495546302490574
0.7,0.7,0.8,0.7,0.49603826,49925,0.03991463902421563
0.3,0.4,0.6,0.8,0.49603927,49925,0.037337710806211025
0.4,0.5,0.7,0.9,0.49604183,49925,0.037847920616112585
0.9,0.4,0.6,0.1,0.49604443,49925,0.040598312921341514
0.4,0.9,0.4,0.5,0.4960449,49925,0.039445222752500744
0.2,0.3,0.6,0.6,0.49604636,49925,0.036899828888081285
0.6,0.3,0.4,0.1,0.49604997,49925,0.040776047836185
0.6,0.6,0.7,0.8,0.496056,49925,0.03916753004034436
0.2,0.4,0.1,0.9,0.49606,49925,0.03331737518844523
0.5,0.4,0.5,0.3,0.4960646,49925,0.040496311663736004
0.6,0.9,0.6,0.7,0.49606755,49925,0.039921000092181136
0.3,0.6,0.3,0.8,0.49606788,49925,0.037213987547651005
0.2,0.3,0.7,0.3,0.49606827,49925,0.03837279589162131
0.4,0.9,0.3,0.1,0.49607053,49925,0.040490968414877586
0.7,0.6,0.7,0.5,0.49607563,49925,0.04033848387581177
0.4,0.5,0.9,0.4,0.49607635,49925,0.03955823013294453
0.9,0.8,0.7,0.1,0.4960836,49925,0.04221382649859735
0.2,0.3,0.5,0.5,0.49609688,49925,0.03763574542854821
0.9,0.7,0.9,0.5,0.49609777,49925,0.040552043441688716
0.7,0.5,0.8,0.2,0.4961,49925,0.04091945252297951
0.3,0.9,0.1,0.1,0.4961056,49925,0.03698165039826752
0.8,0.7,0.8,0.6,0.49611437,49925,0.04029263854590926
0.8,0.8,0.9,0.8,0.4961157,49925,0.03992504198393776
0.4,0.9,0.3,0.2,0.496119,49925,0.040034566132166834
0.5,0.8,0.5,0.6,0.49612337,49925,0.03984858191732111
0.3,0.4,0.3,0.3,0.4961258,49925,0.04024313283664374
0.6,0.8,0.6,0.6,0.4961258,49925,0.04024313283664374
0.6,0.5,0.6,0.4,0.49612793,49925,0.04041047997646193
0.4,0.4,0.5,0.6,0.49613002,49925,0.03879471285618957
0.9,0.8,0.9,0.7,0.4961333,49925,0.040249442427549915
0.8,0.5,0.8,0.2,0.49614698,49925,0.040843836739612935
0.5,0.5,0.7,0.5,0.49615854,49925,0.03977146050502778
0.1,0.2,0.7,0.3,0.49616054,49925,0.0360744769257988
0.8,0.4,0.7,0.1,0.49616066,49925,0.040711115569951745
0.4,0.9,0.3,0.3,0.49616316,49925,0.03958441416040756
0.2,0.3,0.7,0.4,0.4961657,49925,0.037807915210109164
0.2,0.4,0.2,0.3,0.49617302,49925,0.03912330149793881
0.4,0.8,0.4,0.6,0.49617302,49925,0.03912330149793881
0.2,0.4,0.2,0.6,0.49617454,49925,0.03670365856715953
0.1,0.2,0.1,0.3,0.49617454,49925,0.03670365856715953
0.3,0.6,0.3,0.9,0.49617454,49925,0.03670365856715953
0.8,0.7,0.9,0.6,0.496185,49925,0.040236107495535606
0.5,0.6,0.9,0.6,0.4961853,49925,0.039477090530245985
0.8,0.8,0.7,0.3,0.4961955,49925,0.04155409541496386
0.4,0.9,0.2,0.3,0.49620092,49925,0.038504595458659245
0.7,0.7,0.8,0.9,0.49620822,49925,0.039268419135213624
0.7,0.9,0.6,0.3,0.496209,49925,0.04148469731519974
0.1,0.2,0.7,0.4,0.4962149,49925,0.03550055701732707
0.4,0.9,0.2,0.7,0.49621803,49925,0.037012761596016464
0.9,0.5,0.8,0.2,0.49621916,49925,0.040736242813234805
0.7,0.7,0.8,0.8,0.4962245,49925,0.03960335691379335
0.4,0.4,0.6,0.3,0.49622732,49925,0.04020892161135557
0.8,0.6,0.9,0.3,0.4962479,49925,0.040826915000831986
0.9,0.9,0.8,0.4,0.496263,49925,0.04135601919537911
0.9,0.8,0.9,0.6,0.49626678,49925,0.040544300718186065
0.1,0.2,0.6,0.5,0.49627256,49925,0.035160421180956046
0.8,0.6,0.9,0.4,0.49628162,49925,0.04050162752484976
0.4,0.5,0.9,0.5,0.49628273,49925,0.03914528249234326
0.3,0.7,0.2,0.5,0.49628726,49925,0.037727135430436404
0.6,0.6,0.8,0.7,0.49628899,49925,0.039471894845842806
0.6,0.3,0.5,0.1,0.49630266,49925,0.04065474706966958
0.8,0.7,0.8,0.5,0.4963083,49925,0.040624965175483634
0.5,0.9,0.5,0.7,0.49631646,49925,0.03939371559866706
0.3,0.4,0.8,0.4,0.49631682,49925,0.03889210947688198
0.2,0.3,0.6,0.7,0.49632072,49925,0.036353854315288786
0.9,0.9,0.7,0.1,0.49632508,49925,0.04231089751581386
0.4,0.9,0.3,0.5,0.4963265,49925,0.03872711402479611
0.4,0.4,0.7,0.2,0.4963268,49925,0.04048729652938809
0.4,0.8,0.4,0.5,0.4963285,49925,0.039597230844204016
0.4,0.9,0.3,0.9,0.49634632,49925,0.037161384558000395
0.9,0.9,0.9,0.7,0.49635306,49925,0.040453664396046286
0.5,0.5,0.5,0.4,0.49635544,49925,0.04040570223185296
0.6,0.6,0.8,0.9,0.49635822,49925,0.03878295986880234
0.4,0.9,0.2,0.6,0.49636307,49925,0.03738508575050755
0.4,0.5,0.8,0.7,0.4963649,49925,0.03851814051602976
0.3,0.5,0.3,0.4,0.49637023,49925,0.03956271207970984
0.6,0.9,0.6,0.8,0.49637693,49925,0.039548867998714016
0.4,0.8,0.4,0.7,0.49637827,49925,0.03870095435253876
0.3,0.4,0.6,0.9,0.49638754,49925,0.03688160613706417
0.4,0.8,0.4,0.9,0.49638864,49925,0.03785922411891476
0.2,0.4,0.2,0.5,0.49639055,49925,0.03746835486531327
0.6,0.6,0.7,0.9,0.49639753,49925,0.03880406659988818
0.8,0.9,0.7,0.4,0.49640125,49925,0.04129747651065623
0.5,0.5,0.8,0.3,0.49640143,49925,0.04042525251727703
0.3,0.6,0.3,0.7,0.49640882,49925,0.03772738293439279
0.3,0.6,0.3,0.6,0.49641225,49925,0.038270534056019594
0.4,0.8,0.4,0.8,0.49641225,49925,0.038270534056019594
0.2,0.4,0.2,0.4,0.49641225,49925,0.038270534056019594
0.1,0.2,0.1,0.2,0.49641225,49925,0.038270534056019594
0.4,0.9,0.3,0.4,0.4964189,49925,0.03915895389476428
0.9,0.8,0.7,0.2,0.49642485,49925,0.0418323543648418
0.7,0.5,0.7,0.4,0.49643221,49925,0.04029811855045439
0.8,0.4,0.5,0.1,0.4964337,49925,0.040920646026153897
0.4,0.5,0.8,0.8,0.4964345,49925,0.03813518469078734
0.7,0.6,0.8,0.5,0.4964408,49925,0.04026803921186174
0.7,0.6,0.9,0.4,0.4964417,49925,0.04047148989431299
0.2,0.3,0.9,0.3,0.49645132,49925,0.03777110278488193
0.8,0.8,0.8,0.6,0.49645332,49925,0.040531015603293155
0.4,0.4,0.4,0.3,0.49645332,49925,0.040531015603293155
0.1,0.2,0.5,0.9,0.49645442,49925,0.032913219663234336
0.4,0.6,0.4,0.5,0.49645883,49925,0.03973451289264081
0.8,0.9,0.8,0.7,0.4964611,49925,0.04039601025437109
0.7,0.8,0.7,0.5,0.4964625,49925,0.040820666463371305
0.8,0.8,0.9,0.9,0.4964631,49925,0.039642073981790656
0.1,0.2,0.8,0.2,0.49647617,49925,0.03625950038912919
0.9,0.3,0.5,0.1,0.496477,49925,0.03957607049925544
0.4,0.9,0.3,0.6,0.49647892,49925,0.03831651749983686
0.4,0.9,0.2,0.2,0.49647924,49925,0.038901658151330114
0.6,0.6,0.6,0.5,0.49648336,49925,0.040320142461871655
0.2,0.3,0.6,0.4,0.49649146,49925,0.038056260773474536
0.7,0.4,0.5,0.2,0.49649167,49925,0.040719944905063324
0.7,0.6,0.7,0.6,0.49649316,49925,0.03997338127792253
0.6,0.5,0.9,0.1,0.49650025,49925,0.041149297390518105
0.8,0.5,0.6,0.3,0.49650365,49925,0.040650743756750755
0.9,0.7,0.7,0.3,0.49650759,49925,0.041239175197663444
0.5,0.7,0.5,0.6,0.49651584,49925,0.039807715450584674
0.6,0.6,0.8,0.8,0.4965168,49925,0.039117975538318056
0.3,0.3,0.4,0.4,0.4965168,49925,0.039117975538318056
0.5,0.6,0.9,0.7,0.49653053,49925,0.03912762977632582
0.6,0.4,0.6,0.3,0.4965371,49925,0.04030544353613771
0.2,0.4,0.1,0.6,0.49654257,49925,0.035238699526523
0.8,0.6,0.7,0.4,0.4965503,49925,0.04069287949380556
0.3,0.6,0.3,0.5,0.49655032,49925,0.03883227290005919
0.4,0.5,0.5,0.7,0.49656814,49925,0.038725063119003984
0.9,0.4,0.7,0.2,0.49657044,49925,0.040127394737781805
0.3,0.7,0.1,0.5,0.4965727,49925,0.036220115631747464
0.9,0.8,0.7,0.3,0.49657607,49925,0.041460209477269735
0.4,0.4,0.8,0.1,0.49657688,49925,0.040733128644351455
0.6,0.7,0.5,0.1,0.4965804,49925,0.04223471342637199
0.4,0.3,0.5,0.1,0.49658364,49925,0.04100835512262217
0.6,0.6,0.5,0.2,0.49659115,49925,0.04166130077169909
0.5,0.5,0.8,0.4,0.49659306,49925,0.040007935542954405
0.2,0.3,0.6,0.5,0.49659353,49925,0.03746920035515103
0.3,0.7,0.1,0.6,0.49660206,49925,0.03577532797364876
0.1,0.2,0.9,0.2,0.49660593,49925,0.035818000704954917
0.9,0.7,0.8,0.5,0.49661675,49925,0.040614272653523784
0.6,0.5,0.7,0.4,0.49661863,49925,0.04030485167063415
0.2,0.3,0.9,0.4,0.49661922,49925,0.03729578103160892
0.1,0.2,0.1,0.6,0.49662617,49925,0.03311578672189787
0.6,0.7,0.6,0.5,0.496632,49925,0.040544474034185096
0.3,0.8,0.1,0.1,0.496633,49925,0.0374584280460894
0.4,0.7,0.4,0.6,0.4966348,49925,0.03920516296930892
0.8,0.9,0.8,0.6,0.49664295,49925,0.04071775626432969
0.2,0.3,0.8,0.4,0.49664986,49925,0.03756544933163878
0.1,0.2,0.1,0.5,0.4966522,49925,0.034169960474705545
0.8,0.5,0.8,0.3,0.49665338,49925,0.04047651948403359
0.7,0.9,0.7,0.7,0.496654,49925,0.04023584131812556
0.9,0.5,0.6,0.2,0.49666354,49925,0.04086048719568805
0.5,0.6,0.9,0.9,0.49666688,49925,0.03844968946613212
0.5,0.9,0.5,0.8,0.4966671,49925,0.03900900305422631
0.6,0.6,0.9,0.5,0.4966697,49925,0.04003276646398522
0.3,0.4,0.7,0.5,0.4966742,49925,0.03859035135212318
0.8,0.7,0.9,0.7,0.49667987,49925,0.0399396426748792
0.3,0.6,0.3,0.4,0.49668765,49925,0.03944130706402342
0.2,0.4,0.1,0.8,0.49668902,49925,0.033914659785754635
0.3,0.4,0.8,0.5,0.49669105,49925,0.03843163677616954
0.3,0.7,0.1,0.2,0.4966969,49925,0.03752411107746354
0.5,0.6,0.5,0.4,0.49671346,49925,0.04066589613915863
0.2,0.3,0.7,0.5,0.4967172,49925,0.03727268521236258
0.9,0.7,0.9,0.6,0.49671912,49925,0.04024819378579926
0.8,0.6,0.6,0.2,0.49672037,49925,0.04144894581189944
0.4,0.3,0.3,0.1,0.49672037,49925,0.04144894581189944
0.1,0.2,0.9,0.1,0.49672225,49925,0.036262071895479316
0.3,0.4,0.9,0.3,0.49672705,49925,0.03909904480342023
0.3,0.4,0.7,0.8,0.4967278,49925,0.03724872039303365
0.4,0.9,0.2,0.8,0.4967297,49925,0.03664442083901045
0.7,0.9,0.6,0.1,0.4967301,49925,0.04232240998427477
0.9,0.5,0.9,0.1,0.49673253,49925,0.04089797286586508
0.7,0.4,0.7,0.1,0.49673504,49925,0.04090599750736189
0.5,0.4,0.4,0.2,0.49673513,49925,0.04109013868572218
0.8,0.8,0.7,0.4,0.49673837,49925,0.04118698952060938
0.7,0.5,0.8,0.3,0.49673927,49925,0.04053597795093674
0.3,0.3,0.5,0.2,0.4967517,49925,0.04022127795638841
0.5,0.5,0.6,0.8,0.49675176,49925,0.03859741308239004
0.5,0.6,0.9,0.8,0.49675375,49925,0.03877395038254861
0.5,0.8,0.5,0.7,0.49675688,49925,0.03942461072785102
0.8,0.7,0.8,0.7,0.49676055,49925,0.03997431616100083
0.4,0.9,0.3,0.7,0.49676526,49925,0.03793086625091622
0.1,0.2,0.6,0.7,0.49676806,49925,0.03399457542812759
0.7,0.5,0.5,0.2,0.49676827,49925,0.04121730415649409
0.4,0.9,0.3,0.8,0.49677432,49925,0.037549035157535826
0.4,0.4,0.5,0.7,0.49678102,49925,0.038287253278555006
0.7,0.8,0.7,0.6,0.4967974,49925,0.04046364460435073
0.6,0.8,0.5,0.2,0.4967975,49925,0.04168110179275467
0.4,0.9,0.2,0.9,0.49679965,49925,0.036278915831710716
0.5,0.3,0.5,0.1,0.49680087,49925,0.04086365737107276
0.2,0.3,0.3,0.9,0.496807,49925,0.03509376212797708
0.6,0.8,0.5,0.3,0.49681735,49925,0.04122691930055204
0.6,0.5,0.6,0.5,0.49682054,49925,0.039969309420035265
0.5,0.8,0.5,0.8,0.49682415,49925,0.039013510485483495
0.2,0.3,0.6,0.9,0.49682873,49925,0.03538180275413521
0.8,0.7,0.6,0.2,0.49683142,49925,0.04168267042221634
0.5,0.5,0.7,0.7,0.4968318,49925,0.03896213711607108
0.4,0.5,0.4,0.4,0.4968412,49925,0.04019758062120018
0.5,0.5,0.7,0.6,0.49684623,49925,0.03936631347161005
0.1,0.2,0.1,0.7,0.49684852,49925,0.03217981604864573
0.8,0.7,0.9,0.8,0.49685004,49925,0.03964239170016009
0.3,0.4,0.7,0.6,0.4968512,49925,0.038119206070356786
0.2,0.3,0.2,0.3,0.49685177,49925,0.03919395809745791
0.4,0.6,0.4,0.6,0.49685177,49925,0.03919395809745791
0.6,0.9,0.6,0.9,0.49685177,49925,0.03919395809745791
0.3,0.3,0.6,0.1,0.4968557,49925,0.04055329598055954
0.6,0.4,0.5,0.3,0.496856,49925,0.040415063375020634
0.4,0.5,0.9,0.6,0.49686575,49925,0.038764690707052324
0.9,0.5,0.8,0.3,0.49689525,49925,0.04038252374904924
0.4,0.2,0.3,0.1,0.49689767,49925,0.04045245772438007
0.8,0.4,0.6,0.2,0.49689767,49925,0.04045245772438007
0.4,0.9,0.2,0.1,0.49690583,49925,0.039263770269059084
0.2,0.3,0.7,0.7,0.4969101,49925,0.03624700422726935
0.4,0.5,0.5,0.8,0.4969153,49925,0.03824970431013418
0.7,0.5,0.5,0.1,0.49691674,49925,0.041728342426120855
0.7,0.6,0.8,0.6,0.49692005,49925,0.03993469229093008
0.6,0.6,0.9,0.6,0.49692273,49925,0.03968904844027966
0.4,0.4,0.6,0.4,0.49692273,49925,0.039689048440279664
0.2,0.2,0.3,0.2,0.49692273,49925,0.039689048440279664
0.9,0.9,0.7,0.2,0.4969287,49925,0.04193660363951147
0.5,0.6,0.5,0.5,0.49694353,49925,0.04016519344886519
0.6,0.5,0.9,0.2,0.49694374,49925,0.04072983039307805
0.9,0.6,0.9,0.5,0.4969457,49925,0.040147821987034295
0.6,0.7,0.7,0.9,0.4969652,49925,0.03908483315838866
0.7,0.6,0.8,0.7,0.49696574,49925,0.03959065321413649
0.1,0.2,0.8,0.3,0.49696842,49925,0.03572056916612317
0.5,0.6,0.6,0.8,0.49697316,49925,0.0389372213608157
0.8,0.7,0.7,0.4,0.49698156,49925,0.04097078936431539
0.2,0.4,0.1,0.7,0.4969839,49925,0.034551573234921966
0.3,0.3,0.4,0.5,0.49698392,49925,0.03844376735871611
0.5,0.5,0.7,0.8,0.49698415,49925,0.03856814918453882
0.4,0.5,0.8,0.9,0.49699408,49925,0.037781758013779004
0.5,0.3,0.4,0.2,0.49699453,49925,0.04046375053615009
0.1,0.2,0.7,0.5,0.49700677,49925,0.03494583892368293
0.5,0.4,0.7,0.1,0.49700886,49925,0.0411061301991358
0.5,0.6,0.4,0.2,0.49701518,49925,0.04145538909858247
0.8,0.7,0.6,0.1,0.4970184,49925,0.04211795930905317
0.7,0.7,0.6,0.3,0.49702418,49925,0.0413845855768925
0.6,0.5,0.8,0.3,0.4970308,49925,0.04052147488661408
0.6,0.8,0.5,0.1,0.4970317,49925,0.04217127535151998
0.9,0.6,0.6,0.1,0.49703395,49925,0.04166393446454621
0.8,0.5,0.8,0.4,0.49703455,49925,0.04011896430880384
0.7,0.9,0.6,0.4,0.4970506,49925,0.04110085277010732
0.3,0.4,0.7,0.9,0.4970547,49925,0.036835346606183275
0.8,0.6,0.9,0.5,0.4970625,49925,0.040179795974586256
0.9,0.9,0.8,0.5,0.49706447,49925,0.04103200402743296
0.9,0.8,0.9,0.8,0.49706465,49925,0.039966121377256476
0.5,0.4,0.5,0.4,0.49707022,49925,0.039968738898121844
0.3,0.4,0.7,0.7,0.49707332,49925,0.037677793245594525
0.8,0.6,0.8,0.5,0.49708593,49925,0.040274936763879464
0.9,0.6,0.8,0.5,0.49709108,49925,0.04022096163390651
0.5,0.4,0.7,0.2,0.4970954,49925,0.04058205211399819
0.8,0.3,0.6,0.1,0.4970957,49925,0.03986110360430572
0.5,0.3,0.5,0.2,0.49710587,49925,0.04028155784674102
0.3,0.4,0.9,0.4,0.49710846,49925,0.03866883106878018
0.3,0.4,0.4,0.7,0.4971171,49925,0.03781992083556243
0.3,0.7,0.1,0.4,0.49711978,49925,0.03665363525195908
0.5,0.6,0.4,0.1,0.49712014,49925,0.042060658188815804
0.8,0.8,0.6,0.1,0.49712574,49925,0.0422017460343097
0.5,0.4,0.6,0.3,0.49713233,49925,0.04033462031380039
0.9,0.5,0.7,0.3,0.4971347,49925,0.040454116268738724
0.4,0.5,0.8,0.6,0.4971366,49925,0.038926140672805205
0.5,0.2,0.3,0.1,0.49713868,49925,0.03991754760270923
0.9,0.7,0.8,0.6,0.4971435,49925,0.04026357821878699
0.8,0.6,0.6,0.3,0.49714956,49925,0.04102166648058924
0.7,0.7,0.7,0.6,0.49715608,49925,0.040261889239607225
0.6,0.4,0.7,0.1,0.49715784,49925,0.04105565282980203
0.9,0.7,0.7,0.4,0.49716413,49925,0.04088824420753511
0.3,0.5,0.3,0.5,0.49716446,49925,0.03888375831385513
0.6,0.7,0.5,0.3,0.49716738,49925,0.041242379183635436
0.2,0.3,0.6,0.8,0.49716955,49925,0.035849842577005166
0.6,0.4,0.4,0.1,0.49717125,49925,0.04146806016049822
0.2,0.3,0.7,0.6,0.49718326,49925,0.03674513047937341
0.4,0.9,0.1,0.9,0.49718583,49925,0.03489633541609351
0.3,0.4,0.9,0.5,0.49721202,49925,0.03823328949589053
0.8,0.9,0.8,0.8,0.49721587,49925,0.040091885816095275
0.7,0.5,0.6,0.4,0.49722552,49925,0.04036258650817097
0.7,0.6,0.9,0.8,0.49722627,49925,0.03919030596294056
0.9,0.8,0.8,0.5,0.4972305,49925,0.040840731360328716
0.7,0.2,0.4,0.1,0.49723217,49925,0.03886336896479417
0.6,0.5,0.5,0.3,0.49724016,49925,0.04086043695015891
0.4,0.4,0.6,0.6,0.49725026,49925,0.03871859405815946
0.6,0.6,0.9,0.9,0.49725026,49925,0.03871859405815946
0.2,0.2,0.3,0.3,0.49725026,49925,0.03871859405815946
0.9,0.4,0.8,0.1,0.4972512,49925,0.040346732517475475
0.9,0.7,0.9,0.7,0.49725658,49925,0.03995974080993651
0.8,0.7,0.9,0.9,0.49726534,49925,0.03934234294805524
0.3,0.4,0.8,0.6,0.49728358,49925,0.037985578863182816
0.6,0.8,0.6,0.7,0.49728423,49925,0.03985244235159472
0.7,0.9,0.7,0.8,0.49728623,49925,0.0398798358361405
0.6,0.6,0.9,0.7,0.49729154,49925,0.03936385482126232
0.7,0.8,0.7,0.7,0.49729243,49925,0.04010796986259345
0.5,0.5,0.6,0.9,0.4972953,49925,0.03818120114846995
0.5,0.8,0.5,0.9,0.49729878,49925,0.03861695318398079
0.4,0.9,0.1,0.8,0.4973021,49925,0.03521049847335766
0.4,0.4,0.6,0.5,0.497307,49925,0.039195135453032874
0.8,0.6,0.7,0.5,0.49731457,49925,0.04031846651860177
0.6,0.7,0.6,0.6,0.49731627,49925,0.04013462831428327
0.3,0.7,0.1,0.1,0.49733025,49925,0.03793290234964597
0.4,0.5,0.9,0.9,0.49733797,49925,0.03768134141834477
0.7,0.6,0.9,0.9,0.4973427,49925,0.038872820605835294
0.9,0.9,0.7,0.3,0.49734536,49925,0.041578477173345264
0.2,0.2,0.4,0.1,0.4973505,49925,0.04022664219175009
0.4,0.4,0.8,0.2,0.4973505,49925,0.04022664219175009
0.6,0.5,0.7,0.5,0.49735487,49925,0.03990426743584995
0.4,0.7,0.4,0.7,0.49735698,49925,0.03871790973558168
0.7,0.3,0.6,0.1,0.49736133,49925,0.04016490075885025
0.1,0.2,0.6,0.9,0.4973624,49925,0.03293822036348114
0.3,0.6,0.2,0.9,0.4973784,49925,0.035822802311876255
0.6,0.6,0.9,0.8,0.49738282,49925,0.039031993202305895
0.7,0.4,0.7,0.2,0.4973849,49925,0.04047046297684571
0.7,0.3,0.5,0.2,0.49738774,49925,0.03984460938381694
0.3,0.3,0.7,0.1,0.49738955,49925,0.040167174708664086
0.7,0.6,0.8,0.9,0.49739432,49925,0.03893331938296481
0.8,0.3,0.5,0.2,0.49739522,49925,0.03951883426366759
0.7,0.6,0.9,0.5,0.4973956,49925,0.04015987818537142
0.7,0.5,0.9,0.2,0.49740297,49925,0.04071776962490134
0.5,0.9,0.5,0.9,0.49740824,49925,0.03863518329265588
0.1,0.2,0.6,0.8,0.49741337,49925,0.03345460498994819
0.5,0.6,0.6,0.9,0.4974138,49925,0.03854545057090185
0.7,0.5,0.9,0.1,0.4974156,49925,0.041124324984610695
0.7,0.6,0.8,0.8,0.497416,49925,0.03924349026808767
0.9,0.6,0.9,0.6,0.4974167,49925,0.03984886788584291
0.6,0.4,0.6,0.4,0.4974167,49925,0.03984886788584291
0.3,0.2,0.3,0.2,0.4974167,49925,0.03984886788584291
0.6,0.5,0.7,0.7,0.49742502,49925,0.03911796372691443
0.6,0.9,0.5,0.2,0.49742916,49925,0.04156765175334148
0.8,0.4,0.7,0.2,0.49743155,49925,0.040312727774260065
0.8,0.5,0.9,0.1,0.49743646,49925,0.04104173077553348
0.9,0.6,0.7,0.4,0.49743906,49925,0.04057741547044547
0.2,0.4,0.1,0.5,0.49744835,49925,0.03594615208322364
0.3,0.4,0.9,0.8,0.49744987,49925,0.03702694849782064
0.9,0.9,0.9,0.8,0.49746507,49925,0.040184414218201334
0.7,0.5,0.7,0.5,0.49746677,49925,0.03990581843723951
0.9,0.4,0.6,0.2,0.49746826,49925,0.040198677866903065
0.9,0.3,0.6,0.1,0.49748513,49925,0.03955216587477845
0.3,0.7,0.1,0.3,0.4974883,49925,0.03710188895802665
0.6,0.5,0.7,0.6,0.49749014,49925,0.039506594318179954
0.4,0.4,0.9,0.1,0.497498,49925,0.04042215994103682
0.7,0.4,0.6,0.3,0.49750146,49925,0.04020157995345002
0.7,0.9,0.7,0.9,0.49750692,49925,0.03954906933118784
0.7,0.8,0.6,0.4,0.49751624,49925,0.04107737250064464
0.8,0.8,0.8,0.7,0.49752373,49925,0.04022223973360624
0.8,0.6,0.8,0.6,0.4975248,49925,0.03994079664731036
0.4,0.3,0.4,0.3,0.4975248,49925,0.03994079664731036
0.5,0.5,0.9,0.3,0.4975314,49925,0.04022532758635337
0.5,0.5,0.4,0.2,0.4975362,49925,0.04140014086171938
0.3,0.4,0.9,0.6,0.49754208,49925,0.03782915743256778
0.9,0.6,0.6,0.2,0.4975533,49925,0.04124678817687235
0.5,0.2,0.4,0.1,0.49756,49925,0.03980534799245214
0.8,0.9,0.7,0.5,0.49756455,49925,0.04094437599980878
0.8,0.9,0.8,0.9,0.49756622,49925,0.03977181434168212
0.3,0.4,0.4,0.9,0.4975713,49925,0.036755631322921825
0.6,0.4,0.7,0.2,0.4975782,49925,0.04055494839275086
0.8,0.5,0.5,0.1,0.49758843,49925,0.0414485712712171
0.9,0.8,0.9,0.9,0.49760392,49925,0.03968809852018773
0.8,0.8,0.8,0.8,0.4976042,49925,0.03990502951110467
0.6,0.6,0.6,0.6,0.4976042,49925,0.03990502951110467
0.7,0.7,0.7,0.7,0.4976042,49925,0.03990502951110467
0.1,0.1,0.1,0.1,0.4976042,49925,0.03990502951110467
0.5,0.5,0.5,0.5,0.4976042,49925,0.03990502951110467
0.9,0.9,0.9,0.9,0.4976042,49925,0.03990502951110467
0.3,0.3,0.3,0.3,0.4976042,49925,0.03990502951110467
0.2,0.2,0.2,0.2,0.4976042,49925,0.03990502951110467
0.4,0.4,0.4,0.4,0.4976042,49925,0.03990502951110467
0.6,0.3,0.5,0.2,0.49760604,49925,0.040103185949374065
0.8,0.7,0.6,0.3,0.49761307,49925,0.041273656587112816
0.6,0.7,0.6,0.8,0.49761343,49925,0.03934165709669319
0.5,0.5,0.8,0.7,0.49761665,49925,0.03884748184206407
0.7,0.6,0.9,0.7,0.49762946,49925,0.03951868473449768
0.6,0.2,0.4,0.1,0.49764833,49925,0.039359366128763694
0.6,0.5,0.6,0.6,0.497651,49925,0.03954811476396261
0.4,0.6,0.4,0.7,0.49765232,49925,0.03868510392216529
0.4,0.8,0.3,0.5,0.49765345,49925,0.038902685542165916
0.1,0.2,0.7,0.7,0.4976621,49925,0.03389600309519269
0.4,0.5,0.9,0.8,0.49767002,49925,0.03801860484924849
0.1,0.2,0.8,0.4,0.4976701,49925,0.03519985788701657
0.9,0.8,0.8,0.6,0.49767458,49925,0.04051085968454501
0.4,0.9,0.1,0.7,0.49767923,49925,0.03551717145799781
0.8,0.5,0.9,0.2,0.49768543,49925,0.04067029143476571
0.9,0.7,0.9,0.8,0.4976902,49925,0.03965723203313754
0.4,0.9,0.1,0.6,0.49769136,49925,0.035832211824974106
0.5,0.5,0.7,0.9,0.49769244,49925,0.03817132382907333
0.7,0.6,0.5,0.2,0.49769676,49925,0.04146687747274883
0.6,0.6,0.5,0.3,0.49770662,49925,0.04113788191426785
0.9,0.5,0.8,0.4,0.4977104,49925,0.04004489486154508
0.5,0.4,0.5,0.5,0.49771163,49925,0.039455202993708686
0.8,0.8,0.7,0.5,0.49772397,49925,0.040817591606742316
0.7,0.8,0.7,0.8,0.497727,49925,0.039753659947156135
0.8,0.4,0.8,0.1,0.4977289,49925,0.04053071172977361
0.9,0.5,0.9,0.3,0.49773028,49925,0.040235831242076796
0.8,0.6,0.9,0.6,0.49773872,49925,0.039860929970463053
0.4,0.4,0.3,0.1,0.49774063,49925,0.041788866919365696
0.8,0.8,0.6,0.2,0.49774063,49925,0.041788866919365696
0.9,0.7,0.8,0.7,0.49775058,49925,0.03995484736632168
0.8,0.7,0.8,0.8,0.49775243,49925,0.039647844008663974
0.3,0.6,0.2,0.1,0.49775326,49925,0.04033322661606365
0.7,0.5,0.8,0.4,0.49775738,49925,0.04016855973496708
0.3,0.4,0.4,0.8,0.49775884,49925,0.03728140201865756
0.3,0.5,0.3,0.6,0.49775928,49925,0.038250105781635055
0.5,0.4,0.6,0.4,0.49775955,49925,0.039864547313868445
0.4,0.4,0.9,0.2,0.49776393,49925,0.039955244117284655
0.7,0.8,0.7,0.9,0.4977669,49925,0.039420426952408355
0.9,0.9,0.8,0.6,0.49776867,49925,0.04072171112843601
0.7,0.6,0.7,0.8,0.49777132,49925,0.03925684649355699
0.8,0.5,0.7,0.4,0.49777883,49925,0.04021529664401547
0.7,0.6,0.6,0.4,0.4978046,49925,0.04071041006909639
0.3,0.4,0.8,0.8,0.49780977,49925,0.03713190949798923
0.3,0.3,0.6,0.2,0.4978161,49925,0.03989984576792806
0.1,0.2,0.7,0.6,0.49782288,49925,0.03441109089512517
0.4,0.8,0.3,0.4,0.49782565,49925,0.03936478352079103
0.4,0.5,0.5,0.9,0.49782696,49925,0.03779806438008512
0.8,0.2,0.4,0.1,0.49782702,49925,0.03837334664391706
0.4,0.8,0.2,0.4,0.49782914,49925,0.03833779961817474
0.2,0.4,0.1,0.2,0.49782914,49925,0.03833779961817474
0.4,0.8,0.3,0.6,0.49783134,49925,0.03845535916779487
0.9,0.8,0.7,0.4,0.49783877,49925,0.04109459377050694
0.9,0.3,0.5,0.2,0.49784017,49925,0.03916829569109932
0.4,0.7,0.4,0.8,0.49784225,49925,0.038259613932167716
0.5,0.7,0.5,0.8,0.4978436,49925,0.038939252329555335
0.4,0.8,0.3,0.1,0.49784455,49925,0.040849510627081094
0.5,0.5,0.8,0.6,0.4978543,49925,0.03922875928997239
0.9,0.5,0.9,0.2,0.4978547,49925,0.0405710242737987
0.5,0.6,0.5,0.6,0.49785632,49925,0.039685946189223414
0.9,0.4,0.7,0.3,0.49785665,49925,0.039766429657925956
0.6,0.8,0.6,0.9,0.4978617,49925,0.039110047768556505
0.2,0.3,0.2,0.4,0.49787572,49925,0.038196732450024015
0.4,0.6,0.4,0.8,0.49787572,49925,0.038196732450024015
0.4,0.5,0.4,0.5,0.49787804,49925,0.039610288937120826
0.5,0.5,0.8,0.5,0.49788514,49925,0.03960327673069796
0.2,0.3,0.7,0.9,0.49788946,49925,0.035334133164719804
0.4,0.8,0.3,0.2,0.4978902,49925,0.040344775155299696
0.5,0.4,0.8,0.1,0.49789506,49925,0.04082532210902891
0.7,0.6,0.7,0.7,0.49789917,49925,0.039605092655482434
0.6,0.7,0.6,0.7,0.49789965,49925,0.039730837126395156
0.3,0.6,0.1,0.7,0.49790493,49925,0.03536111686858326
0.2,0.3,0.8,0.6,0.49790582,49925,0.036574852539581496
0.6,0.8,0.5,0.4,0.49791256,49925,0.040788548536497
0.7,0.7,0.6,0.4,0.49791524,49925,0.04095042528196711
0.3,0.6,0.2,0.3,0.49792305,49925,0.0390507754103738
0.3,0.4,0.3,0.4,0.49792334,49925,0.039470216729126914
0.6,0.8,0.6,0.8,0.49792334,49925,0.039470216729126914
0.8,0.6,0.9,0.7,0.49792472,49925,0.03954159588655065
0.9,0.9,0.7,0.4,0.49792698,49925,0.04122042180448827
0.5,0.7,0.4,0.2,0.49793065,49925,0.04137169216540085
0.5,0.6,0.5,0.7,0.4979378,49925,0.03921682159974992
0.8,0.7,0.7,0.5,0.49793828,49925,0.040590923477342576
0.1,0.2,0.7,0.8,0.4979383,49925,0.03339868386459523
0.6,0.9,0.5,0.3,0.49796104,49925,0.04114837501591646
0.3,0.6,0.2,0.8,0.4979646,49925,0.03630634160856668
0.2,0.3,0.7,0.8,0.49797496,49925,0.03579150396126451
0.4,0.5,0.9,0.7,0.4979778,49925,0.038377948382680674
0.7,0.6,0.9,0.6,0.49799305,49925,0.039828690443011204
0.4,0.8,0.2,0.3,0.49799412,49925,0.03879135367358835
0.1,0.2,0.8,0.5,0.49800074,49925,0.03471703267409734
0.8,0.7,0.8,0.9,0.49800608,49925,0.039341232933761516
0.4,0.8,0.2,0.6,0.49801755,49925,0.03750276664570909
0.2,0.4,0.1,0.3,0.49801755,49925,0.03750276664570909
0.6,0.5,0.8,0.4,0.49802086,49925,0.04013940772909806
0.5,0.7,0.5,0.7,0.49802682,49925,0.03935925712920137
0.3,0.6,0.2,0.4,0.4980294,49925,0.038456980030276304
0.5,0.4,0.6,0.5,0.49803156,49925,0.03938454890077426
0.3,0.4,0.3,0.5,0.49803415,49925,0.0387489240575542
0.6,0.5,0.6,0.7,0.49804237,49925,0.03913859802185591
0.7,0.4,0.7,0.3,0.498044,49925,0.04004653010416474
0.4,0.4,0.7,0.3,0.49805182,49925,0.03996214414040325
0.8,0.5,0.9,0.3,0.49806252,49925,0.040329338665911624
0.2,0.2,0.5,0.1,0.4980718,49925,0.03967454103966632
0.3,0.6,0.1,0.8,0.4980732,49925,0.03488673013037133
0.8,0.6,0.7,0.6,0.498077,49925,0.039947094210556644
0.7,0.5,0.8,0.5,0.49807832,49925,0.03980621262579794
0.5,0.7,0.5,0.9,0.4980862,49925,0.03852772870041296
0.9,0.6,0.8,0.6,0.49808645,49925,0.039895708813405796
0.3,0.3,0.4,0.6,0.49808666,49925,0.03780925796232801
0.7,0.6,0.5,0.1,0.49808687,49925,0.04197586222445196
0.3,0.4,0.9,0.7,0.49808735,49925,0.03743119682679181
0.9,0.3,0.6,0.2,0.49808827,49925,0.03916935822812568
0.7,0.5,0.6,0.5,0.49809584,49925,0.039924355826519084
0.9,0.9,0.8,0.7,0.49809754,49925,0.04039698697711571
0.4,0.8,0.3,0.3,0.4981308,49925,0.03985833837069628
0.6,0.4,0.7,0.3,0.49813557,49925,0.04013242452504263
0.8,0.8,0.7,0.6,0.4981357,49925,0.04046256137500865
0.4,0.8,0.2,0.9,0.49813887,49925,0.036330750289768746
0.6,0.5,0.9,0.3,0.49814427,49925,0.04032311274988347
0.9,0.5,0.8,0.5,0.4981473,49925,0.039709898834587774
0.4,0.8,0.3,0.8,0.49814788,49925,0.03761142510911563
0.8,0.9,0.6,0.2,0.49814817,49925,0.041808783657415825
0.8,0.5,0.8,0.5,0.49815488,49925,0.0397837501856349
0.8,0.4,0.7,0.3,0.49815777,49925,0.03992014593245304
0.6,0.5,0.8,0.5,0.49816307,49925,0.039758522682919975
0.3,0.4,0.9,0.9,0.4981671,49925,0.036646065043709874
0.8,0.9,0.7,0.6,0.49816772,49925,0.04060782590686759
0.2,0.3,0.9,0.5,0.4981774,49925,0.036834892733800875
0.7,0.3,0.4,0.1,0.4981841,49925,0.040348599798908556
0.8,0.9,0.6,0.3,0.49818495,49925,0.0414168703685298
0.5,0.4,0.6,0.6,0.4981963,49925,0.038931309758189064
0.7,0.5,0.8,0.6,0.49819902,49925,0.039449487787178494
0.3,0.5,0.3,0.9,0.49819946,49925,0.03655907601265184
0.3,0.3,0.5,0.4,0.49819988,49925,0.03893307383949633
0.7,0.4,0.6,0.4,0.49820212,49925,0.039763845211236964
0.4,0.4,0.6,0.7,0.49820852,49925,0.03824202003486629
0.9,0.4,0.8,0.2,0.49820983,49925,0.039994560630158195
0.8,0.6,0.9,0.8,0.4982101,49925,0.039258391557747616
0.5,0.5,0.8,0.8,0.4982165,49925,0.03847289786437208
0.6,0.7,0.6,0.9,0.49822384,49925,0.038961793512904644
0.3,0.6,0.1,0.3,0.49822736,49925,0.037389028660965065
0.9,0.8,0.8,0.8,0.49823207,49925,0.039912307729911674
0.6,0.5,0.8,0.7,0.49823648,49925,0.03904468857422542
0.2,0.3,0.8,0.5,0.498241,49925,0.03706070934036764
0.9,0.7,0.9,0.9,0.49824616,49925,0.039385734217843416
0.4,0.3,0.5,0.2,0.49825734,49925,0.040348819442156514
0.6,0.3,0.6,0.1,0.49825814,49925,0.04040749725125585
0.7,0.7,0.7,0.9,0.49825814,49925,0.039204521711783
0.8,0.6,0.8,0.7,0.4982675,49925,0.039605642104508905
0.5,0.5,0.9,0.4,0.49827427,49925,0.039815507283085576
0.4,0.5,0.4,0.6,0.49827805,49925,0.03903249805395084
0.1,0.2,0.8,0.6,0.49828872,49925,0.03422096826386612
0.6,0.5,0.8,0.6,0.4982937,49925,0.039392680697585045
0.4,0.8,0.3,0.7,0.4982958,49925,0.038033780984655284
0.8,0.3,0.6,0.2,0.4983064,49925,0.03946133071319482
0.4,0.8,0.3,0.9,0.4983072,49925,0.037192998695923976
0.9,0.4,0.9,0.1,0.49834132,49925,0.040193728118599545
0.9,0.4,0.5,0.1,0.4983428,49925,0.04056377157158988
0.6,0.4,0.5,0.4,0.49834698,49925,0.03989457686067386
0.4,0.4,0.5,0.8,0.49835303,49925,0.037815205250939725
0.6,0.5,0.7,0.8,0.49835554,49925,0.03874600347188392
0.8,0.7,0.7,0.6,0.49836117,49925,0.04024158711888382
0.8,0.8,0.6,0.3,0.49836802,49925,0.041385181814986016
0.1,0.2,0.9,0.3,0.49837303,49925,0.03535711889229205
0.9,0.5,0.6,0.3,0.49837556,49925,0.04044391871762899
0.7,0.5,0.9,0.3,0.4983762,49925,0.04034566339165963
0.3,0.4,0.8,0.9,0.4983796,49925,0.03672916289221073
0.3,0.3,0.5,0.3,0.4983801,49925,0.03954975402916513
0.6,0.6,0.6,0.8,0.49838328,49925,0.039097017095826615
0.3,0.3,0.3,0.4,0.49838328,49925,0.039097017095826615
0.8,0.8,0.8,0.9,0.4983848,49925,0.0395917525952116
0.6,0.5,0.8,0.8,0.4983894,49925,0.03868322563131709
0.4,0.7,0.4,0.9,0.49838942,49925,0.0378281224772962
0.4,0.8,0.2,0.7,0.49839258,49925,0.03709604604387915
0.4,0.5,0.3,0.1,0.4983982,49925,0.041767471095488846
0.9,0.8,0.8,0.7,0.49841222,49925,0.040204344983409496
0.7,0.9,0.6,0.5,0.49841678,49925,0.040717112002564226
0.4,0.3,0.6,0.1,0.49842986,49925,0.040667180476765666
0.7,0.7,0.5,0.1,0.4984309,49925,0.042068594616577526
0.5,0.5,0.5,0.7,0.49843127,49925,0.03893874455903879
0.3,0.6,0.2,0.7,0.4984352,49925,0.036798411060863644
0.3,0.6,0.2,0.5,0.49843785,49925,0.037899451860589004
0.8,0.6,0.8,0.8,0.4984432,49925,0.039287401827079384
0.4,0.3,0.4,0.4,0.4984432,49925,0.039287401827079384
0.3,0.4,0.8,0.7,0.4984535,49925,0.037542987252624845
0.5,0.5,0.5,0.6,0.49845463,49925,0.03940726841712263
0.8,0.6,0.9,0.9,0.49845827,49925,0.038959465398546736
0.8,0.5,0.5,0.2,0.4984586,49925,0.04094714838394497
0.2,0.3,0.8,0.9,0.4984612,49925,0.03527439328421125
0.4,0.4,0.4,0.5,0.4984621,49925,0.03928709741069542
0.5,0.3,0.3,0.1,0.49846238,49925,0.04100186775879616
0.9,0.4,0.6,0.3,0.49846405,49925,0.039801501656204046
0.5,0.7,0.4,0.1,0.49847367,49925,0.04191520228386752
0.7,0.4,0.8,0.1,0.49847567,49925,0.040683418595578065
0.3,0.5,0.3,0.8,0.49847686,49925,0.03708641427043988
0.3,0.3,0.8,0.1,0.49847707,49925,0.039761922518572315
0.5,0.5,0.9,0.6,0.49847892,49925,0.03906709193525047
0.6,0.9,0.5,0.4,0.4984796,49925,0.04073292195519827
0.7,0.6,0.6,0.5,0.4984811,49925,0.04029451290272278
0.8,0.4,0.6,0.3,0.49849075,49925,0.04002218517085912
0.8,0.4,0.5,0.2,0.49850285,49925,0.04043306798874221
0.5,0.9,0.4,0.1,0.49850848,49925,0.041442551793309766
0.7,0.7,0.7,0.8,0.49852127,49925,0.03955452042329711
0.4,0.4,0.7,0.5,0.49852586,49925,0.03902023406698232
0.4,0.8,0.2,0.5,0.4985424,49925,0.037919716278446945
0.8,0.7,0.7,0.7,0.49854347,49925,0.039913959919864725
0.8,0.9,0.6,0.1,0.49854484,49925,0.0422078790086136
0.9,0.6,0.9,0.7,0.49854627,49925,0.03954075089016128
0.4,0.3,0.5,0.3,0.49854776,49925,0.03975921630372115
0.5,0.3,0.4,0.3,0.49855062,49925,0.03981886915707608
0.9,0.7,0.6,0.1,0.49856034,49925,0.04189862954740311
0.7,0.9,0.6,0.7,0.49856293,49925,0.039984439798404915
0.2,0.3,0.8,0.7,0.49856895,49925,0.03611687250664708
0.8,0.5,0.9,0.4,0.49856952,49925,0.0399988903305373
0.8,0.5,0.7,0.5,0.49857166,49925,0.039850216127697485
0.6,0.9,0.5,0.1,0.49857378,49925,0.04201551627130871
0.4,0.9,0.1,0.5,0.49857664,49925,0.03613997932117335
0.5,0.6,0.4,0.3,0.49858293,49925,0.040900161289088355
0.5,0.9,0.2,0.3,0.49858558,49925,0.038671560953897594
0.5,0.3,0.5,0.3,0.49858698,49925,0.03973368410947048
0.7,0.9,0.6,0.6,0.49858797,49925,0.04034574723180432
0.9,0.7,0.6,0.2,0.49859187,49925,0.04149513732525286
0.1,0.2,0.7,0.9,0.49859247,49925,0.032930099489397645
0.1,0.2,0.9,0.4,0.49859536,49925,0.03490722844232248
0.7,0.3,0.7,0.1,0.49859595,49925,0.039975115166012494
0.5,0.5,0.9,0.7,0.4986089,49925,0.03871282200903522
0.9,0.5,0.7,0.4,0.49862456,49925,0.04011027144997225
0.5,0.6,0.5,0.8,0.49863163,49925,0.03877744176050521
0.4,0.9,0.1,0.4,0.498644,49925,0.036452350585233356
0.7,0.4,0.5,0.3,0.49864537,49925,0.04023395913623578
0.3,0.3,0.7,0.2,0.49865365,49925,0.03956314172488423
0.7,0.8,0.5,0.1,0.49865448,49925,0.04204557327699484
0.6,0.3,0.5,0.3,0.49865922,49925,0.03957137740765438
0.2,0.2,0.3,0.4,0.49866197,49925,0.03779999355752543
0.4,0.4,0.6,0.8,0.49866197,49925,0.03779999355752543
0.7,0.7,0.6,0.5,0.49867457,49925,0.040542460419956135
0.7,0.7,0.6,0.6,0.49868473,49925,0.040139264285295996
0.6,0.4,0.8,0.1,0.4987002,49925,0.04080631094968578
0.6,0.5,0.7,0.9,0.49870035,49925,0.03838157511924239
0.5,0.3,0.6,0.1,0.49871314,49925,0.040592192233918044
0.4,0.4,0.8,0.3,0.4987148,49925,0.039736308549082666
0.9,0.6,0.8,0.7,0.4987148,49925,0.03957054383911816
0.3,0.6,0.1,0.9,0.49871737,49925,0.0344348173082004
0.3,0.6,0.1,0.6,0.49871907,49925,0.03587538584725752
0.9,0.9,0.8,0.8,0.49873063,49925,0.04008880633368331
0.2,0.3,0.8,0.8,0.49873146,49925,0.03567942171546486
0.6,0.6,0.5,0.4,0.49873614,49925,0.040643146453972503
0.5,0.9,0.4,0.2,0.4987574,49925,0.04099233716051108
0.3,0.3,0.5,0.5,0.49875817,49925,0.038322014462036647
0.5,0.7,0.4,0.3,0.4987582,49925,0.04084902416705298
0.8,0.4,0.9,0.1,0.49876356,49925,0.040350306170218876
0.7,0.7,0.5,0.2,0.49876636,49925,0.041582535386201734
0.3,0.6,0.1,0.2,0.49876723,49925,0.037908713275806485
0.6,0.8,0.5,0.6,0.49876726,49925,0.039944832592729566
0.8,0.5,0.7,0.6,0.49877277,49925,0.039483916797032025
0.6,0.6,0.6,0.7,0.49877638,49925,0.039494025378794984
0.4,0.9,0.1,0.3,0.4987839,49925,0.03673328517533834
0.6,0.3,0.4,0.2,0.49878576,49925,0.04017067209250944
0.9,0.7,0.8,0.8,0.49878705,49925,0.0396478108184704
0.8,0.9,0.6,0.4,0.49879378,49925,0.04104896209622138
0.4,0.4,0.7,0.4,0.49879685,49925,0.03948167066279349
0.9,0.6,0.7,0.5,0.49879935,49925,0.04022573205534536
0.8,0.8,0.7,0.7,0.4988013,49925,0.04012068766784624
0.7,0.6,0.7,0.9,0.49880296,49925,0.03890504674435401
0.6,0.7,0.5,0.4,0.49880588,49925,0.040769680264309466
0.5,0.8,0.4,0.2,0.498809,49925,0.04120001404043522
0.1,0.2,0.8,0.8,0.4988097,49925,0.03330372845652029
0.6,0.9,0.5,0.5,0.4988116,49925,0.04033462183005987
0.4,0.7,0.3,0.2,0.498814,49925,0.040654241313264027
0.5,0.9,0.4,0.3,0.49881822,49925,0.040544196557095236
0.6,0.9,0.5,0.7,0.49882427,49925,0.03956199962990238
0.2,0.3,0.9,0.6,0.49882627,49925,0.03638196084464338
0.5,0.9,0.4,0.8,0.49883193,49925,0.03852811722016433
0.7,0.8,0.6,0.5,0.4988399,49925,0.040681127926797275
0.5,0.4,0.7,0.3,0.4988409,49925,0.040102176867669925
0.5,0.9,0.4,0.4,0.4988415,49925,0.04010722572218882
0.3,0.5,0.3,0.7,0.4988515,49925,0.03765388834327901
0.1,0.2,0.8,0.7,0.49885553,49925,0.03374663935516162
0.3,0.3,0.4,0.7,0.49886158,49925,0.037223046027944025
0.6,0.8,0.5,0.5,0.49887255,49925,0.04036575517376438
0.3,0.6,0.2,0.2,0.49887365,49925,0.03968474073660427
0.6,0.4,0.6,0.5,0.49887946,49925,0.039402779802670054
0.7,0.5,0.7,0.6,0.4988802,49925,0.039528275127401584
0.8,0.5,0.6,0.4,0.49888563,49925,0.04024187753040295
0.8,0.4,0.7,0.4,0.49889052,49925,0.03955678273681534
0.9,0.5,0.7,0.5,0.49889874,49925,0.03973697540371649
0.9,0.4,0.7,0.4,0.49891075,49925,0.03940587758713015
0.4,0.8,0.2,0.2,0.4989133,49925,0.03920157923904669
0.2,0.4,0.1,0.1,0.4989133,49925,0.03920157923904669
0.5,0.5,0.8,0.9,0.49892923,49925,0.03812192251952762
0.4,0.8,0.2,0.1,0.4989295,49925,0.039611432044686486
0.7,0.6,0.6,0.6,0.49892992,49925,0.039904718882133774
0.1,0.2,0.9,0.5,0.49893177,49925,0.034463196657731975
0.7,0.2,0.4,0.2,0.4989321,49925,0.03840136196398111
0.7,0.5,0.5,0.3,0.49894452,49925,0.040715954757030985
0.3,0.6,0.1,0.5,0.49894643,49925,0.036393696116604916
0.5,0.9,0.4,0.5,0.498949,49925,0.03968434041609003
0.5,0.4,0.8,0.2,0.4989499,49925,0.0403478474307622
0.4,0.4,0.4,0.6,0.49895316,49925,0.0387106143513173
0.6,0.6,0.6,0.9,0.49895316,49925,0.038710614351317306
0.2,0.2,0.2,0.3,0.49895316,49925,0.0387106143513173
0.7,0.7,0.5,0.3,0.49895647,49925,0.04112864748520794
0.6,0.5,0.4,0.1,0.49896738,49925,0.041766530465621635
0.6,0.3,0.6,0.2,0.49897107,49925,0.03992014293613918
0.9,0.5,0.9,0.4,0.4989725,49925,0.03991872429992037
0.4,0.4,0.9,0.3,0.49897802,49925,0.03950025765352865
0.9,0.5,0.9,0.5,0.49897906,49925,0.039612305972314056
0.5,0.4,0.5,0.6,0.49899167,49925,0.03895928862085087
0.7,0.8,0.5,0.2,0.49899334,49925,0.04159047036686561
0.6,0.9,0.5,0.6,0.49899837,49925,0.03994185010985356
0.8,0.4,0.8,0.2,0.49900013,49925,0.04015046718926798
0.4,0.2,0.4,0.1,0.49900013,49925,0.04015046718926798
0.5,0.9,0.3,0.1,0.49900907,49925,0.04054634195571659
0.5,0.9,0.4,0.6,0.49901202,49925,0.03927969390132412
0.5,0.8,0.4,0.1,0.49901265,49925,0.041692443752262366
0.6,0.4,0.7,0.4,0.49901602,49925,0.0397130678838107
0.4,0.2,0.3,0.2,0.49901786,49925,0.039605224831349116
0.8,0.4,0.6,0.4,0.49901786,49925,0.039605224831349116
0.6,0.2,0.3,0.1,0.49902043,49925,0.0393136817836836
0.9,0.5,0.8,0.6,0.49902767,49925,0.0393676147049344
0.9,0.2,0.5,0.1,0.49903297,49925,0.03797405698002791
0.6,0.5,0.9,0.4,0.49903342,49925,0.03996055350234319
0.7,0.5,0.7,0.8,0.4990372,49925,0.03880076211407125
0.9,0.6,0.9,0.8,0.49904156,49925,0.03926043481808843
0.4,0.4,0.7,0.6,0.4990417,49925,0.03857875250480103
0.5,0.9,0.4,0.9,0.499045,49925,0.0381627999326091
0.6,0.5,0.5,0.4,0.49904683,49925,0.040359074843346374
0.6,0.3,0.7,0.1,0.49905515,49925,0.04017163866764177
0.5,0.5,0.4,0.3,0.49906543,49925,0.0407837007175257
0.5,0.5,0.9,0.5,0.499066,49925,0.03944269303745911
0.4,0.4,0.6,0.9,0.49906862,49925,0.037378430122721636
0.5,0.8,0.4,0.8,0.49907765,49925,0.038556181477078906
0.9,0.8,0.6,0.1,0.49908,49925,0.04200538312914671
0.4,0.8,0.1,0.8,0.49908012,49925,0.03526963050697323
0.3,0.2,0.2,0.1,0.49908218,49925,0.04084929921995319
0.9,0.6,0.6,0.3,0.49908218,49925,0.040849299219953186
0.6,0.4,0.4,0.2,0.49908218,49925,0.04084929921995319
0.8,0.8,0.6,0.4,0.49908367,49925,0.040986110324197425
0.4,0.4,0.3,0.2,0.49908367,49925,0.040986110324197425
0.5,0.4,0.6,0.7,0.49908894,49925,0.038500357162690936
0.3,0.6,0.1,0.4,0.49909288,49925,0.036883532527882075
0.8,0.6,0.8,0.9,0.4990969,49925,0.038978386700647814
0.4,0.8,0.2,0.8,0.49910858,49925,0.036706250837772986
0.2,0.4,0.1,0.4,0.49910858,49925,0.036706250837772986
0.7,0.6,0.5,0.3,0.49911043,49925,0.04099368759783495
0.3,0.6,0.2,0.6,0.49911734,49925,0.037335309666596
0.5,0.5,0.9,0.8,0.4991216,49925,0.03837435725172468
0.2,0.3,0.9,0.9,0.49912208,49925,0.03517379799234232
0.6,0.9,0.5,0.8,0.49912596,49925,0.03919648288341336
0.8,0.5,0.9,0.5,0.4991406,49925,0.03966838135037846
0.8,0.3,0.4,0.1,0.49914512,49925,0.03985635358200652
0.9,0.9,0.8,0.9,0.49914834,49925,0.03981256724235129
0.8,0.4,0.8,0.3,0.49914914,49925,0.03979615100252648
0.7,0.4,0.8,0.2,0.4991532,49925,0.040294455142226175
0.7,0.9,0.6,0.8,0.49915633,49925,0.03964616516012359
0.8,0.5,0.8,0.6,0.49915797,49925,0.03942981777762612
0.6,0.8,0.5,0.7,0.49916947,49925,0.03955064526733521
0.9,0.8,0.8,0.9,0.49917054,49925,0.039631177605565254
0.7,0.5,0.9,0.4,0.49917063,49925,0.04001973891305257
0.4,0.4,0.7,0.7,0.49917316,49925,0.03813669719956928
0.5,0.9,0.4,0.7,0.4991755,49925,0.03888828332785364
0.3,0.1,0.2,0.1,0.49918115,49925,0.03882425435591968
0.9,0.3,0.6,0.3,0.49918115,49925,0.038824254355919685
0.6,0.2,0.4,0.2,0.49918115,49925,0.03882425435591968
0.8,0.6,0.7,0.7,0.49918336,49925,0.03960233629730756
0.3,0.2,0.4,0.1,0.499184,49925,0.04034719387977265
0.6,0.4,0.8,0.2,0.499184,49925,0.04034719387977265
0.9,0.8,0.6,0.2,0.4991925,49925,0.041613772161171604
0.7,0.3,0.6,0.2,0.49920344,49925,0.039709966229113734
0.9,0.7,0.7,0.6,0.49921802,49925,0.04017904274328466
0.4,0.8,0.1,0.9,0.49922383,49925,0.0349222674265584
0.7,0.4,0.9,0.1,0.49922487,49925,0.04048274937130969
0.4,0.3,0.3,0.2,0.4992252,49925,0.04062164594475552
0.8,0.6,0.6,0.4,0.4992252,49925,0.04062164594475552
0.8,0.7,0.6,0.4,0.49923486,49925,0.04085008922512784
0.7,0.5,0.7,0.7,0.49923545,49925,0.039165424024407765
0.9,0.7,0.7,0.5,0.49923548,49925,0.040532578908094724
0.5,0.4,0.7,0.4,0.49923745,49925,0.03966797253212788
0.4,0.4,0.8,0.5,0.49923846,49925,0.03883923184297284
0.5,0.9,0.3,0.5,0.4992421,49925,0.03894017292135597
0.9,0.3,0.5,0.3,0.4992478,49925,0.03878059783121213
0.9,0.9,0.7,0.5,0.49924985,49925,0.0408820992005207
0.7,0.4,0.4,0.1,0.4992593,49925,0.0410785676184676
0.3,0.3,0.6,0.4,0.49926406,49925,0.038704059639581685
0.2,0.3,0.9,0.7,0.4992653,49925,0.03597673180649347
0.6,0.5,0.5,0.5,0.499271,49925,0.039887824397243116
0.6,0.5,0.9,0.5,0.4992748,49925,0.03960430693968674
0.8,0.2,0.5,0.1,0.4992784,49925,0.03839078323139029
0.4,0.9,0.1,0.2,0.49928132,49925,0.036991291670659086
0.5,0.8,0.4,0.9,0.49928606,49925,0.03815328220098437
0.9,0.4,0.9,0.2,0.49928784,49925,0.039861564590517734
0.5,0.5,0.5,0.8,0.4992932,49925,0.03847948848335538
0.5,0.4,0.4,0.3,0.4992956,49925,0.0404618505565617
0.4,0.3,0.6,0.2,0.4993188,49925,0.04005997379366455
0.9,0.3,0.7,0.1,0.49932393,49925,0.03944187968097072
0.8,0.9,0.6,0.5,0.49933007,49925,0.04067668817603697
0.3,0.6,0.1,0.1,0.49933207,49925,0.03838421263004587
0.8,0.8,0.7,0.8,0.4993397,49925,0.039785601882272786
0.9,0.8,0.7,0.5,0.49934134,49925,0.04073250193432964
0.7,0.3,0.5,0.3,0.4993422,49925,0.03935504492680645
0.8,0.3,0.7,0.1,0.49935225,49925,0.0397152358404361
0.3,0.5,0.2,0.8,0.4993567,49925,0.036220725172041744
0.7,0.4,0.7,0.4,0.49935818,49925,0.03965924667974434
0.6,0.5,0.4,0.2,0.49935862,49925,0.04117167930278147
0.2,0.3,0.9,0.8,0.4993602,49925,0.035570475472991636
0.7,0.8,0.5,0.3,0.4993612,49925,0.041164334032587235
0.8,0.7,0.7,0.8,0.49937296,49925,0.03958575456540858
0.5,0.5,0.9,0.9,0.49937388,49925,0.03803022063407954
0.5,0.8,0.4,0.7,0.499378,49925,0.03895937752368708
0.9,0.6,0.8,0.8,0.4993796,49925,0.039270806705598404
0.8,0.3,0.5,0.3,0.4993805,49925,0.03910091749292486
0.8,0.4,0.9,0.2,0.49939063,49925,0.039997132596104955
0.3,0.4,0.3,0.6,0.4993941,49925,0.03807519367123013
0.5,0.8,0.4,0.3,0.49939752,49925,0.040733722684760505
0.4,0.6,0.4,0.9,0.49940452,49925,0.037730798285286055
0.5,0.4,0.9,0.1,0.49941152,49925,0.04056115920611088
0.9,0.7,0.6,0.3,0.49941227,49925,0.04108443152933143
0.6,0.9,0.5,0.9,0.49942958,49925,0.038844482728501085
0.4,0.7,0.3,0.8,0.49942985,49925,0.03764636227705693
0.7,0.5,0.8,0.7,0.49943826,49925,0.039104848556820906
0.3,0.3,0.4,0.8,0.49944177,49925,0.03665098325381185
0.8,0.3,0.6,0.3,0.49944246,49925,0.03905670989073553
0.7,0.4,0.6,0.5,0.49944556,49925,0.039333258488464334
0.9,0.4,0.8,0.3,0.4994465,49925,0.03965046269674409
0.7,0.4,0.8,0.3,0.4994563,49925,0.03990652201398949
0.7,0.5,0.8,0.8,0.49945915,49925,0.03878044623227572
0.4,0.3,0.4,0.5,0.49945968,49925,0.038670685855236975
0.6,0.5,0.8,0.9,0.49946412,49925,0.038343637699827085
0.8,0.6,0.5,0.2,0.4994711,49925,0.041231788584390944
0.4,0.8,0.1,0.5,0.49947324,49925,0.03633368989656204
0.2,0.2,0.4,0.3,0.4994734,49925,0.038424098691959355
0.4,0.4,0.8,0.6,0.4994734,49925,0.038424098691959355
0.6,0.8,0.5,0.8,0.49947366,49925,0.03915754184743897
0.4,0.7,0.3,0.9,0.49947393,49925,0.03720073742698875
0.4,0.3,0.5,0.5,0.49947664,49925,0.03862386860606165
0.5,0.9,0.3,0.3,0.49947715,49925,0.0397376123345064
0.6,0.6,0.5,0.5,0.49948096,49925,0.0401732048063524
0.5,0.6,0.4,0.4,0.4994811,49925,0.0403442533993774
0.8,0.4,0.7,0.5,0.49948233,49925,0.03917960497991662
0.5,0.9,0.2,0.8,0.49948326,49925,0.03693331288090442
0.7,0.4,0.7,0.5,0.4994876,49925,0.039249611518084614
0.4,0.4,0.7,0.9,0.49949265,49925,0.03733302087408037
0.1,0.2,0.9,0.6,0.49950236,49925,0.034028014710709875
0.4,0.5,0.4,0.7,0.4995286,49925,0.03850459032123929
0.6,0.7,0.5,0.5,0.4995308,49925,0.04032655799081505
0.8,0.6,0.5,0.1,0.4995354,49925,0.0416882378907216
0.4,0.7,0.2,0.9,0.49953613,49925,0.03632848133819279
0.8,0.9,0.7,0.7,0.49954116,49925,0.0402665855754246
0.9,0.6,0.9,0.9,0.4995466,49925,0.038972256775009796
0.6,0.4,0.6,0.6,0.4995466,49925,0.038972256775009796
0.3,0.2,0.3,0.3,0.4995466,49925,0.038972256775009796
0.7,0.5,0.9,0.5,0.49954885,49925,0.0396579731921494
0.5,0.8,0.4,0.5,0.4995529,49925,0.039812865097482435
0.9,0.6,0.7,0.6,0.4995695,49925,0.03986145116824434
0.5,0.4,0.9,0.2,0.49957016,49925,0.040123279817848884
0.3,0.5,0.2,0.9,0.4995721,49925,0.03567719389638644
0.5,0.9,0.2,0.7,0.49958262,49925,0.03727119001439806
0.3,0.3,0.5,0.6,0.49959573,49925,0.03775152257095351
0.5,0.4,0.7,0.5,0.49960062,49925,0.03923068016432975
0.9,0.7,0.8,0.9,0.49960068,49925,0.03934405509319364
0.4,0.8,0.1,0.7,0.49960983,49925,0.03563274923086442
0.2,0.2,0.3,0.5,0.49961728,49925,0.03695906682757973
0.4,0.5,0.3,0.2,0.49961737,49925,0.04104193870859159
0.5,0.7,0.4,0.4,0.49962237,49925,0.040356195134907666
0.4,0.7,0.3,0.1,0.49962634,49925,0.04121971600324398
0.9,0.5,0.5,0.1,0.49963254,49925,0.041100838828846756
0.9,0.5,0.7,0.6,0.4996359,49925,0.03939706469660033
0.5,0.8,0.4,0.4,0.49963668,49925,0.040268346127506446
0.5,0.7,0.4,0.6,0.49964288,49925,0.039398859552909615
0.9,0.2,0.4,0.1,0.49965322,49925,0.03789684567569586
0.5,0.9,0.2,0.9,0.49965337,49925,0.03660548165241702
0.4,0.3,0.5,0.4,0.4996549,49925,0.0391773734034508
0.9,0.5,0.9,0.6,0.4996577,49925,0.03929950428701491
0.7,0.9,0.6,0.9,0.4996599,49925,0.039310375714506345
0.4,0.7,0.3,0.7,0.49965996,49925,0.038099918774652006
0.5,0.6,0.5,0.9,0.4996678,49925,0.038340439226214176
0.8,0.6,0.6,0.5,0.49968666,49925,0.04020357092110307
0.5,0.7,0.4,0.8,0.4996918,49925,0.0385186502276477
0.5,0.4,0.8,0.3,0.49969292,49925,0.039904511321860035
0.5,0.7,0.4,0.7,0.49970034,49925,0.03894793797158326
0.8,0.5,0.6,0.5,0.49971256,49925,0.039812842319931534
0.3,0.3,0.5,0.9,0.4997227,49925,0.03620083291787304
0.6,0.5,0.6,0.8,0.4997267,49925,0.03872931272777524
0.7,0.6,0.6,0.7,0.49972728,49925,0.039520489015038573
0.5,0.4,0.7,0.7,0.49973345,49925,0.03840663673904894
0.8,0.9,0.7,0.8,0.49973667,49925,0.03992997025688004
0.8,0.5,0.8,0.7,0.49975318,49925,0.03910183370030704
0.4,0.7,0.3,0.4,0.49975896,49925,0.03955622548282255
0.9,0.5,0.8,0.7,0.49976563,49925,0.039056194700621216
0.4,0.4,0.4,0.7,0.4997708,49925,0.03815804394338243
0.4,0.6,0.3,0.1,0.4997732,49925,0.04150115046510474
0.9,0.4,0.7,0.5,0.49977383,49925,0.039050333773826454
0.3,0.3,0.8,0.2,0.49977574,49925,0.039244869687608964
0.6,0.3,0.5,0.4,0.49977598,49925,0.03907921646525039
0.7,0.7,0.6,0.7,0.49977618,49925,0.039758166136520105
0.9,0.8,0.6,0.3,0.4997767,49925,0.041232297005918295
0.7,0.5,0.6,0.6,0.49977943,49925,0.039517607269600206
0.4,0.4,0.9,0.4,0.4997804,49925,0.039077882293298095
0.5,0.9,0.2,0.2,0.49979484,49925,0.03900282134004782
0.4,0.4,0.8,0.4,0.49979556,49925,0.03927864746015158
0.3,0.3,0.6,0.3,0.49979556,49925,0.03927864746015158
0.2,0.2,0.4,0.2,0.49979556,49925,0.03927864746015158
0.1,0.1,0.2,0.1,0.49979556,49925,0.03927864746015158
0.5,0.9,0.2,0.4,0.4998012,49925,0.03831432855752462
0.7,0.8,0.6,0.6,0.49980405,49925,0.04029662947284667
0.5,0.9,0.3,0.9,0.49981564,49925,0.037475759735603374
0.2,0.3,0.2,0.5,0.49981967,49925,0.037278572672436956
0.5,0.2,0.5,0.1,0.4998247,49925,0.039563746811579176
0.6,0.6,0.4,0.1,0.49982473,49925,0.04184745647512792
0.5,0.4,0.6,0.8,0.4998358,49925,0.038067557882590204
0.5,0.4,0.7,0.6,0.499839,49925,0.0388114158920189
0.4,0.4,0.5,0.9,0.49984008,49925,0.0373457305448725
0.4,0.4,0.7,0.8,0.49984807,49925,0.03773282483380922
0.2,0.2,0.3,0.6,0.49984902,49925,0.03618446265874253
0.6,0.3,0.6,0.3,0.49985358,49925,0.03944617188967566
0.8,0.4,0.8,0.4,0.49985358,49925,0.03944617188967567
0.4,0.2,0.4,0.2,0.49985358,49925,0.03944617188967567
0.2,0.1,0.2,0.1,0.49985358,49925,0.03944617188967567
0.6,0.4,0.7,0.5,0.49985898,49925,0.03928724775157995
0.8,0.5,0.7,0.7,0.4998641,49925,0.03912846091508347
0.4,0.7,0.3,0.3,0.49987963,49925,0.040094522713592866
0.4,0.7,0.3,0.5,0.49988508,49925,0.03904460803930931
0.5,0.3,0.6,0.2,0.49988687,49925,0.04005702209820007
0.2,0.2,0.3,0.7,0.49988955,49925,0.03546171950179181
0.3,0.3,0.3,0.5,0.4998973,49925,0.03833268344866001
0.4,0.7,0.2,0.1,0.4998993,49925,0.03996738753623679
0.5,0.9,0.3,0.6,0.4999,49925,0.03856761630971198
0.5,0.9,0.2,0.5,0.4999107,49925,0.037975670651825444
0.4,0.3,0.7,0.1,0.49991816,49925,0.04036360069255885
0.3,0.3,0.5,0.7,0.49994144,49925,0.03721284380939609
0.5,0.2,0.4,0.2,0.49995065,49925,0.03917901088883162
0.5,0.7,0.4,0.5,0.49995267,49925,0.03987392408953137
0.7,0.7,0.5,0.4,0.49995425,49925,0.040691696498485655
0.1,0.2,0.8,0.9,0.49995482,49925,0.03286207240883569
0.2,0.2,0.6,0.1,0.49995637,49925,0.03917915613572042
0.7,0.4,0.8,0.4,0.49996334,49925,0.039522532248653985
0.3,0.3,0.9,0.1,0.49996752,49925,0.039414606783398726
0.9,0.9,0.6,0.3,0.49997187,49925,0.04129508886497961
0.6,0.6,0.4,0.2,0.49997187,49925,0.04129508886497961
0.3,0.3,0.2,0.1,0.49997187,49925,0.04129508886497961
0.8,0.6,0.7,0.8,0.49997565,49925,0.039251262322443935
0.6,0.5,0.5,0.6,0.49997902,49925,0.03943405229132105
0.7,0.2,0.5,0.1,0.4999816,49925,0.03879341395758022
0.9,0.8,0.7,0.6,0.49998164,49925,0.040406203642139774
0.5,0.9,0.3,0.2,0.4999822,49925,0.04015753521999583
0.5,0.8,0.4,0.6,0.4999987,49925,0.03937242090462436
0.8,0.9,0.6,0.6,0.5000009,49925,0.04033363771011284
0.6,0.7,0.5,0.6,0.50001174,49925,0.03988521746947371
0.9,0.9,0.6,0.1,0.5000165,49925,0.042031744648413076
0.3,0.3,0.6,0.5,0.50002015,49925,0.03816016200794173
0.5,0.9,0.3,0.4,0.5000244,49925,0.039336311962271164
0.7,0.3,0.4,0.2,0.50002694,49925,0.03979206225872763
0.4,0.7,0.3,0.6,0.50003004,49925,0.03855923193135678
0.5,0.5,0.5,0.9,0.50004,49925,0.038050438888024334
0.9,0.4,0.5,0.2,0.50004256,49925,0.040126520488242244
0.4,0.8,0.1,0.6,0.50004375,49925,0.03598844671166958
0.8,0.3,0.7,0.2,0.50005156,49925,0.03932445413480695
0.9,0.5,0.6,0.4,0.5000517,49925,0.04006477329973447
0.1,0.2,0.9,0.7,0.5000518,49925,0.03357610084842105
0.8,0.7,0.7,0.9,0.50006,49925,0.039245946804717366
0.7,0.9,0.5,0.3,0.5000675,49925,0.04109788466238819
0.3,0.3,0.9,0.2,0.50007063,49925,0.03893035546310363
0.6,0.4,0.9,0.1,0.50007087,49925,0.040550686249652634
0.4,0.5,0.4,0.8,0.50007284,49925,0.037982224454792664
0.9,0.5,0.5,0.2,0.5000761,49925,0.04065265698629508
0.3,0.3,0.7,0.3,0.50007975,49925,0.03901076288442496
0.5,0.4,0.4,0.4,0.5000969,49925,0.03985644854938524
0.7,0.3,0.7,0.2,0.5001019,49925,0.03955726859827245
0.4,0.1,0.2,0.1,0.50010806,49925,0.03796211721462163
0.8,0.2,0.4,0.2,0.50010806,49925,0.03796211721462163
0.7,0.9,0.5,0.2,0.50010884,49925,0.041509305468751735
0.7,0.8,0.6,0.7,0.5001155,49925,0.039913659732215306
0.4,0.6,0.3,0.5,0.5001155,49925,0.03914047987523673
0.2,0.3,0.1,0.6,0.5001156,49925,0.0349784771398524
0.4,0.7,0.2,0.2,0.50012004,49925,0.03949550230124886
0.9,0.4,0.6,0.4,0.5001275,49925,0.03941952290534565
0.6,0.4,0.5,0.5,0.5001293,49925,0.039402511238421895
0.8,0.7,0.5,0.1,0.5001297,49925,0.04181949469985632
0.7,0.4,0.9,0.2,0.5001303,49925,0.04011646471896815
0.5,0.7,0.4,0.9,0.5001348,49925,0.03810636620899707
0.7,0.9,0.5,0.1,0.50015366,49925,0.041936272814592016
0.9,0.9,0.7,0.6,0.5001574,49925,0.04055106925519073
0.6,0.5,0.9,0.8,0.5001626,49925,0.03859477397454438
0.5,0.9,0.2,0.6,0.500174,49925,0.037619577997974024
0.9,0.3,0.7,0.2,0.5001795,49925,0.03907396157813662
0.3,0.3,0.8,0.4,0.5001821,49925,0.0382690872469532
0.4,0.7,0.2,0.8,0.5001842,49925,0.03673686505484059
0.6,0.4,0.8,0.3,0.50019157,49925,0.039936563169792015
0.4,0.6,0.3,0.7,0.5001929,49925,0.03808605821899007
0.2,0.3,0.2,0.8,0.50019586,49925,0.03497083149082537
0.9,0.3,0.4,0.1,0.5001987,49925,0.039365322562891124
0.5,0.3,0.5,0.4,0.50019956,49925,0.039186223681048515
0.7,0.8,0.5,0.4,0.5002024,49925,0.04073605343251442
0.8,0.4,0.5,0.3,0.5002034,49925,0.039982344296789506
0.8,0.5,0.9,0.6,0.5002049,49925,0.03934984124162144
0.7,0.5,0.7,0.9,0.50020736,49925,0.038450975336157864
0.3,0.3,0.8,0.3,0.5002191,49925,0.03874865766776499
0.9,0.9,0.6,0.2,0.50022423,49925,0.04166281029145214
0.7,0.5,0.8,0.9,0.5002307,49925,0.03845681221971785
0.5,0.9,0.2,0.1,0.50025725,49925,0.03935130524572842
0.6,0.5,0.9,0.6,0.5002584,49925,0.03925748633565617
0.7,0.3,0.6,0.4,0.5002586,49925,0.03885150429288093
0.3,0.4,0.3,0.7,0.500263,49925,0.03743491438566934
0.9,0.5,0.9,0.7,0.50026435,49925,0.03899588555533956
0.6,0.4,0.6,0.7,0.5002735,49925,0.03855602892258668
0.3,0.3,0.5,0.8,0.5002794,49925,0.0367048623800759
0.7,0.4,0.7,0.6,0.5002862,49925,0.03887131413868611
0.3,0.3,0.4,0.9,0.5002954,49925,0.036114944802649054
0.1,0.1,0.3,0.1,0.50029784,49925,0.03848357950735112
0.2,0.2,0.6,0.2,0.50029784,49925,0.03848357950735112
0.3,0.3,0.9,0.3,0.50029784,49925,0.038483579507351116
0.4,0.8,0.1,0.3,0.50030035,49925,0.037019067932475475
0.9,0.9,0.6,0.4,0.5003021,49925,0.040956258171642
0.9,0.6,0.7,0.7,0.5003024,49925,0.039524660575950936
0.5,0.9,0.3,0.8,0.50031203,49925,0.0378282974519345
0.4,0.6,0.3,0.8,0.5003159,49925,0.03758777802911766
0.5,0.5,0.4,0.4,0.50032103,49925,0.04020655933840523
0.8,0.4,0.6,0.5,0.5003236,49925,0.039209910686599854
0.8,0.7,0.6,0.5,0.5003242,49925,0.040460180740246536
0.7,0.5,0.5,0.4,0.50033706,49925,0.040227647566573745
0.9,0.6,0.8,0.9,0.50035906,49925,0.03896267482432391
0.4,0.7,0.2,0.3,0.50036037,49925,0.03900852058271253
0.8,0.3,0.6,0.4,0.50036174,49925,0.038667497143853806
0.6,0.5,0.9,0.7,0.5003629,49925,0.03892038026253724
0.4,0.6,0.3,0.9,0.5003644,49925,0.03712290045958996
0.2,0.3,0.2,0.6,0.50036573,49925,0.03644420661324148
0.4,0.6,0.3,0.2,0.5003673,49925,0.040882406163802947
0.4,0.8,0.1,0.4,0.5003783,49925,0.03668506248675607
0.4,0.7,0.1,0.9,0.5003898,49925,0.034900325909764544
0.2,0.3,0.2,0.7,0.5003932,49925,0.03568917926196754
0.8,0.4,0.7,0.6,0.5003937,49925,0.038835465796879076
0.9,0.3,0.6,0.4,0.50039697,49925,0.0384700413562265
0.2,0.2,0.4,0.5,0.5004011,49925,0.03688456796134741
0.4,0.4,0.9,0.6,0.50040114,49925,0.03828202223187232
0.8,0.9,0.7,0.9,0.50040483,49925,0.0395988706901532
0.2,0.2,0.5,0.4,0.5004091,49925,0.037424635614104716
0.8,0.5,0.8,0.8,0.50040925,49925,0.03879157818460996
0.3,0.5,0.2,0.4,0.5004117,49925,0.03862531495157997
0.4,0.9,0.1,0.1,0.5004176,49925,0.03723355074275618
0.9,0.4,0.9,0.3,0.5004216,49925,0.03954063177930544
0.6,0.5,0.9,0.9,0.5004293,49925,0.03826796173089482
0.6,0.8,0.5,0.9,0.50042975,49925,0.038780357690023595
0.8,0.5,0.8,0.9,0.5004363,49925,0.0384674516912672
0.9,0.4,0.8,0.5,0.5004421,49925,0.03898735360447393
0.2,0.2,0.5,0.2,0.5004422,49925,0.038884270612639764
0.4,0.7,0.2,0.4,0.5004618,49925,0.03853013223005521
0.6,0.7,0.5,0.7,0.5004622,49925,0.03945726075068442
0.7,0.5,0.9,0.8,0.50046295,49925,0.038699528597205
0.7,0.8,0.6,0.8,0.5004691,49925,0.03953535854373664
0.5,0.4,0.5,0.7,0.5004695,49925,0.03847341417395826
0.8,0.8,0.6,0.6,0.5004722,49925,0.04023642735448095
0.4,0.4,0.3,0.3,0.5004722,49925,0.04023642735448095
0.5,0.6,0.4,0.5,0.5004745,49925,0.0398290630840937
0.5,0.3,0.4,0.4,0.5004749,49925,0.03921233204191127
0.9,0.5,0.7,0.7,0.50048846,49925,0.039064962285591455
0.7,0.4,0.4,0.2,0.5004949,49925,0.04051374993508218
0.5,0.3,0.5,0.5,0.50049835,49925,0.03866310237088099
0.4,0.6,0.3,0.3,0.5004997,49925,0.04028766181937574
0.4,0.3,0.8,0.1,0.5004997,49925,0.040022443642504686
0.6,0.6,0.5,0.6,0.50050455,49925,0.039721496579180914
0.5,0.9,0.3,0.7,0.5005136,49925,0.038197915632534496
0.7,0.6,0.6,0.8,0.5005143,49925,0.03913097982117036
0.9,0.8,0.6,0.4,0.5005159,49925,0.04085206374987611
0.5,0.3,0.7,0.1,0.5005168,49925,0.040310218392053905
0.8,0.8,0.7,0.9,0.50051934,49925,0.03946753584121075
0.4,0.4,0.9,0.8,0.50051975,49925,0.03751314644282801
0.4,0.6,0.3,0.4,0.5005203,49925,0.03969983298551941
0.9,0.6,0.6,0.4,0.5005215,49925,0.04046446259968799
0.9,0.7,0.7,0.7,0.50052565,49925,0.03984130876418302
0.9,0.7,0.7,0.8,0.5005293,49925,0.0395212899365719
0.3,0.5,0.2,0.3,0.50053144,49925,0.039303341707473315
0.5,0.3,0.6,0.3,0.5005341,49925,0.039541575678532885
0.4,0.4,0.9,0.9,0.5005348,49925,0.03714585085989433
0.1,0.2,0.9,0.9,0.5005387,49925,0.03276878113253284
0.1,0.2,0.9,0.8,0.5005389,49925,0.0331739402365192
0.8,0.8,0.6,0.5,0.5005492,49925,0.04061218470933697
0.3,0.5,0.2,0.7,0.50055456,49925,0.03677150879737891
0.2,0.3,0.1,0.7,0.50055474,49925,0.03422079095597826
0.4,0.7,0.1,0.7,0.50056154,49925,0.035662046160366646
0.3,0.5,0.2,0.1,0.50056374,49925,0.04078042440615383
0.7,0.4,0.8,0.5,0.5005666,49925,0.039156118174901895
0.2,0.2,0.7,0.1,0.5005683,49925,0.038713328716049496
0.5,0.4,0.9,0.3,0.5005698,49925,0.039698674947353324
0.9,0.4,0.8,0.4,0.50057775,49925,0.03931677015368312
0.3,0.3,0.8,0.5,0.5005783,49925,0.03780657613066936
0.5,0.8,0.2,0.2,0.50058156,49925,0.039240844756355836
0.7,0.5,0.6,0.7,0.50058526,49925,0.03912234437728361
0.5,0.2,0.3,0.2,0.5005933,49925,0.039219095068797304
0.7,0.5,0.9,0.6,0.5005958,49925,0.03933280702402527
0.7,0.3,0.6,0.3,0.5005979,49925,0.03926431912254191
0.4,0.6,0.3,0.6,0.5005998,49925,0.03860835216361473
0.3,0.3,0.7,0.6,0.5006026,49925,0.037481218651766186
0.8,0.5,0.9,0.9,0.50060534,49925,0.038432547049575494
0.3,0.5,0.1,0.4,0.50062317,49925,0.03703308715491777
0.4,0.8,0.1,0.2,0.5006265,49925,0.037356972046879926
0.4,0.4,0.8,0.7,0.5006285,49925,0.038023702987234294
0.8,0.3,0.8,0.1,0.5006292,49925,0.039545307440895974
0.9,0.3,0.8,0.1,0.5006362,49925,0.03928411042935335
0.5,0.4,0.8,0.4,0.5006363,49925,0.03946440618673065
0.2,0.2,0.3,0.8,0.50063777,49925,0.03477988921724837
0.6,0.2,0.5,0.1,0.5006415,49925,0.039201470158676734
0.2,0.2,0.7,0.2,0.5006496,49925,0.03808547967862262
0.7,0.4,0.9,0.3,0.50065076,49925,0.03975640308900976
0.2,0.2,0.5,0.3,0.5006531,49925,0.03812926788818499
0.5,0.4,0.7,0.8,0.50065684,49925,0.038006310674774696
0.3,0.3,0.7,0.5,0.5006574,49925,0.037998570602265094
0.7,0.5,0.9,0.9,0.50067073,49925,0.03839926799285816
0.5,0.8,0.3,0.1,0.5006793,49925,0.040858117848831164
0.3,0.5,0.2,0.2,0.5006857,49925,0.04002681955412101
0.7,0.4,0.5,0.4,0.5006921,49925,0.039735575705753076
0.3,0.3,0.7,0.7,0.50069815,49925,0.03698982477789581
0.3,0.5,0.1,0.2,0.5006995,49925,0.038242492294661444
0.8,0.5,0.9,0.7,0.5007015,49925,0.03903689720717428
0.4,0.2,0.5,0.1,0.5007042,49925,0.03984917686796905
0.9,0.4,0.7,0.6,0.50070685,49925,0.038726592135590265
0.3,0.5,0.1,0.9,0.5007081,49925,0.0343048479585101
0.3,0.3,0.9,0.4,0.5007116,49925,0.03805063267281623
0.4,0.5,0.4,0.9,0.50071454,49925,0.03750203325827521
0.7,0.4,0.6,0.6,0.5007179,49925,0.038920252787380184
0.4,0.3,0.4,0.6,0.5007233,49925,0.038064107068799875
0.2,0.2,0.4,0.4,0.5007242,49925,0.037629147098334356
0.1,0.1,0.2,0.2,0.5007242,49925,0.037629147098334356
0.3,0.3,0.6,0.6,0.5007242,49925,0.03762914709833436
0.4,0.4,0.8,0.8,0.5007242,49925,0.037629147098334356
0.9,0.5,0.8,0.8,0.5007303,49925,0.038757836146857634
0.6,0.7,0.4,0.1,0.5007378,49925,0.041787315117858694
0.4,0.4,0.9,0.7,0.50073814,49925,0.03790414924529613
0.6,0.7,0.4,0.2,0.500739,49925,0.04126905321473655
0.6,0.3,0.7,0.2,0.5007396,49925,0.03972026284499671
0.6,0.9,0.4,0.1,0.50074625,49925,0.04139975421164439
0.3,0.3,0.3,0.6,0.50074834,49925,0.03763090128632231
0.4,0.4,0.4,0.8,0.50074834,49925,0.03763090128632231
0.1,0.1,0.1,0.2,0.50074834,49925,0.03763090128632231
0.2,0.2,0.2,0.4,0.50074834,49925,0.03763090128632231
0.9,0.5,0.9,0.8,0.5007567,49925,0.03871355696284014
0.4,0.5,0.3,0.3,0.5007578,49925,0.04034694840600642
0.8,0.5,0.7,0.8,0.50075805,49925,0.03877680490908046
0.6,0.9,0.4,0.2,0.500759,49925,0.040987234595734334
0.9,0.9,0.7,0.7,0.50076,49925,0.04021703259331892
0.6,0.4,0.7,0.7,0.5007632,49925,0.038517425033674335
0.2,0.2,0.4,0.6,0.5007761,49925,0.036180320450266354
0.1,0.1,0.2,0.3,0.5007761,49925,0.036180320450266354
0.3,0.3,0.6,0.9,0.5007761,49925,0.03618032045026635
0.6,0.4,0.7,0.6,0.50078017,49925,0.038902257472089044
0.5,0.8,0.2,0.6,0.5007858,49925,0.03771483757840598
0.7,0.4,0.7,0.7,0.50078666,49925,0.038507867213333394
0.8,0.6,0.6,0.6,0.50080544,49925,0.03982265041724726
0.4,0.3,0.3,0.3,0.50080544,49925,0.03982265041724726
0.6,0.2,0.4,0.3,0.5008055,49925,0.0382845701315447
0.8,0.9,0.6,0.7,0.5008104,49925,0.03999632923841058
0.8,0.5,0.5,0.3,0.50081646,49925,0.04049219904861216
0.9,0.8,0.7,0.7,0.5008178,49925,0.040074278058260034
0.6,0.6,0.4,0.3,0.50081944,49925,0.04078544555412789
0.5,0.6,0.4,0.6,0.50082016,49925,0.039320976598126514
0.5,0.9,0.1,0.8,0.50082487,49925,0.035451123548550005
0.7,0.7,0.6,0.8,0.50083065,49925,0.039390084104998974
0.9,0.2,0.5,0.2,0.50083584,49925,0.037662381348378716
0.8,0.4,0.9,0.3,0.5008389,49925,0.03965830492825062
0.6,0.9,0.4,0.8,0.50084054,49925,0.03866513944835206
0.7,0.8,0.6,0.9,0.50084186,49925,0.03919172946325385
0.4,0.7,0.1,0.8,0.5008429,49925,0.035282532180850784
0.2,0.3,0.2,0.9,0.5008453,49925,0.03430535125627864
0.3,0.3,0.6,0.7,0.5008549,49925,0.03713924642994578
0.4,0.3,0.7,0.2,0.5008579,49925,0.039807834590475655
0.3,0.3,0.6,0.8,0.5008588,49925,0.03664001364165333
0.8,0.3,0.4,0.2,0.5008743,49925,0.03938191846009609
0.4,0.7,0.2,0.7,0.50087523,49925,0.037154889203070654
0.6,0.4,0.9,0.2,0.50088155,49925,0.04014283869884089
0.2,0.3,0.1,0.8,0.50088197,49925,0.0335027315606476
0.3,0.5,0.1,0.1,0.50088316,49925,0.03879960188061723
0.7,0.6,0.6,0.9,0.500887,49925,0.03876130925816017
0.3,0.5,0.1,0.5,0.50089765,49925,0.036456483102698785
0.7,0.5,0.9,0.7,0.50090396,49925,0.03901276802188498
0.4,0.6,0.2,0.9,0.50091136,49925,0.03622924679136624
0.6,0.4,0.8,0.4,0.50091916,49925,0.03954940978614944
0.3,0.2,0.4,0.2,0.50091916,49925,0.03954940978614944
0.8,0.3,0.5,0.4,0.500926,49925,0.03866891382693858
0.8,0.2,0.5,0.2,0.50092876,49925,0.0380299365875816
0.3,0.5,0.1,0.3,0.50092876,49925,0.037624948677661293
0.8,0.5,0.6,0.6,0.50093025,49925,0.03942748475428691
0.4,0.7,0.2,0.5,0.50094795,49925,0.038060831122158835
0.6,0.4,0.9,0.3,0.5009501,49925,0.03975388326276662
0.4,0.4,0.8,0.9,0.50095516,49925,0.037255616490099376
0.4,0.4,0.9,0.5,0.50095975,49925,0.03868235716846902
0.3,0.3,0.7,0.4,0.50096595,49925,0.038488863455542095
0.2,0.3,0.1,0.9,0.50097454,49925,0.03285583130234863
0.7,0.3,0.5,0.4,0.5009812,49925,0.038901739355745674
0.8,0.5,0.9,0.8,0.50098467,49925,0.0387367167784957
0.8,0.7,0.5,0.2,0.500992,49925,0.041390219121064824
0.5,0.4,0.3,0.1,0.5010003,49925,0.04141053126588467
0.5,0.9,0.1,0.9,0.50100523,49925,0.035143664641150804
0.6,0.3,0.4,0.3,0.501015,49925,0.03957802409067101
0.4,0.3,0.6,0.3,0.5010255,49925,0.039517259856378106
0.2,0.3,0.1,0.5,0.50102675,49925,0.03579559011906263
0.3,0.5,0.2,0.6,0.5010531,49925,0.037356898652975874
0.5,0.4,0.4,0.5,0.5010654,49925,0.03929415453195103
0.6,0.3,0.6,0.4,0.5010738,49925,0.03896826877042766
0.6,0.5,0.5,0.7,0.501076,49925,0.03897664395148161
0.2,0.2,0.6,0.3,0.50109386,49925,0.037822099901538994
0.7,0.9,0.5,0.8,0.5011065,49925,0.03927124925563045
0.9,0.4,0.8,0.6,0.5011078,49925,0.03868686851978846
0.3,0.2,0.5,0.1,0.5011281,49925,0.03994688160744441
0.6,0.7,0.5,0.8,0.5011286,49925,0.039057691642657176
0.4,0.7,0.1,0.4,0.5011286,49925,0.036892723946630235
0.7,0.9,0.5,0.9,0.5011301,49925,0.03893803298821437
0.4,0.5,0.3,0.5,0.50113267,49925,0.039104719605903164
0.3,0.5,0.2,0.5,0.50113374,49925,0.037985452692371476
0.7,0.6,0.5,0.4,0.5011367,49925,0.04052870669347472
0.8,0.4,0.8,0.5,0.50113684,49925,0.039080814172195034
0.4,0.3,0.5,0.6,0.5011389,49925,0.03808321411690417
0.5,0.8,0.2,0.5,0.50113964,49925,0.03806960162168419
0.7,0.7,0.5,0.5,0.50114405,49925,0.0402539214164888
0.4,0.4,0.4,0.9,0.5011446,49925,0.037097847254601225
0.5,0.6,0.4,0.7,0.50114894,49925,0.03884901367190321
0.2,0.2,0.5,0.5,0.50115204,49925,0.03672148540530335
0.5,0.4,0.6,0.9,0.50115776,49925,0.03764072748307009
0.5,0.4,0.8,0.5,0.5011738,49925,0.03907446182944573
0.7,0.5,0.4,0.1,0.50117594,49925,0.04140430172211659
0.3,0.4,0.2,0.8,0.50117695,49925,0.03597395657233107
0.5,0.8,0.2,0.7,0.5011779,49925,0.03731672365420006
0.6,0.4,0.5,0.6,0.5011811,49925,0.03893021083308264
0.5,0.3,0.6,0.4,0.50118136,49925,0.03903378106962721
0.9,0.9,0.6,0.5,0.50118893,49925,0.04060437581385726
0.6,0.5,0.6,0.9,0.50119126,49925,0.0383225386140234
0.3,0.4,0.3,0.8,0.50119567,49925,0.03683820055242022
0.5,0.3,0.7,0.2,0.5011976,49925,0.03981994306354906
0.4,0.7,0.2,0.6,0.50120366,49925,0.03759565822513567
0.3,0.4,0.2,0.1,0.50120693,49925,0.04114760328963191
0.6,0.8,0.4,0.2,0.50120693,49925,0.04114760328963191
0.5,0.4,0.9,0.4,0.5012079,49925,0.03930605279854698
0.8,0.2,0.6,0.1,0.5012142,49925,0.0383185106405162
0.6,0.4,0.8,0.5,0.5012167,49925,0.03915168502047481
0.6,0.4,0.4,0.3,0.50122106,49925,0.04026534309592237
0.9,0.6,0.7,0.8,0.50122905,49925,0.03920535915967926
0.7,0.7,0.6,0.9,0.5012299,49925,0.03904031113024075
0.3,0.5,0.1,0.6,0.5012344,49925,0.03587322036085911
0.8,0.6,0.7,0.9,0.50123537,49925,0.03891478251242362
0.9,0.5,0.6,0.5,0.5012473,49925,0.03966871821035831
0.8,0.8,0.5,0.2,0.5012488,49925,0.0414201113195465
0.6,0.4,0.6,0.8,0.5012571,49925,0.03813307564310073
0.3,0.2,0.3,0.4,0.5012571,49925,0.03813307564310073
0.2,0.2,0.4,0.7,0.5012609,49925,0.03552365393129867
0.5,0.8,0.2,0.1,0.50126344,49925,0.039610721566313414
0.5,0.3,0.6,0.5,0.5012649,49925,0.038558310010614806
0.8,0.4,0.6,0.6,0.5012655,49925,0.038835042660487845
0.4,0.2,0.3,0.3,0.5012655,49925,0.038835042660487845
0.9,0.9,0.7,0.8,0.5012683,49925,0.03991318521249042
0.6,0.9,0.2,0.2,0.5012696,49925,0.03899526773944797
0.7,0.5,0.5,0.5,0.50127226,49925,0.039775519300781596
0.8,0.8,0.5,0.1,0.5012739,49925,0.041849726678927904
0.4,0.5,0.3,0.4,0.50127494,49925,0.03970805160459533
0.7,0.8,0.5,0.5,0.5012762,49925,0.04032794130973201
0.5,0.8,0.2,0.4,0.5012844,49925,0.038451785058058775
0.9,0.5,0.9,0.9,0.50129294,49925,0.038422399121897224
0.9,0.8,0.7,0.8,0.5012937,49925,0.039747655195307
0.5,0.9,0.1,0.7,0.5013008,49925,0.03574653247556762
0.9,0.6,0.5,0.1,0.5013084,49925,0.041383005288761786
0.8,0.5,0.7,0.9,0.5013113,49925,0.038440077406366686
0.5,0.2,0.4,0.3,0.50131595,49925,0.03856522142670546
0.6,0.2,0.3,0.2,0.50131637,49925,0.03869943805696208
0.9,0.7,0.7,0.9,0.5013166,49925,0.03920063666536335
0.7,0.3,0.8,0.1,0.5013172,49925,0.039768695973780264
0.5,0.3,0.8,0.1,0.5013333,49925,0.04004789647331149
0.3,0.3,0.8,0.6,0.5013367,49925,0.03733630939409001
0.5,0.9,0.1,0.6,0.5013374,49925,0.03602121678556024
0.8,0.4,0.4,0.1,0.5013499,49925,0.040658272993933375
0.9,0.3,0.8,0.2,0.5013512,49925,0.03897052479221185
0.7,0.2,0.3,0.1,0.50135195,49925,0.038674813478170235
0.3,0.3,0.9,0.5,0.50135314,49925,0.03760110299099116
0.5,0.8,0.2,0.8,0.5013727,49925,0.03693993365666358
0.9,0.3,0.7,0.3,0.50137866,49925,0.03873088849866873
0.9,0.3,0.6,0.5,0.50138396,49925,0.038100513421007044
0.5,0.4,0.8,0.6,0.5013906,49925,0.03869317496818946
0.8,0.4,0.9,0.4,0.50139195,49925,0.039317352685687014
0.6,0.4,0.7,0.8,0.50140834,49925,0.038138279958297105
0.5,0.4,0.7,0.9,0.50141007,49925,0.03761686953317635
0.4,0.5,0.3,0.6,0.5014172,49925,0.03853295703670949
0.8,0.6,0.6,0.7,0.5014266,49925,0.03944567892176724
0.9,0.4,0.9,0.4,0.5014293,49925,0.039214767609943024
0.9,0.7,0.6,0.4,0.5014416,49925,0.04069534752178707
0.6,0.9,0.2,0.1,0.5014421,49925,0.03929196520822099
0.5,0.8,0.3,0.4,0.5014455,49925,0.03950139028006419
0.4,0.7,0.1,0.6,0.50144553,49925,0.03607286422854841
0.8,0.8,0.6,0.7,0.5014458,49925,0.03989168664503889
0.8,0.3,0.8,0.2,0.50146013,49925,0.03918281128719488
0.5,0.3,0.5,0.6,0.50146294,49925,0.03815664920425031
0.6,0.9,0.4,0.4,0.501469,49925,0.040175703112648384
0.2,0.2,0.8,0.1,0.50147134,49925,0.0382394879600001
0.5,0.8,0.3,0.3,0.50147325,49925,0.03994850060637032
0.5,0.3,0.3,0.2,0.5014771,49925,0.04025694434064103
0.7,0.4,0.5,0.5,0.5014812,49925,0.03927753977728438
0.8,0.6,0.5,0.3,0.5014826,49925,0.04078605060416178
0.9,0.6,0.6,0.5,0.5014865,49925,0.04006444496939134
0.5,0.5,0.4,0.5,0.501498,49925,0.039654470908988715
0.8,0.3,0.7,0.3,0.50149983,49925,0.038955144896222864
0.8,0.3,0.6,0.5,0.50150883,49925,0.038280842664044495
0.9,0.4,0.6,0.5,0.5015151,49925,0.03904440331271734
0.7,0.4,0.8,0.6,0.5015201,49925,0.038785931946196964
0.7,0.9,0.5,0.5,0.5015256,49925,0.04033285151863955
0.6,0.8,0.4,0.1,0.50152564,49925,0.04161978322711484
0.5,0.6,0.4,0.8,0.5015452,49925,0.03837121441492547
0.3,0.5,0.1,0.8,0.5015465,49925,0.0347990013529403
0.4,0.3,0.9,0.1,0.5015468,49925,0.039696287630593595
0.6,0.4,0.8,0.7,0.50154924,49925,0.038423573367180934
0.4,0.2,0.4,0.3,0.5015514,49925,0.03875964070203338
0.8,0.4,0.8,0.6,0.5015514,49925,0.03875964070203338
0.6,0.3,0.7,0.3,0.501554,49925,0.03927635166815442
0.3,0.5,0.1,0.7,0.5015574,49925,0.035328654311298884
0.6,0.5,0.4,0.3,0.5015591,49925,0.040597033084271164
0.9,0.6,0.5,0.2,0.50156164,49925,0.040946690108026866
0.9,0.7,0.5,0.1,0.50156456,49925,0.04153493633420122
0.6,0.7,0.4,0.3,0.50156534,49925,0.040782209324358304
0.6,0.3,0.5,0.5,0.5015665,49925,0.038602017972634455
0.7,0.2,0.5,0.2,0.5015672,49925,0.03836551685802682
0.3,0.4,0.2,0.7,0.50156724,49925,0.036584964947641345
0.9,0.3,0.4,0.2,0.5015703,49925,0.03892960660229662
0.8,0.7,0.6,0.6,0.50157523,49925,0.04007068982766045
0.6,0.3,0.8,0.1,0.501579,49925,0.03995059019641941
0.6,0.5,0.5,0.8,0.50158525,49925,0.03854403726349902
0.7,0.2,0.4,0.3,0.5015898,49925,0.03792178734805297
0.3,0.3,0.3,0.7,0.5015969,49925,0.03693138959421913
0.9,0.2,0.6,0.1,0.50159985,49925,0.0379540738137779
0.5,0.8,0.2,0.3,0.5016107,49925,0.038859689703764216
0.5,0.8,0.3,0.5,0.50161254,49925,0.03906759920553941
0.4,0.6,0.2,0.8,0.501613,49925,0.036676781857866575
0.2,0.3,0.1,0.4,0.501613,49925,0.036676781857866575
0.7,0.5,0.5,0.6,0.5016226,49925,0.03933665022826684
0.6,0.7,0.5,0.9,0.50162524,49925,0.03865760774697345
0.9,0.3,0.5,0.4,0.50163877,49925,0.038399381185542404
0.8,0.7,0.5,0.3,0.50164104,49925,0.04096434414840242
0.4,0.3,0.7,0.3,0.50164366,49925,0.039285952853667934
0.8,0.4,0.7,0.8,0.50164413,49925,0.038143638950802417
0.7,0.9,0.5,0.7,0.5016468,49925,0.039611226549125717
0.7,0.9,0.5,0.4,0.50165176,49925,0.04070604795627803
0.5,0.4,0.9,0.7,0.5016561,49925,0.038170052193740894
0.9,0.4,0.5,0.3,0.50166297,49925,0.039698359299109184
0.5,0.8,0.3,0.2,0.50166565,49925,0.040404308486628966
0.3,0.2,0.4,0.3,0.5016669,49925,0.0387881242660615
0.6,0.4,0.8,0.6,0.5016669,49925,0.0387881242660615
0.5,0.7,0.3,0.1,0.50166917,49925,0.04112117305198188
0.2,0.3,0.1,0.1,0.5016702,49925,0.03975772545898782
0.6,0.9,0.3,0.3,0.5016702,49925,0.039757725458987814
0.4,0.6,0.2,0.2,0.5016702,49925,0.03975772545898782
0.7,0.3,0.7,0.3,0.50167674,49925,0.03914234875427007
0.5,0.4,0.5,0.8,0.50167996,49925,0.037996745434108505
0.5,0.4,0.8,0.7,0.5016829,49925,0.03829737811775282
0.5,0.8,0.3,0.9,0.501686,49925,0.03748526077931228
0.6,0.9,0.3,0.2,0.50168824,49925,0.04012821689017382
0.9,0.5,0.5,0.3,0.5016912,49925,0.040219990349771036
0.9,0.4,0.9,0.5,0.50169146,49925,0.03890019213227331
0.3,0.4,0.2,0.5,0.5016936,49925,0.03792164594121595
0.6,0.4,0.9,0.4,0.50169474,49925,0.03939185304710192
0.5,0.8,0.2,0.9,0.50170755,49925,0.03659532656671782
0.3,0.3,0.8,0.7,0.5017088,49925,0.0368884529714859
0.7,0.4,0.6,0.7,0.5017107,49925,0.03852801839759392
0.6,0.9,0.4,0.3,0.5017108,49925,0.04057546422900997
0.7,0.3,0.6,0.5,0.5017203,49925,0.03844012671092525
0.4,0.8,0.1,0.1,0.50173074,49925,0.03762907402119451
0.8,0.6,0.6,0.8,0.50174016,49925,0.03908184897193392
0.4,0.3,0.3,0.4,0.50174016,49925,0.03908184897193392
0.7,0.4,0.7,0.8,0.5017436,49925,0.0381492477964553
0.9,0.5,0.8,0.9,0.5017457,49925,0.038449756923199255
0.4,0.3,0.6,0.4,0.5017469,49925,0.039001256117471815
0.6,0.6,0.5,0.7,0.5017487,49925,0.03928323899409097
0.5,0.4,0.4,0.6,0.5017565,49925,0.03875444206721542
0.9,0.8,0.6,0.5,0.5017578,49925,0.040501770216064985
0.5,0.4,0.9,0.5,0.5017705,49925,0.0389138748715802
0.8,0.8,0.5,0.4,0.50177306,49925,0.040619729860452605
0.6,0.9,0.3,0.1,0.50178075,49925,0.04048215776236854
0.4,0.3,0.8,0.2,0.501788,49925,0.03953472458514526
0.9,0.9,0.7,0.9,0.5017937,49925,0.03961006962533043
0.6,0.3,0.3,0.1,0.5017945,49925,0.0404919220854421
0.6,0.9,0.4,0.9,0.5017952,49925,0.03831890692260632
0.8,0.9,0.5,0.3,0.50179696,49925,0.041002974774634854
0.7,0.6,0.4,0.1,0.50180405,49925,0.04154706341107281
0.4,0.6,0.2,0.1,0.50181097,49925,0.040304983730904284
0.6,0.3,0.6,0.5,0.50181544,49925,0.038536678890678515
0.7,0.5,0.6,0.8,0.5018272,49925,0.038735961792859125
0.8,0.5,0.6,0.7,0.50182724,49925,0.03906669124631429
0.6,0.8,0.4,0.9,0.5018325,49925,0.03829820632281296
0.8,0.9,0.6,0.8,0.50183576,49925,0.03966538819700664
0.5,0.8,0.3,0.6,0.5018401,49925,0.038644552311191085
0.9,0.2,0.4,0.2,0.5018464,49925,0.03753352697890834
0.7,0.4,0.9,0.4,0.5018505,49925,0.039392628537215556
0.2,0.2,0.2,0.5,0.5018523,49925,0.03662087145201678
0.8,0.5,0.5,0.4,0.5018543,49925,0.04004755960730427
0.3,0.3,0.7,0.8,0.50186753,49925,0.03654135539231871
0.8,0.8,0.5,0.3,0.5018725,49925,0.04101058849356368
0.4,0.3,0.6,0.5,0.50187284,49925,0.03848701683151092
0.5,0.7,0.2,0.9,0.5018729,49925,0.03654202755731059
0.6,0.6,0.5,0.8,0.50187725,49925,0.038869080592123746
0.8,0.4,0.9,0.5,0.5018812,49925,0.03898579134521822
0.9,0.5,0.7,0.8,0.50189453,49925,0.03873540293596633
0.6,0.9,0.2,0.3,0.5019,49925,0.03866682026819558
0.8,0.9,0.5,0.2,0.5019037,49925,0.041369079923391484
0.9,0.6,0.6,0.6,0.5019046,49925,0.03968847839453133
0.3,0.2,0.2,0.2,0.5019046,49925,0.03968847839453134
0.6,0.4,0.4,0.4,0.5019046,49925,0.03968847839453134
0.4,0.3,0.7,0.4,0.5019092,49925,0.03879262725681776
0.6,0.9,0.4,0.5,0.50191057,49925,0.03978669492575058
0.6,0.4,0.5,0.7,0.50191545,49925,0.03846968359994021
0.4,0.7,0.1,0.5,0.50191736,49925,0.03648491008746764
0.4,0.5,0.3,0.9,0.5019282,49925,0.036916428469812496
0.5,0.4,0.9,0.6,0.501947,49925,0.038535875205382195
0.3,0.4,0.3,0.9,0.50194824,49925,0.036275927478793886
0.6,0.9,0.4,0.7,0.5019564,49925,0.03902719706695751
0.9,0.8,0.7,0.9,0.5019594,49925,0.03943609915948571
0.6,0.8,0.4,0.8,0.5019672,49925,0.03866318823284129
0.3,0.4,0.2,0.4,0.5019672,49925,0.03866318823284129
0.5,0.4,0.8,0.9,0.501975,49925,0.03756115675967242
0.7,0.9,0.5,0.6,0.50198656,49925,0.03997817014886934
0.6,0.9,0.2,0.5,0.5019897,49925,0.03801573369230545
0.4,0.5,0.3,0.7,0.50199896,49925,0.03796946668713094
0.6,0.4,0.6,0.9,0.5020097,49925,0.03774454950413469
0.5,0.3,0.9,0.1,0.50202745,49925,0.03976388389416929
0.9,0.6,0.6,0.7,0.5020345,49925,0.0393506139548367
0.8,0.4,0.8,0.7,0.5020353,49925,0.038425223280633386
0.7,0.3,0.8,0.2,0.5020366,49925,0.03936759253192671
0.8,0.4,0.7,0.7,0.5020433,49925,0.03848087221227831
0.4,0.4,0.3,0.4,0.50205123,49925,0.03955113139614427
0.8,0.8,0.6,0.8,0.50205123,49925,0.03955113139614427
0.9,0.3,0.7,0.4,0.5020569,49925,0.03839668820012228
0.6,0.9,0.4,0.6,0.50206304,49925,0.03939963295416538
0.9,0.4,0.7,0.7,0.5020676,49925,0.0383817114552778
0.4,0.5,0.3,0.8,0.50207126,49925,0.03743569087557175
0.2,0.2,0.4,0.8,0.50207305,49925,0.03491928097749548
0.1,0.1,0.2,0.4,0.50207305,49925,0.03491928097749548
0.6,0.8,0.4,0.3,0.5020754,49925,0.04070887844576749
0.9,0.6,0.7,0.9,0.5020782,49925,0.038875114081887825
0.5,0.2,0.5,0.2,0.5020806,49925,0.03898931414465452
0.1,0.1,0.4,0.1,0.5020825,49925,0.03769385207621945
0.2,0.2,0.8,0.2,0.5020825,49925,0.03769385207621945
0.2,0.2,0.7,0.3,0.50208503,49925,0.037488295990732334
0.5,0.4,0.9,0.8,0.50208616,49925,0.03781922643025789
0.5,0.4,0.8,0.8,0.5020869,49925,0.037914591297325696
0.6,0.4,0.9,0.5,0.50208735,49925,0.039021940633959126
0.8,0.4,0.5,0.4,0.5020962,49925,0.03954160825829468
0.7,0.4,0.4,0.3,0.50209785,49925,0.039981404752904404
0.9,0.7,0.5,0.2,0.5021019,49925,0.04113323200192123
0.7,0.8,0.5,0.7,0.5021064,49925,0.039565085749484856
0.4,0.3,0.6,0.6,0.5021117,49925,0.03798044527197391
0.5,0.3,0.7,0.3,0.50212216,49925,0.039330708963573525
0.7,0.5,0.4,0.2,0.50212604,49925,0.040867294789675455
0.5,0.9,0.1,0.4,0.50212985,49925,0.03657193332702931
0.4,0.7,0.1,0.1,0.5021321,49925,0.038029235557332154
0.5,0.8,0.3,0.8,0.5021358,49925,0.03787086060613476
0.6,0.9,0.2,0.7,0.5021442,49925,0.03739126249755491
0.7,0.7,0.5,0.6,0.5021469,49925,0.03984043569448595
0.5,0.7,0.3,0.2,0.5021599,49925,0.04063303601823407
0.7,0.4,0.8,0.7,0.5021612,49925,0.03844383686886282
0.7,0.8,0.5,0.6,0.5021626,49925,0.03994911319548987
0.6,0.9,0.2,0.8,0.50217205,49925,0.037066591918930906
0.9,0.8,0.6,0.6,0.50218034,49925,0.04015346695698875
0.4,0.7,0.1,0.3,0.5021811,49925,0.03727143112126629
0.7,0.3,0.5,0.5,0.50219107,49925,0.038452025508561104
0.8,0.9,0.6,0.9,0.50219804,49925,0.03933298143606366
0.7,0.8,0.5,0.8,0.50220096,49925,0.03920204156566213
0.6,0.9,0.2,0.9,0.5022056,49925,0.036755229944163297
0.7,0.6,0.5,0.5,0.50220895,49925,0.04005996854074324
0.7,0.4,0.6,0.8,0.5022143,49925,0.0381380771870701
0.5,0.5,0.3,0.1,0.5022164,49925,0.04148732222214249
0.3,0.3,0.8,0.9,0.5022267,49925,0.0360341205265267
0.6,0.8,0.4,0.7,0.50223285,49925,0.03904956040789109
0.6,0.4,0.8,0.8,0.5022333,49925,0.03806754104985432
0.3,0.2,0.4,0.4,0.5022333,49925,0.03806754104985432
0.6,0.5,0.4,0.4,0.5022456,49925,0.04006996472866829
0.7,0.6,0.4,0.2,0.5022532,49925,0.04105543669516408
0.8,0.8,0.6,0.9,0.5022686,49925,0.039209034270107836
0.9,0.4,0.8,0.7,0.5022709,49925,0.0383783286914107
0.4,0.2,0.2,0.1,0.50227636,49925,0.04012639044072548
0.8,0.4,0.4,0.2,0.50227636,49925,0.04012639044072548
0.2,0.2,0.5,0.6,0.50228035,49925,0.03606495592338306
0.6,0.2,0.6,0.1,0.50228304,49925,0.03901304082995707
0.3,0.3,0.7,0.9,0.5022888,49925,0.03611495922755488
0.4,0.3,0.5,0.7,0.50229555,49925,0.03756535904640049
0.6,0.6,0.4,0.4,0.50229794,49925,0.04026148317425089
0.9,0.9,0.6,0.6,0.50229794,49925,0.040261483174250885
0.3,0.3,0.2,0.2,0.50229794,49925,0.04026148317425089
0.9,0.5,0.6,0.6,0.50229883,49925,0.039299776687395406
0.3,0.4,0.2,0.2,0.50230324,49925,0.040275010515433134
0.6,0.8,0.4,0.4,0.50230324,49925,0.040275010515433134
0.6,0.7,0.4,0.7,0.50231385,49925,0.03900507936938508
0.6,0.4,0.7,0.9,0.5023146,49925,0.03775488102776757
0.8,0.2,0.5,0.3,0.50231624,49925,0.03764775881749405
0.4,0.3,0.5,0.8,0.5023194,49925,0.0370750108627855
0.6,0.9,0.2,0.6,0.5023229,49925,0.037710081936964984
0.4,0.2,0.5,0.2,0.5023231,49925,0.03919051865863099
0.5,0.3,0.4,0.5,0.5023337,49925,0.03863809894220123
0.5,0.5,0.3,0.2,0.50234526,49925,0.040838923164990604
0.2,0.2,0.4,0.9,0.5023478,49925,0.034347343688431606
0.7,0.5,0.6,0.9,0.50235164,49925,0.03835089345976635
0.9,0.2,0.5,0.3,0.5023527,49925,0.037327246777027555
0.5,0.1,0.2,0.1,0.5023582,49925,0.03711994911459491
0.8,0.3,0.7,0.4,0.50236076,49925,0.038586361492376736
0.7,0.3,0.7,0.4,0.5023653,49925,0.03873510904460529
0.6,0.6,0.5,0.9,0.50236726,49925,0.03846864350060844
0.5,0.4,0.5,0.9,0.50237036,49925,0.03754988222435716
0.5,0.8,0.3,0.7,0.50238174,49925,0.03826866021931628
0.8,0.9,0.5,0.1,0.502386,49925,0.04177720517554354
0.6,0.2,0.5,0.2,0.50238997,49925,0.03868830389869207
0.6,0.3,0.6,0.6,0.5023905,49925,0.03811737398599459
0.4,0.2,0.4,0.4,0.5023905,49925,0.038117373985994595
0.8,0.4,0.8,0.8,0.5023905,49925,0.038117373985994595
0.2,0.1,0.2,0.2,0.5023905,49925,0.038117373985994595
0.4,0.7,0.1,0.2,0.5023908,49925,0.03767109083618108
0.5,0.7,0.3,0.9,0.5023929,49925,0.03742825393775346
0.3,0.3,0.8,0.8,0.50239444,49925,0.03645419830618515
0.8,0.5,0.5,0.5,0.5023956,49925,0.039593942946534275
0.7,0.8,0.5,0.9,0.502397,49925,0.03885237577070298
0.1,0.1,0.3,0.2,0.5024005,49925,0.03717234767226598
0.3,0.3,0.9,0.6,0.5024005,49925,0.03717234767226598
0.2,0.2,0.6,0.4,0.5024005,49925,0.03717234767226598
0.7,0.7,0.5,0.7,0.5024032,49925,0.03943452711285652
0.6,0.9,0.3,0.4,0.50240856,49925,0.039384065625106005
0.9,0.7,0.6,0.5,0.50240993,49925,0.04032405003974227
0.2,0.2,0.9,0.1,0.5024108,49925,0.03778837636126194
0.4,0.6,0.2,0.7,0.50241244,49925,0.03715208278683328
0.3,0.4,0.2,0.9,0.5024129,49925,0.03541513196922889
0.6,0.8,0.4,0.6,0.50241685,49925,0.03945423811207952
0.3,0.4,0.2,0.3,0.50241685,49925,0.03945423811207952
0.5,0.7,0.3,0.6,0.50242805,49925,0.03870858394697269
0.7,0.4,0.9,0.7,0.50243396,49925,0.03836192401020326
0.3,0.3,0.3,0.9,0.50243706,49925,0.03572858993803783
0.1,0.1,0.1,0.3,0.50243706,49925,0.035728589938037826
0.2,0.2,0.2,0.6,0.50243706,49925,0.035728589938037826
0.9,0.3,0.9,0.1,0.5024387,49925,0.03916413548794412
0.4,0.6,0.2,0.4,0.5024414,49925,0.03864321843954284
0.2,0.3,0.1,0.2,0.5024414,49925,0.03864321843954284
0.6,0.9,0.3,0.6,0.5024414,49925,0.03864321843954284
0.3,0.4,0.2,0.6,0.50245064,49925,0.03724318825885541
0.4,0.3,0.6,0.7,0.5024542,49925,0.0375100699594627
0.2,0.2,0.3,0.9,0.50245845,49925,0.0341402760645695
0.8,0.2,0.4,0.3,0.50245893,49925,0.03755590079562113
0.5,0.3,0.6,0.6,0.5024614,49925,0.03809481299854968
0.7,0.4,0.9,0.5,0.5024644,49925,0.03904235694394784
0.8,0.9,0.5,0.4,0.50246465,49925,0.04063860187838284
0.9,0.4,0.7,0.8,0.50246793,49925,0.03806114680161484
0.6,0.8,0.4,0.5,0.5024685,49925,0.03985968283023039
0.7,0.4,0.5,0.6,0.5024699,49925,0.03883881713103794
0.4,0.6,0.1,0.2,0.50247127,49925,0.03794436595197354
0.7,0.4,0.7,0.9,0.5024724,49925,0.03780699966647535
0.8,0.3,0.5,0.5,0.5024736,49925,0.03823878236176083
0.5,0.8,0.1,0.8,0.5024828,49925,0.03546527849607382
0.5,0.7,0.3,0.7,0.50248545,49925,0.03827768848144426
0.4,0.3,0.8,0.3,0.50248593,49925,0.03906271238840712
0.8,0.6,0.5,0.4,0.50249445,49925,0.04035204766027161
0.6,0.3,0.5,0.6,0.5024992,49925,0.03813084561521471
0.5,0.9,0.1,0.2,0.5024999,49925,0.03705713258442667
0.7,0.9,0.4,0.1,0.5025006,49925,0.041268625534165916
0.8,0.5,0.6,0.8,0.50250185,49925,0.03869553529699476
0.5,0.7,0.2,0.4,0.5025032,49925,0.03857117781449882
0.4,0.3,0.9,0.2,0.5025056,49925,0.03924271796566233
0.5,0.3,0.8,0.2,0.5025095,49925,0.03958293270578148
0.8,0.4,0.6,0.7,0.5025163,49925,0.038457257960397465
0.3,0.3,0.3,0.8,0.50252986,49925,0.03631083504706245
0.6,0.8,0.3,0.1,0.50253093,49925,0.04070330221776417
0.5,0.5,0.4,0.7,0.5025369,49925,0.038635786809557156
0.9,0.6,0.5,0.3,0.5025386,49925,0.04054209716253044
0.8,0.3,0.4,0.3,0.5025515,49925,0.03892014191325495
0.4,0.3,0.7,0.5,0.5025582,49925,0.03831340648656023
0.8,0.7,0.6,0.8,0.50256085,49925,0.03935025332910004
0.5,0.7,0.3,0.8,0.50256157,49925,0.03783721760013404
0.7,0.4,0.9,0.6,0.5025617,49925,0.03870661350137196
0.6,0.3,0.4,0.4,0.5025644,49925,0.039024823333069246
0.5,0.9,0.1,0.5,0.5025665,49925,0.03630136223604966
0.2,0.2,0.9,0.2,0.5025674,49925,0.037309375691323934
0.7,0.9,0.4,0.9,0.50256914,49925,0.03837397412612448
0.6,0.9,0.3,0.8,0.50257325,49925,0.037973592213837254
0.4,0.6,0.2,0.5,0.50257725,49925,0.038134507845031994
0.5,0.8,0.1,0.9,0.50258064,49925,0.035150382942279255
0.9,0.4,0.9,0.6,0.50258195,49925,0.038594766807406256
0.6,0.7,0.4,0.6,0.50258857,49925,0.03943090640582415
0.6,0.3,0.8,0.2,0.5025954,49925,0.03953632298783899
0.5,0.2,0.3,0.3,0.5025995,49925,0.038507123909317174
0.4,0.6,0.2,0.3,0.50260043,49925,0.039201956139966423
0.9,0.4,0.6,0.6,0.50260174,49925,0.038685808726882286
0.5,0.7,0.3,0.5,0.50260186,49925,0.039157678096253
0.9,0.2,0.6,0.2,0.5026029,49925,0.03765453370823089
0.4,0.3,0.5,0.9,0.5026114,49925,0.03658693657246616
0.2,0.2,0.5,0.7,0.5026204,49925,0.03548968475602821
0.7,0.3,0.4,0.3,0.5026265,49925,0.039280122943019496
0.5,0.5,0.4,0.6,0.5026325,49925,0.039139951369654404
0.3,0.2,0.6,0.1,0.50263643,49925,0.03954249685772626
0.6,0.8,0.3,0.2,0.5026471,49925,0.040305676467847856
0.5,0.9,0.1,0.3,0.502661,49925,0.03682688084124553
0.6,0.9,0.3,0.9,0.50266206,49925,0.037641863842654104
0.4,0.6,0.2,0.6,0.50266206,49925,0.03764186384265411
0.2,0.3,0.1,0.3,0.50266206,49925,0.03764186384265411
0.9,0.7,0.6,0.6,0.50266963,49925,0.03995325832381791
0.6,0.9,0.2,0.4,0.502671,49925,0.0383451960777598
0.9,0.4,0.7,0.9,0.50267464,49925,0.03774929889557765
0.6,0.4,0.9,0.6,0.50267637,49925,0.038666238043578945
0.8,0.4,0.9,0.6,0.50268775,49925,0.038675777956640935
0.5,0.3,0.9,0.2,0.5026985,49925,0.03933851007817879
0.1,0.1,0.2,0.5,0.50269914,49925,0.033790334956205766
0.6,0.7,0.4,0.4,0.5027127,49925,0.04030546584135821
0.9,0.8,0.5,0.2,0.5027155,49925,0.0411979728769767
0.8,0.4,0.7,0.9,0.50272614,49925,0.03780399580465551
0.5,0.4,0.3,0.2,0.50273645,49925,0.040703441870768284
0.8,0.3,0.8,0.3,0.50273645,49925,0.03883008399126748
0.7,0.4,0.8,0.8,0.50273913,49925,0.03810798032418136
0.5,0.7,0.2,0.5,0.5027477,49925,0.038151570451211855
0.9,0.8,0.5,0.1,0.502751,49925,0.04159531547434364
0.7,0.3,0.9,0.1,0.5027522,49925,0.03954882306568094
0.8,0.4,0.8,0.9,0.5027522,49925,0.0377862289031086
0.5,0.3,0.7,0.4,0.50275314,49925,0.03888359192104352
0.8,0.2,0.3,0.1,0.50275457,49925,0.03804402619719152
0.5,0.7,0.2,0.2,0.5027552,49925,0.039446397714532684
0.5,0.6,0.3,0.2,0.502763,49925,0.040778556857202004
0.5,0.3,0.5,0.7,0.5027654,49925,0.0376742911329183
0.4,0.3,0.6,0.8,0.50276643,49925,0.037065097273241664
0.7,0.2,0.6,0.1,0.5027687,49925,0.038673737671259124
0.5,0.6,0.3,0.7,0.5027783,49925,0.038187774351608764
0.4,0.3,0.4,0.7,0.5028008,49925,0.03749929078558228
0.9,0.5,0.5,0.4,0.502807,49925,0.039806293097555345
0.6,0.9,0.3,0.5,0.5028081,49925,0.03902229022894035
0.5,0.2,0.4,0.4,0.5028081,49925,0.037969709847507326
0.7,0.6,0.5,0.6,0.5028082,49925,0.039637480975580064
0.8,0.7,0.6,0.7,0.5028236,49925,0.03970438837670444
0.7,0.7,0.4,0.2,0.5028241,49925,0.0410830970364941
0.6,0.4,0.9,0.7,0.502825,49925,0.03833125162829676
0.5,0.7,0.2,0.6,0.502831,49925,0.03773833414342199
0.4,0.6,0.1,0.6,0.50283134,49925,0.036116305092375386
0.2,0.2,0.8,0.3,0.5028327,49925,0.037161281630203984
0.9,0.5,0.7,0.9,0.50283515,49925,0.038411567696145836
0.6,0.7,0.4,0.5,0.5028381,49925,0.03985601523741684
0.7,0.9,0.4,0.2,0.5028392,49925,0.040888374877539414
0.6,0.9,0.3,0.7,0.5028453,49925,0.03830120538795757
0.6,0.3,0.9,0.1,0.5028498,49925,0.03971532748623138
0.9,0.8,0.6,0.7,0.5028571,49925,0.039796903894186816
0.9,0.3,0.8,0.3,0.5028614,49925,0.038648119859796
0.6,0.8,0.2,0.1,0.502869,49925,0.03949887084440775
0.5,0.7,0.2,0.3,0.502872,49925,0.039018039410685296
0.2,0.2,0.5,0.8,0.5028758,49925,0.034931043713651855
0.9,0.4,0.8,0.9,0.50288314,49925,0.0377465807405352
0.6,0.8,0.2,0.5,0.5028866,49925,0.03808473193832464
0.3,0.4,0.1,0.7,0.50289017,49925,0.035125540162524393
0.5,0.4,0.4,0.7,0.50289226,49925,0.0382250340788337
0.5,0.6,0.3,0.1,0.50289595,49925,0.04135567691232795
0.3,0.4,0.1,0.3,0.5029085,49925,0.03774151603435561
0.6,0.8,0.2,0.6,0.5029085,49925,0.03774151603435561
0.7,0.4,0.8,0.9,0.50291276,49925,0.037775153590662684
0.6,0.5,0.5,0.9,0.5029212,49925,0.03813587263395462
0.8,0.7,0.6,0.9,0.5029219,49925,0.03901515888148408
0.3,0.4,0.1,0.5,0.5029223,49925,0.03639651911236478
0.5,0.7,0.2,0.1,0.50292575,49925,0.03987473559855039
0.5,0.4,0.9,0.9,0.5029291,49925,0.03746765139820443
0.4,0.3,0.9,0.3,0.5029332,49925,0.03882378133511432
0.5,0.7,0.3,0.3,0.50294465,49925,0.04011051669517128
0.5,0.6,0.4,0.9,0.5029556,49925,0.037941861234897165
0.6,0.4,0.4,0.5,0.5029557,49925,0.03917548154753764
0.8,0.6,0.6,0.9,0.50295687,49925,0.038721947823907976
0.6,0.4,0.8,0.9,0.5029619,49925,0.03771066500815514
0.9,0.4,0.5,0.4,0.5029637,49925,0.03929164691933102
0.3,0.3,0.9,0.7,0.50296795,49925,0.0367580015184335
0.8,0.8,0.5,0.5,0.50297105,49925,0.040233457318559325
0.6,0.3,0.7,0.4,0.50297546,49925,0.03885325061083308
0.2,0.2,0.9,0.3,0.50298107,49925,0.036826990628130635
0.6,0.8,0.3,0.8,0.502983,49925,0.03796034408577597
0.9,0.3,0.9,0.2,0.5029922,49925,0.0388573973507162
0.8,0.9,0.5,0.6,0.50299305,49925,0.03992847263136925
0.7,0.9,0.3,0.1,0.5029968,49925,0.0403411324563887
0.5,0.6,0.3,0.6,0.503001,49925,0.03866427763431198
0.3,0.4,0.1,0.6,0.5030026,49925,0.03574554487328398
0.8,0.9,0.5,0.5,0.50300294,49925,0.04027224068137666
0.7,0.3,0.6,0.7,0.5030078,49925,0.03764197853016365
0.4,0.1,0.3,0.1,0.50300795,49925,0.037953060084877734
0.8,0.2,0.6,0.2,0.50300795,49925,0.037953060084877734
0.7,0.5,0.5,0.7,0.5030104,49925,0.038904436510671186
0.3,0.2,0.5,0.2,0.50301754,49925,0.039223466071359715
0.7,0.3,0.6,0.6,0.50301766,49925,0.03803514304333851
0.6,0.8,0.3,0.9,0.5030181,49925,0.03760209315527335
0.3,0.4,0.1,0.8,0.5030233,49925,0.034555532220342224
0.3,0.2,0.4,0.5,0.50302815,49925,0.03737341791683828
0.6,0.8,0.3,0.3,0.503029,49925,0.03990030276333135
0.9,0.4,0.9,0.7,0.5030312,49925,0.038293965841668456
0.7,0.6,0.5,0.7,0.50303566,49925,0.03924258331109077
0.6,0.5,0.4,0.5,0.5030363,49925,0.03954397139993328
0.9,0.4,0.8,0.8,0.50303674,49925,0.03805976798538194
0.4,0.6,0.1,0.7,0.50303733,49925,0.03565785022601034
0.8,0.4,0.5,0.5,0.50303775,49925,0.039092399248050864
0.8,0.4,0.9,0.7,0.50303966,49925,0.038347894534283875
0.7,0.9,0.4,0.8,0.50304604,49925,0.03869085989731078
0.7,0.7,0.4,0.3,0.5030495,49925,0.040622679072305976
0.4,0.6,0.1,0.9,0.5030568,49925,0.03479910922456071
0.8,0.7,0.5,0.4,0.5030578,49925,0.04052441267673619
0.8,0.3,0.9,0.2,0.5030602,49925,0.03905735566541989
0.6,0.8,0.2,0.7,0.5030608,49925,0.03740719612155485
0.4,0.2,0.6,0.1,0.50307053,49925,0.03951310370325883
0.5,0.5,0.3,0.3,0.5030725,49925,0.040216196419107966
0.4,0.6,0.1,0.8,0.50307393,49925,0.035223799251859755
0.6,0.3,0.6,0.7,0.5030777,49925,0.037689342707066115
0.5,0.8,0.1,0.4,0.50307786,49925,0.036749760129533814
0.4,0.5,0.2,0.9,0.5030834,49925,0.03602867072906325
0.4,0.6,0.1,0.3,0.5030835,49925,0.03747921741021682
0.9,0.9,0.6,0.7,0.5030871,49925,0.03992903967130889
0.6,0.6,0.4,0.6,0.5030919,49925,0.03929425589225846
0.9,0.9,0.6,0.9,0.5030919,49925,0.03929425589225846
0.3,0.3,0.2,0.3,0.5030919,49925,0.03929425589225846
0.4,0.3,0.9,0.4,0.50309324,49925,0.038416098853178295
0.4,0.3,0.7,0.6,0.50309455,49925,0.037847088418274846
0.5,0.3,0.7,0.5,0.5031005,49925,0.03843506466933319
0.9,0.5,0.6,0.7,0.50310194,49925,0.038946043652781454
0.4,0.5,0.2,0.1,0.50311345,49925,0.040607202612039706
0.8,0.5,0.6,0.9,0.50311613,49925,0.03832543270200373
0.5,0.3,0.3,0.3,0.5031274,49925,0.0395284816806173
0.5,0.1,0.3,0.1,0.50312996,49925,0.0373462458270856
0.7,0.9,0.4,0.6,0.50313145,49925,0.03940197283350167
0.5,0.2,0.6,0.1,0.5031328,49925,0.03930299369384579
0.1,0.1,0.4,0.2,0.5031382,49925,0.03662340744413891
0.2,0.2,0.8,0.4,0.5031382,49925,0.03662340744413891
0.5,0.7,0.2,0.7,0.50315404,49925,0.03732459587706291
0.1,0.1,0.5,0.1,0.5031578,49925,0.036919984447621804
0.7,0.4,0.9,0.8,0.50315785,49925,0.03803887542710757
0.8,0.3,0.9,0.3,0.503169,49925,0.03869093692759531
0.8,0.9,0.5,0.8,0.50316954,49925,0.039256266533039
0.4,0.3,0.8,0.4,0.5031717,49925,0.038607021354952344
0.5,0.8,0.1,0.5,0.503176,49925,0.036438029658588805
0.7,0.2,0.5,0.3,0.503179,49925,0.037939476932668796
0.6,0.8,0.2,0.9,0.50318295,49925,0.036735792898212896
0.7,0.3,0.7,0.5,0.5031848,49925,0.03834618251052059
0.7,0.7,0.5,0.8,0.5031849,49925,0.0390631680201622
0.8,0.6,0.5,0.5,0.5031887,49925,0.03993082316943011
0.5,0.8,0.1,0.7,0.5031912,49925,0.035810139168478805
0.4,0.2,0.4,0.5,0.5031954,49925,0.037477734543301465
0.7,0.7,0.4,0.1,0.5032002,49925,0.04155428938821075
0.7,0.9,0.3,0.2,0.50320566,49925,0.04001275898370722
0.9,0.4,0.4,0.1,0.5032057,49925,0.0401867113249831
0.7,0.1,0.3,0.1,0.5032102,49925,0.03615328238554155
0.3,0.2,0.7,0.1,0.5032158,49925,0.03913392273880739
0.5,0.7,0.2,0.8,0.50321823,49925,0.03692881657754868
0.9,0.5,0.6,0.8,0.50321877,49925,0.03858166175274922
0.3,0.2,0.5,0.3,0.50322074,49925,0.038538234107421465
0.8,0.9,0.5,0.7,0.50322634,49925,0.03958009132939275
0.8,0.9,0.5,0.9,0.503227,49925,0.03893824419122806
0.5,0.7,0.3,0.4,0.5032327,49925,0.03962786970405334
0.2,0.2,0.6,0.5,0.50323474,49925,0.03654490038936827
0.6,0.3,0.5,0.7,0.50323564,49925,0.03767589336803422
0.8,0.5,0.4,0.1,0.5032358,49925,0.041019978417804685
0.7,0.3,0.8,0.3,0.50323933,49925,0.03899347138372676
0.4,0.6,0.1,0.5,0.50324017,49925,0.036577352812917914
0.6,0.4,0.9,0.9,0.5032425,49925,0.03765253477398448
0.7,0.8,0.4,0.1,0.5032433,49925,0.04143808037332735
0.5,0.8,0.1,0.6,0.50325334,49925,0.03612996375926113
0.9,0.8,0.5,0.4,0.5032587,49925,0.040458352849192164
0.7,0.8,0.4,0.8,0.50325966,49925,0.03865998568697463
0.5,0.2,0.5,0.3,0.50326645,49925,0.03843074743438869
0.7,0.9,0.4,0.7,0.503269,49925,0.039034378479510565
0.9,0.9,0.5,0.1,0.50328124,49925,0.041578231429365634
0.9,0.3,0.8,0.4,0.5032874,49925,0.038326376856920315
0.6,0.9,0.1,0.9,0.50328755,49925,0.03530452809895407
0.6,0.3,0.8,0.3,0.5032908,49925,0.03909026627658767
0.6,0.8,0.2,0.8,0.50329435,49925,0.03705992167756536
0.3,0.4,0.1,0.4,0.50329435,49925,0.03705992167756536
0.3,0.4,0.1,0.2,0.50329447,49925,0.03843658151337745
0.6,0.8,0.2,0.4,0.50329447,49925,0.03843658151337745
0.6,0.4,0.5,0.8,0.50330424,49925,0.03802243857691324
0.3,0.1,0.3,0.1,0.50330585,49925,0.038530577214528954
0.9,0.3,0.9,0.3,0.50330585,49925,0.038530577214528954
0.6,0.2,0.6,0.2,0.50330585,49925,0.038530577214528954
0.7,0.4,0.5,0.7,0.503307,49925,0.038404944275690474
0.3,0.2,0.3,0.5,0.50331223,49925,0.037371854949730755
0.6,0.7,0.4,0.9,0.50331515,49925,0.03819609859196455
0.5,0.6,0.2,0.1,0.50331837,49925,0.04009444256108292
0.7,0.3,0.5,0.6,0.50332075,49925,0.03800242721244553
0.9,0.8,0.5,0.3,0.50332534,49925,0.040833755115664484
0.8,0.4,0.9,0.8,0.5033339,49925,0.038043713957283086
0.9,0.9,0.5,0.2,0.5033368,49925,0.04121426955103431
0.3,0.4,0.1,0.9,0.5033397,49925,0.03400345671815874
0.6,0.1,0.3,0.1,0.50334716,49925,0.036733800219864554
0.6,0.2,0.4,0.4,0.50335467,49925,0.03775011659290215
0.3,0.1,0.2,0.2,0.50335467,49925,0.03775011659290215
0.9,0.3,0.6,0.6,0.50335467,49925,0.03775011659290215
0.8,0.8,0.5,0.7,0.50335604,49925,0.039507222941372
0.9,0.4,0.9,0.8,0.50335664,49925,0.03800750027034887
0.6,0.6,0.4,0.5,0.503364,49925,0.039769075966064146
0.5,0.6,0.3,0.8,0.50337374,49925,0.037729934255187496
0.8,0.3,0.9,0.1,0.50337577,49925,0.039392646757663054
0.3,0.2,0.6,0.2,0.50338376,49925,0.03888987207574806
0.6,0.4,0.9,0.8,0.50339323,49925,0.0379751738303436
0.4,0.3,0.7,0.7,0.5033955,49925,0.03740898824986461
0.9,0.9,0.5,0.3,0.503399,49925,0.04087095327879353
0.4,0.3,0.7,0.8,0.5034012,49925,0.036978144408471525
0.5,0.6,0.2,0.8,0.50340265,49925,0.03681908387597783
0.8,0.5,0.5,0.6,0.5034032,49925,0.03919126481577679
0.4,0.3,0.8,0.5,0.5034043,49925,0.038159538765254554
0.5,0.3,0.5,0.8,0.5034043,49925,0.03720917195411946
0.9,0.8,0.6,0.8,0.5034111,49925,0.03946070428439503
0.7,0.9,0.4,0.3,0.50341487,49925,0.04051196882092863
0.8,0.6,0.4,0.1,0.50342065,49925,0.04117888424576169
0.7,0.8,0.4,0.2,0.50343335,49925,0.041008692465105544
0.6,0.7,0.4,0.8,0.5034337,49925,0.03859574371023865
0.9,0.7,0.6,0.8,0.50343895,49925,0.039280309542107775
0.9,0.1,0.3,0.1,0.5034397,49925,0.035075458992676535
0.6,0.8,0.2,0.2,0.5034435,49925,0.03914703611871295
0.3,0.4,0.1,0.1,0.5034435,49925,0.03914703611871295
0.6,0.7,0.3,0.2,0.5034463,49925,0.04047410432818714
0.5,0.3,0.8,0.4,0.503448,49925,0.03871161688124057
0.6,0.3,0.7,0.5,0.50344837,49925,0.03842812280840722
0.5,0.6,0.3,0.4,0.50345016,49925,0.039684957802148244
0.9,0.9,0.6,0.8,0.5034537,49925,0.03961296782860729
0.4,0.4,0.3,0.5,0.5034571,49925,0.03889035646144814
0.6,0.8,0.2,0.3,0.5034598,49925,0.03877948071490501
0.5,0.6,0.2,0.9,0.5034633,49925,0.03639230544237914
0.8,0.3,0.8,0.4,0.5034643,49925,0.03847146987032907
0.6,0.3,0.8,0.4,0.5034664,49925,0.03870076051365072
0.9,0.7,0.5,0.3,0.50346786,49925,0.04073546992158419
0.6,0.8,0.3,0.7,0.50347763,49925,0.038330601358033074
0.8,0.4,0.9,0.9,0.50348455,49925,0.0377403105708208
0.7,0.7,0.4,0.5,0.50349826,49925,0.03975582468623421
0.5,0.3,0.6,0.7,0.5035011,49925,0.03764720754181614
0.4,0.5,0.2,0.5,0.5035074,49925,0.03812523520783413
0.4,0.6,0.1,0.4,0.50351,49925,0.03703747967973657
0.7,0.3,0.9,0.2,0.50351936,49925,0.039202527682933835
0.8,0.1,0.3,0.1,0.50352937,49925,0.03559377415688743
0.4,0.6,0.1,0.1,0.5035307,49925,0.03837271539646066
0.6,0.9,0.1,0.8,0.5035313,49925,0.0355723894758114
0.7,0.8,0.4,0.3,0.5035334,49925,0.04060065866504398
0.4,0.5,0.2,0.8,0.5035381,49925,0.03651366143795999
0.7,0.7,0.5,0.9,0.50354093,49925,0.03870205888598715
0.6,0.3,0.7,0.6,0.5035623,49925,0.03802843039955526
0.4,0.5,0.2,0.6,0.5035647,49925,0.0375579638281075
0.5,0.3,0.4,0.6,0.50357544,49925,0.038071763483453834
0.7,0.8,0.3,0.2,0.5035776,49925,0.040141737746601555
0.7,0.4,0.4,0.4,0.50358033,49925,0.039445749983395235
0.5,0.5,0.4,0.8,0.50358725,49925,0.03814367824674319
0.9,0.2,0.7,0.1,0.50358766,49925,0.03788511894896171
0.8,0.9,0.4,0.3,0.50358784,49925,0.04037835594235492
0.7,0.9,0.2,0.5,0.50359404,49925,0.03800061479847064
0.8,0.8,0.5,0.6,0.50359434,49925,0.03987931363965212
0.9,0.7,0.6,0.7,0.50359446,49925,0.03961448085487641
0.7,0.8,0.4,0.7,0.50359523,49925,0.039036749948535246
0.7,0.9,0.4,0.5,0.503596,49925,0.03976088047628919
0.7,0.9,0.2,0.1,0.5036,49925,0.03918561378897199
0.6,0.3,0.9,0.2,0.5036063,49925,0.03931588427897373
0.9,0.3,0.5,0.5,0.5036065,49925,0.03800937357821593
0.9,0.2,0.3,0.1,0.5036165,49925,0.037435428808079076
0.5,0.6,0.3,0.3,0.5036225,49925,0.04023357575891607
0.7,0.9,0.2,0.2,0.5036239,49925,0.038869466791759975
0.6,0.3,0.3,0.2,0.5036259,49925,0.03979584749908426
0.8,0.4,0.6,0.8,0.5036383,49925,0.03808630441019234
0.4,0.2,0.3,0.4,0.5036383,49925,0.03808630441019234
0.2,0.2,0.2,0.7,0.5036412,49925,0.03488998548443208
0.7,0.9,0.3,0.3,0.5036458,49925,0.03968132122635901
0.7,0.8,0.4,0.9,0.50365025,49925,0.03831360419634727
0.5,0.3,0.8,0.3,0.5036572,49925,0.039143242818974716
0.4,0.3,0.3,0.5,0.5036592,49925,0.038379706028524536
0.3,0.3,0.9,0.8,0.50366795,49925,0.03634855883654026
0.9,0.5,0.5,0.5,0.50366807,49925,0.03940598593761685
0.5,0.5,0.3,0.4,0.503669,49925,0.03962660796953019
0.7,0.3,0.4,0.4,0.5036753,49925,0.03875674713466169
0.8,0.3,0.6,0.6,0.5036941,49925,0.037913827342915395
0.5,0.6,0.3,0.9,0.5036966,49925,0.03729860271072345
0.2,0.2,0.7,0.4,0.5036999,49925,0.03690100426474299
0.6,0.3,0.4,0.5,0.50371265,49925,0.03848063900457203
0.9,0.6,0.6,0.8,0.5037168,49925,0.03899755968656681
0.6,0.4,0.3,0.1,0.503722,49925,0.04091232153964983
0.7,0.2,0.4,0.4,0.50372356,49925,0.03746248890066375
0.9,0.2,0.4,0.3,0.5037255,49925,0.0371909333588038
0.2,0.2,0.6,0.6,0.50372595,49925,0.03596355506320253
0.1,0.1,0.3,0.3,0.50372595,49925,0.03596355506320253
0.3,0.3,0.9,0.9,0.50372595,49925,0.03596355506320253
0.6,0.7,0.3,0.1,0.503737,49925,0.04093532579124767
0.8,0.3,0.6,0.7,0.50374246,49925,0.03754558163868684
0.7,0.2,0.3,0.2,0.5037452,49925,0.03812044751545158
0.4,0.3,0.6,0.9,0.50374526,49925,0.03661703219055963
0.7,0.6,0.4,0.3,0.5037557,49925,0.04055964853254924
0.4,0.2,0.5,0.4,0.503761,49925,0.0379744679413099
0.7,0.9,0.4,0.4,0.50376284,49925,0.040121991317574206
0.7,0.8,0.3,0.1,0.5037634,49925,0.040494233226453104
0.9,0.3,0.7,0.5,0.5037684,49925,0.03808013021509697
0.8,0.8,0.5,0.8,0.50377864,49925,0.03916823733911827
0.3,0.2,0.4,0.7,0.5037998,49925,0.036122295213950856
0.5,0.3,0.6,0.8,0.5038001,49925,0.03721919484597079
0.7,0.4,0.4,0.5,0.5038006,49925,0.03896160398460583
0.9,0.4,0.6,0.7,0.5038029,49925,0.038343237583319666
0.9,0.9,0.5,0.4,0.5038036,49925,0.040494465701119746
0.6,0.8,0.3,0.4,0.5038037,49925,0.03948197846937866
0.9,0.9,0.4,0.2,0.5038053,49925,0.04052096947154745
0.5,0.2,0.6,0.2,0.5038108,49925,0.03877731763124316
0.8,0.3,0.7,0.5,0.503816,49925,0.03822625088265818
0.7,0.7,0.4,0.4,0.5038163,49925,0.04018884997256312
0.4,0.4,0.3,0.6,0.50382113,49925,0.038248930069188905
0.8,0.7,0.4,0.1,0.5038243,49925,0.04124502901766422
0.5,0.3,0.9,0.3,0.50382936,49925,0.03893266259212666
0.6,0.7,0.3,0.7,0.50383437,49925,0.03828251842595989
0.5,0.7,0.1,0.8,0.50383854,49925,0.035442689072229194
0.5,0.9,0.1,0.1,0.5038414,49925,0.03723440390629002
0.4,0.3,0.4,0.8,0.5038414,49925,0.03696406725016031
0.2,0.2,0.5,0.9,0.50385016,49925,0.03439890109128055
0.6,0.6,0.3,0.2,0.5038504,49925,0.040562775417376816
0.5,0.6,0.2,0.7,0.5038505,49925,0.03726061991877434
0.8,0.7,0.5,0.5,0.5038549,49925,0.04012569258220943
0.9,0.2,0.5,0.4,0.5038552,49925,0.03699034732350028
0.9,0.4,0.4,0.2,0.5038576,49925,0.03973002300845919
0.3,0.2,0.8,0.1,0.5038577,49925,0.038720071410215405
0.5,0.3,0.7,0.6,0.50385815,49925,0.038010698365202815
0.8,0.2,0.7,0.1,0.5038603,49925,0.03821003448593605
0.6,0.5,0.3,0.1,0.503863,49925,0.04110041973686066
0.7,0.3,0.3,0.1,0.5038675,49925,0.03986853459985844
0.7,0.6,0.5,0.8,0.50386816,49925,0.03886095846692722
0.7,0.4,0.6,0.9,0.5038693,49925,0.03775846428645168
0.9,0.3,0.4,0.3,0.50387406,49925,0.03851167425260124
0.8,0.9,0.4,0.5,0.50388074,49925,0.039672117829573805
0.1,0.1,0.2,0.8,0.5038909,49925,0.031063764191076555
0.5,0.5,0.3,0.5,0.50389344,49925,0.03907357427294018
0.8,0.4,0.4,0.3,0.5038936,49925,0.0396482048959709
0.5,0.8,0.1,0.3,0.50389546,49925,0.037047767896791144
0.6,0.7,0.3,0.3,0.5038967,49925,0.039998189586843515
0.5,0.3,0.3,0.4,0.5039016,49925,0.03887217865514994
0.4,0.5,0.2,0.4,0.5039103,49925,0.03870764813360152
0.6,0.6,0.4,0.7,0.5039107,49925,0.03886001130692258
0.1,0.1,0.2,0.7,0.5039208,49925,0.031887115681609
0.7,0.5,0.5,0.8,0.5039349,49925,0.03849045898151251
0.4,0.2,0.7,0.1,0.50393623,49925,0.0391777936509169
0.6,0.3,0.6,0.8,0.5039365,49925,0.03727682079534582
0.5,0.6,0.3,0.5,0.5039565,49925,0.03916972204532581
0.2,0.2,0.6,0.9,0.50395733,49925,0.03439392305439527
0.6,0.2,0.5,0.3,0.503967,49925,0.03819836761884391
0.5,0.2,0.7,0.1,0.50396883,49925,0.03903803701879319
0.4,0.3,0.9,0.5,0.5039724,49925,0.03796905335376112
0.7,0.9,0.2,0.6,0.5039736,49925,0.03770900573726506
0.3,0.2,0.4,0.6,0.50397456,49925,0.03673138727194797
0.2,0.2,0.6,0.7,0.5039758,49925,0.03540834497002762
0.8,0.8,0.4,0.3,0.5039825,49925,0.04043271394002525
0.5,0.3,0.8,0.5,0.50399,49925,0.03828504686225388
0.8,0.3,0.5,0.6,0.50399333,49925,0.037857326032272265
0.7,0.8,0.4,0.5,0.5039945,49925,0.03980239261797857
0.8,0.7,0.4,0.2,0.5039996,49925,0.04083291604693938
0.9,0.3,0.7,0.6,0.5040047,49925,0.037753320904535904
0.1,0.1,0.2,0.6,0.5040066,49925,0.032790087916633986
0.8,0.9,0.4,0.6,0.50400877,49925,0.039334244310829124
0.9,0.8,0.6,0.9,0.50400877,49925,0.03915543273624161
0.6,0.3,0.7,0.7,0.50400984,49925,0.03762508420338674
0.8,0.4,0.5,0.6,0.50401026,49925,0.038683393155513904
0.9,0.9,0.4,0.3,0.504014,49925,0.04021392299927035
0.8,0.2,0.5,0.4,0.5040219,49925,0.03725736971393371
0.7,0.3,0.8,0.4,0.50402766,49925,0.03861542903822906
0.5,0.3,0.8,0.6,0.50403374,49925,0.037884623647177394
0.7,0.5,0.4,0.3,0.50403756,49925,0.040358415655499844
0.9,0.7,0.6,0.9,0.5040383,49925,0.03895886803822894
0.8,0.9,0.4,0.4,0.50403947,49925,0.040022474981379584
0.7,0.3,0.7,0.6,0.5040424,49925,0.03797153734136219
0.4,0.5,0.2,0.2,0.5040472,49925,0.03997263605049484
0.7,0.4,0.9,0.9,0.5040508,49925,0.03772628998543573
0.8,0.7,0.5,0.7,0.5040544,49925,0.03936269240646017
0.5,0.4,0.3,0.3,0.5040579,49925,0.04001623381142426
0.8,0.8,0.4,0.2,0.5040631,49925,0.040826681847475475
0.4,0.4,0.2,0.1,0.5040631,49925,0.040826681847475475
0.6,0.7,0.3,0.6,0.5040702,49925,0.038696658003992385
0.6,0.7,0.2,0.9,0.5040796,49925,0.03663993833607043
0.7,0.9,0.2,0.4,0.5040824,49925,0.038283556996615765
0.7,0.8,0.4,0.4,0.50408584,49925,0.04020137328754792
0.9,0.9,0.5,0.7,0.5040862,49925,0.0394955750724441
0.7,0.9,0.3,0.6,0.50408655,49925,0.038651755495008835
0.8,0.3,0.7,0.6,0.50408924,49925,0.03787905247575067
0.8,0.6,0.5,0.6,0.5040905,49925,0.03952872597532973
0.6,0.5,0.3,0.2,0.50409687,49925,0.04051623742287821
0.6,0.2,0.3,0.3,0.5040977,49925,0.03807995874336663
0.9,0.5,0.5,0.6,0.50409997,49925,0.039008302111502705
0.7,0.9,0.2,0.3,0.50410014,49925,0.03857588375066132
0.9,0.4,0.9,0.9,0.50410825,49925,0.03772541277525565
0.8,0.7,0.5,0.6,0.5041087,49925,0.03973643382187096
0.6,0.7,0.3,0.5,0.5041182,49925,0.039113788683290525
0.6,0.3,0.4,0.6,0.50411844,49925,0.03795611423736359
0.4,0.2,0.6,0.2,0.5041302,49925,0.03893446120126499
0.2,0.1,0.3,0.1,0.5041302,49925,0.03893446120126499
0.6,0.3,0.9,0.3,0.5041302,49925,0.03893446120126499
0.5,0.3,0.7,0.7,0.5041348,49925,0.03757897800000237
0.3,0.2,0.2,0.3,0.504135,49925,0.03863857590324914
0.6,0.4,0.4,0.6,0.504135,49925,0.03863857590324914
0.9,0.6,0.6,0.9,0.504135,49925,0.03863857590324913
0.6,0.8,0.3,0.6,0.50414014,49925,0.03869802071353156
0.8,0.5,0.4,0.2,0.5041448,49925,0.040524716264447015
0.4,0.3,0.8,0.6,0.5041553,49925,0.037718193385551074
0.4,0.2,0.5,0.3,0.50416136,49925,0.03857385634332196
0.7,0.3,0.5,0.7,0.50417554,49925,0.03759169795011361
0.6,0.8,0.3,0.5,0.5041764,49925,0.03908982772100902
0.7,0.9,0.2,0.8,0.50417686,49925,0.037116167140545456
0.1,0.1,0.3,0.4,0.50417703,49925,0.03489756646199087
0.2,0.2,0.6,0.8,0.50417703,49925,0.03489756646199087
0.7,0.8,0.4,0.6,0.50417733,49925,0.03940572245212727
0.4,0.5,0.2,0.7,0.50417954,49925,0.03702742953012566
0.7,0.7,0.3,0.2,0.50417995,49925,0.04022531401068516
0.9,0.3,0.9,0.4,0.50418913,49925,0.0382281720361122
0.7,0.9,0.2,0.9,0.50418967,49925,0.03681100452904667
0.2,0.2,0.9,0.4,0.50419426,49925,0.03636427132975082
0.7,0.9,0.3,0.9,0.50419486,49925,0.037697214290370144
0.3,0.2,0.7,0.2,0.504195,49925,0.03855195951224916
0.8,0.9,0.4,0.9,0.5041967,49925,0.03837046256469704
0.6,0.7,0.3,0.4,0.50420237,49925,0.039548669461064875
0.8,0.9,0.4,0.2,0.5042054,49925,0.04073343681888805
0.5,0.7,0.1,0.9,0.50421363,49925,0.03508660063342422
0.9,0.4,0.5,0.5,0.50421613,49925,0.038873942620560514
0.7,0.6,0.5,0.9,0.5042164,49925,0.0384724954959389
0.8,0.6,0.5,0.7,0.50421786,49925,0.03913468327662684
0.8,0.8,0.4,0.8,0.50422406,49925,0.038616853298480414
0.2,0.2,0.1,0.2,0.50422406,49925,0.038616853298480414
0.6,0.6,0.3,0.6,0.50422406,49925,0.03861685329848041
0.4,0.4,0.2,0.4,0.50422406,49925,0.038616853298480414
0.7,0.9,0.2,0.7,0.5042252,49925,0.037410603229768385
0.5,0.3,0.6,0.9,0.5042357,49925,0.03680286957957092
0.4,0.5,0.1,0.9,0.50423634,49925,0.03462904250828431
0.2,0.2,0.8,0.5,0.50423855,49925,0.03612836226316308
0.7,0.7,0.3,0.3,0.5042471,49925,0.03982688583123713
0.8,0.4,0.5,0.7,0.50424755,49925,0.038260787779216106
0.7,0.8,0.3,0.3,0.5042528,49925,0.03978876976726105
0.4,0.3,0.4,0.9,0.5042597,49925,0.036449571924899046
0.8,0.8,0.5,0.9,0.50426,49925,0.03882192393701297
0.8,0.5,0.5,0.7,0.5042605,49925,0.03878581498229816
0.7,0.4,0.5,0.8,0.50426173,49925,0.03799341911312514
0.8,0.9,0.4,0.1,0.5042631,49925,0.04108927012620812
0.3,0.2,0.5,0.4,0.5042744,49925,0.03789335329460714
0.7,0.9,0.3,0.4,0.5042816,49925,0.03932031815107964
0.8,0.8,0.4,0.7,0.5043032,49925,0.038947727708743475
0.5,0.5,0.2,0.2,0.5043033,49925,0.03970873778051251
0.4,0.5,0.2,0.3,0.50431067,49925,0.03931744769348719
0.7,0.6,0.3,0.2,0.5043107,49925,0.04024672968519542
0.2,0.2,0.7,0.5,0.5043142,49925,0.0363472464231525
0.4,0.5,0.1,0.7,0.50432307,49925,0.03557030027089641
0.6,0.3,0.6,0.9,0.5043269,49925,0.03688762042630736
0.4,0.2,0.4,0.6,0.5043269,49925,0.03688762042630736
0.2,0.1,0.2,0.3,0.5043269,49925,0.03688762042630736
0.6,0.6,0.3,0.5,0.5043312,49925,0.03905828741826439
0.6,0.7,0.2,0.2,0.50433576,49925,0.03926792011848218
0.6,0.5,0.4,0.6,0.50433725,49925,0.03906180595028868
0.5,0.2,0.3,0.4,0.504342,49925,0.03784200811772431
0.7,0.7,0.4,0.7,0.5043441,49925,0.03895643031976548
0.6,0.7,0.3,0.8,0.5043462,49925,0.03789844099784341
0.9,0.3,0.6,0.7,0.5043474,49925,0.03740326786619344
0.8,0.3,0.7,0.7,0.5043602,49925,0.03753735853312976
0.9,0.9,0.4,0.4,0.50436026,49925,0.03988914158911594
0.9,0.8,0.4,0.3,0.50436145,49925,0.040208940010056246
0.8,0.9,0.4,0.8,0.5043717,49925,0.03868917113777253
0.7,0.2,0.7,0.1,0.50438035,49925,0.038515538561636205
0.7,0.7,0.4,0.6,0.5043805,49925,0.039346189743022564
0.9,0.9,0.5,0.6,0.5043847,49925,0.039826408194098974
0.7,0.5,0.5,0.9,0.50438696,49925,0.03808870116381521
0.5,0.2,0.4,0.5,0.50438744,49925,0.0374120810376811
0.6,0.4,0.5,0.9,0.50439537,49925,0.03760286889518638
0.4,0.3,0.2,0.1,0.5043994,49925,0.04072368234517179
0.8,0.6,0.4,0.2,0.5043994,49925,0.04072368234517179
0.8,0.3,0.9,0.4,0.5044154,49925,0.03836846714280155
0.7,0.3,0.9,0.3,0.50442207,49925,0.03884992556623497
0.9,0.9,0.5,0.5,0.5044238,49925,0.04015948643845106
0.6,0.9,0.1,0.6,0.5044259,49925,0.03609487092779382
0.6,0.9,0.1,0.7,0.50442916,49925,0.035834977187454195
0.9,0.9,0.5,0.8,0.50443125,49925,0.03919581144687461
0.7,0.2,0.5,0.4,0.50443697,49925,0.03750304062016455
0.7,0.3,0.7,0.7,0.50443697,49925,0.037609389088860204
0.5,0.7,0.1,0.7,0.504455,49925,0.035823096333038755
0.2,0.2,0.7,0.7,0.50445694,49925,0.03529403953892057
0.2,0.2,0.7,0.6,0.50447124,49925,0.035807953626058306
0.5,0.6,0.2,0.2,0.5044742,49925,0.03961799057478108
0.7,0.8,0.2,0.1,0.5044767,49925,0.039293169370358635
0.6,0.7,0.2,0.8,0.50447947,49925,0.03700354434287429
0.9,0.5,0.6,0.9,0.5044815,49925,0.03824142697442812
0.4,0.3,0.7,0.9,0.5044874,49925,0.03654771120079105
0.8,0.8,0.4,0.6,0.5044921,49925,0.03930064800048025
0.4,0.4,0.2,0.3,0.5044921,49925,0.03930064800048025
0.5,0.2,0.2,0.1,0.50450057,49925,0.03929498490657458
0.7,0.9,0.3,0.5,0.5045018,49925,0.038986191042132405
0.7,0.2,0.6,0.2,0.5045106,49925,0.038253916978913054
0.8,0.7,0.5,0.8,0.50451535,49925,0.039003707704398864
0.4,0.5,0.1,0.8,0.5045158,49925,0.035088076076673975
0.6,0.6,0.3,0.1,0.50452113,49925,0.04108206448556095
0.6,0.3,0.8,0.5,0.5045296,49925,0.0382977677810531
0.3,0.3,0.2,0.9,0.50453496,49925,0.034870071477181505
0.8,0.7,0.4,0.3,0.5045356,49925,0.04041476610906963
0.4,0.3,0.8,0.8,0.50454277,49925,0.036876132391596865
0.3,0.2,0.6,0.3,0.50454575,49925,0.038277553595781375
0.9,0.8,0.5,0.5,0.50454885,49925,0.04009763132824235
0.7,0.9,0.3,0.7,0.50455374,49925,0.03833859332931911
0.5,0.5,0.4,0.9,0.50456476,49925,0.03768522332787667
0.9,0.3,0.8,0.5,0.50456965,49925,0.03800644796702685
0.9,0.8,0.4,0.2,0.50457764,49925,0.04056844364847155
0.8,0.9,0.3,0.1,0.50457776,49925,0.040144264537043846
0.8,0.9,0.4,0.7,0.5045879,49925,0.03900883041304699
0.2,0.2,0.2,0.8,0.504591,49925,0.03413546072958452
0.1,0.1,0.1,0.4,0.504591,49925,0.03413546072958452
0.9,0.9,0.5,0.9,0.5046039,49925,0.03888712381767743
0.4,0.5,0.1,0.3,0.50460464,49925,0.037615234210429484
0.6,0.2,0.4,0.5,0.50460917,49925,0.03723080277361576
0.6,0.3,0.3,0.3,0.5046132,49925,0.039173000748721494
0.4,0.2,0.2,0.2,0.5046132,49925,0.039173000748721494
0.2,0.1,0.1,0.1,0.5046132,49925,0.039173000748721494
0.8,0.4,0.4,0.4,0.5046132,49925,0.039173000748721494
0.9,0.4,0.6,0.9,0.50462383,49925,0.03763239303846523
0.5,0.6,0.2,0.4,0.504624,49925,0.03862280962733684
0.8,0.3,0.4,0.4,0.50462514,49925,0.03844860142348066
0.9,0.6,0.5,0.5,0.50462735,49925,0.03973172935245444
0.7,0.3,0.4,0.5,0.5046305,49925,0.038264395319704485
0.8,0.9,0.3,0.2,0.50463337,49925,0.039833916293400384
0.5,0.7,0.1,0.3,0.5046351,49925,0.0372348568383476
0.7,0.7,0.3,0.1,0.5046439,49925,0.040632746172137475
0.4,0.3,0.9,0.6,0.504647,49925,0.03755104880666073
0.9,0.4,0.6,0.8,0.50465727,49925,0.037981720929517224
0.3,0.3,0.2,0.8,0.50465834,49925,0.03548448339400717
0.5,0.5,0.2,0.1,0.5046633,49925,0.04025271550462847
0.5,0.3,0.4,0.7,0.50466543,49925,0.0375387522100326
0.4,0.3,0.8,0.7,0.5046679,49925,0.037282979545403605
0.7,0.3,0.3,0.2,0.5046717,49925,0.039290522681100365
0.5,0.6,0.2,0.6,0.5046739,49925,0.03771873756537408
0.9,0.6,0.5,0.4,0.5046741,49925,0.040135545323016414
0.8,0.3,0.8,0.5,0.50468034,49925,0.03814732148518528
0.7,0.4,0.4,0.6,0.5046814,49925,0.03848319977051098
0.8,0.8,0.4,0.1,0.5046877,49925,0.04121188436579831
0.9,0.7,0.5,0.4,0.50469404,49925,0.040355967538026796
0.8,0.2,0.4,0.4,0.5047069,49925,0.03714271872779142
0.4,0.1,0.2,0.2,0.5047069,49925,0.03714271872779142
0.6,0.4,0.3,0.2,0.5047125,49925,0.04030170609752137
0.9,0.7,0.4,0.2,0.50471354,49925,0.040517934077788774
0.3,0.3,0.1,0.5,0.50471437,49925,0.03608757033213335
0.5,0.8,0.1,0.2,0.5047203,49925,0.037327281576715714
0.6,0.6,0.4,0.8,0.50472075,49925,0.03842754759197967
0.3,0.3,0.2,0.4,0.50472075,49925,0.03842754759197967
0.7,0.9,0.3,0.8,0.5047346,49925,0.03801804942395559
0.5,0.4,0.4,0.8,0.50473565,49925,0.03772338127524196
0.6,0.7,0.2,0.7,0.5047357,49925,0.0373666461592543
0.9,0.9,0.4,0.1,0.50474805,49925,0.04084364789608418
0.9,0.8,0.5,0.6,0.50474864,49925,0.03974245557827841
0.9,0.3,0.7,0.7,0.5047551,49925,0.037428045247866006
0.5,0.3,0.9,0.4,0.50475806,49925,0.03852446028682526
0.9,0.2,0.7,0.2,0.5047596,49925,0.03759753593865026
0.3,0.2,0.4,0.8,0.5047639,49925,0.035540621445954775
0.4,0.5,0.1,0.1,0.5047663,49925,0.03863427921029224
0.5,0.3,0.7,0.8,0.50476795,49925,0.03717771913842311
0.9,0.5,0.5,0.7,0.50476855,49925,0.03863350987394462
0.9,0.4,0.5,0.6,0.5047958,49925,0.038471377988310865
0.3,0.3,0.2,0.7,0.50480103,49925,0.036146567336678974
0.5,0.3,0.8,0.7,0.50480795,49925,0.037486975467609554
0.3,0.3,0.2,0.5,0.50481415,49925,0.037611856537871524
0.6,0.8,0.1,0.8,0.50481427,49925,0.035554747552356734
0.6,0.7,0.3,0.9,0.50481594,49925,0.03750928748166527
0.6,0.2,0.5,0.4,0.50482625,49925,0.037733650087243754
0.6,0.3,0.9,0.4,0.504828,49925,0.03854273397640604
0.7,0.6,0.4,0.4,0.5048396,49925,0.04007258429513629
0.6,0.1,0.2,0.1,0.5048425,49925,0.03626836572622209
0.4,0.5,0.1,0.6,0.5048443,49925,0.036065965588127066
0.7,0.3,0.9,0.4,0.50484467,49925,0.03849064187697615
0.5,0.2,0.5,0.4,0.50485075,49925,0.03789569043020143
0.9,0.8,0.4,0.1,0.5048544,49925,0.04091961418422849
0.2,0.2,0.7,0.8,0.5048612,49925,0.0348101753337615
0.7,0.1,0.3,0.2,0.5048628,49925,0.035802435591429316
0.5,0.4,0.4,0.9,0.50486904,49925,0.03722983271580791
0.4,0.2,0.8,0.1,0.5048733,49925,0.03885368390859465
0.7,0.5,0.4,0.4,0.5048779,49925,0.039850799161922315
0.7,0.7,0.4,0.8,0.5048825,49925,0.03856258923402846
0.4,0.5,0.1,0.5,0.5048845,49925,0.036576092573634124
0.5,0.5,0.3,0.6,0.50488913,49925,0.03853096056493243
0.6,0.6,0.3,0.4,0.5048893,49925,0.039547577853774774
0.7,0.3,0.8,0.5,0.5048903,49925,0.038249807981476196
0.8,0.8,0.4,0.9,0.50489235,49925,0.038285902332808285
0.9,0.9,0.4,0.7,0.50489265,49925,0.038922733818172205
0.8,0.7,0.3,0.2,0.5048938,49925,0.03995542443526547
0.9,0.8,0.4,0.4,0.5049028,49925,0.03985286778545455
0.9,0.4,0.4,0.3,0.5049204,49925,0.039294236105443234
0.6,0.3,0.8,0.6,0.5049254,49925,0.03792839709936265
0.7,0.8,0.2,0.9,0.5049284,49925,0.03674736086328017
0.7,0.3,0.6,0.8,0.50493014,49925,0.037255062040384326
0.4,0.4,0.3,0.9,0.5049342,49925,0.03657064036055193
0.3,0.3,0.2,0.6,0.50493467,49925,0.03684019670332609
0.6,0.3,0.5,0.8,0.50493854,49925,0.037217175152652916
0.7,0.8,0.2,0.5,0.50494045,49925,0.03801057694892762
0.8,0.9,0.3,0.6,0.5049416,49925,0.0385868911379768
0.4,0.3,0.9,0.7,0.50494194,49925,0.03717411900183483
0.8,0.8,0.3,0.3,0.50494593,49925,0.03958679770136504
0.8,0.3,0.6,0.8,0.50494736,49925,0.03717766790512178
0.6,0.7,0.2,0.5,0.5049567,49925,0.03811142381007682
0.7,0.6,0.3,0.1,0.5049592,49925,0.040706605771730325
0.7,0.8,0.3,0.6,0.50495994,49925,0.03866013179034329
0.6,0.9,0.1,0.5,0.5049625,49925,0.036338612605583125
0.7,0.8,0.3,0.9,0.5049687,49925,0.03763221927477483
0.8,0.3,0.3,0.1,0.5049752,49925,0.03924248054670275
0.5,0.3,0.5,0.9,0.504983,49925,0.03677165861946157
0.6,0.4,0.4,0.7,0.50498307,49925,0.03816505198303544
0.6,0.8,0.1,0.9,0.5049842,49925,0.035250096737796624
0.5,0.3,0.7,0.9,0.5049858,49925,0.036795897835729265
0.4,0.3,0.8,0.9,0.5049887,49925,0.03649299465110303
0.7,0.5,0.4,0.5,0.5049908,49925,0.03937286763939259
0.6,0.6,0.4,0.9,0.5049925,49925,0.03800493035493927
0.7,0.8,0.3,0.7,0.5049927,49925,0.03831470863077334
0.3,0.2,0.5,0.5,0.50499463,49925,0.03725595885213842
0.4,0.2,0.7,0.2,0.5050023,49925,0.03865861155442112
0.8,0.6,0.5,0.8,0.5050028,49925,0.03875784925308329
0.5,0.4,0.3,0.4,0.50500625,49925,0.03938340393816156
0.6,0.3,0.7,0.8,0.50500923,49925,0.03724124559484485
0.4,0.3,0.3,0.6,0.50501037,49925,0.03771573730765019
0.7,0.8,0.2,0.4,0.50501424,49925,0.0383446389024917
0.9,0.5,0.4,0.1,0.505015,49925,0.04060408782581853
0.3,0.2,0.9,0.1,0.5050201,49925,0.038368388516494566
0.5,0.7,0.1,0.4,0.50502205,49925,0.036881786600195005
0.5,0.6,0.2,0.5,0.5050279,49925,0.03815645051461106
0.6,0.2,0.7,0.1,0.5050345,49925,0.0388189756457063
0.7,0.8,0.3,0.4,0.50503665,49925,0.039390790449943196
0.6,0.7,0.2,0.6,0.50503683,49925,0.037737446841138354
0.6,0.9,0.1,0.3,0.50504225,49925,0.03677591827155222
0.5,0.8,0.1,0.1,0.50504434,49925,0.03756287896405284
0.4,0.5,0.1,0.4,0.505047,49925,0.03710217087143523
0.7,0.8,0.3,0.8,0.50506437,49925,0.037969145174338394
0.1,0.1,0.2,0.9,0.50508046,49925,0.03034313566674307
0.8,0.9,0.3,0.9,0.50508136,49925,0.03770343998861007
0.4,0.5,0.1,0.2,0.505082,49925,0.038123235010485895
0.8,0.8,0.3,0.1,0.50508493,49925,0.04025213567192414
0.9,0.9,0.4,0.5,0.50509936,49925,0.03954596035426365
0.7,0.6,0.4,0.5,0.50509965,49925,0.03962391279623911
0.9,0.9,0.4,0.6,0.5051119,49925,0.039226537222315463
0.3,0.2,0.7,0.3,0.5051143,49925,0.038001832984296234
0.8,0.8,0.3,0.2,0.50511986,49925,0.03992108398522907
0.8,0.8,0.4,0.5,0.5051228,49925,0.03967013698869602
0.2,0.2,0.8,0.6,0.50512284,49925,0.03564225281244505
0.1,0.1,0.4,0.3,0.50512284,49925,0.03564225281244505
0.9,0.2,0.6,0.3,0.5051234,49925,0.03733079206967902
0.4,0.2,0.6,0.3,0.5051314,49925,0.03836408288070234
0.5,0.4,0.2,0.1,0.5051371,49925,0.0402980347264717
0.8,0.5,0.4,0.3,0.5051429,49925,0.04005563828271047
0.7,0.6,0.3,0.3,0.5051585,49925,0.03977856164020328
0.9,0.8,0.5,0.8,0.5051641,49925,0.03908255134801349
0.1,0.1,0.3,0.5,0.50517267,49925,0.033899451525328056
0.3,0.2,0.3,0.6,0.505175,49925,0.03664833031569247
0.8,0.9,0.3,0.4,0.50518185,49925,0.039234919610095405
0.8,0.1,0.3,0.2,0.5051843,49925,0.03531970213776403
0.7,0.3,0.8,0.6,0.50518626,49925,0.03789605204059479
0.5,0.2,0.6,0.3,0.5051894,49925,0.0382607634030634
0.9,0.7,0.4,0.1,0.5051895,49925,0.04090662724440052
0.8,0.9,0.3,0.3,0.50519246,49925,0.03953148455973846
0.7,0.8,0.2,0.7,0.5051954,49925,0.037399504556081736
0.3,0.2,0.6,0.4,0.5051973,49925,0.03767119764419821
0.3,0.3,0.1,0.6,0.50519955,49925,0.03535259442210047
0.5,0.7,0.1,0.5,0.5052061,49925,0.03653929993620584
0.4,0.4,0.3,0.8,0.5052087,49925,0.037098067088311176
0.6,0.5,0.4,0.7,0.50521463,49925,0.03860791624293468
0.9,0.8,0.5,0.7,0.50521874,49925,0.039401087280316986
0.8,0.4,0.6,0.9,0.50521964,49925,0.03773248133597243
0.8,0.6,0.3,0.2,0.5052314,49925,0.0398994327830479
0.7,0.6,0.3,0.5,0.5052421,49925,0.038904459758827455
0.5,0.6,0.2,0.3,0.5052445,49925,0.03911578558104899
0.5,0.3,0.9,0.5,0.5052492,49925,0.03814662087621298
0.3,0.2,0.3,0.7,0.5052614,49925,0.03595605118022723
0.9,0.8,0.4,0.5,0.5052623,49925,0.03950825538093922
0.7,0.2,0.6,0.3,0.50526357,49925,0.03785225045084852
0.8,0.2,0.6,0.3,0.50526357,49925,0.0376042749203636
0.9,0.3,0.4,0.4,0.50526464,49925,0.03808926127470429
0.4,0.2,0.5,0.5,0.5052674,49925,0.03741042743012487
0.6,0.2,0.6,0.3,0.50527185,49925,0.038082125235359005
0.8,0.7,0.4,0.5,0.50527346,49925,0.039601437958900254
0.8,0.5,0.5,0.8,0.5052773,49925,0.03840174098624614
0.7,0.7,0.3,0.9,0.5052842,49925,0.03753096555470222
0.6,0.7,0.2,0.1,0.5053172,49925,0.03966387076339032
0.7,0.7,0.3,0.6,0.5053237,49925,0.03861632316188541
0.6,0.6,0.2,0.9,0.50532424,49925,0.036463934955323865
0.8,0.9,0.2,0.1,0.5053284,49925,0.03899148564259694
0.4,0.4,0.3,0.7,0.50533164,49925,0.03766577542396314
0.6,0.5,0.4,0.8,0.5053383,49925,0.038163535053320104
0.9,0.9,0.4,0.9,0.505339,49925,0.03832450025746696
0.6,0.3,0.9,0.5,0.5053432,49925,0.03816665848316608
0.4,0.3,0.9,0.8,0.50534445,49925,0.03679073495548343
0.8,0.9,0.3,0.8,0.5053661,49925,0.037987457862903994
0.3,0.2,0.7,0.4,0.5053666,49925,0.037467764310020614
0.5,0.7,0.1,0.1,0.5053712,49925,0.03785681960295549
0.8,0.7,0.3,0.3,0.5053821,49925,0.039585921117246785
0.9,0.8,0.4,0.8,0.5053822,49925,0.03852347057322394
0.7,0.8,0.3,0.5,0.5053848,49925,0.039017685068113574
0.9,0.5,0.4,0.2,0.50538623,49925,0.040167442550987684
0.8,0.7,0.5,0.9,0.50538677,49925,0.03865807174190674
0.3,0.2,0.8,0.2,0.5053899,49925,0.03820687602333918
0.5,0.5,0.2,0.7,0.5053957,49925,0.037092191853833556
0.7,0.7,0.4,0.9,0.5053964,49925,0.03819083675697527
0.6,0.5,0.3,0.3,0.5054051,49925,0.039965075187131986
0.8,0.7,0.4,0.4,0.5054066,49925,0.03999143879811086
0.5,0.5,0.3,0.9,0.5054086,49925,0.03705406412946275
0.4,0.4,0.2,0.2,0.50541043,49925,0.040044599750552246
0.2,0.2,0.1,0.1,0.50541043,49925,0.040044599750552246
0.6,0.6,0.3,0.3,0.50541043,49925,0.040044599750552246
0.8,0.8,0.4,0.4,0.50541043,49925,0.040044599750552246
0.9,0.3,0.5,0.6,0.50541466,49925,0.03764295343387515
0.3,0.2,0.5,0.6,0.5054155,49925,0.03667929183185509
0.8,0.3,0.8,0.6,0.50543183,49925,0.03782190412566521
0.9,0.6,0.4,0.1,0.5054327,49925,0.04080223146981929
0.7,0.7,0.2,0.9,0.50543416,49925,0.03663072910608093
0.9,0.2,0.4,0.4,0.5054364,49925,0.03680307465401652
0.3,0.3,0.1,0.7,0.50543904,49925,0.03468656054741756
0.7,0.3,0.7,0.8,0.50544286,49925,0.037252723598573075
0.6,0.7,0.2,0.4,0.5054515,49925,0.03848976669295846
0.9,0.6,0.5,0.6,0.50546145,49925,0.03936358998940176
0.7,0.8,0.2,0.3,0.5054629,49925,0.038658962722581375
0.5,0.2,0.5,0.5,0.5054638,49925,0.037392370758032624
0.7,0.7,0.3,0.4,0.50546646,49925,0.03940131091578292
0.8,0.3,0.5,0.7,0.5054686,49925,0.03741816862708205
0.9,0.7,0.4,0.3,0.5054711,49925,0.04015255394380331
0.6,0.6,0.3,0.7,0.50547653,49925,0.038176969246097085
0.2,0.2,0.2,0.9,0.50547665,49925,0.033428047280691424
0.4,0.3,0.9,0.9,0.5054775,49925,0.03642124510016787
0.7,0.7,0.3,0.5,0.5054832,49925,0.03900278272367199
0.9,0.8,0.5,0.9,0.50550354,49925,0.03878218220068963
0.2,0.2,0.7,0.9,0.50550747,49925,0.03434252943126882
0.6,0.1,0.3,0.2,0.5055075,49925,0.036297329337033474
0.5,0.7,0.1,0.2,0.50550956,49925,0.03757055950893393
0.3,0.3,0.1,0.4,0.5055224,49925,0.036841109598203636
0.6,0.6,0.2,0.8,0.5055224,49925,0.036841109598203636
0.8,0.9,0.2,0.2,0.5055307,49925,0.038718231908323734
0.9,0.1,0.3,0.2,0.5055341,49925,0.034836194864858325
0.5,0.7,0.1,0.6,0.50553715,49925,0.03618024131167317
0.7,0.7,0.3,0.8,0.5055375,49925,0.03786124738735822
0.4,0.2,0.4,0.7,0.5055391,49925,0.03631747643874759
0.9,0.3,0.7,0.8,0.5055402,49925,0.0371019944623259
0.8,0.4,0.4,0.5,0.5055447,49925,0.038706202580900684
0.4,0.4,0.2,0.5,0.5055577,49925,0.03795159194106351
0.8,0.9,0.3,0.5,0.5055666,49925,0.03890259982059146
0.7,0.6,0.4,0.6,0.5055686,49925,0.03919884130344585
0.4,0.4,0.2,0.6,0.5055691,49925,0.03735496318791052
0.2,0.2,0.1,0.3,0.5055691,49925,0.03735496318791052
0.6,0.6,0.3,0.9,0.5055691,49925,0.03735496318791052
0.8,0.7,0.4,0.6,0.50556976,49925,0.03921324902208799
0.9,0.6,0.5,0.7,0.505573,49925,0.03900451034848684
0.8,0.6,0.5,0.9,0.5055731,49925,0.0383984622339401
0.6,0.9,0.1,0.2,0.50557417,49925,0.036973286813541124
0.9,0.3,0.6,0.8,0.5055803,49925,0.03706358511278907
0.9,0.9,0.4,0.8,0.5055811,49925,0.038621499256211445
0.9,0.7,0.5,0.5,0.5055863,49925,0.039963290770121195
0.4,0.2,0.6,0.4,0.50560075,49925,0.0378134604505119
0.6,0.3,0.9,0.6,0.50560075,49925,0.0378134604505119
0.2,0.1,0.3,0.2,0.50560075,49925,0.0378134604505119
0.7,0.4,0.5,0.9,0.505602,49925,0.03758458287326722
0.8,0.9,0.3,0.7,0.50561476,49925,0.03828584428199074
0.7,0.3,0.6,0.9,0.5056284,49925,0.036896233664842855
0.5,0.4,0.2,0.2,0.50563,49925,0.039630505553480286
0.7,0.8,0.2,0.8,0.5056305,49925,0.037080980318222795
0.5,0.5,0.2,0.9,0.5056315,49925,0.03616477113915579
0.7,0.5,0.4,0.6,0.50563735,49925,0.03893179168865435
0.9,0.7,0.5,0.6,0.5056637,49925,0.03959528177611485
0.8,0.9,0.2,0.3,0.5056691,49925,0.03845049358846332
0.8,0.3,0.7,0.8,0.50567317,49925,0.03720467751951982
0.5,0.6,0.1,0.9,0.505674,49925,0.034974954444935445
0.2,0.2,0.1,0.6,0.505678,49925,0.03425523483556779
0.7,0.8,0.2,0.6,0.5056824,49925,0.03770658289400034
0.7,0.5,0.3,0.1,0.50568867,49925,0.040639206666852154
0.7,0.2,0.5,0.5,0.5056894,49925,0.037098969481981055
0.5,0.6,0.1,0.7,0.50571203,49925,0.03577001306151397
0.6,0.3,0.8,0.7,0.5057149,49925,0.037549465604371744
0.8,0.6,0.4,0.3,0.50571644,49925,0.04028996408091983
0.1,0.1,0.6,0.1,0.50571656,49925,0.03618466110478131
0.5,0.2,0.7,0.2,0.5057271,49925,0.03856265199932802
0.6,0.3,0.5,0.9,0.5057328,49925,0.036800279884016594
0.9,0.3,0.8,0.6,0.5057383,49925,0.037712038256103225
0.7,0.3,0.8,0.7,0.5057391,49925,0.0375583834441183
0.9,0.5,0.5,0.8,0.50575006,49925,0.03826562164540061
0.9,0.9,0.3,0.7,0.5057508,49925,0.03821879868847813
0.9,0.8,0.4,0.7,0.5057526,49925,0.03885274586546049
0.9,0.2,0.8,0.1,0.50575775,49925,0.03784767891540658
0.7,0.5,0.4,0.7,0.5057602,49925,0.03848897918960715
0.3,0.2,0.4,0.9,0.50576484,49925,0.03499628952501683
0.9,0.8,0.4,0.6,0.5057717,49925,0.03917228932076694
0.5,0.6,0.1,0.8,0.5057728,49925,0.03535739546531627
0.5,0.3,0.3,0.5,0.5057767,49925,0.038235166615657415
0.5,0.4,0.3,0.5,0.5057803,49925,0.038787213538084404
0.5,0.2,0.8,0.1,0.5057977,49925,0.03877202442641658
0.6,0.6,0.2,0.7,0.505799,49925,0.03724799993763797
0.6,0.7,0.2,0.3,0.5057995,49925,0.038891780524690125
0.8,0.6,0.3,0.1,0.5058005,49925,0.04030214262044101
0.6,0.7,0.1,0.9,0.50580347,49925,0.035176013933250046
0.8,0.8,0.3,0.5,0.5058133,49925,0.038898548576074755
0.7,0.2,0.7,0.2,0.5058171,49925,0.03812662282023788
0.7,0.3,0.9,0.5,0.50581855,49925,0.03814178389975645
0.9,0.9,0.3,0.9,0.50581884,49925,0.03764930032207205
0.3,0.3,0.1,0.3,0.50581884,49925,0.03764930032207205
0.6,0.6,0.2,0.6,0.50581884,49925,0.03764930032207205
0.6,0.6,0.3,0.8,0.50582176,49925,0.03776377136547044
0.5,0.4,0.2,0.3,0.5058229,49925,0.03901207188632441
0.9,0.9,0.3,0.8,0.5058256,49925,0.03793260282447332
0.6,0.9,0.1,0.4,0.50582707,49925,0.036570132979186605
0.9,0.3,0.3,0.1,0.5058277,49925,0.03864584688004725
0.6,0.9,0.1,0.1,0.5058322,49925,0.03712690133689201
0.5,0.2,0.4,0.6,0.5058384,49925,0.03686606893343269
0.4,0.2,0.3,0.5,0.5058418,49925,0.037374750280335094
0.8,0.2,0.7,0.2,0.5058445,49925,0.03786828062148092
0.8,0.9,0.2,0.8,0.5058484,49925,0.037091945072120706
0.8,0.3,0.9,0.5,0.5058501,49925,0.038058703120500297
0.9,0.3,0.7,0.9,0.5058507,49925,0.036802136609291373
0.7,0.8,0.2,0.2,0.5058606,49925,0.038985019129543
0.8,0.6,0.3,0.3,0.5058671,49925,0.039468892940644706
0.5,0.5,0.2,0.8,0.5058687,49925,0.03662098574406801
0.7,0.3,0.4,0.6,0.50588316,49925,0.03777096952039725
0.7,0.6,0.4,0.7,0.50588363,49925,0.038792260786470655
0.9,0.3,0.9,0.5,0.50588423,49925,0.03792392791832676
0.8,0.7,0.3,0.1,0.5058861,49925,0.04031896909745889
0.5,0.5,0.2,0.6,0.5058953,49925,0.0375623690045956
0.9,0.8,0.4,0.9,0.50589937,49925,0.038215978460196434
0.5,0.5,0.2,0.3,0.5059122,49925,0.03914684522208012
0.7,0.7,0.3,0.7,0.50591236,49925,0.03823614994511964
0.8,0.3,0.4,0.5,0.50591475,49925,0.03800053349749232
0.7,0.7,0.2,0.8,0.5059157,49925,0.03698113960709371
0.5,0.5,0.2,0.4,0.5059254,49925,0.03859360791558523
0.4,0.4,0.2,0.7,0.50592726,49925,0.03674635207689202
0.5,0.5,0.3,0.7,0.5059304,49925,0.03803117428822046
0.8,0.9,0.2,0.7,0.50594234,49925,0.037365612973266474
0.5,0.1,0.3,0.2,0.5059433,49925,0.03678190844587622
0.8,0.4,0.5,0.8,0.50594765,49925,0.037865539505177744
0.8,0.9,0.2,0.9,0.50595117,49925,0.03683099187552022
0.8,0.6,0.3,0.4,0.5059538,49925,0.039087140941269194
0.1,0.1,0.3,0.6,0.5059594,49925,0.03301485205755535
0.7,0.6,0.3,0.6,0.5059616,49925,0.03848687615274371
0.6,0.8,0.1,0.6,0.5059626,49925,0.03612529029548808
0.5,0.3,0.8,0.8,0.505967,49925,0.03710282053618143
0.9,0.7,0.5,0.7,0.5059743,49925,0.03924921841636979
0.5,0.5,0.3,0.8,0.5059816,49925,0.037532073741176696
0.5,0.6,0.1,0.2,0.5059872,49925,0.03774008030888917
0.5,0.4,0.3,0.6,0.505988,49925,0.03822011144755445
0.7,0.7,0.2,0.5,0.5059901,49925,0.03800234176681368
0.7,0.4,0.3,0.1,0.5060015,49925,0.04042015272545987
0.9,0.6,0.4,0.2,0.5060022,49925,0.04040200714980245
0.7,0.3,0.9,0.6,0.5060036,49925,0.03780448943199669
0.3,0.3,0.1,0.8,0.50600535,49925,0.034054968780869055
0.6,0.6,0.2,0.4,0.50600594,49925,0.03848780435008969
0.9,0.9,0.3,0.6,0.50600594,49925,0.03848780435008969
0.3,0.3,0.1,0.2,0.50600594,49925,0.03848780435008969
0.9,0.4,0.5,0.7,0.506006,49925,0.03809158786772441
0.8,0.5,0.4,0.4,0.50601095,49925,0.03959046251757794
0.9,0.7,0.4,0.4,0.5060126,49925,0.039767828462172215
0.2,0.2,0.1,0.7,0.506021,49925,0.03342263442672403
0.9,0.8,0.3,0.7,0.5060273,49925,0.03812457654233868
0.6,0.6,0.2,0.2,0.50602853,49925,0.039373627911728375
0.3,0.3,0.1,0.1,0.50602853,49925,0.039373627911728375
0.9,0.9,0.3,0.3,0.50602853,49925,0.03937362791172837
0.9,0.6,0.5,0.8,0.50604284,49925,0.038631601232208074
0.9,0.2,0.5,0.5,0.5060444,49925,0.036649469682638505
0.8,0.7,0.4,0.9,0.5060531,49925,0.038148084530964056
0.2,0.2,0.1,0.4,0.5060553,49925,0.03619715395548595
0.4,0.4,0.2,0.8,0.5060553,49925,0.03619715395548595
0.6,0.6,0.2,0.3,0.5060587,49925,0.03892228592575839
0.8,0.2,0.3,0.2,0.50606364,49925,0.03759158787032744
0.8,0.9,0.2,0.5,0.50607395,49925,0.03791284723612949
0.4,0.4,0.1,0.5,0.5060776,49925,0.036434189954956
0.2,0.2,0.9,0.6,0.5060817,49925,0.035440826419085955
0.6,0.3,0.3,0.4,0.5060835,49925,0.03856475051430216
0.8,0.9,0.2,0.4,0.5060891,49925,0.03816503545280162
0.7,0.6,0.3,0.4,0.5060911,49925,0.03933214732161758
0.7,0.3,0.5,0.8,0.5060916,49925,0.037166543294738376
0.5,0.1,0.4,0.1,0.5060918,49925,0.03730462550338708
0.3,0.2,0.9,0.2,0.5060918,49925,0.03789347771469261
0.7,0.9,0.1,0.9,0.5060928,49925,0.03534161397885063
0.5,0.3,0.9,0.6,0.5060932,49925,0.03776154517057605
0.7,0.6,0.4,0.8,0.5060973,49925,0.03838263022642693
0.8,0.8,0.3,0.4,0.5060994,49925,0.03923664975564028
0.4,0.3,0.3,0.7,0.5061022,49925,0.03708927270394276
0.6,0.2,0.5,0.5,0.5061043,49925,0.037258129592207145
0.3,0.2,0.2,0.4,0.5061078,49925,0.03768096538742536
0.6,0.4,0.4,0.8,0.5061078,49925,0.03768096538742536
0.6,0.6,0.2,0.5,0.5061099,49925,0.038080177679697284
0.6,0.8,0.1,0.5,0.5061113,49925,0.03641732501467008
0.5,0.3,0.4,0.8,0.5061128,49925,0.037024571405106455
0.9,0.8,0.3,0.2,0.50611305,49925,0.039674249458002894
0.4,0.3,0.3,0.8,0.5061146,49925,0.03650594119842047
0.8,0.8,0.3,0.6,0.5061167,49925,0.03856592822371816
0.6,0.8,0.1,0.7,0.5061229,49925,0.035850837829229126
0.6,0.5,0.4,0.9,0.50612366,49925,0.03771330732568712
0.7,0.1,0.2,0.1,0.5061295,49925,0.035456521652491406
0.4,0.4,0.1,0.6,0.50614154,49925,0.035863793792411315
0.9,0.6,0.3,0.2,0.5061451,49925,0.039537857319410195
0.8,0.8,0.2,0.9,0.5061524,49925,0.03673043929806126
0.6,0.2,0.7,0.2,0.5061578,49925,0.038386930518814186
0.9,0.7,0.4,0.5,0.5061586,49925,0.03940508006248977
0.5,0.6,0.1,0.6,0.50616115,49925,0.03616084138175098
0.2,0.2,0.9,0.5,0.50616515,49925,0.03588331065176327
0.9,0.8,0.3,0.8,0.5061706,49925,0.037826393142151374
0.8,0.9,0.2,0.6,0.5061753,49925,0.03763061045295856
0.8,0.6,0.3,0.5,0.5061787,49925,0.038700038724161834
0.3,0.2,0.1,0.1,0.5061799,49925,0.0391499021951749
0.6,0.4,0.2,0.2,0.5061799,49925,0.0391499021951749
0.9,0.6,0.3,0.3,0.5061799,49925,0.03914990219517489
0.9,0.7,0.3,0.3,0.50618726,49925,0.03930802276362494
0.5,0.5,0.2,0.5,0.5061909,49925,0.03805890019145422
0.8,0.3,0.6,0.9,0.5061953,49925,0.036832599533356165
0.9,0.6,0.3,0.1,0.5061986,49925,0.03990359239068872
0.9,0.9,0.3,0.2,0.5061994,49925,0.0396422917355926
0.7,0.7,0.2,0.4,0.5062135,49925,0.03834560644600931
0.8,0.7,0.3,0.4,0.5062162,49925,0.03920264905796529
0.1,0.1,0.1,0.5,0.50621974,49925,0.032796478729590475
0.7,0.6,0.2,0.8,0.5062227,49925,0.0367766163495591
0.5,0.6,0.1,0.1,0.5062259,49925,0.03812449013608631
0.9,0.1,0.4,0.1,0.50622666,49925,0.03542076405991975
0.8,0.8,0.2,0.7,0.5062324,49925,0.03731021578446567
0.8,0.5,0.5,0.9,0.50623417,49925,0.03802257540502574
0.8,0.1,0.4,0.1,0.50623685,49925,0.03585846694148749
0.7,0.2,0.3,0.3,0.5062371,49925,0.03759662366646514
0.9,0.8,0.3,0.3,0.5062488,49925,0.03937217554863608
0.8,0.2,0.5,0.5,0.50625175,49925,0.03688420702383546
0.8,0.4,0.5,0.9,0.5062544,49925,0.037478887430390226
0.9,0.9,0.3,0.5,0.50625455,49925,0.03877101250415031
0.7,0.6,0.3,0.7,0.50627196,49925,0.03808149852282154
0.2,0.2,0.1,0.9,0.50628,49925,0.031944503547667764
0.2,0.2,0.8,0.7,0.50628036,49925,0.03517725127417247
0.3,0.2,0.6,0.5,0.50628036,49925,0.0371087218695481
0.7,0.2,0.4,0.5,0.50628287,49925,0.03701246692526488
0.9,0.2,0.3,0.2,0.50628346,49925,0.03703947152236178
0.1,0.1,0.4,0.4,0.50628406,49925,0.03472265990428794
0.2,0.2,0.8,0.8,0.50628406,49925,0.03472265990428794
0.8,0.8,0.3,0.9,0.5062864,49925,0.03760459186702972
0.6,0.7,0.1,0.8,0.50629616,49925,0.035500253485757
0.3,0.2,0.6,0.6,0.5062963,49925,0.03655346719613913
0.9,0.2,0.6,0.4,0.5062968,49925,0.03702265242221207
0.1,0.1,0.1,0.9,0.5062982,49925,0.028914520980623606
0.5,0.1,0.2,0.2,0.50629944,49925,0.03646772271365327
0.7,0.7,0.2,0.6,0.5062997,49925,0.03765640755697304
0.4,0.2,0.8,0.2,0.50630283,49925,0.038391580484249094
0.2,0.1,0.4,0.1,0.50630283,49925,0.038391580484249094
0.6,0.3,0.4,0.7,0.50630534,49925,0.03745939514809148
0.8,0.7,0.4,0.7,0.50630736,49925,0.03884941682452607
0.9,0.8,0.3,0.9,0.50630754,49925,0.03753885420566794
0.4,0.4,0.2,0.9,0.5063078,49925,0.035672806545983704
0.9,0.7,0.4,0.6,0.50630903,49925,0.039045759295760644
0.8,0.7,0.4,0.8,0.50630987,49925,0.0384968846267747
0.6,0.8,0.1,0.3,0.5063193,49925,0.03692635044608182
0.8,0.3,0.5,0.8,0.5063196,49925,0.03703796881279619
0.1,0.1,0.5,0.2,0.50632054,49925,0.03608532865680222
0.2,0.2,0.1,0.5,0.5063358,49925,0.03518025053631168
0.6,0.5,0.2,0.2,0.50633603,49925,0.03935349473321845
0.9,0.7,0.5,0.9,0.50634706,49925,0.038574419591291244
0.9,0.7,0.5,0.8,0.50634813,49925,0.03889582007953861
0.6,0.4,0.3,0.3,0.50634956,49925,0.0397006767739064
0.5,0.4,0.3,0.9,0.5063549,49925,0.03665545323021659
0.7,0.4,0.4,0.7,0.5063571,49925,0.03803561027310983
0.7,0.7,0.2,0.7,0.50635886,49925,0.03734180626408524
0.7,0.6,0.2,0.9,0.5063689,49925,0.03642350220801826
0.3,0.2,0.3,0.8,0.506369,49925,0.035321406154850875
0.6,0.2,0.8,0.1,0.50637364,49925,0.03860778731163169
0.9,0.7,0.3,0.2,0.5063757,49925,0.03966239998123927
0.6,0.3,0.7,0.9,0.5063792,49925,0.036881630792212836
0.7,0.9,0.1,0.8,0.50638896,49925,0.03558585165102736
0.3,0.2,0.8,0.3,0.5063901,49925,0.03772814776924265
0.6,0.6,0.2,0.1,0.50639033,49925,0.03978776763255023
0.9,0.3,0.5,0.7,0.5063942,49925,0.0372489414748342
0.6,0.5,0.3,0.4,0.50639623,49925,0.03942704972458801
0.7,0.1,0.4,0.1,0.506406,49925,0.03632932080748269
0.8,0.8,0.3,0.8,0.50640905,49925,0.03790449733554904
0.6,0.2,0.2,0.1,0.5064124,49925,0.03844852046468613
0.9,0.9,0.3,0.4,0.50641865,49925,0.039080376322430464
0.6,0.8,0.1,0.2,0.5064237,49925,0.03715801809993669
0.5,0.4,0.3,0.7,0.50642616,49925,0.037693600470076714
0.7,0.7,0.2,0.2,0.50642806,49925,0.039044863584940206
0.6,0.3,0.8,0.8,0.50642854,49925,0.03719854016778808
0.8,0.3,0.3,0.2,0.5064303,49925,0.03876431619833438
0.6,0.5,0.2,0.5,0.5064379,49925,0.03790404237429207
0.7,0.3,0.7,0.9,0.50644,49925,0.03692601868535589
0.1,0.1,0.1,0.6,0.50644886,49925,0.031633072250916175
0.5,0.2,0.6,0.4,0.5064514,49925,0.03776864725372497
0.9,0.8,0.3,0.6,0.5064521,49925,0.03843295502394551
0.9,0.2,0.7,0.3,0.5064523,49925,0.037310867867582774
0.8,0.8,0.2,0.8,0.5064526,49925,0.037020404863743014
0.4,0.4,0.1,0.4,0.5064526,49925,0.037020404863743014
0.3,0.2,0.5,0.7,0.506459,49925,0.03610227171539717
0.4,0.2,0.9,0.1,0.5064678,49925,0.03853239099402982
0.6,0.5,0.2,0.1,0.5064693,49925,0.039844468734336086
0.8,0.3,0.8,0.7,0.5064809,49925,0.03749753604298495
0.6,0.4,0.2,0.1,0.50648254,49925,0.039725457556086065
0.6,0.5,0.3,0.5,0.5064911,49925,0.03892165735304021
0.8,0.7,0.3,0.8,0.50649256,49925,0.037795773037382775
0.8,0.2,0.6,0.4,0.506494,49925,0.03724974970569848
0.4,0.1,0.3,0.2,0.506494,49925,0.03724974970569848
0.7,0.5,0.4,0.9,0.50649655,49925,0.03767968013487827
0.6,0.7,0.1,0.7,0.50650346,49925,0.03582758353177477
0.5,0.3,0.9,0.7,0.5065055,49925,0.03738077339515588
0.4,0.3,0.2,0.2,0.50651115,49925,0.03986257969118291
0.8,0.6,0.4,0.4,0.50651115,49925,0.03986257969118291
0.9,0.4,0.4,0.4,0.50651443,49925,0.03886184590885774
0.8,0.7,0.3,0.6,0.5065358,49925,0.038473114919336554
0.6,0.3,0.9,0.7,0.50654125,49925,0.037458720402944665
0.9,0.8,0.3,0.1,0.5065523,49925,0.039978474212368914
0.6,0.5,0.2,0.7,0.5065645,49925,0.037029480823853086
0.9,0.9,0.3,0.1,0.5065686,49925,0.03991799570149404
0.1,0.1,0.1,0.8,0.50657237,49925,0.029716515437647917
0.9,0.6,0.5,0.9,0.50657535,49925,0.03829992658784666
0.8,0.7,0.3,0.7,0.5065822,49925,0.03812754571017559
0.3,0.2,0.5,0.8,0.50658923,49925,0.035578458233501586
0.8,0.8,0.3,0.7,0.5065968,49925,0.03822752155290522
0.7,0.6,0.3,0.8,0.50661755,49925,0.03768636667246006
0.9,0.3,0.8,0.7,0.5066185,49925,0.03739978379887871
0.7,0.2,0.8,0.1,0.5066198,49925,0.03837287644935047
0.8,0.3,0.7,0.9,0.50662655,49925,0.03686758296633167
0.7,0.7,0.2,0.1,0.506632,49925,0.03937396255907715
0.8,0.5,0.4,0.6,0.5066325,49925,0.03873818874383543
0.4,0.3,0.3,0.9,0.5066372,49925,0.03595969932818757
0.7,0.6,0.2,0.5,0.5066447,49925,0.037910187968115704
0.9,0.1,0.4,0.2,0.50664514,49925,0.0352187085683301
0.6,0.4,0.4,0.9,0.5066485,49925,0.03723336718731304
0.7,0.6,0.4,0.9,0.5066727,49925,0.038002069761934695
0.9,0.7,0.3,0.1,0.5066792,49925,0.039981515435347066
0.6,0.4,0.3,0.5,0.50669634,49925,0.03858505708927688
0.6,0.1,0.4,0.1,0.50669634,49925,0.03681433641572953
0.6,0.8,0.1,0.4,0.5066976,49925,0.0366842678808696
0.7,0.5,0.3,0.2,0.5066985,49925,0.0401431954688921
0.7,0.3,0.9,0.7,0.5067081,49925,0.03747459994306882
0.9,0.5,0.4,0.3,0.50670904,49925,0.039738931408943565
0.9,0.5,0.4,0.6,0.5067112,49925,0.03851607478174096
0.8,0.5,0.3,0.1,0.5067161,49925,0.04015422259977512
0.7,0.5,0.4,0.8,0.506723,49925,0.038082587059019776
0.5,0.4,0.3,0.8,0.5067431,49925,0.03715295677076561
0.9,0.3,0.4,0.5,0.5067481,49925,0.037660284969634375
0.8,0.7,0.3,0.5,0.5067499,49925,0.03883964694232561
0.9,0.7,0.3,0.6,0.50675213,49925,0.03830531679219294
0.9,0.7,0.3,0.4,0.5067539,49925,0.0389637561540038
0.7,0.9,0.1,0.7,0.5067542,49925,0.03584169927017194
0.5,0.3,0.4,0.9,0.5067551,49925,0.03654141793484812
0.5,0.4,0.2,0.4,0.50678056,49925,0.03840998732665599
0.4,0.2,0.7,0.3,0.5067808,49925,0.03815223029808171
0.9,0.5,0.4,0.7,0.5067886,49925,0.03812600651444091
0.8,0.3,0.4,0.6,0.506789,49925,0.03753754066225918
0.6,0.5,0.2,0.8,0.50679517,49925,0.036583785308415766
0.7,0.7,0.2,0.3,0.506796,49925,0.03870050100051193
0.7,0.8,0.1,0.9,0.5068045,49925,0.03528813927863834
0.6,0.5,0.2,0.9,0.5068053,49925,0.03617578239683661
0.9,0.8,0.3,0.4,0.5068055,49925,0.03904717377903303
0.8,0.7,0.2,0.9,0.5068072,49925,0.03657686899617531
0.7,0.3,0.5,0.9,0.5068103,49925,0.036767470672881525
0.7,0.3,0.3,0.3,0.5068104,49925,0.03874665054929769
0.9,0.3,0.9,0.6,0.50681096,49925,0.03765507542772109
0.3,0.1,0.3,0.2,0.50681096,49925,0.0376550754277211
0.6,0.2,0.6,0.4,0.50681096,49925,0.0376550754277211
0.4,0.2,0.5,0.6,0.50681317,49925,0.036860385222505586
0.7,0.4,0.2,0.1,0.5068148,49925,0.03912052533724206
0.3,0.3,0.1,0.9,0.5068169,49925,0.03344993312283107
0.7,0.6,0.2,0.6,0.5068218,49925,0.03751656629718634
0.7,0.5,0.2,0.5,0.50683117,49925,0.037694928321048815
0.8,0.6,0.3,0.6,0.5068499,49925,0.03832207942809143
0.5,0.5,0.1,0.9,0.50685394,49925,0.03472901968887344
0.5,0.6,0.1,0.5,0.5068595,49925,0.03657746718495305
0.2,0.2,0.9,0.7,0.506861,49925,0.03503962639443632
0.3,0.1,0.2,0.3,0.5068652,49925,0.03672776604007464
0.6,0.2,0.4,0.6,0.5068652,49925,0.03672776604007464
0.9,0.3,0.6,0.9,0.5068652,49925,0.03672776604007465
0.5,0.3,0.9,0.9,0.5068678,49925,0.03665140625498964
0.5,0.2,0.9,0.1,0.5068683,49925,0.038515599715364494
0.6,0.2,0.5,0.6,0.50687325,49925,0.036815613303869545
0.8,0.3,0.8,0.8,0.50687486,49925,0.03718874100245836
0.6,0.2,0.7,0.3,0.50687647,49925,0.037948788690341066
0.5,0.6,0.1,0.4,0.5068786,49925,0.0369652910873168
0.4,0.3,0.1,0.3,0.5068817,49925,0.03734856119142427
0.8,0.6,0.2,0.6,0.5068817,49925,0.03734856119142427
0.7,0.6,0.2,0.7,0.5068867,49925,0.03714156516609132
0.8,0.5,0.4,0.7,0.5068887,49925,0.03832799089416541
0.1,0.1,0.7,0.1,0.50688875,49925,0.03551112215797946
0.7,0.9,0.1,0.3,0.5068899,49925,0.03664963036078546
0.2,0.2,0.9,0.8,0.5068975,49925,0.03462150592121273
0.7,0.4,0.3,0.2,0.50690055,49925,0.039862993837806594
0.5,0.2,0.4,0.7,0.50690144,49925,0.03635055665652289
0.7,0.2,0.6,0.4,0.5069046,49925,0.03746665626118473
0.8,0.3,0.9,0.6,0.5069144,49925,0.03774851074422677
0.8,0.2,0.8,0.1,0.5069159,49925,0.038115791563417045
0.6,0.5,0.3,0.7,0.5069291,49925,0.03797023342243466
0.5,0.2,0.7,0.3,0.5069406,49925,0.03810818676501603
0.4,0.4,0.1,0.8,0.5069421,49925,0.034774302940608494
0.1,0.1,0.3,0.7,0.50694287,49925,0.0322313001804675
0.9,0.4,0.5,0.8,0.50694376,49925,0.03770907335698641
0.5,0.3,0.9,0.8,0.50694966,49925,0.03701805632946525
0.4,0.3,0.2,0.6,0.50695026,49925,0.036876602733026086
0.5,0.3,0.8,0.9,0.5069542,49925,0.03673183525099054
0.1,0.1,0.1,0.7,0.5069627,49925,0.03061660970646487
0.6,0.7,0.1,0.6,0.5069711,49925,0.03615303770181184
0.5,0.6,0.1,0.3,0.50697905,49925,0.037350590439534
0.7,0.2,0.2,0.1,0.5069808,49925,0.037632281984403715
0.7,0.2,0.7,0.3,0.5069837,49925,0.037765592241090586
0.6,0.2,0.3,0.4,0.50698787,49925,0.0374957784326839
0.6,0.5,0.3,0.8,0.50699615,49925,0.0375033557029733
0.8,0.8,0.2,0.5,0.50699687,49925,0.03791743737419247
0.1,0.1,0.4,0.5,0.5069983,49925,0.033881898669959866
0.5,0.2,0.3,0.5,0.5070005,49925,0.037185974631647224
0.9,0.7,0.4,0.8,0.50700057,49925,0.038371855312008415
0.3,0.2,0.5,0.9,0.50700057,49925,0.03508174526055716
0.5,0.2,0.5,0.6,0.50700235,49925,0.036899209716181526
0.8,0.2,0.7,0.3,0.50700265,49925,0.037533326923018515
0.4,0.4,0.1,0.7,0.5070064,49925,0.03529831324531525
0.8,0.6,0.4,0.6,0.5070139,49925,0.03904722231386419
0.4,0.3,0.2,0.3,0.5070139,49925,0.03904722231386419
0.5,0.4,0.2,0.5,0.5070141,49925,0.03783680757745432
0.8,0.6,0.4,0.9,0.5070161,49925,0.03791745248773666
0.9,0.3,0.8,0.8,0.5070188,49925,0.037101188788834304
0.8,0.5,0.4,0.8,0.5070213,49925,0.037934521007955364
0.6,0.1,0.3,0.3,0.50702536,49925,0.03581446599919769
0.8,0.2,0.5,0.6,0.50702554,49925,0.03652250422477816
0.4,0.4,0.1,0.9,0.5070265,49925,0.034277192741326144
0.7,0.5,0.3,0.3,0.50704086,49925,0.03963897992523137
0.8,0.1,0.2,0.1,0.5070473,49925,0.034715881509701486
0.9,0.5,0.5,0.9,0.5070478,49925,0.0379154245716331
0.2,0.2,0.1,0.8,0.50705826,49925,0.032650622206136265
0.8,0.5,0.3,0.2,0.5070624,49925,0.03973930202869798
0.8,0.4,0.4,0.6,0.5070625,49925,0.038273490249086446
0.4,0.2,0.2,0.3,0.5070625,49925,0.038273490249086446
0.9,0.2,0.8,0.2,0.5070692,49925,0.037556444806948495
0.9,0.8,0.2,0.9,0.5070704,49925,0.036649609424102524
0.4,0.4,0.1,0.3,0.5070783,49925,0.03762041061409876
0.8,0.8,0.2,0.6,0.5070783,49925,0.03762041061409876
0.3,0.2,0.6,0.7,0.50707877,49925,0.036029128155796925
0.8,0.6,0.4,0.5,0.5070821,49925,0.039437482738644954
0.4,0.3,0.2,0.7,0.50708735,49925,0.0362314710318108
0.3,0.2,0.9,0.3,0.5070916,49925,0.03743362663215776
0.4,0.2,0.3,0.6,0.50709313,49925,0.036699114225667094
0.9,0.9,0.2,0.2,0.50709575,49925,0.03852235229060582
0.6,0.7,0.1,0.2,0.5070963,49925,0.03733782798309457
0.7,0.6,0.2,0.3,0.507099,49925,0.03866116943318551
0.6,0.5,0.2,0.6,0.5071001,49925,0.03746745290836453
0.8,0.2,0.4,0.5,0.50710297,49925,0.03672386002866593
0.9,0.9,0.2,0.1,0.5071041,49925,0.03876559682000349
0.6,0.7,0.1,0.3,0.5071046,49925,0.03705412103367968
0.9,0.3,0.5,0.8,0.50711185,49925,0.03688403113968805
0.8,0.8,0.2,0.3,0.50711304,49925,0.03848135207839305
0.2,0.2,0.8,0.9,0.5071143,49925,0.034290985114877
0.6,0.5,0.2,0.4,0.5071157,49925,0.038379770909204934
0.3,0.2,0.8,0.4,0.5071219,49925,0.037234869102782994
0.8,0.6,0.2,0.8,0.5071278,49925,0.036666949889605914
0.4,0.3,0.1,0.4,0.5071278,49925,0.036666949889605914
0.3,0.2,0.3,0.9,0.5071335,49925,0.034711021873707185
0.8,0.8,0.2,0.2,0.50713843,49925,0.03876924080002242
0.4,0.4,0.1,0.1,0.50713843,49925,0.03876924080002242
0.7,0.6,0.2,0.2,0.5071398,49925,0.03904767300438891
0.7,0.9,0.1,0.6,0.507142,49925,0.03606789203754197
0.7,0.8,0.1,0.8,0.5071436,49925,0.035556138811069025
0.9,0.6,0.4,0.3,0.50714564,49925,0.03999615328637661
0.8,0.6,0.4,0.7,0.50714564,49925,0.038639630998254806
0.6,0.5,0.3,0.6,0.5071661,49925,0.03844338142194276
0.7,0.5,0.2,0.4,0.5071737,49925,0.03809565274244138
0.3,0.1,0.4,0.1,0.5071789,49925,0.03820131960397277
0.6,0.2,0.8,0.2,0.5071789,49925,0.03820131960397277
0.9,0.9,0.2,0.3,0.50718486,49925,0.038268252488725035
0.7,0.6,0.2,0.4,0.50719273,49925,0.03829058230265021
0.9,0.7,0.3,0.5,0.5072064,49925,0.03863030533513304
0.8,0.7,0.2,0.8,0.50720805,49925,0.03688625332218061
0.1,0.1,0.3,0.8,0.50720984,49925,0.03150066798157383
0.8,0.4,0.2,0.1,0.50721675,49925,0.03853381681000465
0.5,0.3,0.2,0.1,0.50722885,49925,0.040055038469617846
0.8,0.1,0.4,0.2,0.5072441,49925,0.03560001280640129
0.5,0.5,0.1,0.7,0.50724494,49925,0.03560696070054741
0.7,0.3,0.8,0.8,0.5072548,49925,0.03722922469034757
0.7,0.4,0.3,0.6,0.5072549,49925,0.037830270792764104
0.9,0.6,0.4,0.4,0.5072587,49925,0.039616589815808546
0.7,0.6,0.3,0.9,0.5072596,49925,0.037313392426526294
0.1,0.1,0.6,0.2,0.5072682,49925,0.03552026626480926
0.8,0.8,0.2,0.1,0.5072904,49925,0.03905928759700846
0.7,0.4,0.3,0.5,0.5072924,49925,0.038320793277589485
0.8,0.6,0.3,0.7,0.5073072,49925,0.03794678146542923
0.9,0.8,0.3,0.5,0.5073108,49925,0.03874323908095946
0.5,0.2,0.8,0.2,0.5073178,49925,0.03834013437550869
0.9,0.7,0.3,0.7,0.5073202,49925,0.03798432529253283
0.4,0.3,0.2,0.5,0.5073208,49925,0.03756636629108863
0.6,0.8,0.1,0.1,0.50732297,49925,0.03737845513489126
0.6,0.4,0.3,0.4,0.5073234,49925,0.03913586973436203
0.9,0.3,0.3,0.2,0.50732523,49925,0.038210992095097304
0.7,0.5,0.2,0.6,0.5073327,49925,0.03729324351352761
0.7,0.2,0.5,0.6,0.50733393,49925,0.036691123095308684
0.4,0.2,0.5,0.7,0.5073395,49925,0.036350132240078055
0.6,0.5,0.2,0.3,0.5073412,49925,0.038860036411017575
0.5,0.5,0.1,0.5,0.5073418,49925,0.03651947695318076
0.9,0.5,0.3,0.1,0.507348,49925,0.039691525175234964
0.5,0.3,0.3,0.6,0.50734836,49925,0.037632470510368686
0.8,0.5,0.4,0.9,0.5073554,49925,0.03756197481863141
0.7,0.9,0.1,0.4,0.5073601,49925,0.03646958983536557
0.9,0.7,0.4,0.9,0.5073613,49925,0.03804566567068937
0.4,0.2,0.6,0.5,0.50736314,49925,0.03729023338244257
0.7,0.3,0.8,0.9,0.50737745,49925,0.03689154063731221
0.8,0.5,0.4,0.5,0.50738245,49925,0.03915862467296749
0.4,0.2,0.4,0.8,0.50738466,49925,0.03578214246879267
0.2,0.1,0.2,0.4,0.50738466,49925,0.03578214246879267
0.9,0.5,0.4,0.8,0.5073968,49925,0.03775376842212192
0.6,0.2,0.9,0.1,0.5074004,49925,0.03839729567452257
0.5,0.5,0.1,0.6,0.5074149,49925,0.036058362819927324
0.8,0.6,0.3,0.8,0.5074223,49925,0.037591046888260614
0.3,0.2,0.7,0.5,0.507423,49925,0.03693519488905866
0.8,0.2,0.3,0.3,0.50743085,49925,0.03709887609948121
0.9,0.7,0.2,0.9,0.5074352,49925,0.03647572171542457
0.6,0.5,0.3,0.9,0.5074358,49925,0.03706881401372982
0.7,0.9,0.1,0.1,0.50743794,49925,0.03694188712444395
0.8,0.3,0.8,0.9,0.507439,49925,0.03686590533041872
0.8,0.7,0.2,0.5,0.50743955,49925,0.03785657171208791
0.7,0.9,0.1,0.2,0.50744,49925,0.03681121368813685
0.8,0.6,0.2,0.7,0.5074424,49925,0.0370077212949898
0.8,0.7,0.3,0.9,0.5074659,49925,0.03746405411714694
0.8,0.6,0.2,0.2,0.50747,49925,0.038703603267200785
0.4,0.3,0.1,0.1,0.50747,49925,0.038703603267200785
0.9,0.9,0.2,0.9,0.507473,49925,0.03675556352647402
0.2,0.2,0.9,0.9,0.50748724,49925,0.03420499807048144
0.5,0.5,0.1,0.1,0.5074875,49925,0.03827103232670515
0.4,0.3,0.1,0.5,0.50750077,49925,0.03600696306255613
0.6,0.3,0.8,0.9,0.5075158,49925,0.036846425365976175
0.9,0.5,0.4,0.4,0.5075203,49925,0.039322500313269795
0.9,0.5,0.3,0.2,0.5075247,49925,0.03932004037205394
0.3,0.2,0.6,0.8,0.50752676,49925,0.03553040402312968
0.3,0.2,0.2,0.5,0.50753576,49925,0.036812616905194266
0.9,0.9,0.2,0.8,0.5075471,49925,0.037014588235506136
0.9,0.2,0.6,0.5,0.5075592,49925,0.036709128557844195
0.7,0.4,0.3,0.4,0.50756824,49925,0.03881725888610651
0.9,0.6,0.2,0.6,0.50758237,49925,0.037140786416474426
0.5,0.4,0.2,0.6,0.50758314,49925,0.037269760023253516
0.9,0.2,0.9,0.1,0.5075846,49925,0.03777554843590439
0.8,0.3,0.2,0.1,0.5075865,49925,0.037959156784523856
0.6,0.4,0.3,0.6,0.50758725,49925,0.03808174790841918
0.6,0.3,0.9,0.8,0.5075875,49925,0.03712417717129771
0.7,0.5,0.2,0.1,0.50758755,49925,0.03938580559872699
0.7,0.5,0.2,0.3,0.50760055,49925,0.038524966982893566
0.6,0.4,0.3,0.7,0.5076053,49925,0.03757118261763689
0.9,0.4,0.5,0.9,0.5076093,49925,0.03735844597058237
0.4,0.3,0.2,0.4,0.5076126,49925,0.03826543811659885
0.8,0.6,0.4,0.8,0.5076126,49925,0.03826543811659885
0.5,0.5,0.1,0.8,0.50761336,49925,0.035171432464901314
0.6,0.7,0.1,0.1,0.50761855,49925,0.03758556509471483
0.3,0.2,0.7,0.7,0.5076196,49925,0.03596553828691037
0.3,0.2,0.7,0.8,0.507623,49925,0.035486897169335466
0.6,0.4,0.3,0.9,0.5076333,49925,0.03663345693630652
0.8,0.4,0.4,0.7,0.5076401,49925,0.037840798701439776
0.7,0.3,0.4,0.7,0.5076503,49925,0.037308200264461355
0.9,0.7,0.4,0.7,0.5076505,49925,0.03871335416769782
0.4,0.2,0.8,0.3,0.5076519,49925,0.03790466593515249
0.7,0.4,0.2,0.2,0.5076527,49925,0.03865980862832563
0.6,0.6,0.1,0.7,0.5076589,49925,0.03573238664664272
0.5,0.3,0.2,0.4,0.5076597,49925,0.0379558209040321
0.7,0.5,0.3,0.4,0.50766355,49925,0.03917409516255361
0.1,0.1,0.3,0.9,0.5076663,49925,0.030831675404458886
0.6,0.3,0.3,0.5,0.50767636,49925,0.03798178126419506
0.8,0.7,0.2,0.6,0.5076844,49925,0.037546242866392805
0.9,0.3,0.8,0.9,0.5076855,49925,0.03681385544279721
0.9,0.6,0.4,0.7,0.50768614,49925,0.038470924741760504
0.8,0.2,0.8,0.2,0.5076949,49925,0.037780025369577135
0.4,0.1,0.4,0.1,0.5076949,49925,0.037780025369577135
0.9,0.2,0.5,0.6,0.5077019,49925,0.036310921234305876
0.8,0.6,0.2,0.9,0.5077111,49925,0.03633827862711749
0.7,0.5,0.2,0.2,0.5077117,49925,0.03895748862437964
0.7,0.5,0.3,0.6,0.507715,49925,0.03824929788203045
0.7,0.5,0.3,0.7,0.5077221,49925,0.03783059732469593
0.8,0.7,0.2,0.7,0.50772303,49925,0.037213597669314875
0.9,0.6,0.4,0.5,0.50773007,49925,0.03922302224462877
0.1,0.1,0.5,0.3,0.50773317,49925,0.03525751074949861
0.6,0.7,0.1,0.5,0.5077391,49925,0.036473171273015983
0.5,0.2,0.2,0.2,0.5077451,49925,0.03851787491753337
0.9,0.1,0.2,0.1,0.507757,49925,0.03403061040590707
0.4,0.2,0.9,0.2,0.50775903,49925,0.038112860841908944
0.3,0.2,0.9,0.4,0.50776565,49925,0.03701131858780579
0.7,0.5,0.3,0.5,0.5077742,49925,0.03870371865407803
0.9,0.9,0.2,0.6,0.5077748,49925,0.03753567720250157
0.4,0.3,0.2,0.8,0.50781065,49925,0.03563590130858522
0.8,0.5,0.3,0.6,0.50781107,49925,0.03803565538394686
0.7,0.4,0.3,0.7,0.50781304,49925,0.0373740462762593
0.7,0.8,0.1,0.7,0.5078156,49925,0.03581968276808165
0.6,0.4,0.3,0.8,0.5078184,49925,0.03708803336416598
0.8,0.4,0.3,0.1,0.50782734,49925,0.0398529710099106
0.6,0.6,0.1,0.9,0.50783175,49925,0.035022237119685766
0.6,0.1,0.2,0.2,0.5078375,49925,0.03574837864269506
0.9,0.8,0.2,0.8,0.5078379,49925,0.036936184778010854
0.7,0.3,0.9,0.8,0.5078411,49925,0.037153494258290023
0.8,0.6,0.2,0.5,0.5078442,49925,0.03769615578446324
0.8,0.7,0.2,0.2,0.50786144,49925,0.03877460141172392
0.9,0.4,0.4,0.5,0.50786245,49925,0.03844682945016051
0.9,0.5,0.4,0.5,0.50786316,49925,0.03891128558522448
0.8,0.6,0.2,0.3,0.50787205,49925,0.038382209197385185
0.8,0.3,0.9,0.7,0.5078738,49925,0.03743529416850191
0.9,0.3,0.9,0.7,0.50787675,49925,0.03736553000944179
0.4,0.4,0.1,0.2,0.5078773,49925,0.038188326916153904
0.8,0.8,0.2,0.4,0.5078773,49925,0.038188326916153904
0.5,0.3,0.3,0.7,0.5078823,49925,0.0370522257774374
0.2,0.1,0.3,0.3,0.50788724,49925,0.03678718469102023
0.6,0.3,0.9,0.9,0.50788724,49925,0.036787184691020235
0.4,0.2,0.6,0.6,0.50788724,49925,0.03678718469102023
0.9,0.8,0.2,0.1,0.5078882,49925,0.03878666531099212
0.7,0.7,0.1,0.7,0.50788987,49925,0.035764820421216155
0.9,0.2,0.4,0.5,0.50789016,49925,0.03642482682978033
0.9,0.6,0.3,0.4,0.50789934,49925,0.038815067970342884
0.7,0.4,0.3,0.3,0.5079073,49925,0.03933842650890112
0.7,0.3,0.2,0.1,0.50791276,49925,0.038615735261574614
0.8,0.7,0.2,0.3,0.5079134,49925,0.038464024366852916
0.9,0.7,0.3,0.8,0.50791687,49925,0.03767865706636987
0.7,0.2,0.4,0.6,0.5079201,49925,0.036552886618961285
0.9,0.9,0.2,0.5,0.50792176,49925,0.037786402265188666
0.6,0.3,0.2,0.1,0.5079296,49925,0.03933555907538013
0.9,0.7,0.2,0.8,0.5079406,49925,0.03677437741860331
0.3,0.2,0.7,0.6,0.50794625,49925,0.036431268716280364
0.9,0.2,0.7,0.4,0.5079486,49925,0.03701734036457489
0.9,0.7,0.3,0.9,0.50795436,49925,0.03736343616725318
0.6,0.7,0.1,0.4,0.5079554,49925,0.036755194152722326
0.7,0.6,0.2,0.1,0.5079585,49925,0.03942090587496983
0.8,0.2,0.6,0.5,0.50796527,49925,0.03690764964837332
0.7,0.5,0.2,0.8,0.5079687,49925,0.03650207478224986
0.5,0.4,0.2,0.9,0.50797,49925,0.03576702216535089
0.6,0.6,0.1,0.8,0.50797415,49925,0.03536656848731596
0.6,0.4,0.2,0.5,0.50797564,49925,0.03760622196766132
0.1,0.1,0.4,0.6,0.50797963,49925,0.033100411379514375
0.6,0.2,0.7,0.4,0.50798786,49925,0.037558796209027606
0.8,0.2,0.2,0.1,0.5080038,49925,0.03685696823169223
0.7,0.9,0.1,0.5,0.5080084,49925,0.03627255001403335
0.8,0.7,0.2,0.1,0.5080112,49925,0.03907207609390349
0.8,0.7,0.2,0.4,0.5080197,49925,0.03816300367498875
0.8,0.5,0.2,0.2,0.50803006,49925,0.0385128157479391
0.7,0.5,0.3,0.9,0.5080372,49925,0.03699606416835542
0.7,0.4,0.4,0.8,0.50804305,49925,0.03759171219410769
0.5,0.3,0.3,0.8,0.50804985,49925,0.03650059370493698
0.7,0.1,0.3,0.3,0.508061,49925,0.035407873884791725
0.9,0.6,0.4,0.6,0.5080646,49925,0.03883069751577739
0.5,0.2,0.5,0.7,0.5080646,49925,0.03643388582500912
0.4,0.2,0.7,0.4,0.5080702,49925,0.03764955982695401
0.8,0.9,0.1,0.9,0.5080779,49925,0.03533384726219073
0.9,0.6,0.4,0.8,0.5080812,49925,0.03811981230449683
0.8,0.5,0.2,0.1,0.50808835,49925,0.03888462626104879
0.8,0.5,0.3,0.4,0.5080996,49925,0.03886453016762161
0.9,0.9,0.2,0.7,0.5081055,49925,0.037270715316678873
0.9,0.6,0.3,0.7,0.50810736,49925,0.03776966716812293
0.8,0.9,0.1,0.2,0.5081226,49925,0.036616898925695966
0.9,0.2,0.3,0.3,0.5081267,49925,0.03663839424085064
0.7,0.2,0.8,0.2,0.5081269,49925,0.037999846910459836
0.8,0.5,0.3,0.3,0.50812954,49925,0.03930471466812486
0.9,0.9,0.2,0.4,0.508131,49925,0.03802978793256624
0.4,0.3,0.1,0.6,0.5081314,49925,0.03538072604440204
0.4,0.3,0.1,0.2,0.5081339,49925,0.038030154550354
0.8,0.6,0.2,0.4,0.5081339,49925,0.038030154550354
0.5,0.2,0.7,0.4,0.5081356,49925,0.03765342811844787
0.7,0.8,0.1,0.3,0.50813586,49925,0.036767763712270835
0.5,0.4,0.1,0.8,0.5081362,49925,0.03480164403945888
0.3,0.2,0.6,0.9,0.50813705,49925,0.035081252885521906
0.7,0.2,0.6,0.5,0.5081421,49925,0.037087732811777734
0.8,0.5,0.3,0.7,0.50814337,49925,0.037627003919098505
0.7,0.3,0.3,0.4,0.5081451,49925,0.03820370646990653
0.8,0.5,0.2,0.4,0.50814545,49925,0.03778561271519951
0.6,0.6,0.1,0.1,0.50814736,49925,0.03775449471305662
0.5,0.3,0.2,0.3,0.5081524,49925,0.03861038067086312
0.8,0.2,0.7,0.4,0.50815475,49925,0.037215330477267376
0.8,0.5,0.2,0.5,0.50815946,49925,0.03742190336060786
0.6,0.4,0.2,0.3,0.50816554,49925,0.03861967647393123
0.7,0.1,0.4,0.2,0.50816596,49925,0.03599085024682462
0.9,0.8,0.2,0.2,0.50817305,49925,0.03853918463247727
0.4,0.2,0.5,0.8,0.5081804,49925,0.035852700110440866
0.1,0.1,0.5,0.4,0.5081872,49925,0.03448114167803905
0.9,0.6,0.3,0.5,0.5081902,49925,0.03844839883692531
0.7,0.5,0.2,0.7,0.50819945,49925,0.03688120470696619
0.5,0.2,0.6,0.5,0.50820345,49925,0.0373143075220959
0.9,0.5,0.2,0.2,0.50820374,49925,0.03807085925291203
0.8,0.5,0.3,0.5,0.5082049,49925,0.03843294709635559
0.6,0.2,0.9,0.2,0.508208,49925,0.038021689114394804
0.8,0.9,0.1,0.1,0.5082081,49925,0.036710986686800666
0.4,0.3,0.2,0.9,0.50821084,49925,0.035069200690252836
0.9,0.7,0.2,0.6,0.5082159,49925,0.0373598804958211
0.9,0.7,0.2,0.5,0.5082222,49925,0.03765355441714405
0.7,0.8,0.1,0.2,0.50822455,49925,0.03694810737812048
0.7,0.8,0.1,0.5,0.508226,49925,0.03631112858355945
0.7,0.5,0.3,0.8,0.50823385,49925,0.03741955410384404
0.8,0.9,0.1,0.6,0.50823545,49925,0.03597531430612775
0.9,0.7,0.2,0.7,0.50824964,49925,0.037065224377432336
0.7,0.8,0.1,0.1,0.508251,49925,0.03711785530941468
0.9,0.6,0.3,0.6,0.5082582,49925,0.038109150606402395
0.6,0.4,0.2,0.4,0.5082582,49925,0.038109150606402395
0.3,0.2,0.1,0.2,0.5082582,49925,0.038109150606402395
0.8,0.4,0.3,0.5,0.5082633,49925,0.0380313610151741
0.7,0.8,0.1,0.4,0.50826764,49925,0.03654517355613118
0.9,0.8,0.2,0.6,0.5082696,49925,0.03747462170673002
0.8,0.4,0.3,0.2,0.50827134,49925,0.039389772383256576
0.3,0.2,0.9,0.5,0.5082733,49925,0.036560306193298794
0.9,0.4,0.2,0.1,0.5082748,49925,0.03798685426447269
0.7,0.8,0.1,0.6,0.50828195,49925,0.03606990229525011
0.6,0.2,0.5,0.7,0.5082828,49925,0.03640098600037492
0.9,0.3,0.2,0.1,0.50828516,49925,0.03730663885814122
0.9,0.8,0.2,0.7,0.5082932,49925,0.03720252731333891
0.4,0.2,0.3,0.7,0.50829977,49925,0.036068505322288245
0.8,0.2,0.8,0.3,0.5083126,49925,0.03746613130367151
0.6,0.2,0.6,0.5,0.508318,49925,0.037216011146517056
0.9,0.6,0.4,0.9,0.50832015,49925,0.037787583473718585
0.4,0.2,0.1,0.1,0.50832075,49925,0.03816516894504192
0.8,0.4,0.2,0.2,0.50832075,49925,0.03816516894504192
0.9,0.5,0.3,0.6,0.5083326,49925,0.037792720156103715
0.9,0.4,0.4,0.6,0.5083346,49925,0.038018387584744955
0.5,0.2,0.9,0.2,0.50833637,49925,0.0381246902518308
0.7,0.2,0.8,0.3,0.50833756,49925,0.03765973297492678
0.5,0.1,0.3,0.3,0.5083459,49925,0.03622115794584746
0.9,0.7,0.2,0.2,0.5083496,49925,0.038475901384870004
0.8,0.1,0.3,0.3,0.5083557,49925,0.03500002086852483
0.8,0.6,0.3,0.9,0.5083615,49925,0.037228413310803996
0.9,0.8,0.2,0.5,0.5083683,49925,0.03776391922396387
0.7,0.7,0.1,0.9,0.50837237,49925,0.03516903142968408
0.6,0.3,0.4,0.9,0.5083813,49925,0.03652637825417403
0.8,0.2,0.9,0.1,0.50838804,49925,0.03800709182409167
0.9,0.6,0.2,0.5,0.5083892,49925,0.03743654618188427
0.5,0.4,0.2,0.7,0.50838983,49925,0.03674493269789943
0.9,0.2,0.6,0.6,0.5083901,49925,0.03639599251461607
0.3,0.2,0.8,0.7,0.5083949,49925,0.035844213975635836
0.6,0.2,0.5,0.8,0.50840247,49925,0.03598146088148741
0.7,0.7,0.1,0.8,0.5084103,49925,0.03548639001021865
0.9,0.4,0.3,0.2,0.508414,49925,0.0389092064662266
0.1,0.1,0.4,0.8,0.5084166,49925,0.03170496261238964
0.8,0.3,0.5,0.9,0.50842774,49925,0.03667661870924856
0.8,0.3,0.9,0.8,0.50842804,49925,0.03713931759908602
0.9,0.2,0.9,0.2,0.508435,49925,0.03750977326395817
0.4,0.2,0.4,0.9,0.5084448,49925,0.03526984574928465
0.5,0.5,0.1,0.2,0.50844926,49925,0.0378432664592544
0.1,0.1,0.4,0.7,0.50845104,49925,0.032363697711649875
0.8,0.4,0.3,0.4,0.5084728,49925,0.038469119846395415
0.7,0.2,0.5,0.7,0.5084865,49925,0.036288487259107514
0.4,0.3,0.1,0.7,0.5084878,49925,0.034776384550117556
0.5,0.5,0.1,0.4,0.50849307,49925,0.03696701604052461
0.6,0.3,0.4,0.8,0.5084975,49925,0.03698004170241915
0.9,0.2,0.8,0.3,0.5085058,49925,0.037271323183309474
0.8,0.9,0.1,0.5,0.50850874,49925,0.03616049635597285
0.8,0.4,0.3,0.3,0.508512,49925,0.038939108529479474
0.7,0.4,0.4,0.9,0.50851357,49925,0.037161360667818395
0.9,0.6,0.3,0.8,0.50851583,49925,0.037431281819785715
0.8,0.4,0.3,0.6,0.5085202,49925,0.03757936995004842
0.5,0.2,0.8,0.3,0.5085298,49925,0.03792994329161195
0.9,0.8,0.2,0.3,0.5085344,49925,0.03825535142009093
0.9,0.5,0.4,0.9,0.5085441,49925,0.03739687385797863
0.7,0.2,0.7,0.4,0.50855035,49925,0.03740363263709187
0.7,0.2,0.9,0.1,0.5085552,49925,0.038212098173886204
0.8,0.3,0.4,0.7,0.50855744,49925,0.037099336128629805
0.9,0.6,0.2,0.7,0.5085584,49925,0.03683335250120298
0.7,0.5,0.2,0.9,0.50855976,49925,0.03611009428550197
0.1,0.1,0.8,0.1,0.5085604,49925,0.034869784028167164
0.5,0.4,0.2,0.8,0.5085627,49925,0.036242085618503964
0.9,0.3,0.2,0.2,0.5085646,49925,0.036974617256238705
0.9,0.5,0.3,0.3,0.50856584,49925,0.03892850812506079
0.3,0.2,0.8,0.6,0.5085778,49925,0.036294289244086314
0.6,0.2,0.8,0.3,0.5085853,49925,0.037816166697392815
0.5,0.3,0.2,0.2,0.50859654,49925,0.039342402297425035
0.5,0.5,0.1,0.3,0.5086003,49925,0.037415480641102866
0.6,0.6,0.1,0.6,0.50860053,49925,0.03609767580841477
0.7,0.2,0.3,0.4,0.5086072,49925,0.037074822953042326
0.8,0.5,0.2,0.3,0.5086094,49925,0.038140934563476184
0.9,0.1,0.3,0.3,0.50861853,49925,0.034588980542258646
0.9,0.2,0.1,0.1,0.50862855,49925,0.03399868240542925
0.8,0.2,0.6,0.6,0.5086307,49925,0.03656845815534107
0.4,0.1,0.3,0.3,0.5086307,49925,0.03656845815534107
0.9,0.4,0.3,0.1,0.50863093,49925,0.0393203614790633
0.9,0.6,0.2,0.8,0.50863117,49925,0.036529552261529694
0.5,0.4,0.1,0.4,0.50863427,49925,0.03680164591801655
0.6,0.3,0.2,0.4,0.50863564,49925,0.03756057600887834
0.8,0.8,0.1,0.9,0.50863856,49925,0.03524961593258391
0.7,0.7,0.1,0.6,0.5086515,49925,0.0360395670183727
0.9,0.5,0.3,0.5,0.5086606,49925,0.0381583337967855
0.3,0.2,0.9,0.6,0.5086681,49925,0.03614244485438331
0.8,0.2,0.9,0.2,0.50867283,49925,0.03769637157736132
0.6,0.3,0.2,0.3,0.5086954,49925,0.03813815082094432
0.8,0.6,0.2,0.1,0.508704,49925,0.039044100880917
0.8,0.9,0.1,0.3,0.508704,49925,0.03650111705780133
0.3,0.2,0.8,0.5,0.5087083,49925,0.03674735727605923
0.5,0.4,0.1,0.6,0.50871986,49925,0.03577295651447903
0.7,0.1,0.2,0.2,0.5087383,49925,0.03508415218045387
0.4,0.2,0.5,0.9,0.50873977,49925,0.03538517289880004
0.5,0.3,0.2,0.5,0.5087496,49925,0.037321644614140566
0.7,0.2,0.6,0.6,0.5087649,49925,0.036704561501912314
0.6,0.2,0.5,0.9,0.5087729,49925,0.035586778106582666
0.8,0.2,0.1,0.1,0.50877666,49925,0.034689134136663954
0.3,0.2,0.7,0.9,0.50877786,49925,0.03505269239577096
0.7,0.3,0.9,0.9,0.5087806,49925,0.03684344625129888
0.9,0.6,0.2,0.3,0.50878346,49925,0.038058025856943116
0.4,0.2,0.7,0.5,0.5087932,49925,0.03716102469036319
0.5,0.2,0.5,0.8,0.50879335,49925,0.03597580164340201
0.9,0.6,0.2,0.2,0.50880086,49925,0.03834588622082114
0.7,0.7,0.1,0.1,0.5088042,49925,0.037258262976216545
0.5,0.4,0.1,0.5,0.50880605,49925,0.036276589871172556
0.5,0.2,0.2,0.3,0.50880855,49925,0.03775288623202216
0.3,0.2,0.2,0.6,0.508809,49925,0.035995294695473384
0.6,0.3,0.2,0.2,0.5088091,49925,0.038738205683641176
0.8,0.9,0.1,0.8,0.5088099,49925,0.03554307568621365
0.9,0.1,0.5,0.1,0.50881714,49925,0.03560897786204519
0.8,0.5,0.3,0.8,0.50881785,49925,0.03726265761829487
0.7,0.2,0.9,0.2,0.5088225,49925,0.03786809822459938
0.9,0.9,0.1,0.5,0.5088297,49925,0.03600922919727411
0.7,0.6,0.1,0.8,0.508832,49925,0.03530813161222656
0.9,0.7,0.2,0.1,0.5088361,49925,0.03873968476268075
0.8,0.5,0.2,0.6,0.50883913,49925,0.03705827509321801
0.9,0.7,0.2,0.3,0.50883925,49925,0.03821537481352737
0.4,0.2,0.8,0.4,0.5088488,49925,0.037447908600386624
0.2,0.1,0.4,0.2,0.5088488,49925,0.037447908600386624
0.8,0.5,0.2,0.7,0.5088546,49925,0.03670908818197301
0.9,0.7,0.2,0.4,0.50885683,49925,0.03792906797439091
0.6,0.3,0.1,0.1,0.50886095,49925,0.03726013689428887
0.9,0.4,0.3,0.5,0.50886405,49925,0.037689883293030364
0.9,0.5,0.2,0.1,0.5088723,49925,0.03839434353993931
0.7,0.3,0.4,0.8,0.508888,49925,0.036853381336014804
0.9,0.5,0.3,0.7,0.50889236,49925,0.03741945633898382
0.5,0.2,0.4,0.8,0.50889456,49925,0.03585570855374303
0.8,0.9,0.1,0.4,0.5089039,49925,0.03633616935037415
0.4,0.2,0.2,0.4,0.5089158,49925,0.03743396242224407
0.6,0.3,0.3,0.6,0.5089158,49925,0.03743396242224407
0.2,0.1,0.1,0.2,0.5089158,49925,0.03743396242224407
0.8,0.4,0.4,0.8,0.5089158,49925,0.03743396242224407
0.5,0.4,0.1,0.7,0.5089211,49925,0.03527515915402739
0.9,0.3,0.9,0.8,0.50892264,49925,0.037084268691579214
0.6,0.5,0.1,0.9,0.5089277,49925,0.0347301866693201
0.5,0.3,0.1,0.3,0.5089282,49925,0.03690602678516501
0.7,0.2,0.5,0.8,0.5089349,49925,0.03590743817690196
0.9,0.3,0.4,0.6,0.5089448,49925,0.03726225733839073
0.7,0.7,0.1,0.5,0.5089491,49925,0.03633084047494107
0.9,0.8,0.2,0.4,0.50894994,49925,0.03800980801170271
0.9,0.4,0.3,0.4,0.5089534,49925,0.038091374686281626
0.6,0.6,0.1,0.3,0.50895363,49925,0.037133678383080966
0.5,0.4,0.1,0.3,0.5089547,49925,0.03730382050968204
0.8,0.8,0.1,0.7,0.5089561,49925,0.03572345307453982
0.6,0.6,0.1,0.2,0.5089678,49925,0.03745494254743951
0.3,0.2,0.1,0.6,0.5089774,49925,0.0344887057887346
0.9,0.9,0.1,0.3,0.5089835,49925,0.03629010723073668
0.6,0.2,0.4,0.7,0.5089844,49925,0.03626438064448962
0.8,0.2,0.5,0.7,0.5089912,49925,0.03614550167551091
0.8,0.8,0.1,0.3,0.5089985,49925,0.03653538040881751
0.5,0.4,0.1,0.9,0.5090064,49925,0.03435580154881579
0.7,0.7,0.1,0.3,0.5090129,49925,0.03681567679287687
0.9,0.4,0.3,0.3,0.50902176,49925,0.038506957850949396
0.8,0.3,0.3,0.3,0.5090219,49925,0.038275325727122035
0.8,0.2,0.4,0.6,0.50902534,49925,0.03631028216017017
0.4,0.1,0.2,0.3,0.50902534,49925,0.03631028216017017
0.6,0.5,0.1,0.6,0.5090347,49925,0.03593378301214151
0.3,0.2,0.8,0.8,0.5090462,49925,0.035413904018073435
0.8,0.7,0.1,0.9,0.5090471,49925,0.03512716593480219
0.9,0.2,0.6,0.7,0.5090484,49925,0.03609092154123298
0.6,0.1,0.4,0.2,0.509053,49925,0.03640394640744674
0.9,0.2,0.2,0.1,0.5090533,49925,0.03615477412193879
0.5,0.2,0.9,0.3,0.5090578,49925,0.03774611789823073
0.3,0.2,0.2,0.7,0.50906837,49925,0.03526565577091339
0.4,0.3,0.1,0.8,0.5090772,49925,0.034208446730535816
0.9,0.6,0.2,0.4,0.5090964,49925,0.03774878602215499
0.8,0.4,0.4,0.9,0.5090966,49925,0.037036549272497686
0.3,0.2,0.1,0.5,0.5091045,49925,0.035296309833169885
0.9,0.5,0.2,0.4,0.50911885,49925,0.037432118174293524
0.7,0.4,0.2,0.3,0.509122,49925,0.03821170340956608
0.9,0.5,0.2,0.5,0.50913453,49925,0.03713933991049714
0.9,0.9,0.1,0.4,0.509146,49925,0.0361692411332627
0.5,0.3,0.1,0.2,0.5091464,49925,0.03744745817722682
0.6,0.2,0.6,0.8,0.50914663,49925,0.03602533022552593
0.3,0.1,0.3,0.4,0.50914663,49925,0.03602533022552593
0.7,0.2,0.1,0.1,0.509149,49925,0.03543966831264042
0.9,0.6,0.2,0.1,0.5091552,49925,0.03864476834454056
0.4,0.1,0.4,0.2,0.50915796,49925,0.03717488439805679
0.8,0.2,0.8,0.4,0.50915796,49925,0.03717488439805679
0.7,0.6,0.1,0.7,0.50916,49925,0.035634879195180325
0.4,0.2,0.9,0.3,0.5091617,49925,0.03767620859186662
0.8,0.5,0.2,0.9,0.50917006,49925,0.035988571061612046
0.4,0.2,0.6,0.7,0.509179,49925,0.03630484649138123
0.9,0.4,0.2,0.2,0.5091993,49925,0.03766053797239598
0.8,0.8,0.1,0.2,0.5092036,49925,0.03669720017671867
0.7,0.2,0.8,0.4,0.50920564,49925,0.03733506974869615
0.7,0.7,0.1,0.4,0.5092167,49925,0.03657667811662806
0.4,0.2,0.7,0.6,0.50922406,49925,0.03668569566738849
0.6,0.3,0.3,0.7,0.50922555,49925,0.036914918807153585
0.8,0.4,0.3,0.7,0.50922644,49925,0.03715385497955811
0.1,0.1,0.4,0.9,0.50922686,49925,0.0310929250209081
0.9,0.6,0.2,0.9,0.50922704,49925,0.036238156728161657
0.7,0.4,0.2,0.4,0.50922966,49925,0.037751883292780154
0.6,0.2,0.7,0.5,0.50923085,49925,0.03714954214673735
0.5,0.2,0.3,0.6,0.5092311,49925,0.03656704853947241
0.5,0.1,0.4,0.2,0.5092312,49925,0.03679812269921385
0.5,0.4,0.1,0.1,0.50923604,49925,0.038263005395849356
0.6,0.4,0.2,0.6,0.50924206,49925,0.03710760858436729
0.3,0.2,0.1,0.3,0.50924206,49925,0.03710760858436729
0.9,0.6,0.3,0.9,0.50924206,49925,0.03710760858436729
0.9,0.5,0.2,0.3,0.5092508,49925,0.03775997281999587
0.5,0.3,0.1,0.1,0.5092512,49925,0.03800309696018622
0.8,0.1,0.5,0.1,0.50925195,49925,0.03602516668269777
0.9,0.5,0.3,0.4,0.50925833,49925,0.038531211794705145
0.8,0.3,0.2,0.2,0.5092633,49925,0.03753325841252547
0.7,0.3,0.2,0.2,0.5092658,49925,0.03812986136911789
0.9,0.1,0.4,0.3,0.50928056,49925,0.03499186796715255
0.8,0.2,0.7,0.5,0.5092809,49925,0.036882385721252645
0.1,0.1,0.7,0.2,0.50930065,49925,0.03498529429764409
0.6,0.2,0.8,0.4,0.50930345,49925,0.03744057048287744
0.3,0.1,0.4,0.2,0.50930345,49925,0.03744057048287744
0.9,0.1,0.5,0.2,0.50930613,49925,0.0354011682416703
0.9,0.2,0.7,0.5,0.5093105,49925,0.03671840788198807
0.6,0.2,0.3,0.5,0.5093126,49925,0.036917175906187503
0.9,0.4,0.3,0.6,0.5093175,49925,0.03728513983169647
0.8,0.9,0.1,0.7,0.5093179,49925,0.0357529465404395
0.7,0.6,0.1,0.9,0.5093251,49925,0.034975238634502366
0.1,0.1,0.5,0.5,0.50932616,49925,0.0337372002667758
0.6,0.5,0.1,0.8,0.50932693,49925,0.035118983442815055
0.5,0.2,0.5,0.9,0.50932807,49925,0.03554986406988652
0.1,0.1,0.6,0.3,0.5093282,49925,0.03484028934120418
0.8,0.8,0.1,0.4,0.509329,49925,0.03635993707284661
0.7,0.3,0.3,0.5,0.509339,49925,0.037675432465005564
0.7,0.3,0.1,0.1,0.50934273,49925,0.03659237861359583
0.9,0.1,0.1,0.1,0.5093486,49925,0.031619987570896686
0.5,0.3,0.2,0.6,0.50935143,49925,0.03672227238759537
0.9,0.4,0.4,0.7,0.5093541,49925,0.037625556906902426
0.5,0.2,0.8,0.4,0.5093653,49925,0.03751647997384182
0.9,0.3,0.5,0.9,0.50936663,49925,0.03652572762071375
0.9,0.9,0.1,0.9,0.5093677,49925,0.0352680621032281
0.5,0.2,0.7,0.5,0.5093681,49925,0.037203548216136646
0.5,0.2,0.1,0.1,0.5093686,49925,0.03718453585183082
0.6,0.5,0.1,0.7,0.50937444,49925,0.03551942721891161
0.7,0.7,0.1,0.2,0.509381,49925,0.03704867780237487
0.9,0.2,0.4,0.6,0.5093888,49925,0.03605435680858557
0.8,0.5,0.2,0.8,0.50938934,49925,0.036358699037750374
0.8,0.8,0.1,0.6,0.5093978,49925,0.03595852716739787
0.6,0.1,0.5,0.1,0.50941175,49925,0.03685862547556165
0.8,0.2,0.3,0.4,0.5094155,49925,0.03663889429427446
0.5,0.4,0.1,0.2,0.50942236,49925,0.03779822670868058
0.6,0.3,0.2,0.5,0.5094249,49925,0.037002360479635184
0.9,0.5,0.2,0.6,0.50943005,49925,0.0368074415861057
0.6,0.2,0.6,0.6,0.50943893,49925,0.036817683494842386
0.7,0.2,0.7,0.5,0.50943893,49925,0.03703424927173504
0.3,0.1,0.3,0.3,0.50943893,49925,0.036817683494842386
0.9,0.3,0.9,0.9,0.50943893,49925,0.036817683494842386
0.7,0.4,0.3,0.8,0.50944304,49925,0.03694133962809419
0.1,0.1,0.9,0.1,0.50944895,49925,0.03428752958055827
0.9,0.9,0.1,0.1,0.50944924,49925,0.036448810051652084
0.8,0.8,0.1,0.8,0.5094512,49925,0.03549482759885651
0.2,0.1,0.2,0.5,0.5094643,49925,0.03478463536090733
0.9,0.9,0.1,0.8,0.5094709,49925,0.035470446023691024
0.9,0.9,0.1,0.2,0.50947255,49925,0.03638276513330157
0.3,0.1,0.1,0.1,0.5094867,49925,0.03779814845948685
0.6,0.2,0.2,0.2,0.5094867,49925,0.03779814845948685
0.9,0.3,0.3,0.3,0.5094867,49925,0.03779814845948685
0.5,0.2,0.6,0.7,0.5094878,49925,0.03642723912862689
0.6,0.6,0.1,0.5,0.50948817,49925,0.03645146054801294
0.8,0.3,0.9,0.9,0.50949144,49925,0.036867091538991745
0.6,0.4,0.2,0.9,0.5094936,49925,0.0357141306155586
0.9,0.8,0.1,0.1,0.5095043,49925,0.036510881124227665
0.9,0.9,0.1,0.6,0.50951993,49925,0.03584785500923729
0.5,0.2,0.6,0.6,0.5095261,49925,0.03685912818175049
0.6,0.4,0.2,0.7,0.50952613,49925,0.03663345415915779
0.4,0.2,0.3,0.8,0.50954187,49925,0.03547618217095022
0.9,0.2,0.9,0.3,0.50954556,49925,0.03722787044937682
0.4,0.2,0.6,0.9,0.50955355,49925,0.035424706585411435
0.6,0.2,0.6,0.7,0.5095576,49925,0.03641676516539313
0.9,0.5,0.3,0.8,0.5095645,49925,0.03707214137260701
0.8,0.8,0.1,0.1,0.5095737,49925,0.03681910176169669
0.7,0.1,0.1,0.1,0.50959086,49925,0.03321957406470159
0.6,0.2,0.1,0.1,0.50959355,49925,0.03626449703532348
0.8,0.3,0.3,0.4,0.50960004,49925,0.03779874537008975
0.6,0.4,0.1,0.2,0.50960165,49925,0.03732017071960919
0.4,0.2,0.6,0.8,0.50960755,49925,0.03586800112960455
0.2,0.1,0.3,0.4,0.50960755,49925,0.03586800112960455
0.8,0.2,0.9,0.3,0.5096104,49925,0.037402702940701506
0.8,0.1,0.2,0.2,0.50961274,49925,0.03441388379292141
0.7,0.4,0.3,0.9,0.5096128,49925,0.03651661063312408
0.8,0.1,0.1,0.1,0.5096144,49925,0.032384348409712
0.9,0.2,0.8,0.4,0.50961643,49925,0.03698894893318723
0.8,0.8,0.1,0.5,0.5096214,49925,0.03615788246912033
0.5,0.3,0.3,0.9,0.5096294,49925,0.03600415001720639
0.9,0.4,0.3,0.7,0.50963193,49925,0.0369014590159547
0.5,0.2,0.6,0.8,0.509643,49925,0.03600552222108412
0.8,0.4,0.2,0.3,0.5096433,49925,0.037781650321558446
0.9,0.5,0.3,0.9,0.50965303,49925,0.03672848547486344
0.3,0.1,0.5,0.1,0.50966305,49925,0.03785502231071816
0.9,0.2,0.3,0.4,0.50967246,49925,0.03621157721440172
0.2,0.1,0.5,0.1,0.5096729,49925,0.03782298443317533
0.7,0.1,0.5,0.1,0.5096732,49925,0.036444185581691255
0.5,0.3,0.1,0.4,0.50967324,49925,0.036333342576911745
0.8,0.1,0.4,0.3,0.5096741,49925,0.03530453948490994
0.4,0.3,0.1,0.9,0.50969535,49925,0.033664674226593354
0.7,0.2,0.8,0.5,0.5097044,49925,0.036981166950312346
0.3,0.2,0.1,0.7,0.5097103,49925,0.03375842877218133
0.8,0.7,0.1,0.1,0.50971687,49925,0.03689786311052452
0.9,0.4,0.4,0.8,0.5097221,49925,0.03724612648506537
0.7,0.2,0.6,0.7,0.50973296,49925,0.036338672983308604
0.4,0.2,0.8,0.5,0.50973815,49925,0.03701257737712857
0.9,0.2,0.5,0.7,0.5097528,49925,0.035969077585082686
0.4,0.1,0.5,0.1,0.5097532,49925,0.03760194306982813
0.3,0.2,0.8,0.9,0.50976837,49925,0.03500786156505311
0.6,0.4,0.1,0.1,0.5097741,49925,0.037713188781511475
0.6,0.6,0.1,0.4,0.5097751,49925,0.036791881605654955
0.8,0.7,0.1,0.8,0.50978214,49925,0.0353847069972725
0.7,0.3,0.2,0.3,0.5097876,49925,0.03761688109622872
0.5,0.3,0.2,0.7,0.50979227,49925,0.036144067649403935
0.4,0.2,0.7,0.7,0.5098015,49925,0.03624768051046049
0.3,0.2,0.2,0.8,0.509803,49925,0.034567525659861105
0.4,0.2,0.2,0.5,0.5098117,49925,0.03665523520818796
0.7,0.2,0.5,0.9,0.5098118,49925,0.035545755264908795
0.5,0.3,0.2,0.9,0.5098217,49925,0.03509497173066657
0.3,0.2,0.9,0.7,0.509824,49925,0.03571383884970133
0.6,0.2,0.9,0.3,0.50983465,49925,0.03766919539538996
0.5,0.1,0.5,0.1,0.5098385,49925,0.03724276648650093
0.6,0.4,0.1,0.5,0.5098389,49925,0.036031622259022
0.8,0.2,0.8,0.5,0.5098463,49925,0.036863314675027785
0.8,0.2,0.1,0.2,0.5098549,49925,0.03446911675296391
0.9,0.5,0.2,0.7,0.5098763,49925,0.03648500237377121
0.6,0.5,0.1,0.2,0.5099072,49925,0.0374482828201516
0.8,0.4,0.3,0.8,0.5099085,49925,0.03674224336994275
0.9,0.3,0.3,0.4,0.50991106,49925,0.0373804822435073
0.5,0.2,0.7,0.7,0.5099162,49925,0.03635460024441147
0.7,0.4,0.2,0.6,0.5099368,49925,0.03686885502063421
0.9,0.8,0.1,0.8,0.5099405,49925,0.035383166652479786
0.7,0.3,0.2,0.4,0.50994396,49925,0.037127704663556575
0.3,0.2,0.9,0.8,0.5099487,49925,0.03531323186966805
0.4,0.2,0.9,0.4,0.5099498,49925,0.03725576133939769
0.5,0.2,0.7,0.6,0.5099577,49925,0.03676658442193011
0.6,0.5,0.1,0.1,0.509964,49925,0.03781475158596725
0.6,0.5,0.1,0.5,0.50996965,49925,0.03633143271144222
0.7,0.6,0.1,0.1,0.5099716,49925,0.037328643817764864
0.9,0.9,0.1,0.7,0.51000124,49925,0.03566606208110814
0.6,0.4,0.1,0.6,0.51000327,49925,0.03559136459645977
0.6,0.5,0.1,0.3,0.5100137,49925,0.03708323213326561
0.7,0.4,0.2,0.5,0.510022,49925,0.037296706647652236
0.6,0.3,0.1,0.2,0.51002526,49925,0.03684118377900103
0.5,0.2,0.8,0.5,0.5100274,49925,0.03709625746916569
0.8,0.3,0.3,0.5,0.51003134,49925,0.03732785647846356
0.2,0.1,0.3,0.5,0.5100337,49925,0.03501552334366001
0.3,0.2,0.1,0.4,0.5100358,49925,0.036156925624177
0.6,0.4,0.2,0.8,0.5100358,49925,0.036156925624177
0.7,0.2,0.9,0.4,0.5100432,49925,0.037240839419706386
0.6,0.2,0.4,0.8,0.51004565,49925,0.03581055886084305
0.3,0.1,0.2,0.4,0.51004565,49925,0.03581055886084305
0.7,0.3,0.1,0.2,0.5100487,49925,0.03624307125882231
0.8,0.3,0.1,0.1,0.51006156,49925,0.035932073503085485
0.7,0.4,0.2,0.7,0.5100706,49925,0.036447601388975306
0.5,0.1,0.3,0.4,0.5100729,49925,0.03565921768080263
0.6,0.2,0.8,0.5,0.5100821,49925,0.03706455235570513
0.8,0.2,0.2,0.2,0.5100863,49925,0.036455733975630164
0.4,0.1,0.1,0.1,0.5100863,49925,0.036455733975630164
0.7,0.2,0.9,0.3,0.5100959,49925,0.03754554468822458
0.9,0.2,0.6,0.8,0.51010597,49925,0.03579142448338314
0.6,0.5,0.1,0.4,0.5101111,49925,0.0367205106040296
0.9,0.7,0.1,0.1,0.5101209,49925,0.036516056668762814
0.9,0.8,0.1,0.9,0.5101355,49925,0.035173158829822346
0.6,0.1,0.1,0.1,0.51013875,49925,0.03416475447371202
0.9,0.2,0.8,0.5,0.5101418,49925,0.03672899168891343
0.8,0.2,0.5,0.8,0.51014614,49925,0.03580861398110922
0.4,0.2,0.1,0.2,0.510164,49925,0.037368861342324186
0.8,0.4,0.2,0.4,0.510164,49925,0.037368861342324186
0.7,0.2,0.7,0.6,0.51016676,49925,0.03668354533713391
0.7,0.3,0.4,0.9,0.51016766,49925,0.03641951222203906
0.8,0.7,0.1,0.2,0.51017284,49925,0.03672597201213205
0.5,0.2,0.9,0.4,0.51017654,49925,0.037347433128545035
0.7,0.6,0.1,0.6,0.51018333,49925,0.03594178905826292
0.5,0.2,0.4,0.9,0.5101834,49925,0.03540328277226837
0.8,0.5,0.3,0.9,0.5101951,49925,0.03689632194822005
0.6,0.4,0.1,0.4,0.5102053,49925,0.03645869994862539
0.8,0.2,0.9,0.4,0.51021576,49925,0.03711646687235596
0.7,0.2,0.4,0.7,0.51021975,49925,0.036107464930099274
0.9,0.8,0.1,0.3,0.5102273,49925,0.03628703782377138
0.7,0.4,0.1,0.1,0.5102344,49925,0.037132537018662724
0.5,0.3,0.2,0.8,0.5102367,49925,0.035600809902538416
0.7,0.3,0.2,0.5,0.5102372,49925,0.03664099282415573
0.9,0.5,0.2,0.8,0.51023746,49925,0.03615712348110471
0.6,0.4,0.1,0.3,0.51023924,49925,0.03690583564530222
0.7,0.3,0.3,0.6,0.51023966,49925,0.03718216280684726
0.9,0.2,0.7,0.6,0.5102426,49925,0.036429639035188824
0.3,0.2,0.1,0.8,0.51027226,49925,0.03308040440368041
0.8,0.6,0.1,0.9,0.51027787,49925,0.034890941736436566
0.6,0.1,0.3,0.4,0.5102792,49925,0.03536261364666171
0.7,0.6,0.1,0.2,0.5102886,49925,0.03710510195298464
0.7,0.1,0.4,0.3,0.51028943,49925,0.035640489791424694
0.7,0.2,0.2,0.2,0.5102985,49925,0.0371319930037159
0.8,0.4,0.2,0.7,0.5102993,49925,0.03620791152875127
0.8,0.7,0.1,0.7,0.51029986,49925,0.03563674099999334
0.7,0.4,0.2,0.8,0.5103044,49925,0.036035471198255994
0.6,0.2,0.7,0.6,0.51031643,49925,0.036764471935880755
0.5,0.2,0.8,0.6,0.5103175,49925,0.03668812077749719
0.8,0.2,0.6,0.8,0.5103187,49925,0.035907851676278225
0.4,0.1,0.3,0.4,0.5103187,49925,0.035907851676278225
0.8,0.6,0.1,0.8,0.510321,49925,0.03518835592062833
0.9,0.8,0.1,0.2,0.51032275,49925,0.03640717169663976
0.9,0.7,0.1,0.9,0.5103264,49925,0.03501853306292425
0.1,0.1,0.5,0.7,0.51033133,49925,0.03237741576660371
0.3,0.2,0.2,0.9,0.51033646,49925,0.03393352619530847
0.4,0.2,0.7,0.8,0.51034325,49925,0.03582896998442027
0.1,0.1,0.5,0.6,0.5103445,49925,0.03303359375124053
0.8,0.2,0.6,0.9,0.5103452,49925,0.0355934944657656
0.6,0.2,0.7,0.7,0.510354,49925,0.03638873330647524
0.8,0.4,0.3,0.9,0.5103608,49925,0.03633868317908649
0.8,0.7,0.1,0.3,0.51036114,49925,0.036552316501785094
0.5,0.2,0.6,0.9,0.5103644,49925,0.03559045942845443
0.4,0.2,0.1,0.3,0.510371,49925,0.036573523998276174
0.8,0.4,0.2,0.6,0.510371,49925,0.036573523998276174
0.7,0.2,0.6,0.8,0.51037526,49925,0.03598401214871173
0.9,0.8,0.1,0.7,0.5103757,49925,0.03561150910564307
0.5,0.3,0.1,0.7,0.5103779,49925,0.03467781433511145
0.5,0.3,0.1,0.5,0.51038086,49925,0.035794308858773674
0.8,0.4,0.1,0.1,0.51038206,49925,0.03654935682100124
0.6,0.4,0.1,0.7,0.51038396,49925,0.03513814714574093
0.6,0.1,0.4,0.3,0.51038545,49925,0.03596067832515448
0.4,0.2,0.3,0.9,0.51038843,49925,0.034916563846358224
0.5,0.3,0.1,0.6,0.5103889,49925,0.03522236315215602
0.3,0.2,0.9,0.9,0.5103914,49925,0.03491962189292854
0.9,0.3,0.2,0.3,0.510392,49925,0.03660416296626403
0.8,0.2,0.7,0.6,0.51040274,49925,0.03656370805401605
0.9,0.4,0.2,0.4,0.5104142,49925,0.03697637522910817
0.6,0.2,0.6,0.9,0.5104147,49925,0.03565145653983849
0.9,0.4,0.3,0.8,0.510415,49925,0.03653128060360578
0.9,0.3,0.4,0.7,0.5104373,49925,0.03687748545256522
0.7,0.2,0.8,0.6,0.5104485,49925,0.03664331803884274
0.8,0.6,0.1,0.1,0.51045215,49925,0.03689446643482391
0.8,0.4,0.2,0.5,0.51045907,49925,0.036952691471726425
0.8,0.7,0.1,0.6,0.51046324,49925,0.03589012681852861
0.9,0.3,0.1,0.1,0.51046556,49925,0.035300583170499215
0.9,0.8,0.1,0.4,0.5104823,49925,0.036148946935333395
0.7,0.2,0.3,0.5,0.5104851,49925,0.03657220683241018
0.4,0.2,0.7,0.9,0.51049215,49925,0.03540967139961555
0.3,0.1,0.4,0.3,0.5104988,49925,0.03669941875599938
0.6,0.2,0.8,0.6,0.5104988,49925,0.03669941875599938
0.9,0.3,0.3,0.5,0.51051795,49925,0.036968814339662294
0.6,0.4,0.1,0.8,0.5105227,49925,0.034712821769241675
0.8,0.6,0.1,0.7,0.51053154,49925,0.03547802676293028
0.7,0.5,0.1,0.8,0.5105374,49925,0.03501511851711879
0.8,0.2,0.6,0.7,0.5105416,49925,0.036233415117721234
0.5,0.2,0.2,0.4,0.51054955,49925,0.03703566018902448
0.8,0.3,0.3,0.6,0.5105647,49925,0.036884929335800024
0.9,0.8,0.1,0.5,0.51056683,49925,0.03598222845851612
0.9,0.1,0.4,0.4,0.51057005,49925,0.03471332687732875
0.9,0.2,0.1,0.2,0.51057327,49925,0.033847312834354694
0.6,0.2,0.9,0.4,0.5105786,49925,0.037322035635556985
0.5,0.2,0.3,0.7,0.51058936,49925,0.035991065727712525
0.6,0.1,0.5,0.2,0.5105897,49925,0.0364442999095948
0.1,0.1,0.6,0.4,0.5105933,49925,0.034166593456165184
0.6,0.2,0.1,0.2,0.5106159,49925,0.03582688824299579
0.6,0.3,0.3,0.8,0.510618,49925,0.036408798894078526
0.7,0.5,0.1,0.9,0.510627,49925,0.0346656286002541
0.8,0.1,0.5,0.2,0.5106559,49925,0.03574142876391133
0.8,0.3,0.2,0.3,0.51066345,49925,0.03709203300765278
0.7,0.6,0.1,0.5,0.51067024,49925,0.03623860388685385
0.7,0.6,0.1,0.4,0.5106712,49925,0.03654145492677525
0.1,0.1,0.5,0.8,0.5106725,49925,0.03178496055186617
0.6,0.4,0.1,0.9,0.51067567,49925,0.034299479918336095
0.7,0.5,0.1,0.1,0.5106857,49925,0.0373222368807467
0.9,0.8,0.1,0.6,0.5106914,49925,0.035802831595424786
0.7,0.5,0.1,0.7,0.51069283,49925,0.03536923847694063
0.9,0.4,0.4,0.9,0.51069915,49925,0.03687509440836222
0.7,0.2,0.1,0.2,0.51069957,49925,0.03513336235813713
0.8,0.2,0.5,0.9,0.5106998,49925,0.03546137485588795
0.5,0.2,0.1,0.2,0.5107067,49925,0.036580976287011305
0.8,0.2,0.4,0.7,0.510709,49925,0.035916481606731145
0.9,0.2,0.2,0.2,0.5107101,49925,0.03583711387734563
0.5,0.1,0.1,0.1,0.51071876,49925,0.03524523240157685
0.5,0.3,0.1,0.8,0.5107331,49925,0.03417174393176768
0.6,0.3,0.2,0.7,0.51073414,49925,0.03593533977328323
0.6,0.2,0.2,0.3,0.5107364,49925,0.03717220002015714
0.9,0.4,0.2,0.3,0.51073945,49925,0.03733042396133421
0.2,0.1,0.6,0.1,0.51074976,49925,0.03728942877758566
0.6,0.3,0.2,0.6,0.5107538,49925,0.036469455226072076
0.9,0.1,0.2,0.2,0.510755,49925,0.03378844337371413
0.6,0.2,0.7,0.8,0.5107685,49925,0.03604584017173517
0.8,0.3,0.1,0.2,0.5107737,49925,0.035644117143395895
0.8,0.7,0.1,0.4,0.5107845,49925,0.036347999363603445
0.5,0.2,0.9,0.5,0.5108017,49925,0.03696002948741395
0.7,0.1,0.3,0.4,0.5108086,49925,0.03501955400482515
0.9,0.5,0.2,0.9,0.51080984,49925,0.035822632340856184
0.8,0.3,0.4,0.8,0.5108259,49925,0.03668543665683604
0.2,0.1,0.4,0.3,0.510834,49925,0.03659057331235261
0.4,0.2,0.8,0.6,0.510834,49925,0.03659057331235261
0.9,0.7,0.1,0.2,0.51083475,49925,0.0363921246483145
0.7,0.5,0.1,0.6,0.5108388,49925,0.03573333702865511
0.8,0.5,0.1,0.1,0.51085514,49925,0.0368249258341051
0.2,0.1,0.5,0.2,0.51086354,49925,0.037071123469587956
0.7,0.2,0.6,0.9,0.51086533,49925,0.0356466250751447
0.9,0.4,0.2,0.5,0.5108982,49925,0.03661139338362017
0.7,0.3,0.3,0.7,0.5109018,49925,0.03670102280544718
0.8,0.7,0.1,0.5,0.51092464,49925,0.03611526123579445
0.9,0.2,0.5,0.8,0.51092947,49925,0.03566750944842083
0.9,0.1,0.6,0.1,0.51093394,49925,0.03576044071871102
0.7,0.2,0.7,0.7,0.5109647,49925,0.03633590591706818
0.1,0.1,0.8,0.2,0.5109697,49925,0.034448369827946856
0.5,0.3,0.1,0.9,0.5109701,49925,0.03368382436378115
0.7,0.2,0.9,0.5,0.51097655,49925,0.03693131597647653
0.4,0.2,0.8,0.7,0.51098126,49925,0.03617280666571245
0.7,0.4,0.2,0.9,0.51101124,49925,0.035614354597446655
0.8,0.1,0.3,0.4,0.51101637,49925,0.034649690208436
0.7,0.2,0.4,0.8,0.51101667,49925,0.035688256863878574
0.9,0.2,0.9,0.4,0.51101923,49925,0.036963241493399225
0.6,0.1,0.2,0.3,0.5110333,49925,0.03518802011892206
0.8,0.2,0.8,0.6,0.5110337,49925,0.03655787852726408
0.4,0.1,0.4,0.3,0.5110337,49925,0.03655787852726408
0.4,0.2,0.9,0.5,0.51103455,49925,0.036846789805981627
0.7,0.6,0.1,0.3,0.5110425,49925,0.03682370376693575
0.9,0.2,0.7,0.7,0.51104313,49925,0.03614080627390795
0.9,0.4,0.2,0.6,0.51105493,49925,0.03626737658545783
0.7,0.4,0.1,0.6,0.5110562,49925,0.03533143576535484
0.7,0.1,0.5,0.2,0.51105803,49925,0.036104249671673465
0.8,0.1,0.4,0.4,0.51107717,49925,0.034998862094712986
0.6,0.3,0.1,0.4,0.5110825,49925,0.03591578180046956
0.6,0.3,0.1,0.3,0.51108253,49925,0.03638786186414648
0.9,0.2,0.6,0.9,0.51109177,49925,0.035507947850009755
0.7,0.3,0.1,0.3,0.5110928,49925,0.03585519702214068
0.6,0.2,0.3,0.6,0.5110937,49925,0.03634908576519795
0.4,0.2,0.2,0.6,0.51109535,49925,0.035926387296463747
0.6,0.3,0.3,0.9,0.51109535,49925,0.03592638729646374
0.2,0.1,0.1,0.3,0.51109535,49925,0.035926387296463747
0.6,0.2,0.1,0.3,0.5110997,49925,0.0353294700775627
0.5,0.1,0.2,0.3,0.51110154,49925,0.03576962117056174
0.5,0.2,0.7,0.8,0.51113665,49925,0.03596831564019118
0.5,0.1,0.6,0.1,0.5111559,49925,0.037119592525191446
0.1,0.1,0.9,0.2,0.51116055,49925,0.033944968922292484
0.8,0.3,0.2,0.4,0.5111619,49925,0.03666145034029611
0.8,0.2,0.9,0.5,0.51116216,49925,0.036828640047658845
0.9,0.4,0.2,0.8,0.51117396,49925,0.035594759052026484
0.4,0.2,0.9,0.6,0.5111839,49925,0.036457802806145086
0.4,0.1,0.3,0.5,0.5111848,49925,0.03527756419946117
0.7,0.5,0.1,0.2,0.51118904,49925,0.03703944327043631
0.9,0.2,0.9,0.5,0.5111973,49925,0.03669115864815912
0.9,0.4,0.1,0.1,0.5112013,49925,0.03597259441162404
0.5,0.2,0.8,0.7,0.51120895,49925,0.03630025188033689
0.8,0.4,0.2,0.9,0.5112199,49925,0.035454000558900085
0.8,0.3,0.4,0.9,0.51122487,49925,0.03627731560309566
0.8,0.2,0.3,0.5,0.51124346,49925,0.036196491518572904
0.8,0.6,0.1,0.2,0.5112578,49925,0.036707203461190545
0.7,0.3,0.2,0.6,0.5112582,49925,0.03616152043628242
0.4,0.1,0.6,0.1,0.5112652,49925,0.03737402778213753
0.2,0.1,0.2,0.6,0.5112695,49925,0.03390430719992331
0.8,0.4,0.2,0.8,0.5112726,49925,0.03582152763154066
0.4,0.2,0.1,0.4,0.5112726,49925,0.03582152763154066
0.7,0.1,0.4,0.4,0.5112991,49925,0.035278715091950304
0.8,0.3,0.3,0.7,0.5113131,49925,0.03645730853359377
0.5,0.2,0.7,0.9,0.51134783,49925,0.035600236955793146
0.9,0.2,0.8,0.6,0.51135147,49925,0.036441868195644475
0.9,0.2,0.7,0.8,0.51136523,49925,0.035850621918573036
0.4,0.2,0.8,0.8,0.51137924,49925,0.03577173303369302
0.2,0.1,0.4,0.4,0.51137924,49925,0.03577173303369302
0.9,0.6,0.1,0.9,0.5113882,49925,0.034752015304920385
0.9,0.6,0.1,0.8,0.51139164,49925,0.035022421148043444
0.9,0.3,0.2,0.4,0.51140106,49925,0.03622595543346418
0.8,0.4,0.1,0.2,0.5114051,49925,0.036290066120557074
0.6,0.2,0.4,0.9,0.5114219,49925,0.03538115962133721
0.9,0.3,0.4,0.8,0.5114272,49925,0.03648944197504273
0.7,0.4,0.1,0.2,0.51144326,49925,0.03681078613621915
0.1,0.1,0.5,0.9,0.5114512,49925,0.03123453190799233
0.7,0.4,0.1,0.5,0.51145875,49925,0.03571011567261861
0.1,0.1,0.6,0.5,0.5114604,49925,0.03351642403660273
0.4,0.2,0.1,0.5,0.51147103,49925,0.035082225594399344
0.9,0.5,0.1,0.1,0.5114872,49925,0.03632412318673303
0.8,0.5,0.1,0.8,0.51148874,49925,0.034854508090222475
0.9,0.7,0.1,0.8,0.5115057,49925,0.035247785851239645
0.7,0.3,0.3,0.8,0.51150876,49925,0.03624223696765215
0.9,0.6,0.1,0.1,0.51151854,49925,0.03648862210592928
0.3,0.1,0.6,0.1,0.51151955,49925,0.03749276269024117
0.8,0.5,0.1,0.2,0.5115243,49925,0.03660657750809506
0.7,0.5,0.1,0.5,0.51153517,49925,0.03607034385162799
0.9,0.2,0.1,0.3,0.51154053,49925,0.0336120925389989
0.9,0.1,0.3,0.4,0.5115444,49925,0.034278042794584254
0.7,0.4,0.1,0.3,0.51154894,49925,0.03645664789966211
0.8,0.5,0.1,0.6,0.5115633,49925,0.03546793071876845
0.6,0.2,0.9,0.5,0.51156867,49925,0.036972177915346176
0.4,0.2,0.2,0.7,0.51157427,49925,0.035271165562531875
0.8,0.3,0.1,0.3,0.5115764,49925,0.03533749082832284
0.5,0.1,0.4,0.3,0.51157707,49925,0.03628279475300744
0.7,0.5,0.1,0.4,0.51158947,49925,0.0364114367842272
0.6,0.2,0.2,0.4,0.5115925,49925,0.036560340947550576
0.3,0.1,0.1,0.2,0.5115925,49925,0.036560340947550576
0.9,0.3,0.3,0.6,0.5115925,49925,0.03656034094755057
0.7,0.2,0.1,0.3,0.51160014,49925,0.03474147275308661
0.1,0.1,0.7,0.3,0.51161075,49925,0.0344157897919345
0.9,0.2,0.4,0.7,0.51161504,49925,0.03568727336860687
0.9,0.2,0.8,0.7,0.5116219,49925,0.03615000126571107
0.6,0.3,0.2,0.8,0.5116306,49925,0.035457062913179425
0.9,0.4,0.3,0.9,0.51164323,49925,0.03617289675232777
0.8,0.5,0.1,0.7,0.5116444,49925,0.035159597276810665
0.4,0.2,0.9,0.7,0.51164633,49925,0.03606758984248821
0.8,0.1,0.6,0.1,0.5116465,49925,0.03611197144324273
0.4,0.2,0.1,0.6,0.51167,49925,0.03439506722831266
0.9,0.4,0.2,0.7,0.5116773,49925,0.03591810140198768
0.8,0.2,0.7,0.7,0.5116774,49925,0.036245117199418836
0.3,0.2,0.1,0.9,0.5116816,49925,0.03243367358265534
0.2,0.1,0.3,0.6,0.51168567,49925,0.03421730167882815
0.1,0.1,0.7,0.4,0.51169133,49925,0.03385603700457914
0.8,0.3,0.2,0.5,0.5116947,49925,0.03624706445299759
0.8,0.6,0.1,0.6,0.5117028,49925,0.035744914364470984
0.9,0.3,0.1,0.2,0.5117095,49925,0.035084981636229515
0.8,0.2,0.8,0.7,0.51171094,49925,0.036263596655231
0.3,0.1,0.3,0.5,0.51171374,49925,0.03529132958641022
0.8,0.5,0.1,0.9,0.5117248,49925,0.03453535326785632
0.4,0.2,0.8,0.9,0.51173073,49925,0.035387730049860164
0.7,0.2,0.7,0.8,0.5117359,49925,0.036018976423542036
0.5,0.2,0.1,0.3,0.5117922,49925,0.03594534600792038
0.5,0.2,0.3,0.8,0.5118002,49925,0.035460391191284545
0.2,0.1,0.5,0.3,0.511811,49925,0.03631992044387641
0.9,0.3,0.2,0.5,0.51182765,49925,0.035872024535744285
0.5,0.2,0.2,0.5,0.51184624,49925,0.03636184762598452
0.9,0.2,0.5,0.9,0.51184916,49925,0.03534658184582512
0.4,0.1,0.5,0.2,0.5118518,49925,0.03704970303826651
0.7,0.2,0.9,0.6,0.5118538,49925,0.03660772413311774
0.9,0.7,0.1,0.6,0.5118699,49925,0.0356883548084962
0.8,0.6,0.1,0.4,0.51187193,49925,0.03625911313222652
0.7,0.1,0.6,0.1,0.5118734,49925,0.03645132397072909
0.3,0.1,0.5,0.2,0.5118749,49925,0.03719209131089371
0.7,0.5,0.1,0.3,0.5118752,49925,0.03673406544346481
0.8,0.2,0.4,0.8,0.5118761,49925,0.03553042130384509
0.4,0.1,0.2,0.4,0.5118761,49925,0.03553042130384509
0.8,0.2,0.2,0.3,0.51188254,49925,0.036028579769126046
0.9,0.4,0.1,0.3,0.51188487,49925,0.03553683346108679
0.9,0.2,0.2,0.3,0.5118869,49925,0.03547205808045642
0.9,0.7,0.1,0.5,0.511895,49925,0.03589610294692251
0.8,0.3,0.2,0.6,0.51189506,49925,0.035856243170569145
0.9,0.7,0.1,0.7,0.5119061,49925,0.03547183024087148
0.6,0.3,0.1,0.5,0.5119067,49925,0.03542758642891863
0.2,0.1,0.7,0.1,0.51190865,49925,0.03679727107331108
0.7,0.2,0.3,0.6,0.5119178,49925,0.036069035275079646
0.7,0.4,0.1,0.4,0.5119345,49925,0.03608285729827061
0.7,0.4,0.1,0.7,0.5119478,49925,0.03492857690434709
0.9,0.6,0.1,0.2,0.51195157,49925,0.03631211968152855
0.7,0.1,0.2,0.3,0.5119518,49925,0.034606533098587876
0.6,0.2,0.3,0.7,0.51195806,49925,0.035809492847092894
0.4,0.2,0.1,0.7,0.5119678,49925,0.033753674147058245
0.9,0.6,0.1,0.7,0.5119822,49925,0.03526075443690225
0.4,0.2,0.9,0.8,0.5119832,49925,0.03569698530084805
0.8,0.2,0.1,0.3,0.5119835,49925,0.034160086167077865
0.7,0.2,0.7,0.9,0.51200306,49925,0.03569701139592019
0.8,0.4,0.1,0.3,0.51200503,49925,0.03598715757490911
0.8,0.2,0.7,0.8,0.51201445,49925,0.035941350311996544
0.9,0.7,0.1,0.3,0.51202786,49925,0.036259005745174884
0.5,0.1,0.3,0.5,0.512033,49925,0.0351148668314926
0.5,0.2,0.9,0.6,0.51203686,49925,0.03658805863851872
0.9,0.1,0.5,0.3,0.5120387,49925,0.03516495089840997
0.9,0.1,0.6,0.2,0.5120549,49925,0.035540859179529184
0.9,0.3,0.3,0.7,0.51206666,49925,0.03617775846797377
0.5,0.1,0.5,0.2,0.5120861,49925,0.036778730807137804
0.8,0.2,0.7,0.9,0.51210725,49925,0.03564828844351087
0.9,0.3,0.4,0.9,0.51210976,49925,0.03611037125746589
0.6,0.2,0.9,0.6,0.5121202,49925,0.03663144056670081
0.9,0.2,0.7,0.9,0.51212925,49925,0.0355730623325035
0.9,0.2,0.3,0.5,0.51213133,49925,0.03581924320918008
0.6,0.3,0.2,0.9,0.51214486,49925,0.0349927788151862
0.7,0.2,0.8,0.7,0.5121591,49925,0.03632568867568227
0.9,0.5,0.1,0.2,0.51216185,49925,0.03615483540317983
0.7,0.2,0.2,0.3,0.51217145,49925,0.03659589485471237
0.2,0.1,0.8,0.1,0.5121813,49925,0.036316358275954426
0.1,0.1,0.6,0.6,0.51218736,49925,0.03292229410740908
0.8,0.2,0.9,0.6,0.51218826,49925,0.03653629460033009
0.9,0.5,0.1,0.9,0.51220787,49925,0.03435943523655475
0.2,0.1,0.3,0.7,0.5122118,49925,0.03346455162949141
0.8,0.6,0.1,0.5,0.51221913,49925,0.03599092930655191
0.2,0.1,0.6,0.2,0.51222694,49925,0.03668232957606974
0.7,0.3,0.3,0.9,0.5122315,49925,0.03580245524915679
0.4,0.2,0.1,0.8,0.5122467,49925,0.03316213116261568
0.1,0.1,0.8,0.3,0.5122496,49925,0.03398930661217141
0.7,0.4,0.1,0.8,0.51225215,49925,0.03454723923105339
0.9,0.7,0.1,0.4,0.5122651,49925,0.03608218883727569
0.8,0.3,0.3,0.8,0.51226515,49925,0.03604076953912684
0.8,0.4,0.1,0.7,0.5122655,49925,0.03468213120520683
0.8,0.6,0.1,0.3,0.5122657,49925,0.03649438260458227
0.9,0.4,0.2,0.9,0.5122685,49925,0.03525906173585338
0.8,0.4,0.1,0.8,0.5122701,49925,0.03432928673193439
0.9,0.2,0.9,0.6,0.51227534,49925,0.03642637511115133
0.9,0.4,0.1,0.2,0.5122807,49925,0.03576707503942173
0.7,0.4,0.1,0.9,0.5122844,49925,0.03418414746509544
0.6,0.3,0.1,0.6,0.51230454,49925,0.034940122804789
0.6,0.2,0.7,0.9,0.5123235,49925,0.0356877477338181
0.7,0.3,0.2,0.7,0.5123271,49925,0.03571545441195449
0.9,0.5,0.1,0.3,0.5123279,49925,0.03593405087733838
0.6,0.2,0.8,0.7,0.51232994,49925,0.03634557402016649
0.7,0.2,0.4,0.9,0.5123455,49925,0.03528694312064847
0.9,0.5,0.1,0.7,0.51234776,49925,0.034922371636005874
0.6,0.1,0.4,0.4,0.5123497,49925,0.03553086479593487
0.6,0.3,0.1,0.8,0.51235586,49925,0.03403057403923342
0.8,0.1,0.4,0.5,0.5123578,49925,0.03469154925612241
0.3,0.1,0.2,0.5,0.5123865,49925,0.03496871185205666
0.6,0.1,0.6,0.1,0.5123877,49925,0.036781121366453534
0.8,0.2,0.3,0.6,0.512398,49925,0.03575247610949468
0.2,0.1,0.5,0.4,0.5124014,49925,0.03559858851204011
0.9,0.3,0.2,0.6,0.5124045,49925,0.03548802930548966
0.6,0.3,0.1,0.7,0.51242465,49925,0.034468435147033925
0.8,0.1,0.6,0.2,0.512425,49925,0.03584059087498549
0.7,0.2,0.8,0.8,0.5124808,49925,0.03600532652044205
0.7,0.3,0.1,0.4,0.5124932,49925,0.03543711143393917
0.2,0.1,0.1,0.4,0.51252997,49925,0.034635838578109056
0.4,0.2,0.2,0.8,0.51252997,49925,0.034635838578109056
0.8,0.5,0.1,0.3,0.5125587,49925,0.03636053024795508
0.7,0.2,0.9,0.7,0.51255876,49925,0.036288256956042625
0.8,0.2,0.1,0.4,0.5125767,49925,0.03381545794535682
0.5,0.2,0.8,0.8,0.51259214,49925,0.035930077930087824
0.9,0.5,0.1,0.8,0.51259595,49925,0.0346539886597978
0.8,0.1,0.5,0.3,0.5126078,49925,0.035455302614030605
0.1,0.1,0.7,0.5,0.51261216,49925,0.03331490105791749
0.7,0.2,0.1,0.4,0.51261264,49925,0.03432625058335099
0.3,0.1,0.7,0.1,0.51261526,49925,0.037128940524713536
0.9,0.1,0.1,0.2,0.5126233,49925,0.03158830093717769
0.2,0.1,0.2,0.7,0.5126452,49925,0.033078629155495344
0.8,0.5,0.1,0.5,0.51266456,49925,0.03577575538407974
0.5,0.2,0.9,0.7,0.51267594,49925,0.03621722828209664
0.1,0.1,0.6,0.7,0.5126872,49925,0.032345249534813686
0.8,0.4,0.1,0.9,0.5127018,49925,0.03399948425479989
0.2,0.1,0.3,0.9,0.5127195,49925,0.03217981195812091
0.8,0.4,0.1,0.4,0.5127224,49925,0.035667761692307384
0.9,0.6,0.1,0.3,0.5127224,49925,0.03614086239034606
0.8,0.5,0.1,0.4,0.51272273,49925,0.036084565962335544
0.2,0.1,0.4,0.5,0.51272714,49925,0.03499964802244368
0.5,0.1,0.4,0.4,0.5127527,49925,0.03577723551911911
0.8,0.2,0.9,0.7,0.5127629,49925,0.03624577620302323
0.7,0.3,0.2,0.8,0.5127874,49925,0.035269979200028424
0.7,0.3,0.1,0.5,0.5127916,49925,0.035045841675220464
0.1,0.1,0.6,0.8,0.51279205,49925,0.03180061376422594
0.6,0.3,0.1,0.9,0.5128257,49925,0.03358742182828737
0.6,0.1,0.5,0.3,0.51284975,49925,0.036039071026682114
0.6,0.2,0.3,0.8,0.5128503,49925,0.03530659953834447
0.4,0.1,0.3,0.6,0.51286685,49925,0.034676368076953894
0.8,0.2,0.4,0.9,0.5128698,49925,0.03514489080551187
0.8,0.1,0.2,0.3,0.5128747,49925,0.03403121700427394
0.9,0.1,0.5,0.4,0.512876,49925,0.03491645390664594
0.5,0.2,0.1,0.4,0.5128878,49925,0.03533752678372092
0.9,0.6,0.1,0.4,0.5128982,49925,0.035946284604939795
0.3,0.1,0.3,0.6,0.51290387,49925,0.034615042487723534
0.4,0.2,0.9,0.9,0.5129183,49925,0.03532232935132079
0.3,0.1,0.4,0.4,0.51292586,49925,0.035997684655089
0.6,0.2,0.8,0.8,0.51292586,49925,0.035997684655089
0.4,0.1,0.5,0.3,0.51293856,49925,0.03649184396483089
0.8,0.4,0.1,0.6,0.5129477,49925,0.03502365313020782
0.7,0.2,0.3,0.7,0.5129646,49925,0.035591729253769605
0.1,0.1,0.9,0.3,0.5129789,49925,0.03358568124249761
0.6,0.2,0.1,0.4,0.51297915,49925,0.034837600386093834
0.8,0.3,0.1,0.5,0.51299614,49925,0.03464239946089674
0.2,0.1,0.3,0.8,0.5130177,49925,0.03279481890146297
0.5,0.2,0.1,0.5,0.513024,49925,0.03474059178064302
0.9,0.6,0.1,0.6,0.51302564,49925,0.035497211539110535
0.9,0.3,0.1,0.3,0.51304835,49925,0.034827982125340516
0.6,0.2,0.9,0.7,0.51305497,49925,0.03629706096734491
0.7,0.1,0.6,0.2,0.5130581,49925,0.03613283236489063
0.4,0.1,0.4,0.4,0.5130583,49925,0.03596675674744201
0.8,0.2,0.8,0.8,0.5130583,49925,0.03596675674744201
0.9,0.3,0.1,0.5,0.5130675,49925,0.03423695889407496
0.9,0.2,0.4,0.8,0.5130752,49925,0.035336832875280874
0.7,0.3,0.1,0.6,0.51308453,49925,0.034631903860373445
0.9,0.2,0.8,0.8,0.5131034,49925,0.035881898752832216
0.8,0.3,0.1,0.4,0.5131037,49925,0.034987594223443434
0.9,0.2,0.8,0.9,0.51310396,49925,0.03560358923108744
0.9,0.2,0.1,0.4,0.5131074,49925,0.033331766536407466
0.3,0.1,0.5,0.3,0.5131134,49925,0.03655347554329338
0.2,0.1,0.6,0.3,0.5131194,49925,0.036021267466858416
0.9,0.5,0.1,0.4,0.5131283,49925,0.03570572380782564
0.8,0.3,0.1,0.6,0.5131363,49925,0.03427957634310374
0.9,0.3,0.1,0.6,0.5131367,49925,0.03393483403967182
0.9,0.2,0.3,0.6,0.5131526,49925,0.03542692442531893
0.8,0.3,0.2,0.7,0.51315284,49925,0.03545003132666477
0.5,0.2,0.2,0.6,0.5131629,49925,0.03571687042721498
0.6,0.2,0.2,0.5,0.5131821,49925,0.03598485599075538
0.9,0.5,0.1,0.5,0.5131929,49925,0.035452614833068885
0.6,0.1,0.3,0.5,0.51319575,49925,0.034900377999699
0.9,0.3,0.1,0.4,0.5132138,49925,0.03454423463525801
0.9,0.4,0.1,0.8,0.5132258,49925,0.03409835390376756
0.9,0.2,0.9,0.7,0.51322794,49925,0.036163905859162196
0.5,0.2,0.1,0.6,0.51322967,49925,0.03415566331798731
0.2,0.1,0.2,0.8,0.51323825,49925,0.03233435200647831
0.7,0.3,0.1,0.9,0.5132464,49925,0.033406590242797955
0.7,0.1,0.5,0.3,0.5132472,49925,0.03574260715471212
0.1,0.1,0.8,0.4,0.5132526,49925,0.033519924821223034
0.9,0.4,0.1,0.4,0.5132725,49925,0.03527092513976452
0.9,0.3,0.3,0.8,0.5132802,49925,0.03579092781691333
0.3,0.1,0.6,0.2,0.5132831,49925,0.03694237278701381
0.2,0.1,0.4,0.6,0.5133066,49925,0.03430856998851423
0.4,0.2,0.1,0.9,0.5133067,49925,0.03259618703199814
0.5,0.2,0.3,0.9,0.513309,49925,0.03494422203042149
0.7,0.2,0.2,0.4,0.5133168,49925,0.036077559910899386
0.7,0.3,0.1,0.8,0.5133262,49925,0.03379720720867619
0.4,0.1,0.7,0.1,0.51335776,49925,0.037117698928085426
0.7,0.3,0.2,0.9,0.5133629,49925,0.03485375661920913
0.5,0.2,0.8,0.9,0.51336735,49925,0.03557776006699606
0.9,0.5,0.1,0.6,0.5134002,49925,0.03517370648252915
0.7,0.1,0.4,0.5,0.513402,49925,0.034913317393257357
0.9,0.1,0.7,0.1,0.51340616,49925,0.03583345023674698
0.6,0.2,0.8,0.9,0.5134077,49925,0.035682971037869195
0.9,0.1,0.4,0.5,0.5134113,49925,0.034448395870014095
0.8,0.3,0.3,0.9,0.5134151,49925,0.035627791239487
0.5,0.1,0.7,0.1,0.51344734,49925,0.03695115127377325
0.9,0.6,0.1,0.5,0.5134638,49925,0.03575168131770231
0.4,0.2,0.2,0.9,0.51347107,49925,0.034043019419329086
0.8,0.2,0.8,0.9,0.51348835,49925,0.03566979881009754
0.7,0.3,0.1,0.7,0.51349527,49925,0.03421065466056131
0.5,0.2,0.2,0.7,0.51350605,49925,0.035108853206393634
0.8,0.4,0.1,0.5,0.51352346,49925,0.03535990632024374
0.8,0.3,0.1,0.7,0.513535,49925,0.03390641283432844
0.9,0.3,0.1,0.7,0.5135488,49925,0.03360499536545609
0.5,0.1,0.4,0.5,0.5135528,49925,0.0352733406939202
0.9,0.3,0.2,0.7,0.5135555,49925,0.03515188644336578
0.5,0.2,0.9,0.8,0.5135697,49925,0.03587586086271099
0.9,0.4,0.1,0.7,0.51357424,49925,0.03439447572044672
0.2,0.1,0.7,0.2,0.51357657,49925,0.03626517669545094
0.8,0.1,0.5,0.4,0.5135988,49925,0.035157889262175904
0.6,0.2,0.9,0.8,0.513627,49925,0.035963066785756434
0.9,0.4,0.1,0.9,0.5136319,49925,0.03379387772210506
0.8,0.2,0.2,0.4,0.5136426,49925,0.035588807485504845
0.4,0.1,0.1,0.2,0.5136426,49925,0.035588807485504845
0.6,0.1,0.4,0.5,0.51365197,49925,0.03512241013185588
0.8,0.3,0.2,0.8,0.51366085,49925,0.03504776017403126
0.8,0.3,0.1,0.9,0.51367223,49925,0.033187530379719346
0.7,0.2,0.9,0.8,0.51369804,49925,0.03597549658785138
0.5,0.1,0.3,0.6,0.5137021,49925,0.034590976939676873
0.5,0.1,0.5,0.3,0.51371384,49925,0.03629793764904421
0.9,0.1,0.2,0.3,0.5137191,49925,0.03348566300620121
0.4,0.1,0.6,0.2,0.51372266,49925,0.03687902939868069
0.7,0.2,0.8,0.9,0.5137229,49925,0.03570468572383106
0.6,0.2,0.3,0.9,0.5137247,49925,0.034844928576895313
0.9,0.4,0.1,0.6,0.5137514,49925,0.034692364663752466
0.8,0.1,0.7,0.1,0.5137771,49925,0.03613441377613076
0.8,0.1,0.1,0.2,0.5137873,49925,0.0322343009400275
0.8,0.3,0.1,0.8,0.51379687,49925,0.03354131195494835
0.2,0.1,0.5,0.5,0.5138182,49925,0.0349173041725114
0.9,0.2,0.2,0.4,0.5138232,49925,0.03509568295940226
0.4,0.1,0.3,0.7,0.51384157,49925,0.03410624422731723
0.1,0.1,0.6,0.9,0.51387507,49925,0.03127918483771367
0.8,0.2,0.9,0.8,0.5138808,49925,0.035958593123643946
0.9,0.2,0.9,0.8,0.5138839,49925,0.03590983403537236
0.3,0.1,0.4,0.5,0.5138972,49925,0.03535430445171753
0.6,0.1,0.1,0.2,0.51389754,49925,0.03373627384818774
0.5,0.1,0.2,0.4,0.5139166,49925,0.03510828749655127
0.4,0.1,0.4,0.5,0.5139227,49925,0.03540133132964541
0.6,0.1,0.7,0.1,0.5139337,49925,0.03671070241051545
0.7,0.1,0.1,0.2,0.51395327,49925,0.03294991934642326
0.7,0.2,0.1,0.5,0.51396394,49925,0.03388686334700023
0.7,0.1,0.3,0.5,0.5139755,49925,0.03462056870533413
0.8,0.1,0.3,0.5,0.5139766,49925,0.0342901395438985
0.3,0.1,0.3,0.7,0.51401067,49925,0.03396668040947337
0.7,0.1,0.7,0.1,0.51405644,49925,0.0364297012448153
0.6,0.1,0.6,0.2,0.51412725,49925,0.03642221693918516
0.9,0.3,0.3,0.9,0.5141376,49925,0.035420172636897604
0.3,0.1,0.1,0.3,0.5141376,49925,0.035420172636897604
0.6,0.2,0.2,0.6,0.5141376,49925,0.035420172636897604
0.7,0.2,0.2,0.5,0.5141643,49925,0.0355601152415
0.2,0.1,0.6,0.4,0.51416445,49925,0.0353998482695002
0.9,0.1,0.6,0.3,0.51417774,49925,0.03528908458852438
0.5,0.2,0.9,0.9,0.5142145,49925,0.035545119091066196
0.9,0.2,0.4,0.9,0.5142476,49925,0.0349871076099119
0.2,0.1,0.4,0.7,0.5142507,49925,0.03363123432112533
0.4,0.1,0.2,0.5,0.5142521,49925,0.0347814526937989
0.7,0.2,0.3,0.8,0.5142543,49925,0.03513391901326722
0.9,0.3,0.1,0.8,0.51425594,49925,0.033273149916597924
0.5,0.2,0.1,0.9,0.5142574,49925,0.0325514553642704
0.5,0.1,0.1,0.2,0.51428705,49925,0.03462136848347269
0.7,0.1,0.6,0.3,0.5143145,49925,0.035828915457963385
0.9,0.1,0.7,0.2,0.5143163,49925,0.035600517000793995
0.6,0.2,0.1,0.5,0.5143447,49925,0.03432207592411449
0.8,0.1,0.4,0.6,0.514352,49925,0.03437394602724397
0.8,0.2,0.3,0.7,0.5143538,49925,0.03533076410974265
0.3,0.1,0.5,0.4,0.514358,49925,0.03591163286258244
0.2,0.1,0.2,0.9,0.5143804,49925,0.03164307190120625
0.5,0.2,0.2,0.9,0.5143935,49925,0.034004503839322256
0.9,0.4,0.1,0.5,0.5143965,49925,0.034995697111084
0.1,0.1,0.7,0.7,0.5144054,49925,0.03223165862546602
0.5,0.2,0.1,0.7,0.514415,49925,0.03359553391368816
0.5,0.2,0.1,0.8,0.5144292,49925,0.03305288857541042
0.7,0.1,0.5,0.4,0.5144361,49925,0.03539409748688435
0.9,0.2,0.9,0.9,0.5144396,49925,0.03564952412091268
0.9,0.3,0.2,0.8,0.51447,49925,0.03478887784862335
0.8,0.1,0.6,0.3,0.5144719,49925,0.03557098754599516
0.8,0.2,0.1,0.5,0.5144797,49925,0.033455316371560045
0.1,0.1,0.8,0.5,0.5144911,49925,0.03304239051337031
0.9,0.2,0.3,0.7,0.51453185,49925,0.03503121641100225
0.2,0.1,0.1,0.5,0.5145458,49925,0.033509018394746765
0.9,0.1,0.3,0.5,0.5145658,49925,0.03394697200123473
0.6,0.1,0.2,0.4,0.51456904,49925,0.03462484790142298
0.4,0.1,0.5,0.4,0.5145939,49925,0.035945839782206904
0.2,0.1,0.4,0.8,0.5146062,49925,0.032988338309731684
0.2,0.1,0.5,0.6,0.51460963,49925,0.034288924161775404
0.3,0.1,0.7,0.2,0.51461744,49925,0.03661708060784493
0.1,0.1,0.7,0.6,0.5146397,49925,0.03276317914067903
0.6,0.2,0.1,0.7,0.51464957,49925,0.03331748867212752
0.9,0.2,0.1,0.5,0.51465696,49925,0.03301979001775781
0.6,0.1,0.5,0.4,0.51466364,49925,0.03563089358091661
0.5,0.2,0.2,0.8,0.5146649,49925,0.03455420525827779
0.3,0.1,0.3,0.8,0.5146673,49925,0.0333592979062206
0.7,0.2,0.9,0.9,0.5146804,49925,0.03568360569669725
0.9,0.1,0.1,0.3,0.5146933,49925,0.03141999569818768
0.7,0.1,0.4,0.6,0.51470244,49925,0.03456067865453172
0.5,0.1,0.6,0.2,0.51471317,49925,0.03668705901603135
0.3,0.1,0.4,0.6,0.514737,49925,0.03471662341753017
0.6,0.2,0.1,0.6,0.5147397,49925,0.03381878016117886
0.3,0.1,0.2,0.6,0.5147413,49925,0.03416879101072588
0.5,0.1,0.5,0.4,0.51476824,49925,0.035837465872620516
0.8,0.1,0.7,0.2,0.51476973,49925,0.03588519905187023
0.4,0.1,0.4,0.6,0.5147789,49925,0.03484562618435971
0.6,0.2,0.9,0.9,0.5148262,49925,0.03564019921820374
0.9,0.2,0.2,0.5,0.51484007,49925,0.03470478746048464
0.2,0.1,0.7,0.3,0.514844,49925,0.03570351115862538
0.8,0.2,0.9,0.9,0.514847,49925,0.035682162275194905
0.2,0.1,0.1,0.6,0.5148589,49925,0.03247094909894577
0.1,0.1,0.7,0.8,0.51487297,49925,0.03172937988369574
0.7,0.2,0.1,0.6,0.51487476,49925,0.0334427693788227
0.8,0.3,0.2,0.9,0.51487625,49925,0.03466323781678651
0.7,0.1,0.7,0.2,0.514879,49925,0.036136611668372134
0.9,0.3,0.1,0.9,0.5148823,49925,0.032959491121688354
0.9,0.3,0.2,0.9,0.5149005,49925,0.034427615650871046
0.1,0.1,0.9,0.4,0.5149199,49925,0.0331670727047217
0.2,0.1,0.8,0.2,0.5149513,49925,0.035872148938523585
0.3,0.1,0.6,0.3,0.51501244,49925,0.036354198753038906
0.5,0.1,0.3,0.7,0.51507455,49925,0.03408856200033318
0.2,0.1,0.6,0.5,0.5150778,49925,0.034803135426119694
0.4,0.1,0.6,0.3,0.5150934,49925,0.03637493345464764
0.2,0.1,0.9,0.1,0.5150984,49925,0.035865639453643884
0.5,0.1,0.8,0.1,0.51510036,49925,0.03674749800298424
0.9,0.1,0.5,0.5,0.51513195,49925,0.034662971273113484
0.6,0.1,0.3,0.6,0.5151511,49925,0.03442991894848784
0.1,0.1,0.9,0.5,0.51516694,49925,0.0327488054793392
0.8,0.2,0.3,0.8,0.5151736,49925,0.034907224648881165
0.4,0.1,0.3,0.8,0.5151838,49925,0.033569042960261315
0.7,0.2,0.2,0.6,0.51521087,49925,0.035073633114208344
0.3,0.1,0.8,0.1,0.5152167,49925,0.036767070723102244
0.8,0.1,0.8,0.1,0.5152433,49925,0.03612139892037027
0.4,0.1,0.8,0.1,0.5152453,49925,0.03684727054294156
0.9,0.1,0.6,0.4,0.5152978,49925,0.035047419456658416
0.9,0.1,0.8,0.1,0.5153213,49925,0.03586614576556801
0.4,0.1,0.2,0.6,0.515323,49925,0.034087879645195836
0.1,0.1,0.8,0.6,0.5153856,49925,0.03256391472324348
0.6,0.1,0.4,0.6,0.5154032,49925,0.03470584965622481
0.8,0.2,0.2,0.5,0.5154075,49925,0.035137681872932626
0.3,0.1,0.2,0.7,0.5154153,49925,0.033417869703875516
0.4,0.1,0.7,0.2,0.5154226,49925,0.036656398230575746
0.3,0.1,0.3,0.9,0.5154445,49925,0.032769514814666695
0.7,0.1,0.3,0.6,0.5154549,49925,0.03420609374545249
0.2,0.1,0.4,0.9,0.51545733,49925,0.032417836803868574
0.2,0.1,0.1,0.8,0.5154611,49925,0.030793114718621714
0.5,0.1,0.1,0.3,0.5154682,49925,0.033965841016115654
0.6,0.2,0.2,0.7,0.5154962,49925,0.034887050517099755
0.8,0.1,0.6,0.4,0.51551425,49925,0.03527650277516237
0.6,0.1,0.1,0.3,0.5155395,49925,0.03325751782245981
0.5,0.1,0.4,0.6,0.51554716,49925,0.0348097236017897
0.7,0.2,0.3,0.9,0.5155716,49925,0.0346892222796345
0.8,0.2,0.1,0.6,0.51557565,49925,0.03307943548889692
0.8,0.1,0.1,0.3,0.515583,49925,0.03199503142769704
0.8,0.1,0.2,0.4,0.51559156,49925,0.033637697330530486
0.2,0.1,0.1,0.9,0.5156042,49925,0.0300770598948535
0.9,0.2,0.2,0.6,0.51563907,49925,0.03433650907921707
0.2,0.1,0.1,0.7,0.5156573,49925,0.03158174210196889
0.6,0.2,0.1,0.8,0.5156792,49925,0.03285986112251448
0.6,0.1,0.8,0.1,0.51568115,49925,0.03658342306375143
0.6,0.2,0.1,0.9,0.5157374,49925,0.032412802690554306
0.7,0.1,0.2,0.4,0.5157379,49925,0.034127606479704156
0.9,0.1,0.7,0.3,0.51574516,49925,0.035394848979452415
0.7,0.1,0.6,0.4,0.51575637,49925,0.035483990147941166
0.8,0.1,0.5,0.5,0.51579046,49925,0.03486036169527903
0.7,0.1,0.5,0.5,0.5158049,49925,0.035060997634251564
0.2,0.1,0.5,0.7,0.51580864,49925,0.033683125201968624
0.7,0.1,0.8,0.1,0.5158937,49925,0.03637506013491191
0.1,0.1,0.7,0.9,0.51589894,49925,0.03126112352530221
0.5,0.1,0.7,0.2,0.51591164,49925,0.03655810544861209
0.7,0.2,0.1,0.8,0.5159264,49925,0.032595296959711945
0.7,0.2,0.1,0.7,0.51592976,49925,0.03300948224552757
0.8,0.1,0.8,0.2,0.51594245,49925,0.03587614987647415
0.8,0.2,0.2,0.6,0.51598763,49925,0.03469913060572824
0.4,0.1,0.1,0.3,0.51598763,49925,0.03469913060572824
0.3,0.1,0.5,0.5,0.5159985,49925,0.03531318869746889
0.5,0.1,0.6,0.3,0.51601297,49925,0.03625551045480735
0.7,0.1,0.4,0.7,0.5160351,49925,0.03420223411796562
0.5,0.1,0.5,0.5,0.5160424,49925,0.03536616365194258
0.7,0.2,0.2,0.7,0.516043,49925,0.03459371519514047
0.6,0.1,0.4,0.7,0.516047,49925,0.03430763844134993
0.9,0.1,0.4,0.6,0.51609594,49925,0.0341595043779263
0.6,0.1,0.7,0.2,0.5161024,49925,0.03636553463480445
0.9,0.1,0.8,0.2,0.5161149,49925,0.03565365949968921
0.6,0.1,0.6,0.3,0.516168,49925,0.03605107115638554
0.5,0.1,0.2,0.5,0.516222,49925,0.03446405473334195
0.2,0.1,0.9,0.2,0.5162617,49925,0.03544524820795568
0.6,0.2,0.2,0.8,0.5162619,49925,0.03438091007096876
0.3,0.1,0.1,0.4,0.5162619,49925,0.03438091007096876
0.4,0.1,0.4,0.7,0.5162642,49925,0.034321629651334236
0.2,0.1,0.6,0.6,0.51626545,49925,0.03422362080540216
0.3,0.1,0.4,0.7,0.5162864,49925,0.03411065636026623
0.8,0.1,0.1,0.4,0.5162878,49925,0.031673779982255894
0.4,0.1,0.4,0.8,0.51628965,49925,0.033812311746488424
0.9,0.2,0.3,0.8,0.5163131,49925,0.03466276363078787
0.8,0.1,0.7,0.3,0.51632476,49925,0.03561777116739565
0.9,0.2,0.1,0.6,0.51633495,49925,0.03269887768289455
0.8,0.2,0.1,0.7,0.51633555,49925,0.032686387712934854
0.8,0.1,0.3,0.6,0.5163415,49925,0.03392611413825601
0.1,0.1,0.9,0.6,0.5163733,49925,0.03233557043717676
0.3,0.1,0.7,0.3,0.5164359,49925,0.036140236232653514
0.3,0.1,0.6,0.4,0.51644343,49925,0.03578191987274976
0.3,0.1,0.8,0.2,0.5164459,49925,0.03633498076237659
0.9,0.1,0.9,0.1,0.51645017,49925,0.03586921059043041
0.7,0.2,0.1,0.9,0.5165082,49925,0.03220934148994326
0.6,0.1,0.3,0.7,0.5165464,49925,0.03399412033405918
0.6,0.1,0.5,0.5,0.51655996,49925,0.03524076235281125
0.9,0.1,0.2,0.4,0.5165616,49925,0.03316010653454964
0.4,0.1,0.8,0.2,0.51656747,49925,0.03642971346275397
0.7,0.1,0.1,0.3,0.5165918,49925,0.03260449479608065
0.3,0.1,0.9,0.1,0.5166126,49925,0.03640498555303677
0.8,0.1,0.7,0.4,0.51663256,49925,0.03533601715224217
0.9,0.2,0.1,0.9,0.51665235,49925,0.03172906178824017
0.2,0.1,0.7,0.4,0.51667786,49925,0.03513965206220152
0.6,0.2,0.2,0.9,0.5167187,49925,0.03389407458855932
0.9,0.2,0.2,0.7,0.5167224,49925,0.0339783625179905
0.9,0.1,0.5,0.6,0.5167632,49925,0.03438231399937483
0.8,0.2,0.1,0.8,0.51676565,49925,0.03232947251702351
0.4,0.1,0.5,0.5,0.5167693,49925,0.03540663658660349
0.5,0.1,0.4,0.7,0.5167704,49925,0.0343618594551287
0.2,0.1,0.8,0.3,0.51680946,49925,0.0353763145434025
0.4,0.1,0.9,0.1,0.5168488,49925,0.03657274235646299
0.9,0.2,0.1,0.8,0.51684886,49925,0.03204253577130952
0.1,0.1,0.8,0.7,0.5168835,49925,0.032101181089346585
0.8,0.2,0.3,0.9,0.5169005,49925,0.03451838447507637
0.4,0.1,0.6,0.4,0.5169131,49925,0.03587220415703922
0.8,0.1,0.9,0.1,0.5169183,49925,0.03608740262957728
0.8,0.1,0.4,0.7,0.5169291,49925,0.03405941684072009
0.6,0.1,0.9,0.1,0.5169427,49925,0.036412044028572836
0.9,0.1,0.7,0.4,0.5169626,49925,0.035140018523130735
0.8,0.2,0.1,0.9,0.5169713,49925,0.03197397055029215
0.9,0.2,0.1,0.7,0.5170026,49925,0.032363305824032185
0.3,0.1,0.2,0.8,0.51701117,49925,0.03273322376713554
0.4,0.1,0.3,0.9,0.51701665,49925,0.03305226975111527
0.7,0.1,0.7,0.3,0.5170471,49925,0.03582713425337544
0.7,0.2,0.2,0.8,0.51704735,49925,0.034152654875131985
0.9,0.1,0.1,0.4,0.5170871,49925,0.03119638916698891
0.8,0.2,0.2,0.8,0.51709485,49925,0.03388587311644424
0.4,0.1,0.1,0.4,0.51709485,49925,0.03388587311644424
0.6,0.1,0.4,0.8,0.5171377,49925,0.03391912032655125
0.6,0.1,0.2,0.5,0.51715994,49925,0.034090115096075777
0.6,0.1,0.6,0.4,0.517164,49925,0.0356675855509444
0.9,0.2,0.2,0.8,0.51716846,49925,0.03359350811846413
0.3,0.1,0.1,0.5,0.5171726,49925,0.03342654318874584
0.5,0.1,0.4,0.8,0.5171876,49925,0.0339282167105104
0.7,0.1,0.1,0.4,0.517218,49925,0.03219594481480475
0.9,0.1,0.9,0.2,0.5172223,49925,0.035659871271947044
0.9,0.1,0.4,0.7,0.5172368,49925,0.03388436193454032
0.8,0.2,0.2,0.7,0.51728505,49925,0.03428421114646224
0.5,0.1,0.3,0.8,0.5172954,49925,0.033592560113859964
0.9,0.1,0.3,0.6,0.5173314,49925,0.03362629468884029
0.1,0.1,0.8,0.8,0.51733494,49925,0.03163813763767738
0.2,0.1,0.5,0.8,0.51735157,49925,0.033114116221770455
0.9,0.1,0.6,0.5,0.5173699,49925,0.034797912786904986
0.2,0.1,0.7,0.5,0.5173814,49925,0.03462548485039674
0.5,0.1,0.9,0.1,0.5173867,49925,0.03656218117960177
0.6,0.1,0.8,0.2,0.51738757,49925,0.036271800208323435
0.7,0.2,0.2,0.9,0.51739675,49925,0.03372015378757791
0.9,0.1,0.8,0.3,0.5174068,49925,0.03542645872216266
0.6,0.1,0.1,0.4,0.51741475,49925,0.03276583751104334
0.7,0.1,0.9,0.1,0.5174281,49925,0.036282153604562016
0.1,0.1,0.9,0.7,0.51743037,49925,0.03191739183309059
0.8,0.1,0.6,0.5,0.5174389,49925,0.03497977852600214
0.4,0.1,0.9,0.2,0.5174545,49925,0.03622661136393963
0.8,0.1,0.5,0.6,0.51746124,49925,0.03457182007833743
0.4,0.1,0.5,0.6,0.51748127,49925,0.0348972117915097
0.7,0.1,0.8,0.2,0.51748663,49925,0.03608207266340328
0.5,0.1,0.6,0.4,0.517496,49925,0.035815333996944025
0.5,0.1,0.2,0.6,0.5175039,49925,0.03385894169086133
0.5,0.1,0.1,0.4,0.51757264,49925,0.0333310380964078
0.9,0.1,0.1,0.5,0.5175871,49925,0.030950617564176608
0.3,0.1,0.4,0.8,0.51759666,49925,0.03356145037303284
0.3,0.1,0.5,0.6,0.51760364,49925,0.03474047646558506
0.7,0.1,0.3,0.7,0.5176139,49925,0.033774846178304764
0.8,0.1,0.8,0.3,0.5176445,49925,0.03563875733311189
0.3,0.1,0.6,0.5,0.51766515,49925,0.03524813777452053
0.4,0.1,0.7,0.3,0.51773655,49925,0.036215195845176844
0.7,0.1,0.5,0.6,0.51775897,49925,0.03472130468925764
0.5,0.1,0.7,0.3,0.5177713,49925,0.036174746834560116
0.3,0.1,0.1,0.6,0.5177834,49925,0.03257999434944389
0.7,0.1,0.6,0.5,0.51780695,49925,0.035160318553864194
0.7,0.1,0.4,0.8,0.5178288,49925,0.03383145271145858
0.3,0.1,0.4,0.9,0.5178371,49925,0.03302875498320518
0.8,0.2,0.2,0.9,0.5178384,49925,0.033492681938914706
0.5,0.1,0.5,0.6,0.5178429,49925,0.03490870713327061
0.5,0.1,0.8,0.2,0.517866,49925,0.03639286644095547
0.6,0.1,0.1,0.5,0.5178725,49925,0.03226247257419154
0.7,0.1,0.1,0.5,0.5178883,49925,0.03179822990123394
0.9,0.2,0.2,0.9,0.51793265,49925,0.033259133315810874
0.9,0.1,0.2,0.5,0.51795316,49925,0.032825769836451614
0.7,0.1,0.2,0.5,0.51795316,49925,0.03366247436977491
0.2,0.1,0.9,0.3,0.51797396,49925,0.035050871601023416
0.9,0.1,0.8,0.4,0.5179754,49925,0.035209730491096346
0.1,0.1,0.8,0.9,0.5179996,49925,0.031212403257010694
0.8,0.1,0.2,0.5,0.51801777,49925,0.033229089157692064
0.9,0.1,0.5,0.7,0.5181044,49925,0.034128458475251054
0.4,0.1,0.2,0.7,0.5181056,49925,0.03342589392301331
0.6,0.1,0.5,0.6,0.5181192,49925,0.03484668247249622
0.3,0.1,0.8,0.3,0.5181221,49925,0.03589025243266055
0.7,0.1,0.9,0.2,0.518144,49925,0.03601902040610986
0.5,0.1,0.4,0.9,0.5181481,49925,0.03348960221613969
0.8,0.1,0.5,0.7,0.5181532,49925,0.03425676156377581
0.3,0.1,0.9,0.2,0.5181583,49925,0.036030880488156766
0.7,0.1,0.5,0.7,0.5181664,49925,0.03437572338344569
0.8,0.1,0.1,0.5,0.51818097,49925,0.031356388279782044
0.6,0.1,0.4,0.9,0.5181818,49925,0.03352985661057892
0.6,0.1,0.6,0.5,0.51818776,49925,0.03529113805564643
0.4,0.1,0.4,0.9,0.51818836,49925,0.03334494289893024
0.1,0.1,0.9,0.8,0.51821893,49925,0.031514713972733005
0.6,0.1,0.7,0.3,0.51821935,49925,0.036025733548123356
0.2,0.1,0.7,0.6,0.5182269,49925,0.03411005616064917
0.5,0.1,0.9,0.2,0.5182442,49925,0.03624038237317996
0.5,0.1,0.7,0.4,0.51828,49925,0.03576705412949247
0.3,0.1,0.1,0.7,0.5183041,49925,0.031800595662667915
0.9,0.1,0.1,0.6,0.51835847,49925,0.030667799340639495
0.9,0.2,0.3,0.9,0.5183789,49925,0.03429253850640803
0.4,0.1,0.5,0.7,0.518411,49925,0.03442460928798363
0.3,0.1,0.7,0.4,0.5184174,49925,0.035623247094057175
0.9,0.1,0.9,0.3,0.518429,49925,0.035459876392396915
0.9,0.1,0.7,0.5,0.5184366,49925,0.03488704489650924
0.5,0.1,0.1,0.5,0.51843864,49925,0.03270210838122066
0.1,0.1,0.9,0.9,0.51847553,49925,0.0311317264801958
0.4,0.1,0.6,0.5,0.51848066,49925,0.03538166415787288
0.2,0.1,0.5,0.9,0.5184891,49925,0.03257990021460796
0.8,0.1,0.9,0.2,0.5185046,49925,0.035844807242129816
0.2,0.1,0.6,0.7,0.5185092,49925,0.033665653254780534
0.8,0.1,0.8,0.4,0.5185428,49925,0.03535780485951214
0.4,0.1,0.7,0.4,0.51856405,49925,0.03577562382338937
0.7,0.1,0.8,0.3,0.5185645,49925,0.0358065908859942
0.8,0.1,0.9,0.3,0.5185718,49925,0.0356108615481712
0.8,0.1,0.3,0.7,0.51859343,49925,0.033546694611494086
0.4,0.1,0.8,0.3,0.51862,49925,0.03606015251865357
0.5,0.1,0.5,0.8,0.5186346,49925,0.03406766678179377
0.7,0.1,0.7,0.4,0.5186378,49925,0.03550419717542106
0.3,0.1,0.5,0.7,0.51865584,49925,0.034211877523119015
0.3,0.1,0.2,0.9,0.51866174,49925,0.03208391537797908
0.2,0.1,0.8,0.4,0.51867706,49925,0.034894515284643206
0.5,0.1,0.6,0.5,0.518731,49925,0.03538081896404704
0.8,0.1,0.7,0.5,0.5187421,49925,0.03505434822970099
0.6,0.1,0.3,0.8,0.51876086,49925,0.03353229630256911
0.9,0.1,0.6,0.6,0.5187736,49925,0.03452570885932034
0.3,0.1,0.1,0.8,0.5187777,49925,0.031105496846754115
0.5,0.1,0.5,0.7,0.51880884,49925,0.03447055545914185
0.4,0.1,0.1,0.5,0.51882434,49925,0.033120880408488665
0.3,0.1,0.5,0.8,0.5188848,49925,0.0336838672719359
0.9,0.1,0.9,0.4,0.5188922,49925,0.03523264773747974
0.4,0.1,0.2,0.8,0.51889354,49925,0.03280961783651339
0.5,0.1,0.3,0.9,0.5188936,49925,0.03313086457351854
0.4,0.1,0.1,0.6,0.5188949,49925,0.0324076988242254
0.8,0.1,0.4,0.8,0.51892734,49925,0.0337243565494072
0.9,0.1,0.4,0.8,0.5189304,49925,0.03357857521388398
0.3,0.1,0.1,0.9,0.5189468,49925,0.030458371208509978
0.9,0.1,0.5,0.8,0.5190041,49925,0.033851715209518414
0.6,0.1,0.5,0.7,0.51902574,49925,0.034468970965593246
0.3,0.1,0.8,0.4,0.519035,49925,0.03543853836873389
0.6,0.1,0.1,0.6,0.5191068,49925,0.031770918201409294
0.9,0.1,0.1,0.7,0.5191091,49925,0.030388136169824154
0.7,0.1,0.1,0.6,0.51911503,49925,0.03139171802245729
0.8,0.1,0.1,0.6,0.5191196,49925,0.031027960430126376
0.3,0.1,0.6,0.6,0.5191812,49925,0.03473414020443274
0.3,0.1,0.7,0.5,0.51923156,49925,0.035138149049211746
0.6,0.1,0.6,0.6,0.5192675,49925,0.034926011322963656
0.4,0.1,0.5,0.8,0.51928014,49925,0.03396349449565513
0.3,0.1,0.9,0.3,0.51928234,49925,0.03562884732831069
0.8,0.1,0.5,0.8,0.5193158,49925,0.03396127004825662
0.4,0.1,0.9,0.3,0.51933604,49925,0.03587701621392737
0.9,0.1,0.3,0.7,0.51941013,49925,0.03327875728671174
0.4,0.1,0.8,0.4,0.5194168,49925,0.035664001616816106
0.5,0.1,0.6,0.6,0.5194594,49925,0.03495642570905201
0.2,0.1,0.8,0.5,0.51948863,49925,0.03442316117084011
0.6,0.1,0.8,0.3,0.5195022,49925,0.035947763052494995
0.5,0.1,0.1,0.6,0.51954025,49925,0.03211682236564267
0.7,0.1,0.3,0.8,0.5195531,49925,0.033367154009358926
0.7,0.1,0.7,0.5,0.5195683,49925,0.035179298104398765
0.9,0.1,0.8,0.5,0.5195715,49925,0.034959637842611066
0.7,0.1,0.2,0.6,0.51957315,49925,0.033204626248013284
0.6,0.1,0.7,0.4,0.5195814,49925,0.035672329527359624
0.8,0.1,0.6,0.6,0.51960796,49925,0.03468036263997993
0.5,0.1,0.2,0.7,0.51961595,49925,0.03327629269192494
0.3,0.1,0.5,0.9,0.51962805,49925,0.03319104150870882
0.6,0.1,0.9,0.2,0.51963127,49925,0.03615116480213879
0.9,0.1,0.6,0.7,0.51964366,49925,0.03426808545478622
0.4,0.1,0.6,0.6,0.51967967,49925,0.03492417797684993
0.2,0.1,0.7,0.7,0.5196798,49925,0.03360895886690388
0.4,0.1,0.1,0.7,0.51968616,49925,0.031745611056749654
0.2,0.1,0.6,0.8,0.5196883,49925,0.033144156060286034
0.7,0.1,0.9,0.3,0.51971763,49925,0.03577298615484477
0.2,0.1,0.8,0.6,0.5197255,49925,0.03395630399142512
0.7,0.1,0.6,0.6,0.51974064,49925,0.034816482332040016
0.6,0.1,0.5,0.8,0.51976556,49925,0.03409228446877373
0.5,0.1,0.8,0.3,0.51977795,49925,0.0360669246686143
0.6,0.1,0.5,0.9,0.51979256,49925,0.03373668055461078
0.3,0.1,0.6,0.7,0.519812,49925,0.034241842266648136
0.7,0.1,0.4,0.9,0.51983386,49925,0.03349528829958303
0.7,0.1,0.5,0.9,0.5198433,49925,0.03372830515900715
0.4,0.1,0.2,0.9,0.51990074,49925,0.03222867479140804
0.2,0.1,0.9,0.4,0.51990366,49925,0.03461076941247473
0.6,0.1,0.9,0.3,0.5199351,49925,0.03588413185737316
0.9,0.1,0.2,0.6,0.5199612,49925,0.03248896969359441
0.7,0.1,0.5,0.8,0.5199856,49925,0.034057217794260713
0.6,0.1,0.2,0.6,0.51999676,49925,0.033549500902040445
0.9,0.1,0.7,0.6,0.52000606,49925,0.03464092720419271
0.8,0.1,0.7,0.6,0.52002436,49925,0.03476110543465754
0.5,0.1,0.6,0.7,0.5200379,49925,0.034551928748175156
0.6,0.1,0.7,0.5,0.5200737,49925,0.03531978901129781
0.6,0.1,0.1,0.7,0.52012056,49925,0.031284640527836874
0.7,0.1,0.8,0.4,0.5201466,49925,0.03551913362853676
0.4,0.1,0.1,0.9,0.5201543,49925,0.030568708577450438
0.4,0.1,0.7,0.5,0.5201662,49925,0.03533997443334356
0.9,0.1,0.5,0.9,0.52018315,49925,0.03357847049273989
0.8,0.1,0.5,0.9,0.52021027,49925,0.033668154327529315
0.8,0.1,0.3,0.8,0.5202272,49925,0.03317683084436052
0.4,0.1,0.1,0.8,0.5202622,49925,0.031134097251455113
0.6,0.1,0.8,0.4,0.5202772,49925,0.03562934800653296
0.5,0.1,0.1,0.7,0.520282,49925,0.031545456958268554
0.5,0.1,0.9,0.3,0.52030295,49925,0.03591719794388054
0.4,0.1,0.6,0.7,0.5203349,49925,0.03446722506071599
0.7,0.1,0.1,0.7,0.52038836,49925,0.030991522685848833
0.7,0.1,0.7,0.6,0.5204258,49925,0.034884706285329435
0.4,0.1,0.5,0.9,0.5204321,49925,0.03350348864380913
0.8,0.1,0.9,0.4,0.5204372,49925,0.035363531803185425
0.8,0.1,0.4,0.9,0.52046984,49925,0.03340650783960303
0.8,0.1,0.2,0.6,0.5204776,49925,0.032839856914438435
0.8,0.1,0.6,0.7,0.5204817,49925,0.03439791724348251
0.5,0.1,0.8,0.4,0.52050906,49925,0.03570112428263376
0.8,0.1,0.1,0.7,0.5205237,49925,0.030684697588266138
0.7,0.1,0.1,0.8,0.52054197,49925,0.03060576952245583
0.8,0.1,0.8,0.5,0.5205511,49925,0.03508621369655929
0.6,0.1,0.3,0.9,0.52057594,49925,0.03308902961086132
0.5,0.1,0.5,0.9,0.52058184,49925,0.033668519293796814
0.3,0.1,0.6,0.8,0.52060777,49925,0.033756023033286654
0.2,0.1,0.8,0.7,0.5206331,49925,0.03350365679457101
0.6,0.1,0.6,0.7,0.5206495,49925,0.03454700832014013
0.6,0.1,0.7,0.6,0.5206633,49925,0.03497131623637012
0.9,0.1,0.4,0.9,0.5206662,49925,0.033284521227193234
0.3,0.1,0.8,0.5,0.5207117,49925,0.03500487610432748
0.5,0.1,0.7,0.5,0.520735,49925,0.03537502921031908
0.9,0.1,0.9,0.5,0.5207482,49925,0.03499441350730972
0.2,0.1,0.6,0.9,0.5207677,49925,0.03266424461977032
0.3,0.1,0.9,0.4,0.520817,49925,0.035238897909108065
0.3,0.1,0.7,0.7,0.5208666,49925,0.03421425583341822
0.3,0.1,0.7,0.6,0.52090853,49925,0.03467399886479519
0.9,0.1,0.8,0.6,0.5209147,49925,0.03470066617031746
0.5,0.1,0.2,0.8,0.52097255,49925,0.03273183334507125
0.9,0.1,0.1,0.8,0.5209729,49925,0.030081477835316534
0.7,0.1,0.8,0.5,0.5209731,49925,0.03521799946932456
0.9,0.1,0.6,0.8,0.52099055,49925,0.03401885958801941
0.6,0.1,0.1,0.8,0.5210181,49925,0.030827048987622178
0.7,0.1,0.9,0.4,0.5210861,49925,0.03549738794661518
0.6,0.1,0.9,0.4,0.52111876,49925,0.03558562935544893
0.2,0.1,0.7,0.8,0.521134,49925,0.03312756955429976
0.5,0.1,0.1,0.8,0.52113545,49925,0.031006239783928313
0.6,0.1,0.2,0.7,0.5211994,49925,0.03303804839729374
0.4,0.1,0.9,0.4,0.521202,49925,0.035507079278936454
0.5,0.1,0.1,0.9,0.52122563,49925,0.03050718416101643
0.6,0.1,0.1,0.9,0.52132165,49925,0.030392427061243104
0.7,0.1,0.3,0.9,0.52132285,49925,0.03297903672564013
0.4,0.1,0.6,0.8,0.5213252,49925,0.03403194662211489
0.6,0.1,0.6,0.8,0.5213294,49925,0.03420740668683571
0.7,0.1,0.2,0.7,0.52136946,49925,0.032763407038368435
0.9,0.1,0.3,0.8,0.5213714,49925,0.0329645518117626
0.5,0.1,0.9,0.4,0.5214071,49925,0.0355999389319372
0.9,0.1,0.7,0.7,0.52141887,49925,0.03439013635531189
0.6,0.1,0.8,0.5,0.52143574,49925,0.03531052632374603
0.8,0.1,0.6,0.8,0.5214686,49925,0.03410096432852824
0.8,0.1,0.3,0.9,0.5214724,49925,0.0328051415788111
0.5,0.1,0.2,0.9,0.5214928,49925,0.032205778715231954
0.3,0.1,0.6,0.9,0.52152663,49925,0.033289223731221104
0.5,0.1,0.8,0.5,0.5215307,49925,0.03532602317554191
0.7,0.1,0.1,0.9,0.52153623,49925,0.03021624191030263
0.4,0.1,0.7,0.6,0.52154267,49925,0.03491324278743714
0.2,0.1,0.9,0.5,0.5215485,49925,0.03419897699161342
0.9,0.1,0.6,0.9,0.5215763,49925,0.03375650285965211
0.7,0.1,0.6,0.7,0.52160025,49925,0.0344912405063872
0.8,0.1,0.1,0.8,0.5216053,49925,0.030337997635318765
0.5,0.1,0.6,0.8,0.5217281,49925,0.03416544093547199
0.8,0.1,0.2,0.7,0.5217302,49925,0.03245779325297207
0.2,0.1,0.8,0.8,0.52178246,49925,0.033062080272778224
0.3,0.1,0.8,0.6,0.52187335,49925,0.03457936414978054
0.5,0.1,0.7,0.6,0.5219149,49925,0.03497673694536486
0.2,0.1,0.7,0.9,0.52191645,49925,0.03267736633835019
0.9,0.1,0.2,0.7,0.5219254,49925,0.032143136752605724
0.8,0.1,0.7,0.7,0.521927,49925,0.03448115801682937
0.5,0.1,0.7,0.7,0.5219298,49925,0.03459676719307084
0.9,0.1,0.1,0.9,0.521934,49925,0.029794562486605683
0.2,0.1,0.9,0.6,0.52194047,49925,0.03378739348091598
0.4,0.1,0.8,0.5,0.52195513,49925,0.035251350812760186
0.6,0.1,0.7,0.7,0.52195954,49925,0.034616249293024606
0.8,0.1,0.8,0.6,0.5220376,49925,0.03482109876973119
0.4,0.1,0.9,0.5,0.5220766,49925,0.03512680762719733
0.7,0.1,0.6,0.8,0.52209526,49925,0.03418405847982118
0.8,0.1,0.9,0.5,0.5221255,49925,0.03512176982171715
0.8,0.1,0.6,0.9,0.52217966,49925,0.033806995488530764
0.3,0.1,0.9,0.5,0.5222304,49925,0.034849649053440734
0.7,0.1,0.7,0.7,0.5222602,49925,0.034572553901953865
0.4,0.1,0.7,0.7,0.5223532,49925,0.03449509515707773
0.3,0.1,0.7,0.8,0.5223707,49925,0.033774176641242486
0.5,0.1,0.7,0.8,0.5223897,49925,0.03421691877255447
0.4,0.1,0.6,0.9,0.52240425,49925,0.03359625002060007
0.6,0.1,0.6,0.9,0.52240425,49925,0.03385872922570885
0.5,0.1,0.9,0.5,0.5224409,49925,0.03525314202689509
0.7,0.1,0.8,0.6,0.52244216,49925,0.03492227256111813
0.2,0.1,0.8,0.9,0.5224671,49925,0.03264817775153351
0.5,0.1,0.6,0.9,0.52249396,49925,0.03377771177258981
0.7,0.1,0.6,0.9,0.52249515,49925,0.03386273204021548
0.6,0.1,0.2,0.8,0.5225184,49925,0.03255418813376344
0.8,0.1,0.1,0.9,0.5225634,49925,0.03001688042895661
0.2,0.1,0.9,0.7,0.52258897,49925,0.03338328976834949
0.7,0.1,0.9,0.5,0.52265555,49925,0.03521517442852725
0.9,0.1,0.9,0.6,0.52266073,49925,0.03475038830917462
0.6,0.1,0.9,0.5,0.5226798,49925,0.03526172119750011
0.9,0.1,0.8,0.7,0.5227314,49925,0.0344644080512905
0.6,0.1,0.8,0.6,0.52275723,49925,0.03497624208986889
0.4,0.1,0.8,0.6,0.5227665,49925,0.034849768468014956
0.3,0.1,0.8,0.7,0.52284914,49925,0.034145775307887906
0.4,0.1,0.7,0.8,0.52287394,49925,0.034068659013459714
0.9,0.1,0.2,0.8,0.52292776,49925,0.031803261542831474
0.9,0.1,0.3,0.9,0.52293676,49925,0.0326199294456218
0.4,0.1,0.9,0.6,0.5230371,49925,0.03476206334730618
0.7,0.1,0.2,0.8,0.52305377,49925,0.03232554109668605
0.9,0.1,0.7,0.8,0.5230581,49925,0.03412304545265981
0.3,0.1,0.9,0.6,0.52307683,49925,0.03444641029616572
0.6,0.1,0.7,0.8,0.52318496,49925,0.034281371280576685
0.7,0.1,0.8,0.7,0.52323574,49925,0.03462843767734716
0.8,0.1,0.2,0.8,0.5232448,49925,0.03206544817692086
0.3,0.1,0.7,0.9,0.5232501,49925,0.03334180243759138
0.5,0.1,0.8,0.6,0.5232801,49925,0.03495124178143434
0.6,0.1,0.2,0.9,0.52329725,49925,0.03208717305525462
0.2,0.1,0.9,0.9,0.52334493,49925,0.032599840744570396
0.2,0.1,0.9,0.8,0.5233816,49925,0.032976914336583014
0.9,0.1,0.7,0.9,0.5234276,49925,0.03388260340597989
0.7,0.1,0.7,0.8,0.52352124,49925,0.03426651163915422
0.5,0.1,0.7,0.9,0.52358556,49925,0.033850805569564255
0.6,0.1,0.8,0.7,0.52363974,49925,0.03464459446034714
0.8,0.1,0.8,0.7,0.5236841,49925,0.03456158498313052
0.3,0.1,0.8,0.8,0.5237429,49925,0.033734409236808906
0.9,0.1,0.2,0.9,0.5237509,49925,0.03147554492318727
0.5,0.1,0.9,0.6,0.5237621,49925,0.034925573865675165
0.8,0.1,0.7,0.8,0.52377295,49925,0.03420901384571469
0.4,0.1,0.8,0.7,0.52377474,49925,0.0344606310878451
0.4,0.1,0.7,0.9,0.5237935,49925,0.03367762281430316
0.8,0.1,0.9,0.6,0.52382535,49925,0.0348564582392025
0.6,0.1,0.7,0.9,0.52384585,49925,0.03394387320059419
0.8,0.1,0.7,0.9,0.52402246,49925,0.0339445173568892
0.5,0.1,0.8,0.7,0.5241173,49925,0.03460224042735846
0.9,0.1,0.8,0.8,0.5241361,49925,0.03422354828714127
0.9,0.1,0.9,0.7,0.5241927,49925,0.034531398934075336
0.8,0.1,0.2,0.9,0.5242738,49925,0.03170308453013248
0.6,0.1,0.9,0.6,0.5242754,49925,0.03496566384116004
0.6,0.1,0.8,0.8,0.524285,49925,0.034318835815713426
0.7,0.1,0.2,0.9,0.5243192,49925,0.03189851740905571
0.7,0.1,0.8,0.8,0.5244161,49925,0.034337797290775456
0.3,0.1,0.8,0.9,0.5244268,49925,0.03333830215996365
0.7,0.1,0.7,0.9,0.52449346,49925,0.03396626547494462
0.5,0.1,0.9,0.7,0.524613,49925,0.03459459886397319
0.8,0.1,0.8,0.8,0.52465504,49925,0.03428429723197908
0.3,0.1,0.9,0.7,0.52465653,49925,0.03405660088427365
0.4,0.1,0.8,0.8,0.5246627,49925,0.03408107834226571
0.4,0.1,0.9,0.7,0.5247712,49925,0.03441452040067827
0.7,0.1,0.9,0.6,0.52485025,49925,0.03494478839931929
0.6,0.1,0.8,0.9,0.5249719,49925,0.034009245739867335
0.5,0.1,0.8,0.9,0.5249926,49925,0.03390693646948042
0.5,0.1,0.8,0.8,0.52507335,49925,0.03426148026130223
0.6,0.1,0.9,0.7,0.52519745,49925,0.0346490748204012
0.4,0.1,0.8,0.9,0.52523583,49925,0.033714118537945446
0.3,0.1,0.9,0.8,0.52535987,49925,0.03367593803363522
0.8,0.1,0.9,0.7,0.525437,49925,0.03460019625443767
0.7,0.1,0.9,0.7,0.5255238,49925,0.034669554077297667
0.7,0.1,0.9,0.8,0.52602595,49925,0.034381115178780404
0.9,0.1,0.8,0.9,0.52606857,49925,0.0339808256230961
0.4,0.1,0.9,0.8,0.5260943,49925,0.034068431905161456
0.7,0.1,0.8,0.9,0.5262278,49925,0.034040278704988595
0.6,0.1,0.9,0.8,0.52623874,49925,0.03435056835045398
0.9,0.1,0.9,0.8,0.526282,49925,0.0342875494876131
0.3,0.1,0.9,0.9,0.5262972,49925,0.03330255352222082
0.8,0.1,0.9,0.8,0.5263078,49925,0.03435136804862667
0.5,0.1,0.9,0.8,0.5263625,49925,0.034264806330486265
0.8,0.1,0.8,0.9,0.5265072,49925,0.034027192466226486
0.8,0.1,0.9,0.9,0.5269767,49925,0.03410380090362078
0.4,0.1,0.9,0.9,0.52705055,49925,0.033718338640856285
0.6,0.1,0.9,0.9,0.5271477,49925,0.03404519331295483
0.5,0.1,0.9,0.9,0.5272566,49925,0.033938784137527454
0.7,0.1,0.9,0.9,0.5273505,49925,0.034098999962828884
0.9,0.1,0.9,0.9,0.5273528,49925,0.03406113829243
