w1,w2,w3,w4,score,n_selected,threshold
0.1,0.9,0.1,0.1,0.30655518,49925,0.03357475169279883
0.2,0.9,0.1,0.1,0.30690736,49925,0.0326281677760367
0.3,0.9,0.1,0.1,0.30705845,49925,0.03179095154988798
0.4,0.9,0.1,0.1,0.3073817,49925,0.031027964242000067
0.5,0.9,0.1,0.1,0.3077762,49925,0.03033831223279922
0.6,0.9,0.1,0.1,0.3080867,49925,0.029695624511884
0.7,0.9,0.1,0.1,0.3083672,49925,0.02911529496124525
0.8,0.9,0.1,0.1,0.30870354,49925,0.028566169862493374
0.9,0.9,0.1,0.1,0.3088486,49925,0.02805503079295192
0.4,0.8,0.1,0.1,0.31172746,49925,0.03131154496167477
0.3,0.8,0.1,0.1,0.3117989,49925,0.0321548094995039
0.5,0.8,0.1,0.1,0.3120163,49925,0.030533220914070066
0.6,0.8,0.1,0.1,0.31209797,49925,0.02982396305167362
0.1,0.8,0.1,0.1,0.31213996,49925,0.034131930867809905
0.2,0.8,0.1,0.1,0.31215304,49925,0.033095006337029366
0.7,0.8,0.1,0.1,0.31236547,49925,0.029186097828418987
0.9,0.8,0.1,0.1,0.31250587,49925,0.028050624923706406
0.8,0.8,0.1,0.1,0.31253755,49925,0.028600510722579877
0.1,0.9,0.1,0.2,0.31331027,49925,0.033305337046926634
0.2,0.9,0.1,0.2,0.31351396,49925,0.03245923256591913
0.3,0.9,0.1,0.2,0.3140326,49925,0.0316784086627231
0.4,0.9,0.1,0.2,0.3140384,49925,0.030959686824314693
0.5,0.9,0.1,0.2,0.31423873,49925,0.03030208389897878
0.6,0.9,0.1,0.2,0.31432787,49925,0.029695755523317498
0.7,0.9,0.1,0.2,0.31439844,49925,0.029141981562172913
0.9,0.9,0.1,0.2,0.31458107,49925,0.02812965498649716
0.8,0.9,0.1,0.2,0.31464693,49925,0.028625755770018333
0.7,0.7,0.1,0.1,0.316894,49925,0.029262672730464723
0.6,0.7,0.1,0.1,0.31703973,49925,0.029965813672797825
0.9,0.7,0.1,0.1,0.31711555,49925,0.028025205868662265
0.8,0.7,0.1,0.1,0.31715545,49925,0.02862019068043243
0.5,0.7,0.1,0.1,0.3173928,49925,0.03073648468743118
0.4,0.7,0.1,0.1,0.31755024,49925,0.03159278882069985
0.3,0.7,0.1,0.1,0.3175878,49925,0.03252872385228976
0.4,0.8,0.1,0.2,0.31778806,49925,0.031120270619537982
0.3,0.8,0.1,0.2,0.3178593,49925,0.03189367156677451
0.1,0.8,0.1,0.2,0.31788212,49925,0.03371385333131154
0.2,0.8,0.1,0.2,0.31792924,49925,0.032763383408605094
0.1,0.7,0.1,0.1,0.31799266,49925,0.034736356189084674
0.2,0.7,0.1,0.1,0.31804654,49925,0.0335781594435813
0.5,0.8,0.1,0.2,0.3180734,49925,0.030404074231067973
0.6,0.8,0.1,0.2,0.3181535,49925,0.029749287867752123
0.9,0.8,0.1,0.2,0.3182237,49925,0.028084330485853345
0.8,0.8,0.1,0.2,0.3183233,49925,0.02859825738233839
0.7,0.8,0.1,0.2,0.31834415,49925,0.029143588785128956
0.1,0.9,0.1,0.3,0.3184357,49925,0.032926356223721996
0.2,0.9,0.1,0.3,0.3184738,49925,0.032139007160093186
0.3,0.9,0.1,0.3,0.31870243,49925,0.03141780039809103
0.4,0.9,0.1,0.3,0.31876913,49925,0.03075297712306267
0.5,0.9,0.1,0.3,0.31890333,49925,0.030145366428769627
0.6,0.9,0.1,0.3,0.31897452,49925,0.029572970150493944
0.7,0.9,0.1,0.3,0.3190961,49925,0.029042272304504485
0.8,0.9,0.1,0.3,0.3192863,49925,0.02855531549745016
0.9,0.9,0.1,0.3,0.31938013,49925,0.028100232355143945
0.9,0.7,0.1,0.2,0.3218747,49925,0.02799852756020723
0.8,0.7,0.1,0.2,0.32191005,49925,0.028549563409517816
0.7,0.7,0.1,0.2,0.3219586,49925,0.02913760445519548
0.8,0.8,0.1,0.3,0.32204795,49925,0.02847823937523002
0.6,0.7,0.1,0.2,0.32215613,49925,0.029789119926317453
0.6,0.8,0.1,0.3,0.3222002,49925,0.029562443375153555
0.7,0.8,0.1,0.3,0.3222711,49925,0.02900478637082571
0.9,0.8,0.1,0.3,0.32228175,49925,0.02800471221692879
0.1,0.8,0.1,0.3,0.3223342,49925,0.0331894650939827
0.5,0.8,0.1,0.3,0.32233816,49925,0.030173419810523846
0.3,0.8,0.1,0.3,0.32237333,49925,0.0315525577416463
0.2,0.8,0.1,0.3,0.32237458,49925,0.03233299880667447
0.9,0.6,0.1,0.1,0.32245007,49925,0.027973175008692185
0.4,0.7,0.1,0.2,0.32248706,49925,0.0312687219411755
0.4,0.8,0.1,0.3,0.3225271,49925,0.030840751769199228
0.5,0.7,0.1,0.2,0.3225752,49925,0.030501123667114508
0.3,0.7,0.1,0.2,0.3226058,49925,0.032121629064622445
0.8,0.6,0.1,0.1,0.32261753,49925,0.02860735089630538
0.7,0.9,0.1,0.4,0.3227678,49925,0.028912034814557973
0.8,0.9,0.1,0.4,0.32277948,49925,0.028448710826729926
0.4,0.9,0.1,0.4,0.32281485,49925,0.03050360310740569
0.3,0.9,0.1,0.4,0.32284278,49925,0.03112344370046188
0.7,0.6,0.1,0.1,0.32285362,49925,0.029294287418746703
0.6,0.9,0.1,0.4,0.3228561,49925,0.029397295337241093
0.2,0.9,0.1,0.4,0.32288456,49925,0.031803338673062904
0.9,0.9,0.1,0.4,0.32290196,49925,0.028011335452933408
0.5,0.9,0.1,0.4,0.32294554,49925,0.029940149839209028
0.1,0.9,0.1,0.4,0.3229757,49925,0.03252643598529517
0.2,0.7,0.1,0.2,0.32298604,49925,0.033080052040269724
0.6,0.6,0.1,0.1,0.32315072,49925,0.030046829003363654
0.1,0.7,0.1,0.2,0.32318377,49925,0.034121276285768415
0.5,0.6,0.1,0.1,0.32357258,49925,0.03088375546485602
0.4,0.6,0.1,0.1,0.32364887,49925,0.03183006411356101
0.3,0.6,0.1,0.1,0.3238287,49925,0.03287194896195564
0.2,0.6,0.1,0.1,0.3244947,49925,0.034072371345065786
0.1,0.6,0.1,0.1,0.32497513,49925,0.03541646732646991
0.8,0.8,0.1,0.4,0.32599157,49925,0.028350066055787913
0.9,0.8,0.1,0.4,0.32600173,49925,0.02789186952167878
0.6,0.8,0.1,0.4,0.32604793,49925,0.02936192006277115
0.7,0.8,0.1,0.4,0.32605287,49925,0.028834391395044956
0.5,0.9,0.1,0.5,0.32609212,49925,0.029718747118707933
0.9,0.7,0.1,0.3,0.32609266,49925,0.02788790247738926
0.8,0.7,0.1,0.3,0.32614437,49925,0.028396265357827848
0.5,0.8,0.1,0.4,0.32618484,49925,0.029930228452483863
0.3,0.9,0.1,0.5,0.32624352,49925,0.03081015821054507
0.7,0.7,0.1,0.3,0.32625028,49925,0.028944906141229194
0.4,0.8,0.1,0.4,0.3262604,49925,0.030537121493979354
0.2,0.9,0.1,0.5,0.32627842,49925,0.03141653091062763
0.4,0.9,0.1,0.5,0.32629853,49925,0.030252721926016427
0.6,0.9,0.1,0.5,0.3263399,49925,0.029212397547243384
0.9,0.9,0.1,0.5,0.32636127,49925,0.027907720405029517
0.6,0.7,0.1,0.3,0.32638186,49925,0.029531686555350305
0.8,0.9,0.1,0.5,0.3263869,49925,0.028317503956262886
0.4,0.7,0.1,0.3,0.3263936,49925,0.03088946110347317
0.7,0.9,0.1,0.5,0.32640588,49925,0.02875114378066865
0.5,0.7,0.1,0.3,0.32641912,49925,0.030175274863992914
0.3,0.8,0.1,0.4,0.32644892,49925,0.031192962276009532
0.1,0.9,0.1,0.5,0.32647076,49925,0.0320828495224108
0.1,0.8,0.1,0.4,0.3266651,49925,0.03267229374056497
0.2,0.8,0.1,0.4,0.32666585,49925,0.031897221941985625
0.3,0.7,0.1,0.3,0.32676917,49925,0.0316604981388087
0.9,0.6,0.1,0.2,0.32681197,49925,0.027884991575721663
0.8,0.6,0.1,0.2,0.32710254,49925,0.028463898438789898
0.2,0.7,0.1,0.3,0.32720795,49925,0.03251524235305757
0.7,0.6,0.1,0.2,0.32721144,49925,0.029100326089156886
0.6,0.6,0.1,0.2,0.3273447,49925,0.02979186796772045
0.1,0.7,0.1,0.3,0.3274029,49925,0.0334583854773945
0.5,0.6,0.1,0.2,0.32796496,49925,0.03054190101335782
0.4,0.6,0.1,0.2,0.3281136,49925,0.03137678050464476
0.3,0.6,0.1,0.2,0.32836857,49925,0.03229676303523572
0.9,0.5,0.1,0.1,0.32881263,49925,0.027849649260240365
0.2,0.6,0.1,0.2,0.3288442,49925,0.033337984179274284
0.8,0.5,0.1,0.1,0.32900566,49925,0.028503713781274555
0.1,0.6,0.1,0.2,0.32911602,49925,0.03449790922992551
0.1,0.9,0.2,0.1,0.32924393,49926,0.037774182327489574
0.7,0.5,0.1,0.1,0.32935545,49925,0.029233563655107056
0.9,0.8,0.1,0.5,0.3293741,49925,0.027758568042644996
0.9,0.9,0.1,0.6,0.32940567,49925,0.027766004027634263
0.8,0.9,0.1,0.6,0.3294781,49925,0.028156024686677404
0.8,0.8,0.1,0.5,0.32948583,49925,0.028187099623570973
0.4,0.9,0.1,0.6,0.32955027,49925,0.029968861147358458
0.7,0.8,0.1,0.5,0.32955766,49925,0.028641931592507507
0.3,0.9,0.1,0.6,0.3295763,49925,0.030506811776221915
0.6,0.9,0.1,0.6,0.32958898,49925,0.029006488315150594
0.2,0.9,0.2,0.1,0.32959494,49925,0.03677995413162524
0.2,0.9,0.1,0.6,0.32960564,49925,0.031068400656769534
0.7,0.9,0.1,0.6,0.32962584,49925,0.028569835625594155
0.6,0.8,0.1,0.5,0.32962936,49925,0.029126679049877847
0.1,0.9,0.1,0.6,0.32965094,49925,0.03167815054618239
0.9,0.7,0.1,0.4,0.3296836,49925,0.02775172946247838
0.5,0.9,0.1,0.6,0.32973972,49925,0.0294701825641648
0.8,0.7,0.1,0.4,0.3297855,49925,0.028234603460245356
0.5,0.8,0.1,0.5,0.32981503,49925,0.029657641284735473
0.6,0.5,0.1,0.1,0.32986116,49925,0.030038888588203153
0.7,0.7,0.1,0.4,0.33001631,49925,0.028731859503279028
0.4,0.8,0.1,0.5,0.33006543,49925,0.030210552617967314
0.3,0.8,0.1,0.5,0.33010492,49925,0.03081546636414445
0.2,0.8,0.1,0.5,0.33012128,49925,0.031467349496401176
0.1,0.8,0.2,0.1,0.33012736,49925,0.037797335943830064
0.5,0.5,0.1,0.1,0.3302343,49925,0.030943618042083204
0.6,0.7,0.1,0.4,0.33023703,49925,0.02928746732874421
0.1,0.5,0.1,0.1,0.33031046,49925,0.03597559697823254
0.3,0.9,0.2,0.1,0.3303523,49925,0.035877462750084174
0.1,0.8,0.1,0.5,0.33041877,49925,0.03217169916757446
0.5,0.7,0.1,0.4,0.3305462,49925,0.029877326190483753
0.4,0.5,0.1,0.1,0.33054864,49925,0.031965412686058944
0.3,0.5,0.1,0.1,0.33067742,49925,0.03311998520061515
0.2,0.8,0.2,0.1,0.33080488,49925,0.03673320248848468
0.2,0.5,0.1,0.1,0.330836,49925,0.03446078425218823
0.4,0.9,0.2,0.1,0.33088028,49925,0.03502237600430161
0.4,0.7,0.1,0.4,0.33089817,49925,0.030512404924180912
0.9,0.6,0.1,0.3,0.33095738,49925,0.02772916272661633
0.3,0.7,0.1,0.4,0.33100063,49925,0.031213047978438924
0.1,0.7,0.2,0.1,0.33100414,49925,0.037691501501501426
0.5,0.9,0.2,0.1,0.3310444,49925,0.03424008794999399
0.8,0.6,0.1,0.3,0.33112252,49925,0.028253955012028598
0.2,0.7,0.1,0.4,0.33118343,49925,0.031968209197858824
0.6,0.9,0.2,0.1,0.3312808,49925,0.03353210518058734
0.1,0.9,0.3,0.1,0.33130673,49925,0.0383346238269868
0.7,0.6,0.1,0.3,0.33146918,49925,0.02882957893636189
0.7,0.9,0.2,0.1,0.33149722,49925,0.032877000422907025
0.9,0.9,0.2,0.1,0.33149973,49925,0.03167995137308093
0.1,0.7,0.1,0.4,0.33151,49925,0.03280512059047479
0.8,0.9,0.2,0.1,0.33157808,49925,0.03226089368151552
0.3,0.8,0.2,0.1,0.3316014,49925,0.03577450911601437
0.1,0.9,0.2,0.2,0.33161536,49925,0.036967393386223145
0.6,0.6,0.1,0.3,0.33166355,49925,0.02945284407781745
0.9,0.9,0.1,0.7,0.33181357,49925,0.02761933599674381
0.5,0.6,0.1,0.3,0.33188435,49925,0.030148326917710657
0.2,0.9,0.3,0.1,0.33189648,49925,0.03739979365124523
0.2,0.7,0.2,0.1,0.3319408,49925,0.03654904432158255
0.2,0.9,0.2,0.2,0.33196536,49925,0.03606927348583972
0.8,0.9,0.1,0.7,0.33202776,49925,0.027981361269316617
0.4,0.8,0.2,0.1,0.33202803,49925,0.03488340115126757
0.4,0.6,0.1,0.3,0.33217433,49925,0.03091039142955015
0.7,0.9,0.1,0.7,0.33223295,49925,0.028377794827584027
0.6,0.9,0.1,0.7,0.33225992,49925,0.02879990492988674
0.5,0.9,0.1,0.7,0.33226967,49925,0.029226944169300294
0.3,0.9,0.1,0.7,0.33230975,49925,0.030187545797840314
0.5,0.8,0.2,0.1,0.33238488,49925,0.034083014560212524
0.4,0.9,0.1,0.7,0.33242267,49925,0.029694367420550028
0.2,0.9,0.1,0.7,0.3324265,49925,0.030709938085669696
0.1,0.9,0.1,0.7,0.3325617,49925,0.0312635422044785
0.1,0.8,0.3,0.1,0.33256575,49925,0.03824911684156992
0.9,0.8,0.1,0.6,0.33259267,49925,0.02760241469598321
0.3,0.6,0.1,0.3,0.3326264,49925,0.031742182667433866
0.3,0.9,0.3,0.1,0.3326278,49925,0.036566402622221744
0.1,0.8,0.2,0.2,0.3326284,49925,0.03691768880523769
0.8,0.8,0.1,0.6,0.33263844,49925,0.02800139696614332
0.1,0.6,0.2,0.1,0.33265126,49925,0.037477184056342434
0.3,0.9,0.2,0.2,0.33265886,49925,0.035241913172686615
0.3,0.7,0.2,0.1,0.3327668,49925,0.035525743426652635
0.6,0.8,0.2,0.1,0.33276936,49925,0.03336458660398209
0.7,0.8,0.1,0.6,0.33279178,49925,0.028427789818906674
0.6,0.8,0.1,0.6,0.33283505,49925,0.028889702625465738
0.2,0.6,0.1,0.3,0.3328795,49925,0.032662324049778195
0.4,0.9,0.3,0.1,0.3329047,49925,0.03579738438760972
0.5,0.8,0.1,0.6,0.33296424,49925,0.029374867512646476
0.4,0.9,0.2,0.2,0.33299547,49925,0.034471062903051006
0.2,0.8,0.2,0.2,0.33315092,49925,0.03596214534624732
0.1,0.4,0.1,0.1,0.33315092,49925,0.03596214534624732
0.9,0.5,0.1,0.2,0.33315578,49925,0.027675066355832712
0.7,0.8,0.2,0.1,0.3331734,49925,0.032713914798593036
0.5,0.9,0.2,0.2,0.3332221,49925,0.0337612641983535
0.4,0.8,0.1,0.6,0.33323294,49925,0.029897912214698796
0.2,0.8,0.3,0.1,0.33324558,49925,0.037246223790663766
0.1,0.6,0.1,0.3,0.33327755,49925,0.033672776659551804
0.3,0.8,0.1,0.6,0.33330363,49925,0.030450241430136388
0.9,0.7,0.1,0.5,0.3333155,49925,0.027578064598046553
0.5,0.9,0.3,0.1,0.33332777,49925,0.03508860925978352
0.4,0.7,0.2,0.1,0.3333745,49925,0.03459490024742748
0.8,0.5,0.1,0.2,0.3334741,49925,0.028269611265042054
0.6,0.9,0.2,0.2,0.33349338,49925,0.03311306392354494
0.2,0.6,0.2,0.1,0.33352926,49925,0.036258654204268846
0.8,0.7,0.1,0.5,0.33353406,49925,0.028024040445845774
0.1,0.8,0.1,0.6,0.33357313,49925,0.03168360264631998
0.8,0.8,0.2,0.1,0.33362997,49925,0.032095853045274736
0.7,0.9,0.2,0.2,0.33366218,49925,0.03250550828864458
0.8,0.9,0.2,0.2,0.33368677,49925,0.03193501919995465
0.2,0.8,0.1,0.6,0.33370897,49925,0.031053418465259122
0.7,0.5,0.1,0.2,0.33373567,49925,0.028931952122044653
0.1,0.9,0.3,0.2,0.33382863,49925,0.037562777533560715
0.3,0.8,0.2,0.2,0.33383268,49925,0.03510847247726408
0.7,0.7,0.1,0.5,0.33384833,49925,0.02849769613147916
0.5,0.7,0.2,0.1,0.33387077,49925,0.03377002768308761
0.6,0.5,0.1,0.2,0.3339044,49925,0.029648979746509214
0.9,0.9,0.2,0.2,0.33391213,49925,0.0313917238701079
0.6,0.7,0.1,0.5,0.3339783,49925,0.029005339325980376
0.9,0.8,0.2,0.1,0.33400333,49925,0.03152799835248037
0.1,0.9,0.4,0.1,0.33401522,49925,0.03869953972730217
0.3,0.8,0.3,0.1,0.3340659,49925,0.03634521046909879
0.6,0.9,0.3,0.1,0.33406684,49925,0.03444864204119935
0.1,0.7,0.3,0.1,0.33419323,49925,0.03817450800146972
0.3,0.6,0.2,0.1,0.3342325,49925,0.03516552604143192
0.1,0.7,0.2,0.2,0.33425742,49925,0.0367643895814291
0.9,0.9,0.1,0.8,0.3342591,49925,0.02746215753075771
0.1,0.9,0.2,0.3,0.33427948,49925,0.03623026701225315
0.2,0.9,0.3,0.2,0.33430418,49925,0.03673541300953529
0.8,0.9,0.1,0.8,0.3343119,49925,0.027814203998726375
0.5,0.7,0.1,0.5,0.33439744,49925,0.02955255139838911
0.2,0.4,0.1,0.1,0.33441377,49925,0.034318843211128824
0.4,0.8,0.2,0.2,0.33441377,49925,0.034318843211128824
0.6,0.7,0.2,0.1,0.33443365,49925,0.03303717167438804
0.7,0.9,0.1,0.8,0.3344531,49925,0.028181223778268004
0.5,0.5,0.1,0.2,0.33448204,49925,0.03046419464734506
0.2,0.9,0.4,0.1,0.3345074,49925,0.03780316532969815
0.4,0.8,0.3,0.1,0.33453724,49925,0.03553012616642919
0.9,0.6,0.1,0.4,0.33456874,49925,0.027539626243345054
0.2,0.9,0.2,0.3,0.33458006,49925,0.035422122450209696
0.6,0.9,0.1,0.8,0.33459908,49925,0.028563894237865057
0.7,0.9,0.3,0.1,0.3346005,49925,0.03383861706807324
0.3,0.9,0.3,0.2,0.33461466,49925,0.035960364218700275
0.5,0.9,0.1,0.8,0.3347634,49925,0.028976233389111775
0.2,0.7,0.2,0.2,0.33485025,49925,0.03574943547349924
0.2,0.7,0.1,0.5,0.33485347,49925,0.03146301261741534
0.5,0.8,0.2,0.2,0.33486068,49925,0.033601517327912084
0.3,0.7,0.1,0.5,0.33486134,49925,0.03076993938984858
0.4,0.5,0.1,0.2,0.33486494,49925,0.03136667090211116
0.2,0.9,0.1,0.8,0.3348701,49925,0.030361043920770027
0.7,0.7,0.2,0.1,0.33487135,49925,0.03236812425648169
0.8,0.6,0.1,0.4,0.33490443,49925,0.028027445905353415
0.5,0.8,0.3,0.1,0.3349111,49925,0.03480048515251301
0.4,0.9,0.1,0.8,0.33491462,49925,0.029411243096774297
0.4,0.7,0.1,0.5,0.33491588,49925,0.03014502997963713
0.2,0.7,0.3,0.1,0.33493584,49925,0.03709976652132034
0.8,0.9,0.3,0.1,0.33494058,49925,0.03326295669599349
0.3,0.9,0.1,0.8,0.33498356,49925,0.02987111541010075
0.4,0.6,0.2,0.1,0.3349956,49925,0.03420542820797167
0.1,0.5,0.2,0.1,0.33500284,49925,0.03727648590491893
0.3,0.9,0.2,0.3,0.33500597,49925,0.03467573103818835
0.3,0.9,0.4,0.1,0.33502284,49925,0.036998665442427005
0.4,0.9,0.3,0.2,0.3350445,49925,0.03524857257849397
0.3,0.5,0.1,0.2,0.335055,49925,0.03237739269515098
0.1,0.9,0.1,0.8,0.33507285,49925,0.030870911756311518
0.6,0.8,0.2,0.2,0.3350797,49925,0.032936494755275283
0.3,0.4,0.1,0.1,0.3350797,49925,0.032936494755275283
0.1,0.5,0.1,0.2,0.3350879,49925,0.03481736450857225
0.2,0.5,0.1,0.2,0.335104,49925,0.033516782879946534
0.1,0.7,0.1,0.5,0.33523512,49925,0.032215410596649174
0.9,0.8,0.1,0.7,0.3352357,49925,0.027423057352333788
0.9,0.9,0.3,0.1,0.33524635,49925,0.032739545550579306
0.7,0.6,0.1,0.4,0.33528006,49925,0.028556066987367394
0.1,0.8,0.3,0.2,0.33530384,49925,0.03744761777120555
0.8,0.8,0.1,0.7,0.3353392,49925,0.027794413284687746
0.4,0.9,0.2,0.3,0.33536202,49925,0.033978046637485014
0.6,0.8,0.3,0.1,0.33538625,49925,0.03412228221892323
0.4,0.9,0.4,0.1,0.3353875,49925,0.036254629812938956
0.8,0.7,0.2,0.1,0.33547872,49925,0.03175725990116843
0.3,0.7,0.2,0.2,0.335539,49925,0.03483794265980562
0.6,0.6,0.1,0.4,0.33554897,49925,0.02912011386656919
0.5,0.9,0.3,0.2,0.33556223,49925,0.0345739501697165
0.5,0.9,0.2,0.3,0.3355744,49925,0.033321448526750314
0.3,0.7,0.3,0.1,0.33559027,49925,0.036139384318297225
0.7,0.8,0.1,0.7,0.33560294,49925,0.02821253423928729
0.5,0.6,0.2,0.1,0.33561167,49925,0.03333513018337254
0.7,0.8,0.2,0.2,0.33565107,49925,0.03232032692999293
0.6,0.8,0.1,0.7,0.33574438,49925,0.028632652803227514
0.6,0.9,0.2,0.3,0.33576837,49925,0.03271405378238482
0.1,0.8,0.2,0.3,0.33581036,49925,0.03618442536939269
0.4,0.7,0.2,0.2,0.3358502,49925,0.03400289672680113
0.7,0.8,0.3,0.1,0.33586007,49925,0.03349530875789231
0.5,0.8,0.1,0.7,0.33590314,49925,0.02908964570003713
0.9,0.7,0.2,0.1,0.3359359,49925,0.031200478673824264
0.3,0.8,0.1,0.7,0.33594793,49925,0.030087119332984143
0.5,0.6,0.1,0.4,0.335963,49925,0.02975189598525077
0.4,0.8,0.1,0.7,0.33597955,49925,0.029574699364201443
0.2,0.8,0.3,0.2,0.33597988,49925,0.03653774744954716
0.8,0.8,0.2,0.2,0.3360141,49925,0.03174676170550426
0.4,0.4,0.1,0.1,0.3360141,49925,0.03174676170550426
0.2,0.5,0.2,0.1,0.33601856,49925,0.035911810494333764
0.9,0.4,0.1,0.1,0.3360186,49925,0.027565142947985
0.7,0.9,0.2,0.3,0.3360349,49925,0.03215000936889421
0.5,0.9,0.4,0.1,0.33604443,49925,0.03556683887081171
0.6,0.9,0.3,0.2,0.3360636,49925,0.03397813396513919
0.2,0.8,0.1,0.7,0.33609724,49925,0.03063495171646951
0.2,0.8,0.2,0.3,0.3361116,49925,0.03531361586523868
0.6,0.6,0.2,0.1,0.33616397,49925,0.03255589252854004
0.8,0.8,0.3,0.1,0.33618382,49925,0.032913632598533936
0.9,0.9,0.2,0.3,0.33618644,49925,0.03109717094996622
0.8,0.9,0.2,0.3,0.33619377,49925,0.03160707613692946
0.9,0.8,0.2,0.2,0.33620352,49925,0.031212078811796686
0.9,0.7,0.1,0.6,0.33621255,49925,0.02737991187341128
0.4,0.7,0.3,0.1,0.33624095,49925,0.03526830838397673
0.7,0.9,0.3,0.2,0.33625937,49925,0.03340541085739831
0.1,0.8,0.1,0.7,0.33629557,49925,0.031231911249907398
0.1,0.8,0.4,0.1,0.33630803,49925,0.03864101643973011
0.1,0.9,0.4,0.2,0.33631468,49925,0.037955423824910885
0.9,0.9,0.1,0.9,0.33634764,49925,0.02728693385698368
0.4,0.6,0.1,0.4,0.33637148,49925,0.03044180330365849
0.6,0.9,0.4,0.1,0.33642155,49925,0.03493845721505179
0.1,0.9,0.3,0.3,0.33643273,49925,0.036917534184343466
0.3,0.8,0.3,0.2,0.3364823,49925,0.03573406702547543
0.5,0.7,0.2,0.2,0.3364959,49925,0.03326799918733048
0.2,0.9,0.4,0.2,0.33649972,49925,0.03715291934451009
0.8,0.7,0.1,0.6,0.33655357,49925,0.02779778887004339
0.2,0.8,0.4,0.1,0.3365796,49925,0.037701057150648566
0.5,0.4,0.1,0.1,0.3365907,49925,0.030718724381805937
0.3,0.5,0.2,0.1,0.33662525,49925,0.034738188011206525
0.8,0.9,0.1,0.9,0.33666408,49925,0.027618353772373982
0.8,0.9,0.3,0.2,0.33666548,49925,0.03288095429664619
0.7,0.9,0.1,0.9,0.3366798,49925,0.027972406108721443
0.7,0.7,0.1,0.6,0.3366982,49925,0.028239465824541614
0.1,0.6,0.2,0.2,0.3367175,49925,0.03652683109288705
0.9,0.5,0.1,0.3,0.3367322,49925,0.027458226513529266
0.3,0.6,0.1,0.4,0.33673728,49925,0.031195260236698264
0.3,0.8,0.2,0.3,0.33673745,49925,0.03453002363895088
0.8,0.4,0.1,0.1,0.33677068,49925,0.028245209584611693
0.7,0.6,0.2,0.1,0.33681396,49925,0.03187505345594711
0.4,0.8,0.3,0.2,0.33682105,49925,0.03498135321269598
0.9,0.8,0.3,0.1,0.33682284,49925,0.03237363745397718
0.6,0.9,0.1,0.9,0.33682513,49925,0.028336680422742767
0.3,0.8,0.4,0.1,0.33684015,49925,0.03683346744828605
0.7,0.9,0.4,0.1,0.33685136,49925,0.034363917597925356
0.2,0.9,0.3,0.3,0.33686098,49925,0.03614329553977294
0.5,0.7,0.3,0.1,0.33691967,49925,0.03450102226473303
0.6,0.7,0.1,0.6,0.33693096,49925,0.028711688426809174
0.5,0.9,0.1,0.9,0.33693412,49925,0.028714044835911265
0.6,0.7,0.2,0.2,0.33693784,49925,0.0325901097663499
0.9,0.9,0.3,0.2,0.33697933,49925,0.03239551572663609
0.7,0.4,0.1,0.1,0.336982,49925,0.02899184696945875
0.2,0.6,0.1,0.4,0.33698487,49925,0.03201879983174066
0.6,0.4,0.1,0.1,0.3370046,49925,0.029813281970929185
0.4,0.9,0.1,0.9,0.3370208,49925,0.02911843192441918
0.1,0.6,0.3,0.1,0.3370964,49925,0.03806432488340376
0.3,0.9,0.4,0.2,0.33712274,49925,0.03641128645581374
0.8,0.5,0.1,0.3,0.33714214,49925,0.02802167742676029
0.4,0.8,0.2,0.3,0.33715343,49925,0.033811921935583834
0.3,0.9,0.1,0.9,0.33718896,49925,0.02956164890932835
0.5,0.8,0.3,0.2,0.33721626,49925,0.034295191083467964
0.8,0.9,0.4,0.1,0.3372482,49925,0.033804963158076975
0.5,0.7,0.1,0.6,0.33728686,49925,0.02920758059845188
0.4,0.5,0.2,0.1,0.3373227,49925,0.03371210226391428
0.8,0.6,0.2,0.1,0.33734387,49925,0.031249244905762613
0.6,0.7,0.3,0.1,0.33735675,49925,0.03378282898144444
0.1,0.9,0.2,0.4,0.33736598,49925,0.03558333714993863
0.2,0.9,0.1,0.9,0.337398,49925,0.030012452404779604
0.3,0.9,0.3,0.3,0.33739933,49925,0.03543059584608961
0.1,0.3,0.1,0.1,0.33739933,49925,0.03543059584608961
0.2,0.6,0.2,0.2,0.33739933,49925,0.03543059584608961
0.1,0.9,0.1,0.9,0.33740237,49925,0.03049627079389282
0.2,0.6,0.3,0.1,0.33740294,49925,0.03690288790151049
0.4,0.8,0.4,0.1,0.33744478,49925,0.03605622195644124
0.9,0.8,0.1,0.8,0.33745298,49925,0.027232044437204995
0.1,0.7,0.3,0.2,0.3375534,49925,0.03729692819129912
0.4,0.9,0.4,0.2,0.33756074,49925,0.03572198571400426
0.7,0.7,0.2,0.2,0.33756465,49925,0.031959480148857175
0.1,0.6,0.1,0.4,0.3375863,49925,0.03292203803953474
0.2,0.9,0.2,0.4,0.3376434,49925,0.03484267372172815
0.9,0.9,0.4,0.1,0.33766246,49925,0.03328890660573273
0.4,0.9,0.3,0.3,0.3376632,49925,0.03476806753299752
0.9,0.6,0.1,0.5,0.33766833,49925,0.027318949392010496
0.6,0.8,0.3,0.2,0.33768,49925,0.0336601638633969
0.7,0.5,0.1,0.3,0.3376943,49925,0.028624821842638867
0.5,0.8,0.2,0.3,0.33772635,49925,0.033144589372211486
0.1,0.9,0.5,0.1,0.33773255,49925,0.03900269979482819
0.2,0.7,0.1,0.6,0.33774576,49925,0.030960025704456915
0.4,0.7,0.1,0.6,0.3377477,49925,0.02975705612814975
0.3,0.7,0.1,0.6,0.3377845,49925,0.03033520776468993
0.5,0.5,0.2,0.1,0.3377849,49925,0.03280045280588724
0.5,0.8,0.4,0.1,0.33779955,49925,0.035348433249229996
0.3,0.6,0.2,0.2,0.33780915,49925,0.03445345030431939
0.8,0.8,0.1,0.8,0.33783674,49925,0.027592229888255385
0.7,0.7,0.3,0.1,0.33788446,49925,0.03312032059473934
0.9,0.6,0.2,0.1,0.33790213,49925,0.030680763367815934
0.3,0.9,0.2,0.4,0.33792132,49925,0.034149634316118865
0.5,0.9,0.3,0.3,0.33796287,49925,0.03414950455913998
0.7,0.8,0.1,0.8,0.33800098,49925,0.027971715686231437
0.3,0.6,0.3,0.1,0.33801535,49925,0.03587804909509222
0.6,0.8,0.4,0.1,0.33803758,49925,0.034682981920474365
0.2,0.9,0.5,0.1,0.33803946,49925,0.038157058249041996
0.6,0.8,0.1,0.8,0.33807668,49925,0.028374670662147803
0.6,0.5,0.1,0.3,0.33808827,49925,0.02928742813971644
0.7,0.8,0.3,0.2,0.3380906,49925,0.03307417302185557
0.1,0.7,0.1,0.6,0.33811557,49925,0.031645842742445654
0.9,0.9,0.2,0.4,0.33814198,49925,0.03080907487673075
0.5,0.9,0.4,0.2,0.3381434,49925,0.03509931437562545
0.1,0.7,0.2,0.3,0.33814862,49925,0.03597498521704229
0.2,0.7,0.3,0.2,0.33817276,49925,0.036340423977235
0.8,0.7,0.2,0.2,0.33818823,49925,0.0313927296939488
0.5,0.8,0.1,0.8,0.33819056,49925,0.028796566787045334
0.8,0.7,0.3,0.1,0.33822387,49925,0.03252585545555631
0.8,0.9,0.2,0.4,0.33827206,49925,0.031295907570022
0.6,0.8,0.2,0.3,0.33827543,49925,0.0325225799280213
0.7,0.9,0.2,0.4,0.33828023,49925,0.03179480270342264
0.8,0.6,0.1,0.5,0.3382808,49925,0.027767798703267323
0.8,0.8,0.3,0.2,0.33828798,49925,0.032529892063090884
0.2,0.7,0.2,0.3,0.33829758,49925,0.03506348398387242
0.4,0.8,0.1,0.8,0.3383271,49925,0.0292384168580878
0.6,0.9,0.2,0.4,0.33838952,49925,0.032331520875008686
0.4,0.9,0.2,0.4,0.3383947,49925,0.03350819372654348
0.2,0.3,0.1,0.1,0.33840403,49925,0.03358523261207415
0.4,0.6,0.2,0.2,0.33840403,49925,0.03358523261207415
0.6,0.9,0.3,0.3,0.33840403,49925,0.03358523261207414
0.3,0.9,0.5,0.1,0.3384106,49925,0.03739175514865308
0.3,0.8,0.1,0.8,0.33843833,49925,0.029714210905626617
0.5,0.9,0.2,0.4,0.33847815,49925,0.032909974891386105
0.2,0.8,0.1,0.8,0.33850378,49925,0.03022353296046013
0.7,0.8,0.2,0.3,0.33850998,49925,0.031944648394935694
0.9,0.7,0.2,0.2,0.3385284,49925,0.03086441137963923
0.7,0.8,0.4,0.1,0.33852935,49925,0.0340653347037292
0.9,0.7,0.3,0.1,0.338538,49925,0.03197807825396497
0.4,0.6,0.3,0.1,0.33855498,49925,0.03496088137039289
0.6,0.9,0.4,0.2,0.33860433,49925,0.03451173205203322
0.5,0.5,0.1,0.3,0.33861747,49925,0.03000818449559475
0.4,0.9,0.5,0.1,0.33861995,49925,0.036679441380673784
0.1,0.8,0.4,0.2,0.33862698,49925,0.03787292093086074
0.8,0.8,0.2,0.3,0.33864498,49925,0.03140731556103465
0.9,0.8,0.3,0.2,0.33865398,49925,0.032035568936011886
0.1,0.8,0.3,0.3,0.33866048,49925,0.03675592677944938
0.7,0.6,0.1,0.5,0.3386905,49925,0.028257536002241464
0.6,0.5,0.2,0.1,0.33869416,49925,0.032004139893540014
0.3,0.7,0.3,0.2,0.33877075,49925,0.03547880184129457
0.2,0.8,0.4,0.2,0.33877784,49925,0.037032294629016756
0.1,0.4,0.2,0.1,0.33877784,49925,0.037032294629016756
0.9,0.8,0.2,0.3,0.3387905,49925,0.030914435977708862
0.1,0.8,0.1,0.8,0.33880252,49925,0.030767584469236015
0.7,0.9,0.4,0.2,0.33881244,49925,0.03396699738348509
0.5,0.9,0.5,0.1,0.3388198,49925,0.03601948527766188
0.9,0.7,0.1,0.7,0.3388589,49925,0.02717576504428109
0.1,0.7,0.4,0.1,0.3389093,49925,0.03860514246972507
0.3,0.7,0.2,0.3,0.33891672,49925,0.03424292012824848
0.7,0.9,0.3,0.3,0.3389304,49925,0.03306330153462562
0.5,0.6,0.2,0.2,0.33898428,49925,0.03281674141878309
0.3,0.8,0.4,0.2,0.3390104,49925,0.03624672142293168
0.6,0.6,0.1,0.5,0.33901715,49925,0.028782300588186677
0.7,0.5,0.2,0.1,0.33903456,49925,0.031292578786103406
0.8,0.7,0.1,0.7,0.33906353,49925,0.02756207090002302
0.1,0.9,0.4,0.3,0.3390649,49925,0.0373297657113306
0.4,0.5,0.1,0.3,0.33906913,49925,0.030805579627928258
0.8,0.8,0.4,0.1,0.33908,49925,0.033499120265533686
0.5,0.6,0.3,0.1,0.33912426,49925,0.034138373329075454
0.2,0.7,0.4,0.1,0.33912686,49925,0.03759715651846008
0.6,0.9,0.5,0.1,0.33918375,49925,0.03540828750112243
0.8,0.9,0.3,0.3,0.3392077,49925,0.0325726677469141
0.2,0.8,0.3,0.3,0.33921072,49925,0.035937254049584026
0.3,0.5,0.1,0.3,0.33927137,49925,0.031694746359503714
0.4,0.7,0.3,0.2,0.33928603,49925,0.03469243070756152
0.8,0.9,0.4,0.2,0.33929133,49925,0.033450911027694825
0.5,0.6,0.1,0.5,0.33929697,49925,0.02935957801190603
0.3,0.8,0.3,0.3,0.33939224,49925,0.03517308880215354
0.3,0.3,0.1,0.1,0.33939487,49926,0.032106329945360675
0.6,0.6,0.2,0.2,0.33939487,49926,0.032106329945360675
0.9,0.9,0.3,0.3,0.33939487,49926,0.032106329945360675
0.7,0.9,0.5,0.1,0.339458,49925,0.03482726058286414
0.4,0.7,0.2,0.3,0.3394731,49925,0.03349236617064521
0.7,0.7,0.1,0.7,0.33949152,49925,0.02796365518427009
0.9,0.8,0.4,0.1,0.3394931,49925,0.0329844001416125
0.3,0.7,0.4,0.1,0.33949837,49925,0.03667149701070865
0.2,0.4,0.2,0.1,0.33950558,49925,0.03553002764734542
0.4,0.8,0.4,0.2,0.33950558,49925,0.03553002764734542
0.6,0.7,0.1,0.7,0.33952805,49925,0.028411982288884956
0.9,0.9,0.4,0.2,0.33953297,49925,0.03295288926648498
0.1,0.8,0.2,0.4,0.33955324,49925,0.0355115720005721
0.8,0.5,0.2,0.1,0.33955488,49925,0.030649950731152915
0.2,0.9,0.4,0.3,0.3395627,49925,0.03659159553647068
0.9,0.8,0.1,0.9,0.33960316,49925,0.027055796225883343
0.8,0.9,0.5,0.1,0.3396476,49925,0.03430123156343219
0.1,0.9,0.3,0.4,0.33965933,49925,0.03632305529538054
0.5,0.7,0.3,0.2,0.33968788,49925,0.03398271307872721
0.6,0.6,0.3,0.1,0.33969715,49925,0.03338019980461196
0.4,0.8,0.3,0.3,0.33970037,49925,0.034495859301862594
0.2,0.5,0.1,0.3,0.33973858,49925,0.03268687268213522
0.4,0.6,0.1,0.5,0.3397493,49925,0.0299799398501675
0.4,0.7,0.4,0.1,0.339783,49925,0.03584342663364036
0.9,0.9,0.5,0.1,0.33978957,49925,0.033796475747460114
0.8,0.8,0.1,0.9,0.3398016,49925,0.027390184551134445
0.2,0.9,0.3,0.4,0.33981317,49925,0.03559487350077453
0.2,0.8,0.2,0.4,0.339835,49925,0.0347185010217854
0.1,0.4,0.1,0.2,0.339835,49925,0.0347185010217854
0.5,0.7,0.1,0.7,0.33988902,49925,0.028882167492474225
0.7,0.6,0.2,0.2,0.3399608,49925,0.03147863704263421
0.5,0.7,0.2,0.3,0.33997464,49925,0.032811796813800045
0.3,0.9,0.4,0.3,0.3399906,49925,0.03590052790669749
0.7,0.8,0.1,0.9,0.33999795,49925,0.02774170623111787
0.3,0.9,0.3,0.4,0.34003738,49925,0.034948770635396954
0.1,0.9,0.5,0.2,0.34005666,49925,0.03831489357678829
0.5,0.8,0.4,0.2,0.3400584,49925,0.03488197034306717
0.4,0.7,0.1,0.7,0.34006268,49925,0.02938005161873243
0.6,0.7,0.3,0.2,0.34007195,49925,0.033328005541876114
0.9,0.5,0.2,0.1,0.34008604,49925,0.030061052063251242
0.7,0.6,0.3,0.1,0.34008723,49925,0.03269721080880236
0.5,0.8,0.3,0.3,0.34009647,49925,0.03384713567868718
0.2,0.9,0.5,0.2,0.3401196,49925,0.03754125840494747
0.3,0.8,0.2,0.4,0.34012333,49925,0.03400626385472885
0.3,0.9,0.5,0.2,0.34017015,49925,0.0368287048340472
0.6,0.8,0.1,0.9,0.34018204,49925,0.028112772772681247
0.3,0.7,0.1,0.7,0.34019703,49925,0.029915723891287303
0.9,0.5,0.1,0.4,0.34020966,49925,0.027236430682401676
0.1,0.5,0.1,0.3,0.3402183,49925,0.033796439236079424
0.1,0.5,0.2,0.2,0.34021926,49925,0.03622704866574627
0.5,0.7,0.4,0.1,0.3402521,49925,0.03511179951285539
0.3,0.6,0.1,0.5,0.34025386,49925,0.030661795466225827
0.9,0.4,0.1,0.2,0.34029186,49925,0.027338136501117796
0.4,0.9,0.4,0.3,0.34032142,49925,0.03525917240341153
0.9,0.9,0.2,0.5,0.3403334,49925,0.03052977828020696
0.8,0.6,0.2,0.2,0.34036297,49925,0.030893091557027554
0.4,0.3,0.1,0.1,0.34036297,49925,0.030893091557027554
0.4,0.9,0.5,0.2,0.34036484,49925,0.036165243168389434
0.6,0.7,0.2,0.3,0.34040874,49925,0.03217905758487254
0.6,0.8,0.3,0.3,0.34041676,49925,0.0332800259007783
0.7,0.7,0.3,0.2,0.34042335,49925,0.03270988619826123
0.4,0.9,0.3,0.4,0.34043112,49925,0.03434431050077185
0.3,0.4,0.2,0.1,0.3404492,49925,0.034271537381027964
0.6,0.8,0.4,0.2,0.3404492,49925,0.034271537381027964
0.2,0.4,0.1,0.2,0.34045565,49925,0.033333335672822394
0.4,0.8,0.2,0.4,0.34045565,49925,0.033333335672822394
0.2,0.8,0.5,0.1,0.3404637,49925,0.03809195893839933
0.8,0.9,0.2,0.5,0.34049302,49925,0.03097523752652711
0.5,0.8,0.1,0.9,0.3404938,49925,0.028513495391608815
0.2,0.7,0.1,0.7,0.3405348,49925,0.030478101070023415
0.8,0.6,0.3,0.1,0.34056067,49925,0.03208086965896535
0.7,0.7,0.4,0.1,0.3405623,49925,0.03376007696513779
0.9,0.6,0.1,0.6,0.34057546,49925,0.027085886199653148
0.8,0.5,0.1,0.4,0.34058636,49925,0.02774115232519126
0.6,0.7,0.4,0.1,0.3406127,49925,0.03440310993765061
0.1,0.8,0.5,0.1,0.34063286,49925,0.03897516516788246
0.2,0.9,0.2,0.5,0.34064728,49925,0.03429671559592273
0.7,0.7,0.2,0.3,0.34065515,49925,0.03159526088876444
0.1,0.6,0.3,0.2,0.3406595,49925,0.03714471038632045
0.5,0.9,0.5,0.2,0.34067455,49925,0.03554912770873629
0.2,0.6,0.1,0.5,0.34069258,49925,0.031410226861279984
0.5,0.9,0.4,0.3,0.3407039,49925,0.034678106470715425
0.4,0.8,0.1,0.9,0.3407364,49925,0.02891544646414818
0.9,0.6,0.2,0.2,0.340743,49925,0.030361915889927264
0.9,0.6,0.3,0.1,0.34077048,49925,0.031524762482112306
0.5,0.8,0.2,0.4,0.3407795,49925,0.032720819879726665
0.7,0.8,0.3,0.3,0.3407802,49925,0.0327371096744807
0.3,0.8,0.1,0.9,0.34078625,49926,0.029356709667517474
0.2,0.5,0.2,0.2,0.34078938,49925,0.035046711421533566
0.3,0.9,0.2,0.5,0.34080508,49925,0.03366365454307083
0.1,0.9,0.2,0.5,0.34082586,49925,0.03498910143094815
0.5,0.9,0.3,0.4,0.34083256,49925,0.03376784887333939
0.9,0.7,0.1,0.8,0.34083432,49925,0.02696862127196525
0.8,0.4,0.1,0.2,0.34084284,49925,0.027949901172333518
0.1,0.7,0.1,0.7,0.3408438,49925,0.031101087779917193
0.7,0.9,0.2,0.5,0.34085917,49925,0.03145165065500917
0.8,0.7,0.3,0.2,0.34086174,49925,0.032159381383216584
0.5,0.9,0.2,0.5,0.34088558,49925,0.0324898622958983
0.1,0.6,0.1,0.5,0.34091014,49925,0.032206713607902865
0.2,0.8,0.1,0.9,0.34091133,49925,0.029824372402689755
0.7,0.8,0.4,0.2,0.34091252,49925,0.03368877745300949
0.7,0.4,0.1,0.2,0.34092286,49925,0.028620195970584336
0.8,0.6,0.1,0.6,0.34094268,49925,0.027507830976168064
0.3,0.8,0.5,0.1,0.3409453,49925,0.037281914543183255
0.8,0.8,0.3,0.3,0.34096098,49925,0.03222606990365879
0.6,0.9,0.2,0.5,0.3409644,49925,0.03194871464748159
0.4,0.9,0.2,0.5,0.3409819,49925,0.03306083366186173
0.8,0.7,0.2,0.3,0.3409851,49925,0.031070170725552584
0.6,0.9,0.5,0.2,0.34098697,49925,0.03498478245397134
0.6,0.9,0.3,0.4,0.3410573,49925,0.033246128666847535
0.1,0.8,0.1,0.9,0.34105983,49925,0.030320913738953986
0.6,0.9,0.4,0.3,0.34107655,49925,0.03413151554892038
0.9,0.7,0.3,0.2,0.3411085,49925,0.031640249282951866
0.8,0.8,0.4,0.2,0.34112477,49925,0.0331446949387257
0.4,0.4,0.2,0.1,0.34112477,49925,0.0331446949387257
0.5,0.3,0.1,0.1,0.341128,49925,0.0298726971322219
0.2,0.6,0.3,0.2,0.3411282,49925,0.03611772111876446
0.1,0.5,0.3,0.1,0.34113318,49925,0.037971904324238866
0.7,0.9,0.5,0.2,0.34114683,49928,0.03444120397892406
0.1,0.6,0.2,0.3,0.34120223,49925,0.03569312467947624
0.6,0.8,0.2,0.4,0.34121194,49925,0.032146070338957125
0.3,0.4,0.1,0.2,0.34121194,49925,0.032146070338957125
0.8,0.9,0.5,0.2,0.34121376,49925,0.033938939503035344
0.6,0.4,0.1,0.2,0.3412245,49925,0.029354478423750406
0.8,0.7,0.4,0.1,0.3412283,49925,0.03318463500687467
0.7,0.9,0.3,0.4,0.3412308,49925,0.032755097055799605
0.7,0.5,0.1,0.4,0.34123266,49925,0.02828722038735407
0.7,0.6,0.1,0.6,0.3412422,49925,0.027953683463993302
0.9,0.7,0.2,0.3,0.34126744,49925,0.03057654030506514
0.4,0.8,0.5,0.1,0.34126788,49925,0.0365286326178769
0.7,0.8,0.2,0.4,0.3412789,49925,0.03160899374391041
0.9,0.8,0.3,0.3,0.34130067,49925,0.03175458197910661
0.2,0.5,0.3,0.1,0.3413093,49925,0.03669330762058839
0.8,0.7,0.1,0.8,0.34132373,49925,0.027328357644986565
0.7,0.9,0.4,0.3,0.34136277,49926,0.033624105620883825
0.3,0.5,0.2,0.2,0.3413797,49925,0.03400496247091636
0.5,0.4,0.1,0.2,0.34140328,49925,0.03018355079429466
0.4,0.4,0.1,0.2,0.34140933,49925,0.031104034395216952
0.8,0.8,0.2,0.4,0.34140933,49925,0.031104034395216952
0.8,0.9,0.4,0.3,0.34145495,49925,0.0331410105758449
0.8,0.9,0.3,0.4,0.34145606,49925,0.03227734287563232
0.9,0.8,0.4,0.2,0.34146598,49925,0.03265437506847014
0.1,0.7,0.3,0.3,0.34148726,49925,0.036565696918369923
0.7,0.7,0.1,0.8,0.34149078,49925,0.02771527771583171
0.2,0.6,0.2,0.3,0.34152824,49925,0.03472753868011244
0.9,0.8,0.2,0.4,0.3415547,49925,0.030631518033919895
0.1,0.8,0.4,0.3,0.341568,49925,0.03721295641966849
0.9,0.7,0.4,0.1,0.34157494,49925,0.03264259895218273
0.5,0.8,0.5,0.1,0.34158906,49925,0.03582875098113017
0.9,0.9,0.5,0.2,0.34159982,49925,0.03347183503742013
0.5,0.4,0.2,0.1,0.3416056,49925,0.03220278607595578
0.3,0.5,0.3,0.1,0.34163716,49925,0.03557539203298475
0.3,0.6,0.3,0.2,0.34167543,49925,0.03520822144685134
0.6,0.3,0.1,0.1,0.34175438,49925,0.028995149294356398
0.6,0.8,0.5,0.1,0.3417934,49925,0.035188804042069116
0.9,0.9,0.4,0.3,0.34179518,49925,0.03267192586565185
0.6,0.6,0.1,0.6,0.34180182,49925,0.02844448311861299
0.1,0.7,0.4,0.2,0.3418042,49925,0.03780153665950931
0.2,0.7,0.3,0.3,0.3418153,49925,0.03569574921090206
0.4,0.5,0.2,0.2,0.34181798,49925,0.03310179409548212
0.6,0.5,0.1,0.4,0.34188655,49925,0.02889390113521054
0.9,0.9,0.3,0.4,0.34190652,49925,0.03184169407037234
0.2,0.7,0.4,0.2,0.34192464,49925,0.03688834792935542
0.2,0.9,0.6,0.1,0.34192604,49925,0.03846955124448649
0.4,0.5,0.3,0.1,0.34193015,49925,0.03460115663494853
0.8,0.8,0.5,0.1,0.34195533,49925,0.034037104142117726
0.6,0.7,0.1,0.8,0.34195548,49925,0.028121633819341203
0.7,0.8,0.5,0.1,0.34196424,49925,0.03460156916871932
0.2,0.8,0.4,0.3,0.34196725,49925,0.03642201165656525
0.3,0.9,0.6,0.1,0.34200352,49925,0.03773177292518841
0.1,0.9,0.6,0.1,0.3420201,49925,0.03927537034483748
0.6,0.4,0.2,0.1,0.3420577,49925,0.03135653017315303
0.1,0.9,0.4,0.4,0.3420989,49925,0.03676945003027942
0.3,0.7,0.4,0.2,0.34211954,49925,0.03604789847587189
0.7,0.3,0.1,0.1,0.34212047,49925,0.028230270294361943
0.4,0.9,0.6,0.1,0.34213224,49925,0.0370364769114346
0.9,0.8,0.5,0.1,0.34215003,49925,0.03351902739309035
0.3,0.6,0.2,0.3,0.3421815,49925,0.033866647540059074
0.5,0.5,0.3,0.1,0.34218973,49925,0.03371900161815552
0.1,0.8,0.3,0.4,0.3422059,49925,0.03613457699282307
0.1,0.7,0.2,0.4,0.34222195,49925,0.03529411986018733
0.4,0.6,0.3,0.2,0.3422439,49925,0.03438364824865718
0.5,0.5,0.2,0.2,0.34224448,49925,0.032282412138626086
0.4,0.6,0.2,0.3,0.34226745,49925,0.03307856809687119
0.3,0.8,0.4,0.3,0.34226805,49925,0.03570690846646809
0.5,0.6,0.1,0.6,0.34227884,49925,0.028974181707912126
0.3,0.7,0.3,0.3,0.34229007,49925,0.03491788930412226
0.5,0.7,0.1,0.8,0.342372,49925,0.028550742595938122
0.2,0.9,0.5,0.3,0.342387,49925,0.03699559624303467
0.2,0.7,0.2,0.4,0.34241292,49925,0.03446659707201423
0.2,0.9,0.4,0.4,0.3424136,49925,0.03607872263645641
0.5,0.9,0.6,0.1,0.34246317,49925,0.03640971002611876
0.3,0.9,0.5,0.3,0.34248537,49925,0.03633652460596536
0.9,0.9,0.2,0.6,0.34251115,49925,0.03026114129846164
0.6,0.5,0.2,0.2,0.34251142,49925,0.03155289365240596
0.7,0.4,0.2,0.1,0.34252614,49925,0.030607314592500375
0.8,0.3,0.1,0.1,0.34254217,49925,0.027555818462412836
0.4,0.7,0.4,0.2,0.34255686,49925,0.03529766899424022
0.1,0.9,0.5,0.3,0.34258565,49925,0.03772209438181318
0.5,0.6,0.3,0.2,0.3426097,49925,0.033634995225591345
0.5,0.5,0.1,0.4,0.34262776,49925,0.029548456796719018
0.4,0.7,0.3,0.3,0.3426412,49925,0.03419650429045674
0.2,0.8,0.3,0.4,0.34264445,49925,0.0353697335573558
0.4,0.8,0.4,0.3,0.34269637,49925,0.03505166487541712
0.4,0.9,0.5,0.3,0.34269664,49925,0.03571127065936524
0.3,0.9,0.4,0.4,0.34270805,49925,0.03543551854753355
0.5,0.6,0.2,0.3,0.34272122,49925,0.03236451739579614
0.6,0.5,0.3,0.1,0.3427631,49925,0.03294610657220662
0.7,0.5,0.2,0.2,0.34279528,49925,0.030898072512411584
0.4,0.6,0.1,0.6,0.34280735,49925,0.029538742585721603
0.8,0.4,0.2,0.1,0.3428099,49925,0.029941417663431467
0.3,0.8,0.3,0.4,0.34282082,49925,0.034686766870624816
0.8,0.9,0.2,0.6,0.3428241,49925,0.030684518969015435
0.3,0.7,0.2,0.4,0.34282964,49925,0.033702100566145594
0.4,0.7,0.1,0.8,0.34283993,49925,0.02900429504837803
0.6,0.9,0.6,0.1,0.34284988,49925,0.03583183594302086
0.5,0.7,0.4,0.2,0.34285322,49925,0.03460535286751732
0.1,0.9,0.3,0.5,0.34285545,49925,0.03577502535853738
0.1,0.6,0.4,0.1,0.342872,49925,0.03854529298114298
0.2,0.9,0.3,0.5,0.34287632,49925,0.03511536429172955
0.1,0.8,0.5,0.2,0.34288222,49925,0.03826905653591619
0.2,0.6,0.4,0.1,0.34289145,49925,0.03746711561679615
0.2,0.8,0.5,0.2,0.3429134,49925,0.0374633159004905
0.5,0.7,0.3,0.3,0.3429228,49925,0.033545546486689
0.4,0.9,0.4,0.4,0.3429466,49925,0.03485210571910664
0.4,0.8,0.3,0.4,0.34295708,49925,0.034056997556277446
0.8,0.9,0.6,0.1,0.34296054,49925,0.03474905731583987
0.9,0.6,0.1,0.7,0.34296095,49925,0.026854047945686174
0.6,0.7,0.4,0.2,0.34296137,49925,0.03397741545303698
0.7,0.9,0.6,0.1,0.34297216,49925,0.03526653535917357
0.9,0.3,0.1,0.1,0.34297648,49925,0.02694913467866658
0.3,0.7,0.1,0.8,0.34302315,49925,0.02950103254293159
0.7,0.9,0.2,0.6,0.34302995,49925,0.031128763085366763
0.6,0.6,0.3,0.2,0.34304577,49926,0.03293491949520517
0.5,0.9,0.5,0.3,0.34305632,49925,0.03513875266235333
0.8,0.5,0.2,0.2,0.34306648,49925,0.030296128110504146
0.9,0.9,0.6,0.1,0.34308445,49925,0.034249246651265296
0.6,0.6,0.2,0.3,0.34309095,49925,0.03170772307308179
0.3,0.8,0.5,0.2,0.34309685,49925,0.036714721295398295
0.6,0.7,0.3,0.3,0.3431061,49925,0.032929040302137606
0.9,0.4,0.2,0.1,0.34312874,49925,0.029335193813368545
0.4,0.7,0.2,0.4,0.34313497,49925,0.03302265547158256
0.6,0.9,0.5,0.3,0.34313825,49925,0.03461338667783284
0.3,0.6,0.4,0.1,0.34314093,49925,0.036505998973630084
0.3,0.6,0.1,0.6,0.343152,49925,0.030154304531805128
0.5,0.9,0.2,0.6,0.3431791,49925,0.03209332973664031
0.5,0.8,0.4,0.3,0.34318197,49925,0.0344396722335585
0.7,0.5,0.3,0.1,0.34319967,49925,0.03223855510805204
0.4,0.8,0.5,0.2,0.34320587,49925,0.03600776514857844
0.7,0.6,0.3,0.2,0.34324044,49925,0.03231540910730723
0.3,0.9,0.3,0.5,0.34324318,49925,0.034516586205924446
0.9,0.7,0.1,0.9,0.34325403,49925,0.02675980511999844
0.6,0.9,0.2,0.6,0.34326676,49925,0.03159832688411741
0.8,0.6,0.1,0.7,0.3432717,49925,0.027242087807365138
0.4,0.9,0.2,0.6,0.34328014,49925,0.032619246602531196
0.1,0.8,0.2,0.5,0.34331194,49925,0.034888203855329286
0.7,0.6,0.2,0.3,0.34334624,49925,0.031121754112980383
0.2,0.8,0.2,0.5,0.34334642,49925,0.034169684029470765
0.5,0.8,0.5,0.2,0.34335336,49925,0.03536434994879958
0.4,0.6,0.4,0.1,0.34336218,49925,0.03563393702154636
0.8,0.6,0.3,0.2,0.3433712,49925,0.03173010491477368
0.3,0.9,0.2,0.6,0.3433797,49925,0.03317859634911835
0.4,0.5,0.1,0.4,0.34338203,49925,0.030255617602990413
0.9,0.5,0.1,0.5,0.34340245,49925,0.026987086114611095
0.2,0.7,0.1,0.8,0.343407,49925,0.030029524665967918
0.6,0.8,0.5,0.2,0.34341496,49925,0.034782774534089934
0.3,0.8,0.2,0.5,0.34343237,49925,0.033496986487365384
0.7,0.7,0.3,0.3,0.34343916,49925,0.032369855136005515
0.5,0.9,0.4,0.4,0.34344405,49925,0.03428318739012929
0.6,0.8,0.4,0.3,0.34345242,49925,0.03387055483228268
0.2,0.6,0.1,0.6,0.34347028,49925,0.030812657757491844
0.1,0.9,0.2,0.6,0.34347916,49925,0.03441035721627877
0.5,0.9,0.3,0.5,0.3434797,49925,0.03341803959600729
0.5,0.8,0.3,0.4,0.3434846,49925,0.03348159754235176
0.4,0.9,0.3,0.5,0.34349084,49925,0.033944685400023586
0.7,0.7,0.4,0.2,0.34349152,49925,0.03338377281505331
0.4,0.8,0.2,0.5,0.343505,49925,0.03289102079838897
0.2,0.9,0.2,0.6,0.3435123,49925,0.03376659543581479
0.2,0.9,0.6,0.2,0.3435202,49925,0.03790303343119346
0.5,0.6,0.4,0.1,0.34353495,49925,0.034817214731555315
0.9,0.6,0.3,0.2,0.3435445,49925,0.03120164825788083
0.9,0.5,0.2,0.2,0.3435561,49925,0.029754794522739228
0.7,0.9,0.5,0.3,0.3435796,49925,0.03411673495699064
0.5,0.7,0.2,0.4,0.34359398,49925,0.03239702674596518
0.8,0.5,0.3,0.1,0.3435976,49925,0.031594366912466545
0.8,0.7,0.4,0.2,0.34362158,49925,0.03282850320552865
0.1,0.9,0.6,0.2,0.34362695,49925,0.03866175933464427
0.6,0.9,0.4,0.4,0.34362856,49925,0.03378233208083743
0.8,0.7,0.1,0.9,0.34364074,49925,0.027085487798654648
0.6,0.6,0.4,0.1,0.34364304,49925,0.03408938364985008
0.7,0.8,0.5,0.2,0.34364718,49925,0.034227399506006846
0.8,0.7,0.3,0.3,0.34365895,49925,0.03183651563524972
0.6,0.8,0.3,0.4,0.3436628,49925,0.032927344909299175
0.1,0.7,0.1,0.8,0.34366944,49925,0.030581598991967378
0.7,0.8,0.4,0.3,0.34369013,49925,0.033337428821686534
0.8,0.6,0.2,0.3,0.34370574,49925,0.030583734138708286
0.3,0.5,0.1,0.4,0.3437233,49925,0.031037504880124724
0.9,0.7,0.3,0.3,0.34372377,49925,0.031346810154216004
0.7,0.8,0.3,0.4,0.34376103,49925,0.032403783998126795
0.2,0.5,0.1,0.4,0.34378064,49925,0.03190906742475385
0.6,0.9,0.3,0.5,0.34381753,49925,0.032904198844609905
0.8,0.5,0.1,0.5,0.34382635,49925,0.027439330039391238
0.8,0.8,0.5,0.2,0.34382975,49925,0.03368616990000751
0.6,0.7,0.2,0.4,0.34384075,49925,0.03181189348974155
0.3,0.9,0.6,0.2,0.34386134,49925,0.03722644756931093
0.8,0.9,0.5,0.3,0.34386367,49925,0.03364620287270795
0.9,0.6,0.2,0.3,0.34387425,49925,0.03008845664455197
0.7,0.9,0.4,0.4,0.3438806,49925,0.033297871720791884
0.8,0.8,0.4,0.3,0.34388208,49925,0.03284091466852135
0.7,0.6,0.4,0.1,0.34389758,49925,0.033433746071698835
0.8,0.9,0.4,0.4,0.34390134,49925,0.03284085118042382
0.7,0.6,0.1,0.7,0.34392667,49925,0.02766252562664551
0.1,0.6,0.1,0.6,0.34393165,49925,0.031533546281291715
0.5,0.8,0.2,0.5,0.34395307,49925,0.03231890021952835
0.9,0.7,0.4,0.2,0.34396288,49925,0.03231106283776163
0.4,0.9,0.6,0.2,0.34396988,49925,0.03659374917000144
0.8,0.8,0.3,0.4,0.34398568,49925,0.03192149172530246
0.9,0.5,0.3,0.1,0.3439908,49925,0.031008469509131633
0.9,0.8,0.2,0.5,0.3440116,49925,0.03033929344220773
0.3,0.7,0.5,0.1,0.3440448,49925,0.03718562540671347
0.7,0.9,0.3,0.5,0.34404683,49925,0.03243365311140604
0.7,0.8,0.2,0.5,0.34405544,49925,0.0312660264715305
0.8,0.9,0.3,0.5,0.3440648,49925,0.031991124590299375
0.9,0.4,0.1,0.3,0.3440686,49925,0.027088641354422686
0.5,0.9,0.6,0.2,0.3440718,49925,0.035995436971433196
0.9,0.8,0.5,0.2,0.34407687,49925,0.03320901035034659
0.7,0.7,0.1,0.9,0.34408623,49925,0.027449472953984616
0.7,0.7,0.2,0.4,0.34410012,49925,0.03127968354305185
0.9,0.9,0.5,0.3,0.3441123,49925,0.03319019685810632
0.9,0.9,0.4,0.4,0.34411997,49925,0.032403774363179975
0.7,0.9,0.6,0.2,0.34412992,49925,0.03492702566732779
0.4,0.7,0.5,0.1,0.34413427,49925,0.036377189948187866
0.9,0.8,0.4,0.3,0.34413597,49925,0.03236647865236208
0.8,0.6,0.4,0.1,0.3441583,49925,0.03282388721889794
0.8,0.8,0.2,0.5,0.34420162,49925,0.030793736116022687
0.2,0.7,0.5,0.1,0.34420866,49925,0.03804011138647953
0.9,0.8,0.3,0.4,0.3442121,49925,0.031478355212026896
0.6,0.8,0.2,0.5,0.34421852,49925,0.03177900086793371
0.8,0.7,0.2,0.4,0.34421998,49925,0.030759232277430455
0.6,0.9,0.6,0.2,0.3442445,49925,0.03544899133502477
0.8,0.9,0.6,0.2,0.34428656,49925,0.03441445228264865
0.6,0.7,0.1,0.9,0.34436378,49925,0.02782061921220038
0.1,0.7,0.5,0.1,0.34436506,49925,0.03899385677797361
0.9,0.6,0.4,0.1,0.3443845,49926,0.03226410672148529
0.9,0.7,0.2,0.4,0.3443857,49925,0.030297722138153682
0.9,0.9,0.3,0.5,0.3443914,49925,0.03158047569474841
0.5,0.7,0.5,0.1,0.34447774,49925,0.03565658086664806
0.7,0.5,0.1,0.5,0.3444805,49925,0.027941917229004305
0.8,0.4,0.1,0.3,0.3445317,49925,0.02765149837396137
0.6,0.6,0.1,0.7,0.34455723,49925,0.028116985182225364
0.9,0.9,0.2,0.7,0.34460184,49925,0.02999087859158095
0.9,0.9,0.6,0.2,0.3446361,49925,0.03393748920784523
0.1,0.5,0.1,0.4,0.34465924,49925,0.03288388284109155
0.5,0.7,0.1,0.9,0.34476316,49925,0.028225848434133352
0.8,0.9,0.2,0.7,0.34478718,49925,0.03038844697433635
0.6,0.7,0.5,0.1,0.34484354,49925,0.03498059603001118
0.7,0.7,0.5,0.1,0.34486222,49925,0.034363482720235566
0.5,0.6,0.1,0.7,0.3449738,49925,0.028604157748810706
0.4,0.7,0.1,0.9,0.34498617,49925,0.028651576683397212
0.8,0.7,0.5,0.1,0.34502038,49925,0.03378615610256215
0.7,0.4,0.1,0.3,0.34503427,49925,0.028260346642766113
0.1,0.8,0.4,0.4,0.34511304,49925,0.03663514719675891
0.6,0.8,0.6,0.1,0.34516922,49925,0.035676191315699844
0.1,0.6,0.3,0.3,0.3451925,49925,0.03639020974417958
0.2,0.9,0.5,0.4,0.34519488,49925,0.036515394854179636
0.7,0.9,0.2,0.7,0.34522623,49925,0.030808872596363546
0.5,0.8,0.6,0.1,0.34523654,49925,0.036295122310947135
0.3,0.8,0.6,0.1,0.34524763,49925,0.03769470044015408
0.2,0.8,0.6,0.1,0.34524858,49925,0.03849198919838349
0.4,0.8,0.6,0.1,0.34526142,49925,0.036962356691421706
0.9,0.7,0.5,0.1,0.3452618,49925,0.03324462339861945
0.3,0.7,0.1,0.9,0.3452643,49925,0.029097833343955132
0.6,0.5,0.1,0.5,0.34527078,49925,0.02848688909134119
0.1,0.9,0.4,0.5,0.34532255,49925,0.036249681241160195
0.7,0.8,0.6,0.1,0.34533778,49925,0.03509955132694323
0.2,0.9,0.4,0.5,0.3453616,49925,0.03560621380258557
0.4,0.6,0.1,0.7,0.34536293,49925,0.02912049693979693
0.2,0.7,0.4,0.3,0.34537154,49925,0.03627489965645254
0.3,0.9,0.5,0.4,0.34542692,49925,0.03588569469029996
0.1,0.8,0.6,0.1,0.3454311,49925,0.03934079627977783
0.3,0.7,0.4,0.3,0.34545207,49925,0.035512360230109896
0.6,0.4,0.1,0.3,0.34549177,49925,0.028931083156737352
0.1,0.9,0.5,0.4,0.3455045,49925,0.037187241943787745
0.1,0.7,0.3,0.4,0.34550598,49925,0.03593112232056424
0.3,0.9,0.4,0.5,0.3455212,49925,0.03500216395932423
0.6,0.9,0.2,0.7,0.34553564,49927,0.03124222326533877
0.3,0.8,0.5,0.3,0.34554294,49925,0.03622116143401079
0.1,0.4,0.2,0.2,0.34554982,49925,0.03591101477138112
0.2,0.8,0.4,0.4,0.34554982,49925,0.03591101477138112
0.1,0.7,0.4,0.3,0.34555578,49925,0.037109471785640134
0.4,0.9,0.5,0.4,0.3455808,49925,0.035308683261594406
0.8,0.8,0.6,0.1,0.34558612,49925,0.03455872142793284
0.2,0.5,0.3,0.2,0.34560132,49925,0.035881039211022425
0.9,0.6,0.1,0.8,0.3456204,49925,0.026625307854090233
0.2,0.7,0.3,0.4,0.34562957,49925,0.035123211228668204
0.2,0.7,0.1,0.9,0.34564143,49925,0.029580903079792387
0.1,0.6,0.2,0.4,0.34564146,49925,0.0349517314464157
0.1,0.5,0.2,0.3,0.34565467,49925,0.035352331225460235
0.1,0.5,0.3,0.2,0.3456556,49925,0.03701398733543862
0.2,0.6,0.3,0.3,0.34567225,49925,0.03545865258672593
0.1,0.8,0.3,0.5,0.3456755,49925,0.03554827068749853
0.2,0.8,0.5,0.3,0.34568715,49925,0.03692131256124784
0.1,0.9,0.3,0.6,0.34570143,49925,0.03525866460604709
0.3,0.8,0.4,0.4,0.34570485,49925,0.03523648562217904
0.2,0.9,0.3,0.6,0.3457348,49925,0.03465499324672828
0.2,0.8,0.3,0.5,0.3457402,49925,0.034865884713702375
0.3,0.9,0.2,0.7,0.34575316,49925,0.032712378483587996
0.5,0.9,0.2,0.7,0.3457584,49925,0.03170531013936691
0.1,0.8,0.5,0.3,0.34576225,49925,0.03768154471394895
0.3,0.8,0.3,0.5,0.34576365,49925,0.034239422897318225
0.4,0.7,0.4,0.3,0.3457681,49925,0.03481168848832948
0.3,0.6,0.1,0.7,0.34579235,49925,0.029673354889401784
0.5,0.9,0.5,0.4,0.3457986,49925,0.03477761423088029
0.4,0.9,0.4,0.5,0.34583938,49925,0.034441432963262006
0.4,0.9,0.2,0.7,0.3458399,49925,0.032193062331497886
0.9,0.8,0.6,0.1,0.3458452,49925,0.03405114493757174
0.4,0.8,0.5,0.3,0.34586138,49925,0.0355658703832977
0.3,0.7,0.3,0.4,0.34587178,49925,0.03438976298916497
0.5,0.7,0.4,0.3,0.34588143,49925,0.03417184620198254
0.3,0.6,0.3,0.3,0.34589076,49925,0.03461207041254996
0.1,0.2,0.1,0.1,0.34589076,49925,0.03461207041254996
0.4,0.8,0.4,0.4,0.34589076,49925,0.03461207041254996
0.2,0.4,0.2,0.2,0.34589076,49925,0.03461207041254996
0.6,0.9,0.5,0.4,0.3458925,49925,0.034272053787275485
0.1,0.7,0.2,0.5,0.3459032,49925,0.034622645782974415
0.2,0.5,0.2,0.3,0.3459066,49925,0.03431163365155789
0.3,0.5,0.3,0.2,0.34591678,49925,0.03489840477233477
0.6,0.8,0.5,0.3,0.34592706,49925,0.034400206575654506
0.1,0.7,0.1,0.9,0.3459335,49925,0.030095247089970984
0.1,0.3,0.1,0.2,0.34595037,49925,0.034081348524928085
0.2,0.6,0.2,0.4,0.34595037,49925,0.034081348524928085
0.3,0.9,0.3,0.6,0.34595037,49925,0.034081348524928085
0.4,0.8,0.3,0.5,0.34595868,49925,0.03365425910102263
0.5,0.8,0.5,0.3,0.345971,49925,0.03495908911794978
0.7,0.9,0.7,0.1,0.34597516,49925,0.035677614592176006
0.6,0.9,0.6,0.3,0.34598064,49925,0.03507859709234221
0.4,0.6,0.4,0.2,0.34598064,49925,0.03507859709234221
0.2,0.3,0.2,0.1,0.34598064,49925,0.03507859709234221
0.2,0.9,0.2,0.7,0.34599328,49925,0.03327391601694214
0.5,0.9,0.7,0.1,0.34599802,49925,0.036825402484982256
0.5,0.5,0.1,0.5,0.34600365,49925,0.029077151235699705
0.7,0.8,0.5,0.3,0.34604397,49925,0.03388701964639148
0.5,0.8,0.3,0.5,0.34605992,49925,0.03309979341001287
0.4,0.9,0.3,0.6,0.34606704,49925,0.033554463445374175
0.3,0.6,0.2,0.4,0.34608632,49925,0.033302137812127326
0.5,0.9,0.4,0.5,0.3460976,49925,0.03392439092399893
0.4,0.9,0.7,0.1,0.34609866,49925,0.037449034919876015
0.4,0.5,0.3,0.2,0.3461024,49925,0.034010198452679594
0.5,0.9,0.6,0.3,0.34610355,49925,0.03560844333869234
0.8,0.6,0.1,0.8,0.34611863,49925,0.02698943128978893
0.4,0.7,0.3,0.4,0.34612072,49925,0.03374249301625718
0.2,0.7,0.2,0.5,0.34612638,49925,0.033882699090639574
0.6,0.9,0.7,0.1,0.34613594,49925,0.03624091883377211
0.1,0.6,0.4,0.2,0.34613907,49925,0.03774938052473161
0.6,0.7,0.4,0.3,0.34614235,49925,0.03358045213058567
0.5,0.8,0.4,0.4,0.34614515,49925,0.03404821726062166
0.1,0.9,0.6,0.3,0.346146,49925,0.03809353879798389
0.3,0.6,0.4,0.2,0.34614635,49925,0.03587021587387769
0.4,0.9,0.6,0.3,0.3461709,49925,0.03615893449256945
0.4,0.5,0.2,0.3,0.34619254,49925,0.03258328599959512
0.7,0.7,0.3,0.4,0.3462054,49925,0.03203303685189862
0.2,0.9,0.6,0.3,0.3462145,49925,0.037405443475018806
0.5,0.9,0.3,0.6,0.3462196,49925,0.0330611869331439
0.6,0.7,0.3,0.4,0.346221,49925,0.03256534649686904
0.8,0.9,0.7,0.1,0.34622532,49925,0.03517296615349123
0.9,0.5,0.1,0.6,0.34622929,49925,0.02672989861092389
0.7,0.9,0.5,0.4,0.3462318,49925,0.033798474534729145
0.3,0.5,0.2,0.3,0.346239,49925,0.0334054272191091
0.7,0.9,0.4,0.5,0.34626526,49925,0.03299891523864552
0.3,0.7,0.2,0.5,0.3462856,49925,0.03320182354408233
0.7,0.9,0.6,0.3,0.3462932,49925,0.034580647348400086
0.6,0.8,0.3,0.5,0.34629804,49925,0.03258872663938906
0.5,0.7,0.3,0.4,0.34630027,49925,0.03314041625369149
0.8,0.8,0.5,0.3,0.3463077,49925,0.03339570991445263
0.2,0.6,0.1,0.7,0.34630793,49925,0.030277270456481483
0.4,0.6,0.3,0.3,0.34630966,49925,0.033865161946807304
0.1,0.9,0.2,0.7,0.34631595,49925,0.033854557493083734
0.5,0.4,0.1,0.3,0.3463241,49925,0.029667703373201657
0.5,0.5,0.3,0.2,0.3463298,49925,0.033211922665251414
0.9,0.9,0.7,0.1,0.3463305,49925,0.034695392566710906
0.6,0.9,0.4,0.5,0.34633785,49925,0.03345699435835094
0.1,0.8,0.2,0.6,0.34635976,49925,0.03430919307671588
0.1,0.3,0.2,0.1,0.34638488,49925,0.03675612775256858
0.2,0.6,0.4,0.2,0.34638488,49925,0.03675612775256858
0.3,0.9,0.6,0.3,0.34638488,49925,0.03675612775256859
0.8,0.9,0.5,0.4,0.3464059,49925,0.033347453756323926
0.8,0.9,0.4,0.5,0.34640908,49925,0.03255994082965953
0.7,0.8,0.3,0.5,0.3464228,49925,0.03209454259544971
0.1,0.4,0.1,0.3,0.34644312,49925,0.033638923120723446
0.2,0.8,0.2,0.6,0.34644312,49925,0.033638923120723446
0.4,0.7,0.2,0.5,0.3464496,49925,0.03257381702374222
0.9,0.9,0.4,0.5,0.3464518,49925,0.03213957551571814
0.6,0.8,0.4,0.4,0.3464538,49925,0.03351150774193561
0.3,0.4,0.2,0.2,0.3464538,49925,0.03351150774193561
0.9,0.6,0.3,0.3,0.34645492,49925,0.030909488600357787
0.3,0.2,0.1,0.1,0.34645492,49925,0.03090948860035779
0.6,0.4,0.2,0.2,0.34645492,49925,0.03090948860035779
0.7,0.7,0.4,0.3,0.3464653,49925,0.033016188178729304
0.4,0.5,0.1,0.5,0.3464826,49925,0.029735267593897753
0.4,0.6,0.2,0.4,0.34650594,49925,0.03259192884939075
0.2,0.3,0.1,0.2,0.34650594,49925,0.03259192884939075
0.6,0.9,0.3,0.6,0.34650594,49925,0.03259192884939075
0.5,0.6,0.3,0.3,0.34651574,49925,0.03317775321853673
0.8,0.6,0.3,0.3,0.346521,49925,0.031410311876971866
0.8,0.7,0.3,0.4,0.34653148,49925,0.031547077383477284
0.9,0.8,0.2,0.6,0.3465396,49925,0.030062922435721656
0.3,0.9,0.7,0.1,0.3465396,49925,0.038105686282314165
0.9,0.9,0.2,0.8,0.34654236,49925,0.029729907400895917
0.9,0.9,0.5,0.4,0.3465442,49925,0.03291736973938354
0.5,0.5,0.2,0.3,0.3465479,49925,0.03182700600366706
0.2,0.9,0.7,0.1,0.3465558,49925,0.038817232218718314
0.7,0.6,0.1,0.8,0.34656352,49925,0.02738361433878953
0.5,0.6,0.4,0.2,0.34658146,49925,0.034349475020103507
0.7,0.8,0.4,0.4,0.34659857,49925,0.033009138819988446
0.8,0.7,0.4,0.3,0.34663495,49925,0.03250934406059059
0.8,0.9,0.6,0.3,0.3466372,49927,0.03411054183608957
0.7,0.9,0.3,0.6,0.34664154,49925,0.03214721714127237
0.5,0.6,0.2,0.4,0.3466439,49925,0.03194325168615298
0.5,0.4,0.2,0.2,0.3466496,49925,0.0316721046018737
0.9,0.8,0.5,0.3,0.34666762,49925,0.032932717326685894
0.3,0.8,0.2,0.6,0.3466867,49925,0.033023448830957265
0.8,0.5,0.1,0.6,0.3466887,49925,0.027153781365340482
0.3,0.7,0.5,0.2,0.34669015,49925,0.036613480742669326
0.1,0.9,0.7,0.1,0.34669873,49925,0.03959940788841347
0.9,0.8,0.4,0.4,0.34670871,49925,0.0320889002404885
0.7,0.8,0.2,0.6,0.34671593,49925,0.030931694711320314
0.7,0.6,0.3,0.3,0.34673375,49925,0.03194482068832529
0.1,0.7,0.5,0.2,0.34673735,49925,0.03827088061911044
0.6,0.5,0.2,0.3,0.34674135,49925,0.031152797068945613
0.8,0.8,0.3,0.5,0.34674433,49925,0.031643601201102343
0.9,0.9,0.6,0.3,0.34674522,49925,0.033674094382623546
0.6,0.6,0.4,0.2,0.34674522,49925,0.033674094382623546
0.3,0.3,0.2,0.1,0.34674522,49925,0.033674094382623546
0.6,0.6,0.3,0.3,0.34674937,49925,0.0325304357345402
0.8,0.8,0.4,0.4,0.34674937,49925,0.0325304357345402
0.2,0.2,0.1,0.1,0.34674937,49925,0.0325304357345402
0.4,0.4,0.2,0.2,0.34674937,49925,0.0325304357345402
0.4,0.8,0.2,0.6,0.34675738,49925,0.032449506395766305
0.2,0.4,0.1,0.3,0.34675738,49925,0.032449506395766305
0.2,0.7,0.5,0.2,0.3467613,49925,0.03740763048499135
0.8,0.8,0.2,0.6,0.34676743,49925,0.030489518071579205
0.4,0.4,0.1,0.3,0.34676743,49925,0.030489518071579205
0.6,0.5,0.3,0.2,0.34677583,49925,0.03250582523024245
0.5,0.8,0.2,0.6,0.3467813,49925,0.03191930919452228
0.8,0.9,0.3,0.6,0.34679103,49925,0.031740465645877014
0.7,0.4,0.2,0.2,0.34680337,49926,0.03024035185785789
0.1,0.6,0.1,0.7,0.3468038,49925,0.03090904597440442
0.9,0.7,0.3,0.4,0.34681487,49925,0.031088631193813738
0.7,0.6,0.4,0.2,0.3468185,49925,0.03306211635572114
0.5,0.7,0.2,0.5,0.34682652,49925,0.03199162003385357
0.7,0.7,0.5,0.2,0.34684247,49925,0.03399671560344312
0.9,0.8,0.3,0.5,0.3468776,49925,0.03122154934389715
0.6,0.8,0.2,0.6,0.3468793,49925,0.03141283552210905
0.3,0.4,0.1,0.3,0.3468793,49925,0.03141283552210905
0.8,0.9,0.2,0.8,0.34690833,49925,0.030092913962968385
0.7,0.5,0.2,0.3,0.34692442,49925,0.03054169715477961
0.4,0.7,0.5,0.2,0.3469448,49925,0.03588595699505711
0.8,0.7,0.5,0.2,0.34695506,49925,0.03346895901753629
0.6,0.7,0.5,0.2,0.34695822,49925,0.034578447998557464
0.3,0.5,0.1,0.5,0.34696817,49925,0.030432739393781716
0.8,0.6,0.4,0.2,0.34698498,49925,0.03248673338453375
0.4,0.3,0.2,0.1,0.34698498,49925,0.03248673338453375
0.3,0.3,0.1,0.2,0.34700578,49925,0.03134567728929374
0.6,0.6,0.2,0.4,0.34700578,49925,0.03134567728929374
0.9,0.9,0.3,0.6,0.34700578,49925,0.03134567728929374
0.9,0.7,0.4,0.3,0.34703547,49925,0.03201843762484616
0.6,0.6,0.1,0.8,0.34704337,49925,0.027796737054888967
0.7,0.5,0.3,0.2,0.34704617,49925,0.031851838981123336
0.6,0.7,0.2,0.5,0.3470507,49925,0.031459239142456026
0.4,0.2,0.1,0.1,0.34706634,49925,0.02962269029298301
0.8,0.4,0.2,0.2,0.34706634,49925,0.02962269029298301
0.5,0.7,0.5,0.2,0.34707552,49925,0.03519760072590977
0.3,0.8,0.6,0.2,0.3471185,49925,0.03716308721297928
0.7,0.9,0.2,0.8,0.34711862,49925,0.030479165087815868
0.9,0.4,0.2,0.2,0.3471486,49925,0.0290706587222648
0.7,0.6,0.2,0.4,0.3471623,49925,0.030794234002238366
0.9,0.6,0.2,0.4,0.34716526,49925,0.029831539464220593
0.9,0.5,0.2,0.3,0.34716648,49925,0.02948406597268826
0.7,0.8,0.6,0.2,0.34717026,49925,0.034753237653108074
0.5,0.8,0.6,0.2,0.3471727,49925,0.03587340750730673
0.8,0.5,0.2,0.3,0.34717858,49925,0.029986238268088723
0.6,0.8,0.6,0.2,0.34718353,49925,0.03529808073101407
0.3,0.4,0.3,0.1,0.34718353,49925,0.03529808073101407
0.9,0.6,0.4,0.2,0.34718767,49925,0.031964484424504946
0.8,0.7,0.2,0.5,0.34718776,49925,0.030475967434151603
0.7,0.7,0.2,0.5,0.34724167,49925,0.03094600555620009
0.1,0.8,0.6,0.2,0.3472495,49925,0.03869657079994631
0.9,0.5,0.3,0.2,0.3472529,49925,0.030704833905634193
0.4,0.8,0.6,0.2,0.3472736,49925,0.03648670647756991
0.2,0.4,0.3,0.1,0.3472736,49925,0.03648670647756991
0.2,0.8,0.6,0.2,0.34728253,49925,0.037897656353363646
0.1,0.4,0.3,0.1,0.34728253,49925,0.037897656353363646
0.4,0.3,0.1,0.2,0.3472883,49925,0.03030086379495973
0.8,0.6,0.2,0.4,0.3472883,49925,0.03030086379495973
0.8,0.8,0.6,0.2,0.3473017,49925,0.03422847131211592
0.4,0.4,0.3,0.1,0.3473017,49925,0.03422847131211592
0.9,0.8,0.6,0.2,0.34730175,49925,0.03374827992262746
0.9,0.7,0.2,0.5,0.34730434,49925,0.030042817120717564
0.8,0.5,0.3,0.2,0.34730446,49925,0.03124963163630374
0.5,0.3,0.2,0.1,0.34733826,49925,0.03147142863076292
0.5,0.3,0.1,0.2,0.34733945,49925,0.029403507959302546
0.9,0.7,0.5,0.2,0.3473684,49925,0.03295164568263781
0.2,0.5,0.1,0.5,0.34740517,49925,0.031206244467254132
0.5,0.2,0.1,0.1,0.34740898,49925,0.028557119133802274
0.7,0.5,0.1,0.6,0.34745616,49925,0.02761072909878253
0.5,0.4,0.3,0.1,0.3474599,49925,0.03329516370409669
0.5,0.9,0.7,0.2,0.3474897,49925,0.03640874579787529
0.6,0.4,0.3,0.1,0.34749645,49925,0.032463806734685796
0.5,0.6,0.1,0.8,0.34751418,49925,0.02824714304111432
0.6,0.3,0.2,0.1,0.34751672,49925,0.030584092679465283
0.6,0.9,0.2,0.8,0.34751797,49925,0.03089262361823146
0.7,0.9,0.7,0.2,0.34753257,49925,0.0353452632521356
0.3,0.9,0.7,0.2,0.34753463,49925,0.037637315303704906
0.7,0.3,0.1,0.2,0.34754577,49925,0.027929492146976456
0.9,0.3,0.1,0.2,0.34757784,49925,0.02672614909979244
0.9,0.6,0.1,0.9,0.34758916,49925,0.026392502020436134
0.8,0.4,0.3,0.1,0.34759843,49925,0.031045622848202878
0.7,0.3,0.2,0.1,0.34759912,49925,0.02979232708176635
0.9,0.9,0.7,0.2,0.34763068,49925,0.034422437781460605
0.6,0.3,0.1,0.2,0.34763837,49925,0.02862590735915307
0.8,0.3,0.2,0.1,0.34764785,49925,0.02910447599129653
0.4,0.9,0.7,0.2,0.34765354,49925,0.036996016975708396
0.2,0.9,0.7,0.2,0.3476563,49925,0.038295814761859635
0.8,0.3,0.1,0.2,0.34766266,49925,0.027306855094086962
0.7,0.4,0.3,0.1,0.3476631,49925,0.031719186796635095
0.8,0.9,0.7,0.2,0.34766588,49925,0.03487733148780152
0.5,0.9,0.2,0.8,0.3476812,49925,0.03132945689698276
0.6,0.9,0.7,0.2,0.3477261,49926,0.03586328689941414
0.9,0.4,0.3,0.1,0.3478013,49925,0.030438805398830086
0.4,0.6,0.1,0.8,0.34783798,49925,0.02872042406158971
0.3,0.5,0.4,0.1,0.34787405,49925,0.03636497368771725
0.6,0.2,0.1,0.1,0.34792745,49925,0.02768811612425697
0.4,0.9,0.2,0.8,0.34796518,49925,0.03179127722335025
0.9,0.4,0.1,0.4,0.34798345,49925,0.026839667402186157
0.3,0.9,0.2,0.8,0.34799564,49925,0.03228132679032858
0.9,0.3,0.2,0.1,0.3479985,49925,0.028500182030182442
0.8,0.6,0.1,0.9,0.34801623,49925,0.0267236463109455
0.6,0.5,0.1,0.6,0.34803283,49925,0.028096923333619434
0.4,0.5,0.4,0.1,0.34803388,49925,0.035399214314780714
0.2,0.5,0.4,0.1,0.34806672,49925,0.03741636620424809
0.1,0.9,0.4,0.6,0.3480761,49925,0.035745906769817794
0.6,0.5,0.4,0.1,0.3480819,49925,0.03379174037151614
0.1,0.9,0.7,0.2,0.34809864,49925,0.03902124831220294
0.2,0.9,0.5,0.5,0.34813833,49925,0.03606538421000702
0.5,0.5,0.4,0.1,0.3481411,49925,0.0345524168438517
0.9,0.9,0.2,0.9,0.34816706,49925,0.02946837908041051
0.2,0.9,0.4,0.6,0.3481757,49925,0.03514325364826496
0.7,0.5,0.4,0.1,0.3481853,49925,0.03308082257580922
0.1,0.5,0.1,0.5,0.34819716,49925,0.03204531125564258
0.4,0.9,0.5,0.5,0.3481987,49925,0.034939365031827194
0.7,0.2,0.1,0.1,0.348203,49925,0.026956711067800645
0.3,0.6,0.1,0.8,0.3482041,49925,0.029205696484504003
0.1,0.9,0.5,0.5,0.3482166,49925,0.03670261420652146
0.2,0.9,0.2,0.8,0.34823743,49925,0.03279298391576631
0.9,0.5,0.4,0.1,0.34830287,49925,0.03185850170195965
0.3,0.9,0.5,0.5,0.34831288,49925,0.035481764906589205
0.8,0.5,0.4,0.1,0.34837478,49925,0.03244391844288991
0.3,0.9,0.4,0.6,0.34839374,49925,0.03458859326690277
0.6,0.9,0.5,0.5,0.34839725,49925,0.03394584389062835
0.3,0.9,0.3,0.7,0.34842595,49927,0.0336852436332085
0.8,0.4,0.1,0.4,0.34842616,49925,0.027351771208211695
0.2,0.8,0.4,0.5,0.34843183,49925,0.03540689547864206
0.1,0.5,0.4,0.1,0.34843773,49925,0.03860818650330791
0.5,0.9,0.5,0.5,0.34844798,49927,0.03443270569596667
0.1,0.9,0.2,0.8,0.34851432,49925,0.03334562138318813
0.7,0.6,0.1,0.9,0.3485194,49925,0.027090922778164713
0.1,0.8,0.4,0.5,0.3485255,49925,0.03606979700569177
0.4,0.9,0.3,0.7,0.34853202,49925,0.03319257673743592
0.1,0.9,0.3,0.7,0.34853324,49925,0.03476781646039267
0.8,0.9,0.4,0.6,0.34853703,49925,0.03228890979022904
0.8,0.9,0.2,0.9,0.34854382,49925,0.029808330150978207
0.2,0.9,0.3,0.7,0.34855065,49925,0.034203974956597695
0.3,0.8,0.3,0.6,0.3485725,49925,0.03378287257807443
0.7,0.9,0.4,0.6,0.34858114,49925,0.032710547056181684
0.5,0.6,0.5,0.1,0.34858215,49925,0.035497953176581304
0.4,0.9,0.4,0.6,0.34858546,49925,0.03407396590010878
0.4,0.9,0.6,0.4,0.34859008,49925,0.03578352689085867
0.3,0.8,0.4,0.5,0.3485909,49925,0.0347900941414309
0.1,0.8,0.3,0.6,0.34860593,49925,0.0350054976334249
0.4,0.6,0.5,0.1,0.34861425,49925,0.03626546882032977
0.5,0.9,0.6,0.4,0.34861737,49925,0.035259535527780335
0.2,0.8,0.3,0.6,0.34862775,49925,0.03437262236678581
0.9,0.5,0.1,0.7,0.3486325,49925,0.026462248207681126
0.3,0.9,0.6,0.4,0.34864026,49925,0.03633989696548075
0.7,0.9,0.5,0.5,0.34864667,49925,0.03349373220609601
0.8,0.2,0.1,0.1,0.34866408,49925,0.02632089276113994
0.5,0.9,0.3,0.7,0.34867388,49925,0.032729693442166495
0.3,0.8,0.5,0.4,0.34869447,49925,0.035759158859640906
0.2,0.8,0.5,0.4,0.3487071,49925,0.03641673674010249
0.6,0.9,0.4,0.6,0.3487079,49925,0.03313905952450426
0.6,0.8,0.5,0.4,0.34871024,49925,0.03408666887234515
0.9,0.9,0.6,0.4,0.34871483,49925,0.03341749259628163
0.5,0.9,0.4,0.6,0.3487182,49925,0.033593661960663164
0.6,0.6,0.5,0.1,0.3487297,49925,0.034767385758096035
0.8,0.9,0.6,0.4,0.34873405,49925,0.033833291395298545
0.2,0.6,0.1,0.8,0.34874374,49925,0.029747941413442777
0.3,0.6,0.5,0.1,0.3487541,49925,0.03711490098147887
0.9,0.9,0.4,0.6,0.34878093,49925,0.03190418554236872
0.1,0.8,0.5,0.4,0.3487816,49925,0.03711818702510246
0.5,0.5,0.1,0.6,0.34880412,49925,0.028646050307150325
0.9,0.6,0.5,0.1,0.34881178,49925,0.03296236322784562
0.7,0.8,0.5,0.4,0.34881556,49925,0.033591528955907564
0.7,0.9,0.2,0.9,0.3488229,49925,0.03017797242689933
0.5,0.8,0.5,0.4,0.34884068,49925,0.03459958429124377
0.4,0.8,0.3,0.6,0.34884965,49925,0.03323861769640939
0.2,0.6,0.5,0.1,0.34886247,49925,0.03806987216102761
0.6,0.9,0.6,0.4,0.34887037,49925,0.03474940934820282
0.4,0.8,0.5,0.4,0.34887773,49925,0.035156463443584425
0.9,0.2,0.1,0.1,0.34888768,49925,0.025768547725044624
0.7,0.9,0.6,0.4,0.3488881,49926,0.03427812967903073
0.7,0.6,0.5,0.1,0.34889695,49925,0.034106174787954184
0.8,0.9,0.5,0.5,0.34890383,49925,0.03306210902453655
0.5,0.8,0.3,0.6,0.34890547,49925,0.032733797317295955
0.3,0.7,0.4,0.4,0.348912,49925,0.03504382004864716
0.9,0.8,0.2,0.7,0.3489183,49925,0.029800029255497195
0.7,0.4,0.1,0.4,0.34894618,49925,0.02790108628661904
0.2,0.9,0.6,0.4,0.34894782,49925,0.03694851813420075
0.4,0.8,0.4,0.5,0.34895232,49925,0.03419737038316182
0.6,0.9,0.3,0.7,0.34896868,49925,0.03229493380520866
0.8,0.6,0.5,0.1,0.34897053,49925,0.03351354621020899
0.6,0.8,0.3,0.6,0.34900537,49925,0.0322496444571414
0.1,0.9,0.6,0.4,0.34900963,49925,0.03759929459681383
0.1,0.7,0.3,0.5,0.34901232,49925,0.03529229043331013
0.8,0.8,0.2,0.7,0.34903252,49925,0.030195148839843814
0.7,0.9,0.3,0.7,0.34903318,49925,0.03187730563806248
0.7,0.8,0.3,0.6,0.34903792,49925,0.03180085391334725
0.2,0.7,0.4,0.4,0.34904256,49925,0.03573989946507818
0.4,0.7,0.4,0.4,0.34907168,49925,0.03438593683157903
0.8,0.8,0.3,0.6,0.3491031,49925,0.03138083869616882
0.2,0.7,0.3,0.5,0.34911045,49925,0.034566380385217
0.6,0.9,0.2,0.9,0.34911314,49925,0.03056149315624933
0.5,0.7,0.4,0.4,0.34911424,49925,0.03378159029087381
0.8,0.9,0.3,0.7,0.3491238,49925,0.03147345216714273
0.5,0.7,0.6,0.1,0.34912592,49925,0.03621596137868643
0.9,0.9,0.5,0.5,0.34914348,49925,0.03264840738824175
0.9,0.8,0.4,0.5,0.34916314,49925,0.031834777946495016
0.4,0.7,0.6,0.1,0.34919634,49927,0.036918778111493855
0.7,0.8,0.2,0.7,0.3491974,49925,0.030617411281214653
0.8,0.8,0.5,0.4,0.3492061,49925,0.03311306359541078
0.5,0.7,0.3,0.5,0.3492093,49926,0.03274275863290321
0.7,0.7,0.6,0.1,0.349223,49925,0.03493916394899758
0.1,0.7,0.4,0.4,0.3492276,49925,0.03650839830927279
0.5,0.8,0.4,0.5,0.34925196,49925,0.03366273561019351
0.6,0.6,0.1,0.9,0.34925666,49925,0.02747914322692053
0.3,0.7,0.3,0.5,0.34926054,49925,0.03391403519860365
0.9,0.8,0.3,0.6,0.34928653,49925,0.030984134454000726
0.9,0.9,0.3,0.7,0.34929255,49925,0.031109993785973494
0.6,0.7,0.6,0.1,0.34929532,49925,0.035549738942677336
0.8,0.5,0.1,0.7,0.34931415,49925,0.026856548497818614
0.4,0.7,0.3,0.5,0.3493285,49925,0.033307464705289364
0.6,0.7,0.3,0.5,0.34933135,49926,0.03221528539430488
0.4,0.5,0.1,0.6,0.34934348,49925,0.02923126833283921
0.6,0.7,0.4,0.4,0.34934488,49925,0.03322766920449755
0.1,0.6,0.5,0.1,0.349346,49925,0.0391102061323222
0.8,0.8,0.4,0.5,0.34934744,49925,0.03225278351883352
0.5,0.9,0.2,0.9,0.34935254,49925,0.030972868139469537
0.8,0.7,0.6,0.1,0.34935766,49925,0.0343617187267124
0.6,0.8,0.4,0.5,0.34937832,49925,0.03316938376459223
0.9,0.7,0.6,0.1,0.34938568,49925,0.033821990428506435
0.7,0.9,0.7,0.3,0.34938622,49925,0.03505998191786479
0.6,0.7,0.5,0.3,0.34940782,49925,0.03419981456618394
0.9,0.8,0.6,0.3,0.34940958,49925,0.03347483990774611
0.9,0.8,0.5,0.4,0.3494156,49925,0.03267811085984132
0.5,0.8,0.6,0.3,0.349416,49926,0.0355082920814406
0.4,0.9,0.7,0.3,0.34942096,49925,0.036609792142099834
0.1,0.6,0.1,0.8,0.34942365,49925,0.03032616293544484
0.7,0.8,0.4,0.5,0.3494348,49925,0.03269446198655545
0.8,0.9,0.7,0.3,0.34944642,49925,0.034584636707999106
0.6,0.8,0.6,0.3,0.34944886,49925,0.03493765562275986
0.3,0.7,0.6,0.1,0.349451,49925,0.037706456329302245
0.6,0.9,0.7,0.3,0.34947443,49925,0.03554866569638031
0.7,0.7,0.3,0.5,0.34948123,49925,0.031717510188533755
0.5,0.8,0.2,0.7,0.3494872,49925,0.03152665783564505
0.3,0.9,0.7,0.3,0.34949654,49928,0.03720594176883093
0.6,0.8,0.2,0.7,0.34950325,49925,0.031062583472485708
0.7,0.7,0.5,0.3,0.3495111,49925,0.033648935123757474
0.1,0.6,0.3,0.4,0.34952813,49925,0.03566677096903539
0.8,0.7,0.5,0.3,0.34953886,49925,0.03313926653325759
0.8,0.8,0.6,0.3,0.3495449,49925,0.033923600938200855
0.5,0.9,0.7,0.3,0.3495502,49925,0.03605254280345277
0.9,0.7,0.3,0.5,0.34955317,49925,0.03082365592618328
0.7,0.8,0.6,0.3,0.34956357,49925,0.03440209202934209
0.4,0.8,0.2,0.7,0.34956428,49925,0.03202680502349
0.3,0.8,0.2,0.7,0.34956935,49925,0.03256265842031002
0.1,0.8,0.2,0.7,0.34957242,49925,0.03372444782160273
0.9,0.7,0.5,0.3,0.3495759,49925,0.03267554376050751
0.8,0.7,0.3,0.5,0.34959015,49925,0.03125012548126732
0.9,0.8,0.7,0.1,0.34959245,49925,0.03455170877749401
0.2,0.8,0.2,0.7,0.34959564,49925,0.0331193227849665
0.1,0.7,0.2,0.6,0.3495981,49925,0.03404422114847923
0.9,0.9,0.7,0.3,0.3496002,49925,0.0341445519193464
0.2,0.6,0.3,0.4,0.3496024,49925,0.034836119673112384
0.3,0.7,0.5,0.3,0.34960717,49925,0.03611209113386038
0.5,0.8,0.7,0.1,0.34962493,49925,0.036791013861090655
0.4,0.7,0.5,0.3,0.3496265,49925,0.035409361740919396
0.4,0.8,0.6,0.3,0.34963876,49925,0.03608355950102592
0.6,0.8,0.7,0.1,0.34966344,49925,0.03616277298550839
0.4,0.9,0.2,0.9,0.3496672,49925,0.03140776153584306
0.7,0.8,0.7,0.1,0.34967762,49925,0.03559370854338749
0.7,0.7,0.4,0.4,0.34967977,49925,0.032694520311884065
0.8,0.8,0.7,0.1,0.34971243,49925,0.035065819191328736
0.9,0.7,0.4,0.4,0.3497249,49925,0.03174059047851019
0.2,0.8,0.6,0.3,0.3497364,49925,0.03739539094641846
0.8,0.7,0.4,0.4,0.34974045,49926,0.032202494654128326
0.5,0.6,0.4,0.3,0.34974182,49925,0.033918655969035635
0.2,0.7,0.2,0.6,0.34974387,49925,0.0333407448768504
0.3,0.8,0.6,0.3,0.34974775,49925,0.03670141833697462
0.2,0.7,0.6,0.1,0.34976518,49928,0.0385389963685643
0.2,0.9,0.7,0.3,0.3497711,49925,0.0378311501158506
0.6,0.4,0.1,0.4,0.34977528,49925,0.028497869045867645
0.2,0.6,0.2,0.5,0.3497811,49925,0.033489385525608394
0.1,0.6,0.2,0.5,0.3498171,49925,0.0342562852967782
0.1,0.9,0.7,0.3,0.34981743,49929,0.03850869081084936
0.5,0.6,0.1,0.9,0.34982246,49925,0.027885542505185417
0.3,0.5,0.1,0.6,0.34983993,49925,0.029861017238267756
0.3,0.6,0.3,0.4,0.34984136,49925,0.034063428471102344
0.2,0.7,0.5,0.3,0.349845,49925,0.0368443630804196
0.4,0.8,0.7,0.1,0.3498894,49925,0.03746254772272418
0.3,0.9,0.2,0.9,0.34989184,49925,0.03186347526777584
0.9,0.6,0.3,0.4,0.3498943,49925,0.030645469236605966
0.5,0.7,0.5,0.3,0.34990355,49925,0.03478515474046769
0.6,0.9,0.8,0.1,0.34994864,49925,0.03669480157789153
0.3,0.7,0.2,0.6,0.34996307,49925,0.032714398452622445
0.4,0.6,0.4,0.3,0.34999272,49925,0.03460870305529333
0.7,0.6,0.3,0.4,0.35000145,49925,0.031613847831603294
0.3,0.6,0.2,0.5,0.35000157,49925,0.03278342366918471
0.8,0.6,0.3,0.4,0.35000622,49925,0.031113623208838384
0.4,0.6,0.3,0.4,0.35001355,49925,0.033378302831016324
0.1,0.8,0.6,0.3,0.35001487,49925,0.03813406723804605
0.7,0.5,0.1,0.7,0.35002905,49925,0.027283133898383164
0.6,0.6,0.4,0.3,0.35005367,49925,0.033298081517290544
0.1,0.7,0.5,0.3,0.3500595,49925,0.03765772127463525
0.8,0.9,0.8,0.1,0.3500796,49925,0.0356262494567256
0.7,0.9,0.8,0.1,0.35008413,49925,0.03614127736113894
0.4,0.6,0.2,0.5,0.35012522,49925,0.032137121018095245
0.6,0.6,0.3,0.4,0.35012972,49925,0.032163689335722605
0.3,0.6,0.4,0.3,0.35015678,49925,0.035330817513662884
0.2,0.6,0.4,0.3,0.3501644,49925,0.036139097983054605
0.4,0.7,0.2,0.6,0.35016707,49925,0.03213750356239927
0.9,0.9,0.8,0.1,0.35020342,49925,0.03514498074138983
0.7,0.6,0.4,0.3,0.350209,49925,0.03272372876674589
0.5,0.6,0.3,0.4,0.35021544,49925,0.032746684558280434
0.5,0.9,0.8,0.1,0.35021996,49925,0.03725394313585771
0.2,0.5,0.2,0.4,0.3502204,49925,0.033619641326115786
0.1,0.6,0.4,0.3,0.35022283,49925,0.03704560522748175
0.1,0.5,0.2,0.4,0.3502328,49925,0.03454358487291243
0.5,0.6,0.2,0.5,0.35025758,49925,0.03153513696999669
0.1,0.7,0.6,0.1,0.3502635,49925,0.03944948770946193
0.3,0.8,0.7,0.1,0.3502732,49925,0.038141241580026235
0.5,0.7,0.2,0.6,0.3502758,49925,0.031591073525585746
0.9,0.7,0.2,0.6,0.35027775,49925,0.02977673256240606
0.4,0.5,0.3,0.3,0.35028303,49925,0.033513753850761635
0.3,0.5,0.2,0.4,0.3502963,49925,0.032793944223881946
0.2,0.9,0.2,0.9,0.35030684,49925,0.03233869779695176
0.8,0.6,0.4,0.3,0.3503077,49925,0.032181686426547534
0.4,0.6,0.1,0.9,0.3503242,49925,0.028311746948931456
0.6,0.7,0.2,0.6,0.35033163,49925,0.031101841673769216
0.8,0.7,0.2,0.6,0.35037774,49925,0.03019144756818473
0.3,0.5,0.3,0.3,0.35038954,49925,0.03431365421518372
0.9,0.6,0.4,0.3,0.35043165,49925,0.031684004598321186
0.6,0.6,0.2,0.5,0.35045308,49925,0.03100239298127729
0.7,0.7,0.2,0.6,0.35046783,49925,0.030632334484467675
0.5,0.4,0.1,0.4,0.35048774,49925,0.029158834565143486
0.8,0.6,0.2,0.5,0.35050455,49925,0.030024068720499758
0.2,0.5,0.3,0.3,0.35053918,49925,0.035195713436548454
0.2,0.5,0.1,0.6,0.3505408,49925,0.03055988388337771
0.1,0.9,0.2,0.9,0.3505426,49925,0.032843861550633215
0.5,0.5,0.2,0.4,0.35054916,49925,0.03139065372457454
0.2,0.8,0.7,0.1,0.35056138,49925,0.03889555889983394
0.9,0.6,0.2,0.5,0.35056183,49925,0.029587413416820127
0.4,0.9,0.8,0.1,0.35058692,49925,0.03784523491580701
0.7,0.5,0.3,0.3,0.35060316,49925,0.03149780630000169
0.7,0.6,0.2,0.5,0.35060427,49925,0.03049671204419605
0.5,0.5,0.3,0.3,0.35066485,49925,0.032773131194232065
0.4,0.5,0.2,0.4,0.35066637,49925,0.03205970484440047
0.5,0.9,0.5,0.6,0.35067904,49925,0.03410407403230095
0.1,0.5,0.3,0.3,0.35069615,49925,0.03620781562157084
0.6,0.5,0.3,0.3,0.3507131,49925,0.03210624080911982
0.8,0.8,0.7,0.2,0.35072365,49925,0.03475256492891189
0.6,0.5,0.2,0.4,0.35072738,49925,0.03078142068371344
0.6,0.5,0.1,0.7,0.3507293,49925,0.027736851178328754
0.4,0.9,0.5,0.6,0.3507294,49925,0.03457131849511575
0.1,0.8,0.7,0.1,0.35073483,49925,0.03972046784891846
0.2,0.9,0.4,0.7,0.35073516,49925,0.0347129314717748
0.7,0.5,0.2,0.4,0.35075432,49925,0.030228923752230533
0.9,0.8,0.2,0.8,0.35077608,49925,0.029516419859095547
0.8,0.5,0.3,0.3,0.35078624,49925,0.030933478996830632
0.1,0.9,0.5,0.6,0.35079056,49925,0.03620577689930057
0.3,0.6,0.1,0.9,0.35079473,49925,0.028771003520479836
0.2,0.9,0.5,0.6,0.35079494,49925,0.035628327630638834
0.6,0.9,0.4,0.7,0.35079825,49925,0.032830335641183685
0.5,0.6,0.5,0.2,0.35079908,49925,0.03505336928223914
0.5,0.9,0.4,0.7,0.35080272,49925,0.03325582549309658
0.2,0.9,0.8,0.1,0.35082227,49925,0.039188920394784214
0.3,0.9,0.8,0.1,0.35082853,49925,0.038490720401252315
0.7,0.7,0.6,0.2,0.3508693,49925,0.03459826046215001
0.1,0.9,0.4,0.7,0.35086954,49925,0.03527750250107212
0.3,0.9,0.5,0.6,0.3508706,49925,0.03508419562342354
0.3,0.9,0.4,0.7,0.3508762,49925,0.034194924614247744
0.9,0.9,0.8,0.2,0.35087946,49925,0.034872849136928445
0.7,0.8,0.7,0.2,0.35090083,49926,0.03525766125468419
0.9,0.5,0.2,0.4,0.35090393,49925,0.029260152714082957
0.8,0.5,0.2,0.4,0.35091156,49925,0.029720614705468322
0.8,0.9,0.6,0.5,0.3509271,49925,0.033585905683965245
0.3,0.9,0.3,0.8,0.3509334,49925,0.03329190188424927
0.7,0.9,0.6,0.5,0.35094798,49925,0.0339965244852331
0.6,0.9,0.5,0.6,0.35094935,49925,0.033637769967641985
0.4,0.9,0.4,0.7,0.35095406,49926,0.03371347041311533
0.6,0.7,0.6,0.2,0.35095423,49925,0.035165841629688194
0.1,0.5,0.1,0.6,0.35096282,49925,0.031297838143380115
0.6,0.6,0.5,0.2,0.3509659,49925,0.03437659572522529
0.8,0.7,0.6,0.2,0.3509661,49925,0.03406465659383699
0.9,0.9,0.6,0.5,0.35096624,49925,0.03318047448309675
0.9,0.5,0.3,0.3,0.3509708,49925,0.03042323059274709
0.1,0.9,0.8,0.1,0.35097638,49925,0.03994211069576722
0.9,0.4,0.1,0.5,0.3509828,49925,0.02653226650352095
0.9,0.9,0.4,0.7,0.35099554,49925,0.03165859196035304
0.6,0.9,0.6,0.5,0.3510044,49925,0.03444595879791372
0.7,0.6,0.5,0.2,0.35100788,49925,0.03376844967382991
0.5,0.7,0.6,0.2,0.3510317,49925,0.035781257396001624
0.9,0.8,0.7,0.2,0.35103893,49925,0.03426689801469581
0.8,0.9,0.8,0.2,0.35104215,49925,0.0353170914605357
0.4,0.6,0.5,0.2,0.35104567,49925,0.03576183961198455
0.9,0.5,0.1,0.8,0.35104692,49925,0.02620414401309811
0.4,0.9,0.3,0.8,0.3510544,49925,0.0328222187569775
0.7,0.9,0.4,0.7,0.3510676,49925,0.03242381289210887
0.1,0.9,0.3,0.8,0.35107008,49925,0.034300983485956435
0.9,0.7,0.6,0.2,0.35107467,49925,0.033563926150703756
0.2,0.9,0.3,0.8,0.35107914,49925,0.033788560212947544
0.8,0.9,0.4,0.7,0.35110715,49925,0.032030568343307884
0.4,0.4,0.1,0.4,0.35110772,49925,0.029895386740599172
0.8,0.8,0.2,0.8,0.35110772,49925,0.029895386740599172
0.6,0.8,0.7,0.2,0.3511122,49925,0.03579759784890792
0.6,0.5,0.4,0.2,0.35111323,49925,0.03338603791887091
0.9,0.5,0.4,0.2,0.35112056,49925,0.03157976867897204
0.4,0.7,0.6,0.2,0.35114872,49925,0.03645471231066741
0.5,0.9,0.3,0.8,0.3511721,49925,0.03239379895546738
0.8,0.6,0.5,0.2,0.35117233,49925,0.033210592528950235
0.7,0.9,0.5,0.6,0.35118514,49925,0.033214642068274194
0.7,0.9,0.8,0.2,0.35120824,49925,0.03580495784065596
0.4,0.5,0.4,0.2,0.35121107,49925,0.03488738158099296
0.5,0.9,0.6,0.5,0.35123637,49925,0.034917151937114164
0.9,0.6,0.5,0.2,0.35125455,49925,0.03268398064035652
0.7,0.8,0.2,0.8,0.35126534,49925,0.030284957038137324
0.4,0.9,0.6,0.5,0.35126805,49925,0.03541957940746844
0.3,0.8,0.7,0.2,0.3512783,49925,0.03766231130455014
0.3,0.7,0.6,0.2,0.35128337,49925,0.037158743894881316
0.5,0.5,0.4,0.2,0.35129035,49925,0.034080277758595186
0.7,0.5,0.4,0.2,0.35133988,49925,0.03273839337952459
0.1,0.8,0.3,0.7,0.35134146,49925,0.03448885861363168
0.5,0.9,0.8,0.2,0.3513429,49925,0.03685833521243961
0.3,0.5,0.4,0.2,0.35134512,49925,0.035751138885807277
0.9,0.9,0.5,0.6,0.35135883,49926,0.03240961944743559
0.3,0.8,0.3,0.7,0.3513626,49925,0.03334568237145148
0.6,0.9,0.8,0.2,0.35137823,49926,0.03631494896797592
0.8,0.9,0.5,0.6,0.35137835,49925,0.03280535486740575
0.1,0.8,0.4,0.6,0.35137996,49925,0.0355545143357157
0.8,0.5,0.4,0.2,0.35138333,49925,0.03213716837730669
0.4,0.9,0.8,0.2,0.35138664,49925,0.03743251358140507
0.2,0.9,0.6,0.5,0.35139024,49925,0.03651824947758213
0.1,0.4,0.2,0.3,0.35139263,49925,0.03492842607395755
0.2,0.8,0.4,0.6,0.35139263,49925,0.03492842607395755
0.3,0.6,0.5,0.2,0.35139808,49925,0.036550397468751654
0.5,0.8,0.7,0.2,0.35140133,49925,0.03636865657662186
0.3,0.9,0.6,0.5,0.3514112,49925,0.03595427797137318
0.9,0.4,0.3,0.2,0.35141474,49925,0.030150164609962418
0.2,0.6,0.5,0.2,0.35141617,49925,0.03741801717220652
0.7,0.9,0.3,0.8,0.3514377,49925,0.03159026851198136
0.2,0.6,0.1,0.9,0.35144818,49925,0.029256494308449368
0.4,0.8,0.7,0.2,0.35145104,49925,0.03697602686785843
0.8,0.4,0.3,0.2,0.35145476,49925,0.030742230343303957
0.6,0.8,0.5,0.5,0.35146505,49925,0.03375005037750008
0.8,0.9,0.3,0.8,0.35147274,49925,0.03122708985029042
0.6,0.9,0.7,0.4,0.35148406,49925,0.03524091238873556
0.6,0.9,0.3,0.8,0.3514846,49925,0.031978677275895
0.2,0.5,0.4,0.2,0.3514947,49925,0.03669645169323637
0.3,0.4,0.1,0.4,0.35151646,49925,0.030693077652437967
0.6,0.8,0.2,0.8,0.35151646,49925,0.030693077652437967
0.2,0.8,0.3,0.7,0.35152528,49925,0.03389614402169664
0.9,0.4,0.2,0.3,0.3515313,49925,0.028822791608873573
0.4,0.8,0.3,0.7,0.35154492,49925,0.03284933504957614
0.2,0.7,0.6,0.2,0.351548,49925,0.03795086001303621
0.7,0.4,0.2,0.3,0.35155788,49925,0.029899433143216782
0.3,0.9,0.8,0.2,0.35155946,49925,0.03806357328679374
0.5,0.8,0.2,0.8,0.35156512,49925,0.031137024287264507
0.2,0.8,0.7,0.2,0.35156962,49928,0.03838739869025533
0.7,0.8,0.5,0.5,0.35159132,49925,0.03328263488358143
0.7,0.8,0.3,0.7,0.35159853,49925,0.03150780663681672
0.9,0.9,0.7,0.4,0.35160005,49925,0.033891889575621864
0.5,0.8,0.3,0.7,0.35160577,49925,0.032383254006110564
0.9,0.9,0.3,0.8,0.3516115,49925,0.03088199628246393
0.6,0.8,0.3,0.7,0.35162777,49925,0.03193028214781104
0.9,0.8,0.4,0.6,0.35163975,49925,0.03157879821271478
0.3,0.8,0.4,0.6,0.35167152,49925,0.03434550281428292
0.5,0.4,0.2,0.3,0.35167205,49925,0.031205871216554038
0.8,0.9,0.7,0.4,0.35167563,49925,0.03431951693163526
0.7,0.9,0.7,0.4,0.35167944,49925,0.03476696917283934
0.5,0.9,0.7,0.4,0.35168818,49925,0.03572091607108117
0.6,0.8,0.4,0.6,0.35169756,49925,0.03284994640487529
0.3,0.4,0.2,0.3,0.35169756,49925,0.03284994640487529
0.5,0.5,0.1,0.7,0.3517088,49925,0.028226095983871498
0.6,0.4,0.2,0.3,0.35171387,49925,0.030505876555554912
0.8,0.8,0.5,0.5,0.3517146,49925,0.032836420266007194
0.5,0.8,0.4,0.6,0.35172123,49925,0.0333012172078188
0.4,0.4,0.2,0.3,0.35172576,49925,0.03197577208396207
0.8,0.8,0.4,0.6,0.35172576,49925,0.03197577208396207
0.5,0.8,0.5,0.5,0.35173112,49925,0.03425105251697201
0.4,0.8,0.5,0.5,0.3517316,49927,0.03477799899954537
0.2,0.4,0.2,0.3,0.3517467,49925,0.03380247624763059
0.4,0.8,0.4,0.6,0.3517467,49925,0.03380247624763059
0.1,0.9,0.6,0.5,0.35175008,49925,0.03713177738185555
0.8,0.4,0.2,0.3,0.35176513,49925,0.029345527646167546
0.8,0.5,0.1,0.8,0.35177398,49925,0.02656649294546633
0.8,0.8,0.3,0.7,0.3517772,49925,0.03111649433094247
0.9,0.8,0.5,0.5,0.35177928,49925,0.032413269447020644
0.8,0.4,0.1,0.5,0.35178056,49925,0.02701214474380544
0.7,0.4,0.3,0.2,0.35180074,49925,0.03137109649326973
0.2,0.8,0.5,0.5,0.35180753,49925,0.03593804612533183
0.7,0.8,0.4,0.6,0.3518256,49925,0.03239829210447049
0.3,0.8,0.5,0.5,0.35182852,49925,0.03533464812404081
0.9,0.8,0.3,0.7,0.3518297,49925,0.03073998269085175
0.2,0.9,0.8,0.2,0.35183218,49925,0.038703019403561
0.4,0.7,0.3,0.6,0.35183817,49925,0.032880822075763955
0.1,0.7,0.6,0.2,0.35184225,49925,0.038805450015444165
0.1,0.6,0.5,0.2,0.3518477,49925,0.03836308382155171
0.1,0.8,0.2,0.8,0.3518664,49925,0.03316804171763501
0.5,0.4,0.3,0.2,0.35187322,49925,0.03281200510250664
0.1,0.8,0.5,0.5,0.35188004,49925,0.03659098397002688
0.4,0.4,0.3,0.2,0.351892,49925,0.033658505101525064
0.8,0.8,0.6,0.4,0.351892,49925,0.033658505101525064
0.1,0.4,0.1,0.4,0.3518927,49925,0.03261945778926398
0.2,0.8,0.2,0.8,0.3518927,49925,0.03261945778926398
0.2,0.4,0.1,0.4,0.35189816,49925,0.03161186986781098
0.4,0.8,0.2,0.8,0.35189816,49925,0.03161186986781098
0.6,0.4,0.3,0.2,0.3519001,49925,0.032054785598692855
0.4,0.9,0.7,0.4,0.35191172,49925,0.03624259448015949
0.3,0.7,0.3,0.6,0.35192084,49925,0.033450272703127726
0.2,0.4,0.3,0.2,0.3519264,49925,0.035707625205573544
0.4,0.8,0.6,0.4,0.3519264,49925,0.035707625205573544
0.1,0.5,0.4,0.2,0.35192862,49925,0.037775238461693075
0.5,0.8,0.6,0.4,0.35193324,49925,0.035145937974414114
0.1,0.6,0.1,0.9,0.35197055,49925,0.02978445132182775
0.9,0.7,0.3,0.6,0.351975,49925,0.03057148866092111
0.3,0.9,0.7,0.4,0.35197556,49926,0.03680288774153151
0.7,0.8,0.6,0.4,0.35198945,49925,0.03413265950460473
0.4,0.7,0.4,0.5,0.35199976,49925,0.033962844663195095
0.2,0.9,0.7,0.4,0.352028,49925,0.037395715870834234
0.9,0.8,0.6,0.4,0.3520313,49925,0.033220738629808254
0.3,0.8,0.2,0.8,0.35203254,49925,0.03210358477419114
0.1,0.8,0.7,0.2,0.35203546,49925,0.039132071483048245
0.5,0.7,0.3,0.6,0.35209507,49925,0.03235674524846283
0.8,0.7,0.3,0.6,0.35210976,49925,0.030972235142437493
0.2,0.7,0.3,0.6,0.35212207,49925,0.03406461458974818
0.3,0.7,0.4,0.5,0.35215116,49925,0.034565638337551816
0.1,0.7,0.3,0.6,0.35215622,49925,0.03472588123866549
0.6,0.7,0.3,0.6,0.35215938,49925,0.03186905012095168
0.7,0.7,0.3,0.6,0.3521614,49925,0.03140369905685967
0.3,0.4,0.3,0.2,0.35216534,49925,0.03460987179804819
0.6,0.8,0.6,0.4,0.35216534,49925,0.03460987179804819
0.2,0.7,0.4,0.5,0.3521659,49925,0.03521090923087827
0.1,0.9,0.8,0.2,0.35224906,49925,0.03939083171200569
0.7,0.4,0.1,0.5,0.3522873,49925,0.02751734848644029
0.8,0.7,0.4,0.5,0.3523038,49925,0.03192481630465036
0.4,0.5,0.1,0.7,0.3523312,49925,0.028763295479024623
0.5,0.7,0.4,0.5,0.3523356,49925,0.033389683800304
0.1,0.9,0.7,0.4,0.3523358,49925,0.03802509228916748
0.1,0.7,0.4,0.5,0.3523508,49925,0.035909706901089945
0.6,0.7,0.5,0.4,0.35235727,49925,0.03385987342501122
0.7,0.9,0.8,0.3,0.35238522,49925,0.03550058559671994
0.9,0.7,0.4,0.5,0.35240883,49925,0.03149160399871899
0.7,0.7,0.4,0.5,0.3524127,49925,0.032388386406644716
0.3,0.8,0.6,0.4,0.35241857,49925,0.036288843887679084
0.7,0.7,0.5,0.4,0.35242683,49925,0.03335531956840997
0.9,0.9,0.8,0.3,0.3524714,49925,0.034610219150585604
0.8,0.9,0.8,0.3,0.3524743,49925,0.035057772946385526
0.6,0.7,0.4,0.5,0.35249585,49925,0.03288509755336515
0.9,0.3,0.2,0.2,0.3524965,49925,0.028255730525464175
0.8,0.7,0.5,0.4,0.35250276,49925,0.032866424583516775
0.8,0.3,0.2,0.2,0.35254925,49925,0.02881767797621126
0.7,0.5,0.1,0.8,0.35255414,49925,0.026953669790244286
0.9,0.3,0.1,0.3,0.3525735,49925,0.02648180730493946
0.6,0.8,0.7,0.3,0.35257956,49925,0.03546864596593229
0.5,0.7,0.5,0.4,0.35258028,49925,0.034417225095591794
0.2,0.7,0.2,0.7,0.35260856,49925,0.03281925747342239
0.9,0.8,0.2,0.9,0.35261184,49925,0.02924164095700339
0.6,0.9,0.8,0.3,0.3526461,49925,0.035988476091329547
0.2,0.8,0.6,0.4,0.3526602,49925,0.03692039325283379
0.1,0.4,0.3,0.2,0.3526602,49925,0.03692039325283379
0.7,0.3,0.2,0.2,0.35266542,49925,0.02946686524347455
0.1,0.7,0.2,0.7,0.35267335,49925,0.033435696405532296
0.7,0.8,0.7,0.3,0.3526744,49925,0.03495512354525386
0.9,0.7,0.5,0.4,0.35268432,49925,0.03241208837529161
0.9,0.8,0.7,0.3,0.35269865,49925,0.034004581455275296
0.4,0.9,0.4,0.8,0.352728,49925,0.033358210891123716
0.3,0.5,0.1,0.7,0.3527345,49925,0.029321752426049556
0.8,0.8,0.7,0.3,0.35274985,49925,0.034458977036067866
0.4,0.7,0.2,0.7,0.35275254,49925,0.0317155243111448
0.3,0.7,0.2,0.7,0.352754,49925,0.032247297363776704
0.4,0.9,0.8,0.3,0.3527727,49925,0.0370777489322003
0.6,0.4,0.1,0.5,0.35277775,49925,0.02806473258874404
0.9,0.7,0.2,0.7,0.35278362,49925,0.029500428942574396
0.1,0.8,0.6,0.4,0.35278842,49925,0.037606626494958016
0.4,0.7,0.5,0.4,0.3527925,49925,0.035021393675221786
0.5,0.9,0.4,0.8,0.35281307,49925,0.03292712109101503
0.5,0.8,0.7,0.3,0.35286522,49925,0.035999207858933714
0.8,0.7,0.2,0.7,0.352868,49925,0.02988964378307109
0.3,0.7,0.5,0.4,0.35286823,49925,0.0356712270591682
0.5,0.7,0.2,0.7,0.35289586,49925,0.031208043037496604
0.5,0.9,0.8,0.3,0.35290027,49925,0.0365087445247547
0.6,0.7,0.2,0.7,0.35293496,49925,0.030745902927547496
0.8,0.8,0.2,0.9,0.35296112,49925,0.029591046740215152
0.7,0.7,0.2,0.7,0.3529687,49925,0.030302410668505614
0.6,0.9,0.4,0.8,0.35298914,49925,0.0325089996137536
0.6,0.3,0.2,0.2,0.35300416,49925,0.03018395497019298
0.5,0.3,0.2,0.2,0.35300896,49925,0.03097195102515176
0.8,0.9,0.4,0.8,0.35302198,49925,0.03175616775488502
0.7,0.9,0.4,0.8,0.35302725,49925,0.03212275061766272
0.3,0.6,0.3,0.5,0.35303223,49925,0.03356974227732122
0.9,0.9,0.4,0.8,0.35303715,49925,0.03141356236522801
0.8,0.6,0.3,0.5,0.35304016,49925,0.030808024989656888
0.1,0.9,0.4,0.8,0.35305846,49925,0.03482293627318616
0.2,0.7,0.5,0.4,0.35306716,49928,0.03635080579669296
0.9,0.6,0.4,0.4,0.35307896,49925,0.031413653333043585
0.8,0.3,0.1,0.3,0.35308757,49925,0.027021065141302605
0.3,0.9,0.4,0.8,0.35308874,49925,0.03381667097521357
0.9,0.6,0.3,0.5,0.3530911,49925,0.030375021661822012
0.3,0.8,0.7,0.3,0.35311586,49925,0.037228147886161515
0.8,0.9,0.5,0.7,0.35312137,49925,0.03255443177509604
0.2,0.9,0.4,0.8,0.35312253,49925,0.03429732429843007
0.9,0.7,0.6,0.3,0.3531305,49925,0.03329037648920313
0.1,0.9,0.3,0.9,0.353131,49925,0.03384888053493391
0.9,0.9,0.5,0.7,0.3531338,49925,0.03219119127920922
0.3,0.9,0.5,0.7,0.35314435,49925,0.034704325623840016
0.7,0.9,0.5,0.7,0.35314932,49925,0.032937720820361165
0.2,0.9,0.3,0.9,0.35314995,49925,0.03335691417555064
0.4,0.9,0.5,0.7,0.35316262,49925,0.034216565898142176
0.7,0.6,0.3,0.5,0.35317236,49925,0.03128859298604609
0.6,0.6,0.3,0.5,0.35317463,49925,0.03180162463779053
0.6,0.5,0.1,0.8,0.35317567,49925,0.027367858892195073
0.6,0.7,0.6,0.3,0.35317814,49925,0.03483781252318854
0.4,0.6,0.3,0.5,0.35317916,49925,0.03292314806629598
0.7,0.8,0.2,0.9,0.35319257,49925,0.029968670099438002
0.3,0.9,0.8,0.3,0.35320064,49925,0.037647952126964965
0.2,0.5,0.1,0.7,0.35320455,49925,0.02992694327046861
0.7,0.6,0.4,0.4,0.35320747,49925,0.03238978653185515
0.4,0.3,0.2,0.2,0.35320932,49925,0.031884505853596604
0.8,0.6,0.4,0.4,0.35320932,49925,0.031884505853596604
0.7,0.7,0.6,0.3,0.3532144,49925,0.03426887549263597
0.4,0.8,0.7,0.3,0.3532246,49925,0.036587617692690144
0.6,0.9,0.5,0.7,0.35322565,49925,0.03333298008357461
0.1,0.3,0.1,0.3,0.35325724,49925,0.032892822759909866
0.3,0.9,0.3,0.9,0.35325724,49925,0.032892822759909866
0.2,0.6,0.2,0.6,0.35325724,49925,0.032892822759909866
0.5,0.6,0.3,0.5,0.3532585,49925,0.032337138126407414
0.9,0.7,0.7,0.1,0.35326415,49925,0.034431681541459425
0.8,0.7,0.6,0.3,0.3532669,49925,0.033764737428613495
0.9,0.6,0.6,0.1,0.35326758,49925,0.03364139477460646
0.6,0.6,0.4,0.4,0.35327935,49925,0.03294143932361581
0.9,0.9,0.6,0.6,0.35327935,49925,0.03294143932361581
0.3,0.3,0.2,0.2,0.35327935,49925,0.03294143932361581
0.7,0.3,0.1,0.3,0.35328305,49925,0.027609230247236067
0.5,0.9,0.5,0.7,0.35328567,49925,0.03376182115607988
0.1,0.6,0.3,0.5,0.3533071,49925,0.03501143828556544
0.2,0.6,0.3,0.5,0.3533112,49925,0.0342509288663523
0.9,0.5,0.5,0.1,0.35331172,49925,0.03266902530079196
0.1,0.6,0.2,0.6,0.35332152,49925,0.0336027811731002
0.2,0.9,0.5,0.7,0.3533244,49925,0.035222031388069786
0.7,0.9,0.6,0.6,0.3533302,49925,0.03373337152134867
0.1,0.9,0.5,0.7,0.35333282,49925,0.03574472972900204
0.5,0.6,0.4,0.4,0.35334462,49925,0.033523954580832266
0.3,0.6,0.2,0.6,0.35334787,49925,0.032261758763569806
0.4,0.9,0.3,0.9,0.35335332,49925,0.032460897702849406
0.4,0.7,0.6,0.3,0.353367,49926,0.03603018046809118
0.9,0.5,0.1,0.9,0.3533898,49925,0.025944572415779264
0.5,0.7,0.6,0.3,0.35339522,49925,0.03541353696889143
0.9,0.8,0.8,0.1,0.3533958,49925,0.03506795370915768
0.6,0.3,0.1,0.3,0.35340878,49925,0.028256877040198483
0.2,0.8,0.7,0.3,0.35341346,49925,0.03789369187125833
0.8,0.9,0.6,0.6,0.353423,49925,0.033326013581482364
0.4,0.6,0.4,0.4,0.35342455,49925,0.03416278906615294
0.2,0.3,0.2,0.2,0.35342455,49925,0.03416278906615294
0.6,0.9,0.6,0.6,0.35342455,49925,0.034162789066152936
0.6,0.8,0.2,0.9,0.35343313,49925,0.030354237436303756
0.7,0.9,0.3,0.9,0.3534366,49925,0.03130672122922889
0.8,0.9,0.7,0.5,0.3534412,49926,0.03407474333141836
0.8,0.6,0.6,0.1,0.3534571,49925,0.034211288708832464
0.8,0.9,0.3,0.9,0.35346428,49925,0.03096559949101862
0.1,0.7,0.5,0.4,0.35346663,49925,0.03708345210621447
0.2,0.9,0.8,0.3,0.3534901,49928,0.03825493727217569
0.5,0.9,0.3,0.9,0.35349104,49925,0.032055557083600805
0.5,0.9,0.6,0.6,0.35349882,49925,0.03459999928844608
0.8,0.7,0.7,0.1,0.35350156,49925,0.034964948613881455
0.2,0.3,0.1,0.3,0.3535093,49925,0.03167676245378121
0.4,0.6,0.2,0.6,0.3535093,49925,0.03167676245378121
0.6,0.9,0.3,0.9,0.3535093,49925,0.031676762453781204
0.6,0.6,0.2,0.6,0.35351318,49925,0.030632387255559917
0.9,0.9,0.3,0.9,0.35351318,49925,0.030632387255559917
0.3,0.3,0.1,0.3,0.35351318,49925,0.030632387255559917
0.5,0.8,0.2,0.9,0.35351425,49925,0.030770948975128415
0.5,0.4,0.1,0.5,0.35352048,49925,0.02865164563908378
0.9,0.9,0.7,0.5,0.3535253,49925,0.03366941484046256
0.7,0.5,0.5,0.1,0.35357267,49925,0.03391317208451124
0.5,0.6,0.2,0.6,0.3535752,49925,0.031132817421079827
0.8,0.5,0.5,0.1,0.35357663,49930,0.03325949572143121
0.9,0.4,0.4,0.1,0.35357827,49925,0.031435253398966564
0.3,0.7,0.6,0.3,0.35360765,49925,0.03671262564929815
0.1,0.8,0.3,0.8,0.35361162,49925,0.03399775753820745
0.9,0.3,0.3,0.1,0.353624,49925,0.029799675912466895
0.9,0.9,0.9,0.1,0.35363328,49925,0.0356132685396498
0.5,0.3,0.1,0.3,0.3536344,49925,0.02895805762968645
0.3,0.8,0.3,0.8,0.3536507,49925,0.03295989089711231
0.2,0.8,0.3,0.8,0.3536533,49925,0.03345282291005346
0.1,0.5,0.1,0.7,0.35365346,49925,0.030603103947776242
0.7,0.6,0.6,0.1,0.3536575,49925,0.03481976483648381
0.3,0.6,0.4,0.4,0.35365802,49925,0.03482677380170013
0.7,0.6,0.2,0.6,0.35365915,49925,0.03017432290021169
0.4,0.3,0.1,0.3,0.35366198,49925,0.02974483611039654
0.8,0.6,0.2,0.6,0.35366198,49925,0.02974483611039654
0.9,0.6,0.5,0.3,0.35367942,49925,0.03242041326867864
0.9,0.6,0.2,0.6,0.3536884,49925,0.029334742802158933
0.7,0.8,0.8,0.1,0.3537043,49925,0.03610689485694606
0.8,0.8,0.8,0.1,0.35371062,49925,0.03558787208366091
0.2,0.9,0.6,0.6,0.3537113,49925,0.03610893959513891
0.7,0.9,0.7,0.5,0.35371825,49925,0.034491352591026425
0.8,0.9,0.9,0.1,0.35372806,49925,0.036085297749505425
0.9,0.4,0.1,0.6,0.35373232,49925,0.02626125698630302
0.8,0.4,0.4,0.1,0.35373366,49925,0.0320521907218397
0.2,0.7,0.6,0.3,0.3537443,49925,0.03744885133247366
0.6,0.7,0.7,0.1,0.35374546,49925,0.036142228130254146
0.7,0.4,0.4,0.1,0.35375708,49925,0.03273929332614152
0.4,0.9,0.6,0.6,0.35375983,49925,0.03506618743882172
0.8,0.6,0.5,0.3,0.3537671,49925,0.03292439532805631
0.9,0.8,0.4,0.7,0.35378224,49925,0.0313196009417842
0.7,0.7,0.7,0.1,0.353792,49925,0.03553966674667166
0.1,0.6,0.4,0.4,0.35379502,49925,0.03639136395678601
0.1,0.3,0.2,0.2,0.35379797,49925,0.03557667357011917
0.3,0.9,0.6,0.6,0.35379797,49925,0.03557667357011917
0.2,0.6,0.4,0.4,0.35379797,49925,0.03557667357011917
0.1,0.9,0.6,0.6,0.35381225,49925,0.03667065929241545
0.8,0.3,0.3,0.1,0.3538171,49925,0.030443021671152322
0.4,0.9,0.7,0.5,0.35381812,49925,0.03590992486375354
0.5,0.5,0.1,0.8,0.3538183,49925,0.02780869475283786
0.6,0.6,0.6,0.1,0.3538267,49925,0.03548125462193436
0.7,0.9,0.9,0.1,0.35385463,49925,0.03658845413061529
0.6,0.8,0.8,0.1,0.35386318,49925,0.036687696277514247
0.5,0.6,0.6,0.1,0.35387498,49925,0.036188541670915515
0.4,0.8,0.3,0.8,0.35387576,49925,0.032486510583110285
0.6,0.5,0.5,0.1,0.35387582,49929,0.034624522417559096
0.5,0.9,0.7,0.5,0.3538782,49925,0.03540860286019304
0.5,0.8,0.3,0.8,0.35388634,49925,0.032039552562699226
0.1,0.9,0.8,0.3,0.35388875,49925,0.03892789477330091
0.4,0.8,0.4,0.7,0.35389367,49925,0.03344078340985575
0.5,0.7,0.7,0.1,0.35390675,49925,0.03680836221396762
0.6,0.8,0.4,0.7,0.35391992,49926,0.03251566424227358
0.4,0.6,0.6,0.1,0.3539235,49925,0.03697322521361208
0.7,0.8,0.4,0.7,0.35392612,49925,0.03209900598336919
0.5,0.8,0.4,0.7,0.35393035,49925,0.032969587973621116
0.8,0.8,0.4,0.7,0.35393345,49925,0.031697640872125746
0.1,0.8,0.4,0.7,0.35393625,49925,0.03505067643455676
0.3,0.8,0.4,0.7,0.35395724,49925,0.03394092614644239
0.7,0.6,0.5,0.3,0.35396022,49925,0.03345015619914264
0.5,0.8,0.8,0.1,0.35396886,49925,0.03728453675056832
0.6,0.4,0.4,0.1,0.3539816,49925,0.03350441632347204
0.9,0.8,0.3,0.8,0.3539842,49925,0.03048832545129665
0.1,0.8,0.7,0.3,0.35398993,49925,0.03860479931519988
0.8,0.5,0.1,0.9,0.3539926,49925,0.026284502848732585
0.4,0.7,0.7,0.1,0.35401037,49925,0.03750179895603534
0.3,0.8,0.2,0.9,0.354011,49925,0.031678891426500724
0.6,0.9,0.7,0.5,0.35401165,49925,0.03492733210081772
0.2,0.8,0.4,0.7,0.35401818,49925,0.03448201287661792
0.1,0.5,0.2,0.5,0.35403812,49925,0.03377864409688303
0.4,0.8,0.2,0.9,0.3540519,49925,0.03121960230867672
0.6,0.6,0.5,0.3,0.35406157,49925,0.03401870449370363
0.1,0.7,0.6,0.3,0.3540699,49925,0.038242612065279395
0.6,0.8,0.3,0.8,0.35408375,49925,0.03161730771127405
0.7,0.8,0.3,0.8,0.35409367,49925,0.031223986087153637
0.8,0.8,0.3,0.8,0.35410032,49925,0.030849312612731095
0.2,0.5,0.2,0.5,0.35410047,49925,0.03298168254210995
0.5,0.6,0.5,0.3,0.35410458,49925,0.03465870773417078
0.6,0.9,0.9,0.1,0.35410574,49925,0.037113254722196516
0.5,0.4,0.4,0.1,0.3541071,49925,0.034336636003466176
0.6,0.9,0.8,0.4,0.354116,49925,0.03572471350171763
0.5,0.5,0.5,0.1,0.35412002,49925,0.03540711413390874
0.3,0.9,0.7,0.5,0.35413072,49925,0.03644061628579916
0.5,0.9,0.9,0.1,0.35414436,49925,0.037685091856060726
0.9,0.8,0.5,0.6,0.3541477,49925,0.03214864510540644
0.7,0.5,0.2,0.5,0.35416144,49925,0.029911815736063555
0.8,0.8,0.6,0.5,0.3541683,49925,0.03340525289636337
0.4,0.5,0.5,0.1,0.3541792,49925,0.03625553730029801
0.7,0.9,0.9,0.2,0.3541959,49925,0.0363030839910037
0.4,0.6,0.5,0.3,0.35420528,49928,0.03532324079748675
0.9,0.9,0.9,0.2,0.35420543,49925,0.03535332120075851
0.3,0.6,0.5,0.3,0.3542062,49925,0.03606350459538117
0.7,0.8,0.6,0.5,0.35420793,49925,0.03384661072391936
0.8,0.9,0.9,0.2,0.35421222,49925,0.03581333622744017
0.3,0.5,0.2,0.5,0.35421717,49925,0.03224525063158462
0.7,0.9,0.8,0.4,0.3542214,49925,0.03525631362256777
0.1,0.8,0.2,0.9,0.35423535,49925,0.03266475880979064
0.3,0.5,0.5,0.1,0.35423952,49925,0.03719925362722562
0.9,0.2,0.2,0.1,0.35424468,49925,0.027518945046960782
0.9,0.8,0.8,0.2,0.35424566,49925,0.03481417214842147
0.9,0.5,0.2,0.5,0.35424718,49925,0.0290206403354284
0.9,0.5,0.4,0.3,0.35425097,49925,0.03132060920850484
0.2,0.8,0.2,0.9,0.3542518,49925,0.032155117303371776
0.9,0.8,0.6,0.5,0.354263,49925,0.0329846296080727
0.6,0.8,0.5,0.6,0.35427374,49925,0.03342466443373806
0.4,0.8,0.5,0.6,0.35428688,49925,0.03439417706581619
0.5,0.8,0.5,0.6,0.35428932,49925,0.03389022508113748
0.8,0.8,0.5,0.6,0.35429034,49925,0.032558567699829816
0.9,0.9,0.8,0.4,0.35430223,49925,0.034378750405756
0.5,0.9,0.8,0.4,0.3543206,49925,0.03620583038564766
0.8,0.5,0.3,0.4,0.35432267,49925,0.030638765433684365
0.9,0.5,0.3,0.4,0.3543366,49925,0.030162774889297195
0.6,0.5,0.3,0.4,0.35434163,49925,0.031725539872944374
0.7,0.8,0.5,0.6,0.35434228,49925,0.03298197964373103
0.4,0.8,0.8,0.1,0.35434663,49925,0.03792767855651777
0.4,0.5,0.2,0.5,0.3543709,49926,0.03157950141696822
0.4,0.4,0.1,0.5,0.35437256,49925,0.02930677058691938
0.2,0.8,0.5,0.6,0.35437316,49925,0.03549430231770187
0.4,0.5,0.1,0.8,0.35437566,49925,0.028291952238265795
0.7,0.5,0.3,0.4,0.3543824,49925,0.031156791540864356
0.8,0.5,0.2,0.5,0.3543843,49925,0.029450512879284848
0.3,0.8,0.5,0.6,0.35439655,49925,0.03492380995832326
0.6,0.5,0.2,0.5,0.35440323,49925,0.03040912661111697
0.8,0.9,0.8,0.4,0.35441107,49930,0.034800277216132464
0.3,0.6,0.6,0.1,0.35441366,49925,0.037791967095360715
0.2,0.9,0.7,0.5,0.35441744,49925,0.03699679434250632
0.2,0.6,0.5,0.3,0.35444078,49925,0.03686799411216018
0.6,0.9,0.9,0.2,0.35446322,49925,0.036817054335726206
0.8,0.2,0.2,0.1,0.3544646,49925,0.028147305103517945
0.8,0.8,0.8,0.2,0.35446727,49925,0.035281322135586476
0.4,0.4,0.4,0.1,0.35446727,49925,0.035281322135586476
0.7,0.3,0.3,0.1,0.35447156,49925,0.031155011416674188
0.7,0.5,0.4,0.3,0.35447645,49925,0.032395690315584084
0.1,0.8,0.5,0.6,0.35447726,49925,0.036097702860465125
0.6,0.8,0.6,0.5,0.35449767,49925,0.03431052974898332
0.5,0.5,0.3,0.4,0.354504,49925,0.03234601055157515
0.5,0.5,0.2,0.5,0.35450414,49925,0.030967419503461577
0.4,0.9,0.9,0.1,0.35451096,49925,0.038290025052873385
0.9,0.7,0.7,0.2,0.3545267,49925,0.03415625044954406
0.8,0.4,0.1,0.6,0.35452878,49925,0.026688582053213998
0.5,0.9,0.9,0.2,0.35454673,49925,0.03734162325657157
0.3,0.4,0.4,0.1,0.3545536,49925,0.03636421441545289
0.6,0.8,0.8,0.2,0.3545536,49925,0.03636421441545289
0.7,0.8,0.8,0.2,0.35456073,49925,0.03580061400031693
0.8,0.5,0.4,0.3,0.35457397,49925,0.031845105990963324
0.3,0.7,0.7,0.1,0.35457447,49925,0.03826403110804541
0.3,0.9,0.9,0.2,0.3545783,49925,0.03854062068609595
0.1,0.9,0.7,0.5,0.3545862,49925,0.03758059823803519
0.7,0.5,0.1,0.9,0.35464668,49925,0.026631357083528803
0.8,0.7,0.7,0.2,0.35464934,49925,0.03467239019604329
0.2,0.7,0.7,0.1,0.35465205,49925,0.039101247053232174
0.1,0.7,0.3,0.7,0.35465637,49925,0.034169265075323405
0.1,0.6,0.5,0.3,0.3546599,49925,0.03772594240517974
0.3,0.9,0.9,0.1,0.3546654,49925,0.0389412224335276
0.6,0.3,0.3,0.1,0.35467416,49925,0.03195925231688729
0.5,0.8,0.8,0.2,0.3546766,49925,0.03692452934015372
0.2,0.5,0.5,0.1,0.35468096,49925,0.03823380982585205
0.2,0.5,0.3,0.4,0.35468245,49925,0.034542789633593515
0.6,0.5,0.4,0.3,0.35468262,49925,0.03300782273821281
0.3,0.5,0.3,0.4,0.35469127,49925,0.03373477585427387
0.5,0.7,0.3,0.7,0.35469767,49925,0.031994726095968894
0.3,0.7,0.3,0.7,0.35469955,49925,0.03299565538549723
0.3,0.8,0.8,0.1,0.35470662,49925,0.038641851374354885
0.4,0.5,0.3,0.4,0.35471267,49925,0.03300714471765044
0.4,0.7,0.3,0.7,0.35472834,49925,0.032484171525526205
0.1,0.6,0.6,0.1,0.35473233,49925,0.039739765725308546
0.4,0.9,0.9,0.2,0.35474506,49925,0.037911546732185476
0.2,0.8,0.8,0.1,0.35475075,49925,0.039389921116434974
0.2,0.6,0.6,0.1,0.35475376,49925,0.03872410069660809
0.6,0.2,0.1,0.2,0.354774,49925,0.02737726557836745
0.9,0.7,0.3,0.7,0.35477933,49925,0.03032353773106211
0.6,0.7,0.3,0.7,0.35478535,49925,0.0315289814843384
0.7,0.7,0.3,0.7,0.35478616,49925,0.0311023626374837
0.4,0.9,0.8,0.4,0.3547864,49925,0.0367280650137658
0.2,0.7,0.3,0.7,0.35478744,49925,0.033560038032647
0.8,0.7,0.3,0.7,0.3547979,49925,0.030701942902459946
0.6,0.7,0.4,0.6,0.35479817,49925,0.03254228104562631
0.8,0.2,0.1,0.2,0.35480607,49925,0.026149611361570402
0.3,0.8,0.6,0.5,0.3548075,49925,0.03589091552643334
0.7,0.7,0.4,0.6,0.35481417,49925,0.03208301785291138
0.5,0.7,0.7,0.2,0.35482055,49934,0.03642527511322745
0.3,0.9,0.4,0.9,0.35482252,49925,0.03344756101004373
0.4,0.8,0.6,0.5,0.35482726,49925,0.03533194318477311
0.5,0.8,0.6,0.5,0.35482746,49925,0.03479370300477741
0.9,0.2,0.1,0.2,0.35483432,49925,0.025635786844501268
0.9,0.8,0.7,0.4,0.3548354,49925,0.03378130362969135
0.4,0.8,0.8,0.2,0.35484052,49925,0.0375353733087464
0.2,0.4,0.4,0.1,0.35484052,49925,0.0375353733087464
0.2,0.9,0.9,0.2,0.35484833,49925,0.03917593134884174
0.9,0.7,0.4,0.6,0.3548514,49925,0.031231869554557486
0.4,0.5,0.4,0.3,0.3548556,49925,0.034406063314649196
0.8,0.6,0.6,0.2,0.35485893,49925,0.03391355435907891
0.4,0.3,0.3,0.1,0.35485893,49925,0.03391355435907891
0.4,0.9,0.4,0.9,0.3548838,49925,0.03301588378467037
0.7,0.2,0.2,0.1,0.3548881,49925,0.028866508162345546
0.5,0.8,0.7,0.4,0.35488868,49925,0.035706454836773024
0.3,0.8,0.8,0.2,0.35490847,49925,0.03820457432313715
0.8,0.9,0.4,0.9,0.35490853,49925,0.03151537761127453
0.5,0.5,0.4,0.3,0.35491323,49925,0.03366416828992078
0.5,0.9,0.4,0.9,0.35491604,49925,0.03260126244017859
0.2,0.9,0.4,0.9,0.35492086,49928,0.03389590306424569
0.8,0.7,0.4,0.6,0.3549213,49925,0.031652658517369266
0.7,0.7,0.7,0.2,0.3549325,49925,0.035207900529273
0.1,0.5,0.5,0.1,0.3549537,49925,0.0393937245656808
0.9,0.7,0.2,0.8,0.35496482,49925,0.029223066783646334
0.2,0.7,0.4,0.6,0.35496947,49925,0.03471808884016614
0.8,0.8,0.7,0.4,0.35497645,49925,0.03420932957918077
0.7,0.9,0.4,0.9,0.3549774,49925,0.03185787960485815
0.2,0.8,0.8,0.2,0.3549806,49925,0.03891402472503557
0.1,0.4,0.4,0.1,0.3549806,49925,0.03891402472503557
0.3,0.5,0.1,0.8,0.35498598,49925,0.028798415207221147
0.1,0.9,0.4,0.9,0.3549905,49925,0.034375685165828125
0.2,0.9,0.9,0.1,0.35499167,49925,0.039620237169845335
0.7,0.2,0.1,0.2,0.3550077,49925,0.02671639748920588
0.5,0.7,0.4,0.6,0.35501072,49925,0.03302715360649879
0.3,0.9,0.8,0.4,0.3550141,49925,0.03727951852828181
0.9,0.9,0.4,0.9,0.35501426,49925,0.031180475261606777
0.1,0.5,0.3,0.4,0.35501468,49925,0.035435001927515364
0.7,0.8,0.7,0.4,0.35502338,49925,0.034685580572060046
0.6,0.8,0.7,0.4,0.35502732,49925,0.0351824489459976
0.4,0.7,0.7,0.2,0.35503268,49925,0.03707810719955326
0.2,0.8,0.6,0.5,0.3550352,49925,0.03648644047803558
0.6,0.7,0.7,0.2,0.35504606,49925,0.035782566358384026
0.7,0.9,0.5,0.8,0.35504806,49925,0.03266488922420038
0.9,0.6,0.6,0.2,0.35505098,49925,0.03337442037571646
0.1,0.7,0.7,0.1,0.35507375,49933,0.040004265570162734
0.1,0.7,0.4,0.6,0.35507947,49925,0.035353020781366776
0.7,0.6,0.6,0.2,0.3551045,49925,0.034492024705197036
0.1,0.9,0.5,0.8,0.355106,49925,0.03531462521287073
0.1,0.8,0.6,0.5,0.3551296,49925,0.03712838702780571
0.3,0.7,0.7,0.2,0.35512984,49925,0.03781072827678541
0.5,0.3,0.3,0.1,0.3551315,49929,0.03286388905974499
0.4,0.8,0.7,0.4,0.35513425,49925,0.03625953089918765
0.9,0.7,0.5,0.5,0.355152,49925,0.03216229512100147
0.6,0.9,0.4,0.9,0.3551541,49925,0.03221308701176337
0.8,0.9,0.5,0.8,0.3551821,49925,0.03229313193186893
0.3,0.4,0.1,0.5,0.35519537,49925,0.030029155691341545
0.2,0.9,0.8,0.4,0.355201,49925,0.03785658826308582
0.5,0.2,0.1,0.2,0.35520133,49925,0.028147198951218966
0.8,0.7,0.2,0.8,0.35521138,49925,0.029588581041556802
0.6,0.7,0.5,0.5,0.35521185,49925,0.033557689861559645
0.1,0.8,0.8,0.1,0.35521734,49933,0.040207371067309546
0.3,0.7,0.2,0.8,0.35523158,49925,0.031791346005674764
0.8,0.7,0.6,0.4,0.355232,49925,0.03349808070630598
0.2,0.7,0.2,0.8,0.35524657,49926,0.032310251090924225
0.3,0.7,0.4,0.6,0.35525748,49925,0.034112237171450385
0.7,0.4,0.1,0.6,0.35526365,49925,0.027153559440225714
0.3,0.8,0.7,0.4,0.35526952,49927,0.03684542674912341
0.6,0.9,0.5,0.8,0.3552702,49925,0.0330455599868431
0.3,0.5,0.4,0.3,0.35527045,49925,0.03519494502185496
0.9,0.9,0.5,0.8,0.35527053,49925,0.0319328037997422
0.6,0.2,0.2,0.1,0.3552885,49925,0.029699693134169477
0.4,0.7,0.4,0.6,0.35530052,49925,0.03355503388345908
0.1,0.7,0.2,0.8,0.35530716,49925,0.032869288954735565
0.1,0.9,0.9,0.1,0.35530782,49925,0.04036135802538005
0.2,0.9,0.5,0.8,0.35530868,49925,0.03481067332411973
0.4,0.7,0.2,0.8,0.3553145,49925,0.0312990297611344
0.8,0.7,0.5,0.5,0.35533315,49925,0.03259941941773539
0.6,0.6,0.6,0.2,0.3553335,49925,0.03510356264262619
0.9,0.9,0.9,0.3,0.3553335,49925,0.035103562642626186
0.3,0.3,0.3,0.1,0.3553335,49925,0.03510356264262619
0.1,0.9,0.9,0.2,0.35533857,49925,0.03985625781936077
0.6,0.7,0.2,0.8,0.3553486,49925,0.030396907221758734
0.5,0.7,0.5,0.5,0.35535657,49926,0.03407476420070069
0.9,0.7,0.6,0.4,0.35537028,49925,0.033035174667409156
0.6,0.5,0.1,0.9,0.3553778,49925,0.02701702187926484
0.5,0.7,0.2,0.8,0.35538855,49925,0.030837152644924516
0.7,0.9,0.9,0.3,0.35539305,49925,0.036009261080925774
0.1,0.8,0.8,0.2,0.35539606,49925,0.03964581323662592
0.9,0.5,0.5,0.2,0.35540166,49925,0.03240779902741514
0.5,0.9,0.5,0.8,0.3554053,49925,0.0334490282555538
0.1,0.5,0.4,0.3,0.35542518,49925,0.03706414690426818
0.7,0.9,0.6,0.7,0.35543445,49925,0.03345324305293755
0.7,0.7,0.2,0.8,0.35544556,49925,0.029987742700137543
0.1,0.9,0.8,0.4,0.3554693,49925,0.03848476948274164
0.7,0.7,0.5,0.5,0.3554809,49925,0.03306514092137722
0.4,0.7,0.5,0.5,0.35548323,49925,0.03461821407635337
0.3,0.9,0.5,0.8,0.3554954,49925,0.03433036546570145
0.5,0.6,0.6,0.2,0.35549992,49925,0.03577133491058145
0.9,0.4,0.2,0.4,0.3555134,49925,0.028583194287781964
0.2,0.5,0.4,0.3,0.35552412,49925,0.036073232662956506
0.8,0.9,0.6,0.7,0.355532,49925,0.03307030442915504
0.4,0.9,0.5,0.8,0.3555332,49925,0.03387305338386924
0.8,0.8,0.8,0.3,0.35554764,49925,0.035029702535968814
0.9,0.8,0.8,0.3,0.35556298,49925,0.034557678998872424
0.8,0.9,0.9,0.3,0.35556427,49925,0.03554857952842325
0.4,0.6,0.6,0.2,0.35556772,49925,0.036495671519038306
0.6,0.9,0.9,0.3,0.35556772,49925,0.036495671519038306
0.2,0.3,0.3,0.1,0.35556772,49925,0.036495671519038306
0.2,0.7,0.7,0.2,0.35556793,49925,0.03856771160555931
0.5,0.9,0.9,0.3,0.35560107,49926,0.03702417815662132
0.9,0.9,0.6,0.7,0.3556072,49925,0.03270029340038056
0.7,0.5,0.5,0.2,0.35562718,49925,0.033588149922363884
0.2,0.7,0.5,0.5,0.3556335,49925,0.03584579332955142
0.8,0.5,0.5,0.2,0.3556388,49925,0.03296910889196375
0.9,0.9,0.7,0.6,0.35565612,49925,0.03343676475600146
0.9,0.4,0.3,0.3,0.3556711,49925,0.029902588849296967
0.6,0.7,0.6,0.4,0.35568118,49925,0.03450111113413189
0.2,0.5,0.1,0.8,0.3556865,49925,0.029352569465200647
0.3,0.6,0.6,0.2,0.35568658,49925,0.03729774761121493
0.5,0.9,0.6,0.7,0.35569805,49926,0.034294458655629675
0.7,0.7,0.6,0.4,0.35570425,49925,0.033982412425418135
0.6,0.9,0.6,0.7,0.35571325,49925,0.03385471253559114
0.8,0.9,0.7,0.6,0.35571697,49925,0.03383124419704035
0.5,0.7,0.6,0.4,0.3557231,49925,0.03507461026647997
0.4,0.9,0.9,0.3,0.3557264,49925,0.03757110086563379
0.3,0.7,0.5,0.5,0.35572875,49925,0.03521032013737867
0.4,0.9,0.6,0.7,0.35575077,49926,0.03473867377923222
0.2,0.8,0.7,0.4,0.35575724,49925,0.03746965885101936
0.9,0.9,0.8,0.5,0.35575935,49925,0.034170495344408164
0.7,0.9,0.7,0.6,0.3557596,49925,0.03423448538452411
0.8,0.4,0.2,0.4,0.35577232,49925,0.029052229704198507
0.4,0.2,0.1,0.2,0.35577232,49925,0.029052229704198507
0.1,0.7,0.7,0.2,0.3557737,49925,0.03939587432565624
0.5,0.5,0.5,0.2,0.35577437,49925,0.03497540514576285
0.6,0.5,0.5,0.2,0.35577577,49925,0.03424641218991317
0.2,0.4,0.1,0.5,0.35578465,49925,0.030833126855591225
0.8,0.4,0.3,0.3,0.35578662,49925,0.030442138683440565
0.1,0.7,0.5,0.5,0.3558072,49925,0.03653394290630543
0.5,0.2,0.2,0.1,0.35581443,49925,0.030650702195342612
0.7,0.8,0.4,0.8,0.35582027,49925,0.03180730596704698
0.6,0.8,0.8,0.3,0.35583103,49925,0.03602827374968861
0.3,0.9,0.6,0.7,0.35583305,49925,0.03521559986858694
0.3,0.9,0.9,0.3,0.35583884,49925,0.03815343480755602
0.1,0.3,0.3,0.1,0.35583884,49925,0.03815343480755602
0.2,0.6,0.6,0.2,0.35583884,49925,0.03815343480755602
0.8,0.6,0.3,0.6,0.3558409,49925,0.030521395228657013
0.7,0.4,0.2,0.4,0.35585272,49925,0.029565539926438292
0.5,0.6,0.3,0.6,0.35586512,49925,0.031931631147354415
0.7,0.4,0.3,0.3,0.35588327,49925,0.03102613559114363
0.1,0.9,0.6,0.7,0.355897,49925,0.0362314017923068
0.3,0.6,0.3,0.6,0.35590294,49925,0.033067316555051636
0.4,0.8,0.4,0.8,0.35590294,49925,0.033067316555051636
0.1,0.2,0.1,0.2,0.35590294,49925,0.033067316555051636
0.2,0.4,0.2,0.4,0.35590294,49925,0.033067316555051636
0.1,0.8,0.7,0.4,0.3559081,49925,0.03813353683885372
0.6,0.4,0.1,0.6,0.35590872,49925,0.02764284627912656
0.2,0.9,0.6,0.7,0.3559089,49925,0.03571746908595409
0.6,0.4,0.2,0.4,0.35592133,49925,0.030125901793029722
0.9,0.6,0.3,0.6,0.35592133,49925,0.030125901793029722
0.3,0.2,0.1,0.2,0.35592133,49925,0.030125901793029722
0.5,0.5,0.1,0.9,0.35592332,49925,0.027425059217097904
0.6,0.9,0.7,0.6,0.3559256,49925,0.03465950373505244
0.5,0.4,0.2,0.4,0.35593534,49925,0.03073520464994275
0.7,0.8,0.8,0.3,0.35594344,49925,0.03549968272333459
0.5,0.9,0.7,0.6,0.35594693,49925,0.03509258314275912
0.9,0.8,0.4,0.8,0.35594788,49925,0.031077275378662544
0.6,0.8,0.4,0.8,0.35595277,49925,0.03219946314385935
0.3,0.4,0.2,0.4,0.35595277,49925,0.03219946314385935
0.4,0.8,0.3,0.9,0.3559547,49925,0.032112609089229534
0.1,0.8,0.3,0.9,0.3559664,49925,0.03352088372298365
0.6,0.6,0.3,0.6,0.35597202,49925,0.031435830869479535
0.2,0.2,0.1,0.2,0.35597202,49925,0.031435830869479535
0.8,0.8,0.4,0.8,0.35597202,49925,0.031435830869479535
0.4,0.4,0.2,0.4,0.35597202,49925,0.031435830869479535
0.5,0.8,0.4,0.8,0.35597378,49925,0.03262662989879002
0.3,0.8,0.4,0.8,0.35598356,49926,0.033548712132521856
0.5,0.8,0.8,0.3,0.35598385,49925,0.036577216533935815
0.3,0.8,0.3,0.9,0.35599065,49925,0.032553130128368524
0.7,0.6,0.3,0.6,0.35599974,49925,0.030961399312810958
0.2,0.8,0.3,0.9,0.3560005,49925,0.033011121000854765
0.4,0.6,0.3,0.6,0.35600245,49925,0.03248006758124996
0.7,0.8,0.3,0.9,0.3560068,49925,0.030928644809200285
0.4,0.7,0.6,0.4,0.35601252,49925,0.03565538938514062
0.8,0.9,0.8,0.5,0.35602388,49925,0.034573927149832234
0.2,0.6,0.3,0.6,0.3560309,49925,0.033705341180410346
0.2,0.8,0.4,0.8,0.35603523,49925,0.03404342512389132
0.1,0.4,0.2,0.4,0.35603523,49925,0.03404342512389132
0.9,0.8,0.5,0.7,0.35603604,49925,0.03190966333878912
0.4,0.8,0.8,0.3,0.35604516,49925,0.03717198381807953
0.7,0.7,0.7,0.3,0.35606626,49925,0.034912600634898094
0.9,0.7,0.7,0.3,0.3560763,49925,0.033909361339800714
0.8,0.6,0.4,0.5,0.35611343,49925,0.03159394576543839
0.4,0.9,0.7,0.6,0.3561204,49925,0.03556497047404651
0.4,0.5,0.5,0.2,0.35612732,49925,0.03575518107037089
0.9,0.6,0.5,0.4,0.35613018,49927,0.032163293471734675
0.3,0.7,0.6,0.4,0.3561335,49928,0.03628857326541694
0.7,0.9,0.8,0.5,0.35613558,49925,0.03499375407069391
0.1,0.4,0.1,0.5,0.3561458,49925,0.031700113677656024
0.3,0.6,0.2,0.7,0.35616997,49925,0.03177972575192259
0.8,0.8,0.3,0.9,0.35617444,49925,0.03058631117247997
0.6,0.8,0.3,0.9,0.35617605,49925,0.031299979209985375
0.9,0.8,0.3,0.9,0.35618562,49925,0.030254705935551632
0.8,0.8,0.5,0.7,0.35618687,49925,0.032298727265357735
0.5,0.9,0.8,0.5,0.35618722,49925,0.03592443547313232
0.1,0.6,0.3,0.6,0.3561901,49925,0.03440260142907244
0.5,0.8,0.3,0.9,0.35619172,49925,0.03169106924851019
0.9,0.6,0.2,0.7,0.356193,49925,0.029055153826943694
0.2,0.6,0.2,0.7,0.35619375,49925,0.032359170890476296
0.6,0.4,0.3,0.3,0.35619915,49925,0.03165959310006227
0.6,0.9,0.8,0.5,0.3562097,49925,0.0354522496820835
0.2,0.7,0.6,0.4,0.35620978,49925,0.0369806315492143
0.4,0.9,0.8,0.5,0.35621703,49925,0.03642956650070806
0.9,0.3,0.1,0.4,0.35624468,49925,0.026216724972732534
0.9,0.4,0.4,0.2,0.356246,49925,0.031186274680966762
0.1,0.8,0.4,0.8,0.35624918,49925,0.03458241840256733
0.2,0.9,0.7,0.6,0.3562535,49925,0.03660548900643231
0.9,0.6,0.4,0.5,0.35626352,49925,0.031144842915106646
0.3,0.9,0.7,0.6,0.35626614,49925,0.036071823050089415
0.8,0.6,0.5,0.4,0.35627258,49925,0.03264068135820911
0.8,0.7,0.7,0.3,0.35627663,49925,0.034400171769895314
0.1,0.6,0.2,0.7,0.35628277,49925,0.03297791912932335
0.7,0.6,0.4,0.5,0.35630324,49925,0.03205828679400843
0.3,0.8,0.5,0.7,0.35631388,49925,0.03451882826129869
0.7,0.8,0.5,0.7,0.35633284,49925,0.03268702769836239
0.8,0.6,0.2,0.7,0.35633484,49925,0.029432275368582058
0.3,0.8,0.8,0.3,0.35633537,49925,0.03779323787343928
0.6,0.6,0.2,0.7,0.3563415,49925,0.030277340518369406
0.4,0.6,0.2,0.7,0.3563471,49925,0.031241636199416365
0.9,0.4,0.1,0.7,0.35635424,49925,0.02596246746383048
0.3,0.5,0.5,0.2,0.35636997,49925,0.03661949518039577
0.4,0.8,0.5,0.7,0.35639575,49925,0.03401572053095575
0.7,0.6,0.5,0.4,0.35639644,49925,0.03313933294428385
0.7,0.6,0.2,0.7,0.35640317,49925,0.029839717928811956
0.2,0.8,0.5,0.7,0.3564156,49925,0.03505991554802707
0.9,0.9,0.9,0.4,0.3564313,49925,0.034883062412177944
0.2,0.9,0.9,0.3,0.35643876,49926,0.038744242796990215
0.1,0.9,0.7,0.6,0.35644656,49925,0.037172506754996906
0.4,0.6,0.4,0.5,0.3564571,49925,0.03372236710437576
0.5,0.6,0.4,0.5,0.3564584,49925,0.03312497487854484
0.6,0.7,0.7,0.3,0.3564723,49925,0.03546767835760176
0.5,0.6,0.2,0.7,0.35649967,49925,0.030737023496708385
0.9,0.7,0.2,0.9,0.3565065,49925,0.02894110989003068
0.5,0.8,0.5,0.7,0.3565233,49927,0.03355280972768999
0.8,0.8,0.7,0.5,0.3565339,49925,0.03396895428959383
0.5,0.4,0.3,0.3,0.35654187,49925,0.03237219982858764
0.1,0.5,0.1,0.8,0.35655105,49925,0.029950167841305494
0.6,0.8,0.5,0.7,0.3565544,49925,0.033104197112718454
0.9,0.8,0.7,0.5,0.3565686,49925,0.03353651588710419
0.2,0.5,0.5,0.2,0.35657892,49925,0.037589551169165354
0.5,0.8,0.6,0.6,0.35659152,49925,0.03448441224049449
0.1,0.8,0.5,0.7,0.3566096,49926,0.03560761411303949
0.6,0.6,0.4,0.5,0.35661173,49925,0.03257399539322263
0.3,0.9,0.8,0.5,0.35661307,49925,0.0369374615552121
0.8,0.4,0.4,0.2,0.3566202,49925,0.031785471465517426
0.4,0.2,0.2,0.1,0.3566202,49925,0.031785471465517426
0.5,0.4,0.1,0.6,0.3566307,49925,0.02818263931362561
0.1,0.6,0.6,0.2,0.35663158,49925,0.03905724824398492
0.8,0.9,0.9,0.4,0.35664076,49925,0.03530437007817402
0.1,0.9,0.9,0.3,0.35664192,49925,0.039389222987784515
0.9,0.1,0.1,0.1,0.35664827,49925,0.02412673228104287
0.1,0.7,0.6,0.4,0.35665402,49925,0.03769761910346037
0.3,0.4,0.3,0.3,0.3566541,49925,0.03401925634138921
0.6,0.8,0.6,0.6,0.3566541,49925,0.03401925634138921
0.2,0.8,0.8,0.3,0.3566615,49925,0.038455589283124966
0.4,0.5,0.1,0.9,0.35666502,49925,0.02786541234197624
0.4,0.6,0.5,0.4,0.35666716,49925,0.03492710066384759
0.6,0.6,0.5,0.4,0.35668817,49925,0.03368706172411588
0.9,0.8,0.6,0.6,0.3566993,49925,0.032743036630618776
0.8,0.8,0.6,0.6,0.35670593,49925,0.03315547151904317
0.4,0.4,0.3,0.3,0.35670593,49925,0.03315547151904317
0.5,0.6,0.5,0.4,0.35671556,49925,0.03428766902674168
0.7,0.9,0.9,0.4,0.35676366,49925,0.03574802636413793
0.3,0.6,0.4,0.5,0.35677177,49925,0.034342019707005234
0.7,0.8,0.6,0.6,0.35678786,49925,0.03357037910281947
0.7,0.4,0.4,0.2,0.3567905,49925,0.03242335286767006
0.1,0.6,0.4,0.5,0.3568137,49925,0.0357664043678678
0.7,0.8,0.7,0.5,0.35684243,49925,0.03440779312537811
0.5,0.7,0.7,0.3,0.35685727,49925,0.03604335071166136
0.2,0.6,0.4,0.5,0.35686487,49925,0.03503245432792137
0.8,0.3,0.1,0.4,0.35687423,49925,0.02670834389058108
0.6,0.9,0.9,0.4,0.35688388,49925,0.03620843509840882
0.4,0.7,0.7,0.3,0.35690135,49925,0.036688800025535775
0.2,0.9,0.8,0.5,0.35693192,49925,0.03748221120687824
0.8,0.4,0.1,0.7,0.3569343,49925,0.026354505738934064
0.6,0.4,0.4,0.2,0.3569359,49925,0.03313368758481586
0.3,0.2,0.2,0.1,0.3569359,49925,0.03313368758481586
0.9,0.6,0.6,0.3,0.3569359,49925,0.03313368758481586
0.4,0.8,0.7,0.5,0.3569504,49925,0.035921378273255346
0.3,0.8,0.6,0.6,0.3569585,49925,0.03548748991995506
0.9,0.7,0.4,0.7,0.3569592,49925,0.030973112738818958
0.2,0.4,0.3,0.3,0.35697022,49930,0.0349741553997632
0.4,0.8,0.6,0.6,0.35697022,49930,0.0349741553997632
0.9,0.9,0.5,0.9,0.35699221,49925,0.03168670714785477
0.4,0.7,0.3,0.8,0.3570256,49925,0.032098697457107334
0.8,0.6,0.6,0.3,0.3570307,49925,0.033644829238344734
0.8,0.7,0.2,0.9,0.35703585,49925,0.029297287661556096
0.3,0.6,0.5,0.4,0.35703716,49925,0.03558636304193543
0.5,0.7,0.3,0.8,0.35704768,49925,0.03163198780161593
0.1,0.7,0.3,0.8,0.35706982,49925,0.03364731670602748
0.6,0.7,0.3,0.8,0.35708386,49925,0.031201369107700244
0.8,0.7,0.3,0.8,0.35709304,49925,0.030424163826337378
0.9,0.7,0.3,0.8,0.35709757,49925,0.030069590845542414
0.2,0.7,0.3,0.8,0.3570994,49925,0.03308046794957582
0.5,0.4,0.4,0.2,0.35711184,49925,0.03392124164178243
0.9,0.5,0.3,0.5,0.3571173,49925,0.029899182122407244
0.7,0.9,0.5,0.9,0.35712528,49925,0.032388987767491266
0.8,0.9,0.5,0.9,0.3571254,49926,0.03203125209722006
0.7,0.7,0.3,0.8,0.3571254,49925,0.03080213219573874
0.3,0.9,0.5,0.9,0.35714406,49925,0.033975108611195265
0.6,0.8,0.7,0.5,0.3571509,49925,0.03487452268421094
0.8,0.7,0.4,0.7,0.3571588,49925,0.03135344201432513
0.3,0.7,0.7,0.3,0.35716152,49925,0.03735893174586551
0.1,0.4,0.3,0.3,0.35716406,49925,0.03605271119128712
0.2,0.8,0.6,0.6,0.35716406,49925,0.03605271119128712
0.5,0.9,0.9,0.4,0.35716715,49925,0.03671991190665865
0.8,0.1,0.1,0.1,0.35717043,49925,0.024636570488934504
0.3,0.7,0.3,0.8,0.35717195,49925,0.032578142317263734
0.3,0.8,0.7,0.5,0.35719052,49925,0.036476008730351846
0.1,0.5,0.5,0.2,0.35719794,49925,0.03864430451940583
0.1,0.8,0.8,0.3,0.35720587,49925,0.03914774937203862
0.5,0.8,0.7,0.5,0.3572076,49925,0.03538645243651642
0.1,0.9,0.5,0.9,0.35720795,49925,0.03488064957819755
0.7,0.7,0.4,0.7,0.3572108,49925,0.03176532530354165
0.7,0.6,0.6,0.3,0.35721162,49925,0.03419918718737607
0.5,0.9,0.5,0.9,0.35722435,49925,0.03314991133723041
0.9,0.5,0.2,0.6,0.35722458,49925,0.028751698476258473
0.6,0.9,0.5,0.9,0.35722798,49925,0.03275333475422778
0.4,0.9,0.5,0.9,0.357232,49925,0.033549316285106386
0.8,0.5,0.3,0.5,0.3572375,49925,0.030334978252270606
0.1,0.8,0.6,0.6,0.35723782,49925,0.036660859931399725
0.1,0.9,0.8,0.5,0.3572415,49925,0.03806862687299274
0.7,0.7,0.2,0.9,0.357248,49925,0.029663756634969264
0.5,0.7,0.4,0.7,0.35726422,49925,0.032682486117023
0.2,0.9,0.5,0.9,0.35727268,49925,0.03440743679511557
0.9,0.7,0.5,0.6,0.35728619,49925,0.03189580267499998
0.7,0.8,0.8,0.4,0.35729432,49925,0.03525018141844407
0.4,0.9,0.9,0.4,0.35729772,49925,0.03724030537445
0.6,0.7,0.4,0.7,0.35730523,49925,0.032216181368533284
0.9,0.3,0.3,0.2,0.35731342,49925,0.02957785859908313
0.2,0.2,0.2,0.1,0.35731873,49925,0.03477872648259194
0.8,0.8,0.8,0.4,0.35731873,49925,0.03477872648259194
0.4,0.4,0.4,0.2,0.35731873,49925,0.03477872648259194
0.6,0.6,0.6,0.3,0.35731873,49925,0.03477872648259195
0.9,0.9,0.7,0.7,0.3573347,49925,0.033221046830232505
0.9,0.8,0.8,0.4,0.35733825,49925,0.034338068654560454
0.8,0.5,0.2,0.6,0.35734588,49925,0.029148634531635666
0.9,0.8,0.9,0.1,0.3573546,49925,0.03560646846761666
0.9,0.3,0.2,0.3,0.35736385,49925,0.028029007189622156
0.1,0.6,0.5,0.4,0.3573662,49925,0.03714688943557522
0.8,0.9,0.6,0.8,0.35736907,49925,0.03281430872890846
0.2,0.6,0.5,0.4,0.35737678,49925,0.03633570575276114
0.5,0.6,0.6,0.3,0.35739902,49925,0.03541100538807996
0.7,0.3,0.1,0.4,0.35741922,49925,0.027238916500067083
0.8,0.8,0.9,0.1,0.3574238,49925,0.03612278155258812
0.2,0.7,0.4,0.7,0.35742566,49925,0.03423261543555222
0.6,0.7,0.2,0.9,0.35743126,49926,0.03005013968461447
0.6,0.8,0.8,0.4,0.35743326,49925,0.03574478424473374
0.3,0.4,0.4,0.2,0.35743326,49925,0.03574478424473374
0.2,0.7,0.7,0.3,0.3574375,49926,0.038077324715700786
0.1,0.9,0.6,0.8,0.35743928,49925,0.035818464990731706
0.5,0.9,0.6,0.8,0.3574421,49925,0.03397008318181766
0.6,0.9,0.6,0.8,0.35745966,49925,0.03356599710481397
0.3,0.5,0.1,0.9,0.3574616,49925,0.028333829825747125
0.8,0.9,0.7,0.7,0.35746396,49925,0.033597060692455695
0.3,0.9,0.9,0.4,0.35746607,49938,0.037786491849874315
0.9,0.5,0.4,0.4,0.35746786,49925,0.031043885340450245
0.5,0.8,0.9,0.2,0.35747045,49925,0.037489873354173746
0.1,0.7,0.4,0.7,0.35747325,49925,0.034823522605487926
0.4,0.9,0.6,0.8,0.35747457,49925,0.03439050134926579
0.5,0.7,0.2,0.9,0.3574775,49925,0.030457694308371957
0.6,0.8,0.9,0.2,0.35748276,49925,0.036922736315628785
0.8,0.3,0.2,0.3,0.35748345,49925,0.028546658367096266
0.7,0.5,0.3,0.5,0.3574914,49925,0.03080996259216118
0.7,0.8,0.9,0.2,0.357494,49925,0.03637472312496833
0.4,0.6,0.6,0.3,0.3574944,49925,0.03608966663835698
0.9,0.8,0.9,0.2,0.35750523,49925,0.035363863863734885
0.9,0.9,0.6,0.8,0.3575077,49925,0.03246030595667258
0.9,0.9,0.8,0.6,0.35750815,49925,0.033944334288018685
0.7,0.5,0.2,0.6,0.35751244,49925,0.029578295259175876
0.6,0.5,0.3,0.5,0.35751587,49925,0.031337006661324746
0.7,0.9,0.6,0.8,0.3575163,49925,0.03318150855770641
0.6,0.5,0.2,0.6,0.35752475,49925,0.030043908937127856
0.4,0.8,0.9,0.2,0.35753065,49925,0.03811284839232536
0.8,0.8,0.9,0.2,0.35753715,49925,0.03585195790630889
0.2,0.5,0.2,0.6,0.35755122,49925,0.032362932992501876
0.3,0.7,0.4,0.7,0.35755226,49926,0.03366853568350256
0.7,0.8,0.9,0.1,0.35755602,49925,0.0366545665887564
0.8,0.7,0.5,0.6,0.35755777,49925,0.03231715989087938
0.5,0.5,0.2,0.6,0.35756192,49926,0.030550882730809813
0.4,0.9,0.7,0.7,0.35756433,49925,0.03526726160015206
0.4,0.5,0.2,0.6,0.3575747,49925,0.03109180610021751
0.4,0.7,0.2,0.9,0.3575753,49925,0.03088717896263103
0.4,0.7,0.4,0.7,0.3575837,49925,0.03316193360708409
0.8,0.7,0.6,0.5,0.35758895,49925,0.03325299136746675
0.7,0.4,0.1,0.7,0.35761738,49925,0.026773464300877407
0.7,0.7,0.6,0.5,0.3576225,49925,0.033725389622244806
0.2,0.8,0.7,0.5,0.35763413,49925,0.03705883114507358
0.6,0.9,0.7,0.7,0.35763568,49925,0.03436867984113946
0.3,0.5,0.2,0.6,0.35764846,49925,0.031695715495788576
0.3,0.9,0.6,0.8,0.35764942,49925,0.034839329888223296
0.2,0.9,0.6,0.8,0.35765705,49925,0.03532450331493843
0.5,0.8,0.8,0.4,0.3576635,49925,0.03626769203809333
0.7,0.3,0.2,0.3,0.35766461,49925,0.029129586546273296
0.9,0.7,0.6,0.5,0.35766596,49925,0.0328051497221231
0.1,0.5,0.2,0.6,0.35768664,49925,0.03306823656376836
0.4,0.4,0.1,0.6,0.35768703,49925,0.02875993139352729
0.5,0.9,0.7,0.7,0.35768765,49925,0.03481158699376846
0.7,0.9,0.7,0.7,0.35769165,49925,0.0339637995144395
0.7,0.7,0.8,0.1,0.35770467,49925,0.036169807625693724
0.1,0.7,0.7,0.3,0.35770723,49925,0.03886630915130568
0.9,0.7,0.8,0.1,0.3577107,49930,0.03503857759007056
0.8,0.3,0.3,0.2,0.35771137,49925,0.03017987074430807
0.5,0.5,0.3,0.5,0.35771614,49925,0.03191127199185441
0.8,0.7,0.8,0.1,0.3577313,49925,0.035583152175260584
0.7,0.8,0.4,0.9,0.3577355,49925,0.031539776639212605
0.3,0.8,0.9,0.2,0.3577377,49926,0.03878419822546451
0.8,0.8,0.4,0.9,0.35774696,49925,0.031171526123844242
0.7,0.1,0.1,0.1,0.35778397,49925,0.025246001537564722
0.9,0.8,0.4,0.9,0.35779366,49925,0.030838744850214237
0.8,0.9,0.8,0.6,0.35779917,49925,0.034328692368202865
0.3,0.7,0.2,0.9,0.35780573,49926,0.03135193595920182
0.9,0.7,0.7,0.4,0.35780814,49925,0.03369078893278766
0.6,0.9,0.8,0.6,0.35780984,49925,0.03519249629410916
0.6,0.7,0.6,0.5,0.35782206,49925,0.034205460982107444
0.6,0.7,0.5,0.6,0.35782224,49925,0.03322185510048427
0.1,0.9,0.9,0.4,0.35782838,49925,0.038981016475734306
0.8,0.5,0.4,0.4,0.35783356,49925,0.03153942831669923
0.7,0.7,0.5,0.6,0.35783648,49925,0.03275846033204481
0.4,0.7,0.8,0.2,0.35783732,49926,0.03774623255987799
0.2,0.5,0.3,0.5,0.35785323,49925,0.03393282355726698
0.3,0.8,0.4,0.9,0.35785815,49925,0.033159841078765
0.3,0.9,0.7,0.7,0.35786313,49925,0.035722476312266244
0.4,0.7,0.6,0.5,0.35786647,49925,0.035281955377085616
0.7,0.9,0.8,0.6,0.35787854,49925,0.03474788912037567
0.5,0.8,0.9,0.1,0.3578817,49925,0.037825015946471516
0.2,0.9,0.9,0.4,0.3578896,49925,0.03836280123856351
0.2,0.8,0.9,0.2,0.3578943,49925,0.039490891890035455
0.3,0.7,0.5,0.6,0.3578943,49925,0.03479135621069429
0.2,0.7,0.5,0.6,0.35789856,49925,0.03538010210087635
0.6,0.3,0.1,0.4,0.35790157,49925,0.02781506987446901
0.1,0.7,0.5,0.6,0.3579018,49925,0.036004595110138184
0.7,0.6,0.7,0.1,0.35790783,49925,0.03556274792821569
0.9,0.8,0.5,0.8,0.3579091,49925,0.031656479805148414
0.9,0.8,0.9,0.3,0.35791826,49925,0.035125538942881944
0.4,0.5,0.3,0.5,0.35792816,49925,0.0325225279990046
0.2,0.7,0.2,0.9,0.3579284,49925,0.031830508868698856
0.2,0.8,0.4,0.9,0.35793045,49925,0.03362894335757821
0.4,0.8,0.4,0.9,0.35793838,49925,0.032719309103609165
0.5,0.9,0.8,0.6,0.35795015,49925,0.03562927128593731
0.7,0.9,0.9,0.5,0.35795018,49925,0.03551326022307575
0.6,0.7,0.8,0.2,0.3579579,49925,0.036451827288334224
0.5,0.7,0.8,0.2,0.3579586,49925,0.03707798125042371
0.5,0.7,0.5,0.6,0.35796082,49925,0.03370150722789449
0.6,0.8,0.9,0.1,0.35796636,49925,0.03721426496163702
0.3,0.5,0.3,0.5,0.357969,49925,0.03319560634837314
0.8,0.9,0.9,0.5,0.3579697,49925,0.035083547054476694
0.2,0.9,0.7,0.7,0.3579836,49928,0.036227055209768766
0.9,0.9,0.9,0.5,0.3579898,49925,0.034667965841123985
0.1,0.7,0.2,0.9,0.35799038,49925,0.03234580397569442
0.7,0.5,0.4,0.4,0.3579911,49925,0.03206950985329734
0.3,0.7,0.6,0.5,0.35799146,49925,0.03588809476880673
0.6,0.8,0.4,0.9,0.35799327,49925,0.031909697992991225
0.9,0.6,0.7,0.1,0.35800296,49925,0.03436180284661308
0.8,0.8,0.9,0.3,0.3580092,49925,0.035596199805118946
0.5,0.7,0.6,0.5,0.3580157,49925,0.03472952565073071
0.4,0.7,0.5,0.6,0.35803032,49925,0.03424249922520441
0.2,0.4,0.4,0.2,0.35803038,49929,0.03682349655810693
0.3,0.6,0.6,0.3,0.35803038,49929,0.03682349655810693
0.4,0.8,0.8,0.4,0.35803038,49929,0.03682349655810693
0.1,0.2,0.2,0.1,0.35803038,49929,0.03682349655810693
0.9,0.7,0.8,0.2,0.3580335,49925,0.03479002119867395
0.5,0.8,0.4,0.9,0.35803595,49925,0.032299530176744924
0.1,0.8,0.9,0.2,0.35803607,49925,0.04023844751688151
0.2,0.7,0.8,0.2,0.35803747,49925,0.03924201832968464
0.7,0.3,0.3,0.2,0.35803887,49925,0.030862543145001156
0.1,0.5,0.3,0.5,0.35804284,49925,0.03471075930112781
0.6,0.9,0.9,0.5,0.3580467,49925,0.03596383513189055
0.3,0.7,0.8,0.2,0.3580505,49925,0.038464365106479076
0.9,0.5,0.5,0.3,0.358055,49925,0.032170332398731176
0.5,0.7,0.8,0.1,0.35805842,49925,0.03742713131476877
0.5,0.9,0.9,0.5,0.35807836,49925,0.0364307736958011
0.8,0.8,0.5,0.8,0.35809082,49925,0.03201939775664185
0.3,0.8,0.8,0.4,0.35809866,49925,0.037402266524244325
0.6,0.5,0.4,0.4,0.35810563,49925,0.032647678651497564
0.7,0.8,0.9,0.3,0.35812217,49925,0.036091939093497186
0.5,0.5,0.4,0.4,0.35812393,49925,0.03325954631995219
0.8,0.5,0.5,0.3,0.35813576,49925,0.03271715500411657
0.2,0.6,0.6,0.3,0.3581368,49925,0.03759507740235908
0.4,0.7,0.8,0.1,0.35813928,49925,0.03814566159406434
0.4,0.5,0.4,0.4,0.35813928,49925,0.033951891976571585
0.8,0.7,0.8,0.2,0.35814032,49925,0.03531124424771133
0.6,0.8,0.5,0.8,0.3581449,49925,0.03281037242393615
0.7,0.5,0.5,0.3,0.35814583,49925,0.0332836907098509
0.3,0.5,0.4,0.4,0.35814852,49925,0.03469241908959136
0.1,0.8,0.7,0.5,0.3581554,49925,0.03767611094949195
0.6,0.3,0.2,0.3,0.35815912,49925,0.029757006853029504
0.4,0.9,0.8,0.6,0.35816023,49925,0.03609232523190765
0.1,0.8,0.4,0.9,0.35816425,49925,0.034130885415699044
0.5,0.7,0.7,0.4,0.35816604,49925,0.035726613357457825
0.7,0.8,0.5,0.8,0.35818022,49925,0.032408279217674474
0.6,0.8,0.9,0.3,0.35819313,49925,0.03661129613281957
0.9,0.6,0.7,0.2,0.35820335,49925,0.034107499944002216
0.7,0.7,0.8,0.2,0.3582062,49925,0.035867143424053116
0.1,0.6,0.6,0.3,0.35820642,49925,0.03847528196926678
0.1,0.4,0.4,0.2,0.35821632,49925,0.03803221846711085
0.2,0.8,0.8,0.4,0.35821632,49925,0.03803221846711085
0.3,0.9,0.8,0.6,0.35823292,49925,0.036588765004002814
0.8,0.7,0.7,0.4,0.35824373,49925,0.034147152518368355
0.7,0.7,0.7,0.4,0.3582442,49925,0.03464294686326654
0.4,0.7,0.7,0.4,0.3582533,49925,0.03632414226573809
0.1,0.9,0.7,0.7,0.35825774,49925,0.036750729587253075
0.5,0.8,0.9,0.3,0.35826135,49925,0.037166861683980534
0.8,0.6,0.7,0.1,0.3582684,49925,0.03492602832175179
0.9,0.6,0.3,0.7,0.35827228,49925,0.02986145640564402
0.4,0.8,0.9,0.3,0.3582723,49925,0.037767364308371035
0.6,0.7,0.7,0.4,0.35827833,49925,0.03516766044587977
0.2,0.5,0.1,0.9,0.35828173,49925,0.02882876800710302
0.9,0.5,0.6,0.1,0.35828307,49925,0.03349753025137417
0.6,0.7,0.8,0.1,0.35829735,49925,0.036758987116846345
0.5,0.3,0.1,0.4,0.358309,49926,0.02844147568017645
0.8,0.6,0.3,0.7,0.3583217,49925,0.030246933877349936
0.4,0.8,0.9,0.1,0.35832882,49925,0.03848697012164106
0.1,0.8,0.5,0.8,0.35832885,49925,0.035157723786309034
0.5,0.8,0.5,0.8,0.35834113,49925,0.033237515314153906
0.2,0.7,0.6,0.5,0.3583492,49925,0.03651123610123017
0.4,0.8,0.5,0.8,0.3583526,49925,0.0336655004677599
0.4,0.9,0.9,0.5,0.35835367,49925,0.03693111214402575
0.1,0.8,0.8,0.4,0.3583552,49925,0.0387017515837346
0.9,0.4,0.1,0.8,0.3583641,49925,0.02568039262460976
0.2,0.8,0.5,0.8,0.35837615,49925,0.03462481623389531
0.9,0.8,0.7,0.6,0.35839736,49925,0.03332535904967257
0.8,0.8,0.6,0.7,0.3584076,49928,0.03289055378553831
0.7,0.6,0.3,0.7,0.3584133,49925,0.03064968071254753
0.2,0.9,0.8,0.6,0.35841691,49925,0.03712128932318425
0.6,0.5,0.5,0.3,0.3584217,49925,0.03391118248153909
0.8,0.6,0.7,0.2,0.35843182,49925,0.034659949279076674
0.7,0.8,0.6,0.7,0.35843405,49925,0.03328834559257795
0.4,0.6,0.7,0.1,0.3584408,49925,0.0377180643680019
0.9,0.6,0.2,0.8,0.35844916,49925,0.028785589776041526
0.2,0.8,0.9,0.3,0.35844976,49925,0.03904658183292026
0.5,0.3,0.2,0.3,0.35845426,49925,0.03048094555182412
0.1,0.7,0.8,0.2,0.35845634,49925,0.04006734553923945
0.8,0.8,0.7,0.6,0.35845652,49925,0.03372578142126948
0.5,0.6,0.3,0.7,0.35847148,49925,0.0315601528337503
0.9,0.8,0.6,0.7,0.3584719,49925,0.03250490848876312
0.6,0.8,0.7,0.6,0.3584728,49925,0.034606212945222696
0.6,0.6,0.3,0.7,0.35847774,49925,0.031099777096950127
0.8,0.7,0.8,0.3,0.35847914,49925,0.035044934535890984
0.7,0.8,0.7,0.6,0.358493,49925,0.034147788368622436
0.2,0.6,0.3,0.7,0.3585136,49925,0.03318778470055942
0.3,0.8,0.9,0.3,0.35851395,49925,0.038378155986134435
0.9,0.7,0.8,0.3,0.35851514,49925,0.0345603009489345
0.6,0.6,0.7,0.1,0.35851836,49925,0.03621482061099246
0.3,0.8,0.5,0.8,0.35852066,49925,0.03411409468121685
0.7,0.7,0.8,0.3,0.35852602,49925,0.03558078140690778
0.4,0.6,0.7,0.2,0.35854566,49925,0.03729569060019289
0.9,0.5,0.6,0.2,0.35855418,49925,0.03328837719232868
0.6,0.1,0.1,0.1,0.35856417,49925,0.025947971836469533
0.3,0.4,0.1,0.6,0.35856515,49925,0.029391492890748414
0.6,0.3,0.3,0.2,0.35856888,49925,0.03159990600181847
0.5,0.6,0.7,0.1,0.35856944,49930,0.03692752031626888
0.2,0.5,0.4,0.4,0.3585704,49925,0.03548584143681187
0.9,0.6,0.4,0.6,0.35858575,49925,0.030872643216041728
0.3,0.8,0.9,0.1,0.35858768,49925,0.039183771300192724
0.8,0.5,0.6,0.1,0.3586002,49925,0.034124971380801714
0.2,0.8,0.6,0.7,0.35860372,49925,0.03563883425953626
0.5,0.5,0.5,0.3,0.35860392,49925,0.03458927962670876
0.6,0.8,0.6,0.7,0.35860434,49925,0.03370927814690668
0.6,0.4,0.1,0.7,0.35860956,49925,0.0272324907428231
0.3,0.6,0.3,0.7,0.3586108,49925,0.0326079828779414
0.5,0.8,0.7,0.6,0.35863987,49925,0.03507741294556315
0.3,0.5,0.5,0.3,0.35865992,49925,0.03612802269721131
0.3,0.6,0.7,0.2,0.3586668,49925,0.03807479263565611
0.7,0.6,0.7,0.2,0.35867622,49925,0.03525065256574699
0.3,0.8,0.6,0.7,0.35868198,49925,0.03513116222338231
0.4,0.5,0.5,0.3,0.35868338,49925,0.035322265973106406
0.9,0.8,0.8,0.5,0.358684,49925,0.034123629605516306
0.9,0.4,0.5,0.1,0.35868827,49925,0.0324455015759324
0.8,0.6,0.4,0.6,0.35868853,49925,0.03129066136940994
0.4,0.3,0.2,0.3,0.35868853,49925,0.03129066136940994
0.9,0.4,0.2,0.5,0.35868955,49925,0.028331984525542434
0.7,0.5,0.6,0.1,0.3586952,49925,0.03479736430020687
0.5,0.8,0.6,0.7,0.35870296,49925,0.034147191702823244
0.6,0.7,0.8,0.3,0.35870415,49925,0.03613650449974602
0.6,0.5,0.6,0.1,0.3587165,49925,0.03552146046110825
0.7,0.6,0.4,0.6,0.3587173,49925,0.031735413443916866
0.1,0.6,0.3,0.7,0.3587245,49925,0.033806827276893124
0.8,0.6,0.2,0.8,0.35873306,49925,0.029143332605511996
0.4,0.3,0.1,0.4,0.35873306,49925,0.029143332605511996
0.8,0.9,0.6,0.9,0.35873425,49925,0.0325657546457742
0.2,0.6,0.7,0.2,0.35873526,49925,0.03894307780509688
0.9,0.6,0.5,0.5,0.3587421,49925,0.031900563359734777
0.4,0.6,0.3,0.7,0.35874593,49925,0.03206204023901869
0.4,0.8,0.6,0.7,0.35874724,49925,0.034632897657092834
0.5,0.6,0.4,0.6,0.35875067,49925,0.03274055409452094
0.1,0.8,0.9,0.3,0.35875082,49925,0.03974738789056655
0.9,0.8,0.9,0.4,0.35875267,49925,0.034922878137256363
0.1,0.5,0.4,0.4,0.35876104,49925,0.036364830920465725
0.1,0.9,0.8,0.6,0.3587635,49925,0.037676749800338034
0.3,0.9,0.9,0.5,0.35877436,49925,0.03743767468366084
0.5,0.3,0.3,0.2,0.35878563,49925,0.03245287056907127
0.5,0.6,0.7,0.2,0.3587873,49925,0.03655635033251063
0.1,0.8,0.6,0.7,0.3587907,49925,0.03620124504810401
0.3,0.7,0.7,0.4,0.35879073,49925,0.036951386017867564
0.4,0.8,0.7,0.6,0.3587953,49925,0.03555900088545624
0.3,0.7,0.8,0.1,0.35879868,49925,0.03891073098035479
0.9,0.9,0.6,0.9,0.35881037,49925,0.03222766346676161
0.3,0.3,0.2,0.3,0.35881037,49925,0.03222766346676161
0.6,0.6,0.4,0.6,0.35881037,49925,0.03222766346676161
0.3,0.6,0.7,0.1,0.3588117,49925,0.03856006306826937
0.5,0.7,0.8,0.3,0.3588265,49925,0.036730511134326155
0.6,0.8,0.8,0.5,0.35882744,49925,0.035461866771212276
0.8,0.5,0.6,0.2,0.3588318,49925,0.03385870846804223
0.8,0.9,0.8,0.7,0.3588446,49925,0.03411538327335702
0.8,0.8,0.8,0.5,0.35884628,49925,0.03454413700741319
0.1,0.7,0.6,0.5,0.3588691,49925,0.037183923778632
0.7,0.6,0.5,0.5,0.3588783,49925,0.03284461678869071
0.9,0.9,0.8,0.7,0.3588802,49925,0.033743489081295645
0.5,0.8,0.8,0.5,0.3588943,49931,0.03596328677490714
0.6,0.6,0.5,0.5,0.35889697,49925,0.03336895731709349
0.7,0.6,0.2,0.8,0.35892573,49925,0.029526984874786617
0.4,0.7,0.8,0.3,0.35893875,49925,0.03737333911009389
0.8,0.8,0.9,0.4,0.35894403,49925,0.035362112670112106
0.6,0.9,0.7,0.8,0.35895282,49925,0.03410621138091271
0.6,0.6,0.7,0.2,0.35895598,49925,0.035880251340683206
0.2,0.8,0.9,0.1,0.35895607,49925,0.03991806482189915
0.9,0.6,0.6,0.4,0.3589569,49925,0.03290114959225356
0.1,0.6,0.7,0.2,0.35895744,49925,0.039862271680347075
0.8,0.4,0.5,0.1,0.35896742,49925,0.03309572380951944
0.9,0.4,0.3,0.4,0.35896814,49925,0.029634775279336625
0.1,0.6,0.4,0.6,0.35896873,49925,0.035163605168836515
0.7,0.5,0.6,0.2,0.35898536,49925,0.034501418366764715
0.2,0.9,0.9,0.5,0.3589906,49925,0.037986469983899436
0.1,0.9,0.6,0.9,0.35899216,49925,0.03541166233279133
0.9,0.9,0.7,0.8,0.3589957,49925,0.03298627234588839
0.7,0.9,0.6,0.9,0.3589957,49925,0.032909218661503994
0.2,0.3,0.2,0.3,0.35899818,49925,0.03329060433488262
0.6,0.9,0.6,0.9,0.35899818,49925,0.03329060433488262
0.4,0.6,0.4,0.6,0.35899818,49925,0.03329060433488262
0.2,0.6,0.4,0.6,0.3589986,49925,0.03448802842795337
0.3,0.9,0.6,0.9,0.3589986,49925,0.03448802842795338
0.1,0.3,0.2,0.3,0.3589986,49925,0.03448802842795337
0.6,0.6,0.2,0.8,0.35900226,49925,0.029938082859016085
0.3,0.3,0.1,0.4,0.35900226,49925,0.029938082859016085
0.5,0.9,0.6,0.9,0.3590048,49925,0.033674188335954834
0.2,0.7,0.7,0.4,0.35901296,49925,0.03762235830561321
0.4,0.8,0.8,0.5,0.35901752,49925,0.03649235734612411
0.4,0.9,0.6,0.9,0.35901982,49929,0.0340643753452996
0.5,0.5,0.6,0.1,0.35902983,49925,0.03631031727694461
0.7,0.8,0.8,0.5,0.35904178,49925,0.034987748214657076
0.3,0.8,0.7,0.6,0.359043,49925,0.036078267043590365
0.7,0.8,0.9,0.4,0.3590446,49931,0.03584146443067662
0.2,0.5,0.5,0.3,0.35905015,49925,0.03699775870163883
0.2,0.7,0.8,0.1,0.35905176,49925,0.03972039796335277
0.8,0.6,0.5,0.5,0.35905203,49925,0.0323589305701818
0.2,0.6,0.7,0.1,0.35905528,49925,0.03949105016370881
0.2,0.9,0.6,0.9,0.35906425,49925,0.03492995739128994
0.9,0.4,0.4,0.3,0.3590685,49925,0.030950536046636862
0.7,0.9,0.7,0.8,0.3590728,49925,0.03371042406856035
0.7,0.6,0.6,0.4,0.35907584,49925,0.03390318184788788
0.2,0.3,0.1,0.4,0.35907644,49925,0.030817266614524472
0.4,0.6,0.2,0.8,0.35907644,49925,0.030817266614524472
0.8,0.4,0.2,0.5,0.3590793,49925,0.02877140580834225
0.6,0.5,0.6,0.2,0.35909078,49925,0.03516368019889961
0.4,0.3,0.3,0.2,0.35910398,49925,0.03338359911985885
0.8,0.6,0.6,0.4,0.35910398,49925,0.03338359911985885
0.3,0.5,0.6,0.1,0.3591072,49925,0.03811432573331524
0.9,0.7,0.3,0.9,0.35910785,49925,0.029822288813233268
0.4,0.5,0.6,0.1,0.35911173,49925,0.03715889126605039
0.3,0.6,0.4,0.6,0.35912973,49925,0.033858145594072304
0.4,0.6,0.5,0.5,0.35914272,49925,0.03451489177492901
0.5,0.9,0.7,0.8,0.3591431,49925,0.034519614186722065
0.8,0.7,0.4,0.8,0.3591495,49925,0.0310935974721621
0.7,0.7,0.3,0.9,0.3591511,49925,0.030513431775224933
0.1,0.9,0.9,0.5,0.35915208,49925,0.03857129241503782
0.8,0.4,0.1,0.8,0.3591578,49925,0.026031099617629366
0.8,0.9,0.7,0.8,0.35915938,49925,0.033332631321301036
0.8,0.7,0.3,0.9,0.3591594,49925,0.030150935388236096
0.5,0.6,0.2,0.8,0.35916322,49925,0.03036182265552112
0.1,0.6,0.2,0.8,0.35916406,49925,0.03241008700291246
0.5,0.6,0.5,0.5,0.35916948,49925,0.033913547772206905
0.7,0.9,0.8,0.7,0.35919428,49925,0.03450770285536141
0.9,0.9,0.9,0.6,0.3591984,49925,0.03446814709360448
0.3,0.3,0.3,0.2,0.3591984,49925,0.03446814709360449
0.6,0.6,0.6,0.4,0.3591984,49925,0.03446814709360449
0.1,0.5,0.1,0.9,0.35920274,49925,0.02935428997871263
0.3,0.6,0.2,0.8,0.35921225,49925,0.0313136411862859
0.3,0.9,0.7,0.8,0.35921293,49925,0.03537571455595096
0.5,0.5,0.6,0.2,0.35922405,49925,0.03590506828865768
0.6,0.8,0.9,0.4,0.35922673,49925,0.03633185725048982
0.4,0.9,0.7,0.8,0.35922742,49925,0.03494288417653744
0.9,0.7,0.4,0.8,0.35923126,49925,0.030721224992479677
0.2,0.6,0.2,0.8,0.3592474,49925,0.03183451756723828
0.1,0.3,0.1,0.4,0.3592474,49925,0.03183451756723828
0.1,0.7,0.7,0.4,0.35924926,49925,0.03833946749954054
0.9,0.6,0.7,0.3,0.35925424,49925,0.03389195466928455
0.5,0.9,0.8,0.7,0.3592554,49925,0.03534267690314105
0.1,0.7,0.8,0.1,0.3592557,49925,0.04061968646585307
0.7,0.4,0.2,0.5,0.35925597,49925,0.029234514259828252
0.2,0.4,0.1,0.6,0.3592608,49925,0.030098895506937805
0.9,0.7,0.5,0.7,0.35926268,49925,0.0316396575391516
0.7,0.7,0.4,0.8,0.35926324,49925,0.031480741332876976
0.6,0.9,0.8,0.7,0.3592782,49925,0.034904809143378845
0.7,0.4,0.5,0.1,0.35927835,49925,0.033818272310678806
0.2,0.6,0.5,0.5,0.3592828,49925,0.035827894656430534
0.1,0.8,0.9,0.1,0.3592873,49925,0.04071973069433818
0.1,0.9,0.7,0.8,0.35929185,49925,0.036360523022008005
0.3,0.7,0.8,0.3,0.35929412,49925,0.03804612674812878
0.2,0.9,0.7,0.8,0.35929877,49925,0.03585335643970073
0.8,0.6,0.7,0.3,0.3593048,49925,0.0344052207057649
0.2,0.8,0.7,0.6,0.35932657,49925,0.036638702102876175
0.8,0.4,0.3,0.4,0.35933328,49925,0.030134123291721396
0.7,0.9,0.9,0.6,0.35933405,49925,0.03527464832468145
0.3,0.6,0.5,0.5,0.35934114,49925,0.03515764692575219
0.5,0.1,0.1,0.1,0.3593501,49925,0.02681985680327817
0.5,0.9,0.9,0.6,0.35935426,49925,0.03614949200694241
0.8,0.7,0.5,0.7,0.35935536,49925,0.032021253277150025
0.1,0.7,0.8,0.3,0.359359,49925,0.03953818805789829
0.2,0.5,0.6,0.1,0.3593642,49925,0.03916566377349588
0.6,0.7,0.3,0.9,0.35936624,49925,0.03088727951543949
0.4,0.5,0.6,0.2,0.3593717,49926,0.036709272209703186
0.5,0.7,0.3,0.9,0.3593908,49925,0.03127279583594018
0.2,0.7,0.8,0.3,0.3593915,49925,0.038770468066159025
0.6,0.6,0.7,0.3,0.3593975,49925,0.035557880485919145
0.5,0.8,0.9,0.4,0.35939813,49925,0.036862497786760574
0.1,0.5,0.5,0.3,0.35941115,49925,0.037969070503564246
0.4,0.6,0.6,0.4,0.3594112,49925,0.03570208013907154
0.6,0.9,0.9,0.6,0.3594112,49925,0.03570208013907154
0.2,0.3,0.3,0.2,0.3594112,49925,0.03570208013907154
0.9,0.3,0.1,0.5,0.35942107,49925,0.025911519914891254
0.5,0.6,0.6,0.4,0.3594243,49925,0.035063079327863664
0.7,0.6,0.7,0.3,0.35942885,49925,0.03496275824077161
0.5,0.4,0.1,0.7,0.35944322,49925,0.027711852076910643
0.5,0.7,0.4,0.8,0.35944784,49925,0.03231965359219234
0.2,0.7,0.3,0.9,0.35944846,49925,0.032631532118007595
0.4,0.9,0.8,0.7,0.35945374,49925,0.03577590576944706
0.3,0.7,0.3,0.9,0.35945758,49925,0.032166527941938014
0.8,0.4,0.4,0.3,0.3594652,49933,0.03150386705765103
0.9,0.7,0.6,0.6,0.3594682,49925,0.03256379667388146
0.6,0.7,0.4,0.8,0.35947105,49928,0.03188116537683205
0.1,0.7,0.3,0.9,0.3594759,49925,0.03314975453714355
0.6,0.4,0.2,0.5,0.35947686,49925,0.029744618359172494
0.3,0.8,0.8,0.5,0.35948008,49925,0.037035145223652206
0.3,0.7,0.4,0.8,0.35949004,49925,0.03326750524246358
0.1,0.6,0.7,0.1,0.35950598,49925,0.040473615386421975
0.4,0.8,0.9,0.4,0.3595206,49925,0.0374383116043666
0.3,0.5,0.6,0.2,0.35953483,49925,0.037586912019463896
0.8,0.7,0.6,0.6,0.35953537,49926,0.03298522664139079
0.4,0.4,0.5,0.1,0.35954288,49925,0.03644651355211532
0.5,0.4,0.2,0.5,0.35955042,49925,0.030298118268355417
0.3,0.8,0.9,0.4,0.3595548,49925,0.03801233628572342
0.2,0.8,0.8,0.5,0.3595571,49925,0.03763691610792283
0.2,0.5,0.6,0.2,0.35956028,49925,0.0385452472394931
0.4,0.7,0.4,0.8,0.359567,49925,0.03277657169667546
0.3,0.9,0.8,0.7,0.35957336,49925,0.036255607459142844
0.8,0.9,0.9,0.6,0.35957372,49925,0.034853777805892695
0.7,0.4,0.4,0.3,0.3595814,49925,0.032125992598225475
0.4,0.7,0.3,0.9,0.3595819,49926,0.03170515490405718
0.1,0.8,0.7,0.6,0.35958737,49925,0.037241624915745015
0.9,0.7,0.8,0.4,0.3595966,49925,0.03434509130090116
0.3,0.6,0.6,0.4,0.35960862,49925,0.03638318362381998
0.5,0.7,0.6,0.6,0.35960874,49925,0.0343998299542013
0.5,0.6,0.7,0.3,0.3596303,49925,0.03620429766836448
0.7,0.7,0.6,0.6,0.35963404,49925,0.033433943416968086
0.9,0.3,0.4,0.1,0.35963416,49925,0.0310642132056625
0.6,0.7,0.6,0.6,0.35963932,49925,0.03390948628727235
0.6,0.7,0.5,0.7,0.35964146,49925,0.0328856534639779
0.7,0.7,0.8,0.4,0.35964608,49925,0.03530667407995425
0.4,0.7,0.5,0.7,0.35964867,49925,0.03384007742159453
0.1,0.6,0.5,0.5,0.3596492,49925,0.03656904526338048
0.3,0.4,0.5,0.1,0.35965002,49925,0.037515486552593756
0.3,0.7,0.5,0.7,0.35965478,49925,0.03436046665263649
0.8,0.7,0.7,0.5,0.35965735,49925,0.033897120457124126
0.6,0.7,0.8,0.4,0.3596574,49925,0.03584400244033741
0.7,0.7,0.5,0.7,0.35966784,49925,0.03244714921906762
0.8,0.7,0.8,0.4,0.3596739,49925,0.034813333869845475
0.9,0.7,0.7,0.5,0.35969043,49925,0.033448333483141815
0.7,0.4,0.3,0.4,0.359693,49925,0.03066938936711848
0.1,0.5,0.6,0.2,0.35969618,49925,0.03959580876364859
0.4,0.6,0.7,0.3,0.3596975,49925,0.036896638788631794
0.2,0.7,0.4,0.8,0.35970926,49925,0.03379084611106373
0.4,0.4,0.2,0.5,0.35971558,49925,0.030927412988039506
0.4,0.9,0.9,0.6,0.35973158,49925,0.03661384107126387
0.5,0.7,0.5,0.7,0.35974002,49925,0.03335035453321971
0.5,0.4,0.5,0.1,0.35974386,49925,0.03548168793125306
0.9,0.8,0.5,0.9,0.3597558,49925,0.03141442336493541
0.9,0.2,0.2,0.2,0.3597694,49925,0.027345002921938734
0.2,0.8,0.9,0.4,0.35977185,49925,0.03863876350650062
0.2,0.7,0.5,0.7,0.35978818,49925,0.034910766814139876
0.6,0.4,0.3,0.4,0.3597904,49925,0.03125507069527986
0.6,0.4,0.5,0.1,0.35980278,49925,0.03461374759821483
0.5,0.7,0.8,0.4,0.35981056,49925,0.03640570801169355
0.2,0.9,0.8,0.7,0.35981458,49925,0.03675816919355997
0.3,0.4,0.2,0.5,0.35985008,49925,0.031623009885590136
0.4,0.7,0.7,0.5,0.35986817,49925,0.03595866695597735
0.1,0.7,0.5,0.7,0.35987252,49925,0.03551304467814989
0.8,0.8,0.9,0.5,0.35988104,49925,0.03513229904583708
0.9,0.5,0.5,0.4,0.3598846,49925,0.03192523414282627
0.8,0.8,0.5,0.9,0.35989642,49925,0.03176977153682393
0.1,0.7,0.4,0.8,0.35990232,49925,0.034336127990005336
0.7,0.8,0.9,0.5,0.35990667,49925,0.0355843646396562
0.1,0.8,0.8,0.5,0.35991734,49925,0.03826372197592005
0.4,0.7,0.6,0.6,0.35992116,49925,0.03491925491986716
0.2,0.6,0.6,0.4,0.35992327,49926,0.03711568351419372
0.1,0.3,0.3,0.2,0.35992327,49926,0.03711568351419372
0.3,0.9,0.9,0.6,0.35992327,49926,0.03711568351419372
0.7,0.7,0.7,0.5,0.35993767,49925,0.034378801470122275
0.3,0.7,0.6,0.6,0.35993847,49925,0.035486107097764466
0.5,0.7,0.9,0.2,0.3599387,49925,0.037762774577444175
0.6,0.4,0.4,0.3,0.359945,49925,0.03278110256077497
0.5,0.8,0.6,0.8,0.35994983,49925,0.03382966455544743
0.3,0.6,0.7,0.3,0.35995707,49925,0.03763419034870454
0.5,0.7,0.7,0.5,0.35995734,49925,0.035405828586969716
0.8,0.8,0.7,0.7,0.35996675,49925,0.03348555191763742
0.1,0.4,0.1,0.6,0.35996833,49925,0.030842006470589288
0.7,0.8,0.7,0.7,0.35997528,49925,0.03389289636945402
0.5,0.4,0.3,0.4,0.35997579,49925,0.031889417810500496
0.1,0.5,0.6,0.1,0.3599856,49925,0.04027855495386326
0.3,0.4,0.3,0.4,0.3599975,49925,0.03341533915429635
0.6,0.8,0.6,0.8,0.3599975,49925,0.03341533915429635
0.4,0.7,0.8,0.4,0.3599998,49925,0.03700439984107083
0.9,0.2,0.1,0.3,0.36000445,49925,0.02545735706357718
0.9,0.5,0.3,0.6,0.36000687,49925,0.02962576067896893
0.1,0.4,0.2,0.5,0.36001104,49925,0.03322863664279134
0.6,0.8,0.5,0.9,0.36002025,49925,0.03252240741404209
0.6,0.8,0.9,0.5,0.36003458,49925,0.036054389078078786
0.8,0.4,0.5,0.2,0.36004096,49925,0.03285794969854681
0.2,0.4,0.5,0.1,0.36004484,49925,0.038699225317816395
0.9,0.5,0.2,0.7,0.3600451,49925,0.02847903940309019
0.8,0.3,0.4,0.1,0.36005116,49925,0.03176324987649973
0.6,0.7,0.7,0.5,0.36005318,49925,0.0348697500811396
0.9,0.8,0.7,0.7,0.36005324,49925,0.033093725421195125
0.2,0.7,0.6,0.6,0.36005408,49925,0.03606659479728713
0.7,0.4,0.5,0.2,0.36005512,49925,0.03352709117240503
0.2,0.6,0.7,0.3,0.3600605,49925,0.038420597743926074
0.1,0.9,0.8,0.7,0.3600608,49925,0.037270287896409786
0.7,0.8,0.6,0.8,0.36007044,49925,0.03300131377931574
0.1,0.8,0.9,0.4,0.36007124,49925,0.03927835068231147
0.9,0.8,0.8,0.6,0.36007217,49927,0.03389981484417476
0.5,0.8,0.5,0.9,0.36008036,49925,0.03291953115266051
0.2,0.4,0.2,0.5,0.3600823,49925,0.03238920030180747
0.4,0.8,0.5,0.9,0.36008394,49925,0.03333023447134125
0.7,0.8,0.5,0.9,0.36008686,49925,0.032130140538257364
0.7,0.4,0.1,0.8,0.36009166,49925,0.026414051532047067
0.9,0.8,0.9,0.5,0.36009586,49925,0.03469242494536156
0.9,0.9,0.8,0.8,0.36010575,49925,0.033522860178636135
0.8,0.8,0.6,0.8,0.36011913,49925,0.03261765527719695
0.4,0.4,0.3,0.4,0.36011913,49925,0.03261765527719695
0.4,0.4,0.4,0.3,0.36011952,49925,0.03430939700814599
0.8,0.8,0.8,0.6,0.36011952,49925,0.03430939700814599
0.5,0.4,0.4,0.3,0.36012197,49925,0.03351104794009385
0.1,0.6,0.7,0.3,0.36013559,49925,0.0392622194022188
0.8,0.5,0.3,0.6,0.36013806,49925,0.03003914078479792
0.4,0.1,0.1,0.1,0.3601383,49925,0.02792667613155087
0.8,0.2,0.2,0.2,0.3601383,49925,0.02792667613155087
0.9,0.8,0.6,0.8,0.3601593,49925,0.03223977962840874
0.3,0.7,0.7,0.5,0.36017644,49925,0.03654755102546531
0.8,0.5,0.5,0.4,0.360177,49925,0.032435028744587716
0.6,0.7,0.9,0.2,0.36018062,49925,0.03713301107561017
0.5,0.8,0.7,0.7,0.36018357,49925,0.03476110377731932
0.6,0.8,0.7,0.7,0.36019236,49925,0.034301343310862584
0.5,0.8,0.8,0.6,0.36019897,49925,0.0356585309235891
0.2,0.9,0.9,0.6,0.36021006,49925,0.03764504477491904
0.2,0.4,0.3,0.4,0.36023313,49925,0.03427390512504731
0.4,0.8,0.6,0.8,0.36023313,49925,0.03427390512504731
0.7,0.7,0.9,0.2,0.3602388,49925,0.036548311839166396
0.7,0.5,0.5,0.4,0.3602395,49925,0.03299146824840719
0.8,0.2,0.1,0.3,0.3602442,49925,0.02591538337034493
0.9,0.5,0.4,0.5,0.3602452,49925,0.030774334270931156
0.5,0.8,0.9,0.5,0.3602469,49925,0.0365608987475545
0.3,0.8,0.6,0.8,0.3602537,49925,0.03474586728347234
0.3,0.8,0.5,0.9,0.3602847,49927,0.033773980679763026
0.8,0.7,0.9,0.3,0.36028817,49925,0.03572794909566488
0.2,0.8,0.6,0.8,0.360296,49925,0.03523509629152042
0.1,0.4,0.3,0.4,0.360296,49925,0.03523509629152042
0.1,0.8,0.6,0.8,0.3603084,49925,0.03577386302294597
0.1,0.6,0.6,0.4,0.36031136,49925,0.03791019486644511
0.3,0.7,0.8,0.4,0.3603158,49925,0.03764162892578201
0.9,0.4,0.5,0.2,0.36032125,49925,0.03223044228944513
0.6,0.4,0.5,0.2,0.36032796,49925,0.03427099926298044
0.4,0.8,0.9,0.5,0.3603322,49925,0.03709435705738103
0.8,0.5,0.2,0.7,0.36033392,49925,0.028861494951553945
0.8,0.9,0.7,0.9,0.36033615,49925,0.033097672183385565
0.7,0.9,0.7,0.9,0.36034048,49925,0.03345972935542607
0.6,0.9,0.7,0.9,0.36034203,49925,0.03382472129644229
0.8,0.3,0.1,0.5,0.36034507,49925,0.026364470347421436
0.8,0.9,0.8,0.8,0.36035004,49925,0.03387433869742371
0.1,0.8,0.5,0.9,0.3603557,49925,0.03473336509356318
0.2,0.8,0.5,0.9,0.36036485,49925,0.034238886709717024
0.5,0.5,0.6,0.3,0.3603671,49925,0.03552973475379783
0.5,0.5,0.4,0.5,0.36037272,49925,0.03286253945953185
0.7,0.5,0.3,0.6,0.36037305,49925,0.03048494250246287
0.3,0.4,0.4,0.3,0.3603733,49925,0.0351924887840993
0.6,0.8,0.8,0.6,0.3603733,49925,0.0351924887840993
0.7,0.9,0.8,0.8,0.36037824,49925,0.03424905577511198
0.5,0.4,0.5,0.2,0.36038086,49925,0.03507450764350282
0.4,0.9,0.7,0.9,0.36038187,49925,0.03462051979834079
0.9,0.7,0.9,0.3,0.36038303,49925,0.03522715864412092
0.1,0.9,0.9,0.6,0.36038706,49925,0.03818830761349361
0.4,0.5,0.6,0.3,0.36038747,49925,0.036266374350558093
0.3,0.7,0.9,0.2,0.36038956,49925,0.0391342194124637
0.1,0.4,0.5,0.1,0.3603916,49925,0.04004037914795532
0.7,0.5,0.2,0.7,0.36039603,49925,0.029254581687982634
0.2,0.4,0.4,0.3,0.3604023,49925,0.03615100046708622
0.4,0.8,0.8,0.6,0.3604023,49925,0.03615100046708622
0.4,0.4,0.5,0.2,0.36040264,49925,0.035961558943629054
0.4,0.8,0.7,0.7,0.3604043,49925,0.03523190505216444
0.6,0.9,0.8,0.8,0.3604076,49925,0.03463389699649835
0.4,0.4,0.1,0.7,0.36040878,49925,0.02823589336798761
0.3,0.9,0.7,0.9,0.36040935,49925,0.03505573626582871
0.9,0.9,0.7,0.9,0.36041507,49925,0.0327510712693268
0.9,0.6,0.6,0.5,0.36041817,49925,0.032654014084176904
0.3,0.8,0.7,0.7,0.3604195,49925,0.03572986914026487
0.9,0.7,0.9,0.2,0.3604252,49925,0.035462033120840133
0.7,0.3,0.4,0.1,0.36042824,49925,0.032529945469589115
0.7,0.8,0.8,0.6,0.3604305,49925,0.03473304992429614
0.6,0.5,0.5,0.4,0.36044338,49925,0.03357635505483901
0.5,0.9,0.7,0.9,0.36044508,49925,0.03421436901208162
0.4,0.7,0.9,0.2,0.3604558,49925,0.038419434611598656
0.2,0.7,0.8,0.4,0.36045617,49925,0.038309774187443996
0.3,0.5,0.4,0.5,0.36045882,49925,0.03417936306667045
0.9,0.9,0.9,0.7,0.36046338,49925,0.0342507069534536
0.1,0.7,0.6,0.6,0.36047277,49925,0.03670732915687974
0.9,0.5,0.6,0.3,0.36047414,49925,0.03304971701020422
0.7,0.5,0.4,0.5,0.36047435,49925,0.03173911988272913
0.8,0.5,0.6,0.3,0.36047715,49925,0.033603830217578914
0.6,0.5,0.3,0.6,0.3604779,49925,0.0309791844142785
0.6,0.5,0.6,0.3,0.3604858,49925,0.034839065250244584
0.6,0.5,0.2,0.7,0.36048657,49925,0.029693742099883777
0.7,0.5,0.6,0.3,0.36048734,49925,0.034189572050984066
0.8,0.7,0.9,0.2,0.36051226,49925,0.03598823960261686
0.6,0.5,0.4,0.5,0.36053503,49925,0.03226968547781134
0.4,0.5,0.4,0.5,0.3605389,49925,0.03348858705131751
0.5,0.9,0.9,0.7,0.3605466,49925,0.03585839412243312
0.8,0.6,0.6,0.5,0.36055124,49925,0.03312187304190756
0.3,0.4,0.5,0.2,0.36055127,49925,0.03694041796468987
0.2,0.7,0.7,0.5,0.36055398,49925,0.037191130992484625
0.2,0.7,0.9,0.2,0.36055878,49925,0.03988816219594073
0.6,0.3,0.4,0.1,0.36055946,49925,0.03338138403918653
0.8,0.5,0.4,0.5,0.36056083,49925,0.031236124342078186
0.8,0.6,0.7,0.4,0.36056197,49926,0.03415237748685588
0.5,0.5,0.2,0.7,0.36058345,49925,0.030151832093073136
0.9,0.6,0.4,0.7,0.3605898,49925,0.030608816515733054
0.6,0.7,0.9,0.3,0.360593,49925,0.03683400358206939
0.5,0.6,0.7,0.4,0.360596,49925,0.035852183634728606
0.5,0.5,0.3,0.6,0.36060038,49926,0.03150226481602648
0.6,0.9,0.9,0.7,0.36061335,49925,0.03542851970704278
0.7,0.2,0.1,0.3,0.36063033,49925,0.026423422235249155
0.8,0.9,0.9,0.7,0.36064795,49925,0.03462900483449377
0.3,0.7,0.9,0.3,0.36065128,49925,0.03872761389426099
0.9,0.6,0.5,0.6,0.3606531,49925,0.031625874388386606
0.3,0.9,0.8,0.8,0.36066052,49925,0.03593227575006533
0.3,0.8,0.8,0.6,0.36066315,49925,0.036678351936863036
0.7,0.7,0.9,0.3,0.36067134,49925,0.03625351598072312
0.7,0.6,0.3,0.8,0.3606714,49925,0.03034235223354291
0.8,0.6,0.5,0.6,0.3606761,49925,0.03206204031916538
0.2,0.8,0.7,0.7,0.3606766,49925,0.036253145969642304
0.9,0.6,0.3,0.8,0.36068046,49925,0.02961433459505904
0.5,0.7,0.9,0.3,0.36068374,49925,0.037425161165579326
0.7,0.9,0.9,0.7,0.36068815,49925,0.035029089881237194
0.6,0.6,0.7,0.4,0.36069775,49925,0.03523593358090304
0.5,0.9,0.8,0.8,0.36070043,49925,0.035047850870618
0.2,0.9,0.7,0.9,0.36070484,49925,0.03549901770199923
0.4,0.9,0.8,0.8,0.36070678,49925,0.03547856747775276
0.4,0.5,0.3,0.6,0.36070952,49925,0.0320598623114217
0.4,0.7,0.9,0.3,0.36071515,49925,0.03805283088562613
0.9,0.7,0.9,0.1,0.3607214,49925,0.03568807717617447
0.3,0.8,0.9,0.5,0.36072633,49925,0.037633795795225376
0.4,0.5,0.2,0.7,0.36073506,49925,0.030651253489020702
0.9,0.6,0.7,0.4,0.36073643,49925,0.033645301598256704
0.7,0.6,0.7,0.4,0.36073893,49925,0.03467611616112397
0.2,0.5,0.4,0.5,0.36073947,49925,0.03490559183234588
0.8,0.6,0.4,0.7,0.3607396,49925,0.030993624247127847
0.3,0.5,0.3,0.6,0.36076283,49925,0.0326738750047861
0.2,0.7,0.9,0.3,0.36076486,49925,0.03943709600565991
0.1,0.4,0.5,0.2,0.36078346,49925,0.039230466222083156
0.1,0.7,0.9,0.2,0.36078507,49925,0.04069915620005398
0.5,0.3,0.4,0.1,0.3607976,49925,0.03435767409644854
0.8,0.6,0.3,0.8,0.36080113,49925,0.02996757757717398
0.1,0.9,0.7,0.9,0.36080724,49925,0.035966402371934006
0.6,0.6,0.3,0.8,0.36080754,49925,0.030759224500091123
0.9,0.6,0.2,0.9,0.36081788,49925,0.02851655637261407
0.2,0.5,0.3,0.6,0.36082232,49925,0.033350377119928554
0.1,0.7,0.7,0.5,0.36082312,49925,0.03786404324912678
0.5,0.5,0.5,0.4,0.36082366,49925,0.03420537243351357
0.6,0.6,0.8,0.2,0.36082703,49925,0.03668143903345328
0.3,0.3,0.4,0.1,0.36082703,49925,0.03668143903345328
0.8,0.7,0.8,0.5,0.36083418,49925,0.0345678784449318
0.7,0.2,0.2,0.2,0.36084127,49925,0.028582391642296506
0.5,0.6,0.5,0.6,0.3608466,49925,0.03355168391946766
0.7,0.6,0.8,0.2,0.36084786,49925,0.03604557434878919
0.1,0.4,0.4,0.3,0.3608529,49925,0.03724231726390507
0.2,0.8,0.8,0.6,0.3608529,49925,0.03724231726390507
0.3,0.9,0.9,0.7,0.36085784,49925,0.03678151477534494
0.7,0.6,0.6,0.5,0.36086875,49925,0.03361781832859267
0.7,0.6,0.5,0.6,0.36087006,49925,0.0325284762948111
0.4,0.9,0.9,0.7,0.3608706,49925,0.03630457499096497
0.6,0.6,0.5,0.6,0.36087346,49925,0.0330168848969175
0.9,0.7,0.7,0.6,0.36087382,49925,0.03322399931737533
0.7,0.7,0.8,0.5,0.36087513,49925,0.03504280206454201
0.9,0.4,0.1,0.9,0.3608825,49925,0.025406636715343708
0.4,0.6,0.7,0.4,0.36089462,49933,0.03648828560716249
0.2,0.4,0.5,0.2,0.36090434,49925,0.03803346163152618
0.1,0.7,0.8,0.4,0.36091945,49925,0.03902032503184817
0.6,0.7,0.8,0.5,0.36092144,49925,0.035549086593031486
0.7,0.7,0.9,0.4,0.36092252,49925,0.03599723559366896
0.4,0.5,0.5,0.4,0.36093178,49925,0.034904782541987166
0.3,0.6,0.8,0.2,0.3609339,49925,0.038856500642408726
0.3,0.5,0.5,0.4,0.36093438,49925,0.03563353715967731
0.3,0.5,0.6,0.3,0.36094,49925,0.03707984077273531
0.7,0.6,0.4,0.7,0.3609407,49926,0.03142666930007454
0.6,0.6,0.4,0.7,0.36094773,49925,0.03188557925397914
0.1,0.8,0.7,0.7,0.3609498,49925,0.036812918948466875
0.2,0.5,0.2,0.7,0.36095417,49925,0.03178758727983014
0.3,0.5,0.2,0.7,0.36095566,49925,0.031186110542671817
0.4,0.6,0.5,0.6,0.36096913,49925,0.034108633031334254
0.2,0.3,0.4,0.1,0.3609715,49925,0.03807629125340872
0.4,0.6,0.8,0.2,0.3609715,49925,0.03807629125340872
0.8,0.7,0.9,0.1,0.3609717,49925,0.03623206702427772
0.2,0.5,0.6,0.3,0.36098355,49925,0.03796744084839888
0.5,0.6,0.4,0.7,0.36098486,49925,0.03236523249170132
0.7,0.7,0.6,0.7,0.3609857,49925,0.033141039425425935
0.2,0.9,0.8,0.8,0.36098713,49925,0.036400607182160684
0.2,0.8,0.9,0.5,0.36098745,49925,0.038231366428369724
0.7,0.3,0.1,0.5,0.3610082,49925,0.026851277521457474
0.5,0.6,0.8,0.2,0.36101273,49925,0.03734645459948772
0.9,0.7,0.8,0.5,0.36101365,49925,0.03410368425144783
0.9,0.7,0.5,0.8,0.36102152,49925,0.03139018818275509
0.1,0.5,0.2,0.7,0.3610218,49925,0.03241488732477343
0.5,0.6,0.6,0.5,0.36103892,49925,0.03471405871459661
0.2,0.6,0.5,0.6,0.3610531,49925,0.03533268712742059
0.3,0.6,0.5,0.6,0.36105755,49925,0.03469443840115104
0.1,0.5,0.4,0.5,0.3610605,49925,0.03570183380236213
0.4,0.6,0.4,0.7,0.36106306,49925,0.03287932407736396
0.2,0.9,0.9,0.7,0.36106578,49925,0.03727777274161938
0.5,0.6,0.3,0.8,0.3610674,49925,0.031200927924312817
0.4,0.6,0.3,0.8,0.3610694,49925,0.03166464106835285
0.9,0.6,0.8,0.2,0.36107296,49925,0.03488595594795303
0.6,0.6,0.6,0.5,0.3610804,49925,0.03414162040869546
0.6,0.4,0.1,0.8,0.36108086,49925,0.02683303559324774
0.6,0.2,0.2,0.2,0.36108303,49925,0.029335241342629895
0.3,0.1,0.1,0.1,0.36108303,49925,0.029335241342629895
0.9,0.3,0.3,0.3,0.36108303,49925,0.029335241342629895
0.1,0.5,0.3,0.6,0.36110878,49926,0.034077706909530436
0.9,0.8,0.7,0.8,0.36111647,49925,0.0328531660556629
0.5,0.7,0.8,0.5,0.36111677,49925,0.03607485305319748
0.8,0.7,0.6,0.7,0.3611173,49925,0.03271451000437229
0.8,0.7,0.5,0.8,0.36112183,49925,0.03175810626338877
0.6,0.7,0.9,0.4,0.36112347,49925,0.036521635374943025
0.5,0.7,0.6,0.7,0.36112815,49925,0.03406137315008757
0.9,0.7,0.6,0.7,0.36113578,49925,0.03229564609406886
0.9,0.6,0.8,0.3,0.36114156,49925,0.0346485118501121
0.6,0.2,0.1,0.3,0.36114305,49925,0.027018782603493767
0.1,0.8,0.8,0.6,0.36114314,49925,0.03782187885322771
0.9,0.8,0.9,0.6,0.3611432,49925,0.03448422909165138
0.2,0.6,0.3,0.8,0.36114782,49925,0.032701807509977095
0.2,0.6,0.8,0.2,0.36115026,49925,0.039699394181960904
0.1,0.3,0.4,0.1,0.36115026,49925,0.039699394181960904
0.3,0.6,0.3,0.8,0.361157,49925,0.0321648859657879
0.8,0.6,0.8,0.2,0.36116248,49925,0.03543732324605626
0.4,0.3,0.4,0.1,0.36116248,49925,0.03543732324605626
0.1,0.7,0.9,0.3,0.36116755,49925,0.040200209371262445
0.1,0.6,0.3,0.8,0.36117098,49925,0.033273966098639016
0.1,0.8,0.9,0.5,0.36117446,49925,0.038864123585950074
0.3,0.6,0.7,0.4,0.36117458,49925,0.037176916741380246
0.3,0.7,0.6,0.7,0.3611755,49925,0.035085952015655404
0.2,0.6,0.4,0.7,0.36117688,49925,0.03401129722238277
0.9,0.6,0.8,0.1,0.36117756,49925,0.035111556687548534
0.9,0.7,0.4,0.9,0.36118272,49925,0.030479379573712606
0.7,0.8,0.9,0.6,0.361185,49925,0.03532181337854317
0.8,0.6,0.2,0.9,0.36118847,49925,0.028850907345948463
0.8,0.7,0.9,0.4,0.3611899,49925,0.035481687728510965
0.5,0.8,0.7,0.8,0.36119407,49925,0.03445775490355708
0.1,0.5,0.6,0.3,0.36120367,49925,0.03891756984650477
0.7,0.8,0.7,0.8,0.361208,49925,0.033622200609235195
0.4,0.6,0.6,0.5,0.3612094,49925,0.03529739932799989
0.6,0.7,0.4,0.9,0.36121398,49925,0.031582345500886955
0.2,0.5,0.5,0.4,0.3612182,49925,0.03643027069192205
0.4,0.7,0.8,0.5,0.36122075,49925,0.03664208174394011
0.6,0.8,0.7,0.8,0.36122578,49925,0.03402780980416743
0.7,0.7,0.4,0.9,0.3612326,49925,0.031201527053026635
0.7,0.7,0.5,0.8,0.3612326,49925,0.032152419608096595
0.6,0.7,0.5,0.8,0.36123464,49925,0.03257208104022121
0.6,0.7,0.9,0.1,0.36124238,49925,0.037422918682470024
0.8,0.7,0.7,0.6,0.36124247,49925,0.033649004541158205
0.1,0.5,0.5,0.4,0.3612499,49925,0.03730304552327239
0.4,0.7,0.6,0.7,0.36125323,49926,0.034548731496585536
0.5,0.7,0.7,0.6,0.36125672,49925,0.0350676458420968
0.8,0.8,0.9,0.6,0.36126012,49944,0.03489349540007975
0.3,0.4,0.1,0.7,0.36126086,49925,0.028794200856909844
0.6,0.7,0.6,0.7,0.36126095,49925,0.03358921771459203
0.8,0.7,0.4,0.9,0.3612618,49925,0.030822121149144555
0.9,0.7,0.9,0.4,0.36126396,49925,0.03499266711558483
0.6,0.7,0.7,0.6,0.3612663,49925,0.03458232754323129
0.1,0.9,0.8,0.8,0.36127046,49925,0.03688713191307771
0.9,0.3,0.2,0.4,0.36127442,49925,0.027789166785395995
0.7,0.7,0.7,0.6,0.3612762,49925,0.03409460095492415
0.6,0.6,0.8,0.3,0.36128026,49925,0.036351458395410464
0.7,0.9,0.8,0.9,0.36128545,49925,0.03400594027381543
0.8,0.9,0.8,0.9,0.3612867,49925,0.03364447440340575
0.5,0.8,0.9,0.6,0.36128813,49925,0.0362558098935759
0.3,0.6,0.8,0.3,0.36129817,49925,0.03842734061811314
0.9,0.9,0.8,0.9,0.3613007,49925,0.0332947012989917
0.8,0.6,0.8,0.3,0.36130202,49925,0.03517301089922197
0.7,0.6,0.2,0.9,0.3613023,49925,0.029210294296868163
0.6,0.8,0.9,0.6,0.361307,49925,0.035773881671152634
0.3,0.6,0.4,0.7,0.36131224,49925,0.0334206882306692
0.8,0.8,0.7,0.8,0.36131418,49925,0.033226736910193976
0.7,0.6,0.8,0.3,0.3613187,49925,0.03574012472829514
0.7,0.7,0.9,0.1,0.3613211,49925,0.03678779828274029
0.9,0.8,0.8,0.7,0.3613277,49925,0.03366923645813301
0.8,0.8,0.6,0.9,0.36133474,49926,0.03235831906161268
0.8,0.8,0.8,0.7,0.36133808,49925,0.0340541118670795
0.1,0.9,0.9,0.7,0.3613391,49925,0.03779478379217917
0.5,0.7,0.9,0.1,0.3613488,49925,0.03807689568627871
0.1,0.6,0.5,0.6,0.36135057,49925,0.036010413063593184
0.4,0.6,0.8,0.3,0.36135092,49925,0.037697623648050016
0.5,0.7,0.5,0.8,0.36135423,49925,0.033013596020967824
0.5,0.7,0.9,0.4,0.36135718,49925,0.03709199338355259
0.7,0.8,0.8,0.7,0.36136,49925,0.03447474134360968
0.3,0.6,0.6,0.5,0.36137018,49925,0.03593289057126884
0.4,0.7,0.5,0.8,0.36138302,49925,0.0334759563946737
0.6,0.9,0.8,0.9,0.3613874,49925,0.0343785340752205
0.7,0.8,0.6,0.9,0.36139113,49925,0.032728208804079645
0.2,0.6,0.7,0.4,0.3613925,49925,0.03791179828983053
0.9,0.9,0.9,0.8,0.36139253,49925,0.03402764266006677
0.3,0.7,0.9,0.4,0.36140424,49925,0.03833661846392799
0.5,0.6,0.8,0.3,0.36140472,49925,0.036993104608740765
0.3,0.7,0.5,0.8,0.36140978,49925,0.03397194708570658
0.1,0.6,0.4,0.7,0.3614269,49925,0.03464432289763565
0.6,0.8,0.8,0.7,0.36142808,49925,0.03490377502375013
0.2,0.6,0.6,0.5,0.36143333,49925,0.036618877622195685
0.6,0.5,0.7,0.2,0.3614384,49925,0.036110242581939
0.9,0.8,0.6,0.9,0.3614386,49936,0.03201156237957949
0.8,0.6,0.8,0.1,0.3614414,49925,0.03569222219733209
0.4,0.7,0.9,0.4,0.36144733,49925,0.03768849840311399
0.4,0.8,0.9,0.6,0.36144832,49925,0.036750511082529934
0.2,0.7,0.9,0.4,0.36145124,49925,0.03898148068190204
0.4,0.5,0.7,0.2,0.36145544,49925,0.03765357365601894
0.5,0.7,0.4,0.9,0.36147395,49925,0.03198207713117195
0.1,0.6,0.8,0.2,0.36147434,49925,0.04059244815369894
0.8,0.3,0.3,0.3,0.36148405,49925,0.02990388008919277
0.6,0.6,0.2,0.9,0.36148793,49925,0.02959182575010314
0.8,0.9,0.9,0.8,0.36149195,49925,0.03439704876981943
0.3,0.7,0.8,0.5,0.36149594,49925,0.03723184666724074
0.8,0.3,0.2,0.4,0.36149746,49925,0.02826275585598082
0.3,0.7,0.7,0.6,0.36149985,49925,0.03615538175784623
0.5,0.8,0.6,0.9,0.36150378,49925,0.033524221875819014
0.5,0.8,0.8,0.7,0.36151698,49925,0.03535721314653152
0.9,0.5,0.7,0.2,0.36152622,49925,0.03417361627851733
0.4,0.8,0.7,0.8,0.36153448,49930,0.03489593738875086
0.4,0.7,0.7,0.6,0.36153454,49925,0.03559940673369244
0.6,0.8,0.6,0.9,0.36155117,49925,0.033116530322799945
0.2,0.7,0.6,0.7,0.36155245,49925,0.03562669288744564
0.7,0.9,0.9,0.8,0.3615665,49925,0.03478060099223461
0.4,0.7,0.4,0.9,0.36157277,49925,0.03242064271142379
0.5,0.2,0.2,0.2,0.3615976,49925,0.03020958487625078
0.2,0.7,0.7,0.6,0.36161086,49925,0.036747758733752606
0.4,0.8,0.6,0.9,0.36161327,49931,0.033941773906035366
0.7,0.5,0.7,0.2,0.36161655,49925,0.035419435122371126
0.2,0.6,0.8,0.3,0.36161754,49925,0.03918755522477697
0.8,0.4,0.1,0.9,0.36161783,49925,0.025739152829706884
0.1,0.7,0.6,0.7,0.36161885,49925,0.03622238765287823
0.3,0.8,0.7,0.8,0.3616192,49925,0.03536211657269173
0.6,0.6,0.8,0.1,0.36161935,49925,0.03698178149082719
0.3,0.7,0.4,0.9,0.36162347,49925,0.032866614168273196
0.6,0.9,0.9,0.8,0.36163667,49925,0.03516608557433333
0.4,0.8,0.8,0.7,0.36165252,49925,0.035823934158344437
0.9,0.2,0.3,0.1,0.36166248,49925,0.029160477778261393
0.3,0.8,0.8,0.7,0.36166412,49925,0.036318725484244536
0.5,0.5,0.7,0.2,0.36166847,49925,0.03685051206857261
0.4,0.9,0.8,0.9,0.3617027,49925,0.035164236737321025
0.9,0.4,0.4,0.4,0.3617105,49925,0.030692048005486104
0.1,0.6,0.8,0.3,0.3617133,49925,0.040025196011091495
0.8,0.5,0.7,0.2,0.3617165,49925,0.03477282880725962
0.1,0.6,0.6,0.5,0.36172092,49925,0.037352971045082894
0.3,0.6,0.2,0.9,0.3617211,49925,0.030872158180553007
0.5,0.3,0.4,0.2,0.3617247,49925,0.03392952010315452
0.1,0.7,0.5,0.8,0.36173594,49925,0.03505231343619292
0.5,0.6,0.2,0.9,0.3617409,49925,0.029986619434887417
0.2,0.7,0.5,0.8,0.36174455,49926,0.03449710916820839
0.1,0.8,0.7,0.8,0.36174893,49926,0.03638582251763517
0.4,0.6,0.2,0.9,0.3617499,49925,0.030417633597618877
0.3,0.8,0.6,0.9,0.36175385,49925,0.03440119035850799
0.5,0.9,0.8,0.9,0.36175615,49925,0.03476121458919917
0.2,0.7,0.4,0.9,0.3617786,49925,0.03334755766347507
0.9,0.5,0.7,0.1,0.36178148,49925,0.034414908430329544
0.5,0.4,0.5,0.3,0.36178163,49925,0.03466315093027963
0.2,0.8,0.7,0.8,0.3617944,49925,0.03585910283318781
0.5,0.9,0.9,0.8,0.3617977,49925,0.035583119923462594
0.3,0.9,0.8,0.9,0.36179787,49925,0.035601585431971304
0.7,0.6,0.8,0.1,0.36180013,49925,0.03629549012911667
0.5,0.2,0.1,0.3,0.3618106,49925,0.02768346117274685
0.6,0.3,0.1,0.5,0.36181408,49925,0.02737490517163941
0.2,0.8,0.8,0.7,0.36181483,49925,0.036845874696638914
0.2,0.9,0.8,0.9,0.36183265,49925,0.03604078564188921
0.1,0.7,0.9,0.4,0.36183816,49925,0.03968823413313608
0.3,0.8,0.9,0.6,0.36184058,49925,0.03727165514395818
0.7,0.3,0.3,0.3,0.3618415,49925,0.030530557289489026
0.2,0.7,0.8,0.5,0.36184227,49925,0.03786536017710944
0.4,0.9,0.9,0.8,0.3618465,49925,0.03600526926124559
0.3,0.5,0.7,0.2,0.36186433,49925,0.03850679073171272
0.2,0.8,0.6,0.9,0.36186683,49925,0.03486796057556366
0.8,0.6,0.8,0.4,0.3618676,49925,0.03491147487537813
0.4,0.3,0.4,0.2,0.3618676,49925,0.03491147487537813
0.4,0.4,0.5,0.3,0.3618722,49925,0.03547902440255938
0.3,0.9,0.9,0.8,0.36187512,49925,0.036453193934903906
0.9,0.7,0.9,0.5,0.361893,49925,0.034771112731120345
0.2,0.9,0.9,0.8,0.36190102,49925,0.03692346679066111
0.6,0.3,0.4,0.2,0.36190772,49925,0.03304368957449636
0.7,0.6,0.8,0.4,0.3619086,49925,0.03545537370851687
0.8,0.7,0.9,0.5,0.36191446,49927,0.035227994009987794
0.1,0.7,0.4,0.9,0.3619172,49925,0.03387380769102128
0.1,0.6,0.7,0.4,0.36192083,49925,0.03869791396055952
0.4,0.7,0.9,0.1,0.3619246,49925,0.03875974423801754
0.9,0.6,0.8,0.4,0.36192483,49925,0.03440474823455089
0.5,0.6,0.7,0.5,0.36193132,49925,0.03549414057575835
0.7,0.3,0.2,0.4,0.36193758,49925,0.028790596796503153
0.2,0.6,0.2,0.9,0.3619383,49925,0.03135845733321382
0.6,0.4,0.5,0.3,0.36195034,49925,0.03390590875997198
0.1,0.7,0.7,0.6,0.36195323,49925,0.03738012686467594
0.6,0.5,0.6,0.4,0.36195433,49925,0.03450178586890988
0.7,0.4,0.4,0.4,0.36195776,49925,0.031789327247159396
0.9,0.4,0.3,0.5,0.36197686,49925,0.029366201661364985
0.8,0.2,0.3,0.1,0.3619864,49925,0.02987430532354257
0.9,0.6,0.6,0.6,0.36199132,49925,0.03240276993206824
0.3,0.2,0.2,0.2,0.36199132,49925,0.03240276993206825
0.6,0.4,0.4,0.4,0.36199132,49925,0.03240276993206825
0.2,0.5,0.7,0.2,0.36199135,49925,0.03945738415146282
0.9,0.5,0.5,0.5,0.36199665,49925,0.03167252265435722
0.5,0.5,0.6,0.4,0.36199707,49925,0.03514682721440484
0.2,0.8,0.9,0.6,0.36200854,49925,0.037836143603807534
0.5,0.6,0.8,0.1,0.36200932,49925,0.03769152420752317
0.1,0.6,0.2,0.9,0.36200938,49925,0.03185804692676764
0.8,0.5,0.5,0.5,0.3620158,49925,0.03214793657722814
0.5,0.4,0.4,0.4,0.36201686,49925,0.03307546092755144
0.5,0.3,0.3,0.3,0.36202657,49925,0.03199216904958705
0.3,0.3,0.4,0.2,0.36202675,49925,0.03601871353092454
0.6,0.6,0.8,0.4,0.36202675,49925,0.03601871353092454
0.4,0.2,0.2,0.2,0.36202687,49925,0.031222114116191652
0.6,0.3,0.3,0.3,0.36202687,49925,0.031222114116191652
0.2,0.1,0.1,0.1,0.36202687,49925,0.031222114116191652
0.8,0.4,0.4,0.4,0.36202687,49925,0.031222114116191652
0.4,0.3,0.3,0.3,0.3620357,49925,0.032840989612237324
0.8,0.6,0.6,0.6,0.3620357,49925,0.032840989612237324
0.5,0.6,0.8,0.4,0.36203963,49925,0.03662632675880042
0.7,0.7,0.9,0.5,0.3620417,49925,0.03570659436837141
0.5,0.7,0.9,0.5,0.36204326,49925,0.036748037564154803
0.9,0.7,0.7,0.7,0.36204502,49925,0.03297754481574711
0.8,0.4,0.3,0.5,0.3620668,49925,0.0298188042016422
0.5,0.7,0.8,0.6,0.3620754,49925,0.03574698519170113
0.9,0.3,0.4,0.2,0.36208272,49925,0.030869372246093128
0.7,0.5,0.5,0.5,0.3620844,49925,0.03265896524299127
0.9,0.8,0.8,0.8,0.36209324,49925,0.033439041710612384
0.6,0.6,0.7,0.5,0.36209726,49925,0.03493450743711919
0.1,0.8,0.8,0.7,0.36209804,49925,0.037397258063218336
0.1,0.8,0.9,0.6,0.3621048,49925,0.03842109983878843
0.9,0.4,0.2,0.6,0.36210948,49925,0.028068425424432716
0.1,0.7,0.8,0.5,0.36211035,49925,0.038545078743258264
0.5,0.4,0.1,0.8,0.36211085,49925,0.027275119128786166
0.2,0.4,0.1,0.7,0.36212298,49925,0.029409710082327813
0.7,0.4,0.5,0.3,0.36212552,49925,0.033214112683944676
0.6,0.7,0.9,0.5,0.36213487,49925,0.036215227600964246
0.1,0.8,0.6,0.9,0.3621387,49925,0.03535929871101157
0.1,0.9,0.8,0.9,0.3621398,49925,0.03650622541513265
0.6,0.5,0.5,0.5,0.36214346,49925,0.03321440699299462
0.7,0.6,0.6,0.6,0.36214644,49925,0.033315428693516155
0.9,0.3,0.1,0.6,0.3621536,49925,0.025606006073628763
0.9,0.5,0.7,0.3,0.36215502,49925,0.033945234185792185
0.7,0.7,0.7,0.7,0.3621592,49925,0.033811551541226836
0.8,0.8,0.8,0.8,0.3621592,49925,0.033811551541226836
0.6,0.6,0.6,0.6,0.3621592,49925,0.033811551541226836
0.1,0.1,0.1,0.1,0.3621592,49925,0.033811551541226836
0.5,0.5,0.5,0.5,0.3621592,49925,0.033811551541226836
0.9,0.9,0.9,0.9,0.3621592,49925,0.033811551541226836
0.4,0.4,0.4,0.4,0.3621592,49925,0.033811551541226836
0.3,0.3,0.3,0.3,0.3621592,49925,0.033811551541226836
0.2,0.2,0.2,0.2,0.3621592,49925,0.033811551541226836
0.8,0.7,0.7,0.7,0.3621599,49925,0.033385788566086934
0.7,0.2,0.3,0.1,0.36216897,49925,0.03069977206011847
0.1,0.9,0.9,0.8,0.3621759,49925,0.03741457870976094
0.3,0.7,0.9,0.1,0.3621773,49925,0.03950931505683993
0.4,0.5,0.6,0.4,0.36217988,49925,0.03583277549677695
0.6,0.5,0.7,0.3,0.362198,49925,0.03575894518628204
0.8,0.5,0.6,0.4,0.3621995,49925,0.03333371355459925
0.7,0.5,0.7,0.3,0.36220026,49925,0.03510740915929214
0.3,0.4,0.5,0.3,0.36220434,49925,0.036363902998318605
0.6,0.7,0.8,0.6,0.36220437,49925,0.03525007749873986
0.8,0.9,0.9,0.9,0.36220816,49925,0.03416416681220655
0.7,0.7,0.8,0.6,0.362218,49925,0.0347731537367062
0.9,0.5,0.4,0.6,0.3622233,49925,0.030493892888998998
0.5,0.8,0.9,0.7,0.36222523,49925,0.03594592026204989
0.6,0.7,0.7,0.7,0.3622317,49925,0.03426463409507811
0.5,0.6,0.6,0.6,0.36223346,49925,0.034344420510441356
0.6,0.5,0.7,0.1,0.36223984,49925,0.036433291225312324
0.8,0.5,0.7,0.1,0.36224476,49925,0.03502552518196752
0.7,0.8,0.8,0.8,0.36224502,49925,0.034208857970837225
0.7,0.6,0.7,0.5,0.3622508,49925,0.03439742216985661
0.9,0.8,0.9,0.7,0.3622523,49925,0.03427402168792328
0.7,0.8,0.9,0.7,0.36225992,49925,0.03506010407186204
0.4,0.6,0.8,0.4,0.36226863,49925,0.03727426783427205
0.2,0.3,0.4,0.2,0.36226863,49925,0.03727426783427205
0.4,0.7,0.8,0.6,0.3622719,49925,0.03627981027833186
0.8,0.5,0.7,0.3,0.36227208,49925,0.03449910146112374
0.9,0.7,0.8,0.6,0.36227983,49925,0.033893492665153235
0.7,0.5,0.6,0.4,0.3622806,49925,0.033895510309732715
0.4,0.5,0.5,0.5,0.36228383,49925,0.034454993125682135
0.1,0.5,0.7,0.2,0.36228853,49925,0.040456805862171805
0.4,0.8,0.9,0.7,0.3622891,49925,0.036432079623525175
0.6,0.3,0.2,0.4,0.36228913,49925,0.029374705492340652
0.8,0.4,0.5,0.3,0.36229393,49925,0.0325841214781346
0.4,0.6,0.8,0.1,0.36230037,49925,0.03844008380070189
0.4,0.5,0.7,0.3,0.36230105,49925,0.03721923220185658
0.4,0.2,0.1,0.3,0.36230808,49925,0.02847574056392426
0.8,0.4,0.2,0.6,0.36230808,49925,0.02847574056392426
0.7,0.4,0.3,0.5,0.36231357,49925,0.03031187834041283
0.8,0.3,0.4,0.2,0.36231375,49925,0.0315231216598819
0.2,0.5,0.7,0.3,0.36232263,49925,0.03888210310868917
0.4,0.7,0.9,0.5,0.36232358,49925,0.03730750551432465
0.9,0.6,0.7,0.5,0.36232805,49925,0.03341729315155313
0.7,0.9,0.9,0.9,0.36232919,49925,0.034527678596098274
0.8,0.7,0.8,0.6,0.36233416,49925,0.03431639751467348
0.8,0.7,0.6,0.8,0.3623355,49925,0.032457258241749574
0.7,0.3,0.4,0.2,0.36233747,49925,0.03223977485949508
0.4,0.6,0.7,0.5,0.36233988,49925,0.03608007668612953
0.9,0.5,0.6,0.4,0.36234722,49927,0.03279805620441584
0.5,0.7,0.7,0.7,0.36234862,49925,0.0347422749631465
0.3,0.6,0.8,0.1,0.3623495,49925,0.039274770115410175
0.2,0.7,0.9,0.1,0.36235377,49925,0.04029755818749619
0.3,0.5,0.6,0.4,0.362355,49925,0.03657745976222267
0.6,0.2,0.3,0.1,0.3623567,49925,0.03163501712945328
0.4,0.6,0.6,0.6,0.3623638,49925,0.03490988710749167
0.2,0.3,0.3,0.3,0.3623638,49925,0.03490988710749167
0.6,0.9,0.9,0.9,0.3623638,49925,0.03490988710749167
0.9,0.4,0.5,0.3,0.36236912,49925,0.03198754136519624
0.2,0.4,0.5,0.3,0.362383,49925,0.03732804263769279
0.7,0.5,0.7,0.1,0.3623843,49925,0.03569616930649625
0.9,0.7,0.6,0.8,0.36238492,49925,0.03206158153998016
0.8,0.6,0.7,0.5,0.36238915,49925,0.03389475722981643
0.8,0.8,0.9,0.7,0.36238933,49925,0.034647924427643556
0.7,0.6,0.5,0.7,0.36239022,49925,0.032225442053655184
0.3,0.7,0.9,0.5,0.36239284,49925,0.037909960792652915
0.6,0.8,0.9,0.7,0.36239395,49925,0.03549527168684628
0.3,0.6,0.7,0.5,0.36239403,49925,0.036727855101628896
0.8,0.6,0.5,0.7,0.3623973,49925,0.03178080640690568
0.3,0.4,0.4,0.4,0.3623985,49925,0.03462194453034648
0.6,0.8,0.8,0.8,0.3623985,49925,0.03462194453034648
0.9,0.6,0.5,0.7,0.36240125,49925,0.03136944166515075
0.3,0.6,0.8,0.4,0.36241046,49925,0.03796611466281195
0.9,0.5,0.3,0.7,0.36242312,49925,0.029369191021698715
0.6,0.8,0.7,0.9,0.3624441,49925,0.033748436131281104
0.1,0.5,0.7,0.3,0.36244857,49925,0.03981313128834385
0.6,0.6,0.5,0.7,0.36244896,49925,0.032690350883852866
0.9,0.8,0.7,0.9,0.36246607,49925,0.0326065094464752
0.7,0.8,0.7,0.9,0.36246675,49925,0.03335199176211028
0.5,0.8,0.8,0.8,0.36247152,49925,0.0350505673048795
0.3,0.5,0.7,0.3,0.36248767,49925,0.03801467364871619
0.7,0.5,0.4,0.6,0.3624985,49925,0.03141261540034089
0.1,0.3,0.4,0.2,0.3625039,49925,0.038688891481936216
0.2,0.6,0.8,0.4,0.3625039,49925,0.038688891481936216
0.7,0.4,0.1,0.9,0.36250463,49925,0.026090406166702197
0.2,0.5,0.6,0.4,0.36251304,49925,0.03737324873251032
0.1,0.7,0.9,0.1,0.36251915,49925,0.04115641908980138
0.2,0.6,0.8,0.1,0.36252412,49925,0.040158516684954494
0.8,0.5,0.4,0.6,0.36252457,49925,0.03094199585543124
0.8,0.8,0.7,0.9,0.36252463,49925,0.03296884282676983
0.8,0.4,0.6,0.2,0.3625284,49925,0.03394573064112452
0.4,0.2,0.3,0.1,0.3625284,49925,0.03394573064112452
0.5,0.5,0.7,0.3,0.36254787,49925,0.03645724948788545
0.5,0.3,0.2,0.4,0.36254823,49925,0.03000808537653102
0.5,0.8,0.7,0.9,0.3625498,49925,0.03414916219787322
0.7,0.7,0.6,0.8,0.36256537,49925,0.032844116850493335
0.9,0.6,0.4,0.8,0.36257464,49925,0.030358926775879994
0.2,0.7,0.9,0.5,0.36258617,49925,0.038549467384630755
0.3,0.6,0.6,0.6,0.36258823,49925,0.03550166959196453
0.4,0.8,0.8,0.8,0.36258823,49925,0.03550166959196453
0.2,0.4,0.4,0.4,0.36258823,49925,0.03550166959196453
0.1,0.2,0.2,0.2,0.36258823,49925,0.03550166959196453
0.5,0.2,0.3,0.1,0.3625899,49925,0.03270842232891831
0.7,0.6,0.9,0.3,0.36259273,49925,0.036503482634885856
0.5,0.7,0.6,0.8,0.36259544,49925,0.033730950518655725
0.6,0.5,0.4,0.6,0.36260474,49925,0.03192309900219393
0.5,0.6,0.9,0.3,0.36260504,49925,0.03774170981872617
0.2,0.6,0.7,0.5,0.36260512,49930,0.03740295392140234
0.7,0.4,0.6,0.2,0.36260915,49925,0.034644080065121576
0.4,0.7,0.7,0.7,0.36261147,49925,0.0352391581705731
0.9,0.4,0.6,0.1,0.36261275,49925,0.033519738653842
0.5,0.9,0.9,0.9,0.36261937,49925,0.03529471050999657
0.3,0.5,0.5,0.5,0.3626376,49925,0.035139552243896935
0.3,0.8,0.9,0.7,0.3626442,49925,0.036924436079445296
0.9,0.4,0.6,0.2,0.36264718,49925,0.033302369881215765
0.3,0.7,0.6,0.8,0.36264843,49925,0.03469799745634729
0.5,0.3,0.1,0.5,0.36265907,49925,0.02793294723716185
0.9,0.5,0.2,0.8,0.36265928,49925,0.028222054394941354
0.3,0.7,0.8,0.6,0.36266673,49925,0.036828945614167066
0.5,0.6,0.5,0.7,0.3626678,49925,0.03317703915046929
0.5,0.5,0.4,0.6,0.3626688,49931,0.032464183953048606
0.6,0.7,0.6,0.8,0.36267015,49925,0.033270280254754515
0.6,0.4,0.3,0.5,0.36267352,49925,0.030865581240999394
0.8,0.5,0.3,0.7,0.3626743,49925,0.02976088508382634
0.4,0.6,0.5,0.7,0.3626756,49925,0.033704670086539185
0.4,0.7,0.6,0.8,0.36267948,49925,0.0342025389733375
0.8,0.5,0.2,0.8,0.36268443,49925,0.02857110671862819
0.4,0.9,0.9,0.9,0.3626857,49925,0.03570684795348121
0.5,0.4,0.6,0.2,0.3626863,49925,0.036205334622084334
0.1,0.6,0.8,0.4,0.36269498,49925,0.03946341973181708
0.3,0.7,0.7,0.7,0.3627088,49925,0.03576904451064627
0.3,0.4,0.6,0.2,0.3627146,49925,0.03807499110162045
0.3,0.6,0.5,0.7,0.36271536,49925,0.034267269802996485
0.7,0.4,0.2,0.6,0.36271948,49925,0.02890274859142697
0.3,0.8,0.8,0.8,0.36272556,49925,0.0359673583631314
0.9,0.7,0.5,0.9,0.36272743,49925,0.03114353824572766
0.9,0.6,0.9,0.2,0.36272898,49925,0.03562848025219074
0.4,0.8,0.7,0.9,0.36274302,49927,0.034571965828403946
0.7,0.6,0.4,0.8,0.36274713,49925,0.031134854351587693
0.2,0.5,0.5,0.5,0.3627528,49925,0.03587370862648205
0.2,0.6,0.6,0.6,0.3627679,49925,0.036127153860244024
0.3,0.9,0.9,0.9,0.3627679,49925,0.036127153860244024
0.1,0.3,0.3,0.3,0.3627679,49925,0.036127153860244024
0.8,0.7,0.9,0.6,0.36279052,49925,0.034970785429038406
0.2,0.2,0.3,0.1,0.3627923,49925,0.037094828519698905
0.6,0.6,0.9,0.3,0.3627923,49925,0.037094828519698905
0.4,0.4,0.6,0.2,0.3627923,49925,0.037094828519698905
0.2,0.6,0.5,0.7,0.36279282,49925,0.03486352986767029
0.4,0.5,0.7,0.1,0.36279583,49925,0.038060928135889516
0.4,0.4,0.3,0.5,0.36279917,49925,0.03212471051816542
0.3,0.8,0.7,0.9,0.36280057,49925,0.03502926768415771
0.1,0.6,0.6,0.6,0.36280197,49925,0.036798706069585976
0.4,0.3,0.2,0.4,0.36280227,49925,0.030725827616183952
0.8,0.6,0.4,0.8,0.36280227,49925,0.030725827616183952
0.5,0.4,0.3,0.5,0.3628031,49925,0.03145734854303012
0.7,0.5,0.3,0.7,0.36280754,49925,0.030176313275586706
0.4,0.5,0.4,0.6,0.36282045,49925,0.03305280291349879
0.8,0.6,0.9,0.3,0.3628237,49925,0.03591785198665342
0.1,0.5,0.5,0.5,0.3628248,49925,0.03666498837432334
0.2,0.5,0.4,0.6,0.36282885,49925,0.03435552598942233
0.2,0.7,0.7,0.7,0.36282906,49925,0.036319620033594166
0.9,0.8,0.9,0.8,0.36283097,49925,0.034023223008826486
0.9,0.7,0.9,0.6,0.36283886,49925,0.03453517056670795
0.1,0.7,0.7,0.7,0.3628397,49925,0.036899739974650035
0.3,0.4,0.3,0.5,0.3628466,49925,0.032848892101185335
0.1,0.4,0.4,0.4,0.36284888,49925,0.0364609543097733
0.2,0.8,0.8,0.8,0.36284888,49925,0.0364609543097733
0.5,0.5,0.7,0.1,0.3628558,49925,0.03720246832948023
0.2,0.7,0.8,0.6,0.36286002,49925,0.03741909700192373
0.6,0.5,0.3,0.7,0.36286062,49925,0.030616072516095813
0.6,0.6,0.4,0.8,0.36286625,49925,0.031556503088917366
0.3,0.3,0.2,0.4,0.36286625,49925,0.031556503088917366
0.2,0.4,0.6,0.2,0.36287883,49925,0.039134530711406726
0.3,0.6,0.9,0.3,0.36287883,49925,0.03913453071140673
0.1,0.2,0.3,0.1,0.36287883,49925,0.039134530711406726
0.4,0.6,0.9,0.3,0.36287928,49925,0.038411210190154574
0.2,0.9,0.9,0.9,0.36288068,49925,0.03657480378509746
0.3,0.2,0.1,0.3,0.36289382,49925,0.029360503072853077
0.9,0.6,0.3,0.9,0.36289382,49925,0.029360503072853074
0.6,0.4,0.2,0.6,0.36289382,49925,0.029360503072853077
0.1,0.4,0.5,0.3,0.3629076,49936,0.038429292911865136
0.7,0.4,0.6,0.1,0.3629117,49925,0.03494651088413463
0.7,0.7,0.5,0.9,0.36291966,49925,0.03187952320129429
0.8,0.6,0.8,0.5,0.36292493,49925,0.03464615533987139
0.5,0.6,0.4,0.8,0.36292875,49925,0.03201478181007118
0.7,0.6,0.9,0.2,0.36293417,49925,0.03678280808821511
0.9,0.7,0.8,0.7,0.3629406,49925,0.03364555199741124
0.8,0.7,0.5,0.9,0.36294076,49925,0.031513015637697955
0.4,0.4,0.1,0.8,0.36294338,49925,0.02774552045296505
0.1,0.7,0.9,0.5,0.3629477,49925,0.039210062540295555
0.9,0.6,0.8,0.5,0.36295468,49925,0.034162662821733435
0.2,0.8,0.7,0.9,0.36296436,49925,0.03550505368623464
0.1,0.8,0.8,0.8,0.36296517,49925,0.03697293183655578
0.8,0.6,0.9,0.2,0.36296955,49925,0.03618330187586651
0.3,0.5,0.7,0.1,0.36298245,49925,0.03896835238521093
0.1,0.7,0.6,0.8,0.3629861,49925,0.035772698016679344
0.5,0.4,0.2,0.6,0.36298865,49925,0.029870769835320783
0.7,0.7,0.9,0.6,0.36299163,49925,0.03542753550204415
0.1,0.8,0.7,0.9,0.3629961,49926,0.03598077862502605
0.1,0.9,0.9,0.9,0.36299655,49925,0.03702934210838332
0.5,0.7,0.5,0.9,0.3629974,49925,0.032697735629646896
0.2,0.8,0.9,0.7,0.3630099,49925,0.03744121935218663
0.6,0.5,0.2,0.8,0.3630113,49925,0.02934060869756392
0.3,0.5,0.4,0.6,0.36301756,49925,0.03368033905442261
0.8,0.3,0.1,0.6,0.36302143,49925,0.02602375159747138
0.9,0.6,0.9,0.3,0.36302295,49925,0.03537292547657052
0.6,0.4,0.6,0.2,0.36302295,49925,0.03537292547657052
0.3,0.2,0.3,0.1,0.36302295,49925,0.03537292547657052
0.2,0.7,0.6,0.8,0.36303103,49925,0.03522022355558221
0.8,0.4,0.6,0.1,0.36303663,49925,0.03420347086774015
0.7,0.6,0.8,0.5,0.3630368,49925,0.03514783042907699
0.2,0.4,0.3,0.5,0.36304477,49925,0.03363733753087835
0.7,0.6,0.3,0.9,0.36304498,49925,0.03005103713143645
0.1,0.5,0.6,0.4,0.3630488,49925,0.03825447297711799
0.6,0.6,0.9,0.2,0.36305323,49925,0.03741730838719069
0.5,0.7,0.9,0.6,0.3630537,49925,0.036401294743653126
0.7,0.5,0.2,0.8,0.36305833,49925,0.028935030791500418
0.8,0.6,0.3,0.9,0.36307418,49925,0.029691577380329934
0.4,0.5,0.3,0.7,0.3630792,49925,0.03163949798826278
0.6,0.7,0.5,0.9,0.3630829,49925,0.032271003341116856
0.4,0.6,0.9,0.4,0.3630845,49925,0.03801006330634467
0.3,0.7,0.5,0.9,0.363091,49925,0.03360138754156749
0.1,0.6,0.7,0.5,0.36309716,49925,0.0381403977109243
0.6,0.7,0.9,0.6,0.36310202,49925,0.03590621075661168
0.5,0.5,0.3,0.7,0.36310995,49925,0.031101571818036106
0.2,0.6,0.9,0.3,0.36311287,49925,0.03989495908990369
0.9,0.8,0.8,0.9,0.363117,49925,0.03321319807842135
0.4,0.6,0.4,0.8,0.3631209,49925,0.032492079525698624
0.2,0.3,0.2,0.4,0.3631209,49925,0.032492079525698624
0.1,0.7,0.8,0.6,0.3631267,49925,0.0380535991621713
0.8,0.7,0.8,0.7,0.36313492,49925,0.03404343906105601
0.7,0.5,0.7,0.4,0.3631446,49925,0.03479018624254244
0.9,0.6,0.9,0.4,0.36314926,49925,0.035129599197355976
0.7,0.6,0.7,0.6,0.3631529,49925,0.03408819706875319
0.1,0.5,0.4,0.6,0.36315495,49925,0.03510621833756525
0.6,0.8,0.9,0.8,0.36315775,49925,0.03520842060040392
0.3,0.5,0.3,0.7,0.36315966,49925,0.032209296029938925
0.7,0.8,0.9,0.8,0.36316222,49925,0.0347984560299314
0.8,0.6,0.9,0.4,0.36316493,49925,0.03564815709462106
0.1,0.6,0.5,0.7,0.36316693,49925,0.03549596741165348
0.8,0.8,0.9,0.8,0.36317506,49925,0.03439421221426237
0.3,0.6,0.4,0.8,0.3631861,49925,0.03300374337700888
0.1,0.4,0.1,0.7,0.36318678,49925,0.03007803393930569
0.4,0.7,0.5,0.9,0.36318886,49925,0.03313739573320872
0.9,0.5,0.7,0.4,0.36320385,49925,0.03368327066792084
0.4,0.3,0.1,0.5,0.36320645,49925,0.028566906938448166
0.8,0.5,0.7,0.4,0.3632115,49925,0.034223063917712425
0.6,0.6,0.8,0.5,0.36322477,49925,0.03568719980475503
0.5,0.5,0.6,0.5,0.3632263,49925,0.03475216630903469
0.4,0.7,0.9,0.6,0.36322966,49925,0.03693725751204223
0.7,0.7,0.8,0.7,0.36323038,49925,0.03447922881355915
0.6,0.5,0.6,0.5,0.36324558,49925,0.034147134326619755
0.6,0.6,0.7,0.6,0.3632622,49925,0.03459660592129909
0.2,0.2,0.1,0.3,0.36327395,49927,0.03043650506765094
0.6,0.6,0.3,0.9,0.36327395,49927,0.03043650506765094
0.4,0.4,0.2,0.6,0.36327395,49927,0.03043650506765094
0.5,0.5,0.2,0.8,0.3632754,49925,0.029763593021136334
0.9,0.6,0.7,0.6,0.36328018,49925,0.03316623617325652
0.5,0.8,0.9,0.8,0.36328834,49925,0.03564912171027731
0.3,0.6,0.9,0.4,0.36328933,49925,0.0386824276130992
0.5,0.6,0.8,0.5,0.3632895,49926,0.03625465334444895
0.1,0.8,0.9,0.7,0.36330009,49925,0.03798400633853838
0.4,0.7,0.8,0.7,0.3633073,49925,0.03592408973164576
0.2,0.5,0.3,0.7,0.36330864,49925,0.032801963210184935
0.6,0.4,0.6,0.1,0.36331785,49928,0.03572875016719238
0.6,0.5,0.7,0.4,0.36331838,49925,0.03539759090148676
0.8,0.7,0.7,0.8,0.3633218,49925,0.0331298695554112
0.5,0.7,0.8,0.7,0.36332548,49925,0.03542031378061272
0.7,0.6,0.9,0.4,0.36332548,49925,0.036188377836823306
0.6,0.7,0.8,0.7,0.3633267,49925,0.03493851810506601
0.9,0.7,0.7,0.8,0.36333704,49925,0.03273433159203693
0.4,0.6,0.7,0.6,0.36334068,49925,0.03570427687465989
0.1,0.6,0.8,0.1,0.36334604,49925,0.04109641422585182
0.3,0.6,0.9,0.2,0.36334735,49925,0.03954032742814846
0.3,0.7,0.9,0.6,0.3633559,49925,0.03750102542865032
0.5,0.6,0.7,0.6,0.3633579,49925,0.03512896578613944
0.5,0.6,0.9,0.4,0.3633582,49925,0.03735921614213701
0.5,0.6,0.3,0.9,0.36336726,49925,0.030843309568675845
0.5,0.6,0.9,0.2,0.36337277,49925,0.03806700265074666
0.3,0.6,0.8,0.5,0.3633793,49925,0.03748944167531559
0.1,0.3,0.2,0.4,0.3633822,49925,0.03353476495737272
0.2,0.6,0.4,0.8,0.3633822,49925,0.03353476495737272
0.8,0.6,0.7,0.6,0.3633834,49925,0.03360832264853237
0.6,0.4,0.1,0.9,0.36338854,49925,0.026468637836171923
0.4,0.6,0.9,0.2,0.36342356,49925,0.038780413547455095
0.3,0.4,0.2,0.6,0.3634242,49925,0.031055991807976375
0.4,0.6,0.3,0.9,0.36342907,49925,0.031280803283361594
0.9,0.6,0.6,0.7,0.36343202,49925,0.032152054886819124
0.2,0.6,0.9,0.4,0.36343265,49925,0.03939920162197839
0.1,0.4,0.6,0.2,0.36343694,49925,0.040286581001258384
0.3,0.6,0.7,0.6,0.36346233,49925,0.03629471138039022
0.7,0.8,0.8,0.9,0.3634628,49925,0.03395712845387239
0.3,0.7,0.8,0.7,0.36346483,49925,0.03644374383996618
0.2,0.7,0.5,0.9,0.36347148,49925,0.03408576533823976
0.6,0.4,0.6,0.3,0.36348003,49925,0.03500540210803868
0.7,0.6,0.6,0.7,0.363483,49925,0.03302031362668092
0.4,0.6,0.8,0.5,0.36348608,49925,0.03685249829688156
0.5,0.4,0.6,0.1,0.36348683,49925,0.03660133789809158
0.3,0.6,0.3,0.9,0.36348757,49925,0.031728596385989016
0.2,0.4,0.2,0.6,0.36348757,49925,0.031728596385989016
0.1,0.2,0.1,0.3,0.36348757,49925,0.031728596385989016
0.4,0.8,0.9,0.8,0.3634877,49925,0.036089877559363936
0.1,0.4,0.3,0.5,0.3634888,49925,0.034513442367508175
0.7,0.5,0.8,0.2,0.36349547,49925,0.036289260249909576
0.8,0.8,0.8,0.9,0.36349726,49925,0.03356965699977439
0.3,0.5,0.7,0.4,0.3635053,49925,0.03749566526192097
0.9,0.5,0.6,0.5,0.3635065,49925,0.03255842634641652
0.3,0.8,0.9,0.8,0.36351162,49925,0.03656545940298371
0.9,0.4,0.6,0.3,0.36352432,49925,0.0330520254002718
0.1,0.6,0.4,0.8,0.36352992,49925,0.03412891466841833
0.4,0.5,0.2,0.8,0.36353555,49925,0.030219962962359063
0.6,0.8,0.8,0.9,0.36354074,49925,0.0343444285110028
0.5,0.5,0.7,0.4,0.36354223,49925,0.036054490210482376
0.4,0.5,0.6,0.5,0.36354247,49925,0.03540546812792413
0.3,0.5,0.6,0.5,0.36354592,49925,0.03608993217747957
0.4,0.5,0.7,0.4,0.36354852,49925,0.03673804779748863
0.7,0.4,0.6,0.3,0.3635501,49925,0.034313045753614164
0.4,0.4,0.5,0.4,0.3635503,49925,0.03497884665452015
0.6,0.6,0.9,0.4,0.36355498,49925,0.036750667570982234
0.9,0.5,0.8,0.2,0.36356416,49925,0.03505462081257177
0.9,0.5,0.5,0.6,0.36356515,49925,0.031414165049074246
0.1,0.4,0.2,0.6,0.3635655,49925,0.03246561292427443
0.2,0.6,0.3,0.9,0.3635655,49925,0.03220675128780589
0.2,0.6,0.8,0.5,0.36356843,49925,0.03818902101658367
0.3,0.3,0.1,0.5,0.36358097,49925,0.02925572367594514
0.5,0.8,0.8,0.9,0.36359042,49925,0.034740161405290675
0.8,0.5,0.8,0.2,0.36359596,49925,0.03564594111773154
0.8,0.4,0.5,0.4,0.36359876,49925,0.032294648848355534
0.2,0.5,0.7,0.1,0.36360136,49925,0.03995652598517704
0.5,0.4,0.5,0.4,0.36360177,49925,0.03423426233783897
0.4,0.7,0.7,0.8,0.3636073,49925,0.03488141968389403
0.8,0.4,0.6,0.3,0.36360765,49925,0.033654978074144436
0.7,0.7,0.6,0.9,0.36360794,49925,0.03257786640761127
0.8,0.6,0.6,0.7,0.3636112,49925,0.032571437992086436
0.4,0.8,0.8,0.9,0.36361188,49925,0.03516852315894818
0.7,0.5,0.6,0.5,0.3636122,49925,0.03358507172945128
0.5,0.7,0.7,0.8,0.36361313,49925,0.034419370067147806
0.6,0.7,0.7,0.8,0.36361358,49925,0.03397328373492737
0.1,0.7,0.5,0.9,0.36361423,49925,0.034620589496417505
0.1,0.5,0.3,0.7,0.36362872,49925,0.03344902412783912
0.2,0.7,0.8,0.7,0.3636373,49925,0.03700032676369161
0.4,0.4,0.6,0.1,0.36364156,49925,0.037564472158969735
0.8,0.7,0.6,0.9,0.3636422,49925,0.03219254210253274
0.1,0.6,0.9,0.3,0.3636428,49925,0.0406847967510727
0.7,0.7,0.9,0.7,0.36364692,49925,0.035145227672966246
0.2,0.8,0.9,0.8,0.36365932,49925,0.03705448957594732
0.9,0.1,0.1,0.2,0.36366284,49925,0.024075942191000985
0.7,0.7,0.7,0.8,0.36366373,49925,0.033535728244660355
0.1,0.6,0.3,0.9,0.36366495,49925,0.032733301617299204
0.1,0.5,0.7,0.1,0.363668,49925,0.041060344945093315
0.3,0.4,0.5,0.4,0.363671,49925,0.03580148154490977
0.1,0.6,0.9,0.4,0.36367577,49925,0.04016544507570618
0.5,0.5,0.8,0.3,0.36368388,49925,0.0373226614974038
0.8,0.5,0.6,0.5,0.36368734,49925,0.03305152707666363
0.2,0.8,0.8,0.9,0.3636883,49925,0.036097558872633655
0.9,0.4,0.5,0.4,0.36368912,49925,0.031749082713983405
0.2,0.7,0.9,0.6,0.3636933,49925,0.038090299343761014
0.9,0.3,0.4,0.3,0.3636976,49925,0.030641910496070162
0.3,0.4,0.1,0.8,0.3637044,49925,0.028257382563114
0.9,0.5,0.8,0.3,0.36371183,49925,0.03477885451489201
0.4,0.5,0.8,0.3,0.36372107,49925,0.038062295661106096
0.3,0.8,0.8,0.9,0.36372185,49925,0.03562479834051675
0.3,0.5,0.8,0.3,0.36373353,49925,0.038845917783885256
0.2,0.5,0.6,0.5,0.36373883,49925,0.03681985413169569
0.4,0.4,0.6,0.3,0.36374912,49925,0.036594975698069805
0.6,0.6,0.6,0.7,0.36375988,49925,0.03348503720312541
0.3,0.7,0.7,0.8,0.36376095,49925,0.035381723563086
0.1,0.7,0.7,0.8,0.3637631,49925,0.03646542073238374
0.8,0.5,0.5,0.6,0.3637648,49925,0.03185567703283298
0.8,0.5,0.8,0.3,0.3637655,49925,0.035354018222499575
0.3,0.4,0.6,0.3,0.36376834,49925,0.03748160212472533
0.8,0.7,0.9,0.7,0.36377087,49925,0.03471383684629293
0.5,0.4,0.6,0.3,0.36377478,49925,0.03575897015320649
0.1,0.8,0.8,0.9,0.36378157,49925,0.03658523375424962
0.6,0.5,0.5,0.6,0.363796,49925,0.032869715036473214
0.7,0.5,0.5,0.6,0.36380056,49925,0.03234476058097077
0.7,0.4,0.5,0.4,0.36380154,49925,0.03289472963770548
0.5,0.6,0.6,0.7,0.36380407,49925,0.033994004507073704
0.1,0.8,0.9,0.8,0.36381742,49925,0.03758159772602738
0.2,0.6,0.7,0.6,0.36381814,49929,0.03691975858510392
0.6,0.6,0.8,0.6,0.36382055,49925,0.035359881206512525
0.3,0.3,0.4,0.3,0.36382055,49925,0.035359881206512525
0.2,0.4,0.6,0.3,0.36382115,49925,0.03845780563294506
0.9,0.6,0.9,0.5,0.36382192,49925,0.03487886532154074
0.6,0.4,0.5,0.4,0.36382332,49925,0.03353288247418626
0.9,0.7,0.6,0.9,0.36382535,49925,0.03182336389498576
0.4,0.6,0.6,0.7,0.36382794,49925,0.03451082838454934
0.1,0.5,0.2,0.8,0.36383155,49925,0.03181421858913854
0.1,0.4,0.6,0.3,0.3638316,49925,0.03952455134627303
0.2,0.4,0.5,0.4,0.3638337,49925,0.03666770067314013
0.2,0.3,0.1,0.5,0.36384007,49925,0.030008203573508675
0.9,0.6,0.9,0.1,0.36384693,49927,0.03584497601768759
0.1,0.7,0.8,0.7,0.36385626,49925,0.0375902952368073
0.2,0.5,0.7,0.4,0.36385813,49925,0.038296896763934184
0.4,0.7,0.6,0.9,0.36386228,49925,0.03386062147481619
0.6,0.5,0.8,0.3,0.36386275,49925,0.03662884980697583
0.3,0.5,0.2,0.8,0.3638707,49925,0.030714100023924256
0.6,0.7,0.9,0.7,0.36387217,49925,0.03559588716651396
0.9,0.7,0.9,0.7,0.36389342,49925,0.03428823275805342
0.7,0.5,0.8,0.3,0.36389485,49925,0.035967229243494235
0.2,0.7,0.7,0.8,0.3638981,49925,0.03591068283035102
0.5,0.7,0.9,0.7,0.36389878,49925,0.036076078396100976
0.7,0.6,0.8,0.6,0.36390945,49925,0.034851383871157056
0.5,0.5,0.8,0.2,0.3639162,49925,0.03769619849921494
0.8,0.4,0.4,0.5,0.36391878,49925,0.03092408680296003
0.1,0.5,0.7,0.4,0.36392108,49925,0.03916022691672415
0.4,0.7,0.9,0.7,0.36392942,49925,0.03657471450031137
0.9,0.8,0.9,0.9,0.36393622,49925,0.03379302029085485
0.6,0.7,0.6,0.9,0.363941,49925,0.03298528522261423
0.3,0.6,0.6,0.7,0.36394292,49925,0.035063179654063456
0.9,0.7,0.8,0.8,0.36394358,49925,0.033396819215236934
0.7,0.8,0.9,0.9,0.36394382,49925,0.034534769258501664
0.5,0.7,0.6,0.9,0.36397946,49925,0.03341251267412347
0.2,0.5,0.8,0.3,0.36398557,49925,0.03968595558446908
0.8,0.6,0.9,0.5,0.3639949,49925,0.03536194789431612
0.1,0.7,0.9,0.6,0.36400557,49925,0.03872415447534631
0.2,0.5,0.2,0.8,0.36401296,49925,0.031243455304742162
0.5,0.5,0.5,0.6,0.36402258,49925,0.03341873102759191
0.6,0.8,0.9,0.9,0.36402577,49925,0.03492996901183625
0.6,0.5,0.8,0.2,0.3640295,49925,0.03695926915597941
0.1,0.6,0.8,0.5,0.36403006,49925,0.03891234536756356
0.1,0.6,0.6,0.7,0.3640324,49925,0.03629399005618565
0.2,0.6,0.6,0.7,0.36403584,49925,0.03566458921962843
0.9,0.6,0.8,0.6,0.36404002,49925,0.03390223363822876
0.8,0.8,0.9,0.9,0.3640401,49925,0.034154306406491954
0.8,0.6,0.9,0.1,0.36405596,49925,0.0364276652210568
0.6,0.5,0.7,0.5,0.36406183,49925,0.03503966812960923
0.9,0.4,0.4,0.5,0.36406285,49925,0.030427086559920862
0.1,0.4,0.5,0.4,0.36407077,49925,0.03764129729592874
0.8,0.6,0.5,0.8,0.3640771,49925,0.03152604934142586
0.7,0.4,0.4,0.5,0.364078,49925,0.031445205570649205
0.9,0.6,0.5,0.8,0.36408043,49925,0.03113931692751452
0.2,0.6,0.9,0.2,0.36409083,49925,0.04031033096687774
0.8,0.6,0.8,0.6,0.36409396,49925,0.03436082031813674
0.4,0.3,0.4,0.3,0.36409396,49925,0.03436082031813674
0.5,0.8,0.9,0.9,0.36409947,49925,0.03534801994316281
0.5,0.6,0.8,0.6,0.36410677,49925,0.035883021397049034
0.7,0.7,0.8,0.8,0.3641074,49925,0.0342086354378293
0.3,0.5,0.5,0.6,0.36411038,49925,0.03465081525202907
0.1,0.6,0.7,0.6,0.36411494,49925,0.037596882393697746
0.2,0.5,0.5,0.6,0.36412525,49925,0.0353304316428267
0.6,0.3,0.4,0.3,0.3641299,49925,0.032647032515023586
0.6,0.7,0.8,0.8,0.364137,49925,0.0346353308448604
0.9,0.5,0.4,0.7,0.36413854,49925,0.030254057222474907
0.2,0.3,0.4,0.3,0.36415026,49925,0.03644759018041779
0.4,0.6,0.8,0.6,0.36415026,49925,0.03644759018041779
0.4,0.8,0.9,0.9,0.36416078,49925,0.035769684957009044
0.9,0.3,0.3,0.4,0.3641636,49925,0.029092157620730873
0.8,0.5,0.8,0.4,0.36416495,49925,0.03506792023544539
0.8,0.3,0.4,0.3,0.36416882,49925,0.03123882178158455
0.5,0.6,0.9,0.5,0.36417052,49925,0.03698586456874745
0.1,0.5,0.6,0.5,0.36417514,49927,0.037610566289298826
0.7,0.3,0.1,0.6,0.3641756,49925,0.026461189543303457
0.6,0.6,0.5,0.8,0.36418226,49925,0.03237218935874075
0.7,0.6,0.9,0.5,0.36418533,49925,0.03587754722516304
0.1,0.3,0.1,0.5,0.36418846,49925,0.03087819669159618
0.6,0.4,0.4,0.5,0.3641965,49925,0.032020657596732165
0.5,0.7,0.8,0.8,0.36419728,49925,0.03509512515979478
0.8,0.1,0.1,0.2,0.3641987,49925,0.024531861643552758
0.9,0.2,0.3,0.2,0.36421248,49927,0.029007582340775044
0.5,0.6,0.5,0.8,0.36421764,49925,0.03284181378585986
0.7,0.6,0.5,0.8,0.36422157,49925,0.031933110370491735
0.6,0.6,0.9,0.5,0.3642295,49925,0.03641417687977022
0.5,0.3,0.4,0.3,0.36423257,49925,0.03346624227538908
0.4,0.6,0.9,0.5,0.36423323,49925,0.037585987509088654
0.7,0.3,0.5,0.2,0.36423528,49925,0.03362522182113985
0.6,0.3,0.5,0.2,0.36424837,49925,0.0344307603701324
0.9,0.3,0.5,0.1,0.36425155,49925,0.03238570606516703
0.3,0.4,0.6,0.1,0.36425227,49925,0.03857158241180044
0.9,0.6,0.7,0.7,0.36426002,49925,0.032902233416197635
0.9,0.2,0.2,0.3,0.3642648,49925,0.02713317179624746
0.8,0.7,0.9,0.8,0.3642688,49925,0.034451173676849266
0.2,0.4,0.6,0.1,0.36426905,49925,0.03973718459265626
0.8,0.7,0.8,0.8,0.36427495,49925,0.03378848135121227
0.4,0.5,0.5,0.6,0.3642758,49925,0.03402145539864151
0.6,0.6,0.7,0.7,0.36427635,49925,0.0342703370002897
0.1,0.4,0.6,0.1,0.3642854,49925,0.041007601749962735
0.2,0.3,0.5,0.2,0.36428636,49925,0.038677516754274936
0.4,0.5,0.8,0.2,0.36429286,49925,0.03847362394517252
0.4,0.6,0.5,0.8,0.36429998,49925,0.033338757524043174
0.9,0.7,0.9,0.8,0.36430043,49925,0.03404941763331868
0.7,0.5,0.7,0.5,0.3643056,49925,0.03445737053556107
0.9,0.3,0.5,0.2,0.36431333,49925,0.032184596881029474
0.3,0.3,0.5,0.2,0.36431637,49925,0.0374437965694691
0.3,0.7,0.6,0.9,0.36432052,49925,0.034328371577260534
0.9,0.1,0.2,0.1,0.3643225,49925,0.026407691326233117
0.3,0.6,0.5,0.8,0.3643339,49925,0.03386006818963412
0.7,0.3,0.5,0.1,0.36433908,49925,0.033939731484284766
0.3,0.7,0.9,0.7,0.36434,49925,0.037093874286095556
0.4,0.4,0.4,0.5,0.36434034,49925,0.0333211823242711
0.4,0.7,0.8,0.8,0.3643423,49925,0.03556840338406708
0.5,0.3,0.5,0.2,0.364345,49925,0.03532606088871295
0.8,0.3,0.5,0.1,0.364348,49925,0.03313617966699573
0.3,0.8,0.9,0.9,0.36435065,49925,0.036215765518970974
0.5,0.4,0.1,0.9,0.36435515,49925,0.026870919376828853
0.7,0.3,0.4,0.3,0.36435658,49925,0.03191109358667034
0.2,0.6,0.9,0.5,0.3643811,49925,0.03890075427584744
0.2,0.5,0.8,0.4,0.364386,49925,0.039132105378722144
0.5,0.4,0.4,0.5,0.36438763,49925,0.03264307145246579
0.1,0.5,0.5,0.6,0.36438918,49925,0.03607062594350975
0.9,0.5,0.8,0.1,0.3643893,49925,0.035276682891095514
0.3,0.6,0.8,0.6,0.36439043,49925,0.03704613844733944
0.8,0.5,0.7,0.5,0.364393,49925,0.03393524990945155
0.9,0.5,0.8,0.4,0.36440417,49925,0.03452097767446467
0.8,0.3,0.5,0.2,0.36441624,49925,0.03287366408772606
0.5,0.5,0.7,0.5,0.3644203,49925,0.035641118566195625
0.2,0.7,0.9,0.7,0.36442885,49925,0.037643813096603376
0.5,0.6,0.7,0.7,0.3644326,49925,0.034765335700683644
0.8,0.5,0.4,0.7,0.36443782,49925,0.030661813829836872
0.9,0.4,0.7,0.2,0.36443925,49925,0.0343250220670992
0.9,0.2,0.1,0.4,0.36444306,49925,0.025231575991942524
0.4,0.3,0.5,0.2,0.36444336,49925,0.03634501018604636
0.6,0.3,0.3,0.4,0.3644481,49925,0.030826232501414422
0.8,0.6,0.7,0.7,0.36445978,49925,0.033330326961292754
0.1,0.6,0.9,0.2,0.36446008,49925,0.04117994998998064
0.6,0.3,0.5,0.1,0.36446503,49925,0.03482648145617666
0.3,0.6,0.7,0.7,0.36446732,49925,0.0358634619125222
0.9,0.5,0.6,0.6,0.36447778,49925,0.032283723564898746
0.9,0.5,0.7,0.5,0.3644953,49925,0.03341939851968034
0.7,0.6,0.9,0.1,0.3644967,49925,0.037017939364996554
0.2,0.7,0.6,0.9,0.36449838,49925,0.034824669578658866
0.7,0.4,0.7,0.2,0.3645001,49925,0.03567034202701691
0.5,0.3,0.5,0.1,0.3645011,49925,0.03580673784673062
0.9,0.7,0.7,0.9,0.3645041,49925,0.03249779553207505
0.9,0.4,0.3,0.6,0.36451656,49925,0.029102981252038536
0.2,0.4,0.1,0.8,0.36451668,49925,0.02880275203959312
0.8,0.3,0.3,0.4,0.36451936,49925,0.029616407108027095
0.1,0.7,0.9,0.7,0.36452055,49925,0.03824093153655874
0.1,0.7,0.6,0.9,0.36452496,49925,0.03535421595435614
0.3,0.7,0.8,0.8,0.36452517,49926,0.03606173929936308
0.3,0.5,0.8,0.4,0.3645298,49925,0.03833125060965412
0.7,0.3,0.3,0.4,0.36453253,49925,0.03018882078890618
0.3,0.6,0.9,0.5,0.36453936,49925,0.03821669303856546
0.9,0.6,0.4,0.9,0.3645394,49925,0.03011917350049179
0.7,0.6,0.7,0.7,0.3645408,49925,0.033789908510403144
0.5,0.6,0.4,0.9,0.36454397,49925,0.03167739076957095
0.8,0.6,0.4,0.9,0.36454436,49925,0.030473822873992105
0.6,0.6,0.4,0.9,0.36455324,49925,0.031249300962456986
0.6,0.5,0.6,0.6,0.36455455,49926,0.03379111253689171
0.4,0.6,0.7,0.7,0.36455575,49925,0.03530051251602644
0.8,0.2,0.2,0.3,0.3645575,49925,0.027675593093725283
0.1,0.3,0.4,0.3,0.3645692,49925,0.0376760406603037
0.2,0.6,0.8,0.6,0.3645692,49925,0.0376760406603037
0.8,0.7,0.7,0.9,0.36457324,49925,0.0328668764816027
0.7,0.5,0.4,0.7,0.36457443,49925,0.031102438110434023
0.9,0.3,0.2,0.5,0.36457846,49925,0.02755111423463328
0.4,0.5,0.8,0.4,0.3645805,49925,0.03759485795742802
0.1,0.6,0.9,0.5,0.36458263,49925,0.039618262897340016
0.2,0.8,0.9,0.9,0.36458528,49925,0.036677091699424284
0.7,0.5,0.8,0.4,0.3645874,49925,0.03562372694889656
0.8,0.2,0.3,0.2,0.3645908,49925,0.029674035896955213
0.5,0.5,0.6,0.6,0.36459598,49925,0.03435745391595778
0.7,0.7,0.9,0.8,0.3645973,49925,0.034866784126001325
0.4,0.5,0.7,0.5,0.36460692,49925,0.03628308402952786
0.5,0.6,0.9,0.1,0.36460945,49925,0.038388689794290665
0.1,0.5,0.8,0.3,0.3646145,49925,0.0405679022964225
0.3,0.5,0.8,0.2,0.36461985,49925,0.03928893063987091
0.6,0.6,0.9,0.1,0.36462155,49925,0.037683967525656524
0.2,0.6,0.5,0.8,0.36462194,49925,0.03442008433517419
0.6,0.5,0.4,0.7,0.36462262,49925,0.03158623980915286
0.9,0.3,0.1,0.7,0.36464342,49925,0.02530752543769318
0.8,0.5,0.6,0.6,0.36464453,49925,0.03274389245767381
0.9,0.6,0.8,0.7,0.364647,49925,0.03365089846093267
0.3,0.4,0.4,0.5,0.36466187,49925,0.034063415090554695
0.8,0.6,0.8,0.7,0.36467573,49925,0.03408745873938231
0.5,0.7,0.9,0.8,0.3646768,49925,0.035753953599209354
0.7,0.6,0.4,0.9,0.36468834,49925,0.030848164608167646
0.2,0.4,0.4,0.5,0.36468947,49925,0.034861297254722645
0.5,0.5,0.8,0.4,0.36469287,49925,0.036895801243896686
0.4,0.5,0.6,0.6,0.3647099,49925,0.03496115395673222
0.2,0.7,0.8,0.8,0.36471337,49925,0.036578673841644975
0.4,0.7,0.9,0.8,0.364727,49925,0.0362154811491699
0.7,0.7,0.7,0.9,0.36473164,49925,0.03325097928227642
0.3,0.5,0.7,0.5,0.3647406,49925,0.036972340458743994
0.7,0.6,0.8,0.7,0.36474216,49925,0.034550446264034675
0.6,0.7,0.7,0.9,0.3647468,49925,0.033671886806465046
0.6,0.5,0.8,0.4,0.36474928,49925,0.036237644247424386
0.8,0.4,0.7,0.2,0.36475623,49925,0.034972533447035416
0.8,0.4,0.3,0.6,0.36476514,49925,0.029537478517747885
0.2,0.5,0.4,0.7,0.36476594,49925,0.03385086656531034
0.4,0.4,0.5,0.5,0.3647795,49925,0.034490126287107604
0.3,0.5,0.4,0.7,0.3647834,49925,0.033211558855316264
0.4,0.3,0.3,0.4,0.36478564,49925,0.03229341414487849
0.8,0.6,0.6,0.8,0.36478564,49925,0.03229341414487849
0.2,0.6,0.7,0.7,0.3647926,49925,0.036449947414427745
0.3,0.5,0.6,0.6,0.36479634,49925,0.03560690276398784
0.5,0.5,0.4,0.7,0.36479867,49925,0.03208641602092065
0.6,0.7,0.9,0.8,0.36480105,49925,0.03529959631415012
0.1,0.8,0.9,0.9,0.36480132,49925,0.0371776129002117
0.9,0.5,0.3,0.8,0.3648103,49925,0.02912140699988473
0.6,0.4,0.7,0.2,0.36481324,49925,0.03640503952798978
0.9,0.6,0.6,0.8,0.36481574,49925,0.031903644677329715
0.7,0.6,0.6,0.8,0.36481833,49925,0.03272278836398035
0.1,0.4,0.4,0.5,0.36482558,49925,0.03575281285590457
0.7,0.4,0.7,0.3,0.36482784,49925,0.035303675739175304
0.8,0.3,0.2,0.5,0.36483297,49925,0.027990229174026104
0.7,0.5,0.6,0.6,0.36483508,49925,0.033254871301132936
0.8,0.6,0.9,0.6,0.3648383,49925,0.03506951125629553
0.3,0.4,0.6,0.4,0.36485547,49925,0.03688579781378229
0.7,0.4,0.3,0.6,0.3648565,49925,0.02999434470391773
0.7,0.2,0.3,0.2,0.36486965,49925,0.030432933825738636
0.5,0.4,0.5,0.5,0.36487234,49925,0.033786242219705935
0.4,0.6,0.4,0.9,0.36487544,49925,0.03211854028683925
0.1,0.7,0.8,0.8,0.3648764,49925,0.03713879369704978
0.5,0.3,0.3,0.4,0.364879,49925,0.03151872527297298
0.5,0.4,0.6,0.4,0.36489278,49925,0.03530801905588426
0.9,0.5,0.2,0.9,0.36489695,49925,0.027949980963831795
0.8,0.4,0.7,0.3,0.36489868,49925,0.034652806982163394
0.2,0.5,0.7,0.5,0.3649016,49925,0.037706579280889704
0.6,0.4,0.6,0.4,0.36490226,49925,0.034611804889479826
0.3,0.2,0.3,0.2,0.36490226,49925,0.034611804889479826
0.9,0.6,0.9,0.6,0.36490226,49925,0.034611804889479826
0.8,0.4,0.6,0.4,0.36490512,49925,0.0333517681476481
0.4,0.2,0.3,0.2,0.36490512,49925,0.0333517681476481
0.4,0.4,0.7,0.3,0.36491263,49925,0.03759295677823226
0.4,0.6,0.9,0.6,0.3649155,49925,0.03717028511796693
0.9,0.4,0.2,0.7,0.36491594,49925,0.027792308135151565
0.7,0.4,0.6,0.4,0.36491612,49925,0.03395796186672951
0.7,0.2,0.2,0.3,0.36492035,49925,0.028282899679328
0.4,0.5,0.4,0.7,0.36492315,49925,0.03263794551604741
0.1,0.5,0.8,0.4,0.36492902,49925,0.03997556958393573
0.5,0.7,0.7,0.9,0.3649309,49925,0.0341054191872405
0.2,0.5,0.8,0.2,0.36493707,49925,0.04018502771967723
0.1,0.6,0.8,0.6,0.36493897,49925,0.03835384500146014
0.6,0.4,0.7,0.3,0.36494032,49925,0.036022064659725794
0.9,0.4,0.6,0.4,0.36494178,49925,0.032793939253279586
0.6,0.4,0.3,0.6,0.36494702,49925,0.0305018416498032
0.3,0.7,0.7,0.9,0.36494756,49925,0.03501854434554434
0.3,0.7,0.9,0.8,0.36496034,49925,0.036710545830668885
0.3,0.4,0.5,0.5,0.3649615,49925,0.03523898200198063
0.7,0.5,0.8,0.1,0.36496946,49925,0.0365603450967243
0.1,0.3,0.5,0.2,0.36497048,49925,0.040017328888240986
0.3,0.6,0.4,0.9,0.36497313,49925,0.032594667755422274
0.1,0.6,0.5,0.8,0.36497408,49925,0.03500014197282637
0.7,0.6,0.9,0.6,0.36497408,49925,0.035551424361512846
0.4,0.6,0.8,0.7,0.36498415,49925,0.03605774773839231
0.8,0.5,0.8,0.1,0.36498693,49925,0.035885643548167465
0.8,0.5,0.3,0.8,0.36498785,49925,0.0294851254388159
0.4,0.4,0.6,0.4,0.3650086,49925,0.0360616468318679
0.6,0.6,0.9,0.6,0.3650086,49925,0.0360616468318679
0.2,0.2,0.3,0.2,0.3650086,49925,0.0360616468318679
0.2,0.5,0.6,0.6,0.3650119,49925,0.036282839537760084
0.2,0.7,0.7,0.9,0.36501402,49925,0.03551311059390656
0.3,0.4,0.7,0.3,0.36502236,49925,0.03847360088145192
0.4,0.3,0.5,0.1,0.36502272,49925,0.036865047219426524
0.1,0.5,0.7,0.5,0.36502585,49925,0.038514997009228696
0.6,0.6,0.6,0.8,0.36502638,49925,0.03316697813447019
0.3,0.3,0.3,0.4,0.36502638,49925,0.03316697813447019
0.8,0.2,0.1,0.4,0.36503175,49925,0.025660054560241435
0.6,0.3,0.1,0.6,0.36503962,49925,0.02693059534762859
0.6,0.6,0.8,0.7,0.36504012,49925,0.035023003037564865
0.5,0.6,0.8,0.7,0.3650417,49925,0.03552312546341169
0.9,0.4,0.7,0.3,0.36505258,49925,0.034038935719844406
0.7,0.5,0.3,0.8,0.36505294,49925,0.02987989684954817
0.1,0.2,0.3,0.2,0.3650572,49925,0.03776240262877044
0.3,0.6,0.9,0.6,0.3650572,49925,0.03776240262877044
0.2,0.4,0.6,0.4,0.3650572,49925,0.03776240262877044
0.9,0.5,0.9,0.3,0.36505836,49925,0.03558004179074578
0.2,0.7,0.9,0.8,0.36506212,49925,0.03725014379535709
0.1,0.5,0.6,0.6,0.3650761,49925,0.0370175580060042
0.5,0.4,0.7,0.2,0.36507776,49925,0.03721818084170377
0.4,0.7,0.7,0.9,0.36507845,49925,0.03454854001363485
0.3,0.6,0.8,0.7,0.36507887,49925,0.03660533430203866
0.5,0.6,0.6,0.8,0.3650828,49925,0.03364838703022012
0.2,0.6,0.9,0.6,0.36509138,49925,0.03840082275574079
0.9,0.5,0.9,0.4,0.3650968,49925,0.0352934900395534
0.5,0.6,0.9,0.6,0.3650975,49925,0.03660023663800579
0.8,0.7,0.9,0.9,0.36510536,49925,0.03417489524736879
0.5,0.4,0.3,0.6,0.36511385,49925,0.031057505656594955
0.8,0.1,0.2,0.1,0.36511824,49929,0.027085151637994815
0.8,0.4,0.2,0.7,0.36511993,49925,0.02816810123622502
0.7,0.7,0.9,0.9,0.36512557,49925,0.034584080776499354
0.8,0.5,0.8,0.5,0.36512628,49925,0.03474914680366776
0.9,0.5,0.8,0.5,0.36512765,49925,0.03424592841523927
0.5,0.4,0.7,0.3,0.36512923,49925,0.03678048385343107
0.1,0.6,0.7,0.7,0.3651388,49925,0.03708043780461497
0.8,0.4,0.5,0.5,0.36514148,49925,0.031983125140835934
0.7,0.1,0.1,0.2,0.3651563,49925,0.025073760769404315
0.9,0.7,0.9,0.9,0.3651574,49925,0.03379158368454798
0.8,0.5,0.7,0.6,0.3651594,49925,0.03363570238113329
0.7,0.5,0.8,0.5,0.36516017,49925,0.03529767896157846
0.6,0.7,0.9,0.9,0.3651604,49925,0.03500088200714792
0.7,0.7,0.8,0.9,0.36516476,49925,0.033920307120510675
0.6,0.5,0.3,0.8,0.36516628,49925,0.030285542313756453
0.6,0.5,0.7,0.6,0.36516768,49925,0.03468569764839381
0.8,0.5,0.2,0.9,0.36516804,49925,0.0282870835331428
0.6,0.5,0.8,0.1,0.3651683,49925,0.037277259987659433
0.6,0.2,0.3,0.2,0.36517018,49925,0.03128637234182474
0.7,0.4,0.5,0.5,0.36517873,49925,0.03254021535661293
0.9,0.4,0.5,0.5,0.36518246,49925,0.031474594653756946
0.8,0.7,0.8,0.9,0.36518484,49925,0.033518788236766815
0.6,0.4,0.5,0.5,0.36518902,49925,0.033143341426911825
0.4,0.4,0.1,0.9,0.36518994,49925,0.027305716042321283
0.5,0.7,0.8,0.9,0.36518997,49925,0.0347646984708359
0.1,0.6,0.4,0.9,0.36519164,49925,0.03363147923171714
0.9,0.5,0.5,0.7,0.365197,49925,0.031157887300332584
0.6,0.7,0.8,0.9,0.36520922,49925,0.03432914113900061
0.2,0.6,0.4,0.9,0.36521572,49925,0.033090033329111306
0.1,0.7,0.7,0.9,0.3652163,49925,0.036044998466438605
0.2,0.4,0.5,0.5,0.36521983,49925,0.0360349045139428
0.1,0.5,0.8,0.2,0.36524355,49925,0.041138883134387495
0.4,0.7,0.8,0.9,0.3652476,49925,0.035219757447172616
0.7,0.5,0.9,0.3,0.3652523,49925,0.036754505858506814
0.2,0.4,0.7,0.3,0.3652567,49925,0.03943039141492855
0.5,0.2,0.3,0.2,0.3652596,49925,0.032254635149710845
0.5,0.7,0.9,0.9,0.3652662,49925,0.035433215772753296
0.9,0.7,0.8,0.9,0.36526674,49925,0.03314186343518109
0.2,0.3,0.3,0.4,0.36527166,49925,0.03413902477951516
0.4,0.6,0.6,0.8,0.36527166,49925,0.03413902477951516
0.9,0.5,0.7,0.6,0.3652786,49925,0.033145625793908354
0.3,0.7,0.8,0.9,0.36527893,49925,0.035691844087722996
0.7,0.5,0.2,0.9,0.36528134,49925,0.02862037725650049
0.8,0.5,0.9,0.3,0.36528257,49925,0.03615271993860513
0.1,0.5,0.4,0.7,0.36529136,49925,0.034531061358540845
0.5,0.5,0.3,0.8,0.3652928,49925,0.03073400334293163
0.7,0.5,0.7,0.6,0.36529893,49925,0.034134430039691306
0.4,0.4,0.3,0.6,0.36532128,49925,0.03166433690719338
0.7,0.5,0.9,0.4,0.36532694,49925,0.03642514314486002
0.6,0.5,0.8,0.5,0.36534312,49925,0.03586657941165337
0.6,0.2,0.2,0.3,0.36534935,49925,0.028961316232859864
0.1,0.4,0.6,0.4,0.36535206,49925,0.038733849413985305
0.9,0.6,0.9,0.7,0.36535323,49925,0.03434791836113818
0.3,0.3,0.5,0.1,0.36535513,49925,0.03806071914451085
0.7,0.3,0.2,0.5,0.36536264,49925,0.028459776740528166
0.6,0.5,0.5,0.7,0.36536384,49925,0.03252886172258318
0.8,0.5,0.9,0.4,0.36536565,49925,0.035844474494601035
0.1,0.7,0.9,0.8,0.36537158,49925,0.03778358288460679
0.5,0.5,0.9,0.4,0.3653733,49925,0.037674600161293724
0.7,0.3,0.5,0.3,0.36538085,49925,0.03326382930634631
0.4,0.5,0.7,0.6,0.3653829,49925,0.03584288884120325
0.8,0.5,0.5,0.7,0.3653859,49925,0.031587805100161334
0.4,0.5,0.3,0.8,0.3653974,49925,0.031222986798650074
0.2,0.6,0.8,0.7,0.36540535,49925,0.03720643334403918
0.5,0.5,0.8,0.5,0.36540595,49925,0.03647354826528624
0.3,0.6,0.6,0.8,0.3654076,49925,0.03466635671516757
0.3,0.5,0.7,0.6,0.36541268,49925,0.036478624250542636
0.9,0.6,0.5,0.9,0.3654197,49925,0.030895009892031294
0.6,0.3,0.5,0.3,0.36542773,49925,0.03401787280662332
0.7,0.5,0.5,0.7,0.36543086,49925,0.03203675720187269
0.1,0.4,0.5,0.5,0.3654387,49925,0.03691338731569362
0.1,0.6,0.9,0.6,0.3654446,49925,0.039070237546492616
0.3,0.5,0.3,0.8,0.36545122,49925,0.03174195623553809
0.2,0.5,0.3,0.8,0.3654583,49925,0.032286420379613705
0.2,0.7,0.8,0.9,0.36546215,49925,0.03619802880637722
0.8,0.6,0.9,0.7,0.36546558,49926,0.03477841852039866
0.2,0.6,0.6,0.8,0.36547357,49925,0.035223611628682885
0.1,0.3,0.3,0.4,0.36547357,49925,0.035223611628682885
0.4,0.5,0.8,0.5,0.36548203,49925,0.03711453320038158
0.4,0.5,0.9,0.4,0.3654898,49925,0.0383584792405107
0.7,0.4,0.2,0.7,0.36549276,49925,0.02855910000715942
0.3,0.5,0.8,0.5,0.36549363,49925,0.03780195432219935
0.2,0.4,0.3,0.6,0.3654954,49925,0.033036192203071246
0.5,0.3,0.5,0.3,0.3655001,49925,0.03483817521985933
0.3,0.4,0.3,0.6,0.3655125,49925,0.032320912137911925
0.6,0.6,0.7,0.8,0.36551338,49925,0.03393617848717282
0.3,0.7,0.9,0.9,0.36552054,49925,0.03635467482416351
0.7,0.6,0.7,0.8,0.36553225,49925,0.03348176263876958
0.4,0.7,0.9,0.9,0.36553267,49925,0.035881101494166644
0.5,0.5,0.7,0.6,0.36553892,49925,0.035236262632218046
0.1,0.6,0.8,0.7,0.36554956,49925,0.037834506389010814
0.4,0.3,0.5,0.3,0.3655507,49925,0.03574483641917544
0.6,0.5,0.9,0.4,0.36555475,49925,0.03703157075184586
0.6,0.5,0.2,0.9,0.36555806,49925,0.02898423125664509
0.6,0.5,0.9,0.3,0.36556518,49925,0.037389985264296884
0.5,0.5,0.5,0.7,0.36557126,49925,0.03304918197318144
0.3,0.6,0.7,0.8,0.36557135,49925,0.03545117300270544
0.4,0.2,0.2,0.3,0.3655741,49925,0.030643911096680597
0.8,0.4,0.4,0.6,0.3655741,49925,0.030643911096680597
0.7,0.6,0.8,0.8,0.36557662,49925,0.0342433113749157
0.7,0.6,0.9,0.7,0.36557895,49925,0.035240200959913884
0.4,0.3,0.4,0.4,0.36557966,49925,0.0337964715308956
0.8,0.6,0.8,0.8,0.36557966,49925,0.0337964715308956
0.9,0.4,0.7,0.1,0.36558473,49927,0.03455420300481025
0.1,0.7,0.8,0.9,0.3655855,49925,0.03671576304048384
0.5,0.2,0.2,0.3,0.36558855,49925,0.02974786089554182
0.2,0.5,0.8,0.5,0.36559325,49925,0.03855182438369209
0.5,0.5,0.9,0.3,0.3655967,49925,0.03806299965247542
0.3,0.3,0.4,0.4,0.3656037,49925,0.034696271495527904
0.6,0.6,0.8,0.8,0.3656037,49925,0.034696271495527904
0.4,0.4,0.7,0.2,0.36560684,49925,0.038052288679871454
0.5,0.6,0.7,0.8,0.365614,49925,0.034414713279332806
0.2,0.6,0.7,0.8,0.36561602,49925,0.036008082868876766
0.6,0.3,0.2,0.5,0.36561793,49925,0.02897711516004934
0.3,0.5,0.9,0.4,0.3656276,49925,0.03909564186502686
0.1,0.4,0.1,0.8,0.36563313,49925,0.029385686863946242
0.5,0.6,0.5,0.9,0.36563683,49925,0.03251565120723511
0.1,0.6,0.6,0.8,0.36564413,49935,0.03581490612015222
0.7,0.2,0.1,0.4,0.3656501,49925,0.026118760045105993
0.1,0.4,0.3,0.6,0.36565545,49925,0.0338119894875306
0.9,0.4,0.4,0.6,0.36565706,49925,0.030188987409109486
0.4,0.6,0.7,0.8,0.3656611,49925,0.03492466362051464
0.6,0.6,0.9,0.7,0.3656625,49925,0.035725426091996734
0.1,0.5,0.3,0.8,0.36566377,49925,0.032886800512017894
0.4,0.6,0.9,0.7,0.36566466,49925,0.03675260983748532
0.6,0.6,0.5,0.9,0.36566722,49925,0.03208342911075362
0.9,0.6,0.7,0.8,0.36567926,49925,0.03263707137820224
0.8,0.4,0.7,0.1,0.3656823,49925,0.035237975782602994
0.4,0.6,0.5,0.9,0.36568248,49925,0.032975151754191925
0.8,0.6,0.7,0.8,0.3656866,49925,0.0330459522816204
0.9,0.5,0.9,0.2,0.36569494,49925,0.03583562768273921
0.5,0.6,0.8,0.8,0.3657003,49925,0.03517673105799154
0.8,0.5,0.9,0.2,0.3657229,49925,0.03641838201735048
0.8,0.4,0.7,0.4,0.3657294,49925,0.034341997694065915
0.3,0.4,0.7,0.2,0.36572945,49925,0.0389963515519406
0.8,0.6,0.5,0.9,0.36573046,49925,0.031263289341604106
0.7,0.6,0.5,0.9,0.3657388,49925,0.03166252246730172
0.4,0.5,0.5,0.7,0.36574113,49925,0.03361083388127323
0.3,0.6,0.5,0.9,0.36574408,49925,0.03345920713390944
0.6,0.4,0.7,0.4,0.36574823,49925,0.03560332359703496
0.1,0.3,0.5,0.3,0.36574987,49925,0.03906959205036002
0.5,0.6,0.9,0.7,0.36575273,49925,0.03623098687835904
0.8,0.3,0.1,0.7,0.3657528,49925,0.02567661720876987
0.3,0.3,0.5,0.3,0.3657584,49925,0.036734619035877936
0.2,0.7,0.9,0.9,0.36576012,49925,0.036847569228246876
0.2,0.3,0.5,0.3,0.36577415,49925,0.037835772405223476
0.2,0.5,0.7,0.6,0.36577648,49925,0.037160110107083616
0.7,0.4,0.4,0.6,0.3657853,49925,0.03113573646879971
0.3,0.5,0.5,0.7,0.36578858,49925,0.03420040926325029
0.6,0.4,0.6,0.5,0.36579806,49925,0.03421953204280608
0.2,0.6,0.5,0.9,0.3658039,49925,0.033994255084033406
0.2,0.4,0.7,0.4,0.36580837,49925,0.038762008150611066
0.9,0.6,0.8,0.8,0.36580843,49925,0.033379130364258255
0.7,0.5,0.9,0.2,0.36580992,49925,0.037051107750039954
0.7,0.3,0.4,0.4,0.36581126,49925,0.031552528859181105
0.3,0.6,0.9,0.7,0.3658113,49925,0.03731642659120466
0.4,0.6,0.8,0.8,0.3658249,49925,0.03568729288921845
0.2,0.3,0.4,0.4,0.3658249,49925,0.03568729288921845
0.8,0.3,0.5,0.3,0.36586666,49925,0.03256505627142438
0.4,0.5,0.2,0.9,0.365867,49925,0.02979227105957507
0.6,0.4,0.2,0.7,0.36587164,49925,0.028988391883958985
0.5,0.4,0.2,0.7,0.36588866,49925,0.029470293162475965
0.8,0.5,0.8,0.6,0.36589617,49926,0.03443863200153536
0.5,0.5,0.2,0.9,0.36589772,49926,0.02937841251115302
0.4,0.5,0.9,0.3,0.3659006,49925,0.038794081541531564
0.5,0.3,0.4,0.4,0.3659025,49925,0.03298296137252246
0.9,0.5,0.9,0.5,0.36590254,49925,0.03500251161485696
0.3,0.4,0.7,0.4,0.36590314,49925,0.03787221297611263
0.7,0.4,0.6,0.5,0.36590695,49925,0.033618273002440933
0.3,0.6,0.8,0.8,0.36590892,49925,0.036201645995598414
0.1,0.7,0.9,0.9,0.36592335,49925,0.03735874565206428
0.7,0.5,0.8,0.6,0.36592352,49925,0.03495206294018812
0.4,0.5,0.8,0.6,0.36592388,49925,0.03666593606093945
0.5,0.3,0.1,0.6,0.36592895,49925,0.027439221426020115
0.9,0.4,0.7,0.4,0.36592957,49925,0.03375427662976809
0.7,0.4,0.7,0.4,0.36593235,49925,0.034934984287369325
0.4,0.5,0.9,0.5,0.3659348,49925,0.037893840741672194
0.9,0.3,0.5,0.3,0.3659416,49925,0.03193008253118829
0.1,0.6,0.7,0.8,0.36594474,49925,0.036594276047437764
0.2,0.5,0.5,0.7,0.3659468,49925,0.03483421849181762
0.5,0.5,0.6,0.7,0.36595646,49925,0.033959265797395555
0.5,0.5,0.8,0.6,0.36596173,49925,0.03606379056646783
0.6,0.3,0.4,0.4,0.36596298,49925,0.03223245204070156
0.6,0.5,0.7,0.7,0.3659656,49925,0.03431896367824464
0.5,0.3,0.2,0.5,0.36596784,49925,0.029572361666482968
0.9,0.4,0.8,0.3,0.36596826,49925,0.034967063639616866
0.7,0.1,0.2,0.1,0.3659719,49925,0.027892959962595356
0.2,0.4,0.7,0.2,0.36597222,49925,0.04002006496993164
0.7,0.6,0.6,0.9,0.36597273,49925,0.03245101278031998
0.1,0.5,0.8,0.5,0.3659906,49925,0.03932766521043883
0.5,0.4,0.7,0.4,0.36599413,49925,0.03629773257468864
0.8,0.6,0.6,0.9,0.3660005,49925,0.03204231165157468
0.2,0.5,0.6,0.7,0.36600617,49925,0.03576784809886588
0.1,0.3,0.4,0.4,0.36601496,49925,0.03676436648921215
0.2,0.6,0.8,0.8,0.36601496,49925,0.03676436648921215
0.9,0.3,0.4,0.4,0.3660172,49925,0.03037493322712931
0.6,0.5,0.6,0.7,0.36601865,49925,0.03342742307106419
0.5,0.4,0.6,0.5,0.36601996,49925,0.03486356522508222
0.8,0.5,0.9,0.5,0.3660255,49925,0.03551548715798742
0.3,0.4,0.6,0.5,0.36602822,49925,0.03631028886967221
0.3,0.2,0.2,0.3,0.36603183,49925,0.03166823640250105
0.9,0.6,0.6,0.9,0.36603183,49925,0.03166823640250105
0.6,0.4,0.4,0.6,0.36603183,49925,0.03166823640250105
0.9,0.5,0.4,0.8,0.36603212,49925,0.03000885336175861
0.9,0.5,0.6,0.7,0.36603266,49925,0.03201226391274864
0.9,0.4,0.6,0.5,0.36603412,49925,0.032511447348042455
0.8,0.2,0.4,0.1,0.36605,49925,0.03167909613895055
0.3,0.5,0.9,0.5,0.3660575,49925,0.03858156140441265
0.9,0.3,0.6,0.2,0.36606035,49925,0.03340999379093806
0.1,0.6,0.8,0.8,0.36606428,49925,0.03734619165214243
0.7,0.5,0.7,0.7,0.3660694,49925,0.03380660991087874
0.8,0.6,0.9,0.8,0.3660695,49925,0.03450371889256617
0.7,0.5,0.6,0.7,0.3660701,49925,0.03292876521328928
0.6,0.5,0.8,0.6,0.36607283,49925,0.03549547677849559
0.3,0.5,0.6,0.7,0.36607388,49925,0.0351292776687651
0.7,0.5,0.9,0.5,0.3660747,49925,0.03606547300815633
0.8,0.5,0.4,0.8,0.36607963,49925,0.030399430175930615
0.8,0.3,0.4,0.4,0.3660832,49925,0.030946644752462567
0.1,0.4,0.7,0.4,0.36608407,49925,0.039712180266480844
0.7,0.6,0.9,0.8,0.36608797,49925,0.03493919192103142
0.4,0.4,0.7,0.4,0.36608976,49925,0.037052950929540876
0.8,0.4,0.6,0.5,0.36609215,49925,0.03303740786504645
0.4,0.4,0.6,0.5,0.36611414,49925,0.035553716336766586
0.5,0.4,0.4,0.6,0.3661183,49925,0.032240551902038374
0.4,0.5,0.6,0.7,0.3661204,49925,0.0345319496884236
0.3,0.5,0.8,0.6,0.36613464,49925,0.03729940739713059
0.3,0.5,0.2,0.9,0.36613792,49925,0.030247708426854626
0.2,0.6,0.9,0.7,0.36614206,49925,0.037914146742483536
0.9,0.2,0.4,0.1,0.36614427,49925,0.030893441944368816
0.5,0.5,0.9,0.5,0.36614564,49925,0.03724577231671482
0.2,0.5,0.9,0.5,0.3661471,49925,0.03931298740078274
0.1,0.5,0.5,0.7,0.36617813,49925,0.035504260688789195
0.2,0.4,0.6,0.5,0.3661833,49925,0.03710311487185656
0.2,0.5,0.9,0.4,0.3661876,49925,0.03984157926379177
0.3,0.4,0.1,0.9,0.36619094,49925,0.027759272378191525
0.1,0.4,0.7,0.3,0.3661935,49925,0.04041854572466077
0.9,0.5,0.8,0.6,0.36619946,49925,0.033963083562947256
0.5,0.2,0.4,0.1,0.36620238,49925,0.03465132961947124
0.9,0.6,0.9,0.8,0.36620435,49925,0.03408260946248188
0.8,0.5,0.6,0.7,0.36620852,49925,0.03244479442567872
0.8,0.3,0.6,0.2,0.3662144,49925,0.03410590685793314
0.5,0.5,0.7,0.7,0.36621767,49925,0.03485470218520938
0.2,0.5,0.2,0.9,0.3662207,49925,0.0307376824192217
0.5,0.6,0.9,0.8,0.3662213,49925,0.03586634327481913
0.6,0.5,0.9,0.5,0.36622757,49925,0.036635501696892094
0.6,0.6,0.6,0.9,0.3662442,49925,0.03286819292755568
0.4,0.4,0.4,0.6,0.3662442,49925,0.032868192927555676
0.2,0.2,0.2,0.3,0.3662442,49925,0.032868192927555676
0.1,0.5,0.7,0.6,0.36625415,49925,0.03789073876180614
0.1,0.6,0.9,0.7,0.3662605,49925,0.038548546862672756
0.2,0.5,0.9,0.3,0.36626565,49925,0.04034019637174165
0.1,0.5,0.6,0.7,0.3662661,49925,0.036443970276450355
0.3,0.3,0.2,0.5,0.36626863,49925,0.030956813814533413
0.3,0.5,0.9,0.3,0.3662785,49925,0.039529062806056885
0.4,0.4,0.2,0.7,0.36627924,49929,0.029957392843909643
0.6,0.5,0.4,0.8,0.3662865,49925,0.03125880532056003
0.4,0.3,0.2,0.5,0.36628705,49925,0.030217086861034137
0.8,0.4,0.8,0.3,0.36629975,49925,0.035575699201922065
0.5,0.6,0.6,0.9,0.3663002,49925,0.03331675997365135
0.7,0.5,0.4,0.8,0.3663274,49925,0.03081567726118869
0.1,0.6,0.5,0.9,0.36635926,49925,0.0345225138115686
0.2,0.5,0.8,0.6,0.36636603,49925,0.03799042368658445
0.6,0.2,0.1,0.4,0.36637908,49925,0.026635062822842066
0.3,0.4,0.4,0.6,0.36638144,49925,0.03354612070754411
0.4,0.5,0.7,0.7,0.3663841,49925,0.035431480333908055
0.9,0.5,0.7,0.7,0.3663922,49925,0.03286259398007953
0.8,0.5,0.7,0.7,0.3663926,49925,0.033324143461855686
0.4,0.6,0.9,0.1,0.3664003,50057,0.0390917524532404
0.3,0.5,0.7,0.7,0.36640382,49925,0.036013051634700775
0.6,0.6,0.9,0.8,0.36641246,49925,0.035382982754987885
0.9,0.4,0.8,0.4,0.36642,49925,0.03466054341295414
0.7,0.3,0.6,0.2,0.36642247,49925,0.0348625926566837
0.3,0.6,0.9,0.8,0.36642328,49925,0.03689621600745392
0.7,0.2,0.4,0.1,0.36643016,49925,0.03254946800584205
0.9,0.5,0.5,0.8,0.3664314,49925,0.03090556336720616
0.7,0.3,0.6,0.3,0.36643803,49925,0.034474943512333246
0.5,0.5,0.4,0.8,0.36644426,49925,0.03172592705845086
0.4,0.6,0.6,0.9,0.36646068,49925,0.033783582920186614
0.4,0.5,0.4,0.8,0.36646986,49925,0.032240902713043675
0.3,0.4,0.2,0.7,0.36647016,49925,0.03051689205743862
0.1,0.5,0.9,0.5,0.36647433,49925,0.040082912820087746
0.6,0.6,0.8,0.9,0.36648294,49925,0.0343629176589835
0.2,0.5,0.7,0.7,0.36649173,49925,0.036654334555937564
0.6,0.2,0.4,0.1,0.3664918,49925,0.03353377918806107
0.2,0.4,0.2,0.7,0.36650643,49925,0.03112301343809971
0.3,0.2,0.4,0.2,0.36650878,49925,0.03651531963635595
0.6,0.4,0.8,0.4,0.36650878,49925,0.03651531963635595
0.5,0.3,0.6,0.3,0.36651725,49925,0.03607230772993286
0.6,0.1,0.2,0.1,0.36651778,49925,0.028875849513156034
0.4,0.6,0.9,0.8,0.3665217,49925,0.036374318262593956
0.1,0.4,0.6,0.5,0.3665297,49925,0.03798130235225794
0.7,0.4,0.7,0.5,0.36653256,49925,0.03457467998527337
0.2,0.1,0.2,0.1,0.366538,49925,0.035239318889169854
0.6,0.3,0.6,0.3,0.366538,49925,0.03523931888916985
0.4,0.2,0.4,0.2,0.366538,49925,0.035239318889169854
0.8,0.4,0.8,0.4,0.366538,49925,0.035239318889169854
0.2,0.3,0.2,0.5,0.36654043,49925,0.03176095474283975
0.2,0.5,0.4,0.8,0.36654896,49925,0.03334590661618503
0.6,0.3,0.6,0.2,0.36655182,49925,0.03567946833076067
0.8,0.4,0.8,0.2,0.366552,49925,0.0358895746365102
0.4,0.2,0.4,0.1,0.366552,49925,0.0358895746365102
0.1,0.5,0.7,0.7,0.36656296,49925,0.03731523300616473
0.4,0.4,0.5,0.6,0.36656308,49925,0.03399341147144579
0.6,0.1,0.1,0.2,0.36656398,49925,0.02572136404539919
0.2,0.4,0.4,0.6,0.3665674,49925,0.0342761857264112
0.3,0.6,0.6,0.9,0.3665674,49925,0.0342761857264112
0.1,0.2,0.2,0.3,0.3665674,49925,0.0342761857264112
0.4,0.1,0.2,0.1,0.3665827,49925,0.031419579830240386
0.8,0.2,0.4,0.2,0.3665827,49925,0.031419579830240386
0.7,0.6,0.8,0.9,0.3665833,49925,0.033929810160698695
0.7,0.4,0.8,0.4,0.36658925,49925,0.03585338251536704
0.9,0.5,0.9,0.6,0.36659056,49925,0.034716760150234595
0.5,0.4,0.7,0.5,0.36659157,49925,0.03584606641321177
0.8,0.4,0.7,0.5,0.366593,49925,0.03400671884371054
0.1,0.5,0.2,0.9,0.36659414,49925,0.03125187640966121
0.6,0.4,0.7,0.5,0.36659646,49925,0.035183707967996726
0.9,0.4,0.8,0.2,0.36661032,49925,0.03524271690201489
0.5,0.6,0.8,0.9,0.3666186,49925,0.03482426844896948
0.9,0.4,0.3,0.7,0.36662197,49925,0.028846586901137925
0.5,0.3,0.6,0.2,0.36662593,49925,0.03657951418043682
0.5,0.4,0.5,0.6,0.36663094,49926,0.033355079181127595
0.9,0.2,0.4,0.2,0.36664528,49925,0.030686723277154253
0.5,0.2,0.4,0.2,0.36664543,49925,0.0341164245709836
0.8,0.6,0.8,0.9,0.3666493,49925,0.033516297539551036
0.4,0.6,0.8,0.9,0.36665517,49925,0.03530879738112468
0.5,0.4,0.8,0.4,0.36666346,49925,0.037207131895509914
0.3,0.5,0.4,0.8,0.3666814,49925,0.03277039230201256
0.7,0.5,0.9,0.6,0.36668307,49925,0.035711011887133395
0.9,0.3,0.3,0.5,0.3666842,49925,0.028841170637773163
0.3,0.6,0.9,0.1,0.36668596,49925,0.03986264375088671
0.2,0.6,0.9,0.8,0.36668745,49925,0.03745147245290908
0.8,0.5,0.5,0.8,0.36669058,49925,0.0313164376243377
0.4,0.6,0.7,0.9,0.366692,49925,0.03455403408028618
0.7,0.5,0.8,0.7,0.3666933,49925,0.03461097351785694
0.3,0.4,0.7,0.5,0.36670193,49925,0.03728661095048714
0.7,0.2,0.4,0.2,0.36670208,49925,0.03222356473514618
0.3,0.6,0.8,0.9,0.3667043,49925,0.035798156480930605
0.6,0.6,0.7,0.9,0.36670634,49925,0.03362764750254471
0.1,0.4,0.2,0.7,0.36670843,49925,0.03178894452647491
0.7,0.6,0.9,0.9,0.36671197,49925,0.034636355314621003
0.3,0.5,0.9,0.6,0.3667222,49925,0.038066255311325015
0.1,0.5,0.8,0.6,0.36672708,49925,0.038721600460108745
0.5,0.4,0.6,0.6,0.36673543,49925,0.03442748937404421
0.7,0.6,0.7,0.9,0.36673635,49925,0.0331913072189429
0.9,0.5,0.8,0.7,0.3667394,49925,0.03368111527756772
0.6,0.5,0.9,0.6,0.36674753,49925,0.03625333323466296
0.6,0.5,0.5,0.8,0.36675024,49925,0.032206474696484994
0.5,0.5,0.9,0.6,0.36675298,49925,0.03681984016555482
0.3,0.5,0.8,0.7,0.3667559,49925,0.036823477604762844
0.4,0.3,0.5,0.4,0.36675748,49925,0.03515785647825374
0.9,0.4,0.7,0.5,0.36676311,49925,0.033459460720686264
0.1,0.5,0.9,0.4,0.36676556,49925,0.040645916822443486
0.2,0.4,0.5,0.6,0.36677146,49925,0.03542328013367579
0.1,0.5,0.9,0.3,0.36677206,49925,0.04118695742955713
0.3,0.3,0.5,0.4,0.36677247,49925,0.03604345491579826
0.8,0.5,0.9,0.6,0.3667774,49947,0.0351992304096168
0.7,0.3,0.5,0.4,0.36677906,49925,0.032889438289878746
0.2,0.6,0.6,0.9,0.36678106,49925,0.034803797030217375
0.2,0.5,0.9,0.6,0.36678115,49925,0.03874796543241313
0.4,0.3,0.6,0.3,0.36678553,49925,0.036972264358018266
0.5,0.6,0.7,0.9,0.3667865,49925,0.0340754519226582
0.2,0.6,0.9,0.1,0.366791,49925,0.04072791967395454
0.5,0.1,0.2,0.1,0.36679512,49925,0.030013071086232253
0.5,0.3,0.5,0.4,0.36680025,49925,0.03432994658094687
0.7,0.5,0.5,0.8,0.36680564,49925,0.03174581420647022
0.3,0.4,0.5,0.6,0.3668065,49925,0.03469627935962048
0.8,0.5,0.8,0.7,0.3668075,49925,0.034123422471674256
0.3,0.4,0.6,0.6,0.3668149,49925,0.03576481418761306
0.1,0.4,0.4,0.6,0.3668245,49925,0.03506706487050552
0.1,0.3,0.2,0.5,0.36682615,49925,0.03267017250351368
0.8,0.4,0.3,0.7,0.36682662,49925,0.02925373819795248
0.9,0.5,0.3,0.9,0.3668326,49925,0.02886493598931189
0.2,0.6,0.8,0.9,0.36683297,49925,0.03633249493804466
0.4,0.4,0.7,0.5,0.36683333,49925,0.03653634530307932
0.4,0.5,0.9,0.6,0.3668356,49925,0.037425475732523084
0.9,0.3,0.6,0.3,0.3668398,49925,0.03310879755736384
0.6,0.2,0.4,0.2,0.3668398,49925,0.03310879755736384
0.3,0.1,0.2,0.1,0.3668398,49925,0.03310879755736384
0.5,0.4,0.8,0.3,0.36684173,49925,0.03765221177816961
0.6,0.4,0.8,0.3,0.36684442,49925,0.036915581639725435
0.1,0.2,0.3,0.3,0.36684632,49925,0.03649915955661491
0.3,0.6,0.9,0.9,0.36684632,49925,0.03649915955661492
0.2,0.4,0.6,0.6,0.36684632,49925,0.03649915955661491
0.4,0.3,0.1,0.6,0.36686057,49925,0.027998875661767394
0.8,0.6,0.9,0.9,0.36686674,49925,0.03422094036391402
0.2,0.3,0.5,0.4,0.36686915,49925,0.037033450929376995
0.9,0.3,0.6,0.1,0.36687204,49925,0.03366194372760145
0.2,0.3,0.5,0.1,0.36687243,49925,0.03932854294989321
0.7,0.4,0.5,0.6,0.3668789,49925,0.03219670214142723
0.5,0.5,0.5,0.8,0.3668789,49925,0.03269077941094325
0.1,0.4,0.5,0.6,0.3668835,49925,0.03623477396495712
0.9,0.4,0.5,0.6,0.36688784,49925,0.031200941962250282
0.9,0.6,0.8,0.9,0.36689478,49925,0.03311461924581711
0.1,0.5,0.4,0.8,0.36690027,49925,0.0339634181236194
0.7,0.4,0.8,0.3,0.36690027,49925,0.03621094309966772
0.1,0.1,0.2,0.1,0.36690497,49925,0.03795934655675414
0.4,0.4,0.8,0.4,0.36690497,49925,0.03795934655675414
0.2,0.2,0.4,0.2,0.36690497,49925,0.03795934655675414
0.3,0.3,0.6,0.3,0.36690497,49925,0.03795934655675414
0.6,0.5,0.8,0.7,0.3669064,49925,0.03512075050387025
0.8,0.3,0.5,0.4,0.36690703,49925,0.03224049483318232
0.5,0.5,0.8,0.7,0.3669103,49925,0.03565112630732528
0.9,0.6,0.7,0.9,0.3669148,49925,0.03238900888879435
0.8,0.3,0.6,0.3,0.36692208,49925,0.033765423137253406
0.6,0.4,0.5,0.6,0.36693287,49925,0.03275973982484368
0.5,0.6,0.9,0.9,0.36693418,49925,0.0355348835133459
0.6,0.3,0.3,0.5,0.3669462,49925,0.030455875869184943
0.1,0.6,0.9,0.8,0.36695486,49925,0.038042974160855204
0.6,0.6,0.9,0.9,0.36695603,49925,0.03506967659170651
0.4,0.4,0.6,0.6,0.36695603,49925,0.03506967659170651
0.2,0.2,0.3,0.3,0.36695603,49925,0.03506967659170651
0.6,0.3,0.5,0.4,0.36695844,49925,0.033577832864476624
0.8,0.6,0.7,0.9,0.3669621,49925,0.032774785814107546
0.9,0.2,0.3,0.3,0.36697975,49925,0.02880454072890798
0.8,0.3,0.3,0.5,0.36698148,49925,0.029334900962162066
0.6,0.4,0.6,0.6,0.36698326,49925,0.03381151896837743
0.3,0.2,0.3,0.3,0.36698326,49925,0.03381151896837743
0.9,0.6,0.9,0.9,0.36698326,49925,0.03381151896837743
0.1,0.6,0.6,0.9,0.36698574,49925,0.03534091305381981
0.4,0.5,0.8,0.7,0.36698675,49925,0.03622991714840559
0.8,0.5,0.3,0.9,0.36699134,49925,0.029205666166660645
0.7,0.4,0.6,0.6,0.3670027,49925,0.03325117842248734
0.2,0.4,0.1,0.9,0.36700305,49925,0.02825479599517709
0.9,0.5,0.9,0.7,0.36700422,49925,0.03442428979987182
0.5,0.5,0.8,0.1,0.36702263,49925,0.03796862697125489
0.2,0.4,0.7,0.5,0.3670293,49925,0.03808439597475515
0.8,0.4,0.5,0.6,0.36703077,49925,0.03167204557301249
0.3,0.6,0.7,0.9,0.36704898,49925,0.03505361228310276
0.4,0.5,0.8,0.1,0.36706105,49925,0.03879081916599864
0.4,0.6,0.9,0.9,0.36706263,49925,0.03599622623302717
0.1,0.6,0.8,0.9,0.3670706,49925,0.03687875231044986
0.3,0.4,0.8,0.4,0.36707065,49925,0.03875480269678206
0.5,0.3,0.3,0.5,0.36708784,49925,0.031100110286792312
0.7,0.3,0.3,0.5,0.36709607,49926,0.029871794453178727
0.4,0.3,0.6,0.2,0.36709774,49925,0.03753313030165928
0.2,0.6,0.9,0.9,0.36709806,49925,0.03701136575713143
0.7,0.3,0.1,0.7,0.36709848,49925,0.02608014213948931
0.8,0.4,0.6,0.6,0.36710194,49925,0.032714728694950776
0.4,0.2,0.3,0.3,0.36710194,49925,0.032714728694950776
0.9,0.4,0.6,0.6,0.36711013,49925,0.03221557396243532
0.8,0.5,0.9,0.7,0.36711243,49925,0.03488707532324094
0.2,0.6,0.7,0.9,0.36711347,49925,0.03557346018374095
0.7,0.4,0.3,0.7,0.3671317,49925,0.029681380173329396
0.6,0.5,0.7,0.8,0.3671368,49925,0.03396099091584063
0.7,0.5,0.3,0.9,0.36716837,49925,0.029560534782333343
0.5,0.2,0.1,0.4,0.36717153,49925,0.027207769902873886
0.1,0.3,0.5,0.4,0.3671721,49925,0.0381289355307999
0.9,0.3,0.5,0.4,0.36717373,49925,0.0316376449005847
0.4,0.5,0.5,0.8,0.36718693,49925,0.033208567114821244
0.3,0.5,0.8,0.1,0.3672035,49925,0.0396929962732855
0.7,0.2,0.3,0.3,0.3672066,49925,0.030101815607818366
0.4,0.3,0.3,0.5,0.36721373,49925,0.03179762276074049
0.7,0.4,0.8,0.5,0.36721778,49925,0.03547093553204583
0.2,0.3,0.6,0.3,0.36723343,49925,0.039034060110765455
0.1,0.4,0.6,0.6,0.36724463,49925,0.03729082897008
0.6,0.4,0.3,0.7,0.36724544,49925,0.03015410725981782
0.9,0.5,0.6,0.8,0.36724952,49925,0.03175162877026012
0.7,0.4,0.7,0.1,0.36725414,50038,0.03594519695778099
0.2,0.5,0.8,0.7,0.36726034,49925,0.03746213696132981
0.3,0.5,0.5,0.8,0.367263,49925,0.03375549501104195
0.6,0.4,0.8,0.5,0.3672678,49925,0.03608092337300137
0.1,0.6,0.7,0.9,0.36727518,49925,0.03611903529980432
0.1,0.5,0.9,0.6,0.3672773,49925,0.0394669297623943
0.7,0.5,0.9,0.7,0.36728662,49925,0.0353692969756944
0.4,0.5,0.7,0.8,0.36728713,49925,0.03499114474368222
0.5,0.2,0.3,0.3,0.36729765,49925,0.03174685713581474
0.5,0.5,0.7,0.8,0.36730173,49925,0.03445769430358762
0.8,0.2,0.3,0.3,0.3673129,49925,0.02941479209755681
0.3,0.3,0.3,0.5,0.36731544,49925,0.03256686812129007
0.4,0.5,0.6,0.8,0.36731833,49925,0.03412123231216718
0.6,0.5,0.9,0.7,0.36732385,49925,0.03588029534110562
0.7,0.5,0.7,0.8,0.3673328,49925,0.03347953791334886
0.3,0.3,0.1,0.6,0.36733446,49925,0.028616236143937514
0.5,0.5,0.3,0.9,0.3673462,49930,0.03037425369771209
0.5,0.5,0.9,0.7,0.36734742,49925,0.0364158204012117
0.1,0.3,0.5,0.1,0.367366,49925,0.04084371272275199
0.5,0.4,0.8,0.5,0.3673702,49925,0.03673007594679921
0.3,0.4,0.8,0.5,0.36737964,49925,0.038172725008203595
0.4,0.5,0.9,0.7,0.36738056,49925,0.03697940044015218
0.4,0.4,0.8,0.5,0.3673898,49925,0.03743120859678713
0.5,0.4,0.3,0.7,0.3673941,49925,0.030664558794283037
0.3,0.5,0.7,0.8,0.3674004,49925,0.035564600438672864
0.6,0.4,0.7,0.6,0.36740607,49925,0.03477819323039107
0.3,0.5,0.3,0.9,0.3674068,49925,0.031292264984990485
0.1,0.4,0.7,0.5,0.36740777,49925,0.03894791214233071
0.3,0.4,0.3,0.7,0.3674152,49925,0.03181266461697013
0.8,0.5,0.7,0.8,0.36741748,49925,0.03302836640021676
0.8,0.4,0.8,0.5,0.36741972,49925,0.03489492835889044
0.4,0.5,0.3,0.9,0.3674221,49925,0.030824810083123606
0.6,0.4,0.7,0.1,0.3674236,49925,0.03669291268631454
0.7,0.5,0.8,0.8,0.36742827,49925,0.034279980491996105
0.6,0.5,0.6,0.8,0.36745465,49925,0.03309623551094159
0.6,0.5,0.3,0.9,0.3674547,49925,0.029952351270279988
0.9,0.3,0.1,0.8,0.36745706,49925,0.025031308775892602
0.5,0.4,0.7,0.6,0.36746144,49925,0.03538963539658279
0.5,0.5,0.6,0.8,0.36746243,49925,0.03359150541553968
0.2,0.5,0.7,0.8,0.36746404,49925,0.03615855572063821
0.5,0.1,0.1,0.2,0.36746615,49925,0.026480265005029036
0.4,0.4,0.8,0.3,0.36747095,49925,0.0384271790331329
0.4,0.5,0.8,0.8,0.3674717,49925,0.03580148769721043
0.6,0.2,0.3,0.3,0.3674821,49925,0.03087981559133297
0.3,0.4,0.7,0.6,0.3674823,49925,0.03673211358685578
0.2,0.5,0.3,0.9,0.3674866,49925,0.031811095296613266
0.1,0.6,0.9,0.9,0.36748767,49925,0.03756982135597669
0.4,0.4,0.3,0.7,0.36749113,49925,0.031215591632169862
0.6,0.5,0.8,0.8,0.36749157,49925,0.034758907419444734
0.3,0.5,0.6,0.8,0.3674982,49925,0.03467515868831109
0.8,0.4,0.4,0.7,0.36750096,49925,0.03036935985876188
0.2,0.4,0.8,0.5,0.36750215,49925,0.0389749167986547
0.9,0.4,0.2,0.8,0.3675084,49925,0.02752779696735538
0.9,0.3,0.2,0.6,0.3675105,49925,0.027289402893167208
0.2,0.5,0.5,0.8,0.36751097,49925,0.03433314958038848
0.6,0.5,0.9,0.2,0.36752108,49925,0.03764451704256828
0.3,0.5,0.8,0.8,0.36752442,49925,0.03635892008853292
0.9,0.4,0.8,0.5,0.36752474,49925,0.034343176137369286
0.5,0.5,0.8,0.8,0.36752975,49925,0.03526923561206548
0.7,0.4,0.7,0.6,0.3675303,49925,0.034202350877173264
0.2,0.4,0.3,0.7,0.3675462,49925,0.032461289197137325
0.1,0.5,0.7,0.8,0.36755332,49925,0.03678765892163859
0.3,0.3,0.6,0.4,0.36755344,49925,0.037255757514584466
0.8,0.5,0.6,0.8,0.36756256,49925,0.0321598785824743
0.7,0.4,0.4,0.7,0.36756504,49925,0.030837437885714105
0.8,0.5,0.8,0.8,0.3675686,49925,0.033819932266937906
0.9,0.4,0.7,0.6,0.36756867,49925,0.03315897606261657
0.3,0.5,0.9,0.7,0.36757123,49925,0.03757955032391643
0.8,0.4,0.7,0.6,0.36758012,49925,0.03367031711923123
0.9,0.4,0.9,0.3,0.3675936,49925,0.035792319080974605
0.9,0.5,0.7,0.8,0.36760366,49925,0.032588526102775794
0.4,0.3,0.6,0.4,0.36761743,49925,0.036371827651769946
0.9,0.3,0.4,0.5,0.3676185,49925,0.030119450424195626
0.9,0.5,0.8,0.8,0.36762437,49925,0.03338716840519909
0.4,0.2,0.1,0.4,0.36762512,49925,0.027877590932831472
0.8,0.4,0.2,0.8,0.36762512,49925,0.027877590932831472
0.5,0.5,0.9,0.2,0.36762726,49925,0.038354882580181104
0.8,0.3,0.6,0.4,0.36762753,49925,0.033419862183678054
0.1,0.5,0.8,0.7,0.36763734,49925,0.038135777797349044
0.5,0.3,0.6,0.4,0.36763793,49925,0.035545323637662156
0.9,0.4,0.4,0.7,0.36764336,49925,0.029929417034501325
0.1,0.5,0.5,0.8,0.36764365,49925,0.03496655241086131
0.4,0.4,0.7,0.6,0.36764395,49925,0.03602852729077497
0.1,0.2,0.4,0.2,0.3676466,49925,0.039588836963788926
0.2,0.4,0.8,0.4,0.3676466,49925,0.039588836963788926
0.7,0.5,0.6,0.8,0.36765784,49925,0.032619738881585064
0.6,0.3,0.6,0.4,0.36766207,49925,0.03477450213204205
0.4,0.5,0.9,0.2,0.3676673,49925,0.03911236197297123
0.2,0.5,0.8,0.1,0.36766866,49925,0.040653553762646955
0.4,0.3,0.4,0.5,0.367676,49925,0.03324654972676938
0.3,0.3,0.4,0.5,0.36769068,49925,0.03405421041390064
0.7,0.3,0.6,0.4,0.3676927,49925,0.03407148244902664
0.5,0.4,0.7,0.1,0.36771604,49925,0.037540457145516314
0.3,0.4,0.8,0.3,0.3677204,49925,0.039273320891108576
0.7,0.4,0.9,0.5,0.36773226,49925,0.03629583283915325
0.2,0.4,0.7,0.6,0.36773556,49925,0.03746773204088369
0.9,0.2,0.2,0.4,0.36773643,49927,0.026927821499047856
0.2,0.3,0.4,0.5,0.36775753,49925,0.034931887434717826
0.1,0.4,0.3,0.7,0.36775827,49925,0.03316189044319701
0.9,0.5,0.4,0.9,0.36776334,49925,0.02976013526161379
0.1,0.6,0.9,0.1,0.3677746,49931,0.041628412379452966
0.2,0.3,0.6,0.4,0.3677783,49925,0.038235216866728094
0.1,0.5,0.6,0.8,0.3678008,49925,0.035895918792897094
0.8,0.4,0.9,0.5,0.36780277,49925,0.035721176398465074
0.8,0.3,0.4,0.5,0.3678072,49925,0.030639039122565527
0.5,0.2,0.4,0.3,0.36781004,49925,0.03355934453261081
0.8,0.5,0.9,0.8,0.36781162,49925,0.034569030046940015
0.9,0.3,0.6,0.4,0.36781484,49925,0.03281456470619304
0.6,0.4,0.9,0.5,0.36781698,49925,0.036903527749955166
0.5,0.3,0.5,0.5,0.36782804,49925,0.03382759425876357
0.1,0.3,0.4,0.5,0.3678301,49925,0.035911838586957796
0.2,0.5,0.6,0.8,0.36783504,49925,0.03527131172828375
0.2,0.5,0.8,0.8,0.36784017,49925,0.036956038316718724
0.3,0.5,0.9,0.2,0.3678469,49925,0.03992983976245646
0.7,0.3,0.4,0.5,0.36784774,49925,0.031198527076038714
0.2,0.5,0.9,0.7,0.36785957,49925,0.03821668376935896
0.3,0.3,0.5,0.5,0.3678643,49925,0.03539150309521625
0.9,0.4,0.9,0.5,0.36786547,49925,0.03517980421160212
0.5,0.3,0.4,0.5,0.36786914,49925,0.03249098662946927
0.9,0.5,0.5,0.9,0.3678713,49925,0.03068839150669256
0.4,0.3,0.5,0.5,0.36787271,49925,0.03457617887080193
0.8,0.5,0.4,0.9,0.36787418,49925,0.030125848534490157
0.9,0.3,0.7,0.3,0.36787498,49925,0.03419679231028777
0.9,0.4,0.9,0.4,0.36788294,49925,0.035470089037997365
0.6,0.3,0.4,0.5,0.36788434,49925,0.03182122908631422
0.8,0.3,0.2,0.6,0.3678908,49925,0.02768755883303967
0.9,0.4,0.8,0.6,0.36789092,49925,0.03404127910044925
0.5,0.4,0.4,0.7,0.36789834,49925,0.03185567200851761
0.1,0.5,0.3,0.9,0.36789972,49925,0.032354330001781284
0.4,0.4,0.7,0.1,0.36791205,49925,0.03845859288327136
0.1,0.4,0.7,0.2,0.36791718,49925,0.04102222262160612
0.7,0.5,0.4,0.9,0.36791903,49925,0.030516331071864376
0.3,0.4,0.7,0.1,0.36792114,49925,0.03946840731977836
0.1,0.4,0.8,0.5,0.36792803,49925,0.039822394231868334
0.6,0.5,0.4,0.9,0.3679331,49925,0.03094011505710457
0.1,0.3,0.6,0.3,0.3679351,49925,0.04017830377650436
0.1,0.3,0.6,0.4,0.3679373,49925,0.03930086298963729
0.5,0.5,0.4,0.9,0.36794436,49925,0.03138096783215643
0.7,0.5,0.9,0.8,0.3679444,49925,0.03502416400725514
0.2,0.3,0.3,0.5,0.36795473,49925,0.033424708400921474
0.9,0.5,0.9,0.8,0.36796057,49925,0.034123729637891516
0.1,0.3,0.3,0.5,0.36796385,49925,0.03438058024133714
0.6,0.4,0.4,0.7,0.36796638,49925,0.031333233005131106
0.4,0.4,0.4,0.7,0.36796772,49925,0.03242769281164703
0.6,0.3,0.7,0.4,0.36797506,49925,0.03586367471591091
0.4,0.5,0.4,0.9,0.36797547,49925,0.0318468512154272
0.4,0.5,0.9,0.8,0.3679914,49925,0.03655300780404957
0.6,0.4,0.6,0.7,0.3679932,49925,0.033432739061263296
0.2,0.2,0.4,0.3,0.36799935,49925,0.03691475537455202
0.4,0.4,0.8,0.6,0.36799935,49925,0.03691475537455202
0.5,0.3,0.7,0.4,0.3680004,49925,0.03662471777847151
0.6,0.2,0.4,0.3,0.3680015,49925,0.03264891798661264
0.5,0.5,0.9,0.8,0.36800373,49925,0.03600819573850809
0.2,0.5,0.9,0.2,0.36800587,49925,0.0407861852474293
0.4,0.1,0.1,0.2,0.36801475,49925,0.027415575348267985
0.8,0.2,0.2,0.4,0.36801475,49925,0.027415575348267985
0.5,0.4,0.6,0.7,0.36801815,49925,0.033987119770698127
0.6,0.5,0.9,0.8,0.36802974,49925,0.03551695468691408
0.9,0.4,0.5,0.7,0.36804616,49925,0.03093600799647698
0.5,0.4,0.9,0.5,0.3680473,49925,0.037552258267065215
0.6,0.3,0.1,0.7,0.368054,49925,0.02651667867277542
0.9,0.3,0.7,0.2,0.3680597,49925,0.03450875616755707
0.2,0.3,0.1,0.6,0.36806622,49925,0.029265939530565728
0.7,0.3,0.5,0.5,0.36807388,49925,0.03249469508402733
0.3,0.5,0.4,0.9,0.36807513,49925,0.03234780329481091
0.8,0.5,0.5,0.9,0.3680775,49925,0.031069348692545677
0.3,0.2,0.4,0.3,0.36809218,49925,0.035662087323209475
0.6,0.4,0.8,0.6,0.36809218,49925,0.035662087323209475
0.2,0.3,0.5,0.5,0.36810032,49925,0.0362816387343808
0.8,0.3,0.7,0.4,0.36810312,49925,0.03450268171263431
0.8,0.3,0.7,0.3,0.36810875,49925,0.034841973116712006
0.8,0.4,0.9,0.4,0.36811116,49925,0.036046476934212576
0.4,0.4,0.6,0.7,0.36811212,49925,0.034586512915444956
0.6,0.3,0.5,0.5,0.36811414,49925,0.033129601437215564
0.2,0.5,0.9,0.8,0.3681223,49925,0.03771183973977848
0.7,0.4,0.2,0.8,0.36813164,49925,0.028237192297429093
0.5,0.4,0.8,0.6,0.3681323,49925,0.036273293588536794
0.2,0.5,0.4,0.9,0.36813572,49925,0.03289034017327201
0.3,0.4,0.8,0.6,0.36814916,49925,0.03759964103237516
0.7,0.3,0.7,0.4,0.36814952,49925,0.035161077851122484
0.3,0.5,0.9,0.8,0.36815098,49925,0.03711118782644767
0.7,0.4,0.8,0.6,0.3681602,49925,0.03508752819543458
0.1,0.4,0.7,0.6,0.36816764,49925,0.03825149479023768
0.3,0.4,0.4,0.7,0.36817354,49925,0.033043993892607815
0.1,0.5,0.8,0.8,0.3681751,49925,0.037588857257817763
0.8,0.3,0.5,0.5,0.3681898,49925,0.03190626223077469
0.6,0.5,0.5,0.9,0.36820415,49925,0.0318917622452548
0.7,0.5,0.5,0.9,0.36820975,49925,0.03146431799800771
0.5,0.5,0.5,0.9,0.36823958,49925,0.032339465849909786
0.8,0.3,0.6,0.1,0.36824384,49925,0.0343515095388441
0.8,0.4,0.8,0.6,0.36825556,49925,0.03453869437100377
0.4,0.2,0.4,0.3,0.36825556,49925,0.03453869437100377
0.3,0.4,0.6,0.7,0.36826378,49925,0.03523458623503957
0.9,0.2,0.5,0.2,0.36826432,49925,0.032218251953220194
0.4,0.5,0.5,0.9,0.3682657,49925,0.03282013482135651
0.1,0.5,0.4,0.9,0.36826572,49925,0.033450821959330294
0.8,0.4,0.5,0.7,0.36827487,49925,0.031381783269317114
0.1,0.2,0.4,0.3,0.36827645,49925,0.038346665211368224
0.2,0.4,0.8,0.6,0.36827645,49925,0.038346665211368224
0.3,0.4,0.5,0.7,0.36828032,49925,0.03418454281142664
0.7,0.3,0.6,0.1,0.3682848,49925,0.03515494793273202
0.1,0.4,0.8,0.4,0.3682927,49925,0.040481228433169314
0.8,0.2,0.5,0.2,0.36829367,49925,0.032971225152425086
0.7,0.4,0.6,0.7,0.36829782,49925,0.03289547515315616
0.6,0.4,0.5,0.7,0.36830556,49925,0.0323836145214897
0.4,0.3,0.7,0.4,0.3683073,49925,0.03743059384892666
0.8,0.5,0.7,0.9,0.36832118,49925,0.03273042729705889
0.9,0.3,0.7,0.4,0.36832795,49925,0.033874019792483966
0.9,0.2,0.4,0.3,0.368329,49925,0.030430584330776552
0.9,0.4,0.6,0.7,0.36833185,49925,0.03191776717624612
0.1,0.4,0.1,0.9,0.3683383,49925,0.028759760091200695
0.8,0.4,0.6,0.7,0.36834088,49925,0.03238997656463581
0.7,0.5,0.8,0.9,0.3683426,49925,0.03396019612139501
0.1,0.5,0.9,0.7,0.36834663,49925,0.038865546388127004
0.9,0.3,0.5,0.5,0.36834925,49925,0.0313521028800946
0.4,0.5,0.8,0.9,0.3683555,49925,0.035403728303682235
0.5,0.5,0.8,0.9,0.3683595,49925,0.03489045687451618
0.1,0.3,0.1,0.6,0.36836156,49925,0.03001715299677213
0.7,0.4,0.8,0.2,0.36836547,49925,0.03648927534490971
0.7,0.4,0.7,0.7,0.36837295,49925,0.033833822324827366
0.2,0.4,0.6,0.7,0.36837682,49925,0.03591901985453192
0.7,0.4,0.5,0.7,0.3683789,49925,0.03187238493292139
0.6,0.5,0.8,0.9,0.3683906,49925,0.034407948536714465
0.6,0.4,0.2,0.8,0.3683908,49925,0.028632564146944473
0.3,0.2,0.1,0.4,0.3683908,49925,0.028632564146944473
0.8,0.5,0.8,0.9,0.36840075,49925,0.033522634004553985
0.9,0.5,0.7,0.9,0.3684085,49925,0.032323622710866605
0.6,0.5,0.7,0.9,0.36841494,49925,0.03361987117774933
0.2,0.4,0.4,0.7,0.36841682,49925,0.03370252214230492
0.4,0.4,0.7,0.7,0.3684184,49925,0.03554353973919429
0.7,0.3,0.7,0.3,0.36842546,49925,0.03553602665468172
0.7,0.4,0.9,0.4,0.36843824,49925,0.036657086600790534
0.8,0.4,0.9,0.6,0.36844242,49925,0.03536505318314152
0.6,0.3,0.6,0.5,0.3684433,49925,0.03432166048471831
0.9,0.5,0.6,0.9,0.36844373,49925,0.03150905350745718
0.3,0.4,0.9,0.6,0.36845088,49925,0.03840835890579227
0.6,0.4,0.7,0.7,0.36845118,49925,0.03436647357508981
0.4,0.5,0.7,0.9,0.36845163,49925,0.03459043007475998
0.7,0.5,0.7,0.9,0.3684519,49925,0.03316742181720924
0.5,0.4,0.5,0.7,0.36845627,49925,0.032945127788358924
0.9,0.4,0.7,0.7,0.36845732,49925,0.03284945788673761
0.5,0.3,0.6,0.5,0.36846003,49925,0.035021491570225556
0.4,0.4,0.9,0.6,0.3684606,49925,0.03773054866176435
0.7,0.2,0.2,0.4,0.36846298,49925,0.027969413546164317
0.5,0.4,0.9,0.6,0.36846346,49925,0.037088280936003054
0.1,0.4,0.6,0.7,0.36846802,49925,0.03664925197399263
0.6,0.4,0.9,0.6,0.36847776,49925,0.03648139885009799
0.4,0.4,0.5,0.7,0.36848038,49925,0.03354617445558609
0.7,0.4,0.9,0.6,0.36848438,49925,0.03590611817356849
0.6,0.4,0.9,0.4,0.3684881,49925,0.03730190009280668
0.8,0.4,0.7,0.7,0.36849096,49925,0.033321614828685536
0.9,0.4,0.9,0.6,0.3684975,49925,0.03485111166216668
0.1,0.5,0.8,0.1,0.3685062,49930,0.04167215460410486
0.3,0.5,0.7,0.9,0.36850995,49925,0.03511930332157351
0.9,0.5,0.8,0.9,0.36851212,49925,0.03310761191758734
0.4,0.4,0.9,0.5,0.3685139,49925,0.03823024196530598
0.1,0.3,0.5,0.5,0.36851615,49925,0.03725579003077997
0.5,0.4,0.7,0.7,0.36853623,49925,0.034934594421105164
0.7,0.2,0.4,0.3,0.36854315,49925,0.03183267818523503
0.7,0.3,0.2,0.6,0.36856654,49925,0.028116542276575198
0.5,0.3,0.6,0.1,0.36856976,49925,0.03697067207649214
0.7,0.3,0.6,0.5,0.36857054,49925,0.03367170750939233
0.9,0.1,0.2,0.2,0.36857468,49925,0.026366588078529454
0.8,0.3,0.6,0.5,0.3685779,49925,0.03305925770781876
0.2,0.4,0.5,0.7,0.3685825,49925,0.03485603241625491
0.3,0.5,0.8,0.9,0.3685942,49925,0.03592720349723215
0.1,0.4,0.8,0.6,0.36859503,49925,0.03911937963366372
0.7,0.4,0.8,0.7,0.36859515,49925,0.034714627838299233
0.3,0.3,0.6,0.5,0.36859596,49925,0.03657962584323791
0.3,0.4,0.7,0.7,0.36860293,49925,0.03618790582817796
0.9,0.5,0.9,0.9,0.36860895,49925,0.033830757372986894
0.6,0.4,0.8,0.2,0.36860922,49925,0.03721498939191479
0.3,0.2,0.4,0.1,0.36860922,49925,0.03721498939191479
0.4,0.3,0.6,0.5,0.3686109,49925,0.03576847108730202
0.1,0.4,0.5,0.7,0.36861816,49925,0.03558820587745047
0.2,0.5,0.7,0.9,0.36861897,49925,0.03568339059888141
0.8,0.5,0.9,0.1,0.36862007,49925,0.03659934720422618
0.8,0.3,0.1,0.8,0.36862135,49925,0.02536558582128497
0.9,0.5,0.9,0.1,0.36862183,49925,0.03598683177939086
0.2,0.4,0.9,0.6,0.36865753,49925,0.0391398625605253
0.6,0.5,0.6,0.9,0.36865777,49925,0.032767712168722346
0.5,0.4,0.8,0.2,0.36865896,49925,0.03799169911408213
0.7,0.5,0.6,0.9,0.36867055,49925,0.0323286986393894
0.6,0.3,0.6,0.1,0.36867657,49925,0.036023754483976524
0.5,0.4,0.2,0.8,0.36867818,49925,0.02905814671583308
0.9,0.4,0.3,0.8,0.3686823,49925,0.02859990956449929
0.2,0.5,0.8,0.9,0.36868578,49925,0.03648651886932533
0.8,0.5,0.9,0.9,0.36869028,49925,0.03425291918817422
0.6,0.5,0.9,0.9,0.36869183,49925,0.03514823608616523
0.1,0.4,0.4,0.7,0.36869422,49925,0.034423012159434524
0.2,0.4,0.7,0.1,0.3687058,49925,0.04055616316325467
0.5,0.5,0.9,0.9,0.36871028,49925,0.03562775749193087
0.5,0.5,0.7,0.9,0.3687117,49925,0.03408824817314453
0.8,0.4,0.8,0.7,0.36871472,49925,0.034201924351163475
0.8,0.2,0.4,0.3,0.3687213,49925,0.03109059562028279
0.9,0.2,0.1,0.5,0.36874253,49925,0.024971646260749197
0.9,0.3,0.6,0.5,0.3687472,49925,0.03248033628441149
0.6,0.3,0.2,0.6,0.36875036,49925,0.02859830830138551
0.6,0.4,0.8,0.7,0.3687511,49925,0.035249733059252365
0.5,0.4,0.8,0.7,0.36875188,49925,0.035821863602609916
0.3,0.5,0.5,0.9,0.36875355,49925,0.03332886595212201
0.5,0.2,0.5,0.3,0.3687541,49925,0.0351164655542598
0.4,0.3,0.6,0.1,0.36875603,49925,0.03801372700908509
0.2,0.3,0.6,0.5,0.3687566,49925,0.03746840904749587
0.7,0.5,0.9,0.9,0.36876503,49925,0.03469003099908568
0.3,0.4,0.9,0.5,0.36876798,49925,0.038949054289879874
0.3,0.3,0.7,0.4,0.3687682,49925,0.03830062792767406
0.4,0.4,0.2,0.8,0.36878043,49925,0.02952599279870381
0.2,0.2,0.1,0.4,0.36878043,49925,0.02952599279870381
0.8,0.5,0.6,0.9,0.36878505,49925,0.03189503351141588
0.6,0.2,0.5,0.3,0.36878765,49925,0.03420043915888808
0.3,0.3,0.6,0.2,0.36879483,49951,0.03853367671092085
0.3,0.5,0.6,0.9,0.36879495,49925,0.0342546576115097
0.5,0.5,0.6,0.9,0.36880067,49925,0.03323069639625881
0.7,0.2,0.5,0.2,0.36883056,49925,0.03376734307024655
0.1,0.5,0.9,0.2,0.36883375,49925,0.04170904752379475
0.5,0.3,0.7,0.5,0.3688358,49925,0.03608794903061908
0.2,0.4,0.7,0.7,0.36885566,49925,0.036878249022734975
0.1,0.5,0.8,0.9,0.3688562,49925,0.03707268044573386
0.4,0.5,0.6,0.9,0.36886233,49928,0.033733362401076196
0.4,0.5,0.9,0.9,0.36886722,49925,0.036142092042364085
0.4,0.2,0.5,0.3,0.36887738,49925,0.036121565504980836
0.2,0.5,0.6,0.9,0.36888614,49925,0.03480768308938369
0.6,0.3,0.7,0.3,0.36889106,49925,0.036301172745088005
0.6,0.2,0.2,0.4,0.36889607,49925,0.02858676068729759
0.9,0.3,0.3,0.6,0.36889607,49925,0.028586760687297586
0.3,0.1,0.1,0.2,0.36889607,49925,0.02858676068729759
0.3,0.4,0.8,0.7,0.36891615,49925,0.03706358565614009
0.9,0.4,0.8,0.7,0.36892337,49925,0.03371530378188151
0.6,0.4,0.9,0.7,0.3689267,49925,0.036065850331862534
0.6,0.3,0.7,0.5,0.36893404,49925,0.035386721300768996
0.8,0.3,0.7,0.5,0.36893648,49925,0.03411057529051355
0.2,0.4,0.8,0.7,0.36894715,49925,0.0377463101059753
0.6,0.2,0.5,0.2,0.3689542,49925,0.03468467417063639
0.1,0.5,0.7,0.9,0.36897272,49925,0.036272200568160266
0.4,0.4,0.8,0.7,0.36898372,49925,0.03641805358601663
0.8,0.4,0.9,0.7,0.36899233,49925,0.035010345980326
0.5,0.4,0.9,0.7,0.36899316,49925,0.03663474738715431
0.2,0.5,0.5,0.9,0.36900058,49925,0.03387184286266582
0.7,0.4,0.9,0.7,0.36900404,49925,0.03552332599706258
0.3,0.5,0.9,0.9,0.36900598,49925,0.03666688216141239
0.8,0.4,0.3,0.8,0.3690063,49925,0.02897985239218924
0.3,0.2,0.5,0.3,0.36902422,49925,0.03721922229567559
0.4,0.4,0.8,0.2,0.36902887,49925,0.03884732634285625
0.2,0.2,0.4,0.1,0.36902887,49925,0.03884732634285625
0.1,0.3,0.6,0.5,0.36903396,49925,0.038420984318020907
0.3,0.4,0.2,0.8,0.36904225,49925,0.03001994725600143
0.1,0.5,0.9,0.8,0.3690458,49925,0.038300154353316664
0.4,0.3,0.7,0.5,0.36906385,49925,0.03683877768862732
0.7,0.3,0.7,0.5,0.36906788,49925,0.03472792179769096
0.5,0.4,0.9,0.4,0.36908653,49925,0.03796552120932052
0.2,0.5,0.9,0.9,0.3691016,49925,0.03722780514479984
0.4,0.4,0.9,0.7,0.36910287,49925,0.03723325016013529
0.1,0.5,0.6,0.9,0.36910367,49925,0.03538541141918696
0.1,0.5,0.5,0.9,0.36911035,49925,0.03444591959889821
0.5,0.3,0.7,0.3,0.36911345,49925,0.037107974167610025
0.5,0.3,0.2,0.6,0.3691203,49925,0.02913896876572336
0.2,0.4,0.9,0.5,0.36912054,49925,0.03970570661247163
0.1,0.4,0.7,0.7,0.3691234,49925,0.0376069817813113
0.3,0.3,0.7,0.5,0.36912727,49925,0.0376559345590643
0.7,0.2,0.5,0.3,0.36913848,49925,0.03336640169623852
0.2,0.3,0.7,0.5,0.36914307,49925,0.038522356727447096
0.8,0.1,0.2,0.2,0.36915588,49925,0.0269961699869911
0.5,0.3,0.1,0.7,0.36917552,49926,0.02698335105132033
0.3,0.3,0.6,0.1,0.36917874,49925,0.03916034462173656
0.7,0.5,0.9,0.1,0.36917943,49971,0.0372468764837776
0.2,0.3,0.6,0.2,0.369187,49925,0.03969512688202292
0.2,0.4,0.9,0.7,0.3692114,49925,0.038538805825535025
0.8,0.3,0.3,0.6,0.3692125,49925,0.029042481698854348
0.5,0.2,0.2,0.4,0.36922014,49925,0.029289938111624676
0.1,0.4,0.7,0.1,0.36922505,49925,0.041738049244528924
0.4,0.4,0.9,0.4,0.36923173,49925,0.038688467165487864
0.5,0.2,0.5,0.2,0.3692336,49925,0.035677952082459385
0.4,0.3,0.7,0.3,0.3692364,49925,0.03799076014935489
0.3,0.4,0.8,0.2,0.3692451,49925,0.039750314394943656
0.3,0.4,0.9,0.7,0.36924845,49925,0.03785947293754288
0.8,0.2,0.5,0.3,0.36925018,49925,0.03260157713585524
0.9,0.3,0.7,0.5,0.3692597,49925,0.033524366773303296
0.9,0.4,0.9,0.7,0.3692603,49925,0.03451473752044718
0.7,0.4,0.3,0.8,0.36926532,49925,0.02938428051827219
0.1,0.4,0.9,0.6,0.36926904,49925,0.039902188222960384
0.2,0.4,0.2,0.8,0.3692755,49925,0.030566082602498157
0.1,0.2,0.1,0.4,0.3692755,49925,0.030566082602498157
0.4,0.3,0.2,0.6,0.36927882,49925,0.029713963221316805
0.7,0.3,0.8,0.5,0.36928368,49925,0.03568635298831693
0.5,0.3,0.3,0.6,0.36928526,49928,0.030671802197767724
0.1,0.2,0.4,0.1,0.36929536,49925,0.040727090289192275
0.2,0.4,0.8,0.2,0.36929536,49925,0.040727090289192275
0.1,0.4,0.2,0.8,0.36929998,49925,0.03116378747218596
0.6,0.3,0.8,0.5,0.36930004,49925,0.03634194950451517
0.9,0.4,0.4,0.8,0.36930162,49925,0.02968082037451268
0.7,0.4,0.4,0.8,0.36931282,49925,0.03052734774971748
0.9,0.3,0.8,0.5,0.36932036,49925,0.03449523016602507
0.9,0.2,0.5,0.3,0.36932302,49925,0.03189760879074404
0.7,0.3,0.3,0.6,0.3693244,49925,0.029542349236660895
0.3,0.3,0.2,0.6,0.3693328,49925,0.030375475407845687
0.5,0.4,0.3,0.8,0.36933887,49925,0.0302872152435248
0.9,0.1,0.1,0.3,0.3693449,49925,0.023944128404947834
0.6,0.4,0.7,0.8,0.36935806,49925,0.03398233739034158
0.8,0.1,0.3,0.1,0.36936635,49925,0.029582187990960126
0.6,0.4,0.3,0.8,0.36937344,49926,0.029817659951857263
0.3,0.4,0.9,0.4,0.36938715,49925,0.03946079252536639
0.8,0.3,0.8,0.5,0.36939046,49925,0.03507591698270048
0.9,0.3,0.8,0.4,0.36939973,49925,0.03483065561211144
0.1,0.5,0.9,0.9,0.36940014,49925,0.03779218647104143
0.7,0.3,0.5,0.6,0.36940867,49925,0.032111640453708894
0.2,0.2,0.5,0.3,0.36941049,49925,0.03843795082468159
0.8,0.3,0.5,0.6,0.3694263,49925,0.03156987188339322
0.6,0.4,0.6,0.8,0.36943305,49925,0.03305518673759297
0.3,0.2,0.3,0.4,0.36943305,49925,0.03305518673759297
0.4,0.2,0.3,0.4,0.36943552,49925,0.03208884922634922
0.8,0.4,0.6,0.8,0.36943552,49925,0.03208884922634922
0.7,0.4,0.7,0.8,0.36943907,49925,0.033483551244698706
0.2,0.2,0.3,0.4,0.36945003,49925,0.03413751558634874
0.4,0.4,0.6,0.8,0.36945003,49925,0.03413751558634874
0.3,0.3,0.5,0.6,0.369451,49925,0.034784424690732806
0.4,0.4,0.7,0.8,0.36945188,49925,0.03509468252283372
0.5,0.3,0.8,0.5,0.3694567,49925,0.03703619224650187
0.2,0.1,0.1,0.2,0.36946553,49925,0.030087506715365683
0.4,0.2,0.2,0.4,0.36946553,49925,0.030087506715365683
0.8,0.4,0.4,0.8,0.36946553,49925,0.030087506715365683
0.6,0.3,0.3,0.6,0.36946553,49925,0.030087506715365687
0.8,0.4,0.9,0.3,0.36946604,49925,0.03632878112069657
0.9,0.4,0.9,0.2,0.36947846,49925,0.03601091330955038
0.2,0.4,0.8,0.3,0.369486,49936,0.04010748107446802
0.5,0.4,0.4,0.8,0.3694931,49925,0.03147147609177199
0.9,0.1,0.3,0.1,0.3695026,49925,0.02873991680428731
0.2,0.3,0.7,0.4,0.36950427,49925,0.039229854928031736
0.8,0.4,0.7,0.8,0.3695057,49925,0.03300903934515182
0.4,0.3,0.5,0.6,0.369512,49925,0.03403440763556934
0.9,0.4,0.8,0.1,0.369512,49925,0.035426041970137795
0.6,0.4,0.4,0.8,0.36951542,49927,0.030978228718882714
0.3,0.2,0.2,0.4,0.36951542,49927,0.030978228718882714
0.1,0.3,0.6,0.2,0.3695159,49925,0.04097454296758755
0.9,0.4,0.5,0.8,0.36951846,49925,0.030687992513241075
0.1,0.4,0.9,0.7,0.36952668,49925,0.03925183700602864
0.2,0.4,0.3,0.8,0.36952823,49925,0.0319193393761443
0.1,0.3,0.7,0.5,0.36953068,49925,0.03946003338348292
0.4,0.3,0.3,0.6,0.369532,49925,0.03130182954943621
0.5,0.4,0.7,0.8,0.36953497,49925,0.034522290721433015
0.9,0.2,0.3,0.4,0.36954346,49925,0.028583833074248763
0.8,0.4,0.8,0.1,0.36954463,49925,0.03608744603679923
0.5,0.4,0.6,0.8,0.36954692,49925,0.033582953497147516
0.9,0.4,0.6,0.8,0.36954948,49925,0.0316427853381327
0.8,0.2,0.3,0.4,0.36956066,49925,0.02914595494538974
0.9,0.3,0.4,0.6,0.36956197,49925,0.029851573916371072
0.8,0.3,0.4,0.6,0.3695636,49925,0.030336107090744798
0.5,0.3,0.5,0.6,0.36956847,49925,0.03334068757986653
0.4,0.3,0.4,0.6,0.36956996,49925,0.03272766300664881
0.1,0.4,0.8,0.7,0.369574,49925,0.03845821579241228
0.3,0.4,0.6,0.8,0.36957857,49925,0.034734707969484954
0.8,0.4,0.9,0.2,0.3695799,49925,0.036636756856195885
0.7,0.4,0.6,0.8,0.3695955,49925,0.03256222080167598
0.2,0.3,0.5,0.6,0.36959893,49925,0.03557545222001224
0.9,0.3,0.1,0.9,0.3696,49925,0.024749833149650045
0.2,0.3,0.2,0.6,0.3696039,49925,0.031100582321574182
0.6,0.3,0.5,0.6,0.3696099,49925,0.03270755577113691
0.4,0.4,0.3,0.8,0.36961433,49925,0.030793335789721727
0.3,0.4,0.3,0.8,0.36961564,49925,0.031334257793811146
0.6,0.4,0.8,0.8,0.36961663,49925,0.03484181054205082
0.3,0.2,0.4,0.4,0.36961663,49925,0.03484181054205082
0.9,0.4,0.7,0.8,0.3696181,49925,0.032552372134324846
0.4,0.3,0.6,0.6,0.3696209,49925,0.035195142549574156
0.3,0.4,0.7,0.8,0.36962414,49925,0.035685465132116366
0.7,0.4,0.9,0.3,0.3696408,49925,0.03697107766292776
0.1,0.1,0.1,0.2,0.3696417,49925,0.03199497837030783
0.3,0.3,0.3,0.6,0.3696417,49925,0.031994978370307826
0.4,0.4,0.4,0.8,0.3696417,49925,0.03199497837030783
0.2,0.2,0.2,0.4,0.3696417,49925,0.03199497837030783
0.5,0.4,0.8,0.8,0.36964396,49925,0.03537913600502495
0.9,0.3,0.5,0.6,0.36967126,49925,0.031048033242284626
0.9,0.2,0.4,0.4,0.3696798,49925,0.03015080648611569
0.1,0.2,0.3,0.4,0.36968148,49925,0.03537023900878266
0.2,0.4,0.6,0.8,0.36968148,49925,0.03537023900878266
0.7,0.1,0.3,0.1,0.36968702,49925,0.030526565651090982
0.7,0.3,0.4,0.6,0.3696893,49925,0.030867732696507274
0.8,0.2,0.1,0.5,0.3696919,49925,0.02534954824421171
0.8,0.3,0.8,0.4,0.36969578,49925,0.03543094127887818
0.5,0.2,0.3,0.4,0.36969596,49925,0.03122613600152349
0.8,0.3,0.7,0.2,0.36969972,49925,0.03514501335059146
0.8,0.4,0.5,0.8,0.36970088,49925,0.031101975617848464
0.7,0.2,0.4,0.4,0.36970335,49925,0.03142161094351777
0.1,0.3,0.5,0.6,0.36970896,49925,0.036462803828716285
0.6,0.3,0.4,0.6,0.36970916,49925,0.031434917193097614
0.8,0.3,0.6,0.6,0.3697146,49925,0.03268240556218017
0.4,0.3,0.8,0.5,0.36971512,49925,0.0377651947732033
0.9,0.4,0.9,0.8,0.3697178,49925,0.03419578373715245
0.2,0.4,0.7,0.8,0.36971945,49925,0.03632212491236895
0.7,0.3,0.7,0.2,0.36972976,49925,0.03588500891806845
0.1,0.3,0.2,0.6,0.36973426,49925,0.03188524821371075
0.3,0.4,0.4,0.8,0.36973798,49925,0.03256421648121163
0.5,0.2,0.4,0.4,0.36974323,49925,0.03295933391915409
0.5,0.3,0.7,0.6,0.36975354,49925,0.03556162618008372
0.7,0.3,0.1,0.8,0.36976266,49925,0.025726217812367447
0.7,0.2,0.3,0.4,0.36976603,49925,0.029763442909185808
0.5,0.3,0.4,0.6,0.369776,49925,0.03205341767281889
0.6,0.4,0.9,0.2,0.36978236,49925,0.0380155435761118
0.6,0.2,0.4,0.4,0.36978304,49925,0.03215132113443979
0.9,0.3,0.6,0.6,0.36978304,49925,0.03215132113443979
0.3,0.1,0.2,0.2,0.36978304,49925,0.03215132113443979
0.7,0.4,0.5,0.8,0.36978874,49925,0.03154703746335101
0.7,0.4,0.9,0.2,0.36979282,49925,0.037301306486371665
0.4,0.4,0.8,0.8,0.36979702,49925,0.0359512865681069
0.2,0.2,0.4,0.4,0.36979702,49925,0.0359512865681069
0.3,0.3,0.6,0.6,0.36979702,49925,0.0359512865681069
0.1,0.1,0.2,0.2,0.36979702,49925,0.0359512865681069
0.6,0.4,0.9,0.3,0.36979797,49925,0.037643771050948835
0.5,0.4,0.5,0.8,0.3698117,49925,0.032552001337579115
0.5,0.3,0.6,0.6,0.3698134,49925,0.03449953239807641
0.1,0.4,0.6,0.8,0.36981398,49925,0.03604037432146451
0.6,0.2,0.3,0.4,0.36983556,49925,0.03044771055797607
0.6,0.4,0.9,0.8,0.36983594,49925,0.035643184564605655
0.9,0.4,0.8,0.8,0.3698448,49925,0.033395550984477454
0.1,0.4,0.7,0.8,0.36984608,49925,0.03699124311621541
0.7,0.3,0.6,0.6,0.36984637,49925,0.033247768156076864
0.5,0.1,0.2,0.2,0.3698535,49925,0.029587907869854498
0.7,0.4,0.8,0.8,0.36985523,49925,0.03433091614564811
0.8,0.4,0.9,0.8,0.36987048,49925,0.03464426705203259
0.3,0.2,0.5,0.4,0.36987084,49925,0.03639702173026891
0.2,0.3,0.6,0.6,0.36987162,49925,0.03675534258502964
0.4,0.1,0.2,0.2,0.3698808,49925,0.030759520969111002
0.8,0.2,0.4,0.4,0.3698808,49925,0.030759520969111002
0.3,0.3,0.4,0.6,0.36988282,49925,0.03345538960761078
0.7,0.3,0.8,0.4,0.36988357,49925,0.0360703880984135
0.3,0.4,0.8,0.8,0.36988515,49925,0.03654950875293106
0.4,0.2,0.4,0.4,0.36988527,49925,0.033841113177135354
0.6,0.3,0.6,0.6,0.36988527,49925,0.03384111317713535
0.2,0.1,0.2,0.2,0.36988527,49925,0.033841113177135354
0.8,0.4,0.8,0.8,0.36988527,49925,0.033841113177135354
0.7,0.4,0.9,0.8,0.36988968,49925,0.03512897524421023
0.9,0.2,0.6,0.3,0.36989024,49925,0.0332430904815603
0.2,0.3,0.7,0.6,0.36989623,49925,0.03781386343337464
0.3,0.4,0.9,0.8,0.3698991,49925,0.03734954131472217
0.1,0.4,0.3,0.8,0.36989984,49925,0.03255236225851107
0.2,0.3,0.6,0.1,0.3699023,49925,0.04041989454595133
0.1,0.3,0.4,0.6,0.3699099,49925,0.03512050608452244
0.9,0.4,0.2,0.9,0.36991155,49925,0.027270187989127444
0.2,0.4,0.8,0.8,0.36991316,49925,0.03718356234461471
0.1,0.2,0.4,0.4,0.36991316,49925,0.03718356234461471
0.4,0.3,0.7,0.6,0.36991352,49925,0.03625761638703317
0.7,0.3,0.7,0.6,0.36991465,49925,0.03428941215890095
0.2,0.3,0.4,0.6,0.36991495,49925,0.034256843921530535
0.6,0.5,0.9,0.1,0.36991823,49925,0.037915112311489356
0.5,0.2,0.5,0.4,0.36992022,49925,0.03449110924396538
0.6,0.1,0.3,0.1,0.36992532,49925,0.03161778725769504
0.5,0.4,0.9,0.3,0.3699261,49927,0.03835219152817347
0.4,0.2,0.5,0.4,0.369933,49925,0.03540031242247246
0.5,0.4,0.9,0.8,0.36994576,49925,0.03618197241871586
0.4,0.4,0.9,0.8,0.36994603,49925,0.0367540007225408
0.1,0.4,0.9,0.5,0.3699464,49925,0.040497109311407396
0.1,0.4,0.8,0.3,0.36995867,49925,0.041083478786580654
0.7,0.1,0.2,0.2,0.36996913,49925,0.027715630930584444
0.7,0.3,0.8,0.6,0.36997515,49925,0.03524807517910428
0.4,0.4,0.5,0.8,0.36997584,49925,0.0331046918729952
0.6,0.4,0.5,0.8,0.36998025,49925,0.03203197306815414
0.5,0.3,0.8,0.6,0.36998034,49925,0.03652367637030013
0.2,0.4,0.9,0.8,0.37000042,49925,0.03797705301942158
0.8,0.3,0.7,0.6,0.37000138,49925,0.03371568553980622
0.6,0.3,0.8,0.6,0.3700016,49925,0.035870252886941414
0.3,0.4,0.5,0.8,0.3700146,49925,0.03369590702879593
0.6,0.1,0.2,0.2,0.37002122,49925,0.02858243182270581
0.2,0.3,0.3,0.6,0.3700279,49925,0.03276137846109119
0.6,0.3,0.7,0.6,0.3700347,49925,0.03490069706735496
0.1,0.4,0.5,0.8,0.37003607,49925,0.03498419201388159
0.3,0.3,0.7,0.6,0.37006462,49925,0.03700447010197598
0.5,0.1,0.3,0.1,0.3700874,49925,0.032859913644010884
0.1,0.3,0.7,0.4,0.370089,49925,0.04024222768895652
0.1,0.4,0.8,0.2,0.37010202,49925,0.04176184388703639
0.6,0.2,0.5,0.4,0.37010217,49925,0.033661184206814236
0.8,0.3,0.8,0.6,0.3701073,49925,0.034672755392317886
0.3,0.3,0.8,0.6,0.37011158,49925,0.037951130113434026
0.6,0.3,0.8,0.4,0.3701221,49925,0.036767301486906406
0.6,0.3,0.7,0.2,0.37012488,49925,0.036676593929521266
0.9,0.3,0.7,0.6,0.3701489,49925,0.033187674814379516
0.5,0.5,0.9,0.1,0.37016395,49925,0.0386670978092366
0.9,0.4,0.7,0.9,0.37016812,49925,0.03227270646062277
0.5,0.4,0.9,0.2,0.37016952,49925,0.038780409359021384
0.7,0.4,0.8,0.1,0.37017354,49925,0.036775818827608796
0.2,0.4,0.5,0.8,0.37017393,49925,0.0343156473468374
0.1,0.3,0.6,0.6,0.37017792,49925,0.03761059137140938
0.1,0.3,0.3,0.6,0.370179,49925,0.0335998692850609
0.2,0.2,0.5,0.4,0.37018925,49925,0.03749226343060873
0.8,0.4,0.2,0.9,0.37020507,49925,0.027590118454706665
0.1,0.3,0.7,0.6,0.37021,49925,0.03865766354179421
0.7,0.2,0.1,0.5,0.3702173,49925,0.025771600531656665
0.4,0.3,0.8,0.6,0.37022862,49925,0.03720955223901988
0.2,0.4,0.4,0.8,0.37022892,49925,0.03316966837333981
0.1,0.2,0.2,0.4,0.37022892,49925,0.03316966837333981
0.9,0.2,0.5,0.4,0.37023187,49925,0.03157364501435201
0.3,0.3,0.8,0.5,0.37023732,49925,0.03856063523827696
0.4,0.4,0.9,0.3,0.37023968,49925,0.03910889553547605
0.8,0.3,0.9,0.6,0.37024072,49925,0.03554157087611998
0.9,0.3,0.8,0.6,0.37024075,49925,0.03413032692937574
0.5,0.2,0.6,0.4,0.37026602,49925,0.0358276550909539
0.1,0.2,0.5,0.4,0.37026635,49925,0.03869589985108853
0.5,0.3,0.7,0.2,0.37026998,49925,0.03753843798778063
0.7,0.2,0.6,0.4,0.37029743,49925,0.03423459243432838
0.5,0.2,0.5,0.1,0.37030655,49925,0.036181024658557936
0.4,0.3,0.1,0.7,0.3703205,49925,0.027476137328022197
0.8,0.2,0.6,0.3,0.3703249,49925,0.03392879270149192
0.7,0.3,0.9,0.6,0.37033123,49925,0.03611737457308788
0.9,0.3,0.2,0.7,0.37033144,49925,0.027003959191080763
0.9,0.3,0.7,0.1,0.37033242,49930,0.034720147520578275
0.1,0.4,0.4,0.8,0.3703353,49925,0.03382333842410253
0.4,0.4,0.9,0.2,0.3703578,49925,0.03960229901873366
0.1,0.4,0.9,0.8,0.37036914,49925,0.03863342831250747
0.8,0.4,0.7,0.9,0.3703826,49925,0.03269313694459957
0.9,0.3,0.9,0.6,0.37038442,49925,0.0350011172743072
0.3,0.1,0.3,0.2,0.37038442,49925,0.03500111727430721
0.6,0.2,0.6,0.4,0.37038442,49925,0.03500111727430721
0.8,0.1,0.1,0.3,0.37038636,49925,0.024360640947972967
0.4,0.2,0.6,0.4,0.37040204,49925,0.036720843469142755
0.2,0.1,0.3,0.2,0.37040204,49925,0.036720843469142755
0.6,0.3,0.9,0.6,0.37040204,49925,0.036720843469142755
0.6,0.4,0.7,0.9,0.37042105,49925,0.03361793930030434
0.7,0.4,0.2,0.9,0.37044346,49925,0.027923332259881063
0.9,0.3,0.9,0.5,0.37044907,49925,0.03533177751746382
0.4,0.1,0.3,0.2,0.37045813,49925,0.03352312478102381
0.8,0.2,0.6,0.4,0.37045813,49925,0.03352312478102381
0.7,0.4,0.7,0.9,0.3704679,49925,0.033142176875036004
0.6,0.2,0.5,0.1,0.37047207,49925,0.035103107386832574
0.9,0.4,0.3,0.9,0.37047392,49925,0.028349600796279777
0.1,0.4,0.8,0.8,0.3705057,49925,0.03782358822370752
0.2,0.3,0.8,0.6,0.37052238,49925,0.03872626799424893
0.8,0.2,0.5,0.4,0.37053174,49925,0.03221532034324225
0.9,0.4,0.8,0.9,0.37055418,49925,0.033089390592312924
0.3,0.4,0.9,0.2,0.370561,49925,0.04047756532966908
0.8,0.2,0.5,0.1,0.37056166,49925,0.03323686628429016
0.7,0.2,0.5,0.4,0.3705677,49925,0.03290571744927966
0.4,0.3,0.7,0.2,0.37056935,49925,0.03847238062476643
0.5,0.3,0.9,0.6,0.37057242,49925,0.037347611471659804
0.7,0.2,0.5,0.1,0.37058002,49925,0.03412095767335819
0.8,0.1,0.3,0.2,0.37058163,49925,0.029348985014699014
0.3,0.4,0.9,0.3,0.3705818,49925,0.0399287853500382
0.7,0.4,0.8,0.9,0.3705855,49925,0.03398353685723468
0.9,0.1,0.3,0.2,0.37062615,49925,0.028579507153976544
0.5,0.4,0.8,0.9,0.3706358,49925,0.03496959488522869
0.6,0.4,0.8,0.1,0.37064013,49925,0.037534249331276415
0.7,0.2,0.6,0.3,0.37064362,49925,0.034678400125569976
0.6,0.4,0.8,0.9,0.3706452,49925,0.034466446916190274
0.9,0.2,0.2,0.5,0.37064683,49925,0.026686462364719537
0.9,0.4,0.4,0.9,0.37065598,49925,0.029433090772785532
0.4,0.4,0.7,0.9,0.37065822,49925,0.034642208772374984
0.8,0.3,0.2,0.7,0.37065881,49925,0.027387238306085634
0.6,0.2,0.1,0.5,0.3706715,49925,0.026235277255195057
0.6,0.2,0.6,0.3,0.37067705,49925,0.035503431021450885
0.8,0.4,0.6,0.9,0.37068057,49925,0.03178400063228865
0.7,0.4,0.6,0.9,0.37068352,49925,0.03222130991143651
0.5,0.3,0.8,0.4,0.37068895,49925,0.03749285138225315
0.8,0.4,0.9,0.9,0.3706981,49925,0.03430785243615832
0.7,0.4,0.9,0.9,0.3706999,49925,0.03476514128136849
0.6,0.3,0.5,0.7,0.37070307,49925,0.032298392097087424
0.9,0.4,0.5,0.9,0.37071377,49925,0.030420976258138784
0.7,0.1,0.3,0.2,0.37071973,49925,0.030193706809143194
0.4,0.2,0.5,0.1,0.37073243,49925,0.0373829550547581
0.8,0.4,0.4,0.9,0.3707388,49925,0.029811107586559256
0.7,0.3,0.5,0.7,0.37074193,49925,0.03174961170405406
0.6,0.4,0.9,0.9,0.37074512,49925,0.035248372147376084
0.3,0.4,0.8,0.9,0.3707491,49925,0.03605349436081193
0.9,0.4,0.6,0.9,0.37075496,49925,0.031374367776575963
0.2,0.4,0.7,0.9,0.37075752,49925,0.0357883509361286
0.9,0.2,0.5,0.1,0.37076712,49925,0.03242715368914942
0.8,0.4,0.8,0.9,0.370771,49925,0.03352189341827474
0.3,0.2,0.6,0.4,0.37077546,49925,0.03768110224857744
0.4,0.3,0.8,0.7,0.37078375,49925,0.036644221484712386
0.5,0.4,0.7,0.9,0.37079006,49925,0.0341055724537035
0.6,0.4,0.2,0.9,0.3707927,49925,0.02828848247189422
0.2,0.4,0.8,0.9,0.37079382,49925,0.03665017900028636
0.4,0.4,0.8,0.9,0.37079555,49925,0.03549947094436388
0.1,0.2,0.5,0.3,0.37080878,49925,0.03977563914050033
0.6,0.4,0.6,0.9,0.37082648,49925,0.03269302295289254
0.6,0.3,0.9,0.7,0.37082794,49925,0.03625304967338449
0.8,0.3,0.3,0.7,0.37083313,49925,0.02877590967272188
0.7,0.3,0.6,0.7,0.37083405,49925,0.032858749965185285
0.9,0.4,0.9,0.9,0.370838,49925,0.033868100045348924
0.8,0.3,0.5,0.7,0.37084034,49925,0.0312425320880803
0.5,0.3,0.5,0.7,0.37084037,49925,0.03288727770645594
0.9,0.2,0.6,0.4,0.37084073,49925,0.032862830463034245
0.9,0.3,0.3,0.7,0.37086242,49925,0.028337976910399056
0.8,0.3,0.6,0.7,0.37086454,49928,0.0323318318648429
0.8,0.4,0.3,0.9,0.3708682,49925,0.02870751233345999
0.4,0.4,0.9,0.9,0.3708686,49925,0.036276703720379236
0.7,0.4,0.4,0.9,0.37086993,49925,0.030217289729839274
0.2,0.4,0.9,0.3,0.37087458,49925,0.04080789400222859
0.5,0.4,0.6,0.9,0.37087846,49925,0.03319168022955383
0.8,0.3,0.8,0.3,0.3708849,49925,0.035747501217557674
0.5,0.3,0.7,0.7,0.37088618,49925,0.03505616616832476
0.4,0.3,0.5,0.7,0.3708982,49925,0.03352856424915683
0.3,0.3,0.7,0.2,0.37090212,49925,0.03949887814171629
0.3,0.4,0.7,0.9,0.37090376,49925,0.03518854850799761
0.4,0.2,0.5,0.2,0.37090528,49925,0.036723808091473145
0.8,0.3,0.8,0.2,0.37090585,49925,0.03609303757762629
0.4,0.4,0.6,0.9,0.37091118,49925,0.03369920261169606
0.9,0.3,0.6,0.7,0.37091997,49925,0.03183557436486796
0.9,0.3,0.9,0.7,0.37093717,49925,0.034627993885629337
0.6,0.3,0.8,0.7,0.37094,49925,0.035396028722441526
0.8,0.3,0.1,0.9,0.3709467,49925,0.02506018009416259
0.9,0.3,0.8,0.2,0.3709513,49925,0.03541584946593768
0.5,0.4,0.9,0.9,0.3709525,49925,0.03574097229767063
0.2,0.4,0.9,0.9,0.3709707,49925,0.03742283903803911
0.3,0.4,0.6,0.9,0.37097168,49925,0.034251481119810225
0.9,0.3,0.8,0.3,0.37097654,49925,0.03510280019756484
0.4,0.3,0.6,0.7,0.37097675,49925,0.034661857770999255
0.1,0.4,0.7,0.9,0.37098342,49925,0.03641345827610797
0.3,0.3,0.8,0.7,0.37098598,49925,0.037328735856049185
0.8,0.3,0.9,0.7,0.37098914,49925,0.0351392005115595
0.5,0.3,0.8,0.7,0.3709895,49925,0.03599971384022524
0.2,0.4,0.6,0.9,0.37099925,49925,0.03483917330773319
0.6,0.3,0.1,0.8,0.37100372,49925,0.026109451847510397
0.5,0.4,0.2,0.9,0.37102094,49925,0.028681197212000704
0.7,0.3,0.8,0.2,0.3710229,49925,0.03682161168134998
0.7,0.3,0.9,0.7,0.37102997,49925,0.035680825819590575
0.4,0.3,0.9,0.6,0.37103006,49925,0.03802330453262575
0.6,0.1,0.3,0.2,0.37103197,49925,0.03114581710424476
0.5,0.3,0.6,0.7,0.371033,49925,0.03402378403820903
0.2,0.3,0.8,0.5,0.37103423,49925,0.039376678791986676
0.9,0.3,0.8,0.7,0.3710354,49925,0.03376434135092387
0.7,0.3,0.8,0.7,0.3710362,49925,0.03481789996926863
0.8,0.3,0.9,0.5,0.37103647,49925,0.03589632057878128
0.2,0.4,0.9,0.2,0.37104294,49925,0.041394507397557984
0.3,0.3,0.6,0.7,0.37104416,49925,0.03535386734061872
0.6,0.3,0.6,0.7,0.3710469,49925,0.03342212586177636
0.1,0.4,0.6,0.9,0.3710497,49925,0.03546017623083674
0.7,0.4,0.3,0.9,0.37105545,49925,0.0290794041761126
0.5,0.1,0.3,0.2,0.37106222,49925,0.03224831593067952
0.3,0.3,0.7,0.3,0.37106696,49925,0.03886482689525766
0.8,0.2,0.2,0.5,0.37106842,49925,0.027149911448742372
0.1,0.3,0.8,0.6,0.37107277,49925,0.03955661695557264
0.9,0.3,0.5,0.7,0.3710836,49925,0.03075754998806201
0.4,0.5,0.9,0.1,0.37108362,49925,0.03943606564722408
0.5,0.4,0.4,0.9,0.37108764,49925,0.031105883010121262
0.7,0.3,0.2,0.7,0.37108958,49925,0.027796103763324843
0.6,0.4,0.4,0.9,0.37109813,49925,0.030641930795453094
0.8,0.3,0.8,0.7,0.37110126,49925,0.03427789800997165
0.8,0.4,0.5,0.9,0.37110412,49925,0.030809463318114655
0.1,0.4,0.8,0.9,0.37111178,49925,0.03726289987319154
0.7,0.3,0.9,0.5,0.37111372,49925,0.036498156071389135
0.3,0.3,0.5,0.7,0.37112418,49925,0.03419304771468824
0.4,0.3,0.8,0.4,0.37112674,49925,0.03828748232826187
0.5,0.3,0.9,0.7,0.37114143,49925,0.03685459317488091
0.3,0.4,0.9,0.9,0.37114787,49925,0.036837974054537766
0.6,0.3,0.7,0.7,0.37115523,49925,0.034443587380609944
0.7,0.3,0.8,0.3,0.37116358,49925,0.036440713430227284
0.6,0.4,0.3,0.9,0.37116867,49925,0.02948785447207111
0.9,0.2,0.7,0.4,0.37117672,49925,0.034010840286663103
0.2,0.3,0.6,0.7,0.3711802,49925,0.03609120970499148
0.4,0.3,0.7,0.7,0.37118927,49925,0.03569005304384982
0.2,0.3,0.7,0.7,0.37119663,49925,0.03711440237471468
0.7,0.3,0.3,0.7,0.3712016,49925,0.029239202915577633
0.4,0.4,0.2,0.9,0.37120193,49925,0.02909775533019607
0.8,0.3,0.7,0.7,0.3712057,49925,0.03333756654800084
0.3,0.3,0.1,0.7,0.3712079,49925,0.028022032303138527
0.5,0.4,0.3,0.9,0.37122187,49925,0.02991767526333324
0.4,0.3,0.9,0.7,0.3712327,49925,0.03749185754763187
0.9,0.3,0.7,0.7,0.37123725,49925,0.03282847148363897
0.5,0.2,0.6,0.3,0.37123865,49925,0.03638123109032402
0.3,0.3,0.7,0.7,0.37125406,49925,0.03638027771429331
0.1,0.4,0.9,0.9,0.37127173,49925,0.0380315469635007
0.2,0.4,0.9,0.4,0.37127292,49925,0.04020430504985352
0.7,0.3,0.7,0.7,0.3712741,49925,0.03387192487021393
0.8,0.3,0.4,0.7,0.37127838,49925,0.03003562599092673
0.7,0.4,0.5,0.9,0.37127924,49925,0.031234260614965797
0.3,0.2,0.5,0.2,0.371284,49925,0.03794710081882757
0.7,0.2,0.4,0.5,0.37128812,49925,0.031024551877754637
0.5,0.2,0.4,0.5,0.37128818,49925,0.03240897760927177
0.6,0.4,0.5,0.9,0.3712886,49925,0.03168878799103278
0.8,0.3,0.7,0.1,0.37129065,49925,0.03541222687093555
0.3,0.4,0.2,0.9,0.37129796,49925,0.02956323415205244
0.2,0.3,0.5,0.7,0.37129885,49925,0.034928034956921816
0.3,0.3,0.9,0.7,0.37129912,49925,0.03816617581414655
0.1,0.3,0.6,0.7,0.37130356,49925,0.036873442730369514
0.6,0.3,0.3,0.7,0.37130624,49925,0.029725678180968614
0.3,0.4,0.4,0.9,0.37131023,49925,0.032104986542515764
0.8,0.2,0.4,0.5,0.3713158,49925,0.030417593004592618
0.9,0.3,0.4,0.7,0.37131938,49925,0.02958483573045571
0.4,0.4,0.4,0.9,0.37132388,49925,0.0315887684602262
0.2,0.3,0.8,0.7,0.3713242,49925,0.038060810865045674
0.5,0.4,0.5,0.9,0.3713523,49925,0.03217158854838205
0.9,0.2,0.4,0.5,0.3713525,49925,0.029852331728599604
0.1,0.1,0.3,0.2,0.37137341,49925,0.038739834363116885
0.3,0.3,0.9,0.6,0.37137341,49925,0.03873983436311688
0.2,0.2,0.6,0.4,0.37137341,49925,0.038739834363116885
0.7,0.2,0.2,0.5,0.37137404,49925,0.027650457061619803
0.2,0.3,0.7,0.2,0.37138146,49925,0.04061504189008688
0.6,0.3,0.9,0.5,0.37139875,49925,0.0371345363323964
0.7,0.3,0.4,0.7,0.37139997,49925,0.030527894152743675
0.6,0.3,0.8,0.2,0.3714016,49925,0.0376055050473313
0.1,0.3,0.6,0.1,0.37140828,49925,0.041792976725677985
0.3,0.4,0.5,0.9,0.37141803,49925,0.03322369488746166
0.6,0.3,0.8,0.3,0.371422,49925,0.037185467556218564
0.4,0.3,0.4,0.7,0.3714243,49925,0.032229283801556236
0.2,0.3,0.7,0.3,0.37142572,49925,0.03989042470257857
0.3,0.2,0.6,0.5,0.37143156,49925,0.0369091120673368
0.6,0.3,0.4,0.7,0.37143484,49925,0.031039844323175785
0.9,0.1,0.4,0.2,0.37143496,49925,0.030602197152228422
0.1,0.4,0.5,0.9,0.37144396,49925,0.034407491235308105
0.4,0.4,0.3,0.9,0.37144613,49925,0.030386987985783855
0.6,0.2,0.5,0.5,0.37145463,49925,0.03313706633726482
0.2,0.4,0.3,0.9,0.37146124,49925,0.03141485242124568
0.4,0.2,0.6,0.5,0.37146395,49925,0.036017285731159414
0.2,0.2,0.5,0.5,0.3714674,49925,0.0365667315959453
0.5,0.2,0.6,0.5,0.37147287,49925,0.03519881263967142
0.7,0.1,0.1,0.3,0.37147635,49925,0.024839277656468567
0.5,0.3,0.4,0.7,0.37148073,49925,0.03161387865902799
0.6,0.2,0.4,0.5,0.37148145,49925,0.03168262030572359
0.1,0.3,0.4,0.7,0.3714851,49925,0.0343864772963855
0.4,0.4,0.5,0.9,0.37148827,49925,0.03267852839869376
0.6,0.3,0.2,0.7,0.3714993,49925,0.02824093146884513
0.2,0.4,0.5,0.9,0.37151018,49925,0.03378951732340802
0.2,0.2,0.6,0.5,0.37151092,49925,0.037875155891327214
0.9,0.2,0.3,0.5,0.37151122,49925,0.02832578638825762
0.1,0.3,0.7,0.7,0.37151408,49925,0.03788361014790197
0.3,0.2,0.4,0.5,0.37151676,49925,0.03409522007040869
0.5,0.3,0.3,0.7,0.37152213,49925,0.03025346460811792
0.1,0.3,0.5,0.7,0.37152225,49925,0.03570396966048082
0.2,0.3,0.1,0.7,0.37152356,49925,0.0286090820469196
0.2,0.3,0.4,0.7,0.37152502,49925,0.03360371611537202
0.2,0.2,0.5,0.2,0.37154344,49925,0.03930930979879082
0.7,0.2,0.7,0.5,0.37154785,49925,0.034897333861359146
0.3,0.2,0.5,0.1,0.37157634,49925,0.03871719666722056
0.5,0.2,0.1,0.5,0.37158677,49925,0.026747431053165856
0.2,0.2,0.4,0.5,0.37158817,49925,0.03507285918492179
0.6,0.2,0.6,0.5,0.37159425,49925,0.03444710740128807
0.4,0.2,0.4,0.5,0.37159628,49925,0.03321012245620783
0.9,0.2,0.5,0.5,0.37159836,49925,0.0312157973052432
0.4,0.1,0.3,0.1,0.3716157,49925,0.03426749665219089
0.8,0.2,0.6,0.2,0.3716157,49925,0.03426749665219089
0.2,0.4,0.4,0.9,0.37161827,49925,0.032652311780055815
0.9,0.2,0.7,0.5,0.37161842,49925,0.03362634106378123
0.1,0.4,0.3,0.9,0.37162033,49925,0.03199124024565952
0.8,0.2,0.7,0.5,0.37162226,49925,0.034238753817108954
0.7,0.2,0.6,0.5,0.37162277,49925,0.03374136672551631
0.9,0.1,0.2,0.3,0.37163258,49925,0.026229124521990457
0.4,0.2,0.5,0.5,0.37163302,49925,0.03469518508970184
0.3,0.4,0.3,0.9,0.37163773,49925,0.030877451622052576
0.3,0.2,0.5,0.5,0.37164637,49925,0.03558745297849892
0.5,0.3,0.8,0.2,0.3716524,49925,0.03845412400225583
0.8,0.2,0.3,0.5,0.37165377,49925,0.028843529230517338
0.3,0.3,0.4,0.7,0.37166062,49925,0.03288714906452067
0.5,0.2,0.7,0.5,0.37166455,49925,0.036351959966575274
0.4,0.3,0.3,0.7,0.37167087,49925,0.030832731070380245
0.1,0.3,0.8,0.7,0.3716791,49925,0.038834886180635235
0.8,0.2,0.7,0.4,0.37167946,49925,0.03464175994159591
0.5,0.2,0.5,0.5,0.3716802,49925,0.03388054555012451
0.9,0.2,0.6,0.2,0.37168217,49925,0.03350263068255838
0.6,0.2,0.2,0.5,0.37170902,49925,0.0282084455301553
0.1,0.2,0.4,0.5,0.3717148,49925,0.036146330936077484
0.7,0.3,0.7,0.1,0.37171715,49925,0.03619557415509611
0.9,0.3,0.9,0.2,0.3717182,49925,0.036294809772394694
0.1,0.2,0.5,0.5,0.37172836,49925,0.03763751054018451
0.1,0.4,0.9,0.2,0.37172848,49925,0.04238017442726522
0.8,0.2,0.6,0.5,0.3717292,49925,0.03308484254446983
0.1,0.4,0.9,0.3,0.37174058,49925,0.041717559031891234
0.8,0.1,0.4,0.2,0.3717462,49925,0.031410489705027904
0.2,0.3,0.3,0.7,0.3717542,49926,0.03213015809727508
0.3,0.3,0.3,0.7,0.37175667,49925,0.031444895918803194
0.5,0.3,0.2,0.7,0.37176114,49925,0.02872684731145488
0.2,0.4,0.2,0.9,0.37176436,49926,0.0300631126287253
0.2,0.2,0.3,0.5,0.37176555,49925,0.03328498856595844
0.5,0.4,0.8,0.1,0.37177965,49925,0.03832295589149718
0.6,0.2,0.7,0.5,0.3717894,49925,0.03559762995810942
0.5,0.3,0.8,0.3,0.37180686,49925,0.037971228404512496
0.1,0.4,0.4,0.9,0.37182626,49925,0.03325483306885529
0.8,0.2,0.5,0.5,0.3718291,49925,0.03180447999691095
0.3,0.3,0.8,0.8,0.37183085,49925,0.03673630626419189
0.2,0.3,0.9,0.7,0.3718317,49925,0.038860194152684775
0.4,0.3,0.8,0.8,0.37186742,49925,0.03610522130498007
0.7,0.3,0.9,0.8,0.37186843,49925,0.03525866419307359
0.1,0.2,0.3,0.5,0.3718717,49925,0.03435263659330581
0.7,0.2,0.5,0.5,0.37187785,49925,0.032437557272328096
0.4,0.3,0.2,0.7,0.37190503,49925,0.029250759427332167
0.7,0.2,0.6,0.2,0.37191662,49925,0.0350785454656568
0.9,0.3,0.6,0.8,0.37192518,49925,0.03153342896567326
0.5,0.3,0.1,0.8,0.3719436,49925,0.02653438545200843
0.4,0.2,0.7,0.5,0.3719454,49925,0.03715618035420165
0.5,0.3,0.8,0.8,0.3719676,49925,0.03550115968698382
0.4,0.3,0.9,0.8,0.371974,49925,0.036955093812237855
0.1,0.4,0.9,0.4,0.37197852,49925,0.0410491230802076
0.6,0.3,0.9,0.8,0.37198263,49925,0.03578786689511962
0.3,0.3,0.9,0.8,0.37198275,49925,0.037585451185115505
0.5,0.3,0.9,0.8,0.37198305,49925,0.036352096264815045
0.1,0.3,0.8,0.5,0.37198707,49925,0.04026128609121152
0.9,0.3,0.7,0.8,0.37199056,49925,0.03250343457670591
0.1,0.4,0.2,0.9,0.37199765,49925,0.03059429318456683
0.8,0.3,0.9,0.8,0.3720019,49925,0.03474546500050843
0.4,0.2,0.3,0.5,0.3720051,49925,0.031488155274205135
0.3,0.5,0.9,0.1,0.3720094,49925,0.04026534966972487
0.9,0.2,0.6,0.5,0.37201068,49925,0.03246733812844806
0.9,0.3,0.9,0.8,0.37201113,49925,0.034264588219707556
0.2,0.3,0.8,0.8,0.37201202,49925,0.03741350860123878
0.3,0.2,0.3,0.5,0.37201467,49925,0.032341248508813154
0.6,0.2,0.3,0.5,0.37201887,49925,0.030031497496361675
0.7,0.3,0.1,0.9,0.37202352,49925,0.02538828117404765
0.8,0.3,0.7,0.8,0.37203583,49925,0.032978544607647355
0.8,0.3,0.6,0.8,0.3720414,49925,0.0319902826016153
0.4,0.3,0.8,0.2,0.37204185,49925,0.039358172420449616
0.5,0.2,0.3,0.5,0.37204394,49925,0.0307308509172521
0.6,0.3,0.6,0.8,0.3720529,49925,0.03300278994837914
0.5,0.2,0.2,0.5,0.3720566,49925,0.02884335691424905
0.1,0.3,0.7,0.3,0.37206462,49925,0.04097779365216009
0.1,0.3,0.7,0.2,0.37207007,49925,0.041806912052361006
0.8,0.1,0.2,0.3,0.37207252,49925,0.026799909928690892
0.6,0.3,0.8,0.8,0.3720746,49925,0.03493737596965076
0.7,0.3,0.6,0.8,0.37207478,49925,0.032482302494440465
0.7,0.2,0.7,0.4,0.37209344,49925,0.03533619963574185
0.5,0.3,0.9,0.5,0.37211007,49925,0.03779158100295831
0.2,0.3,0.2,0.7,0.37212104,49925,0.03046520816576404
0.8,0.3,0.9,0.2,0.37212342,49925,0.03695737790304015
0.4,0.3,0.8,0.3,0.37212673,49925,0.038806456746343004
0.7,0.3,0.8,0.8,0.37212875,49925,0.03439735459893735
0.9,0.3,0.8,0.8,0.37213665,49925,0.03340973676690293
0.5,0.3,0.5,0.8,0.37213743,49925,0.032439959873894024
0.3,0.3,0.2,0.7,0.37214565,49930,0.02983352030810553
0.9,0.3,0.9,0.3,0.3721483,49925,0.0359525606574132
0.6,0.2,0.6,0.2,0.3721483,49925,0.0359525606574132
0.3,0.1,0.3,0.1,0.3721483,49925,0.0359525606574132
0.9,0.2,0.6,0.1,0.37216246,49925,0.03380300335650167
0.7,0.2,0.3,0.5,0.37216324,49925,0.0294079252604105
0.2,0.3,0.9,0.6,0.37218508,49925,0.03947589785933507
0.4,0.3,0.7,0.8,0.37218523,49925,0.03517494409845375
0.7,0.3,0.5,0.8,0.3722193,49925,0.03138445782779919
0.1,0.2,0.6,0.5,0.37222114,49925,0.03890921634261996
0.2,0.5,0.9,0.1,0.37223065,49925,0.04119396675240999
0.1,0.3,0.8,0.8,0.37223792,49925,0.038127551858128154
0.8,0.3,0.9,0.4,0.37223968,49925,0.036215494861734004
0.6,0.1,0.4,0.2,0.3722541,49925,0.033278060305634447
0.1,0.3,0.2,0.7,0.37225512,49925,0.031158373429274626
0.4,0.2,0.1,0.5,0.37226367,49925,0.02732567032740198
0.9,0.1,0.3,0.3,0.37226486,49926,0.02836878523252648
0.8,0.3,0.8,0.8,0.3722704,49925,0.03387960264411326
0.5,0.3,0.7,0.8,0.37227583,49925,0.034574326690355005
0.9,0.3,0.9,0.4,0.37228492,49925,0.03561270001436134
0.4,0.2,0.2,0.5,0.37229717,49925,0.029544735165004124
0.6,0.1,0.1,0.3,0.37229967,49925,0.025404279352317746
0.1,0.3,0.3,0.7,0.3723137,49925,0.03287059393671159
0.2,0.3,0.9,0.8,0.37231454,49925,0.03824348502401112
0.1,0.3,0.1,0.7,0.37231883,49925,0.029261790543247852
0.4,0.3,0.5,0.8,0.37232798,49925,0.03302160865280906
0.5,0.3,0.6,0.8,0.3723435,49925,0.03356243412991994
0.2,0.3,0.6,0.8,0.37234786,49925,0.03546880774797607
0.9,0.2,0.1,0.6,0.37234902,49925,0.02469840192182652
0.1,0.2,0.5,0.2,0.37234935,49925,0.04084013132431704
0.7,0.3,0.7,0.8,0.37235278,49925,0.033479706024209806
0.3,0.3,0.5,0.8,0.37235954,49925,0.033635395831099896
0.3,0.3,0.7,0.8,0.37236732,49925,0.03581277669484816
0.1,0.3,0.9,0.7,0.37238315,49925,0.03961038647725144
0.6,0.3,0.7,0.1,0.37238717,49925,0.03702741575776348
0.8,0.3,0.5,0.8,0.37239814,49925,0.03090993900107543
0.8,0.3,0.9,0.3,0.37239912,49925,0.036583349956963995
0.6,0.3,0.5,0.8,0.3724004,49925,0.031900490954998514
0.6,0.3,0.7,0.8,0.37240055,49925,0.03401085146225691
0.1,0.3,0.6,0.8,0.37240142,49925,0.036186589254877756
0.9,0.2,0.7,0.6,0.37240875,49925,0.03321575011766925
0.4,0.3,0.6,0.8,0.37241387,49925,0.03415586687703179
0.2,0.3,0.5,0.8,0.37241948,49925,0.034314930730739185
0.2,0.3,0.7,0.8,0.37242505,49925,0.036484536310260676
0.3,0.3,0.8,0.3,0.37243873,49925,0.03971495990200752
0.3,0.2,0.7,0.5,0.3724692,49925,0.03801025887304719
0.5,0.2,0.6,0.2,0.37249362,49925,0.03691874673347517
0.3,0.3,0.6,0.8,0.37249607,49925,0.03478899209376782
0.9,0.3,0.5,0.8,0.37249735,49925,0.03045762866410258
0.3,0.3,0.8,0.2,0.37251395,49925,0.04034496251177023
0.6,0.1,0.4,0.3,0.37253144,49925,0.03269057728267205
0.9,0.2,0.8,0.6,0.37253416,49925,0.0342310650010886
0.7,0.1,0.4,0.2,0.3725405,49925,0.03227492010565265
0.7,0.3,0.9,0.4,0.37256497,49925,0.036857443771482055
0.1,0.3,0.5,0.8,0.3725779,49925,0.035019465960613866
0.4,0.4,0.8,0.1,0.37258238,49925,0.03919137934929681
0.5,0.2,0.7,0.6,0.37258342,49925,0.03574106062522407
0.5,0.1,0.4,0.3,0.37258396,49925,0.03368919944736542
0.4,0.3,0.9,0.9,0.37258953,49925,0.036439208716450226
0.7,0.1,0.3,0.3,0.37259382,49925,0.02977134323413861
0.8,0.1,0.3,0.3,0.37259638,49925,0.029031368014355616
0.5,0.3,0.9,0.9,0.37260205,49925,0.03587931720927679
0.9,0.3,0.2,0.8,0.3726037,49925,0.026755866118146503
0.3,0.3,0.9,0.9,0.37261975,49925,0.03703259879164252
0.1,0.1,0.3,0.3,0.37261975,49925,0.037032598791642515
0.2,0.2,0.6,0.6,0.37261975,49925,0.037032598791642515
0.6,0.2,0.7,0.4,0.37262243,49944,0.036071590432118265
0.3,0.2,0.2,0.5,0.3726339,49925,0.03031515525306141
0.7,0.3,0.9,0.2,0.3726493,49925,0.03764743723495369
0.9,0.2,0.8,0.5,0.37265375,49925,0.03461787255304977
0.4,0.2,0.6,0.6,0.37266406,49925,0.03535285930373921
0.6,0.3,0.9,0.9,0.37266406,49925,0.035352859303739215
0.2,0.1,0.3,0.3,0.37266406,49925,0.03535285930373921
0.3,0.2,0.6,0.6,0.37267816,49925,0.03616144933896569
0.1,0.3,0.9,0.8,0.372683,49925,0.03894231528519629
0.1,0.2,0.6,0.4,0.37268555,49925,0.039856981046021554
0.8,0.2,0.7,0.6,0.37269178,49925,0.033790315854347
0.7,0.3,0.9,0.3,0.37269545,49925,0.03725826270150994
0.6,0.1,0.3,0.3,0.3726966,49925,0.030609069116954664
0.9,0.3,0.4,0.8,0.37269723,49925,0.029305895494399516
0.8,0.3,0.4,0.8,0.37270465,49925,0.029732196270783516
0.4,0.1,0.4,0.3,0.37270594,49925,0.03480842224827873
0.8,0.2,0.8,0.6,0.37270594,49925,0.03480842224827873
0.3,0.1,0.4,0.3,0.3727113,49925,0.03606085566256924
0.6,0.2,0.8,0.6,0.3727113,49925,0.03606085566256924
0.9,0.3,0.3,0.8,0.37271285,49925,0.02808888155481215
0.6,0.3,0.9,0.3,0.37271684,49925,0.037989502550401046
0.2,0.1,0.3,0.1,0.37271684,49925,0.03798950255040103
0.4,0.2,0.6,0.2,0.37271684,49925,0.03798950255040103
0.2,0.2,0.2,0.5,0.37272936,49932,0.03118944660031079
0.9,0.2,0.5,0.6,0.3727537,49925,0.0308867542457491
0.1,0.5,0.9,0.1,0.3727718,49925,0.042172899699214915
0.4,0.2,0.7,0.6,0.37277314,49925,0.03648752498366146
0.6,0.2,0.7,0.6,0.37277403,49925,0.0350482597916345
0.7,0.2,0.8,0.6,0.3727759,49925,0.035411489062654775
0.2,0.3,0.9,0.9,0.37277615,49925,0.03764283609460442
0.5,0.2,0.7,0.4,0.3727901,49925,0.036878538951422006
0.8,0.3,0.9,0.9,0.37279752,49925,0.034363717749748605
0.1,0.3,0.7,0.8,0.37280652,49925,0.037179839932521726
0.3,0.2,0.7,0.6,0.37281477,49925,0.037292965188730105
0.7,0.2,0.7,0.6,0.37283105,49925,0.03439930621182676
0.8,0.3,0.3,0.8,0.37283683,49925,0.028487298542526594
0.9,0.2,0.6,0.6,0.3728429,49925,0.03210029888687761
0.5,0.1,0.3,0.3,0.372846,49925,0.031570310833357186
0.7,0.2,0.6,0.6,0.37285072,49925,0.033251020586523815
0.7,0.3,0.9,0.9,0.37286502,49925,0.03484640696691255
0.3,0.4,0.8,0.1,0.3728901,49925,0.04015255217566808
0.7,0.1,0.2,0.3,0.37289172,49925,0.027439184395429875
0.5,0.2,0.6,0.6,0.37289518,49925,0.034602498051461796
0.4,0.1,0.3,0.3,0.37290362,49925,0.032657953716872655
0.8,0.2,0.6,0.6,0.37290362,49925,0.032657953716872655
0.8,0.2,0.5,0.6,0.37290496,49925,0.03142850452306932
0.6,0.3,0.9,0.4,0.37291107,49925,0.037542574351056575
0.3,0.2,0.1,0.5,0.37291604,49925,0.027969503449664312
0.4,0.3,0.4,0.8,0.37291795,49925,0.031749516880117686
0.9,0.3,0.9,0.9,0.3729205,49925,0.03390257512868379
0.6,0.2,0.6,0.6,0.3729205,49925,0.03390257512868379
0.3,0.1,0.3,0.3,0.3729205,49925,0.03390257512868379
0.5,0.1,0.1,0.3,0.37292153,49925,0.026064220852819307
0.8,0.2,0.7,0.3,0.37292778,49925,0.03502600694286211
0.4,0.3,0.1,0.8,0.37293747,49925,0.026988499383756817
0.7,0.3,0.4,0.8,0.37293822,49925,0.03017778804259222
0.1,0.2,0.6,0.6,0.37294143,49925,0.037968198741207264
0.7,0.1,0.4,0.3,0.37294334,49925,0.03178136262691413
0.7,0.2,0.7,0.3,0.37294677,49925,0.03577471446931608
0.2,0.3,0.4,0.8,0.3729503,49925,0.03299428474422513
0.8,0.2,0.6,0.1,0.3729537,49925,0.034573554603299854
0.9,0.2,0.7,0.2,0.37296483,49925,0.034661824690068586
0.5,0.2,0.8,0.6,0.37296608,49925,0.03674173304485914
0.6,0.2,0.5,0.6,0.37297425,49925,0.03264020090960221
0.7,0.3,0.6,0.9,0.37297645,49925,0.03212344694282707
0.5,0.3,0.4,0.8,0.37298495,49925,0.031190053020741414
0.9,0.1,0.5,0.3,0.372986,49925,0.0319383969192179
0.2,0.3,0.8,0.2,0.37298617,49925,0.04138837450838452
0.5,0.1,0.2,0.3,0.37299097,49925,0.02904026888808881
0.7,0.2,0.5,0.6,0.37299582,49925,0.032013944845522495
0.7,0.2,0.4,0.6,0.37301314,49925,0.03061893371134353
0.8,0.3,0.7,0.9,0.3730241,49925,0.03263206030611077
0.9,0.3,0.8,0.9,0.37302428,49925,0.03307607122159908
0.8,0.3,0.2,0.8,0.37302506,49925,0.027109054082666017
0.9,0.2,0.7,0.3,0.37303188,49925,0.034327176867474204
0.9,0.3,0.6,0.9,0.37303254,49925,0.03122643506987995
0.3,0.1,0.2,0.3,0.37303254,49925,0.031226435069879946
0.6,0.2,0.4,0.6,0.37303254,49925,0.031226435069879946
0.8,0.2,0.1,0.6,0.37304074,49925,0.02504536551260675
0.8,0.2,0.8,0.5,0.37304693,49925,0.035201010816284455
0.9,0.3,0.7,0.9,0.37305874,49925,0.03218435686346149
0.5,0.2,0.4,0.6,0.37306258,49925,0.031887341072349376
0.7,0.3,0.3,0.8,0.37306502,49925,0.028903970259030513
0.8,0.3,0.6,0.9,0.3730679,49925,0.03166245026847057
0.4,0.2,0.6,0.3,0.37307784,49925,0.03729735571788365
0.6,0.1,0.2,0.3,0.37308156,49925,0.028183388081150562
0.2,0.2,0.5,0.1,0.3730874,49925,0.04020550998309699
0.8,0.3,0.8,0.9,0.3730951,49925,0.03352582155375288
0.8,0.1,0.4,0.3,0.37311685,49925,0.030974996599893143
0.5,0.3,0.9,0.4,0.3731179,49925,0.03826678550786169
0.1,0.3,0.9,0.9,0.37312135,49925,0.03830046686766473
0.2,0.3,0.8,0.3,0.3731259,49925,0.04069959008990482
0.6,0.3,0.8,0.9,0.37312955,49925,0.03451342916954942
0.6,0.3,0.1,0.9,0.3731355,49925,0.025737302137789294
0.2,0.1,0.2,0.3,0.37315297,49925,0.0326126229896475
0.6,0.3,0.6,0.9,0.37315297,49925,0.0326126229896475
0.4,0.2,0.4,0.6,0.37315297,49925,0.0326126229896475
0.9,0.2,0.4,0.6,0.37315428,49925,0.029529348122345724
0.6,0.3,0.7,0.9,0.37315765,49925,0.03360654676108278
0.9,0.1,0.4,0.3,0.37316614,49925,0.030242908327835105
0.6,0.3,0.4,0.8,0.3731747,49925,0.0306625846569576
0.7,0.3,0.7,0.9,0.37317836,49925,0.03310244493851185
0.4,0.1,0.2,0.3,0.3731837,49925,0.030055711351617026
0.8,0.2,0.4,0.6,0.3731837,49925,0.030055711351617026
0.3,0.3,0.8,0.4,0.373185,49925,0.03908173595154995
0.3,0.3,0.4,0.8,0.3731941,49925,0.03235729413107795
0.2,0.2,0.7,0.6,0.37320387,49925,0.0381454134815254
0.6,0.3,0.3,0.8,0.3732049,49925,0.02935729661854079
0.7,0.2,0.7,0.2,0.37320662,49925,0.03620516654135921
0.5,0.2,0.5,0.6,0.373208,49925,0.03332019666415456
0.6,0.2,0.7,0.3,0.373208,49925,0.036578842819210165
0.6,0.1,0.4,0.1,0.37321296,49925,0.033769248784991046
0.8,0.2,0.7,0.2,0.3732136,49925,0.03540332814231564
0.2,0.1,0.4,0.3,0.37322393,49925,0.03746911015547905
0.4,0.2,0.8,0.6,0.37322393,49925,0.03746911015547905
0.5,0.3,0.7,0.9,0.37323523,49925,0.034128032141793746
0.4,0.2,0.5,0.6,0.3732373,49925,0.034063434374386595
0.9,0.2,0.3,0.6,0.37325478,49925,0.02806358945483971
0.5,0.3,0.9,0.3,0.37326756,49925,0.038755957011298164
0.1,0.3,0.9,0.6,0.37326872,49931,0.0402458193184605
0.1,0.2,0.2,0.5,0.37327027,49925,0.032169945738817846
0.9,0.2,0.2,0.6,0.37327442,49925,0.02645278267158897
0.5,0.3,0.6,0.9,0.37329692,49925,0.03312938604599564
0.2,0.2,0.1,0.5,0.3732974,49925,0.028726393690923342
0.3,0.3,0.7,0.9,0.3733108,49925,0.03527427225767066
0.2,0.2,0.7,0.5,0.37331638,49925,0.03891011054403883
0.2,0.3,0.8,0.4,0.37331992,49925,0.03996561416877863
0.4,0.3,0.8,0.9,0.37331995,49925,0.0355793066966574
0.7,0.3,0.8,0.9,0.37332913,49925,0.03400602850953752
0.6,0.2,0.7,0.2,0.37334886,49925,0.03707162623657095
0.1,0.3,0.4,0.8,0.3733604,49925,0.03369670180108185
0.3,0.2,0.5,0.6,0.37337118,49925,0.034870279986721923
0.2,0.4,0.8,0.1,0.3733874,49925,0.041195883132977874
0.3,0.3,0.8,0.9,0.3733909,49925,0.036173079687407676
0.2,0.3,0.7,0.9,0.37340194,49925,0.0358895831012505
0.9,0.2,0.8,0.7,0.37340435,49925,0.033823592894711
0.2,0.2,0.5,0.6,0.37340805,49925,0.03573544645985687
0.4,0.3,0.9,0.4,0.37341115,49925,0.03903455093907449
0.5,0.3,0.8,0.9,0.37341213,49925,0.03503237194398435
0.3,0.2,0.6,0.2,0.37341622,49925,0.03915657404961572
0.2,0.3,0.8,0.9,0.37342474,49925,0.03679371692352021
0.5,0.3,0.7,0.1,0.37343433,49925,0.03790954155265203
0.6,0.3,0.9,0.2,0.3734383,49925,0.03839690403329647
0.7,0.3,0.2,0.8,0.37344366,49925,0.027481190659782134
0.8,0.2,0.8,0.7,0.37345344,49925,0.03436442979750709
0.1,0.3,0.7,0.9,0.37346798,49925,0.03653494356844266
0.3,0.2,0.4,0.6,0.37348485,49925,0.03339716896217037
0.7,0.2,0.7,0.7,0.3734905,49925,0.033937481134688925
0.7,0.1,0.4,0.1,0.37349138,49925,0.03267385946492762
0.4,0.3,0.7,0.9,0.37349415,49925,0.03468146454231853
0.5,0.3,0.5,0.9,0.37349463,49925,0.03201480144856213
0.5,0.1,0.4,0.1,0.37350395,49925,0.035009662280445934
0.7,0.2,0.8,0.7,0.3735098,49925,0.03492173339025665
0.7,0.2,0.8,0.5,0.37351787,49925,0.035851109147350395
0.8,0.1,0.4,0.1,0.37352344,49925,0.031702242028360784
0.8,0.4,0.9,0.1,0.37352657,49925,0.0368181066809936
0.8,0.2,0.3,0.6,0.37353197,49925,0.02853029486831283
0.6,0.2,0.7,0.7,0.37353218,49925,0.034528595544256635
0.3,0.3,0.5,0.9,0.37354565,49925,0.033119875516249044
0.6,0.2,0.8,0.7,0.37354636,49925,0.03552824048888412
0.4,0.3,0.5,0.9,0.37354732,49925,0.03255247510975749
0.8,0.2,0.7,0.7,0.37355524,49925,0.03335593998144392
0.5,0.3,0.3,0.8,0.37356788,49925,0.029846315132360565
0.2,0.3,0.6,0.9,0.37358475,49925,0.03486101606034373
0.5,0.2,0.7,0.3,0.37358525,49925,0.037442194081262814
0.1,0.3,0.8,0.9,0.37359983,49925,0.03744175950754626
0.9,0.4,0.9,0.1,0.37360024,49925,0.03614983083174141
0.4,0.3,0.6,0.9,0.37361026,49925,0.03366414253571531
0.3,0.2,0.6,0.3,0.37362045,49925,0.03836349779014535
0.7,0.4,0.9,0.1,0.37362766,49925,0.037518549103545754
0.9,0.1,0.4,0.1,0.37363034,49925,0.03081390486963728
0.6,0.3,0.5,0.9,0.37363288,49925,0.03150527282286559
0.8,0.3,0.5,0.9,0.37364647,49925,0.030586585841880825
0.1,0.2,0.5,0.6,0.37365025,49925,0.036666195112072905
0.1,0.1,0.2,0.3,0.37365294,49925,0.034252319565561115
0.2,0.2,0.4,0.6,0.37365294,49925,0.034252319565561115
0.3,0.3,0.6,0.9,0.37365294,49925,0.034252319565561115
0.2,0.3,0.5,0.9,0.37366045,49925,0.03372667619907461
0.8,0.1,0.5,0.3,0.3736652,49925,0.03267040668742186
0.1,0.2,0.4,0.6,0.3736736,49925,0.03518682899114836
0.4,0.3,0.9,0.3,0.373692,49925,0.03957569598429856
0.9,0.2,0.7,0.7,0.37369317,49925,0.032813771492609944
0.3,0.3,0.9,0.4,0.3736986,49925,0.03985107107058282
0.6,0.3,0.2,0.8,0.3737034,49925,0.027884987631123608
0.7,0.3,0.5,0.9,0.3737036,49925,0.031035898161562818
0.4,0.1,0.1,0.3,0.37371358,49925,0.02686722236367831
0.8,0.2,0.2,0.6,0.37371358,49925,0.02686722236367831
0.9,0.2,0.8,0.2,0.3737232,49925,0.035698519280002367
0.1,0.3,0.8,0.2,0.3737276,49925,0.04250914373499695
0.3,0.3,0.3,0.8,0.37374735,49925,0.03093587935173514
0.5,0.2,0.7,0.7,0.37374803,49925,0.03517391923923082
0.3,0.2,0.7,0.7,0.3737542,49925,0.03658902403761063
0.1,0.3,0.5,0.9,0.373769,49925,0.03437411050693165
0.4,0.2,0.7,0.7,0.3737707,49925,0.03586029899456192
0.7,0.2,0.3,0.6,0.37377787,49925,0.02904745437497054
0.1,0.3,0.6,0.9,0.37377816,49925,0.03551580635740306
0.4,0.3,0.3,0.8,0.37378198,49925,0.03037137344642191
0.9,0.2,0.9,0.7,0.37379485,49925,0.03473102000607428
0.9,0.3,0.5,0.9,0.3738063,49925,0.03017304936531539
0.7,0.2,0.1,0.6,0.37382594,49925,0.025439891084388006
0.8,0.2,0.9,0.7,0.37384903,49925,0.035260830703218324
0.4,0.3,0.9,0.5,0.37386405,50010,0.03847333238324701
0.9,0.2,0.5,0.7,0.37386596,49925,0.030553423770466864
0.9,0.2,0.9,0.6,0.3738721,49940,0.035106480245658114
0.6,0.2,0.3,0.6,0.37388575,49925,0.029610995718489908
0.9,0.2,0.8,0.3,0.373895,49925,0.03533184005258913
0.5,0.2,0.8,0.7,0.37389567,49925,0.03616431110103109
0.8,0.1,0.4,0.4,0.373919,49925,0.030554528842121127
0.3,0.3,0.1,0.8,0.37391979,49925,0.02748057323412551
0.7,0.2,0.9,0.7,0.37392712,49925,0.03582162886660372
0.2,0.2,0.3,0.6,0.3739321,49925,0.03249069550986631
0.9,0.2,0.8,0.8,0.37394089,49925,0.033432912768716884
0.1,0.2,0.1,0.5,0.37395418,49925,0.02959210354035529
0.7,0.2,0.6,0.1,0.37396407,49925,0.035415702767464696
0.6,0.1,0.5,0.4,0.3739667,49925,0.03376881292289652
0.1,0.2,0.7,0.6,0.37397444,49925,0.039049378925439936
0.4,0.2,0.3,0.6,0.3739816,49925,0.030914598905638545
0.9,0.3,0.4,0.9,0.37398243,49925,0.029046799836779044
0.5,0.2,0.7,0.2,0.37398684,49925,0.03802146834542223
0.1,0.4,0.8,0.1,0.37398714,49925,0.042302257860354395
0.6,0.4,0.9,0.1,0.37399155,49925,0.03825441547655076
0.4,0.2,0.8,0.7,0.3740034,49925,0.036852644647326335
0.1,0.3,0.8,0.4,0.3740159,49925,0.040927346542028405
0.5,0.2,0.3,0.6,0.37403268,49925,0.030239118641851293
0.8,0.2,0.5,0.7,0.3740404,49925,0.03105363085038887
0.2,0.2,0.7,0.7,0.374049,49925,0.0373721766228059
0.3,0.2,0.3,0.6,0.37405255,49925,0.03167247001365314
0.2,0.2,0.6,0.3,0.3740645,49925,0.03952182105400962
0.5,0.1,0.4,0.2,0.3740661,49925,0.03433037748804618
0.9,0.1,0.4,0.4,0.37408143,49925,0.029890551517951766
0.8,0.2,0.8,0.2,0.37408227,49925,0.03641477806071757
0.4,0.1,0.4,0.1,0.37408227,49925,0.03641477806071757
0.1,0.2,0.3,0.6,0.3740943,49925,0.03340493225981676
0.7,0.1,0.5,0.4,0.37409696,49925,0.03294796060732781
0.5,0.3,0.2,0.8,0.3740998,49925,0.028325843677402672
0.7,0.2,0.6,0.7,0.37410226,49925,0.03280459230156554
0.2,0.3,0.3,0.8,0.3741091,49925,0.03154494651953319
0.9,0.2,0.8,0.4,0.37411365,49925,0.034938597046078684
0.8,0.2,0.8,0.4,0.37412506,49925,0.03558093253273322
0.4,0.1,0.4,0.2,0.37412506,49925,0.03558093253273322
0.1,0.3,0.8,0.3,0.37412697,49925,0.04172418735950393
0.3,0.2,0.8,0.6,0.37413555,49925,0.038234912015177314
0.9,0.2,0.6,0.7,0.37414244,49925,0.03173173976918268
0.9,0.2,0.9,0.8,0.3741461,49925,0.0343249092136347
0.4,0.3,0.7,0.1,0.37415504,49925,0.038906570991017304
0.7,0.2,0.2,0.6,0.37415695,49925,0.027327195132380945
0.4,0.1,0.4,0.4,0.37415797,49925,0.03393907058050644
0.8,0.2,0.8,0.8,0.37415797,49925,0.03393907058050644
0.6,0.2,0.5,0.7,0.3741585,49925,0.03217452317776528
0.8,0.2,0.6,0.7,0.37417322,49925,0.03225047397446442
0.4,0.2,0.7,0.3,0.37417844,49925,0.038387455135548226
0.6,0.2,0.9,0.7,0.37419382,49925,0.036421565258234125
0.7,0.2,0.5,0.7,0.37419596,49925,0.031591183981382186
0.6,0.2,0.8,0.5,0.3742003,49925,0.036522576601034
0.2,0.3,0.9,0.4,0.37420976,49925,0.04071438643643748
0.3,0.3,0.9,0.3,0.3742175,49925,0.04043820110467375
0.1,0.1,0.3,0.1,0.3742175,49925,0.04043820110467375
0.2,0.2,0.6,0.2,0.3742175,49925,0.04043820110467375
0.9,0.3,0.3,0.9,0.37422156,49925,0.02783281927988867
0.3,0.1,0.1,0.3,0.37422156,49925,0.02783281927988867
0.6,0.2,0.2,0.6,0.37422156,49925,0.02783281927988867
0.7,0.2,0.8,0.8,0.3742323,49925,0.03447375555666563
0.9,0.1,0.6,0.4,0.37424192,49925,0.03292320263012378
0.5,0.2,0.9,0.7,0.37424368,49925,0.037048786402999245
0.8,0.2,0.8,0.3,0.3742569,49925,0.0360017752707398
0.5,0.1,0.4,0.4,0.37425867,49925,0.03294894175735512
0.4,0.3,0.2,0.8,0.3742599,49925,0.028808019411766056
0.6,0.2,0.8,0.8,0.37426585,49925,0.03503081738585426
0.3,0.1,0.4,0.4,0.37426585,49925,0.03503081738585426
0.1,0.3,0.3,0.8,0.37430006,49925,0.03220196429473569
0.5,0.3,0.1,0.9,0.37430295,49925,0.02611594200959828
0.6,0.1,0.4,0.4,0.3743109,49925,0.03205947542656169
0.6,0.2,0.6,0.7,0.37431565,49925,0.03340598321042564
0.1,0.2,0.7,0.5,0.3743313,49925,0.039882375470946654
0.9,0.1,0.1,0.4,0.3743375,49925,0.023759378108967437
0.8,0.2,0.9,0.8,0.37434447,49925,0.03483035042047133
0.8,0.3,0.4,0.9,0.3743465,49925,0.029433147216952227
0.3,0.2,0.8,0.7,0.37435052,49925,0.03757982482405368
0.3,0.3,0.2,0.8,0.37435544,49925,0.029327929525328283
0.5,0.2,0.5,0.7,0.37436044,49925,0.03280128154340696
0.8,0.1,0.5,0.4,0.37436238,49925,0.03219097239334191
0.9,0.1,0.3,0.4,0.37436673,49925,0.02807986668660808
0.2,0.2,0.6,0.7,0.374377,49925,0.03623801051240103
0.3,0.3,0.9,0.5,0.37438613,49925,0.03921807114500623
0.5,0.4,0.9,0.1,0.3744048,49925,0.03905896004030262
0.7,0.1,0.3,0.4,0.37440923,49925,0.0293559900685857
0.7,0.1,0.4,0.4,0.37441128,49925,0.031255340372425375
0.7,0.2,0.8,0.4,0.37443244,49925,0.03627197565640923
0.7,0.2,0.9,0.8,0.37444198,49925,0.03536459724018396
0.4,0.2,0.5,0.7,0.3744423,49925,0.03347700102903299
0.9,0.1,0.2,0.4,0.37445512,49925,0.026036835937921946
0.3,0.3,0.4,0.9,0.37446183,49925,0.031839829110633
0.4,0.4,0.9,0.1,0.37446323,49925,0.03992061248276712
0.1,0.2,0.5,0.1,0.37447008,49925,0.041868426456885884
0.1,0.2,0.6,0.7,0.37447783,49925,0.0370727444618966
0.8,0.2,0.9,0.6,0.3744808,49925,0.035662608981089396
0.3,0.2,0.5,0.7,0.37448084,49925,0.03419199400801369
0.5,0.3,0.9,0.2,0.37448168,49925,0.03919590536178294
0.6,0.3,0.4,0.9,0.3745034,49925,0.03028707972291891
0.7,0.1,0.5,0.3,0.37450388,49925,0.03346715586233116
0.4,0.2,0.7,0.2,0.37450793,49925,0.03904638876552037
0.5,0.1,0.5,0.4,0.37451375,49925,0.03466374596963814
0.1,0.2,0.7,0.7,0.37451756,49925,0.03820178953043019
0.8,0.1,0.3,0.4,0.3745237,49925,0.02869110196781035
0.5,0.2,0.6,0.7,0.37453225,49925,0.034042389844293953
0.7,0.3,0.4,0.9,0.3745324,49925,0.029846568213735516
0.8,0.3,0.3,0.9,0.37453383,49925,0.028205859132118826
0.4,0.2,0.6,0.7,0.3745339,49925,0.034720061289610506
0.9,0.1,0.5,0.4,0.374543,49925,0.03150276676514906
0.3,0.4,0.9,0.1,0.37454438,49925,0.04084750584212165
0.5,0.2,0.8,0.8,0.37455952,49925,0.03562375450153889
0.7,0.2,0.8,0.3,0.3745597,49925,0.03673642977433896
0.3,0.2,0.6,0.7,0.37456483,49925,0.03545083956512085
0.5,0.2,0.2,0.6,0.3745746,49925,0.0283985040859123
0.3,0.3,0.7,0.1,0.3745864,49925,0.0399838715918871
0.6,0.2,0.1,0.6,0.37459183,49925,0.025851471089336713
0.2,0.3,0.4,0.9,0.3746104,49925,0.032429801786861126
0.7,0.1,0.5,0.2,0.37461457,49925,0.033959901382428145
0.2,0.3,0.2,0.8,0.37461486,49925,0.02989800621624496
0.8,0.1,0.5,0.2,0.37461618,49925,0.033071626655774226
0.3,0.1,0.4,0.2,0.37461877,49925,0.03700846614296412
0.6,0.2,0.8,0.4,0.37461877,49925,0.03700846614296412
0.4,0.3,0.4,0.9,0.3746229,49925,0.031293271010551356
0.5,0.3,0.4,0.9,0.37463886,49925,0.030779943989836897
0.7,0.3,0.3,0.9,0.37466505,49925,0.028591886644243118
0.9,0.2,0.9,0.4,0.37468106,49925,0.03584191609751258
0.2,0.2,0.5,0.7,0.3746819,49925,0.03498209880770444
0.8,0.2,0.7,0.8,0.37470946,49925,0.03293805846380211
0.9,0.1,0.5,0.2,0.3747204,49925,0.03225946939324582
0.9,0.2,0.9,0.9,0.3747277,49925,0.033943061408494735
0.2,0.3,0.1,0.8,0.3747283,49925,0.02801553187480169
0.1,0.3,0.4,0.9,0.37473193,49925,0.033052883549489064
0.2,0.3,0.9,0.3,0.37474748,49925,0.041361192609633154
0.4,0.2,0.7,0.4,0.37475035,49925,0.037686283596142754
0.9,0.3,0.2,0.9,0.374751,49925,0.026506604074484356
0.9,0.3,0.8,0.1,0.3747541,49925,0.03560384260510967
0.2,0.2,0.8,0.7,0.3747583,49925,0.03833802388200086
0.7,0.2,0.9,0.6,0.37476456,49925,0.03624611099802215
0.9,0.2,0.4,0.7,0.37477303,49925,0.02922784898831629
0.4,0.2,0.4,0.7,0.37477684,49925,0.032028466676482764
0.5,0.2,0.4,0.7,0.37477854,49925,0.03137508938912072
0.4,0.2,0.9,0.7,0.37478226,49925,0.037715575648197226
0.1,0.3,0.2,0.8,0.37478885,49925,0.030515382183149146
0.6,0.1,0.3,0.4,0.37479067,49925,0.03009813202231206
0.2,0.4,0.9,0.1,0.3747949,49925,0.041835262994755006
0.6,0.3,0.3,0.9,0.3747962,49925,0.02900739818113445
0.4,0.2,0.2,0.6,0.3747962,49925,0.029007398181134455
0.2,0.1,0.1,0.3,0.3747962,49925,0.029007398181134455
0.1,0.2,0.5,0.7,0.3747986,49925,0.03580792258102801
0.8,0.2,0.6,0.8,0.37480614,49925,0.031878180193878475
0.4,0.1,0.3,0.4,0.37480614,49925,0.031878180193878475
0.9,0.2,0.7,0.8,0.3748348,49925,0.03243923023996363
0.2,0.1,0.4,0.4,0.37486723,49925,0.03625401500598795
0.4,0.2,0.8,0.8,0.37486723,49925,0.03625401500598795
0.1,0.2,0.6,0.3,0.37486902,49925,0.04079413463655538
0.3,0.2,0.8,0.8,0.37487575,49925,0.03692696406537354
0.6,0.2,0.8,0.3,0.37487885,49925,0.037519731184213076
0.6,0.1,0.5,0.3,0.37488264,49925,0.03435314711902696
0.4,0.1,0.5,0.4,0.3748949,49925,0.03563114673111091
0.7,0.2,0.6,0.8,0.3749039,49925,0.03239275259976287
0.2,0.3,0.9,0.5,0.37490582,49925,0.040013580657047944
0.6,0.2,0.4,0.7,0.3749076,49925,0.030781580775930482
0.5,0.1,0.3,0.4,0.37491187,49925,0.030940542861551287
0.7,0.2,0.8,0.2,0.3749197,49925,0.037189613690946775
0.2,0.2,0.4,0.7,0.37492108,49925,0.033500145781255465
0.2,0.3,0.7,0.1,0.37492144,49925,0.041181327072125226
0.9,0.2,0.6,0.8,0.37492692,49925,0.031389166253212204
0.9,0.2,0.3,0.7,0.3749349,49925,0.0277951849375701
0.8,0.2,0.9,0.4,0.37494475,49925,0.036474575150306034
0.5,0.2,0.7,0.8,0.37495053,49925,0.0346187710399688
0.3,0.2,0.7,0.3,0.37495142,49925,0.03940910147201518
0.7,0.2,0.4,0.7,0.3749629,49925,0.03021826039837528
0.8,0.3,0.8,0.1,0.37498048,49925,0.03631264025973368
0.8,0.3,0.2,0.9,0.3749826,49925,0.026826226250655234
0.6,0.2,0.9,0.8,0.3749835,49925,0.03592099120557061
0.2,0.2,0.7,0.8,0.37502664,49925,0.036642499106794124
0.8,0.2,0.4,0.7,0.37505057,49925,0.029697383300441398
0.3,0.2,0.4,0.7,0.37505132,49925,0.03273049386229743
0.3,0.2,0.2,0.6,0.3750838,49925,0.029695375877667882
0.8,0.1,0.2,0.4,0.375084,49925,0.026550119416325606
0.8,0.2,0.9,0.9,0.37509343,49925,0.034421325697448414
0.6,0.2,0.7,0.8,0.3750981,49925,0.03402541566327366
0.4,0.2,0.7,0.8,0.37511066,49925,0.0352541279029982
0.7,0.2,0.9,0.9,0.37512136,49925,0.03491745821956948
0.6,0.2,0.6,0.1,0.3751254,49925,0.03633250354269857
0.2,0.2,0.8,0.6,0.37512663,49925,0.039041559482946415
0.1,0.1,0.4,0.3,0.37512663,49925,0.039041559482946415
0.8,0.1,0.6,0.5,0.3751341,49925,0.033116500912437126
0.7,0.2,0.7,0.8,0.3751372,49925,0.03345998585397986
0.5,0.2,0.8,0.4,0.3751567,49925,0.03779119342650287
0.5,0.3,0.3,0.9,0.3751681,49925,0.02945987443943748
0.1,0.2,0.6,0.2,0.37517306,49925,0.041840755828778164
0.1,0.3,0.9,0.4,0.37518615,49925,0.04162428895113256
0.3,0.2,0.7,0.2,0.375206,49925,0.04014701530168948
0.4,0.3,0.3,0.9,0.37521505,49925,0.029935976149532362
0.1,0.4,0.9,0.1,0.37523907,49925,0.04286199457847193
0.5,0.2,0.9,0.8,0.37523985,49925,0.036509194434567814
0.6,0.2,0.6,0.8,0.3752445,49925,0.03293343261386829
0.3,0.1,0.3,0.4,0.3752445,49925,0.03293343261386829
0.7,0.1,0.6,0.5,0.37524834,49925,0.033814450697519725
0.9,0.2,0.9,0.3,0.37525952,49925,0.03620395510648089
0.1,0.3,0.7,0.1,0.37527058,49925,0.04247204958575556
0.1,0.2,0.7,0.8,0.37527183,49925,0.03740493772957849
0.3,0.2,0.7,0.4,0.37528,49925,0.03862048181238461
0.6,0.1,0.5,0.5,0.37530178,49925,0.033127853467492384
0.9,0.1,0.6,0.5,0.3753032,49925,0.03246858353339062
0.3,0.1,0.5,0.4,0.37530404,49925,0.036720239020953796
0.9,0.2,0.9,0.5,0.37531137,49925,0.035431963810133804
0.8,0.2,0.5,0.8,0.3753168,49925,0.030692744321267795
0.3,0.2,0.7,0.8,0.3753272,49925,0.03593276210177744
0.7,0.3,0.8,0.1,0.37533835,49925,0.0370822866935033
0.6,0.2,0.8,0.9,0.3753504,49925,0.03455083180078375
0.6,0.1,0.5,0.2,0.37535566,49925,0.034938529711791746
0.1,0.2,0.4,0.7,0.37537274,49925,0.03431910773533931
0.6,0.3,0.8,0.1,0.37539157,49925,0.03790704482949856
0.9,0.2,0.8,0.9,0.37539452,49925,0.03304101422049758
0.4,0.3,0.9,0.2,0.3753987,49925,0.040037663409874316
0.9,0.2,0.5,0.8,0.37540027,49925,0.030225800631676077
0.1,0.2,0.8,0.7,0.37540442,49925,0.03914825519286097
0.8,0.1,0.6,0.4,0.37540793,49925,0.03359384466681803
0.5,0.2,0.1,0.6,0.37541485,49925,0.026310417859868866
0.8,0.2,0.3,0.7,0.3754151,49925,0.028218646973383322
0.7,0.2,0.8,0.9,0.37541926,49925,0.03402636393560191
0.2,0.2,0.2,0.6,0.37541938,49925,0.03044842856423135
0.1,0.1,0.1,0.3,0.37541938,49925,0.03044842856423135
0.3,0.3,0.3,0.9,0.37541938,49925,0.030448428564231352
0.8,0.1,0.1,0.4,0.37542823,49925,0.024138015276260496
0.4,0.2,0.9,0.8,0.37543136,49925,0.03713933820796062
0.8,0.1,0.5,0.5,0.3754415,49925,0.03170140148768944
0.9,0.2,0.1,0.7,0.3754494,49925,0.024426300851548892
0.6,0.2,0.9,0.9,0.37546045,49925,0.03544105000216145
0.7,0.2,0.9,0.4,0.37547678,49925,0.03715060591301995
0.2,0.2,0.8,0.8,0.37547758,49925,0.03763180479991502
0.1,0.1,0.4,0.4,0.37547758,49925,0.03763180479991502
0.4,0.3,0.1,0.9,0.3754781,49925,0.026529902783360572
0.5,0.2,0.8,0.3,0.37549773,49925,0.038372522303225375
0.7,0.1,0.5,0.5,0.37550008,49925,0.032387246169808884
0.5,0.2,0.6,0.8,0.37550974,49925,0.033521949683183574
0.7,0.3,0.2,0.9,0.37552324,49925,0.027172998192853445
0.2,0.2,0.6,0.8,0.37552795,49925,0.03552238021348278
0.1,0.1,0.3,0.4,0.37552795,49925,0.03552238021348278
0.7,0.2,0.5,0.8,0.3755317,49925,0.031188454645808116
0.3,0.2,0.6,0.8,0.37553537,49925,0.034818556992626745
0.1,0.3,0.9,0.3,0.37554288,49925,0.04233860738540002
0.6,0.2,0.5,0.8,0.37554723,49925,0.03171377995748996
0.8,0.2,0.8,0.9,0.37556794,49925,0.03352106325845656
0.9,0.1,0.5,0.1,0.37557057,49947,0.0325552890964004
0.7,0.1,0.2,0.4,0.37558702,49925,0.02711083150781149
0.4,0.2,0.5,0.8,0.37558857,49925,0.03288882559801568
0.5,0.2,0.5,0.8,0.3756047,49925,0.03228039208697207
0.1,0.3,0.1,0.8,0.3756104,49925,0.028563931649766543
0.9,0.1,0.4,0.5,0.375614,49925,0.02954187906269738
0.5,0.3,0.8,0.1,0.37562272,49925,0.03879481652301119
0.5,0.1,0.5,0.5,0.37562993,49925,0.03395308919196182
0.9,0.1,0.7,0.5,0.37563077,49925,0.033692020222564754
0.8,0.2,0.9,0.3,0.37563404,49925,0.036871321425444505
0.8,0.1,0.4,0.5,0.37563503,49925,0.03013511574100453
0.5,0.2,0.9,0.9,0.37563768,49931,0.035991392507474074
0.7,0.2,0.3,0.7,0.37564126,49925,0.028688839815228292
0.6,0.1,0.2,0.4,0.37564224,49925,0.02777202661965733
0.6,0.1,0.6,0.5,0.37564903,49925,0.034559586354752606
0.4,0.2,0.8,0.9,0.37565172,49925,0.03569075417357156
0.1,0.3,0.9,0.5,0.37565306,49925,0.04087693229836227
0.2,0.2,0.7,0.2,0.37565532,49925,0.04134616923974851
0.5,0.2,0.8,0.9,0.37565595,49925,0.035104348205030673
0.3,0.2,0.9,0.7,0.37565982,49926,0.038407200910660626
0.5,0.2,0.6,0.1,0.37566176,49925,0.03736756391665901
0.6,0.3,0.2,0.9,0.37566742,49925,0.02754530896981958
0.2,0.1,0.3,0.4,0.37567028,49925,0.03414593193871301
0.4,0.2,0.6,0.8,0.37567028,49925,0.03414593193871301
0.8,0.2,0.9,0.5,0.37567508,49925,0.036030449745179605
0.2,0.2,0.7,0.3,0.37568346,49925,0.0405097357274794
0.3,0.2,0.9,0.8,0.37569988,49925,0.03778954801854325
0.9,0.1,0.5,0.5,0.37569994,49925,0.031063570575456053
0.3,0.2,0.8,0.9,0.37573665,49925,0.036313382503434855
0.9,0.2,0.7,0.9,0.37575507,49925,0.03208291440335261
0.6,0.2,0.9,0.6,0.375778,49925,0.03685912787756413
0.9,0.3,0.9,0.1,0.37579423,49925,0.03648495337555503
0.4,0.2,0.9,0.9,0.37580103,49925,0.03658324230304848
0.5,0.2,0.8,0.5,0.37585184,50091,0.037228369082082144
0.2,0.1,0.4,0.2,0.3758522,49925,0.038628946048256695
0.4,0.2,0.8,0.4,0.3758522,49925,0.038628946048256695
0.8,0.2,0.7,0.9,0.37586388,49925,0.03255292036140236
0.6,0.2,0.3,0.7,0.37587148,49925,0.02920351753318835
0.1,0.2,0.2,0.6,0.3758803,49925,0.03129045554681324
0.2,0.3,0.3,0.9,0.375904,49925,0.03100106305280628
0.5,0.3,0.2,0.9,0.37590474,49925,0.027969460590989523
0.1,0.2,0.6,0.8,0.37591517,49925,0.03626815807833238
0.7,0.2,0.7,0.9,0.37591925,49925,0.03304253801495204
0.1,0.3,0.3,0.9,0.37591937,49925,0.03159283458632855
0.4,0.2,0.3,0.7,0.37592518,49925,0.03037160523051229
0.9,0.1,0.6,0.2,0.37592876,49925,0.0336801645113383
0.9,0.2,0.2,0.7,0.37592876,49925,0.02620636764857359
0.5,0.2,0.3,0.7,0.37592912,49925,0.029767245798942236
0.4,0.3,0.8,0.1,0.37592918,49925,0.03975058372046708
0.1,0.2,0.8,0.8,0.37593654,49925,0.03838302869841491
0.2,0.2,0.7,0.4,0.37593818,49925,0.03963821260037418
0.6,0.2,0.7,0.9,0.37596267,49925,0.033562588012415254
0.3,0.2,0.5,0.8,0.3759766,49925,0.033539778724656466
0.1,0.2,0.5,0.8,0.37598494,49925,0.03500708142019677
0.7,0.1,0.4,0.5,0.37599364,49925,0.030776489272775546
0.5,0.1,0.5,0.2,0.37600097,49925,0.036022832909175864
0.3,0.2,0.3,0.7,0.37600654,49925,0.03102773055738361
0.3,0.3,0.9,0.2,0.37601283,49925,0.04095479222979988
0.2,0.2,0.8,0.9,0.3760277,49925,0.03696767002797095
0.7,0.1,0.1,0.4,0.37605134,49925,0.024577377822768604
0.9,0.1,0.7,0.6,0.37606487,49925,0.03323367831182383
0.1,0.2,0.8,0.6,0.37606677,49925,0.03990879001899724
0.7,0.2,0.9,0.5,0.37606904,49925,0.03666089052152182
0.4,0.1,0.5,0.5,0.37608403,49925,0.03482256696390047
0.5,0.1,0.2,0.4,0.37608567,49925,0.02852024624765759
0.8,0.3,0.9,0.1,0.37609762,49925,0.03718330227823433
0.6,0.2,0.6,0.9,0.37609926,49925,0.0324886667970447
0.4,0.2,0.1,0.6,0.3761,49925,0.02680639425587908
0.7,0.2,0.6,0.9,0.3761022,49925,0.031982285214454266
0.2,0.2,0.5,0.8,0.37611005,49925,0.034251548359897695
0.7,0.3,0.9,0.1,0.3761139,49925,0.037936181778096684
0.6,0.1,0.4,0.5,0.37611616,49925,0.03148643498303143
0.3,0.3,0.8,0.1,0.3761557,49925,0.04077978099697777
0.2,0.2,0.3,0.7,0.37615615,49925,0.031757550932945654
0.2,0.2,0.6,0.9,0.37617013,49925,0.03486068087983624
0.8,0.1,0.7,0.6,0.37617403,49925,0.03384370309506173
0.7,0.2,0.9,0.3,0.37617433,49925,0.03758754746034712
0.7,0.1,0.6,0.4,0.37617782,49925,0.03432462078587281
0.3,0.2,0.9,0.9,0.37618086,49925,0.037197351144838485
0.8,0.2,0.2,0.7,0.376212,49925,0.02659319791072307
0.2,0.2,0.9,0.8,0.37622362,49925,0.03847862062831577
0.9,0.2,0.4,0.8,0.37623686,49925,0.02893148282331545
0.6,0.2,0.9,0.4,0.37624186,49925,0.037859280513869185
0.4,0.2,0.6,0.1,0.37624294,49925,0.03850936310956791
0.8,0.1,0.5,0.1,0.3762492,49925,0.03340973370246239
0.5,0.1,0.6,0.5,0.37626302,49925,0.03536112293579201
0.8,0.2,0.6,0.9,0.37627319,49925,0.031496226463819776
0.3,0.2,0.6,0.9,0.3762732,49925,0.03420989232704053
0.2,0.1,0.5,0.4,0.3762735,49925,0.03791207367876031
0.4,0.2,0.6,0.9,0.37627572,49925,0.03360125689060329
0.5,0.2,0.6,0.9,0.3762812,49925,0.03302692465115564
0.5,0.1,0.4,0.5,0.3762942,49925,0.03226421564246468
0.4,0.2,0.8,0.3,0.37630126,49925,0.03927179933916386
0.4,0.3,0.2,0.9,0.37633234,49925,0.02839258423923031
0.3,0.1,0.4,0.1,0.376343,49925,0.03798672005321173
0.6,0.2,0.8,0.2,0.376343,49925,0.03798672005321173
0.5,0.2,0.7,0.9,0.37634552,49925,0.03411048444945414
0.2,0.1,0.2,0.4,0.3763458,49925,0.03147566850171759
0.4,0.2,0.4,0.8,0.3763458,49925,0.03147566850171759
0.9,0.1,0.6,0.6,0.37635466,49925,0.03202367644492146
0.3,0.3,0.1,0.9,0.3763548,49925,0.026984861566918563
0.2,0.3,0.9,0.2,0.37635896,49925,0.04194482263526359
0.3,0.2,0.8,0.4,0.37636483,49925,0.039533796942844535
0.9,0.2,0.6,0.9,0.37636927,49925,0.031047360289897897
0.6,0.3,0.9,0.1,0.37636968,49925,0.03872932534481397
0.7,0.2,0.2,0.7,0.37638438,49925,0.027005467943180633
0.9,0.1,0.6,0.3,0.37638694,49925,0.03327784957485323
0.8,0.1,0.6,0.6,0.37639943,49925,0.03261755162234248
0.4,0.1,0.2,0.4,0.3764069,49925,0.029373635309130355
0.8,0.2,0.4,0.8,0.3764069,49925,0.029373635309130355
0.5,0.2,0.4,0.8,0.37640873,49925,0.030889427665787436
0.6,0.2,0.2,0.7,0.37641558,49925,0.027462036015227773
0.7,0.1,0.6,0.6,0.37643147,49925,0.033255918813394375
0.8,0.1,0.6,0.2,0.3764357,49925,0.03448320651765074
0.8,0.2,0.1,0.7,0.37643802,49925,0.024759967797625557
0.6,0.2,0.4,0.8,0.3764445,49925,0.030357674890629953
0.3,0.1,0.2,0.4,0.3764445,49925,0.030357674890629953
0.3,0.1,0.5,0.5,0.37644678,49925,0.035789470014559614
0.4,0.2,0.7,0.9,0.3764516,49925,0.03467806736215545
0.2,0.3,0.8,0.1,0.37645695,49925,0.041906570120071325
0.3,0.2,0.7,0.9,0.37647057,49925,0.035292082609347596
0.1,0.2,0.3,0.7,0.3764967,49925,0.032557033320840666
0.1,0.2,0.8,0.9,0.37651026,49925,0.037663834135229265
0.7,0.2,0.4,0.8,0.37652487,49925,0.029856215005177142
0.3,0.2,0.4,0.8,0.37652656,49925,0.03210918313689419
0.6,0.2,0.9,0.5,0.3765414,49925,0.037328422383626714
0.3,0.3,0.2,0.9,0.37656668,49925,0.028856103956435928
0.5,0.1,0.5,0.3,0.37657592,49925,0.035289768079523505
0.9,0.2,0.3,0.8,0.3765766,49925,0.02752219344105595
0.9,0.2,0.7,0.1,0.37657794,49925,0.034881735354891946
0.4,0.1,0.4,0.5,0.3765963,49925,0.033128555495661724
0.7,0.1,0.6,0.3,0.376616,49925,0.03484112260064843
0.1,0.2,0.7,0.2,0.3766245,49925,0.04264907889747841
0.2,0.2,0.4,0.8,0.37662455,49925,0.03278993619497633
0.1,0.1,0.2,0.4,0.37662455,49925,0.03278993619497633
0.4,0.2,0.8,0.5,0.37662613,49925,0.0379663023482197
0.8,0.1,0.6,0.3,0.37664905,49925,0.03402464613844333
0.6,0.1,0.3,0.5,0.3766536,49925,0.029597697796397707
0.1,0.2,0.6,0.9,0.37665525,49925,0.03553602903339961
0.7,0.1,0.7,0.6,0.37666562,49925,0.03448334985805017
0.9,0.2,0.5,0.9,0.37669006,49925,0.029906563258715286
0.5,0.3,0.9,0.1,0.37669134,49925,0.0395836850751147
0.5,0.2,0.2,0.7,0.37669227,49925,0.02796734455977276
0.2,0.2,0.9,0.9,0.37670144,49925,0.037835299680212736
0.2,0.2,0.9,0.7,0.3767065,49925,0.03913255492480155
0.8,0.2,0.5,0.9,0.3767314,49925,0.030345212256390194
0.7,0.2,0.5,0.9,0.3767329,49925,0.03079876841445923
0.4,0.1,0.6,0.5,0.37674206,49925,0.03622979603312622
0.7,0.1,0.3,0.5,0.3767509,49925,0.028922851280674036
0.1,0.3,0.8,0.1,0.37675396,49925,0.04309519348491584
0.2,0.2,0.7,0.9,0.37675723,49925,0.03595677190577784
0.1,0.2,0.7,0.9,0.37677473,49925,0.03665192995879866
0.3,0.2,0.1,0.6,0.37677592,49925,0.02738292534676142
0.8,0.1,0.3,0.5,0.37678906,49925,0.02832108847090676
0.8,0.1,0.7,0.5,0.37680447,49925,0.034305547504720445
0.6,0.2,0.9,0.3,0.37682727,49925,0.038354733301230806
0.3,0.2,0.6,0.1,0.37683058,49925,0.039772284990847555
0.9,0.1,0.5,0.6,0.3768381,49925,0.030680434978529236
0.4,0.3,0.9,0.1,0.3768447,49925,0.04048752107167399
0.6,0.1,0.6,0.6,0.3768601,49925,0.03393864777597146
0.5,0.1,0.3,0.5,0.37687892,49925,0.03032943262004249
0.1,0.2,0.7,0.4,0.37687933,49925,0.040726318800456414
0.5,0.2,0.5,0.9,0.3768983,49925,0.03180811209313538
0.9,0.1,0.3,0.5,0.37691367,49925,0.02777371019873829
0.2,0.3,0.2,0.9,0.37691998,49925,0.029380272392541724
0.6,0.2,0.5,0.9,0.37693,49925,0.03128648908917423
0.8,0.2,0.7,0.1,0.3769422,49925,0.035666814217478866
0.2,0.1,0.4,0.5,0.37695402,49925,0.03513515418422934
0.1,0.2,0.9,0.8,0.3769575,49925,0.039211068825141124
0.9,0.1,0.2,0.5,0.37696484,49925,0.025807137994144632
0.6,0.1,0.1,0.4,0.37696972,49925,0.02506882957393879
0.1,0.2,0.7,0.3,0.37697238,49925,0.04168618290882096
0.1,0.2,0.4,0.8,0.37697846,49925,0.03353081589072033
0.7,0.1,0.6,0.2,0.37698436,49925,0.03537160102249423
0.3,0.2,0.8,0.3,0.37699506,49925,0.040232926986225506
0.3,0.2,0.8,0.5,0.37699646,49925,0.03880014837649042
0.2,0.1,0.5,0.5,0.37701866,49925,0.036853316678329785
0.3,0.1,0.4,0.5,0.37704206,49925,0.034075550324141474
0.5,0.2,0.9,0.4,0.37705302,49925,0.03860829536420758
0.9,0.1,0.8,0.6,0.37705648,49925,0.03428965389527648
0.6,0.1,0.6,0.4,0.37706184,49925,0.035128800645646066
0.8,0.2,0.3,0.8,0.3770627,49925,0.027908919735814698
0.1,0.3,0.2,0.9,0.37706843,49925,0.02991460787445773
0.2,0.2,0.8,0.4,0.377074,49925,0.04049869868737707
0.1,0.1,0.4,0.2,0.377074,49925,0.04049869868737707
0.3,0.1,0.6,0.5,0.37708372,49925,0.037179156255653836
0.4,0.1,0.5,0.2,0.37710416,49925,0.037237960421113867
0.9,0.2,0.9,0.2,0.37711906,49925,0.03650399405018735
0.6,0.1,0.6,0.3,0.37711924,49925,0.035724268578816616
0.4,0.2,0.5,0.9,0.37713385,49925,0.032355760188522834
0.9,0.1,0.8,0.7,0.37714174,49925,0.03386026222814429
0.3,0.3,0.9,0.1,0.37715843,49925,0.041463342820997666
0.5,0.2,0.9,0.5,0.3771602,49925,0.038037394161342615
0.5,0.2,0.9,0.3,0.37716568,49925,0.039161051089551174
0.5,0.1,0.6,0.6,0.37716612,49925,0.03468200053143999
0.4,0.2,0.2,0.7,0.37717912,49925,0.028517825898304375
0.2,0.2,0.1,0.6,0.377194,49925,0.02802577547321511
0.2,0.3,0.9,0.1,0.37719882,49925,0.04250179300823076
0.9,0.1,0.4,0.6,0.37720674,49925,0.029174323689811713
0.4,0.1,0.3,0.5,0.37721407,49925,0.031131170483410655
0.4,0.1,0.5,0.3,0.3772148,49925,0.03637381784045806
0.1,0.1,0.4,0.5,0.37721536,49925,0.03632697164967085
0.7,0.1,0.5,0.1,0.37721786,49925,0.034354165838764494
0.8,0.1,0.5,0.6,0.3772263,49925,0.03125636096610805
0.6,0.1,0.7,0.6,0.37723562,49925,0.03516085485832407
0.1,0.3,0.9,0.1,0.37725037,49925,0.043630374638790236
0.1,0.3,0.9,0.2,0.37725174,49925,0.042989458223961316
0.7,0.2,0.1,0.7,0.37725732,49925,0.025110809731871495
0.7,0.2,0.7,0.1,0.37726977,49925,0.03651158673651421
0.5,0.2,0.8,0.2,0.37727317,49925,0.03886667304337261
0.1,0.1,0.3,0.5,0.37732592,49925,0.034215972117525605
0.9,0.1,0.7,0.3,0.3773412,49925,0.03449084533663674
0.2,0.3,0.1,0.9,0.37736,49925,0.02743987936651105
0.9,0.1,0.7,0.7,0.37736326,49925,0.03279212487472663
0.3,0.2,0.5,0.9,0.37737945,49925,0.03294538943106198
0.7,0.1,0.7,0.5,0.37741572,49925,0.034976792680128196
0.8,0.1,0.8,0.7,0.377425,49925,0.034422389071998905
0.2,0.2,0.6,0.1,0.3774409,49925,0.04117033319497861
0.8,0.1,0.4,0.6,0.37744236,49925,0.029711728257394956
0.3,0.1,0.3,0.5,0.37744454,49925,0.03204119533422197
0.1,0.2,0.9,0.7,0.37744564,49925,0.039902358785777296
0.8,0.1,0.7,0.7,0.37744832,49925,0.03334414508994339
0.5,0.1,0.4,0.6,0.3774646,49925,0.03164710470231901
0.5,0.2,0.9,0.6,0.37747473,49998,0.03748482508638809
0.1,0.2,0.9,0.9,0.37748128,49925,0.038514098203937384
0.7,0.2,0.3,0.8,0.37748402,49925,0.02834013679860969
0.3,0.2,0.2,0.7,0.37749928,49925,0.029123464841417056
0.2,0.2,0.5,0.9,0.37751442,49925,0.03357919111314018
0.6,0.2,0.7,0.1,0.3775177,49925,0.037432167871228904
0.9,0.2,0.4,0.9,0.37757096,49925,0.028644064960623033
0.7,0.1,0.4,0.6,0.37758726,49925,0.03031488311899014
0.2,0.1,0.3,0.5,0.37759215,49925,0.03306679907366139
0.5,0.2,0.7,0.1,0.37759426,49925,0.03843452590066625
0.6,0.1,0.5,0.6,0.37759915,49925,0.03252332906120679
0.6,0.1,0.4,0.6,0.3776057,49925,0.030952822095419306
0.6,0.1,0.6,0.2,0.37761,49925,0.03633341235034071
0.5,0.1,0.7,0.6,0.3776105,49925,0.03589262785667889
0.9,0.1,0.7,0.2,0.37762132,49925,0.034912812844676275
0.4,0.1,0.6,0.6,0.37766778,49925,0.03547902490357042
0.2,0.2,0.8,0.5,0.3776721,49925,0.039702117845851585
0.8,0.2,0.4,0.9,0.3776725,49925,0.029052786146149315
0.7,0.1,0.5,0.6,0.37767315,49925,0.03185529951897933
0.7,0.1,0.7,0.7,0.37768853,49925,0.03394250376951029
0.9,0.2,0.8,0.1,0.37769258,49925,0.03591637422731177
0.6,0.2,0.3,0.8,0.37771392,49925,0.02880080620116239
0.5,0.1,0.1,0.4,0.37771803,49925,0.025644220940541015
0.8,0.1,0.2,0.5,0.37772486,49925,0.02626176428154698
0.4,0.1,0.5,0.6,0.37772632,49925,0.03405622213712632
0.2,0.2,0.8,0.3,0.3777448,49925,0.04127518768179218
0.2,0.1,0.6,0.5,0.37774873,49925,0.038202461881146246
0.4,0.1,0.4,0.6,0.37776121,49925,0.03240315811911522
0.9,0.1,0.9,0.7,0.37776178,49925,0.03477661968528956
0.5,0.1,0.6,0.3,0.37777007,49925,0.036695504222549816
0.7,0.2,0.4,0.9,0.37777847,49926,0.029476136736782704
0.4,0.2,0.9,0.5,0.37777942,49925,0.038806894919208065
0.4,0.1,0.7,0.6,0.377812,49925,0.036663843068283644
0.1,0.1,0.5,0.5,0.3778222,49925,0.03800633497558058
0.5,0.2,0.3,0.8,0.37782288,49925,0.02930564436979218
0.3,0.2,0.3,0.8,0.37783816,49925,0.03045280004101972
0.1,0.2,0.1,0.6,0.3778569,49925,0.028752261031926647
0.3,0.1,0.6,0.6,0.37787032,49925,0.0363362313064142
0.2,0.2,0.2,0.7,0.37787688,49925,0.029774917215081662
0.4,0.2,0.8,0.2,0.3778796,49925,0.03983418963192786
0.2,0.1,0.4,0.1,0.3778796,49925,0.03983418963192786
0.1,0.2,0.5,0.9,0.37788263,49925,0.03424197025493917
0.7,0.1,0.8,0.7,0.3778914,49925,0.03501362087268877
0.6,0.2,0.4,0.9,0.37789527,49925,0.029927176322237476
0.3,0.1,0.5,0.6,0.37789622,49925,0.03491672120680135
0.8,0.2,0.9,0.2,0.37792847,49925,0.03719190307016758
0.5,0.1,0.5,0.6,0.37793353,49925,0.033262488329548694
0.8,0.2,0.8,0.1,0.37793705,49925,0.036678677561649276
0.2,0.2,0.3,0.8,0.377943,49925,0.03108510540270873
0.6,0.1,0.7,0.7,0.37794816,49925,0.03458184685618797
0.9,0.1,0.9,0.8,0.37794858,49925,0.034369703929638964
0.1,0.1,0.5,0.4,0.37794906,49925,0.03919989173039074
0.4,0.2,0.9,0.3,0.37795752,49925,0.0400301841166071
0.4,0.2,0.7,0.1,0.37795982,49925,0.03950495025447378
0.9,0.1,0.5,0.7,0.37796378,49925,0.030307920946952997
0.9,0.1,0.7,0.4,0.37797135,49925,0.034045641161132484
0.4,0.2,0.9,0.4,0.37799335,49925,0.03941459259962322
0.6,0.2,0.1,0.7,0.37799847,49925,0.02548781429657391
0.9,0.2,0.2,0.8,0.37800038,49925,0.02595834193642158
0.8,0.1,0.8,0.6,0.37802705,49926,0.03485539984250949
0.4,0.2,0.3,0.8,0.37803683,49925,0.029855798080674175
0.5,0.2,0.4,0.9,0.37805223,49925,0.030417139136293955
0.8,0.1,0.8,0.8,0.3780804,49925,0.033947287691099684
0.9,0.2,0.1,0.8,0.37808764,49929,0.024161123698673487
0.7,0.2,0.8,0.1,0.37808824,49925,0.037506613812398275
0.2,0.1,0.5,0.6,0.3781001,49925,0.03587462051644366
0.3,0.1,0.5,0.2,0.3781042,49925,0.03859057789108909
0.9,0.1,0.8,0.8,0.3781079,49925,0.03341855148633858
0.9,0.1,0.6,0.7,0.37812525,49925,0.0315960385410995
0.4,0.2,0.9,0.6,0.37814015,49925,0.03818182069653037
0.8,0.1,0.7,0.3,0.3781562,49925,0.03522373976507519
0.7,0.1,0.2,0.5,0.37816623,49925,0.02676692689806534
0.4,0.2,0.4,0.9,0.37818113,49925,0.030942947839281178
0.3,0.1,0.5,0.3,0.37819788,49925,0.037582799538982074
0.7,0.1,0.6,0.7,0.3782034,49925,0.03272186026897838
0.8,0.1,0.7,0.2,0.37821224,49925,0.03570894941678507
0.6,0.1,0.8,0.7,0.3782522,49925,0.035637188400565664
0.1,0.2,0.8,0.4,0.37825856,49925,0.0415338616536588
0.6,0.2,0.8,0.1,0.37828183,49925,0.03837311537795113
0.6,0.1,0.7,0.5,0.37828237,49925,0.03569237318219418
0.8,0.1,0.9,0.8,0.37828293,49925,0.03489246877974152
0.8,0.1,0.6,0.7,0.37829033,49925,0.032139712876960956
0.9,0.1,0.8,0.4,0.3782922,49925,0.03511048614613474
0.1,0.2,0.6,0.1,0.37829304,49925,0.042692456780123116
0.1,0.2,0.2,0.7,0.37829787,49925,0.030494450806407006
0.3,0.2,0.9,0.3,0.3783042,49925,0.04096869597156503
0.8,0.1,0.5,0.7,0.37831095,49925,0.03082885854055276
0.3,0.2,0.4,0.9,0.3783118,49925,0.03152333774911154
0.8,0.1,0.7,0.4,0.37831354,49927,0.03473340556839744
0.2,0.1,0.6,0.6,0.3783141,49925,0.03726142276754109
0.3,0.2,0.9,0.5,0.37832046,49925,0.03961886259833673
0.1,0.2,0.3,0.8,0.3783226,49925,0.0317749952635559
0.5,0.1,0.7,0.7,0.37832573,49925,0.035258805277647784
0.3,0.1,0.7,0.6,0.37833148,49925,0.03750682224677854
0.3,0.1,0.4,0.6,0.3783324,49925,0.033230025392225554
0.9,0.2,0.3,0.9,0.378353,49925,0.027254289882091345
0.4,0.1,0.1,0.4,0.37837702,49925,0.026312210204554407
0.8,0.2,0.2,0.8,0.37837702,49925,0.026312210204554407
0.3,0.2,0.7,0.1,0.378388,49925,0.04069618036657081
0.8,0.1,0.3,0.6,0.37843955,49925,0.027976070688197685
0.9,0.2,0.9,0.1,0.3784603,49925,0.036808289938137985
0.7,0.1,0.3,0.6,0.37847036,49925,0.028510423513999447
0.7,0.1,0.8,0.6,0.37847105,49925,0.03548072456033888
0.6,0.1,0.2,0.5,0.37847507,49925,0.027345594043954813
0.3,0.2,0.8,0.2,0.37850913,49925,0.04087432983672789
0.2,0.2,0.4,0.9,0.3785131,49925,0.03214073397582396
0.9,0.1,0.1,0.5,0.37851688,49926,0.023585997391116952
0.9,0.1,0.3,0.6,0.37851804,49925,0.027476283916184674
0.5,0.1,0.6,0.2,0.37852317,49925,0.03738139164497039
0.5,0.2,0.8,0.1,0.37854278,49925,0.03932905781620859
0.5,0.1,0.8,0.7,0.37854978,49925,0.03629379108578491
0.6,0.1,0.6,0.7,0.37855083,49925,0.033363743137629444
0.2,0.1,0.4,0.6,0.3785522,49925,0.034152939883244623
0.8,0.2,0.9,0.1,0.3785542,49925,0.037548855372256155
0.3,0.2,0.9,0.4,0.3785609,49925,0.04027040567547738
0.8,0.1,0.4,0.7,0.3785678,49925,0.02932995106917456
0.1,0.3,0.1,0.9,0.37856793,49925,0.02795022123622784
0.7,0.2,0.2,0.8,0.3785723,49925,0.02669406336102173
0.5,0.1,0.6,0.7,0.37857676,49925,0.03404032255193154
0.7,0.1,0.7,0.4,0.3785808,49925,0.03547499252628616
0.1,0.2,0.8,0.5,0.3785855,49925,0.04066102171310089
0.7,0.1,0.7,0.3,0.37858865,49925,0.03602321790690798
0.7,0.1,0.5,0.7,0.3786052,49925,0.03138028164943101
0.8,0.1,0.7,0.8,0.37863058,49925,0.032880088364825415
0.9,0.1,0.4,0.7,0.37863776,49925,0.028836413587530738
0.4,0.1,0.7,0.7,0.37864232,49925,0.03597130814962632
0.9,0.1,0.7,0.8,0.37864393,49925,0.03235376512787785
0.2,0.2,0.7,0.1,0.37867522,49925,0.041982410613384175
0.3,0.2,0.9,0.6,0.37868267,49925,0.03893878728991568
0.4,0.1,0.6,0.7,0.3786844,49925,0.034766785453581514
0.7,0.1,0.8,0.8,0.37871194,49925,0.03450074396760088
0.6,0.1,0.5,0.7,0.37872934,49925,0.031982626525785963
0.9,0.1,0.9,0.9,0.378739,49925,0.033949611510046315
0.7,0.1,0.7,0.8,0.3787454,49925,0.03343477870610671
0.4,0.1,0.6,0.3,0.378752,49925,0.037751931129124
0.7,0.1,0.9,0.8,0.37876773,49925,0.035437191617371806
0.1,0.2,0.4,0.9,0.37876797,49925,0.03278341562465914
0.8,0.1,0.8,0.4,0.3787694,49925,0.03579575488152493
0.1,0.1,0.4,0.6,0.3787985,49925,0.035161324808003096
0.5,0.1,0.2,0.5,0.3788108,49925,0.027999113750771326
0.7,0.2,0.9,0.1,0.37882227,49925,0.0383226995084415
0.8,0.2,0.3,0.9,0.37883037,49925,0.027615164050553562
0.5,0.2,0.1,0.7,0.3788412,49925,0.025902703907217304
0.6,0.1,0.3,0.6,0.3788757,49925,0.029099642762526384
0.6,0.1,0.9,0.8,0.37887752,49925,0.03601219460374686
0.5,0.1,0.6,0.4,0.37888527,49925,0.03595110658072912
0.5,0.1,0.5,0.7,0.37888944,49925,0.03263757459478845
0.3,0.1,0.6,0.7,0.3788924,49925,0.03554513440347317
0.6,0.1,0.5,0.1,0.37890336,49925,0.03539562282852795
0.6,0.2,0.2,0.8,0.3789161,49925,0.027109672662475433
0.3,0.1,0.1,0.4,0.3789161,49925,0.027109672662475433
0.6,0.1,0.8,0.8,0.3789436,49925,0.035087089102154474
0.1,0.1,0.5,0.6,0.37895155,49925,0.036890584159255925
0.6,0.1,0.7,0.8,0.37897056,49925,0.0340253739275855
0.4,0.1,0.8,0.7,0.379,49925,0.037001177983126514
0.9,0.1,0.6,0.8,0.37900198,49925,0.031210207316005472
0.1,0.2,0.7,0.1,0.37900546,49925,0.04341420092475151
0.8,0.1,0.9,0.9,0.37901306,49925,0.034435688075596924
0.6,0.2,0.9,0.1,0.37904736,49925,0.03918041574984789
0.4,0.2,0.8,0.1,0.37906212,49925,0.040352398296376865
0.8,0.1,0.6,0.8,0.3790662,49925,0.03170147201994586
0.8,0.1,0.9,0.7,0.37907487,49925,0.03530327552423393
0.2,0.2,0.9,0.3,0.37907794,49925,0.041955146976623885
0.5,0.1,0.3,0.6,0.37908167,49925,0.029746726459387023
0.2,0.2,0.9,0.5,0.3790887,49925,0.04046800460185105
0.5,0.2,0.2,0.8,0.3791002,49925,0.027559674467790663
0.1,0.2,0.8,0.3,0.37911063,49925,0.04239770136366389
0.3,0.2,0.8,0.1,0.37911338,49925,0.04146633849228267
0.8,0.2,0.1,0.8,0.37911725,49925,0.02445979842298111
0.3,0.1,0.7,0.7,0.37912226,49925,0.03674214507920775
0.7,0.1,0.4,0.7,0.37912643,49925,0.029853307899252595
0.4,0.1,0.6,0.2,0.37913367,49925,0.0385375433813488
0.9,0.1,0.8,0.3,0.37913743,49925,0.03552497156275057
0.5,0.1,0.7,0.8,0.37914866,49925,0.034653610188212135
0.6,0.1,0.7,0.3,0.3791586,49925,0.03688772161518456
0.8,0.1,0.1,0.5,0.37916803,49925,0.02392945215238227
0.8,0.1,0.8,0.9,0.37916845,49925,0.03349165115227895
0.9,0.1,0.8,0.9,0.3791725,49925,0.03299826861201648
0.1,0.1,0.4,0.1,0.37920064,49925,0.04198458950996472
0.2,0.2,0.8,0.2,0.37920064,49925,0.04198458950996472
0.2,0.1,0.7,0.6,0.37921542,49925,0.03840980367844977
0.2,0.1,0.5,0.3,0.37923568,49925,0.038930932588216643
0.7,0.1,0.9,0.9,0.37924644,49925,0.03495209037149886
0.6,0.1,0.7,0.4,0.3792558,49925,0.03627589885773144
0.2,0.1,0.1,0.4,0.37926334,49925,0.028055362854640817
0.4,0.2,0.2,0.8,0.37926334,49925,0.028055362854640817
0.4,0.1,0.2,0.5,0.37928855,49925,0.0287323567808893
0.3,0.1,0.2,0.5,0.3792955,49925,0.029544007940109234
0.4,0.1,0.6,0.4,0.37932032,49925,0.036904358606492056
0.5,0.1,0.5,0.1,0.37932262,49925,0.036585644829613836
0.7,0.1,0.8,0.9,0.37934342,49925,0.034016546885793815
0.4,0.1,0.5,0.7,0.37935263,49925,0.03334056783135915
0.1,0.1,0.6,0.6,0.3793608,49925,0.03825011945480317
0.7,0.2,0.3,0.9,0.37936166,49925,0.027999767656596383
0.2,0.2,0.9,0.6,0.37936628,49925,0.03972071859274999
0.9,0.1,0.2,0.6,0.37937933,49925,0.02557052087333269
0.6,0.1,0.8,0.6,0.37939063,49925,0.036136005383074314
0.7,0.2,0.9,0.2,0.37939158,49925,0.03791513302498852
0.2,0.1,0.5,0.2,0.37940952,49929,0.0400868308066846
0.5,0.1,0.8,0.8,0.37941054,49925,0.03570305892530958
0.2,0.1,0.6,0.7,0.37941176,49925,0.036386405867167904
0.4,0.1,0.3,0.6,0.37941346,49926,0.030450713182561172
0.6,0.1,0.4,0.7,0.37941688,49925,0.030413831231756432
0.4,0.1,0.7,0.8,0.37941802,49925,0.035312679232856616
0.9,0.1,0.5,0.8,0.3794197,49925,0.029922518760944813
0.9,0.1,0.8,0.5,0.37942123,49925,0.03464138651671004
0.2,0.2,0.8,0.1,0.37944338,49925,0.04267224935190013
0.2,0.2,0.9,0.4,0.37947232,49925,0.041189895404893706
0.7,0.1,0.7,0.2,0.37947574,49925,0.036530579064585775
0.4,0.2,0.1,0.7,0.37947994,49925,0.026350299707475783
0.7,0.1,0.8,0.4,0.37948012,49925,0.036532814840443455
0.1,0.1,0.6,0.5,0.37949175,49925,0.03929304360034688
0.5,0.2,0.9,0.1,0.37950355,49925,0.04008414651750722
0.3,0.1,0.8,0.7,0.3795411,49925,0.0377634425963565
0.5,0.1,0.9,0.8,0.3795489,49925,0.03661688970086032
0.5,0.1,0.5,0.8,0.37956795,49925,0.032053737959049415
0.9,0.1,0.9,0.5,0.379574,49925,0.03558286140667231
0.6,0.1,0.8,0.9,0.3795825,49925,0.03456456138492749
0.8,0.1,0.5,0.8,0.3796162,49925,0.03041027258455194
0.3,0.1,0.3,0.6,0.37964037,49925,0.03123574066278891
0.4,0.2,0.9,0.1,0.3796598,49925,0.041054640737274335
0.6,0.2,0.3,0.9,0.3796611,49925,0.028426237907985617
0.7,0.1,0.9,0.7,0.37966228,49925,0.03588403793904688
0.6,0.1,0.5,0.8,0.3796968,49925,0.03147113128064718
0.4,0.1,0.8,0.8,0.37970906,49925,0.03635330552492975
0.1,0.2,0.8,0.1,0.37971735,49925,0.044011592865590234
0.4,0.1,0.4,0.7,0.37973237,49925,0.031708525182321846
0.5,0.2,0.3,0.9,0.37973407,49925,0.02888284236911397
0.6,0.2,0.9,0.2,0.37973434,49925,0.03871446153427586
0.8,0.1,0.8,0.5,0.3797353,49925,0.03527735045055222
0.2,0.1,0.2,0.5,0.37974203,49925,0.030458720010037035
0.7,0.1,0.6,0.8,0.3797881,49925,0.032221019817521374
0.2,0.1,0.7,0.7,0.37979847,49925,0.03755629224740516
0.7,0.1,0.5,0.8,0.3798009,49925,0.030917606902151423
0.8,0.1,0.8,0.3,0.37980753,49925,0.03625600122308169
0.5,0.1,0.4,0.7,0.37981728,49925,0.03103234800699181
0.4,0.2,0.3,0.9,0.37981945,49925,0.029374649383979573
0.9,0.1,0.6,0.1,0.3798442,49925,0.03392999070496797
0.3,0.2,0.2,0.8,0.37988344,49925,0.028579999056067708
0.1,0.2,0.9,0.3,0.37988344,49925,0.042994503206519416
0.6,0.1,0.9,0.9,0.37989315,49925,0.035491479372096194
0.3,0.2,0.3,0.9,0.37991408,49925,0.029905454817681205
0.9,0.2,0.1,0.9,0.37991488,49929,0.023895090111372513
0.9,0.1,0.4,0.8,0.37991825,49925,0.028500246225760924
0.3,0.1,0.6,0.3,0.37992683,49925,0.03889924960762734
0.3,0.1,0.5,0.7,0.37996536,49925,0.03408808198455888
0.7,0.1,0.8,0.5,0.37998772,49925,0.03596290555781331
0.9,0.1,0.9,0.4,0.37999198,49925,0.036018792765845964
0.8,0.1,0.2,0.6,0.3800019,49925,0.025984563154130405
0.2,0.2,0.3,0.9,0.3800034,49925,0.030471328439379726
0.3,0.2,0.9,0.1,0.38001797,49925,0.042107037670582236
0.1,0.2,0.9,0.5,0.3800359,49925,0.04137893098205713
0.9,0.1,0.3,0.7,0.3800441,49925,0.027179854699921503
0.9,0.1,0.6,0.9,0.38006362,49925,0.030831819999771012
0.7,0.1,0.1,0.5,0.38006765,49925,0.024309840514573664
0.5,0.1,0.7,0.4,0.38007253,49925,0.03713874684401612
0.7,0.2,0.1,0.8,0.3800775,49925,0.024788585642286098
0.2,0.1,0.4,0.7,0.38007942,49925,0.0332410494164158
0.8,0.1,0.6,0.9,0.38008213,49925,0.03127901033472108
0.1,0.1,0.2,0.5,0.3800963,49925,0.03151645172636093
0.2,0.1,0.3,0.6,0.38010353,49925,0.03209185553675671
0.1,0.1,0.1,0.4,0.38011894,49925,0.02916298136326528
0.2,0.2,0.2,0.8,0.38011894,49925,0.02916298136326528
0.5,0.1,0.7,0.3,0.38011986,49925,0.03781306850977639
0.8,0.1,0.7,0.9,0.38012493,49925,0.03241928179230831
0.4,0.1,0.9,0.8,0.38013193,49925,0.03726772485515681
0.6,0.1,0.6,0.8,0.38014257,49925,0.03279287738991846
0.3,0.1,0.4,0.7,0.38015562,49925,0.03244454995149202
0.9,0.1,0.7,0.9,0.38016194,49925,0.031933318970279144
0.5,0.1,0.7,0.5,0.38018048,49925,0.03642933700756349
0.3,0.1,0.7,0.8,0.3801813,49925,0.036018019298692465
0.1,0.1,0.6,0.7,0.38018462,49925,0.0372703037658181
0.3,0.1,0.6,0.2,0.38020232,49925,0.0398131982108745
0.5,0.1,0.6,0.8,0.38020277,49925,0.03341009453994398
0.9,0.2,0.2,0.9,0.3802219,49925,0.025723033887908253
0.3,0.2,0.1,0.7,0.3802227,49925,0.0268530458189137
0.2,0.1,0.5,0.7,0.38022757,49925,0.034930293505752455
0.6,0.1,0.8,0.4,0.38023442,49925,0.037309118989922035
0.4,0.1,0.5,0.1,0.380244,49925,0.03791862737160193
0.5,0.2,0.9,0.2,0.38026398,49925,0.03956900353297338
0.2,0.2,0.9,0.1,0.3802661,49925,0.04325194353684364
0.8,0.1,0.9,0.5,0.3802755,49925,0.036213937911542586
0.5,0.1,0.8,0.9,0.3802773,49925,0.035131201566526354
0.4,0.1,0.6,0.8,0.38029194,49925,0.03407448582182532
0.9,0.1,0.9,0.3,0.38030463,49925,0.03644501432551947
0.1,0.2,0.8,0.2,0.3803059,49925,0.043181624431645145
0.8,0.1,0.3,0.7,0.38034177,49925,0.027617136301176546
0.7,0.1,0.7,0.9,0.38034326,49925,0.032934281572387106
0.9,0.1,0.9,0.6,0.3803446,49925,0.035118173483189144
0.3,0.1,0.8,0.8,0.380357,49925,0.03705258666252711
0.3,0.1,0.6,0.4,0.38036436,49925,0.03794893256071254
0.5,0.1,0.9,0.9,0.38036445,49925,0.03606270751737383
0.1,0.2,0.9,0.6,0.38038233,49925,0.04057007275813409
0.1,0.2,0.9,0.4,0.38038749,49925,0.042170258038648434
0.8,0.1,0.6,0.1,0.38039273,49925,0.03477977949643428
0.8,0.2,0.2,0.9,0.3804257,49925,0.026047216100380122
0.1,0.1,0.5,0.3,0.3804281,49925,0.04042076248158499
0.6,0.1,0.7,0.9,0.3804511,49925,0.033481146162105714
0.4,0.1,0.5,0.8,0.38045326,49925,0.032685129780385624
0.6,0.1,0.9,0.7,0.38045394,49925,0.03648375987157169
0.8,0.1,0.4,0.8,0.38045526,49925,0.028950546771770325
0.3,0.1,0.6,0.8,0.3804762,49925,0.0347774037965879
0.7,0.1,0.8,0.3,0.3804996,49925,0.03703050973931694
0.1,0.2,0.3,0.9,0.3805202,49925,0.03106824453768073
0.5,0.1,0.7,0.9,0.38053155,49925,0.03405882549033861
0.1,0.1,0.3,0.6,0.3805333,49925,0.03304065318781337
0.7,0.2,0.2,0.9,0.38053453,49925,0.026397557978198167
0.7,0.1,0.4,0.8,0.38054875,49925,0.02942068205348084
0.2,0.1,0.8,0.7,0.38058752,49925,0.038559423575010174
0.1,0.2,0.9,0.1,0.38059217,49925,0.04450416295847789
0.8,0.1,0.9,0.4,0.3805981,49925,0.03668331727729389
0.7,0.1,0.6,0.9,0.3806242,49925,0.03176414940210225
0.8,0.1,0.9,0.6,0.38064706,49925,0.03571214482937231
0.7,0.1,0.3,0.7,0.38067424,49925,0.02810135862245274
0.1,0.1,0.4,0.7,0.38069552,49925,0.03411404541902466
0.7,0.1,0.6,0.1,0.38070154,49925,0.03572731721833535
0.1,0.2,0.2,0.8,0.38070783,49925,0.029778223885564222
0.1,0.1,0.7,0.7,0.38071352,49925,0.03842571843756376
0.9,0.1,0.5,0.9,0.38072821,49925,0.029567186257563008
0.4,0.1,0.7,0.9,0.3807372,49925,0.0346689415842756
0.4,0.1,0.7,0.4,0.38074645,49925,0.038068535416519715
0.2,0.2,0.1,0.7,0.38074905,49925,0.027402214044636337
0.6,0.1,0.8,0.5,0.38075447,49925,0.036688463891967976
0.4,0.2,0.9,0.2,0.38078016,49925,0.04048197997804008
0.7,0.1,0.2,0.6,0.38079876,49927,0.026422971465775165
0.4,0.1,0.7,0.3,0.38084605,49925,0.03880943443641042
0.1,0.1,0.5,0.2,0.38085717,49925,0.04179858492136993
0.7,0.1,0.9,0.5,0.38085777,49925,0.036891538960766634
0.9,0.1,0.8,0.2,0.3808637,49925,0.03588266999875208
0.6,0.1,0.6,0.9,0.38086694,49925,0.03228237193883429
0.3,0.1,0.5,0.8,0.38088143,49925,0.03335814082483493
0.6,0.1,0.1,0.5,0.3808836,49925,0.024737651687871676
0.2,0.1,0.7,0.8,0.380905,49925,0.03675851368495992
0.3,0.1,0.9,0.8,0.38092577,49925,0.03795621862576841
0.8,0.1,0.9,0.3,0.38093153,49925,0.03714580919993894
0.2,0.1,0.6,0.3,0.3809574,49925,0.04014692048227498
0.4,0.1,0.9,0.9,0.3809602,49925,0.03666313136293827
0.6,0.2,0.1,0.8,0.3809634,49930,0.025145554233244584
0.2,0.1,0.6,0.4,0.38096556,49925,0.039106348638091364
0.4,0.1,0.8,0.9,0.3809693,49925,0.035736914385778105
0.1,0.1,0.5,0.7,0.3809734,49925,0.0358360293147538
0.6,0.2,0.2,0.9,0.3809945,49925,0.026771006813989848
0.4,0.1,0.7,0.5,0.3810002,49925,0.03728395739935748
0.6,0.1,0.8,0.3,0.38101095,49925,0.037857664159082406
0.5,0.1,0.6,0.9,0.38101885,49926,0.03284576079411426
0.6,0.1,0.4,0.8,0.38103834,49925,0.029931328574787388
0.2,0.1,0.8,0.8,0.38105676,49925,0.03778359650754054
0.1,0.1,0.7,0.6,0.38109553,49925,0.03935640554210986
0.2,0.1,0.6,0.8,0.38111866,49925,0.035543275673997995
0.2,0.1,0.6,0.2,0.3811441,49925,0.04122036732538189
0.6,0.1,0.7,0.2,0.38115382,49925,0.037415909086126437
0.7,0.1,0.9,0.6,0.38117066,49925,0.036341040006356934
0.6,0.1,0.2,0.6,0.3811823,49925,0.026919510185841086
0.3,0.1,0.5,0.1,0.38119167,49925,0.039398768470854606
0.8,0.2,0.1,0.9,0.3812247,49925,0.024184845275156228
0.6,0.1,0.3,0.7,0.38123316,49925,0.028619210630008062
0.5,0.2,0.2,0.9,0.38124788,49925,0.027179492689329433
0.6,0.1,0.6,0.1,0.38125548,49925,0.03675988368448045
0.8,0.1,0.5,0.9,0.38126618,49925,0.02999101925727743
0.3,0.1,0.8,0.9,0.3812809,49925,0.03637522644317423
0.3,0.1,0.7,0.9,0.38130388,49925,0.03531743391451722
0.7,0.1,0.9,0.4,0.38130865,49925,0.037393802374511176
0.5,0.1,0.4,0.8,0.38133815,49925,0.030479924241728178
0.5,0.1,0.8,0.6,0.38135606,49925,0.036803778788697596
0.5,0.1,0.3,0.7,0.38136268,49925,0.029189325096040376
0.7,0.1,0.9,0.3,0.38138136,49925,0.03789875192170042
0.9,0.1,0.7,0.1,0.3813861,49925,0.0351601973631454
0.5,0.1,0.8,0.5,0.38139772,49925,0.037464634855476464
0.7,0.1,0.5,0.9,0.38146672,49925,0.030451788836081357
0.5,0.1,0.2,0.6,0.3815053,49925,0.027493490248061237
0.3,0.1,0.9,0.9,0.38150668,49925,0.0372975138824111
0.5,0.1,0.8,0.4,0.3815068,49925,0.038120362494902076
0.6,0.1,0.5,0.9,0.38151455,49925,0.03094644500676803
0.1,0.2,0.1,0.7,0.3815585,49925,0.028013463764295064
0.9,0.1,0.2,0.7,0.38157386,49925,0.025333030643457665
0.3,0.2,0.9,0.2,0.3815777,49925,0.0414670050776016
0.4,0.1,0.6,0.9,0.38158482,49925,0.03344175367112216
0.3,0.1,0.7,0.4,0.38160163,49925,0.039076058835339454
0.5,0.1,0.1,0.5,0.3816433,49925,0.025232094624158128
0.5,0.2,0.1,0.8,0.3816535,49925,0.02552919481081598
0.6,0.1,0.9,0.5,0.38166004,49925,0.03759086268217683
0.8,0.1,0.7,0.1,0.38166514,49925,0.035994221151286296
0.4,0.1,0.2,0.6,0.38167438,49925,0.028129303576210584
0.2,0.1,0.5,0.8,0.38168156,49925,0.034088794704558924
0.4,0.2,0.2,0.9,0.38169017,49925,0.027621266369847478
0.9,0.1,0.1,0.6,0.38171542,49925,0.023419296831950015
0.3,0.1,0.7,0.5,0.38179073,49925,0.03821116661491661
0.4,0.1,0.3,0.7,0.3817915,49925,0.029813786489847643
0.4,0.1,0.4,0.8,0.38181236,49925,0.031066504265594316
0.5,0.1,0.8,0.3,0.38182625,49925,0.03875304917588301
0.5,0.1,0.6,0.1,0.3818298,49925,0.037891493149329075
0.1,0.1,0.7,0.8,0.3818706,49925,0.03753003116202366
0.5,0.1,0.5,0.9,0.38187304,49925,0.031480695492512804
0.9,0.1,0.4,0.9,0.38187766,49925,0.028164429402480207
0.1,0.1,0.6,0.8,0.38187924,49925,0.0363360965354489
0.6,0.1,0.9,0.6,0.3819005,49925,0.03701092164485897
0.7,0.1,0.7,0.1,0.38190427,49925,0.03689363353313568
0.2,0.2,0.9,0.2,0.38190746,49925,0.0425183784213216
0.2,0.1,0.9,0.8,0.38194287,49925,0.03867150095216476
0.9,0.1,0.3,0.8,0.38195202,49925,0.026886606314896894
0.3,0.1,0.3,0.7,0.38198665,49925,0.03047952381810129
0.3,0.1,0.2,0.6,0.38200733,49925,0.02880860034956211
0.5,0.1,0.7,0.2,0.38201773,49925,0.038423440098864906
0.2,0.1,0.8,0.9,0.38203332,49925,0.037041801618600996
0.2,0.1,0.7,0.9,0.3820336,49925,0.0359958660690008
0.4,0.1,0.8,0.5,0.38205075,49925,0.03829269377787255
0.8,0.1,0.3,0.8,0.3820545,49925,0.027290066581368642
0.8,0.1,0.8,0.2,0.38207483,49925,0.036630489170262334
0.9,0.1,0.8,0.1,0.38209897,49925,0.036199927877719945
0.4,0.1,0.5,0.9,0.38210174,49925,0.03204586112577384
0.3,0.2,0.2,0.9,0.382102,49925,0.028085198435135843
0.8,0.1,0.2,0.7,0.38214642,49925,0.025700331731352423
0.3,0.1,0.7,0.3,0.38216168,49925,0.03990051272225439
0.6,0.1,0.9,0.4,0.38216364,49925,0.03813560621783182
0.8,0.1,0.4,0.9,0.38217646,49925,0.028575297359451718
0.1,0.1,0.8,0.8,0.3821988,49925,0.03855251303796747
0.4,0.1,0.1,0.5,0.38220572,49925,0.025806982326303102
0.6,0.1,0.7,0.1,0.3822583,49925,0.037881812095113127
0.6,0.1,0.9,0.3,0.38228655,49925,0.03870585696451438
0.2,0.1,0.9,0.9,0.38232037,49925,0.037959647609648046
0.1,0.1,0.6,0.2,0.38234314,49925,0.04275981834458739
0.8,0.1,0.8,0.1,0.38235253,49925,0.0370034572835535
0.2,0.2,0.2,0.9,0.38236722,49925,0.028604232467254742
0.4,0.1,0.6,0.1,0.3823837,49925,0.03914384194624376
0.2,0.1,0.7,0.4,0.3823931,49925,0.040148552580632435
0.7,0.2,0.1,0.9,0.38240743,49925,0.024490514352650306
0.3,0.1,0.6,0.9,0.38241726,49925,0.034058005065468744
0.3,0.1,0.5,0.9,0.3824306,49925,0.032655738473197714
0.7,0.1,0.4,0.9,0.38243273,49925,0.029001700942579124
0.5,0.1,0.9,0.7,0.38245127,49925,0.03709779336327205
0.2,0.1,0.3,0.7,0.38245988,49925,0.03121804638788336
0.4,0.1,0.8,0.6,0.38248426,49925,0.037576698921672445
0.1,0.1,0.6,0.4,0.3824935,49925,0.04033037044101234
0.5,0.1,0.9,0.5,0.38252205,49925,0.038340310557188784
0.7,0.1,0.3,0.8,0.38252681,49925,0.027716339410722008
0.4,0.2,0.1,0.8,0.3825737,49925,0.025925058668336214
0.3,0.1,0.4,0.8,0.38259178,49925,0.031688497410545205
0.1,0.1,0.5,0.8,0.38260397,49925,0.03487923053421226
0.8,0.1,0.1,0.6,0.38262105,49925,0.023719996160766598
0.1,0.1,0.8,0.7,0.3826642,49925,0.039390214021243874
0.5,0.1,0.9,0.6,0.38268012,49925,0.037707231438453254
0.7,0.1,0.8,0.1,0.38268274,49925,0.03788142249714851
0.1,0.2,0.9,0.2,0.3826941,49925,0.043641365395654705
0.4,0.1,0.8,0.4,0.38274902,49925,0.03899579038842149
0.2,0.1,0.7,0.5,0.3827513,49925,0.03919607018599017
0.9,0.1,0.9,0.1,0.38275778,49925,0.03708101632847864
0.5,0.1,0.7,0.1,0.38277474,49925,0.03896225779775616
0.2,0.1,0.5,0.1,0.38279822,49925,0.04107016677654167
0.6,0.1,0.4,0.9,0.38279927,49925,0.029463704864059873
0.4,0.1,0.7,0.2,0.3828372,49925,0.03950611300674587
0.2,0.1,0.2,0.6,0.38285947,49925,0.02957455512833356
0.4,0.1,0.8,0.3,0.38288185,49925,0.03971628817532165
0.6,0.1,0.3,0.8,0.3828935,49925,0.028165733365365167
0.1,0.2,0.2,0.9,0.38289443,49925,0.029146094288395062
0.7,0.1,0.2,0.7,0.38290262,49925,0.0260907436329452
0.3,0.1,0.1,0.5,0.38290703,49925,0.02645291085184424
0.2,0.1,0.4,0.8,0.3829159,49925,0.032386171220354205
0.1,0.1,0.6,0.3,0.38293737,49925,0.04152501088606425
0.1,0.1,0.3,0.7,0.382947,49925,0.03202740439798347
0.5,0.1,0.9,0.4,0.38297158,49925,0.03894254150178222
0.8,0.1,0.9,0.1,0.383002,49925,0.03786995217519014
0.1,0.1,0.7,0.9,0.3830078,49925,0.03669691599819093
0.2,0.1,0.6,0.9,0.3830275,49925,0.0347337673814075
0.3,0.1,0.8,0.5,0.3830503,49925,0.03918402946767873
0.3,0.1,0.6,0.1,0.3830512,49925,0.04050985109061287
0.5,0.1,0.9,0.3,0.38305894,49925,0.03955675379165576
0.1,0.1,0.8,0.9,0.3831213,49925,0.03774118275855806
0.3,0.1,0.8,0.6,0.3831309,49925,0.038398860004142915
0.6,0.1,0.8,0.1,0.3832449,49925,0.03881512754538335
0.1,0.1,0.4,0.8,0.38327506,49925,0.03313675447639771
0.5,0.1,0.4,0.9,0.38327694,49925,0.029954138676142196
0.2,0.1,0.5,0.9,0.38328165,49925,0.0333141296282582
0.4,0.1,0.9,0.5,0.38331836,49925,0.039142148202332964
0.4,0.1,0.7,0.1,0.38335866,49925,0.040122907949307125
0.1,0.1,0.5,0.1,0.38336414,49925,0.04299451309816057
0.7,0.1,0.1,0.6,0.38342032,49925,0.024053741364864385
0.2,0.1,0.7,0.3,0.3834221,49925,0.04108354389689446
0.5,0.1,0.3,0.8,0.38346046,49925,0.02866558962059933
0.7,0.1,0.9,0.1,0.38346493,49925,0.03869972894490087
0.3,0.2,0.1,0.8,0.38347927,49925,0.026365880427098802
0.6,0.2,0.1,0.9,0.38349518,49925,0.024815850950527945
0.4,0.1,0.9,0.6,0.38350058,49925,0.03846275745014523
0.4,0.1,0.9,0.7,0.38354337,49925,0.037805148880395795
0.5,0.1,0.8,0.1,0.3835551,49925,0.03982563220689243
0.3,0.1,0.8,0.3,0.38357806,49925,0.04075834303747205
0.9,0.1,0.9,0.2,0.38359675,49925,0.03672800711605149
0.9,0.1,0.3,0.9,0.38362193,49925,0.026600778413587836
0.3,0.1,0.8,0.4,0.38363475,49925,0.039948748295469294
0.6,0.1,0.2,0.7,0.3836878,49925,0.02651680272694921
0.9,0.1,0.2,0.8,0.3836905,49925,0.02509924841670408
0.1,0.1,0.2,0.6,0.38371757,49925,0.030433329986383695
0.1,0.1,0.9,0.9,0.38373834,49925,0.03864721569170482
0.1,0.1,0.9,0.8,0.38375366,49925,0.0394056940721275
0.7,0.1,0.8,0.2,0.38376412,49925,0.03741186426021239
0.3,0.1,0.9,0.5,0.38376698,49925,0.039993250500166326
0.4,0.1,0.4,0.9,0.3837703,49925,0.030479391871387068
0.1,0.1,0.6,0.9,0.38377106,49925,0.0354552173016896
0.6,0.1,0.9,0.1,0.38379368,49925,0.039603187640123584
0.2,0.1,0.8,0.5,0.38382018,49925,0.04011656550155722
0.1,0.1,0.7,0.4,0.3838288,49925,0.04131554497919286
0.4,0.1,0.9,0.4,0.38388032,49925,0.03978807299974557
0.8,0.1,0.3,0.9,0.3839372,49925,0.026955904592028904
0.3,0.1,0.7,0.2,0.38393977,49925,0.04068270332103021
0.2,0.1,0.6,0.1,0.38396245,49925,0.04206663115726143
0.3,0.1,0.7,0.1,0.38396254,49925,0.04141942811054595
0.4,0.1,0.8,0.1,0.38398206,49925,0.04094367536963775
0.2,0.1,0.8,0.3,0.38400558,49925,0.04185343161058273
0.5,0.1,0.9,0.1,0.384037,49925,0.040572023559551994
0.4,0.1,0.3,0.8,0.38405168,49925,0.02919535489775097
0.2,0.2,0.1,0.8,0.38406432,49925,0.02685251704966191
0.8,0.1,0.9,0.2,0.38406986,49925,0.03746900814573943
0.2,0.1,0.1,0.5,0.38407394,49925,0.02721591372611703
0.1,0.1,0.7,0.5,0.38409126,49925,0.04024059826691118
0.1,0.1,0.5,0.9,0.3841743,49926,0.03400442154661684
0.5,0.2,0.1,0.9,0.38424098,49925,0.025162880025928796
0.3,0.1,0.9,0.7,0.38426477,49925,0.0385453502951584
0.3,0.1,0.9,0.6,0.3842737,49925,0.03924772087092495
0.8,0.1,0.2,0.8,0.38430285,49925,0.02542988241326811
0.5,0.1,0.2,0.7,0.3843032,49925,0.027006561673337356
0.1,0.1,0.6,0.1,0.38431466,49925,0.04383694163785068
0.6,0.1,0.8,0.2,0.3843351,49925,0.03830031007798156
0.3,0.1,0.4,0.9,0.38437402,49925,0.031033624215209738
0.2,0.1,0.8,0.6,0.38438934,49925,0.03925805832854274
0.6,0.1,0.1,0.6,0.38440245,49925,0.024418653525246744
0.7,0.1,0.3,0.9,0.38444173,49925,0.027339619483755594
0.2,0.1,0.8,0.4,0.38454685,49925,0.040972005105256164
0.2,0.1,0.4,0.9,0.38457894,49925,0.031636822465814146
0.1,0.2,0.1,0.8,0.3846079,49925,0.027374835488888218
0.7,0.1,0.9,0.2,0.3846341,49925,0.038257518566815724
0.2,0.1,0.7,0.1,0.38463557,49925,0.04286976651499068
0.3,0.1,0.3,0.8,0.38465884,49925,0.02977071110243232
0.2,0.1,0.9,0.5,0.38473067,49925,0.040888970521258984
0.9,0.1,0.1,0.7,0.38474274,49925,0.023217575514246344
0.1,0.1,0.1,0.5,0.38477218,49925,0.028079574407564874
0.4,0.1,0.2,0.7,0.38479513,49925,0.027546674965547465
0.2,0.1,0.7,0.2,0.38479915,49925,0.041973001697184
0.4,0.1,0.9,0.3,0.38482606,49987,0.040437207830978275
0.3,0.1,0.8,0.1,0.38482744,49925,0.04217538976341018
0.1,0.1,0.7,0.3,0.38484251,49925,0.04234476959352148
0.7,0.1,0.2,0.8,0.384865,49925,0.025794101174959137
0.6,0.1,0.3,0.9,0.38492602,49925,0.027748994976093903
0.5,0.1,0.1,0.6,0.3849275,49925,0.02484007488524644
0.1,0.1,0.7,0.1,0.38498983,49925,0.04447902446539329
0.5,0.1,0.8,0.2,0.3849968,49925,0.039249080753473664
0.4,0.1,0.9,0.1,0.3850591,49925,0.04162747276581999
0.3,0.1,0.9,0.4,0.38513115,49925,0.04069184096585545
0.2,0.1,0.8,0.1,0.3851495,49925,0.043510640608942816
0.4,0.2,0.1,0.9,0.38518813,49925,0.025537223335589658
0.2,0.1,0.9,0.6,0.38522813,49925,0.04006640343038149
0.1,0.1,0.4,0.9,0.38528278,49925,0.032275069052714996
0.1,0.1,0.8,0.5,0.3853601,49925,0.04111539867762447
0.6,0.1,0.9,0.2,0.38540062,49925,0.03909627945921796
0.4,0.1,0.1,0.6,0.385401,49925,0.025325563314929113
0.2,0.1,0.3,0.8,0.38542825,49925,0.030406226910916566
0.1,0.1,0.8,0.3,0.38544983,49925,0.04303260810311903
0.3,0.1,0.2,0.7,0.38545504,49925,0.028124013373861435
0.8,0.1,0.1,0.7,0.38547343,49925,0.02349066841001946
0.3,0.1,0.9,0.1,0.38554788,49925,0.04277311264898941
0.9,0.1,0.2,0.9,0.3855694,49925,0.024858530283773165
0.2,0.1,0.9,0.4,0.38560796,49925,0.041632693355695215
0.2,0.1,0.9,0.7,0.38561362,49925,0.039304097635911216
0.1,0.1,0.8,0.1,0.3856206,49925,0.04498707127909302
0.5,0.1,0.3,0.9,0.3856793,49925,0.028190138036606516
0.1,0.1,0.7,0.2,0.3857001,49925,0.04339181774248782
0.6,0.1,0.2,0.8,0.38570595,49925,0.026156548485842798
0.1,0.1,0.8,0.6,0.38570744,49925,0.040164370475855714
0.1,0.1,0.3,0.8,0.3858226,49925,0.031082101570230468
0.4,0.1,0.8,0.2,0.3858301,49925,0.04027159152532622
0.2,0.1,0.9,0.1,0.38585982,49925,0.04402473649459365
0.1,0.1,0.8,0.4,0.38586664,49925,0.042043397557944985
0.3,0.1,0.9,0.3,0.38603842,49925,0.041378618582929155
0.1,0.1,0.9,0.5,0.38605347,49925,0.04181348971261061
0.3,0.2,0.1,0.9,0.38606858,49925,0.02592076943211898
0.8,0.1,0.2,0.9,0.38611415,49927,0.025163601726794136
0.5,0.1,0.9,0.2,0.3862446,49925,0.03998717446071602
0.7,0.1,0.1,0.7,0.38628644,49925,0.023773202111163013
0.4,0.1,0.3,0.9,0.38636035,49925,0.0286479238778206
0.2,0.1,0.2,0.7,0.38636458,49925,0.028765377692016682
0.3,0.1,0.1,0.6,0.3863882,49925,0.02586913034480565
0.3,0.1,0.8,0.2,0.38646182,49925,0.041389616811840294
0.1,0.1,0.9,0.6,0.38670743,49925,0.040940871917823037
0.5,0.1,0.2,0.8,0.3867297,49925,0.02656735951089536
0.2,0.1,0.9,0.3,0.3867439,49925,0.04242096460188138
0.2,0.2,0.1,0.9,0.38676828,49925,0.02634253262546677
0.7,0.1,0.2,0.9,0.38679036,49925,0.02549382015348404
0.1,0.1,0.9,0.1,0.3868003,49925,0.04536725249039093
0.1,0.1,0.9,0.7,0.38686472,49925,0.04008982317926387
0.2,0.1,0.8,0.2,0.38692757,49925,0.0426043254829968
0.3,0.1,0.3,0.9,0.3870594,49925,0.029145147226153453
0.6,0.1,0.1,0.7,0.38709342,49925,0.024111239839875086
0.1,0.1,0.2,0.7,0.38713065,49925,0.029465235695369973
0.9,0.1,0.1,0.8,0.3871803,49925,0.02301389747095268
0.1,0.1,0.9,0.4,0.38719794,49925,0.04264159921145182
0.4,0.1,0.9,0.2,0.38725376,49932,0.040953820159783674
0.4,0.1,0.2,0.8,0.3873191,49925,0.02701513998909464
0.3,0.1,0.9,0.2,0.38753557,49925,0.04201060786982543
0.1,0.2,0.1,0.9,0.38772547,49925,0.026786451028378525
0.6,0.1,0.2,0.9,0.38774037,49925,0.025819708209213605
0.2,0.1,0.3,0.9,0.38782525,49925,0.029679477898078725
0.2,0.1,0.1,0.6,0.38789988,49925,0.026477065023151485
0.1,0.1,0.8,0.2,0.38797104,49925,0.043918387196955434
0.1,0.1,0.9,0.3,0.3879897,49925,0.04352193404256683
0.5,0.1,0.1,0.7,0.38810122,49925,0.024480434573779925
0.2,0.1,0.9,0.2,0.3881249,49925,0.04315793680878477
0.8,0.1,0.1,0.8,0.38823897,49925,0.02325633885345362
0.3,0.1,0.2,0.8,0.38840425,49925,0.027508025160719297
0.4,0.1,0.1,0.7,0.388815,49925,0.0248882406211508
0.1,0.1,0.3,0.9,0.38886693,49925,0.030244243179555857
0.5,0.1,0.2,0.9,0.38889006,49925,0.026148750183406875
0.7,0.1,0.1,0.8,0.3890477,49925,0.0235220811963495
0.1,0.1,0.9,0.2,0.38925505,49925,0.04437414432166246
0.1,0.1,0.1,0.6,0.38946655,49926,0.027133899597493516
0.2,0.1,0.2,0.8,0.38948527,49925,0.028026912625051414
0.9,0.1,0.1,0.9,0.3898532,49925,0.02282049211942166
0.4,0.1,0.2,0.9,0.38995132,49927,0.02652009126927791
0.3,0.1,0.1,0.7,0.39017975,49925,0.025325357015623728
0.6,0.1,0.1,0.8,0.39026222,49925,0.023819068894129023
0.1,0.1,0.2,0.8,0.39064044,49925,0.028599757807284246
0.8,0.1,0.1,0.9,0.3909328,49925,0.023037648421728302
0.5,0.1,0.1,0.8,0.3910599,49925,0.024135181558340327
0.3,0.1,0.2,0.9,0.39107943,49925,0.026937377412998707
0.7,0.1,0.1,0.9,0.3918448,49925,0.023281488987778574
0.2,0.1,0.1,0.7,0.39195934,49925,0.025813131679943747
0.4,0.1,0.1,0.8,0.3922739,49925,0.024478904741432248
0.2,0.1,0.2,0.9,0.3924182,49925,0.02736116645881224
0.6,0.1,0.1,0.9,0.39282006,49925,0.023534608956253523
0.3,0.1,0.1,0.8,0.3940427,49925,0.024844943763550117
0.1,0.1,0.1,0.7,0.3940436,49925,0.026313375947983088
0.1,0.1,0.2,0.9,0.3940488,49925,0.02781966318019979
0.5,0.1,0.1,0.9,0.39414373,49925,0.023818462016507183
0.4,0.1,0.1,0.9,0.3957971,49925,0.02410736599902824
0.2,0.1,0.1,0.8,0.3959632,49925,0.02521674475220368
0.3,0.1,0.1,0.9,0.39748412,49925,0.024377468787094132
0.1,0.1,0.1,0.8,0.39813387,49925,0.025572391451713333
0.2,0.1,0.1,0.9,0.39919454,49925,0.024653531594473768
0.1,0.1,0.1,0.9,0.40132508,49925,0.024923629736924694
