w1,w2,w3,w4,score,n_selected,threshold
0.5,0.9,0.1,0.1,0.38461006,49925,0.05625853011821294
0.4,0.9,0.1,0.1,0.3850639,49925,0.05710505474195262
0.3,0.9,0.1,0.1,0.38532373,49925,0.05794209499701631
0.6,0.9,0.1,0.1,0.38548896,49925,0.05542691931864538
0.7,0.9,0.1,0.1,0.38561887,49925,0.05460508411079628
0.9,0.9,0.1,0.1,0.38612425,49925,0.05308633120003069
0.8,0.9,0.1,0.1,0.3862425,49925,0.05382962661061288
0.4,0.8,0.1,0.1,0.38625464,49925,0.05827061346984477
0.5,0.8,0.1,0.1,0.38666838,49925,0.057312097039346734
0.3,0.8,0.1,0.1,0.38670236,49925,0.0592622986935839
0.6,0.8,0.1,0.1,0.38680458,49925,0.05635370232458751
0.8,0.8,0.1,0.1,0.38752228,49925,0.05457126017545411
0.7,0.8,0.1,0.1,0.38781792,49925,0.05543899903538694
0.9,0.8,0.1,0.1,0.3880347,49925,0.053735070836085995
0.2,0.9,0.1,0.1,0.3882078,49925,0.0587571614125577
0.3,0.7,0.1,0.1,0.38864163,49925,0.06070880118816688
0.2,0.8,0.1,0.1,0.38871664,49925,0.060231440731952135
0.5,0.7,0.1,0.1,0.38874012,49925,0.058408663685767706
0.4,0.7,0.1,0.1,0.38874695,49925,0.0595134398022115
0.6,0.7,0.1,0.1,0.38879746,49925,0.05731453325797171
0.9,0.9,0.1,0.2,0.38883287,49925,0.055887818896223324
0.8,0.9,0.1,0.2,0.3889034,49925,0.05667254165343545
0.7,0.7,0.1,0.1,0.38946378,49925,0.056281971574044194
0.7,0.9,0.1,0.2,0.3895539,49925,0.05748785285987547
0.6,0.9,0.1,0.2,0.38987896,49925,0.0583031559151427
0.8,0.7,0.1,0.1,0.38989177,49925,0.05531263991584514
0.5,0.9,0.1,0.2,0.389915,49925,0.059174347752018436
0.4,0.9,0.1,0.2,0.39026332,49925,0.060070854715734645
0.2,0.7,0.1,0.1,0.3904636,49925,0.0618893049816852
0.9,0.7,0.1,0.1,0.39051682,49925,0.05438953238522928
0.3,0.6,0.1,0.1,0.39058617,49925,0.06228028719839294
0.8,0.8,0.1,0.2,0.3907966,49925,0.0574211793297184
0.7,0.8,0.1,0.2,0.3909638,49925,0.05830854702287139
0.4,0.6,0.1,0.1,0.39112833,49925,0.060884583089361274
0.9,0.8,0.1,0.2,0.39139014,49925,0.056546183012681044
0.3,0.9,0.1,0.2,0.3914464,49925,0.060937308973644994
0.1,0.9,0.1,0.1,0.39147753,49925,0.059457889464177544
0.5,0.8,0.1,0.2,0.39149362,49925,0.0602027335843981
0.4,0.8,0.1,0.2,0.3916525,49925,0.06120265269395875
0.6,0.8,0.1,0.2,0.3919388,49925,0.05923974805858967
0.5,0.6,0.1,0.1,0.3920927,49925,0.05954820633288979
0.1,0.8,0.1,0.1,0.3922062,49925,0.06111498829361236
0.6,0.6,0.1,0.1,0.3924921,49925,0.058310883665681185
0.3,0.8,0.1,0.2,0.3926089,49925,0.06220837870796567
0.2,0.6,0.1,0.1,0.39278316,49925,0.063725153503595
0.7,0.6,0.1,0.1,0.39288318,49925,0.05716856753926765
0.8,0.9,0.1,0.3,0.39311683,49925,0.05886069057471299
0.5,0.7,0.1,0.2,0.39314142,49925,0.06126018704684387
0.9,0.9,0.1,0.3,0.39314377,49925,0.0580716477519522
0.8,0.6,0.1,0.1,0.39314774,49925,0.05605773659785922
0.7,0.9,0.1,0.3,0.3933566,49925,0.0596644350417132
0.6,0.7,0.1,0.2,0.39340472,49925,0.06018782099406774
0.2,0.9,0.1,0.2,0.3934619,49925,0.0617800829553025
0.9,0.6,0.1,0.1,0.3934772,49925,0.05501749121239995
0.7,0.7,0.1,0.2,0.393501,49925,0.059161049398840655
0.6,0.9,0.1,0.3,0.39351732,49925,0.060511278166675356
0.4,0.7,0.1,0.2,0.39363074,49925,0.062409445995957956
0.1,0.7,0.1,0.1,0.39392126,49925,0.06298927049802845
0.2,0.8,0.1,0.2,0.3944504,49925,0.0631736656829529
0.5,0.9,0.1,0.3,0.39445955,49925,0.06136766323086853
0.9,0.7,0.1,0.2,0.39446887,49925,0.057200273375516426
0.8,0.7,0.1,0.2,0.39448982,49925,0.05814490922078404
0.4,0.9,0.1,0.3,0.39450973,49925,0.062232887592308495
0.3,0.7,0.1,0.2,0.3945396,49925,0.06358271935468697
0.6,0.9,0.2,0.1,0.3946467,49925,0.06307857143705803
0.3,0.5,0.1,0.1,0.3948996,49925,0.06398035968378071
0.5,0.9,0.2,0.1,0.394912,49925,0.06408922900713963
0.7,0.9,0.2,0.1,0.39494318,49925,0.0621229003216194
0.7,0.8,0.1,0.3,0.3952602,49925,0.06044366322327401
0.8,0.8,0.1,0.3,0.39540446,49925,0.059560805916542274
0.9,0.8,0.1,0.3,0.39540493,49925,0.05872065093236086
0.4,0.5,0.1,0.1,0.39541242,49925,0.06231827068587808
0.9,0.9,0.2,0.1,0.3954138,49925,0.06035250325935681
0.4,0.9,0.2,0.1,0.3955704,49925,0.06510170376106379
0.6,0.8,0.1,0.3,0.39562115,49925,0.06138418863069908
0.5,0.5,0.1,0.1,0.3956775,49925,0.060764161730145164
0.8,0.9,0.2,0.1,0.3957839,49925,0.06121739464686705
0.2,0.5,0.1,0.1,0.3959012,49925,0.06573349874363461
0.1,0.6,0.1,0.1,0.3959459,49925,0.06508280182793162
0.5,0.8,0.1,0.3,0.39598885,49925,0.062323056265467525
0.6,0.5,0.1,0.1,0.39616287,49925,0.059337962617036104
0.3,0.9,0.1,0.3,0.39618132,49925,0.0630995307745551
0.2,0.7,0.1,0.2,0.39627236,49925,0.06469913141451378
0.3,0.9,0.2,0.1,0.39637434,49925,0.0661098763746513
0.4,0.6,0.1,0.2,0.39646924,49925,0.06367904151717231
0.6,0.6,0.1,0.2,0.39663047,49925,0.06115533109308671
0.5,0.6,0.1,0.2,0.3967078,49925,0.06238142632643614
0.4,0.8,0.1,0.3,0.39677837,49925,0.06331223459307402
0.7,0.5,0.1,0.1,0.39688125,49925,0.05801784035998484
0.8,0.9,0.1,0.4,0.3969648,49925,0.06056742195542272
0.9,0.9,0.1,0.4,0.3969847,49925,0.05979932213136397
0.2,0.9,0.2,0.1,0.39699116,49925,0.06712466394039039
0.3,0.6,0.1,0.2,0.39699745,49925,0.06501602556919821
0.7,0.6,0.1,0.2,0.39704502,49925,0.05999653707889209
0.1,0.9,0.1,0.2,0.39705998,49925,0.06250212925258807
0.5,0.9,0.2,0.2,0.3971758,49925,0.06585527496803535
0.6,0.9,0.2,0.2,0.39730763,49925,0.064884753078691
0.8,0.5,0.1,0.1,0.39742386,49925,0.056773017002774435
0.7,0.9,0.1,0.4,0.39770466,49925,0.06137500915139061
0.8,0.7,0.1,0.3,0.397765,49925,0.06029922369525465
0.9,0.5,0.1,0.1,0.397861,49925,0.055620288581594436
0.9,0.9,0.2,0.2,0.39786202,49925,0.06218473992348841
0.8,0.9,0.2,0.2,0.39787325,49925,0.06306339153523846
0.3,0.8,0.2,0.1,0.39795825,49925,0.06745381676820955
0.1,0.8,0.1,0.2,0.39797044,49925,0.06405188858375228
0.6,0.8,0.2,0.1,0.39802125,49925,0.06408055626205247
0.4,0.8,0.2,0.1,0.3980395,49925,0.06631753801352018
0.6,0.9,0.1,0.4,0.39804435,49925,0.0622014795662767
0.1,0.5,0.1,0.1,0.3980773,49925,0.06745930893326686
0.5,0.8,0.2,0.1,0.39808828,49925,0.06516772748200933
0.4,0.9,0.2,0.2,0.39810452,49925,0.06683294151374997
0.7,0.9,0.2,0.2,0.39810872,49925,0.06395432035758689
0.3,0.8,0.1,0.3,0.39812374,49925,0.06426378185760452
0.7,0.7,0.1,0.3,0.39816537,49925,0.06126395936788381
0.7,0.8,0.2,0.1,0.39818484,49925,0.0629984040555213
0.8,0.8,0.2,0.1,0.39820126,49925,0.06200401390912447
0.8,0.6,0.1,0.2,0.39825678,49925,0.05890415232454832
0.1,0.9,0.2,0.1,0.39835787,49925,0.06806554901826489
0.9,0.7,0.1,0.3,0.39838094,49925,0.059363514736531287
0.2,0.8,0.2,0.1,0.39853847,49925,0.06860749545549001
0.6,0.7,0.1,0.3,0.39855748,49925,0.06226300283430897
0.9,0.6,0.1,0.2,0.39861438,49925,0.0578520349212639
0.2,0.9,0.1,0.3,0.39877337,49925,0.06389575927771937
0.5,0.9,0.1,0.4,0.39892322,49925,0.06303939640363992
0.5,0.7,0.1,0.3,0.39894593,49925,0.06333855404161438
0.9,0.8,0.1,0.4,0.39897,49925,0.060429162331705685
0.9,0.8,0.2,0.1,0.39906922,49925,0.06105731785867571
0.3,0.9,0.2,0.2,0.39913452,49925,0.06780503806641189
0.2,0.6,0.1,0.2,0.39923707,49925,0.0663431002243301
0.4,0.7,0.1,0.3,0.39930817,49925,0.06441620750776067
0.1,0.8,0.2,0.1,0.39933467,49925,0.06968537320723935
0.1,0.7,0.1,0.2,0.39970756,49925,0.06575511817340753
0.8,0.8,0.1,0.4,0.39973235,49925,0.06126367913775868
0.7,0.8,0.1,0.4,0.40015754,49925,0.06212490101854724
0.1,0.7,0.2,0.1,0.40019992,49925,0.07140605083462866
0.7,0.9,0.2,0.3,0.40026662,49925,0.06536501223773356
0.2,0.9,0.2,0.2,0.40028417,49925,0.06875464361356046
0.8,0.9,0.2,0.3,0.40032628,49925,0.06449629017746698
0.6,0.9,0.2,0.3,0.400334,49925,0.0662788684607335
0.4,0.5,0.1,0.2,0.40036735,49925,0.06498035858404065
0.4,0.9,0.1,0.4,0.4004579,49925,0.06387253819164601
0.6,0.8,0.1,0.4,0.40046555,49925,0.06303496417896667
0.3,0.4,0.1,0.1,0.40049988,49925,0.06579606918225528
0.6,0.8,0.2,0.2,0.40049988,49925,0.06579606918225528
0.4,0.8,0.2,0.2,0.40054953,49925,0.06795744346618572
0.2,0.4,0.1,0.1,0.40054953,49925,0.06795744346618572
0.5,0.8,0.2,0.2,0.40056327,49925,0.06688033411079562
0.2,0.7,0.2,0.1,0.4005671,49925,0.07019760504013181
0.7,0.8,0.2,0.2,0.40060967,49925,0.06478767699738308
0.9,0.9,0.2,0.3,0.40071186,49925,0.06366037002801102
0.2,0.8,0.1,0.3,0.40072048,49925,0.0651970071361134
0.9,0.8,0.2,0.2,0.40079242,49925,0.06285539064372347
0.4,0.4,0.1,0.1,0.40082967,49925,0.06379411611413674
0.8,0.8,0.2,0.2,0.40082967,49925,0.06379411611413674
0.5,0.5,0.1,0.2,0.40085703,49925,0.06350764987262443
0.3,0.7,0.2,0.1,0.40086702,49925,0.06887226771374327
0.3,0.7,0.1,0.3,0.40098888,49925,0.06548653363660488
0.5,0.4,0.1,0.1,0.4010133,49925,0.06195514369820423
0.5,0.9,0.2,0.3,0.40103504,49925,0.06720611098204451
0.4,0.7,0.2,0.1,0.4013072,49925,0.06755539145358298
0.1,0.9,0.2,0.2,0.40132722,49925,0.06961978065972503
0.5,0.8,0.1,0.4,0.4013534,49925,0.06396528136043118
0.2,0.9,0.3,0.1,0.4014297,49925,0.0722987717155387
0.9,0.9,0.1,0.5,0.40143842,49925,0.06125369319376063
0.1,0.9,0.3,0.1,0.4015227,49925,0.07319858201849765
0.6,0.5,0.1,0.2,0.4015359,49925,0.06210420532956323
0.3,0.5,0.1,0.2,0.4015387,49925,0.06657054321962498
0.5,0.6,0.1,0.3,0.4016763,49925,0.0643567880124368
0.6,0.4,0.1,0.1,0.40169376,49925,0.060328030073283766
0.3,0.9,0.1,0.4,0.4017509,49925,0.06465644404839091
0.3,0.8,0.2,0.2,0.4018153,49925,0.0690526527638618
0.8,0.9,0.1,0.5,0.4018338,49925,0.061990966239289604
0.4,0.9,0.2,0.3,0.4018548,49925,0.06814271767009356
0.5,0.7,0.2,0.1,0.40190825,49925,0.06628553996793625
0.6,0.7,0.2,0.1,0.4019781,49925,0.06507738547480642
0.1,0.9,0.1,0.3,0.4021939,49925,0.06458149752855674
0.7,0.9,0.1,0.5,0.4022142,49925,0.06275598165214999
0.6,0.6,0.1,0.3,0.40222132,49925,0.06319788893002193
0.8,0.6,0.1,0.3,0.402335,49925,0.06100757913138019
0.7,0.7,0.2,0.1,0.40240338,49925,0.06388897585963813
0.8,0.7,0.2,0.1,0.4024661,49925,0.06277765122308183
0.7,0.6,0.1,0.3,0.40247324,49925,0.062058728685769546
0.4,0.8,0.1,0.4,0.40250137,49925,0.06485923715521694
0.6,0.9,0.1,0.5,0.402571,49925,0.06354285057604331
0.3,0.9,0.3,0.1,0.40259266,49925,0.07128316332509692
0.9,0.7,0.2,0.1,0.40277672,49925,0.0617617653138468
0.1,0.6,0.1,0.2,0.40278926,49925,0.06764236513949737
0.7,0.4,0.1,0.1,0.40280345,49925,0.05880177880609865
0.1,0.4,0.1,0.1,0.40280354,49925,0.07011745756876192
0.2,0.8,0.2,0.2,0.40280354,49925,0.07011745756876192
0.7,0.5,0.1,0.2,0.40297186,49925,0.060790126202934135
0.4,0.6,0.1,0.3,0.40301535,49925,0.06556602772761085
0.3,0.9,0.2,0.3,0.40305635,49925,0.06903596709802472
0.7,0.8,0.2,0.3,0.4032381,49925,0.06614065462670483
0.4,0.9,0.3,0.1,0.4032542,49925,0.07027448601128013
0.8,0.9,0.2,0.4,0.40330002,49925,0.06565272809423331
0.5,0.9,0.3,0.1,0.40332273,49925,0.06922584080180746
0.1,0.6,0.2,0.1,0.4033381,49925,0.07323346558475023
0.1,0.8,0.2,0.2,0.40336162,49925,0.07112011086198973
0.7,0.9,0.2,0.4,0.40336925,49925,0.06652425462237128
0.6,0.8,0.2,0.3,0.40337443,49925,0.06714641915069944
0.6,0.7,0.1,0.4,0.40343833,49925,0.06388635064738596
0.8,0.5,0.1,0.2,0.40353894,49925,0.059584021423396125
0.2,0.8,0.3,0.1,0.40354937,49925,0.0735880529529854
0.9,0.6,0.1,0.3,0.40356487,49925,0.059973217799368
0.8,0.7,0.1,0.4,0.40358475,49925,0.061970822525761055
0.7,0.7,0.1,0.4,0.4035945,49925,0.06289567798904358
0.9,0.9,0.2,0.4,0.40362042,49925,0.06483786475769679
0.2,0.5,0.1,0.2,0.4036242,49925,0.06817971497581041
0.9,0.7,0.1,0.4,0.40365952,49925,0.06106061802046994
0.8,0.8,0.2,0.3,0.40368876,49925,0.06519829042317564
0.5,0.9,0.1,0.5,0.40374565,49925,0.06433859907915854
0.2,0.6,0.2,0.1,0.40376136,49925,0.07183876744586448
0.1,0.8,0.3,0.1,0.40378562,49925,0.07458538757062863
0.5,0.7,0.2,0.2,0.40390798,49925,0.06792221170682425
0.8,0.4,0.1,0.1,0.40404534,49925,0.057397794873001735
0.6,0.9,0.2,0.4,0.4040507,49925,0.06736021451204975
0.9,0.5,0.1,0.2,0.40411982,49925,0.05846975452942017
0.3,0.6,0.2,0.1,0.40415728,49925,0.07032001024444261
0.2,0.9,0.2,0.3,0.40419695,49925,0.06989775917316222
0.9,0.8,0.2,0.3,0.40425357,49925,0.06427820281471966
0.5,0.8,0.2,0.3,0.40429276,49925,0.06814508774394679
0.6,0.7,0.2,0.2,0.40430734,49925,0.06674208669949269
0.4,0.7,0.2,0.2,0.4044119,49925,0.06911677339181277
0.6,0.9,0.3,0.1,0.40444672,49925,0.06822865072950071
0.7,0.7,0.2,0.2,0.40445623,49925,0.06562461896515119
0.1,0.8,0.1,0.3,0.40452015,49925,0.06599040488686506
0.2,0.7,0.1,0.3,0.40452033,49925,0.0665881905652262
0.8,0.8,0.1,0.5,0.40465865,49925,0.0626496232588808
0.2,0.9,0.1,0.4,0.4046839,49925,0.06542872871900099
0.5,0.7,0.1,0.4,0.4046842,49925,0.06489422334677028
0.8,0.7,0.2,0.2,0.40476573,49925,0.06456142986351301
0.4,0.6,0.2,0.1,0.40479362,49925,0.06886254609924176
0.3,0.7,0.2,0.2,0.40485638,49925,0.07034817960954319
0.5,0.9,0.2,0.4,0.40492105,49925,0.06822195519834119
0.4,0.8,0.2,0.3,0.4049315,49925,0.06917367807482817
0.7,0.8,0.1,0.5,0.40494692,49925,0.06347983538862301
0.9,0.8,0.1,0.5,0.4049571,49925,0.061845093391808686
0.2,0.9,0.3,0.2,0.40497527,49925,0.07323080206706598
0.3,0.8,0.1,0.4,0.4050248,49925,0.06575382008637383
0.3,0.8,0.3,0.1,0.4050627,49925,0.07248508085258272
0.2,0.7,0.2,0.2,0.40513408,49925,0.07155822143039413
0.7,0.9,0.3,0.1,0.40517074,49925,0.06725601018322502
0.3,0.6,0.1,0.3,0.40518057,49925,0.06682527078841759
0.9,0.7,0.2,0.2,0.4052118,49925,0.06354649699939387
0.3,0.8,0.2,0.3,0.4053175,49925,0.07019165341710304
0.6,0.8,0.1,0.5,0.4053594,49925,0.06432379543141187
0.3,0.9,0.3,0.2,0.40537968,49925,0.07229349079358947
0.9,0.4,0.1,0.1,0.40550742,49925,0.05613094094157234
0.4,0.8,0.3,0.1,0.4055366,49925,0.07131691962230181
0.5,0.9,0.3,0.2,0.40558738,49925,0.07035435144226186
0.4,0.9,0.3,0.2,0.40566036,49925,0.07131125308872495
0.5,0.6,0.2,0.1,0.4057386,49925,0.06741940228356018
0.9,0.9,0.1,0.6,0.4057461,49925,0.06241274814769199
0.4,0.7,0.1,0.4,0.4057897,49925,0.06589526521245677
0.6,0.6,0.2,0.1,0.4058249,49925,0.06608785558727989
0.8,0.9,0.3,0.1,0.40584776,49925,0.0663339963882058
0.4,0.9,0.1,0.5,0.40587655,49925,0.06510343207451857
0.4,0.9,0.2,0.4,0.40600088,49925,0.06911647236858831
0.1,0.5,0.1,0.2,0.4060912,49925,0.06966102100599839
0.8,0.9,0.1,0.6,0.40609422,49925,0.0631214850566847
0.9,0.9,0.3,0.1,0.40615165,49925,0.06545027002235723
0.1,0.7,0.2,0.2,0.40623638,49925,0.072666119480605
0.6,0.9,0.3,0.2,0.40624478,49925,0.06938912381130523
0.8,0.9,0.3,0.2,0.40629268,49925,0.0675433933451477
0.5,0.8,0.3,0.1,0.40641236,49925,0.0701974613481579
0.7,0.9,0.3,0.2,0.40641937,49925,0.0684527054838379
0.1,0.9,0.3,0.2,0.4064676,49925,0.07405846113131984
0.2,0.7,0.3,0.1,0.40662766,49925,0.07495557358383136
0.2,0.9,0.4,0.1,0.406629,49925,0.07572920941885884
0.7,0.9,0.1,0.6,0.4066472,49925,0.0638643221726549
0.1,0.7,0.1,0.3,0.4067544,49925,0.06751377116975749
0.9,0.9,0.3,0.2,0.40682426,49925,0.06667581647487342
0.1,0.9,0.2,0.3,0.4068418,49925,0.07070865352602165
0.2,0.8,0.2,0.3,0.4070365,49925,0.07116864242928901
0.5,0.8,0.1,0.5,0.4070453,49925,0.06516773022849089
0.1,0.5,0.2,0.1,0.40715253,49925,0.0752804401505193
0.1,0.7,0.3,0.1,0.40720156,49925,0.07612678809885384
0.2,0.6,0.1,0.3,0.40723774,49925,0.06807183707907062
0.3,0.9,0.4,0.1,0.40728152,49925,0.07475121433838854
0.6,0.8,0.3,0.1,0.4073071,49925,0.06910928955152056
0.7,0.6,0.2,0.1,0.40738872,49925,0.06480713228271952
0.8,0.6,0.2,0.1,0.40764743,49925,0.06356911797199025
0.6,0.8,0.2,0.4,0.4076982,49925,0.06816358295978131
0.3,0.4,0.1,0.2,0.4076982,49925,0.06816358295978131
0.1,0.9,0.4,0.1,0.40770435,49925,0.07661110086697975
0.3,0.7,0.3,0.1,0.40771198,49925,0.07370669268657308
0.4,0.4,0.1,0.2,0.40771407,49925,0.06631979883914625
0.8,0.8,0.2,0.4,0.40771407,49925,0.06631979883914625
0.9,0.9,0.2,0.5,0.4077261,49925,0.06579485328821931
0.9,0.8,0.2,0.4,0.40774232,49925,0.06545116810446547
0.8,0.9,0.2,0.5,0.40774494,49925,0.06659588029970781
0.3,0.7,0.1,0.4,0.4078106,49925,0.06688798039113382
0.2,0.5,0.2,0.1,0.40782213,49925,0.07355447504917918
0.3,0.9,0.1,0.5,0.4078382,49925,0.06585888692066778
0.3,0.9,0.2,0.4,0.4078544,49925,0.06998320256100471
0.7,0.8,0.2,0.4,0.4078564,49925,0.06722099851577851
0.7,0.9,0.2,0.5,0.40788227,49925,0.06739631960436168
0.4,0.9,0.4,0.1,0.40790465,49925,0.0737717693373079
0.3,0.8,0.3,0.2,0.40793812,49925,0.07341362908121647
0.6,0.9,0.1,0.6,0.40794587,49925,0.06460968553731096
0.5,0.7,0.2,0.3,0.4079563,49925,0.06909539848517675
0.7,0.5,0.1,0.3,0.40802342,49925,0.0628109947900837
0.8,0.6,0.1,0.4,0.40807372,49925,0.06260562584780723
0.2,0.8,0.1,0.4,0.408102,49925,0.06660435599667107
0.1,0.9,0.1,0.4,0.408129,49925,0.06603544298281869
0.6,0.7,0.2,0.3,0.40813997,49925,0.06799135984574929
0.5,0.5,0.1,0.3,0.40816367,49925,0.06537954515104019
0.2,0.8,0.3,0.2,0.40816617,49925,0.07445100136423301
0.1,0.8,0.3,0.2,0.40816668,49925,0.0753400940818602
0.2,0.3,0.1,0.1,0.40818498,49925,0.07032779760287661
0.4,0.6,0.2,0.2,0.40818498,49925,0.07032779760287661
0.6,0.9,0.3,0.3,0.40818498,49925,0.0703277976028766
0.6,0.5,0.1,0.3,0.40820026,49925,0.06406142040187691
0.8,0.7,0.2,0.3,0.40823638,49925,0.065908311025862
0.9,0.6,0.1,0.4,0.408266,49925,0.061632193871857664
0.9,0.6,0.2,0.1,0.40826994,49925,0.062452461414935545
0.4,0.8,0.1,0.5,0.40837622,49925,0.06602741028796313
0.7,0.7,0.2,0.3,0.40838608,49925,0.06691513724374094
0.3,0.9,0.3,0.3,0.40846285,49925,0.07306422972784073
0.1,0.3,0.1,0.1,0.40846285,49925,0.07306422972784074
0.2,0.6,0.2,0.2,0.40846285,49925,0.07306422972784074
0.4,0.5,0.1,0.3,0.40846875,49925,0.0667602025025379
0.7,0.8,0.3,0.1,0.4084731,49925,0.06808337442588197
0.4,0.7,0.2,0.3,0.40847832,49925,0.07024886036565936
0.4,0.8,0.3,0.2,0.4084843,49925,0.07233948710262957
0.5,0.4,0.1,0.2,0.4085463,49925,0.06458928593258761
0.2,0.9,0.2,0.4,0.4086256,49925,0.07073607661891217
0.5,0.8,0.2,0.4,0.40862596,49925,0.06910617303137287
0.5,0.8,0.3,0.2,0.40865907,49925,0.07131525068369711
0.3,0.6,0.2,0.2,0.40866062,49925,0.07170494995188217
0.5,0.9,0.3,0.3,0.40866953,49925,0.07124773512094404
0.6,0.4,0.1,0.2,0.40866956,49925,0.06302426024445852
0.6,0.9,0.2,0.5,0.4086955,49925,0.06819306554418207
0.8,0.5,0.1,0.3,0.4086956,49925,0.06165875567281847
0.9,0.5,0.1,0.3,0.40872875,49925,0.06054094097188712
0.5,0.6,0.2,0.2,0.40880984,49925,0.06898953017636654
0.4,0.9,0.3,0.3,0.40886977,49925,0.07216557933137469
0.3,0.5,0.2,0.1,0.40888506,49925,0.07184518817147616
0.9,0.7,0.2,0.3,0.40889806,49925,0.06494546265533335
0.4,0.7,0.3,0.1,0.40899146,49925,0.07244750699993904
0.7,0.6,0.1,0.4,0.40900666,49925,0.06362574245676647
0.6,0.8,0.3,0.2,0.40903878,49925,0.07027408438657996
0.5,0.9,0.1,0.6,0.4090595,49925,0.06533540149949801
0.3,0.3,0.1,0.1,0.40907001,49925,0.06768042637353791
0.9,0.9,0.3,0.3,0.40907001,49925,0.06768042637353791
0.6,0.6,0.2,0.2,0.40907001,49925,0.06768042637353791
0.7,0.9,0.3,0.3,0.40909672,49925,0.06942618759107852
0.8,0.9,0.3,0.3,0.40917438,49925,0.0685435251400889
0.5,0.9,0.4,0.1,0.4092301,49925,0.07277128911664515
0.5,0.9,0.2,0.5,0.40923244,49925,0.06901616935146071
0.4,0.5,0.2,0.1,0.40933546,49925,0.07016572489220477
0.4,0.8,0.2,0.4,0.40934065,49925,0.07006460111281787
0.2,0.4,0.1,0.2,0.40934065,49925,0.07006460111281787
0.1,0.8,0.2,0.3,0.4093563,49925,0.07201932519937668
0.8,0.8,0.3,0.1,0.40936586,49925,0.0670915854843855
0.5,0.6,0.1,0.4,0.40937456,49925,0.0658103693027736
0.9,0.7,0.1,0.5,0.40943035,49925,0.06239521806954172
0.6,0.9,0.4,0.1,0.40945902,49925,0.07179232768279685
0.2,0.9,0.3,0.3,0.40947753,49925,0.07390783824228356
0.6,0.6,0.1,0.4,0.4094838,49925,0.06469867056210739
0.1,0.6,0.1,0.3,0.40950507,49925,0.06912654241094007
0.3,0.7,0.2,0.3,0.40950572,49925,0.07138035395818193
0.7,0.7,0.1,0.5,0.40957737,49925,0.06414780328116806
0.7,0.8,0.3,0.2,0.40962213,49925,0.06924965351199745
0.7,0.6,0.2,0.2,0.40963712,49925,0.06648352441171923
0.9,0.8,0.3,0.1,0.4097373,49925,0.0661238295741217
0.5,0.7,0.3,0.1,0.40976924,49925,0.07120368533650832
0.8,0.7,0.1,0.5,0.40977606,49925,0.06325009612417345
0.7,0.4,0.1,0.2,0.409816,49925,0.06154130311689657
0.1,0.6,0.2,0.2,0.40985513,49925,0.07429940702165955
0.2,0.9,0.1,0.5,0.4098778,49925,0.0665280002936081
0.2,0.9,0.4,0.2,0.40992928,49925,0.07632832332322526
0.3,0.5,0.1,0.3,0.4099572,49925,0.06818612854060503
0.8,0.8,0.1,0.6,0.4099754,49925,0.06369422809564552
0.1,0.8,0.1,0.4,0.41004524,49925,0.0672969504904242
0.8,0.6,0.2,0.2,0.4101063,49925,0.06532185957400966
0.4,0.3,0.1,0.1,0.4101063,49925,0.06532185957400966
0.3,0.9,0.4,0.2,0.41019493,49925,0.07540374113603919
0.3,0.8,0.1,0.5,0.41023177,49925,0.06684831086121369
0.2,0.7,0.1,0.4,0.4102394,49925,0.06786016461991355
0.9,0.6,0.2,0.2,0.4102413,49925,0.06419107419667995
0.4,0.9,0.4,0.2,0.4102691,49925,0.0744846291791867
0.6,0.7,0.1,0.5,0.4103121,49925,0.06506629279743226
0.7,0.9,0.4,0.1,0.41034243,49925,0.07085505560967928
0.8,0.8,0.3,0.2,0.41035822,49925,0.06825486041231123
0.3,0.8,0.4,0.1,0.4104095,49925,0.07583422908408553
0.2,0.7,0.2,0.3,0.41044125,49925,0.072477349984638
0.4,0.9,0.1,0.6,0.41050762,49925,0.06604638630481191
0.8,0.4,0.1,0.2,0.4105116,49925,0.060202856583571385
0.4,0.9,0.2,0.5,0.41051525,49925,0.06984631423266524
0.7,0.8,0.1,0.6,0.41053295,49925,0.06449170146067375
0.9,0.8,0.1,0.6,0.4105335,49925,0.06291786782435907
0.3,0.8,0.2,0.4,0.41054493,49925,0.07100706771630556
0.6,0.8,0.1,0.6,0.41055825,49925,0.06532334549145587
0.2,0.8,0.4,0.1,0.41061893,49925,0.07692968307759754
0.4,0.6,0.1,0.4,0.41064155,49925,0.06694038527243454
0.9,0.9,0.1,0.7,0.41066304,49925,0.06334049011462442
0.5,0.7,0.1,0.5,0.41079012,49925,0.06602690406729202
0.5,0.3,0.1,0.1,0.41083083,49925,0.06313420104500239
0.1,0.9,0.3,0.3,0.4109616,49925,0.07464131849760641
0.6,0.7,0.3,0.1,0.41100737,49925,0.0700262607766398
0.8,0.9,0.1,0.7,0.4110754,49925,0.064033576667996
0.5,0.5,0.2,0.1,0.4111016,49925,0.06857120522558915
0.1,0.8,0.4,0.1,0.41114283,49925,0.07791972083982247
0.1,0.9,0.4,0.2,0.41122591,49925,0.07708619319487045
0.9,0.8,0.3,0.2,0.41125065,49925,0.06731452848268525
0.2,0.6,0.3,0.1,0.41125852,49925,0.07638282161622587
0.7,0.9,0.1,0.7,0.41126817,49925,0.06474599185808524
0.7,0.9,0.3,0.4,0.41128996,49925,0.07018981005235898
0.2,0.5,0.1,0.3,0.4113317,49925,0.06960336732317608
0.5,0.9,0.4,0.2,0.4113652,49925,0.07353760357722636
0.4,0.8,0.4,0.1,0.4113829,49925,0.07473543654906288
0.8,0.8,0.2,0.5,0.41146582,49925,0.06720753550264962
0.1,0.6,0.3,0.1,0.41153955,49925,0.07774694953361122
0.3,0.7,0.3,0.2,0.4115964,49925,0.07455926589317832
0.8,0.9,0.4,0.1,0.41164252,49925,0.06993423409153818
0.9,0.9,0.2,0.6,0.4116819,49925,0.0666125893413244
0.9,0.8,0.2,0.5,0.41171756,49925,0.06638597996811738
0.8,0.9,0.3,0.4,0.41172594,49925,0.06932278996360701
0.1,0.9,0.2,0.4,0.41176113,49925,0.07141647672611862
0.9,0.4,0.1,0.2,0.41188723,49925,0.0589464884601594
0.8,0.9,0.2,0.6,0.41191804,49925,0.06736870925891573
0.4,0.7,0.1,0.5,0.4119484,49925,0.0669497398909785
0.1,0.4,0.1,0.2,0.41194957,49925,0.0718429144883415
0.2,0.8,0.2,0.4,0.41194957,49925,0.0718429144883415
0.3,0.6,0.3,0.1,0.4119709,49925,0.07499152956042032
0.2,0.7,0.3,0.2,0.41197228,49925,0.07570468411333177
0.6,0.9,0.3,0.4,0.41202492,49925,0.07105764678534743
0.1,0.7,0.2,0.3,0.41204143,49925,0.07342397457936792
0.3,0.9,0.2,0.5,0.41205993,49925,0.07060879366403804
0.9,0.9,0.3,0.4,0.41206568,49925,0.06851472435890628
0.7,0.8,0.2,0.5,0.4121008,49925,0.0680685062288931
0.6,0.7,0.2,0.4,0.41211647,49925,0.06898152270370926
0.1,0.7,0.3,0.2,0.41214687,49925,0.07671194310324154
0.6,0.9,0.4,0.2,0.4121561,49925,0.07263261825751677
0.4,0.8,0.3,0.3,0.41217268,49925,0.07312882687132463
0.7,0.7,0.2,0.4,0.412178,49925,0.06795231282840403
0.5,0.8,0.1,0.6,0.41219848,49925,0.0661235292397432
0.8,0.7,0.2,0.4,0.4122194,49925,0.06696519359770622
0.4,0.7,0.3,0.2,0.41228333,49925,0.07339754457257802
0.6,0.9,0.1,0.7,0.4122917,49925,0.06545109485566313
0.7,0.7,0.3,0.1,0.41231158,49925,0.06890036264758456
0.3,0.6,0.1,0.4,0.41233164,49925,0.06806430791135813
0.5,0.8,0.4,0.1,0.4123472,49925,0.07365943367350561
0.5,0.9,0.3,0.4,0.41239968,49925,0.07191222040525833
0.6,0.3,0.1,0.1,0.41241613,49925,0.061219009122961084
0.4,0.9,0.3,0.4,0.4124276,49925,0.07278575706844152
0.5,0.8,0.3,0.3,0.41245812,49925,0.07214131613891472
0.3,0.8,0.3,0.3,0.41251746,49925,0.0741073967632295
0.6,0.5,0.2,0.1,0.4125315,49925,0.0670801663880898
0.9,0.9,0.4,0.1,0.41255915,49925,0.06905463326518355
0.2,0.8,0.1,0.5,0.41274172,49925,0.06759160424359677
0.7,0.5,0.2,0.1,0.41275036,49925,0.06566219970544794
0.6,0.8,0.2,0.5,0.4127575,49925,0.06894730229458887
0.7,0.9,0.2,0.6,0.41285044,49925,0.06811800046070351
0.9,0.7,0.2,0.4,0.4128695,49925,0.06604288871280668
0.6,0.8,0.3,0.3,0.41287738,49925,0.07113224801587302
0.7,0.8,0.3,0.3,0.41294238,49925,0.07014424219380667
0.5,0.6,0.2,0.3,0.41295052,49925,0.07007830025189114
0.9,0.8,0.3,0.3,0.41301158,49925,0.06831891567876086
0.5,0.7,0.3,0.2,0.41303277,49925,0.07225072088219818
0.2,0.8,0.3,0.3,0.41305047,49925,0.07500948516433352
0.6,0.8,0.4,0.1,0.4130786,49925,0.07261023258184304
0.5,0.8,0.2,0.5,0.4130853,49925,0.0698376840542063
0.7,0.9,0.4,0.2,0.41316053,49925,0.07172243551858701
0.3,0.9,0.5,0.1,0.41322935,49925,0.07733662038056831
0.6,0.6,0.2,0.3,0.413249,49925,0.06887335314989784
0.8,0.8,0.3,0.3,0.4132654,49925,0.06922323808493157
0.8,0.9,0.4,0.2,0.4132665,49925,0.07082705177469989
0.2,0.9,0.2,0.5,0.41329825,49925,0.07129364337872601
0.8,0.7,0.3,0.1,0.41331863,49925,0.06778795856819934
0.1,0.7,0.1,0.4,0.41332287,49925,0.06858531320058053
0.5,0.7,0.2,0.4,0.41333312,49925,0.0699951867927062
0.4,0.9,0.5,0.1,0.41333666,49925,0.07638228985674118
0.3,0.9,0.1,0.6,0.41334024,49925,0.06674591168264704
0.6,0.9,0.2,0.6,0.41340435,49925,0.06887784413703424
0.3,0.8,0.4,0.2,0.41346458,49925,0.07640484557688988
0.5,0.9,0.2,0.6,0.41352552,49925,0.06964578257840064
0.4,0.7,0.2,0.4,0.41354072,49925,0.07102629772935708
0.4,0.6,0.3,0.1,0.41358918,49925,0.07360584598356652
0.3,0.9,0.3,0.4,0.41366217,49925,0.07364343737751682
0.1,0.9,0.1,0.5,0.41370058,49925,0.0670297011622501
0.7,0.3,0.1,0.1,0.41371033,49925,0.05947633234550852
0.7,0.6,0.2,0.3,0.41380024,49925,0.06770448765769217
0.1,0.8,0.2,0.4,0.41380104,49925,0.07260079900463311
0.7,0.8,0.4,0.1,0.41380432,49925,0.07160652823683387
0.4,0.6,0.2,0.3,0.41381878,49925,0.07133566750188627
0.6,0.7,0.3,0.2,0.41383412,49925,0.07112293805883013
0.1,0.8,0.3,0.3,0.41384402,49925,0.07579107880812741
0.8,0.5,0.2,0.1,0.41385418,49925,0.06432711516010019
0.2,0.9,0.5,0.1,0.413925,49925,0.07829453457391419
0.2,0.9,0.3,0.4,0.4139482,49925,0.07438464234471862
0.9,0.7,0.3,0.1,0.41399553,49925,0.06675788270718074
0.9,0.9,0.4,0.2,0.41401368,49925,0.0699563800494579
0.9,0.8,0.1,0.7,0.41409168,49925,0.06382068588438837
0.5,0.9,0.1,0.7,0.41410574,49925,0.0661276982343881
0.3,0.7,0.1,0.5,0.41414687,49925,0.06786050080646178
0.4,0.9,0.4,0.3,0.41414857,49925,0.0750233595632733
0.4,0.8,0.1,0.6,0.4141516,49925,0.06689543394877254
0.8,0.7,0.1,0.6,0.4141575,49925,0.06425386888248716
0.9,0.7,0.1,0.6,0.41417363,49925,0.06342596477407846
0.8,0.6,0.2,0.3,0.41418082,49925,0.0666230047533185
0.2,0.5,0.2,0.2,0.41420382,49925,0.07460621346934825
0.3,0.9,0.4,0.3,0.41420665,49925,0.07587081420900982
0.3,0.6,0.2,0.3,0.4142389,49925,0.0725959032088618
0.9,0.6,0.1,0.5,0.4142578,49925,0.06290841467097837
0.4,0.8,0.2,0.5,0.41435593,49925,0.07069739927308726
0.2,0.9,0.4,0.3,0.41436946,49925,0.07665903223047008
0.8,0.8,0.1,0.7,0.41437572,49925,0.06457214308425219
0.8,0.6,0.1,0.5,0.4144156,49925,0.06381521965877561
0.3,0.7,0.2,0.4,0.4144346,49925,0.0720308439346222
0.7,0.6,0.1,0.5,0.41443872,49925,0.06480124588448069
0.2,0.6,0.1,0.4,0.4144429,49925,0.0691086908611361
0.2,0.8,0.4,0.2,0.41445383,49925,0.07739939464430906
0.1,0.4,0.2,0.1,0.41445383,49925,0.07739939464430906
0.1,0.9,0.5,0.1,0.41446164,49925,0.0791753632143716
0.4,0.8,0.4,0.2,0.4144681,49925,0.07541367105125596
0.2,0.4,0.2,0.1,0.4144681,49925,0.07541367105125596
0.5,0.9,0.5,0.1,0.41446996,49925,0.07541624166926973
0.9,0.9,0.3,0.5,0.41447708,49925,0.06919483046653208
0.7,0.7,0.3,0.2,0.41447926,49925,0.07001904352070945
0.9,0.6,0.2,0.3,0.41452986,49925,0.06554288733277125
0.8,0.7,0.3,0.2,0.41454092,49925,0.06895663663045898
0.5,0.6,0.3,0.1,0.41455546,49925,0.07223708348910467
0.5,0.9,0.4,0.3,0.4145635,49925,0.07415779232649243
0.6,0.6,0.1,0.5,0.41457802,49925,0.06580226039306866
0.3,0.5,0.2,0.2,0.41471073,49925,0.07307192552198695
0.9,0.5,0.2,0.1,0.41471744,49925,0.06308029539666178
0.7,0.8,0.1,0.7,0.4147346,49925,0.06533041606301214
0.1,0.5,0.2,0.2,0.41474816,49925,0.07596032989010815
0.8,0.9,0.1,0.8,0.41475052,49925,0.06480035021494358
0.7,0.7,0.1,0.6,0.41476378,49925,0.06512041189514399
0.1,0.5,0.1,0.3,0.41478178,49925,0.07082089054334403
0.4,0.9,0.2,0.6,0.41480383,49925,0.07038401866277257
0.8,0.9,0.3,0.5,0.414877,49925,0.06998424640122658
0.1,0.9,0.3,0.4,0.4149124,49925,0.0749736455080805
0.3,0.8,0.2,0.5,0.4149211,49925,0.0715574368468022
0.8,0.8,0.4,0.1,0.41492346,49925,0.07060913875016914
0.9,0.9,0.1,0.8,0.41492805,49925,0.0641317981836035
0.3,0.7,0.4,0.1,0.4149356,49925,0.07696904269505472
0.4,0.5,0.2,0.2,0.41495395,49925,0.0715468713635111
0.8,0.5,0.1,0.4,0.41496336,49925,0.0632012305609486
0.6,0.9,0.4,0.3,0.41499135,49925,0.0732739255749206
0.7,0.9,0.3,0.5,0.4150164,49925,0.07078374265183382
0.9,0.5,0.1,0.4,0.41504478,49925,0.062127700258816226
0.4,0.9,0.1,0.7,0.41515374,49925,0.0668022261571123
0.6,0.5,0.1,0.4,0.4151841,49925,0.06547142889421749
0.5,0.5,0.2,0.2,0.41518658,49925,0.07002719335585311
0.2,0.6,0.2,0.3,0.41518915,49925,0.07382138979471835
0.5,0.8,0.4,0.2,0.41519204,49925,0.07440996740725814
0.8,0.3,0.1,0.1,0.41519704,49925,0.05792646424933384
0.6,0.9,0.5,0.1,0.41520855,49925,0.07447119544805703
0.2,0.9,0.1,0.6,0.41521883,49925,0.06732876805009463
0.6,0.5,0.2,0.2,0.41523454,49925,0.06862506095622711
0.7,0.5,0.1,0.4,0.4152616,49925,0.06429668291889667
0.2,0.7,0.4,0.1,0.4153473,49925,0.0781957397552999
0.6,0.8,0.1,0.7,0.41536033,49925,0.06608165664130825
0.6,0.9,0.3,0.5,0.4153942,49925,0.07156877837968291
0.7,0.9,0.1,0.8,0.41540352,49925,0.06544565245456714
0.7,0.9,0.4,0.3,0.4154258,49925,0.07240968055261465
0.6,0.7,0.1,0.6,0.41551614,49925,0.06598549258977202
0.9,0.8,0.3,0.4,0.41558737,49925,0.06912752403519645
0.5,0.5,0.1,0.4,0.41558835,49925,0.06670687324352269
0.1,0.9,0.4,0.3,0.41560674,49925,0.07735021324498731
0.4,0.7,0.4,0.1,0.41561523,49925,0.0757781438048751
0.8,0.8,0.3,0.4,0.41563028,49925,0.06999237327129626
0.9,0.7,0.3,0.2,0.41565236,49925,0.06795726237677686
0.6,0.6,0.3,0.1,0.41565335,49925,0.07091007710893024
0.2,0.7,0.2,0.4,0.41565573,49925,0.0730292893706235
0.9,0.9,0.2,0.7,0.41569138,49925,0.06726987229187628
0.5,0.9,0.3,0.5,0.41578013,49925,0.07240273082196634
0.8,0.9,0.4,0.3,0.4158169,49925,0.07153690911362624
0.9,0.8,0.2,0.6,0.41583538,49925,0.06716586042035506
0.3,0.8,0.1,0.6,0.4158424,49925,0.06764412943697135
0.7,0.5,0.2,0.2,0.41585192,49925,0.06728149417336578
0.1,0.8,0.4,0.2,0.41593397,49925,0.07825512343404112
0.8,0.9,0.2,0.7,0.4159466,49925,0.06797776669306013
0.9,0.8,0.4,0.1,0.4159611,49925,0.06966141988218551
0.5,0.6,0.1,0.5,0.41597718,49925,0.06684064496056896
0.3,0.9,0.2,0.6,0.4159983,49925,0.0710815099474805
0.4,0.9,0.3,0.5,0.41604465,49925,0.07320706245817217
0.7,0.9,0.5,0.1,0.41604918,49925,0.07355424638232155
0.5,0.4,0.1,0.3,0.41611853,49925,0.06638037007894128
0.6,0.8,0.4,0.2,0.416123,49925,0.07339591741981402
0.3,0.4,0.2,0.1,0.416123,49925,0.07339591741981402
0.9,0.3,0.1,0.1,0.41614765,49925,0.056502559162967717
0.4,0.5,0.1,0.4,0.4161884,49925,0.06797765659428258
0.5,0.7,0.1,0.6,0.41621888,49925,0.06686906219761363
0.9,0.9,0.4,0.3,0.41624093,49925,0.07071594471780289
0.4,0.4,0.1,0.3,0.41624177,49925,0.0679450381587737
0.8,0.8,0.2,0.6,0.41624177,49925,0.0679450381587737
0.2,0.7,0.1,0.5,0.41624376,49925,0.06867626781012597
0.1,0.7,0.4,0.1,0.41625535,49925,0.07930135641721987
0.5,0.9,0.5,0.2,0.41629717,49925,0.07593711657127587
0.7,0.9,0.2,0.7,0.41632098,49925,0.06868953841348001
0.6,0.8,0.3,0.4,0.41633928,49925,0.07178959008883856
0.7,0.8,0.3,0.4,0.41638356,49925,0.07086230409224056
0.5,0.8,0.3,0.4,0.41639432,49925,0.0727084235027183
0.6,0.9,0.1,0.8,0.41643596,49925,0.06610830306670798
0.1,0.6,0.2,0.3,0.41647327,49925,0.07482461793768698
0.8,0.5,0.2,0.2,0.41650012,49925,0.06601060814270938
0.4,0.7,0.3,0.3,0.41650155,49925,0.07409460741760988
0.4,0.8,0.3,0.4,0.41652834,49925,0.07366187979713487
0.6,0.4,0.1,0.3,0.41655084,49925,0.06488854794704921
0.4,0.9,0.5,0.2,0.41655636,49925,0.07683140227443375
0.8,0.7,0.2,0.5,0.41657588,49925,0.06784097461719342
0.1,0.8,0.1,0.5,0.41658136,49925,0.06814346656981674
0.1,0.9,0.2,0.5,0.41660172,49925,0.07187357548260942
0.7,0.8,0.4,0.2,0.41665623,49925,0.07243356585625761
0.7,0.8,0.2,0.6,0.41666064,49925,0.06873067040723799
0.3,0.9,0.5,0.2,0.41667253,49925,0.07773384841982796
0.2,0.6,0.3,0.2,0.4167833,49925,0.07702855513042153
0.3,0.8,0.3,0.4,0.41679338,49925,0.0745640379041069
0.3,0.7,0.3,0.3,0.41679615,49925,0.07512867493640119
0.7,0.6,0.3,0.1,0.41679826,49925,0.06965661444734576
0.2,0.8,0.2,0.5,0.41683915,49925,0.07230278926246803
0.7,0.4,0.1,0.3,0.41684034,49925,0.06351110968367624
0.9,0.7,0.2,0.5,0.41687852,49925,0.06693860375579513
0.2,0.9,0.5,0.2,0.41690788,49925,0.07858229676501331
0.3,0.6,0.3,0.2,0.4169259,49925,0.07573777822538663
0.8,0.9,0.5,0.1,0.41702604,49925,0.07266203236320894
0.2,0.7,0.3,0.3,0.41703862,49925,0.07614559942273849
0.8,0.4,0.1,0.3,0.4170776,49925,0.06221459253294101
0.6,0.9,0.5,0.2,0.41713718,49925,0.07505343459385277
0.7,0.7,0.2,0.5,0.41714564,49925,0.0687459460118151
0.9,0.5,0.2,0.2,0.41717276,49925,0.06477534716809262
0.5,0.7,0.4,0.1,0.41719174,49925,0.07457057623358061
0.9,0.9,0.5,0.1,0.41721013,49925,0.07180348570517266
0.4,0.6,0.1,0.5,0.4172187,49925,0.06786374960583974
0.6,0.8,0.2,0.6,0.4172446,49925,0.06953650316132039
0.3,0.4,0.1,0.3,0.4172446,49925,0.06953650316132039
0.7,0.7,0.3,0.3,0.41730273,49925,0.0708835998171057
0.3,0.9,0.3,0.5,0.41730374,49925,0.07395896048821655
0.2,0.8,0.3,0.4,0.41741404,49925,0.07536001926617181
0.5,0.7,0.3,0.3,0.41742504,49925,0.07299364880194728
0.3,0.9,0.1,0.7,0.41743845,49925,0.06741887766591152
0.6,0.7,0.3,0.3,0.41746354,49925,0.07192199127829464
0.6,0.9,0.2,0.7,0.41747543,49925,0.06938567430006558
0.5,0.9,0.4,0.4,0.41749585,49925,0.07458321384293615
0.1,0.6,0.1,0.4,0.41749603,49925,0.06999619281693571
0.6,0.7,0.2,0.5,0.4175979,49925,0.0696746499905675
0.5,0.8,0.2,0.6,0.4176947,49925,0.07034003914710873
0.4,0.4,0.2,0.1,0.4177822,49925,0.07148169923055053
0.8,0.8,0.4,0.2,0.4177822,49925,0.07148169923055053
0.5,0.8,0.1,0.7,0.4177881,49925,0.06682512665576905
0.5,0.7,0.2,0.5,0.41778982,49925,0.07060371229187248
0.2,0.9,0.2,0.6,0.41781333,49925,0.07168708623835393
0.9,0.4,0.1,0.3,0.41783524,49925,0.06099174419781343
0.3,0.5,0.1,0.4,0.41786337,49925,0.06921644987656733
0.6,0.6,0.2,0.4,0.41792518,49925,0.06974813894623606
0.9,0.9,0.3,0.6,0.41792518,49925,0.06974813894623606
0.3,0.3,0.1,0.2,0.41792518,49925,0.06974813894623606
0.9,0.8,0.1,0.8,0.4179382,49925,0.06459282093626288
0.9,0.8,0.4,0.2,0.41794914,49925,0.07052550496992518
0.5,0.9,0.2,0.7,0.41796994,49925,0.0700966428448501
0.1,0.7,0.3,0.3,0.4179782,49925,0.07695359936620678
0.6,0.9,0.4,0.4,0.4179988,49925,0.07376079450494119
0.8,0.6,0.3,0.1,0.41801727,49925,0.06846789971222154
0.2,0.9,0.3,0.5,0.41802877,49925,0.07462387747317363
0.8,0.7,0.3,0.3,0.4180415,49925,0.06986093542040817
0.6,0.7,0.4,0.1,0.418047,49925,0.07344569773032701
0.9,0.9,0.1,0.9,0.41805387,49925,0.06481036864352152
0.4,0.6,0.3,0.2,0.41806072,49925,0.07444962988097306
0.8,0.9,0.3,0.6,0.41811094,49925,0.07050417832148098
0.4,0.9,0.4,0.4,0.41814318,49925,0.07538400982113418
0.3,0.9,0.4,0.4,0.418146,49925,0.07618496243648576
0.4,0.8,0.5,0.1,0.41814694,49925,0.07728712035767145
0.1,0.6,0.3,0.2,0.4181523,49925,0.07811430721980664
0.4,0.7,0.1,0.6,0.41819593,49925,0.06772053462719238
0.4,0.3,0.1,0.2,0.4182009,49925,0.06762226148394282
0.8,0.6,0.2,0.4,0.4182009,49925,0.06762226148394282
0.9,0.7,0.3,0.3,0.41825396,49925,0.06891173122258941
0.1,0.9,0.5,0.2,0.41825908,49925,0.07936074469406514
0.4,0.8,0.4,0.3,0.41829225,49925,0.07585528402694834
0.7,0.9,0.3,0.6,0.4183166,49925,0.07124333567349705
0.1,0.7,0.2,0.4,0.4183558,49925,0.07379505045746725
0.3,0.5,0.3,0.1,0.4183857,49925,0.07631522784088275
0.5,0.6,0.2,0.4,0.41842803,49925,0.07087535868036615
0.3,0.8,0.5,0.1,0.41843835,49925,0.0783676022205647
0.5,0.9,0.1,0.8,0.41844115,49925,0.0667617411821382
0.7,0.9,0.4,0.4,0.41848874,49925,0.07293538866801035
0.4,0.8,0.2,0.6,0.41851336,49925,0.07117172833705725
0.2,0.4,0.1,0.3,0.41851336,49925,0.07117172833705725
0.2,0.8,0.4,0.3,0.41852552,49925,0.07762581563226696
0.7,0.6,0.2,0.4,0.41856146,49925,0.06867853826206836
0.2,0.5,0.3,0.1,0.41856414,49925,0.0779303467013439
0.8,0.8,0.1,0.8,0.41859892,49925,0.06530755934119777
0.8,0.9,0.4,0.4,0.41864353,49925,0.07210788959542834
0.9,0.6,0.2,0.4,0.418644,49925,0.06660091794124469
0.7,0.9,0.5,0.2,0.418664,49925,0.07418233467771629
0.5,0.8,0.5,0.1,0.41867998,49925,0.07626221629623443
0.7,0.7,0.4,0.1,0.4186933,49925,0.07233656589288247
0.3,0.8,0.4,0.3,0.41870546,49925,0.0767978585584809
0.8,0.9,0.1,0.9,0.4187479,49925,0.065434204697079
0.9,0.9,0.4,0.4,0.41877618,49925,0.07130918668140936
0.8,0.7,0.1,0.7,0.4187794,49925,0.06509828383092153
0.5,0.6,0.3,0.2,0.41880968,49925,0.07317574813645102
0.2,0.8,0.1,0.6,0.4188196,49925,0.06826509277505678
0.9,0.7,0.1,0.7,0.41883695,49925,0.06429853656483285
0.2,0.8,0.5,0.1,0.41888496,49925,0.07938977992905956
0.1,0.8,0.3,0.4,0.41889122,49925,0.07600774490668648
0.2,0.9,0.4,0.4,0.4189311,49925,0.07685097935200204
0.5,0.8,0.4,0.3,0.4189313,49925,0.07493297843166417
0.8,0.8,0.3,0.5,0.4189383,49925,0.07055136383623718
0.3,0.7,0.4,0.2,0.41898987,49925,0.07743827215869957
0.5,0.4,0.2,0.1,0.4189936,49925,0.06965551482006345
0.9,0.9,0.2,0.8,0.41900647,49925,0.06779254112790103
0.2,0.3,0.1,0.2,0.41900897,49925,0.07197535070442088
0.6,0.9,0.3,0.6,0.41900897,49925,0.07197535070442089
0.4,0.6,0.2,0.4,0.41900897,49925,0.07197535070442088
0.4,0.7,0.2,0.5,0.4190348,49925,0.07153967678900358
0.3,0.6,0.1,0.5,0.41910318,49925,0.06888221990053728
0.7,0.8,0.3,0.5,0.41910595,49925,0.07140793267042782
0.4,0.7,0.4,0.2,0.41912448,49925,0.07632156105364027
0.9,0.8,0.3,0.5,0.41914812,49925,0.06976087537685181
0.9,0.6,0.3,0.1,0.41916397,49925,0.06736351630666691
0.8,0.9,0.5,0.2,0.41917324,49925,0.07331885000159898
0.4,0.9,0.2,0.7,0.41917974,49925,0.07078390480459164
0.4,0.8,0.1,0.7,0.4192416,49925,0.06756101247934906
0.1,0.8,0.5,0.1,0.41925266,49925,0.08033816064659685
0.5,0.5,0.2,0.3,0.4192635,49925,0.07101682744644928
0.9,0.6,0.1,0.6,0.41933033,49925,0.06390312544285602
0.6,0.8,0.4,0.3,0.4193349,49925,0.07399181943539994
0.5,0.9,0.3,0.6,0.4193678,49925,0.07273943645943635
0.1,0.9,0.1,0.6,0.4193857,49925,0.06774855288432807
0.5,0.3,0.1,0.2,0.41939762,49925,0.06560487656833648
0.5,0.9,0.5,0.3,0.41940448,49925,0.0763098976418313
0.1,0.8,0.2,0.5,0.41942325,49925,0.07291822411875015
0.1,0.5,0.3,0.1,0.41942757,49925,0.0794789450182823
0.3,0.6,0.2,0.4,0.4194296,49925,0.07310645133948082
0.7,0.8,0.1,0.8,0.41943556,49925,0.06599298482342142
0.9,0.9,0.5,0.2,0.41944736,49925,0.0724687353866954
0.6,0.6,0.3,0.2,0.41944784,49925,0.07192278468926083
0.7,0.7,0.1,0.7,0.41948408,49925,0.0658968051013629
0.4,0.9,0.5,0.3,0.41952187,49925,0.07717940509642769
0.3,0.7,0.2,0.5,0.419523,49925,0.07247648570675673
0.1,0.8,0.4,0.3,0.41953826,49925,0.07837535441986408
0.7,0.6,0.1,0.6,0.41960508,49925,0.0657009394702212
0.8,0.7,0.4,0.1,0.41963112,49925,0.0712575357169241
0.2,0.5,0.1,0.4,0.41965234,49925,0.0704121324550394
0.1,0.9,0.4,0.4,0.41965714,49925,0.07744310921999754
0.7,0.8,0.4,0.3,0.419791,49925,0.07306657697388116
0.8,0.6,0.1,0.6,0.41979438,49925,0.06477896268300132
0.8,0.9,0.2,0.8,0.41981262,49925,0.06842808366652915
0.6,0.8,0.3,0.5,0.41982254,49925,0.07226820594738434
0.3,0.9,0.5,0.3,0.41982418,49925,0.0779857343318227
0.7,0.9,0.1,0.9,0.41983277,49925,0.06606000399995948
0.6,0.7,0.1,0.7,0.41983524,49925,0.06671518151947231
0.1,0.9,0.3,0.5,0.41987416,49925,0.0751684567691361
0.1,0.7,0.1,0.5,0.41995424,49925,0.06929505826851175
0.3,0.8,0.2,0.6,0.41996735,49925,0.07191221551087507
0.9,0.7,0.4,0.1,0.4200096,49925,0.07023069201241237
0.3,0.7,0.1,0.6,0.42001086,49925,0.06853874801157603
0.2,0.7,0.4,0.2,0.42003036,49925,0.07849544151585665
0.5,0.7,0.4,0.2,0.42005205,49925,0.07524548752699435
0.5,0.8,0.3,0.5,0.42006984,49925,0.07313499537634717
0.7,0.6,0.3,0.2,0.42008084,49925,0.07076124986386664
0.9,0.8,0.2,0.7,0.42008376,49925,0.06774614727612922
0.6,0.5,0.2,0.3,0.42010906,49925,0.06970843521999502
0.4,0.9,0.3,0.6,0.4201135,49925,0.07346702677829248
0.6,0.3,0.1,0.2,0.42013454,49925,0.06382435109456647
0.8,0.8,0.4,0.3,0.42014068,49925,0.0721378555679225
0.4,0.5,0.2,0.3,0.42014205,49925,0.07239127594096131
0.4,0.9,0.1,0.8,0.42019078,49925,0.06736098348289012
0.6,0.4,0.2,0.1,0.42021996,49925,0.06798577183012076
0.6,0.9,0.5,0.3,0.42026785,49925,0.07549096525993235
0.2,0.9,0.1,0.7,0.42027003,49925,0.06789537169780077
0.6,0.8,0.5,0.1,0.42029023,49925,0.07524438628196349
0.4,0.5,0.3,0.1,0.42031965,49925,0.07474619748373895
0.1,0.9,0.2,0.6,0.42036012,49925,0.07217147274198564
0.8,0.8,0.2,0.7,0.42037332,49925,0.06849059248676427
0.4,0.8,0.3,0.5,0.42043442,49925,0.07397229775912136
0.6,0.6,0.1,0.6,0.4204627,49925,0.06664690747625868
0.3,0.9,0.2,0.7,0.42047143,49925,0.07141845624345933
0.9,0.5,0.1,0.5,0.4204724,49925,0.06337989415888089
0.3,0.5,0.2,0.3,0.4204781,49925,0.07377008120723579
0.7,0.9,0.5,0.3,0.42051452,49925,0.074670191681305
0.4,0.9,0.6,0.1,0.4205153,49925,0.07844803173995894
0.9,0.8,0.4,0.3,0.42052287,49925,0.07129742943990118
0.5,0.7,0.3,0.4,0.4205345,49925,0.07351392395177439
0.6,0.7,0.3,0.4,0.4206045,49925,0.07252455475739665
0.7,0.8,0.5,0.1,0.4206233,49925,0.07422944360240305
0.7,0.3,0.1,0.2,0.4206441,49925,0.06217658455526753
0.6,0.7,0.4,0.2,0.42066222,49925,0.07417033104496581
0.7,0.9,0.2,0.8,0.42067787,49925,0.06911955537710741
0.2,0.9,0.5,0.3,0.4207372,49925,0.07872519575786831
0.7,0.7,0.3,0.4,0.42074144,49925,0.0715193212578335
0.4,0.8,0.5,0.2,0.4207707,49925,0.07768103535345441
0.7,0.8,0.2,0.7,0.4207868,49925,0.06922327816053139
0.6,0.8,0.1,0.8,0.42081952,49925,0.06671805042103614
0.3,0.8,0.1,0.7,0.42083776,49925,0.06819256709103239
0.6,0.9,0.4,0.5,0.4208697,49925,0.0741320382528159
0.5,0.8,0.5,0.2,0.42087144,49925,0.07673535166185404
0.7,0.5,0.1,0.5,0.42087352,49925,0.06539915598372462
0.6,0.9,0.1,0.9,0.42087644,49925,0.0666661176195684
0.8,0.6,0.3,0.2,0.42094833,49925,0.06963805782483744
0.1,0.7,0.4,0.2,0.42095613,49925,0.07946332337462239
0.5,0.9,0.4,0.5,0.4209654,49925,0.07486922410689578
0.3,0.9,0.6,0.1,0.42097235,49925,0.07939734115882675
0.8,0.5,0.1,0.5,0.4209883,49925,0.06435254683676372
0.7,0.5,0.2,0.3,0.42100623,49925,0.06846160099806363
0.3,0.9,0.3,0.6,0.42101902,49925,0.07418204349204413
0.1,0.3,0.1,0.2,0.42101902,49925,0.07418204349204413
0.2,0.6,0.2,0.4,0.42101902,49925,0.07418204349204413
0.8,0.8,0.5,0.1,0.42103696,49925,0.07325192356293975
0.3,0.7,0.3,0.4,0.42104813,49925,0.07545666846042656
0.5,0.9,0.6,0.1,0.42106923,49925,0.07751721205440684
0.2,0.7,0.2,0.5,0.4210739,49925,0.07332894315645488
0.3,0.8,0.3,0.5,0.42108098,49925,0.07478557674070994
0.7,0.4,0.2,0.1,0.4210971,49925,0.066429684055987
0.6,0.9,0.6,0.1,0.42110178,49925,0.07661066943372115
0.6,0.8,0.2,0.7,0.42113984,49925,0.06998283611944073
0.5,0.5,0.3,0.1,0.4211817,49925,0.07320614234462965
0.8,0.9,0.4,0.5,0.42118365,49925,0.07257831034827136
0.2,0.6,0.1,0.5,0.42119214,49925,0.06978913850235548
0.7,0.9,0.4,0.5,0.4212012,49925,0.07335109959903888
0.4,0.7,0.3,0.4,0.42121476,49925,0.07451256886294304
0.8,0.7,0.3,0.4,0.42121917,49925,0.07058196861534684
0.6,0.9,0.2,0.8,0.42124718,49925,0.06977346440653658
0.8,0.5,0.2,0.3,0.4213009,49925,0.06724633215192972
0.2,0.9,0.6,0.1,0.42131746,49925,0.08025505564427812
0.6,0.5,0.1,0.5,0.4213201,49925,0.06647990754413685
0.9,0.6,0.3,0.2,0.42133644,49925,0.06855963972606319
0.7,0.7,0.4,0.2,0.42137772,49925,0.07309548901329893
0.4,0.6,0.4,0.1,0.42142224,49925,0.07681242295426734
0.9,0.9,0.3,0.7,0.42143232,49925,0.07016982146605728
0.9,0.7,0.3,0.4,0.42147183,49925,0.06966468437559653
0.9,0.7,0.2,0.6,0.42151925,49925,0.06765129658918535
0.8,0.9,0.5,0.3,0.4215318,49925,0.07382644749059743
0.8,0.7,0.2,0.6,0.42156163,49925,0.06848617644364322
0.5,0.6,0.1,0.6,0.42157128,49925,0.06759522452691044
0.2,0.8,0.2,0.6,0.4215786,49925,0.072581797248539
0.1,0.4,0.1,0.3,0.4215786,49925,0.072581797248539
0.4,0.9,0.4,0.5,0.42161244,49925,0.07562155896110233
0.7,0.7,0.2,0.6,0.42162204,49925,0.06930958927391799
0.3,0.8,0.4,0.4,0.42163318,49925,0.07700534930880303
0.9,0.9,0.5,0.3,0.4216812,49925,0.07301116907776588
0.2,0.5,0.2,0.3,0.42168188,49925,0.07512660780841901
0.1,0.2,0.1,0.1,0.42171264,49925,0.0761468566762947
0.3,0.6,0.3,0.3,0.42171264,49925,0.07614685667629469
0.4,0.8,0.4,0.4,0.42171264,49925,0.0761468566762947
0.2,0.4,0.2,0.2,0.42171264,49925,0.0761468566762947
0.1,0.9,0.5,0.3,0.42172456,49925,0.07940200205259902
0.9,0.9,0.4,0.5,0.42180106,49925,0.07179569333236666
0.5,0.8,0.4,0.4,0.42180324,49925,0.07528330296451789
0.2,0.8,0.3,0.5,0.4218116,49925,0.075515730211694
0.1,0.9,0.6,0.1,0.42181492,49925,0.08109107693396961
0.5,0.8,0.2,0.7,0.42183527,49925,0.07073800544075529
0.8,0.9,0.3,0.7,0.4218433,49925,0.07088221077845548
0.6,0.8,0.5,0.2,0.42184883,49925,0.07576204666672172
0.4,0.6,0.3,0.3,0.42186683,49925,0.07499170433941768
0.3,0.6,0.4,0.1,0.42188033,49925,0.07811416000488255
0.9,0.8,0.5,0.1,0.42191207,49925,0.07234480942423706
0.5,0.9,0.2,0.8,0.42193273,49925,0.07044224646722168
0.3,0.9,0.4,0.5,0.42196262,49925,0.07634045830064003
0.5,0.6,0.3,0.3,0.4219976,49925,0.07382992072816477
0.2,0.8,0.5,0.2,0.42202482,49925,0.07957011863722059
0.2,0.6,0.3,0.3,0.4220274,49925,0.07724314405103266
0.9,0.5,0.2,0.3,0.42208785,49925,0.06610963434139235
0.5,0.8,0.1,0.8,0.4221164,49925,0.06739565733907833
0.8,0.4,0.2,0.1,0.42212376,49925,0.06498826138854506
0.5,0.5,0.1,0.5,0.42212895,49925,0.0676079562888341
0.3,0.9,0.1,0.8,0.42213205,49925,0.06789079876326136
0.8,0.3,0.1,0.2,0.42215347,49925,0.0606722190795682
0.3,0.8,0.5,0.2,0.422173,49925,0.07865114034123438
0.6,0.7,0.2,0.6,0.42219946,49925,0.07016430577917826
0.7,0.9,0.6,0.1,0.42222744,49925,0.07571749271583408
0.8,0.7,0.4,0.2,0.4222295,49925,0.0721010902249537
0.2,0.7,0.3,0.4,0.4222512,49925,0.07631794266276644
0.6,0.5,0.3,0.1,0.42225462,49925,0.07175646727205234
0.6,0.8,0.4,0.4,0.42228484,49925,0.07441230499971031
0.3,0.4,0.2,0.2,0.42228484,49925,0.07441230499971031
0.7,0.8,0.4,0.4,0.42229262,49925,0.07353141826595291
0.9,0.8,0.1,0.9,0.42234352,49925,0.06521004740463404
0.2,0.6,0.4,0.1,0.4224069,49925,0.07952126579458396
0.5,0.7,0.1,0.7,0.42241558,49925,0.06752897956302506
0.6,0.9,0.5,0.4,0.42241952,49925,0.07580073148841551
0.7,0.9,0.3,0.7,0.4224238,49925,0.07159307274373082
0.5,0.9,0.1,0.9,0.42245367,49925,0.067233426613741
0.1,0.8,0.1,0.6,0.4224706,49925,0.06872692366882845
0.2,0.7,0.1,0.6,0.4225055,49925,0.06919433630368461
0.4,0.4,0.2,0.2,0.42252967,49925,0.07268461127063482
0.2,0.2,0.1,0.1,0.42252967,49925,0.07268461127063482
0.6,0.6,0.3,0.3,0.42252967,49925,0.07268461127063482
0.8,0.8,0.4,0.4,0.42252967,49925,0.07268461127063482
0.5,0.9,0.6,0.2,0.4225566,49925,0.07783435109560795
0.5,0.9,0.5,0.4,0.4225569,49925,0.07656929962144193
0.5,0.7,0.2,0.6,0.4225978,49925,0.07103946988684468
0.2,0.9,0.2,0.7,0.42259866,49925,0.07194426792681938
0.9,0.3,0.1,0.2,0.42261156,49925,0.05929601174325362
0.9,0.7,0.4,0.2,0.4226122,49925,0.07108989063038547
0.8,0.8,0.3,0.6,0.42261252,49925,0.07103707408282732
0.4,0.7,0.4,0.3,0.4226402,49925,0.07669265495709955
0.6,0.9,0.3,0.7,0.42268753,49925,0.07229727585482423
0.2,0.9,0.3,0.6,0.42272264,49925,0.07475962518009849
0.4,0.9,0.6,0.2,0.4227507,49925,0.07871896998534324
0.1,0.6,0.4,0.1,0.4227684,49925,0.0807286433482844
0.7,0.8,0.5,0.2,0.42281866,49925,0.07483130053228919
0.5,0.9,0.3,0.7,0.4228227,49925,0.07301125736610728
0.9,0.8,0.3,0.6,0.42283297,49925,0.07024596116730578
0.5,0.7,0.4,0.3,0.42284206,49925,0.0756892195618432
0.2,0.9,0.4,0.5,0.42287603,49925,0.07694324019595176
0.3,0.9,0.5,0.4,0.42287767,49925,0.07807752050325317
0.9,0.7,0.1,0.8,0.42287984,49925,0.06500819234460864
0.4,0.9,0.5,0.4,0.4228884,49925,0.07736448957265014
0.1,0.4,0.2,0.2,0.42290223,49925,0.07770759858380957
0.2,0.8,0.4,0.4,0.42290223,49925,0.07770759858380957
0.8,0.6,0.2,0.5,0.42294604,49925,0.06841281305426347
0.7,0.6,0.2,0.5,0.4229892,49925,0.06936931629521859
0.7,0.9,0.5,0.4,0.42302573,49925,0.0750174057780121
0.9,0.8,0.4,0.4,0.4230501,49925,0.07185896537033441
0.7,0.6,0.3,0.3,0.4230964,49925,0.07157881798750612
0.8,0.9,0.6,0.1,0.42311534,49925,0.07482319241891036
0.5,0.6,0.4,0.1,0.42312813,49925,0.07550260827250746
0.6,0.9,0.6,0.2,0.42313582,49925,0.07698599028949887
0.5,0.4,0.2,0.2,0.42314696,49925,0.07104339690017138
0.9,0.9,0.2,0.9,0.42316818,49925,0.0681948473104056
0.8,0.9,0.5,0.4,0.42318758,49925,0.0742512053240636
0.3,0.5,0.3,0.2,0.4231943,49925,0.07687132311231737
0.7,0.9,0.6,0.2,0.42320383,49925,0.07613122289690002
0.6,0.6,0.2,0.5,0.42322582,49925,0.0703523369934601
0.1,0.8,0.5,0.2,0.4232264,49925,0.0804095228070987
0.4,0.7,0.2,0.6,0.423266,49925,0.07194289915287537
0.7,0.5,0.3,0.1,0.42329857,49925,0.07037047268874144
0.8,0.6,0.3,0.3,0.42330202,49925,0.07050416902874036
0.9,0.9,0.6,0.1,0.42330807,49925,0.07396161084988744
0.3,0.7,0.4,0.3,0.42331284,49925,0.0777089333871648
0.5,0.4,0.1,0.4,0.42333776,49925,0.06753477978722351
0.4,0.8,0.2,0.7,0.4233409,49925,0.0714914569278504
0.8,0.8,0.5,0.2,0.4233475,49925,0.0739116255294993
0.1,0.5,0.2,0.3,0.42336366,49925,0.0762546200838585
0.6,0.7,0.4,0.3,0.4233649,49925,0.0746940234142686
0.7,0.8,0.3,0.6,0.42337105,49925,0.07183491695307356
0.4,0.5,0.3,0.2,0.42338866,49925,0.07546517741040844
0.1,0.5,0.1,0.4,0.42341274,49925,0.07137660251178606
0.4,0.7,0.1,0.7,0.42342603,49925,0.06828699427415201
0.6,0.8,0.3,0.6,0.42343554,49925,0.07261289542305778
0.2,0.8,0.1,0.7,0.42345724,49925,0.06871176629112495
0.3,0.9,0.6,0.2,0.4234659,49925,0.07955796132821753
0.6,0.4,0.1,0.4,0.42347217,49925,0.06620223278325296
0.4,0.9,0.2,0.8,0.423497,49925,0.07107054289802438
0.4,0.9,0.3,0.7,0.42350084,49925,0.07366766421571451
0.2,0.7,0.4,0.3,0.42351606,49925,0.07860087481524476
0.8,0.9,0.2,0.9,0.4235909,49925,0.0688179323250231
0.9,0.6,0.2,0.5,0.4235951,49925,0.06744498465007223
0.9,0.4,0.2,0.1,0.42359543,49925,0.0636325431499935
0.3,0.2,0.1,0.1,0.42360014,49925,0.06945332995367935
0.9,0.6,0.3,0.3,0.42360014,49925,0.06945332995367935
0.6,0.4,0.2,0.2,0.42360014,49925,0.06945332995367935
0.8,0.8,0.1,0.9,0.4236006,49925,0.06588103458715093
0.8,0.4,0.1,0.4,0.42362267,49925,0.0636968808688429
0.1,0.7,0.3,0.4,0.42362317,49925,0.07704106450259383
0.4,0.6,0.1,0.6,0.42362317,49925,0.06852522095729291
0.4,0.8,0.1,0.8,0.42364424,49925,0.06802011644239828
0.8,0.7,0.1,0.8,0.42368802,49925,0.06575867903174512
0.9,0.9,0.4,0.6,0.4237351,49925,0.07220570655289393
0.1,0.6,0.2,0.4,0.42373604,49925,0.07500862230143199
0.4,0.9,0.1,0.9,0.42375103,49925,0.06776971632020268
0.9,0.9,0.5,0.4,0.4237558,49925,0.07348340101826113
0.4,0.5,0.1,0.5,0.42376044,49925,0.06873963121210064
0.1,0.6,0.3,0.3,0.4237698,49925,0.07813476476336481
0.2,0.9,0.6,0.2,0.42377058,49925,0.08039435881313083
0.2,0.9,0.5,0.4,0.42379287,49925,0.07875549332926073
0.7,0.4,0.1,0.4,0.42379367,49925,0.06491775473363338
0.9,0.8,0.5,0.2,0.42379773,49925,0.07300455657472214
0.2,0.5,0.3,0.2,0.42380056,49925,0.07831210540861831
0.7,0.8,0.1,0.9,0.42380866,49925,0.06653147838560648
0.1,0.8,0.3,0.5,0.42387807,49925,0.07607408673329935
0.5,0.6,0.2,0.5,0.42388827,49925,0.07138610570894967
0.1,0.9,0.4,0.5,0.42389095,49925,0.07745849569359874
0.4,0.7,0.5,0.1,0.4239087,49925,0.07823620703417468
0.5,0.8,0.3,0.6,0.42392454,49925,0.07343860953155056
0.8,0.9,0.6,0.2,0.423977,49925,0.07529599968991767
0.3,0.7,0.5,0.1,0.42400628,49925,0.07940983077941412
0.7,0.7,0.3,0.5,0.42400965,49925,0.07203193915011029
0.1,0.8,0.4,0.4,0.42402542,49925,0.07833702392425472
0.8,0.7,0.3,0.5,0.42402634,49925,0.07112162095779509
0.7,0.9,0.4,0.6,0.42405003,49925,0.07363872244049756
0.7,0.7,0.4,0.3,0.4240876,49925,0.073698057093776
0.8,0.9,0.4,0.6,0.42409518,49925,0.0729476171888223
0.9,0.8,0.2,0.8,0.4240955,49925,0.06820446286447918
0.7,0.9,0.2,0.9,0.42409778,49925,0.06945430505201433
0.5,0.7,0.5,0.1,0.42413345,49925,0.0771171492248344
0.6,0.8,0.5,0.3,0.4241734,49925,0.07612716233637142
0.5,0.8,0.5,0.3,0.42419836,49925,0.0770248925054837
0.6,0.9,0.4,0.6,0.42419901,49925,0.07434399403770892
0.4,0.8,0.5,0.3,0.42425388,49925,0.07793721202673379
0.3,0.8,0.5,0.3,0.42430902,49925,0.07881011606341976
0.8,0.5,0.3,0.1,0.42432877,49925,0.06910188191243527
0.6,0.6,0.4,0.1,0.42439586,49925,0.07422267441593433
0.6,0.7,0.3,0.5,0.4244463,49925,0.07294960512025797
0.7,0.8,0.5,0.3,0.424472,49925,0.07526452871038894
0.1,0.9,0.1,0.7,0.4245004,49925,0.06826470524212422
0.9,0.4,0.1,0.4,0.4245006,49925,0.0625349620511339
0.9,0.6,0.1,0.7,0.42451027,49925,0.0647238893681084
0.1,0.9,0.6,0.2,0.4245575,49925,0.08109981051694395
0.1,0.7,0.2,0.5,0.42461348,49925,0.07397798472897688
0.4,0.6,0.2,0.5,0.42462197,49925,0.07240387610638073
0.1,0.6,0.1,0.5,0.42462224,49925,0.07044544316634871
0.7,0.4,0.2,0.2,0.42462993,49925,0.06800460202584216
0.7,0.6,0.4,0.1,0.42463315,49925,0.07301910198859562
0.7,0.7,0.1,0.8,0.4246637,49925,0.06651472872036872
0.1,0.9,0.3,0.6,0.42466372,49925,0.0752263543328963
0.4,0.4,0.1,0.4,0.42468837,49925,0.06888724226027983
0.8,0.8,0.2,0.8,0.42468837,49925,0.06888724226027983
0.9,0.7,0.3,0.5,0.4247039,49925,0.07024580385774123
0.2,0.7,0.5,0.1,0.4247459,49925,0.08053554566860757
0.3,0.6,0.1,0.6,0.42480594,49925,0.06939007787195464
0.3,0.9,0.3,0.7,0.42481494,49925,0.07429859728064019
0.3,0.9,0.2,0.8,0.42482385,49925,0.07160932611007348
0.3,0.7,0.2,0.6,0.42484456,49925,0.07275652005631661
0.6,0.9,0.2,0.9,0.42485234,49925,0.07009136396999636
0.8,0.8,0.4,0.5,0.42485255,49925,0.07310431423604312
0.5,0.5,0.3,0.2,0.42487106,49925,0.07407128451464061
0.8,0.6,0.1,0.7,0.42489067,49925,0.06557274354611695
0.1,0.7,0.4,0.3,0.42494017,49925,0.07941700260361735
0.1,0.8,0.2,0.6,0.42497283,49925,0.0730715572877369
0.1,0.7,0.5,0.1,0.42498258,49925,0.08156583611110821
0.4,0.8,0.3,0.6,0.42498425,49925,0.07421331227848466
0.5,0.7,0.3,0.5,0.42498845,49925,0.07386440253420291
0.5,0.9,0.4,0.6,0.4250018,49925,0.07505639050370774
0.8,0.6,0.4,0.1,0.42501888,49925,0.07185090242850133
0.9,0.9,0.6,0.2,0.4250389,49925,0.07446706557855608
0.3,0.5,0.1,0.5,0.42503923,49925,0.06985224945559455
0.3,0.8,0.2,0.7,0.42504197,49925,0.07215067798029039
0.3,0.6,0.2,0.5,0.42504883,49925,0.07344748882252407
0.3,0.7,0.1,0.7,0.4250592,49925,0.06894113468518237
0.2,0.9,0.1,0.8,0.42509952,49925,0.06832644812293608
0.9,0.9,0.3,0.8,0.4251511,49925,0.07052443236322267
0.6,0.7,0.1,0.8,0.42519084,49925,0.06725328350412972
0.6,0.8,0.1,0.9,0.42519772,49925,0.06717112171628274
0.3,0.8,0.3,0.6,0.42520392,49925,0.07492926729267767
0.9,0.6,0.4,0.1,0.42524308,49925,0.07077277880974243
0.7,0.8,0.2,0.8,0.42525858,49925,0.06960151952016158
0.7,0.8,0.4,0.5,0.4252593,49925,0.07392603772385181
0.6,0.9,0.5,0.5,0.42526874,49925,0.07601835775169849
0.6,0.5,0.2,0.4,0.42528623,49925,0.07047592633487743
0.8,0.8,0.5,0.3,0.4253054,49925,0.07439301205882666
0.6,0.7,0.5,0.1,0.42536142,49925,0.0760129367107701
0.9,0.8,0.4,0.5,0.42537025,49925,0.07230921833288227
0.9,0.7,0.2,0.7,0.42537895,49925,0.06817675253343825
0.8,0.9,0.3,0.8,0.4254126,49925,0.07118637804521474
0.9,0.5,0.3,0.1,0.42542633,49925,0.06791392344852519
0.3,0.4,0.1,0.4,0.42545804,49925,0.0703065229317908
0.6,0.8,0.2,0.8,0.42545804,49925,0.0703065229317908
0.9,0.7,0.4,0.3,0.4254593,49925,0.07182080154064716
0.8,0.7,0.2,0.7,0.42549533,49925,0.06895374749597452
0.8,0.7,0.4,0.3,0.42550737,49925,0.0727485256560526
0.1,0.5,0.3,0.2,0.42551258,49925,0.07954417000518449
0.4,0.8,0.6,0.1,0.42551804,49925,0.0793066011510005
0.4,0.2,0.1,0.1,0.42554456,49925,0.06659364566698887
0.8,0.4,0.2,0.2,0.42554456,49925,0.06659364566698887
0.1,0.9,0.2,0.7,0.4255765,49925,0.07231612455196741
0.1,0.9,0.5,0.4,0.42562434,49925,0.07929839160694692
0.3,0.6,0.4,0.2,0.42563677,49925,0.07850363054163567
0.7,0.9,0.3,0.8,0.42564633,49925,0.07184250502361851
0.4,0.7,0.3,0.5,0.42565173,49925,0.0747318858604742
0.5,0.8,0.4,0.5,0.42565364,49925,0.07552243571946822
0.7,0.5,0.2,0.4,0.42568243,49925,0.06932458057468972
0.5,0.9,0.6,0.3,0.42568624,49925,0.07807593465826596
0.2,0.3,0.2,0.1,0.4257355,49925,0.07727097164953974
0.6,0.9,0.6,0.3,0.4257355,49925,0.07727097164953974
0.4,0.6,0.4,0.2,0.4257355,49925,0.07727097164953974
0.5,0.6,0.4,0.2,0.4257464,49925,0.076078773278795
0.5,0.9,0.5,0.5,0.42578793,49925,0.07676532940106458
0.7,0.6,0.1,0.7,0.42581582,49925,0.06642554298663103
0.2,0.8,0.5,0.3,0.42582607,49925,0.0796247607848391
0.3,0.8,0.1,0.8,0.42584276,49925,0.0685742281083964
0.7,0.9,0.6,0.3,0.42585137,49925,0.07646422752524103
0.4,0.5,0.2,0.4,0.4258526,49925,0.07292875171275297
0.6,0.8,0.6,0.1,0.42586645,49925,0.07732148754048224
0.5,0.5,0.2,0.4,0.42588788,49925,0.07172653377095593
0.6,0.8,0.4,0.5,0.42589355,49925,0.07471769432329123
0.4,0.9,0.4,0.6,0.42590222,49925,0.07576933917246452
0.7,0.9,0.5,0.5,0.42591795,49925,0.07530097067067694
0.3,0.8,0.6,0.1,0.42594314,49925,0.08031917906304128
0.8,0.9,0.6,0.3,0.42599374,49925,0.07567278568021907
0.7,0.7,0.5,0.1,0.42601708,49925,0.07492707434688105
0.4,0.9,0.6,0.3,0.4260713,49925,0.07890864733689275
0.5,0.8,0.6,0.1,0.42611158,49925,0.07829939575229533
0.5,0.8,0.2,0.8,0.42612994,49925,0.0710378762799697
0.2,0.8,0.6,0.1,0.42616475,49925,0.08127134492478667
0.4,0.9,0.5,0.5,0.42617565,49925,0.07748744250857503
0.8,0.9,0.5,0.5,0.4261996,49925,0.07456561377084991
0.5,0.9,0.2,0.9,0.42620724,49925,0.07068917790217906
0.7,0.7,0.2,0.7,0.4262247,49925,0.06974921940396396
0.6,0.5,0.3,0.2,0.42622966,49925,0.07272591794598687
0.3,0.9,0.4,0.6,0.42624184,49925,0.07639774322597057
0.8,0.5,0.1,0.6,0.4262979,49925,0.06525180992894718
0.1,0.7,0.1,0.6,0.4263201,49925,0.06968061378884685
0.6,0.9,0.3,0.8,0.42632496,49925,0.07249692370279077
0.5,0.8,0.1,0.9,0.42632863,49925,0.0677915275299065
0.9,0.5,0.1,0.6,0.42633754,49925,0.06431755128509165
0.9,0.8,0.3,0.7,0.42636558,49925,0.070634558603189
0.2,0.6,0.4,0.2,0.42637247,49925,0.07964502344709135
0.3,0.9,0.6,0.3,0.42637247,49925,0.07964502344709136
0.1,0.3,0.2,0.1,0.42637247,49925,0.07964502344709135
0.4,0.8,0.4,0.5,0.42639497,49925,0.07632707799214494
0.6,0.6,0.3,0.4,0.4263969,49925,0.07321047066786023
0.2,0.8,0.2,0.7,0.42640764,49925,0.07270811128989997
0.9,0.8,0.5,0.3,0.42640784,49925,0.07353484747191295
0.9,0.9,0.5,0.5,0.42641225,49925,0.0738497765960118
0.5,0.7,0.1,0.8,0.42642862,49925,0.06796459817308086
0.8,0.8,0.3,0.7,0.42643324,49925,0.0713846553962047
0.5,0.7,0.4,0.4,0.42643613,49925,0.07596377234476506
0.8,0.7,0.5,0.1,0.42645025,49925,0.07388533875483838
0.3,0.9,0.5,0.5,0.42646742,49925,0.07809289733303067
0.9,0.9,0.6,0.3,0.4264881,49925,0.07489472044704133
0.3,0.3,0.2,0.1,0.4264881,49925,0.07489472044704132
0.6,0.6,0.4,0.2,0.4264881,49925,0.07489472044704132
0.5,0.6,0.3,0.4,0.4264892,49925,0.07426230310995413
0.7,0.5,0.1,0.6,0.42654428,49925,0.06624267882256585
0.3,0.8,0.4,0.5,0.42658997,49925,0.0770531054663887
0.7,0.6,0.3,0.4,0.42659062,49925,0.07218393023875183
0.9,0.9,0.4,0.7,0.42664784,49925,0.0725213799983692
0.1,0.8,0.5,0.3,0.42665672,49925,0.08030112068915565
0.8,0.5,0.2,0.4,0.4266583,49925,0.06819176339928996
0.6,0.7,0.2,0.7,0.42667338,49925,0.07058394261039293
0.1,0.8,0.6,0.1,0.42669892,49925,0.082150010467284
0.2,0.9,0.4,0.6,0.4267514,49925,0.07693808009387287
0.9,0.4,0.2,0.2,0.42678457,49925,0.06528535836158192
0.6,0.8,0.5,0.4,0.42681164,49925,0.07639229309748873
0.7,0.8,0.3,0.7,0.4268323,49925,0.07212716409864434
0.4,0.7,0.4,0.4,0.4268423,49925,0.07691269458143234
0.5,0.9,0.3,0.8,0.42685375,49925,0.07317687543384646
0.4,0.6,0.3,0.4,0.42685524,49925,0.07531871655154261
0.6,0.6,0.1,0.7,0.4268562,49925,0.06728067189812004
0.3,0.9,0.1,0.9,0.42688707,49925,0.06824609060962708
0.4,0.9,0.7,0.1,0.42689955,49925,0.08012679858635835
0.9,0.7,0.5,0.1,0.42690143,49925,0.07287189340270381
0.2,0.6,0.2,0.5,0.42691997,49925,0.074335996906336
0.7,0.8,0.6,0.1,0.42692393,49925,0.07636167184727552
0.6,0.7,0.5,0.2,0.4269667,49925,0.07646169548823763
0.3,0.5,0.2,0.4,0.42698324,49925,0.07415122436394019
0.7,0.5,0.3,0.2,0.4269884,49925,0.07142500439484364
0.5,0.9,0.7,0.1,0.42704034,49925,0.07921500280506642
0.2,0.8,0.3,0.6,0.4270419,49925,0.07554483661272463
0.9,0.6,0.3,0.4,0.42708874,49925,0.07017268663761067
0.5,0.8,0.5,0.4,0.42711967,49925,0.07722198900830979
0.7,0.7,0.4,0.4,0.4271275,49925,0.07413117655997584
0.2,0.7,0.2,0.6,0.42714775,49925,0.07347294742557843
0.8,0.9,0.4,0.7,0.42715114,49925,0.07318240174710915
0.1,0.6,0.4,0.2,0.42715275,49925,0.0806959520877615
0.3,0.7,0.3,0.5,0.42717654,49925,0.07563190504070189
0.5,0.6,0.1,0.7,0.4271869,49925,0.06812737573019231
0.8,0.8,0.6,0.1,0.4271978,49925,0.07542745718564721
0.8,0.6,0.3,0.4,0.42723054,49925,0.07114776860198041
0.5,0.7,0.5,0.2,0.42724118,49925,0.0775140719939336
0.2,0.9,0.3,0.7,0.42727178,49925,0.0748110748400381
0.5,0.7,0.2,0.7,0.42727366,49925,0.07137014982158893
0.2,0.9,0.6,0.3,0.42727628,49925,0.08036168729283667
0.3,0.7,0.4,0.4,0.4272994,49925,0.0777828320250201
0.7,0.9,0.4,0.7,0.42730486,49925,0.07385179143003948
0.2,0.9,0.2,0.8,0.4273091,49925,0.07206924257966882
0.8,0.5,0.3,0.2,0.42732152,49925,0.07024198184266926
0.4,0.8,0.5,0.4,0.42735273,49925,0.07804429267403337
0.7,0.9,0.7,0.1,0.427373,49925,0.0774716126420218
0.9,0.5,0.2,0.4,0.42739922,49925,0.0671100509904678
0.6,0.7,0.4,0.4,0.4274105,49925,0.07506732938802317
0.6,0.9,0.7,0.1,0.42741373,49925,0.07834127847205427
0.2,0.7,0.3,0.5,0.42746693,49925,0.07638488589032942
0.3,0.7,0.5,0.2,0.4274753,49925,0.0796242844950243
0.4,0.9,0.2,0.9,0.42748192,49925,0.07127066349215884
0.2,0.6,0.1,0.6,0.42748836,49925,0.07013520344625503
0.4,0.7,0.5,0.2,0.4275049,49925,0.078545330726127
0.9,0.6,0.2,0.6,0.4275069,49925,0.06810682651906425
0.6,0.9,0.4,0.7,0.42750904,49925,0.07452907960318744
0.2,0.8,0.4,0.5,0.42752752,49925,0.07769888499769631
0.8,0.9,0.7,0.1,0.42753887,49925,0.07661830767061203
0.5,0.8,0.3,0.7,0.42755553,49925,0.07360290230462879
0.9,0.7,0.1,0.9,0.42755792,49925,0.06560260255358913
0.4,0.8,0.2,0.8,0.4275786,49925,0.07171856461514327
0.2,0.4,0.1,0.4,0.4275786,49925,0.07171856461514327
0.2,0.9,0.7,0.1,0.42758268,49925,0.08181699755235232
0.6,0.8,0.3,0.7,0.4276333,49925,0.07287285667557365
0.7,0.8,0.5,0.4,0.4276645,49925,0.07559004019955282
0.1,0.9,0.7,0.1,0.42767477,49925,0.08259148949400107
0.6,0.9,0.6,0.4,0.4276783,49925,0.0774521099676346
0.1,0.9,0.6,0.3,0.42767894,49925,0.08099153448135221
0.3,0.8,0.5,0.4,0.4276886,49925,0.07880415098553459
0.3,0.9,0.7,0.1,0.4276893,49925,0.08098298260975526
0.7,0.6,0.4,0.2,0.42768943,49925,0.0737485578608559
0.2,0.9,0.5,0.5,0.4277547,49925,0.0786752915776429
0.2,0.5,0.1,0.5,0.42775512,49925,0.07082467038190901
0.4,0.9,0.3,0.8,0.42781347,49925,0.07378719724943877
0.5,0.3,0.1,0.3,0.4278174,49925,0.06722811201982451
0.7,0.7,0.5,0.2,0.42789358,49925,0.07542619198691454
0.3,0.6,0.3,0.4,0.4279074,49925,0.07636305777606955
0.8,0.7,0.4,0.4,0.42790762,49925,0.07322123943348054
0.1,0.8,0.1,0.7,0.42791167,49925,0.06907715845400554
0.9,0.8,0.6,0.1,0.42791677,49925,0.07450648764077449
0.9,0.8,0.2,0.9,0.42793125,49925,0.06859504458002567
0.9,0.7,0.3,0.6,0.42795235,49925,0.07072987003868153
0.4,0.8,0.1,0.9,0.42797375,49925,0.06836284530698648
0.4,0.3,0.1,0.3,0.42798045,49925,0.06897081783964097
0.8,0.6,0.2,0.6,0.42798045,49925,0.06897081783964097
0.7,0.9,0.6,0.4,0.42799944,49925,0.0767032533688988
0.5,0.9,0.6,0.4,0.42806244,49925,0.07822390207191227
0.2,0.7,0.5,0.2,0.42808092,49925,0.0805943460595923
0.7,0.6,0.2,0.6,0.42809483,49925,0.06985808796740843
0.2,0.6,0.3,0.4,0.42809862,49925,0.07728953893777911
0.7,0.3,0.1,0.3,0.42814443,49925,0.06402647092390985
0.6,0.3,0.1,0.3,0.42815074,49925,0.06559401183537168
0.2,0.7,0.1,0.7,0.42815706,49925,0.06953441374016323
0.5,0.2,0.1,0.1,0.42817175,49925,0.06407143119548674
0.9,0.5,0.3,0.2,0.428173,49925,0.06906850246709524
0.8,0.6,0.4,0.2,0.42817605,49925,0.07266948757610128
0.4,0.3,0.2,0.1,0.42817605,49925,0.07266948757610128
0.1,0.9,0.4,0.6,0.42820376,49925,0.0773429981379003
0.9,0.9,0.7,0.1,0.4282096,49925,0.07579586297048725
0.8,0.8,0.5,0.4,0.4282298,49925,0.07477048372668305
0.2,0.7,0.4,0.4,0.42823836,49925,0.07857286248835514
0.2,0.5,0.2,0.4,0.42824563,49925,0.07528944254273555
0.5,0.8,0.6,0.2,0.42825705,49925,0.07857738543773597
0.8,0.9,0.6,0.4,0.42828038,49925,0.07595666918332257
0.7,0.8,0.4,0.6,0.4282963,49925,0.07417054897151264
0.4,0.7,0.1,0.8,0.4282987,49925,0.06862685169711018
0.1,0.8,0.3,0.6,0.428306,49925,0.07602451239527998
0.3,0.4,0.3,0.1,0.42833295,49925,0.07764982476145349
0.6,0.8,0.6,0.2,0.42833295,49925,0.07764982476145349
0.7,0.8,0.6,0.2,0.4283712,49925,0.07672749022650895
0.8,0.9,0.3,0.9,0.4283786,49925,0.07144029065376743
0.4,0.5,0.3,0.3,0.42839473,49925,0.0758971081067664
0.5,0.4,0.2,0.3,0.42842296,49925,0.07189215019973527
0.8,0.7,0.1,0.9,0.42842352,49925,0.06628389694858697
0.4,0.6,0.1,0.7,0.42842838,49925,0.06894488153365086
0.8,0.7,0.5,0.2,0.42843586,49925,0.0744669847120018
0.5,0.9,0.4,0.7,0.42844447,49925,0.07520783952576117
0.9,0.7,0.4,0.4,0.42844906,49925,0.07234854417363044
0.7,0.7,0.3,0.6,0.4284648,49925,0.07238818070282008
0.6,0.6,0.2,0.6,0.42846963,49925,0.07081708654693192
0.9,0.9,0.3,0.9,0.42846963,49925,0.07081708654693192
0.3,0.3,0.1,0.3,0.42846963,49925,0.07081708654693192
0.9,0.6,0.4,0.2,0.42847344,49925,0.07162048165271151
0.8,0.7,0.3,0.6,0.42852643,49925,0.0715403731089907
0.6,0.5,0.1,0.6,0.4285474,49925,0.06723101797634172
0.4,0.8,0.3,0.7,0.42857936,49925,0.07431750475442726
0.4,0.7,0.2,0.7,0.42859983,49925,0.0721705164104228
0.1,0.9,0.5,0.5,0.42862123,49925,0.07914886363793397
0.9,0.8,0.5,0.4,0.42862415,49925,0.07393218052918822
0.9,0.8,0.4,0.6,0.42863372,49925,0.0726529380636541
0.3,0.9,0.3,0.8,0.4286706,49925,0.07434189191562597
0.4,0.9,0.6,0.4,0.4287529,49925,0.07893169488211205
0.1,0.8,0.4,0.5,0.42875767,49925,0.07822911228520472
0.9,0.9,0.6,0.4,0.4287695,49925,0.07518578830800106
0.1,0.7,0.5,0.2,0.4288112,49925,0.08146121049622704
0.9,0.9,0.5,0.6,0.42881274,49925,0.0741018517452636
0.5,0.6,0.2,0.6,0.42882964,49925,0.07174346228887306
0.7,0.8,0.2,0.9,0.4288311,49925,0.06992489159161322
0.4,0.4,0.2,0.3,0.4288324,49925,0.07341491051890084
0.8,0.8,0.4,0.6,0.4288324,49925,0.07341491051890084
0.4,0.6,0.4,0.3,0.428847,49925,0.07751293999230151
0.1,0.9,0.1,0.8,0.42885152,49925,0.06856671384232128
0.6,0.7,0.3,0.6,0.42887363,49925,0.07324066141800993
0.3,0.8,0.6,0.2,0.428878,49925,0.08043348658788692
0.2,0.8,0.1,0.8,0.42889553,49925,0.0690478399759415
0.8,0.9,0.5,0.6,0.42889887,49925,0.07481507173369198
0.8,0.8,0.6,0.2,0.42891055,49925,0.07582907926034826
0.4,0.4,0.3,0.1,0.42891055,49925,0.07582907926034826
0.1,0.4,0.3,0.1,0.42892992,49925,0.08126703912861791
0.2,0.8,0.6,0.2,0.42892992,49925,0.08126703912861791
0.1,0.9,0.3,0.7,0.42893007,49925,0.07516398466184707
0.1,0.7,0.3,0.5,0.42894587,49925,0.07695251495921357
0.8,0.8,0.2,0.9,0.42895076,49925,0.06925498791314631
0.5,0.6,0.4,0.3,0.42899096,49925,0.0764350693544689
0.4,0.8,0.6,0.2,0.4289918,49925,0.07951843009199128
0.2,0.4,0.3,0.1,0.4289918,49925,0.07951843009199128
0.7,0.9,0.5,0.6,0.42901528,49925,0.07549185538897378
0.3,0.5,0.3,0.3,0.42902455,49925,0.07716050377667133
0.9,0.6,0.1,0.8,0.42902765,49925,0.06539123281608228
0.5,0.3,0.2,0.1,0.42903355,49925,0.07061549247173043
0.7,0.9,0.3,0.9,0.42904142,49925,0.07204706996579438
0.5,0.5,0.1,0.6,0.42905015,49925,0.06823215731647256
0.3,0.8,0.2,0.8,0.4290864,49925,0.07230555928433849
0.7,0.7,0.1,0.9,0.42908704,49925,0.06697217045574348
0.6,0.8,0.4,0.6,0.4290969,49925,0.07494781588174455
0.3,0.4,0.2,0.3,0.4290969,49925,0.07494781588174455
0.6,0.9,0.7,0.2,0.42914808,49925,0.0785853474420605
0.6,0.4,0.2,0.3,0.42915273,49925,0.07045881391539646
0.9,0.7,0.5,0.2,0.4291588,49925,0.07350216459905683
0.8,0.3,0.1,0.3,0.4291935,49925,0.06261432733739544
0.6,0.9,0.5,0.6,0.4291978,49925,0.0761942029794561
0.5,0.7,0.3,0.6,0.42920148,49925,0.07407665925837807
0.3,0.9,0.2,0.9,0.42921376,49925,0.07173440101991374
0.6,0.8,0.2,0.9,0.4292156,49925,0.07058302347200224
0.3,0.9,0.6,0.4,0.42925036,49925,0.07961872922435123
0.1,0.8,0.2,0.7,0.42937422,49925,0.07310315322494876
0.2,0.5,0.3,0.3,0.42937556,49925,0.07833186353789401
0.7,0.9,0.7,0.2,0.42939502,49925,0.07775584149106074
0.5,0.5,0.3,0.3,0.42941266,49925,0.07462966672900322
0.2,0.8,0.5,0.4,0.42942482,49925,0.0795290889364845
0.9,0.7,0.2,0.8,0.42943716,49925,0.06860820241911876
0.9,0.3,0.1,0.3,0.42951638,49925,0.06128079513198887
0.6,0.2,0.1,0.1,0.429523,49925,0.06184706026805951
0.3,0.6,0.4,0.3,0.42952326,49925,0.07858646879308256
0.5,0.8,0.4,0.6,0.4295335,49925,0.07568645991682553
0.7,0.7,0.5,0.3,0.4295432,49925,0.07583331480993027
0.2,0.9,0.1,0.9,0.42955247,49925,0.06861152517655963
0.9,0.4,0.1,0.5,0.4295719,49925,0.06371548556531181
0.3,0.9,0.4,0.7,0.42958367,49925,0.07639613097337368
0.6,0.9,0.3,0.9,0.42959458,49925,0.0726691589545284
0.4,0.6,0.2,0.6,0.42959458,49925,0.07266915895452841
0.2,0.3,0.1,0.3,0.42959458,49925,0.07266915895452841
0.4,0.7,0.3,0.6,0.42963892,49925,0.07489097279563023
0.5,0.9,0.7,0.2,0.42964232,49925,0.07941943655540892
0.4,0.9,0.4,0.7,0.42964292,49925,0.07584405304099963
0.8,0.4,0.1,0.5,0.42964745,49925,0.06477671532899876
0.8,0.6,0.1,0.8,0.42968255,49925,0.06618530003783768
0.9,0.8,0.6,0.2,0.4296833,49925,0.07496701096366454
0.6,0.7,0.5,0.3,0.4297178,49925,0.076781446262711
0.3,0.7,0.2,0.7,0.42973152,49925,0.07289119227670138
0.6,0.5,0.3,0.3,0.42974558,49925,0.0734012005959293
0.6,0.4,0.1,0.5,0.42975438,49925,0.06707951411504535
0.9,0.9,0.7,0.2,0.4297602,49925,0.07614957725097782
0.8,0.9,0.7,0.2,0.4297644,49925,0.07694802959265536
0.7,0.4,0.1,0.5,0.42977968,49925,0.065882700204619
0.4,0.9,0.7,0.2,0.4298029,49925,0.08026040984262486
0.5,0.9,0.5,0.6,0.4298254,49925,0.07684841301484727
0.3,0.8,0.3,0.7,0.4298271,49925,0.07498434610480186
0.1,0.7,0.2,0.6,0.42983654,49925,0.07396378159716571
0.6,0.6,0.4,0.3,0.429837,49925,0.07534791856389234
0.2,0.9,0.6,0.4,0.42987323,49925,0.0802459180721342
0.3,0.9,0.5,0.6,0.42987764,49925,0.07808866905769768
0.6,0.7,0.1,0.9,0.42988336,49925,0.06764403019925729
0.1,0.9,0.2,0.8,0.42988563,49925,0.07235828393929201
0.1,0.6,0.3,0.4,0.42989644,49925,0.07803647331457153
0.8,0.9,0.4,0.8,0.4299944,49925,0.07337064673778222
0.3,0.9,0.7,0.2,0.43001017,49925,0.08104073656296208
0.4,0.9,0.5,0.6,0.43001553,49925,0.07749308903666817
0.1,0.7,0.4,0.4,0.4300228,49925,0.07922312574538984
0.7,0.8,0.5,0.5,0.43004447,49925,0.07580791802615491
0.1,0.5,0.2,0.4,0.430047,49925,0.07620037300195269
0.8,0.7,0.2,0.8,0.43004808,49925,0.0693591810622306
0.1,0.8,0.6,0.2,0.43005618,49925,0.08202289569947344
0.2,0.9,0.7,0.2,0.43006217,49925,0.08179628927744076
0.3,0.5,0.4,0.1,0.43006423,49925,0.07933920016181936
0.5,0.4,0.3,0.1,0.4300752,49925,0.07412462400523127
0.8,0.8,0.3,0.8,0.43008253,49925,0.07165058650639151
0.4,0.5,0.1,0.6,0.43008327,49925,0.069250046922183
0.9,0.8,0.3,0.8,0.43014008,49925,0.0709402978910371
0.4,0.5,0.4,0.1,0.43015164,49925,0.07783816690410142
0.9,0.9,0.4,0.8,0.43015724,49925,0.0727272429945854
0.8,0.7,0.5,0.3,0.43016008,49925,0.07490129235313173
0.7,0.4,0.2,0.3,0.43025622,49925,0.0690827155309739
0.1,0.6,0.2,0.5,0.43026936,49925,0.07497417886710811
0.7,0.9,0.6,0.5,0.43029743,49925,0.0768580241462123
0.5,0.7,0.5,0.3,0.43031374,49925,0.07773983228491335
0.4,0.8,0.4,0.6,0.43032646,49925,0.0764157621899634
0.2,0.4,0.2,0.3,0.43032646,49925,0.0764157621899634
0.8,0.8,0.6,0.3,0.43033367,49925,0.07618130473338657
0.6,0.9,0.6,0.5,0.4303475,49925,0.07758246347873274
0.2,0.5,0.4,0.1,0.43041092,49925,0.08083048575948128
0.1,0.8,0.5,0.4,0.43042365,49925,0.08009922186523963
0.8,0.8,0.5,0.5,0.4304282,49925,0.07505189734990261
0.4,0.7,0.5,0.3,0.43043408,49925,0.07871738801573054
0.8,0.9,0.6,0.5,0.4304368,49925,0.07616244049636692
0.7,0.7,0.2,0.8,0.4304371,49925,0.07011485692532618
0.6,0.9,0.4,0.8,0.43044412,49925,0.07463737271242973
0.7,0.8,0.3,0.8,0.43044424,49925,0.07233327862877709
0.8,0.6,0.3,0.5,0.43045056,49925,0.07165186858575323
0.7,0.6,0.3,0.5,0.43049115,49925,0.0725973736482289
0.6,0.4,0.3,0.1,0.43049228,49925,0.07252760845974139
0.6,0.7,0.2,0.8,0.43049926,49925,0.07084799201669134
0.7,0.8,0.6,0.3,0.43050385,49925,0.07702865534838887
0.3,0.8,0.1,0.9,0.4305053,49925,0.0688722203396139
0.7,0.9,0.4,0.8,0.43053326,49925,0.07402140671012433
0.7,0.7,0.4,0.5,0.43053472,49925,0.07443401509320545
0.6,0.6,0.3,0.5,0.43057245,49925,0.07355793116820598
0.5,0.9,0.6,0.5,0.43058378,49925,0.07826924935362231
0.7,0.2,0.1,0.1,0.43064263,49925,0.05991134354490735
0.7,0.6,0.4,0.3,0.43065637,49925,0.0742864733384102
0.5,0.5,0.4,0.1,0.43065658,49925,0.0763937498591329
0.5,0.8,0.2,0.9,0.43066248,49925,0.07121346006210882
0.7,0.6,0.1,0.8,0.43067548,49925,0.06697246428774156
0.8,0.7,0.4,0.5,0.4306766,49925,0.07358700295094503
0.6,0.8,0.5,0.5,0.43067893,49925,0.07657293363675724
0.9,0.8,0.5,0.5,0.43070945,49925,0.07428228100700121
0.1,0.5,0.4,0.1,0.43073022,49925,0.08219984480665854
0.6,0.8,0.3,0.8,0.4307383,49925,0.07304138180212363
0.6,0.8,0.6,0.3,0.43076006,49925,0.07788011107691185
0.1,0.9,0.7,0.2,0.4307646,49925,0.08245514256480731
0.6,0.7,0.4,0.5,0.43079108,49925,0.07531922506584572
0.3,0.7,0.3,0.6,0.43079323,49925,0.07566652510150024
0.3,0.8,0.4,0.6,0.43080974,49925,0.07706950837479057
0.5,0.9,0.3,0.9,0.4308405,49925,0.07327360419930166
0.9,0.7,0.4,0.5,0.43086427,49925,0.07273585613794688
0.5,0.4,0.1,0.5,0.43087605,49925,0.06830415735725555
0.4,0.9,0.6,0.5,0.43088058,49925,0.07892589851533147
0.8,0.6,0.4,0.3,0.4308887,49925,0.07323838610458522
0.8,0.5,0.2,0.5,0.4309353,49925,0.06888148805049188
0.2,0.9,0.4,0.7,0.4309506,49925,0.07685494581192524
0.9,0.9,0.6,0.5,0.43095484,49925,0.0754745648161704
0.5,0.8,0.5,0.5,0.43096438,49925,0.07735524594628845
0.7,0.5,0.3,0.3,0.43097565,49925,0.07219194012596952
0.3,0.7,0.1,0.8,0.4309776,49925,0.06925101419497955
0.8,0.5,0.3,0.3,0.43098673,49925,0.07102086693716841
0.3,0.6,0.1,0.7,0.4309955,49925,0.06969953664775674
0.2,0.6,0.4,0.3,0.43101606,49925,0.0795883491094653
0.7,0.5,0.2,0.5,0.43103728,49925,0.06993563353456747
0.5,0.8,0.6,0.3,0.43104678,49925,0.0787580699861942
0.9,0.8,0.6,0.3,0.43107668,49925,0.07534856561643544
0.4,0.8,0.5,0.5,0.43111414,49925,0.07807845637818907
0.5,0.7,0.1,0.9,0.4311243,49925,0.0683127183288021
0.6,0.3,0.2,0.1,0.4311333,49925,0.06875667202831108
0.1,0.5,0.3,0.3,0.43114102,49925,0.07932057838669203
0.5,0.6,0.3,0.5,0.43114385,49925,0.07454337059355573
0.3,0.8,0.5,0.5,0.43115422,49925,0.0787677003764543
0.6,0.5,0.2,0.5,0.43116528,49925,0.07099611785378451
0.1,0.9,0.6,0.4,0.43117568,49925,0.08075194937402769
0.5,0.5,0.2,0.5,0.43118688,49925,0.07211205970773825
0.4,0.6,0.5,0.1,0.4312224,49925,0.07920307611409413
0.7,0.4,0.3,0.1,0.4312256,49925,0.07104590932650828
0.2,0.9,0.5,0.6,0.43123925,49925,0.07856102244945085
0.3,0.6,0.5,0.1,0.43124223,49925,0.08046623459010872
0.9,0.6,0.3,0.5,0.43124336,49925,0.07070965593391149
0.9,0.7,0.5,0.3,0.4312589,49925,0.07400183096291407
0.8,0.4,0.2,0.3,0.4312608,49925,0.06777529301138731
0.8,0.9,0.7,0.3,0.4312716,49925,0.07721485449228134
0.2,0.8,0.3,0.7,0.43129218,49925,0.07551649529490137
0.7,0.9,0.7,0.3,0.43129548,49925,0.0779792210188139
0.3,0.6,0.2,0.6,0.43129775,49925,0.0735585155838905
0.5,0.6,0.5,0.1,0.43130812,49925,0.07794881213031536
0.3,0.7,0.5,0.3,0.43131322,49925,0.07961589639890707
0.2,0.9,0.3,0.8,0.43132678,49925,0.07476844369657731
0.9,0.5,0.3,0.3,0.43133697,49925,0.06992801706677144
0.6,0.5,0.4,0.1,0.43135685,49925,0.07499356854611537
0.9,0.9,0.5,0.7,0.43141168,49925,0.07432055792963639
0.5,0.9,0.4,0.8,0.4314281,49925,0.07526378092467098
0.5,0.7,0.4,0.5,0.4314688,49925,0.07617005676241494
0.6,0.6,0.1,0.8,0.43148798,49925,0.06773733980777662
0.1,0.6,0.5,0.1,0.4314913,49925,0.08278775223927413
0.2,0.8,0.2,0.8,0.43150222,49925,0.07275964944242298
0.1,0.4,0.1,0.4,0.43150222,49925,0.07275964944242298
0.6,0.6,0.5,0.1,0.43152228,49925,0.07675495490618321
0.9,0.5,0.2,0.5,0.43154228,49925,0.06788590351058653
0.4,0.8,0.6,0.3,0.43161657,49925,0.07960488115590848
0.9,0.5,0.1,0.7,0.43161994,49925,0.06507607871489346
0.8,0.8,0.4,0.7,0.4316214,49925,0.0736268368496297
0.1,0.5,0.1,0.5,0.4316279,49925,0.071572650508081
0.8,0.2,0.1,0.1,0.43165487,49925,0.058174286212927556
0.2,0.6,0.5,0.1,0.4316601,49925,0.08167030618397049
0.9,0.6,0.4,0.3,0.43166137,49925,0.07225633936201611
0.5,0.8,0.3,0.8,0.43169433,49925,0.0737265241794815
0.9,0.8,0.4,0.7,0.43171546,49925,0.07293240483495511
0.5,0.9,0.7,0.3,0.43174627,49925,0.07954480241569369
0.3,0.5,0.1,0.6,0.43176585,49925,0.07019648691999675
0.4,0.8,0.2,0.9,0.43177402,49925,0.07182955654024409
0.9,0.9,0.7,0.3,0.4317753,49925,0.07644937632073423
0.1,0.7,0.6,0.1,0.43178785,49925,0.08320222749732754
0.4,0.9,0.3,0.9,0.43179303,49925,0.07383932732542918
0.8,0.5,0.1,0.7,0.43179366,49925,0.06596282961150071
0.6,0.9,0.7,0.3,0.43179435,49925,0.078751437182217
0.4,0.5,0.2,0.5,0.43180022,49925,0.0732334220869001
0.2,0.9,0.2,0.9,0.43180358,49925,0.07211386123246215
0.3,0.7,0.4,0.5,0.43180496,49925,0.07778607844272949
0.8,0.9,0.5,0.7,0.43184352,49925,0.07497840532223947
0.4,0.7,0.6,0.1,0.4318595,49925,0.08018642144706495
0.3,0.9,0.6,0.5,0.4318643,49925,0.07954592423292317
0.4,0.7,0.4,0.5,0.43186998,49925,0.07699878835355246
0.9,0.6,0.2,0.7,0.43187168,49925,0.06858184654618539
0.4,0.6,0.3,0.5,0.43187815,49925,0.07549829498015212
0.2,0.7,0.2,0.7,0.43190324,49925,0.07349590286562492
0.6,0.8,0.7,0.1,0.4319049,49925,0.07902946490906895
0.1,0.9,0.5,0.6,0.43193325,49925,0.07893331057179725
0.2,0.7,0.5,0.3,0.43197078,49925,0.080464316773075
0.1,0.6,0.1,0.6,0.43197244,49925,0.0706339492717467
0.7,0.6,0.5,0.1,0.43197247,49925,0.07558610168487688
0.7,0.5,0.4,0.1,0.43197381,49925,0.07367683956682602
0.1,0.4,0.2,0.3,0.43198395,49925,0.0775991013006585
0.2,0.8,0.4,0.6,0.43198395,49925,0.0775991013006585
0.6,0.7,0.6,0.1,0.43200517,49925,0.07804679045119943
0.5,0.7,0.2,0.8,0.43205488,49925,0.0715990479671488
0.7,0.7,0.3,0.7,0.43205592,49925,0.07262440810426031
0.5,0.7,0.6,0.1,0.43206128,49925,0.07911945774064694
0.2,0.8,0.5,0.5,0.43208387,49925,0.07938050100848627
0.4,0.4,0.1,0.5,0.4320942,49925,0.06953692009717015
0.1,0.9,0.4,0.7,0.43211725,49925,0.07719228606593401
0.1,0.6,0.4,0.3,0.43214032,49925,0.0804284131159877
0.8,0.6,0.2,0.7,0.4321625,49925,0.06941286492014234
0.7,0.7,0.6,0.1,0.43217057,49925,0.07699343156473477
0.2,0.7,0.3,0.6,0.43217587,49925,0.07629104992020663
0.9,0.4,0.2,0.3,0.43217868,49925,0.06653610460233836
0.7,0.9,0.8,0.1,0.4321935,49925,0.07898093469059467
0.8,0.5,0.4,0.1,0.43219554,49925,0.07242387125277408
0.3,0.8,0.6,0.3,0.43219653,49925,0.08040124251238509
0.3,0.7,0.6,0.1,0.43220267,49925,0.08124502099652021
0.1,0.7,0.5,0.3,0.43220833,49925,0.08119905346956172
0.5,0.6,0.1,0.8,0.4322308,49925,0.06851575393121064
0.4,0.9,0.4,0.8,0.43229097,49925,0.07585110309095595
0.7,0.8,0.4,0.7,0.43232316,49925,0.07434604077825893
0.9,0.2,0.1,0.1,0.43232882,49925,0.05661428912626502
0.3,0.9,0.3,0.9,0.43236202,49925,0.07432968137109283
0.2,0.6,0.2,0.6,0.43236202,49925,0.07432968137109283
0.1,0.3,0.1,0.3,0.43236202,49925,0.07432968137109283
0.7,0.9,0.5,0.7,0.43236476,49925,0.07563511908638407
0.5,0.7,0.5,0.4,0.4323971,49925,0.07788287834565503
0.9,0.7,0.3,0.7,0.43240312,49925,0.07104781425607543
0.3,0.9,0.7,0.3,0.43240368,49925,0.08101832467377389
0.9,0.9,0.4,0.9,0.43246922,49925,0.07288541057175532
0.2,0.8,0.6,0.3,0.43248743,49925,0.08114753977740181
0.7,0.8,0.7,0.1,0.43248802,49925,0.07809870464793076
0.4,0.8,0.3,0.8,0.4325099,49925,0.07437250467425108
0.4,0.9,0.7,0.3,0.43251255,49925,0.08028010571356957
0.8,0.7,0.3,0.7,0.4325172,49925,0.07182777205212455
0.6,0.9,0.5,0.7,0.432529,49925,0.07627580946083752
0.7,0.6,0.2,0.7,0.43254352,49925,0.0702506574432051
0.5,0.8,0.7,0.1,0.43255132,49925,0.07997481990701825
0.6,0.7,0.3,0.7,0.43255147,49925,0.07340608897295271
0.4,0.8,0.7,0.1,0.43256515,49925,0.08092211239589188
0.7,0.5,0.1,0.7,0.43258342,49925,0.06686471081518894
0.2,0.7,0.6,0.1,0.4326265,49925,0.08226050212414641
0.8,0.9,0.8,0.1,0.43263632,49925,0.07813651473422023
0.8,0.8,0.7,0.1,0.43265152,49925,0.07716264947392132
0.1,0.8,0.4,0.6,0.43265334,49925,0.07800757252787037
0.8,0.7,0.6,0.1,0.43266475,49925,0.07599540140153926
0.6,0.8,0.4,0.7,0.43270183,49925,0.0750517571724694
0.3,0.5,0.2,0.5,0.43273938,49925,0.07432140709773939
0.7,0.8,0.6,0.4,0.43279067,49925,0.07722657715044205
0.7,0.3,0.2,0.1,0.432809,49925,0.06700531615674439
0.4,0.4,0.3,0.2,0.4328246,49925,0.07643290568903802
0.8,0.8,0.6,0.4,0.4328246,49925,0.07643290568903802
0.1,0.8,0.6,0.3,0.4328394,49925,0.08176830020196345
0.6,0.7,0.5,0.4,0.43284273,49925,0.07697044765025522
0.1,0.8,0.1,0.8,0.43285725,49925,0.06930470668321378
0.1,0.8,0.7,0.1,0.4328698,49925,0.08351372564979527
0.2,0.7,0.4,0.5,0.43290097,49925,0.07844054350646854
0.8,0.4,0.3,0.1,0.43290132,49925,0.06966165456792646
0.1,0.7,0.1,0.7,0.4329258,49925,0.06990358611265002
0.6,0.8,0.6,0.4,0.43292716,49925,0.07802114058815411
0.3,0.4,0.3,0.2,0.43292716,49925,0.07802114058815411
0.8,0.9,0.6,0.6,0.43292868,49925,0.07631225976539553
0.1,0.8,0.3,0.7,0.43292993,49925,0.07583856974243655
0.3,0.8,0.7,0.1,0.43294293,49925,0.08182468087522689
0.8,0.6,0.5,0.1,0.4329524,49925,0.07444413943827002
0.2,0.9,0.7,0.3,0.43296763,49925,0.0816647628244041
0.5,0.8,0.6,0.4,0.4329851,49925,0.07880067347378777
0.9,0.5,0.4,0.1,0.43299544,49925,0.07125994494456123
0.4,0.9,0.5,0.7,0.43299684,49925,0.07747228620361907
0.6,0.6,0.2,0.7,0.43301663,49925,0.07111569154944107
0.5,0.9,0.8,0.1,0.4330206,49925,0.08064115267988556
0.6,0.9,0.8,0.1,0.43302208,49925,0.07980749657049852
0.7,0.7,0.5,0.4,0.43304202,49925,0.07611683370184877
0.7,0.9,0.7,0.4,0.43305874,49925,0.07812153296112478
0.8,0.7,0.5,0.4,0.43306613,49925,0.07524713240725217
0.1,0.9,0.1,0.9,0.43307027,49925,0.0687718015490633
0.5,0.9,0.5,0.7,0.4330782,49925,0.07689442714355117
0.9,0.8,0.6,0.4,0.43308437,49925,0.07565773627691326
0.2,0.8,0.7,0.1,0.43308625,49925,0.08273206522133016
0.9,0.8,0.3,0.9,0.4330947,49925,0.07120294660658151
0.7,0.6,0.4,0.4,0.43309715,49925,0.0746861448660195
0.5,0.5,0.4,0.2,0.4331123,49925,0.07688269331299522
0.3,0.6,0.3,0.5,0.43315375,49925,0.07641089688478399
0.5,0.6,0.4,0.4,0.43315437,49925,0.07663481413599331
0.5,0.6,0.2,0.7,0.43316114,49925,0.07197202273423559
0.1,0.9,0.3,0.8,0.43320394,49925,0.07506439312968127
0.9,0.9,0.8,0.1,0.43320927,49925,0.07732044446757046
0.5,0.7,0.3,0.7,0.4332127,49925,0.07417941393859383
0.7,0.9,0.6,0.6,0.43324643,49925,0.07698263591996497
0.9,0.6,0.5,0.1,0.4332729,49925,0.0733823301784901
0.9,0.9,0.7,0.4,0.4332738,49925,0.07667554890642726
0.4,0.7,0.5,0.4,0.43328163,49925,0.07875218445349581
0.8,0.9,0.4,0.9,0.43329576,49925,0.07352166173675685
0.8,0.9,0.7,0.4,0.43329698,49925,0.07740146699581137
0.4,0.9,0.8,0.1,0.43330896,49925,0.08147434332695952
0.3,0.8,0.2,0.9,0.43333873,49925,0.07232982241073772
0.4,0.7,0.1,0.9,0.43334466,49925,0.0689151820557463
0.4,0.5,0.4,0.2,0.43338478,49925,0.07817891890932498
0.2,0.8,0.1,0.9,0.4333912,49925,0.06923686974885619
0.9,0.9,0.6,0.6,0.43340516,49925,0.07565463035318884
0.3,0.3,0.2,0.2,0.43340516,49925,0.07565463035318885
0.6,0.6,0.4,0.4,0.43340516,49925,0.07565463035318885
0.6,0.9,0.7,0.4,0.4334149,49925,0.07884416929080602
0.4,0.6,0.4,0.4,0.43343934,49925,0.07764926493999584
0.2,0.3,0.2,0.2,0.43343934,49925,0.07764926493999584
0.6,0.9,0.6,0.6,0.43343934,49925,0.07764926493999583
0.9,0.8,0.7,0.1,0.43344033,49925,0.07628083890973694
0.3,0.4,0.1,0.5,0.43348244,49925,0.07077912755538023
0.1,0.9,0.8,0.1,0.4334895,49925,0.08375596186755924
0.9,0.6,0.1,0.9,0.4334986,49925,0.0659202003293875
0.4,0.7,0.2,0.8,0.4335152,49925,0.07230773085508918
0.8,0.8,0.3,0.9,0.4335431,49925,0.07184167013977642
0.6,0.5,0.1,0.7,0.4335515,49925,0.06776443234582699
0.2,0.9,0.8,0.1,0.43356586,49925,0.08304950512883481
0.4,0.6,0.1,0.8,0.43357664,49925,0.06923480445091074
0.3,0.9,0.8,0.1,0.43360105,49925,0.08228532675615427
0.1,0.9,0.7,0.3,0.43360192,49925,0.08220743904807398
0.7,0.9,0.4,0.9,0.43362254,49925,0.07409308692622626
0.3,0.9,0.4,0.8,0.43362525,49925,0.07634401569610569
0.5,0.4,0.3,0.2,0.43364894,49925,0.07489378717522634
0.9,0.8,0.5,0.6,0.4336509,49925,0.0744943325487857
0.2,0.6,0.3,0.5,0.4336862,49925,0.07718901855995998
0.9,0.7,0.5,0.4,0.43369398,49925,0.07439338673778471
0.3,0.7,0.5,0.4,0.43372363,49925,0.07955641959926771
0.9,0.7,0.6,0.1,0.43373114,49925,0.07500183644479812
0.6,0.9,0.4,0.9,0.43373188,49925,0.07468725237372094
0.2,0.9,0.6,0.5,0.43374357,49925,0.08008504511333871
0.7,0.8,0.5,0.6,0.4337475,49925,0.07597232737067806
0.1,0.8,0.5,0.5,0.43375123,49925,0.07983157297353731
0.9,0.7,0.2,0.9,0.4337589,49925,0.06896488545374851
0.2,0.7,0.1,0.8,0.43376628,49925,0.06973065977635061
0.5,0.8,0.4,0.7,0.4337836,49925,0.0757574147254722
0.3,0.9,0.5,0.7,0.43378487,49925,0.07800195998502944
0.4,0.8,0.4,0.7,0.43382207,49925,0.07639882700207877
0.6,0.6,0.5,0.2,0.4338383,49925,0.07717138217673761
0.5,0.9,0.6,0.6,0.43385535,49925,0.07827381625907057
0.1,0.7,0.4,0.5,0.43386066,49925,0.07895906570904246
0.3,0.6,0.4,0.4,0.43387875,49925,0.07858641540710921
0.6,0.5,0.4,0.2,0.43390113,49925,0.07559762810910234
0.5,0.6,0.5,0.2,0.43390417,49925,0.07827113613377139
0.8,0.8,0.5,0.6,0.43395787,49925,0.07523835367356847
0.7,0.5,0.3,0.4,0.43396458,49925,0.07272997364175142
0.9,0.4,0.3,0.1,0.43398696,49925,0.06835564089440303
0.4,0.9,0.6,0.6,0.43401158,49925,0.0788776114910651
0.1,0.9,0.6,0.5,0.43404448,49925,0.08050186344073154
0.1,0.8,0.2,0.8,0.4340497,49925,0.07302627702525494
0.4,0.7,0.3,0.7,0.43406147,49925,0.0749492851437851
0.5,0.5,0.3,0.4,0.43408138,49925,0.07497738964213786
0.3,0.8,0.3,0.8,0.4340874,49925,0.07494200691333823
0.3,0.5,0.4,0.2,0.43409115,49925,0.07950691442920974
0.5,0.9,0.7,0.4,0.4341053,49925,0.07954352126604179
0.2,0.4,0.3,0.2,0.4341169,49925,0.07956855685054093
0.4,0.8,0.6,0.4,0.4341169,49925,0.07956855685054093
0.1,0.7,0.3,0.6,0.43413186,49925,0.07674059454232494
0.7,0.8,0.3,0.9,0.43413928,49925,0.0724864143422959
0.2,0.6,0.1,0.7,0.4341588,49925,0.07033939577346456
0.8,0.3,0.2,0.1,0.43417588,49925,0.0654439041119895
0.3,0.8,0.4,0.7,0.43418238,49925,0.07698119262140544
0.9,0.7,0.4,0.6,0.43420222,49925,0.07306262248683879
0.8,0.7,0.2,0.9,0.43422136,49925,0.06965579753647609
0.6,0.5,0.3,0.4,0.43423384,49925,0.07383659163955096
0.1,0.9,0.2,0.9,0.4342662,49925,0.07233044779789187
0.2,0.5,0.1,0.6,0.43426973,49925,0.07103926505975532
0.3,0.7,0.2,0.8,0.4342737,49925,0.07291960366718397
0.8,0.7,0.4,0.6,0.43429503,49925,0.07385438190119262
0.8,0.6,0.4,0.4,0.43430817,49925,0.07370531464385473
0.4,0.3,0.2,0.2,0.43430817,49925,0.07370531464385473
0.8,0.6,0.1,0.9,0.4343193,49925,0.06665398860485204
0.6,0.4,0.3,0.2,0.43432045,49925,0.07341192155802459
0.4,0.6,0.5,0.2,0.43441546,49925,0.07941344937106262
0.8,0.5,0.3,0.4,0.4344637,49925,0.07164376804390371
0.7,0.7,0.2,0.9,0.43446454,49925,0.07035004621808888
0.7,0.5,0.4,0.2,0.43446922,49925,0.07434387397926658
0.2,0.6,0.4,0.4,0.43448317,49925,0.07942590590243549
0.1,0.3,0.2,0.2,0.43448317,49925,0.07942590590243549
0.3,0.9,0.6,0.6,0.43448317,49925,0.07942590590243549
0.7,0.7,0.6,0.2,0.43451825,49925,0.07735691419034711
0.9,0.6,0.4,0.4,0.4345245,49925,0.07276527698724303
0.5,0.8,0.5,0.6,0.43455002,49925,0.07740981035552892
0.5,0.5,0.1,0.7,0.43457973,49925,0.06869888985993687
0.6,0.8,0.5,0.6,0.43458155,49925,0.07669469804399605
0.4,0.8,0.5,0.6,0.43458483,49925,0.07806785797277396
0.5,0.7,0.6,0.2,0.4346343,49925,0.0793112924142244
0.6,0.8,0.3,0.9,0.43463483,49925,0.07314580012589898
0.3,0.8,0.6,0.4,0.43463793,49925,0.08029840578043106
0.5,0.9,0.4,0.9,0.4346456,49925,0.07527365868858611
0.2,0.9,0.3,0.9,0.43468142,49925,0.07468465988702266
0.2,0.5,0.2,0.5,0.43468747,49925,0.07526102700845581
0.4,0.5,0.3,0.4,0.43472004,49925,0.07609922306857964
0.7,0.6,0.5,0.2,0.4347367,49925,0.07605820093175893
0.4,0.9,0.7,0.4,0.43473688,49925,0.08022665219561692
0.2,0.9,0.4,0.8,0.43475014,49925,0.07673917797389912
0.6,0.7,0.6,0.2,0.43476456,49925,0.07831531297971961
0.3,0.5,0.3,0.4,0.43477342,49925,0.07721979320179775
0.3,0.8,0.5,0.6,0.4347803,49925,0.07867294925132226
0.8,0.6,0.5,0.2,0.4348291,49925,0.07497830459372457
0.7,0.6,0.1,0.9,0.4348585,49925,0.06736887951078525
0.2,0.9,0.5,0.7,0.43489844,49925,0.07839809703360966
0.7,0.8,0.7,0.2,0.43489915,49925,0.07835501642209816
0.6,0.9,0.8,0.2,0.43495384,49925,0.07995199907367675
0.9,0.9,0.8,0.2,0.4349558,49925,0.07759464174552407
0.5,0.8,0.7,0.2,0.4349686,49925,0.08010934262939033
0.4,0.7,0.6,0.2,0.43496993,49925,0.08029806930784246
0.7,0.7,0.4,0.6,0.43497732,49925,0.07464546788319498
0.5,0.3,0.2,0.2,0.43499178,49925,0.07186009820928134
0.5,0.9,0.8,0.2,0.43500173,49925,0.08072112884553362
0.5,0.4,0.2,0.4,0.43500873,49925,0.07242639355963004
0.8,0.9,0.8,0.2,0.43501845,49925,0.07839272013593304
0.2,0.7,0.5,0.4,0.43502277,49925,0.08030800552012915
0.6,0.7,0.4,0.6,0.4350426,49925,0.0754624936915388
0.9,0.8,0.4,0.8,0.4350553,49925,0.07310433705994214
0.2,0.5,0.4,0.2,0.43505564,49925,0.08078670829638938
0.7,0.9,0.7,0.5,0.43506533,49925,0.07817632209426698
0.8,0.7,0.6,0.2,0.43507534,49925,0.07639338444413725
0.6,0.7,0.2,0.9,0.4350774,49925,0.07105892023036524
0.8,0.6,0.3,0.6,0.43507987,49925,0.07199749562777961
0.1,0.7,0.2,0.7,0.4350955,49925,0.07385787505651323
0.6,0.6,0.3,0.6,0.4351027,49925,0.07378227466207764
0.4,0.4,0.2,0.4,0.4351027,49925,0.07378227466207764
0.2,0.2,0.1,0.2,0.4351027,49925,0.07378227466207764
0.8,0.8,0.4,0.8,0.4351027,49925,0.07378227466207764
0.9,0.8,0.7,0.2,0.43510973,49925,0.07664947992996178
0.9,0.7,0.6,0.2,0.43512258,49925,0.07544431877465892
0.8,0.8,0.7,0.2,0.4351229,49925,0.07748422356393139
0.6,0.8,0.7,0.2,0.4351529,49925,0.07924176760285574
0.3,0.7,0.6,0.2,0.43516007,49925,0.08125531337482994
0.3,0.6,0.5,0.2,0.43516326,49925,0.08053828010827731
0.5,0.7,0.4,0.6,0.4351776,49925,0.07623921158741678
0.1,0.5,0.4,0.2,0.43518007,49925,0.08184616519645271
0.2,0.5,0.3,0.4,0.43518597,49925,0.07823273736758123
0.9,0.9,0.7,0.5,0.43518743,49925,0.07683712500865457
0.7,0.6,0.3,0.6,0.43518925,49925,0.07288718432410746
0.2,0.8,0.5,0.6,0.4352405,49925,0.07917771774252126
0.8,0.5,0.4,0.2,0.4352449,49925,0.07317860705575975
0.7,0.9,0.8,0.2,0.43525907,49925,0.07916805581926697
0.6,0.6,0.1,0.9,0.43526018,49925,0.0680922243701795
0.7,0.4,0.3,0.2,0.43527767,49925,0.07202269090154126
0.6,0.9,0.5,0.8,0.4352904,49925,0.07630407072474303
0.9,0.9,0.5,0.8,0.43530345,49925,0.07446242841813196
0.8,0.9,0.5,0.8,0.43531764,49925,0.07509557867699151
0.2,0.9,0.6,0.6,0.43533483,49925,0.07989614603966987
0.3,0.9,0.7,0.4,0.43535602,49925,0.08087220348400774
0.4,0.6,0.2,0.7,0.43535852,49925,0.07281955253551614
0.6,0.3,0.1,0.4,0.43536392,49925,0.06671552793214242
0.3,0.7,0.3,0.7,0.43536985,49925,0.07563543363018863
0.4,0.8,0.7,0.2,0.4353865,49925,0.08097197497209757
0.1,0.6,0.3,0.5,0.43540657,49925,0.077753276599061
0.2,0.8,0.7,0.2,0.43548018,49925,0.08258007272524867
0.9,0.5,0.3,0.4,0.43548524,49925,0.07059986256199488
0.7,0.3,0.1,0.4,0.43550307,49925,0.06535197015829519
0.7,0.8,0.6,0.5,0.43553042,49925,0.0773391323554266
0.4,0.7,0.4,0.6,0.43553317,49925,0.07700670317293083
0.8,0.9,0.7,0.5,0.43553334,49925,0.07750360059112364
0.2,0.9,0.7,0.4,0.4355357,49925,0.0814488554079394
0.4,0.9,0.8,0.2,0.43553987,49925,0.08148760229907
0.7,0.9,0.5,0.8,0.4355405,49925,0.07569166951690989
0.2,0.8,0.6,0.4,0.43554318,49925,0.08094068967829422
0.1,0.4,0.3,0.2,0.43554318,49925,0.08094068967829422
0.9,0.6,0.5,0.2,0.43554565,49925,0.07397091593740997
0.8,0.8,0.6,0.5,0.435563,49925,0.07659720163009537
0.9,0.3,0.2,0.1,0.43556312,49925,0.06398402622759718
0.1,0.6,0.5,0.2,0.43557832,49925,0.08244636909768605
0.6,0.8,0.6,0.5,0.4355816,49925,0.07807515012865442
0.9,0.8,0.6,0.5,0.4356196,49925,0.07587322338498868
0.7,0.8,0.4,0.8,0.4356308,49925,0.07444700541586662
0.3,0.7,0.1,0.9,0.43563336,49925,0.06945986073444256
0.2,0.4,0.1,0.5,0.43564194,49925,0.07187942691129945
0.6,0.9,0.7,0.5,0.43567795,49925,0.0788487815734386
0.6,0.3,0.2,0.2,0.43568206,49925,0.07012020294626496
0.9,0.4,0.1,0.6,0.4357257,49925,0.06460068877385933
0.3,0.7,0.4,0.6,0.43573344,49925,0.07769468480957316
0.9,0.5,0.4,0.2,0.43575057,49925,0.07207567673095541
0.8,0.4,0.3,0.2,0.43575057,49925,0.07070965440837243
0.8,0.3,0.1,0.4,0.4357538,49925,0.06401432879194702
0.5,0.3,0.1,0.4,0.4357656,49925,0.06818505091854687
0.5,0.6,0.3,0.6,0.43577284,49925,0.07466305205376629
0.8,0.5,0.2,0.6,0.43580848,49925,0.06941578104544688
0.9,0.6,0.3,0.6,0.43581283,49925,0.07112977854688998
0.3,0.2,0.1,0.2,0.43581283,49925,0.07112977854688997
0.6,0.4,0.2,0.4,0.43581283,49925,0.07112977854688997
0.2,0.9,0.8,0.2,0.43581614,49925,0.08289494953010411
0.9,0.7,0.3,0.8,0.43581906,49925,0.07131753570374465
0.9,0.5,0.2,0.6,0.435821,49925,0.06845091168189871
0.2,0.7,0.6,0.2,0.43583423,49925,0.08213779343345347
0.1,0.7,0.6,0.2,0.4358344,49925,0.08289718976175126
0.5,0.8,0.3,0.9,0.43583518,49925,0.0737827738820748
0.3,0.8,0.7,0.2,0.43585306,49925,0.08181348150877404
0.2,0.8,0.3,0.8,0.43586078,49925,0.07537881925958922
0.4,0.5,0.1,0.7,0.43590128,49925,0.06958042697120108
0.7,0.4,0.2,0.4,0.4359171,49925,0.06986951595148407
0.4,0.9,0.4,0.9,0.4359474,49925,0.07581586765799568
0.5,0.9,0.7,0.5,0.43595326,49925,0.07953789479665459
0.4,0.2,0.1,0.2,0.43595883,49925,0.06865632945911032
0.8,0.4,0.2,0.4,0.43595883,49925,0.06865632945911032
0.3,0.4,0.2,0.4,0.4359615,49925,0.07511422405189896
0.6,0.8,0.4,0.8,0.4359615,49925,0.07511422405189896
0.5,0.8,0.6,0.5,0.4359674,49925,0.078817831088991
0.9,0.6,0.2,0.8,0.43598443,49925,0.06895049415001
0.3,0.9,0.8,0.2,0.4360336,49925,0.082224159908037
0.2,0.6,0.5,0.2,0.43603617,49925,0.08158663934958686
0.1,0.8,0.7,0.2,0.43603784,49925,0.08324489611052159
0.9,0.3,0.1,0.4,0.4360597,49925,0.06276515149908438
0.1,0.6,0.4,0.4,0.43606436,49925,0.08007131582001972
0.2,0.8,0.4,0.7,0.43609715,49925,0.07746162913459007
0.7,0.5,0.2,0.6,0.4361046,49925,0.0703738538537341
0.5,0.7,0.2,0.9,0.4361331,49925,0.07172598935867305
0.1,0.9,0.4,0.8,0.43613833,49925,0.07695657103553138
0.4,0.9,0.5,0.8,0.4361549,49925,0.0773961415962006
0.1,0.6,0.2,0.6,0.4361737,49925,0.07480056766662077
0.8,0.4,0.1,0.6,0.43617922,49925,0.06560302676970253
0.1,0.7,0.5,0.4,0.43618354,49925,0.08081818132780322
0.6,0.7,0.5,0.5,0.43618813,49925,0.0771054188734325
0.1,0.9,0.8,0.2,0.43618995,49925,0.08350408970142394
0.5,0.9,0.5,0.8,0.4361929,49925,0.07689064046758703
0.1,0.9,0.5,0.7,0.43620703,49925,0.07868405089028241
0.8,0.7,0.5,0.5,0.4362308,49925,0.0754809126924013
0.2,0.8,0.2,0.9,0.43625763,49925,0.07272005028498126
0.9,0.9,0.6,0.7,0.43628666,49925,0.07579187857252902
0.7,0.4,0.1,0.6,0.43631497,49925,0.0666348626902443
0.1,0.9,0.7,0.4,0.43636304,49925,0.08188138151295264
0.4,0.8,0.3,0.9,0.43637475,49925,0.07434258924794696
0.7,0.7,0.3,0.8,0.43639636,49925,0.07279461749900938
0.8,0.9,0.6,0.7,0.43639833,49925,0.0764132694120236
0.8,0.9,0.8,0.3,0.43639997,49925,0.0785446563500323
0.9,0.5,0.1,0.8,0.4364279,49925,0.0656708638368106
0.5,0.6,0.5,0.3,0.43642938,49925,0.07842621864996296
0.3,0.6,0.2,0.7,0.43652794,49925,0.07359441965539336
0.5,0.7,0.5,0.5,0.4365341,49925,0.0779062123765176
0.9,0.4,0.2,0.4,0.43657655,49925,0.06750688192364525
0.4,0.8,0.6,0.5,0.4365851,49925,0.07950722735491672
0.5,0.7,0.6,0.3,0.4366183,49925,0.07939594071230506
0.7,0.3,0.2,0.2,0.43663213,49925,0.06850984951306556
0.7,0.9,0.6,0.7,0.43663585,49925,0.07703758061964354
0.7,0.7,0.6,0.3,0.43663666,49925,0.0775821778857507
0.1,0.8,0.6,0.4,0.43664965,49925,0.08142790141175264
0.6,0.7,0.3,0.8,0.43666783,49925,0.07352581688859568
0.7,0.9,0.8,0.3,0.43669245,49925,0.07928710309052754
0.7,0.7,0.5,0.5,0.43669826,49925,0.0762857617090701
0.1,0.5,0.3,0.4,0.4367108,49925,0.07896807796428254
0.7,0.8,0.7,0.3,0.43675545,49925,0.07853453147145176
0.4,0.6,0.3,0.6,0.43676427,49925,0.0755452945838087
0.6,0.8,0.7,0.3,0.43676865,49925,0.07933346955508137
0.6,0.9,0.8,0.3,0.43677524,49925,0.07999580748495938
0.2,0.7,0.4,0.6,0.4368144,49925,0.07825528051346102
0.8,0.7,0.3,0.8,0.4368192,49925,0.07205951332299879
0.8,0.8,0.7,0.3,0.43682486,49925,0.07772055668435625
0.9,0.7,0.5,0.5,0.43684238,49925,0.07467377256818916
0.6,0.9,0.6,0.7,0.4368809,49925,0.07765474675278897
0.4,0.9,0.6,0.7,0.43688962,49925,0.07878043811529596
0.6,0.6,0.5,0.3,0.43689898,49925,0.07738615061524455
0.9,0.7,0.6,0.3,0.43691218,49925,0.0758111298794842
0.3,0.6,0.1,0.8,0.43691418,49925,0.06988425036440278
0.8,0.6,0.2,0.8,0.43692112,49925,0.06974252125346395
0.4,0.3,0.1,0.4,0.43692112,49925,0.06974252125346395
0.3,0.9,0.5,0.8,0.43693224,49925,0.07784501258942025
0.6,0.7,0.6,0.3,0.4369414,49925,0.07850024739968169
0.9,0.8,0.5,0.7,0.4369543,49925,0.07468676437960674
0.5,0.8,0.4,0.8,0.43696463,49925,0.07575459033892189
0.8,0.6,0.5,0.3,0.43697476,49925,0.07540759839786118
0.5,0.2,0.1,0.2,0.43698367,49925,0.06638511421353042
0.4,0.7,0.5,0.5,0.43699518,49925,0.07871067683601181
0.8,0.5,0.1,0.8,0.43700588,49925,0.06650508431619051
0.8,0.7,0.6,0.3,0.43702358,49925,0.0766862657299068
0.6,0.5,0.2,0.6,0.437033,49925,0.07135374961795737
0.4,0.9,0.7,0.5,0.43708485,49925,0.08014137045714069
0.5,0.5,0.4,0.3,0.43708614,49925,0.0771152956717282
0.4,0.6,0.5,0.3,0.43708616,49925,0.079437554703453
0.1,0.9,0.6,0.6,0.43708667,49925,0.08021578498290062
0.9,0.4,0.3,0.2,0.43711588,49925,0.06945316561184839
0.5,0.5,0.2,0.6,0.43712038,49925,0.07236484800350582
0.2,0.7,0.2,0.8,0.43713757,49925,0.07339326334204918
0.9,0.9,0.8,0.3,0.4371738,49925,0.0778174909138296
0.6,0.5,0.4,0.3,0.43718934,49925,0.07596986462966923
0.6,0.2,0.1,0.2,0.4371921,49925,0.0643614875947636
0.3,0.8,0.6,0.5,0.4372195,49925,0.08016246883184135
0.2,0.7,0.3,0.7,0.43722418,49925,0.07612391802623267
0.4,0.5,0.4,0.3,0.43723562,49925,0.07830405651157991
0.7,0.6,0.5,0.3,0.4372399,49925,0.07638668186077882
0.1,0.9,0.3,0.9,0.43724042,49925,0.07485054428661021
0.1,0.8,0.5,0.6,0.43725014,49925,0.07951393145955982
0.6,0.4,0.1,0.6,0.43731362,49925,0.067714011332494
0.3,0.6,0.3,0.6,0.43733782,49925,0.07635075125957466
0.4,0.8,0.4,0.8,0.43733782,49925,0.07635075125957465
0.2,0.4,0.2,0.4,0.43733782,49925,0.07635075125957465
0.1,0.2,0.1,0.2,0.43733782,49925,0.07635075125957465
0.3,0.9,0.6,0.7,0.4373459,49925,0.07926227919168159
0.5,0.6,0.1,0.9,0.43734902,49925,0.06879061984531915
0.5,0.8,0.7,0.3,0.43734962,49925,0.08013334322637998
0.9,0.8,0.7,0.3,0.43735996,49925,0.07691751114697677
0.3,0.9,0.4,0.9,0.43738803,49925,0.07622667724201816
0.4,0.7,0.2,0.9,0.4373905,49925,0.07233963682498855
0.3,0.7,0.5,0.5,0.4374045,49925,0.07940614350947871
0.8,0.6,0.4,0.5,0.43740734,49925,0.07403073495440482
0.1,0.5,0.2,0.5,0.43740985,49925,0.07592260687114735
0.7,0.6,0.2,0.8,0.43743223,49925,0.0705164589501344
0.9,0.6,0.5,0.3,0.43744028,49925,0.074434469332845
0.8,0.8,0.5,0.7,0.43744344,49925,0.07536901945215682
0.5,0.9,0.6,0.7,0.4374758,49925,0.07823196081549615
0.5,0.9,0.8,0.3,0.43749234,49925,0.08070572608933345
0.4,0.5,0.2,0.6,0.43750465,49925,0.07336733761226472
0.4,0.9,0.8,0.3,0.43751064,49925,0.08144064699987144
0.4,0.7,0.6,0.3,0.43753645,49925,0.08027349811491277
0.7,0.5,0.1,0.8,0.4375416,49925,0.06730630675402999
0.8,0.9,0.7,0.6,0.43754995,49925,0.07758423596267723
0.7,0.2,0.1,0.2,0.4376025,49925,0.06251272204290072
0.2,0.8,0.6,0.5,0.43760562,49925,0.08069877297470812
0.5,0.7,0.3,0.8,0.4376146,49925,0.07425446662802088
0.2,0.9,0.7,0.5,0.43765253,49925,0.0812271543419573
0.2,0.9,0.8,0.3,0.43767378,49925,0.08267745731224602
0.3,0.8,0.3,0.9,0.4376759,49925,0.0748463860118539
0.7,0.8,0.5,0.7,0.43768734,49925,0.0760593813688417
0.6,0.8,0.5,0.7,0.43769303,49925,0.07671778381847788
0.3,0.6,0.5,0.3,0.43770725,49925,0.08041846217816188
0.7,0.9,0.9,0.1,0.43771267,49925,0.08024713245708234
0.3,0.3,0.1,0.4,0.43771374,49925,0.07129788433893999
0.6,0.6,0.2,0.8,0.43771374,49925,0.07129788433893999
0.7,0.6,0.4,0.5,0.4377231,49925,0.07492488681535299
0.9,0.9,0.7,0.6,0.437765,49925,0.07693854595050638
0.3,0.9,0.7,0.5,0.4377904,49925,0.08072540443245023
0.9,0.9,0.5,0.9,0.4377952,49925,0.07458602454044966
0.7,0.5,0.4,0.3,0.43779978,49925,0.0748315884899441
0.1,0.8,0.3,0.8,0.43780664,49925,0.07560222460259698
0.9,0.7,0.4,0.7,0.43780917,49925,0.07329770394276222
0.6,0.6,0.4,0.5,0.43783656,49925,0.07584311270048993
0.8,0.3,0.2,0.2,0.43787134,49925,0.06702184385801785
0.6,0.8,0.8,0.1,0.43787217,49925,0.08043576779657684
0.8,0.2,0.1,0.2,0.4378727,49925,0.06086398456312009
0.1,0.8,0.1,0.9,0.437875,49925,0.06939501374961031
0.5,0.4,0.1,0.6,0.43787673,49925,0.06880079270545403
0.2,0.7,0.5,0.5,0.43788612,49925,0.08005012194738816
0.9,0.6,0.4,0.5,0.4378913,49925,0.07313817284670777
0.1,0.8,0.4,0.7,0.43790418,49925,0.07775788232410899
0.8,0.9,0.5,0.9,0.43790764,49925,0.07515653738184624
0.9,0.9,0.9,0.1,0.43790847,49925,0.07864438713918294
0.3,0.9,0.8,0.3,0.43796423,49925,0.08209141875952439
0.3,0.5,0.4,0.3,0.43797523,49925,0.0794632397964807
0.2,0.7,0.6,0.3,0.4379964,49925,0.08190277702786743
0.4,0.8,0.7,0.3,0.43802094,49925,0.08094284805600417
0.3,0.8,0.4,0.8,0.43803853,49925,0.07685218896002721
0.3,0.8,0.7,0.3,0.4380852,49925,0.08168457033081009
0.6,0.9,0.9,0.1,0.43810335,49925,0.08100684003447521
0.1,0.7,0.1,0.8,0.43810892,49925,0.06995607724949937
0.8,0.9,0.9,0.1,0.43810996,49925,0.07945761161212186
0.8,0.7,0.4,0.7,0.43812335,49925,0.07404240837589066
0.5,0.8,0.5,0.7,0.43816438,49925,0.07735061945550026
0.7,0.9,0.5,0.9,0.43817028,49925,0.0757275751519787
0.7,0.9,0.7,0.6,0.4381847,49925,0.07821057524707199
0.2,0.9,0.5,0.8,0.4381915,49925,0.07822266130976119
0.8,0.8,0.8,0.1,0.43819678,49925,0.07867378610380031
0.1,0.7,0.4,0.6,0.43822947,49925,0.07860605622703098
0.3,0.7,0.6,0.3,0.4383016,49925,0.08116279833583286
0.9,0.8,0.4,0.9,0.43830281,49925,0.07324158311272741
0.9,0.8,0.8,0.1,0.43830684,49925,0.07781387394174859
0.1,0.9,0.8,0.3,0.4383101,49925,0.08316202806747311
0.5,0.6,0.4,0.5,0.43835655,49925,0.07674355155869454
0.4,0.8,0.5,0.7,0.4383936,49925,0.07796448823609993
0.2,0.8,0.7,0.3,0.43840048,49925,0.08233954974316343
0.3,0.5,0.1,0.7,0.43841106,49925,0.0703943637755963
0.7,0.8,0.8,0.1,0.4384139,49925,0.07956053533226856
0.4,0.7,0.3,0.8,0.43841904,49925,0.07491163397657338
0.6,0.9,0.7,0.6,0.43842897,49925,0.07884696328590837
0.6,0.7,0.4,0.7,0.43843153,49925,0.07554027200129866
0.4,0.6,0.4,0.5,0.43844622,49925,0.07764733633114576
0.5,0.4,0.3,0.3,0.43844855,49925,0.07533701197647841
0.1,0.8,0.7,0.3,0.43846846,49925,0.08288206215103323
0.8,0.7,0.7,0.1,0.43847114,49925,0.07772587061484597
0.8,0.5,0.4,0.3,0.43850613,49925,0.07374432796166744
0.9,0.9,0.8,0.4,0.43852046,49925,0.07793506105432986
0.5,0.8,0.8,0.1,0.4385304,49925,0.0813020628439383
0.8,0.9,0.8,0.4,0.43855143,49925,0.07863366716821459
0.9,0.2,0.1,0.2,0.4385557,49925,0.059362804332658684
0.5,0.6,0.2,0.8,0.43856272,49925,0.07209655936092421
0.8,0.8,0.7,0.4,0.43858215,49925,0.07782712771871801
0.6,0.7,0.7,0.1,0.43858224,49925,0.0797071433468222
0.9,0.3,0.2,0.2,0.43858382,49925,0.06564894267175285
0.1,0.7,0.6,0.3,0.43858814,49925,0.08251198163801499
0.2,0.6,0.2,0.7,0.4385965,49925,0.07416559985861368
0.5,0.9,0.9,0.1,0.43860358,49925,0.08180591909842982
0.4,0.9,0.9,0.1,0.43861043,49925,0.08258676858640557
0.5,0.7,0.7,0.1,0.43861768,49925,0.08070813583953601
0.2,0.9,0.4,0.9,0.43865412,49925,0.07654784125962245
0.2,0.8,0.8,0.1,0.43867508,49925,0.0838185673964116
0.2,0.9,0.9,0.1,0.43869713,49925,0.08401511826068811
0.8,0.8,0.6,0.6,0.43871748,49925,0.07668876324618332
0.4,0.4,0.3,0.3,0.43871748,49925,0.07668876324618332
0.2,0.7,0.1,0.9,0.4387377,49925,0.06980162009023669
0.2,0.6,0.5,0.3,0.43873852,49925,0.08133996660259085
0.1,0.6,0.1,0.7,0.4387474,49925,0.0706669121490517
0.7,0.7,0.7,0.1,0.43875042,49925,0.07871034415477947
0.4,0.8,0.8,0.1,0.43875313,49925,0.08219283508338572
0.2,0.7,0.7,0.1,0.43876946,49925,0.08358114838772404
0.2,0.9,0.6,0.7,0.43877423,49925,0.07965351200383995
0.2,0.6,0.3,0.6,0.43879104,49925,0.07699046206413068
0.6,0.9,0.5,0.9,0.43879572,49925,0.07628417154653198
0.7,0.7,0.4,0.7,0.43879694,49925,0.07479276968877006
0.5,0.9,0.7,0.6,0.43882805,49925,0.07947452891102193
0.7,0.8,0.7,0.4,0.43883485,49925,0.07859518334408148
0.1,0.5,0.1,0.6,0.43884856,49925,0.07153501749259406
0.3,0.6,0.4,0.5,0.43885556,49925,0.0784646488838152
0.9,0.8,0.6,0.6,0.43886855,49925,0.07600229075743813
0.3,0.9,0.9,0.1,0.4388751,49925,0.08332550681936547
0.7,0.9,0.8,0.4,0.43887997,49925,0.0793160014853615
0.4,0.6,0.6,0.1,0.43889746,49925,0.08103556449207888
0.4,0.9,0.7,0.6,0.43889907,49925,0.08004240976755111
0.7,0.7,0.6,0.4,0.43891475,49925,0.07769725689220992
0.7,0.8,0.4,0.9,0.4389339,49925,0.07449017974914425
0.3,0.8,0.5,0.7,0.43893415,49925,0.07852072066789702
0.9,0.5,0.4,0.3,0.43893653,49925,0.0726873153225664
0.6,0.7,0.6,0.4,0.43894133,49925,0.07855073477314284
0.8,0.8,0.4,0.9,0.43894458,49925,0.07384870476207928
0.7,0.5,0.3,0.5,0.43894666,49925,0.07309358094954203
0.1,0.9,0.9,0.1,0.43897268,49925,0.08463316504229133
0.6,0.6,0.6,0.1,0.43901443,49925,0.07874353266805599
0.3,0.7,0.7,0.1,0.4390227,49925,0.08267605115639512
0.3,0.5,0.2,0.6,0.43903208,49925,0.07431279697320237
0.2,0.6,0.4,0.5,0.43904436,49925,0.07917357655441257
0.6,0.5,0.1,0.8,0.4390533,49925,0.06816881733893389
0.6,0.5,0.3,0.5,0.43907,49925,0.07412053037859022
0.5,0.6,0.6,0.1,0.439074,49925,0.07990111154456254
0.9,0.7,0.6,0.4,0.43908268,49925,0.07605744811945221
0.3,0.8,0.8,0.1,0.43908492,49925,0.08304747726892445
0.7,0.8,0.6,0.6,0.43910164,49925,0.07740925943100184
0.5,0.9,0.5,0.9,0.43912065,49925,0.07679836760606185
0.6,0.9,0.8,0.4,0.4391208,49925,0.07998684065984461
0.9,0.8,0.7,0.4,0.43914995,49925,0.0770880623228013
0.9,0.5,0.3,0.5,0.43918502,49925,0.07112712632600078
0.3,0.7,0.3,0.8,0.43918508,49925,0.0754823342362816
0.5,0.7,0.4,0.7,0.43918788,49925,0.07624971213243098
0.8,0.5,0.3,0.5,0.4392383,49925,0.07209534444546402
0.6,0.4,0.3,0.3,0.4392392,49925,0.0739951683306943
0.4,0.7,0.7,0.1,0.43925962,49925,0.08168651199445687
0.1,0.8,0.8,0.1,0.43926173,49925,0.08452792717866549
0.7,0.9,0.6,0.8,0.4392722,49925,0.0770423994957535
0.3,0.9,0.7,0.6,0.43928662,49925,0.08052585290767314
0.2,0.5,0.4,0.3,0.43929705,49925,0.08054759562407392
0.3,0.4,0.3,0.3,0.43930513,49925,0.07808560217972622
0.6,0.8,0.6,0.6,0.43930513,49925,0.07808560217972622
0.4,0.5,0.5,0.1,0.43931535,49925,0.08015987385617146
0.7,0.6,0.3,0.7,0.43932617,49925,0.07307655474744236
0.3,0.7,0.2,0.9,0.4393442,49925,0.07284900353222784
0.5,0.9,0.8,0.4,0.43936175,49925,0.0806869080239996
0.8,0.7,0.6,0.4,0.43936625,49925,0.07685753672468681
0.1,0.8,0.2,0.9,0.43937814,49925,0.07289840153661041
0.2,0.8,0.5,0.7,0.43939522,49925,0.07893059640183746
0.1,0.8,0.6,0.5,0.43942025,49925,0.08106124319364763
0.7,0.6,0.6,0.1,0.4394249,49925,0.0776047115306358
0.9,0.7,0.7,0.1,0.43945044,49925,0.07678890754942454
0.4,0.6,0.1,0.9,0.43945444,49925,0.06943042705134081
0.6,0.8,0.7,0.4,0.43945667,49925,0.07933793384516563
0.4,0.8,0.6,0.6,0.43946433,49925,0.0793785138500917
0.2,0.4,0.3,0.3,0.43946433,49925,0.0793785138500917
0.5,0.8,0.6,0.6,0.4394804,49925,0.07876009907585774
0.3,0.9,0.8,0.4,0.43948257,49925,0.08191219671388236
0.1,0.7,0.3,0.7,0.43948364,49925,0.07644271685677835
0.4,0.4,0.1,0.6,0.43948567,49925,0.06991586022942435
0.1,0.7,0.7,0.1,0.43950158,49925,0.084409664547826
0.1,0.9,0.7,0.5,0.43951502,49925,0.08157403665647789
0.1,0.6,0.5,0.3,0.43954214,49925,0.0820236651147484
0.5,0.5,0.5,0.1,0.43956777,49925,0.07880555953803878
0.3,0.6,0.6,0.1,0.43957365,49925,0.08218282536512182
0.6,0.6,0.5,0.4,0.43959,49925,0.07749274102825887
0.9,0.9,0.6,0.8,0.43959227,49925,0.07587001051206876
0.4,0.5,0.3,0.5,0.43961668,49925,0.07617497947421897
0.2,0.6,0.6,0.1,0.43963003,49925,0.08326154142732343
0.8,0.6,0.3,0.7,0.43963265,49925,0.0722555520986684
0.9,0.5,0.2,0.7,0.43965927,49925,0.068914949136212
0.8,0.9,0.6,0.8,0.4396823,49925,0.0764609922499226
0.9,0.7,0.3,0.9,0.43969858,49925,0.07152561771415153
0.3,0.8,0.6,0.6,0.43970212,49925,0.07994498837228045
0.5,0.7,0.6,0.4,0.43970707,49925,0.07938388100089752
0.8,0.7,0.3,0.9,0.43976042,49925,0.07221296135007461
0.5,0.8,0.7,0.4,0.43976113,49925,0.08009274891326218
0.6,0.8,0.4,0.9,0.43978733,49925,0.07512167572403922
0.8,0.5,0.2,0.7,0.439817,49925,0.06978009426719516
0.6,0.9,0.6,0.8,0.4398637,49925,0.07760284884472446
0.2,0.6,0.1,0.8,0.43986765,49925,0.07040416356617851
0.8,0.6,0.6,0.1,0.43987116,49925,0.07653494901877456
0.7,0.6,0.5,0.4,0.43989685,49925,0.07658758500271735
0.6,0.6,0.3,0.7,0.43990934,49925,0.07388569798308278
0.7,0.7,0.5,0.6,0.43991116,49925,0.07637319861234607
0.4,0.7,0.4,0.7,0.43991223,49925,0.07690290563810687
0.8,0.7,0.5,0.6,0.43991753,49925,0.07561848923642812
0.1,0.5,0.4,0.3,0.43991908,49925,0.08137184967693065
0.7,0.4,0.3,0.3,0.4399409,49925,0.07269668528176743
0.3,0.5,0.5,0.1,0.43994486,49925,0.08148464445873582
0.1,0.6,0.6,0.1,0.43995932,49925,0.08426188238461425
0.2,0.8,0.4,0.8,0.43996254,49925,0.07723718065469795
0.1,0.4,0.2,0.4,0.43996254,49925,0.07723718065469795
0.5,0.5,0.1,0.8,0.43997937,49925,0.06900015249992594
0.1,0.7,0.5,0.5,0.43997973,49925,0.08046609011773856
0.8,0.6,0.5,0.4,0.43998656,49925,0.07567540023500567
0.5,0.5,0.3,0.5,0.43999028,49925,0.07515912995695058
0.8,0.9,0.9,0.2,0.43999606,49925,0.07956948274286704
0.4,0.9,0.5,0.9,0.43999755,49925,0.07726829314627513
0.1,0.9,0.5,0.8,0.4400008,49925,0.07840565219755422
0.4,0.8,0.7,0.4,0.4400108,49925,0.08080631957160508
0.9,0.9,0.9,0.2,0.4400248,49925,0.07883002707965632
0.6,0.9,0.9,0.2,0.44002643,49925,0.08104162169108614
0.9,0.6,0.3,0.7,0.4400356,49925,0.07143527680009241
0.9,0.7,0.5,0.6,0.44005907,49925,0.07486647925604852
0.7,0.9,0.9,0.2,0.44006282,49925,0.08030576616573348
0.9,0.9,0.7,0.7,0.4401007,49925,0.07697556387756785
0.1,0.7,0.2,0.8,0.44012928,49925,0.07362654887035304
0.5,0.9,0.6,0.8,0.4401631,49925,0.07813913165756854
0.2,0.5,0.5,0.1,0.44016966,49925,0.08280571950158483
0.2,0.9,0.8,0.4,0.44019887,49925,0.0824259162836289
0.1,0.5,0.5,0.1,0.4402531,49925,0.08401302522608008
0.4,0.7,0.6,0.4,0.4402714,49925,0.08018533746766687
0.2,0.3,0.1,0.4,0.4402827,49925,0.07284527183180677
0.4,0.6,0.2,0.8,0.4402827,49925,0.07284527183180677
0.9,0.6,0.5,0.4,0.44028378,49925,0.07478940992212382
0.9,0.9,0.8,0.5,0.44030562,49925,0.07801313380446358
0.2,0.8,0.3,0.9,0.44033933,49925,0.07517982429945504
0.6,0.5,0.5,0.1,0.44035676,49925,0.07746202964805546
0.1,0.9,0.8,0.4,0.44037277,49925,0.0828245090782315
0.7,0.7,0.3,0.9,0.440384,49925,0.07288872301950326
0.3,0.9,0.5,0.9,0.44040942,49925,0.07767555330036253
0.9,0.8,0.5,0.8,0.44041175,49925,0.0748198997140793
0.8,0.4,0.3,0.3,0.4404183,49925,0.07146318008593856
0.1,0.9,0.4,0.9,0.4404417,49925,0.07669022708659902
0.4,0.9,0.6,0.8,0.4404422,49925,0.07863444863397957
0.2,0.9,0.9,0.2,0.44046164,49925,0.08383527995215348
0.2,0.5,0.2,0.6,0.44050696,49925,0.0750903925355324
0.3,0.4,0.4,0.1,0.44050774,49925,0.08050000342424357
0.6,0.8,0.8,0.2,0.44050774,49925,0.08050000342424357
0.1,0.9,0.6,0.7,0.44051823,49925,0.07990845742579691
0.8,0.9,0.7,0.7,0.4405186,49925,0.0776146974744868
0.4,0.4,0.4,0.1,0.44051957,49925,0.07886699372147209
0.8,0.8,0.8,0.2,0.44051957,49925,0.07886699372147209
0.4,0.9,0.8,0.4,0.44052243,49925,0.08133527456732285
0.3,0.9,0.9,0.2,0.44053483,49925,0.08318522968331574
0.7,0.5,0.2,0.7,0.44055063,49925,0.07068773153194596
0.6,0.7,0.5,0.6,0.44056302,49925,0.07712044957041883
0.6,0.7,0.3,0.9,0.44057694,49925,0.07357904438019247
0.5,0.8,0.4,0.9,0.44058263,49925,0.07570754145865988
0.7,0.8,0.8,0.2,0.44060162,49925,0.07967720511481784
0.5,0.9,0.9,0.2,0.44060925,49925,0.08179566390254978
0.7,0.5,0.5,0.1,0.44060957,49925,0.07619392917898782
0.3,0.7,0.4,0.7,0.4406505,49925,0.07752044505649931
0.2,0.9,0.7,0.6,0.44065642,49925,0.08092789773362978
0.8,0.9,0.8,0.5,0.44066012,49925,0.07867157424108268
0.5,0.6,0.5,0.4,0.44069374,49925,0.07845165496424998
0.5,0.6,0.3,0.7,0.4407264,49925,0.07471348916932845
0.3,0.8,0.7,0.4,0.4407278,49925,0.08149929265704704
0.1,0.4,0.4,0.1,0.44072905,49925,0.08361939484941838
0.2,0.8,0.8,0.2,0.44072905,49925,0.08361939484941838
0.2,0.8,0.7,0.4,0.44075435,49925,0.08207772211057839
0.7,0.9,0.8,0.5,0.44078854,49925,0.079312140980123
0.3,0.5,0.3,0.5,0.44081557,49925,0.0771157566761643
0.8,0.8,0.5,0.8,0.4408263,49925,0.07544744643399072
0.1,0.4,0.1,0.5,0.4408298,49925,0.0725737673147106
0.9,0.6,0.2,0.9,0.4408367,49925,0.06927495869679683
0.7,0.8,0.7,0.5,0.44083878,49925,0.07862173421323831
0.9,0.6,0.6,0.1,0.4408484,49925,0.0755018037562026
0.1,0.9,0.9,0.2,0.44084987,49925,0.08433839777661106
0.4,0.9,0.9,0.2,0.44085205,49925,0.08248663156314705
0.7,0.8,0.5,0.8,0.4408559,49925,0.07608928961660906
0.8,0.8,0.7,0.5,0.44086167,49925,0.07789963219792523
0.9,0.5,0.5,0.1,0.4408941,49925,0.07386143013534677
0.5,0.3,0.2,0.3,0.44090733,49925,0.07260001197816775
0.5,0.8,0.8,0.2,0.44092074,49925,0.08131523971189632
0.9,0.7,0.4,0.8,0.44092178,49925,0.07345936984377789
0.9,0.8,0.7,0.5,0.44093114,49925,0.07718299883458818
0.5,0.7,0.5,0.6,0.44094944,49925,0.07788401667217718
0.3,0.8,0.8,0.2,0.44097885,49925,0.08290843232458178
0.3,0.9,0.6,0.8,0.4410063,49925,0.0790688385078902
0.9,0.4,0.2,0.5,0.4410487,49925,0.06821583900968005
0.8,0.6,0.2,0.9,0.44109297,49925,0.06997400911828959
0.9,0.4,0.3,0.3,0.44109523,49925,0.07030454646519958
0.1,0.4,0.3,0.3,0.4411081,49925,0.08040932721736856
0.2,0.8,0.6,0.6,0.4411081,49925,0.08040932721736856
0.6,0.8,0.5,0.8,0.44110987,49925,0.07670534225881141
0.9,0.4,0.1,0.7,0.44112146,49925,0.06530389976619697
0.1,0.8,0.8,0.2,0.44113156,49925,0.08419437589903171
0.1,0.8,0.7,0.4,0.44113392,49925,0.08250061492836852
0.9,0.8,0.8,0.2,0.44113487,49925,0.07804719486302364
0.3,0.7,0.6,0.4,0.44120237,49925,0.0809605197465306
0.8,0.5,0.5,0.1,0.44121456,49925,0.07499987502340083
0.4,0.8,0.8,0.2,0.4412218,49925,0.0821233870255351
0.2,0.4,0.4,0.1,0.4412218,49925,0.0821233870255351
0.3,0.4,0.1,0.6,0.44122845,49925,0.07095649435848712
0.9,0.5,0.1,0.9,0.44123378,49925,0.06617250696631194
0.7,0.4,0.4,0.1,0.44126216,49925,0.07426577790726734
0.6,0.7,0.7,0.2,0.44126612,49925,0.07983937197115806
0.4,0.7,0.5,0.6,0.44127452,49925,0.07858764456804151
0.4,0.8,0.4,0.9,0.4412751,49925,0.07621937456281118
0.5,0.7,0.7,0.2,0.4412756,49925,0.08073114746791367
0.1,0.6,0.4,0.5,0.4412789,49925,0.07964196334826949
0.3,0.7,0.7,0.2,0.44134378,49925,0.082514099966817
0.6,0.9,0.8,0.5,0.4413643,49925,0.07993652198530146
0.2,0.7,0.4,0.7,0.44137546,49925,0.07798923559759395
0.9,0.6,0.4,0.6,0.44137576,49925,0.0734280652939362
0.5,0.4,0.2,0.5,0.4413841,49925,0.07274198209260914
0.1,0.8,0.4,0.8,0.4414036,49925,0.077428653982521
0.1,0.6,0.2,0.7,0.44140825,49925,0.0744803968058963
0.6,0.5,0.2,0.7,0.44140914,49925,0.07159490159569779
0.1,0.6,0.3,0.6,0.4414262,49925,0.07737428084156185
0.7,0.9,0.7,0.7,0.44143766,49925,0.07821007326299832
0.2,0.9,0.5,0.9,0.44144264,49925,0.07796265170486201
0.7,0.4,0.2,0.5,0.44144353,49925,0.07041107018355587
0.7,0.7,0.7,0.2,0.4414593,49925,0.07890476344494518
0.4,0.6,0.5,0.4,0.44147703,49925,0.07936160864103955
0.2,0.5,0.1,0.7,0.44147718,49925,0.07104707834677819
0.8,0.4,0.2,0.5,0.44148886,49925,0.06928293026585862
0.3,0.6,0.2,0.8,0.44149262,49925,0.07351386134767118
0.2,0.7,0.7,0.2,0.44150102,49925,0.08333007390789139
0.3,0.7,0.5,0.6,0.44151005,49925,0.07921116898325682
0.8,0.4,0.4,0.1,0.4415143,49925,0.07292355537949284
0.7,0.5,0.4,0.4,0.44151545,49925,0.07512321332948284
0.7,0.6,0.2,0.9,0.44152418,49925,0.07072000080094823
0.8,0.6,0.4,0.6,0.4415352,49925,0.0742552366322885
0.4,0.3,0.2,0.3,0.4415352,49925,0.0742552366322885
0.6,0.4,0.2,0.5,0.44153705,49925,0.07155953086282466
0.4,0.6,0.3,0.7,0.441553,49925,0.075494241074812
0.6,0.8,0.7,0.5,0.44157642,49925,0.07932378579272553
0.8,0.7,0.4,0.8,0.44159153,49925,0.0741312756387585
0.4,0.7,0.7,0.2,0.44160846,49925,0.08166913617681242
0.4,0.9,0.7,0.7,0.4416393,49925,0.07984211733866026
0.6,0.9,0.7,0.7,0.4416395,49925,0.07879252314029996
0.8,0.4,0.1,0.7,0.44164473,49925,0.06623575968649187
0.5,0.4,0.4,0.1,0.4416565,49925,0.07725343220909615
0.5,0.8,0.5,0.8,0.44167662,49925,0.07727302866745035
0.7,0.3,0.2,0.3,0.44168618,49925,0.06957727501904316
0.8,0.7,0.6,0.5,0.44169006,49925,0.07697345316608384
0.5,0.5,0.4,0.4,0.44171324,49925,0.07721967041928156
0.2,0.7,0.6,0.4,0.44171786,49925,0.08160094090912433
0.6,0.3,0.2,0.3,0.44172972,49925,0.07105933791272903
0.5,0.7,0.3,0.9,0.44173738,49925,0.07422306430173795
0.5,0.9,0.8,0.5,0.44173768,49925,0.08056340189516874
0.2,0.5,0.3,0.5,0.44176438,49925,0.07794231757522421
0.6,0.5,0.4,0.4,0.44177014,49925,0.07616100877647418
0.1,0.8,0.5,0.7,0.441799,49925,0.07918617030632326
0.9,0.7,0.6,0.5,0.44181317,49925,0.0762393334487399
0.8,0.8,0.6,0.7,0.4418464,49925,0.07675575968810446
0.8,0.5,0.1,0.9,0.44186893,49925,0.06692201151058884
0.7,0.7,0.6,0.5,0.44187906,49925,0.07776226019321116
0.8,0.3,0.1,0.5,0.44189745,49925,0.06502823817285314
0.1,0.7,0.7,0.2,0.4419083,49925,0.08399367775225067
0.9,0.9,0.6,0.9,0.44192547,49925,0.0759327380674711
0.6,0.6,0.4,0.6,0.44192547,49925,0.0759327380674711
0.3,0.3,0.2,0.3,0.44192547,49925,0.0759327380674711
0.9,0.4,0.4,0.1,0.44192877,49925,0.07167133354796179
0.8,0.7,0.7,0.2,0.44193184,49925,0.07798703841146423
0.9,0.8,0.6,0.7,0.4419327,49925,0.07609808741925328
0.1,0.9,0.7,0.6,0.4419443,49925,0.08122388757496365
0.9,0.3,0.1,0.5,0.4419567,49925,0.06387268309726071
0.3,0.6,0.5,0.4,0.4419581,49925,0.08027336135405597
0.5,0.9,0.7,0.7,0.44200066,49925,0.0793332052123044
0.6,0.4,0.4,0.1,0.44201177,49925,0.07571902997696599
0.3,0.8,0.4,0.9,0.44201443,49925,0.0766635460327509
0.3,0.6,0.1,0.9,0.44201815,49925,0.0699899243376493
0.4,0.9,0.9,0.3,0.44204748,49925,0.08237335544418865
0.2,0.6,0.5,0.4,0.4420507,49925,0.08099625062065507
0.8,0.5,0.4,0.4,0.44205087,49925,0.07413320378682695
0.7,0.7,0.4,0.8,0.44205362,49925,0.0748218514182358
0.4,0.5,0.1,0.8,0.44206756,49925,0.06977408448094266
0.6,0.3,0.3,0.1,0.44209784,49925,0.07316546617083199
0.2,0.7,0.3,0.8,0.44210052,49925,0.07592004099678741
0.4,0.9,0.8,0.5,0.4421226,49925,0.08117222354155093
0.8,0.9,0.9,0.3,0.44214523,49925,0.07964810314964757
0.7,0.6,0.4,0.6,0.4421455,49925,0.07508074828827609
0.6,0.6,0.2,0.9,0.4421472,49925,0.07144930879623661
0.8,0.3,0.2,0.3,0.44216377,49925,0.06815331565596744
0.4,0.6,0.6,0.2,0.4421681,49925,0.08103583151640868
0.6,0.9,0.9,0.3,0.4421681,49925,0.08103583151640868
0.2,0.3,0.3,0.1,0.4421681,49925,0.08103583151640868
0.2,0.6,0.6,0.2,0.44216937,49925,0.08297923689098682
0.3,0.9,0.9,0.3,0.44216937,49925,0.08297923689098682
0.1,0.3,0.3,0.1,0.44216937,49925,0.08297923689098682
0.3,0.6,0.3,0.7,0.44219485,49925,0.07616968832412761
0.7,0.8,0.6,0.7,0.4422241,49925,0.07739732915340487
0.3,0.6,0.6,0.2,0.44226173,49925,0.08205713642629486
0.9,0.9,0.8,0.6,0.44227806,49925,0.07805546584449886
0.7,0.9,0.9,0.3,0.44228444,49925,0.08033450258875946
0.5,0.8,0.7,0.5,0.44230315,49925,0.08001653778659444
0.5,0.6,0.6,0.2,0.44231874,49925,0.07999107284987078
0.9,0.9,0.9,0.3,0.44232565,49925,0.07894711793378006
0.6,0.6,0.6,0.2,0.44232565,49925,0.07894711793378008
0.3,0.3,0.3,0.1,0.44232565,49925,0.07894711793378008
0.1,0.8,0.3,0.9,0.44232973,49925,0.07532071016776251
0.5,0.6,0.4,0.6,0.4423427,49925,0.07675259684406299
0.4,0.4,0.2,0.5,0.44234827,49925,0.07389936661057278
0.4,0.7,0.3,0.9,0.44237778,49925,0.07481209694782627
0.9,0.7,0.7,0.2,0.44237924,49925,0.0770841715553157
0.6,0.7,0.6,0.5,0.4423912,49925,0.07853055699418501
0.2,0.7,0.2,0.9,0.44240835,49925,0.07321968740262827
0.2,0.9,0.6,0.8,0.44242632,49925,0.07938446770508437
0.4,0.8,0.5,0.8,0.44243872,49925,0.07782142794679762
0.5,0.3,0.3,0.1,0.44246542,49925,0.07495626865143691
0.2,0.7,0.5,0.6,0.4424974,49925,0.07975337134335223
0.9,0.5,0.4,0.4,0.442522,49925,0.07314127700016211
0.8,0.9,0.6,0.9,0.44253805,49925,0.07650425489400157
0.1,0.7,0.6,0.4,0.44254717,49925,0.08209072771154066
0.5,0.9,0.9,0.3,0.4425508,49925,0.08174217109040453
0.4,0.5,0.4,0.4,0.4425536,49925,0.07830950231063974
0.5,0.5,0.2,0.7,0.4425677,49925,0.07247337012840102
0.7,0.3,0.1,0.5,0.44257325,49925,0.06624526532575659
0.9,0.6,0.6,0.2,0.44258305,49925,0.07590940025512131
0.7,0.9,0.6,0.9,0.4425905,49925,0.07701798458995103
0.3,0.9,0.7,0.7,0.44262335,49925,0.08029786926683939
0.6,0.8,0.8,0.3,0.4426771,49925,0.08049443629813026
0.7,0.4,0.1,0.7,0.44268113,49925,0.06718819124333039
0.3,0.9,0.8,0.5,0.4427377,49925,0.08171043440391128
0.6,0.8,0.6,0.7,0.44275743,49925,0.07804548351036965
0.1,0.8,0.6,0.6,0.44275886,49925,0.08070937443682547
0.8,0.9,0.8,0.6,0.44276184,49925,0.07865853142831196
0.6,0.7,0.4,0.8,0.442765,49925,0.07552811622652521
0.1,0.7,0.1,0.9,0.44277257,49925,0.06990623700074115
0.4,0.8,0.7,0.5,0.44278342,49925,0.08068664935018424
0.1,0.9,0.9,0.3,0.44280303,49925,0.08393994467660586
0.4,0.8,0.8,0.3,0.44282869,49925,0.08202350489993819
0.7,0.8,0.8,0.3,0.44283545,49925,0.0797424507332764
0.7,0.6,0.6,0.2,0.4428605,49925,0.07789853636716516
0.1,0.6,0.6,0.2,0.44286633,49925,0.0837417643090251
0.8,0.5,0.5,0.2,0.44286692,49925,0.07547627402992943
0.7,0.3,0.3,0.1,0.44288185,49925,0.07156433198227001
0.5,0.8,0.8,0.3,0.442914,49925,0.08127665197833875
0.2,0.9,0.8,0.5,0.44293547,49925,0.08212504578702544
0.9,0.8,0.8,0.3,0.44293654,49925,0.0781927709906863
0.3,0.8,0.5,0.8,0.4429672,49925,0.0782838758957901
0.7,0.5,0.1,0.9,0.4429763,49925,0.06768030876204435
0.8,0.6,0.3,0.8,0.44299594,49925,0.07243070353024239
0.5,0.8,0.6,0.7,0.44300303,49925,0.07864535908001408
0.9,0.6,0.3,0.8,0.4430108,49925,0.0716679066894966
0.8,0.6,0.6,0.2,0.44302088,49925,0.07688489125874573
0.4,0.3,0.3,0.1,0.44302088,49925,0.07688489125874573
0.9,0.8,0.7,0.6,0.44303003,49925,0.07727321512320413
0.9,0.3,0.2,0.3,0.4430411,49925,0.06684557408825907
0.9,0.7,0.5,0.7,0.4430523,49925,0.07499943752325408
0.2,0.9,0.9,0.3,0.4430573,49925,0.08351607851821481
0.6,0.3,0.1,0.5,0.4430866,49925,0.0674941472427778
0.5,0.7,0.4,0.8,0.44310543,49925,0.07617337954542322
0.9,0.5,0.5,0.2,0.44312453,49925,0.07437547749362039
0.5,0.6,0.2,0.9,0.4431283,49925,0.07213812793722464
0.4,0.5,0.5,0.2,0.4431491,49925,0.08020950985420766
0.3,0.8,0.8,0.3,0.4431569,49925,0.08269611049997996
0.7,0.9,0.8,0.6,0.44316283,49925,0.07926139044044272
0.3,0.5,0.4,0.4,0.4431656,49925,0.07929995449659509
0.6,0.9,0.6,0.9,0.44318917,49925,0.0775345973635579
0.2,0.3,0.2,0.3,0.44318917,49925,0.07753459736355792
0.4,0.6,0.4,0.6,0.44318917,49925,0.07753459736355792
0.4,0.5,0.2,0.7,0.4432167,49925,0.07336919206147004
0.7,0.5,0.5,0.2,0.4432265,49925,0.07660750376251345
0.8,0.6,0.5,0.5,0.4432736,49925,0.07583416707151036
0.9,0.9,0.7,0.8,0.44329783,49925,0.07704174414017119
0.4,0.8,0.6,0.7,0.44332018,49925,0.0792018045571273
0.1,0.5,0.3,0.5,0.4433233,49925,0.0784662134023309
0.3,0.5,0.5,0.2,0.44332963,49925,0.0814328475992469
0.7,0.5,0.3,0.6,0.4433909,49925,0.0733390328112834
0.8,0.8,0.5,0.9,0.4434046,49925,0.07548699664809873
0.7,0.6,0.5,0.5,0.4434238,49925,0.07667553246005565
0.6,0.5,0.5,0.2,0.44344956,49925,0.07777905876950354
0.8,0.5,0.3,0.6,0.44346017,49925,0.07240869367407562
0.3,0.8,0.7,0.5,0.44346046,49925,0.08125551928832979
0.6,0.4,0.1,0.7,0.44349352,49925,0.0681705364964589
0.7,0.8,0.5,0.9,0.4434966,49925,0.07605763379072122
0.8,0.8,0.8,0.3,0.44351244,49925,0.07897021113452783
0.9,0.5,0.3,0.6,0.44351754,49925,0.07148610007669003
0.7,0.6,0.3,0.8,0.44351864,49925,0.0731680705966205
0.7,0.7,0.5,0.7,0.44352105,49925,0.07643641483715168
0.4,0.7,0.6,0.5,0.44354135,49925,0.08003817982835543
0.5,0.7,0.6,0.5,0.44354352,49925,0.07930493570215918
0.7,0.9,0.9,0.4,0.4435714,49925,0.08033129172657447
0.1,0.7,0.3,0.8,0.4435859,49925,0.07608445555751121
0.5,0.9,0.6,0.9,0.4436142,49925,0.0780155961357912
0.9,0.6,0.5,0.5,0.44362804,49925,0.07500549010832332
0.2,0.8,0.8,0.3,0.4436452,49925,0.08329948916126989
0.2,0.8,0.7,0.5,0.44364798,49925,0.08174547742498711
0.1,0.9,0.6,0.8,0.44365567,49925,0.07955408889845889
0.1,0.6,0.1,0.8,0.44365603,49925,0.07056034288256269
0.6,0.7,0.7,0.3,0.44365782,49925,0.07985004282192609
0.2,0.5,0.4,0.4,0.44365785,49925,0.08016480838296659
0.8,0.7,0.5,0.7,0.44367564,49925,0.07571515937959479
0.3,0.4,0.2,0.5,0.44367623,49925,0.07507408427226368
0.9,0.8,0.5,0.9,0.44368216,49925,0.07487770140265904
0.2,0.8,0.4,0.9,0.44368234,49925,0.07696267831802145
0.2,0.8,0.5,0.8,0.44369215,49925,0.07864583715374204
0.5,0.7,0.7,0.3,0.4437165,49925,0.08071335284267155
0.1,0.5,0.2,0.6,0.44372964,49925,0.07552610967033023
0.4,0.7,0.4,0.8,0.44373527,49925,0.0767734516409356
0.6,0.9,0.8,0.6,0.44373706,49925,0.0798646757398705
0.3,0.8,0.6,0.7,0.4437455,49925,0.0797237065356974
0.8,0.8,0.7,0.6,0.4437537,49925,0.07794665824967772
0.6,0.7,0.5,0.7,0.44377255,49925,0.07710910004540393
0.1,0.8,0.9,0.1,0.44377697,49925,0.08531303996688454
0.6,0.5,0.1,0.9,0.44378302,49925,0.06845401897708898
0.8,0.9,0.7,0.8,0.44379178,49925,0.07759550612938167
0.8,0.8,0.9,0.1,0.44380566,49925,0.07991085387426945
0.4,0.7,0.7,0.3,0.4438103,49925,0.08155394490311715
0.3,0.6,0.4,0.6,0.44381183,49925,0.07824825038727999
0.5,0.5,0.5,0.2,0.44382614,49925,0.0789787257014657
0.1,0.9,0.5,0.9,0.4438286,49925,0.07809614998363214
0.7,0.8,0.9,0.1,0.443839,49925,0.08073454849592962
0.5,0.4,0.1,0.7,0.44384357,49925,0.06914252536173116
0.8,0.7,0.7,0.3,0.44384807,49925,0.07814502840730313
0.8,0.9,0.9,0.4,0.44385123,49925,0.07967239837050663
0.2,0.5,0.5,0.2,0.44386727,49925,0.08252705540330323
0.6,0.4,0.4,0.2,0.44386855,49925,0.0762173259220168
0.3,0.2,0.2,0.1,0.44386855,49925,0.0762173259220168
0.9,0.6,0.6,0.3,0.44386855,49925,0.07621732592201678
0.1,0.7,0.4,0.7,0.44389215,49925,0.07825113300012317
0.7,0.8,0.7,0.6,0.4438959,49925,0.07860649297830705
0.9,0.5,0.2,0.8,0.44392806,49925,0.06922267782057637
0.3,0.7,0.6,0.5,0.4439344,49925,0.08069582229787658
0.6,0.6,0.5,0.5,0.44395265,49925,0.07756367007915513
0.5,0.9,0.8,0.6,0.44395524,49925,0.0804683116509759
0.7,0.9,0.7,0.8,0.4439621,49925,0.07814204829010984
0.7,0.4,0.3,0.4,0.4439781,49925,0.07317893226680132
0.9,0.7,0.7,0.3,0.44398153,49925,0.07730614354364757
0.6,0.9,0.9,0.4,0.44400534,49925,0.08098537112530621
0.2,0.9,0.7,0.7,0.44401258,49925,0.08065049644197221
0.7,0.4,0.4,0.2,0.44404075,49925,0.07488978435504459
0.1,0.8,0.8,0.3,0.4440464,49925,0.08375685383853061
0.2,0.6,0.3,0.7,0.44405985,49925,0.07670483177154376
0.3,0.7,0.3,0.9,0.44406432,49925,0.07530743568867021
0.5,0.3,0.1,0.5,0.44410056,49925,0.06881786657832399
0.4,0.9,0.6,0.9,0.4441092,49925,0.07847365076755987
0.1,0.5,0.5,0.2,0.4441276,49925,0.08341684073933543
0.6,0.8,0.5,0.9,0.44415337,49925,0.07660503634350177
0.8,0.4,0.3,0.4,0.4441675,49925,0.07204953738166278
0.2,0.7,0.7,0.3,0.44416764,49925,0.08300857475780941
0.6,0.5,0.3,0.6,0.44417,49925,0.07424188239308059
0.1,0.6,0.5,0.4,0.44417095,49925,0.08153810836825227
0.1,0.9,0.8,0.5,0.44419602,49925,0.08242655628986842
0.7,0.7,0.7,0.3,0.4442159,49925,0.07900709775631898
0.6,0.4,0.3,0.4,0.44422737,49925,0.07436000695876313
0.9,0.8,0.9,0.1,0.4442377,49925,0.07908922411741134
0.2,0.8,0.9,0.1,0.44424927,49925,0.08473714715690789
0.2,0.4,0.2,0.5,0.44426063,49925,0.07607912198418003
0.2,0.4,0.1,0.6,0.4442618,49925,0.07182654453956513
0.2,0.6,0.2,0.8,0.44426918,49925,0.07394839084626244
0.1,0.3,0.1,0.4,0.44426918,49925,0.07394839084626244
0.6,0.6,0.3,0.8,0.44430473,49925,0.07392078314438631
0.3,0.5,0.1,0.8,0.44430637,49925,0.07045332071237924
0.9,0.7,0.4,0.9,0.44431344,49925,0.07354861906763552
0.4,0.8,0.9,0.1,0.44435897,49925,0.08325148759464823
0.3,0.7,0.7,0.3,0.4443994,49925,0.08232523452406955
0.5,0.9,0.9,0.4,0.44442254,49925,0.08164364134707938
0.1,0.7,0.5,0.6,0.44444188,49925,0.0800660948016295
0.8,0.5,0.2,0.8,0.44444367,49925,0.07005542925304664
0.5,0.5,0.3,0.6,0.44444895,49925,0.07518331516183281
0.9,0.9,0.9,0.4,0.44445893,49925,0.07901774888305264
0.3,0.9,0.9,0.4,0.4444653,49925,0.08275891610384713
0.8,0.3,0.3,0.1,0.4444787,49925,0.07003917438203935
0.6,0.9,0.7,0.8,0.4445072,49925,0.07869135637846641
0.4,0.9,0.9,0.4,0.44450855,49925,0.0822227058563962
0.5,0.9,0.7,0.8,0.44451186,49925,0.07920955808407733
0.3,0.8,0.9,0.1,0.44454557,49925,0.084003170401249
0.5,0.4,0.3,0.4,0.44456688,49925,0.07555327874842961
0.6,0.8,0.9,0.1,0.44464597,49925,0.08157775594524065
0.4,0.9,0.8,0.6,0.44465402,49925,0.08097679981005845
0.9,0.9,0.8,0.7,0.44466394,49925,0.07806094642433478
0.5,0.8,0.9,0.1,0.44467252,49925,0.08244517900263662
0.3,0.5,0.2,0.7,0.44468758,49925,0.07417229962551573
0.9,0.4,0.3,0.4,0.44471514,49925,0.07093814984713452
0.9,0.7,0.6,0.6,0.44471517,49925,0.07630876524170724
0.8,0.4,0.4,0.2,0.4447206,49925,0.07363518496928495
0.4,0.2,0.2,0.1,0.4447206,49925,0.07363518496928495
0.9,0.8,0.6,0.8,0.44472754,49925,0.07616994316545529
0.8,0.7,0.6,0.6,0.4447589,49925,0.0770552591175067
0.3,0.9,0.8,0.6,0.4447615,49925,0.08143142130466668
0.5,0.7,0.5,0.7,0.44476548,49925,0.07779263329657087
0.6,0.8,0.7,0.6,0.44482535,49925,0.07925322683265379
0.6,0.7,0.8,0.1,0.44483536,49925,0.08100659816059969
0.2,0.7,0.6,0.5,0.44483912,49925,0.08125071508609279
0.3,0.7,0.4,0.8,0.44485167,49925,0.07729474065732787
0.9,0.3,0.3,0.1,0.44485408,49925,0.06859658500816018
0.2,0.6,0.1,0.9,0.44488886,49925,0.07033628668621816
0.4,0.4,0.1,0.7,0.4449031,49925,0.07010206582711158
0.2,0.4,0.4,0.2,0.44490618,49925,0.08185467080339512
0.1,0.2,0.2,0.1,0.44490618,49925,0.08185467080339512
0.3,0.6,0.6,0.3,0.44490618,49925,0.0818546708033951
0.4,0.8,0.8,0.4,0.44490618,49925,0.08185467080339512
0.5,0.6,0.5,0.5,0.444913,49925,0.07841329315873996
0.8,0.8,0.6,0.8,0.4449242,49925,0.07677191641512958
0.4,0.4,0.3,0.4,0.4449242,49925,0.07677191641512958
0.7,0.6,0.6,0.3,0.44492847,49925,0.07805039126579745
0.4,0.3,0.1,0.5,0.4449327,49925,0.07017049400232495
0.5,0.6,0.6,0.3,0.44493344,49925,0.07997646220244259
0.5,0.2,0.2,0.1,0.44493952,49925,0.07130746946093744
0.9,0.6,0.4,0.7,0.44494587,49925,0.07363533069071473
0.5,0.6,0.3,0.8,0.4449598,49925,0.0746723638644559
0.2,0.6,0.4,0.6,0.44497293,49925,0.07881961887088945
0.1,0.3,0.2,0.3,0.44497293,49925,0.07881961887088945
0.3,0.9,0.6,0.9,0.44497293,49925,0.07881961887088947
0.8,0.6,0.6,0.3,0.44501525,49925,0.07710111114947683
0.5,0.2,0.1,0.3,0.4450283,49925,0.06778440921770382
0.9,0.4,0.4,0.2,0.44502974,49925,0.07244585479206676
0.8,0.7,0.8,0.1,0.44505587,49925,0.07916941523284937
0.2,0.9,0.9,0.4,0.44508815,49925,0.08319524215872191
0.8,0.9,0.8,0.7,0.44510704,49925,0.07863795863723984
0.7,0.5,0.2,0.8,0.4451154,49925,0.07088193240367481
0.1,0.7,0.7,0.3,0.4451288,49925,0.08350981718836796
0.9,0.8,0.8,0.4,0.44513014,49925,0.07830406645162026
0.5,0.4,0.4,0.2,0.44515204,49925,0.07757999773047114
0.8,0.6,0.4,0.7,0.4451646,49925,0.07438823809383714
0.4,0.7,0.5,0.7,0.4451723,49925,0.07840879001351514
0.5,0.8,0.5,0.9,0.44517726,49925,0.07715865094029545
0.4,0.5,0.3,0.6,0.44518164,49925,0.07607497069685064
0.8,0.7,0.4,0.9,0.44518268,49925,0.0741807511701383
0.1,0.7,0.8,0.1,0.44518992,49925,0.0852733884012746
0.4,0.6,0.2,0.9,0.44519866,49925,0.07278286111217756
0.8,0.8,0.8,0.4,0.44521347,49925,0.07904258412305193
0.4,0.4,0.4,0.2,0.44521347,49925,0.07904258412305193
0.6,0.6,0.6,0.3,0.44521347,49925,0.07904258412305193
0.2,0.2,0.2,0.1,0.44521347,49925,0.07904258412305193
0.7,0.8,0.8,0.4,0.44521987,49925,0.07973566989299657
0.1,0.7,0.2,0.9,0.4452319,49925,0.07336806850161919
0.4,0.6,0.5,0.5,0.44524676,49925,0.07923785328012575
0.4,0.9,0.7,0.8,0.44526768,49925,0.07966223506837197
0.8,0.5,0.5,0.3,0.44531825,49925,0.07583013921410389
0.5,0.8,0.7,0.6,0.44532698,49925,0.079876363203328
0.4,0.2,0.1,0.3,0.44532976,49925,0.06973818585574357
0.8,0.4,0.2,0.6,0.44532976,49925,0.06973818585574357
0.9,0.7,0.8,0.1,0.44533134,49925,0.0782762777417149
0.6,0.2,0.1,0.3,0.44534358,49925,0.06595162738529513
0.3,0.4,0.4,0.2,0.44534487,49925,0.0804712805509892
0.6,0.8,0.8,0.4,0.44534487,49925,0.0804712805509892
0.1,0.8,0.7,0.5,0.44534665,49925,0.08206581420979472
0.9,0.4,0.2,0.6,0.445352,49925,0.06872915419289821
0.3,0.7,0.5,0.7,0.44536176,49925,0.07894673418984305
0.3,0.6,0.5,0.5,0.44536716,49925,0.0799833035482509
0.4,0.8,0.5,0.9,0.44537687,49925,0.07765428683301209
0.4,0.8,0.7,0.6,0.44537795,49925,0.08045446235854749
0.1,0.9,0.7,0.7,0.44539687,49925,0.08084071345692549
0.7,0.8,0.6,0.8,0.44542757,49925,0.07736714026235586
0.3,0.8,0.8,0.4,0.4454363,49925,0.08247309903035413
0.7,0.7,0.8,0.1,0.44545215,49925,0.08009035074061867
0.7,0.7,0.6,0.6,0.44545633,49925,0.07777680824674278
0.1,0.8,0.5,0.8,0.44546947,49925,0.07878776964764508
0.2,0.8,0.6,0.7,0.44547817,49925,0.08010229224236254
0.5,0.5,0.1,0.9,0.44547865,49925,0.06918368572189285
0.4,0.6,0.6,0.3,0.4454789,49925,0.08094612870255523
0.9,0.5,0.4,0.5,0.44554168,49925,0.07346495896936885
0.4,0.7,0.8,0.1,0.4455785,49925,0.08290561091813686
0.6,0.6,0.4,0.7,0.4456218,49925,0.075920670758054
0.5,0.7,0.8,0.1,0.44562858,49925,0.08196272985071527
0.3,0.7,0.8,0.1,0.44564006,49925,0.08378472451508825
0.5,0.8,0.8,0.4,0.44564337,49925,0.08119307421457304
0.9,0.9,0.9,0.5,0.44564623,49925,0.07903419490055782
0.9,0.5,0.5,0.3,0.44565007,49925,0.07483676101586237
0.2,0.7,0.8,0.1,0.44566625,49925,0.08459107789487963
0.9,0.7,0.7,0.4,0.44567487,49925,0.07744010148125688
0.3,0.8,0.9,0.2,0.44569755,49925,0.08378584021737971
0.2,0.6,0.6,0.3,0.44571707,49925,0.08264076096634783
0.7,0.7,0.4,0.9,0.44573414,49925,0.07484218302712035
0.9,0.8,0.7,0.7,0.44576883,49925,0.07731071706473165
0.8,0.9,0.9,0.5,0.44577542,49925,0.07963593323368005
0.7,0.5,0.5,0.3,0.4457932,49925,0.0768645341171197
0.7,0.6,0.4,0.7,0.4458065,49925,0.07516314243793173
0.1,0.5,0.1,0.7,0.4458342,49925,0.07134488742538628
0.7,0.9,0.8,0.7,0.4458441,49925,0.07921202861385174
0.3,0.9,0.7,0.8,0.4458511,49925,0.08008174936502029
0.8,0.5,0.4,0.5,0.44587794,49925,0.07439048668283861
0.7,0.2,0.1,0.3,0.4458789,49925,0.06428128667494248
0.3,0.3,0.1,0.5,0.44589224,49925,0.07150420496406538
0.1,0.9,0.9,0.4,0.44590056,49925,0.08353308749680126
0.1,0.8,0.4,0.9,0.4459051,49925,0.07704485553747936
0.2,0.7,0.3,0.9,0.44592375,49925,0.07563491137471456
0.3,0.8,0.7,0.6,0.4459437,49925,0.08099089122867437
0.7,0.9,0.9,0.5,0.44594878,49925,0.08026968495539964
0.1,0.5,0.4,0.4,0.44594947,49925,0.08079921690913017
0.2,0.9,0.8,0.6,0.445953,49925,0.0818114143627954
0.7,0.7,0.7,0.4,0.44599277,49925,0.07903265587164665
0.8,0.7,0.7,0.4,0.44600138,49925,0.07823934510518425
0.1,0.6,0.3,0.7,0.44604942,49925,0.07693194949088165
0.9,0.9,0.7,0.9,0.4460499,49925,0.07702129174014466
0.7,0.4,0.2,0.6,0.44605187,49925,0.07078805990120746
0.9,0.6,0.3,0.9,0.4460534,49925,0.07183132435786993
0.6,0.4,0.2,0.6,0.4460534,49925,0.07183132435786993
0.3,0.2,0.1,0.3,0.4460534,49925,0.07183132435786993
0.2,0.7,0.4,0.8,0.4460925,49925,0.07766616357361877
0.6,0.5,0.2,0.8,0.4461011,49925,0.07168479932834838
0.7,0.8,0.9,0.2,0.44610906,49925,0.08078547223616771
0.7,0.5,0.4,0.5,0.4461113,49925,0.07532394018466823
0.9,0.6,0.7,0.1,0.44612056,49925,0.07724447117223394
0.6,0.7,0.7,0.4,0.44612518,49925,0.07982692902449447
0.2,0.9,0.6,0.9,0.4461388,49925,0.07908858361349319
0.2,0.8,0.8,0.4,0.44614655,49925,0.08293384583927206
0.1,0.4,0.4,0.2,0.44614655,49925,0.08293384583927206
0.9,0.4,0.1,0.8,0.446165,49925,0.06584956059133028
0.2,0.6,0.7,0.1,0.44617942,49925,0.08442783516556675
0.5,0.8,0.6,0.8,0.4461965,49925,0.07852124254264234
0.5,0.8,0.9,0.2,0.44621584,49925,0.08235146117878281
0.6,0.5,0.4,0.5,0.44621617,49925,0.07630451708994804
0.6,0.7,0.6,0.6,0.4462405,49925,0.07849015247494043
0.6,0.9,0.8,0.7,0.4462426,49925,0.07975010012943902
0.6,0.8,0.6,0.8,0.44627756,49925,0.07794793657153752
0.3,0.4,0.3,0.4,0.44627756,49925,0.07794793657153752
0.4,0.6,0.3,0.8,0.4462906,49925,0.07534804737588904
0.8,0.8,0.9,0.2,0.4463097,49925,0.08002069036627767
0.1,0.6,0.4,0.6,0.4463303,49925,0.0791606910196997
0.4,0.8,0.9,0.2,0.4463414,49925,0.0830761343622993
0.3,0.8,0.5,0.9,0.4463429,49925,0.07805225294533595
0.9,0.8,0.9,0.2,0.44635564,49925,0.07922670441568674
0.6,0.8,0.9,0.2,0.44638878,49925,0.08156263409801691
0.5,0.6,0.4,0.7,0.44639102,49925,0.07665663449426444
0.2,0.8,0.9,0.2,0.4464071,49925,0.08438563500938945
0.8,0.8,0.7,0.7,0.4464167,49925,0.07792698653635438
0.6,0.7,0.4,0.9,0.44642842,49925,0.07545964688230082
0.8,0.6,0.3,0.9,0.44643477,49925,0.07251689872656844
0.3,0.5,0.3,0.6,0.44645226,49925,0.07690662327564134
0.9,0.7,0.5,0.8,0.4464669,49925,0.0751048415751153
0.5,0.3,0.3,0.2,0.44647926,49925,0.0756006234747313
0.5,0.7,0.7,0.4,0.44652438,49925,0.08062392282520424
0.6,0.5,0.5,0.3,0.44652843,49925,0.07793924328332506
0.8,0.9,0.7,0.9,0.4465448,49925,0.07756784553068655
0.5,0.7,0.6,0.6,0.4465514,49925,0.07918375682628656
0.4,0.6,0.7,0.1,0.44656315,49925,0.08247363543378732
0.3,0.9,0.9,0.5,0.44657093,49925,0.08249708120430965
0.5,0.9,0.8,0.7,0.44661433,49925,0.0802745826543516
0.4,0.9,0.9,0.5,0.44662687,49925,0.08199827129331437
0.9,0.8,0.8,0.5,0.4466356,49925,0.0783669418854607
0.9,0.6,0.6,0.4,0.44663948,49925,0.07641405068760379
0.8,0.7,0.5,0.8,0.44664204,49925,0.07577665374074675
0.5,0.5,0.5,0.3,0.44664517,49925,0.0790363950620193
0.6,0.9,0.9,0.5,0.4466586,49925,0.08089546882680969
0.1,0.8,0.9,0.2,0.4466741,49925,0.08487013350487582
0.6,0.6,0.7,0.1,0.44668248,49925,0.08030706086642063
0.9,0.2,0.1,0.3,0.4466957,49925,0.06131275592195238
0.4,0.5,0.5,0.3,0.44672936,49925,0.08011234743279962
0.4,0.8,0.6,0.8,0.44673142,49925,0.07900199342979934
0.2,0.4,0.3,0.4,0.44673142,49925,0.07900199342979934
0.3,0.6,0.7,0.1,0.4467317,49925,0.08351065714026855
0.6,0.3,0.3,0.2,0.44675204,49925,0.07398907097491471
0.5,0.6,0.7,0.1,0.446753,49925,0.08136343401389082
0.1,0.6,0.7,0.1,0.44675753,49925,0.08522067114766428
0.3,0.6,0.2,0.9,0.44676834,49925,0.07331186873011335
0.1,0.6,0.6,0.3,0.44677708,49925,0.08319732233158998
0.8,0.6,0.7,0.1,0.44678023,49925,0.07824546927992218
0.2,0.6,0.5,0.5,0.44678167,49925,0.08063733057142643
0.5,0.9,0.9,0.5,0.44678944,49925,0.0814853495462816
0.2,0.5,0.2,0.7,0.44682464,49925,0.07477374237101574
0.3,0.7,0.7,0.4,0.44682637,49925,0.08204558334997512
0.3,0.6,0.3,0.8,0.4468276,49925,0.07594809797158909
0.5,0.4,0.2,0.6,0.4468466,49925,0.07285557866322272
0.7,0.7,0.5,0.8,0.44686726,49925,0.07640857617935898
0.1,0.9,0.6,0.9,0.44691157,49925,0.07917072800009857
0.7,0.6,0.7,0.1,0.44691294,49925,0.07924502301549273
0.8,0.4,0.1,0.8,0.44696677,49925,0.06672248708100799
0.1,0.8,0.6,0.7,0.44696784,49925,0.08030429574190909
0.6,0.8,0.8,0.5,0.4469927,49925,0.08036332504092804
0.6,0.2,0.2,0.1,0.4469961,49925,0.06919440370451774
0.4,0.7,0.6,0.6,0.44700754,49925,0.07983282790145803
0.5,0.5,0.2,0.8,0.44702134,49925,0.07252361349131481
0.9,0.5,0.3,0.7,0.44702226,49925,0.07174522508324561
0.6,0.9,0.7,0.9,0.44703323,49925,0.07856360230372728
0.1,0.8,0.8,0.4,0.44706368,49925,0.08327522620040548
0.1,0.6,0.2,0.8,0.44706956,49925,0.07414061500125443
0.5,0.5,0.4,0.5,0.44707313,49925,0.07724308543156307
0.7,0.9,0.7,0.9,0.44707802,49925,0.07809330945679932
0.9,0.6,0.5,0.6,0.44707873,49925,0.07516826318167731
0.2,0.8,0.7,0.6,0.44708472,49925,0.0813915034732216
0.4,0.7,0.7,0.4,0.4471248,49925,0.0813677045791312
0.2,0.5,0.3,0.6,0.4471333,49925,0.07755022624538983
0.8,0.5,0.3,0.7,0.4471625,49925,0.07256723067954333
0.4,0.5,0.1,0.9,0.44716284,49925,0.06985641927552981
0.4,0.3,0.3,0.2,0.44721252,49925,0.07725677499350334
0.8,0.6,0.6,0.4,0.44721252,49925,0.07725677499350334
0.7,0.8,0.7,0.7,0.44721422,49925,0.07853647652027272
0.2,0.9,0.7,0.8,0.4472153,49925,0.08033823496607585
0.1,0.4,0.2,0.5,0.44721678,49925,0.07668119908576897
0.4,0.9,0.8,0.7,0.44724616,49925,0.08074144868086197
0.1,0.7,0.6,0.5,0.44725555,49925,0.08162315435293804
0.2,0.7,0.5,0.7,0.44727457,49925,0.0793911473194659
0.8,0.8,0.8,0.5,0.44728708,49925,0.07902976296651011
0.6,0.8,0.7,0.7,0.44729644,49925,0.07914582852674525
0.7,0.6,0.3,0.9,0.44729772,49925,0.0731995326072687
0.7,0.8,0.8,0.5,0.44730058,49925,0.07968549990435267
0.5,0.9,0.7,0.9,0.44731212,49925,0.0790432634199626
0.9,0.9,0.8,0.8,0.44731516,49925,0.07803485677576215
0.3,0.7,0.8,0.2,0.44733143,49925,0.08353202874537415
0.6,0.7,0.5,0.8,0.4473643,49925,0.0770325934447749
0.7,0.6,0.6,0.4,0.44737247,49925,0.07815001231183524
0.7,0.6,0.5,0.6,0.44741273,49925,0.07675416363997355
0.9,0.8,0.6,0.9,0.4474214,49925,0.07619909260172171
0.2,0.5,0.5,0.3,0.4474479,49925,0.08211175966035104
0.7,0.4,0.1,0.8,0.44745332,49925,0.0675979191050621
0.4,0.7,0.8,0.2,0.4474719,49925,0.08276028875087216
0.4,0.5,0.4,0.5,0.44748318,49925,0.07818897480855157
0.7,0.3,0.3,0.2,0.44748816,49925,0.07248468750985368
0.8,0.2,0.1,0.3,0.44749287,49925,0.06273014172068114
0.5,0.7,0.4,0.9,0.44750607,49925,0.0760625941457968
0.9,0.7,0.8,0.2,0.4475112,49925,0.07848157890469735
0.7,0.7,0.8,0.2,0.4475407,49925,0.08018843527741158
0.1,0.9,0.8,0.6,0.44756618,49925,0.08205408172426995
0.7,0.5,0.3,0.7,0.44757077,49925,0.07343482732830142
0.3,0.5,0.5,0.3,0.44758812,49925,0.08117402671789471
0.8,0.6,0.5,0.6,0.44759172,49925,0.07594537433650732
0.4,0.7,0.4,0.9,0.44760233,49925,0.07658732119381575
0.8,0.7,0.8,0.2,0.4476195,49925,0.07932321920941421
0.2,0.7,0.7,0.4,0.44762498,49925,0.08261954734629627
0.4,0.6,0.4,0.7,0.447646,49925,0.07735632721049017
0.3,0.8,0.6,0.8,0.44769356,49925,0.07945473718717934
0.8,0.9,0.8,0.8,0.44772232,49925,0.07858262179288665
0.3,0.8,0.9,0.3,0.44773304,49925,0.08349420127262104
0.3,0.9,0.8,0.7,0.4478159,49925,0.08117830698518179
0.2,0.7,0.8,0.2,0.4478408,49925,0.08424257211103511
0.2,0.8,0.9,0.3,0.44784394,49925,0.08401992891242965
0.9,0.9,0.9,0.6,0.44784543,49925,0.07901783703722635
0.6,0.6,0.6,0.4,0.44784543,49925,0.07901783703722635
0.3,0.3,0.3,0.2,0.44784543,49925,0.07901783703722635
0.8,0.8,0.6,0.9,0.44785485,49925,0.07675883954868704
0.3,0.7,0.6,0.6,0.44786322,49925,0.08039589997443684
0.5,0.7,0.8,0.2,0.44786438,49925,0.08191711910554779
0.5,0.3,0.2,0.4,0.44787154,49925,0.07300672918908581
0.6,0.5,0.3,0.7,0.4478762,49925,0.07428449941412374
0.5,0.8,0.7,0.7,0.44791868,49925,0.07972158881992156
0.8,0.7,0.7,0.5,0.44791904,49925,0.07827044595461816
0.3,0.6,0.4,0.7,0.4479277,49925,0.07796849236718993
0.5,0.6,0.6,0.4,0.44792816,49925,0.0798766981189448
0.3,0.8,0.8,0.5,0.44793984,49925,0.08215512176034134
0.9,0.7,0.6,0.7,0.4479905,49925,0.07640633341700266
0.7,0.2,0.2,0.1,0.447997,49925,0.06731364731933813
0.7,0.8,0.6,0.9,0.44800478,49925,0.07730277409240738
0.2,0.5,0.1,0.8,0.4480106,49925,0.0709310965850766
0.8,0.9,0.9,0.6,0.44801334,49925,0.07959570740182438
0.7,0.4,0.4,0.3,0.4480219,49925,0.07527826480068764
0.6,0.3,0.2,0.4,0.4480443,49925,0.07159659896864466
0.3,0.5,0.4,0.5,0.44804972,49925,0.07903992572965853
0.7,0.9,0.9,0.6,0.4480523,49925,0.08017456159243769
0.2,0.9,0.9,0.5,0.4480543,49925,0.08286779843816094
0.1,0.7,0.8,0.2,0.44807234,49925,0.0847910826632389
0.9,0.7,0.7,0.5,0.4481045,49925,0.0775341452000538
0.8,0.3,0.2,0.4,0.44810808,49925,0.06897181712923296
0.7,0.9,0.8,0.8,0.44810826,49925,0.07912572010569034
0.9,0.6,0.4,0.8,0.4481153,49925,0.07371903749289552
0.6,0.7,0.8,0.2,0.44811574,49925,0.08102386437261772
0.8,0.3,0.3,0.2,0.44812238,49925,0.07107623163848123
0.5,0.8,0.8,0.5,0.44812354,49925,0.08100904817362936
0.4,0.8,0.9,0.3,0.44812357,49925,0.08288196598644842
0.6,0.4,0.4,0.3,0.44813946,49925,0.07646000309272084
0.7,0.3,0.2,0.4,0.44814944,49925,0.07026337333773609
0.1,0.7,0.4,0.8,0.44815072,49925,0.0778005327507255
0.2,0.5,0.6,0.1,0.44818765,49925,0.08419115600035385
0.5,0.5,0.6,0.1,0.4482091,49925,0.08059902957617224
0.4,0.9,0.7,0.9,0.4482125,49925,0.0794512170952074
0.6,0.6,0.5,0.6,0.44822845,49925,0.07755169895166357
0.4,0.4,0.2,0.6,0.4482495,49925,0.07389207061827945
0.6,0.6,0.3,0.9,0.4482495,49925,0.07389207061827945
0.2,0.2,0.1,0.3,0.4482495,49925,0.07389207061827945
0.9,0.3,0.3,0.2,0.44825014,49925,0.06972385210841918
0.9,0.3,0.2,0.4,0.44825575,49925,0.06773528366806941
0.4,0.8,0.8,0.5,0.44833437,49925,0.08159858159095329
0.2,0.8,0.5,0.9,0.44834062,49925,0.07831374069452812
0.5,0.6,0.5,0.6,0.44834247,49925,0.07831310540928815
0.3,0.4,0.1,0.7,0.44835413,49925,0.07095276711531633
0.9,0.3,0.1,0.6,0.4483574,49925,0.06470246680988959
0.6,0.4,0.1,0.8,0.44836718,49925,0.06845887264029968
0.9,0.8,0.9,0.3,0.44838077,49925,0.07931562567603599
0.1,0.9,0.7,0.8,0.44838685,49925,0.08044646691129242
0.9,0.5,0.6,0.1,0.44840348,49925,0.07598290399329354
0.8,0.4,0.4,0.3,0.44841114,49925,0.07411837226976792
0.6,0.9,0.8,0.8,0.44844133,49925,0.079622996936364
0.6,0.8,0.9,0.3,0.44845524,49925,0.08150423370996822
0.4,0.8,0.7,0.7,0.44845766,49925,0.08023274117459904
0.1,0.7,0.3,0.9,0.4484614,49925,0.07567060261084511
0.8,0.6,0.4,0.8,0.4485194,49925,0.07443769295295362
0.4,0.3,0.2,0.4,0.4485194,49925,0.07443769295295362
0.6,0.5,0.6,0.1,0.4485375,49925,0.0793722184416108
0.5,0.4,0.4,0.3,0.44853753,49925,0.07771702967313866
0.5,0.9,0.9,0.6,0.4485567,49925,0.0812729612575218
0.7,0.7,0.7,0.5,0.44856137,49925,0.0789959821564372
0.4,0.5,0.6,0.1,0.44859278,49925,0.08184550340960532
0.1,0.7,0.5,0.7,0.44859618,49925,0.0795967480774774
0.1,0.5,0.6,0.1,0.44860643,49925,0.08514506768424215
0.7,0.5,0.6,0.1,0.4486109,49925,0.07818927556911597
0.1,0.4,0.3,0.4,0.44861105,49925,0.07974796221647913
0.2,0.8,0.6,0.8,0.44861105,49925,0.07974796221647913
0.7,0.8,0.9,0.3,0.44861144,49925,0.08075782396822297
0.9,0.4,0.4,0.3,0.44862017,49925,0.0730188960678528
0.9,0.8,0.8,0.6,0.44864792,49925,0.07835179907151724
0.8,0.8,0.9,0.3,0.44865397,49925,0.08003549490266504
0.9,0.5,0.2,0.9,0.4486565,49925,0.06948234091337573
0.1,0.9,0.9,0.5,0.44866437,49925,0.08310158088630458
0.1,0.6,0.5,0.5,0.4486676,49925,0.0810050141091261
0.5,0.8,0.9,0.3,0.44867945,49925,0.08222675451489055
0.1,0.7,0.7,0.4,0.44871566,49925,0.0830063938236417
0.8,0.7,0.6,0.7,0.44872674,49925,0.07707894698923778
0.8,0.5,0.6,0.1,0.44873783,49925,0.07706105873377402
0.9,0.4,0.3,0.5,0.448786,49925,0.0713740614835114
0.5,0.7,0.5,0.8,0.44880393,49925,0.07764802436001049
0.3,0.9,0.7,0.9,0.4488364,49925,0.07979898506416874
0.4,0.6,0.6,0.4,0.44883895,49925,0.08074837211626361
0.2,0.3,0.3,0.2,0.44883895,49925,0.08074837211626361
0.6,0.9,0.9,0.6,0.44883895,49925,0.08074837211626361
0.7,0.7,0.6,0.7,0.4488622,49925,0.07774112487220268
0.2,0.9,0.8,0.7,0.44887546,49925,0.08148276942508376
0.9,0.5,0.5,0.4,0.4488807,49925,0.07510473498503986
0.3,0.5,0.6,0.1,0.44889364,49925,0.08307233587608304
0.8,0.3,0.1,0.6,0.44889987,49925,0.06577445935108658
0.3,0.6,0.6,0.4,0.44892973,49925,0.08151949622518624
0.3,0.7,0.4,0.9,0.44893885,49925,0.07703162325207241
0.6,0.7,0.7,0.5,0.4489556,49925,0.07972812020113644
0.1,0.8,0.5,0.9,0.4489646,49925,0.07838211125454587
0.6,0.8,0.6,0.9,0.4489786,49925,0.07783971478870245
0.8,0.4,0.3,0.5,0.44899148,49925,0.072405815296396
0.1,0.8,0.7,0.6,0.44900593,49925,0.08163038392295349
0.4,0.9,0.9,0.6,0.4490324,49925,0.0817626474927582
0.1,0.6,0.1,0.9,0.44904852,49925,0.07039941347627679
0.5,0.9,0.8,0.8,0.4490817,49925,0.08008010717017168
0.4,0.5,0.2,0.8,0.4491008,49925,0.07328994580997072
0.3,0.8,0.7,0.7,0.44911277,49925,0.08070901246517621
0.7,0.5,0.5,0.4,0.44914734,49925,0.07698319177997753
0.7,0.6,0.4,0.8,0.44917598,49925,0.07515973266826284
0.5,0.6,0.3,0.9,0.44918326,49925,0.07458202491129481
0.4,0.4,0.4,0.3,0.44918764,49925,0.0789844238594625
0.8,0.8,0.8,0.6,0.44918764,49925,0.0789844238594625
0.8,0.5,0.2,0.9,0.4491925,49925,0.07026386526585883
0.8,0.5,0.5,0.4,0.4492257,49925,0.07602856642601354
0.6,0.5,0.5,0.4,0.44923994,49925,0.07798390294155572
0.4,0.7,0.5,0.8,0.44924268,49925,0.07821440046467282
0.3,0.6,0.7,0.2,0.44924462,49925,0.08320365493493646
0.9,0.9,0.9,0.7,0.44929412,49925,0.07898334529481497
0.4,0.6,0.5,0.6,0.44930214,49925,0.07905057241995704
0.7,0.8,0.8,0.6,0.44930843,49925,0.07963345721217607
0.7,0.4,0.3,0.5,0.44931483,49925,0.073465339903014
0.1,0.5,0.5,0.3,0.44932875,49925,0.08280178462838188
0.5,0.5,0.3,0.7,0.4493298,49925,0.07514214647742716
0.9,0.6,0.6,0.5,0.4493467,49925,0.07651584037162051
0.5,0.7,0.7,0.5,0.44935092,49925,0.08043756366628171
0.2,0.6,0.7,0.2,0.44936624,49925,0.08402395821225861
0.2,0.8,0.8,0.5,0.44937927,49925,0.08256725094458366
0.2,0.6,0.3,0.8,0.4493962,49925,0.0763637041423135
0.8,0.2,0.2,0.1,0.4494289,49925,0.06561127439534521
0.4,0.6,0.7,0.2,0.44943234,49925,0.08231975858522568
0.9,0.6,0.7,0.2,0.44944018,49925,0.07751117351552472
0.5,0.4,0.1,0.8,0.44945174,49925,0.06936008233186958
0.2,0.5,0.4,0.5,0.4494649,49925,0.07978925072557141
0.8,0.8,0.7,0.8,0.44946545,49925,0.07787667022153619
0.2,0.7,0.6,0.6,0.44946867,49925,0.08088134863691274
0.6,0.7,0.6,0.7,0.44947013,49925,0.0783930520668993
0.1,0.8,0.9,0.3,0.44947642,49925,0.0844057170682527
0.1,0.4,0.1,0.6,0.4495009,49925,0.07227267491920648
0.2,0.6,0.2,0.9,0.44950777,49925,0.07369660841057588
0.6,0.6,0.7,0.2,0.44952056,49925,0.08037580313063905
0.7,0.6,0.7,0.2,0.4495311,49925,0.07940250409284567
0.9,0.8,0.7,0.8,0.44955337,49925,0.07731964108769673
0.2,0.6,0.6,0.4,0.44957536,49925,0.08220957358794065
0.1,0.3,0.3,0.2,0.44957536,49925,0.08220957358794065
0.3,0.9,0.9,0.6,0.44957536,49925,0.08220957358794065
0.2,0.6,0.4,0.7,0.4495909,49925,0.07845923751727867
0.4,0.7,0.7,0.5,0.44959715,49925,0.08111295869118283
0.3,0.7,0.5,0.8,0.44962698,49925,0.07866314932401933
0.8,0.6,0.6,0.5,0.44963297,49925,0.07733170605786674
0.8,0.7,0.8,0.3,0.44964546,49925,0.07937043180342303
0.5,0.6,0.7,0.2,0.4496471,49925,0.08131799572656258
0.3,0.3,0.2,0.4,0.44964945,49925,0.07586717636539367
0.6,0.6,0.4,0.8,0.44964945,49925,0.07586717636539367
0.1,0.9,0.8,0.7,0.44965893,49925,0.08160852244999971
0.7,0.3,0.1,0.6,0.44967613,49925,0.06688484990214598
0.9,0.7,0.8,0.3,0.44967714,49925,0.07858139653505182
0.3,0.4,0.2,0.6,0.44970307,49925,0.07489507358799029
0.8,0.6,0.7,0.2,0.44972157,49925,0.07846827120673804
0.3,0.4,0.4,0.3,0.44972917,49925,0.08022674392879849
0.6,0.8,0.8,0.6,0.44972917,49925,0.08022674392879849
0.7,0.5,0.2,0.9,0.44976228,49925,0.07102846797712535
0.5,0.7,0.6,0.7,0.44976413,49925,0.07903052459916289
0.2,0.7,0.8,0.3,0.44979084,49925,0.08381173056144077
0.3,0.7,0.8,0.3,0.44979122,49925,0.08324377528298035
0.9,0.7,0.7,0.6,0.4497948,49925,0.07755408284999181
0.9,0.7,0.5,0.9,0.44981855,49925,0.07513202505636084
0.4,0.7,0.8,0.3,0.4498298,49925,0.08255098726077478
0.5,0.5,0.5,0.4,0.44983158,49925,0.07897864602816193
0.7,0.6,0.6,0.5,0.44985297,49925,0.07814329019113042
0.9,0.9,0.8,0.9,0.44986194,49925,0.0779949825727571
0.5,0.4,0.3,0.5,0.44987088,49925,0.07562804972485282
0.1,0.5,0.3,0.6,0.44988683,49925,0.07790488497611296
0.1,0.6,0.7,0.2,0.44989574,49925,0.08465072197118077
0.4,0.6,0.3,0.9,0.44989616,49925,0.0751714133763442
0.9,0.5,0.4,0.6,0.44989783,49925,0.07368616487671333
0.4,0.9,0.8,0.8,0.44990835,49925,0.0805322952865226
0.9,0.8,0.9,0.4,0.4499162,49925,0.07934321619066034
0.6,0.7,0.8,0.3,0.44992217,49925,0.0809907305750216
0.5,0.8,0.8,0.6,0.44993678,49925,0.08081476151800011
0.8,0.9,0.9,0.7,0.44993895,49925,0.0795508535585685
0.6,0.5,0.2,0.9,0.44997314,49925,0.07176211491693223
0.9,0.4,0.2,0.7,0.44999543,49925,0.06911873586715359
0.7,0.8,0.7,0.8,0.45002216,49925,0.07846373277143652
0.3,0.6,0.5,0.6,0.4500335,49925,0.0797131172830755
0.2,0.3,0.1,0.5,0.45004454,49925,0.0726838050858681
0.3,0.5,0.1,0.9,0.4500457,49925,0.07039532308969434
0.1,0.8,0.6,0.8,0.4500821,49925,0.07985435936100074
0.7,0.7,0.8,0.3,0.4500897,49925,0.08019267849649717
0.6,0.4,0.3,0.5,0.4501382,49925,0.0745289822981877
0.5,0.8,0.6,0.9,0.4501532,49925,0.07834206966560807
0.8,0.7,0.5,0.9,0.45016396,49925,0.07574991188359884
0.2,0.7,0.4,0.9,0.45017007,49925,0.0773243782910639
0.1,0.8,0.8,0.5,0.45020726,49925,0.08284122001909218
0.3,0.5,0.2,0.8,0.45021135,49925,0.07394385916883232
0.3,0.7,0.7,0.5,0.45021868,49925,0.08172632882882445
0.8,0.8,0.9,0.4,0.4502213,49925,0.08004139227453468
0.4,0.8,0.6,0.9,0.45022193,49925,0.07878157613382507
0.7,0.5,0.4,0.6,0.45022532,49925,0.07543684526296073
0.1,0.7,0.6,0.6,0.4502295,49925,0.08110688842189062
0.2,0.9,0.7,0.9,0.45023113,49925,0.07998992722573038
0.7,0.8,0.9,0.4,0.450234,49925,0.08071809243813426
0.6,0.8,0.7,0.8,0.4502436,49925,0.07903154718417273
0.7,0.9,0.9,0.7,0.45025897,49925,0.0800591187168476
0.7,0.7,0.5,0.9,0.4502652,49925,0.0763420845234026
0.6,0.9,0.9,0.7,0.45030466,49925,0.08059090578418243
0.5,0.8,0.9,0.4,0.45030695,49925,0.08207259998278175
0.1,0.5,0.2,0.7,0.45031846,49925,0.07500850327122245
0.2,0.9,0.9,0.6,0.45031935,49925,0.082536686554071
0.8,0.5,0.4,0.6,0.4503391,49925,0.074540762757339
0.4,0.8,0.9,0.4,0.45037264,49925,0.08266887464663311
0.8,0.9,0.8,0.9,0.4503778,49925,0.07851932516193053
0.8,0.7,0.7,0.6,0.45037842,49925,0.07826067005367515
0.5,0.7,0.8,0.3,0.45044297,49925,0.08180353347274127
0.5,0.6,0.4,0.8,0.45045713,49925,0.07653786950714889
0.6,0.3,0.1,0.6,0.4504766,49925,0.06803546984766534
0.6,0.6,0.6,0.5,0.45049432,49925,0.07895582986411707
0.4,0.7,0.6,0.7,0.45050514,49925,0.07962977215657314
0.4,0.5,0.3,0.7,0.45050913,49925,0.07593671761290699
0.8,0.4,0.2,0.7,0.45053372,49925,0.07003444135270377
0.7,0.9,0.8,0.9,0.4506044,49925,0.07903187533475026
0.7,0.4,0.2,0.7,0.4506326,49925,0.07101407219773863
0.2,0.8,0.7,0.7,0.4506337,49925,0.08102873010544372
0.6,0.8,0.9,0.4,0.45064145,49925,0.08141709754648979
0.3,0.8,0.9,0.4,0.4506455,49925,0.08320825116394956
0.9,0.7,0.9,0.1,0.45067617,49925,0.07952871150846474
0.4,0.4,0.3,0.5,0.45069218,49925,0.0766828491905767
0.4,0.5,0.5,0.4,0.45072827,49925,0.07994342130169062
0.1,0.9,0.7,0.9,0.4507301,49925,0.08006187630107348
0.4,0.8,0.8,0.6,0.45077044,49925,0.08136790042962938
0.2,0.4,0.4,0.3,0.45077044,49925,0.08136790042962938
0.9,0.4,0.5,0.1,0.45078656,49925,0.0742760974124183
0.6,0.5,0.4,0.6,0.45078924,49925,0.07630193895565822
0.3,0.9,0.8,0.8,0.45083165,49925,0.08087903785101845
0.7,0.7,0.9,0.1,0.45084614,49925,0.0812407938874871
0.8,0.7,0.9,0.1,0.45085242,49925,0.08036422875398327
0.9,0.4,0.1,0.9,0.45086828,49925,0.06627984592663315
0.5,0.6,0.6,0.5,0.45087555,49925,0.07977020551568308
0.9,0.8,0.8,0.7,0.45087582,49925,0.0783464685000695
0.3,0.8,0.6,0.9,0.45091707,49925,0.07916771565108317
0.9,0.6,0.5,0.7,0.45092705,49925,0.07526806234878054
0.9,0.2,0.2,0.1,0.45095775,49925,0.06405793105747896
0.2,0.7,0.7,0.5,0.45096084,49925,0.08220602549520405
0.6,0.7,0.5,0.9,0.45098078,49925,0.0769184030620253
0.3,0.7,0.6,0.7,0.45098132,49925,0.0801353986816466
0.1,0.6,0.6,0.4,0.45098874,49925,0.0826347851819075
0.8,0.5,0.3,0.8,0.45100933,49925,0.07269808512562843
0.1,0.4,0.5,0.1,0.4510409,49925,0.08500850366283103
0.9,0.5,0.3,0.8,0.4510438,49925,0.07192533207726097
0.1,0.9,0.9,0.6,0.45104688,49925,0.08268845624709154
0.2,0.4,0.5,0.1,0.4510668,49925,0.08383758097714836
0.8,0.6,0.5,0.7,0.45109037,49925,0.07600495067661463
0.2,0.7,0.5,0.8,0.4510911,49925,0.07901947564192024
0.6,0.4,0.5,0.1,0.45110118,49925,0.07811726783023627
0.2,0.8,0.9,0.4,0.4511076,49925,0.08362082553148768
0.7,0.4,0.5,0.1,0.4511148,49925,0.0767900456445027
0.7,0.7,0.7,0.6,0.45114294,49925,0.07894941922934758
0.8,0.6,0.7,0.3,0.45114854,49925,0.07855074567404337
0.5,0.8,0.7,0.8,0.4511514,49925,0.07955484529189229
0.1,0.6,0.4,0.7,0.45116293,49925,0.07861911635830442
0.8,0.5,0.6,0.2,0.4511761,49925,0.07732667436197291
0.5,0.9,0.9,0.7,0.45117632,49925,0.08108327526448138
0.1,0.8,0.7,0.7,0.45117977,49925,0.08114833083049258
0.9,0.7,0.8,0.4,0.45118386,49925,0.07863573054510316
0.3,0.7,0.9,0.1,0.45119956,49925,0.08462030774149566
0.1,0.6,0.3,0.8,0.45120862,49925,0.07646243915572208
0.3,0.8,0.8,0.6,0.45120978,49925,0.0818369892710331
0.9,0.5,0.6,0.2,0.45125434,49925,0.07631068294665358
0.5,0.4,0.5,0.1,0.45126712,49925,0.07955192782636336
0.1,0.7,0.9,0.1,0.45127863,49925,0.08584577184299622
0.5,0.3,0.1,0.6,0.45129332,49925,0.06921320835799273
0.8,0.4,0.5,0.1,0.45129618,49925,0.07549663607603176
0.2,0.7,0.9,0.1,0.4513199,49925,0.08531366075157196
0.7,0.6,0.5,0.7,0.45135084,49925,0.07674948335087958
0.1,0.7,0.8,0.3,0.45135474,49925,0.08425243388606342
0.5,0.5,0.4,0.6,0.45135713,49925,0.07716318730808601
0.6,0.5,0.6,0.2,0.45135835,49925,0.07949488806516967
0.2,0.5,0.6,0.2,0.4513831,49925,0.08375026964518172
0.9,0.6,0.7,0.3,0.45138788,49925,0.07767446237506646
0.3,0.5,0.3,0.7,0.45140058,49925,0.07661600440375502
0.4,0.7,0.9,0.1,0.45140538,49925,0.08384543164181872
0.1,0.5,0.4,0.5,0.45144397,49925,0.08018519622813025
0.9,0.7,0.6,0.8,0.45144752,49925,0.07641203360176581
0.4,0.9,0.9,0.7,0.4514494,49925,0.08154429227085105
0.4,0.4,0.5,0.1,0.45148295,49925,0.08096397301699766
0.3,0.4,0.5,0.1,0.45148462,49925,0.08247577270300878
0.2,0.6,0.5,0.6,0.45148948,49925,0.08020191681078988
0.5,0.5,0.6,0.2,0.45149413,49925,0.08061934442584782
0.3,0.5,0.6,0.2,0.45150807,49925,0.08279959412688412
0.7,0.5,0.6,0.2,0.45151553,49925,0.07841195252956193
0.4,0.6,0.6,0.5,0.45155758,49925,0.08050975935942305
0.3,0.5,0.5,0.4,0.451565,49925,0.08083962236210432
0.6,0.7,0.7,0.6,0.4515658,49925,0.0796298374656012
0.8,0.8,0.8,0.7,0.45157906,49925,0.07893804002633067
0.5,0.5,0.2,0.9,0.45159352,49925,0.072494012630243
0.6,0.4,0.2,0.7,0.45159873,49925,0.07194675129365805
0.4,0.4,0.1,0.8,0.45160636,49925,0.07015900758787148
0.5,0.7,0.9,0.1,0.45161214,49925,0.0830195002581952
0.4,0.8,0.7,0.8,0.4516173,49925,0.08002555926727774
0.6,0.9,0.8,0.9,0.45162454,49925,0.07949893075500405
0.7,0.8,0.8,0.7,0.45165828,49925,0.07952894136018496
0.7,0.6,0.7,0.3,0.45166308,49925,0.07943515098309087
0.8,0.4,0.1,0.9,0.45166653,49925,0.06709049293416298
0.2,0.4,0.1,0.7,0.4516827,49925,0.07160043650653018
0.4,0.6,0.4,0.8,0.4516861,49925,0.07714231385847442
0.2,0.3,0.2,0.4,0.4516861,49925,0.07714231385847442
0.6,0.7,0.9,0.1,0.451697,49925,0.08214690424364633
0.1,0.6,0.2,0.9,0.45169708,49925,0.07370937862638227
0.8,0.9,0.9,0.8,0.4517025,49925,0.0794459452506078
0.4,0.3,0.1,0.6,0.45171222,49925,0.07037304629617155
0.8,0.7,0.8,0.4,0.45173708,49925,0.07938477049780479
0.3,0.6,0.7,0.3,0.45180207,49925,0.08290366897960372
0.2,0.9,0.8,0.8,0.45180795,49925,0.08111884611093163
0.9,0.6,0.4,0.9,0.45182696,49925,0.0737645896197526
0.6,0.6,0.7,0.3,0.45183632,49925,0.08032728397517078
0.5,0.7,0.7,0.6,0.45183846,49925,0.0802735940264509
0.7,0.7,0.8,0.4,0.45184252,49925,0.08013944374752627
0.4,0.5,0.6,0.2,0.45184734,49925,0.08173167837938558
0.9,0.9,0.9,0.8,0.45185062,49925,0.0789287094253206
0.5,0.9,0.8,0.9,0.45186752,49925,0.07992088154055582
0.7,0.5,0.3,0.8,0.45194095,49925,0.07345780194232812
0.6,0.8,0.8,0.7,0.4519411,49925,0.08009341515957602
0.8,0.7,0.6,0.8,0.45194966,49925,0.07704120295182285
0.1,0.5,0.1,0.8,0.4519829,49925,0.07102554901481568
0.3,0.4,0.3,0.5,0.4519918,49925,0.07768992342840383
0.9,0.8,0.7,0.9,0.45199764,49925,0.07728829121671331
0.9,0.8,0.9,0.5,0.45201102,49925,0.07934245415087092
0.1,0.9,0.8,0.8,0.45203313,49925,0.08117499843398143
0.4,0.6,0.7,0.3,0.45206174,49925,0.08212379145398886
0.6,0.6,0.5,0.7,0.4521092,49925,0.07745675753806702
0.4,0.9,0.8,0.9,0.45211872,49925,0.08030705320678208
0.7,0.9,0.9,0.8,0.4521202,49925,0.07995209690444413
0.5,0.6,0.7,0.3,0.45213175,49925,0.0812599092084958
0.2,0.5,0.5,0.4,0.45213538,49925,0.08163677976302808
0.1,0.8,0.9,0.4,0.45214492,49925,0.0839177082054302
0.2,0.6,0.7,0.3,0.45215198,49925,0.08358297881623132
0.7,0.8,0.9,0.5,0.45215324,49925,0.0806393319318578
0.8,0.8,0.9,0.5,0.45215473,49925,0.07998153522674709
0.8,0.6,0.4,0.9,0.45216718,49925,0.07445461062143414
0.4,0.7,0.5,0.9,0.45216876,49925,0.07795713377259106
0.3,0.7,0.8,0.4,0.45216966,49925,0.08291606752229021
0.7,0.4,0.1,0.9,0.4521764,49925,0.06787828817576559
0.1,0.2,0.1,0.3,0.45218918,49925,0.07567431892085316
0.3,0.6,0.3,0.9,0.45218918,49925,0.07567431892085315
0.2,0.4,0.2,0.6,0.45218918,49925,0.07567431892085316
0.6,0.7,0.8,0.4,0.4521902,49925,0.08089905451343121
0.5,0.7,0.5,0.9,0.452202,49925,0.07746555068849355
0.1,0.7,0.4,0.9,0.4522186,49925,0.07733712555552662
0.5,0.8,0.9,0.5,0.45221952,49925,0.08186148407413067
0.4,0.5,0.4,0.6,0.4522267,49925,0.07799300684221905
0.4,0.7,0.8,0.4,0.4522497,49925,0.08230296492769182
0.1,0.7,0.7,0.5,0.45225206,49925,0.08247301298083075
0.4,0.8,0.9,0.5,0.45227244,49925,0.08239586419649006
0.6,0.5,0.3,0.8,0.4522804,49925,0.07423231672471318
0.3,0.9,0.9,0.7,0.45228848,49925,0.08186740128937217
0.2,0.8,0.8,0.6,0.4522966,49925,0.08219545944898356
0.1,0.4,0.4,0.3,0.4522966,49925,0.08219545944898356
0.3,0.6,0.6,0.5,0.45230484,49925,0.08119712044831459
0.5,0.7,0.8,0.4,0.45233595,49925,0.08164977151972769
0.3,0.6,0.4,0.8,0.45239273,49925,0.07767361968755643
0.7,0.7,0.6,0.8,0.4524146,49925,0.07767711610383929
0.5,0.2,0.2,0.2,0.4524744,49925,0.07238570366821918
0.5,0.4,0.2,0.7,0.45247442,49925,0.0728763749857725
0.7,0.6,0.8,0.1,0.45252186,49925,0.0805989888542164
0.9,0.5,0.5,0.5,0.45253325,49925,0.07527002367863835
0.8,0.8,0.7,0.9,0.45255175,49925,0.0778293328831664
0.1,0.5,0.6,0.2,0.45256522,49925,0.08445427769160611
0.3,0.8,0.9,0.5,0.45258602,49925,0.08286769969347403
0.2,0.8,0.6,0.9,0.45261118,49925,0.07938909225701778
0.3,0.8,0.7,0.8,0.4526178,49925,0.0803968049395806
0.6,0.8,0.9,0.5,0.45263672,49925,0.08127736482425407
0.1,0.7,0.5,0.8,0.452654,49925,0.07907562461098
0.2,0.5,0.3,0.7,0.45267215,49925,0.07715941266574508
0.6,0.7,0.6,0.8,0.4526747,49925,0.07828878818247172
0.5,0.6,0.5,0.7,0.45269302,49925,0.07816248916012561
0.9,0.4,0.4,0.4,0.45269504,49925,0.07338907115777515
0.7,0.8,0.7,0.9,0.4526951,49925,0.0783772881391026
0.5,0.3,0.3,0.3,0.45273244,49925,0.07586311770428171
0.2,0.7,0.6,0.7,0.4527584,49925,0.08045049236412355
0.4,0.6,0.5,0.7,0.45278314,49925,0.07879124931596845
0.7,0.4,0.4,0.4,0.45278546,49925,0.07549674310108329
0.8,0.3,0.3,0.3,0.45278564,49925,0.07175088938277424
0.7,0.3,0.3,0.3,0.45282492,49925,0.07303748356445872
0.1,0.6,0.5,0.6,0.45282766,49925,0.0804269719263839
0.3,0.1,0.1,0.1,0.45282808,49925,0.07052358819657821
0.6,0.2,0.2,0.2,0.45282808,49925,0.07052358819657821
0.9,0.3,0.3,0.3,0.45282808,49925,0.07052358819657821
0.8,0.7,0.9,0.2,0.45286196,49925,0.08043617024811887
0.8,0.5,0.5,0.5,0.4528633,49925,0.07615722573766019
0.2,0.1,0.1,0.1,0.45287722,49925,0.0744275464452431
0.6,0.3,0.3,0.3,0.45287722,49925,0.0744275464452431
0.8,0.4,0.4,0.4,0.45287722,49925,0.0744275464452431
0.4,0.2,0.2,0.2,0.45287722,49925,0.0744275464452431
0.1,0.8,0.8,0.6,0.45290607,49925,0.08234734387531095
0.4,0.7,0.9,0.2,0.45290902,49925,0.08360453753994518
0.4,0.7,0.7,0.6,0.45292595,49925,0.08087294991271217
0.6,0.9,0.9,0.8,0.45292786,49925,0.08041674851811793
0.3,0.2,0.2,0.2,0.4529301,49925,0.07661184230178254
0.9,0.6,0.6,0.6,0.4529301,49925,0.07661184230178253
0.6,0.4,0.4,0.4,0.4529301,49925,0.07661184230178254
0.6,0.6,0.8,0.1,0.45293102,49925,0.08159601295656614
0.7,0.6,0.4,0.9,0.45293123,49925,0.07511784647998482
0.9,0.7,0.7,0.7,0.45294192,49925,0.07756315488374856
0.8,0.6,0.8,0.1,0.45294225,49925,0.07965251345330755
0.7,0.5,0.5,0.5,0.4529835,49925,0.07704889486282622
0.5,0.8,0.8,0.7,0.452994,49925,0.08063315524501102
0.2,0.9,0.9,0.7,0.4530298,49925,0.08215375071610498
0.3,0.7,0.9,0.2,0.4530417,49925,0.08428079997044764
0.3,0.5,0.4,0.6,0.45304576,49925,0.07870832205890929
0.9,0.6,0.8,0.1,0.45306933,49925,0.07869128818447599
0.8,0.6,0.6,0.6,0.45308778,49925,0.07734317230020714
0.4,0.3,0.3,0.3,0.45308778,49925,0.07734317230020714
0.7,0.7,0.9,0.2,0.45309275,49925,0.08121780880300894
0.9,0.7,0.9,0.2,0.45312974,49925,0.07963670362042001
0.9,0.5,0.6,0.3,0.45313463,49925,0.07655448856603647
0.1,0.7,0.6,0.7,0.45315123,49925,0.0805608722444737
0.6,0.7,0.9,0.2,0.45321408,49925,0.08206469728459859
0.9,0.6,0.7,0.4,0.4532351,49925,0.07777907576444051
0.5,0.4,0.4,0.4,0.45324096,49925,0.07772960666847518
0.9,0.5,0.4,0.7,0.4532632,49925,0.07384295939773891
0.4,0.8,0.8,0.7,0.45327517,49925,0.08109806937861953
0.1,0.6,0.8,0.1,0.45330966,49925,0.08583644987143027
0.5,0.7,0.6,0.8,0.45331186,49925,0.07883834849761642
0.2,0.5,0.1,0.9,0.45331347,49925,0.07073030865866374
0.6,0.8,0.7,0.9,0.45332047,49925,0.07887089503086815
0.5,0.7,0.9,0.2,0.45332918,49925,0.0828636099780073
0.2,0.7,0.9,0.2,0.45334268,49925,0.0848911130196283
0.1,0.5,0.5,0.4,0.4533449,49925,0.08210864351699637
0.3,0.7,0.7,0.6,0.45334968,49925,0.08137256972893996
0.2,0.6,0.8,0.1,0.45335317,49925,0.085245228340606
0.9,0.2,0.1,0.4,0.45336333,49925,0.06272115267662769
0.7,0.6,0.6,0.6,0.4533842,49925,0.07809365407428596
0.2,0.7,0.8,0.4,0.45338425,49925,0.08337545868188873
0.7,0.4,0.3,0.6,0.45339188,49925,0.07360044939132403
0.2,0.6,0.6,0.5,0.45340547,49925,0.08168368072872216
0.6,0.5,0.5,0.5,0.45343843,49925,0.07794402324235515
0.3,0.9,0.8,0.9,0.45344165,49925,0.08056580745444293
0.5,0.5,0.3,0.8,0.45349035,49925,0.07499768663306149
0.1,0.9,0.9,0.7,0.45349178,49925,0.08224998909957178
0.7,0.5,0.6,0.3,0.45349783,49925,0.07849604757106092
0.5,0.6,0.8,0.1,0.45351008,49925,0.0825924981038164
0.6,0.6,0.4,0.9,0.45356023,49925,0.07575097588873729
0.6,0.4,0.1,0.9,0.45357868,49925,0.06866639664848238
0.1,0.7,0.9,0.2,0.45357993,49925,0.08529968268045086
0.2,0.5,0.2,0.8,0.4535821,49925,0.07442619133728803
0.2,0.4,0.3,0.5,0.45360187,49925,0.07853548002531147
0.8,0.5,0.6,0.3,0.45360443,49925,0.07752736778076923
0.3,0.7,0.5,0.9,0.4536048,49925,0.07835799524526452
0.8,0.7,0.7,0.7,0.45361322,49925,0.07820568853820412
0.5,0.9,0.9,0.8,0.45361653,49925,0.08086107567139703
0.7,0.2,0.2,0.2,0.45362413,49925,0.06877584406555375
0.1,0.8,0.6,0.9,0.45363444,49925,0.07941363833682122
0.8,0.5,0.4,0.7,0.453635,49925,0.07463589101179967
0.9,0.8,0.8,0.8,0.4536593,49925,0.07828179460331228
0.3,0.6,0.8,0.1,0.45365945,49925,0.08443008969130061
0.1,0.6,0.7,0.3,0.45366862,49925,0.08401114273642371
0.9,0.7,0.8,0.5,0.45369074,49925,0.07866108727055318
0.8,0.7,0.8,0.5,0.45369893,49925,0.07933785437955566
0.9,0.6,0.5,0.8,0.45370412,49925,0.07530562285453325
0.6,0.2,0.1,0.4,0.45372254,49925,0.06694689598992275
0.4,0.9,0.9,0.8,0.45372832,49925,0.08125512934288621
0.7,0.4,0.5,0.2,0.4537366,49925,0.07708616419863276
0.2,0.8,0.7,0.8,0.4537504,49925,0.08062499055809054
0.8,0.4,0.3,0.6,0.45375967,49925,0.07264301740663379
0.4,0.7,0.6,0.8,0.4537869,49925,0.07937136886161537
0.3,0.8,0.8,0.7,0.4537999,49925,0.08147411600783867
0.5,0.8,0.7,0.9,0.45381495,49925,0.07935152578456092
0.1,0.7,0.8,0.4,0.45382902,49925,0.0836715287984003
0.8,0.6,0.7,0.4,0.4538566,49925,0.07859647512254254
0.4,0.6,0.8,0.1,0.45385838,49925,0.08354892842606439
0.7,0.2,0.1,0.4,0.45386842,49925,0.06544894692002902
0.8,0.8,0.9,0.6,0.45391047,49925,0.07988700409753999
0.7,0.7,0.8,0.5,0.4539347,49925,0.08003489292957734
0.9,0.4,0.3,0.6,0.45393527,49925,0.07167751042223058
0.3,0.6,0.5,0.7,0.4539503,49925,0.0793705015387216
0.9,0.8,0.9,0.6,0.45395696,49925,0.07928578402882637
0.8,0.2,0.1,0.4,0.45397872,49925,0.06402324602915976
0.2,0.6,0.3,0.9,0.45398808,49925,0.07597131567831218
0.3,0.3,0.1,0.6,0.45399296,49925,0.07146283236494681
0.2,0.8,0.9,0.5,0.45402533,49925,0.08322398146003226
0.9,0.4,0.5,0.2,0.45402893,49925,0.07474439104581264
0.4,0.5,0.2,0.9,0.4540509,49925,0.07317009951838206
0.1,0.3,0.2,0.4,0.45406482,49925,0.07802836159188306
0.2,0.6,0.4,0.8,0.45406482,49925,0.07802836159188306
0.4,0.8,0.7,0.9,0.454071,49925,0.07976127252729079
0.7,0.6,0.7,0.4,0.4540786,49925,0.07941019428217619
0.1,0.6,0.6,0.5,0.45410958,49925,0.08202253678806513
0.9,0.3,0.2,0.5,0.45411614,49925,0.06837839598439474
0.1,0.3,0.1,0.5,0.45412105,49925,0.07337978504264624
0.6,0.5,0.6,0.3,0.4541778,49925,0.0794983429159395
0.2,0.9,0.8,0.9,0.45418102,49925,0.0807311204454636
0.4,0.4,0.2,0.7,0.454231,49925,0.07379984070234172
0.7,0.8,0.9,0.6,0.4542394,49925,0.08049663492212723
0.9,0.3,0.1,0.7,0.45424327,49925,0.06532869283624859
0.8,0.4,0.5,0.2,0.4542562,49925,0.07588515578773354
0.6,0.7,0.8,0.5,0.4542711,49925,0.08075126846492263
0.8,0.8,0.8,0.8,0.45429122,49925,0.07884587021336849
0.7,0.7,0.7,0.7,0.45429122,49925,0.07884587021336849
0.6,0.6,0.6,0.6,0.45429122,49925,0.07884587021336849
0.1,0.1,0.1,0.1,0.45429122,49925,0.07884587021336849
0.5,0.5,0.5,0.5,0.45429122,49925,0.07884587021336849
0.9,0.9,0.9,0.9,0.45429122,49925,0.07884587021336849
0.3,0.3,0.3,0.3,0.45429122,49925,0.07884587021336849
0.4,0.4,0.4,0.4,0.45429122,49925,0.07884587021336849
0.2,0.2,0.2,0.2,0.45429122,49925,0.07884587021336849
0.2,0.5,0.4,0.6,0.45431262,49925,0.0793118546702946
0.5,0.6,0.7,0.4,0.45432144,49925,0.08107466816763512
0.1,0.8,0.7,0.8,0.45433784,49925,0.08066963266126953
0.5,0.2,0.1,0.4,0.45434523,49925,0.0685617795288292
0.4,0.6,0.7,0.4,0.4543853,49925,0.08182738499458778
0.8,0.2,0.2,0.2,0.45438677,49925,0.06718253010247564
0.4,0.1,0.1,0.1,0.45438677,49925,0.06718253010247564
0.6,0.4,0.5,0.2,0.45441252,49925,0.07831127696168187
0.3,0.7,0.6,0.8,0.45445347,49925,0.07979932676062286
0.8,0.3,0.1,0.7,0.45447487,49925,0.06632150048638061
0.7,0.5,0.4,0.7,0.4544914,49925,0.07542437990625772
0.2,0.7,0.7,0.6,0.454513,49925,0.08173844473252363
0.6,0.6,0.7,0.4,0.4545233,49925,0.08025199677732117
0.8,0.6,0.5,0.8,0.45452452,49925,0.07598958529858797
0.4,0.7,0.8,0.5,0.4545542,49925,0.08199201632866626
0.2,0.7,0.5,0.9,0.454568,49925,0.07859731555538416
0.8,0.3,0.2,0.5,0.4545801,49925,0.06950793651237296
0.4,0.5,0.5,0.5,0.4545826,49925,0.07974983471777564
0.7,0.3,0.4,0.1,0.4545841,49925,0.07477472440353508
0.9,0.7,0.6,0.9,0.454586,49925,0.07640410896705334
0.1,0.7,0.7,0.6,0.45459846,49925,0.08193013294965655
0.3,0.6,0.7,0.4,0.4546222,49925,0.08253721731760143
0.6,0.4,0.3,0.6,0.45462385,49925,0.07457325932258205
0.7,0.3,0.2,0.5,0.45463124,49925,0.07068000000072057
0.6,0.7,0.7,0.7,0.4546351,49925,0.0794944089471061
0.6,0.3,0.2,0.5,0.45464692,49925,0.07191839409884261
0.3,0.5,0.6,0.3,0.45468011,49925,0.08243903970563562
0.1,0.9,0.8,0.9,0.45469296,49925,0.08076058903047074
0.7,0.8,0.8,0.8,0.4546951,49925,0.07941365188530403
0.6,0.8,0.8,0.8,0.45470625,49925,0.07993863546576117
0.3,0.4,0.4,0.4,0.45470625,49925,0.07993863546576117
0.5,0.3,0.2,0.5,0.45471022,49925,0.07314636023943077
0.1,0.8,0.9,0.5,0.45471466,49925,0.08343116330714208
0.8,0.9,0.9,0.9,0.4547227,49925,0.07934277441637479
0.5,0.8,0.9,0.6,0.45472366,49925,0.08160788027941435
0.5,0.5,0.6,0.3,0.45473236,49925,0.08051878532468834
0.5,0.7,0.8,0.5,0.4547356,49925,0.0814137456566064
0.9,0.3,0.4,0.1,0.45473695,49925,0.07194905089504332
0.9,0.2,0.2,0.2,0.45473978,49925,0.06569721107452174
0.5,0.6,0.6,0.6,0.45478046,49925,0.07959988822841667
0.9,0.5,0.3,0.9,0.45484868,49925,0.07202010934829989
0.8,0.7,0.6,0.9,0.4548563,49925,0.07696885415065072
0.7,0.9,0.9,0.9,0.45486087,49925,0.07983332613255259
0.4,0.5,0.6,0.3,0.45486838,49925,0.08153544034674289
0.2,0.6,0.5,0.7,0.45487288,49925,0.07974023794803002
0.6,0.8,0.9,0.6,0.45488012,49925,0.08108988222257361
0.4,0.8,0.9,0.6,0.45489794,49925,0.0821207417414045
0.5,0.4,0.5,0.2,0.45492753,49925,0.07959664560857735
0.4,0.4,0.5,0.2,0.4549669,49925,0.08090998021967222
0.8,0.3,0.4,0.1,0.45497015,49925,0.07331467384203778
0.1,0.4,0.2,0.6,0.454981,49925,0.07603285232725378
0.5,0.4,0.1,0.9,0.4549921,49925,0.06943578756154511
0.5,0.7,0.7,0.7,0.45500016,49925,0.08006819364028334
0.2,0.4,0.5,0.2,0.45501077,49925,0.08333360305174628
0.3,0.9,0.9,0.8,0.45501262,49925,0.08152393713433864
0.5,0.6,0.4,0.9,0.45502636,49925,0.07634753341759162
0.2,0.5,0.6,0.3,0.4550356,49925,0.08323682112733254
0.9,0.4,0.2,0.8,0.45503613,49925,0.06940210133990517
0.3,0.4,0.1,0.8,0.4550616,49925,0.07083918635314171
0.3,0.7,0.9,0.3,0.45508176,49925,0.08397083736646638
0.3,0.4,0.5,0.2,0.45508185,49925,0.08221214572677085
0.4,0.7,0.9,0.3,0.4550944,49925,0.08335115098793855
0.6,0.3,0.4,0.1,0.45512176,49925,0.07634533106153464
0.3,0.7,0.8,0.5,0.45513254,49925,0.08255423784819312
0.2,0.8,0.8,0.7,0.45516688,49925,0.0817590509672219
0.9,0.7,0.9,0.3,0.45519924,49925,0.07966793595087189
0.7,0.6,0.5,0.8,0.45521155,49925,0.07666372545519254
0.8,0.7,0.9,0.3,0.45528737,49925,0.08042919528916782
0.3,0.6,0.8,0.2,0.45532984,49925,0.08409692606159724
0.7,0.7,0.9,0.3,0.45534575,49925,0.0811696026705178
0.1,0.5,0.3,0.7,0.4553532,49925,0.07729294378142784
0.3,0.8,0.7,0.9,0.4553573,49925,0.08005690962708922
0.8,0.6,0.8,0.2,0.45535856,49925,0.07974084911540637
0.4,0.3,0.4,0.1,0.45535856,49925,0.07974084911540637
0.7,0.3,0.1,0.7,0.45536682,49925,0.0673236384102957
0.5,0.1,0.1,0.1,0.4553885,49925,0.06431881331450305
0.6,0.5,0.4,0.7,0.455411,49925,0.07622216195714361
0.5,0.3,0.4,0.1,0.4554386,49925,0.07799509977697668
0.4,0.3,0.2,0.5,0.45543918,49925,0.07438149972143887
0.1,0.4,0.5,0.2,0.45546445,49925,0.08419761618052672
0.7,0.7,0.6,0.9,0.45546645,49925,0.07752987247254141
0.2,0.6,0.8,0.2,0.45546913,49925,0.08476472248939936
0.1,0.3,0.4,0.1,0.45546913,49925,0.08476472248939936
0.4,0.5,0.3,0.8,0.45551625,49925,0.07571078109496505
0.2,0.7,0.6,0.8,0.45552388,49925,0.0800189960276523
0.1,0.8,0.8,0.7,0.45552945,49925,0.08184278052756
0.6,0.7,0.9,0.3,0.45553246,49925,0.0819491502401933
0.8,0.4,0.2,0.8,0.45553306,49925,0.0702623881570768
0.4,0.2,0.1,0.4,0.45553306,49925,0.0702623881570768
0.6,0.9,0.9,0.9,0.45553958,49925,0.08024880392932009
0.2,0.3,0.3,0.3,0.45553958,49925,0.08024880392932007
0.4,0.6,0.6,0.6,0.45553958,49925,0.08024880392932007
0.1,0.7,0.9,0.3,0.45554137,49925,0.08472532631170089
0.4,0.6,0.4,0.9,0.4555637,49925,0.07688175431705678
0.3,0.5,0.2,0.9,0.45556876,49925,0.07368822177795918
0.3,0.8,0.9,0.6,0.45560405,49925,0.08251089102476507
0.1,0.4,0.3,0.5,0.4556095,49925,0.0789781657757158
0.6,0.5,0.7,0.1,0.45567468,49925,0.08087300061716475
0.7,0.5,0.7,0.1,0.45568445,49925,0.07977592310736757
0.7,0.4,0.2,0.8,0.45569324,49925,0.07111720634941221
0.2,0.3,0.4,0.1,0.4556961,49925,0.08330506381127507
0.4,0.6,0.8,0.2,0.4556961,49925,0.08330506381127507
0.2,0.6,0.7,0.4,0.45569712,49925,0.08306794657305294
0.2,0.7,0.9,0.3,0.45571285,49925,0.0844485820314517
0.2,0.9,0.9,0.8,0.45573223,49925,0.0817529641126615
0.1,0.5,0.7,0.1,0.45573637,49925,0.08581515708904836
0.9,0.6,0.7,0.5,0.45573652,49925,0.07781969750824717
0.6,0.6,0.5,0.8,0.45573777,49925,0.07730417372078567
0.5,0.6,0.8,0.2,0.4557452,49925,0.08243811987464011
0.3,0.5,0.7,0.1,0.45574668,49925,0.08417665568390215
0.8,0.5,0.7,0.1,0.45576873,49925,0.07868862305835782
0.7,0.6,0.8,0.2,0.45577365,49925,0.08062396349641991
0.9,0.5,0.7,0.1,0.455778,49925,0.07766960818302568
0.5,0.8,0.8,0.8,0.4557857,49925,0.08039856042432855
0.5,0.7,0.9,0.3,0.4557961,49925,0.082683835683681
0.6,0.7,0.6,0.9,0.4558059,49925,0.0781237684557641
0.1,0.9,0.9,0.8,0.4558143,49925,0.08178613098806276
0.9,0.6,0.8,0.2,0.45585486,49925,0.07886168370641584
0.8,0.5,0.3,0.9,0.45589778,49925,0.07272164920616818
0.5,0.9,0.9,0.9,0.4559101,49925,0.08064132942606013
0.1,0.6,0.4,0.8,0.45592868,49925,0.07807507807416793
0.1,0.6,0.3,0.9,0.4559394,49925,0.07594178684722522
0.1,0.6,0.8,0.2,0.45594686,49925,0.08520099716144176
0.2,0.8,0.7,0.9,0.45595917,49925,0.08019685535296008
0.9,0.8,0.9,0.7,0.45596394,49925,0.07921911762865176
0.4,0.7,0.7,0.7,0.45598167,49925,0.08057226976634121
0.2,0.4,0.4,0.4,0.45600098,49925,0.08083654855740482
0.4,0.8,0.8,0.8,0.45600098,49925,0.08083654855740482
0.3,0.6,0.6,0.6,0.45600098,49925,0.08083654855740482
0.1,0.2,0.2,0.2,0.45600098,49925,0.08083654855740482
0.5,0.4,0.3,0.6,0.45601353,49925,0.07555943341250133
0.1,0.4,0.1,0.7,0.4560227,49925,0.07180920805191138
0.7,0.5,0.3,0.9,0.4560232,49925,0.0734304858968425
0.2,0.8,0.9,0.6,0.4560564,49925,0.08279961277516007
0.8,0.8,0.9,0.7,0.45605755,49925,0.07978843582383222
0.1,0.5,0.6,0.3,0.45607832,49925,0.08373894121948443
0.3,0.5,0.5,0.5,0.45609212,49925,0.08048338325532998
0.3,0.3,0.4,0.1,0.45609462,49925,0.0815200182278746
0.6,0.6,0.8,0.2,0.45609462,49925,0.0815200182278746
0.9,0.7,0.8,0.6,0.45610374,49925,0.07860879386848396
0.5,0.5,0.4,0.7,0.45612267,49925,0.07698736676501083
0.2,0.5,0.7,0.1,0.45617557,49925,0.08514366466940881
0.3,0.7,0.7,0.7,0.45620966,49925,0.0810089381868761
0.1,0.5,0.4,0.6,0.45621434,49925,0.0795087231135303
0.6,0.3,0.1,0.7,0.45621535,49925,0.06839852248594754
0.5,0.5,0.7,0.1,0.45621645,49925,0.08199587148891525
0.5,0.6,0.5,0.8,0.4562283,49925,0.07794586188989294
0.2,0.7,0.8,0.5,0.4562415,49925,0.08292241137935273
0.1,0.7,0.5,0.9,0.45624334,49925,0.07856351521666523
0.3,0.4,0.2,0.7,0.456271,49925,0.0746166844277992
0.8,0.7,0.8,0.6,0.45634362,49925,0.07926830769372413
0.7,0.8,0.9,0.7,0.45634753,49925,0.08036713406902689
0.5,0.7,0.6,0.9,0.45635822,49925,0.07862324665450364
0.3,0.5,0.3,0.8,0.45636883,49925,0.07629839554939738
0.9,0.4,0.4,0.5,0.4564161,49925,0.07366399562026427
0.9,0.5,0.6,0.4,0.45641717,49925,0.07670362470330254
0.9,0.8,0.8,0.9,0.45643172,49925,0.07820793226332819
0.4,0.9,0.9,0.9,0.45643526,49925,0.0809844561077956
0.4,0.5,0.7,0.1,0.4564434,49925,0.0831609091938049
0.8,0.6,0.7,0.5,0.45644873,49925,0.07857785557895815
0.1,0.6,0.7,0.4,0.45647776,49925,0.08340244505624449
0.9,0.7,0.7,0.8,0.45649275,49925,0.07751347043584235
0.8,0.5,0.6,0.4,0.45649803,49925,0.07760567336923999
0.7,0.7,0.8,0.6,0.45652148,49925,0.07991984962541614
0.4,0.7,0.6,0.9,0.456527,49925,0.07906050647196412
0.1,0.5,0.2,0.8,0.45657742,49925,0.07445841122515227
0.6,0.1,0.1,0.1,0.4566098,49925,0.061845916531510614
0.2,0.5,0.5,0.5,0.45663103,49925,0.08107429922230223
0.9,0.5,0.5,0.6,0.45666498,49925,0.07538175162928785
0.9,0.6,0.6,0.7,0.45671684,49925,0.07661432992152142
0.3,0.6,0.4,0.9,0.45671773,49925,0.07733831312627393
0.4,0.4,0.3,0.6,0.45674238,49925,0.07649503163525345
0.4,0.6,0.5,0.8,0.4567484,49925,0.07852386445956083
0.8,0.7,0.7,0.8,0.45675337,49925,0.07811036869133538
0.8,0.5,0.5,0.6,0.45676643,49925,0.07619971183528922
0.6,0.5,0.3,0.9,0.45676923,49925,0.07413311387379777
0.5,0.3,0.1,0.7,0.4567697,49925,0.06943356548358325
0.4,0.5,0.4,0.7,0.45678443,49925,0.07771415644928205
0.7,0.6,0.7,0.5,0.45678636,49925,0.07932657848893794
0.8,0.6,0.6,0.7,0.4568105,49925,0.07732375748668316
0.6,0.6,0.7,0.5,0.45685726,49925,0.08008588403566204
0.6,0.7,0.8,0.6,0.45686278,49925,0.08056781895689022
0.1,0.6,0.5,0.7,0.4568727,49925,0.0798329615657363
0.8,0.4,0.4,0.5,0.4569104,49925,0.07463840358713933
0.4,0.4,0.1,0.9,0.45692307,49925,0.07012511574672257
0.4,0.7,0.9,0.4,0.45693445,49925,0.08304647754768306
0.7,0.5,0.6,0.4,0.4569895,49925,0.0785100559947138
0.8,0.8,0.8,0.9,0.45703545,49925,0.0787423337074675
0.8,0.4,0.5,0.3,0.45705712,49925,0.07613722415031497
0.9,0.5,0.4,0.8,0.45706376,49925,0.07389984663086357
0.8,0.7,0.9,0.4,0.4570812,49925,0.08036733770413498
0.9,0.4,0.5,0.3,0.45709664,49925,0.07510193190573972
0.3,0.8,0.8,0.8,0.4570998,49925,0.08111781782700705
0.5,0.7,0.9,0.4,0.4571079,49925,0.0824338214479405
0.3,0.6,0.5,0.8,0.45711124,49925,0.0789858689121695
0.1,0.7,0.8,0.5,0.4571644,49925,0.08313612761726809
0.1,0.3,0.3,0.3,0.45716676,49925,0.08120403190152634
0.2,0.6,0.6,0.6,0.45716676,49925,0.08120403190152634
0.3,0.9,0.9,0.9,0.45716676,49925,0.08120403190152634
0.7,0.6,0.6,0.7,0.45718253,49925,0.07800104001673325
0.6,0.4,0.2,0.8,0.45718652,49925,0.07197992665692461
0.3,0.2,0.1,0.4,0.45718652,49925,0.07197992665692461
0.1,0.7,0.6,0.8,0.4572177,49925,0.08005358444893221
0.7,0.7,0.7,0.8,0.4572691,49925,0.07872650308457844
0.1,0.8,0.9,0.6,0.4573182,49925,0.08292531764494931
0.3,0.7,0.9,0.4,0.45732775,49925,0.08359747144991182
0.7,0.4,0.4,0.5,0.45733574,49925,0.07559633320466527
0.5,0.7,0.8,0.6,0.4573444,49925,0.08116351689087604
0.9,0.6,0.5,0.9,0.45735815,49925,0.07529507897489437
0.6,0.8,0.9,0.7,0.45739275,49925,0.0808867842825473
0.7,0.7,0.9,0.4,0.45739317,49925,0.08107708892248995
0.2,0.7,0.9,0.4,0.45739478,49925,0.08399248858140648
0.4,0.6,0.8,0.3,0.4574414,49925,0.0830068724960589
0.3,0.4,0.3,0.6,0.45744663,49925,0.07732531183283248
0.4,0.8,0.9,0.7,0.45746273,49925,0.08178932264255881
0.7,0.5,0.5,0.6,0.45746768,49925,0.07704508720165211
0.3,0.5,0.4,0.7,0.45746934,49925,0.07832963503437665
0.6,0.7,0.9,0.4,0.45747355,49925,0.0817758546419851
0.2,0.7,0.7,0.7,0.45747972,49925,0.08128926283235395
0.5,0.5,0.6,0.4,0.45749885,49925,0.08034309815483477
0.5,0.8,0.9,0.7,0.45750186,49925,0.08136385019060943
0.1,0.5,0.1,0.9,0.45750597,49925,0.07066363993758877
0.9,0.6,0.8,0.3,0.45750672,49925,0.07890974180746717
0.9,0.7,0.9,0.4,0.45753092,49925,0.07966248925952293
0.6,0.5,0.6,0.4,0.45755634,49925,0.07941851931555444
0.4,0.6,0.7,0.5,0.45756358,49925,0.08152411901214471
0.1,0.8,0.7,0.9,0.45759714,49925,0.08021602418994102
0.7,0.8,0.8,0.9,0.4576185,49925,0.0792802447081788
0.2,0.9,0.9,0.9,0.45762616,49925,0.0813552788139686
0.5,0.4,0.2,0.8,0.4576851,49925,0.07280460186983566
0.7,0.4,0.5,0.3,0.45770133,49925,0.07723703287413773
0.3,0.6,0.8,0.3,0.457709,49925,0.08372595372901943
0.7,0.6,0.8,0.3,0.45772162,49925,0.08057093835271051
0.4,0.7,0.8,0.6,0.45772654,49925,0.08169480911725645
0.8,0.4,0.3,0.7,0.4577298,49925,0.07274983190908983
0.1,0.6,0.9,0.1,0.45775667,49925,0.08620901304768608
0.3,0.7,0.6,0.9,0.457761,49925,0.07942850620000808
0.7,0.1,0.1,0.1,0.45777193,49925,0.05971120429988805
0.3,0.3,0.2,0.5,0.4577741,49925,0.07557740136697912
0.1,0.5,0.5,0.5,0.45779732,49925,0.08134977746724732
0.5,0.6,0.7,0.5,0.45784464,49925,0.08084247066910856
0.1,0.4,0.4,0.4,0.45787078,49925,0.08134315839394102
0.2,0.8,0.8,0.8,0.45787078,49925,0.08134315839394102
0.6,0.8,0.8,0.9,0.4578735,49925,0.07972938392606126
0.5,0.8,0.8,0.9,0.45787668,49925,0.08013920854976296
0.8,0.5,0.4,0.8,0.45791024,49925,0.07462962922027494
0.6,0.6,0.6,0.7,0.45793253,49925,0.07870764344640342
0.6,0.5,0.5,0.6,0.45796305,49925,0.07784072149166607
0.3,0.8,0.9,0.7,0.45797634,49925,0.08215363469908926
0.9,0.4,0.3,0.7,0.45797762,49925,0.0719043193886804
0.9,0.5,0.7,0.2,0.45799193,49925,0.07786577250852252
0.3,0.7,0.8,0.6,0.4580215,49925,0.0821690370598586
0.6,0.7,0.7,0.8,0.4580243,49925,0.07931985847199426
0.1,0.7,0.9,0.4,0.458049,49925,0.0841539655191999
0.7,0.3,0.3,0.4,0.45807976,49925,0.07343822630180168
0.1,0.6,0.6,0.6,0.4580846,49925,0.081358607373267
0.8,0.6,0.5,0.9,0.45808598,49925,0.07593965672819984
0.2,0.6,0.7,0.5,0.45813242,49925,0.08254789995792296
0.6,0.4,0.5,0.3,0.45813566,49925,0.07840255487819771
0.2,0.4,0.1,0.8,0.4581367,49925,0.07132022108516455
0.5,0.6,0.8,0.3,0.45814764,49925,0.0822586054601242
0.6,0.6,0.8,0.3,0.4581831,49925,0.08141846679978522
0.3,0.5,0.6,0.4,0.45818856,49925,0.08201053538980224
0.8,0.6,0.8,0.3,0.45820743,49925,0.07973896122778837
0.8,0.3,0.3,0.4,0.45822084,49925,0.07223778518713998
0.2,0.4,0.2,0.7,0.45824072,49925,0.0752088948926578
0.1,0.6,0.8,0.3,0.45825195,49925,0.08453692488096286
0.2,0.6,0.8,0.3,0.45830762,49925,0.08428113757728062
0.9,0.8,0.9,0.8,0.4583323,49925,0.07912311592670222
0.6,0.4,0.4,0.5,0.45833614,49925,0.07661078555631293
0.5,0.7,0.7,0.8,0.4583796,49925,0.07982329492952528
0.4,0.5,0.6,0.4,0.45840368,49925,0.08120700348990566
0.3,0.6,0.7,0.5,0.45840827,49925,0.08213145459776182
0.9,0.3,0.3,0.4,0.4584181,49925,0.07108038738236513
0.1,0.7,0.7,0.7,0.45842075,49925,0.08136345747299854
0.2,0.7,0.8,0.6,0.45845458,49925,0.08244126218370341
0.3,0.5,0.7,0.2,0.4584742,49925,0.08380681335110246
0.9,0.7,0.8,0.7,0.4585081,49925,0.07854148136468352
0.5,0.5,0.3,0.9,0.4585129,49925,0.07483372956658793
0.5,0.4,0.5,0.3,0.45853186,49925,0.07952622417289605
0.5,0.5,0.5,0.6,0.45853817,49925,0.0786698812450918
0.2,0.6,0.4,0.9,0.45854777,49925,0.07755954202364904
0.6,0.3,0.3,0.4,0.45856753,49925,0.07466299247320529
0.2,0.6,0.9,0.1,0.45857444,49925,0.08578759029483121
0.7,0.4,0.3,0.7,0.45857486,49925,0.07364516724862481
0.8,0.3,0.4,0.2,0.4585842,49925,0.07392862847863724
0.8,0.8,0.9,0.8,0.45858732,49925,0.0796431697500268
0.4,0.4,0.5,0.3,0.45859042,49925,0.08069105003929257
0.3,0.4,0.5,0.3,0.45861226,49925,0.08178567867731867
0.4,0.8,0.8,0.9,0.45866942,49925,0.08053361303503787
0.2,0.3,0.1,0.6,0.45869505,49925,0.07236695176279505
0.1,0.8,0.8,0.8,0.45869756,49925,0.0813523312117596
0.4,0.6,0.6,0.7,0.45869964,49925,0.07993023726167817
0.9,0.3,0.4,0.2,0.45870784,49925,0.0726453203338641
0.4,0.6,0.9,0.1,0.45873067,49925,0.08437077886734985
0.7,0.3,0.4,0.2,0.45873252,49925,0.07526199507130604
0.7,0.5,0.4,0.8,0.458763,49925,0.07536986996453318
0.8,0.1,0.1,0.1,0.45877698,49925,0.05780791561338386
0.2,0.5,0.3,0.8,0.45880476,49925,0.07669068299110618
0.9,0.6,0.9,0.1,0.45880505,49925,0.07989848532722789
0.7,0.6,0.5,0.9,0.45880592,49925,0.07654081480005538
0.8,0.7,0.8,0.7,0.4588322,49925,0.07916491915843032
0.5,0.6,0.6,0.7,0.45885652,49925,0.07937232712294649
0.6,0.5,0.7,0.2,0.4588593,49925,0.08086866585629039
0.5,0.5,0.7,0.2,0.45886344,49925,0.08186147129252201
0.4,0.7,0.9,0.5,0.45888728,49925,0.08270456689505848
0.1,0.9,0.9,0.9,0.45889598,49925,0.08133365140782786
0.4,0.3,0.1,0.7,0.4588965,49925,0.0704015578470732
0.2,0.8,0.9,0.7,0.45890433,49925,0.08235302295261131
0.4,0.5,0.7,0.2,0.45891678,49925,0.08289033886099034
0.3,0.6,0.9,0.1,0.45892146,49925,0.0851597085311234
0.4,0.7,0.7,0.8,0.45892575,49925,0.08028121311049542
0.9,0.6,0.7,0.6,0.45892584,49925,0.07779889728876772
0.3,0.8,0.8,0.9,0.45895082,49925,0.08077896362645244
0.3,0.7,0.7,0.8,0.45895228,49925,0.08064200809919522
0.8,0.6,0.9,0.1,0.45896983,49925,0.08078847979805744
0.7,0.7,0.8,0.7,0.45897248,49925,0.07975887815828657
0.5,0.6,0.9,0.1,0.45897797,49925,0.08352575907035033
0.2,0.6,0.5,0.8,0.4589797,49925,0.07924980957882145
0.5,0.4,0.4,0.5,0.45898244,49925,0.07760803196301068
0.5,0.7,0.9,0.5,0.45899072,49925,0.08217768645900071
0.6,0.3,0.4,0.2,0.4590413,49925,0.07665323386632675
0.1,0.5,0.7,0.2,0.4590477,49925,0.08507032994615515
0.2,0.5,0.7,0.2,0.45906997,49925,0.08458010797690471
0.8,0.6,0.7,0.6,0.45907676,49925,0.07850344035131576
0.3,0.6,0.6,0.7,0.45907918,49925,0.08043558496671492
0.8,0.5,0.7,0.2,0.45908105,49925,0.07881819142568955
0.5,0.3,0.3,0.4,0.45910776,49925,0.07595119157075432
0.2,0.5,0.2,0.9,0.45911103,49925,0.0740166956381435
0.7,0.6,0.9,0.1,0.4591152,49925,0.08169840877146425
0.2,0.5,0.6,0.4,0.45911947,49925,0.08262648644494508
0.2,0.3,0.2,0.5,0.45913178,49925,0.07661661917412915
0.9,0.1,0.1,0.1,0.45914084,49925,0.056132185657571616
0.2,0.4,0.5,0.3,0.4591686,49925,0.08271016978582406
0.7,0.8,0.9,0.8,0.45920372,49925,0.08018809121340419
0.7,0.7,0.9,0.5,0.4592082,49925,0.08093562062270462
0.7,0.5,0.7,0.2,0.45921865,49925,0.07984597029149908
0.2,0.5,0.4,0.7,0.4592231,49925,0.0787564516041807
0.9,0.4,0.6,0.1,0.4592633,49925,0.07634768299205379
0.9,0.4,0.2,0.9,0.45930386,49925,0.06963482948414662
0.1,0.4,0.6,0.1,0.45934027,49925,0.0857370039295152
0.2,0.7,0.6,0.9,0.4593485,49925,0.07957849250103323
0.9,0.5,0.6,0.5,0.4593688,49925,0.07674433037247361
0.6,0.6,0.5,0.9,0.45937788,49925,0.07714061323989273
0.2,0.4,0.3,0.6,0.45938483,49925,0.07798799751931008
0.9,0.7,0.9,0.5,0.45947358,49925,0.07959561835316359
0.7,0.6,0.7,0.6,0.45947742,49925,0.07920280766425576
0.6,0.7,0.9,0.5,0.45953402,49925,0.08157533963200347
0.6,0.6,0.9,0.1,0.45955992,49925,0.08261648441917557
0.8,0.7,0.9,0.5,0.45957178,49925,0.08028239346740891
0.6,0.4,0.3,0.7,0.4596143,49925,0.07453467014617308
0.8,0.4,0.6,0.1,0.45962352,49925,0.07750329274076996
0.1,0.7,0.8,0.6,0.45966133,49925,0.08253639796230061
0.9,0.5,0.5,0.7,0.45969152,49925,0.07544225277400884
0.5,0.8,0.9,0.8,0.4597068,49925,0.0810958886962524
0.2,0.4,0.6,0.1,0.45971847,49925,0.0849554990740367
0.4,0.6,0.8,0.4,0.4597242,49925,0.08267027208359548
0.2,0.3,0.4,0.2,0.4597242,49925,0.08267027208359548
0.5,0.6,0.5,0.9,0.45972458,49925,0.07768045106365037
0.2,0.6,0.6,0.7,0.45973945,49925,0.08069254595470111
0.4,0.5,0.5,0.6,0.45974007,49925,0.07942131824316132
0.9,0.3,0.2,0.6,0.45974395,49925,0.06883066942137582
0.3,0.5,0.5,0.6,0.45974407,49925,0.08007141017576277
0.9,0.7,0.7,0.9,0.45975417,49925,0.07743465396139768
0.5,0.3,0.4,0.2,0.45976165,49925,0.07816140902491832
0.4,0.4,0.4,0.5,0.4597633,49925,0.07861589844853042
0.6,0.5,0.4,0.8,0.45977098,49925,0.07610712603957771
0.1,0.6,0.9,0.2,0.45985192,49925,0.08553892502881101
0.6,0.4,0.6,0.1,0.45987627,49925,0.07994418422471605
0.7,0.4,0.6,0.1,0.45991665,49925,0.0786791879613276
0.9,0.3,0.1,0.8,0.45992535,49925,0.06584371834006414
0.8,0.5,0.6,0.5,0.45995474,49925,0.0776006218707212
0.5,0.4,0.6,0.1,0.459968,49925,0.08123056581205931
0.1,0.6,0.4,0.9,0.4599705,49925,0.07750843534848853
0.7,0.3,0.2,0.6,0.45998698,49925,0.07095336937053838
0.8,0.7,0.7,0.9,0.46000773,49925,0.07799532887176246
0.4,0.4,0.6,0.1,0.46001592,49925,0.0825474011321309
0.4,0.6,0.5,0.9,0.46003348,49925,0.07819155741071565
0.1,0.8,0.9,0.7,0.46003643,49925,0.0823832044075241
0.1,0.6,0.7,0.5,0.46004593,49925,0.0827386088001705
0.6,0.8,0.9,0.8,0.4600499,49925,0.08064822899257806
0.8,0.3,0.2,0.6,0.46005267,49925,0.0698891084401318
0.3,0.4,0.6,0.1,0.46005693,49925,0.08382431171450712
0.3,0.3,0.4,0.2,0.46006596,49925,0.08125878151543701
0.6,0.6,0.8,0.4,0.46006596,49925,0.08125878151543701
0.4,0.5,0.3,0.9,0.46008992,49925,0.07547458854417646
0.6,0.7,0.8,0.7,0.46009094,49925,0.0803367710779849
0.1,0.5,0.6,0.4,0.4601508,49925,0.0829757446386644
0.2,0.8,0.8,0.9,0.46015328,49925,0.08087997673167945
0.1,0.4,0.5,0.3,0.46015865,49925,0.08328491475324662
0.9,0.6,0.6,0.8,0.46018478,49925,0.0765734228882796
0.8,0.4,0.2,0.9,0.46022746,49925,0.07040376962944438
0.6,0.6,0.7,0.6,0.4602393,49925,0.07992031868852131
0.2,0.7,0.7,0.8,0.46024784,49925,0.08080113156850591
0.1,0.7,0.6,0.9,0.4602495,49925,0.07950092000987179
0.5,0.6,0.8,0.4,0.46025896,49925,0.08198749948007161
0.6,0.5,0.6,0.5,0.46028224,49925,0.07926505878381554
0.3,0.7,0.9,0.5,0.46029347,49925,0.08316888242789149
0.2,0.2,0.1,0.4,0.46030346,49925,0.07359545163551579
0.4,0.4,0.2,0.8,0.46030346,49925,0.07359545163551579
0.4,0.8,0.9,0.8,0.4603107,49925,0.08148162913121551
0.8,0.4,0.5,0.4,0.46031985,49925,0.07627686879811478
0.8,0.5,0.5,0.7,0.46033776,49925,0.07618840814409528
0.2,0.7,0.9,0.5,0.4603553,49925,0.08347672380435044
0.9,0.4,0.5,0.4,0.4603641,49925,0.07529244140835063
0.2,0.5,0.5,0.6,0.46036875,49925,0.08052033200356035
0.3,0.8,0.9,0.8,0.4603688,49925,0.08176028715398384
0.1,0.6,0.5,0.8,0.46037233,49925,0.07921520365474218
0.8,0.6,0.6,0.8,0.46038342,49925,0.07723264032210479
0.4,0.3,0.3,0.4,0.46038342,49925,0.07723264032210479
0.9,0.6,0.8,0.4,0.46042037,49925,0.07891699432155867
0.6,0.3,0.2,0.6,0.46043372,49925,0.0720481712009525
0.7,0.7,0.7,0.9,0.46043545,49925,0.07857436308353231
0.4,0.3,0.4,0.2,0.4604623,49925,0.07969954317934635
0.8,0.6,0.8,0.4,0.4604623,49925,0.07969954317934635
0.3,0.6,0.8,0.4,0.4605236,49925,0.08326720830168438
0.1,0.5,0.3,0.8,0.4605385,49925,0.07665720952306992
0.7,0.5,0.6,0.5,0.46054178,49925,0.07843797974341177
0.4,0.7,0.8,0.7,0.46054292,49925,0.08134990222754526
0.4,0.5,0.4,0.8,0.46054465,49925,0.07738652242736759
0.3,0.4,0.4,0.5,0.46055332,49925,0.07948640137413926
0.5,0.2,0.2,0.3,0.46056014,49925,0.07297892428678851
0.7,0.6,0.8,0.4,0.46061644,49925,0.08049291148287767
0.8,0.3,0.1,0.8,0.46061838,49925,0.06673877165018222
0.5,0.4,0.3,0.7,0.46064854,49925,0.07539481819028994
0.2,0.6,0.8,0.4,0.4606636,49925,0.08371001098957706
0.1,0.3,0.4,0.2,0.4606636,49925,0.08371001098957706
0.4,0.6,0.9,0.2,0.4606751,49925,0.08407463928085852
0.3,0.6,0.9,0.2,0.4606808,49925,0.08473323124305142
0.9,0.5,0.7,0.3,0.46069682,49925,0.07795593846999369
0.6,0.2,0.2,0.3,0.46070772,49925,0.07129523606620927
0.5,0.5,0.4,0.8,0.46071365,49925,0.07679135114116875
0.7,0.6,0.6,0.8,0.46072412,49925,0.07786177680543943
0.7,0.6,0.9,0.2,0.46073925,49925,0.08161044057397164
0.3,0.7,0.8,0.7,0.4608,49925,0.08172528409980145
0.9,0.8,0.9,0.9,0.4608227,49925,0.0790247938298164
0.5,0.7,0.8,0.7,0.4608401,49925,0.08086638413627327
0.7,0.3,0.1,0.8,0.46088412,49925,0.06766790394205352
0.1,0.5,0.4,0.7,0.4608977,49925,0.07881684674462702
0.3,0.5,0.7,0.3,0.4609091,49925,0.08335386306121219
0.8,0.2,0.2,0.3,0.4609105,49925,0.06823161460010913
0.9,0.5,0.4,0.9,0.46095562,49925,0.07388690137520813
0.2,0.4,0.4,0.5,0.46102288,49925,0.08021754963209972
0.8,0.6,0.9,0.2,0.4610341,49925,0.08080472621190762
0.7,0.4,0.5,0.4,0.46104318,49925,0.07730620306991677
0.3,0.4,0.1,0.9,0.46104982,49925,0.07066480168141467
0.9,0.2,0.2,0.3,0.4610689,49925,0.06685269690814742
0.5,0.6,0.9,0.2,0.46106926,49925,0.08329076021948802
0.9,0.4,0.4,0.6,0.46108922,49925,0.07385057918022979
0.6,0.6,0.9,0.2,0.46110785,49925,0.08246552865384309
0.9,0.7,0.9,0.6,0.4611128,49925,0.07952469740368903
0.4,0.6,0.7,0.6,0.46112332,49925,0.08115812552996961
0.9,0.7,0.8,0.8,0.4611244,49925,0.07847118045031232
0.7,0.5,0.5,0.7,0.46113667,49925,0.07693058021309362
0.7,0.4,0.2,0.9,0.46114933,49925,0.07116511222333814
0.5,0.3,0.2,0.6,0.4611558,49925,0.07314683163526223
0.6,0.7,0.7,0.9,0.46115813,49925,0.07907412792246078
0.9,0.2,0.1,0.5,0.4611751,49925,0.0637775636877433
0.5,0.6,0.7,0.6,0.4611792,49925,0.0805641511079835
0.1,0.8,0.8,0.9,0.46119598,49925,0.08085005282594461
0.2,0.6,0.9,0.2,0.46120352,49925,0.08526148733103747
0.6,0.6,0.6,0.8,0.46124882,49925,0.07849859083347743
0.3,0.3,0.3,0.4,0.46124882,49925,0.07849859083347743
0.1,0.4,0.3,0.6,0.46126908,49925,0.07820127658863509
0.1,0.5,0.8,0.1,0.46129557,49925,0.08619143125031382
0.1,0.5,0.2,0.9,0.46129632,49925,0.07390985067425235
0.7,0.5,0.7,0.3,0.4612974,49925,0.07980887347560463
0.7,0.2,0.2,0.3,0.461304,49925,0.06971606314286045
0.9,0.6,0.9,0.2,0.4613064,49925,0.07995383420805156
0.8,0.4,0.4,0.6,0.46131068,49925,0.07473080961764299
0.4,0.2,0.2,0.3,0.46131068,49925,0.07473080961764299
0.5,0.5,0.7,0.3,0.46133158,49925,0.08168903344954127
0.1,0.7,0.9,0.5,0.4613365,49925,0.08357337821346501
0.8,0.7,0.9,0.6,0.4613479,49925,0.08015561331386746
0.2,0.8,0.9,0.8,0.4613561,49925,0.08193060900038877
0.8,0.8,0.9,0.9,0.46136686,49925,0.07953475712803672
0.4,0.5,0.7,0.3,0.46139106,49925,0.08257544968425531
0.8,0.5,0.7,0.3,0.4613949,49925,0.07887905008444926
0.5,0.7,0.7,0.9,0.46142828,49925,0.07954797335181626
0.4,0.7,0.7,0.9,0.46142998,49925,0.07995784389540668
0.2,0.7,0.8,0.7,0.46144536,49925,0.08195577069780498
0.1,0.7,0.7,0.8,0.46146208,49925,0.08080547549859948
0.1,0.6,0.8,0.4,0.4614682,49925,0.08388850610071154
0.6,0.5,0.7,0.3,0.4614701,49925,0.08075017552398178
0.8,0.2,0.1,0.5,0.46156746,49925,0.06498400694515558
0.3,0.6,0.5,0.9,0.46156868,49925,0.0785719267450837
0.8,0.5,0.4,0.9,0.46159375,49925,0.07459539392378911
0.5,0.5,0.6,0.5,0.46159422,49925,0.08011808701544516
0.6,0.2,0.3,0.1,0.4616174,49925,0.07360737681850282
0.7,0.2,0.3,0.1,0.461638,49925,0.07180310432558223
0.3,0.5,0.3,0.9,0.46165606,49925,0.0759324681993804
0.3,0.6,0.7,0.6,0.46174824,49925,0.081672581241281
0.1,0.6,0.6,0.7,0.46174935,49925,0.08073328120084382
0.5,0.2,0.3,0.1,0.46177676,49925,0.07557135871740459
0.2,0.5,0.8,0.1,0.4617831,49925,0.08572598369383609
0.2,0.3,0.3,0.4,0.4617839,49925,0.07959944621101465
0.4,0.6,0.6,0.8,0.4617839,49925,0.07959944621101465
0.8,0.7,0.8,0.8,0.46179497,49925,0.0790421762966513
0.3,0.3,0.1,0.7,0.46184963,49925,0.07129034094653591
0.6,0.4,0.5,0.4,0.46185118,49925,0.07833849802927174
0.3,0.7,0.7,0.9,0.46186244,49925,0.0802390960362297
0.1,0.5,0.5,0.6,0.46188033,49925,0.08061960907152299
0.7,0.2,0.1,0.5,0.46188647,49925,0.06625858475041914
0.7,0.4,0.4,0.6,0.46190366,49925,0.07560711128403799
0.2,0.5,0.7,0.3,0.46191767,49925,0.08399226824509286
0.7,0.7,0.9,0.6,0.46193615,49925,0.08074637550040834
0.6,0.4,0.2,0.9,0.46195352,49925,0.07195481479264733
0.5,0.6,0.6,0.8,0.4619571,49925,0.07906489703873175
0.8,0.2,0.3,0.1,0.46197042,49925,0.07013723714866547
0.5,0.7,0.9,0.6,0.46205106,49925,0.08187728907595945
0.1,0.5,0.7,0.3,0.46205133,49925,0.08426208079372716
0.5,0.4,0.5,0.4,0.46205312,49925,0.07934560955842038
0.2,0.6,0.7,0.6,0.46205914,49925,0.08200401460055662
0.7,0.8,0.9,0.9,0.4620945,49925,0.07998800507838913
0.9,0.2,0.3,0.1,0.46209583,49925,0.06862452683850137
0.6,0.5,0.5,0.7,0.46211338,49925,0.07768342795188092
0.1,0.4,0.1,0.8,0.46212393,49925,0.07125848570362243
0.9,0.5,0.8,0.1,0.46212828,49925,0.07904762020019153
0.3,0.4,0.2,0.8,0.4621325,49925,0.07426751495339812
0.9,0.3,0.4,0.3,0.46213728,49925,0.07313941589403658
0.9,0.6,0.7,0.7,0.46216205,49925,0.07773949502559953
0.3,0.5,0.4,0.8,0.4621809,49925,0.07793777544229359
0.1,0.4,0.2,0.7,0.46219164,49925,0.07529574954072456
0.9,0.6,0.8,0.5,0.46222043,49925,0.07889073729199461
0.4,0.4,0.3,0.7,0.46222544,49925,0.07619923118790459
0.9,0.4,0.6,0.2,0.46222666,49925,0.07660905271688591
0.6,0.7,0.9,0.6,0.4622618,49925,0.08133578323000612
0.7,0.5,0.8,0.1,0.46228105,49925,0.08104443727093459
0.6,0.5,0.8,0.1,0.46228987,49925,0.08205752756908602
0.7,0.5,0.4,0.9,0.46229535,49925,0.07525480907090587
0.5,0.5,0.8,0.1,0.4622958,49925,0.08310829152919887
0.5,0.8,0.9,0.9,0.46230844,49925,0.08082342066034931
0.6,0.2,0.1,0.5,0.4623267,49925,0.06761641259256489
0.8,0.6,0.7,0.7,0.46234703,49925,0.0784147353857514
0.8,0.4,0.6,0.2,0.46235704,49925,0.07767558162489155
0.4,0.2,0.3,0.1,0.46235704,49925,0.07767558162489155
0.6,0.3,0.1,0.8,0.4623876,49925,0.06858971572511195
0.4,0.5,0.6,0.5,0.46239346,49925,0.08085640473323788
0.3,0.2,0.2,0.3,0.4623947,49925,0.07652840502889446
0.6,0.4,0.4,0.6,0.4623947,49925,0.07652840502889446
0.9,0.6,0.6,0.9,0.4623947,49925,0.07652840502889446
0.3,0.5,0.6,0.5,0.46242037,49925,0.08153321064029546
0.7,0.6,0.8,0.5,0.46243432,49925,0.08032494899195643
0.9,0.4,0.3,0.8,0.46243465,49925,0.07198119787303084
0.3,0.5,0.8,0.1,0.46245468,49925,0.08500479807796726
0.1,0.4,0.4,0.5,0.4624583,49925,0.08044277303569468
0.3,0.6,0.6,0.8,0.4624672,49925,0.08000206434433865
0.8,0.6,0.8,0.5,0.46247023,49925,0.07961745685243843
0.1,0.8,0.9,0.8,0.4624803,49925,0.0818615344216492
0.7,0.7,0.8,0.8,0.4624908,49925,0.07960498245482593
0.4,0.7,0.9,0.6,0.4625267,49925,0.08236429426525739
0.8,0.5,0.8,0.1,0.4625656,49925,0.08003167600533007
0.4,0.3,0.2,0.6,0.4625669,49925,0.0742195770846215
0.6,0.8,0.9,0.9,0.4625683,49925,0.08040540001991721
0.3,0.4,0.6,0.2,0.46257973,49925,0.08340400866614547
0.4,0.5,0.8,0.1,0.46268615,49925,0.08408119838938337
0.9,0.5,0.6,0.6,0.4626878,49925,0.07678164110896905
0.8,0.4,0.3,0.8,0.4627051,49925,0.07280911243813587
0.1,0.7,0.8,0.7,0.46270528,49925,0.08196223625331657
0.5,0.5,0.5,0.7,0.46270773,49925,0.07840285340731286
0.1,0.3,0.1,0.6,0.46271712,49925,0.07266079146870866
0.8,0.3,0.4,0.3,0.4627209,49925,0.07430702905729551
0.2,0.5,0.6,0.5,0.4627431,49925,0.0820383118941636
0.7,0.3,0.4,0.3,0.46276808,49925,0.0755340563189256
0.2,0.6,0.5,0.9,0.46280083,49925,0.0787153674179822
0.6,0.6,0.8,0.5,0.4628064,49925,0.0810296867488856
0.4,0.6,0.9,0.3,0.4628157,49925,0.08373608984568776
0.4,0.8,0.9,0.9,0.46281865,49925,0.08114494634435175
0.3,0.7,0.9,0.6,0.46282098,49925,0.082743840230271
0.7,0.4,0.6,0.2,0.4628607,49925,0.07878736606699269
0.5,0.2,0.1,0.5,0.46287864,49925,0.06905079196590243
0.1,0.6,0.9,0.3,0.4628914,49925,0.08482784966695044
0.6,0.7,0.8,0.8,0.4629091,49925,0.08011509580438712
0.1,0.3,0.2,0.5,0.4629588,49925,0.07710065388017127
0.5,0.6,0.9,0.3,0.46299505,49925,0.08304449660351694
0.8,0.3,0.3,0.5,0.46300262,49925,0.07253864476531509
0.2,0.7,0.9,0.6,0.46300474,49925,0.08297156408883857
0.5,0.3,0.1,0.8,0.4630113,49925,0.06946751238614392
0.8,0.6,0.6,0.9,0.46305224,49925,0.07710413858706959
0.9,0.7,0.9,0.7,0.4630801,49925,0.07941134407919666
0.6,0.3,0.4,0.3,0.46309534,49925,0.07680497061671625
0.8,0.5,0.6,0.6,0.46310014,49925,0.07755096872212913
0.2,0.7,0.7,0.9,0.46311972,49925,0.08031893511554797
0.3,0.8,0.9,0.9,0.46312603,49925,0.08137422953931499
0.3,0.4,0.3,0.7,0.46313372,49925,0.07691358139695088
0.7,0.4,0.3,0.8,0.4631803,49925,0.07359043365809946
0.7,0.6,0.7,0.7,0.46319467,49925,0.07906294954835523
0.7,0.6,0.9,0.3,0.46319684,49925,0.08150922848171442
0.4,0.6,0.8,0.5,0.46320948,49925,0.08230758435703354
0.1,0.4,0.6,0.2,0.4632105,49925,0.0848231900271712
0.9,0.3,0.3,0.5,0.46323746,49925,0.07150325860618524
0.3,0.6,0.9,0.3,0.4632379,49925,0.08430312897640203
0.2,0.4,0.6,0.2,0.4632379,49925,0.08430312897640202
0.1,0.2,0.3,0.1,0.4632379,49925,0.08430312897640202
0.6,0.4,0.6,0.2,0.4632568,49925,0.07993712082540395
0.3,0.2,0.3,0.1,0.4632568,49925,0.07993712082540395
0.9,0.6,0.9,0.3,0.4632568,49925,0.07993712082540395
0.7,0.3,0.3,0.5,0.46331903,49925,0.07361714012649333
0.5,0.4,0.6,0.2,0.46335804,49925,0.08112514284215382
0.2,0.8,0.9,0.9,0.4633666,49925,0.0814725901592296
0.2,0.2,0.3,0.1,0.46338743,49925,0.08227666082071226
0.6,0.6,0.9,0.3,0.46338743,49925,0.08227666082071226
0.4,0.4,0.6,0.2,0.46338743,49925,0.08227666082071226
0.4,0.4,0.5,0.4,0.4633966,49925,0.08036990071421221
0.8,0.6,0.9,0.3,0.46340454,49925,0.08074998912018357
0.9,0.5,0.7,0.4,0.46341684,49925,0.0780151584105258
0.2,0.6,0.9,0.3,0.46341956,49925,0.08470195574325522
0.5,0.4,0.2,0.9,0.46342686,49925,0.0726824987329055
0.1,0.5,0.8,0.2,0.46343854,49925,0.08535849883853679
0.4,0.5,0.5,0.7,0.4634394,49925,0.07904697493976857
0.5,0.7,0.8,0.8,0.46344134,49925,0.08057446889806572
0.5,0.6,0.8,0.5,0.4634656,49925,0.0817036436070381
0.4,0.7,0.8,0.8,0.4634787,49925,0.08101332387257124
0.9,0.5,0.5,0.8,0.463503,49925,0.07543286578476076
0.1,0.6,0.7,0.6,0.46352148,49925,0.08206688500143329
0.2,0.5,0.3,0.9,0.4635253,49925,0.07617789665823177
0.3,0.7,0.8,0.8,0.46358576,49925,0.081306295740689
0.2,0.6,0.8,0.5,0.46359056,49925,0.08313511410693106
0.7,0.5,0.6,0.6,0.4636972,49925,0.07831052436447522
0.2,0.5,0.4,0.8,0.46370098,49925,0.07821317020912541
0.6,0.6,0.7,0.7,0.46370673,49925,0.07971708325888739
0.8,0.5,0.7,0.4,0.4637217,49925,0.07886552697196306
0.9,0.4,0.5,0.5,0.46372622,49925,0.0754209649488974
0.2,0.4,0.1,0.9,0.46372893,49925,0.07095283400406209
0.9,0.7,0.8,0.9,0.4638035,49925,0.07834904568956061
0.6,0.5,0.4,0.9,0.4638128,49925,0.07588982352407252
0.2,0.4,0.2,0.8,0.4638937,49925,0.07467901285422499
0.1,0.2,0.1,0.4,0.4638937,49925,0.07467901285422499
0.8,0.7,0.9,0.7,0.4639115,49925,0.08000812017916503
0.3,0.6,0.8,0.5,0.46391678,49925,0.08281185634524794
0.5,0.4,0.4,0.6,0.4639466,49925,0.07740470160571186
0.3,0.5,0.5,0.7,0.4640063,49925,0.07963701862293371
0.1,0.3,0.3,0.4,0.46402308,49925,0.08015402199208109
0.2,0.6,0.6,0.8,0.46402308,49925,0.08015402199208109
0.8,0.5,0.5,0.8,0.46402377,49925,0.07611588770121018
0.3,0.4,0.5,0.4,0.464051,49925,0.08124540743330598
0.2,0.7,0.8,0.8,0.46414754,49925,0.08147452818624627
0.6,0.5,0.7,0.4,0.46415246,49925,0.0805808721077055
0.1,0.7,0.9,0.6,0.46418235,49925,0.08297979069590204
0.5,0.3,0.4,0.3,0.4642114,49925,0.07816388778122133
0.6,0.3,0.3,0.5,0.46424758,49925,0.07474630633151949
0.5,0.6,0.7,0.7,0.46428216,49925,0.08027749822566055
0.4,0.5,0.7,0.4,0.46428758,49925,0.08216275180606383
0.1,0.5,0.6,0.5,0.46430305,49925,0.08221011539432838
0.9,0.3,0.2,0.7,0.46433413,49925,0.06915266163989536
0.5,0.6,0.9,0.4,0.4643374,49925,0.08275190830515361
0.7,0.5,0.7,0.4,0.4643776,49925,0.07972285340588761
0.2,0.4,0.5,0.4,0.46442395,49925,0.08202518708631462
0.6,0.4,0.3,0.8,0.4644242,49925,0.07439124408552387
0.5,0.5,0.4,0.9,0.46445417,49925,0.07651530593272977
0.8,0.7,0.8,0.9,0.4644628,49925,0.07889367224107427
0.4,0.2,0.1,0.5,0.46450147,49925,0.07046116155967819
0.3,0.3,0.2,0.6,0.46451715,49925,0.07523056607182389
0.7,0.7,0.9,0.7,0.46453092,49925,0.08055390365553396
0.1,0.6,0.5,0.9,0.46455395,49925,0.07861177611299684
0.9,0.6,0.7,0.8,0.46457875,49925,0.07765328165329968
0.7,0.5,0.8,0.2,0.46457955,49925,0.08098257450214591
0.7,0.6,0.6,0.9,0.46458596,49925,0.07770187716937892
0.5,0.5,0.7,0.4,0.46460035,49925,0.0814190712070956
0.4,0.5,0.8,0.2,0.46464458,49925,0.08373881746553477
0.8,0.5,0.8,0.2,0.4646671,49925,0.08007884814216977
0.3,0.5,0.8,0.2,0.46467885,49925,0.08449710522846587
0.9,0.5,0.8,0.2,0.46469364,49925,0.07915389222996538
0.9,0.3,0.5,0.1,0.4646965,49925,0.07455822915858774
0.6,0.7,0.9,0.7,0.46471238,49925,0.0810625163071886
0.3,0.6,0.7,0.7,0.46472183,49925,0.08120851777545302
0.6,0.5,0.6,0.6,0.46474165,49925,0.07909317870954809
0.8,0.4,0.5,0.5,0.4647719,49925,0.07632921421291824
0.9,0.6,0.8,0.6,0.46478322,49925,0.07879888114157702
0.2,0.5,0.8,0.2,0.46480086,49925,0.08511916663555973
0.2,0.4,0.3,0.7,0.4648071,49925,0.0773862746203144
0.6,0.6,0.6,0.9,0.46481302,49925,0.07824573190122959
0.4,0.4,0.4,0.6,0.46481302,49925,0.07824573190122958
0.2,0.2,0.2,0.3,0.46481302,49925,0.07824573190122958
0.4,0.6,0.7,0.7,0.46485034,49925,0.08078982340459277
0.6,0.5,0.8,0.2,0.4648674,49925,0.08192544877024478
0.7,0.7,0.8,0.9,0.46488717,49925,0.07939574782915557
0.8,0.3,0.5,0.1,0.46489537,49925,0.07585237498198034
0.8,0.6,0.8,0.6,0.4649014,49925,0.07948813828252364
0.4,0.3,0.4,0.3,0.4649014,49925,0.07948813828252364
0.7,0.4,0.5,0.5,0.46492204,49925,0.07726135519145783
0.9,0.4,0.4,0.7,0.46494526,49925,0.07390999751100305
0.7,0.5,0.5,0.8,0.46494794,49925,0.07681858352713065
0.3,0.5,0.7,0.4,0.46495757,49925,0.08286305542631688
0.7,0.3,0.2,0.7,0.46496683,49925,0.07108821047232924
0.9,0.4,0.6,0.3,0.46500373,49925,0.0767532148673036
0.1,0.6,0.8,0.5,0.4650297,49925,0.08320921973021574
0.1,0.7,0.7,0.9,0.46503,49925,0.08023547148041511
0.8,0.3,0.2,0.7,0.4650331,49925,0.07010929951644299
0.2,0.6,0.7,0.7,0.46504962,49925,0.08144581801854757
0.5,0.6,0.6,0.9,0.46506596,49925,0.07874365003015021
0.9,0.3,0.1,0.9,0.46509215,49925,0.06622663367219585
0.7,0.3,0.5,0.1,0.4651162,49925,0.07718454271916952
0.6,0.3,0.5,0.1,0.46512783,49925,0.07862261881802517
0.8,0.6,0.7,0.8,0.46515617,49925,0.0782680989194999
0.5,0.3,0.3,0.5,0.46516043,49925,0.07585590797834202
0.2,0.5,0.5,0.7,0.46516854,49925,0.07991878728892432
0.4,0.6,0.9,0.4,0.46517855,49925,0.08330848789813672
0.7,0.6,0.9,0.4,0.46523812,49925,0.08136498822163567
0.5,0.5,0.8,0.2,0.465247,49925,0.08284193933005958
0.4,0.7,0.9,0.7,0.46529824,49925,0.08199118606768993
0.5,0.7,0.9,0.7,0.46530268,49925,0.08156326188695673
0.1,0.8,0.9,0.9,0.46531314,49925,0.08135338566459828
0.6,0.6,0.9,0.4,0.46532887,49925,0.08206660984372681
0.8,0.4,0.6,0.3,0.46533236,49925,0.07776131618076555
0.4,0.5,0.4,0.9,0.46536216,49925,0.0770585597601344
0.8,0.6,0.9,0.4,0.46541023,49925,0.08062575536621397
0.1,0.5,0.4,0.8,0.4654455,49925,0.07812119066955764
0.9,0.6,0.9,0.4,0.46545365,49925,0.07989993961529317
0.3,0.4,0.4,0.6,0.46547002,49925,0.07898988063140853
0.7,0.6,0.8,0.6,0.4654849,49925,0.08015537519393251
0.2,0.3,0.5,0.1,0.46548802,49925,0.08462361772659298
0.1,0.4,0.7,0.1,0.46549088,49925,0.08610233546263331
0.5,0.5,0.6,0.6,0.46552047,49925,0.07984785632133165
0.4,0.4,0.2,0.9,0.46555486,49925,0.07333876878086874
0.1,0.3,0.5,0.1,0.4655691,49925,0.0855902058261136
0.4,0.3,0.5,0.1,0.4655759,49925,0.08166884981152048
0.1,0.5,0.3,0.9,0.46559048,49925,0.07598704999448762
0.1,0.4,0.5,0.4,0.4656039,49925,0.0823479682161711
0.6,0.6,0.8,0.6,0.46560755,49925,0.08077401366217277
0.3,0.3,0.4,0.3,0.46560755,49925,0.08077401366217277
0.8,0.3,0.1,0.9,0.46562785,49925,0.06704247357141734
0.6,0.4,0.5,0.5,0.46566465,49925,0.07818297667206318
0.3,0.7,0.9,0.7,0.46566632,49925,0.08229396588685069
0.8,0.4,0.4,0.7,0.465669,49925,0.07474318942604555
0.4,0.3,0.1,0.8,0.46567643,49925,0.07029866902699033
0.6,0.7,0.8,0.9,0.46572042,49925,0.07985223427842686
0.2,0.5,0.7,0.4,0.46573803,49925,0.08333291669609792
0.7,0.6,0.7,0.8,0.46577305,49925,0.07887842176771005
0.5,0.3,0.5,0.1,0.465834,49925,0.0801253370926248
0.1,0.6,0.6,0.8,0.465874,49925,0.08009266679612463
0.1,0.5,0.9,0.1,0.4658933,49925,0.08633003314176273
0.7,0.3,0.1,0.9,0.46589714,49925,0.06787631441850858
0.1,0.7,0.8,0.8,0.46594825,49925,0.08138115396525514
0.3,0.3,0.5,0.1,0.4659564,49925,0.08319233943750735
0.3,0.4,0.6,0.3,0.46598685,49925,0.08283684709908154
0.4,0.6,0.6,0.9,0.46598873,49925,0.07923553986406656
0.3,0.6,0.9,0.4,0.46599603,49925,0.08381578699138785
0.5,0.4,0.3,0.8,0.46600088,49925,0.0751631400028283
0.9,0.5,0.7,0.5,0.46601716,49925,0.07801210860187037
0.1,0.5,0.7,0.4,0.46602234,49925,0.08349395319855728
0.2,0.6,0.9,0.4,0.46603933,49925,0.08409827049998646
0.4,0.5,0.6,0.6,0.46605816,49925,0.08048699865925343
0.5,0.1,0.1,0.2,0.4660874,49925,0.0664863785093541
0.1,0.6,0.9,0.4,0.46611872,49925,0.08416084562819744
0.6,0.6,0.7,0.8,0.46613702,49925,0.07944219259343278
0.5,0.7,0.8,0.9,0.46614286,49925,0.08027057410463882
0.6,0.3,0.2,0.7,0.466161,49925,0.0720731486903349
0.3,0.5,0.4,0.9,0.4661749,49925,0.07747832053753274
0.5,0.6,0.8,0.6,0.46617916,49925,0.08137846039298086
0.7,0.4,0.6,0.3,0.46620518,49925,0.07882599266367148
0.6,0.5,0.5,0.8,0.4662304,49925,0.07748233365148029
0.8,0.5,0.7,0.5,0.4662354,49925,0.07877684842162415
0.4,0.5,0.8,0.3,0.46624854,49925,0.08340867352746771
0.5,0.4,0.6,0.3,0.46626878,49925,0.08092612692336545
0.8,0.3,0.4,0.4,0.46631578,49925,0.07455830210412016
0.4,0.7,0.8,0.9,0.4663237,49925,0.08065187350637178
0.7,0.4,0.4,0.7,0.46632951,49925,0.07555461158221681
0.9,0.5,0.6,0.7,0.4663476,49925,0.07675922561552415
0.9,0.3,0.4,0.4,0.46634775,49925,0.07347179697821643
0.2,0.4,0.4,0.6,0.4663507,49925,0.07952363989845489
0.1,0.2,0.2,0.3,0.4663507,49925,0.07952363989845489
0.3,0.6,0.6,0.9,0.4663507,49925,0.0795236398984549
0.2,0.3,0.1,0.7,0.4664385,49925,0.07191848215638459
0.4,0.4,0.6,0.3,0.4664654,49925,0.0819222018811615
0.8,0.5,0.6,0.7,0.46646988,49925,0.07745553398706138
0.9,0.7,0.9,0.8,0.46647364,49925,0.07927715681516145
0.6,0.4,0.6,0.3,0.4664753,49925,0.07986654643054976
0.9,0.2,0.3,0.2,0.46649688,49925,0.06968975032463173
0.5,0.5,0.5,0.8,0.4665295,49925,0.07809683927027834
0.1,0.5,0.5,0.7,0.4665314,49925,0.07987578266442724
0.9,0.4,0.3,0.9,0.46654508,49925,0.07205017067666189
0.4,0.3,0.3,0.5,0.46655676,49925,0.07698335924817323
0.2,0.7,0.9,0.7,0.46655932,49925,0.08243768510843485
0.7,0.2,0.3,0.2,0.4666177,49925,0.072593160435923
0.6,0.2,0.3,0.2,0.46662197,49925,0.07422540456099637
0.9,0.1,0.1,0.2,0.46665496,49925,0.05885933469483412
0.3,0.5,0.6,0.6,0.46665615,49925,0.08104226541049125
0.6,0.4,0.7,0.1,0.46667066,49925,0.0813501692873628
0.9,0.2,0.2,0.4,0.4666749,49925,0.06767001618181613
0.2,0.3,0.4,0.3,0.4666808,49925,0.08192443437516256
0.4,0.6,0.8,0.6,0.4666808,49925,0.08192443437516256
0.3,0.6,0.8,0.6,0.46668786,49925,0.08234408687586042
0.5,0.4,0.5,0.5,0.46669704,49925,0.07912316165808432
0.3,0.4,0.2,0.9,0.4667499,49925,0.07386621724477678
0.9,0.5,0.5,0.9,0.4667998,49925,0.07538052274014036
0.7,0.5,0.7,0.5,0.46681204,49925,0.07958179204935469
0.8,0.2,0.3,0.2,0.46681723,49925,0.07108772407281966
0.2,0.5,0.6,0.6,0.46684232,49925,0.0814219063633117
0.2,0.4,0.7,0.1,0.46685362,49925,0.08560365716205326
0.7,0.4,0.7,0.1,0.46686885,49925,0.08020492511682027
0.3,0.7,0.8,0.9,0.46690878,49925,0.08087491971376583
0.8,0.7,0.9,0.8,0.46693617,49925,0.07982668893787571
0.8,0.4,0.7,0.1,0.46695763,49925,0.07906319096225503
0.4,0.4,0.3,0.8,0.46696466,49925,0.07587687422163533
0.9,0.6,0.8,0.7,0.46696943,49925,0.07868689291143613
0.9,0.4,0.7,0.1,0.46697626,49925,0.0779865132567025
0.9,0.2,0.1,0.6,0.46698081,49925,0.06454061808658078
0.2,0.3,0.2,0.6,0.4669924,49925,0.07599858242025888
0.3,0.4,0.7,0.1,0.46699974,49925,0.08473712925576694
0.3,0.2,0.1,0.5,0.46701247,49925,0.07186959992973505
0.2,0.6,0.6,0.9,0.46702912,49925,0.07961090302284325
0.9,0.5,0.8,0.3,0.46704122,49925,0.07917035268721848
0.1,0.5,0.8,0.3,0.46706057,49925,0.08455188784442232
0.8,0.1,0.1,0.2,0.4670757,49925,0.06049479458260593
0.7,0.7,0.9,0.8,0.4670782,49925,0.0803387623365334
0.7,0.2,0.2,0.4,0.46708575,49925,0.07030455578435364
0.6,0.5,0.7,0.5,0.4671045,49925,0.0803526211619495
0.4,0.4,0.7,0.1,0.46711385,49925,0.08363598789375168
0.1,0.6,0.7,0.7,0.46712443,49925,0.0814052241772545
0.1,0.4,0.3,0.7,0.46712527,49925,0.0773594650210134
0.6,0.5,0.8,0.3,0.46713805,49925,0.08175172153078265
0.2,0.5,0.9,0.1,0.46716142,49925,0.08609691459251533
0.7,0.6,0.9,0.5,0.4671954,49925,0.08115971267942913
0.5,0.2,0.3,0.2,0.46720022,49925,0.07594533003023457
0.6,0.7,0.9,0.8,0.4672834,49925,0.08081046537633477
0.4,0.5,0.5,0.8,0.4673073,49925,0.07864769504176876
0.9,0.6,0.9,0.5,0.46731094,49925,0.07981761854377965
0.7,0.5,0.6,0.7,0.46731398,49925,0.0781451876498327
0.6,0.3,0.1,0.9,0.46732205,49925,0.06866729244841753
0.8,0.5,0.5,0.9,0.46732253,49925,0.07602540155232435
0.3,0.5,0.8,0.3,0.4673255,49925,0.08401719062476193
0.1,0.4,0.6,0.3,0.4673386,49925,0.08386310278223201
0.6,0.4,0.4,0.7,0.4673576,49925,0.07638278468328553
0.5,0.6,0.7,0.8,0.46738324,49925,0.07995352206881165
0.8,0.4,0.3,0.9,0.4674058,49925,0.07278713832032563
0.8,0.6,0.9,0.5,0.46742848,49925,0.08050066218188995
0.1,0.4,0.2,0.8,0.46744403,49925,0.07457049619131383
0.8,0.5,0.9,0.1,0.4674547,49925,0.0811610919060859
0.2,0.4,0.6,0.3,0.46745673,49925,0.08359173953108615
0.8,0.5,0.8,0.3,0.4674581,49925,0.08003235102358902
0.5,0.5,0.8,0.3,0.46746314,49925,0.08257424057935935
0.7,0.5,0.8,0.3,0.46747223,49925,0.08088849775695271
0.9,0.6,0.7,0.9,0.46748158,49925,0.07754250964813085
0.8,0.6,0.8,0.7,0.46749404,49925,0.07933902897833044
0.5,0.4,0.7,0.1,0.4674996,49925,0.08249144696297256
0.7,0.1,0.1,0.2,0.46752253,49925,0.06227629456189274
0.6,0.6,0.9,0.5,0.46752748,49925,0.08181188757883197
0.1,0.7,0.9,0.7,0.46752775,49925,0.08240149508017759
0.7,0.3,0.4,0.4,0.46755877,49925,0.07567054806101385
0.6,0.1,0.1,0.2,0.4675608,49925,0.06426238542982429
0.6,0.5,0.9,0.1,0.46758175,49925,0.08298314355999126
0.9,0.3,0.3,0.6,0.4675979,49925,0.07173595532215532
0.6,0.2,0.2,0.4,0.4675979,49925,0.07173595532215533
0.3,0.1,0.1,0.2,0.4675979,49925,0.07173595532215533
0.8,0.2,0.2,0.4,0.46768644,49925,0.0689267075981778
0.4,0.1,0.1,0.2,0.46768644,49925,0.0689267075981778
0.3,0.3,0.3,0.5,0.4677109,49925,0.07799368835822938
0.1,0.3,0.4,0.3,0.46771842,49925,0.0825338531811486
0.2,0.6,0.8,0.6,0.46771842,49925,0.0825338531811486
0.4,0.5,0.9,0.1,0.46773598,49925,0.08478471003249216
0.4,0.4,0.5,0.5,0.46773672,49925,0.07999496734201213
0.4,0.6,0.7,0.8,0.467738,49925,0.080433926456164
0.2,0.5,0.8,0.3,0.46774018,49925,0.08445706464682262
0.6,0.5,0.6,0.7,0.46778783,49925,0.07885336080963816
0.5,0.6,0.9,0.5,0.46781245,49925,0.08240190981616087
0.7,0.5,0.9,0.1,0.46784276,49925,0.082059601775548
0.2,0.7,0.8,0.9,0.46789065,49925,0.08095464107089662
0.9,0.5,0.9,0.1,0.46791393,49925,0.08023458625921384
0.6,0.3,0.4,0.4,0.46792752,49925,0.07681831526218222
0.5,0.5,0.7,0.5,0.4679653,49925,0.08110254387419485
0.1,0.4,0.1,0.9,0.46796897,49925,0.07069401163156132
0.8,0.3,0.3,0.6,0.46797326,49925,0.0726884197827302
0.3,0.5,0.9,0.1,0.46798265,49925,0.08550514136458177
0.9,0.4,0.6,0.4,0.46800163,49925,0.07684396626486178
0.9,0.7,0.9,0.9,0.46801552,49925,0.079144687720191
0.5,0.7,0.9,0.8,0.4680215,49925,0.08125553372540184
0.9,0.3,0.5,0.2,0.46805444,49925,0.07493240240582665
0.9,0.4,0.5,0.6,0.46807486,49925,0.07549476097118997
0.4,0.5,0.7,0.5,0.46809822,49925,0.08177553375189413
0.4,0.7,0.9,0.8,0.46814167,49925,0.08160487487142515
0.8,0.6,0.7,0.9,0.46814483,49925,0.07810749263122486
0.8,0.2,0.1,0.6,0.46815366,49925,0.06564497730367788
0.3,0.7,0.9,0.8,0.46817663,49925,0.08185819566981924
0.5,0.5,0.9,0.1,0.46818918,49925,0.08388693786533033
0.1,0.4,0.4,0.6,0.46819806,49925,0.07957732559283279
0.9,0.5,0.7,0.6,0.46820816,49925,0.07791914414957306
0.5,0.3,0.2,0.7,0.4682906,49925,0.07303369435672229
0.4,0.6,0.9,0.5,0.4683516,49925,0.08292680809501822
0.5,0.2,0.2,0.4,0.46835655,49925,0.07317412084414375
0.3,0.5,0.5,0.8,0.46836528,49925,0.07911596012635443
0.7,0.4,0.3,0.9,0.46839985,49925,0.07351724905104524
0.8,0.4,0.6,0.4,0.46842927,49925,0.07779930600578737
0.4,0.2,0.3,0.2,0.46842927,49925,0.07779930600578737
0.3,0.4,0.3,0.8,0.4684446,49925,0.07645742727396171
0.3,0.6,0.7,0.8,0.46849507,49925,0.08075109816009503
0.8,0.3,0.5,0.2,0.4685046,49925,0.07610171233653802
0.5,0.4,0.4,0.7,0.46850514,49925,0.07714064052116212
0.1,0.5,0.6,0.6,0.46850836,49925,0.08143244620218522
0.7,0.4,0.5,0.6,0.46851906,49925,0.07716769722551862
0.5,0.3,0.4,0.4,0.46855325,49925,0.07798049487158686
0.3,0.5,0.7,0.5,0.46859068,49925,0.08232784333513361
0.5,0.5,0.6,0.7,0.4686019,49925,0.07949772991812551
0.8,0.7,0.9,0.9,0.46863732,49925,0.07964269072522331
0.8,0.4,0.5,0.6,0.4686411,49925,0.07634872688137898
0.7,0.3,0.3,0.6,0.468658,49925,0.07369474876132105
0.8,0.5,0.7,0.6,0.46867523,49925,0.07865096026975037
0.7,0.5,0.5,0.9,0.468712,49925,0.07666434152769439
0.7,0.6,0.8,0.7,0.46873358,49925,0.07994868431797225
0.7,0.6,0.7,0.9,0.46874478,49925,0.07866161588558833
0.7,0.2,0.1,0.6,0.4687608,49925,0.06679947338922247
0.2,0.6,0.7,0.8,0.46880612,49925,0.08086744747927063
0.3,0.4,0.5,0.5,0.46881372,49925,0.08075212861587656
0.6,0.6,0.8,0.7,0.468818,49925,0.08052377747300275
0.7,0.4,0.6,0.4,0.46882728,49925,0.07876049645281219
0.1,0.5,0.9,0.2,0.46883956,49925,0.08551767645388078
0.9,0.6,0.8,0.8,0.46885294,49925,0.07854524382868823
0.3,0.6,0.9,0.5,0.4688591,49925,0.08332288414649877
0.2,0.5,0.4,0.9,0.46886998,49925,0.07764215716993497
0.6,0.2,0.1,0.6,0.46888745,49925,0.06803416897158585
0.1,0.6,0.8,0.6,0.46891972,49925,0.08256504193921443
0.9,0.5,0.6,0.8,0.46893245,49925,0.0766870249690973
0.2,0.5,0.5,0.8,0.46899533,49925,0.07927691718990669
0.6,0.3,0.3,0.6,0.46899632,49925,0.07469081363050925
0.2,0.1,0.1,0.2,0.46899632,49925,0.07469081363050924
0.8,0.4,0.4,0.8,0.46899632,49925,0.07469081363050924
0.4,0.2,0.2,0.4,0.46899632,49925,0.07469081363050924
0.6,0.4,0.3,0.9,0.46901402,49925,0.07422829837778687
0.4,0.5,0.9,0.2,0.4690287,49925,0.08435932561683455
0.1,0.7,0.8,0.9,0.46903402,49925,0.08080108189507548
0.2,0.7,0.9,0.8,0.46904197,49925,0.08193551230688895
0.1,0.6,0.6,0.9,0.46907318,49925,0.07945295110590962
0.2,0.4,0.5,0.5,0.4690777,49925,0.08131194277119863
0.2,0.6,0.9,0.5,0.46908996,49925,0.08353502656183132
0.3,0.3,0.1,0.8,0.4690911,49925,0.07103454336250525
0.6,0.4,0.6,0.4,0.46913826,49925,0.07970220118051953
0.3,0.2,0.3,0.2,0.46913826,49925,0.07970220118051953
0.9,0.6,0.9,0.6,0.46913826,49925,0.07970220118051953
0.7,0.7,0.9,0.9,0.46914798,49925,0.08010258148959395
0.1,0.4,0.7,0.2,0.46916917,49925,0.08510245716972409
0.8,0.5,0.8,0.4,0.46919355,49925,0.07992672948179477
0.5,0.6,0.8,0.7,0.4692269,49925,0.08103121196724533
0.5,0.3,0.1,0.9,0.46923354,49925,0.06944669943875753
0.9,0.4,0.4,0.8,0.46925357,49925,0.07393411533976181
0.9,0.3,0.2,0.8,0.469271,49925,0.06939633414444758
0.6,0.5,0.5,0.9,0.46932214,49925,0.07722117080870872
0.2,0.5,0.9,0.2,0.46934864,49925,0.08543393763299546
0.2,0.4,0.2,0.9,0.46937394,49925,0.074104361338554
0.8,0.6,0.9,0.6,0.4693822,49925,0.0803129427130158
0.6,0.6,0.7,0.9,0.46938843,49925,0.07916368931849084
0.8,0.5,0.6,0.8,0.46940023,49925,0.07733477101558851
0.6,0.4,0.5,0.6,0.46940893,49925,0.07798128316776064
0.2,0.3,0.3,0.5,0.4694283,49925,0.07882719136888869
0.7,0.5,0.8,0.4,0.46949536,49925,0.08074071678696558
0.1,0.6,0.9,0.5,0.4695163,49925,0.0834879953615324
0.7,0.3,0.5,0.2,0.46955088,49925,0.07736749563306008
0.4,0.3,0.2,0.7,0.46956277,49925,0.07392914726458326
0.4,0.4,0.4,0.7,0.46960214,49925,0.07786644070696773
0.6,0.5,0.8,0.4,0.46960938,49925,0.08150903143102947
0.5,0.3,0.5,0.2,0.4696147,49925,0.08003812841672574
0.6,0.3,0.5,0.2,0.4697306,49925,0.07869419943584792
0.8,0.4,0.7,0.2,0.46974534,49925,0.07911292170781815
0.3,0.6,0.8,0.7,0.46977922,49925,0.08184884448690656
0.2,0.5,0.7,0.5,0.46978188,49925,0.08265132903916471
0.7,0.4,0.4,0.8,0.46978348,49925,0.07543520741786873
0.5,0.5,0.8,0.4,0.46979964,49925,0.0822684574013562
0.6,0.7,0.9,0.9,0.4698497,49925,0.08053027267167724
0.4,0.5,0.6,0.7,0.46985927,49925,0.08004989795134035
0.4,0.3,0.5,0.2,0.46987787,49925,0.08140825833631393
0.4,0.6,0.8,0.7,0.46989015,49925,0.08152232277045829
0.4,0.5,0.8,0.4,0.46989292,49925,0.08293073899757428
0.9,0.5,0.8,0.4,0.46990046,49925,0.07913390933445796
0.3,0.4,0.7,0.2,0.4699251,49925,0.08417618484165966
0.5,0.4,0.6,0.4,0.4699352,49925,0.08061996482424984
0.5,0.3,0.3,0.6,0.46994525,49925,0.07569385430690673
0.7,0.4,0.7,0.2,0.46995038,49925,0.08016481812884478
0.6,0.4,0.7,0.2,0.4700023,49925,0.08121612588029305
0.9,0.4,0.7,0.2,0.47000268,49925,0.07809567266485594
0.1,0.3,0.1,0.7,0.47001153,49925,0.07187634750832371
0.7,0.5,0.7,0.6,0.47001782,49925,0.07937581758899499
0.1,0.5,0.4,0.9,0.47002858,49925,0.07739545936876938
0.3,0.3,0.5,0.2,0.4700499,49925,0.08274902837386723
0.2,0.4,0.7,0.2,0.4700571,49925,0.08486112565080478
0.8,0.6,0.8,0.8,0.47011632,49925,0.07915567184674938
0.4,0.3,0.4,0.4,0.47011632,49925,0.07915567184674938
0.5,0.4,0.7,0.2,0.4701254,49925,0.08224439579831466
0.6,0.5,0.9,0.2,0.47013533,49925,0.08276193723827922
0.9,0.5,0.9,0.2,0.47017372,49925,0.08023392404252863
0.4,0.4,0.7,0.2,0.47017822,49925,0.08329425635187256
0.8,0.5,0.9,0.2,0.47017953,49925,0.08106949703581065
0.1,0.3,0.2,0.6,0.4701886,49925,0.07612917279538065
0.1,0.7,0.9,0.8,0.47024366,49925,0.08182937028649281
0.3,0.5,0.9,0.2,0.4702456,49925,0.08496980781162941
0.5,0.5,0.9,0.2,0.4702972,49925,0.0835880382535
0.8,0.3,0.2,0.8,0.47030592,49925,0.07026796894329271
0.5,0.6,0.7,0.9,0.47030693,49925,0.07962618033665905
0.1,0.3,0.5,0.2,0.47032112,49925,0.08440181915568208
0.7,0.5,0.9,0.2,0.4703274,49925,0.08192274850629681
0.3,0.4,0.4,0.7,0.47034416,49925,0.07847243995027912
0.3,0.5,0.6,0.7,0.47034654,49925,0.08052983993206617
0.1,0.5,0.7,0.5,0.47036123,49925,0.08275295188169397
0.1,0.4,0.5,0.5,0.47036922,49925,0.08146429765019503
0.7,0.5,0.6,0.8,0.4703729,49925,0.0779704156179662
0.7,0.6,0.9,0.6,0.47039324,49925,0.0809407454651904
0.2,0.2,0.1,0.5,0.47039625,49925,0.07302720006997476
0.5,0.5,0.5,0.9,0.47043228,49925,0.07777830635977664
0.5,0.4,0.3,0.9,0.4705013,49925,0.07488589874415033
0.2,0.3,0.5,0.2,0.4705757,49925,0.0838093091704355
0.4,0.4,0.6,0.4,0.47058037,49925,0.08154002933169885
0.6,0.6,0.9,0.6,0.47058037,49925,0.08154002933169885
0.2,0.2,0.3,0.2,0.47058037,49925,0.08154002933169885
0.3,0.2,0.2,0.4,0.47059068,49925,0.07616873851770481
0.6,0.4,0.4,0.8,0.47059068,49925,0.07616873851770481
0.7,0.6,0.8,0.8,0.47060144,49925,0.0797068597245535
0.4,0.7,0.9,0.9,0.47068712,49925,0.08121813782451463
0.2,0.4,0.3,0.8,0.47071674,49925,0.07676810191210282
0.1,0.6,0.7,0.8,0.47073284,49925,0.08074559715149396
0.1,0.5,0.5,0.8,0.47074965,49925,0.07914729669484948
0.1,0.5,0.8,0.4,0.47076544,49925,0.0837716515659627
0.9,0.3,0.5,0.3,0.47081792,49925,0.07520077634242774
0.1,0.3,0.3,0.5,0.47082466,49925,0.07907760956064494
0.5,0.7,0.9,0.9,0.47083983,49925,0.08091443173615534
0.2,0.6,0.8,0.7,0.47084644,49925,0.08199627633691843
0.5,0.2,0.1,0.6,0.47091284,49925,0.06924078499492074
0.4,0.5,0.5,0.9,0.4709446,49925,0.07826398037374445
0.8,0.2,0.3,0.3,0.47095335,49925,0.07173603503014322
0.5,0.6,0.9,0.6,0.4709959,49925,0.08204445975349961
0.9,0.3,0.4,0.5,0.4710044,49925,0.07369893796020661
0.5,0.4,0.5,0.6,0.47101337,49925,0.07880811334283715
0.9,0.4,0.6,0.5,0.47102606,49925,0.0768790887351693
0.7,0.3,0.2,0.8,0.4710284,49925,0.07114428406357541
0.3,0.5,0.8,0.4,0.4711256,49925,0.0834648896196498
0.2,0.5,0.8,0.4,0.47114745,49925,0.08377201386009603
0.5,0.5,0.7,0.6,0.47116476,49925,0.08075860589059573
0.6,0.5,0.6,0.8,0.47118297,49925,0.07857482593061173
0.9,0.2,0.3,0.3,0.4712012,49925,0.07042335466910461
0.8,0.4,0.6,0.5,0.47121698,49925,0.0777218035058358
0.6,0.5,0.7,0.6,0.4712334,49925,0.0801090178872611
0.2,0.5,0.6,0.7,0.47127208,49925,0.08074036676165804
0.9,0.5,0.7,0.7,0.47128314,49925,0.07782521637894751
0.1,0.4,0.8,0.1,0.47128937,49925,0.08616233824440124
0.6,0.6,0.8,0.8,0.4713359,49925,0.08025644220589667
0.3,0.3,0.4,0.4,0.4713359,49925,0.08025644220589667
0.3,0.7,0.9,0.9,0.47135347,49925,0.08141429027123534
0.4,0.4,0.5,0.6,0.47145793,49925,0.07955980418301144
0.4,0.6,0.7,0.9,0.47150308,49925,0.080013885107904
0.9,0.4,0.5,0.7,0.47160658,49925,0.0754795474470286
0.4,0.3,0.3,0.6,0.47163147,49925,0.07661910097872454
0.8,0.3,0.4,0.5,0.47164947,49925,0.07467567621612316
0.5,0.5,0.6,0.8,0.47168195,49925,0.07915738840464528
0.4,0.6,0.9,0.6,0.47171345,49925,0.0824864644063381
0.9,0.4,0.4,0.9,0.47175533,49925,0.07393582047834227
0.8,0.3,0.5,0.3,0.47175738,49925,0.07629341757253436
0.6,0.3,0.2,0.8,0.47176903,49925,0.07200920320901735
0.3,0.6,0.7,0.9,0.47178543,49925,0.08024015232249584
0.9,0.5,0.8,0.5,0.47179773,49925,0.07904787990088942
0.8,0.5,0.7,0.7,0.47180322,49925,0.07847690986283873
0.7,0.2,0.3,0.3,0.471805,49925,0.07308918418430374
0.1,0.5,0.9,0.3,0.47181818,49925,0.08467869655125232
0.9,0.6,0.8,0.9,0.4718517,49925,0.07841209978145612
0.3,0.6,0.9,0.6,0.47186765,49925,0.08282409682831196
0.2,0.4,0.6,0.4,0.47186765,49925,0.08282409682831196
0.1,0.2,0.3,0.2,0.47186765,49925,0.08282409682831196
0.9,0.6,0.9,0.7,0.47189844,49925,0.07953410252455127
0.9,0.5,0.6,0.9,0.47191405,49925,0.07657520180730346
0.2,0.3,0.1,0.8,0.47192276,49925,0.07140303078041747
0.3,0.4,0.6,0.4,0.47193494,49925,0.08228752833730696
0.9,0.3,0.3,0.7,0.47194138,49925,0.07185090807612289
0.3,0.3,0.2,0.7,0.47194338,49925,0.0747623532437636
0.8,0.5,0.8,0.5,0.4719725,49925,0.07978522860457304
0.7,0.4,0.6,0.5,0.4719742,49925,0.07859969918881293
0.4,0.3,0.1,0.9,0.47203216,49925,0.0701462721770065
0.1,0.6,0.8,0.7,0.47203714,49925,0.08189767127449356
0.9,0.5,0.9,0.3,0.47212565,49925,0.08015541548574241
0.5,0.5,0.9,0.3,0.47214526,49925,0.08327286739027538
0.8,0.4,0.5,0.7,0.4721461,49925,0.07626180402840202
0.2,0.7,0.9,0.9,0.4721834,49925,0.08145420085318177
0.5,0.4,0.4,0.8,0.47221434,49925,0.07685109180022541
0.1,0.6,0.9,0.6,0.4722182,49925,0.08284028119881076
0.8,0.5,0.9,0.3,0.47223383,49925,0.08094284465441566
0.4,0.5,0.7,0.6,0.47227854,49925,0.08133327353091471
0.8,0.5,0.6,0.9,0.47230068,49925,0.07717121862466467
0.6,0.2,0.3,0.3,0.4723279,49925,0.07453444341464326
0.8,0.6,0.8,0.9,0.4723621,49925,0.07895103063023849
0.7,0.5,0.8,0.5,0.47237936,49925,0.08052515880369572
0.2,0.4,0.8,0.1,0.4723908,49925,0.0859540635359935
0.2,0.4,0.4,0.7,0.47239763,49925,0.07883060083414811
0.8,0.6,0.9,0.7,0.47240165,49925,0.08012531958617182
0.3,0.5,0.7,0.6,0.4724097,49925,0.08179037061778766
0.3,0.5,0.5,0.9,0.47243232,49925,0.07858624618267016
0.5,0.6,0.8,0.8,0.47246033,49925,0.0806797097113231
0.2,0.5,0.9,0.3,0.4725173,49925,0.08474108612875596
0.4,0.4,0.3,0.9,0.47264522,49925,0.07549728825011924
0.2,0.6,0.7,0.9,0.47265527,49925,0.08030908872188737
0.7,0.5,0.7,0.7,0.4726825,49925,0.07914964755647325
0.5,0.5,0.8,0.5,0.47268406,49925,0.08189705241036714
0.1,0.5,0.6,0.7,0.47270223,49925,0.08064637916923792
0.7,0.3,0.5,0.3,0.4727141,49925,0.07743222579215579
0.1,0.3,0.6,0.1,0.4727325,49925,0.08585886484692842
0.4,0.4,0.7,0.3,0.47273573,49925,0.08287671638951422
0.6,0.5,0.9,0.3,0.47273707,49925,0.08251266289586887
0.9,0.4,0.7,0.3,0.47274068,49925,0.0781768855674182
0.7,0.3,0.4,0.5,0.47274858,49925,0.07568982669599576
0.2,0.6,0.9,0.6,0.47276944,49925,0.08298541726332641
0.1,0.4,0.6,0.4,0.47279716,49925,0.0829623759383077
0.1,0.4,0.3,0.8,0.47280565,49925,0.07657165560582888
0.7,0.4,0.5,0.7,0.47281203,49925,0.07701592539281853
0.3,0.4,0.8,0.1,0.4728522,49925,0.0852724771019798
0.7,0.5,0.9,0.3,0.47288272,49925,0.08172834028728834
0.4,0.2,0.1,0.6,0.47289297,49925,0.07040759169317778
0.7,0.5,0.6,0.9,0.472938,49925,0.07773506540777426
0.9,0.2,0.2,0.5,0.47294852,49925,0.06821838672941519
0.8,0.4,0.4,0.9,0.47295028,49925,0.07459808432793934
0.8,0.4,0.7,0.3,0.47296128,49925,0.07911065090490901
0.6,0.5,0.8,0.5,0.47298503,49925,0.08122358459344664
0.4,0.6,0.8,0.8,0.4730276,49925,0.08108728278454877
0.2,0.3,0.4,0.4,0.4730276,49925,0.08108728278454877
0.7,0.6,0.9,0.7,0.4730745,49925,0.08067385825539489
0.8,0.2,0.2,0.5,0.4730759,49925,0.06941850153078136
0.4,0.5,0.9,0.3,0.4730774,49925,0.08390961477534643
0.4,0.4,0.8,0.1,0.4730778,49925,0.08442477101247442
0.1,0.7,0.9,0.9,0.4730881,49925,0.08123868030258678
0.7,0.3,0.3,0.7,0.47308883,49925,0.07368239461176218
0.3,0.5,0.9,0.3,0.47310382,49925,0.08444932513110663
0.6,0.3,0.4,0.5,0.47312593,49925,0.07671958264676869
0.8,0.3,0.3,0.7,0.4731399,49925,0.07274349417009614
0.7,0.4,0.8,0.1,0.47314444,49925,0.08139196528618893
0.7,0.6,0.8,0.9,0.47315794,49925,0.07946577319850079
0.7,0.4,0.7,0.3,0.47316447,49925,0.08004509434956138
0.6,0.4,0.7,0.3,0.47320765,49925,0.08100775607213884
0.7,0.2,0.2,0.5,0.47326925,49925,0.0706548402239063
0.5,0.4,0.7,0.3,0.47327486,49925,0.08195895606016988
0.4,0.5,0.6,0.8,0.4733114,49925,0.07966687828891239
0.1,0.4,0.2,0.9,0.4733157,49925,0.07379899385432334
0.9,0.2,0.1,0.7,0.47333422,49925,0.06512035364769812
0.6,0.4,0.5,0.7,0.47334263,49925,0.0777497833344819
0.5,0.3,0.2,0.8,0.47334945,49925,0.07285001168651713
0.2,0.5,0.7,0.6,0.473359,49925,0.08203246615424556
0.2,0.3,0.2,0.7,0.47336084,49925,0.07527810687865334
0.6,0.5,0.7,0.7,0.47337663,49925,0.07982060794133668
0.6,0.3,0.5,0.3,0.47337765,49925,0.07865511266692977
0.1,0.4,0.7,0.3,0.4733976,49925,0.08414882684253018
0.5,0.3,0.4,0.5,0.47345218,49925,0.07774652043261321
0.6,0.6,0.9,0.7,0.47345725,49925,0.0812201631697259
0.6,0.4,0.6,0.5,0.47354048,49925,0.07945084702238325
0.2,0.3,0.6,0.1,0.4735414,49925,0.0853073507160171
0.3,0.3,0.6,0.1,0.4735465,49925,0.08429030306291443
0.7,0.4,0.4,0.9,0.4735709,49925,0.07526781171513651
0.6,0.4,0.8,0.1,0.47357547,49925,0.08239562678202247
0.3,0.6,0.8,0.8,0.4736252,49925,0.08134107990705654
0.9,0.3,0.6,0.1,0.47363687,49925,0.07656084014036486
0.1,0.4,0.4,0.7,0.47364128,49925,0.07874038870905219
0.5,0.2,0.3,0.3,0.47365725,49925,0.07603122072233548
0.5,0.4,0.8,0.1,0.4736598,49925,0.08340816606478044
0.2,0.5,0.5,0.9,0.47367772,49925,0.078696536780968
0.6,0.6,0.8,0.9,0.47369477,49925,0.0799393729809391
0.3,0.4,0.5,0.6,0.47372544,49925,0.08019323293762419
0.5,0.3,0.5,0.3,0.4737801,49925,0.07983055056185663
0.8,0.4,0.8,0.1,0.4737803,49925,0.08035749711591025
0.8,0.2,0.4,0.1,0.4738029,49925,0.07344130432505247
0.3,0.3,0.3,0.6,0.47382233,49925,0.07746571719065633
0.1,0.1,0.1,0.2,0.47382233,49925,0.07746571719065634
0.4,0.4,0.4,0.8,0.47382233,49925,0.07746571719065634
0.2,0.2,0.2,0.4,0.47382233,49925,0.07746571719065634
0.5,0.3,0.6,0.1,0.47388846,49925,0.08166681031901664
0.3,0.4,0.7,0.3,0.47389153,49925,0.08355936548433014
0.2,0.4,0.7,0.3,0.4739067,49925,0.08406631133830429
0.9,0.5,0.7,0.8,0.47392517,49925,0.07770621491554543
0.4,0.6,0.9,0.7,0.4739435,49925,0.08205371978994475
0.9,0.3,0.2,0.9,0.47395292,49925,0.0695303500692528
0.1,0.6,0.7,0.9,0.47395453,49925,0.08007917632679691
0.6,0.2,0.2,0.5,0.47399715,49925,0.07189049054125171
0.6,0.5,0.6,0.9,0.47409552,49925,0.07829517931786033
0.9,0.4,0.6,0.6,0.47410664,49925,0.07681238548644363
0.9,0.4,0.8,0.1,0.4741217,49925,0.07933424283168233
0.6,0.3,0.3,0.7,0.47414055,49925,0.07454869560694083
0.5,0.4,0.5,0.7,0.47414318,49925,0.07848237596074241
0.4,0.5,0.8,0.5,0.47414607,49925,0.0824596555721477
0.8,0.2,0.1,0.7,0.47422993,49925,0.06612277120598833
0.9,0.2,0.4,0.1,0.47423756,49925,0.07197126277442036
0.8,0.3,0.6,0.1,0.4742435,49925,0.0777644587482562
0.5,0.6,0.9,0.7,0.4742801,49925,0.08167472419283187
0.3,0.5,0.6,0.8,0.47430167,49925,0.08001041511666208
0.4,0.3,0.5,0.3,0.47431552,49925,0.0810181655139125
0.5,0.4,0.6,0.5,0.47431773,49925,0.08029162059287473
0.3,0.4,0.3,0.9,0.47431952,49925,0.07596643890557056
0.9,0.6,0.9,0.8,0.47435033,49925,0.07936362700439857
0.3,0.5,0.8,0.5,0.47435874,49925,0.0829174717964513
0.5,0.5,0.7,0.7,0.47437093,49925,0.0803923543518558
0.7,0.2,0.4,0.1,0.47438648,49925,0.07501177686777853
0.2,0.6,0.8,0.8,0.47438684,49925,0.08144236587045765
0.1,0.3,0.4,0.4,0.47438684,49925,0.08144236587045765
0.9,0.5,0.8,0.6,0.4744255,49925,0.07892588093662388
0.1,0.4,0.8,0.2,0.4744533,49925,0.08519134991519837
0.8,0.4,0.6,0.6,0.4744794,49925,0.07761898681502219
0.4,0.2,0.3,0.3,0.4744794,49925,0.07761898681502219
0.1,0.5,0.7,0.6,0.4744825,49925,0.08197092255411317
0.7,0.3,0.6,0.1,0.47449592,49925,0.07902161821963793
0.2,0.4,0.5,0.6,0.47453603,49925,0.08055890649282807
0.5,0.6,0.8,0.9,0.47461474,49925,0.08033856253873882
0.1,0.5,0.8,0.5,0.47462553,49925,0.08302689483662488
0.8,0.5,0.7,0.8,0.47463802,49925,0.07830160966973516
0.4,0.3,0.6,0.1,0.47465736,49925,0.08297777918853096
0.3,0.3,0.5,0.3,0.47467858,49925,0.08212667524759737
0.6,0.3,0.6,0.1,0.47472432,49925,0.0803469367030674
0.4,0.3,0.4,0.5,0.47472885,49925,0.07872466079962168
0.8,0.1,0.2,0.1,0.47475055,49925,0.06516641731117824
0.9,0.3,0.5,0.4,0.47475943,49925,0.07535403583044303
0.8,0.3,0.2,0.9,0.47475946,49925,0.07032634458075847
0.1,0.2,0.1,0.5,0.4747659,49925,0.07352523221750645
0.3,0.6,0.9,0.7,0.47478434,49925,0.0822866446434768
0.6,0.5,0.9,0.4,0.47482753,49925,0.08224031376984318
0.9,0.5,0.9,0.4,0.474841,49925,0.08005843855329194
0.4,0.4,0.6,0.5,0.47487417,49925,0.08106056617314097
0.7,0.1,0.2,0.1,0.47489643,49925,0.06700646224343938
0.9,0.3,0.4,0.6,0.47491366,49925,0.07380224933028763
0.2,0.5,0.8,0.5,0.47492313,49925,0.08312521873573275
0.3,0.3,0.1,0.9,0.474925,49925,0.0706776198290377
0.7,0.3,0.2,0.9,0.47499633,49925,0.07110657480876055
0.8,0.6,0.9,0.8,0.47500852,49925,0.07991005610663816
0.7,0.2,0.1,0.7,0.47501346,49925,0.06718036440147568
0.5,0.5,0.6,0.9,0.47503695,49925,0.07880080662149312
0.4,0.5,0.7,0.7,0.47503993,49925,0.08089574935790007
0.8,0.5,0.8,0.6,0.4750729,49925,0.07958653609348915
0.6,0.4,0.4,0.9,0.47507927,49925,0.07591408361141888
0.5,0.5,0.9,0.4,0.47511065,49925,0.08290364470137397
0.9,0.1,0.1,0.3,0.4751162,49925,0.06079471056015244
0.7,0.5,0.9,0.4,0.47514045,49925,0.08151622152675694
0.7,0.6,0.9,0.8,0.47515616,49925,0.08041671228323828
0.2,0.5,0.6,0.8,0.47521645,49925,0.08010968133899062
0.8,0.1,0.1,0.3,0.4752278,49925,0.06227609761740136
0.6,0.2,0.4,0.1,0.4752331,49925,0.0766415609320799
0.1,0.6,0.8,0.8,0.47526222,49925,0.08121906373605046
0.4,0.4,0.5,0.7,0.47528255,49925,0.07911026678235432
0.8,0.5,0.9,0.4,0.4753097,49925,0.08079446893251108
0.9,0.4,0.5,0.8,0.47534162,49925,0.07542569313160713
0.2,0.4,0.8,0.2,0.4753452,49925,0.08515254363784251
0.1,0.2,0.4,0.1,0.4753452,49925,0.08515254363784251
0.9,0.4,0.7,0.4,0.475349,49925,0.07816077832772848
0.1,0.5,0.9,0.4,0.47535694,49925,0.0839229509865719
0.6,0.1,0.2,0.1,0.47535932,49925,0.06904764894267258
0.3,0.5,0.9,0.4,0.47536734,49925,0.08385632389245473
0.1,0.5,0.5,0.9,0.47542402,49925,0.07844879569170368
0.3,0.2,0.1,0.6,0.47545356,49925,0.07154561075892533
0.7,0.5,0.7,0.8,0.47546324,49925,0.07893722664338759
0.3,0.4,0.4,0.8,0.47551185,49925,0.07794141513452561
0.7,0.5,0.8,0.6,0.47556347,49925,0.08027205872253197
0.7,0.1,0.1,0.3,0.47557318,49925,0.06385814973063504
0.8,0.4,0.7,0.4,0.47559214,49925,0.07901527852359568
0.7,0.4,0.6,0.6,0.47561434,49925,0.07838689606879261
0.5,0.3,0.3,0.7,0.47562027,49925,0.07541840559744366
0.4,0.3,0.2,0.8,0.47564092,49925,0.07360777646078809
0.9,0.1,0.2,0.1,0.47564477,49925,0.0635361994765223
0.4,0.5,0.9,0.4,0.47564632,49925,0.08342944289040839
0.3,0.4,0.6,0.5,0.475649,49925,0.08167484326277166
0.2,0.4,0.3,0.9,0.47565797,49925,0.07611461763356117
0.8,0.4,0.8,0.2,0.47566733,49925,0.08031061705329712
0.4,0.2,0.4,0.1,0.47566733,49925,0.08031061705329712
0.2,0.6,0.9,0.7,0.47568226,49925,0.08242044159555177
0.8,0.3,0.5,0.4,0.4757151,49925,0.07636200934563901
0.2,0.3,0.3,0.6,0.4757419,49925,0.07804479332475608
0.2,0.3,0.5,0.3,0.47576368,49925,0.08295093965789198
0.8,0.4,0.5,0.8,0.47576585,49925,0.07612518642636308
0.3,0.4,0.8,0.2,0.47576854,49925,0.08466656456129941
0.6,0.6,0.9,0.8,0.47583243,49925,0.08088418696240064
0.2,0.5,0.9,0.4,0.47585645,49925,0.0840677572006667
0.5,0.2,0.2,0.5,0.47592574,49925,0.07320932681005417
0.2,0.2,0.4,0.1,0.4759373,49925,0.0840036502257417
0.4,0.4,0.8,0.2,0.4759373,49925,0.0840036502257417
0.1,0.4,0.5,0.6,0.4759539,49925,0.08052404893071696
0.5,0.2,0.4,0.1,0.4759824,49925,0.07843420249496455
0.7,0.3,0.5,0.4,0.4759976,49925,0.0774027746858857
0.7,0.4,0.7,0.4,0.4760052,49925,0.07990694009150809
0.4,0.6,0.8,0.9,0.47603318,49925,0.08068343224867913
0.1,0.6,0.9,0.7,0.47604248,49925,0.08221432724005769
0.6,0.4,0.6,0.6,0.47607872,49925,0.07916237960221223
0.3,0.2,0.3,0.3,0.47607872,49925,0.07916237960221223
0.9,0.6,0.9,0.9,0.47607872,49925,0.07916237960221223
0.8,0.3,0.4,0.6,0.47612092,49925,0.07470374866303885
0.3,0.5,0.7,0.7,0.47615004,49925,0.08125633845682441
0.9,0.4,0.8,0.2,0.4761572,49925,0.07936344642866827
0.6,0.2,0.1,0.7,0.4761618,49925,0.06821447622382949
0.7,0.4,0.5,0.8,0.47616723,49925,0.07682731306431782
0.3,0.3,0.4,0.5,0.47617242,49925,0.07961522466049678
0.2,0.4,0.6,0.5,0.47620457,49925,0.08204654087769168
0.7,0.4,0.8,0.2,0.4762183,49925,0.08122026416426427
0.6,0.5,0.8,0.6,0.47626352,49925,0.0809177982169507
0.1,0.3,0.1,0.8,0.4762759,49925,0.07110271692442126
0.5,0.4,0.7,0.4,0.47630608,49925,0.08159466019724693
0.1,0.4,0.9,0.1,0.47631118,49925,0.08607912658395678
0.5,0.4,0.8,0.2,0.4763124,49925,0.08307446489087665
0.4,0.2,0.2,0.5,0.47633725,49925,0.07446205675079899
0.6,0.3,0.2,0.9,0.47637263,49925,0.0718734698448163
0.6,0.1,0.1,0.3,0.47638768,49925,0.06566499800248081
0.6,0.4,0.8,0.2,0.4764063,49925,0.08215984069569122
0.3,0.2,0.4,0.1,0.4764063,49925,0.08215984069569122
0.1,0.3,0.5,0.3,0.4764661,49925,0.08325670660907666
0.5,0.4,0.4,0.9,0.47647578,49925,0.07654028882206532
0.5,0.6,0.9,0.8,0.47648305,49925,0.08131419288036654
0.4,0.6,0.9,0.8,0.47649822,49925,0.08162631745776991
0.6,0.4,0.7,0.4,0.47650278,49925,0.0807518103924918
0.5,0.5,0.8,0.6,0.47652626,49925,0.0814903203077284
0.3,0.6,0.8,0.9,0.4765274,49925,0.08086049620201616
0.4,0.4,0.7,0.4,0.47656813,49925,0.08234507732556545
0.6,0.5,0.7,0.8,0.47658086,49925,0.07949600297212946
0.9,0.5,0.7,0.9,0.47660038,49925,0.07753988306288506
0.8,0.2,0.3,0.4,0.47660094,49925,0.07213520912541563
0.1,0.5,0.6,0.8,0.47662392,49925,0.07990455684054494
0.4,0.5,0.6,0.9,0.47662947,49925,0.07921081423512348
0.5,0.1,0.2,0.1,0.4767016,49925,0.07132306833854209
0.6,0.3,0.5,0.4,0.47671703,49925,0.07848695570126389
0.9,0.2,0.3,0.4,0.4767175,49925,0.07094349323113677
0.7,0.3,0.4,0.6,0.47674295,49925,0.0756201193891359
0.9,0.3,0.3,0.8,0.47680268,49925,0.07190825556566219
0.1,0.3,0.6,0.2,0.47685608,49925,0.08465800613672823
0.6,0.4,0.5,0.8,0.4768677,49925,0.07748586771334921
0.7,0.2,0.3,0.4,0.476936,49925,0.073368460541757
0.9,0.5,0.8,0.7,0.47694033,49925,0.0787672506195275
0.4,0.5,0.8,0.6,0.4770086,49925,0.08197930024453894
0.9,0.3,0.6,0.2,0.47707468,49925,0.0767437229213283
0.2,0.4,0.9,0.1,0.47709218,49925,0.08608067831371723
0.9,0.2,0.4,0.2,0.4771039,49925,0.07260959519475561
0.4,0.3,0.3,0.7,0.47710976,49925,0.07622921215750378
0.8,0.6,0.9,0.9,0.47711816,49925,0.07966930575300096
0.8,0.5,0.7,0.9,0.477158,49925,0.07810395028928008
0.2,0.5,0.7,0.7,0.47715932,49925,0.08140336060890246
0.1,0.3,0.2,0.7,0.47717953,49925,0.07512481559210811
0.5,0.5,0.7,0.8,0.47721782,49925,0.08002697632695571
0.6,0.3,0.4,0.6,0.4772188,49925,0.07652292601115995
0.8,0.5,0.8,0.7,0.4772346,49925,0.07939660158557377
0.8,0.3,0.6,0.2,0.47727957,49925,0.07786653872450473
0.2,0.6,0.8,0.9,0.47731304,49925,0.08086395267668998
0.8,0.5,0.9,0.5,0.47731483,49925,0.08061239795636516
0.9,0.5,0.9,0.5,0.47737655,49925,0.07993059728553122
0.5,0.4,0.6,0.6,0.47739664,49925,0.07992262036543013
0.2,0.4,0.4,0.8,0.47739968,49925,0.07811213085512275
0.1,0.2,0.2,0.4,0.47739968,49925,0.07811213085512275
0.3,0.5,0.6,0.9,0.47740275,49925,0.0794665174843543
0.7,0.5,0.9,0.5,0.47743344,49925,0.08124914503006544
0.3,0.4,0.5,0.7,0.47743797,49925,0.07961432312474286
0.3,0.4,0.7,0.4,0.4774642,49925,0.0829544663924306
0.3,0.3,0.2,0.8,0.4774756,49925,0.07422636493510737
0.6,0.5,0.9,0.5,0.4775264,49925,0.08191328037481757
0.3,0.5,0.8,0.6,0.47753623,49925,0.08232128006402976
0.9,0.4,0.7,0.5,0.47753942,49925,0.07810919416951276
0.6,0.3,0.6,0.2,0.47755373,49925,0.08022966046588456
0.7,0.3,0.6,0.2,0.47756588,49925,0.07905958442755776
0.2,0.4,0.7,0.4,0.47757775,49925,0.08327405889097107
0.4,0.4,0.4,0.9,0.47760376,49925,0.07703225993537076
0.5,0.1,0.1,0.3,0.47763306,49925,0.06758551669636174
0.9,0.4,0.6,0.7,0.47763556,49925,0.07675396025672797
0.2,0.3,0.6,0.2,0.47766492,49925,0.08438940961872586
0.8,0.2,0.4,0.2,0.47767776,49925,0.07397009625897435
0.4,0.1,0.2,0.1,0.47767776,49925,0.07397009625897435
0.7,0.6,0.9,0.9,0.47768116,49925,0.08015665698703904
0.8,0.3,0.3,0.8,0.47769317,49925,0.07275259749967745
0.9,0.2,0.2,0.6,0.47779387,49925,0.06862976152362732
0.3,0.6,0.9,0.8,0.47781798,49925,0.08181087295967575
0.1,0.4,0.6,0.5,0.47781935,49925,0.082054802689422
0.5,0.2,0.1,0.7,0.4778596,49925,0.06924679268424326
0.3,0.3,0.6,0.2,0.47786507,49925,0.0836474252417795
0.8,0.4,0.6,0.7,0.4779148,49925,0.0774546961307038
0.4,0.3,0.6,0.2,0.47792414,49925,0.08258523880744442
0.1,0.5,0.8,0.6,0.47795832,49925,0.08227866184705723
0.5,0.5,0.9,0.5,0.47797832,49925,0.08249213722701847
0.5,0.4,0.5,0.8,0.47799787,49925,0.07814152852512708
0.9,0.4,0.5,0.9,0.47801894,49925,0.07533597555263558
0.7,0.5,0.8,0.7,0.4780389,49925,0.08001415241616613
0.1,0.4,0.7,0.4,0.47807133,49925,0.08323770662440301
0.4,0.4,0.9,0.1,0.47815102,49925,0.08493481221913717
0.5,0.3,0.5,0.4,0.47817698,49925,0.07952899984271997
0.8,0.4,0.7,0.5,0.4781933,49925,0.07889202984806917
0.9,0.4,0.8,0.3,0.47821647,49925,0.07933810671175585
0.5,0.3,0.4,0.6,0.47831815,49925,0.0774191070470127
0.2,0.5,0.8,0.6,0.47832045,49925,0.08251980360602384
0.7,0.4,0.6,0.7,0.47833872,49925,0.07816853472923524
0.1,0.3,0.3,0.6,0.4783478,49925,0.07803695004514237
0.7,0.5,0.7,0.9,0.4783541,49925,0.0786471356650565
0.9,0.3,0.5,0.5,0.47837594,49925,0.07539468351620439
0.6,0.6,0.9,0.9,0.4784159,49925,0.08055352313064934
0.2,0.2,0.3,0.3,0.4784159,49925,0.08055352313064934
0.4,0.4,0.6,0.6,0.4784159,49925,0.08055352313064934
0.6,0.2,0.3,0.4,0.47842854,49925,0.07466324368497633
0.1,0.5,0.7,0.7,0.47844723,49925,0.0811698653147325
0.4,0.5,0.7,0.8,0.47844982,49925,0.08043648052313009
0.1,0.4,0.8,0.3,0.47845024,49925,0.08424386067278279
0.8,0.4,0.9,0.1,0.47845107,49925,0.08135699762593633
0.6,0.4,0.9,0.1,0.47845656,49925,0.08321794808977799
0.2,0.3,0.1,0.9,0.47847748,49925,0.07087851285139762
0.3,0.4,0.9,0.1,0.47847763,49925,0.08561560533768355
0.6,0.5,0.8,0.7,0.47849384,49925,0.08058178743991022
0.5,0.3,0.6,0.2,0.4785004,49925,0.08138948165282178
0.1,0.6,0.8,0.9,0.4785009,49925,0.08054248514631496
0.9,0.2,0.1,0.8,0.4785011,49925,0.06555353074749322
0.1,0.4,0.3,0.9,0.47851017,49925,0.07572189919459982
0.5,0.4,0.9,0.1,0.4785613,49925,0.08409834187169281
0.7,0.3,0.3,0.8,0.47857392,49925,0.0735808616791703
0.5,0.3,0.2,0.9,0.4785922,49925,0.07260430197543329
0.5,0.4,0.8,0.3,0.47861668,49925,0.08273719730275901
0.8,0.2,0.2,0.6,0.47862005,49925,0.06969947572502372
0.4,0.1,0.1,0.3,0.47862005,49925,0.06969947572502372
0.7,0.2,0.4,0.2,0.4786296,49925,0.07535102947083726
0.8,0.4,0.8,0.3,0.4787228,49925,0.08019054457501278
0.4,0.3,0.5,0.4,0.4787253,49925,0.08054485035396261
0.7,0.4,0.9,0.1,0.4787389,49925,0.0822609719620574
0.8,0.4,0.5,0.9,0.47874066,49925,0.07597514686101292
0.2,0.6,0.9,0.8,0.47876278,49925,0.08185806713155881
0.1,0.5,0.9,0.5,0.47876933,49925,0.08320826684192571
0.6,0.3,0.3,0.8,0.47878647,49925,0.07435430246722663
0.4,0.5,0.9,0.5,0.47888088,49925,0.08295953033462761
0.2,0.5,0.9,0.5,0.47888395,49925,0.08338848690296707
0.2,0.4,0.5,0.7,0.47889453,49925,0.07982392368284129
0.9,0.5,0.8,0.8,0.47890815,49925,0.07856108064845209
0.1,0.3,0.7,0.1,0.4789297,49925,0.08578733141564342
0.2,0.4,0.8,0.3,0.47894943,49925,0.08433908197947908
0.2,0.2,0.1,0.6,0.47897902,49925,0.07238283016287331
0.6,0.4,0.8,0.3,0.47898144,49925,0.08190707530848439
0.3,0.4,0.8,0.3,0.47899067,49925,0.08401035458377726
0.7,0.4,0.7,0.5,0.47899705,49925,0.07967322719101748
0.3,0.5,0.9,0.5,0.47899967,49925,0.08327474240767213
0.5,0.6,0.9,0.9,0.4790042,49925,0.08091547921324281
0.3,0.4,0.6,0.6,0.47901642,49925,0.08109014473332407
0.9,0.4,0.9,0.1,0.47901794,49925,0.08044104415499034
0.2,0.3,0.4,0.5,0.47901854,49925,0.08025572586202885
0.1,0.6,0.9,0.8,0.4790241,49925,0.08154449457099944
0.4,0.4,0.8,0.3,0.47923926,49925,0.08346478576672597
0.7,0.3,0.5,0.5,0.47924238,49925,0.07729155413262594
0.1,0.4,0.4,0.8,0.4792592,49925,0.07790910191772364
0.3,0.3,0.3,0.7,0.47928166,49925,0.07688883973497078
0.8,0.3,0.5,0.5,0.47929388,49925,0.07633736412867978
0.3,0.2,0.2,0.5,0.47931665,49925,0.07563427489613023
0.9,0.3,0.4,0.7,0.47934893,49925,0.07382375100875777
0.2,0.5,0.6,0.9,0.4793778,49925,0.07950241774840186
0.7,0.4,0.8,0.3,0.4793923,49925,0.08103748262095874
0.7,0.2,0.2,0.6,0.47943997,49925,0.07079622833096384
0.4,0.5,0.8,0.7,0.47945797,49925,0.08151369166727004
0.4,0.6,0.9,0.9,0.47947085,49925,0.08121700313356936
0.6,0.5,0.7,0.9,0.4794959,49925,0.07916748010979477
0.8,0.2,0.1,0.8,0.4795365,49925,0.06645851146198714
0.9,0.4,0.7,0.6,0.47957447,49925,0.07798039184120088
0.4,0.4,0.5,0.8,0.47962162,49925,0.07868423541950453
0.6,0.4,0.7,0.5,0.4796536,49925,0.0804545029281789
0.9,0.5,0.9,0.6,0.47967112,49925,0.0797664821550084
0.3,0.5,0.7,0.8,0.47968823,49925,0.08071401155376028
0.4,0.3,0.4,0.6,0.47971368,49925,0.07828678724205146
0.6,0.4,0.6,0.7,0.47972253,49925,0.07887036471595524
0.5,0.5,0.8,0.7,0.47972664,49925,0.08108320130154496
0.5,0.2,0.3,0.4,0.47972873,49925,0.07595397274768739
0.7,0.4,0.5,0.9,0.47973278,49925,0.07660795638282103
0.4,0.2,0.1,0.7,0.4797369,49925,0.07029989060863599
0.1,0.4,0.9,0.2,0.47974664,49925,0.0850871847258231
0.8,0.5,0.9,0.6,0.47974747,49925,0.08039231020437744
0.5,0.5,0.7,0.9,0.47984162,49925,0.07962716962941603
0.8,0.5,0.8,0.8,0.479928,49925,0.07914854960832168
0.3,0.4,0.4,0.9,0.47995406,49925,0.07739188875774429
0.3,0.1,0.2,0.1,0.48003057,49925,0.07685960379944291
0.9,0.3,0.6,0.3,0.48003057,49925,0.07685960379944293
0.6,0.2,0.4,0.2,0.48003057,49925,0.07685960379944291
0.5,0.4,0.7,0.5,0.48008808,49925,0.08121016008531007
0.3,0.5,0.8,0.7,0.48009917,49925,0.08179122490363981
0.2,0.3,0.7,0.1,0.48012614,49925,0.0855851544744166
0.6,0.5,0.9,0.6,0.4801965,49925,0.08159967931914718
0.2,0.3,0.2,0.8,0.4802142,49925,0.07452838712429977
0.7,0.3,0.6,0.3,0.48023456,49925,0.07896786482123888
0.9,0.4,0.6,0.8,0.48024863,49925,0.07663453082881373
0.8,0.3,0.6,0.3,0.48026282,49925,0.07789733934371167
0.9,0.4,0.8,0.4,0.48030663,49925,0.07924348064928394
0.8,0.4,0.6,0.8,0.4803195,49925,0.07728567987494175
0.4,0.2,0.3,0.4,0.4803195,49925,0.07728567987494175
0.1,0.4,0.5,0.7,0.4803217,49925,0.07961974125178509
0.1,0.3,0.4,0.5,0.48033115,49925,0.0802874529117357
0.8,0.3,0.4,0.7,0.48035654,49925,0.07465224600711791
0.5,0.2,0.4,0.2,0.48036942,49925,0.07841395400094095
0.7,0.2,0.1,0.8,0.48037553,49925,0.06739375505298649
0.3,0.3,0.5,0.4,0.4803994,49925,0.08142172152860105
0.2,0.3,0.5,0.4,0.48039952,49925,0.08203127015790661
0.9,0.2,0.4,0.3,0.4804645,49925,0.07301255156896855
0.7,0.5,0.9,0.6,0.4805084,49925,0.0809803325595888
0.7,0.5,0.8,0.8,0.48050854,49925,0.07974520981682574
0.7,0.3,0.4,0.7,0.48051244,49925,0.0754891946302983
0.5,0.4,0.9,0.2,0.48055914,49925,0.08376538314826826
0.1,0.2,0.3,0.3,0.48057854,49925,0.08131195527447628
0.3,0.6,0.9,0.9,0.48057854,49925,0.0813119552744763
0.2,0.4,0.6,0.6,0.48057854,49925,0.08131195527447628
0.2,0.4,0.9,0.2,0.48060903,49925,0.08524788387433704
0.6,0.3,0.7,0.1,0.48063472,49925,0.08158189635775598
0.6,0.3,0.6,0.3,0.48064244,49925,0.08003257095160843
0.2,0.1,0.2,0.1,0.48064244,49925,0.08003257095160844
0.8,0.4,0.8,0.4,0.48064244,49925,0.08003257095160844
0.4,0.2,0.4,0.2,0.48064244,49925,0.08003257095160844
0.3,0.4,0.5,0.8,0.4806557,49925,0.07906463834257085
0.2,0.5,0.7,0.8,0.4806602,49925,0.08074932118675153
0.4,0.4,0.7,0.5,0.48071095,49925,0.0818211147228709
0.1,0.5,0.6,0.9,0.4807199,49925,0.07916587664401076
0.4,0.3,0.2,0.9,0.48072028,49925,0.0732471267187601
0.5,0.4,0.6,0.7,0.480723,49925,0.07951514443902455
0.6,0.3,0.5,0.5,0.48075885,49925,0.07823042088441082
0.3,0.3,0.7,0.1,0.48077056,49925,0.08488492017217539
0.5,0.3,0.3,0.8,0.48078293,49925,0.07509599766855977
0.9,0.4,0.9,0.2,0.48079956,49925,0.08039156561681797
0.7,0.3,0.7,0.1,0.4808121,49925,0.08043721091209209
0.8,0.4,0.9,0.2,0.48083723,49925,0.08121785784108673
0.3,0.4,0.7,0.5,0.48087847,49925,0.08231765622656977
0.3,0.4,0.9,0.2,0.48095223,49925,0.08491613061272599
0.7,0.4,0.8,0.4,0.48103175,49925,0.08082759622098691
0.8,0.4,0.7,0.6,0.4810395,49925,0.07872077169021531
0.6,0.5,0.8,0.8,0.4810527,49925,0.08025290331846287
0.6,0.4,0.5,0.9,0.481064,49925,0.07719092673997967
0.4,0.3,0.7,0.1,0.48107198,49925,0.08388878688628824
0.5,0.3,0.7,0.1,0.48109114,49925,0.08275281096061714
0.3,0.1,0.1,0.3,0.48109457,49925,0.0719037432812727
0.6,0.2,0.2,0.6,0.48109457,49925,0.0719037432812727
0.9,0.3,0.3,0.9,0.48109457,49925,0.07190374328127272
0.6,0.4,0.9,0.2,0.48111677,49925,0.0829055522124357
0.4,0.5,0.7,0.9,0.48114032,49925,0.07999893006866482
0.5,0.5,0.9,0.6,0.48115233,49925,0.08205195227321135
0.2,0.6,0.9,0.9,0.48126414,49925,0.0812696465064807
0.7,0.4,0.9,0.2,0.48128912,49925,0.0820794538284127
0.4,0.3,0.6,0.3,0.48135594,49925,0.08207762327954113
0.4,0.4,0.9,0.2,0.48136076,49925,0.08442187023718563
0.5,0.4,0.8,0.4,0.48136202,49925,0.08232413353156251
0.9,0.3,0.7,0.1,0.4813873,49925,0.07814975210659514
0.4,0.5,0.9,0.6,0.48139036,49925,0.08245839211566751
0.8,0.3,0.7,0.1,0.48139986,49925,0.07928635107735857
0.5,0.3,0.6,0.3,0.4814482,49925,0.08108817746331436
0.1,0.5,0.7,0.8,0.4814806,49925,0.08041693618965104
0.7,0.4,0.7,0.6,0.48148122,49925,0.07942299252957137
0.9,0.5,0.9,0.7,0.48148343,49925,0.07956783684351008
0.2,0.5,0.8,0.7,0.48167798,49925,0.08186878818680839
0.6,0.4,0.8,0.4,0.4817119,49925,0.0815810640606124
0.3,0.2,0.4,0.2,0.4817119,49925,0.0815810640606124
0.2,0.4,0.7,0.5,0.48178917,49925,0.08255844087334108
0.2,0.3,0.3,0.7,0.48179254,49925,0.07723048926371927
0.6,0.3,0.4,0.7,0.4818066,49925,0.07632406877776583
0.2,0.2,0.2,0.5,0.48180982,49925,0.07658172388216222
0.3,0.3,0.4,0.6,0.4818169,49925,0.07899933007957619
0.8,0.3,0.3,0.9,0.48183224,49925,0.072699187589157
0.1,0.4,0.6,0.6,0.48185673,49925,0.08112731844935817
0.8,0.1,0.2,0.2,0.48186725,49925,0.066754527781974
0.5,0.2,0.2,0.6,0.48190957,49925,0.07304843519258462
0.3,0.5,0.9,0.6,0.48194382,49925,0.08273069403526603
0.9,0.3,0.5,0.6,0.48201331,49925,0.07539886409760432
0.8,0.5,0.9,0.7,0.4820468,49925,0.08014420196384284
0.8,0.2,0.4,0.3,0.48205787,49925,0.07426998505224083
0.2,0.5,0.9,0.6,0.48206744,49925,0.08277175224574722
0.9,0.5,0.8,0.9,0.48206928,49925,0.07839446850104465
0.9,0.2,0.3,0.5,0.48209646,49925,0.07129502827065408
0.2,0.4,0.4,0.9,0.48213696,49925,0.07743112346077197
0.7,0.4,0.6,0.8,0.48215994,49925,0.07793302470027817
0.1,0.6,0.9,0.9,0.4821609,49925,0.08088604306530249
0.1,0.4,0.7,0.5,0.48219237,49925,0.08236748453161166
0.5,0.5,0.8,0.8,0.4822005,49925,0.08068893666157088
0.4,0.4,0.6,0.7,0.48227096,49925,0.08007480594276316
0.1,0.3,0.5,0.4,0.48227188,49925,0.08212720811224952
0.6,0.2,0.1,0.8,0.4822794,49925,0.06830657894980585
0.7,0.1,0.2,0.2,0.48228356,49925,0.06839387933094083
0.9,0.1,0.2,0.2,0.48231685,49925,0.0652257807590692
0.7,0.3,0.3,0.9,0.4823177,49925,0.07341082604224013
0.1,0.5,0.9,0.6,0.48239207,49925,0.08243639718671004
0.8,0.2,0.3,0.5,0.48239452,49925,0.07237356767922869
0.6,0.1,0.2,0.2,0.4823993,49925,0.07020138605727148
0.3,0.3,0.6,0.3,0.48240167,49925,0.0829443315638032
0.2,0.2,0.4,0.2,0.48240167,49925,0.0829443315638032
0.1,0.1,0.2,0.1,0.48240167,49925,0.0829443315638032
0.4,0.4,0.8,0.4,0.48240167,49925,0.0829443315638032
0.1,0.5,0.8,0.7,0.4824463,49925,0.0815279104021123
0.9,0.4,0.7,0.7,0.48249605,49925,0.07781284923523403
0.5,0.3,0.5,0.5,0.4825047,49925,0.07913619512973867
0.1,0.4,0.8,0.4,0.48255715,49925,0.08335492863965889
0.7,0.5,0.9,0.7,0.48257634,49925,0.08071750946292953
0.5,0.4,0.5,0.9,0.48258325,49925,0.07774640707137144
0.8,0.5,0.8,0.9,0.48260328,49925,0.07891749123509252
0.2,0.4,0.8,0.4,0.48263845,49925,0.08359303359552446
0.1,0.2,0.4,0.2,0.48263845,49925,0.08359303359552446
0.6,0.4,0.7,0.6,0.48267466,49925,0.08012710148724267
0.1,0.3,0.6,0.3,0.4827073,49925,0.0834988225089053
0.3,0.5,0.7,0.9,0.482715,49925,0.08016428214625626
0.8,0.3,0.5,0.6,0.48277456,49925,0.07624758348365542
0.4,0.3,0.5,0.5,0.4828383,49925,0.08003722310442712
0.2,0.3,0.6,0.3,0.48286048,49925,0.08348030471789206
0.3,0.4,0.8,0.4,0.48289204,49925,0.083372458613678
0.4,0.5,0.8,0.8,0.4828969,49925,0.08105290907335304
0.9,0.3,0.6,0.4,0.48289844,49925,0.07690113089904808
0.3,0.4,0.6,0.7,0.48297808,49925,0.08050169243179275
0.1,0.3,0.1,0.9,0.4830378,49925,0.07029190098454491
0.3,0.2,0.3,0.4,0.4830889,49925,0.0785487204992895
0.6,0.4,0.6,0.8,0.4830889,49925,0.0785487204992895
0.9,0.2,0.5,0.1,0.48310727,49925,0.07453579734082698
0.9,0.4,0.9,0.3,0.48313385,49925,0.08024858990926917
0.1,0.4,0.9,0.3,0.48314953,49925,0.08416529381050948
0.5,0.4,0.7,0.6,0.48315325,49925,0.08079676010801225
0.9,0.1,0.1,0.4,0.48315424,49925,0.06214544322359604
0.9,0.4,0.6,0.9,0.4831549,49925,0.07646966323178615
0.4,0.3,0.3,0.8,0.48315534,49925,0.07576846040072369
0.1,0.3,0.7,0.2,0.48319831,49925,0.08461114632808342
0.7,0.3,0.5,0.6,0.48333642,49925,0.0771119123238555
0.7,0.3,0.7,0.2,0.48336852,49925,0.08031758356883896
0.8,0.3,0.6,0.4,0.4833748,49925,0.07785587687621683
0.9,0.4,0.8,0.5,0.4833838,49925,0.07910531107984985
0.7,0.5,0.8,0.9,0.48341548,49925,0.07946009066833563
0.3,0.5,0.8,0.8,0.48343822,49925,0.0812657099713936
0.3,0.3,0.2,0.9,0.48345086,49925,0.07370980829915479
0.7,0.2,0.4,0.3,0.48345974,49925,0.07553738747584887
0.9,0.3,0.4,0.8,0.4834728,49925,0.07380401621054682
0.4,0.4,0.5,0.9,0.48350245,49925,0.0782090213878688
0.7,0.4,0.9,0.3,0.48351467,49925,0.08182458379458177
0.5,0.3,0.4,0.7,0.483525,49925,0.07707909098571653
0.8,0.4,0.7,0.7,0.48354262,49925,0.07848105965535149
0.8,0.3,0.7,0.2,0.48354635,49925,0.07926676736118875
0.6,0.5,0.9,0.7,0.4835492,49925,0.08121635811063134
0.2,0.3,0.4,0.6,0.48357314,49925,0.07943165884199273
0.5,0.5,0.9,0.7,0.4835959,49925,0.08164307814142929
0.9,0.2,0.2,0.7,0.4836271,49925,0.06889991012596118
0.6,0.4,0.9,0.3,0.48366815,49925,0.08259422056973326
0.7,0.2,0.3,0.5,0.4836955,49925,0.07346997574592995
0.2,0.4,0.9,0.3,0.4837498,49925,0.08448734432555732
0.2,0.4,0.5,0.8,0.48375973,49925,0.07911997427767496
0.3,0.4,0.9,0.3,0.483763,49925,0.0842999559581765
0.8,0.4,0.9,0.3,0.4837935,49925,0.0810333029470069
0.8,0.4,0.8,0.5,0.48385778,49925,0.07983463658459913
0.5,0.4,0.9,0.3,0.48386413,49925,0.08331542459673551
0.9,0.2,0.1,0.9,0.48393047,49925,0.06587067503302184
0.8,0.3,0.4,0.8,0.4839676,49925,0.0745570465074289
0.9,0.5,0.9,0.8,0.4840136,49925,0.07935274773424152
0.5,0.2,0.1,0.8,0.48402354,49925,0.06922529007737961
0.3,0.2,0.1,0.7,0.48402968,49925,0.0711458694708734
0.6,0.3,0.3,0.9,0.48403507,49925,0.07409649591624001
0.4,0.2,0.2,0.6,0.48403507,49925,0.07409649591624003
0.2,0.1,0.1,0.3,0.48403507,49925,0.07409649591624003
0.9,0.3,0.7,0.2,0.48406217,49925,0.0782368154653411
0.2,0.5,0.7,0.9,0.48406777,49925,0.08011682925199758
0.5,0.1,0.2,0.2,0.48410726,49925,0.07221838545508016
0.8,0.1,0.1,0.4,0.48413336,49925,0.06349236554329821
0.4,0.4,0.7,0.6,0.48415828,49925,0.08130029902032342
0.1,0.4,0.4,0.9,0.48416263,49925,0.07704005791035583
0.1,0.2,0.1,0.6,0.48416653,49925,0.07236650625337943
0.6,0.5,0.8,0.9,0.48418072,49925,0.07992355225964008
0.6,0.2,0.4,0.3,0.48420057,49925,0.07686556914657516
0.8,0.2,0.5,0.1,0.4842252,49925,0.07591391116297964
0.7,0.3,0.6,0.4,0.48424742,49925,0.07882204585766764
0.1,0.3,0.2,0.8,0.48425567,49925,0.07418327786857623
0.5,0.3,0.7,0.2,0.48429647,49925,0.08241880359565255
0.8,0.2,0.2,0.7,0.48432103,49925,0.06984879537257163
0.7,0.1,0.1,0.4,0.48437974,49925,0.0649587100366727
0.3,0.3,0.3,0.8,0.48438665,49925,0.07628415683995564
0.6,0.3,0.7,0.2,0.48438925,49925,0.08134743776350735
0.8,0.4,0.6,0.9,0.48440942,49925,0.07708587693413546
0.5,0.4,0.6,0.8,0.4844171,49925,0.07912139414041947
0.7,0.4,0.8,0.5,0.48449615,49925,0.08055498331770623
0.4,0.5,0.9,0.7,0.48451054,49925,0.08198843862675105
0.6,0.3,0.5,0.6,0.4845479,49925,0.07793910458120208
0.7,0.5,0.9,0.8,0.48457924,49925,0.08041940926233791
0.4,0.4,0.9,0.3,0.4845813,49925,0.08384554546772377
0.2,0.3,0.7,0.2,0.4846065,49925,0.08464168845909611
0.8,0.5,0.9,0.8,0.4846733,49925,0.07989936220969626
0.6,0.2,0.3,0.5,0.48468938,49925,0.07459540427251418
0.7,0.3,0.4,0.8,0.48477566,49925,0.0753115310213506
0.3,0.3,0.5,0.5,0.484796,49925,0.08075159022625583
0.8,0.2,0.1,0.9,0.4848463,49925,0.06668814878311621
0.4,0.3,0.7,0.2,0.48488244,49925,0.08337805067119491
0.3,0.4,0.7,0.6,0.48489213,49925,0.0817237677558855
0.1,0.2,0.5,0.1,0.4849205,49925,0.08522947374107023
0.7,0.4,0.7,0.7,0.48492154,49925,0.07913555568125441
0.9,0.2,0.4,0.4,0.48495027,49925,0.07329715736843334
0.6,0.4,0.8,0.5,0.48496458,49925,0.08123320732462073
0.5,0.2,0.4,0.3,0.4849817,49925,0.07825078688614631
0.1,0.5,0.7,0.9,0.4849962,49925,0.07969469582959249
0.1,0.3,0.3,0.7,0.48500183,49925,0.07699712224681844
0.3,0.4,0.5,0.9,0.48501202,49925,0.07845744709085876
0.6,0.3,0.6,0.4,0.4850147,49925,0.07977264798993336
0.2,0.4,0.6,0.7,0.48503006,49925,0.08057903136918855
0.4,0.3,0.4,0.7,0.48506135,49925,0.07782078687999004
0.5,0.2,0.5,0.1,0.48509216,49925,0.08041276055308524
0.3,0.5,0.9,0.7,0.485104,49925,0.08218290006820059
0.7,0.4,0.6,0.9,0.48515582,49925,0.07769587742517914
0.6,0.2,0.5,0.1,0.48517597,49925,0.07885157484232261
0.5,0.5,0.8,0.9,0.4851934,49925,0.08030874879177932
0.1,0.4,0.5,0.8,0.48521844,49925,0.07876066923217018
0.7,0.2,0.5,0.1,0.48521927,49925,0.07734421045859843
0.5,0.2,0.3,0.5,0.48525974,49925,0.07574645813229035
0.2,0.5,0.8,0.8,0.4852676,49925,0.0811968269188356
0.7,0.2,0.2,0.7,0.4852909,49925,0.0708409890482762
0.5,0.4,0.8,0.5,0.4852914,49925,0.08189694682178328
0.3,0.3,0.7,0.2,0.48532316,49925,0.08415198466224537
0.6,0.4,0.7,0.7,0.48537123,49925,0.0797947047924559
0.9,0.4,0.7,0.8,0.4854647,49925,0.07763791077265303
0.9,0.3,0.6,0.5,0.48550114,49925,0.07682432874130339
0.4,0.2,0.5,0.1,0.48555976,49925,0.08193881403082172
0.9,0.3,0.5,0.7,0.48558334,49925,0.07531918282573657
0.1,0.3,0.8,0.1,0.48558363,49925,0.08552827875059532
0.3,0.2,0.5,0.1,0.4856105,49925,0.08346625258168261
0.8,0.2,0.4,0.4,0.48562086,49925,0.07440985108129483
0.4,0.1,0.2,0.2,0.48562086,49925,0.07440985108129483
0.6,0.1,0.1,0.4,0.4856277,49925,0.06654031245704767
0.4,0.4,0.6,0.8,0.48563236,49925,0.07959354136494476
0.2,0.2,0.3,0.4,0.48563236,49925,0.07959354136494476
0.9,0.4,0.9,0.4,0.48565537,49925,0.08009442426517425
0.8,0.4,0.9,0.4,0.48569962,49925,0.08082269853269795
0.7,0.4,0.9,0.4,0.48570505,49925,0.08155573847370487
0.2,0.5,0.9,0.7,0.48572195,49925,0.08216018417180776
0.2,0.3,0.2,0.9,0.4858511,49925,0.07383412947665816
0.5,0.3,0.5,0.6,0.4859101,49925,0.07877958082620126
0.6,0.5,0.9,0.8,0.48593432,49925,0.08085477690349446
0.5,0.3,0.6,0.4,0.485965,49925,0.08069525022184332
0.2,0.4,0.7,0.6,0.48598924,49925,0.08186909139599464
0.8,0.3,0.5,0.7,0.48606536,49925,0.07610743849115034
0.4,0.3,0.6,0.4,0.48607305,49925,0.08155056846669015
0.1,0.5,0.8,0.8,0.4860975,49925,0.08077579456828884
0.4,0.5,0.8,0.9,0.4861665,49925,0.08060123076953409
0.2,0.3,0.5,0.5,0.48621464,49925,0.08118264103101658
0.8,0.4,0.7,0.8,0.48621643,49925,0.07825113206136468
0.8,0.3,0.6,0.5,0.48622838,49925,0.07772510028253983
0.9,0.5,0.9,0.9,0.48624164,49925,0.07913865465350374
0.9,0.4,0.8,0.6,0.4862732,49925,0.07894949317028864
0.2,0.2,0.5,0.1,0.48630136,49925,0.0846688337455893
0.1,0.4,0.6,0.7,0.48631597,49925,0.08022130553885148
0.1,0.2,0.2,0.5,0.48645428,49925,0.07674770900518811
0.6,0.2,0.2,0.7,0.48645836,49925,0.0718404215817748
0.5,0.3,0.3,0.9,0.48646373,49925,0.07476738290298965
0.5,0.5,0.9,0.8,0.4864811,49925,0.08123694057768314
0.8,0.3,0.7,0.3,0.4864816,49925,0.07917289928123727
0.4,0.4,0.8,0.5,0.4864887,49925,0.08239352768520541
0.6,0.4,0.9,0.4,0.48653096,49925,0.08223765533912271
0.7,0.2,0.1,0.9,0.48654312,49925,0.06752238476128627
0.5,0.4,0.7,0.7,0.48654723,49925,0.0803650961715937
0.7,0.3,0.8,0.1,0.48654845,49925,0.08149792393841376
0.1,0.4,0.7,0.6,0.4865563,49925,0.08147090369390934
0.1,0.5,0.9,0.7,0.4865838,49925,0.08171169460615177
0.6,0.4,0.6,0.9,0.48659453,49925,0.07824742163866692
0.1,0.3,0.4,0.6,0.4866132,49925,0.07919611207266805
0.3,0.3,0.4,0.7,0.48666948,49925,0.07836052664632484
0.6,0.3,0.8,0.1,0.4866728,49925,0.08247452684303179
0.2,0.3,0.8,0.1,0.48668358,49925,0.08560733416275941
0.3,0.4,0.8,0.5,0.48669133,49925,0.08275392662940273
0.4,0.2,0.4,0.3,0.486752,49925,0.07960777769730519
0.8,0.4,0.8,0.6,0.486752,49925,0.07960777769730519
0.8,0.3,0.8,0.1,0.4867975,49925,0.0804642451488916
0.2,0.4,0.8,0.5,0.48682418,49925,0.08286315488352029
0.8,0.5,0.9,0.9,0.4868418,49925,0.07963650152084484
0.1,0.4,0.8,0.5,0.4868998,49925,0.08248904946983937
0.6,0.3,0.4,0.8,0.48695663,49925,0.07603057118218541
0.5,0.3,0.8,0.1,0.48696336,49925,0.08347373806098096
0.2,0.2,0.1,0.7,0.48698312,49925,0.07165636484849712
0.4,0.2,0.1,0.8,0.4870336,49925,0.07005299987577929
0.9,0.2,0.3,0.6,0.48708665,49925,0.07147749994485508
0.7,0.4,0.8,0.6,0.48710218,49925,0.08027312504730462
0.9,0.3,0.8,0.1,0.48710525,49925,0.07946172486567554
0.3,0.3,0.8,0.1,0.4871642,49925,0.08517022320201753
0.9,0.3,0.7,0.3,0.48719776,49925,0.07821609278925606
0.5,0.1,0.1,0.4,0.4872669,49925,0.0681924429576674
0.7,0.2,0.4,0.4,0.48730844,49925,0.07554332762524801
0.5,0.4,0.9,0.4,0.48730883,49925,0.08282833207042228
0.3,0.4,0.6,0.8,0.48733205,49925,0.07989669578026859
0.3,0.2,0.2,0.6,0.48735946,49925,0.07505447167838455
0.4,0.5,0.9,0.8,0.48743826,49925,0.0815427440883003
0.3,0.3,0.6,0.4,0.48745728,49925,0.08221472926342677
0.2,0.4,0.9,0.4,0.4874821,49925,0.08376830321729398
0.4,0.3,0.5,0.6,0.48748463,49925,0.07952993979864849
0.8,0.3,0.4,0.9,0.48750412,49925,0.07438715724138685
0.4,0.2,0.3,0.5,0.4875056,49925,0.0768621861867878
0.7,0.3,0.7,0.3,0.48752004,49925,0.08012182309668317
0.6,0.3,0.7,0.3,0.48757392,49925,0.0810688908304751
0.9,0.3,0.4,0.9,0.48759472,49925,0.07371027181680823
0.3,0.5,0.8,0.9,0.4875962,49925,0.080699867777836
0.4,0.4,0.7,0.7,0.4876354,49925,0.08082767777894131
0.3,0.4,0.9,0.4,0.4876474,49925,0.08365091307959584
0.7,0.3,0.6,0.5,0.48769644,49925,0.07858233340166793
0.5,0.3,0.7,0.3,0.48770827,49925,0.08197755746332522
0.7,0.3,0.5,0.7,0.48771867,49925,0.07688641329247779
0.7,0.4,0.7,0.8,0.48775548,49925,0.07886868452828498
0.1,0.4,0.9,0.4,0.48775655,49925,0.08332186126117437
0.9,0.2,0.5,0.2,0.4877963,49925,0.07488709895609143
0.4,0.3,0.8,0.1,0.48780975,49925,0.084423694619568
0.3,0.2,0.4,0.3,0.48784375,49925,0.08088859314411663
0.6,0.4,0.8,0.6,0.48784375,49925,0.08088859314411663
0.1,0.3,0.5,0.5,0.48785132,49925,0.08100422477287914
0.4,0.4,0.9,0.4,0.48785266,49925,0.08328411843346391
0.7,0.5,0.9,0.9,0.48793745,49925,0.08009881022643502
0.2,0.3,0.3,0.8,0.48794237,49925,0.07644597770907013
0.8,0.2,0.3,0.6,0.48794377,49925,0.07242899139026406
0.2,0.4,0.5,0.9,0.4880164,49925,0.07843344534853881
0.4,0.3,0.3,0.9,0.48802495,49925,0.07534375154292687
0.9,0.1,0.3,0.1,0.48802704,49925,0.06815492747282634
0.9,0.2,0.2,0.8,0.48808756,49925,0.0690472574179223
0.5,0.4,0.6,0.9,0.48809132,49925,0.07871453877581393
0.6,0.2,0.1,0.9,0.48809278,49925,0.06833294400242199
0.5,0.2,0.2,0.7,0.48811492,49925,0.0728171615390896
0.2,0.3,0.6,0.4,0.48814708,49925,0.08260315125795181
0.3,0.5,0.9,0.8,0.4882365,49925,0.08164093679468508
0.1,0.3,0.6,0.4,0.48826668,49925,0.0824017546289411
0.5,0.3,0.4,0.8,0.48840535,49925,0.07669175943066017
0.8,0.2,0.5,0.2,0.4884119,49925,0.07613637893050955
0.8,0.3,0.8,0.2,0.4884156,49925,0.0803559164784964
0.4,0.3,0.7,0.3,0.4884277,49925,0.08281077157821963
0.9,0.4,0.7,0.9,0.48850587,49925,0.07745234706400356
0.6,0.3,0.5,0.7,0.48852322,49925,0.07766130342495993
0.5,0.4,0.8,0.6,0.4885377,49925,0.08142451458534557
0.9,0.4,0.8,0.7,0.48858356,49925,0.07872625320789968
0.6,0.5,0.9,0.9,0.48866278,49925,0.08049992706178014
0.9,0.4,0.9,0.5,0.48867723,49925,0.07991282737349704
0.9,0.3,0.8,0.2,0.48871452,49925,0.07940341482074414
0.2,0.3,0.7,0.3,0.48871836,49925,0.08375355083289879
0.6,0.4,0.7,0.8,0.48876712,49925,0.07944793479068514
0.3,0.3,0.7,0.3,0.4887678,49925,0.08339004021595747
0.2,0.5,0.9,0.8,0.4888388,49925,0.08152062637735966
0.8,0.4,0.9,0.5,0.48886228,49925,0.08059295674987403
0.9,0.3,0.6,0.6,0.48886725,49925,0.07672826813345238
0.3,0.1,0.2,0.2,0.48886725,49925,0.07672826813345238
0.6,0.2,0.4,0.4,0.48886725,49925,0.07672826813345238
0.7,0.3,0.4,0.9,0.48887387,49925,0.075090792087404
0.7,0.2,0.3,0.6,0.48892865,49925,0.07343611469401527
0.4,0.4,0.6,0.9,0.4889305,49925,0.07910018850558248
0.9,0.1,0.2,0.3,0.48893544,49925,0.06633857098650889
0.2,0.5,0.8,0.9,0.48898563,49925,0.08055219342566602
0.6,0.3,0.6,0.5,0.48900744,49925,0.07944269016556606
0.6,0.4,0.9,0.5,0.48902437,49925,0.0818634092740725
0.9,0.3,0.5,0.8,0.48906183,49925,0.07522831709526945
0.9,0.3,0.7,0.4,0.4890965,49925,0.07813726954545888
0.3,0.4,0.7,0.7,0.48909977,49925,0.08110540319801444
0.6,0.2,0.5,0.2,0.48911458,49925,0.07876938628586429
0.1,0.3,0.7,0.3,0.48915198,49925,0.08349128409315497
0.1,0.2,0.3,0.4,0.48917496,49925,0.07984910599057865
0.2,0.4,0.6,0.8,0.48917496,49925,0.07984910599057865
0.3,0.3,0.5,0.6,0.48921642,49925,0.08009508498193862
0.8,0.4,0.7,0.9,0.48931313,49925,0.07801746198886018
0.9,0.2,0.4,0.5,0.48936722,49925,0.07342598953897066
0.5,0.5,0.9,0.9,0.48937958,49925,0.0808233035020604
0.6,0.2,0.3,0.6,0.48941776,49925,0.07447353829396108
0.7,0.2,0.5,0.2,0.4894424,49925,0.07743183385246316
0.8,0.1,0.2,0.3,0.48946288,49925,0.0677315880976029
0.4,0.1,0.1,0.4,0.48946765,49925,0.06991681705018876
0.8,0.2,0.2,0.8,0.48946765,49925,0.06991681705018876
0.8,0.4,0.8,0.7,0.48949122,49925,0.07933523841566212
0.7,0.3,0.8,0.2,0.48949373,49925,0.08125938480173343
0.8,0.3,0.5,0.8,0.48952886,49925,0.07595658858420559
0.2,0.3,0.4,0.7,0.48955223,49925,0.07855382354081858
0.7,0.4,0.9,0.5,0.4895717,49925,0.0812533165234907
0.2,0.2,0.4,0.3,0.48957843,49925,0.08183918582515229
0.4,0.4,0.8,0.6,0.48957843,49925,0.08183918582515229
0.8,0.1,0.3,0.1,0.48958907,49925,0.06975723002025791
0.8,0.3,0.7,0.4,0.48960868,49925,0.07902530924776265
0.4,0.3,0.4,0.8,0.48964354,49925,0.07729305436170895
0.5,0.3,0.6,0.5,0.4896533,49925,0.08025856291853156
0.5,0.2,0.5,0.2,0.48965964,49925,0.08013468370470798
0.3,0.2,0.3,0.5,0.489674,49925,0.07789900000644269
0.1,0.5,0.8,0.9,0.4896871,49925,0.08006952480777746
0.3,0.3,0.3,0.9,0.4897666,49925,0.07569128985359316
0.1,0.1,0.1,0.3,0.4897666,49925,0.07569128985359315
0.2,0.2,0.2,0.6,0.4897666,49925,0.07569128985359315
0.8,0.3,0.6,0.6,0.489864,49925,0.0775286878424646
0.2,0.3,0.8,0.2,0.4899426,49925,0.08470626288537218
0.1,0.3,0.2,0.9,0.48994902,49925,0.07323771988523041
0.4,0.3,0.8,0.2,0.4900504,49925,0.08381902014964385
0.5,0.4,0.7,0.8,0.49005863,49925,0.07994400627226839
0.7,0.1,0.2,0.3,0.49008808,49925,0.06925066163917461
0.3,0.4,0.8,0.6,0.49012208,49925,0.08214738756700277
0.5,0.3,0.5,0.7,0.4901532,49925,0.07836263606749011
0.2,0.4,0.7,0.7,0.49020383,49925,0.08109637236753864
0.1,0.4,0.5,0.9,0.49020508,49925,0.07790949307823167
0.1,0.3,0.8,0.2,0.49020693,49925,0.08436733980025621
0.9,0.2,0.5,0.3,0.4902253,49925,0.07508506544838248
0.1,0.5,0.9,0.8,0.49023497,49925,0.08098679141763873
0.3,0.3,0.8,0.2,0.4902668,49925,0.08446007250369211
0.4,0.5,0.9,0.9,0.49026704,49925,0.08108056713769003
0.5,0.2,0.1,0.9,0.49026942,49925,0.06911836322393991
0.4,0.3,0.6,0.5,0.49028447,49925,0.08098102923473872
0.6,0.3,0.8,0.2,0.49033803,49925,0.0821862782105322
0.5,0.2,0.4,0.4,0.49040106,49925,0.07793892147219281
0.5,0.4,0.9,0.5,0.49047935,49925,0.0823736989990899
0.7,0.4,0.8,0.7,0.49049166,49925,0.0799492327762109
0.4,0.2,0.5,0.2,0.49050486,49925,0.08148253225011048
0.8,0.2,0.4,0.5,0.49056014,49925,0.07440274774178894
0.7,0.4,0.7,0.9,0.490619,49925,0.07854866311526244
0.2,0.4,0.8,0.6,0.49062294,49925,0.08214696346758085
0.1,0.2,0.4,0.3,0.49062294,49925,0.08214696346758085
0.4,0.2,0.2,0.7,0.49062696,49925,0.0737014721147294
0.1,0.4,0.6,0.8,0.4907066,49925,0.07937558596346478
0.7,0.3,0.6,0.6,0.4907304,49925,0.07830730736943481
0.5,0.3,0.8,0.2,0.49075758,49925,0.08308069119334832
0.3,0.2,0.1,0.8,0.49076828,49925,0.07067737198500677
0.7,0.2,0.2,0.8,0.49077514,49925,0.07080748936778263
0.1,0.3,0.3,0.8,0.49080586,49925,0.07597569316691795
0.7,0.3,0.7,0.4,0.49083945,49925,0.07986917190284559
0.6,0.4,0.8,0.7,0.49093524,49925,0.0805277877636483
0.9,0.1,0.1,0.5,0.49096984,49925,0.06311301153514608
0.4,0.4,0.7,0.8,0.4910002,49925,0.08030473435305369
0.3,0.4,0.9,0.5,0.49102008,49925,0.08302070053094006
0.9,0.4,0.8,0.8,0.4910237,49925,0.07850005322269883
0.6,0.3,0.4,0.9,0.4910393,49925,0.07571695647891237
0.4,0.4,0.9,0.5,0.49105388,49925,0.0827874802623463
0.3,0.4,0.6,0.9,0.4910657,49925,0.0792863372558976
0.3,0.2,0.5,0.2,0.49123925,49925,0.08269307678537632
0.9,0.4,0.9,0.6,0.4912731,49925,0.07970073659582627
0.6,0.1,0.2,0.3,0.49136552,49925,0.07087503461293715
0.1,0.2,0.5,0.2,0.49137896,49925,0.08374404818954519
0.2,0.4,0.9,0.5,0.49141026,49925,0.08300445152519383
0.7,0.3,0.5,0.8,0.49142602,49925,0.07664327818384083
0.6,0.3,0.7,0.4,0.49143913,49925,0.0807219251743306
0.8,0.3,0.9,0.1,0.49144757,49925,0.08136542800184891
0.3,0.3,0.4,0.8,0.49146372,49925,0.07769043448653525
0.2,0.3,0.9,0.1,0.49147403,49925,0.08549000916222932
0.9,0.2,0.3,0.7,0.49150202,49925,0.07153973786691815
0.9,0.3,0.9,0.1,0.49154004,49925,0.08042402085444307
0.3,0.3,0.6,0.5,0.49156028,49925,0.08151222759947907
0.7,0.1,0.3,0.1,0.49158904,49925,0.07152190294199913
0.2,0.2,0.5,0.2,0.49159703,49925,0.08356712500042246
0.1,0.4,0.9,0.5,0.49160472,49925,0.08245573576459293
0.9,0.3,0.6,0.7,0.49161866,49925,0.07657008098145454
0.8,0.1,0.1,0.5,0.4916714,49925,0.06435893816045757
0.9,0.3,0.8,0.3,0.4917065,49925,0.07928907789548544
0.6,0.4,0.7,0.9,0.49170935,49925,0.07907396878852296
0.3,0.5,0.9,0.9,0.4917374,49925,0.08106632786189254
0.7,0.3,0.9,0.1,0.4917425,49925,0.08224459502315704
0.1,0.4,0.8,0.6,0.49174327,49925,0.08161103117609445
0.1,0.4,0.7,0.7,0.49174908,49925,0.08059015095703999
0.5,0.2,0.3,0.6,0.49183396,49925,0.07544648604077454
0.2,0.3,0.5,0.6,0.4918609,49925,0.08029801217112942
0.7,0.2,0.4,0.5,0.49186477,49925,0.07544030942098433
0.5,0.4,0.8,0.7,0.49186784,49925,0.08098227406285141
0.5,0.3,0.7,0.4,0.49189898,49925,0.08153778389940612
0.8,0.3,0.8,0.3,0.49191985,49925,0.08012618176709342
0.5,0.3,0.9,0.1,0.4919355,49925,0.08396710037997955
0.6,0.2,0.2,0.8,0.49194232,49925,0.07168064040129285
0.3,0.1,0.1,0.4,0.49194232,49925,0.07168064040129285
0.8,0.4,0.8,0.8,0.49205804,49925,0.07907118745486229
0.6,0.3,0.6,0.6,0.49205804,49925,0.07907118745486227
0.2,0.1,0.2,0.2,0.49205804,49925,0.07907118745486229
0.4,0.2,0.4,0.4,0.49205804,49925,0.07907118745486229
0.8,0.4,0.9,0.6,0.4920911,49925,0.08033711717724086
0.9,0.2,0.6,0.1,0.49210906,49925,0.07654604920344495
0.4,0.3,0.5,0.7,0.4921626,49925,0.07898363712446323
0.6,0.3,0.9,0.1,0.4921734,49925,0.0831267622992238
0.9,0.3,0.7,0.5,0.49227226,49925,0.07801103422632374
0.2,0.2,0.3,0.5,0.4923031,49925,0.07857666912025751
0.3,0.3,0.9,0.1,0.49230865,49925,0.0852691211721483
0.5,0.3,0.4,0.9,0.4923115,49925,0.07630795084007094
0.6,0.2,0.6,0.1,0.49233812,49925,0.08038911473265152
0.8,0.2,0.5,0.3,0.4923731,49925,0.07624073835082697
0.4,0.3,0.7,0.4,0.49239177,49925,0.08219744728925554
0.6,0.4,0.9,0.6,0.4924005,49925,0.08147253247640492
0.6,0.3,0.5,0.8,0.49242964,49925,0.07730522431222239
0.2,0.5,0.9,0.9,0.49248412,49925,0.08088241994213133
0.4,0.3,0.9,0.1,0.4925049,49925,0.08469977686301543
0.7,0.3,0.8,0.3,0.49252224,49925,0.08099538607614812
0.1,0.3,0.9,0.1,0.4925278,49925,0.08516220678081249
0.9,0.2,0.2,0.9,0.49256945,49925,0.06914562573974022
0.7,0.4,0.8,0.8,0.49263278,49925,0.07962340144723527
0.7,0.4,0.9,0.6,0.49267557,49925,0.0809172322328255
0.1,0.2,0.1,0.7,0.49267566,49925,0.07122891905271492
0.9,0.1,0.3,0.2,0.49270618,49925,0.06913720506890696
0.3,0.4,0.7,0.8,0.49275652,49925,0.08048422078102349
0.9,0.3,0.5,0.9,0.49279144,49925,0.07511137204268818
0.5,0.2,0.6,0.1,0.49280393,49925,0.08170548621070992
0.6,0.2,0.4,0.5,0.49295762,49925,0.07647649561492774
0.8,0.3,0.7,0.5,0.4930075,49925,0.07879710751028592
0.6,0.3,0.8,0.3,0.49304935,49925,0.08183126418335525
0.8,0.2,0.6,0.1,0.49306703,49925,0.07779750841717657
0.2,0.3,0.6,0.5,0.49307412,49925,0.08175101346727369
0.8,0.2,0.3,0.7,0.49307927,49925,0.07240928644255228
0.8,0.3,0.6,0.7,0.49315223,49925,0.0772952601267436
0.7,0.2,0.5,0.3,0.4931612,49925,0.07739015897262493
0.5,0.3,0.6,0.6,0.4931721,49925,0.0797994571388665
0.7,0.2,0.6,0.1,0.4931896,49925,0.07907460175331367
0.4,0.4,0.8,0.7,0.49319085,49925,0.08133433259744635
0.6,0.2,0.5,0.3,0.49320027,49925,0.07859209950176411
0.1,0.3,0.4,0.7,0.49320373,49925,0.07816293926505498
0.4,0.2,0.1,0.9,0.49330217,49925,0.06976753297459348
0.4,0.2,0.6,0.1,0.49331126,49925,0.08295196919987523
0.5,0.4,0.9,0.6,0.49340168,49925,0.08189521833540919
0.6,0.1,0.3,0.1,0.4934311,49925,0.0734779377316244
0.7,0.1,0.1,0.5,0.49344495,49925,0.06565020998190761
0.3,0.3,0.7,0.4,0.4934551,49925,0.08270856001028984
0.5,0.1,0.2,0.3,0.4934618,49925,0.07259764362413307
0.3,0.2,0.6,0.1,0.49348685,49925,0.08410115243858055
0.1,0.2,0.6,0.1,0.4934907,49925,0.08489516347578026
0.4,0.4,0.9,0.6,0.4934981,49925,0.08223213483777121
0.4,0.2,0.3,0.6,0.49353206,49925,0.0763778544129297
0.2,0.2,0.1,0.8,0.4935357,49925,0.07092877418161851
0.8,0.2,0.2,0.9,0.4935386,49925,0.06992241847501923
0.6,0.4,0.8,0.8,0.4935503,49925,0.08013951032353192
0.3,0.2,0.4,0.4,0.4935503,49925,0.08013951032353192
0.5,0.4,0.7,0.9,0.49355334,49925,0.07950114044495929
0.7,0.3,0.6,0.7,0.49355635,49925,0.07802332596445681
0.1,0.3,0.5,0.6,0.49363425,49925,0.07987877406644732
0.2,0.4,0.6,0.9,0.4936547,49925,0.07914853725129255
0.9,0.4,0.8,0.9,0.4936806,49925,0.07827446488929499
0.2,0.3,0.3,0.9,0.49368626,49925,0.07567817640764099
0.5,0.3,0.8,0.3,0.49370962,49925,0.0825959544333838
0.4,0.3,0.8,0.3,0.49371248,49925,0.08325737212201133
0.9,0.3,0.9,0.2,0.49371687,49925,0.08033546237177051
0.9,0.4,0.9,0.7,0.49381155,49925,0.07947533380809074
0.5,0.2,0.2,0.8,0.49387905,49925,0.07250597628350129
0.3,0.4,0.8,0.7,0.4938835,49925,0.08153119805511187
0.2,0.3,0.7,0.4,0.49389648,49925,0.08289222489584243
0.2,0.2,0.6,0.1,0.4939236,49925,0.08488498764927603
0.8,0.3,0.9,0.2,0.4939533,49925,0.0811655386532366
0.6,0.1,0.1,0.5,0.49399796,49925,0.06702571514138246
0.3,0.2,0.2,0.7,0.49403793,49925,0.07443622628671598
0.8,0.3,0.5,0.9,0.49409053,49925,0.07572670565600415
0.7,0.2,0.3,0.7,0.49414364,49925,0.07330585782109975
0.3,0.3,0.8,0.3,0.49415502,49925,0.08368921014691713
0.2,0.3,0.8,0.3,0.494206,49925,0.08384924298598212
0.1,0.5,0.9,0.9,0.49420938,49925,0.08027309416985377
0.3,0.3,0.5,0.7,0.4942695,49925,0.07940016596032953
0.9,0.3,0.8,0.4,0.49428856,49925,0.07915076472855967
0.1,0.3,0.6,0.5,0.49431244,49925,0.08130734544684075
0.9,0.3,0.6,0.8,0.49435017,49925,0.0764026256545025
0.4,0.3,0.4,0.9,0.49435088,49925,0.07675704358940716
0.1,0.3,0.7,0.4,0.49435797,49925,0.08240332362358727
0.8,0.4,0.8,0.9,0.49441758,49925,0.07880150978115219
0.7,0.3,0.7,0.5,0.49448565,49925,0.07957032881684442
0.8,0.1,0.3,0.2,0.49448723,49925,0.07062131460522675
0.9,0.2,0.5,0.4,0.49448967,49925,0.07515398391912495
0.2,0.4,0.9,0.6,0.49450305,49925,0.08229099863489225
0.4,0.4,0.7,0.9,0.49450585,49925,0.07978560052421138
0.3,0.4,0.9,0.6,0.4945144,49925,0.08240452778980205
0.7,0.4,0.9,0.7,0.49452043,49925,0.08058622350316275
0.5,0.3,0.5,0.8,0.49453047,49925,0.07792866142576711
0.2,0.4,0.8,0.7,0.49458092,49925,0.08141666299540617
0.2,0.4,0.7,0.8,0.49462965,49925,0.08034063648347443
0.9,0.2,0.4,0.6,0.4946345,49925,0.07343842562579479
0.4,0.3,0.6,0.6,0.49467164,49925,0.08041121093438466
0.5,0.1,0.3,0.1,0.49468032,49925,0.0755701265885824
0.5,0.2,0.4,0.5,0.4947475,49925,0.07752568908293152
0.7,0.3,0.5,0.9,0.49477553,49925,0.07634768736729608
0.8,0.4,0.9,0.7,0.4948125,49925,0.08004439970369152
0.7,0.3,0.9,0.2,0.4948463,49925,0.08199621288121543
0.6,0.3,0.9,0.2,0.49495253,49925,0.0827669940319408
0.2,0.3,0.9,0.2,0.4949804,49925,0.08460084336138704
0.7,0.2,0.2,0.9,0.49501854,49925,0.0706968306136961
0.5,0.2,0.5,0.3,0.4950226,49925,0.07977254690903136
0.5,0.3,0.9,0.2,0.4950693,49925,0.08350528266568719
0.6,0.3,0.6,0.7,0.4950708,49925,0.07870995518821809
0.3,0.3,0.9,0.2,0.49508342,49925,0.08452623426296933
0.2,0.3,0.4,0.8,0.49511462,49925,0.07772079311556522
0.4,0.3,0.9,0.2,0.4951211,49925,0.0841269592859744
0.1,0.4,0.6,0.9,0.49515676,49925,0.07855487573213013
0.7,0.4,0.8,0.9,0.495191,49925,0.07931680416551673
0.5,0.4,0.8,0.8,0.49519578,49925,0.08054723655320653
0.6,0.3,0.7,0.5,0.49522302,49925,0.080330121877327
0.9,0.2,0.6,0.2,0.49523196,49925,0.07668065213606647
0.5,0.3,0.7,0.5,0.49525243,49925,0.0810616678942975
0.9,0.3,0.7,0.6,0.49528825,49925,0.07781958718727143
0.1,0.3,0.8,0.3,0.49539,49925,0.08330711554014218
0.8,0.3,0.8,0.4,0.4954016,49925,0.07990508376254153
0.6,0.4,0.9,0.7,0.4954083,49925,0.08107757131661879
0.1,0.2,0.2,0.6,0.49541426,49925,0.0754397763054322
0.5,0.1,0.1,0.5,0.49551344,49925,0.06843395928744828
0.8,0.2,0.6,0.2,0.49565166,49925,0.07780569899517628
0.4,0.1,0.3,0.1,0.49565166,49925,0.07780569899517628
0.8,0.3,0.6,0.8,0.49566543,49925,0.07706413819916197
0.1,0.4,0.7,0.8,0.49574298,49925,0.07977372398581146
0.4,0.1,0.2,0.3,0.49575874,49925,0.07432621844229352
0.8,0.2,0.4,0.6,0.49575874,49925,0.07432621844229352
0.6,0.2,0.3,0.7,0.49577188,49925,0.07421348885170993
0.9,0.3,0.9,0.3,0.49592808,49925,0.08014722979425015
0.6,0.2,0.6,0.2,0.49592808,49925,0.08014722979425015
0.3,0.1,0.3,0.1,0.49592808,49925,0.08014722979425015
0.4,0.2,0.5,0.3,0.495965,49925,0.08092796772048291
0.1,0.4,0.8,0.7,0.49597928,49925,0.08078691435190255
0.9,0.1,0.2,0.4,0.49598104,49925,0.06705360653384429
0.7,0.2,0.6,0.2,0.49603474,49925,0.0789611785294864
0.7,0.1,0.3,0.2,0.49605072,49925,0.07219641073659847
0.8,0.2,0.5,0.4,0.49606222,49925,0.07618849133282903
0.1,0.4,0.9,0.6,0.49610052,49925,0.08160622374335248
0.6,0.3,0.5,0.9,0.4961322,49925,0.07695915687946167
0.8,0.3,0.7,0.6,0.4961867,49925,0.07856928931653868
0.4,0.3,0.7,0.5,0.49621302,49925,0.08162116906150241
0.7,0.3,0.8,0.4,0.49623072,49925,0.08070033933723435
0.5,0.3,0.6,0.7,0.49634188,49925,0.07936458056991731
0.2,0.3,0.5,0.7,0.49638313,49925,0.07944433494443034
0.3,0.4,0.7,0.9,0.49638957,49925,0.07986476111225538
0.8,0.1,0.2,0.4,0.4964386,49925,0.06837458521623835
0.9,0.4,0.9,0.8,0.49645105,49925,0.07923584862586386
0.3,0.2,0.5,0.3,0.49645618,49925,0.08189888336419844
0.3,0.2,0.1,0.9,0.49649107,49925,0.0701901143777342
0.9,0.2,0.3,0.8,0.49653053,49925,0.07154326822120413
0.6,0.3,0.8,0.4,0.49654338,49925,0.08146011504835288
0.7,0.2,0.5,0.4,0.49659285,49925,0.07722812534241959
0.1,0.3,0.3,0.9,0.49663523,49925,0.074991648209123
0.4,0.3,0.5,0.8,0.49666423,49925,0.07840426200946608
0.7,0.2,0.4,0.6,0.49667183,49925,0.07526655354142203
0.3,0.3,0.4,0.9,0.4966933,49925,0.07700757655221618
0.3,0.2,0.3,0.6,0.4967376,49925,0.07714651927730011
0.1,0.3,0.9,0.2,0.49675316,49925,0.08406417440189834
0.8,0.4,0.9,0.8,0.49678156,49925,0.07974983697975081
0.5,0.4,0.9,0.7,0.49681896,49925,0.08145419794329918
0.2,0.2,0.2,0.7,0.49682215,49925,0.07473992505778809
0.6,0.4,0.8,0.9,0.49684095,49925,0.07973900502455869
0.4,0.4,0.8,0.8,0.49688417,49925,0.08083887633878056
0.1,0.1,0.2,0.2,0.49688417,49925,0.08083887633878056
0.2,0.2,0.4,0.4,0.49688417,49925,0.08083887633878056
0.3,0.3,0.6,0.6,0.49688417,49925,0.08083887633878058
0.4,0.2,0.4,0.5,0.49691865,49925,0.07852530382029893
0.5,0.3,0.8,0.4,0.49694175,49925,0.08211630512381986
0.5,0.2,0.3,0.7,0.4969495,49925,0.07508456892576996
0.6,0.2,0.2,0.9,0.49696586,49925,0.07147200435972483
0.7,0.4,0.9,0.8,0.49699393,49925,0.08024777942136012
0.9,0.1,0.1,0.6,0.49704456,49925,0.06383276221484849
0.8,0.3,0.9,0.3,0.49716997,49925,0.08091275237201302
0.4,0.1,0.1,0.5,0.49718836,49925,0.06985192582738632
0.4,0.2,0.2,0.8,0.4972081,49925,0.07322649596146268
0.2,0.1,0.1,0.4,0.4972081,49925,0.07322649596146268
0.7,0.3,0.6,0.8,0.4974605,49925,0.07770951279134655
0.3,0.4,0.8,0.8,0.4974792,49925,0.08088599743016524
0.2,0.3,0.6,0.6,0.49756625,49925,0.08084533788972804
0.3,0.3,0.7,0.5,0.49757344,49925,0.08200166718807086
0.8,0.2,0.3,0.8,0.49764654,49925,0.07234309978612319
0.7,0.3,0.7,0.6,0.4976621,49925,0.0792543237184302
0.2,0.2,0.5,0.3,0.49768785,49925,0.08249441413612549
0.7,0.3,0.9,0.3,0.4977121,49925,0.08166353840790325
0.4,0.4,0.9,0.7,0.4978157,49925,0.08171427480038461
0.6,0.2,0.5,0.4,0.49781817,49925,0.07829856720280891
0.4,0.3,0.8,0.4,0.4978195,49925,0.08264086703000129
0.5,0.2,0.6,0.2,0.4979105,49925,0.08130306420957419
0.6,0.3,0.7,0.6,0.49791247,49925,0.07994298748554088
0.9,0.3,0.8,0.5,0.4979418,49925,0.07893737075917917
0.7,0.1,0.2,0.4,0.49799022,49925,0.06974697250272942
0.9,0.3,0.7,0.7,0.49802068,49925,0.0776029431517154
0.1,0.2,0.3,0.5,0.4980565,49925,0.07844596354902299
0.2,0.1,0.3,0.1,0.4980698,49925,0.08237402376035652
0.6,0.3,0.9,0.3,0.4980698,49925,0.08237402376035653
0.4,0.2,0.6,0.2,0.4980698,49925,0.08237402376035652
0.1,0.3,0.4,0.8,0.49809092,49925,0.07714413318957485
0.5,0.4,0.8,0.9,0.49811286,49925,0.08009542650419338
0.9,0.2,0.5,0.5,0.49811527,49925,0.0751283058489003
0.2,0.3,0.7,0.5,0.49811745,49925,0.08206114303890595
0.3,0.4,0.9,0.7,0.4981717,49925,0.08182556015498071
0.2,0.4,0.7,0.9,0.49822482,49925,0.0796374230188698
0.9,0.4,0.9,0.9,0.49826187,49925,0.07896230535208904
0.8,0.1,0.1,0.6,0.498317,49925,0.06491714107696867
0.5,0.3,0.9,0.3,0.49834132,49925,0.08299011204927245
0.6,0.3,0.6,0.8,0.49834248,49925,0.07832689683336581
0.6,0.1,0.3,0.2,0.49834767,49925,0.07391970651087204
0.2,0.4,0.9,0.7,0.49839753,49925,0.08156493539066077
0.6,0.4,0.9,0.8,0.49847534,49925,0.0806653500368449
0.6,0.2,0.4,0.6,0.49851286,49925,0.07621614298737972
0.9,0.3,0.6,0.9,0.49851286,49925,0.07621614298737973
0.3,0.1,0.2,0.3,0.49851286,49925,0.07621614298737972
0.3,0.3,0.5,0.8,0.49853355,49925,0.07871119496563514
0.3,0.3,0.8,0.4,0.4985533,49925,0.08296648652071938
0.1,0.2,0.5,0.3,0.49860308,49925,0.08232609334053256
0.9,0.2,0.4,0.7,0.49861932,49925,0.07343229395773955
0.1,0.2,0.4,0.4,0.49862185,49925,0.08070465041254025
0.2,0.4,0.8,0.8,0.49862185,49925,0.08070465041254025
0.9,0.2,0.7,0.1,0.49863145,49925,0.07807661621177674
0.7,0.2,0.7,0.1,0.498688,49925,0.08031699137207331
0.3,0.2,0.6,0.2,0.49871615,49925,0.0832844550774493
0.5,0.3,0.5,0.9,0.4987445,49925,0.0774648719736965
0.2,0.3,0.8,0.4,0.49876517,49925,0.08297961779548933
0.4,0.3,0.6,0.7,0.4987726,49925,0.07984593650801451
0.9,0.2,0.6,0.3,0.4988614,49925,0.07668922787272237
0.4,0.3,0.9,0.3,0.49888274,49925,0.08349936622204579
0.5,0.3,0.7,0.6,0.4989256,49925,0.08055242016121283
0.8,0.4,0.9,0.9,0.498984,49925,0.07947131375290706
0.8,0.2,0.7,0.1,0.49901164,49925,0.07918521304692869
0.9,0.1,0.3,0.3,0.4990323,49925,0.06982101906435953
0.6,0.2,0.7,0.1,0.4990869,49925,0.08144494293496714
0.9,0.3,0.9,0.4,0.49908757,49925,0.0799320799088435
0.8,0.3,0.6,0.9,0.49913016,49925,0.076832120921596
0.8,0.3,0.7,0.7,0.49913505,49925,0.07829550848260232
0.8,0.2,0.6,0.3,0.49916175,49925,0.07773930681588319
0.8,0.3,0.8,0.5,0.49918076,49925,0.07965651637442638
0.7,0.2,0.3,0.8,0.499195,49925,0.07317064706532997
0.6,0.1,0.2,0.4,0.49919546,49925,0.07118073318392312
0.8,0.2,0.5,0.5,0.49926078,49925,0.07606356099396637
0.1,0.3,0.7,0.5,0.49933332,49925,0.08138913548469995
0.7,0.1,0.1,0.6,0.4993692,49925,0.06608213491224883
0.1,0.1,0.3,0.1,0.4993783,49925,0.08380813264400322
0.3,0.3,0.9,0.3,0.4993783,49925,0.0838081326440032
0.2,0.2,0.6,0.2,0.4993783,49925,0.08380813264400322
0.7,0.2,0.6,0.3,0.49948505,49925,0.0787858936739509
0.5,0.2,0.5,0.4,0.4995049,49925,0.07931392680995357
0.4,0.4,0.8,0.9,0.4995592,49925,0.08028594038684934
0.2,0.3,0.9,0.3,0.49957144,49925,0.08371222002190734
0.1,0.2,0.6,0.2,0.49964404,49925,0.08347562826056236
0.7,0.3,0.8,0.5,0.49964896,49925,0.08037480575680679
0.1,0.4,0.9,0.7,0.4996941,49925,0.08080224655544566
0.1,0.3,0.5,0.7,0.49969646,49925,0.0788679170212405
0.4,0.2,0.3,0.7,0.49972764,49925,0.07582766889288914
0.2,0.2,0.3,0.6,0.4997409,49925,0.07754728552549338
0.5,0.4,0.9,0.8,0.49978122,49925,0.08097775451582682
0.3,0.2,0.4,0.5,0.49978673,49925,0.07934405092833066
0.5,0.2,0.4,0.6,0.4998188,49925,0.07710667703093317
0.2,0.3,0.4,0.9,0.49984372,49925,0.07689456430836566
0.4,0.2,0.7,0.1,0.4999514,49925,0.0835255053752055
0.8,0.3,0.9,0.4,0.49996305,49925,0.08064644733311256
0.1,0.4,0.7,0.9,0.5000079,49925,0.07895558323757067
0.5,0.2,0.2,0.9,0.5000107,49925,0.07216241052299738
0.6,0.3,0.8,0.5,0.50005007,49925,0.08104550598713303
0.7,0.4,0.9,0.9,0.5000652,49925,0.07990819197444425
0.7,0.3,0.7,0.7,0.5000676,49925,0.07891707338038895
0.5,0.2,0.7,0.1,0.50008357,49925,0.08254165141634938
0.8,0.2,0.4,0.7,0.50015134,49925,0.0742529590247859
0.5,0.3,0.6,0.8,0.50020397,49925,0.07887343944861054
0.3,0.2,0.7,0.1,0.50023603,49925,0.08436597897884464
0.3,0.2,0.2,0.8,0.5003098,49925,0.07377698193262984
0.1,0.4,0.8,0.8,0.5003212,49925,0.07996588684809637
0.4,0.3,0.7,0.6,0.50035244,49925,0.08102257686974759
0.1,0.3,0.8,0.4,0.50037,49925,0.0822877904101018
0.4,0.3,0.5,0.9,0.50042295,49925,0.07781606294688756
0.1,0.3,0.6,0.6,0.50044173,49925,0.08027511395479152
0.8,0.1,0.3,0.3,0.50046414,49925,0.071137873253534
0.6,0.1,0.1,0.6,0.50047165,49925,0.06729576375232471
0.1,0.2,0.1,0.8,0.5005335,49925,0.07012448823804175
0.2,0.2,0.7,0.1,0.50063795,49925,0.08477707644444554
0.3,0.3,0.6,0.7,0.5006547,49925,0.08011501658153898
0.7,0.3,0.6,0.9,0.5006851,49925,0.0773861847881044
0.7,0.2,0.5,0.5,0.50070405,49925,0.07700773116981889
0.4,0.2,0.5,0.4,0.500768,49925,0.0802832721758604
0.7,0.3,0.9,0.4,0.5007754,49925,0.08132444355130317
0.3,0.4,0.8,0.9,0.50080514,49925,0.08026530005883148
0.2,0.2,0.1,0.9,0.5008298,49925,0.07014083798773658
0.6,0.2,0.6,0.3,0.5008539,49925,0.0798114151452507
0.5,0.3,0.8,0.5,0.50086296,49925,0.08159107252365803
0.6,0.2,0.3,0.8,0.5008935,49925,0.07397252888548168
0.9,0.2,0.3,0.9,0.50091743,49925,0.0714871685609358
0.9,0.3,0.8,0.6,0.50097007,49925,0.07870958368680625
0.9,0.3,0.7,0.8,0.50110483,49925,0.0773684838617066
0.9,0.1,0.4,0.1,0.5011376,49925,0.07158404414164253
0.6,0.3,0.7,0.7,0.50115734,49925,0.07954604675453303
0.9,0.2,0.5,0.6,0.50118244,49925,0.07500698992016516
0.2,0.3,0.5,0.8,0.50120884,49925,0.07861174032798533
0.4,0.4,0.9,0.8,0.5012542,49925,0.08118226560753332
0.9,0.1,0.2,0.5,0.5012984,49925,0.06755934787854267
0.8,0.2,0.7,0.2,0.5013603,49925,0.07907509969974977
0.1,0.3,0.9,0.3,0.501365,49925,0.08302808281092167
0.6,0.3,0.9,0.4,0.5013695,49925,0.08196378238988067
0.7,0.2,0.7,0.2,0.5013846,49925,0.08011741571522724
0.7,0.2,0.4,0.7,0.50138956,49925,0.07506535815221987
0.6,0.4,0.9,0.9,0.5014552,49925,0.08026158886020633
0.9,0.2,0.7,0.2,0.5014602,49925,0.07805918304377671
0.5,0.1,0.3,0.2,0.50150126,49925,0.07570977949213982
0.4,0.3,0.8,0.5,0.50151974,49925,0.08202872656792579
0.1,0.2,0.7,0.1,0.50176495,49925,0.08444324345605654
0.8,0.3,0.7,0.8,0.5018176,49925,0.0779867326114028
0.3,0.4,0.9,0.8,0.5018187,49925,0.08117983666275669
0.2,0.4,0.9,0.8,0.5019178,49925,0.080872049858773
0.5,0.3,0.9,0.4,0.5019457,49925,0.08249095492726848
0.5,0.1,0.2,0.4,0.501953,49925,0.0726008110688129
0.7,0.3,0.8,0.6,0.50198144,49925,0.07999177122304904
0.9,0.1,0.1,0.7,0.5020953,49925,0.06431095557630803
0.5,0.2,0.6,0.3,0.50210357,49925,0.08084787764404357
0.3,0.2,0.3,0.7,0.5021382,49925,0.07640001114926284
0.7,0.1,0.3,0.3,0.50216025,49925,0.07255259950528295
0.8,0.3,0.8,0.6,0.5022259,49925,0.07935445939203319
0.8,0.2,0.3,0.9,0.5022743,49925,0.07223857860128781
0.3,0.1,0.1,0.5,0.5022862,49925,0.07122926981112196
0.3,0.3,0.7,0.6,0.5022885,49925,0.08128630608153432
0.3,0.3,0.8,0.5,0.5023283,49925,0.08229549089605716
0.9,0.3,0.9,0.5,0.50237674,49925,0.07970714978620512
0.2,0.4,0.8,0.9,0.5023891,49925,0.07998270712966048
0.9,0.2,0.6,0.4,0.5024872,49925,0.0766391330773673
0.4,0.2,0.4,0.6,0.5025146,49925,0.07792207813356197
0.6,0.3,0.6,0.9,0.5025146,49925,0.07792207813356197
0.2,0.1,0.2,0.3,0.5025146,49925,0.07792207813356197
0.8,0.1,0.2,0.5,0.50251836,49925,0.06872740375107175
0.8,0.1,0.4,0.1,0.5025496,49925,0.0730991392981347
0.4,0.3,0.6,0.8,0.5026009,49925,0.0792450159108905
0.6,0.2,0.5,0.5,0.5026171,49925,0.07795583696685497
0.3,0.2,0.5,0.4,0.5026401,49925,0.08107181691030844
0.1,0.2,0.2,0.7,0.5026628,49925,0.07419281169139454
0.8,0.2,0.5,0.6,0.50271267,49925,0.07585840731040483
0.4,0.3,0.9,0.4,0.5027192,49925,0.0828843061642364
0.5,0.1,0.1,0.6,0.50274646,49925,0.06849576136025833
0.5,0.4,0.9,0.9,0.5027864,49925,0.08053008591678737
0.4,0.2,0.2,0.9,0.5027988,49925,0.07274293005292318
0.2,0.2,0.4,0.5,0.50280696,49925,0.07975515529577892
0.2,0.3,0.6,0.7,0.50283813,49925,0.08000507858014418
0.3,0.3,0.5,0.9,0.5028448,49925,0.07804082334622459
0.8,0.1,0.1,0.7,0.5028967,49925,0.06533325939916312
0.8,0.2,0.6,0.4,0.50293815,49925,0.07756604018610261
0.4,0.1,0.3,0.2,0.50293815,49925,0.07756604018610261
0.2,0.3,0.7,0.6,0.5029478,49925,0.08118430191412519
0.5,0.3,0.7,0.7,0.50299317,49925,0.08006754993462965
0.3,0.3,0.9,0.4,0.5030016,49925,0.08310479008076946
0.5,0.2,0.3,0.8,0.50301564,49925,0.07466524037686957
0.9,0.2,0.4,0.8,0.5030168,49925,0.07333931778960351
0.7,0.3,0.7,0.8,0.50301915,49925,0.07859812793583999
0.8,0.3,0.9,0.5,0.50304013,49925,0.08035996800758555
0.6,0.2,0.7,0.2,0.5030416,49925,0.08110180033536211
0.1,0.3,0.4,0.9,0.50310904,49925,0.07613174953360782
0.6,0.3,0.8,0.6,0.50310975,49925,0.08060446942010918
0.8,0.2,0.8,0.1,0.50320524,49925,0.08024224441915122
0.4,0.2,0.6,0.3,0.5032412,49925,0.08176286617305256
0.2,0.3,0.8,0.5,0.5032823,49925,0.08215379968380694
0.9,0.2,0.8,0.1,0.50331825,49925,0.07923051651215329
0.9,0.3,0.7,0.9,0.5033654,49925,0.07713467216493973
0.6,0.2,0.4,0.7,0.5033714,49925,0.07586534882679768
0.1,0.4,0.9,0.8,0.50359046,49925,0.08000076504930237
0.7,0.1,0.4,0.1,0.5035917,49925,0.07470900276060012
0.1,0.4,0.8,0.9,0.50363064,49925,0.0791686391504969
0.7,0.2,0.8,0.1,0.5036717,49925,0.08124362281931781
0.5,0.2,0.7,0.2,0.5037038,49925,0.08206333252948585
0.3,0.2,0.6,0.3,0.5037412,49925,0.08243629404739894
0.7,0.1,0.2,0.5,0.50386506,49925,0.06995467130258443
0.9,0.3,0.8,0.7,0.50389117,49925,0.07845420504041438
0.7,0.2,0.3,0.9,0.5039074,49925,0.0729778444298103
0.7,0.2,0.5,0.6,0.5039124,49925,0.07671116801715905
0.7,0.3,0.9,0.5,0.50393,49925,0.0809778631076192
0.4,0.4,0.9,0.9,0.50394815,49925,0.08063850821177442
0.5,0.2,0.5,0.5,0.50398755,49925,0.07883936817352569
0.2,0.3,0.9,0.4,0.5040447,49925,0.08290222526355168
0.9,0.2,0.7,0.3,0.504081,49925,0.07794516402553907
0.7,0.2,0.6,0.4,0.50409275,49925,0.07850573130640284
0.9,0.1,0.3,0.4,0.5043272,49925,0.07027623912366038
0.6,0.3,0.7,0.8,0.5043517,49925,0.07911058086050825
0.2,0.2,0.2,0.8,0.5043858,49925,0.07385594297350283
0.1,0.1,0.1,0.4,0.5043858,49925,0.07385594297350283
0.5,0.3,0.6,0.9,0.50440216,49925,0.07836596393606492
0.1,0.3,0.7,0.6,0.5044415,49925,0.08041152484107475
0.2,0.2,0.5,0.4,0.5044841,49925,0.08146141011292228
0.9,0.1,0.4,0.2,0.50455856,49925,0.07213123374785803
0.8,0.3,0.8,0.7,0.50456977,49925,0.07905530921060511
0.6,0.1,0.4,0.1,0.5046767,49925,0.07642991267818224
0.3,0.3,0.6,0.8,0.50468665,49925,0.07939783783295754
0.4,0.3,0.7,0.7,0.5046884,49925,0.08042549180595343
0.6,0.1,0.3,0.3,0.50469786,49925,0.0740445764202032
0.4,0.2,0.7,0.2,0.50472325,49925,0.0828910252179019
0.5,0.3,0.8,0.6,0.5047301,49925,0.08109456992629158
0.2,0.2,0.6,0.3,0.5047417,49925,0.08277063944747376
0.4,0.1,0.2,0.4,0.5047911,49925,0.07409565747084426
0.8,0.2,0.4,0.8,0.5047911,49925,0.07409565747084426
0.7,0.3,0.8,0.7,0.50480586,49925,0.07963561442575129
0.6,0.3,0.9,0.5,0.5048098,49925,0.08155098332842503
0.8,0.2,0.7,0.3,0.5048285,49925,0.07888061665267086
0.4,0.2,0.3,0.8,0.50485414,49925,0.07526833231794809
0.6,0.2,0.8,0.1,0.5049128,49925,0.08219230149025232
0.5,0.2,0.4,0.7,0.5049312,49925,0.07664594309418545
0.1,0.2,0.3,0.6,0.50499105,49925,0.07708336028802638
0.1,0.3,0.6,0.7,0.5050128,49925,0.0792532884983418
0.5,0.2,0.8,0.1,0.50504017,49925,0.08305717401678682
0.3,0.2,0.4,0.6,0.50510573,49925,0.07851692231452018
0.3,0.4,0.9,0.9,0.50518537,49925,0.08056860931846888
0.5,0.3,0.9,0.5,0.50522715,49925,0.08195210667250506
0.7,0.1,0.1,0.7,0.50526595,49925,0.06639292066828005
0.8,0.3,0.7,0.9,0.50536686,49925,0.07769885601455023
0.9,0.2,0.5,0.7,0.50541365,49925,0.07488428245574058
0.1,0.3,0.8,0.5,0.505429,49925,0.08129955986936073
0.9,0.2,0.8,0.2,0.5054469,49925,0.07912522238162334
0.9,0.2,0.6,0.5,0.5054573,49925,0.07647381545722307
0.4,0.3,0.8,0.6,0.505458,49925,0.08142484939929194
0.1,0.3,0.5,0.8,0.5055581,49925,0.07786168649862993
0.1,0.2,0.5,0.4,0.5055732,49925,0.08093650982770054
0.5,0.1,0.4,0.1,0.5055872,49925,0.07819619636358022
0.4,0.2,0.5,0.5,0.505625,49925,0.07964887649668435
0.3,0.2,0.7,0.2,0.5056595,49925,0.08354026564386989
0.7,0.2,0.7,0.3,0.5057163,49925,0.07981206558943563
0.1,0.2,0.4,0.5,0.5057514,49925,0.07928814407109012
0.3,0.3,0.7,0.7,0.5058457,49925,0.08055882810007356
0.6,0.2,0.6,0.4,0.5058478,49925,0.07941839746743587
0.9,0.3,0.9,0.6,0.5058478,49925,0.07941839746743586
0.3,0.1,0.3,0.2,0.5058478,49925,0.07941839746743587
0.3,0.2,0.2,0.9,0.50585085,49925,0.07311262922138823
0.6,0.2,0.3,0.9,0.5058608,49925,0.0736627274911061
0.1,0.2,0.1,0.9,0.50589967,49925,0.06910057804735989
0.8,0.1,0.3,0.4,0.5059438,49925,0.07146591845636074
0.1,0.3,0.9,0.4,0.50599897,49925,0.08204319628758365
0.4,0.1,0.4,0.1,0.506021,49925,0.08006222011806209
0.8,0.2,0.8,0.2,0.506021,49925,0.08006222011806209
0.2,0.2,0.7,0.2,0.5060729,49925,0.08372785976055214
0.3,0.3,0.8,0.6,0.5061313,49925,0.08158390159773149
0.2,0.4,0.9,0.9,0.5061315,49925,0.08016609598248614
0.4,0.3,0.6,0.9,0.5061357,49925,0.07864003403225724
0.7,0.2,0.4,0.8,0.5061538,49925,0.07479443940470916
0.6,0.2,0.5,0.6,0.5061958,49925,0.07755323333615731
0.8,0.2,0.6,0.5,0.5062177,49925,0.0773454679682176
0.8,0.3,0.9,0.6,0.50631976,49925,0.08000891174813742
0.2,0.3,0.5,0.9,0.5063714,49925,0.07777828465959
0.6,0.2,0.7,0.3,0.5063971,49925,0.08071687447788804
0.4,0.1,0.1,0.6,0.5064094,49925,0.06963491321480733
0.5,0.2,0.6,0.4,0.50642794,49925,0.08031598532039623
0.4,0.2,0.8,0.1,0.50642973,49925,0.08386808477113195
0.3,0.2,0.8,0.1,0.5064896,49925,0.08440329027128333
0.3,0.3,0.9,0.5,0.50649285,49925,0.08243647175219161
0.6,0.1,0.2,0.5,0.5065488,49925,0.07120556647103472
0.8,0.1,0.4,0.2,0.5065783,49925,0.07350803019902605
0.9,0.1,0.2,0.6,0.5066467,49925,0.06790407725496381
0.6,0.3,0.8,0.7,0.5066954,49925,0.08018549056607943
0.7,0.3,0.7,0.9,0.5067047,49925,0.07822085508539368
0.9,0.3,0.8,0.8,0.5067435,49925,0.07819341224290981
0.9,0.1,0.1,0.8,0.50675315,49925,0.06469403437513775
0.2,0.2,0.3,0.7,0.5067582,49925,0.0765369575663216
0.1,0.2,0.6,0.3,0.50678694,49925,0.08213836416598856
0.5,0.1,0.3,0.3,0.50679576,49925,0.07555226968879977
0.8,0.2,0.5,0.7,0.5067986,49925,0.07564912238534409
0.5,0.3,0.7,0.8,0.5068111,49925,0.079575512473445
0.7,0.3,0.9,0.6,0.50684845,49925,0.0806081306411518
0.4,0.3,0.9,0.5,0.50699085,49925,0.08227150370250812
0.4,0.2,0.4,0.7,0.5070103,49925,0.07731655121092612
0.7,0.2,0.8,0.2,0.5071066,49925,0.08094027744452874
0.6,0.1,0.1,0.7,0.5073156,49925,0.0673967768554377
0.9,0.2,0.9,0.1,0.50731975,49925,0.08015099296897374
0.5,0.2,0.3,0.9,0.5073458,49925,0.07422236546037841
0.2,0.3,0.8,0.6,0.50739336,49925,0.08130711464674742
0.5,0.2,0.7,0.3,0.50743836,49925,0.0815271076801858
0.9,0.2,0.7,0.4,0.50748664,49925,0.0777949674949701
0.8,0.3,0.8,0.8,0.5074909,49925,0.07874345004834542
0.2,0.3,0.6,0.8,0.5074931,49925,0.07919322792153821
0.3,0.2,0.5,0.5,0.50755286,49925,0.08023578458238481
0.5,0.3,0.8,0.7,0.50759035,49925,0.08057583195648736
0.9,0.3,0.9,0.7,0.50761926,49925,0.0791337270466135
0.3,0.3,0.6,0.9,0.5076342,49925,0.07872177130338087
0.1,0.1,0.2,0.3,0.5076342,49925,0.07872177130338087
0.2,0.2,0.4,0.6,0.5076342,49925,0.07872177130338087
0.6,0.2,0.4,0.8,0.5076583,49925,0.0755354857362874
0.3,0.1,0.2,0.4,0.5076583,49925,0.0755354857362874
0.2,0.2,0.8,0.1,0.507693,49925,0.08450789452704091
0.9,0.2,0.4,0.9,0.5077051,49925,0.07321041447430213
0.6,0.3,0.7,0.9,0.50773543,49925,0.07869760928113133
0.2,0.1,0.1,0.5,0.5077572,49925,0.07225846335838594
0.6,0.3,0.9,0.6,0.507776,49925,0.08108388424270264
0.4,0.2,0.6,0.4,0.507776,49925,0.08108388424270264
0.2,0.1,0.3,0.2,0.507776,49925,0.08108388424270264
0.2,0.3,0.9,0.5,0.50779325,49925,0.08210700597156209
0.1,0.4,0.9,0.9,0.5078061,49925,0.07925641692251781
0.8,0.2,0.9,0.1,0.50786,49925,0.08101263640752984
0.4,0.3,0.7,0.8,0.5078673,49925,0.07983165056686013
0.6,0.2,0.8,0.2,0.5078815,49925,0.08174993724154642
0.3,0.1,0.4,0.1,0.5078815,49925,0.08174993724154642
0.9,0.2,0.6,0.6,0.5080365,49925,0.07631763698636673
0.7,0.3,0.8,0.8,0.5080672,49925,0.07925969612351146
0.8,0.2,0.7,0.4,0.508152,49925,0.07864840599653007
0.2,0.3,0.7,0.7,0.5081597,49925,0.08034294552956897
0.3,0.2,0.3,0.8,0.508253,49925,0.07563622978170541
0.7,0.1,0.3,0.4,0.5083797,49925,0.0727056916832336
0.7,0.2,0.6,0.5,0.50840706,49925,0.07818246303196903
0.5,0.2,0.5,0.6,0.5084389,49925,0.07832924974150328
0.7,0.2,0.5,0.7,0.5084584,49925,0.07643095205001332
0.8,0.1,0.2,0.6,0.5084936,49925,0.06895551815339147
0.1,0.2,0.7,0.2,0.5085158,49925,0.08309249247767911
0.7,0.1,0.4,0.2,0.5087347,49925,0.07494150249605144
0.9,0.3,0.8,0.9,0.50874966,49925,0.07792706143001928
0.8,0.3,0.9,0.7,0.50877047,49925,0.07968103012366445
0.5,0.2,0.8,0.2,0.5088243,49925,0.08252840902605792
0.8,0.1,0.1,0.8,0.5089121,49925,0.06561344270018495
0.9,0.2,0.8,0.3,0.5089322,49925,0.07896583057469078
0.8,0.2,0.4,0.9,0.50893766,49925,0.0738784113514865
0.5,0.3,0.9,0.6,0.5089411,49925,0.08147196245741532
0.9,0.1,0.3,0.5,0.50898874,49925,0.07056787152975513
0.6,0.2,0.9,0.1,0.50903463,49925,0.0826414325561707
0.9,0.1,0.4,0.3,0.50903755,49925,0.07245792566034667
0.7,0.2,0.9,0.1,0.50906247,49925,0.08187315446157406
0.6,0.2,0.6,0.5,0.50920814,49925,0.0790035217554373
0.3,0.2,0.6,0.4,0.5092663,49925,0.08160818273076538
0.9,0.2,0.5,0.8,0.509287,49925,0.0747327480235094
0.1,0.2,0.2,0.8,0.5093531,49925,0.07298907388766274
0.4,0.2,0.7,0.3,0.5093589,49925,0.082229062175831
0.4,0.3,0.8,0.7,0.50936145,49925,0.08084741145468873
0.5,0.2,0.4,0.8,0.50944227,49925,0.07615115215446443
0.8,0.2,0.8,0.3,0.50954336,49925,0.07979165742954461
0.7,0.2,0.7,0.4,0.5095675,49925,0.0794792514024349
0.1,0.3,0.5,0.9,0.5096058,49925,0.0768908231299919
0.5,0.1,0.2,0.5,0.50960976,49925,0.07245712918678912
0.8,0.2,0.6,0.6,0.5096211,49925,0.07710701177536619
0.4,0.1,0.3,0.3,0.5096211,49925,0.07710701177536619
0.1,0.3,0.6,0.8,0.5096248,49925,0.07828413949425395
0.9,0.1,0.5,0.1,0.5096957,49925,0.07411477913481403
0.8,0.3,0.8,0.9,0.5097098,49925,0.07842525036295304
0.4,0.3,0.9,0.6,0.50978976,49925,0.08169908656549692
0.6,0.3,0.8,0.8,0.5098252,49925,0.07975616866266687
0.5,0.3,0.7,0.9,0.50992787,49925,0.07905526810244042
0.1,0.3,0.7,0.7,0.5099927,49925,0.07941927912378836
0.1,0.3,0.8,0.6,0.51000756,49925,0.08033068817684415
0.7,0.3,0.9,0.7,0.51006466,49925,0.08022431318091436
0.2,0.1,0.4,0.1,0.5101322,49925,0.08315515587255344
0.4,0.2,0.8,0.2,0.5101322,49925,0.08315515587255344
0.3,0.3,0.7,0.8,0.51013887,49925,0.07985562391776557
0.5,0.2,0.9,0.1,0.51019543,49925,0.08339004024501998
0.1,0.3,0.9,0.5,0.5102063,49925,0.0811119816809735
0.9,0.2,0.9,0.2,0.5102445,49925,0.07998251241044561
0.4,0.2,0.3,0.9,0.51024836,49925,0.07470170946956872
0.5,0.1,0.1,0.7,0.5102613,49925,0.06841188337439853
0.7,0.2,0.4,0.9,0.5104052,49925,0.07453807625333667
0.6,0.2,0.7,0.4,0.510428,49925,0.08027345393676362
0.9,0.3,0.9,0.8,0.51043,49925,0.07885880812810857
0.9,0.2,0.7,0.5,0.5104309,49925,0.07759222192166153
0.8,0.2,0.5,0.8,0.51044065,49925,0.07544745765150095
0.7,0.2,0.8,0.3,0.5104593,49925,0.08059744541486956
0.3,0.3,0.8,0.7,0.51048714,49925,0.0808820574021239
0.2,0.2,0.5,0.5,0.51050013,49925,0.08037470092519655
0.3,0.2,0.4,0.7,0.5105177,49925,0.0776942887414259
0.6,0.1,0.3,0.4,0.51052403,49925,0.07394663194418534
0.6,0.2,0.5,0.7,0.5105417,49925,0.07715935824227003
0.2,0.2,0.2,0.9,0.5105456,49925,0.07295409118160068
0.7,0.1,0.1,0.8,0.5105778,49925,0.0665069624785734
0.4,0.2,0.5,0.6,0.51058465,49925,0.0790178181744955
0.7,0.1,0.2,0.6,0.5105902,49925,0.07003445846064572
0.3,0.2,0.7,0.3,0.5106318,49925,0.08270694437017592
0.6,0.1,0.4,0.2,0.51064795,49925,0.07644937175379905
0.8,0.2,0.9,0.2,0.51070344,49925,0.08075077485778419
0.8,0.1,0.4,0.3,0.51070607,49925,0.07370305603661122
0.5,0.2,0.6,0.5,0.5108185,49925,0.07978115902604506
0.9,0.2,0.6,0.7,0.51083434,49925,0.07612269959622522
0.5,0.3,0.8,0.8,0.5109368,49925,0.08004299406762849
0.1,0.2,0.8,0.1,0.51097614,49925,0.08391234210818549
0.8,0.1,0.5,0.1,0.5110198,49925,0.07551264680262613
0.6,0.2,0.8,0.3,0.5110864,49925,0.08132595754983674
0.2,0.2,0.6,0.4,0.5111,49925,0.0817421746379833
0.1,0.1,0.3,0.2,0.5111,49925,0.0817421746379833
0.3,0.3,0.9,0.6,0.5111,49925,0.08174217463798329
0.7,0.3,0.8,0.9,0.51110154,49925,0.07890944589261004
0.4,0.2,0.9,0.1,0.5111114,49925,0.08394213228929513
0.8,0.3,0.9,0.8,0.51124144,49925,0.07937894075721051
0.6,0.3,0.9,0.7,0.51129866,49925,0.08063710879161082
0.1,0.2,0.3,0.7,0.51130486,49925,0.07579359677235643
0.9,0.1,0.2,0.7,0.5113171,49925,0.06813836078649058
0.5,0.1,0.4,0.2,0.51138103,49925,0.07793517850965082
0.3,0.2,0.8,0.2,0.5114038,49925,0.08354672024919485
0.8,0.1,0.3,0.5,0.5114049,49925,0.07163970884337686
0.7,0.2,0.9,0.2,0.51140976,49925,0.0815237778415372
0.4,0.3,0.7,0.9,0.51146424,49925,0.079231985507037
0.2,0.3,0.6,0.9,0.5115383,49925,0.07839073937494541
0.7,0.2,0.6,0.6,0.5116309,49925,0.07785096820331079
0.2,0.3,0.9,0.6,0.5116807,49925,0.08130165823661221
0.2,0.3,0.8,0.7,0.511686,49925,0.08046863424525151
0.3,0.1,0.1,0.6,0.5118593,49925,0.07064416126992727
0.8,0.2,0.7,0.5,0.511878,49925,0.07834412985343427
0.6,0.2,0.4,0.9,0.5118827,49925,0.07514702679939943
0.2,0.2,0.7,0.3,0.5118951,49925,0.08272073372370722
0.7,0.1,0.5,0.1,0.51191473,49925,0.07693478090347741
0.9,0.1,0.1,0.9,0.51199,49925,0.06498803445007909
0.5,0.3,0.9,0.7,0.5121134,49925,0.0809486637344412
0.9,0.2,0.8,0.4,0.51218975,49925,0.07873971222192597
0.6,0.2,0.9,0.2,0.5122517,49925,0.08221181947003207
0.5,0.2,0.7,0.4,0.51250774,49925,0.08100712740962641
0.6,0.1,0.5,0.1,0.51255006,49925,0.0784163402884253
0.7,0.2,0.5,0.8,0.5126019,49925,0.07611711406639977
0.2,0.3,0.7,0.8,0.5126217,49925,0.07953729651818144
0.3,0.2,0.9,0.1,0.5126217,49925,0.08425037632197344
0.9,0.2,0.5,0.9,0.51264966,49925,0.0745536803792044
0.4,0.2,0.6,0.5,0.51269025,49925,0.08041209569712855
0.8,0.2,0.8,0.4,0.5127283,49925,0.07948848215241615
0.4,0.1,0.4,0.2,0.5127283,49925,0.07948848215241615
0.2,0.2,0.8,0.2,0.51274264,49925,0.08348204166792396
0.1,0.1,0.4,0.1,0.51274264,49925,0.08348204166792396
0.3,0.1,0.3,0.3,0.5127888,49925,0.07858230049358
0.6,0.2,0.6,0.6,0.5127888,49925,0.07858230049358
0.9,0.3,0.9,0.9,0.5127888,49925,0.07858230049357999
0.3,0.2,0.5,0.6,0.5128012,49925,0.07940347186682344
0.4,0.1,0.2,0.5,0.5128787,49925,0.07367787216010122
0.4,0.3,0.8,0.8,0.5128856,49925,0.080220082543532
0.7,0.3,0.9,0.8,0.5128901,49925,0.0798350565364648
0.7,0.1,0.4,0.3,0.51293015,49925,0.07498803929861224
0.2,0.2,0.3,0.8,0.5129676,49925,0.07555729478755722
0.5,0.2,0.5,0.7,0.5129719,49925,0.07781156622125569
0.9,0.1,0.4,0.4,0.51298237,49925,0.07265776097505675
0.9,0.2,0.9,0.3,0.5130372,49925,0.0797507897427254
0.5,0.1,0.3,0.4,0.5130492,49925,0.07524661206092724
0.8,0.2,0.6,0.7,0.5130696,49925,0.07682770277867543
0.4,0.3,0.9,0.7,0.51311034,49925,0.08110951524102761
0.7,0.2,0.7,0.5,0.5131134,49925,0.07910274506428729
0.8,0.1,0.2,0.7,0.5131222,49925,0.06906644259575546
0.6,0.1,0.2,0.6,0.51315147,49925,0.07111111949795988
0.5,0.1,0.5,0.1,0.5131865,49925,0.07989240986638708
0.5,0.2,0.8,0.3,0.5131943,49925,0.0819746482450125
0.4,0.2,0.4,0.8,0.5131989,49925,0.07667211110706101
0.2,0.1,0.2,0.4,0.5131989,49925,0.07667211110706101
0.1,0.2,0.5,0.5,0.5132242,49925,0.07962611596206659
0.1,0.2,0.4,0.6,0.51323247,49925,0.0779613685534708
0.9,0.1,0.5,0.2,0.5133111,49925,0.07438330794246262
0.5,0.2,0.9,0.2,0.5133754,49925,0.08282711824296526
0.6,0.3,0.8,0.9,0.51341546,49925,0.07929386623654394
0.6,0.1,0.1,0.8,0.51354194,49925,0.06738123765339829
0.1,0.2,0.6,0.4,0.5135466,49925,0.08084500059418438
0.8,0.1,0.1,0.9,0.5136762,49925,0.06577522090541091
0.7,0.1,0.3,0.5,0.5138437,49925,0.07268752287853583
0.8,0.2,0.9,0.3,0.5138494,49925,0.08047963131683983
0.3,0.2,0.3,0.9,0.51387686,49925,0.07489048068539007
0.8,0.3,0.9,0.9,0.513896,49925,0.0790510170863015
0.4,0.2,0.7,0.4,0.5139461,49925,0.08152066493441779
0.6,0.3,0.9,0.8,0.51396847,49925,0.08018673516634227
0.4,0.1,0.1,0.7,0.51404047,49925,0.06931223652478932
0.9,0.2,0.6,0.8,0.5140842,49925,0.0759071869372684
0.1,0.2,0.7,0.3,0.5141079,49925,0.08182800914662718
0.7,0.2,0.8,0.4,0.51413536,49925,0.08024126467730419
0.5,0.3,0.8,0.9,0.5142762,49925,0.07953061121102799
0.9,0.1,0.3,0.6,0.5142996,49925,0.07070608022124042
0.3,0.3,0.9,0.7,0.5143119,49925,0.08101865418774164
0.3,0.2,0.6,0.5,0.514337,49925,0.08079683698124118
0.2,0.2,0.4,0.7,0.5143528,49925,0.07768576124048844
0.3,0.3,0.7,0.9,0.5143749,49925,0.07920230306636607
0.9,0.2,0.7,0.6,0.5144288,49925,0.07738426994372291
0.4,0.1,0.5,0.1,0.51456004,49925,0.08128126503584698
0.1,0.3,0.8,0.7,0.51458865,49925,0.07943253957578644
0.5,0.2,0.4,0.9,0.5145891,49925,0.07566178726490026
0.1,0.3,0.6,0.9,0.5145917,49925,0.07732242674923386
0.8,0.1,0.5,0.2,0.51461846,49925,0.07561330476811828
0.8,0.2,0.5,0.9,0.51462686,49925,0.07518947223655947
0.6,0.2,0.5,0.8,0.5146356,49925,0.07673496117202597
0.3,0.3,0.8,0.8,0.5146482,49925,0.08017754907778786
0.5,0.2,0.6,0.6,0.5146607,49925,0.07926810357582652
0.6,0.2,0.7,0.5,0.5146755,49925,0.07981071704329187
0.4,0.2,0.8,0.3,0.5146797,49925,0.08249005669099127
0.2,0.2,0.9,0.1,0.5146899,49925,0.08418052493704956
0.7,0.2,0.9,0.3,0.51477814,49925,0.08112895477401172
0.5,0.3,0.9,0.8,0.5149806,49925,0.08042391740665245
0.9,0.2,0.8,0.5,0.5149837,49925,0.07848915674894766
0.7,0.2,0.6,0.7,0.5150367,49925,0.07749672519822982
0.1,0.3,0.7,0.8,0.51505095,49925,0.07848796398554546
0.1,0.3,0.9,0.6,0.5150677,49925,0.0801980871490528
0.8,0.2,0.7,0.6,0.5152601,49925,0.07806349064804953
0.4,0.2,0.9,0.2,0.5153107,49925,0.08325416882490914
0.3,0.1,0.4,0.2,0.51531595,49925,0.08088690135413441
0.6,0.2,0.8,0.4,0.51531595,49925,0.08088690135413441
0.6,0.1,0.4,0.3,0.51534706,49925,0.07626726965325607
0.4,0.2,0.5,0.7,0.51550305,49925,0.0783362018381613
0.8,0.1,0.4,0.4,0.51551837,49925,0.07377476725756461
0.9,0.2,0.9,0.4,0.51563215,49925,0.07948332265513934
0.2,0.3,0.9,0.7,0.51566154,49925,0.08048790274412994
0.2,0.2,0.6,0.5,0.5157493,49925,0.0806700759821835
0.3,0.1,0.2,0.5,0.5157795,49925,0.07474600010473609
0.3,0.2,0.7,0.4,0.51589084,49925,0.0818771982062228
0.6,0.2,0.9,0.3,0.5159399,49925,0.08174870984100956
0.4,0.3,0.8,0.9,0.51605487,49925,0.07963699136479713
0.3,0.2,0.8,0.3,0.5161303,49925,0.08274094056672525
0.7,0.1,0.2,0.7,0.5161383,49925,0.06997457720564361
0.7,0.3,0.9,0.9,0.5161451,49925,0.07943674113967682
0.9,0.1,0.6,0.1,0.5161594,49925,0.07602419778985466
0.9,0.1,0.2,0.8,0.516196,49925,0.06819603584536059
0.2,0.2,0.7,0.4,0.5161964,49925,0.08170190504888457
0.3,0.2,0.4,0.8,0.51620907,49925,0.07692082363894648
0.7,0.1,0.1,0.9,0.51627177,49925,0.0665416152930234
0.5,0.2,0.7,0.5,0.51629215,49925,0.08042645494414184
0.1,0.2,0.2,0.9,0.51630944,49925,0.07186006043729397
0.2,0.3,0.8,0.8,0.516333,49925,0.07969492578188347
0.1,0.2,0.8,0.2,0.5163732,49925,0.08267768124209537
0.2,0.3,0.7,0.9,0.516421,49925,0.07874774860354214
0.1,0.1,0.1,0.5,0.516487,49925,0.0720769554925698
0.3,0.1,0.5,0.1,0.5165201,49925,0.08249100676787147
0.3,0.2,0.9,0.2,0.5165503,49925,0.08340629814437005
0.6,0.2,0.6,0.7,0.5165511,49925,0.07814505586912758
0.7,0.1,0.5,0.2,0.5165994,49925,0.07686743233967461
0.2,0.2,0.5,0.6,0.51660675,49925,0.07937459593071972
0.4,0.3,0.9,0.8,0.5166424,49925,0.08051343090372101
0.8,0.2,0.8,0.5,0.5166729,49925,0.07916804535673305
0.9,0.2,0.7,0.7,0.516713,49925,0.07713737058595102
0.7,0.2,0.5,0.9,0.51672554,49925,0.07577267105665653
0.8,0.2,0.6,0.8,0.51675105,49925,0.07655788101210716
0.4,0.1,0.3,0.4,0.51675105,49925,0.07655788101210716
0.5,0.1,0.1,0.8,0.5167819,49925,0.0681998150630548
0.5,0.1,0.2,0.6,0.5167837,49925,0.07219632328261504
0.7,0.2,0.7,0.6,0.5167898,49925,0.0787480775155322
0.6,0.1,0.3,0.5,0.51680195,49925,0.07378365931887135
0.8,0.1,0.6,0.1,0.51684713,49925,0.07724914245398361
0.5,0.2,0.5,0.8,0.5168654,49925,0.07727305380687965
0.6,0.3,0.9,0.9,0.51703125,49925,0.07971626137187517
0.4,0.2,0.6,0.6,0.51703125,49925,0.07971626137187515
0.2,0.1,0.3,0.3,0.51703125,49925,0.07971626137187515
0.8,0.2,0.9,0.4,0.5170466,49925,0.08016275356283764
0.8,0.1,0.3,0.6,0.5171792,49925,0.07164372774776173
0.7,0.1,0.6,0.1,0.5173206,49925,0.07850346488332782
0.9,0.1,0.4,0.5,0.5173993,49925,0.07272696598910157
0.5,0.2,0.8,0.4,0.51743406,49925,0.08142962278195522
0.9,0.1,0.5,0.3,0.5174643,49925,0.0745317402064741
0.2,0.1,0.1,0.6,0.5175672,49925,0.07121916768346084
0.6,0.1,0.5,0.2,0.5175988,49925,0.07817204400546539
0.1,0.2,0.3,0.8,0.5176044,49925,0.0746144599606255
0.7,0.2,0.8,0.5,0.5176495,49925,0.07980493953103054
0.5,0.1,0.4,0.3,0.5176747,49925,0.0775726135342501
0.3,0.3,0.9,0.8,0.51770264,49925,0.08032525706430507
0.9,0.2,0.6,0.9,0.517795,49925,0.07568067207228125
0.2,0.2,0.8,0.3,0.5178947,49925,0.08248838567686903
0.4,0.2,0.4,0.9,0.51797783,49925,0.07603108029479344
0.6,0.2,0.7,0.6,0.51801145,49925,0.07936664846377732
0.3,0.2,0.5,0.7,0.51804507,49925,0.07860563293976355
0.5,0.2,0.9,0.3,0.51811814,49925,0.08226723201366722
0.7,0.1,0.4,0.4,0.51816344,49925,0.0748608601704456
0.7,0.2,0.9,0.4,0.5182696,49925,0.08078342459333948
0.5,0.3,0.9,0.9,0.5183845,49925,0.07992609767017368
0.9,0.2,0.8,0.6,0.51842296,49925,0.07820928126218121
0.8,0.1,0.2,0.8,0.5184756,49925,0.06905453749027846
0.3,0.3,0.8,0.9,0.51850295,49925,0.07951136873108905
0.6,0.1,0.6,0.1,0.51852393,49925,0.07974726920558971
0.7,0.2,0.6,0.8,0.51852757,49925,0.07716296775436109
0.1,0.2,0.9,0.1,0.5185288,49925,0.08336263798016397
0.4,0.2,0.7,0.5,0.5185691,49925,0.08090140109510344
0.4,0.2,0.8,0.4,0.5187172,49925,0.0818340697573479
0.2,0.1,0.4,0.2,0.5187172,49925,0.0818340697573479
0.8,0.2,0.7,0.7,0.5188207,49925,0.07776628498059544
0.6,0.2,0.5,0.9,0.5189511,49925,0.07631185980855469
0.2,0.2,0.3,0.9,0.5189713,49925,0.07463077139783983
0.5,0.1,0.5,0.2,0.51898354,49925,0.07944784810260677
0.2,0.2,0.9,0.2,0.5190868,49925,0.08317165494399319
0.9,0.2,0.9,0.5,0.5190936,49925,0.07918424292714007
0.5,0.1,0.3,0.5,0.5191434,49925,0.07489254563622942
0.5,0.2,0.6,0.7,0.5192071,49925,0.0787186980486621
0.1,0.2,0.4,0.7,0.5192182,49925,0.07670376593790552
0.3,0.1,0.1,0.7,0.5192596,49925,0.07002179297266987
0.6,0.1,0.1,0.9,0.5192846,49925,0.06730880191376032
0.1,0.3,0.8,0.8,0.5192919,49925,0.07856926931559476
0.6,0.1,0.2,0.7,0.5193434,49925,0.07093473995915704
0.1,0.3,0.7,0.9,0.5193597,49925,0.0775701584102019
0.4,0.2,0.9,0.3,0.51936007,49925,0.08259206663700507
0.1,0.3,0.9,0.7,0.5194284,49925,0.0793317064639541
0.7,0.1,0.3,0.6,0.5194479,49925,0.07259136588309022
0.6,0.2,0.8,0.5,0.5194657,49925,0.08040160179029741
0.8,0.1,0.5,0.3,0.51953256,49925,0.0756056281857592
0.6,0.2,0.9,0.4,0.51955426,49925,0.08130414831951517
0.9,0.1,0.6,0.2,0.51960534,49925,0.07611039755591142
0.9,0.1,0.3,0.7,0.5196268,49925,0.07074633875783376
0.8,0.2,0.6,0.9,0.51968485,49925,0.0762630821971003
0.2,0.2,0.4,0.8,0.5196891,49925,0.07666458126791968
0.1,0.1,0.2,0.4,0.5196891,49925,0.07666458126791968
0.8,0.2,0.8,0.6,0.51984185,49925,0.07883904332309066
0.4,0.1,0.4,0.3,0.51984185,49925,0.07883904332309066
0.2,0.1,0.5,0.1,0.5198732,49925,0.08320546112967446
0.9,0.2,0.7,0.8,0.5200385,49925,0.07687888793528097
0.3,0.2,0.6,0.6,0.5200872,49925,0.07994653516388842
0.1,0.2,0.5,0.6,0.5201057,49925,0.07836510382030704
0.7,0.2,0.7,0.7,0.5202118,49925,0.07835782522056856
0.5,0.1,0.6,0.1,0.5202159,49925,0.08090577012419012
0.8,0.1,0.4,0.5,0.5202333,49925,0.07367933313607168
0.8,0.2,0.9,0.5,0.52040005,49925,0.07981059257884361
0.1,0.2,0.6,0.5,0.5204744,49925,0.0796226484109832
0.3,0.2,0.7,0.5,0.52047825,49925,0.08104204971206738
0.2,0.3,0.9,0.8,0.52047884,49925,0.07973289155262571
0.6,0.1,0.4,0.4,0.52048653,49925,0.0760237291567535
0.1,0.2,0.7,0.4,0.52054036,49925,0.08063799749609417
0.4,0.1,0.5,0.2,0.52073246,49925,0.08063770987041828
0.4,0.2,0.5,0.8,0.52073866,49925,0.07767278874602708
0.5,0.2,0.7,0.6,0.5207637,49925,0.07987196420878882
0.4,0.1,0.2,0.6,0.52076805,49925,0.07318477296651732
0.3,0.2,0.8,0.4,0.52079195,49925,0.08194343639430197
0.2,0.3,0.8,0.9,0.5208642,49925,0.0789458497646131
0.7,0.1,0.2,0.8,0.5209636,49925,0.06988180009211073
0.8,0.1,0.6,0.2,0.5210614,49925,0.07719453992811576
0.9,0.1,0.2,0.9,0.52107525,49925,0.06825764466642625
0.4,0.3,0.9,0.9,0.5210851,49925,0.07993746642551196
0.9,0.1,0.7,0.1,0.5211384,49925,0.07749462833838756
0.7,0.2,0.8,0.6,0.52117014,49925,0.07941594143099114
0.7,0.2,0.9,0.5,0.52117544,49925,0.08035161326464506
0.5,0.2,0.8,0.5,0.5212945,49925,0.0808633839968218
0.7,0.1,0.5,0.3,0.52129716,49925,0.07672085280670315
0.6,0.2,0.6,0.8,0.5214188,49925,0.07768701984517631
0.3,0.1,0.3,0.4,0.5214188,49925,0.07768701984517631
0.8,0.1,0.7,0.1,0.5214332,49925,0.0785426054424204
0.9,0.1,0.5,0.4,0.52158433,49925,0.07450650347634317
0.4,0.1,0.1,0.8,0.5216092,49925,0.06888417509793719
0.3,0.2,0.9,0.3,0.52162385,49925,0.08263104000314844
0.4,0.1,0.6,0.1,0.52165055,49925,0.08195392111025433
0.9,0.2,0.8,0.7,0.52169245,49925,0.07793545543397057
0.2,0.2,0.5,0.7,0.52171004,49925,0.07837966032937967
0.1,0.2,0.8,0.3,0.52171206,49925,0.08147272411933525
0.5,0.2,0.5,0.9,0.52176994,49925,0.07674586803388612
0.2,0.2,0.7,0.5,0.52186143,49925,0.0807101954462146
0.6,0.2,0.7,0.7,0.5219503,49925,0.07889703760664878
0.2,0.2,0.6,0.6,0.5219596,49925,0.07967500570005324
0.1,0.1,0.3,0.3,0.5219596,49925,0.07967500570005324
0.3,0.3,0.9,0.9,0.5219596,49925,0.07967500570005324
0.3,0.2,0.4,0.9,0.521989,49925,0.07612960698081045
0.4,0.2,0.6,0.7,0.5219914,49925,0.07904970939614364
0.9,0.1,0.4,0.6,0.52208006,49925,0.07270588616290273
0.7,0.1,0.6,0.2,0.5221606,49925,0.07829606675287051
0.7,0.2,0.6,0.9,0.52219266,49925,0.07677792411341801
0.8,0.2,0.7,0.8,0.522201,49925,0.07743788651988803
0.9,0.2,0.9,0.6,0.5222695,49925,0.07889743893902464
0.5,0.2,0.9,0.4,0.5223346,49925,0.08170258032501418
0.8,0.1,0.3,0.7,0.5225629,49925,0.07160104859071967
0.6,0.1,0.3,0.6,0.52259827,49925,0.0735635596520786
0.4,0.2,0.7,0.6,0.52261984,49925,0.08021204823233885
0.5,0.1,0.2,0.7,0.52273136,49925,0.07184095369891756
0.3,0.1,0.4,0.3,0.5227528,49925,0.07992831085304286
0.6,0.2,0.8,0.6,0.5227528,49925,0.07992831085304286
0.7,0.1,0.4,0.5,0.5227908,49925,0.0746878657169551
0.7,0.1,0.7,0.1,0.5228487,49925,0.07963205113942866
0.6,0.1,0.5,0.3,0.52288556,49925,0.07787637441559075
0.1,0.1,0.4,0.2,0.523058,49925,0.08151443737508338
0.2,0.2,0.8,0.4,0.523058,49925,0.08151443737508338
0.5,0.1,0.4,0.4,0.5232606,49925,0.07710841427139223
0.5,0.1,0.1,0.9,0.5233421,49925,0.06796385531632482
0.4,0.2,0.9,0.4,0.52335197,49925,0.08194001899970126
0.2,0.1,0.2,0.5,0.52338034,49925,0.07542398235255382
0.1,0.2,0.9,0.2,0.52340657,49925,0.0821609433688221
0.6,0.1,0.6,0.2,0.5234265,49925,0.07942186949668195
0.1,0.3,0.9,0.8,0.5234315,49925,0.07850585676532298
0.1,0.2,0.3,0.9,0.5234558,49925,0.07343503820525274
0.1,0.3,0.8,0.9,0.52347124,49925,0.07769098529626746
0.2,0.2,0.9,0.3,0.5235376,49925,0.08222610173562914
0.3,0.2,0.5,0.8,0.52357996,49925,0.07777616921727268
0.8,0.1,0.5,0.4,0.5236751,49925,0.07549911679798994
0.4,0.1,0.3,0.5,0.52372503,49925,0.07593920026663081
0.9,0.2,0.7,0.9,0.5237382,49925,0.07662459958048591
0.4,0.2,0.8,0.5,0.52377003,49925,0.08117336674488781
0.8,0.2,0.9,0.6,0.52378917,49925,0.07943551186485144
0.3,0.1,0.6,0.1,0.5238017,49925,0.0827462376934595
0.8,0.1,0.2,0.9,0.52382034,49925,0.06900336781063747
0.8,0.2,0.8,0.7,0.5238232,49925,0.07848612930620964
0.5,0.2,0.6,0.8,0.523829,49925,0.07812087454042684
0.6,0.1,0.7,0.1,0.52384955,49925,0.08065191143557618
0.7,0.2,0.7,0.8,0.52399206,49925,0.07797258768978872
0.6,0.2,0.9,0.5,0.52402925,49925,0.08083763859660312
0.5,0.1,0.5,0.3,0.52407604,49925,0.07893518398577808
0.5,0.2,0.7,0.7,0.52422506,49925,0.07930446970558427
0.9,0.1,0.6,0.3,0.5243005,49925,0.0760582057680467
0.3,0.1,0.5,0.2,0.52433574,49925,0.08157702526136343
0.9,0.1,0.8,0.1,0.52434254,49925,0.07858030370830385
0.3,0.1,0.2,0.6,0.5245497,49925,0.07395336386891539
0.7,0.2,0.8,0.7,0.5246424,49925,0.07901324216003609
0.2,0.2,0.4,0.9,0.5246693,49925,0.07572656027468601
0.9,0.1,0.3,0.8,0.5247875,49925,0.07074229683291791
0.9,0.1,0.7,0.2,0.5248466,49925,0.0774198776566546
0.8,0.1,0.4,0.6,0.5248587,49925,0.07357030254528721
0.6,0.1,0.2,0.8,0.5249478,49925,0.07069565647526357
0.2,0.3,0.9,0.9,0.5249677,49925,0.07902580055587018
0.9,0.2,0.8,0.8,0.5250612,49925,0.07765234045636168
0.5,0.1,0.6,0.2,0.52506226,49925,0.08042338868506595
0.7,0.2,0.9,0.6,0.5251066,49925,0.07991813275846323
0.6,0.1,0.4,0.5,0.5251218,49925,0.07571072373216817
0.9,0.1,0.5,0.5,0.52513325,49925,0.07443244904034411
0.4,0.2,0.5,0.9,0.52513504,49925,0.0770191370721246
0.3,0.2,0.6,0.7,0.52519333,49925,0.07914583757405519
0.6,0.2,0.6,0.9,0.5252015,49925,0.07722240003250684
0.3,0.2,0.7,0.6,0.52529037,49925,0.08021584202733215
0.8,0.1,0.7,0.2,0.52534723,49925,0.0784291010581294
0.9,0.2,0.9,0.7,0.52543044,49925,0.0786047812501539
0.5,0.1,0.7,0.1,0.52543116,49925,0.08157326776471828
0.8,0.1,0.8,0.1,0.5254802,49925,0.0795227589509091
0.8,0.1,0.6,0.3,0.5254938,49925,0.0770318850407966
0.1,0.2,0.4,0.8,0.5255145,49925,0.07551663671097952
0.7,0.1,0.3,0.7,0.5255324,49925,0.07244658554810725
0.8,0.2,0.7,0.9,0.5255716,49925,0.07710398954244166
0.5,0.2,0.8,0.6,0.52562356,49925,0.08032682431871686
0.1,0.1,0.5,0.1,0.52562785,49925,0.08281714538645586
0.7,0.1,0.5,0.4,0.5256422,49925,0.07649813413496358
0.5,0.1,0.3,0.6,0.52575636,49925,0.07448626755945796
0.1,0.2,0.5,0.7,0.5258437,49925,0.07717302236986343
0.3,0.2,0.8,0.5,0.52605474,49925,0.08111332945866305
0.6,0.2,0.7,0.8,0.5261442,49925,0.0784510543906839
0.9,0.1,0.4,0.7,0.52618474,49925,0.07263358688852178
0.5,0.2,0.9,0.5,0.52619195,49925,0.08115700818460847
0.7,0.1,0.7,0.2,0.5263066,49925,0.07936672001288686
0.2,0.1,0.1,0.7,0.52633476,49925,0.070182993938258
0.6,0.2,0.8,0.7,0.5264342,49925,0.07943658255048422
0.7,0.1,0.8,0.1,0.5265679,49925,0.08041655343591142
0.7,0.1,0.2,0.9,0.5265976,49925,0.06972170632587621
0.8,0.2,0.8,0.8,0.5266941,49925,0.07816084358422437
0.4,0.1,0.4,0.4,0.5266941,49925,0.07816084358422437
0.1,0.2,0.7,0.5,0.5267018,49925,0.07945101227563549
0.4,0.2,0.6,0.8,0.5267653,49925,0.0783918319128499
0.2,0.1,0.3,0.4,0.5267653,49925,0.0783918319128499
0.3,0.2,0.9,0.4,0.52676845,49925,0.08186745723082806
0.7,0.1,0.6,0.3,0.5267978,49925,0.07804655808587271
0.8,0.2,0.9,0.7,0.526836,49925,0.0791139777827355
0.3,0.1,0.1,0.8,0.52684665,49925,0.06934882602764146
0.1,0.1,0.1,0.6,0.52684915,49925,0.07041980455433347
0.1,0.2,0.6,0.6,0.5268496,49925,0.07847501080673712
0.4,0.1,0.6,0.2,0.52696663,49925,0.08126758394874546
0.4,0.1,0.5,0.3,0.5271114,49925,0.07989773540894188
0.4,0.1,0.2,0.7,0.5271122,49925,0.07264216933159595
0.4,0.1,0.7,0.1,0.5272802,49925,0.08228473475297292
0.4,0.1,0.1,0.9,0.52740246,49925,0.06847659256112452
0.2,0.2,0.5,0.8,0.5274494,49925,0.0774150763714451
0.7,0.1,0.4,0.6,0.5275037,49925,0.07445945368541987
0.8,0.1,0.5,0.5,0.52751786,49925,0.07534145950635848
0.4,0.2,0.7,0.7,0.52753955,49925,0.07953046477769436
0.8,0.1,0.3,0.8,0.5275802,49925,0.07149680182774029
0.9,0.1,0.9,0.1,0.52761745,49925,0.07941177449921824
0.6,0.2,0.9,0.6,0.5276588,49925,0.08034070720279574
0.6,0.1,0.5,0.4,0.5276725,49925,0.07747615434285399
0.9,0.1,0.8,0.2,0.5277121,49925,0.07847262686966089
0.1,0.3,0.9,0.9,0.52775866,49925,0.07765993320497744
0.4,0.2,0.8,0.6,0.5278228,49925,0.08048598105922274
0.2,0.1,0.4,0.3,0.5278228,49925,0.08048598105922274
0.4,0.2,0.9,0.5,0.52793473,49925,0.08132367122292429
0.7,0.2,0.8,0.8,0.52793723,49925,0.07859719930935997
0.3,0.2,0.5,0.9,0.5279397,49925,0.07699321436066327
0.2,0.2,0.8,0.5,0.527959,49925,0.080594882959662
0.6,0.1,0.6,0.3,0.52799565,49925,0.07898602896615838
0.6,0.1,0.8,0.1,0.5280055,49925,0.08124021063779295
0.1,0.2,0.8,0.4,0.52809703,49925,0.0803193831103385
0.6,0.1,0.7,0.2,0.52810574,49925,0.08024559919987183
0.7,0.2,0.7,0.9,0.5281058,49925,0.07756856364721795
0.6,0.1,0.3,0.7,0.5281205,49925,0.07328648563587346
0.5,0.2,0.6,0.9,0.52812076,49925,0.07756453339422856
0.9,0.1,0.6,0.4,0.5281335,49925,0.07595053271682513
0.9,0.2,0.8,0.9,0.52813613,49925,0.0773727751118546
0.3,0.1,0.3,0.5,0.52818346,49925,0.07676679857566213
0.2,0.2,0.6,0.7,0.5281864,49925,0.07872204243104075
0.9,0.1,0.7,0.3,0.52829105,49925,0.07727317133393662
0.2,0.2,0.7,0.6,0.52830034,49925,0.07976724792610349
0.5,0.1,0.2,0.8,0.52832353,49925,0.07146385149099097
0.2,0.1,0.5,0.2,0.5283417,49925,0.08193968159776235
0.9,0.2,0.9,0.8,0.52840734,49925,0.07829101934636405
0.5,0.1,0.4,0.5,0.5285635,49925,0.07665551324227116
0.8,0.1,0.8,0.2,0.528625,49925,0.07927994853993656
0.7,0.2,0.9,0.7,0.5286677,49925,0.07950757530702622
0.2,0.2,0.9,0.4,0.52876747,49925,0.08128766676346154
0.8,0.1,0.4,0.7,0.52878433,49925,0.0734176419037438
0.8,0.1,0.9,0.1,0.52887344,49925,0.08020843256852338
0.5,0.2,0.7,0.8,0.52887857,49925,0.07874835682005858
0.2,0.1,0.6,0.1,0.52895004,49925,0.0830033319638652
0.9,0.1,0.5,0.6,0.5290616,49925,0.07430082630291526
0.8,0.1,0.7,0.3,0.52913594,49925,0.0781544417151548
0.9,0.1,0.3,0.9,0.5292622,49925,0.07066533497438435
0.5,0.1,0.8,0.1,0.5293172,49925,0.08188610996775822
0.5,0.2,0.8,0.7,0.5293281,49925,0.07972618610988287
0.6,0.1,0.2,0.9,0.5293428,49925,0.0704279984815871
0.1,0.2,0.9,0.3,0.52934706,49925,0.08107087513798433
0.8,0.1,0.6,0.4,0.5294475,49925,0.07684788741757445
0.7,0.1,0.5,0.5,0.52952135,49925,0.0762503954427275
0.8,0.2,0.9,0.8,0.5295462,49925,0.07871019404210566
0.7,0.1,0.3,0.8,0.5296374,49925,0.07223942937591964
0.3,0.2,0.8,0.6,0.5297515,49925,0.08034337281093001
0.5,0.1,0.7,0.2,0.529759,49925,0.08097908132502268
0.6,0.2,0.7,0.9,0.5298006,49925,0.07793902525437776
0.7,0.1,0.9,0.1,0.52986217,49925,0.08096804131644357
0.6,0.1,0.4,0.6,0.52987236,49925,0.07530151076085363
0.5,0.2,0.9,0.6,0.5299092,49925,0.08059876375738645
0.3,0.2,0.6,0.8,0.5299296,49925,0.07833539086773683
0.5,0.1,0.6,0.3,0.5299952,49925,0.07987490153174366
0.5,0.1,0.5,0.4,0.5300129,49925,0.07839939580772519
0.8,0.2,0.8,0.9,0.530096,49925,0.07779178588398715
0.7,0.1,0.6,0.4,0.53016174,49925,0.07771338320127608
0.6,0.2,0.8,0.8,0.53021765,49925,0.07894505903308965
0.3,0.1,0.4,0.4,0.53021765,49925,0.07894505903308965
0.1,0.1,0.2,0.5,0.5302193,49925,0.07480731970626729
0.9,0.1,0.4,0.8,0.53022426,49925,0.07250456540456833
0.3,0.2,0.7,0.7,0.5302616,49925,0.07945442614676054
0.7,0.1,0.8,0.2,0.5303288,49925,0.0800995658703298
0.7,0.1,0.7,0.3,0.53056514,49925,0.07901421298830971
0.4,0.1,0.3,0.6,0.5306809,49925,0.0752978793508094
0.1,0.2,0.4,0.9,0.530689,49925,0.07438886924168964
0.3,0.2,0.9,0.5,0.5307268,49925,0.08108425309284872
0.9,0.1,0.9,0.2,0.5307776,49925,0.07920868941140637
0.9,0.1,0.6,0.5,0.5309255,49925,0.0758218587315876
0.7,0.1,0.4,0.7,0.5310777,49925,0.07418014570443444
0.9,0.1,0.8,0.3,0.5311848,49925,0.07824363170961861
0.4,0.2,0.6,0.9,0.5312062,49925,0.0777355891427812
0.2,0.1,0.2,0.6,0.53122056,49925,0.07423363100206679
0.6,0.2,0.9,0.7,0.5312712,49925,0.07982035695249613
0.3,0.1,0.5,0.3,0.5314607,49925,0.08061419296083583
0.1,0.2,0.5,0.8,0.5314642,49925,0.07604112711636661
0.9,0.1,0.7,0.4,0.5314995,49925,0.07710653022271506
0.3,0.1,0.7,0.1,0.5315249,49925,0.08271676934209975
0.3,0.1,0.6,0.2,0.5315366,49925,0.08180514486809902
0.8,0.1,0.3,0.9,0.53158957,49925,0.07135644684141638
0.7,0.2,0.8,0.9,0.53160036,49925,0.07819255752044149
0.8,0.1,0.5,0.6,0.531606,49925,0.07511940594792686
0.6,0.1,0.9,0.1,0.53162307,49925,0.08156788530258358
0.7,0.2,0.9,0.8,0.5316377,49925,0.07907969928711442
0.5,0.1,0.3,0.7,0.5316647,49925,0.07402168268512566
0.3,0.1,0.2,0.7,0.53173363,49925,0.07314342655154525
0.9,0.2,0.9,0.9,0.5319052,49925,0.0779785005303398
0.4,0.2,0.8,0.7,0.5319211,49925,0.07983727333563269
0.6,0.1,0.8,0.2,0.53194666,49925,0.0807874336529237
0.4,0.2,0.9,0.6,0.53207767,49925,0.08063529111442419
0.1,0.2,0.6,0.7,0.53215146,49925,0.0773279177366706
0.8,0.1,0.8,0.3,0.53224003,49925,0.0789920027111501
0.2,0.2,0.5,0.9,0.5322926,49925,0.07644663646201126
0.4,0.2,0.7,0.8,0.53229535,49925,0.07888548368163309
0.6,0.1,0.3,0.8,0.5323139,49925,0.07292561929523807
0.4,0.1,0.2,0.8,0.5324064,49925,0.07204590849225073
0.8,0.1,0.9,0.2,0.5324839,49925,0.079936731566547
0.6,0.1,0.5,0.5,0.5324871,49925,0.07706118150143532
0.8,0.1,0.6,0.5,0.5325298,49925,0.07661765768667647
0.9,0.1,0.5,0.7,0.5327738,49925,0.07412802197966267
0.5,0.2,0.7,0.9,0.5328174,49925,0.07817867430861786
0.8,0.2,0.9,0.9,0.53284085,49925,0.07834319757505252
0.6,0.1,0.7,0.3,0.53290707,49925,0.0798062297894702
0.2,0.2,0.8,0.6,0.5330293,49925,0.07968258477538584
0.1,0.1,0.4,0.3,0.5330293,49925,0.07968258477538584
0.4,0.1,0.4,0.5,0.53310543,49925,0.07744094405249992
0.8,0.1,0.4,0.8,0.5331136,49925,0.07320761009840852
0.8,0.1,0.7,0.4,0.5331188,49925,0.0778855546819517
0.1,0.2,0.7,0.6,0.53316736,49925,0.07834949294615841
0.6,0.1,0.6,0.4,0.53318757,49925,0.07851914820502041
0.5,0.2,0.9,0.7,0.53327847,49925,0.08002453947670277
0.1,0.1,0.3,0.4,0.5333073,49925,0.07777557348499574
0.2,0.2,0.6,0.8,0.5333073,49925,0.07777557348499574
0.2,0.2,0.7,0.7,0.533309,49925,0.07886586818924934
0.4,0.1,0.8,0.1,0.5333658,49925,0.08236624660937872
0.2,0.1,0.1,0.8,0.53337175,49925,0.06916686372799302
0.2,0.2,0.9,0.5,0.533436,49925,0.08038463949562247
0.5,0.1,0.2,0.9,0.5334873,49925,0.07104342842099982
0.4,0.1,0.5,0.4,0.5335266,49925,0.07914290250707984
0.7,0.1,0.3,0.9,0.53364897,49925,0.07197025874807482
0.3,0.2,0.8,0.7,0.53371835,49925,0.07959343317895032
0.1,0.2,0.8,0.5,0.53372306,49925,0.07918644326231983
0.5,0.2,0.8,0.8,0.53374004,49925,0.0791587220529188
0.7,0.1,0.9,0.2,0.53385234,49925,0.08058170665785233
0.4,0.1,0.7,0.2,0.53386354,49925,0.08152118925649189
0.4,0.1,0.6,0.3,0.53393406,49925,0.08053707514227884
0.1,0.1,0.5,0.2,0.53394985,49925,0.08103466194607922
0.9,0.1,0.6,0.6,0.5340477,49925,0.07563222746687796
0.3,0.1,0.1,0.9,0.5340776,49925,0.06865413666023715
0.3,0.2,0.9,0.6,0.5340806,49925,0.08032624426798786
0.9,0.1,0.9,0.3,0.534141,49925,0.07896073847120193
0.7,0.1,0.5,0.6,0.5341453,49925,0.07590613595940797
0.6,0.2,0.8,0.9,0.5345198,49925,0.07844722093315606
0.5,0.1,0.9,0.1,0.53455174,49925,0.08204501433339262
0.3,0.2,0.6,0.9,0.5346381,49925,0.0775785359334272
0.5,0.1,0.4,0.6,0.53467584,49925,0.07610587773519792
0.5,0.1,0.8,0.2,0.53472537,49925,0.08127162575345553
0.6,0.2,0.9,0.8,0.5347262,49925,0.0793400302451821
0.9,0.1,0.4,0.9,0.5347584,49925,0.07236799444150503
0.8,0.1,0.5,0.7,0.53479177,49925,0.07485327462941675
0.3,0.2,0.7,0.8,0.53481346,49925,0.07871147163416617
0.7,0.1,0.8,0.3,0.5348352,49925,0.07972776883879493
0.1,0.2,0.9,0.4,0.5348432,49925,0.07995691388218971
0.6,0.1,0.4,0.7,0.5348897,49925,0.07488558623257183
0.7,0.1,0.7,0.4,0.53492653,49925,0.078607459284226
0.9,0.1,0.7,0.5,0.535237,49925,0.07686698637860587
0.5,0.1,0.7,0.3,0.5352785,49925,0.08040381782772896
0.1,0.1,0.1,0.7,0.535285,49925,0.06892924099600577
0.7,0.2,0.9,0.9,0.53534406,49925,0.0786468829480034
0.9,0.1,0.8,0.4,0.53537405,49925,0.07799281266055359
0.9,0.1,0.5,0.8,0.5356764,49925,0.07395386248036975
0.7,0.1,0.6,0.5,0.5357144,49925,0.07736053904479798
0.6,0.1,0.9,0.2,0.535728,49925,0.08107260891267173
0.2,0.1,0.3,0.5,0.5357489,49925,0.0770794774938777
0.4,0.2,0.9,0.7,0.5358331,49925,0.08002096310686312
0.8,0.1,0.9,0.3,0.5358872,49925,0.07962000742450336
0.3,0.1,0.3,0.6,0.53593373,49925,0.07585877251124766
0.5,0.1,0.6,0.4,0.53600526,49925,0.07925351833492425
0.7,0.1,0.4,0.8,0.5360849,49925,0.0738621248263703
0.5,0.1,0.5,0.5,0.5361054,49925,0.07781070321715085
0.2,0.1,0.6,0.2,0.53624076,49925,0.08175500459148706
0.2,0.1,0.5,0.3,0.5362488,49925,0.08068818030368294
0.8,0.1,0.6,0.6,0.5362872,49925,0.07630569642048782
0.6,0.1,0.8,0.3,0.5363622,49925,0.08031382099200354
0.4,0.1,0.3,0.7,0.5365169,49925,0.07463360378224448
0.8,0.1,0.8,0.4,0.5366523,49925,0.07865978412621419
0.1,0.1,0.6,0.1,0.53666496,49925,0.0821006960260393
0.4,0.2,0.7,0.9,0.5367735,49925,0.07823693187016521
0.5,0.1,0.3,0.8,0.5369335,49925,0.07351052470888933
0.5,0.2,0.9,0.8,0.5369501,49925,0.07949370866049887
0.6,0.1,0.7,0.4,0.5369824,49925,0.07927305982588882
0.2,0.1,0.4,0.4,0.5370435,49925,0.07922105642960146
0.4,0.2,0.8,0.8,0.5370435,49925,0.07922105642960146
0.8,0.1,0.4,0.9,0.53705144,49925,0.07297966956227558
0.5,0.2,0.8,0.9,0.5371276,49925,0.07863835680752773
0.8,0.1,0.7,0.5,0.5371629,49925,0.07753125077576017
0.9,0.1,0.6,0.7,0.53724337,49925,0.07536834353998034
0.2,0.2,0.7,0.8,0.53732914,49925,0.07792873059020833
0.1,0.2,0.5,0.9,0.5374213,49925,0.07492300452102202
0.3,0.1,0.5,0.4,0.5374579,49925,0.07964974508135662
0.6,0.1,0.6,0.5,0.53751516,49925,0.07803707821602296
0.3,0.1,0.7,0.2,0.5375164,49925,0.08179638160612458
0.1,0.2,0.6,0.8,0.5375496,49925,0.07625426230321154
0.6,0.1,0.3,0.9,0.5375516,49925,0.07252373982058304
0.6,0.2,0.9,0.9,0.53761524,49925,0.07886197810566807
0.7,0.1,0.9,0.3,0.53770983,49925,0.08019551804193545
0.3,0.1,0.6,0.3,0.5379318,49925,0.0809267707581342
0.2,0.1,0.7,0.1,0.53804815,49925,0.08264343095188849
0.2,0.2,0.8,0.7,0.53805625,49925,0.07879145066034329
0.1,0.2,0.7,0.7,0.5380563,49925,0.07727079152541702
0.9,0.1,0.9,0.4,0.5381462,49925,0.07871162798203923
0.6,0.1,0.5,0.6,0.5381558,49925,0.07660760175120568
0.3,0.1,0.4,0.5,0.53819567,49925,0.07798852079674877
0.7,0.1,0.5,0.7,0.5382091,49925,0.07552046375941285
0.3,0.2,0.9,0.7,0.5382257,49925,0.07962728012003521
0.8,0.1,0.5,0.8,0.5382672,49925,0.07456710494036593
0.2,0.2,0.9,0.6,0.53836113,49925,0.0795335717724397
0.2,0.2,0.6,0.9,0.5383904,49925,0.07686118989445676
0.4,0.1,0.2,0.9,0.53846085,49925,0.07144943843491654
0.9,0.1,0.8,0.5,0.5384675,49925,0.07770415046472952
0.4,0.1,0.9,0.1,0.53847945,49925,0.08237436176238443
0.3,0.1,0.8,0.1,0.538509,49925,0.08258706940735923
0.5,0.1,0.9,0.2,0.53857917,49925,0.08146409547354708
0.4,0.1,0.4,0.6,0.5387206,49925,0.07670673610371417
0.4,0.1,0.8,0.2,0.5388222,49925,0.08162385911857163
0.9,0.1,0.7,0.6,0.53885466,49925,0.07662401019822775
0.7,0.1,0.8,0.4,0.5389068,49925,0.07931706034921035
0.3,0.2,0.8,0.8,0.5389864,49925,0.0788426856245005
0.1,0.2,0.8,0.6,0.5390151,49925,0.0781574868109374
0.9,0.1,0.5,0.9,0.53905666,49925,0.07373688845421547
0.5,0.1,0.4,0.7,0.5391497,49925,0.07553368475319161
0.3,0.1,0.2,0.8,0.5391819,49925,0.0723057479791906
0.2,0.1,0.2,0.7,0.5391853,49925,0.07303077240458951
0.4,0.1,0.7,0.3,0.53937703,49925,0.08084283553410354
0.4,0.2,0.9,0.8,0.53938437,49925,0.07938545929845194
0.3,0.2,0.7,0.9,0.53938913,49925,0.07791683295848642
0.4,0.1,0.5,0.5,0.539504,49925,0.07839256731769242
0.4,0.1,0.6,0.4,0.53954166,49925,0.07977047884423122
0.7,0.1,0.6,0.6,0.5396016,49925,0.0769615903159504
0.1,0.2,0.9,0.5,0.5396025,49925,0.07888602101347324
0.7,0.1,0.7,0.5,0.53968185,49925,0.07822266298625913
0.5,0.1,0.8,0.3,0.53973144,49925,0.08074240932532593
0.8,0.1,0.9,0.4,0.5397606,49925,0.0793153831085086
0.2,0.1,0.1,0.9,0.5398008,49925,0.06819935233678055
0.6,0.1,0.4,0.8,0.53989875,49925,0.0744801932288245
0.6,0.1,0.9,0.3,0.54007727,49925,0.08058163443069392
0.1,0.1,0.2,0.6,0.5401669,49925,0.07312354179150812
0.7,0.1,0.4,0.9,0.540278,49925,0.07353654265111317
0.8,0.1,0.8,0.5,0.54049325,49925,0.07832270029513012
0.8,0.1,0.6,0.7,0.5405594,49925,0.07596786177254969
0.5,0.1,0.7,0.4,0.5406795,49925,0.07980387990052736
0.5,0.1,0.5,0.6,0.54070526,49925,0.07722491509535821
0.9,0.1,0.6,0.8,0.5407185,49925,0.07509749440655253
0.6,0.1,0.8,0.4,0.5407346,49925,0.079787498999325
0.9,0.1,0.9,0.5,0.5408367,49925,0.07841386213695298
0.5,0.1,0.6,0.5,0.5409298,49925,0.07863313684288685
0.4,0.2,0.8,0.9,0.540997,49925,0.07857629525654938
0.8,0.1,0.7,0.6,0.54121673,49925,0.07723919011551245
0.7,0.1,0.9,0.4,0.54127675,49925,0.07974778633919857
0.5,0.2,0.9,0.9,0.5413613,49925,0.07896728227813159
0.6,0.1,0.7,0.5,0.54159224,49925,0.07877908263578023
0.6,0.1,0.5,0.7,0.5417555,49925,0.0761339308084022
0.2,0.1,0.3,0.6,0.5417994,49925,0.07581732444410165
0.9,0.1,0.8,0.6,0.54190046,49925,0.07743517478363326
0.7,0.1,0.5,0.8,0.54211205,49925,0.07516252488956593
0.7,0.1,0.8,0.5,0.54222417,49925,0.07885737936180252
0.9,0.1,0.7,0.7,0.542233,49925,0.07632483080001501
0.5,0.1,0.3,0.9,0.54231524,49925,0.07301832071678739
0.8,0.1,0.5,0.9,0.5424424,49925,0.07423830839649621
0.2,0.2,0.8,0.8,0.54258454,49925,0.07795909129757173
0.1,0.1,0.4,0.4,0.54258454,49925,0.07795909129757173
0.1,0.2,0.6,0.9,0.5425951,49925,0.07519509271988273
0.6,0.1,0.6,0.6,0.5426515,49925,0.07752214782198272
0.1,0.2,0.7,0.8,0.54282385,49925,0.07626114793577925
0.2,0.2,0.9,0.7,0.5428239,49925,0.07872524134805048
0.4,0.1,0.3,0.8,0.54288703,49925,0.07396494465036979
0.2,0.2,0.7,0.9,0.5429539,49925,0.07707018276472992
0.2,0.1,0.5,0.4,0.5429793,49925,0.07944976784407946
0.3,0.1,0.3,0.7,0.54301375,49925,0.0749411318770683
0.3,0.1,0.6,0.4,0.5430341,49925,0.07999199991072074
0.8,0.1,0.9,0.5,0.5430598,49925,0.07892672937925822
0.1,0.1,0.3,0.5,0.5431436,49925,0.07600098452943357
0.7,0.1,0.7,0.6,0.54316926,49925,0.0778062838361789
0.1,0.1,0.1,0.8,0.54317516,49925,0.0675363751208032
0.3,0.1,0.7,0.3,0.5432107,49925,0.08090021002628751
0.3,0.2,0.9,0.8,0.54322803,49925,0.07890024456733133
0.2,0.1,0.6,0.3,0.5432435,49925,0.08055318808356601
0.4,0.2,0.9,0.9,0.5434245,49925,0.07875722913015702
0.1,0.1,0.5,0.3,0.5434408,49925,0.07937225949717062
0.3,0.2,0.8,0.9,0.54357564,49925,0.07814055539168281
0.4,0.1,0.7,0.4,0.54357976,49925,0.08015883256586967
0.1,0.2,0.8,0.7,0.5436624,49925,0.0771603379136318
0.3,0.1,0.8,0.2,0.54367524,49925,0.08169609564696804
0.4,0.1,0.8,0.3,0.54369056,49925,0.08098288850500238
0.8,0.1,0.6,0.8,0.54371214,49925,0.07565659267684328
0.7,0.1,0.6,0.7,0.5437506,49925,0.07655714128648268
0.9,0.1,0.6,0.9,0.54384637,49925,0.0748068716370156
0.5,0.1,0.9,0.3,0.54386955,49925,0.08087504689401274
0.5,0.1,0.8,0.4,0.5440322,49925,0.0801767175803423
0.8,0.1,0.8,0.6,0.5440677,49925,0.07795773378772877
0.4,0.1,0.9,0.2,0.54408574,49925,0.0816599117069723
0.5,0.1,0.4,0.8,0.54419065,49925,0.07495964979024673
0.1,0.2,0.9,0.6,0.5441953,49925,0.07793915070373333
0.6,0.1,0.4,0.9,0.5442715,49925,0.07403838703393903
0.3,0.1,0.9,0.1,0.5443063,49925,0.08235899986295163
0.3,0.1,0.5,0.5,0.5443241,49925,0.07872413726477683
0.6,0.1,0.9,0.4,0.54432803,49925,0.08011876935062844
0.2,0.1,0.7,0.2,0.5443353,49925,0.08148534260464554
0.4,0.1,0.6,0.5,0.54437566,49925,0.07903683608644511
0.2,0.1,0.4,0.5,0.5445221,49925,0.07793590053232091
0.9,0.1,0.9,0.6,0.54457736,49925,0.07809316819328214
0.8,0.1,0.7,0.7,0.5447218,49925,0.076883212853416
0.7,0.1,0.9,0.5,0.54484504,49925,0.07932002336502739
0.5,0.1,0.7,0.5,0.54493254,49925,0.07918200693946473
0.9,0.1,0.8,0.7,0.5449602,49925,0.07712137421183889
0.1,0.1,0.6,0.2,0.544982,49925,0.08051490961531128
0.4,0.1,0.4,0.7,0.5450314,49925,0.07598709704899799
0.2,0.1,0.8,0.1,0.54508764,49925,0.08222920961487706
0.3,0.1,0.4,0.6,0.5451791,49925,0.07706466521458956
0.7,0.1,0.8,0.6,0.5451948,49925,0.0784432522411949
0.9,0.1,0.7,0.8,0.5451954,49925,0.07601212189338802
0.3,0.1,0.2,0.9,0.5452121,49925,0.07150817476875468
0.6,0.1,0.8,0.5,0.54539144,49925,0.0793023618909119
0.7,0.1,0.5,0.9,0.54545987,49925,0.07478763025496171
0.6,0.1,0.7,0.6,0.5457522,49925,0.07825995691638839
0.5,0.1,0.6,0.6,0.5457742,49925,0.07799387675011726
0.4,0.1,0.5,0.6,0.5460578,49925,0.07766098359402095
0.6,0.1,0.5,0.8,0.5460811,49925,0.07567585502386497
0.8,0.1,0.9,0.6,0.54609716,49925,0.07855704726207005
0.5,0.1,0.5,0.7,0.54610884,49925,0.07663164493402344
0.7,0.1,0.7,0.7,0.5463845,49925,0.0773422127477657
0.6,0.1,0.6,0.7,0.54648703,49925,0.07704374995941171
0.2,0.1,0.2,0.8,0.54655814,49925,0.0719212381508459
0.8,0.1,0.6,0.9,0.5468658,49925,0.07534042701211455
0.1,0.1,0.7,0.1,0.54687726,49925,0.08141410933591632
0.3,0.2,0.9,0.9,0.54700655,49925,0.07822869438287317
0.7,0.1,0.6,0.8,0.54709864,49925,0.0761611738741994
0.2,0.2,0.9,0.8,0.54712033,49925,0.07794010026207365
0.8,0.1,0.8,0.7,0.5471932,49925,0.07760863392692284
0.9,0.1,0.9,0.7,0.54762906,49925,0.07775979943900276
0.2,0.2,0.8,0.9,0.5476707,49925,0.0771666416158202
0.4,0.1,0.9,0.3,0.5479596,49925,0.08097979134803154
0.8,0.1,0.7,0.8,0.5479999,49925,0.07652159148705795
0.5,0.1,0.9,0.4,0.5481207,49925,0.08033833536859881
0.1,0.2,0.7,0.9,0.5481299,49925,0.07529988823324073
0.1,0.1,0.2,0.7,0.5481554,49925,0.071571992216373
0.4,0.1,0.8,0.4,0.54817647,49925,0.08027056553288399
0.4,0.1,0.3,0.9,0.5481792,49925,0.0732900589983347
0.1,0.2,0.8,0.8,0.5482187,49925,0.07621046884547482
0.9,0.1,0.7,0.9,0.5482334,49925,0.07573263238134526
0.9,0.1,0.8,0.8,0.54823476,49925,0.07680259854359185
0.4,0.1,0.7,0.5,0.54831326,49925,0.07939839130521843
0.5,0.1,0.8,0.5,0.5484001,49925,0.07955106662133134
0.3,0.1,0.3,0.8,0.5485508,49925,0.07407711485375515
0.6,0.1,0.9,0.5,0.5485687,49925,0.07963232383943106
0.3,0.1,0.7,0.4,0.5486016,49925,0.08003611311858747
0.3,0.1,0.8,0.3,0.5486421,49925,0.0808047056795783
0.7,0.1,0.9,0.6,0.54868495,49925,0.07889636938753296
0.2,0.1,0.3,0.7,0.5487942,49925,0.07462904728347691
0.1,0.2,0.9,0.7,0.5489442,49925,0.07696554863973679
0.3,0.1,0.6,0.5,0.5490486,49925,0.07905084202538863
0.2,0.1,0.7,0.3,0.5490812,49925,0.0803151291262635
0.6,0.1,0.8,0.6,0.54909945,49925,0.0787852135677829
0.2,0.1,0.6,0.4,0.54910153,49925,0.07942061814506177
0.1,0.1,0.1,0.9,0.54924273,49925,0.06620442420308598
0.8,0.1,0.9,0.7,0.5493128,49925,0.07814501361310686
0.5,0.1,0.7,0.6,0.5493931,49925,0.07857504116280431
0.3,0.1,0.9,0.2,0.5494927,49925,0.08148852602377754
0.5,0.1,0.4,0.9,0.54953736,49925,0.07440000107511203
0.6,0.1,0.5,0.9,0.5495586,49925,0.07519470763343301
0.4,0.1,0.6,0.6,0.5496585,49925,0.07834290330813486
0.7,0.1,0.8,0.7,0.54971063,49925,0.07796809637074192
0.4,0.1,0.4,0.8,0.5497395,49925,0.07525466720008138
0.9,0.1,0.9,0.8,0.5498119,49925,0.07742497213341801
0.6,0.1,0.7,0.7,0.5498791,49925,0.07773374086581682
0.8,0.1,0.8,0.8,0.5499562,49925,0.07718204489291781
0.7,0.1,0.6,0.9,0.55003816,49925,0.07575912429150919
0.7,0.1,0.7,0.8,0.55012363,49925,0.07692609555516529
0.2,0.1,0.5,0.5,0.55014986,49925,0.07829716408379737
0.3,0.1,0.5,0.6,0.5501812,49925,0.0778250607862406
0.6,0.1,0.6,0.8,0.55029756,49925,0.07658215139422174
0.4,0.1,0.5,0.7,0.5503187,49925,0.07695618290437987
0.3,0.1,0.4,0.7,0.5503298,49925,0.0761463583681649
0.5,0.1,0.6,0.7,0.55035645,49925,0.07743591454831066
0.5,0.1,0.5,0.8,0.55038536,49925,0.07602631375616467
0.8,0.1,0.7,0.9,0.55077,49925,0.07618075439725411
0.1,0.1,0.4,0.5,0.55079275,49925,0.07639602644686841
0.2,0.1,0.4,0.6,0.55080116,49925,0.076695777307445
0.2,0.1,0.8,0.2,0.5510042,49925,0.0811440942770378
0.9,0.1,0.8,0.9,0.55101883,49925,0.07647909352782475
0.1,0.1,0.3,0.6,0.5511938,49925,0.07436654659027318
0.2,0.2,0.9,0.9,0.5515454,49925,0.07715939899037795
0.6,0.1,0.9,0.6,0.55163646,49925,0.07912456892475994
0.2,0.1,0.9,0.1,0.5516554,49925,0.08174946058360576
0.1,0.1,0.5,0.4,0.5519069,49925,0.07783550073710578
0.5,0.1,0.9,0.5,0.5519587,49925,0.07974852689834956
0.1,0.2,0.8,0.9,0.55218565,49925,0.07529579930060636
0.4,0.1,0.9,0.4,0.5523067,49925,0.08026177095572105
0.5,0.1,0.8,0.6,0.55259055,49925,0.0789629541289196
0.8,0.1,0.9,0.8,0.5526007,49925,0.07771834269765951
0.7,0.1,0.9,0.7,0.5526778,49925,0.0784191549166192
0.1,0.1,0.6,0.3,0.552743,49925,0.07895967091791288
0.4,0.1,0.8,0.5,0.55274343,49925,0.07957157812264748
0.2,0.1,0.2,0.9,0.55303824,49925,0.07086111957926414
0.6,0.1,0.8,0.7,0.5530431,49925,0.07822611229493188
0.9,0.1,0.9,0.9,0.55305195,49925,0.07706505812808656
0.4,0.1,0.7,0.6,0.55305886,49925,0.07868392839043205
0.8,0.1,0.8,0.9,0.55336696,49925,0.07681925731171974
0.3,0.1,0.7,0.5,0.5534875,49925,0.07916168554224406
0.7,0.1,0.8,0.8,0.5535669,49925,0.07751289033872126
0.1,0.2,0.9,0.8,0.5536031,49925,0.07606992393716068
0.5,0.1,0.7,0.7,0.553651,49925,0.07803919696208514
0.1,0.1,0.7,0.2,0.5537208,49925,0.07990785372480722
0.3,0.1,0.3,0.9,0.5537737,49925,0.07320367585748663
0.5,0.1,0.5,0.9,0.55389595,49925,0.07543153410420692
0.6,0.1,0.6,0.9,0.55398905,49925,0.07605171270665222
0.3,0.1,0.8,0.4,0.5541059,49925,0.07993551748392051
0.3,0.1,0.9,0.3,0.55435985,49925,0.08062553080508773
0.4,0.1,0.6,0.7,0.55449426,49925,0.07762339997741514
0.3,0.1,0.6,0.6,0.5544971,49925,0.07816991431882848
0.7,0.1,0.7,0.9,0.55455595,49925,0.07650437743723311
0.6,0.1,0.7,0.8,0.55455667,49925,0.07724440735688762
0.4,0.1,0.4,0.9,0.5548133,49925,0.07452742447814717
0.5,0.1,0.6,0.8,0.5548479,49925,0.07682168542724876
0.4,0.1,0.5,0.8,0.55505985,49925,0.07623540913496413
0.2,0.1,0.3,0.8,0.5550835,49925,0.07348923009064609
0.1,0.1,0.2,0.8,0.55541885,49925,0.07006926942406913
0.6,0.1,0.9,0.7,0.55553675,49925,0.07859997322580405
0.2,0.1,0.6,0.5,0.55559117,49925,0.07830117747412038
0.1,0.1,0.8,0.1,0.5556116,49925,0.08071089583166503
0.3,0.1,0.4,0.8,0.5556781,49925,0.0752445059054668
0.5,0.1,0.9,0.6,0.55572885,49925,0.07917576159485057
0.2,0.1,0.7,0.4,0.5557887,49925,0.0792352646935926
0.3,0.1,0.5,0.7,0.55601203,49925,0.07685845048284232
0.8,0.1,0.9,0.9,0.5561956,49925,0.07734022667247384
0.4,0.1,0.9,0.5,0.5564248,49925,0.07959942332420442
0.7,0.1,0.9,0.8,0.55650294,49925,0.07796666155096012
0.2,0.1,0.5,0.6,0.55650467,49925,0.07710330192715013
0.2,0.1,0.8,0.3,0.55674326,49925,0.08001975121492566
0.1,0.2,0.9,0.9,0.556877,49925,0.07523274186284293
0.5,0.1,0.8,0.7,0.5568899,49925,0.07837128141035446
0.4,0.1,0.8,0.6,0.55694765,49925,0.07883677089033515
0.2,0.1,0.4,0.7,0.5570968,49925,0.07557033039045889
0.7,0.1,0.8,0.9,0.5573307,49925,0.07707497022113687
0.6,0.1,0.8,0.8,0.5576632,49925,0.07776472823504874
0.4,0.1,0.7,0.7,0.55781406,49925,0.07798644248839083
0.2,0.1,0.9,0.2,0.55792534,49925,0.08072142125085449
0.1,0.1,0.3,0.7,0.55818033,49925,0.0728442374392433
0.5,0.1,0.7,0.8,0.5581987,49925,0.07744097460737343
0.6,0.1,0.7,0.9,0.5582644,49925,0.07670543150182563
0.3,0.1,0.8,0.5,0.5584212,49925,0.07911713601447734
0.3,0.1,0.9,0.4,0.55845326,49925,0.07983408388764661
0.3,0.1,0.7,0.6,0.5585519,49925,0.07831912059042537
0.1,0.1,0.4,0.6,0.55867183,49925,0.07487829683307255
0.5,0.1,0.6,0.9,0.55872995,49925,0.07623663153392728
0.1,0.1,0.5,0.5,0.5589305,49925,0.07633850700370809
0.1,0.1,0.7,0.3,0.5594688,49925,0.07849410337862849
0.6,0.1,0.9,0.8,0.5596472,49925,0.07813669931939063
0.4,0.1,0.5,0.9,0.5596573,49925,0.07552287959052409
0.3,0.1,0.4,0.9,0.55966663,49925,0.07434750064410314
0.4,0.1,0.6,0.8,0.5597151,49925,0.07687498599524505
0.3,0.1,0.6,0.7,0.5598844,49925,0.0772807344456819
0.7,0.1,0.9,0.9,0.5600344,49925,0.07755366379709923
0.1,0.1,0.6,0.4,0.56005365,49925,0.07750376813403496
0.5,0.1,0.9,0.7,0.56006783,49925,0.07858270585811261
0.5,0.1,0.8,0.8,0.56060165,49925,0.07779613083083597
0.2,0.1,0.7,0.5,0.5606955,49925,0.07818311498347039
0.2,0.1,0.6,0.6,0.5608789,49925,0.07723477060820769
0.2,0.1,0.3,0.9,0.56103486,49925,0.0724096959573534
0.4,0.1,0.9,0.6,0.5611435,49925,0.07888732624610836
0.2,0.1,0.8,0.4,0.5612258,49925,0.07900213070030608
0.4,0.1,0.8,0.7,0.5612416,49925,0.07813946592223495
0.3,0.1,0.5,0.8,0.56126714,49925,0.07596554984619562
0.6,0.1,0.8,0.9,0.5613248,49925,0.07726006733024773
0.1,0.1,0.2,0.9,0.56137264,49925,0.06873011846004755
0.1,0.1,0.8,0.2,0.561615,49925,0.07930478206763188
0.5,0.1,0.7,0.9,0.5619726,49925,0.07681446762579515
0.4,0.1,0.7,0.8,0.5622519,49925,0.07728039349038972
0.2,0.1,0.5,0.7,0.56267697,49925,0.07605182847984822
0.3,0.1,0.8,0.6,0.5626936,49925,0.07832434605283949
0.2,0.1,0.4,0.8,0.562755,49925,0.0744239823648475
0.2,0.1,0.9,0.3,0.5627895,49925,0.07972415302112054
0.6,0.1,0.9,0.9,0.56310534,49925,0.07763227752000841
0.3,0.1,0.9,0.5,0.56316304,49925,0.07902630259101295
0.1,0.1,0.9,0.1,0.5635106,49925,0.0799947016873686
0.5,0.1,0.9,0.8,0.5635129,49925,0.07799842712554135
0.3,0.1,0.7,0.7,0.5635131,49925,0.07746818773869804
0.4,0.1,0.6,0.9,0.5637359,49925,0.07616103503572587
0.1,0.1,0.3,0.8,0.5641787,49925,0.07144621571893406
0.5,0.1,0.8,0.9,0.56423193,49925,0.07721408594218365
0.4,0.1,0.9,0.7,0.5647551,49925,0.0782480474038129
0.3,0.1,0.6,0.8,0.56507194,49925,0.07642745160208236
0.1,0.1,0.4,0.7,0.5654853,49925,0.07342012910689541
0.1,0.1,0.5,0.6,0.5656895,49925,0.07497093977853654
0.4,0.1,0.8,0.8,0.5659843,49925,0.07748495731152924
0.3,0.1,0.5,0.9,0.5660109,49925,0.0751122004181237
0.2,0.1,0.7,0.6,0.5660486,49925,0.07719995195983884
0.1,0.1,0.6,0.5,0.5660972,49925,0.07615481169128668
0.2,0.1,0.6,0.7,0.5663326,49925,0.07620464235719898
0.2,0.1,0.8,0.5,0.56658226,49925,0.07800911447151244
0.3,0.1,0.9,0.6,0.56669587,49925,0.07823094492638172
0.1,0.1,0.7,0.4,0.56680095,49925,0.07715112730471785
0.2,0.1,0.4,0.9,0.5668933,49925,0.07336090725678451
0.4,0.1,0.7,0.9,0.56689435,49925,0.07656866977737925
0.2,0.1,0.9,0.4,0.56702965,49925,0.07872775973287585
0.5,0.1,0.9,0.9,0.5672135,49925,0.07743543278579501
0.2,0.1,0.5,0.8,0.56763065,49925,0.07497781579419341
0.3,0.1,0.8,0.7,0.5677008,49925,0.07751645765936994
0.1,0.1,0.8,0.3,0.56778955,49925,0.07799383111414153
0.3,0.1,0.7,0.8,0.56829077,49925,0.07665432793910633
0.4,0.1,0.9,0.8,0.56887466,49925,0.07760532062841724
0.1,0.1,0.3,0.9,0.5692147,49925,0.0701078952703532
0.1,0.1,0.9,0.2,0.56927156,49925,0.07874903571840557
0.4,0.1,0.8,0.9,0.56940687,49925,0.0768086212486584
0.3,0.1,0.6,0.9,0.56942,49925,0.07560466382140094
0.1,0.1,0.4,0.8,0.5710781,49925,0.07212848810420595
0.2,0.1,0.7,0.7,0.5710845,49925,0.07621888761559709
0.3,0.1,0.9,0.7,0.5712732,49925,0.07747385167701652
0.2,0.1,0.8,0.6,0.57150644,49925,0.0770481134569089
0.2,0.1,0.6,0.8,0.57159966,49925,0.0752175607592361
0.2,0.1,0.9,0.5,0.57170063,49925,0.07778586867523062
0.3,0.1,0.8,0.8,0.5718301,49925,0.07669629564965895
0.1,0.1,0.5,0.7,0.57183135,49925,0.07362030019387851
0.4,0.1,0.9,0.9,0.5721715,49925,0.07694143193171914
0.1,0.1,0.6,0.6,0.5722811,49925,0.07484304298152969
0.2,0.1,0.5,0.9,0.57254297,49925,0.07393610244032792
0.1,0.1,0.7,0.5,0.57285905,49925,0.07589456415660562
0.3,0.1,0.7,0.9,0.5730064,49925,0.0758583953484605
0.1,0.1,0.8,0.4,0.5733979,49925,0.07675096729892632
0.1,0.1,0.9,0.3,0.57409954,49925,0.0774721283430126
0.3,0.1,0.9,0.8,0.5753516,49925,0.07670533839174722
0.2,0.1,0.8,0.7,0.57584697,49925,0.07613506756933024
0.2,0.1,0.9,0.6,0.5759062,49925,0.07686658984769745
0.2,0.1,0.7,0.8,0.5760839,49925,0.07527853978496277
0.3,0.1,0.8,0.9,0.5761528,49925,0.07595538987807161
0.2,0.1,0.6,0.9,0.5764952,49925,0.07426770436702036
0.1,0.1,0.4,0.9,0.57702166,49925,0.07087604405245215
0.1,0.1,0.5,0.8,0.5775663,49925,0.07240782388398014
0.1,0.1,0.6,0.7,0.5779333,49925,0.07363205516789016
0.1,0.1,0.7,0.6,0.57851046,49925,0.07469228581998409
0.3,0.1,0.9,0.9,0.5793232,49925,0.07598478885147598
0.1,0.1,0.9,0.4,0.57940686,49925,0.07634751321715513
0.1,0.1,0.8,0.5,0.5795025,49925,0.07559562978221125
0.2,0.1,0.9,0.7,0.5802651,49925,0.07598257565940898
0.2,0.1,0.8,0.8,0.5804054,49925,0.0752360348624493
0.2,0.1,0.7,0.9,0.58097076,49925,0.07438693264608075
0.1,0.1,0.5,0.9,0.58220714,49925,0.07125355351252034
0.1,0.1,0.6,0.8,0.58307946,49925,0.07248213318249791
0.1,0.1,0.7,0.7,0.58340406,49925,0.07353868200475965
0.2,0.1,0.9,0.8,0.5843864,49925,0.07512574445107564
0.1,0.1,0.9,0.5,0.58472514,49925,0.07524377147303955
0.1,0.1,0.8,0.6,0.5847446,49925,0.07446707646033925
0.2,0.1,0.8,0.9,0.5850015,49925,0.07438651340530998
0.1,0.1,0.6,0.9,0.58755064,49925,0.07139807389753465
0.2,0.1,0.9,0.9,0.5883223,49925,0.07432900914811312
0.1,0.1,0.7,0.8,0.58874696,49925,0.0724633587649169
0.1,0.1,0.8,0.7,0.5889801,49925,0.07340841214480742
0.1,0.1,0.9,0.6,0.5896698,49925,0.07420246314448802
0.1,0.1,0.7,0.9,0.59292775,49925,0.07143965813559788
0.1,0.1,0.8,0.8,0.5935027,49925,0.07237779592389168
0.1,0.1,0.9,0.7,0.5944962,49925,0.07319042134134722
0.1,0.1,0.8,0.9,0.5979231,49925,0.07141002105888046
0.1,0.1,0.9,0.8,0.5986632,49925,0.07223027582257535
0.1,0.1,0.9,0.9,0.60215634,49925,0.07131876986454688
