w1,w2,w3,w4,score,n_selected,threshold
0.1,0.9,0.1,0.1,0.15889275,49925,0.030990280679671203
0.1,0.8,0.1,0.1,0.15940137,49925,0.03161610881371475
0.1,0.9,0.7,0.1,0.15988827,49925,0.036752914949096376
0.1,0.9,0.6,0.1,0.16020605,49925,0.03628855780426454
0.1,0.8,0.6,0.1,0.1602682,49925,0.03659728734755099
0.1,0.7,0.1,0.1,0.16050647,49925,0.032302209381514985
0.1,0.9,0.5,0.1,0.16069812,49925,0.0357959132767943
0.1,0.9,0.1,0.2,0.16079292,49925,0.0309944491022887
0.1,0.9,0.8,0.1,0.16080365,49925,0.037109811437947324
0.1,0.8,0.5,0.1,0.16088697,49925,0.03607087938186192
0.2,0.9,0.1,0.1,0.16089764,49925,0.030828188565647015
0.1,0.8,0.7,0.1,0.16109166,49925,0.0370213860157585
0.1,0.9,0.4,0.1,0.16133621,49925,0.03523419891663339
0.1,0.7,0.5,0.1,0.16148394,49925,0.03640309960353499
0.1,0.8,0.1,0.2,0.16154557,49925,0.0315137812221112
0.1,0.8,0.4,0.1,0.16161805,49925,0.0354964017766094
0.1,0.7,0.6,0.1,0.16163507,49925,0.03691237090943321
0.1,0.9,0.9,0.1,0.16180323,49925,0.03742881896865893
0.2,0.8,0.1,0.1,0.16188535,49925,0.03138165834618433
0.1,0.9,0.7,0.2,0.16199805,49925,0.03650787240386947
0.1,0.7,0.4,0.1,0.16200015,49925,0.03579835080521509
0.1,0.6,0.1,0.1,0.16211253,49925,0.032934144862224936
0.1,0.9,0.3,0.1,0.16213605,49925,0.03458516201248687
0.1,0.8,0.3,0.1,0.16228428,49925,0.03480475019900816
0.1,0.9,0.2,0.1,0.16229953,49925,0.03387975459303496
0.1,0.6,0.5,0.1,0.16231811,49925,0.03676183037465992
0.1,0.8,0.8,0.1,0.1623629,49925,0.037366696662854006
0.1,0.9,0.8,0.2,0.16240034,49925,0.03688416983769135
0.3,0.9,0.1,0.1,0.16240355,49925,0.030647699694474187
0.2,0.9,0.7,0.1,0.16241843,49925,0.03663713900718077
0.1,0.9,0.6,0.2,0.1624273,49925,0.03607814077269042
0.1,0.7,0.3,0.1,0.16261688,49925,0.03509492361231875
0.1,0.6,0.4,0.1,0.16267389,49925,0.0361340569166292
0.2,0.9,0.6,0.1,0.16270313,49925,0.036190689759986884
0.1,0.7,0.7,0.1,0.16281435,49925,0.03730824995847802
0.1,0.9,0.5,0.2,0.16287178,49925,0.03561222032220332
0.2,0.9,0.8,0.1,0.16292548,49925,0.03701142251513999
0.1,0.8,0.5,0.2,0.16294861,49925,0.03586392750521658
0.2,0.7,0.1,0.1,0.1630026,49925,0.031999739534867136
0.1,0.8,0.6,0.2,0.1630057,49925,0.036360070542193174
0.1,0.9,0.1,0.3,0.16309607,49925,0.03093499554521673
0.1,0.7,0.1,0.2,0.16309707,49925,0.03207442641478914
0.1,0.8,0.2,0.1,0.16311496,49925,0.03407445106380153
0.2,0.9,0.1,0.2,0.16320787,49925,0.030866723241312104
0.1,0.8,0.7,0.2,0.16329229,49925,0.03678152331319689
0.1,0.9,0.4,0.2,0.16331278,49925,0.03509960413998994
0.2,0.8,0.6,0.1,0.16346744,49925,0.036474165496422045
0.2,0.9,0.5,0.1,0.16351849,49925,0.035748927567024386
0.1,0.9,0.9,0.2,0.1636171,49925,0.03718723509446719
0.2,0.8,0.7,0.1,0.16364662,49925,0.03690669419140944
0.1,0.7,0.2,0.1,0.1636692,49925,0.034293365520019
0.1,0.5,0.4,0.1,0.16369376,49925,0.036570617693809815
0.1,0.6,0.3,0.1,0.16386265,49925,0.035428317831035505
0.1,0.6,0.6,0.1,0.16386646,49925,0.03723109750663367
0.3,0.8,0.1,0.1,0.16394176,49925,0.03114412032349964
0.2,0.8,0.5,0.1,0.1639578,49925,0.03599194626853498
0.2,0.9,0.4,0.1,0.1640495,49925,0.03520007446168652
0.1,0.8,0.4,0.2,0.16406195,49925,0.03533745151546268
0.4,0.9,0.1,0.1,0.16409934,49925,0.03048306437618221
0.1,0.9,0.2,0.2,0.16412285,49925,0.033791610491113025
0.2,0.8,0.1,0.2,0.16413774,49925,0.031348452313055296
0.2,0.9,0.9,0.1,0.16413812,49925,0.037298616520248476
0.1,0.8,0.1,0.3,0.16414368,49925,0.03135444461789487
0.1,0.8,0.9,0.1,0.16415992,49925,0.03763907419055113
0.1,0.9,0.3,0.2,0.16419259,49925,0.03451242300965659
0.1,0.7,0.5,0.2,0.16426753,49925,0.036153141128556526
0.1,0.7,0.6,0.2,0.16428441,49925,0.03664490228630282
0.1,0.5,0.3,0.1,0.16438603,49925,0.03579908539751726
0.2,0.9,0.2,0.1,0.16440257,49925,0.0338890313710436
0.1,0.9,0.6,0.3,0.16442466,49925,0.03591222777101447
0.1,0.8,0.8,0.2,0.164454,49925,0.03712199326220124
0.1,0.6,0.2,0.1,0.16448316,49925,0.03454764992425932
0.2,0.9,0.7,0.2,0.16453755,49925,0.03641921060048414
0.1,0.7,0.4,0.2,0.1645382,49925,0.0355854726199109
0.1,0.5,0.1,0.1,0.16462623,49925,0.03351771942482444
0.1,0.9,0.7,0.3,0.16469024,49925,0.03631622476291993
0.2,0.7,0.5,0.1,0.1647749,49925,0.036270845639991924
0.2,0.9,0.3,0.1,0.16477503,49925,0.03462377359343911
0.1,0.9,0.8,0.3,0.16478056,49925,0.03668642425950106
0.1,0.6,0.1,0.2,0.16479066,49925,0.03267994431189799
0.1,0.9,0.5,0.3,0.16480696,49925,0.03547083109320515
0.2,0.8,0.4,0.1,0.1648387,49925,0.03545317596688432
0.2,0.6,0.1,0.1,0.16492707,49925,0.03264148257486786
0.1,0.8,0.3,0.2,0.16494833,49925,0.03471552211463666
0.2,0.7,0.6,0.1,0.16498336,49925,0.03677533539962428
0.1,0.7,0.8,0.1,0.16500938,49925,0.03761734526137723
0.2,0.8,0.8,0.1,0.16501795,49925,0.03724235228626842
0.3,0.9,0.1,0.2,0.16506633,49925,0.03072229082156077
0.2,0.9,0.6,0.2,0.1651239,49925,0.0360244251822125
0.2,0.9,0.8,0.2,0.16514502,49925,0.036780430825967436
0.1,0.7,0.1,0.3,0.16516173,49925,0.03182807342898586
0.1,0.9,0.1,0.4,0.16518512,49925,0.030798621709875348
0.1,0.5,0.5,0.1,0.16525055,49925,0.037144055249597546
0.2,0.9,0.1,0.3,0.1653175,49925,0.03083839037644073
0.3,0.9,0.7,0.1,0.16536865,49925,0.0365194563606722
0.2,0.7,0.1,0.2,0.16539451,49925,0.03185979457152047
0.1,0.8,0.2,0.2,0.16542031,49925,0.03402471802095747
0.3,0.9,0.6,0.1,0.16544215,49925,0.0361192836351187
0.1,0.5,0.2,0.1,0.16558948,49925,0.03486519305820198
0.1,0.7,0.7,0.2,0.16563103,49925,0.037038919075306584
0.3,0.7,0.1,0.1,0.16563222,49925,0.03168413835799133
0.1,0.8,0.6,0.3,0.16564433,49925,0.03612738035469761
0.1,0.8,0.5,0.3,0.1656842,49925,0.03566289291544597
0.2,0.7,0.4,0.1,0.16569221,49925,0.035719397576103984
0.2,0.8,0.3,0.1,0.1656953,49925,0.034836140890708175
0.1,0.9,0.2,0.3,0.16571727,49925,0.03372643472248424
0.4,0.8,0.1,0.1,0.16575852,49925,0.03092028787314655
0.1,0.6,0.4,0.2,0.16576983,49925,0.035883220231504136
0.1,0.9,0.9,0.3,0.1657776,49925,0.03696945083947721
0.1,0.8,0.7,0.3,0.16579556,49925,0.03654092196318592
0.3,0.9,0.8,0.1,0.16581021,49925,0.0368866849576388
0.1,0.6,0.5,0.2,0.1658149,49925,0.03645893052580532
0.2,0.9,0.5,0.2,0.16583338,49925,0.03557851510001075
0.1,0.7,0.3,0.2,0.16583881,49925,0.03496123250974257
0.1,0.9,0.4,0.3,0.16588745,49925,0.03498932458415313
0.2,0.9,0.2,0.2,0.16595612,49925,0.033764350353103795
0.2,0.8,0.6,0.2,0.16597946,49925,0.03625931669812563
0.1,0.4,0.3,0.1,0.16597946,49925,0.03625931669812563
0.2,0.8,0.2,0.1,0.1660053,49925,0.0341280686948834
0.1,0.8,0.9,0.2,0.16604552,49925,0.03740176530916994
0.5,0.9,0.1,0.1,0.16605955,49925,0.030323581692014195
0.1,0.8,0.1,0.4,0.16606602,49925,0.031159763679832007
0.2,0.8,0.7,0.2,0.16623351,49925,0.0366579345423149
0.1,0.6,0.7,0.1,0.16624954,49925,0.03759839191349984
0.2,0.7,0.7,0.1,0.16625702,49925,0.03717015325189998
0.2,0.8,0.1,0.3,0.16626355,49925,0.03122829447099714
0.2,0.9,0.9,0.2,0.16627541,49925,0.037083795494857755
0.3,0.9,0.5,0.1,0.16630411,49925,0.03566539962268864
0.1,0.9,0.3,0.3,0.16633375,49925,0.0344628537316407
0.1,0.8,0.4,0.3,0.16639313,49925,0.03517542410384165
0.3,0.8,0.1,0.2,0.16640678,49925,0.03115167101788201
0.3,0.8,0.6,0.1,0.16645944,49925,0.03635308754020654
0.1,0.9,0.6,0.4,0.16646844,49925,0.035705582979952084
0.1,0.9,0.7,0.4,0.16647685,49925,0.03610302329324166
0.2,0.9,0.4,0.2,0.16650662,49925,0.03507058821730362
0.1,0.7,0.2,0.2,0.16650845,49925,0.03423656892955724
0.1,0.6,0.3,0.2,0.16657466,49925,0.035235406769862684
0.2,0.8,0.5,0.2,0.16659907,49925,0.035793682713081684
0.3,0.9,0.2,0.1,0.16662496,49925,0.033825692803256764
0.2,0.6,0.5,0.1,0.16664729,49925,0.03659733016272126
0.1,0.7,0.5,0.3,0.16672054,49925,0.03588966090604253
0.2,0.7,0.3,0.1,0.16675782,49925,0.03505874291171631
0.1,0.6,0.1,0.3,0.16677317,49925,0.03231270250861586
0.2,0.6,0.4,0.1,0.16682668,49925,0.03602242695683395
0.1,0.9,0.2,0.4,0.16683768,49925,0.033583189441372764
0.3,0.9,0.9,0.1,0.16684014,49925,0.037185724294939944
0.1,0.8,0.8,0.3,0.16684945,49925,0.03688811703420191
0.2,0.8,0.9,0.1,0.1668545,49925,0.03752043952418623
0.1,0.5,0.1,0.2,0.16686296,49925,0.0332512896914508
0.1,0.9,0.8,0.4,0.16689366,49925,0.036450310938151854
0.1,0.8,0.2,0.3,0.16693255,49925,0.03396934728167572
0.1,0.9,0.5,0.4,0.16698895,49925,0.0352864701082928
0.1,0.9,0.1,0.5,0.16699708,49925,0.030656988797759337
0.4,0.9,0.1,0.2,0.16701996,49925,0.030578455777108243
0.2,0.9,0.3,0.2,0.16709414,49925,0.034531501542894874
0.3,0.8,0.5,0.1,0.16710585,49925,0.035902457636318476
0.2,0.9,0.7,0.3,0.1671173,49925,0.03623606365949191
0.2,0.7,0.2,0.1,0.16712105,49925,0.03434795259334021
0.1,0.7,0.6,0.3,0.16716534,49925,0.036361297622162336
0.1,0.7,0.8,0.2,0.16718313,49925,0.03735648684339385
0.2,0.9,0.6,0.3,0.16721785,49925,0.035835411674621113
0.3,0.9,0.4,0.1,0.16724607,49925,0.035182371426713696
0.2,0.9,0.1,0.4,0.16729261,49925,0.030734883539082214
0.1,0.6,0.6,0.2,0.16729596,49925,0.03693964417224857
0.1,0.8,0.3,0.3,0.16731414,49925,0.034635889659805595
0.2,0.8,0.4,0.2,0.16732049,49925,0.03527614288745264
0.1,0.4,0.2,0.1,0.16732049,49925,0.03527614288745264
0.2,0.9,0.2,0.3,0.16734022,49925,0.03367016249024566
0.3,0.8,0.7,0.1,0.16737944,49925,0.0367604020948309
0.1,0.7,0.4,0.3,0.16738462,49925,0.035368306378249316
0.1,0.7,0.1,0.4,0.16740271,49925,0.03155354171059349
0.3,0.9,0.1,0.3,0.16744317,49925,0.030715821763582004
0.2,0.9,0.8,0.3,0.16745286,49925,0.03658292915934231
0.2,0.7,0.5,0.2,0.16747296,49925,0.03604624323197023
0.5,0.8,0.1,0.1,0.16748658,49925,0.030729900292437252
0.1,0.6,0.2,0.2,0.16748671,49925,0.03447321295599143
0.2,0.5,0.1,0.1,0.16749167,49925,0.033267504546268804
0.2,0.8,0.2,0.2,0.16750242,49925,0.0340134860396628
0.1,0.4,0.1,0.1,0.16750242,49925,0.0340134860396628
0.4,0.7,0.1,0.1,0.16751948,49925,0.031420022252797324
0.3,0.9,0.3,0.1,0.16754822,49925,0.034633482824157125
0.3,0.9,0.7,0.2,0.16755082,49925,0.0363170046420951
0.1,0.4,0.4,0.1,0.16757795,49925,0.03700910423591788
0.2,0.8,0.8,0.2,0.16757795,49925,0.03700910423591788
0.3,0.6,0.1,0.1,0.1676108,49925,0.03228725573378179
0.1,0.8,0.6,0.4,0.16762057,49925,0.03588332028025354
0.2,0.6,0.1,0.2,0.16765794,49925,0.032421443214657925
0.1,0.7,0.9,0.1,0.16766027,49925,0.03787712984209741
0.1,0.8,0.5,0.4,0.16768077,49925,0.03545640667944595
0.1,0.9,0.2,0.5,0.16770053,49925,0.03337805743102843
0.2,0.9,0.5,0.3,0.16770056,49925,0.03542857668328466
0.2,0.7,0.1,0.3,0.16770937,49925,0.03166246338688342
0.2,0.7,0.6,0.2,0.16774446,49925,0.036513549635977464
0.1,0.9,0.4,0.4,0.16776082,49925,0.034847784453931184
0.1,0.5,0.6,0.1,0.16778815,49925,0.03757177875851865
0.6,0.9,0.1,0.1,0.16781928,49925,0.030185579908953743
0.3,0.9,0.2,0.2,0.16784957,49925,0.03370975913945447
0.2,0.6,0.6,0.1,0.16785055,49925,0.03707423944283867
0.1,0.5,0.4,0.2,0.16786373,49925,0.036201702316379265
0.1,0.9,0.9,0.4,0.1678668,49925,0.036754143733986604
0.3,0.9,0.8,0.2,0.16796035,49925,0.03667324016751236
0.3,0.9,0.6,0.2,0.16796762,49925,0.03592761462223766
0.3,0.7,0.1,0.2,0.16796854,49925,0.0316197350084061
0.1,0.8,0.7,0.4,0.1679845,49925,0.036268876411985285
0.2,0.7,0.8,0.1,0.16800335,49925,0.03748585881773688
0.3,0.8,0.8,0.1,0.16802776,49925,0.03710883177540595
0.1,0.8,0.1,0.5,0.1680572,49925,0.030959626435002288
0.2,0.6,0.3,0.1,0.16807428,49925,0.035340153181090794
0.1,0.5,0.3,0.2,0.16809952,49925,0.03549764210456122
0.4,0.9,0.7,0.1,0.16811997,49925,0.03638639074873649
0.3,0.8,0.2,0.1,0.16814768,49925,0.0340968291096098
0.1,0.7,0.7,0.3,0.16816348,49925,0.036760236323124224
0.1,0.9,0.6,0.5,0.16816849,49925,0.035505594157108675
0.3,0.8,0.4,0.1,0.16819513,49925,0.03538843678362449
0.1,0.9,0.3,0.4,0.16823977,49925,0.03437464954037334
0.2,0.8,0.3,0.2,0.16824514,49925,0.034711687882944896
0.1,0.9,0.1,0.6,0.1682644,49925,0.0304980597138612
0.4,0.9,0.2,0.1,0.1682655,49925,0.03372277885165083
0.1,0.8,0.9,0.3,0.16828284,49925,0.03719097119698299
0.3,0.8,0.1,0.3,0.1683184,49925,0.031095031813693417
0.5,0.9,0.1,0.2,0.16834456,49925,0.030420414815468606
0.1,0.8,0.4,0.4,0.16838367,49925,0.035002321749793286
0.4,0.9,0.6,0.1,0.16840395,49925,0.03602855451557103
0.4,0.8,0.1,0.2,0.16840664,49925,0.03097390894431706
0.1,0.8,0.2,0.4,0.16841896,49925,0.033792326020677915
0.3,0.9,0.5,0.2,0.16843402,49925,0.03551512437269097
0.1,0.7,0.3,0.3,0.16844681,49925,0.034800742048998065
0.1,0.9,0.7,0.5,0.1684525,49925,0.03587173491658319
0.2,0.9,0.9,0.3,0.16847089,49925,0.03689477849796639
0.3,0.7,0.6,0.1,0.16853903,49925,0.03661372858075889
0.2,0.6,0.2,0.1,0.16858289,49925,0.03457158518053161
0.1,0.9,0.5,0.5,0.16858524,49925,0.035107971863574367
0.2,0.8,0.1,0.4,0.16861162,49925,0.03107969712922027
0.2,0.9,0.4,0.3,0.16862342,49925,0.03497181754112097
0.2,0.7,0.4,0.2,0.16862346,49925,0.035520652024123384
0.2,0.9,0.2,0.4,0.168628,49925,0.033524804347408434
0.1,0.7,0.2,0.3,0.16867054,49925,0.034164043862953825
0.1,0.6,0.4,0.3,0.16867217,49925,0.03558939239544488
0.1,0.9,0.8,0.5,0.16868132,49925,0.03619824276444611
0.2,0.5,0.4,0.1,0.1687338,49925,0.03636143142574626
0.2,0.8,0.6,0.3,0.16873838,49925,0.036058844544611154
0.2,0.9,0.3,0.3,0.16876194,49925,0.034483485436458586
0.1,0.8,0.8,0.4,0.16877335,49925,0.03661922613610802
0.2,0.8,0.5,0.3,0.16879544,49925,0.035618381883328956
0.1,0.6,0.7,0.2,0.16880964,49925,0.037306586798796414
0.1,0.6,0.5,0.3,0.16881904,49925,0.03612398195211061
0.2,0.8,0.7,0.3,0.16885623,49925,0.036431012001053725
0.3,0.9,0.9,0.2,0.1688746,49925,0.036983120246668014
0.4,0.9,0.8,0.1,0.1688914,49925,0.03675268310874639
0.1,0.6,0.8,0.1,0.16889141,49925,0.03787638767420415
0.2,0.9,0.1,0.5,0.16891935,49925,0.03061869579227732
0.3,0.7,0.5,0.1,0.16894427,49925,0.03614901279163501
0.4,0.9,0.5,0.1,0.16894524,49925,0.035588535374233815
0.3,0.7,0.4,0.1,0.16894552,49925,0.03561946503805252
0.3,0.9,0.1,0.4,0.16895846,49925,0.03064004053077757
0.3,0.8,0.3,0.1,0.16896094,49925,0.03481321137430125
0.2,0.8,0.9,0.2,0.16898653,49925,0.037286821948132584
0.3,0.8,0.6,0.2,0.16903523,49925,0.03614929134623387
0.2,0.7,0.7,0.2,0.1690439,49925,0.03691645234316722
0.1,0.5,0.5,0.2,0.16906539,49925,0.03677805361682186
0.2,0.9,0.6,0.4,0.16909494,49925,0.035652064386383464
0.3,0.9,0.2,0.3,0.16912606,49925,0.033572453770438805
0.2,0.9,0.7,0.4,0.16915083,49925,0.036029361515552055
0.2,0.5,0.3,0.1,0.1691558,49925,0.035666923234075956
0.2,0.8,0.2,0.3,0.16920629,49925,0.03392387778428717
0.4,0.9,0.1,0.3,0.16921231,49925,0.03058252904409961
0.3,0.9,0.4,0.2,0.16924652,49925,0.03503896645235258
0.1,0.8,0.3,0.4,0.1692724,49925,0.03450217169403288
0.1,0.7,0.5,0.4,0.16927311,49925,0.035628937413615086
0.3,0.8,0.7,0.2,0.16933146,49925,0.0365457993318492
0.2,0.7,0.3,0.2,0.16933885,49925,0.03494101188749819
0.1,0.5,0.1,0.3,0.16934566,49925,0.03282923380288485
0.1,0.9,0.2,0.6,0.16937345,49925,0.033141070483547135
0.1,0.9,0.4,0.5,0.16939008,49925,0.03469302277480004
0.7,0.9,0.1,0.1,0.16943954,49925,0.030057060247710925
0.3,0.8,0.9,0.1,0.16945499,49925,0.03739275766742398
0.1,0.9,0.9,0.5,0.1694631,49925,0.03650241960544983
0.1,0.5,0.2,0.2,0.1694957,49925,0.0347415938572406
0.1,0.7,0.4,0.4,0.16949594,49925,0.03514441142164957
0.1,0.7,0.9,0.2,0.16950399,49925,0.03760359864127163
0.4,0.9,0.9,0.1,0.16950743,49925,0.03706721915452931
0.2,0.6,0.7,0.1,0.1695174,49925,0.0374429454375927
0.1,0.8,0.5,0.5,0.16952783,49925,0.03524814203685349
0.4,0.9,0.2,0.2,0.1695317,49925,0.033577186817544034
0.2,0.7,0.2,0.2,0.16954696,49925,0.03425935686002767
0.2,0.7,0.9,0.1,0.16957143,49925,0.0377486636642206
0.1,0.7,0.8,0.3,0.16957495,49925,0.03711837124392079
0.1,0.8,0.6,0.5,0.16957733,49925,0.03563334885892048
0.2,0.8,0.4,0.3,0.16958985,49925,0.03515161827618512
0.3,0.9,0.7,0.3,0.1696159,49925,0.03615789884214181
0.3,0.7,0.7,0.1,0.16962914,49925,0.03702663333606883
0.3,0.9,0.3,0.2,0.1696412,49925,0.034538128945982585
0.1,0.6,0.1,0.4,0.1696511,49925,0.0319469431464266
0.1,0.7,0.6,0.4,0.16966495,49925,0.03605673751330169
0.1,0.9,0.1,0.7,0.16967148,49925,0.030320052617869218
0.2,0.9,0.8,0.4,0.16967914,49925,0.03635309426715669
0.2,0.8,0.8,0.3,0.16974308,49925,0.03679128399041893
0.1,0.6,0.6,0.3,0.16977172,49925,0.03658859090123143
0.6,0.8,0.1,0.1,0.16977362,49925,0.030543811330426156
0.1,0.6,0.3,0.3,0.16979711,49925,0.03499964270082903
0.1,0.8,0.2,0.5,0.16982639,49925,0.033569941515625944
0.1,0.8,0.1,0.6,0.16982692,49925,0.030734013756730905
0.1,0.9,0.6,0.6,0.16983137,49925,0.03530473608173559
0.1,0.7,0.1,0.5,0.16984059,49925,0.03126917481895228
0.2,0.9,0.5,0.4,0.16986784,49925,0.03526938734876726
0.1,0.8,0.9,0.4,0.16988257,49925,0.03692186390307026
0.2,0.5,0.5,0.1,0.1698992,49925,0.03695467740043791
0.3,0.8,0.5,0.2,0.16991231,49925,0.035711287255880436
0.2,0.6,0.5,0.2,0.16992028,49925,0.03633382819277908
0.6,0.9,0.1,0.2,0.16992566,49925,0.030292752549962616
0.2,0.9,0.2,0.5,0.16992722,49925,0.033304730021881224
0.5,0.7,0.1,0.1,0.16992867,49925,0.031147223550205355
0.1,0.9,0.3,0.5,0.16993774,49925,0.034251176321948726
0.5,0.8,0.1,0.2,0.1699422,49925,0.0307730615793778
0.1,0.8,0.7,0.5,0.16995277,49925,0.036011621711571365
0.1,0.3,0.2,0.1,0.16997375,49925,0.035784789571396025
0.3,0.9,0.6,0.3,0.16997375,49925,0.035784789571396025
0.2,0.6,0.4,0.2,0.16997375,49925,0.035784789571396025
0.4,0.8,0.6,0.1,0.17000932,49925,0.03622567669403846
0.3,0.8,0.2,0.2,0.17001912,49925,0.033971840543854145
0.1,0.9,0.7,0.6,0.17002481,49925,0.03564106634138953
0.2,0.6,0.1,0.3,0.17003545,49925,0.032134674600728365
0.3,0.9,0.8,0.3,0.17005134,49925,0.03647777438069358
0.4,0.8,0.7,0.1,0.17006892,49925,0.036621083337142514
0.1,0.4,0.5,0.1,0.17008436,49925,0.03753303405495413
0.2,0.7,0.1,0.4,0.17009193,49925,0.0314496176644139
0.5,0.9,0.2,0.1,0.17010456,49925,0.03354476380188763
0.4,0.9,0.7,0.2,0.17014337,49925,0.03622238734134545
0.3,0.7,0.1,0.3,0.17014702,49925,0.03149897903826258
0.1,0.7,0.3,0.4,0.1702204,49925,0.034617385085195344
0.1,0.7,0.7,0.4,0.17022139,49925,0.03644893205915253
0.3,0.8,0.8,0.2,0.170252,49925,0.036898934994170116
0.3,0.6,0.1,0.2,0.17026657,49925,0.032134005108246474
0.4,0.8,0.5,0.1,0.17030646,49925,0.03580368031647133
0.3,0.8,0.4,0.2,0.17032278,49925,0.035237463401472366
0.4,0.9,0.4,0.1,0.17032412,49925,0.03512439983040408
0.1,0.9,0.8,0.6,0.17033175,49925,0.03596158285452926
0.2,0.9,0.9,0.4,0.17033507,49925,0.03667266930318411
0.1,0.9,0.5,0.6,0.17035846,49925,0.03493681246545539
0.4,0.7,0.1,0.2,0.17037621,49925,0.031387799386033824
0.4,0.6,0.1,0.1,0.17040497,49925,0.03193360718362115
0.2,0.7,0.8,0.2,0.1704179,49925,0.037230344006173845
0.2,0.8,0.3,0.3,0.17041989,49925,0.034664104699867325
0.2,0.9,0.4,0.4,0.17046508,49925,0.03486254372550658
0.2,0.9,0.1,0.6,0.17047629,49925,0.03047382686252116
0.1,0.8,0.4,0.5,0.17053002,49925,0.034805269223848724
0.3,0.7,0.3,0.1,0.17053011,49925,0.03502455579680596
0.2,0.7,0.5,0.3,0.17053613,49925,0.03581669074169483
0.1,0.9,0.1,0.8,0.17053667,49925,0.0301085659481717
0.1,0.6,0.2,0.3,0.17057952,49925,0.03434467065898125
0.1,0.7,0.2,0.4,0.17058972,49925,0.03397269448234763
0.3,0.9,0.5,0.3,0.17060143,49925,0.035382133284289095
0.3,0.7,0.8,0.1,0.17060497,49925,0.03733075857508793
0.2,0.5,0.2,0.1,0.17067662,49925,0.03486747194397822
0.4,0.9,0.6,0.2,0.17068262,49925,0.03584391743958507
0.4,0.9,0.3,0.1,0.17068884,49925,0.03464532726547504
0.1,0.8,0.8,0.5,0.17069915,49925,0.03634627683906582
0.1,0.9,0.2,0.7,0.17070308,49925,0.03288155356407389
0.3,0.7,0.2,0.1,0.17070517,49925,0.03434178040417086
0.2,0.7,0.6,0.3,0.17072082,49925,0.036263407613266525
0.1,0.5,0.6,0.2,0.17073223,49925,0.037234664534396306
0.4,0.9,0.8,0.2,0.17073959,49925,0.036560037785589646
0.3,0.9,0.2,0.4,0.17075789,49925,0.03340462858499022
0.2,0.8,0.1,0.5,0.17077959,49925,0.03090125991310828
0.4,0.8,0.1,0.3,0.17078176,49925,0.030929609741928165
0.1,0.8,0.1,0.7,0.17079276,49925,0.030501883506100547
0.2,0.6,0.6,0.2,0.17079766,49925,0.03678403568460609
0.1,0.3,0.3,0.1,0.17079766,49925,0.03678403568460609
0.3,0.9,0.9,0.3,0.17079766,49925,0.03678403568460609
0.3,0.8,0.1,0.4,0.17084369,49925,0.030965538059960347
0.2,0.5,0.1,0.2,0.17086303,49925,0.03299811909432648
0.3,0.6,0.4,0.1,0.17087829,49925,0.03589021703733609
0.1,0.8,0.3,0.5,0.17087862,49925,0.03432918629025568
0.3,0.9,0.1,0.5,0.17088112,49925,0.030558995409962885
0.3,0.8,0.9,0.2,0.17088187,49925,0.03716907818180632
0.2,0.8,0.9,0.3,0.17088671,49925,0.03707542922890984
0.1,0.5,0.7,0.1,0.17088889,49925,0.0378854649689775
0.1,0.4,0.3,0.2,0.17090172,49925,0.03583204973615025
0.2,0.8,0.6,0.4,0.17090172,49925,0.03583204973615025
0.1,0.6,0.8,0.2,0.17092204,49925,0.037579624434113064
0.1,0.9,0.9,0.6,0.17092586,49925,0.036270239159763795
0.1,0.9,0.4,0.6,0.17095464,49925,0.03453259655027904
0.3,0.6,0.5,0.1,0.17101127,49925,0.03642227755466087
0.5,0.9,0.7,0.1,0.17102051,49925,0.036282370840735295
0.4,0.8,0.2,0.1,0.17102137,49925,0.03400489178697214
0.2,0.8,0.5,0.4,0.1710412,49925,0.03540670529986801
0.2,0.8,0.2,0.4,0.17105886,49925,0.03375122085122678
0.1,0.4,0.1,0.2,0.17105886,49925,0.03375122085122678
0.5,0.9,0.1,0.3,0.17106318,49925,0.030466964696344183
0.4,0.9,0.1,0.4,0.17106639,49925,0.03054772565596336
0.8,0.9,0.1,0.1,0.17108591,49925,0.029906150989358872
0.4,0.8,0.8,0.1,0.1710941,49925,0.036971306704896435
0.1,0.6,0.7,0.3,0.17110683,49925,0.03698686893711037
0.2,0.9,0.6,0.5,0.1711294,49925,0.035476835951
0.2,0.9,0.3,0.4,0.17114285,49925,0.03440777335473607
0.1,0.7,0.9,0.3,0.17114487,49925,0.03736576760091182
0.2,0.8,0.7,0.4,0.17116264,49925,0.03619463124157795
0.2,0.5,0.6,0.1,0.17117071,49925,0.037377780708263635
0.1,0.8,0.5,0.6,0.17119604,49925,0.035010883535310205
0.3,0.5,0.1,0.1,0.17121314,49925,0.032891747264800875
0.1,0.7,0.1,0.6,0.1712445,49925,0.030969973805008745
0.3,0.8,0.3,0.2,0.17125759,49925,0.03472917111338367
0.2,0.6,0.3,0.2,0.17125922,49925,0.035178364547297836
0.1,0.6,0.1,0.5,0.1712745,49925,0.03156692618507004
0.2,0.7,0.4,0.3,0.1712763,49925,0.03533067526578893
0.4,0.9,0.5,0.2,0.17128685,49925,0.03544763797168288
0.5,0.9,0.8,0.1,0.17130813,49925,0.03661544858533891
0.7,0.9,0.1,0.2,0.1713235,49925,0.030140406272289557
0.1,0.9,0.6,0.7,0.1713258,49925,0.03508796201802944
0.2,0.7,0.7,0.3,0.17133108,49925,0.036645709853117964
0.1,0.6,0.4,0.4,0.17134362,49925,0.0353021296103646
0.2,0.9,0.7,0.5,0.1713575,49925,0.03582875150232216
0.4,0.8,0.9,0.1,0.17136005,49925,0.037272552999337655
0.1,0.7,0.5,0.5,0.17137076,49925,0.035352484716634866
0.4,0.9,0.9,0.2,0.17137536,49925,0.03686925123403521
0.3,0.7,0.5,0.2,0.17138459,49925,0.035936593167286174
0.2,0.6,0.8,0.1,0.1713878,49925,0.037735650987448154
0.1,0.8,0.2,0.6,0.17138913,49925,0.03331683173623901
0.5,0.9,0.6,0.1,0.17139307,49925,0.03592267814161942
0.3,0.7,0.6,0.2,0.17140025,49925,0.036371963342800795
0.7,0.8,0.1,0.1,0.17141913,49925,0.030349513010233715
0.2,0.8,0.8,0.4,0.17142022,49925,0.036528114705837986
0.1,0.4,0.4,0.2,0.17142022,49925,0.036528114705837986
0.4,0.8,0.4,0.1,0.17142832,49925,0.035338051593748594
0.1,0.9,0.3,0.6,0.17143634,49925,0.03409365746154675
0.1,0.7,0.8,0.4,0.17143705,49925,0.03679899439195332
0.2,0.9,0.9,0.5,0.17145228,49925,0.036437222505941336
0.4,0.9,0.2,0.3,0.171461,49925,0.033420710230047744
0.2,0.9,0.2,0.6,0.17146364,49925,0.03306173881089555
0.1,0.8,0.6,0.6,0.17146382,49925,0.035395385994776665
0.1,0.5,0.3,0.3,0.171474,49925,0.03517900137930708
0.3,0.9,0.4,0.3,0.17148128,49925,0.034957104321635485
0.2,0.7,0.9,0.2,0.17150447,49925,0.03749597555034182
0.1,0.9,0.1,0.9,0.1715138,49925,0.029896061587610746
0.1,0.8,0.9,0.5,0.17152464,49925,0.036642434065765235
0.2,0.9,0.8,0.5,0.17159566,49925,0.03613489653072789
0.2,0.9,0.5,0.5,0.17163071,49925,0.035103926217968005
0.2,0.9,0.1,0.7,0.17164023,49925,0.03030503679994651
0.1,0.6,0.5,0.4,0.17164525,49925,0.03578794464928724
0.5,0.9,0.2,0.2,0.17165667,49925,0.03339740157754326
0.1,0.5,0.5,0.3,0.17167354,49925,0.03635410347117398
0.1,0.5,0.1,0.4,0.1716798,49925,0.032337448131356535
0.2,0.7,0.2,0.3,0.17170689,49925,0.03415710619994818
0.1,0.7,0.6,0.5,0.17171544,49925,0.03576111484122443
0.3,0.6,0.6,0.1,0.17171557,49925,0.03690568058904257
0.1,0.9,0.7,0.7,0.1717301,49925,0.03541200351886021
0.3,0.7,0.7,0.2,0.17173138,49925,0.03677898601764149
0.1,0.5,0.4,0.3,0.17175047,49925,0.03581846822940107
0.5,0.9,0.5,0.1,0.17176208,49925,0.035524179744161055
0.3,0.8,0.6,0.3,0.1717642,49925,0.035955565519421535
0.1,0.7,0.4,0.5,0.1718143,49925,0.03490477748064172
0.3,0.8,0.2,0.3,0.17183518,49925,0.03382783822399304
0.4,0.8,0.3,0.1,0.17183992,49925,0.03481724335545446
0.1,0.8,0.7,0.6,0.17184842,49925,0.03574700424159512
0.6,0.8,0.1,0.2,0.17187373,49925,0.03059423575354087
0.3,0.7,0.9,0.1,0.17190754,49925,0.03760312172847356
0.2,0.6,0.7,0.2,0.17191595,49925,0.037165284649611524
0.6,0.7,0.1,0.1,0.17193562,49925,0.03090164855998744
0.3,0.8,0.7,0.3,0.17194025,49925,0.03633277225457688
0.2,0.6,0.1,0.4,0.17195901,49925,0.031813077236639106
0.1,0.9,0.8,0.7,0.17196126,49925,0.03573121022842285
0.1,0.6,0.6,0.4,0.1719618,49925,0.03624389888793289
0.1,0.9,0.2,0.8,0.17196397,49925,0.03257860784289059
0.1,0.9,0.5,0.7,0.17196883,49925,0.03472844663302687
0.3,0.9,0.3,0.3,0.17201656,49925,0.034503695618178946
0.1,0.3,0.1,0.1,0.17201656,49925,0.034503695618178946
0.2,0.6,0.2,0.2,0.17201656,49925,0.034503695618178946
0.6,0.9,0.2,0.1,0.17204411,49925,0.03335263769315836
0.3,0.8,0.8,0.3,0.17204565,49925,0.03666960218695465
0.1,0.6,0.9,0.1,0.17206854,49925,0.03810536049198417
0.1,0.8,0.1,0.8,0.17209011,49925,0.030253430893289905
0.2,0.7,0.3,0.3,0.17209339,49925,0.034828849287235605
0.1,0.7,0.2,0.5,0.17212558,49925,0.03372604368564809
0.3,0.9,0.7,0.4,0.1721262,49925,0.0359542905153763
0.1,0.7,0.7,0.5,0.17212641,49925,0.036151896676032205
0.1,0.6,0.3,0.4,0.17213014,49925,0.0347408015938876
0.2,0.8,0.4,0.4,0.17214078,49925,0.03497324337006009
0.1,0.4,0.2,0.2,0.17214078,49925,0.03497324337006009
0.3,0.9,0.8,0.4,0.17216447,49925,0.036282226290219245
0.5,0.9,0.9,0.1,0.17216921,49925,0.03693205684483535
0.4,0.7,0.5,0.1,0.17217088,49925,0.03600647437146477
0.1,0.5,0.2,0.3,0.17217216,49925,0.03448864783285146
0.2,0.8,0.1,0.6,0.17217588,49925,0.03070140863081913
0.1,0.7,0.1,0.7,0.17219055,49925,0.030669955846867013
0.4,0.9,0.4,0.2,0.17219207,49925,0.035026220440932974
0.2,0.7,0.1,0.5,0.1722189,49925,0.031213821212743943
0.3,0.6,0.7,0.1,0.1722197,49925,0.03727506704302028
0.1,0.8,0.8,0.6,0.17222148,49925,0.03608221689912088
0.2,0.8,0.9,0.4,0.17224453,49925,0.03683262827351207
0.4,0.7,0.6,0.1,0.17226054,49925,0.0364503194487374
0.3,0.9,0.2,0.5,0.17227013,49925,0.0331817682994962
0.1,0.8,0.4,0.6,0.17229223,49925,0.03461312033849661
0.2,0.8,0.2,0.5,0.1722933,49925,0.03351383000302408
0.3,0.8,0.5,0.3,0.17229922,49925,0.03555130123907159
0.1,0.9,0.9,0.7,0.17230718,49925,0.036033500484199246
0.5,0.7,0.1,0.2,0.17232206,49925,0.03115180645188851
0.3,0.9,0.1,0.6,0.17232999,49925,0.030427720336515775
0.3,0.9,0.9,0.4,0.17234236,49925,0.03656877065533521
0.2,0.9,0.4,0.5,0.17236453,49925,0.034714001517361356
0.3,0.7,0.1,0.4,0.1723664,49925,0.03129994303004769
0.3,0.6,0.3,0.1,0.17238021,49925,0.03527249712976678
0.6,0.9,0.1,0.3,0.17240086,49925,0.03034357443453362
0.2,0.8,0.3,0.4,0.17240214,49925,0.03452811726421442
0.2,0.7,0.8,0.3,0.17241487,49925,0.03698464650573818
0.3,0.9,0.6,0.4,0.17242476,49925,0.035593042454778526
0.1,0.7,0.3,0.5,0.17244574,49925,0.034420126727495615
0.2,0.4,0.1,0.1,0.17245279,49925,0.033834537512624
0.4,0.8,0.2,0.2,0.17245279,49925,0.033834537512624
0.3,0.7,0.4,0.2,0.17245764,49925,0.035435585789876906
0.3,0.8,0.1,0.5,0.17247501,49925,0.030818492336492025
0.4,0.8,0.6,0.2,0.17247835,49925,0.03604365697876424
0.2,0.4,0.3,0.1,0.17247835,49925,0.03604365697876424
0.4,0.7,0.1,0.3,0.17248051,49925,0.031282661855924265
0.2,0.9,0.3,0.5,0.17253116,49925,0.03427335470750394
0.4,0.8,0.7,0.2,0.17255592,49925,0.036408223817463774
0.3,0.7,0.2,0.2,0.17257814,49925,0.03420343506253171
0.4,0.8,0.1,0.4,0.17258234,49925,0.030841545631918134
0.1,0.8,0.3,0.6,0.1725846,49925,0.03415994141974963
0.4,0.9,0.3,0.2,0.17264001,49925,0.034535284751039334
0.5,0.6,0.1,0.1,0.17264912,49925,0.0316038434999651
0.2,0.9,0.2,0.7,0.1726515,49925,0.03279364032202626
0.4,0.9,0.7,0.3,0.17266226,49925,0.0360524522225833
0.1,0.9,0.4,0.7,0.17268525,49925,0.03436202474301087
0.2,0.5,0.4,0.2,0.1726972,49925,0.03604348957487084
0.1,0.9,0.2,0.9,0.17270763,49925,0.0322837025850762
0.2,0.9,0.6,0.6,0.17271407,49925,0.0352990061354276
0.1,0.6,0.1,0.6,0.17271414,49925,0.03118553428526799
0.9,0.9,0.1,0.1,0.17272314,49925,0.029754922373776024
0.3,0.7,0.8,0.2,0.17273927,49925,0.03710802875330619
0.5,0.9,0.1,0.4,0.17275947,49925,0.030440300184029056
0.4,0.9,0.1,0.5,0.1727874,49925,0.030476241876072875
0.1,0.6,0.2,0.4,0.17279118,49925,0.03410626920667611
0.1,0.8,0.2,0.7,0.17281629,49925,0.033042933987081725
0.1,0.9,0.6,0.8,0.17281806,49925,0.034860280905589534
0.5,0.8,0.1,0.3,0.17282364,49925,0.03077819376118362
0.1,0.8,0.9,0.6,0.17284335,49925,0.0363774803223687
0.2,0.9,0.1,0.8,0.17285722,49925,0.030108995733608986
0.4,0.9,0.2,0.4,0.17286664,49925,0.033257552420331786
0.1,0.6,0.8,0.3,0.1729087,49925,0.03728939189600324
0.4,0.9,0.8,0.3,0.17292386,49925,0.03638201626598649
0.2,0.7,0.5,0.4,0.172934,49925,0.03557773935162852
0.1,0.7,0.8,0.5,0.17294079,49925,0.036486062501793065
0.2,0.5,0.1,0.3,0.1729415,49925,0.03258375308394373
0.3,0.8,0.9,0.3,0.17294455,49925,0.03696660620746168
0.3,0.6,0.1,0.3,0.17295435,49925,0.03188849652032024
0.3,0.6,0.2,0.1,0.17295781,49925,0.03458071441697202
0.2,0.6,0.5,0.3,0.17296496,49925,0.03600884353098287
0.2,0.8,0.6,0.5,0.17299211,49925,0.035594684279281315
0.1,0.7,0.9,0.4,0.17301658,49925,0.03707166076766058
0.4,0.9,0.9,0.3,0.1730243,49925,0.03666823422718459
0.2,0.8,0.8,0.5,0.17302886,49925,0.03627823616179982
0.2,0.8,0.5,0.5,0.17305428,49925,0.03521702037714282
0.4,0.7,0.8,0.1,0.17305496,49925,0.037189480199567734
0.5,0.9,0.4,0.1,0.17306077,49925,0.03509918101922852
0.3,0.9,0.5,0.4,0.17306131,49925,0.03522984374164641
0.1,0.9,0.3,0.7,0.17307496,49925,0.03390683089282624
0.3,0.8,0.4,0.3,0.1730784,49925,0.03511698789967744
0.2,0.9,0.8,0.6,0.1730834,49925,0.03591825236192709
0.4,0.7,0.4,0.1,0.17308588,49925,0.03552127078729137
0.2,0.9,0.9,0.6,0.17308706,49925,0.03621379141041058
0.1,0.8,0.5,0.7,0.17309529,49925,0.034775241605031176
0.2,0.7,0.7,0.4,0.17309943,49925,0.03635846510990913
0.2,0.8,0.7,0.5,0.1731013,49925,0.03595369305357158
0.1,0.8,0.1,0.9,0.17311054,49925,0.02997815732535509
0.4,0.7,0.7,0.1,0.17318103,49925,0.03685288513210329
0.2,0.8,0.1,0.7,0.17318238,49925,0.030497020443002638
0.4,0.8,0.9,0.2,0.17318797,49925,0.037043125412163744
0.2,0.9,0.7,0.6,0.17319861,49925,0.03560923342661352
0.3,0.7,0.3,0.2,0.17320104,49925,0.034915198607499344
0.2,0.7,0.6,0.4,0.1732087,49925,0.03598603075174711
0.2,0.4,0.4,0.1,0.17321876,49925,0.03674897553864805
0.4,0.8,0.8,0.2,0.17321876,49925,0.03674897553864805
0.4,0.9,0.6,0.3,0.17322017,49925,0.03569743655611845
0.2,0.6,0.6,0.3,0.17322391,49925,0.03645834163110808
0.5,0.8,0.2,0.1,0.17322469,49925,0.033837200749227025
0.1,0.6,0.7,0.4,0.17323826,49925,0.036626979304728566
0.3,0.8,0.2,0.4,0.17325398,49925,0.03365349273578909
0.2,0.5,0.5,0.2,0.17325865,49925,0.036601451310595855
0.2,0.7,0.2,0.4,0.17328486,49925,0.03393963137470406
0.3,0.9,0.2,0.6,0.1732853,49925,0.03294695256573375
0.4,0.6,0.1,0.2,0.17332637,49925,0.031808534540037174
0.3,0.9,0.4,0.4,0.17332841,49925,0.03486959481233173
0.4,0.8,0.5,0.2,0.17334887,49925,0.03562213892715372
0.1,0.4,0.5,0.2,0.17335466,49925,0.0370774197405067
0.2,0.6,0.4,0.3,0.17335881,49925,0.03551421843905397
0.5,0.9,0.8,0.2,0.17336333,49925,0.03643310310746488
0.8,0.9,0.1,0.2,0.17336583,49925,0.029985204221945335
0.5,0.8,0.7,0.1,0.17337395,49925,0.036467130216434426
0.2,0.9,0.1,0.9,0.17339426,49925,0.02991793133452738
0.1,0.5,0.6,0.3,0.1733985,49925,0.03681719139598955
0.1,0.7,0.1,0.8,0.17342985,49925,0.030355779414977392
0.5,0.8,0.6,0.1,0.17346543,49925,0.03610176634682451
0.2,0.7,0.9,0.3,0.17348212,49925,0.03725891274882765
0.2,0.9,0.5,0.6,0.17348614,49925,0.034932737494634054
0.5,0.9,0.3,0.1,0.17349255,49925,0.034632155591431596
0.1,0.9,0.8,0.8,0.173507,49925,0.03549544570406332
0.1,0.8,0.6,0.7,0.17352484,49925,0.03512579558501424
0.3,0.8,0.3,0.3,0.17352572,49925,0.03465615152453029
0.2,0.8,0.2,0.6,0.17353848,49925,0.03326842307383167
0.1,0.4,0.1,0.3,0.17353848,49925,0.03326842307383167
0.2,0.9,0.3,0.6,0.17353886,49925,0.03410210884086736
0.5,0.9,0.6,0.2,0.17354599,49925,0.03575360967104717
0.2,0.7,0.4,0.4,0.17354622,49925,0.03511565820898229
0.5,0.9,0.2,0.3,0.17355913,49925,0.03325405862209103
0.5,0.9,0.7,0.2,0.1735611,49925,0.03611841992589397
0.1,0.9,0.7,0.8,0.1735617,49925,0.03516894561530911
0.3,0.9,0.3,0.4,0.17357814,49925,0.03441578129978303
0.6,0.9,0.2,0.2,0.17358083,49925,0.033191351132973904
0.5,0.8,0.5,0.1,0.17359747,49925,0.03569872208434395
0.1,0.5,0.7,0.2,0.173599,49925,0.03754470467046588
0.1,0.9,0.5,0.8,0.17359966,49925,0.03451580178991398
0.1,0.9,0.9,0.8,0.17360169,49925,0.03577171057629902
0.8,0.8,0.1,0.1,0.17362544,49925,0.030172385531566655
0.1,0.8,0.7,0.7,0.17368951,49925,0.03548828995710108
0.2,0.5,0.3,0.2,0.1737023,49925,0.03540985475007246
0.1,0.7,0.6,0.6,0.1737076,49925,0.035472293076890204
0.4,0.9,0.5,0.3,0.17370856,49925,0.03533397953383834
0.1,0.7,0.2,0.6,0.17371185,49925,0.03346300350719282
0.1,0.8,0.8,0.7,0.173727,49925,0.03580724300543251
0.4,0.7,0.2,0.1,0.17374244,49925,0.03427207121432866
0.1,0.7,0.5,0.6,0.17376521,49925,0.03507461374096924
0.3,0.9,0.1,0.7,0.17376813,49925,0.030272492470166286
0.2,0.8,0.4,0.5,0.17377236,49925,0.03480848689877306
0.1,0.8,0.2,0.8,0.17379893,49925,0.032731762680571125
0.2,0.6,0.8,0.2,0.17380463,49925,0.03746269362685943
0.1,0.3,0.4,0.1,0.17380463,49925,0.03746269362685943
0.2,0.8,0.3,0.5,0.17380783,49925,0.03436341723258156
0.1,0.6,0.4,0.5,0.17381877,49925,0.03498725432438849
0.1,0.7,0.7,0.6,0.17383215,49925,0.03584252591181276
0.7,0.9,0.2,0.1,0.17385027,49925,0.03311624675531914
0.5,0.8,0.8,0.1,0.17386475,49925,0.036802987611730745
0.2,0.9,0.2,0.8,0.17387769,49925,0.03251873705210981
0.3,0.9,0.7,0.5,0.17387882,49925,0.03576325277364276
0.7,0.9,0.1,0.3,0.17388535,49925,0.030180109694270405
0.4,0.8,0.4,0.2,0.17389187,49925,0.03519448841040526
0.2,0.4,0.2,0.1,0.17389187,49925,0.03519448841040526
0.4,0.8,0.2,0.3,0.17389727,49925,0.033684133990014034
0.2,0.7,0.8,0.4,0.17392224,49925,0.03669590763503759
0.1,0.6,0.6,0.5,0.17393066,49925,0.0358886054530856
0.2,0.5,0.7,0.1,0.173931,49925,0.03771092415892307
0.3,0.9,0.8,0.5,0.17393494,49925,0.03606203427860226
0.7,0.8,0.1,0.2,0.17393613,49925,0.030407524834080893
0.2,0.7,0.1,0.6,0.17394799,49925,0.030947960989459126
0.5,0.9,0.9,0.2,0.17394815,49925,0.0367427571678193
0.2,0.8,0.9,0.5,0.17396301,49925,0.0365761918437719
0.1,0.6,0.5,0.5,0.17397629,49925,0.035451588650432936
0.1,0.5,0.1,0.5,0.17398663,49925,0.03184387952197046
0.2,0.9,0.4,0.6,0.17399031,49925,0.03455568614605089
0.4,0.5,0.1,0.1,0.17401549,49925,0.03246242826877155
0.2,0.7,0.3,0.4,0.17402145,49925,0.03465077595434476
0.3,0.8,0.7,0.4,0.17402303,49925,0.03609732358496283
0.4,0.9,0.1,0.6,0.17403513,49925,0.030347976415777033
0.7,0.7,0.1,0.1,0.17403792,49925,0.030661183965818465
0.3,0.7,0.6,0.3,0.17407759,49925,0.03614518725581724
0.1,0.9,0.4,0.8,0.17408249,49925,0.03417431546654434
0.1,0.8,0.9,0.7,0.17408547,49925,0.03610170236506645
0.5,0.9,0.5,0.2,0.17409807,49925,0.03538929577590382
0.3,0.7,0.9,0.2,0.1741043,49925,0.03736440757998361
0.4,0.7,0.3,0.1,0.17410491,49925,0.034994554844340636
0.3,0.8,0.8,0.4,0.17412937,49925,0.03643368709218275
0.1,0.5,0.5,0.4,0.17413235,49925,0.035947908393461736
0.3,0.6,0.5,0.2,0.17413491,49925,0.03615856520638452
0.3,0.5,0.1,0.2,0.17413813,49925,0.03261958791926529
0.3,0.9,0.9,0.5,0.17413859,49925,0.03634769270351129
0.1,0.4,0.6,0.1,0.17414832,49925,0.03790021207232383
0.2,0.6,0.2,0.3,0.17415309,49925,0.034342153619024665
0.3,0.9,0.6,0.5,0.17415607,49925,0.035421836772568445
0.3,0.7,0.7,0.3,0.17416517,49925,0.03653139708924323
0.1,0.7,0.4,0.6,0.17416658,49925,0.03465791415938424
0.2,0.6,0.3,0.3,0.17417097,49925,0.03497692510583333
0.1,0.6,0.1,0.7,0.17418191,49925,0.030794008271634653
0.3,0.8,0.1,0.6,0.1741854,49925,0.03064143419234464
0.3,0.6,0.8,0.1,0.17418784,49925,0.03756641915040854
0.2,0.9,0.8,0.7,0.17419462,49925,0.03571417811919781
0.3,0.8,0.6,0.4,0.17420158,49925,0.03575490369054753
0.1,0.9,0.3,0.8,0.17420268,49925,0.03371572102624635
0.4,0.9,0.3,0.3,0.17420886,49925,0.034456889428830816
0.3,0.6,0.6,0.2,0.17420916,49925,0.03661691654230394
0.5,0.8,0.9,0.1,0.17425352,49925,0.03712430084504076
0.2,0.6,0.7,0.3,0.17425418,49925,0.03684574800776608
0.2,0.5,0.2,0.2,0.17425692,49925,0.034733291706228596
0.5,0.9,0.1,0.5,0.17425817,49925,0.030359571647835874
0.4,0.9,0.4,0.3,0.17425868,49925,0.034927122098273575
0.2,0.6,0.9,0.1,0.17426085,49925,0.03797545193877284
0.1,0.6,0.9,0.2,0.17426407,49925,0.03781580649493724
0.4,0.9,0.2,0.5,0.17427206,49925,0.033036915925128245
0.3,0.5,0.4,0.1,0.17428082,49925,0.03617690935878659
0.6,0.9,0.6,0.1,0.17431316,49925,0.03582604499694891
0.1,0.7,0.3,0.6,0.1743186,49925,0.03419282235876503
0.2,0.9,0.9,0.7,0.1743595,49925,0.0359833061162753
0.5,0.8,0.4,0.1,0.17436743,49925,0.03527587373643255
0.4,0.8,0.3,0.2,0.17436844,49925,0.034695626751412134
0.1,0.8,0.4,0.7,0.17438418,49925,0.03438278118329695
0.3,0.8,0.2,0.5,0.1743862,49925,0.03340824624330804
0.5,0.8,0.2,0.2,0.17438935,49925,0.03368365266320818
0.1,0.5,0.4,0.4,0.17439696,49925,0.035424457720941965
0.6,0.9,0.7,0.1,0.17441463,49925,0.0361629606485099
0.2,0.4,0.5,0.1,0.17441797,49925,0.037284768537214706
0.6,0.9,0.8,0.1,0.17443001,49925,0.036492231441901356
0.6,0.9,0.1,0.4,0.17443836,49925,0.030318698143235456
0.3,0.7,0.1,0.5,0.17444324,49925,0.031086198302320057
0.1,0.7,0.8,0.6,0.17445144,49925,0.03617859161016294
0.3,0.7,0.2,0.3,0.17446545,49925,0.034079304107049936
0.1,0.8,0.3,0.7,0.1744692,49925,0.03395449707917943
0.2,0.7,0.2,0.5,0.17448017,49925,0.03370720315935682
0.3,0.7,0.5,0.3,0.17448053,49925,0.0357204407121824
0.2,0.8,0.1,0.8,0.17449057,49925,0.030264625490853285
0.1,0.8,0.2,0.9,0.1745013,49925,0.032400472352710166
0.1,0.5,0.3,0.4,0.1745044,49925,0.03486022532492251
0.4,0.8,0.1,0.5,0.1745047,49925,0.030716571192078324
0.2,0.6,0.1,0.5,0.17452592,49925,0.031488066595575834
0.6,0.9,0.9,0.1,0.174528,49925,0.03677830613976921
0.3,0.9,0.5,0.5,0.17452997,49925,0.03506536917154851
0.2,0.5,0.6,0.2,0.17454444,49925,0.03704393717040528
0.5,0.8,0.1,0.4,0.17456126,49925,0.03069640585455363
0.3,0.9,0.2,0.7,0.1745756,49925,0.03269622323806134
0.3,0.6,0.4,0.2,0.17460099,49925,0.03565149041456104
0.2,0.8,0.7,0.6,0.17461987,49925,0.03571848445289036
0.6,0.8,0.1,0.3,0.17462084,49925,0.030602337528071476
0.1,0.6,0.2,0.5,0.17463233,49925,0.03384856785741851
0.4,0.7,0.9,0.1,0.17463386,49925,0.037446914825062794
0.3,0.9,0.1,0.8,0.17463842,49925,0.030092532206707184
0.1,0.9,0.6,0.9,0.17464721,49925,0.03463263403739812
0.1,0.9,0.8,0.9,0.1746605,49925,0.03523254297099235
0.6,0.9,0.5,0.1,0.1746628,49925,0.03545578071704025
0.1,0.4,0.4,0.3,0.17467804,49925,0.03603405887446567
0.2,0.8,0.8,0.6,0.17467804,49925,0.03603405887446567
0.3,0.5,0.3,0.1,0.1746817,49925,0.035544564498472944
0.4,0.9,0.8,0.4,0.17468846,49925,0.036195031724121
0.3,0.8,0.5,0.4,0.17469913,49925,0.03537477553850656
0.3,0.5,0.5,0.1,0.17470053,49925,0.03672138652199699
0.4,0.9,0.9,0.4,0.1747176,49925,0.03648338544967685
0.2,0.9,0.2,0.9,0.17472678,49925,0.032243621792972965
0.3,0.9,0.3,0.5,0.17472696,49925,0.03426525673501642
0.1,0.7,0.9,0.5,0.17473415,49925,0.03677831442358376
0.1,0.7,0.1,0.9,0.17473741,49925,0.03003681447507531
0.5,0.9,0.2,0.4,0.17474903,49925,0.0330678050319983
0.1,0.9,0.9,0.9,0.17475605,49925,0.035522471008544165
0.2,0.9,0.6,0.7,0.17477739,49925,0.03510210045719221
0.1,0.6,0.3,0.5,0.17478344,49925,0.03447415475594311
0.2,0.9,0.7,0.7,0.17479157,49925,0.03540217810571956
0.4,0.8,0.8,0.3,0.1748088,49925,0.036549135795923254
0.1,0.5,0.8,0.1,0.17482167,49925,0.03812704454744189
0.3,0.8,0.9,0.4,0.17482603,49925,0.036717888295989154
0.2,0.8,0.2,0.7,0.17483458,49925,0.03298334681214732
0.1,0.9,0.7,0.9,0.17485628,49925,0.034934898499080526
0.1,0.7,0.2,0.7,0.17486316,49925,0.033150883075148886
0.2,0.8,0.6,0.6,0.17487052,49925,0.035372823359577456
0.1,0.4,0.3,0.3,0.17487052,49925,0.035372823359577456
0.4,0.8,0.6,0.3,0.17489986,49925,0.035860596901055614
0.5,0.9,0.4,0.2,0.1749014,49925,0.03499082110493849
0.6,0.8,0.2,0.1,0.17491116,49925,0.03364450582473995
0.2,0.9,0.3,0.7,0.17491445,49925,0.03393472581991085
0.9,0.9,0.1,0.2,0.17492244,49925,0.029826950197347633
0.1,0.9,0.5,0.9,0.17493898,49925,0.034306297952069555
0.1,0.8,0.5,0.8,0.17494717,49925,0.034527185673033145
0.3,0.7,0.8,0.3,0.17494796,49925,0.036848337701168146
0.4,0.9,0.7,0.4,0.17495784,49925,0.035871528467697734
0.4,0.7,0.6,0.2,0.17495984,49925,0.03624063700182672
0.2,0.9,0.5,0.7,0.1749664,49925,0.03476959096686443
0.1,0.6,0.7,0.5,0.17497131,49925,0.036276192025285765
0.4,0.8,0.7,0.3,0.17497432,49925,0.036220134804872114
0.3,0.9,0.4,0.5,0.17497706,49925,0.03473534611485676
0.6,0.7,0.1,0.2,0.17497912,49925,0.03090116473683752
0.3,0.7,0.4,0.3,0.17498744,49925,0.035278294473653105
0.2,0.7,0.6,0.5,0.1749991,49925,0.035733338724084185
0.4,0.7,0.7,0.2,0.17500916,49925,0.03662906873335978
0.2,0.8,0.5,0.6,0.17504305,49925,0.03501282133888842
0.3,0.8,0.4,0.4,0.17504358,49925,0.03497858777121537
0.5,0.9,0.3,0.2,0.1750457,49925,0.03450844071776453
0.4,0.7,0.1,0.4,0.1750527,49925,0.031128128918578392
0.1,0.5,0.2,0.4,0.1750594,49925,0.034203485533955615
0.2,0.7,0.7,0.5,0.17511258,49925,0.03609630589306121
0.1,0.8,0.8,0.8,0.17512202,49925,0.035524072403838244
0.6,0.9,0.2,0.3,0.1751396,49925,0.03303707013696952
0.7,0.9,0.2,0.2,0.1751447,49925,0.03296844798821418
0.4,0.7,0.5,0.2,0.17514896,49925,0.03582464907364714
0.1,0.8,0.6,0.8,0.1751529,49925,0.0348624112003217
0.9,0.8,0.1,0.1,0.17515454,49925,0.029976211234798846
0.3,0.6,0.7,0.2,0.17517331,49925,0.03699015791631912
0.1,0.8,0.7,0.8,0.17518376,49925,0.035196819523628
0.1,0.9,0.4,0.9,0.17518659,49925,0.03397552587767654
0.5,0.9,0.9,0.3,0.17522244,49925,0.0365645740151992
0.2,0.7,0.9,0.4,0.17523701,49925,0.036979332958457074
0.8,0.9,0.1,0.3,0.17523858,49925,0.03001884617591997
0.2,0.6,0.5,0.4,0.17524625,49925,0.03573980865366655
0.8,0.9,0.2,0.1,0.17525338,49925,0.03286573515122741
0.4,0.9,0.6,0.4,0.17525473,49925,0.035566074696378486
0.4,0.7,0.2,0.2,0.17526245,49925,0.034101602644114985
0.4,0.9,0.2,0.6,0.17526372,49925,0.032816004047843676
0.5,0.8,0.3,0.1,0.17527047,49925,0.03478713623878668
0.3,0.6,0.3,0.2,0.17527148,49925,0.03512432717555628
0.5,0.7,0.1,0.3,0.17529345,49925,0.031064002237517017
0.3,0.5,0.6,0.1,0.1753027,49925,0.03716458476541116
0.2,0.7,0.1,0.7,0.17531916,49925,0.030665957599737656
0.6,0.6,0.1,0.1,0.17533666,49925,0.031272112563583115
0.2,0.8,0.1,0.9,0.17534181,49925,0.030007145354378307
0.4,0.8,0.9,0.3,0.17534614,49925,0.036840013573509765
0.4,0.6,0.4,0.1,0.17534669,49925,0.035745410073125
0.2,0.4,0.1,0.2,0.17534769,49925,0.0335040601777984
0.4,0.8,0.2,0.4,0.17534769,49925,0.0335040601777984
0.3,0.6,0.1,0.4,0.17534775,49925,0.03161862428492134
0.4,0.6,0.6,0.1,0.17535454,49925,0.036692018708964005
0.3,0.9,0.7,0.6,0.17536083,49925,0.0355913930455257
0.1,0.9,0.3,0.9,0.17536369,49925,0.03349003393975853
0.3,0.9,0.8,0.6,0.17536582,49925,0.03587124494352202
0.4,0.8,0.5,0.3,0.17537582,49925,0.03548326033220913
0.3,0.8,0.3,0.4,0.1753845,49925,0.0345434909315495
0.1,0.5,0.6,0.4,0.17538926,49925,0.03640066709920826
0.2,0.9,0.4,0.7,0.17539297,49925,0.03440983103367098
0.3,0.6,0.2,0.2,0.17539355,49925,0.0344376169930464
0.2,0.7,0.5,0.5,0.1753959,49925,0.035346603832162954
0.6,0.9,0.4,0.1,0.17542765,49925,0.035064324918328664
0.4,0.9,0.1,0.7,0.17545234,49925,0.030199866262808638
0.5,0.9,0.8,0.3,0.17545956,49925,0.03626587967612953
0.1,0.3,0.3,0.2,0.17546445,49925,0.036148854176994816
0.2,0.6,0.6,0.4,0.17546445,49925,0.036148854176994816
0.3,0.9,0.9,0.6,0.17546445,49925,0.03614885417699481
0.4,0.6,0.5,0.1,0.17547052,49925,0.03625495694016621
0.1,0.8,0.4,0.8,0.17547771,49925,0.03416499523545389
0.3,0.7,0.3,0.3,0.17548874,49925,0.03480160361975321
0.1,0.7,0.6,0.7,0.17548878,49925,0.03515054794805506
0.2,0.8,0.9,0.6,0.17548898,49925,0.0363308422288105
0.1,0.6,0.8,0.4,0.1754919,49925,0.03694667943633169
0.4,0.7,0.8,0.2,0.17551392,49925,0.03695024986987242
0.5,0.9,0.1,0.6,0.17552784,49925,0.030248747043660353
0.1,0.7,0.7,0.7,0.1755423,49925,0.03552801888060414
0.5,0.8,0.7,0.2,0.1755518,49925,0.03628560544222704
0.2,0.7,0.4,0.5,0.17555293,49925,0.03491909952699038
0.6,0.9,0.1,0.5,0.17555314,49925,0.030225960702684806
0.1,0.8,0.9,0.8,0.17556891,49925,0.035815696631350105
0.1,0.5,0.1,0.6,0.17556971,49925,0.0313747183781683
0.7,0.9,0.1,0.4,0.17559649,49925,0.03017793144438238
0.3,0.8,0.1,0.7,0.1755991,49925,0.030448854634017357
0.1,0.7,0.5,0.7,0.17561245,49925,0.03478245834756304
0.5,0.8,0.8,0.2,0.17562115,49925,0.036620521267479285
0.2,0.8,0.3,0.6,0.17562488,49925,0.03418690936641098
0.3,0.9,0.1,0.9,0.17563093,49925,0.029892838535627325
0.5,0.9,0.7,0.3,0.17566843,49925,0.03594920484711827
0.1,0.4,0.2,0.3,0.17567167,49925,0.03463091639890061
0.2,0.8,0.4,0.6,0.17567167,49925,0.03463091639890061
0.3,0.8,0.7,0.5,0.17568302,49925,0.03588336725893384
0.4,0.9,0.5,0.4,0.1756871,49925,0.035202685771550016
0.1,0.6,0.9,0.3,0.175708,49925,0.03752614373602398
0.1,0.6,0.1,0.8,0.17571175,49925,0.030419282951183155
0.3,0.9,0.2,0.8,0.17572418,49925,0.03243718399998831
0.4,0.7,0.4,0.2,0.17573452,49925,0.035365256997066656
0.2,0.6,0.8,0.3,0.17573541,49925,0.03716098036275086
0.1,0.5,0.7,0.3,0.17575309,49925,0.03717888331546316
0.3,0.5,0.2,0.1,0.17576328,49925,0.03482236349493314
0.5,0.7,0.7,0.1,0.17578702,49925,0.036680837800700285
0.1,0.8,0.3,0.8,0.17579344,49925,0.03370824522492276
0.8,0.8,0.1,0.2,0.17580652,49925,0.03021463037949015
0.4,0.6,0.1,0.3,0.17582232,49925,0.03161873181768225
0.3,0.8,0.8,0.5,0.1758362,49925,0.036189828784764316
0.5,0.6,0.1,0.2,0.1758362,49925,0.03151345137310281
0.2,0.5,0.1,0.4,0.17583841,49925,0.032182055813591806
0.2,0.9,0.8,0.8,0.17584175,49925,0.035481847726046165
0.2,0.9,0.7,0.8,0.17585403,49925,0.03519844045086853
0.2,0.7,0.8,0.5,0.17585522,49925,0.03642155535722562
0.1,0.4,0.1,0.4,0.1758569,49925,0.032688429597739266
0.2,0.8,0.2,0.8,0.1758569,49925,0.032688429597739266
0.1,0.7,0.4,0.7,0.17586097,49925,0.03437738918459324
0.6,0.9,0.3,0.1,0.17586693,49925,0.034572228463955086
0.3,0.7,0.2,0.4,0.1758734,49925,0.033869533169084795
0.2,0.7,0.3,0.5,0.17589521,49925,0.03444091728833279
0.5,0.9,0.6,0.3,0.17592043,49925,0.035618765895131174
0.5,0.8,0.2,0.3,0.17592302,49925,0.033508994419845846
0.1,0.6,0.5,0.6,0.17592871,49925,0.035102361566697965
0.2,0.9,0.9,0.8,0.17594469,49925,0.03574769176661545
0.1,0.7,0.3,0.7,0.17596883,49925,0.033944968624385743
0.5,0.8,0.9,0.2,0.17597392,49925,0.03691729210269543
0.5,0.8,0.6,0.2,0.17597982,49925,0.035923622222118146
0.2,0.7,0.2,0.6,0.17599551,49925,0.03343184549624696
0.4,0.9,0.4,0.4,0.17601067,49925,0.034850820602808245
0.5,0.8,0.5,0.2,0.1760246,49925,0.03554597834287069
0.2,0.6,0.2,0.4,0.17602599,49925,0.03412420107074393
0.1,0.3,0.1,0.2,0.17602599,49925,0.03412420107074393
0.3,0.9,0.3,0.6,0.17602599,49925,0.03412420107074393
0.4,0.9,0.3,0.4,0.1760369,49925,0.03437676949108894
0.6,0.9,0.9,0.2,0.17604929,49925,0.03661992107979011
0.1,0.7,0.8,0.7,0.17605267,49925,0.03586038386436706
0.1,0.7,0.9,0.6,0.17605817,49925,0.03646222046461903
0.3,0.8,0.2,0.6,0.17606603,49925,0.03315734117023104
0.2,0.5,0.4,0.3,0.1760694,49925,0.035727466621609236
0.3,0.8,0.6,0.5,0.17607272,49925,0.035561249530200234
0.3,0.9,0.6,0.6,0.17607477,49925,0.03527036911860111
0.1,0.3,0.2,0.2,0.17607477,49925,0.03527036911860111
0.2,0.6,0.4,0.4,0.17607477,49925,0.03527036911860111
0.1,0.7,0.2,0.8,0.17609307,49925,0.03281343866336596
0.3,0.4,0.1,0.1,0.17609504,49925,0.033474938356167834
0.6,0.8,0.2,0.2,0.17609504,49925,0.033474938356167834
0.5,0.7,0.2,0.1,0.17609543,49925,0.034123711656003274
0.2,0.5,0.5,0.3,0.17610121,49925,0.036219432511059246
0.1,0.6,0.6,0.6,0.1761181,49925,0.035526642904421216
0.4,0.9,0.8,0.5,0.17612448,49925,0.03600484039637327
0.2,0.6,0.9,0.2,0.17615598,49925,0.03769962144393956
0.4,0.6,0.7,0.1,0.17617387,49925,0.037089364497355344
0.2,0.5,0.7,0.2,0.17617685,49925,0.03739554434925586
0.5,0.9,0.2,0.5,0.17618337,49925,0.03288182954989415
0.4,0.8,0.1,0.6,0.17618766,49925,0.03055538280824388
0.6,0.8,0.8,0.1,0.17619283,49925,0.03666814784873683
0.4,0.8,0.4,0.3,0.17619875,49925,0.03508344040988402
0.3,0.9,0.5,0.6,0.17622574,49925,0.03492972486417352
0.5,0.7,0.5,0.1,0.17624706,49925,0.0358897432016061
0.4,0.8,0.3,0.3,0.1762586,49925,0.03462006871333359
0.4,0.7,0.3,0.2,0.17626533,49925,0.03487493640290575
0.3,0.9,0.4,0.6,0.17626886,49925,0.03457521227094863
0.3,0.7,0.9,0.3,0.17626911,49925,0.03712449880226441
0.3,0.6,0.9,0.1,0.17627135,49925,0.03782059424664958
0.3,0.8,0.5,0.5,0.17627648,49925,0.03519928613714574
0.2,0.8,0.8,0.7,0.17629161,49925,0.035774820094553086
0.3,0.7,0.6,0.4,0.17630973,49925,0.03589881299825602
0.8,0.7,0.1,0.1,0.17631036,49925,0.03044384056879122
0.5,0.7,0.6,0.1,0.1763205,49925,0.03630867931912342
0.4,0.6,0.2,0.1,0.17632127,49925,0.034515602233333574
0.3,0.7,0.7,0.4,0.17632197,49925,0.036261115202147504
0.2,0.9,0.3,0.8,0.17632803,49925,0.03374301210538767
0.7,0.8,0.2,0.1,0.17633298,49925,0.033419747357137486
0.6,0.9,0.6,0.2,0.17634556,49925,0.03568537913086809
0.1,0.6,0.2,0.6,0.1763475,49925,0.03351493296701503
0.6,0.9,0.8,0.2,0.17635104,49925,0.036319311934261134
0.2,0.8,0.7,0.7,0.17635286,49925,0.035474387611348954
0.5,0.9,0.5,0.3,0.17638561,49925,0.035266709875090306
0.1,0.6,0.4,0.6,0.17639354,49925,0.03465942580984499
0.6,0.9,0.7,0.2,0.17641497,49925,0.036009401582814855
0.1,0.8,0.8,0.9,0.17644718,49925,0.03523447213242227
0.2,0.6,0.7,0.4,0.17645067,49925,0.03652495084594761
0.7,0.9,0.2,0.3,0.17646876,49925,0.032829457091975114
0.3,0.8,0.9,0.5,0.17646891,49925,0.03647543236745844
0.3,0.6,0.8,0.2,0.17647165,49925,0.03728514290062264
0.2,0.6,0.3,0.4,0.17648165,49925,0.03475363106980058
0.3,0.7,0.1,0.6,0.17648718,49925,0.030853497155345008
0.1,0.8,0.5,0.9,0.17649055,49925,0.03427553641972542
0.4,0.6,0.3,0.1,0.1764968,49925,0.035207325253435215
0.1,0.8,0.7,0.9,0.17651418,49925,0.03493287097041387
0.7,0.8,0.1,0.3,0.17652626,49925,0.03042161273763958
0.2,0.7,0.1,0.8,0.17652658,49925,0.030366260814393132
0.4,0.7,0.9,0.2,0.1765272,49925,0.03721326294258538
0.4,0.9,0.9,0.5,0.17653678,49925,0.036283547116566985
0.2,0.8,0.6,0.7,0.17654127,49925,0.03515584019999749
0.5,0.9,0.3,0.3,0.1765425,49925,0.034401191439140895
0.2,0.6,0.1,0.6,0.17654318,49925,0.031150602443770204
0.2,0.9,0.6,0.8,0.17655444,49925,0.034899497707501934
0.6,0.8,0.6,0.1,0.17655605,49925,0.035999977987018476
0.7,0.9,0.9,0.1,0.176557,49925,0.03666690843589896
0.1,0.5,0.4,0.5,0.17656551,49925,0.035024888236794276
0.4,0.9,0.1,0.8,0.1765849,49925,0.030038786897093127
0.1,0.7,0.2,0.9,0.17659363,49925,0.0324694772369001
0.1,0.8,0.6,0.9,0.1766029,49925,0.03462485323411011
0.5,0.9,0.4,0.3,0.17660406,49925,0.03489644744983351
0.1,0.4,0.5,0.3,0.17660615,49925,0.03658149022014148
0.5,0.8,0.1,0.5,0.17661025,49925,0.030577926725310005
0.4,0.9,0.2,0.7,0.17662093,49925,0.03258488718180989
0.1,0.6,0.8,0.5,0.17663956,49925,0.03660058943591227
0.6,0.9,0.2,0.4,0.17664444,49925,0.03286787286100292
0.8,0.9,0.2,0.2,0.17665285,49925,0.032760345538157626
0.2,0.5,0.3,0.3,0.1766559,49925,0.035149005188405344
0.2,0.5,0.8,0.1,0.17666233,49925,0.037983098781634694
0.4,0.9,0.7,0.5,0.17666739,49925,0.035711550472907125
0.3,0.5,0.1,0.3,0.1766724,49925,0.03230345437371174
0.9,0.9,0.2,0.1,0.17668262,49925,0.0326188357945751
0.1,0.4,0.6,0.2,0.17669937,49925,0.03747708143558473
0.3,0.6,0.5,0.3,0.17671216,49925,0.035903938710634145
0.5,0.7,0.4,0.1,0.1767221,49925,0.03544474711153597
0.5,0.7,0.8,0.1,0.17673302,49925,0.03701844615301161
0.1,0.6,0.7,0.6,0.1767441,49925,0.0359107231889594
0.2,0.4,0.4,0.2,0.17674488,49925,0.03632776546416661
0.1,0.2,0.2,0.1,0.17674488,49925,0.03632776546416661
0.4,0.8,0.8,0.4,0.17674488,49925,0.03632776546416661
0.3,0.6,0.6,0.3,0.17674488,49925,0.03632776546416661
0.3,0.8,0.4,0.5,0.17675026,49925,0.03481378374455917
0.1,0.6,0.3,0.6,0.17676318,49925,0.034192449441256455
0.1,0.5,0.5,0.5,0.17676532,49925,0.03552713678381298
0.4,0.8,0.7,0.4,0.17676613,49925,0.03601838551383196
0.1,0.8,0.4,0.9,0.17677835,49925,0.03391700800528606
0.3,0.8,0.3,0.5,0.17678747,49925,0.03438150953675498
0.2,0.7,0.7,0.6,0.17679822,49925,0.035807119868053953
0.4,0.8,0.2,0.5,0.17680237,49925,0.03327107815549844
0.3,0.8,0.1,0.8,0.17680366,49925,0.030232462725419434
0.2,0.8,0.2,0.9,0.17680429,49925,0.03237726845798769
0.2,0.9,0.4,0.8,0.1768311,49925,0.034217902587034325
0.3,0.5,0.7,0.1,0.17683637,49925,0.0375196924914361
0.1,0.8,0.3,0.9,0.176842,49925,0.03346731478746298
0.6,0.8,0.1,0.4,0.17684218,49925,0.030535950431259472
0.1,0.6,0.1,0.9,0.17684728,49925,0.030054834584576993
0.3,0.7,0.5,0.4,0.17685191,49925,0.03551414795860087
0.3,0.7,0.8,0.4,0.17685206,49925,0.03656933329537459
0.6,0.8,0.5,0.1,0.17686495,49925,0.03560203353842371
0.3,0.9,0.9,0.7,0.17688055,49925,0.03594167611990773
0.2,0.9,0.5,0.8,0.17688084,49925,0.03457405112667236
0.2,0.8,0.9,0.7,0.17688787,49925,0.03607070073761923
0.3,0.7,0.4,0.4,0.17689459,49925,0.03509296902041679
0.7,0.7,0.1,0.2,0.17690445,49925,0.030667781975900726
0.2,0.7,0.6,0.6,0.17691305,49925,0.03546190793232371
0.5,0.8,0.4,0.2,0.1769178,49925,0.03514388495993811
0.5,0.5,0.1,0.1,0.17693704,49925,0.03207263063219052
0.4,0.7,0.1,0.5,0.17696306,49925,0.030942654905509806
0.6,0.9,0.5,0.2,0.1769669,49925,0.035348474577338265
0.2,0.7,0.9,0.5,0.17698686,49925,0.0366961483387036
0.5,0.8,0.3,0.2,0.17699668,49925,0.03466261517606642
0.9,0.9,0.1,0.3,0.17700723,49925,0.029854523795889695
0.1,0.5,0.8,0.2,0.1770173,49925,0.03781423057262256
0.1,0.8,0.9,0.9,0.17701805,49925,0.03552726366096907
0.5,0.7,0.3,0.1,0.1770227,49925,0.03496181415210487
0.4,0.9,0.3,0.5,0.1770253,49925,0.03424703385038155
0.4,0.7,0.2,0.3,0.17703012,49925,0.03394147680014902
0.1,0.7,0.6,0.8,0.17703666,49925,0.03484741771123899
0.3,0.9,0.2,0.9,0.17703691,49925,0.032170017910638414
0.2,0.9,0.8,0.9,0.17703739,49925,0.0352503224194069
0.3,0.9,0.8,0.7,0.17705,49925,0.03568188429552674
0.6,0.8,0.9,0.1,0.17706084,49925,0.03697045572100938
0.4,0.6,0.8,0.1,0.17706144,49925,0.037386099830575385
0.5,0.9,0.9,0.4,0.17707393,49925,0.03638057626133693
0.1,0.7,0.7,0.8,0.1770958,49925,0.03519597354118902
0.4,0.7,0.7,0.3,0.17709583,49925,0.036392098150274874
0.4,0.9,0.5,0.5,0.17711619,49925,0.035066928087784895
0.2,0.8,0.5,0.7,0.17711794,49925,0.03481024238711571
0.1,0.5,0.1,0.7,0.17712542,49925,0.03089108349898118
0.6,0.8,0.7,0.1,0.17712727,49925,0.03634440037305952
0.7,0.9,0.1,0.5,0.17713569,49925,0.030095457834122864
0.1,0.7,0.5,0.8,0.17713597,49925,0.03449188606064234
0.1,0.7,0.9,0.7,0.17713971,49925,0.03615171389614791
0.2,0.5,0.2,0.3,0.17714426,49925,0.03451507504075771
0.5,0.9,0.2,0.6,0.1771541,49925,0.03266640908611906
0.3,0.5,0.5,0.2,0.17716709,49925,0.03641351439868492
0.7,0.9,0.7,0.1,0.17716932,49925,0.03606177392014871
0.3,0.9,0.3,0.7,0.17718373,49925,0.03393361944072329
0.4,0.9,0.6,0.5,0.17720401,49925,0.03538750153858943
0.5,0.9,0.1,0.7,0.177211,49925,0.03010649497394536
0.4,0.7,0.6,0.3,0.17721264,49925,0.036017923742556926
0.5,0.9,0.8,0.4,0.17721939,49925,0.03609645687607687
0.7,0.9,0.6,0.1,0.17722175,49925,0.035732889062216874
0.1,0.6,0.9,0.4,0.17722197,49925,0.03719601268414616
0.6,0.9,0.3,0.2,0.17722444,49925,0.034450489176548166
0.5,0.9,0.7,0.4,0.17722744,49925,0.03581129185034212
0.2,0.4,0.6,0.1,0.17723627,49925,0.03768376787843159
0.2,0.9,0.7,0.9,0.17724276,49925,0.03497796326269752
0.3,0.9,0.7,0.7,0.1772486,49925,0.035400887588664685
0.6,0.9,0.1,0.6,0.1772488,49925,0.030127010157765043
0.2,0.5,0.6,0.3,0.17725745,49925,0.03665684640721382
0.4,0.5,0.1,0.2,0.17726502,49925,0.03224725417158457
0.2,0.8,0.4,0.7,0.17726977,49925,0.034437874502882805
0.2,0.7,0.5,0.6,0.17728645,49925,0.035093392214222204
0.3,0.7,0.2,0.5,0.17729703,49925,0.03362375809304104
0.4,0.8,0.6,0.4,0.17729864,49925,0.03567621158149006
0.2,0.4,0.3,0.2,0.17729864,49925,0.03567621158149006
0.4,0.8,0.9,0.4,0.17730069,49925,0.036613928916162754
0.2,0.9,0.9,0.9,0.17732006,49925,0.03552895338612595
0.8,0.9,0.1,0.4,0.17733085,49925,0.030019124161531047
0.4,0.9,0.1,0.9,0.1773392,49925,0.029852726801423354
0.3,0.8,0.2,0.7,0.17737544,49925,0.032880539434210466
0.2,0.8,0.3,0.7,0.17739856,49925,0.033997861601957384
0.7,0.6,0.1,0.1,0.17740367,49925,0.030958563062871123
0.6,0.9,0.4,0.2,0.17741486,49925,0.03495775838190828
0.5,0.8,0.8,0.3,0.17742541,49925,0.036421202784026656
0.3,0.6,0.7,0.3,0.17746672,49925,0.03669308455595254
0.7,0.9,0.8,0.1,0.1774748,49925,0.036370475034436016
0.2,0.7,0.2,0.7,0.1774751,49925,0.033128786117034736
0.2,0.7,0.1,0.9,0.17747523,49925,0.030081210438230775
0.5,0.7,0.2,0.2,0.17747636,49925,0.03394305734531259
0.2,0.9,0.3,0.9,0.17747745,49925,0.03353274803239328
0.3,0.7,0.3,0.4,0.17748812,49925,0.0346449414229735
0.3,0.8,0.7,0.6,0.17749274,49925,0.03568060734756172
0.5,0.7,0.9,0.1,0.1775116,49925,0.037302478509289486
0.5,0.8,0.2,0.4,0.17752866,49925,0.03332133198393843
0.1,0.5,0.2,0.5,0.17753674,49925,0.03385687003777088
0.6,0.8,0.4,0.1,0.17754471,49925,0.03522786834021001
0.3,0.5,0.4,0.2,0.1775507,49925,0.03589329572730928
0.4,0.8,0.1,0.7,0.1775578,49925,0.0303742494775047
0.3,0.6,0.2,0.3,0.17756905,49925,0.03429606298409848
0.6,0.7,0.1,0.3,0.17758507,49925,0.030866574438725713
0.6,0.8,0.2,0.3,0.17758852,49925,0.0333041119957387
0.3,0.6,0.1,0.5,0.17760126,49925,0.031337356766444856
0.3,0.8,0.8,0.6,0.17760196,49925,0.03597411681397231
0.5,0.7,0.1,0.4,0.17762381,49925,0.03093245868933191
0.1,0.4,0.1,0.5,0.17762414,49925,0.032062817433179895
0.2,0.6,0.6,0.5,0.17762895,49925,0.03583774677806739
0.6,0.9,0.9,0.3,0.1776346,49925,0.03643775007004025
0.4,0.6,0.6,0.2,0.1776346,49925,0.03643775007004024
0.2,0.3,0.3,0.1,0.1776346,49925,0.03643775007004024
0.1,0.6,0.2,0.7,0.17764816,49925,0.03317356661703005
0.7,0.9,0.5,0.1,0.17765129,49925,0.035383205446918066
0.1,0.7,0.8,0.8,0.1776595,49925,0.03552650991432522
0.7,0.9,0.3,0.1,0.17766318,49925,0.03450116843990166
0.7,0.8,0.2,0.2,0.17766356,49925,0.033248773017762405
0.4,0.8,0.5,0.4,0.17766884,49925,0.03534188321414991
0.4,0.9,0.4,0.5,0.17769396,49925,0.03471359276811148
0.9,0.8,0.1,0.2,0.17771053,49925,0.030031836159038584
0.2,0.6,0.1,0.7,0.17771336,49925,0.030798555914170727
0.4,0.7,0.5,0.3,0.17771779,49925,0.035628911553751426
0.2,0.9,0.6,0.9,0.1777249,49925,0.0346866144358433
0.2,0.6,0.2,0.5,0.17774689,49925,0.03383476925192789
0.3,0.9,0.6,0.7,0.17775199,49925,0.03509018145804387
0.5,0.8,0.7,0.3,0.17775652,49925,0.036095168177443675
0.1,0.5,0.7,0.4,0.17777672,49925,0.0367796346305467
0.4,0.9,0.8,0.6,0.17777747,49925,0.03581913098457616
0.2,0.8,0.7,0.8,0.17777994,49925,0.035221446873977276
0.1,0.7,0.3,0.8,0.17778817,49925,0.033656980109751274
0.3,0.6,0.4,0.3,0.17779997,49925,0.03545175097854296
0.8,0.9,0.2,0.3,0.1778011,49925,0.03262823266772184
0.2,0.7,0.8,0.6,0.17780837,49925,0.036141216807305275
0.5,0.8,0.6,0.3,0.17781149,49925,0.03575733169777781
0.2,0.6,0.9,0.3,0.17781214,49925,0.037421226452849114
0.2,0.6,0.5,0.5,0.17782663,49925,0.03545240444878588
0.1,0.7,0.4,0.8,0.17783049,49925,0.03410698220674894
0.3,0.8,0.1,0.9,0.17784718,49925,0.029989046422753612
0.6,0.9,0.2,0.5,0.17784847,49925,0.03269723808981452
0.6,0.8,0.3,0.1,0.17786482,49925,0.034748782740410857
0.4,0.7,0.8,0.3,0.17786539,49925,0.036712465510681185
0.1,0.5,0.6,0.5,0.17786586,49925,0.03597675300329105
0.1,0.6,0.5,0.7,0.17787907,49925,0.03475913223191121
0.5,0.9,0.3,0.4,0.17790568,49925,0.034312598702186906
0.3,0.9,0.4,0.7,0.17791873,49925,0.0344026635865073
0.2,0.8,0.8,0.8,0.17794068,49925,0.03552197238058552
0.1,0.4,0.4,0.4,0.17794068,49925,0.03552197238058552
0.2,0.7,0.4,0.6,0.17796859,49925,0.034691939554008816
0.5,0.9,0.6,0.4,0.1779699,49925,0.03549838426746643
0.3,0.6,0.3,0.3,0.17797974,49925,0.034962080688234906
0.1,0.2,0.1,0.1,0.17797974,49925,0.03496208068823491
0.2,0.4,0.2,0.2,0.17797974,49925,0.03496208068823491
0.4,0.8,0.4,0.4,0.17797974,49925,0.03496208068823491
0.8,0.8,0.2,0.1,0.17798245,49925,0.03317441689712647
0.4,0.9,0.2,0.8,0.17798615,49925,0.032348894004653524
0.6,0.9,0.7,0.3,0.1779924,49925,0.03586418805766074
0.3,0.7,0.9,0.4,0.17800349,49925,0.03686328166058079
0.3,0.8,0.2,0.8,0.1780039,49925,0.03259992566031628
0.4,0.8,0.2,0.6,0.17800736,49925,0.03301797641433423
0.2,0.4,0.1,0.3,0.17800736,49925,0.03301797641433423
0.7,0.9,0.4,0.1,0.17800865,49925,0.03503152044206298
0.1,0.5,0.3,0.5,0.17802021,49925,0.03449708563375835
0.2,0.8,0.6,0.8,0.17802773,49925,0.03490958186290092
0.1,0.4,0.3,0.4,0.17802773,49925,0.03490958186290092
0.6,0.7,0.2,0.1,0.17803124,49925,0.033917451971936616
0.2,0.6,0.8,0.4,0.17803347,49925,0.036842855292961545
0.1,0.3,0.4,0.2,0.17803347,49925,0.036842855292961545
0.4,0.9,0.9,0.6,0.17803478,49925,0.03607955397195696
0.1,0.6,0.4,0.7,0.17804064,49925,0.034319872062271196
0.1,0.6,0.8,0.6,0.17804594,49925,0.036229319148032485
0.1,0.6,0.6,0.7,0.17804821,49925,0.0351542560905938
0.4,0.8,0.3,0.4,0.17805973,49925,0.03452362933327224
0.2,0.4,0.5,0.2,0.1780903,49925,0.03686194248231055
0.4,0.6,0.5,0.2,0.1781098,49925,0.03600899000294661
0.5,0.7,0.7,0.2,0.17811427,49925,0.03645826357376915
0.2,0.5,0.1,0.5,0.17811912,49925,0.031744162433489674
0.5,0.8,0.9,0.3,0.17811957,49925,0.03670597262058617
0.3,0.8,0.6,0.6,0.17815293,49925,0.035364121116257835
0.5,0.8,0.1,0.6,0.17818144,49925,0.03042972081769144
0.4,0.9,0.3,0.6,0.1781936,49925,0.03408634740934725
0.2,0.9,0.5,0.9,0.17819424,49925,0.034379101102135184
0.2,0.7,0.3,0.6,0.17819774,49925,0.034225975031711264
0.5,0.9,0.5,0.4,0.1782092,49925,0.03516578316474926
0.3,0.4,0.4,0.1,0.17821601,49925,0.036482364054649025
0.6,0.8,0.8,0.2,0.17821601,49925,0.036482364054649025
0.3,0.7,0.6,0.5,0.17821872,49925,0.03567783784927208
0.3,0.5,0.6,0.2,0.17822096,49925,0.036850126971196655
0.3,0.7,0.7,0.5,0.17823102,49925,0.03600455797385282
0.2,0.9,0.4,0.9,0.1782462,49925,0.034026923724998395
0.3,0.8,0.9,0.6,0.17824644,49925,0.036264865160557117
0.8,0.8,0.1,0.3,0.17824839,49925,0.0302347723517018
0.3,0.9,0.5,0.7,0.17825368,49925,0.03476708722804513
0.9,0.7,0.1,0.1,0.17826429,49925,0.03021623238292982
0.4,0.9,0.7,0.6,0.17827097,49925,0.03554208740424272
0.6,0.9,0.6,0.3,0.1782746,49925,0.035531832914546195
0.4,0.6,0.4,0.2,0.1782746,49925,0.0355318329145462
0.2,0.3,0.2,0.1,0.1782746,49925,0.0355318329145462
0.5,0.9,0.2,0.7,0.17827624,49925,0.03246042206941708
0.1,0.5,0.9,0.1,0.17827895,49925,0.038329416649670975
0.6,0.6,0.1,0.2,0.17828572,49925,0.031227417281616276
0.4,0.7,0.2,0.4,0.17830452,49925,0.03372970867805169
0.4,0.7,0.4,0.3,0.1783374,49925,0.03522199056427178
0.1,0.5,0.1,0.8,0.17834276,49925,0.030431463276135964
0.3,0.9,0.3,0.8,0.17834622,49925,0.03374386402600705
0.9,0.9,0.2,0.2,0.17834996,49925,0.03252130131630953
0.6,0.8,0.1,0.5,0.17836577,49925,0.030425590987877966
0.7,0.9,0.2,0.4,0.17838511,49925,0.032667585952425096
0.3,0.8,0.4,0.6,0.17839944,49925,0.034637902276400456
0.3,0.5,0.3,0.2,0.1784045,49925,0.035331669456509604
0.4,0.6,0.2,0.2,0.17842545,49925,0.034342910138454696
0.2,0.3,0.1,0.1,0.17842545,49925,0.034342910138454696
0.6,0.9,0.3,0.3,0.17842545,49925,0.034342910138454696
0.3,0.7,0.1,0.7,0.17843841,49925,0.030599431710796154
0.1,0.4,0.7,0.1,0.17844379,49925,0.03818055994302877
0.3,0.6,0.9,0.2,0.17844528,49925,0.03756592302001162
0.5,0.8,0.5,0.3,0.178455,49925,0.03539774541293263
0.2,0.8,0.3,0.8,0.17845783,49925,0.0337711328657423
0.5,0.9,0.1,0.8,0.17846483,49925,0.02996286344292265
0.1,0.7,0.6,0.9,0.1784661,49925,0.03454123564475461
0.4,0.6,0.7,0.2,0.17847243,49925,0.0368187125405207
0.1,0.6,0.9,0.5,0.17847988,49925,0.03687035405880695
0.3,0.7,0.2,0.6,0.17848052,49925,0.03332847023265278
0.3,0.9,0.9,0.8,0.17848235,49925,0.03573592244656227
0.6,0.9,0.1,0.7,0.1784884,49925,0.02999555974955097
0.1,0.6,0.7,0.7,0.17848864,49925,0.03553532969991906
0.4,0.5,0.5,0.1,0.17849687,49925,0.0364970958190911
0.7,0.9,0.1,0.6,0.17849988,49925,0.029996327917408458
0.4,0.6,0.1,0.4,0.17850491,49925,0.03140433854893607
0.6,0.9,0.8,0.3,0.17850927,49925,0.0361392778469997
0.4,0.8,0.7,0.5,0.1785233,49925,0.03583194611326577
0.7,0.9,0.9,0.2,0.17852983,49925,0.03649103244779614
0.5,0.7,0.5,0.2,0.17854336,49925,0.03570379677132854
0.1,0.7,0.5,0.9,0.1785559,49925,0.03419756950150951
0.1,0.6,0.3,0.7,0.17856829,49925,0.03386628156062537
0.4,0.7,0.9,0.3,0.1785771,49925,0.03698666789482668
0.7,0.8,0.1,0.4,0.17858349,49925,0.030379135865122687
0.3,0.8,0.3,0.6,0.17858794,49925,0.034190378277771716
0.1,0.5,0.8,0.3,0.17859003,49925,0.037445380326896774
0.5,0.6,0.1,0.3,0.17861319,49925,0.03137318876714212
0.3,0.9,0.8,0.8,0.17861739,49925,0.03547252557434016
0.2,0.6,0.4,0.5,0.1786267,49925,0.034996257618270674
0.1,0.6,0.2,0.8,0.17863268,49925,0.03282011108751443
0.5,0.9,0.4,0.4,0.17863443,49925,0.034804468853910725
0.2,0.7,0.2,0.8,0.17863968,49925,0.032804236588336665
0.8,0.7,0.1,0.2,0.1786637,49925,0.030440390390066036
0.5,0.9,0.8,0.5,0.1786715,49925,0.03593522261318615
0.5,0.7,0.6,0.2,0.1786729,49925,0.03609495644166469
0.2,0.6,0.7,0.5,0.17868651,49925,0.03620406682777962
0.8,0.9,0.1,0.5,0.17868853,49925,0.029959756452280162
0.1,0.3,0.5,0.1,0.17872138,49925,0.03790570957176496
0.2,0.7,0.6,0.7,0.17872156,49925,0.03518740646709105
0.5,0.7,0.8,0.2,0.17872217,49925,0.036797048600182965
0.2,0.7,0.9,0.6,0.17873079,49925,0.03641825013663488
0.5,0.6,0.6,0.1,0.17873254,49925,0.036511314714806585
0.1,0.7,0.9,0.8,0.17873688,49925,0.03582151655579204
0.3,0.4,0.3,0.1,0.17874199,49925,0.03583136092786097
0.6,0.8,0.6,0.2,0.17874199,49925,0.03583136092786097
0.2,0.8,0.9,0.8,0.17874578,49925,0.03581412672374925
0.4,0.8,0.2,0.7,0.17874953,49925,0.03275949097423984
0.4,0.9,0.6,0.6,0.17875539,49925,0.03522718859105031
0.5,0.8,0.2,0.5,0.17876177,49925,0.033097783482905256
0.1,0.7,0.7,0.9,0.17877546,49925,0.03488246885300108
0.3,0.8,0.5,0.6,0.1787765,49925,0.03500529898657041
0.2,0.6,0.3,0.5,0.1787821,49925,0.03450549605631529
0.5,0.8,0.3,0.3,0.17878264,49925,0.034568858114873986
0.4,0.8,0.8,0.5,0.17880511,49925,0.03611219944651781
0.4,0.9,0.2,0.9,0.17880717,49925,0.03210928906631162
0.3,0.8,0.2,0.9,0.17883155,49925,0.03230277249875095
0.3,0.7,0.8,0.5,0.17884164,49925,0.03632386223974592
0.7,0.9,0.3,0.2,0.17888004,49925,0.03437431152116033
0.5,0.9,0.9,0.5,0.17890778,49925,0.03618639635992757
0.2,0.5,0.5,0.4,0.17890903,49925,0.03586314209083748
0.6,0.8,0.9,0.2,0.17890932,49925,0.0367757059016009
0.2,0.5,0.7,0.3,0.17891401,49925,0.037023051601229984
0.4,0.5,0.4,0.1,0.17891619,49925,0.03599737065456111
0.6,0.9,0.5,0.3,0.17892097,49925,0.035225953153755894
0.3,0.7,0.5,0.5,0.17892227,49925,0.03529742350519798
0.3,0.5,0.2,0.2,0.17892975,49925,0.0346730309084172
0.9,0.9,0.1,0.4,0.17893127,49925,0.029858241619463
0.4,0.7,0.3,0.3,0.17893629,49925,0.03476660388582429
0.7,0.9,0.6,0.2,0.17893875,49925,0.03561258027417781
0.5,0.8,0.4,0.3,0.17894101,49925,0.03503341801390105
0.7,0.9,0.7,0.2,0.17896545,49925,0.035925642164849045
0.6,0.9,0.2,0.6,0.17896685,49925,0.03251395437640017
0.2,0.6,0.1,0.8,0.17897737,49925,0.03045609901548967
0.3,0.9,0.7,0.8,0.17899936,49925,0.035200036050467315
0.3,0.6,0.8,0.3,0.17902172,49925,0.03701258244811211
0.5,0.6,0.2,0.1,0.17902926,49925,0.03438516041922056
0.4,0.8,0.6,0.5,0.17903134,49925,0.03551259433849369
0.1,0.7,0.3,0.9,0.17903218,49925,0.03340051753374534
0.1,0.4,0.5,0.4,0.17903925,49925,0.0360724604423367
0.1,0.4,0.2,0.4,0.1790418,49925,0.034209593335990836
0.2,0.8,0.4,0.8,0.1790418,49925,0.034209593335990836
0.1,0.5,0.4,0.6,0.17905426,49925,0.03462259623900475
0.5,0.9,0.7,0.5,0.1790567,49925,0.035653528327034674
0.2,0.7,0.7,0.7,0.17906564,49925,0.03552104379258704
0.1,0.7,0.8,0.9,0.17906907,49925,0.03521110674052485
0.5,0.7,0.4,0.2,0.17907071,49925,0.03529188114183865
0.2,0.8,0.5,0.8,0.17907643,49925,0.034579206156372735
0.6,0.7,0.7,0.1,0.17908764,49925,0.0365334348161601
0.5,0.7,0.2,0.3,0.17909846,49925,0.03376604877112165
0.4,0.8,0.9,0.5,0.17910245,49925,0.03639424712636639
0.4,0.8,0.1,0.8,0.17913552,49925,0.030173159698261193
0.2,0.5,0.8,0.2,0.17913851,49925,0.03767674707450864
0.4,0.6,0.9,0.1,0.17914385,49925,0.03765805393821386
0.6,0.8,0.7,0.2,0.17914732,49925,0.03614888476970654
0.3,0.5,0.1,0.4,0.1791636,49925,0.03193940900519635
0.1,0.5,0.5,0.6,0.1791715,49925,0.03509229946903041
0.7,0.8,0.2,0.3,0.17917866,49925,0.03308117401674617
0.4,0.9,0.5,0.6,0.17917949,49925,0.034914630903098674
0.6,0.8,0.5,0.2,0.17918235,49925,0.03547693485779697
0.7,0.9,0.8,0.2,0.17919335,49925,0.036205634919329696
0.6,0.8,0.2,0.4,0.17921051,49925,0.03312372996233657
0.3,0.4,0.1,0.2,0.17921051,49925,0.03312372996233657
0.2,0.8,0.7,0.9,0.17921829,49925,0.03496861761944689
0.4,0.6,0.3,0.2,0.17922133,49925,0.035051414445898585
0.6,0.7,0.2,0.2,0.17925331,49925,0.03372394255492431
0.1,0.5,0.1,0.9,0.17925689,49925,0.029995377352860966
0.9,0.9,0.2,0.3,0.1792602,49925,0.032412852741333396
0.1,0.7,0.4,0.9,0.17927495,49925,0.03381955551405103
0.2,0.5,0.4,0.4,0.179288,49925,0.03539836964137438
0.3,0.9,0.6,0.8,0.17928909,49925,0.034908530762702485
0.8,0.8,0.2,0.2,0.17929393,49925,0.03303753559606596
0.4,0.4,0.1,0.1,0.17929393,49925,0.03303753559606596
0.4,0.9,0.4,0.6,0.17929891,49925,0.034576136301825294
0.3,0.6,0.2,0.4,0.17929976,49925,0.03405718930191854
0.3,0.8,0.8,0.7,0.17930977,49925,0.03575379019744697
0.1,0.4,0.6,0.3,0.17931828,49925,0.03700269908748118
0.1,0.6,0.5,0.8,0.17932056,49925,0.03440692517356073
0.6,0.8,0.3,0.2,0.17932674,49925,0.034608375038775695
0.3,0.6,0.5,0.4,0.17933741,49925,0.035667866297963986
0.4,0.9,0.3,0.7,0.17934296,49925,0.033901773726818484
0.1,0.5,0.2,0.6,0.17934316,49925,0.03347662563770232
0.7,0.8,0.8,0.1,0.17934959,49925,0.036547801650146414
0.1,0.4,0.1,0.6,0.17934984,49925,0.031460859881072924
0.2,0.7,0.5,0.7,0.17935002,49925,0.03482768866152744
0.4,0.7,0.1,0.6,0.1793516,49925,0.030740464639257697
0.5,0.9,0.3,0.5,0.17935169,49925,0.03419722225436189
0.5,0.9,0.1,0.9,0.17935248,49925,0.029791270542070057
0.5,0.6,0.4,0.1,0.17936532,49925,0.03563140120872432
0.6,0.7,0.1,0.4,0.17938143,49925,0.030749065580526487
0.8,0.9,0.3,0.1,0.17939067,49925,0.03439729489542585
0.3,0.6,0.6,0.4,0.17939599,49925,0.036040917900835766
0.5,0.7,0.9,0.2,0.17941687,49925,0.0370762710901465
0.2,0.7,0.8,0.7,0.17942733,49925,0.03583767282691604
0.2,0.7,0.2,0.9,0.17943063,49925,0.03246619741982139
0.3,0.8,0.7,0.7,0.17943867,49925,0.0354611377483726
0.7,0.9,0.5,0.2,0.17944218,49925,0.03527859068213297
0.2,0.6,0.2,0.6,0.17944969,49925,0.0335341620590103
0.1,0.3,0.1,0.3,0.17944969,49925,0.0335341620590103
0.3,0.9,0.3,0.9,0.17944969,49925,0.0335341620590103
0.2,0.5,0.1,0.6,0.17944984,49925,0.03131649063420821
0.2,0.3,0.4,0.1,0.1794586,49925,0.037133981813375246
0.4,0.6,0.8,0.2,0.1794586,49925,0.037133981813375246
0.6,0.5,0.1,0.1,0.17946613,49925,0.0316683311837926
0.8,0.9,0.9,0.1,0.17946783,49925,0.03654945368715826
0.7,0.9,0.2,0.5,0.17948186,49925,0.03250668030435941
0.4,0.7,0.2,0.5,0.17948455,49925,0.0334672536439086
0.5,0.9,0.2,0.8,0.17949544,49925,0.03223395975176393
0.1,0.5,0.7,0.5,0.17950808,49925,0.036341296485675675
0.4,0.7,0.6,0.4,0.1795097,49925,0.035822880762801254
0.6,0.9,0.4,0.3,0.17951155,49925,0.03485115702457754
0.7,0.7,0.1,0.3,0.17953223,49925,0.030671212813176963
0.3,0.7,0.1,0.8,0.17953664,49925,0.0303426940758818
0.2,0.8,0.6,0.9,0.17954019,49925,0.03466536652528502
0.5,0.8,0.7,0.4,0.17954421,49925,0.035929044613514365
0.1,0.6,0.8,0.7,0.17954457,49925,0.03587259080423132
0.6,0.9,0.7,0.4,0.17954464,49925,0.03573039046469018
0.2,0.8,0.3,0.9,0.17955232,49925,0.03353653174888069
0.5,0.7,0.1,0.5,0.17955935,49925,0.03078967886937572
0.9,0.8,0.1,0.3,0.17957088,49925,0.030055623832250553
0.4,0.8,0.3,0.5,0.17957422,49925,0.03435456417286377
0.8,0.9,0.2,0.4,0.17957807,49925,0.032470852846236915
0.4,0.9,0.9,0.7,0.17958403,49925,0.035880004669800125
0.2,0.8,0.8,0.9,0.17959005,49925,0.035258683662156204
0.6,0.7,0.5,0.1,0.17959312,49925,0.03577559759158044
0.4,0.7,0.7,0.4,0.17959991,49925,0.03614715168708142
0.4,0.9,0.8,0.7,0.17960006,49925,0.03564000001221703
0.3,0.5,0.8,0.1,0.17960393,49925,0.03780489039638797
0.2,0.5,0.6,0.4,0.17962004,49925,0.03630437886424061
0.4,0.5,0.2,0.1,0.17962141,49925,0.0347622019365833
0.6,0.9,0.9,0.4,0.17962845,49925,0.03627268946012442
0.5,0.8,0.2,0.6,0.17962925,49925,0.03287207602409775
0.1,0.5,0.6,0.6,0.17964333,49925,0.03553811688762009
0.7,0.8,0.6,0.1,0.17964637,49925,0.035886533595074696
0.5,0.8,0.8,0.4,0.1796473,49925,0.03622145220988524
0.5,0.6,0.5,0.1,0.17965156,49925,0.03609279261003003
0.8,0.9,0.7,0.1,0.179658,49925,0.03597196545771523
0.3,0.4,0.5,0.1,0.17966208,49925,0.037028851122802416
0.3,0.6,0.1,0.6,0.17966616,49925,0.031048205993555813
0.4,0.5,0.3,0.1,0.17967568,49925,0.03542522770450071
0.1,0.6,0.6,0.8,0.17968166,49925,0.03479640695959986
0.3,0.9,0.4,0.8,0.17968358,49925,0.034236909698673795
0.9,0.8,0.2,0.1,0.17970014,49925,0.03290069978421947
0.6,0.9,0.8,0.4,0.17971647,49925,0.035996713110291706
0.3,0.7,0.3,0.5,0.17972386,49925,0.03445891649005483
0.4,0.5,0.6,0.1,0.17972916,49925,0.036938456040242824
0.1,0.6,0.2,0.9,0.17973115,49925,0.03245178865821533
0.7,0.7,0.2,0.1,0.1797363,49925,0.03370738484349004
0.3,0.7,0.4,0.5,0.17974663,49925,0.03489285192532553
0.3,0.9,0.8,0.9,0.1797485,49925,0.035270359395498954
0.8,0.9,0.8,0.1,0.17976007,49925,0.03626085670330645
0.6,0.7,0.6,0.1,0.17976473,49925,0.0361636813191968
0.3,0.5,0.7,0.2,0.17977126,49925,0.03719288155460735
0.4,0.7,0.8,0.4,0.1797727,49925,0.03646927476400143
0.2,0.6,0.9,0.4,0.17977756,49925,0.03710812323845677
0.3,0.8,0.3,0.7,0.17978197,49925,0.0339815752889282
0.3,0.8,0.9,0.7,0.17978385,49925,0.03600509143562148
0.7,0.8,0.7,0.1,0.17978865,49925,0.03621620701197992
0.2,0.8,0.9,0.9,0.17979029,49925,0.03553718279569225
0.5,0.8,0.6,0.4,0.17979465,49925,0.035611331052693034
0.3,0.4,0.2,0.1,0.17979768,49925,0.03510116627092725
0.6,0.8,0.4,0.2,0.17979768,49925,0.03510116627092725
0.3,0.6,0.7,0.4,0.17979881,49925,0.0364039278918091
0.7,0.8,0.3,0.1,0.17980146,49925,0.034665423764571365
0.3,0.8,0.6,0.7,0.17980747,49925,0.035145268128836525
0.5,0.9,0.6,0.5,0.17981523,49925,0.0353558572596504
0.8,0.6,0.1,0.1,0.17981564,49925,0.030686055828466178
0.4,0.5,0.1,0.3,0.17981845,49925,0.031976629825809295
0.7,0.8,0.9,0.1,0.1798261,49925,0.03681986426471943
0.4,0.8,0.5,0.5,0.17983636,49925,0.035162124757626124
0.4,0.8,0.4,0.5,0.17984742,49925,0.03479448778461983
0.3,0.9,0.5,0.8,0.17985249,49925,0.034579616917447
0.6,0.9,0.2,0.7,0.1798529,49925,0.03230162298583729
0.8,0.9,0.6,0.1,0.17985973,49925,0.03565618519718441
0.6,0.7,0.8,0.1,0.17986727,49925,0.036847559767289005
0.2,0.7,0.3,0.7,0.17986953,49925,0.033995654207144274
0.5,0.8,0.9,0.4,0.17986967,49925,0.03650138890108521
0.5,0.6,0.7,0.1,0.17989603,49925,0.0368872107763512
0.1,0.7,0.9,0.9,0.1799027,49925,0.03552608296570723
0.5,0.8,0.1,0.7,0.17990637,49925,0.030268040849555304
0.2,0.6,0.6,0.6,0.17993864,49925,0.03551686734951713
0.3,0.9,0.9,0.9,0.17993864,49925,0.03551686734951713
0.1,0.3,0.3,0.3,0.17993864,49925,0.03551686734951713
0.3,0.7,0.9,0.5,0.17995432,49925,0.036595461313552395
0.4,0.8,0.1,0.9,0.17995507,49925,0.029963195579321537
0.3,0.7,0.2,0.7,0.17996237,49925,0.033049801582694764
0.2,0.5,0.2,0.4,0.17996544,49925,0.034223758247995055
0.5,0.7,0.3,0.2,0.17996764,49925,0.034822291238934516
0.1,0.5,0.8,0.4,0.17998248,49925,0.03706097212263421
0.1,0.6,0.9,0.6,0.17999813,49925,0.03650830754832788
0.6,0.9,0.3,0.4,0.1799989,49925,0.034236802253298636
0.2,0.6,0.8,0.5,0.18001395,49925,0.036527943829637165
0.1,0.6,0.4,0.8,0.18001479,49925,0.03400166011948882
0.2,0.6,0.1,0.9,0.18003702,49925,0.03012309748626948
0.4,0.9,0.7,0.7,0.18006578,49925,0.03535708851167526
0.4,0.7,0.5,0.4,0.1800721,49925,0.0354571608841712
0.5,0.5,0.1,0.2,0.18008539,49925,0.031894881468212795
0.8,0.9,0.1,0.6,0.18009421,49925,0.029863159838360586
0.1,0.5,0.3,0.6,0.18009856,49925,0.034106758931279665
0.5,0.9,0.5,0.5,0.18010372,49925,0.03504905407941644
0.1,0.6,0.7,0.8,0.18011,49925,0.03516129015649652
0.8,0.8,0.1,0.4,0.1801151,49925,0.030200913171970663
0.2,0.4,0.1,0.4,0.18011788,49925,0.03249667086253071
0.4,0.8,0.2,0.8,0.18011788,49925,0.03249667086253071
0.6,0.9,0.1,0.8,0.18011981,49925,0.029848943176530113
0.7,0.9,0.4,0.2,0.1801312,49925,0.034926239557776455
0.3,0.6,0.4,0.4,0.180142,49925,0.03521902907997155
0.6,0.8,0.1,0.6,0.18014902,49925,0.0302860348207002
0.6,0.7,0.4,0.1,0.1801539,49925,0.03536551240294344
0.7,0.8,0.5,0.1,0.18015535,49925,0.035532896495191466
0.7,0.9,0.3,0.3,0.180157,49925,0.034249766032048025
0.2,0.7,0.4,0.7,0.18016684,49925,0.034435010330013366
0.3,0.7,0.1,0.9,0.18018791,49925,0.030078512363670866
0.7,0.9,0.2,0.6,0.18019244,49925,0.03232099289147255
0.2,0.5,0.9,0.1,0.18019791,49925,0.03817989981095528
0.7,0.9,0.1,0.7,0.18020603,49925,0.02987540066599205
0.5,0.6,0.3,0.1,0.18022156,49925,0.03514334853579604
0.1,0.5,0.9,0.2,0.18022686,49925,0.03802690562987665
0.6,0.8,0.8,0.3,0.18024601,49925,0.036280763256456995
0.5,0.9,0.8,0.6,0.18025702,49925,0.03576576705077929
0.7,0.8,0.4,0.1,0.18026718,49925,0.035149661182435385
0.6,0.7,0.3,0.1,0.18026966,49925,0.03489188770592636
0.1,0.6,0.3,0.8,0.18027622,49925,0.033561248171261854
0.2,0.7,0.9,0.7,0.18028417,49925,0.03613331434595561
0.2,0.6,0.5,0.6,0.18028457,49925,0.03514360915496543
0.8,0.9,0.5,0.1,0.18030897,49925,0.035330924387138564
0.7,0.9,0.8,0.3,0.18033704,49925,0.036054411170091165
0.4,0.8,0.7,0.6,0.18033826,49925,0.03562298264584874
0.2,0.7,0.6,0.8,0.18033874,49925,0.03491019140127528
0.6,0.8,0.2,0.5,0.18033983,49925,0.032919563825421355
0.3,0.9,0.7,0.9,0.18035316,49925,0.03499874779273995
0.2,0.8,0.5,0.9,0.18035471,49925,0.03434203549592404
0.3,0.7,0.7,0.6,0.18035585,49925,0.03576147647965494
0.6,0.9,0.6,0.4,0.1803586,49925,0.03541905810909583
0.5,0.7,0.2,0.4,0.18036406,49925,0.03354253220810477
0.5,0.9,0.3,0.6,0.18036655,49925,0.03401581733613536
0.7,0.8,0.1,0.5,0.18037115,49925,0.030279463162490288
0.2,0.7,0.7,0.8,0.1803804,49925,0.035223755179822916
0.3,0.7,0.6,0.6,0.18038845,49925,0.03543471001279206
0.7,0.9,0.9,0.3,0.18038982,49925,0.03631404296738089
0.5,0.9,0.4,0.5,0.18039533,49925,0.03469354420631972
0.4,0.6,0.2,0.3,0.18040396,49925,0.03417533564301667
0.2,0.5,0.3,0.4,0.18042639,49925,0.034846881206402655
0.6,0.8,0.7,0.3,0.18042783,49925,0.035986135058060385
0.5,0.7,0.7,0.3,0.18043518,49925,0.036242001614317294
0.8,0.8,0.2,0.3,0.18043754,49925,0.03285893698017973
0.4,0.9,0.6,0.7,0.1804567,49925,0.0350560160627178
0.4,0.6,0.5,0.3,0.18046048,49925,0.03579050228456262
0.8,0.9,0.4,0.1,0.18046305,49925,0.03495562989431071
0.5,0.9,0.9,0.6,0.1804795,49925,0.03600735632080384
0.9,0.8,0.2,0.2,0.1804806,49925,0.032778201874739184
0.1,0.2,0.3,0.1,0.18049213,49925,0.03728981194353354
0.2,0.4,0.6,0.2,0.18049213,49925,0.03728981194353354
0.3,0.6,0.9,0.3,0.18049213,49925,0.03728981194353355
0.4,0.6,0.1,0.5,0.18049368,49925,0.031167874658492457
0.3,0.5,0.5,0.3,0.18049677,49925,0.03608352805881497
0.6,0.7,0.9,0.1,0.18051827,49925,0.03713663592059278
0.7,0.9,0.7,0.3,0.18052353,49925,0.0357697575892947
0.9,0.9,0.2,0.4,0.18053475,49925,0.03228681113150398
0.4,0.9,0.3,0.8,0.18054524,49925,0.033694336935158234
0.5,0.7,0.6,0.3,0.18054749,49925,0.03590970405878261
0.4,0.6,0.6,0.3,0.1805528,49925,0.03618837223756006
0.4,0.8,0.8,0.6,0.18055317,49925,0.035896433747286585
0.2,0.4,0.4,0.3,0.18055317,49925,0.035896433747286585
0.7,0.6,0.1,0.2,0.18055439,49925,0.030929765730875414
0.2,0.6,0.7,0.6,0.18057284,49925,0.0358795919297629
0.6,0.7,0.2,0.3,0.18057376,49925,0.033548167497600256
0.9,0.9,0.1,0.5,0.18057582,49925,0.02980863398959254
0.5,0.9,0.2,0.9,0.1805882,49925,0.03200360997343559
0.2,0.5,0.1,0.7,0.18058917,49925,0.03089601019955837
0.5,0.6,0.8,0.1,0.18059894,49925,0.03721705514553164
0.7,0.8,0.2,0.4,0.18061152,49925,0.032908598558937185
0.8,0.9,0.3,0.2,0.18062083,49925,0.03425201577789687
0.8,0.9,0.2,0.5,0.18062574,49925,0.03231930198604741
0.6,0.8,0.6,0.3,0.18062794,49925,0.035666897034861575
0.3,0.5,0.4,0.3,0.1806292,49925,0.035619442923962415
0.5,0.6,0.1,0.4,0.18062927,49925,0.031178167354283654
0.4,0.8,0.9,0.6,0.18063368,49925,0.0361676062998686
0.2,0.8,0.4,0.9,0.18063524,49925,0.03398094412526493
0.3,0.7,0.8,0.6,0.18064426,49925,0.03604967241227322
0.3,0.8,0.8,0.8,0.18066257,49925,0.03551231931926748
0.2,0.7,0.5,0.8,0.18066296,49925,0.034556724027270704
0.5,0.8,0.3,0.4,0.18068498,49925,0.034451914690675066
0.6,0.8,0.9,0.3,0.18068501,49925,0.03656559267564497
0.4,0.7,0.4,0.4,0.18068527,49925,0.03506337790690423
0.3,0.6,0.3,0.4,0.18070757,49925,0.03474701151130671
0.1,0.4,0.3,0.5,0.18071692,49925,0.03441339908783563
0.7,0.7,0.2,0.2,0.1807175,49925,0.03352021010745794
0.1,0.4,0.4,0.5,0.18073936,49925,0.03499081472934104
0.1,0.4,0.1,0.7,0.18074858,49925,0.03088626069057546
0.6,0.6,0.1,0.3,0.18075223,49925,0.031116437021463796
0.4,0.7,0.1,0.7,0.18075407,49925,0.03052082250936762
0.5,0.7,0.8,0.3,0.18077056,49925,0.03656584036662018
0.4,0.6,0.7,0.3,0.18077211,49925,0.036556205159478446
0.4,0.5,0.7,0.1,0.18079641,49925,0.037305588817076324
0.2,0.7,0.8,0.8,0.18082084,49925,0.035541859872825106
0.4,0.9,0.4,0.7,0.18083844,49925,0.034414228691278
0.1,0.4,0.7,0.2,0.18084535,49925,0.03777804418996417
0.4,0.7,0.2,0.6,0.18084785,49925,0.033205916790543424
0.5,0.6,0.2,0.2,0.18084933,49925,0.034195706856932795
0.3,0.8,0.4,0.7,0.18085243,49925,0.0344464267147079
0.5,0.8,0.5,0.4,0.18085864,49925,0.035282529803156826
0.9,0.7,0.1,0.2,0.18089542,49925,0.03022589407161073
0.3,0.8,0.5,0.7,0.1809018,49925,0.034806662951774744
0.5,0.7,0.5,0.3,0.18090537,49925,0.03554148986128909
0.5,0.8,0.2,0.7,0.18091545,49925,0.032631556655054884
0.4,0.7,0.9,0.4,0.18093795,49925,0.036737294030354466
0.5,0.9,0.7,0.6,0.18095085,49925,0.03548271757810711
0.3,0.7,0.5,0.6,0.18095315,49925,0.0350709882279917
0.1,0.6,0.5,0.9,0.18095912,49925,0.034072493754268865
0.9,0.9,0.3,0.1,0.18096414,49925,0.03425397444623122
0.3,0.8,0.7,0.8,0.18096843,49925,0.035238094399921246
0.4,0.6,0.9,0.2,0.18097156,49925,0.03738825715305754
0.6,0.9,0.1,0.9,0.1809881,49925,0.029708555830398845
0.6,0.9,0.5,0.4,0.1809887,49925,0.03512375863983306
0.3,0.6,0.8,0.4,0.18099234,49925,0.03671273268632186
0.5,0.7,0.1,0.6,0.18100312,49925,0.03060924704338083
0.7,0.9,0.6,0.3,0.1810041,49925,0.035476751904819324
0.1,0.5,0.4,0.7,0.18101254,49925,0.03422021702967505
0.3,0.7,0.2,0.8,0.1810222,49925,0.03272983080286034
0.4,0.7,0.3,0.4,0.18102442,49925,0.0346223979661277
0.3,0.6,0.2,0.5,0.1810267,49925,0.033762210690949285
0.2,0.6,0.2,0.7,0.18103617,49925,0.033202983980306244
0.5,0.8,0.4,0.4,0.18107848,49925,0.03491979680370224
0.3,0.9,0.6,0.9,0.18108882,49925,0.034717392748360346
0.1,0.3,0.2,0.3,0.18108882,49925,0.03471739274836034
0.2,0.6,0.4,0.6,0.18108882,49925,0.03471739274836034
0.1,0.6,0.8,0.8,0.1810903,49925,0.0355188025144333
0.8,0.9,0.8,0.2,0.18109143,49925,0.03610529148974573
0.4,0.8,0.2,0.9,0.18109363,49925,0.032225191255158596
0.3,0.6,0.1,0.7,0.18115026,49925,0.030747026907866477
0.4,0.9,0.5,0.7,0.18115665,49925,0.03475126448593962
0.6,0.9,0.8,0.5,0.18115687,49925,0.03585168610542759
0.4,0.8,0.3,0.6,0.18116008,49925,0.03416347609055367
0.6,0.9,0.9,0.5,0.18116173,49925,0.03610798073471175
0.3,0.5,0.6,0.3,0.18116373,49925,0.0365119617169442
0.4,0.9,0.8,0.8,0.18116683,49925,0.03545534400792064
0.6,0.9,0.3,0.5,0.18119058,49925,0.034090616220491525
0.5,0.8,0.8,0.5,0.18119273,49925,0.036030569690014794
0.4,0.8,0.6,0.6,0.18119365,49925,0.035301092588651266
0.2,0.4,0.3,0.3,0.18119365,49925,0.035301092588651266
0.6,0.9,0.2,0.8,0.18119949,49925,0.03210771916776305
0.4,0.9,0.9,0.8,0.18120684,49925,0.03569740008584099
0.2,0.6,0.3,0.6,0.18120724,49925,0.03423374815105524
0.3,0.9,0.4,0.9,0.1812091,49925,0.03406810708897829
0.5,0.8,0.1,0.8,0.18121602,49925,0.030093863428540334
0.7,0.8,0.7,0.2,0.18121634,49925,0.03605600830253765
0.1,0.5,0.7,0.6,0.18123469,49925,0.03592501323094393
0.2,0.5,0.5,0.5,0.18123636,49925,0.03550412429644912
0.6,0.8,0.3,0.3,0.18124512,49925,0.034480810183974635
0.3,0.5,0.1,0.5,0.18125537,49925,0.031579676531487355
0.2,0.4,0.7,0.1,0.18126214,49925,0.037983905937991475
0.5,0.8,0.7,0.5,0.18126726,49925,0.0357490204699831
0.1,0.5,0.5,0.7,0.1812695,49925,0.03467737671760493
0.1,0.6,0.9,0.7,0.18127881,49925,0.03614132963337733
0.3,0.8,0.9,0.8,0.18128511,49925,0.035780101869763985
0.6,0.9,0.4,0.4,0.18129075,49925,0.034787275410085715
0.3,0.4,0.1,0.3,0.18131727,49925,0.03269767068734372
0.6,0.8,0.2,0.6,0.18131727,49925,0.03269767068734372
0.5,0.8,0.9,0.5,0.18131924,49925,0.03628879890678104
0.3,0.4,0.6,0.1,0.18132032,49925,0.037430208695732964
0.8,0.7,0.2,0.1,0.18135956,49925,0.03345408978433862
0.1,0.6,0.6,0.9,0.18137687,49925,0.034452587173494184
0.2,0.5,0.7,0.4,0.18138582,49925,0.036656728251914156
0.3,0.9,0.5,0.9,0.18139024,49925,0.03439494056608643
0.3,0.8,0.6,0.8,0.18140037,49925,0.034930386028308495
0.3,0.8,0.3,0.8,0.181406,49925,0.03377937561265877
0.2,0.4,0.5,0.3,0.18141231,49925,0.03641704907544637
0.7,0.9,0.1,0.8,0.18141527,49925,0.029753743134728814
0.2,0.7,0.3,0.8,0.18143725,49925,0.03374815096363195
0.5,0.7,0.9,0.3,0.18143877,49925,0.03684934685878111
0.8,0.7,0.1,0.3,0.18145123,49925,0.030448546768832387
0.7,0.8,0.6,0.2,0.18147513,49925,0.03573059011358265
0.8,0.9,0.7,0.2,0.18147975,49925,0.03583706893371533
0.4,0.7,0.6,0.5,0.18148638,49925,0.03561064744491036
0.1,0.4,0.5,0.5,0.18150373,49925,0.03553444754109827
0.1,0.5,0.2,0.7,0.18151021,49925,0.033087290206389085
0.4,0.9,0.7,0.8,0.1815184,49925,0.03517816139794719
0.7,0.9,0.2,0.7,0.18152148,49925,0.03214977157430626
0.7,0.8,0.9,0.2,0.18152489,49925,0.0366107636746655
0.6,0.7,0.1,0.5,0.18153009,49925,0.030618663739513177
0.3,0.7,0.3,0.6,0.18154386,49925,0.03424814388272988
0.5,0.9,0.3,0.7,0.18154564,49925,0.033833831591830836
0.4,0.7,0.7,0.5,0.18155254,49925,0.035918365716547954
0.6,0.7,0.6,0.2,0.18155715,49925,0.0359811017862222
0.6,0.7,0.8,0.2,0.1815592,49925,0.03662177449470254
0.3,0.6,0.6,0.5,0.18156001,49925,0.035755706907764924
0.7,0.7,0.1,0.4,0.18156679,49925,0.030554511333326612
0.1,0.6,0.7,0.9,0.18156739,49925,0.034823509077379106
0.6,0.8,0.1,0.7,0.1815968,49925,0.030141653630710617
0.2,0.7,0.9,0.8,0.18160014,49925,0.035835298415929424
0.4,0.6,0.4,0.3,0.18160552,49925,0.03536499415056033
0.5,0.9,0.6,0.6,0.1816298,49925,0.0351859934172933
0.6,0.7,0.5,0.2,0.18163145,49925,0.035596620215441924
0.1,0.5,0.6,0.7,0.18163875,49925,0.03510468263892117
0.3,0.7,0.9,0.6,0.18165794,49925,0.036347071350718387
0.2,0.5,0.8,0.3,0.18167284,49925,0.03733334277229105
0.8,0.9,0.1,0.7,0.18167284,49925,0.0297502062469606
0.4,0.9,0.3,0.9,0.18167733,49925,0.033497899170482424
0.8,0.9,0.9,0.2,0.18167906,49925,0.036365485282173385
0.5,0.6,0.5,0.2,0.18168272,49925,0.03585781915622874
0.7,0.8,0.8,0.2,0.18168819,49925,0.0363370546409056
0.6,0.6,0.2,0.1,0.18169391,49925,0.034179983549328045
0.3,0.5,0.2,0.3,0.18169534,49925,0.03445059671415275
0.5,0.6,0.6,0.2,0.18169904,49925,0.036254513723708984
0.6,0.8,0.5,0.3,0.18172154,49925,0.03533288643960927
0.7,0.8,0.2,0.5,0.1817255,49925,0.03270830576421779
0.2,0.6,0.6,0.7,0.18173558,49925,0.03517866580072479
0.6,0.9,0.7,0.5,0.18174025,49925,0.035575390251985
0.1,0.6,0.4,0.9,0.18174204,49925,0.033682135983870334
0.3,0.7,0.2,0.9,0.18174928,49925,0.03240741628105558
0.5,0.9,0.4,0.6,0.1817512,49925,0.03455253026350592
0.2,0.7,0.4,0.8,0.18177208,49925,0.03417896283231384
0.6,0.7,0.7,0.2,0.18177915,49925,0.03629914604600066
0.4,0.7,0.8,0.5,0.18178654,49925,0.03621402511294802
0.8,0.9,0.6,0.2,0.18178695,49925,0.035517900123634226
0.2,0.6,0.8,0.6,0.18180548,49925,0.03620850345698495
0.1,0.3,0.4,0.3,0.18180548,49925,0.03620850345698495
0.2,0.6,0.5,0.7,0.18182355,49925,0.03482339808459301
0.7,0.9,0.5,0.3,0.18182683,49925,0.035168855760294285
0.1,0.5,0.3,0.7,0.18182889,49925,0.03374324418905479
0.2,0.6,0.9,0.5,0.18183282,49925,0.036798500146897804
0.1,0.3,0.1,0.4,0.18185578,49925,0.03284231234010758
0.2,0.6,0.2,0.8,0.18185578,49925,0.03284231234010758
0.8,0.8,0.1,0.5,0.18186083,49925,0.030130622141789958
0.4,0.7,0.1,0.8,0.1818707,49925,0.030280841776977315
0.9,0.9,0.8,0.1,0.18187469,49925,0.036149565430611055
0.7,0.9,0.9,0.4,0.18187615,49925,0.03615456405129478
0.5,0.6,0.7,0.2,0.18188624,49925,0.03663416258138142
0.4,0.5,0.5,0.2,0.18190026,49925,0.036193069161368184
0.4,0.8,0.5,0.6,0.18190338,49925,0.03497670961320555
0.4,0.5,0.1,0.4,0.18190727,49925,0.031687802093259956
0.2,0.4,0.2,0.3,0.18192783,49925,0.034624611502286656
0.4,0.8,0.4,0.6,0.18192783,49925,0.034624611502286656
0.7,0.9,0.3,0.4,0.1819289,49925,0.0341173087499797
0.7,0.8,0.3,0.2,0.18193126,49925,0.034507093873623836
0.5,0.8,0.2,0.8,0.1819331,49925,0.032394678019976225
0.9,0.9,0.1,0.6,0.18193936,49925,0.02974166444277953
0.7,0.8,0.1,0.6,0.18195172,49925,0.030163261513438226
0.5,0.7,0.4,0.3,0.18195182,49925,0.03515335318866977
0.9,0.9,0.2,0.5,0.18195677,49925,0.03213581319185285
0.1,0.4,0.6,0.4,0.18196447,49925,0.03649883508426086
0.6,0.8,0.4,0.3,0.18196604,49925,0.034957664311422436
0.7,0.9,0.4,0.3,0.18197179,49925,0.034809917062964664
0.3,0.5,0.3,0.3,0.18197718,49925,0.035088981731688576
0.4,0.6,0.8,0.3,0.18197963,49925,0.03687004543544651
0.2,0.4,0.1,0.5,0.18198171,49925,0.031963451488066646
0.9,0.8,0.1,0.4,0.18199712,49925,0.03002985533027287
0.8,0.9,0.2,0.6,0.1820011,49925,0.03214626592955393
0.3,0.7,0.7,0.7,0.18200547,49925,0.03550801578891246
0.4,0.5,0.4,0.2,0.1820086,49925,0.035723840409147306
0.4,0.7,0.2,0.7,0.18201439,49925,0.032936938236417156
0.1,0.5,0.8,0.5,0.18201485,49925,0.0366505776935107
0.2,0.7,0.7,0.9,0.18201935,49925,0.03493600089517306
0.2,0.5,0.4,0.5,0.1820256,49925,0.035054336355880726
0.5,0.7,0.2,0.5,0.18203822,49925,0.03330837889608385
0.5,0.6,0.9,0.1,0.18204221,49925,0.03745802008536258
0.1,0.6,0.3,0.9,0.18204731,49925,0.033241415132298634
0.3,0.6,0.5,0.5,0.18204796,49925,0.035381964213366375
0.3,0.7,0.4,0.6,0.18206123,49925,0.03468427841140251
0.5,0.7,0.3,0.3,0.18206623,49925,0.034725421500967545
0.5,0.8,0.6,0.5,0.18208009,49925,0.03543904469023239
0.2,0.5,0.6,0.5,0.18208103,49925,0.03592314021372701
0.1,0.4,0.2,0.5,0.18208511,49925,0.03376918208826202
0.7,0.9,0.8,0.4,0.18208885,49925,0.035912119561164635
0.9,0.8,0.2,0.3,0.18209672,49925,0.032628542434744154
0.3,0.6,0.1,0.8,0.18211319,49925,0.030442486495960996
0.2,0.7,0.8,0.9,0.18211536,49925,0.03523999939596843
0.8,0.9,0.3,0.3,0.18212625,49925,0.034121963964329975
0.6,0.8,0.8,0.4,0.1821287,49925,0.03611342566019621
0.3,0.4,0.4,0.2,0.1821287,49925,0.03611342566019621
0.3,0.8,0.8,0.9,0.1821352,49925,0.035253057180197576
0.8,0.9,0.4,0.2,0.1821357,49925,0.0348578814427792
0.8,0.8,0.7,0.1,0.18213943,49925,0.0361028968018722
0.3,0.8,0.5,0.8,0.18214718,49925,0.03461020619665976
0.9,0.6,0.1,0.1,0.18215221,49925,0.030420932186985064
0.3,0.5,0.8,0.2,0.1821534,49925,0.03750078451301803
0.5,0.9,0.5,0.6,0.18215403,49925,0.034887657880544744
0.2,0.7,0.6,0.9,0.1821728,49925,0.034615754778957286
0.2,0.5,0.2,0.5,0.18217283,49925,0.03388993590381282
0.1,0.5,0.9,0.3,0.18217936,49925,0.03766667224505023
0.5,0.8,0.3,0.5,0.18218192,49925,0.03428677527332015
0.4,0.8,0.8,0.7,0.18219951,49925,0.035697728638000185
0.2,0.5,0.1,0.8,0.18220213,49925,0.030486870843870747
0.2,0.6,0.7,0.7,0.18221195,49925,0.035534557060390215
0.4,0.6,0.3,0.3,0.18221651,49925,0.0348981306118198
0.3,0.6,0.7,0.5,0.1822225,49925,0.03611527219662624
0.5,0.9,0.8,0.7,0.18222666,49925,0.035588806844316194
0.9,0.9,0.7,0.1,0.18225814,49925,0.0358660628940743
0.5,0.9,0.9,0.7,0.1822623,49925,0.035822202039175875
0.8,0.8,0.2,0.4,0.18226352,49925,0.03268883259431449
0.4,0.4,0.1,0.2,0.18226352,49925,0.03268883259431449
0.6,0.8,0.9,0.4,0.18226765,49925,0.03637780066349817
0.5,0.8,0.1,0.9,0.18226814,49925,0.029900723318924072
0.8,0.8,0.9,0.1,0.1822786,49925,0.03665942107489976
0.7,0.5,0.1,0.1,0.18229166,49925,0.031276400524939574
0.4,0.8,0.7,0.7,0.18230161,49925,0.035430151810583614
0.1,0.3,0.5,0.2,0.18230227,49925,0.037335961096690205
0.9,0.9,0.9,0.1,0.18230453,49925,0.036412529521982415
0.4,0.5,0.6,0.2,0.18231484,49925,0.03663747083313314
0.6,0.7,0.2,0.4,0.1823267,49925,0.033338335489884095
0.3,0.7,0.8,0.7,0.18233874,49925,0.035804870275633956
0.6,0.8,0.7,0.4,0.18234962,49925,0.03583289065328068
0.3,0.6,0.9,0.4,0.18235524,49925,0.0369850090640329
0.4,0.9,0.6,0.8,0.18235838,49925,0.03489319128813662
0.5,0.4,0.1,0.1,0.18236443,49925,0.032524731007754305
0.7,0.9,0.7,0.4,0.18237606,49925,0.03562704593350043
0.9,0.9,0.6,0.1,0.18239139,49925,0.03557238234728838
0.7,0.7,0.6,0.1,0.18241689,49925,0.036035177804156215
0.8,0.8,0.3,0.1,0.18243887,49925,0.034547952467657524
0.8,0.8,0.8,0.1,0.1824453,49925,0.03639867352490594
0.4,0.6,0.1,0.6,0.18245088,49925,0.03092029062850922
0.8,0.8,0.6,0.1,0.18246394,49925,0.03577149728446749
0.3,0.7,0.6,0.7,0.18246901,49925,0.03518774108728298
0.6,0.9,0.2,0.9,0.18247561,49925,0.03189705358061576
0.3,0.8,0.9,0.9,0.1824826,49925,0.035528561339415364
0.5,0.7,0.6,0.4,0.18248945,49925,0.035717514492400994
0.2,0.5,0.9,0.2,0.18249784,49925,0.03789428522350474
0.6,0.5,0.1,0.2,0.18249905,49925,0.0315622262336058
0.4,0.7,0.5,0.5,0.1825072,49925,0.03523032531813591
0.6,0.7,0.9,0.2,0.1825105,49925,0.03692199630446175
0.4,0.8,0.9,0.7,0.18251415,49925,0.03595629091873312
0.4,0.9,0.9,0.9,0.18251419,49925,0.03550104177678776
0.7,0.7,0.8,0.1,0.18251728,49925,0.03667807163528693
0.5,0.9,0.3,0.8,0.18252304,49925,0.033623919720673016
0.3,0.8,0.4,0.8,0.18253054,49925,0.03424148953491835
0.8,0.9,0.5,0.2,0.1825468,49925,0.03520406403796512
0.1,0.6,0.9,0.8,0.18254982,49925,0.035801649497895015
0.7,0.7,0.2,0.3,0.18255031,49925,0.033324110179216646
0.6,0.9,0.3,0.6,0.18255089,49925,0.03390943084166906
0.4,0.6,0.2,0.4,0.18255089,49925,0.03390943084166906
0.2,0.3,0.1,0.2,0.18255089,49925,0.03390943084166906
0.7,0.8,0.5,0.2,0.1825591,49925,0.03538188177045546
0.5,0.5,0.1,0.3,0.18256022,49925,0.03167824390127085
0.2,0.7,0.5,0.9,0.18257883,49925,0.034289952280985074
0.3,0.8,0.7,0.9,0.18258122,49925,0.03500420916137194
0.3,0.6,0.2,0.6,0.18258584,49925,0.0334758606910029
0.5,0.7,0.7,0.4,0.18259177,49925,0.03604204592612272
0.8,0.7,0.2,0.2,0.18260732,49925,0.03328565631831599
0.4,0.9,0.4,0.8,0.18260986,49925,0.034257407327058585
0.1,0.4,0.1,0.8,0.18262494,49925,0.030348810112845768
0.5,0.9,0.7,0.7,0.18262905,49925,0.035296303106437193
0.4,0.7,0.9,0.5,0.18263079,49925,0.036492768037332673
0.9,0.9,0.3,0.2,0.18263799,49925,0.034107893097391685
0.4,0.8,0.3,0.7,0.18263859,49925,0.03396872058787744
0.3,0.8,0.3,0.9,0.18263918,49925,0.03356138922622019
0.7,0.8,0.4,0.2,0.18264805,49925,0.035020283130057055
0.6,0.9,0.6,0.5,0.18264931,49925,0.03530443338904815
0.7,0.9,0.1,0.9,0.18265592,49925,0.029609562362590772
0.2,0.5,0.3,0.5,0.18265872,49925,0.034547265208355174
0.6,0.7,0.3,0.2,0.18267955,49925,0.034754001400530594
0.1,0.6,0.8,0.9,0.18271643,49925,0.03515307080151175
0.3,0.5,0.9,0.1,0.18271878,49925,0.03801330121240637
0.5,0.6,0.4,0.2,0.18272343,49925,0.03543054103025724
0.3,0.5,0.7,0.3,0.18273053,49925,0.03687022888311013
0.4,0.9,0.8,0.9,0.18273938,49925,0.03525702804322427
0.2,0.6,0.4,0.7,0.18276142,49925,0.0344162661058195
0.7,0.7,0.7,0.1,0.18276846,49925,0.036374480188915585
0.6,0.7,0.4,0.2,0.1827792,49925,0.0352161100038745
0.9,0.9,0.4,0.1,0.18279211,49925,0.03490377657684758
0.3,0.4,0.3,0.2,0.18279354,49925,0.0355112648296998
0.6,0.8,0.6,0.4,0.18279354,49925,0.0355112648296998
0.5,0.7,0.8,0.4,0.18279946,49925,0.03633702024382148
0.6,0.9,0.9,0.6,0.18280584,49925,0.03592576252409106
0.2,0.3,0.3,0.2,0.18280584,49925,0.03592576252409106
0.4,0.6,0.6,0.4,0.18280584,49925,0.03592576252409106
0.4,0.5,0.2,0.2,0.18280858,49925,0.03454892613534382
0.8,0.9,0.1,0.8,0.18281895,49925,0.029637037654972154
0.6,0.6,0.5,0.1,0.182819,49925,0.03593829596195989
0.1,0.5,0.4,0.8,0.18285555,49925,0.033834705010725656
0.1,0.4,0.8,0.1,0.18286613,49925,0.03836488243314053
0.3,0.6,0.4,0.5,0.18286967,49925,0.034954597406408085
0.1,0.5,0.2,0.8,0.18287742,49925,0.03270036289012562
0.3,0.8,0.6,0.9,0.18288442,49925,0.03470606545595668
0.8,0.9,0.9,0.3,0.18289718,49925,0.03620270621498255
0.7,0.9,0.2,0.8,0.18289757,49925,0.03195680743548324
0.8,0.9,0.8,0.3,0.18291242,49925,0.035952164471676276
0.8,0.6,0.1,0.2,0.18291584,49925,0.030671871144219022
0.5,0.6,0.8,0.2,0.18293104,49925,0.036956264619642645
0.7,0.7,0.5,0.1,0.18293944,49925,0.03567300565718689
0.6,0.6,0.7,0.1,0.18294252,49925,0.036690957007273435
0.4,0.9,0.5,0.8,0.18295902,49925,0.03458397273415136
0.4,0.8,0.6,0.7,0.18296254,49925,0.035103897497167504
0.1,0.4,0.7,0.3,0.18296503,49925,0.037307033773723505
0.6,0.6,0.1,0.4,0.18298459,49925,0.03095986270210777
0.5,0.7,0.1,0.7,0.18299131,49925,0.030411472427313034
0.6,0.8,0.1,0.8,0.18300259,49925,0.029976970445540884
0.4,0.7,0.3,0.5,0.18300492,49925,0.03442107013446725
0.1,0.5,0.5,0.8,0.18301232,49925,0.03429040628407892
0.3,0.7,0.5,0.7,0.18301949,49925,0.03483474884416106
0.4,0.9,0.7,0.9,0.18302822,49925,0.03498841509261442
0.5,0.6,0.1,0.5,0.18302962,49925,0.03097515093470186
0.6,0.8,0.3,0.4,0.18304798,49925,0.03436081372978334
0.4,0.5,0.8,0.1,0.18305308,49925,0.037585934676239816
0.7,0.9,0.3,0.5,0.18305731,49925,0.03396158635504019
0.6,0.9,0.5,0.5,0.1830636,49925,0.03499761694237208
0.4,0.6,0.7,0.4,0.18306515,49925,0.036268043166369945
0.2,0.7,0.9,0.9,0.18306538,49925,0.03553038625425406
0.6,0.6,0.6,0.1,0.18306625,49925,0.03633804933137657
0.9,0.7,0.2,0.1,0.18307638,49925,0.03317839453026601
0.9,0.9,0.1,0.7,0.18309872,49925,0.029628889808364086
0.2,0.7,0.3,0.9,0.18310493,49925,0.03347356696786248
0.4,0.7,0.4,0.5,0.18311417,49925,0.03485667754026754
0.6,0.9,0.4,0.5,0.18311727,49925,0.03465023794583972
0.5,0.8,0.5,0.5,0.18312106,49925,0.03510924249721701
0.6,0.9,0.8,0.6,0.1831311,49925,0.03569206168575786
0.6,0.8,0.2,0.7,0.18314591,49925,0.03247908529176143
0.3,0.6,0.8,0.5,0.18315321,49925,0.03642761716655885
0.6,0.9,0.3,0.7,0.18318868,49925,0.0337365502720681
0.7,0.7,0.9,0.1,0.18319139,49925,0.03697251017915317
0.2,0.7,0.4,0.9,0.18319482,49925,0.03393167949877201
0.2,0.6,0.9,0.6,0.1832045,49925,0.03648028224364319
0.4,0.6,0.5,0.4,0.18321127,49925,0.03555488626353479
0.7,0.9,0.6,0.4,0.18321538,49925,0.035347960996693066
0.5,0.8,0.8,0.6,0.18322179,49925,0.035830909616718115
0.3,0.4,0.5,0.2,0.18322414,49925,0.03663154835410404
0.4,0.7,0.1,0.9,0.18323034,49925,0.030043573173243368
0.2,0.6,0.2,0.9,0.18323156,49925,0.03248471835098219
0.9,0.9,0.5,0.1,0.18324104,49925,0.03525677243703559
0.7,0.8,0.9,0.3,0.18324183,49925,0.036427111148445906
0.6,0.9,0.7,0.6,0.18324809,49925,0.03541905736090588
0.7,0.6,0.1,0.3,0.18325114,49925,0.030870972104264278
0.3,0.7,0.9,0.7,0.18325347,49925,0.03608858048378048
0.9,0.7,0.1,0.3,0.18326446,49925,0.030242395340004197
0.7,0.8,0.7,0.3,0.18326534,49925,0.03587732021665568
0.7,0.8,0.1,0.7,0.1832784,49925,0.030012431319601542
0.5,0.7,0.2,0.6,0.18328387,49925,0.03305419226538684
0.8,0.8,0.4,0.1,0.18328637,49925,0.03506316034896012
0.5,0.9,0.3,0.9,0.18328708,49925,0.033442953533933006
0.7,0.7,0.3,0.1,0.18328801,49925,0.03480220214854711
0.3,0.7,0.3,0.7,0.1832917,49925,0.03400773650643907
0.2,0.6,0.8,0.7,0.1832942,49925,0.035871372360723054
0.5,0.6,0.3,0.2,0.18330227,49925,0.03496554626379976
0.3,0.5,0.5,0.4,0.18330544,49925,0.035770393208958765
0.8,0.8,0.5,0.1,0.1833076,49925,0.035431060318479576
0.5,0.6,0.2,0.3,0.1833202,49925,0.03397753455602686
0.2,0.6,0.3,0.7,0.18333343,49925,0.03395396149494619
0.9,0.9,0.2,0.6,0.18334255,49925,0.03196752250552013
0.5,0.8,0.2,0.9,0.18334761,49925,0.03214269172924928
0.1,0.5,0.6,0.8,0.18334885,49925,0.034707380674608844
0.1,0.4,0.4,0.6,0.1833561,49925,0.03451365367627706
0.6,0.7,0.1,0.6,0.18336457,49925,0.030454285777075596
0.8,0.9,0.3,0.4,0.18336713,49925,0.033980688551813694
0.7,0.8,0.8,0.3,0.1833998,49925,0.036159805460791186
0.4,0.7,0.2,0.8,0.1834079,49925,0.03263512082123518
0.5,0.8,0.9,0.6,0.18340889,49925,0.03608287773680442
0.3,0.6,0.1,0.9,0.18341132,49925,0.030133259745333617
0.5,0.9,0.6,0.7,0.18342288,49925,0.035029576089727905
0.2,0.3,0.5,0.1,0.18342489,49925,0.03762333930593505
0.8,0.9,0.2,0.7,0.18342853,49925,0.031981603361269484
0.1,0.5,0.7,0.7,0.18342856,49925,0.035509745823769305
0.7,0.8,0.3,0.3,0.18343778,49925,0.03438920947869674
0.3,0.6,0.3,0.5,0.18344274,49925,0.034501476637295615
0.8,0.9,0.7,0.3,0.18344393,49925,0.03566548460121231
0.1,0.5,0.3,0.8,0.18345866,49925,0.03336440537753585
0.5,0.8,0.4,0.5,0.18347499,49925,0.03475670655506526
0.5,0.7,0.9,0.4,0.18349281,49925,0.036631337793584476
0.4,0.5,0.3,0.2,0.1835249,49925,0.035218390080947896
0.2,0.5,0.1,0.9,0.18353103,49925,0.030082596330136872
0.3,0.8,0.5,0.9,0.18354753,49925,0.034389290303614976
0.3,0.5,0.1,0.6,0.1835509,49925,0.031215486312347746
0.6,0.6,0.4,0.1,0.18356587,49925,0.03551263710930279
0.8,0.8,0.1,0.6,0.18356693,49925,0.030012383161767547
0.3,0.7,0.4,0.7,0.1835693,49925,0.0344531567242153
0.4,0.6,0.9,0.3,0.18357699,49925,0.03712637111915847
0.7,0.7,0.4,0.1,0.18357985,49925,0.03526484192148387
0.1,0.4,0.3,0.6,0.18360221,49925,0.03394737994970009
0.1,0.5,0.9,0.4,0.18360686,49925,0.037286891203342054
0.4,0.7,0.7,0.6,0.18360749,49925,0.03568735516114117
0.5,0.5,0.6,0.1,0.18361309,49925,0.036713751722899785
0.5,0.5,0.4,0.1,0.18362708,49925,0.03580905229749423
0.5,0.5,0.5,0.1,0.18363026,49925,0.03629204907058761
0.3,0.7,0.7,0.8,0.18363339,49925,0.03522756711836398
0.2,0.4,0.6,0.3,0.18363875,49925,0.03685371008877345
0.4,0.7,0.8,0.6,0.18363914,49925,0.03597083635348117
0.7,0.8,0.2,0.6,0.18363993,49925,0.03250467816599942
0.5,0.8,0.7,0.6,0.18364275,49925,0.03555517068463997
0.6,0.7,0.7,0.3,0.18364951,49925,0.036098972752815546
0.4,0.8,0.5,0.7,0.18365681,49925,0.03478140907034325
0.2,0.6,0.6,0.8,0.18365762,49925,0.03485706473185562
0.1,0.3,0.3,0.4,0.18365762,49925,0.03485706473185562
0.4,0.6,0.2,0.5,0.18367532,49925,0.03364134022236409
0.2,0.5,0.5,0.6,0.18367851,49925,0.035114747335659696
0.9,0.9,0.8,0.2,0.18367979,49925,0.03599978899943168
0.4,0.9,0.6,0.9,0.1836839,49925,0.034723014016409634
0.8,0.8,0.2,0.5,0.18368612,49925,0.03250721222284804
0.6,0.7,0.6,0.3,0.18369654,49925,0.03579599368837542
0.3,0.5,0.6,0.4,0.18370664,49925,0.03616028123445974
0.9,0.9,0.3,0.3,0.18370672,49925,0.03397642483015034
0.6,0.6,0.2,0.2,0.18370672,49925,0.03397642483015034
0.3,0.3,0.1,0.1,0.18370672,49925,0.03397642483015034
0.5,0.7,0.5,0.4,0.18370998,49925,0.03536883928535026
0.5,0.9,0.9,0.8,0.18371268,49925,0.03564305360673811
0.6,0.7,0.8,0.3,0.18371785,49925,0.036405120633672176
0.9,0.8,0.1,0.5,0.18372296,49925,0.02995171498493646
0.5,0.9,0.4,0.7,0.18373051,49925,0.03439574102433558
0.7,0.9,0.5,0.4,0.18373388,49925,0.03507077701874127
0.5,0.8,0.3,0.6,0.18375161,49925,0.03409881885590821
0.7,0.7,0.1,0.5,0.1837546,49925,0.03045225946508592
0.8,0.7,0.1,0.4,0.1837626,49925,0.030365304442926715
0.3,0.7,0.8,0.8,0.1837702,49925,0.03551624713538728
0.2,0.6,0.7,0.8,0.18377222,49925,0.035204042179097776
0.7,0.9,0.9,0.5,0.18378738,49925,0.03600338678366191
0.2,0.5,0.7,0.5,0.18379293,49925,0.036300125846343054
0.6,0.6,0.3,0.1,0.18381023,49925,0.035027730187042576
0.2,0.5,0.8,0.4,0.18381336,49925,0.0369625055625678
0.7,0.9,0.4,0.4,0.18383145,49925,0.03472368952857777
0.3,0.8,0.4,0.9,0.18384528,49925,0.03402960858209222
0.7,0.8,0.6,0.3,0.18384647,49925,0.03557590367750945
0.4,0.5,0.7,0.2,0.1838719,49925,0.03700611807601085
0.7,0.9,0.8,0.5,0.18387347,49925,0.03575841993821397
0.1,0.2,0.2,0.2,0.18387377,49925,0.03548859552661329
0.2,0.4,0.4,0.4,0.18387377,49925,0.03548859552661329
0.3,0.6,0.6,0.6,0.18387377,49925,0.03548859552661329
0.4,0.8,0.8,0.8,0.18387377,49925,0.03548859552661329
0.9,0.8,0.2,0.4,0.18388817,49925,0.032479453014405454
0.9,0.9,0.9,0.2,0.18389289,49925,0.03626091851686985
0.1,0.5,0.8,0.6,0.18389845,49925,0.036231502119541306
0.4,0.8,0.4,0.7,0.18393712,49925,0.03443936702576885
0.5,0.9,0.5,0.7,0.18393873,49925,0.03472931812849698
0.3,0.6,0.2,0.7,0.18393911,49925,0.03315402175542495
0.4,0.8,0.3,0.8,0.18394029,49925,0.03375788895087529
0.6,0.8,0.9,0.5,0.18394184,49925,0.03618810063538271
0.2,0.6,0.5,0.8,0.18394303,49925,0.034483847687563206
0.1,0.4,0.5,0.6,0.18396692,49925,0.03503214830824684
0.5,0.5,0.2,0.1,0.1839695,49925,0.03459062009686424
0.6,0.8,0.1,0.9,0.18398362,49925,0.02979192357898877
0.3,0.5,0.4,0.4,0.18399227,49925,0.03530096393614034
0.6,0.8,0.5,0.4,0.1839924,49925,0.03519961842494463
0.6,0.8,0.8,0.5,0.18400037,49925,0.0359222141695853
0.1,0.4,0.1,0.9,0.18401158,49925,0.029848089153754663
0.4,0.6,0.1,0.7,0.18401274,49925,0.03064084663874292
0.4,0.8,0.9,0.8,0.18401758,49925,0.03574420248265247
0.8,0.8,0.3,0.2,0.18402083,49925,0.03438411823927087
0.3,0.6,0.7,0.6,0.18403593,49925,0.035815720940932584
0.8,0.8,0.7,0.2,0.18404114,49925,0.03594036864314545
0.1,0.4,0.2,0.6,0.18404427,49925,0.03331143514657215
0.6,0.6,0.8,0.1,0.18404979,49925,0.037025591801869484
0.4,0.9,0.5,0.9,0.18404979,49925,0.03440999653742254
0.5,0.8,0.6,0.6,0.18406191,49925,0.03523057253974418
0.8,0.9,0.6,0.3,0.18406364,49925,0.03539822358734448
0.8,0.9,0.1,0.9,0.18406892,49925,0.02952167239811515
0.5,0.9,0.8,0.8,0.18408147,49925,0.03540727907583138
0.8,0.5,0.1,0.1,0.18408328,49925,0.03093098300852743
0.5,0.6,0.6,0.3,0.18408681,49925,0.03602875737892927
0.4,0.6,0.8,0.4,0.18409435,49925,0.036589699398477005
0.2,0.3,0.4,0.2,0.18409435,49925,0.036589699398477005
0.1,0.4,0.6,0.5,0.18410489,49925,0.03598723513741873
0.6,0.9,0.3,0.8,0.18411246,49925,0.03354373236670702
0.7,0.6,0.2,0.1,0.1841226,49925,0.033935673548618824
0.9,0.9,0.7,0.2,0.1841327,49925,0.035718808527882374
0.2,0.4,0.7,0.2,0.18414155,49925,0.03760979648252559
0.6,0.7,0.2,0.5,0.18416339,49925,0.03310051549907904
0.5,0.6,0.7,0.3,0.18416691,49925,0.03637456423790881
0.7,0.9,0.3,0.6,0.18419303,49925,0.033802512048758115
0.8,0.9,0.4,0.3,0.18420652,49925,0.034754324048790204
0.4,0.9,0.4,0.9,0.18421143,49925,0.0340758572757544
0.2,0.5,0.6,0.6,0.18421562,49925,0.035530998418321365
0.7,0.9,0.7,0.5,0.18422186,49925,0.035500450149483796
0.5,0.7,0.3,0.4,0.18422893,49925,0.0345507806481834
0.4,0.7,0.6,0.6,0.18422925,49925,0.03536935116528317
0.2,0.6,0.4,0.8,0.18424174,49925,0.03410488143405497
0.1,0.3,0.2,0.4,0.18424174,49925,0.03410488143405497
0.4,0.8,0.7,0.8,0.18426198,49925,0.03520401077797922
0.5,0.6,0.9,0.2,0.18426986,49925,0.037213323295877204
0.1,0.5,0.2,0.9,0.18429467,49925,0.03231570339451704
0.7,0.8,0.1,0.8,0.18430057,49925,0.02984718499391975
0.8,0.8,0.9,0.2,0.18431714,49925,0.03648284812102205
0.2,0.5,0.4,0.6,0.18431857,49925,0.03469021992436567
0.6,0.8,0.7,0.5,0.18431911,49925,0.035655257928437004
0.4,0.5,0.1,0.5,0.1843242,49925,0.031386590449340446
0.5,0.6,0.5,0.3,0.18433079,49925,0.03565388447116422
0.5,0.7,0.1,0.8,0.18433279,49925,0.03019058455972785
0.2,0.4,0.1,0.6,0.18433754,49925,0.03144215600131566
0.7,0.9,0.2,0.9,0.18435296,49925,0.0317737105950305
0.3,0.5,0.2,0.4,0.18437365,49925,0.03416262555809154
0.8,0.9,0.5,0.3,0.18437675,49925,0.035104434198242856
0.2,0.4,0.5,0.4,0.18438742,49925,0.0359731572236159
0.9,0.8,0.3,0.1,0.1843929,49925,0.034381708978462246
0.3,0.4,0.1,0.4,0.18441218,49925,0.032256242119668425
0.6,0.8,0.2,0.8,0.18441218,49925,0.032256242119668425
0.6,0.8,0.4,0.4,0.18441297,49925,0.03485757328334438
0.3,0.4,0.2,0.2,0.18441297,49925,0.03485757328334438
0.5,0.9,0.7,0.8,0.18442258,49925,0.03513065880827783
0.3,0.7,0.6,0.8,0.18444332,49925,0.034924166610455554
0.5,0.7,0.4,0.4,0.1844586,49925,0.034991482964110296
0.8,0.9,0.9,0.4,0.18445882,49925,0.0360635525786929
0.4,0.4,0.4,0.1,0.18446167,49925,0.03621947651384041
0.8,0.8,0.8,0.2,0.18446167,49925,0.03621947651384041
0.9,0.9,0.1,0.8,0.18446776,49925,0.02951965890982977
0.6,0.9,0.6,0.6,0.1844734,49925,0.035143224107607327
0.2,0.3,0.2,0.2,0.1844734,49925,0.035143224107607327
0.4,0.6,0.4,0.4,0.1844734,49925,0.035143224107607327
0.4,0.7,0.9,0.6,0.18447486,49925,0.03625305518941414
0.5,0.7,0.2,0.7,0.18447694,49925,0.032792297130232864
0.6,0.7,0.9,0.3,0.18449523,49925,0.036707239816220344
0.4,0.7,0.2,0.9,0.18450141,49925,0.032331951891594546
0.1,0.3,0.1,0.5,0.18450534,49925,0.03212561404021392
0.6,0.9,0.9,0.7,0.18450725,49925,0.03576087040304586
0.9,0.6,0.1,0.2,0.18451983,49925,0.030417648701228747
0.5,0.7,0.7,0.5,0.18454002,49925,0.03582918494872442
0.2,0.4,0.3,0.4,0.18455274,49925,0.03490170086339154
0.4,0.8,0.6,0.8,0.18455274,49925,0.03490170086339154
0.4,0.4,0.5,0.1,0.1845528,49925,0.03673683543133917
0.3,0.6,0.5,0.6,0.18455797,49925,0.03511786940064219
0.6,0.7,0.5,0.3,0.1845605,49925,0.035437011819982725
0.2,0.6,0.8,0.8,0.18459183,49925,0.035533283080618004
0.1,0.3,0.4,0.4,0.18459183,49925,0.035533283080618004
0.1,0.6,0.9,0.9,0.1846564,49925,0.03546424587147161
0.8,0.9,0.3,0.5,0.18465775,49925,0.03384868923990687
0.5,0.8,0.5,0.6,0.18466097,49925,0.03493614016299147
0.8,0.7,0.2,0.3,0.18466543,49925,0.03308172923447274
0.6,0.8,0.3,0.5,0.18467346,49925,0.03419024253059905
0.2,0.6,0.3,0.8,0.18467839,49925,0.033667877463202406
0.6,0.9,0.5,0.6,0.1846843,49925,0.03485167343053243
0.7,0.7,0.6,0.2,0.18468675,49925,0.03584149653015343
0.8,0.9,0.8,0.4,0.18469809,49925,0.03583308957045226
0.4,0.5,0.5,0.3,0.18470028,49925,0.03591133512039369
0.9,0.9,0.4,0.2,0.18471774,49925,0.03477313142347396
0.5,0.5,0.1,0.4,0.18472417,49925,0.03142525868044658
0.8,0.9,0.2,0.8,0.18474029,49925,0.03182940811384228
0.7,0.7,0.2,0.4,0.18474431,49925,0.03311735781297684
0.3,0.7,0.9,0.8,0.18474433,49925,0.03580762913733415
0.7,0.8,0.2,0.7,0.18474752,49925,0.032301484330573095
0.9,0.7,0.2,0.2,0.18474755,49925,0.03300641955534841
0.4,0.7,0.5,0.6,0.1847502,49925,0.035020342036901526
0.5,0.7,0.8,0.5,0.18476525,49925,0.03610801881034981
0.7,0.8,0.4,0.3,0.18477339,49925,0.03491221313830528
0.7,0.7,0.8,0.2,0.18478557,49925,0.036461655838929956
0.1,0.5,0.4,0.9,0.18478823,49925,0.03347503990915814
0.2,0.5,0.9,0.3,0.18479155,49925,0.03756062082334356
0.2,0.5,0.2,0.6,0.18479392,49925,0.03355076084219439
0.5,0.8,0.8,0.7,0.18479548,49925,0.03564054916778663
0.1,0.5,0.5,0.9,0.1848068,49925,0.03390525571024035
0.5,0.6,0.1,0.6,0.18481007,49925,0.030770366820676024
0.5,0.5,0.3,0.1,0.18481997,49925,0.03528276845511091
0.4,0.7,0.3,0.6,0.18483791,49925,0.03421181694575891
0.9,0.9,0.2,0.7,0.18485036,49925,0.03182356535009162
0.7,0.8,0.5,0.3,0.18485208,49925,0.03525893286859594
0.5,0.9,0.6,0.8,0.18486038,49925,0.03485686688996494
0.9,0.9,0.6,0.2,0.18486534,49925,0.035445043338318306
0.3,0.6,0.4,0.6,0.18487355,49925,0.03470344414194689
0.7,0.8,0.9,0.4,0.18487553,49925,0.03624395742126266
0.8,0.8,0.1,0.7,0.18489021,49925,0.02988184496170737
0.2,0.5,0.3,0.6,0.18490133,49925,0.03419044445389953
0.3,0.6,0.9,0.5,0.184903,49925,0.03669609866386682
0.7,0.8,0.8,0.4,0.18490374,49925,0.035997323338563925
0.5,0.8,0.4,0.6,0.1849153,49925,0.03459300631256908
0.7,0.7,0.7,0.2,0.1849373,49925,0.03617451260651642
0.3,0.7,0.4,0.8,0.1849386,49925,0.03422416921043855
0.7,0.5,0.1,0.2,0.1849461,49925,0.031216752197450008
0.9,0.8,0.7,0.1,0.18495086,49925,0.03596722439955026
0.3,0.5,0.1,0.7,0.18495601,49925,0.0308513593189142
0.6,0.7,0.1,0.7,0.1849615,49925,0.030262491562189967
0.4,0.8,0.9,0.9,0.18496315,49925,0.0355057646962211
0.4,0.6,0.3,0.4,0.1849638,49925,0.03469418417185484
0.5,0.8,0.3,0.7,0.184968,49925,0.033906223936159476
0.4,0.5,0.6,0.3,0.18497768,49925,0.03632133732137134
0.3,0.7,0.5,0.8,0.18499324,49925,0.03459597532266863
0.8,0.8,0.6,0.2,0.18499708,49925,0.035620168674748424
0.4,0.4,0.3,0.1,0.18499708,49925,0.035620168674748424
0.9,0.8,0.2,0.5,0.18500078,49925,0.032300828678909245
0.5,0.8,0.9,0.7,0.18500404,49925,0.03587448898849161
0.6,0.5,0.1,0.3,0.18500996,49925,0.03137542164678668
0.3,0.5,0.8,0.3,0.18501544,49925,0.03717225053231687
0.6,0.6,0.1,0.5,0.18501598,49925,0.030793615124764986
0.3,0.5,0.3,0.4,0.18503112,49925,0.034811801161969996
0.9,0.9,0.3,0.4,0.18503304,49925,0.033829128071447605
0.7,0.6,0.1,0.4,0.18503398,49925,0.030752836091002166
0.6,0.8,0.6,0.5,0.18503556,49925,0.03535334606422697
0.6,0.9,0.4,0.6,0.18504202,49925,0.034503679444566206
0.1,0.4,0.7,0.4,0.18506376,49925,0.036840150555371216
0.5,0.9,0.9,0.9,0.18506786,49925,0.03546483420240718
0.9,0.9,0.5,0.2,0.18507583,49925,0.035127532472984925
0.4,0.4,0.1,0.3,0.18507938,49925,0.03230838057745995
0.8,0.8,0.2,0.6,0.18507938,49925,0.03230838057745995
0.7,0.7,0.1,0.6,0.18508138,49925,0.030307975755466423
0.5,0.6,0.2,0.4,0.18508965,49925,0.03372872370327459
0.5,0.9,0.4,0.8,0.18510634,49925,0.03423526939676124
0.1,0.5,0.3,0.9,0.18511137,49925,0.03300531615336727
0.3,0.6,0.8,0.6,0.18511307,49925,0.03614153076377574
0.3,0.4,0.6,0.2,0.18511763,49925,0.03705284874524684
0.9,0.8,0.1,0.6,0.185139,49925,0.02986324255319047
0.4,0.7,0.4,0.6,0.18513978,49925,0.03466239079601395
0.3,0.5,0.7,0.4,0.18514585,49925,0.03653037773168552
0.3,0.4,0.7,0.1,0.18517104,49925,0.037756954238670065
0.6,0.9,0.8,0.7,0.18517426,49925,0.035518527050310604
0.8,0.9,0.7,0.4,0.18517596,49925,0.03555303863257171
0.4,0.8,0.3,0.9,0.18518342,49925,0.033559279901121376
0.2,0.6,0.9,0.7,0.18518993,49925,0.036146175282265484
0.6,0.7,0.3,0.3,0.185195,49925,0.03460219059993103
0.3,0.7,0.3,0.8,0.18519764,49925,0.033781622527553096
0.5,0.9,0.5,0.8,0.18520288,49925,0.03457588122414932
0.1,0.5,0.7,0.8,0.18520603,49925,0.035091945700844895
0.4,0.8,0.5,0.8,0.18520722,49925,0.034600123989947225
0.5,0.4,0.1,0.2,0.18521586,49925,0.03225816051837446
0.6,0.7,0.4,0.3,0.1852271,49925,0.035079619729341725
0.5,0.7,0.6,0.5,0.18523714,49925,0.03550493048138653
0.7,0.9,0.9,0.6,0.18525657,49925,0.03584530071275287
0.1,0.3,0.6,0.1,0.18526322,49925,0.03820162793990069
0.2,0.6,0.6,0.9,0.1852651,49925,0.034554831750796315
0.1,0.5,0.6,0.9,0.18527219,49925,0.03432025156526202
0.3,0.5,0.9,0.2,0.18527547,49925,0.037735203713217626
0.4,0.6,0.6,0.5,0.18529591,49925,0.035674231938391504
0.8,0.7,0.1,0.5,0.18529697,49925,0.03027863917646416
0.7,0.9,0.6,0.5,0.185305,49925,0.03522617965404487
0.7,0.9,0.3,0.7,0.18531528,49925,0.033627775228601046
0.7,0.8,0.7,0.4,0.18532144,49925,0.03571795602689105
0.5,0.6,0.8,0.3,0.18532479,49925,0.03670735113981046
0.9,0.8,0.8,0.1,0.18532965,49925,0.03625423577583908
0.7,0.7,0.9,0.2,0.18533543,49925,0.03676351827179671
0.5,0.5,0.7,0.1,0.18533613,49925,0.03708638791233992
0.3,0.6,0.2,0.8,0.18533939,49925,0.032799089714428666
0.1,0.5,0.9,0.5,0.18536091,49925,0.036907825424046414
0.4,0.6,0.7,0.5,0.18536499,49925,0.036007258029365295
0.8,0.6,0.1,0.3,0.18536673,49925,0.030643102356109946
0.5,0.7,0.1,0.9,0.1853969,49925,0.02996953825091374
0.4,0.4,0.2,0.1,0.1854043,49925,0.03494595135303402
0.8,0.8,0.4,0.2,0.1854043,49925,0.03494595135303402
0.4,0.7,0.8,0.7,0.1854077,49925,0.03574269659647822
0.2,0.3,0.1,0.3,0.18541223,49925,0.03336193218918101
0.6,0.9,0.3,0.9,0.18541223,49925,0.03336193218918101
0.4,0.6,0.2,0.6,0.18541223,49925,0.03336193218918101
0.6,0.9,0.7,0.7,0.18542135,49925,0.0352471316716425
0.9,0.8,0.9,0.1,0.18542486,49925,0.03651424956489914
0.3,0.7,0.8,0.9,0.18542808,49925,0.0352461699635276
0.6,0.7,0.7,0.4,0.18544503,49925,0.035909512764761356
0.2,0.6,0.7,0.9,0.1854546,49925,0.03488640325915653
0.4,0.7,0.7,0.7,0.1854721,49925,0.03546413325094015
0.6,0.6,0.9,0.1,0.18547693,49925,0.037290099353098315
0.7,0.8,0.1,0.9,0.18549734,49925,0.02968831414018294
0.1,0.2,0.1,0.2,0.18552032,49925,0.034255309452794445
0.4,0.8,0.4,0.8,0.18552032,49925,0.034255309452794445
0.3,0.6,0.3,0.6,0.18552032,49925,0.034255309452794445
0.2,0.4,0.2,0.4,0.18552032,49925,0.034255309452794445
0.6,0.4,0.1,0.1,0.18552268,49925,0.03205358187096636
0.7,0.7,0.3,0.2,0.18552737,49925,0.03462892510516685
0.7,0.8,0.3,0.4,0.18553498,49925,0.034260155697139805
0.4,0.5,0.4,0.3,0.18554156,49925,0.035467026243749304
0.7,0.9,0.8,0.6,0.18554723,49925,0.035595360065055384
0.7,0.9,0.4,0.5,0.1855481,49925,0.03459338097132374
0.5,0.9,0.8,0.9,0.18555775,49925,0.03522452734949206
0.1,0.3,0.5,0.3,0.185561,49925,0.036718237997241866
0.4,0.6,0.1,0.8,0.1855733,49925,0.03037892256720009
0.9,0.9,0.8,0.3,0.18558227,49925,0.03586548980425363
0.9,0.9,0.1,0.9,0.18558615,49925,0.029417801390879388
0.9,0.8,0.6,0.1,0.18558681,49925,0.035681135917809324
0.6,0.7,0.2,0.6,0.18558687,49925,0.03286163253817268
0.9,0.9,0.9,0.3,0.18559535,49925,0.0361043919546515
0.3,0.3,0.3,0.1,0.18559535,49925,0.0361043919546515
0.6,0.6,0.6,0.2,0.18559535,49925,0.0361043919546515
0.8,0.8,0.5,0.2,0.18559715,49925,0.03529684727044067
0.9,0.7,0.1,0.4,0.18560952,49925,0.03019125487082462
0.3,0.6,0.7,0.7,0.18562454,49925,0.03551320458606084
0.4,0.8,0.8,0.9,0.18562496,49925,0.03526262223071481
0.2,0.5,0.7,0.6,0.18563436,49925,0.035913367102051674
0.7,0.9,0.5,0.5,0.18563522,49925,0.03494131337978821
0.2,0.5,0.2,0.7,0.1856475,49925,0.0331800163308442
0.5,0.7,0.9,0.5,0.1856556,49925,0.03639440056395909
0.4,0.8,0.7,0.9,0.18566103,49925,0.03498752945393166
0.6,0.6,0.7,0.2,0.18566602,49925,0.036440226900752895
0.1,0.5,0.8,0.7,0.18566726,49925,0.0358319831593436
0.3,0.7,0.7,0.9,0.18566772,49925,0.03496749030608028
0.8,0.9,0.9,0.5,0.18567598,49925,0.035910318728353915
0.5,0.6,0.4,0.3,0.18567808,49925,0.03525281382102053
0.6,0.7,0.8,0.4,0.18568003,49925,0.03619602870486419
0.6,0.6,0.5,0.2,0.18571492,49925,0.035710630272351614
0.1,0.4,0.8,0.2,0.18571594,49925,0.03798883382435676
0.6,0.8,0.2,0.9,0.18572173,49925,0.0320144814976794
0.2,0.6,0.4,0.9,0.1857335,49925,0.03383578537347242
0.2,0.6,0.5,0.9,0.18573697,49925,0.03419388873624119
0.4,0.5,0.8,0.2,0.18576765,49925,0.03729434043819924
0.9,0.9,0.7,0.3,0.185774,49925,0.03558421595089064
0.8,0.8,0.3,0.3,0.1857812,49925,0.03426138490421792
0.6,0.8,0.5,0.5,0.18578541,49925,0.035050479878846214
0.6,0.6,0.2,0.3,0.18579683,49925,0.03378229849021528
0.9,0.8,0.3,0.2,0.1858285,49925,0.034248021326854367
0.3,0.7,0.6,0.9,0.18583182,49925,0.03465716227263001
0.1,0.4,0.4,0.7,0.18584403,49925,0.03404189071640754
0.7,0.8,0.6,0.4,0.18586498,49925,0.03542045813262204
0.5,0.8,0.7,0.7,0.18587187,49925,0.03536708538585683
0.3,0.6,0.6,0.7,0.18587235,49925,0.035191510043084025
0.6,0.9,0.6,0.7,0.18588667,49925,0.03498476997883538
0.4,0.5,0.2,0.3,0.18589213,49925,0.03432657410081833
0.8,0.8,0.1,0.8,0.18589875,49925,0.029739722299297125
0.7,0.7,0.5,0.2,0.18590216,49925,0.03548781627187964
0.6,0.8,0.9,0.6,0.18591127,49925,0.03599240839676312
0.2,0.5,0.8,0.5,0.18592077,49925,0.036601203376828095
0.5,0.9,0.7,0.9,0.18592975,49925,0.03494788364049647
0.8,0.7,0.6,0.1,0.18593147,49925,0.03589525693093982
0.1,0.4,0.3,0.7,0.18594095,49925,0.03349335205237529
0.8,0.7,0.8,0.1,0.18594524,49925,0.03651096593878329
0.1,0.4,0.2,0.7,0.18594792,49925,0.03286168760875918
0.8,0.9,0.3,0.6,0.18595415,49925,0.03366282039020249
0.9,0.8,0.4,0.1,0.18595785,49925,0.034968932850815426
0.8,0.8,0.9,0.3,0.18596587,49925,0.036295731635779385
0.8,0.7,0.7,0.1,0.18596646,49925,0.036217370798760765
0.6,0.7,0.6,0.4,0.18596917,49925,0.0356046299061605
0.5,0.7,0.5,0.5,0.18597332,49925,0.03516324229090994
0.2,0.5,0.5,0.7,0.1859734,49925,0.034760038712428006
0.2,0.6,0.3,0.9,0.18600753,49925,0.03336872740282991
0.4,0.7,0.6,0.7,0.18600935,49925,0.03514118074865564
0.6,0.9,0.9,0.8,0.18601494,49925,0.03560244000365002
0.6,0.9,0.5,0.7,0.1860216,49925,0.03470484189567785
0.6,0.8,0.3,0.6,0.186025,49925,0.03401886460803037
0.7,0.6,0.2,0.2,0.18602514,49925,0.03374441831135198
0.7,0.9,0.3,0.8,0.18602714,49925,0.03344286749768746
0.9,0.9,0.2,0.8,0.1860407,49925,0.03167529557807771
0.9,0.8,0.1,0.7,0.18606347,49925,0.029738649335517633
0.3,0.7,0.3,0.9,0.18606675,49925,0.0335484860692918
0.5,0.9,0.6,0.9,0.18610013,49925,0.0346909238148397
0.3,0.4,0.4,0.3,0.18611301,49925,0.03574999406684248
0.6,0.8,0.8,0.6,0.18611301,49925,0.03574999406684248
0.3,0.7,0.4,0.9,0.18611766,49925,0.03398234043338595
0.2,0.4,0.8,0.1,0.18612044,49925,0.03819294358441921
0.4,0.6,0.5,0.5,0.18612412,49925,0.035294649805936155
0.8,0.7,0.3,0.1,0.18613267,49925,0.03466775343767676
0.5,0.7,0.2,0.8,0.1861344,49925,0.03250435692366701
0.5,0.7,0.4,0.5,0.18613595,49925,0.03481438971390905
0.8,0.8,0.8,0.3,0.18613958,49925,0.036045094361553565
0.6,0.9,0.4,0.7,0.18614027,49925,0.034356042041229426
0.9,0.8,0.5,0.1,0.18614852,49925,0.035348699031049514
0.8,0.9,0.2,0.9,0.18615116,49925,0.031650154072331155
0.5,0.8,0.6,0.7,0.18615314,49925,0.035060946339314523
0.5,0.8,0.3,0.8,0.1861547,49925,0.03371183044518063
0.8,0.9,0.6,0.4,0.1861602,49925,0.035288373154453996
0.8,0.9,0.8,0.5,0.18616061,49925,0.035666587926709854
0.8,0.7,0.9,0.1,0.18617254,49925,0.03679592639651019
0.5,0.6,0.3,0.3,0.18618527,49925,0.03482400623612748
0.6,0.8,0.4,0.5,0.18619019,49925,0.03470880345978847
0.1,0.4,0.5,0.7,0.18619801,49925,0.034550967248500854
0.5,0.7,0.3,0.5,0.18620424,49925,0.0343642375561636
0.3,0.7,0.9,0.9,0.1862114,49925,0.03553538945751664
0.1,0.3,0.1,0.6,0.18621463,49925,0.0314120541958678
0.2,0.4,0.1,0.7,0.18624246,49925,0.030921521142609293
0.3,0.7,0.5,0.9,0.18624833,49925,0.03434921687792634
0.4,0.7,0.5,0.7,0.18625867,49925,0.03480291718138053
0.4,0.6,0.8,0.5,0.18626541,49925,0.03632579661374973
0.4,0.5,0.9,0.1,0.18628389,49925,0.03783122408339658
0.8,0.8,0.7,0.3,0.18628886,49925,0.03577005413992289
0.4,0.6,0.9,0.4,0.18629399,49925,0.03686902170733646
0.6,0.7,0.1,0.8,0.18629918,49925,0.030080847847700327
0.3,0.5,0.6,0.5,0.18630147,49925,0.03583923762329637
0.3,0.5,0.5,0.5,0.18630362,49925,0.035457266777883426
0.9,0.7,0.2,0.3,0.18630591,49925,0.03282940356337539
0.4,0.7,0.3,0.7,0.18631378,49925,0.03399823846152338
0.7,0.8,0.2,0.8,0.18632045,49925,0.032105172025631776
0.2,0.5,0.4,0.7,0.18632604,49925,0.03432382457854397
0.7,0.7,0.4,0.2,0.18633245,49925,0.035115429099959156
0.8,0.9,0.4,0.4,0.18635097,49925,0.0346326180551201
0.7,0.7,0.2,0.5,0.18635595,49925,0.032899232099654646
0.8,0.6,0.2,0.1,0.18637879,49925,0.03367144317217651
0.4,0.7,0.9,0.7,0.18639004,49925,0.03600543805785408
0.2,0.5,0.6,0.7,0.18639144,49925,0.035149667728104524
0.5,0.6,0.7,0.4,0.18639219,49925,0.03613582182219582
0.9,0.5,0.1,0.1,0.18639505,49925,0.030609367478501445
0.5,0.6,0.6,0.4,0.18640473,49925,0.03579426349530352
0.6,0.7,0.9,0.4,0.1864165,49925,0.03648007210002241
0.5,0.9,0.5,0.9,0.18641865,49925,0.03440818224542344
0.3,0.5,0.1,0.8,0.18641925,49925,0.030467763927681486
0.7,0.9,0.7,0.6,0.18642035,49925,0.035346839975753296
0.4,0.8,0.5,0.9,0.18642452,49925,0.034394699110179436
0.2,0.6,0.9,0.8,0.18643044,49925,0.03582295055749961
0.5,0.8,0.5,0.7,0.18643485,49925,0.034763594743473736
0.8,0.9,0.5,0.4,0.18643747,49925,0.034996052632383125
0.3,0.3,0.4,0.1,0.18644291,49925,0.03678692562955714
0.6,0.6,0.8,0.2,0.18644291,49925,0.03678692562955714
0.3,0.5,0.2,0.5,0.18645519,49925,0.03386152977363501
0.6,0.8,0.7,0.6,0.18647346,49925,0.03546873289634242
0.5,0.7,0.7,0.6,0.18648136,49925,0.03561436377862775
0.9,0.9,0.3,0.5,0.18648967,49925,0.03370285180158091
0.3,0.6,0.5,0.7,0.18649516,49925,0.03483063057810991
0.5,0.9,0.4,0.9,0.18649538,49925,0.034054762242521554
0.5,0.5,0.6,0.2,0.18650424,49925,0.03641409842351846
0.7,0.7,0.1,0.7,0.18650505,49925,0.030129565897268396
0.1,0.4,0.6,0.6,0.18650612,49925,0.03549159345108596
0.4,0.5,0.3,0.3,0.1865078,49925,0.0349869688895854
0.4,0.8,0.6,0.9,0.1865124,49925,0.03472559473827112
0.7,0.8,0.8,0.5,0.18652765,49925,0.03581753270452175
0.4,0.8,0.4,0.9,0.18654832,49925,0.03407674863893253
0.6,0.9,0.8,0.8,0.18655396,49925,0.03534726367359952
0.5,0.5,0.5,0.2,0.18655959,49925,0.03601388654197267
0.3,0.4,0.5,0.3,0.18656321,49925,0.036226278551600925
0.7,0.7,0.7,0.3,0.18656877,49925,0.03597369284430295
0.4,0.5,0.7,0.3,0.18657166,49925,0.03671080173948951
0.2,0.4,0.4,0.5,0.18658027,49925,0.03504058831330176
0.8,0.8,0.2,0.7,0.18659544,49925,0.03212288604022202
0.5,0.6,0.2,0.5,0.1865958,49925,0.03346572411471561
0.9,0.9,0.4,0.3,0.18660116,49925,0.034647015680350765
0.5,0.7,0.8,0.6,0.18660337,49925,0.035893126336902344
0.8,0.7,0.2,0.4,0.1866109,49925,0.03289204071817241
0.2,0.5,0.3,0.7,0.18663526,49925,0.03386094500483081
0.9,0.9,0.6,0.3,0.18664351,49925,0.03531857118348377
0.3,0.3,0.2,0.1,0.18664351,49925,0.03531857118348377
0.6,0.6,0.4,0.2,0.18664351,49925,0.03531857118348377
0.8,0.7,0.1,0.6,0.18666188,49925,0.03014932245582406
0.4,0.6,0.4,0.5,0.1866676,49925,0.03491338503536842
0.4,0.6,0.1,0.9,0.18668225,49925,0.030087778602153795
0.4,0.5,0.1,0.6,0.1866823,49925,0.03105998588930032
0.7,0.7,0.8,0.3,0.186688,49925,0.03626190350753657
0.3,0.6,0.9,0.6,0.18669617,49925,0.03642361308073743
0.2,0.4,0.6,0.4,0.18669617,49925,0.03642361308073743
0.1,0.2,0.3,0.2,0.18669617,49925,0.03642361308073743
0.2,0.6,0.8,0.9,0.1866971,49925,0.03520688237742378
0.5,0.8,0.9,0.8,0.18670657,49925,0.03567803193486139
0.7,0.6,0.6,0.1,0.18671793,49925,0.036155152462293616
0.1,0.5,0.9,0.6,0.18671837,49925,0.03651705758154384
0.4,0.4,0.6,0.1,0.18674582,49925,0.037164351807722186
0.5,0.6,0.9,0.3,0.18676,49925,0.036983583105683455
0.5,0.8,0.4,0.7,0.18676773,49925,0.03444028220886786
0.3,0.4,0.1,0.5,0.18676808,49925,0.03178397607422719
0.8,0.7,0.4,0.1,0.18676889,49925,0.035162527106618845
0.5,0.8,0.8,0.8,0.18676999,49925,0.035437491015162144
0.4,0.7,0.4,0.7,0.18678424,49925,0.034449751658114494
0.9,0.8,0.8,0.2,0.18678638,49925,0.036108354585816245
0.7,0.9,0.5,0.6,0.1867888,49925,0.034799638733890574
0.9,0.9,0.5,0.3,0.18679485,49925,0.035020798635617176
0.7,0.6,0.7,0.1,0.18679504,49925,0.03650286957380928
0.8,0.8,0.6,0.3,0.18680012,49925,0.03547759149894209
0.7,0.9,0.6,0.6,0.18681806,49925,0.035085433025026085
0.3,0.6,0.4,0.7,0.18681863,49925,0.03444143555059173
0.7,0.8,0.5,0.4,0.18681899,49925,0.03512680908522653
0.7,0.8,0.9,0.5,0.18682402,49925,0.03608325757562221
0.3,0.6,0.2,0.9,0.18682781,49925,0.03246815645382985
0.7,0.8,0.3,0.5,0.18683363,49925,0.03408357461594811
0.9,0.8,0.2,0.6,0.18684047,49925,0.032124944591442404
0.3,0.5,0.4,0.5,0.18684101,49925,0.034985080508751425
0.5,0.5,0.4,0.2,0.18684736,49925,0.03555641395226535
0.1,0.5,0.7,0.9,0.18684745,49925,0.034701437812027426
0.9,0.8,0.9,0.2,0.18686248,49925,0.03635455045886732
0.5,0.8,0.7,0.8,0.18689668,49925,0.03515799174937612
0.5,0.6,0.1,0.7,0.18690082,49925,0.03052239322058909
0.5,0.5,0.2,0.2,0.18691671,49925,0.034378803891502184
0.8,0.7,0.5,0.1,0.18692312,49925,0.03553656647364341
0.9,0.9,0.9,0.4,0.18693265,49925,0.03595596681331008
0.7,0.6,0.5,0.1,0.18693973,49925,0.03578542542239241
0.6,0.6,0.3,0.2,0.18694025,49925,0.03484687103969085
0.4,0.6,0.3,0.5,0.18694091,49925,0.03447561156679145
0.5,0.5,0.8,0.1,0.18696447,49925,0.037381214555452374
0.1,0.5,0.8,0.8,0.18697804,49925,0.03544510665999655
0.3,0.6,0.3,0.7,0.1869825,49925,0.03400142914748412
0.2,0.5,0.9,0.4,0.1869969,49925,0.037200452393920606
0.6,0.6,0.1,0.6,0.18700618,49925,0.030596042710092874
0.3,0.6,0.8,0.7,0.18704647,49925,0.035832941781476356
0.8,0.8,0.1,0.9,0.18706617,49925,0.029591228169402673
0.4,0.7,0.8,0.8,0.1870718,49925,0.03549645638597211
0.1,0.3,0.3,0.5,0.18707946,49925,0.034239732963379566
0.7,0.9,0.4,0.6,0.18708616,49925,0.03446236931360346
0.9,0.8,0.7,0.2,0.18708761,49925,0.03581662573739049
0.7,0.9,0.9,0.7,0.18710421,49925,0.03568343995019415
0.6,0.8,0.6,0.6,0.18710434,49925,0.03517206636118673
0.3,0.4,0.3,0.3,0.18710434,49925,0.03517206636118673
0.6,0.7,0.3,0.4,0.18714473,49925,0.03445038600530913
0.7,0.7,0.6,0.3,0.18715043,49925,0.03566101267522472
0.6,0.7,0.2,0.7,0.18715097,49925,0.032623611460724566
0.7,0.8,0.4,0.4,0.18715459,49925,0.0347876196257586
0.4,0.6,0.2,0.7,0.18716608,49925,0.03305794674049792
0.1,0.4,0.7,0.5,0.18718913,49925,0.0363554182162185
0.9,0.6,0.1,0.3,0.1871942,49925,0.03040235554457091
0.2,0.5,0.2,0.8,0.18719602,49925,0.03279273528721511
0.2,0.4,0.5,0.5,0.18719918,49925,0.03552528577682087
0.8,0.9,0.3,0.7,0.18721732,49925,0.03348248225368592
0.9,0.8,0.1,0.8,0.18722555,49925,0.029617340745576117
0.7,0.6,0.8,0.1,0.18723665,49925,0.03682707092018232
0.5,0.5,0.1,0.5,0.18724722,49925,0.031160928918304943
0.9,0.9,0.8,0.4,0.18725878,49925,0.035718120001057674
0.6,0.8,0.5,0.6,0.18726555,49925,0.03489210564634645
0.6,0.9,0.7,0.8,0.18726775,49925,0.03508930101831284
0.6,0.7,0.5,0.4,0.18728146,49925,0.03526881450598773
0.7,0.8,0.7,0.5,0.18728769,49925,0.03555008434518432
0.5,0.7,0.2,0.9,0.18729897,49925,0.03221991344172693
0.3,0.5,0.3,0.5,0.18730132,49925,0.03452356256655576
0.8,0.9,0.7,0.5,0.18731442,49925,0.03541374881199161
0.5,0.7,0.6,0.6,0.18731546,49925,0.035299034034005874
0.6,0.8,0.3,0.7,0.18731561,49925,0.033823551080711424
0.1,0.3,0.2,0.5,0.18733189,49925,0.03353918120558124
0.5,0.6,0.8,0.4,0.18734008,49925,0.03645070175666085
0.7,0.9,0.8,0.7,0.18734074,49925,0.035440219289952966
0.5,0.8,0.3,0.9,0.1873478,49925,0.033499347478238
0.6,0.7,0.1,0.9,0.18735203,49925,0.029880594284742393
0.4,0.7,0.7,0.8,0.18735239,49925,0.03522541935119532
0.3,0.5,0.8,0.4,0.18735665,49925,0.03685011574362433
0.5,0.6,0.5,0.4,0.18736516,49925,0.035438806807771325
0.8,0.8,0.5,0.3,0.18737993,49925,0.035171696032793215
0.9,0.8,0.3,0.3,0.18738237,49925,0.03411711535501
0.8,0.8,0.3,0.4,0.18739465,49925,0.03412587572433156
0.6,0.9,0.6,0.8,0.18739785,49925,0.03483797636569995
0.9,0.7,0.1,0.5,0.18741019,49925,0.030106076472268026
0.7,0.6,0.1,0.5,0.18741152,49925,0.030603302597106006
0.8,0.6,0.1,0.4,0.18742153,49925,0.030546080971547956
0.4,0.7,0.3,0.8,0.18742365,49925,0.03380472428805015
0.6,0.7,0.4,0.4,0.18742576,49925,0.03492985771370269
0.7,0.7,0.9,0.3,0.18744552,49925,0.0365527698469129
0.6,0.5,0.2,0.1,0.18749158,49925,0.034380967968165276
0.8,0.8,0.4,0.3,0.18750595,49925,0.034826983000720124
0.7,0.9,0.3,0.9,0.18751132,49925,0.03325362904710984
0.2,0.5,0.7,0.7,0.18751231,49925,0.035527205469105136
0.5,0.7,0.9,0.6,0.1875132,49925,0.03615766115715184
0.2,0.4,0.7,0.3,0.18752457,49925,0.037175830920819296
0.6,0.6,0.7,0.3,0.18753317,49925,0.036219374305429736
0.8,0.5,0.1,0.2,0.18753833,49925,0.030901327314030214
0.2,0.4,0.2,0.5,0.18754523,49925,0.033869309384947366
0.5,0.5,0.7,0.2,0.18756106,49925,0.03681280177020553
0.6,0.9,0.4,0.8,0.18756211,49925,0.03420146236634201
0.9,0.9,0.3,0.6,0.18758762,49925,0.03352313643298517
0.6,0.6,0.2,0.4,0.18758762,49925,0.03352313643298518
0.3,0.3,0.1,0.2,0.18758762,49925,0.03352313643298518
0.5,0.8,0.6,0.8,0.18758914,49925,0.034872714777819044
0.8,0.9,0.4,0.5,0.18760312,49925,0.0345266741531753
0.3,0.4,0.2,0.3,0.18760492,49925,0.034552428843366255
0.6,0.8,0.4,0.6,0.18760492,49925,0.034552428843366255
0.1,0.3,0.1,0.7,0.18761793,49925,0.03073512781131834
0.7,0.7,0.3,0.3,0.18763347,49925,0.03450116056038873
0.6,0.6,0.9,0.2,0.18763864,49925,0.03705687710198317
0.8,0.9,0.9,0.6,0.18764877,49925,0.0357444094440876
0.3,0.5,0.9,0.3,0.1876652,49925,0.03742024030380736
0.9,0.8,0.6,0.2,0.1876671,49925,0.03551710338511113
0.5,0.7,0.3,0.6,0.18767428,49925,0.034156889677882635
0.6,0.9,0.5,0.8,0.18767846,49925,0.03455884127916281
0.2,0.5,0.8,0.6,0.18767905,49925,0.0362274987966433
0.8,0.7,0.8,0.2,0.18767983,49925,0.03632582316001628
0.1,0.4,0.8,0.3,0.18768343,49925,0.03755700901895172
0.8,0.9,0.6,0.5,0.18769222,49925,0.03514019212942603
0.7,0.8,0.2,0.9,0.18771145,49925,0.03188847006772528
0.3,0.5,0.7,0.5,0.18771738,49925,0.03620672374764706
0.4,0.6,0.6,0.6,0.18772261,49925,0.03542024362750479
0.6,0.9,0.9,0.9,0.18772261,49925,0.035420243627504795
0.2,0.3,0.3,0.3,0.18772261,49925,0.03542024362750479
0.8,0.7,0.7,0.2,0.18772352,49925,0.036042313734155014
0.3,0.6,0.6,0.8,0.18773162,49925,0.03489234654540727
0.5,0.6,0.4,0.4,0.1877481,49925,0.03505428988142578
0.7,0.6,0.4,0.1,0.1877532,49925,0.03536689293025435
0.6,0.7,0.8,0.5,0.18775372,49925,0.036000271247031854
0.8,0.9,0.5,0.5,0.18775487,49925,0.03488688835892494
0.1,0.4,0.3,0.8,0.18775706,49925,0.033069275895218624
0.4,0.6,0.7,0.6,0.18775775,49925,0.03573417430338578
0.1,0.5,0.9,0.7,0.18776132,49925,0.036131293807110776
0.4,0.6,0.9,0.5,0.18776211,49925,0.03659927931715214
0.7,0.7,0.2,0.6,0.18776248,49925,0.03265724782509065
0.4,0.7,0.6,0.8,0.18776381,49925,0.034917948940436545
0.9,0.9,0.2,0.9,0.18776587,49925,0.0315202446392745
0.8,0.8,0.9,0.4,0.1877729,49925,0.036136163115056935
0.1,0.4,0.2,0.8,0.18777898,49925,0.03242756651744036
0.7,0.6,0.2,0.3,0.18778071,49925,0.03353784925214807
0.2,0.4,0.3,0.5,0.18779404,49925,0.03450285715240499
0.6,0.5,0.5,0.1,0.1877973,49925,0.03609190729347206
0.5,0.5,0.3,0.2,0.1878098,49925,0.03510173396165304
0.6,0.8,0.9,0.7,0.18781078,49925,0.03580589692584627
0.7,0.7,0.1,0.8,0.18782818,49925,0.029948022239512425
0.6,0.5,0.1,0.4,0.18784703,49925,0.031175883777135965
0.5,0.7,0.5,0.6,0.18785985,49925,0.034961957913703524
0.6,0.5,0.6,0.1,0.18788518,49925,0.036479166892271674
0.6,0.8,0.8,0.7,0.18788728,49925,0.03556226982235523
0.8,0.8,0.7,0.4,0.1879079,49925,0.0356111207524365
0.8,0.9,0.8,0.6,0.18791308,49925,0.03551498571591445
0.6,0.9,0.8,0.9,0.1879166,49925,0.035174064603877224
0.2,0.4,0.1,0.8,0.18792127,49925,0.030441359995083607
0.2,0.5,0.5,0.8,0.18792483,49925,0.03439104987266237
0.1,0.3,0.6,0.2,0.18792954,49925,0.037674838580192146
0.9,0.8,0.5,0.2,0.18793212,49925,0.03520458825127652
0.4,0.5,0.5,0.4,0.18793678,49925,0.035636687047280395
0.3,0.6,0.7,0.8,0.18793803,49925,0.03519907340016922
0.7,0.7,0.5,0.3,0.1879408,49925,0.035322934391268816
0.3,0.5,0.1,0.9,0.18794245,49925,0.03010025969408302
0.6,0.7,0.7,0.5,0.18795058,49925,0.03571773569340462
0.7,0.5,0.1,0.3,0.1879576,49925,0.03108270697043157
0.3,0.5,0.2,0.6,0.18796557,49925,0.03355396613332736
0.7,0.9,0.7,0.7,0.18797396,49925,0.03518664307917512
0.4,0.7,0.9,0.8,0.18797421,49925,0.03576178725923433
0.8,0.8,0.8,0.4,0.1879915,49925,0.03588822057599964
0.4,0.4,0.4,0.2,0.1879915,49925,0.03588822057599964
0.2,0.2,0.2,0.1,0.1879915,49925,0.03588822057599964
0.6,0.6,0.6,0.3,0.1879915,49925,0.03588822057599965
0.5,0.7,0.4,0.6,0.18799931,49925,0.034613738218500105
0.5,0.8,0.5,0.8,0.1880001,49925,0.034584986862127895
0.9,0.9,0.7,0.4,0.18800339,49925,0.035455186420667896
0.7,0.6,0.3,0.1,0.18800357,49925,0.034889582831930645
0.3,0.6,0.5,0.8,0.18802285,49925,0.03454949495804843
0.2,0.3,0.5,0.2,0.18802682,49925,0.03710309223493489
0.7,0.7,0.4,0.3,0.18804702,49925,0.03499504968938878
0.4,0.5,0.2,0.4,0.18804844,49925,0.034053976614328206
0.5,0.8,0.4,0.8,0.18807235,49925,0.03425374203668528
0.1,0.4,0.9,0.1,0.18807814,49925,0.0385192113964402
0.1,0.4,0.4,0.8,0.18809307,49925,0.03359404900523549
0.7,0.9,0.4,0.7,0.18809308,49925,0.03432524397664526
0.4,0.3,0.1,0.1,0.18809405,49925,0.03348349024141407
0.8,0.6,0.2,0.2,0.18809405,49925,0.03348349024141407
0.1,0.3,0.5,0.4,0.18809527,49925,0.036066520210086155
0.9,0.9,0.4,0.4,0.18809941,49925,0.03456467892053912
0.8,0.7,0.9,0.2,0.18811409,49925,0.03659895585253911
0.2,0.5,0.3,0.8,0.18812001,49925,0.03353299492114245
0.4,0.6,0.5,0.6,0.18812901,49925,0.03504097894300547
0.2,0.6,0.9,0.9,0.18813747,49925,0.03550270056464404
0.5,0.6,0.1,0.8,0.18813986,49925,0.030271293074668026
0.7,0.8,0.6,0.5,0.18815106,49925,0.03527182771498682
0.7,0.8,0.3,0.6,0.18815944,49925,0.03390180860430602
0.2,0.5,0.2,0.9,0.18817267,49925,0.03240382204759113
0.3,0.6,0.3,0.8,0.18817419,49925,0.03373997525686974
0.1,0.4,0.6,0.7,0.18818283,49925,0.034998144250957736
0.6,0.8,0.3,0.8,0.18819565,49925,0.03362776971164286
0.6,0.6,0.5,0.3,0.18820521,49925,0.035521414971036565
0.7,0.8,0.5,0.5,0.18820938,49925,0.03498540282669272
0.7,0.9,0.6,0.7,0.18821028,49925,0.03494918419617048
0.3,0.4,0.7,0.2,0.188225,49925,0.03739667558004192
0.5,0.8,0.9,0.9,0.18822634,49925,0.03547488113472127
0.1,0.3,0.4,0.5,0.18823186,49925,0.03489764484231471
0.4,0.4,0.5,0.2,0.1882374,49925,0.03637727093645995
0.2,0.5,0.4,0.8,0.18823946,49925,0.03398156306128853
0.4,0.4,0.1,0.4,0.18824443,49925,0.031936302399292876
0.8,0.8,0.2,0.8,0.18824443,49925,0.031936302399292876
0.8,0.9,0.3,0.8,0.1882525,49925,0.0333170383799986
0.4,0.7,0.5,0.8,0.18825452,49925,0.0345815801815707
0.6,0.7,0.9,0.5,0.18825948,49925,0.036264914935213666
0.4,0.7,0.4,0.8,0.18826109,49925,0.03423098918558477
0.6,0.7,0.6,0.5,0.188268,49925,0.03540616533441661
0.2,0.3,0.1,0.4,0.1882747,49925,0.03272606471361289
0.4,0.6,0.2,0.8,0.1882747,49925,0.03272606471361289
0.2,0.5,0.9,0.5,0.18828058,49925,0.03685740821208008
0.8,0.7,0.1,0.7,0.18828967,49925,0.029996341631883482
0.8,0.7,0.6,0.2,0.18829677,49925,0.03571571272727814
0.8,0.7,0.3,0.2,0.18832536,49925,0.03450831779957209
0.4,0.5,0.9,0.2,0.18832883,49925,0.037559164768058095
0.6,0.9,0.4,0.9,0.18834613,49925,0.03404508375117742
0.8,0.7,0.2,0.5,0.18837583,49925,0.03266641788267867
0.5,0.8,0.8,0.9,0.188378,49925,0.03524090649389098
0.6,0.8,0.7,0.7,0.188389,49925,0.03529384398371914
0.5,0.6,0.3,0.4,0.18841112,49925,0.03462933039485437
0.9,0.8,0.4,0.2,0.18841383,49925,0.03484484733390125
0.2,0.4,0.8,0.2,0.1884219,49925,0.037852649145906
0.1,0.2,0.4,0.1,0.1884219,49925,0.037852649145906
0.4,0.5,0.6,0.4,0.18842784,49925,0.03602930409872282
0.3,0.4,0.6,0.3,0.18844846,49925,0.03667183268431422
0.2,0.5,0.6,0.8,0.18846144,49925,0.034789488709879385
0.9,0.9,0.9,0.5,0.18848774,49925,0.03580762279179886
0.3,0.6,0.4,0.8,0.1884999,49925,0.03415445822070662
0.4,0.6,0.4,0.6,0.18852225,49925,0.034664215217846496
0.2,0.3,0.2,0.3,0.18852225,49925,0.034664215217846496
0.6,0.9,0.6,0.9,0.18852225,49925,0.03466421521784649
0.3,0.6,0.9,0.7,0.18852681,49925,0.03611428483231752
0.9,0.7,0.1,0.6,0.1885328,49925,0.029983751574389404
0.6,0.9,0.7,0.9,0.18853498,49925,0.03492428646045484
0.1,0.5,0.8,0.9,0.18853937,49925,0.03507123488924024
0.9,0.9,0.6,0.4,0.18855752,49925,0.03521196662036631
0.9,0.6,0.2,0.1,0.1885612,49925,0.03339942418729615
0.7,0.8,0.4,0.5,0.18856356,49925,0.03465988299011418
0.6,0.6,0.1,0.7,0.18859246,49925,0.03038062577713967
0.6,0.6,0.8,0.3,0.18859428,49925,0.0365436203850265
0.6,0.5,0.7,0.1,0.18861473,49925,0.03686194906931604
0.9,0.9,0.5,0.4,0.1886172,49925,0.03493273903493764
0.7,0.9,0.5,0.7,0.18862633,49925,0.03466749879273889
0.9,0.8,0.1,0.9,0.18862832,49925,0.029484170148882508
0.4,0.5,0.4,0.4,0.18862835,49925,0.035201133102845915
0.3,0.5,0.5,0.6,0.18862963,49925,0.03512257233457574
0.9,0.9,0.3,0.7,0.18863991,49925,0.033344327931652866
0.3,0.4,0.8,0.1,0.18864472,49925,0.03798931064313887
0.7,0.4,0.1,0.1,0.1886451,49925,0.031584040929089584
0.9,0.8,0.2,0.7,0.18865612,49925,0.031954665440745864
0.7,0.8,0.8,0.6,0.1886622,49925,0.03565175983279136
0.6,0.7,0.3,0.5,0.1886706,49925,0.034279226257709634
0.9,0.7,0.8,0.1,0.18867254,49925,0.03635989991784916
0.7,0.8,0.9,0.6,0.18868262,49925,0.03591062054078591
0.2,0.3,0.6,0.1,0.1886869,49925,0.03795586406442331
0.6,0.8,0.5,0.7,0.18868917,49925,0.03472095070739706
0.6,0.5,0.4,0.1,0.18870236,49925,0.03564249979369456
0.5,0.4,0.1,0.3,0.18870482,49925,0.031934245080964624
0.5,0.7,0.8,0.7,0.18870857,49925,0.03566865703217097
0.5,0.6,0.2,0.6,0.18874595,49925,0.03320202589941428
0.4,0.7,0.3,0.9,0.1887573,49925,0.033553633171323455
0.3,0.5,0.6,0.6,0.18876171,49925,0.035484451181828615
0.4,0.5,0.1,0.7,0.18876645,49925,0.0307381305659903
0.6,0.9,0.5,0.9,0.18877517,49925,0.0344020474404057
0.1,0.4,0.5,0.8,0.18877527,49925,0.03408849774878658
0.7,0.9,0.9,0.8,0.18877643,49925,0.035522265304052655
0.7,0.7,0.7,0.4,0.1887784,49925,0.035786976274292115
0.4,0.5,0.8,0.3,0.18878236,49925,0.037006932364365794
0.6,0.8,0.6,0.7,0.18878758,49925,0.03501335129747473
0.9,0.8,0.9,0.3,0.1887895,49925,0.03618503500093004
0.8,0.7,0.5,0.2,0.18880719,49925,0.035382314690855454
0.9,0.7,0.2,0.4,0.18881705,49925,0.03264838300303619
0.7,0.7,0.8,0.4,0.18882254,49925,0.03608762444103813
0.4,0.7,0.7,0.9,0.18882902,49925,0.03496446266019392
0.5,0.7,0.7,0.7,0.18883282,49925,0.03539080059801933
0.6,0.5,0.3,0.1,0.18883532,49925,0.035132951784909626
0.4,0.6,0.8,0.6,0.18884702,49925,0.03605413223630299
0.2,0.3,0.4,0.3,0.18884702,49925,0.03605413223630299
0.6,0.7,0.2,0.8,0.1888726,49925,0.03237603848756017
0.8,0.7,0.4,0.2,0.18887469,49925,0.03500906605094469
0.3,0.6,0.8,0.8,0.18888219,49925,0.0355289979664173
0.9,0.7,0.7,0.1,0.18889561,49925,0.03606809607202688
0.8,0.8,0.3,0.5,0.18890294,49925,0.03396930033390641
0.9,0.8,0.8,0.3,0.18892965,49925,0.03592966326248224
0.5,0.8,0.7,0.9,0.18893787,49925,0.03496916517844712
0.1,0.4,0.7,0.6,0.18895084,49925,0.03586747756693302
0.9,0.7,0.9,0.1,0.18895403,49925,0.0366380712068053
0.8,0.9,0.6,0.6,0.18896115,49925,0.03501774477100354
0.8,0.9,0.4,0.6,0.18896915,49925,0.034382583046566495
0.5,0.5,0.5,0.3,0.18897194,49925,0.03575529853303653
0.6,0.7,0.5,0.5,0.18898657,49925,0.03509406517513979
0.5,0.7,0.3,0.7,0.18898997,49925,0.03395859875858201
0.2,0.5,0.8,0.7,0.1889911,49925,0.035854597934585904
0.3,0.5,0.4,0.6,0.18899795,49925,0.03470031380027531
0.6,0.6,0.4,0.3,0.1890065,49925,0.03515494394175419
0.9,0.9,0.8,0.5,0.18901554,49925,0.035575043284793696
0.4,0.7,0.8,0.9,0.18901563,49925,0.035239217923983705
0.8,0.9,0.7,0.6,0.18902338,49925,0.03527036618591485
0.4,0.5,0.7,0.4,0.18902549,49925,0.03640218515791224
0.9,0.7,0.3,0.1,0.1890386,49925,0.03451455351439449
0.5,0.5,0.9,0.1,0.18904111,49925,0.037627790084989746
0.4,0.5,0.3,0.4,0.18904471,49925,0.03473830493951676
0.4,0.6,0.3,0.6,0.18905254,49925,0.03423597520962551
0.7,0.7,0.1,0.9,0.1890597,49925,0.02976257751786829
0.5,0.6,0.9,0.4,0.18906263,49925,0.03673675156480411
0.2,0.4,0.6,0.5,0.18906778,49925,0.03595792223146132
0.5,0.8,0.5,0.9,0.18907313,49925,0.03439869823145246
0.8,0.8,0.5,0.4,0.18909274,49925,0.03505337220843032
0.7,0.6,0.9,0.1,0.18909916,49925,0.03711035501358183
0.5,0.6,0.6,0.5,0.18913709,49925,0.03557152099402582
0.7,0.6,0.6,0.2,0.18915862,49925,0.03594496677447318
0.5,0.8,0.4,0.9,0.18917027,49925,0.03406991128783193
0.7,0.9,0.4,0.8,0.18917346,49925,0.034154652591566324
0.7,0.8,0.7,0.6,0.18920156,49925,0.03538583265160655
0.7,0.6,0.1,0.6,0.18922572,49925,0.030427888688540166
0.1,0.4,0.8,0.4,0.18923435,49925,0.03711173091548206
0.7,0.6,0.7,0.2,0.18923438,49925,0.03627540446005478
0.3,0.3,0.5,0.1,0.18923977,49925,0.03728343598213148
0.3,0.4,0.1,0.6,0.18925226,49925,0.03133033620315373
0.7,0.7,0.2,0.7,0.18925455,49925,0.03243695561393444
0.8,0.8,0.6,0.4,0.1892651,49925,0.03532543220003265
0.4,0.4,0.3,0.2,0.1892651,49925,0.03532543220003265
0.5,0.8,0.6,0.9,0.18927623,49925,0.0346840763547344
0.5,0.7,0.6,0.7,0.18927795,49925,0.035083481481614484
0.8,0.9,0.9,0.7,0.18929239,49925,0.03559617122573647
0.1,0.5,0.9,0.8,0.18930912,49925,0.03573700066612793
0.4,0.4,0.7,0.1,0.18931575,49925,0.03749893386532555
0.4,0.7,0.6,0.9,0.18931738,49925,0.03467687736458052
0.2,0.4,0.1,0.9,0.18932062,49925,0.029979008700418572
0.3,0.5,0.3,0.6,0.18932438,49925,0.03421952036096844
0.5,0.6,0.1,0.9,0.18933329,49925,0.03000845867516639
0.1,0.4,0.2,0.9,0.18935002,49925,0.031980998910502545
0.6,0.8,0.3,0.9,0.18935457,49925,0.03342510479747722
0.7,0.9,0.8,0.8,0.18935749,49925,0.03529098869600297
0.9,0.7,0.6,0.1,0.18935996,49925,0.03574269679947245
0.7,0.6,0.8,0.2,0.18937136,49925,0.03659776743167797
0.6,0.8,0.4,0.7,0.18937165,49925,0.034393556720756176
0.6,0.7,0.4,0.5,0.18938941,49925,0.034745147908603946
0.2,0.2,0.1,0.1,0.18939728,49925,0.034709215599288204
0.4,0.4,0.2,0.2,0.18939728,49925,0.034709215599288204
0.6,0.6,0.3,0.3,0.18939728,49925,0.034709215599288204
0.8,0.8,0.4,0.4,0.18939728,49925,0.034709215599288204
0.7,0.7,0.9,0.4,0.18940261,49925,0.036352897365766974
0.9,0.8,0.7,0.3,0.1894123,49925,0.03565012483160321
0.7,0.7,0.6,0.4,0.18941441,49925,0.0354889658320961
0.8,0.6,0.1,0.5,0.18941954,49925,0.03040070825201771
0.6,0.4,0.1,0.2,0.18942566,49925,0.03183844636265713
0.7,0.8,0.3,0.7,0.18942839,49925,0.03372022232791135
0.9,0.8,0.3,0.4,0.18942925,49925,0.03396997456441061
0.8,0.8,0.8,0.5,0.18944362,49925,0.0357266237285156
0.8,0.9,0.5,0.6,0.18947676,49925,0.03475407157046781
0.2,0.4,0.7,0.4,0.18949041,49925,0.03676469363749969
0.3,0.5,0.2,0.7,0.18949845,49925,0.03317084276294837
0.6,0.5,0.2,0.2,0.18949956,49925,0.03417631022450192
0.7,0.9,0.7,0.8,0.18951675,49925,0.035040697080829235
0.5,0.5,0.6,0.3,0.18951997,49925,0.03615625637732566
0.6,0.8,0.9,0.8,0.189522,49925,0.03561708125316131
0.5,0.5,0.2,0.3,0.18954137,49925,0.03417202446531245
0.3,0.5,0.9,0.4,0.18954745,49925,0.037094982292701056
0.4,0.6,0.2,0.9,0.18954772,49925,0.03238667776861865
0.8,0.9,0.3,0.9,0.18954831,49925,0.03314359334844499
0.9,0.9,0.6,0.5,0.1895624,49925,0.03508447881045635
0.9,0.7,0.5,0.1,0.189565,49925,0.03540726988020336
0.8,0.8,0.9,0.5,0.18957481,49925,0.03597791412980099
0.1,0.2,0.2,0.3,0.1895798,49925,0.034600405908633745
0.2,0.4,0.4,0.6,0.1895798,49925,0.034600405908633745
0.3,0.6,0.6,0.9,0.1895798,49925,0.034600405908633745
0.1,0.3,0.1,0.8,0.18959945,49925,0.030104131325663787
0.4,0.7,0.9,0.9,0.18961675,49925,0.03551114005693601
0.5,0.5,0.8,0.2,0.18962273,49925,0.03710545163990814
0.7,0.9,0.6,0.8,0.18962403,49925,0.03479343503758956
0.3,0.5,0.8,0.5,0.18963951,49925,0.036528247351570425
0.4,0.7,0.4,0.9,0.18963984,49925,0.034017740026623
0.6,0.6,0.2,0.5,0.18966545,49925,0.033262789170616494
0.7,0.8,0.5,0.6,0.18966898,49925,0.034835108958447776
0.9,0.6,0.1,0.4,0.18967277,49925,0.030327261103551394
0.5,0.7,0.5,0.7,0.18968505,49925,0.03476934097215602
0.5,0.7,0.4,0.7,0.18969467,49925,0.03443200580469473
0.4,0.6,0.6,0.7,0.18969643,49925,0.03515508238639656
0.5,0.6,0.7,0.5,0.18969646,49925,0.0359074940575812
0.3,0.6,0.9,0.8,0.1896974,49925,0.03581449412317921
0.8,0.8,0.2,0.9,0.18969864,49925,0.03173804756764069
0.6,0.8,0.8,0.8,0.18970656,49925,0.035375159670915764
0.3,0.4,0.4,0.4,0.18970656,49925,0.035375159670915764
0.3,0.6,0.3,0.9,0.18971972,49925,0.033456695049456926
0.2,0.4,0.2,0.6,0.18971972,49925,0.033456695049456926
0.1,0.2,0.1,0.3,0.18971972,49925,0.033456695049456926
0.5,0.4,0.4,0.1,0.18972784,49925,0.035974487994375255
0.9,0.9,0.7,0.5,0.18973085,49925,0.03532833859333561
0.9,0.8,0.6,0.3,0.1897329,49925,0.035385293221412706
0.7,0.6,0.5,0.2,0.18973467,49925,0.03557633269474488
0.7,0.6,0.2,0.4,0.18973556,49925,0.03330379623111354
0.8,0.7,0.1,0.8,0.18974733,49925,0.02981118539335838
0.3,0.6,0.5,0.9,0.1897583,49925,0.03426737413633531
0.7,0.6,0.4,0.2,0.18976714,49925,0.035191043822279035
0.5,0.7,0.9,0.7,0.18976775,49925,0.03593290574092914
0.1,0.4,0.3,0.9,0.18977931,49925,0.03265327525527916
0.9,0.9,0.4,0.5,0.18978637,49925,0.03444679981935975
0.7,0.7,0.3,0.4,0.18978885,49925,0.034355608783883135
0.2,0.5,0.5,0.9,0.18978956,49925,0.03404495781016345
0.7,0.9,0.5,0.8,0.18980144,49925,0.03451718150178595
0.6,0.7,0.2,0.9,0.1898044,49925,0.03210064426865947
0.2,0.4,0.3,0.6,0.18981,49925,0.034077071291415066
0.5,0.4,0.5,0.1,0.18984896,49925,0.036461885137039206
0.4,0.5,0.2,0.5,0.18984905,49925,0.03375007546886608
0.4,0.6,0.9,0.6,0.1898507,49925,0.03634055519812835
0.8,0.9,0.8,0.7,0.18985547,49925,0.03536352348000404
0.5,0.6,0.5,0.5,0.18987216,49925,0.035210465476410456
0.3,0.6,0.7,0.9,0.18987289,49925,0.03491932095595813
0.9,0.8,0.5,0.3,0.18987447,49925,0.03508256006966684
0.4,0.7,0.5,0.9,0.18989113,49925,0.034349908433861175
0.5,0.5,0.1,0.6,0.18989669,49925,0.030882241753598546
0.6,0.8,0.7,0.8,0.18989816,49925,0.03510299478832356
0.2,0.5,0.9,0.6,0.1899009,49925,0.036488609826728496
0.6,0.7,0.7,0.6,0.18990609,49925,0.035509647367301264
0.4,0.4,0.6,0.2,0.18991053,49925,0.03681843714756154
0.2,0.2,0.3,0.1,0.18991053,49925,0.03681843714756154
0.6,0.6,0.9,0.3,0.18991053,49925,0.03681843714756154
0.7,0.8,0.6,0.6,0.18991345,49925,0.03511513428986417
0.2,0.5,0.7,0.8,0.18992084,49925,0.03515338789589622
0.1,0.4,0.4,0.9,0.18992214,49925,0.03317882743336854
0.9,0.7,0.2,0.5,0.18992415,49925,0.0324539966307414
0.4,0.6,0.7,0.7,0.18992734,49925,0.035465934938753975
0.8,0.7,0.2,0.6,0.18992938,49925,0.03246198707699416
0.2,0.5,0.4,0.9,0.18994583,49925,0.03364499115412998
0.8,0.6,0.7,0.1,0.18995053,49925,0.0363252550580891
0.9,0.7,0.4,0.1,0.18995729,49925,0.03504624606561059
0.5,0.6,0.4,0.5,0.1899895,49925,0.03485033301683575
0.8,0.7,0.3,0.3,0.1899972,49925,0.03436532431673028
0.8,0.6,0.2,0.3,0.19000426,49925,0.03328238656224244
0.9,0.8,0.2,0.8,0.19000717,49925,0.03177213515101738
0.5,0.6,0.8,0.5,0.19000956,49925,0.03619433470319274
0.5,0.6,0.2,0.7,0.19001046,49925,0.03291544669026954
0.3,0.6,0.4,0.9,0.19001237,49925,0.033884180974213286
0.9,0.9,0.9,0.6,0.19003096,49925,0.03566955239299598
0.3,0.3,0.3,0.2,0.19003096,49925,0.03566955239299598
0.6,0.6,0.6,0.4,0.19003096,49925,0.03566955239299598
0.5,0.5,0.7,0.3,0.19003412,49925,0.03651764443974186
0.8,0.7,0.9,0.3,0.1900588,49925,0.03639751773075443
0.8,0.8,0.3,0.6,0.19006783,49925,0.03377655280280848
0.1,0.4,0.6,0.8,0.19008163,49925,0.03454109133058613
0.8,0.8,0.7,0.5,0.19010124,49925,0.03545451790591252
0.3,0.4,0.2,0.4,0.19010393,49925,0.034221270500232465
0.6,0.8,0.4,0.8,0.19010393,49925,0.034221270500232465
0.5,0.7,0.3,0.8,0.19011396,49925,0.03374113648836691
0.8,0.7,0.7,0.3,0.19012082,49925,0.03585183962907043
0.9,0.5,0.1,0.2,0.19012904,49925,0.03058912559585392
0.9,0.8,0.4,0.3,0.19013284,49925,0.034723540403291626
0.9,0.7,0.1,0.7,0.19013654,49925,0.029841889129201778
0.8,0.6,0.6,0.1,0.19013663,49925,0.03598845095184088
0.7,0.7,0.5,0.4,0.19013667,49925,0.03516655756773578
0.4,0.6,0.5,0.7,0.19016302,49925,0.03479567864066668
0.5,0.5,0.4,0.3,0.19016433,49925,0.03532624989276835
0.1,0.3,0.3,0.6,0.1901756,49925,0.033666388118026025
0.6,0.7,0.3,0.6,0.19017884,49925,0.03408423427283306
0.6,0.5,0.1,0.5,0.19019401,49925,0.030932264898013234
0.9,0.9,0.5,0.5,0.19019765,49925,0.034824434508506946
0.8,0.7,0.8,0.3,0.19020808,49925,0.03613629438917351
0.7,0.9,0.9,0.9,0.19021109,49925,0.03535462685646059
0.4,0.5,0.1,0.8,0.19023184,49925,0.03039869772812628
0.2,0.3,0.1,0.5,0.19023404,49925,0.032065400815103
0.8,0.9,0.4,0.7,0.19023788,49925,0.034250047995287414
0.5,0.6,0.3,0.5,0.19025385,49925,0.03440871812165814
0.2,0.5,0.6,0.9,0.19025987,49925,0.03443322572152311
0.3,0.4,0.5,0.4,0.19026802,49925,0.03584102433963931
0.7,0.7,0.4,0.4,0.19029662,49925,0.034846112173324374
0.3,0.4,0.3,0.4,0.19030151,49925,0.034839099029250385
0.6,0.8,0.6,0.8,0.19030151,49925,0.034839099029250385
0.9,0.9,0.3,0.8,0.19030797,49925,0.033178303678298306
0.6,0.6,0.7,0.4,0.19031096,49925,0.03599956588256049
0.6,0.7,0.8,0.6,0.1903189,49925,0.035799961145208205
0.7,0.6,0.3,0.2,0.19032405,49925,0.03474311745904737
0.4,0.6,0.3,0.7,0.19033419,49925,0.034011247188286506
0.1,0.4,0.9,0.2,0.19033846,49925,0.03817379428165426
0.2,0.5,0.3,0.9,0.19034441,49925,0.03318462372252678
0.5,0.4,0.2,0.1,0.19034764,49925,0.03474228993838529
0.7,0.8,0.4,0.6,0.19034877,49925,0.0344964958876957
0.8,0.6,0.8,0.1,0.19036278,49925,0.03664040756161291
0.1,0.3,0.2,0.6,0.1903806,49925,0.03296148287486085
0.7,0.8,0.3,0.8,0.19038853,49925,0.03352194297897919
0.1,0.4,0.7,0.7,0.19039059,49925,0.03540705168591416
0.3,0.5,0.7,0.6,0.19040698,49925,0.03585490295383449
0.8,0.9,0.6,0.7,0.19040868,49925,0.03489054391127026
0.9,0.6,0.2,0.2,0.19041947,49925,0.03321372367063638
0.6,0.7,0.6,0.6,0.19042364,49925,0.03522142484397817
0.5,0.4,0.3,0.1,0.19045745,49925,0.0354292481729634
0.9,0.8,0.9,0.4,0.19046788,49925,0.0360197871549968
0.9,0.9,0.8,0.6,0.19047105,49925,0.03542669574238518
0.7,0.9,0.8,0.9,0.1904725,49925,0.03512920404211314
0.3,0.6,0.8,0.9,0.19048543,49925,0.03522628374353569
0.7,0.8,0.8,0.7,0.19049817,49925,0.03547612284583588
0.8,0.9,0.7,0.7,0.19050166,49925,0.03513606619506577
0.8,0.9,0.5,0.7,0.19050977,49925,0.03461656277511005
0.7,0.9,0.4,0.9,0.19051197,49925,0.033994123732247486
0.4,0.6,0.4,0.7,0.19052675,49925,0.0344334369580903
0.6,0.8,0.5,0.8,0.19053283,49925,0.034553900885177895
0.1,0.4,0.8,0.5,0.19054961,49925,0.03665993616610668
0.6,0.7,0.9,0.6,0.19055267,49925,0.03606612305774678
0.7,0.5,0.2,0.1,0.19055513,49925,0.034136823274388765
0.1,0.3,0.5,0.5,0.19055848,49925,0.03545768274423231
0.5,0.7,0.8,0.8,0.19056161,49925,0.03544177926199948
0.8,0.7,0.6,0.3,0.19056723,49925,0.035529658441340095
0.9,0.7,0.3,0.2,0.19057357,49925,0.034362444946292266
0.2,0.4,0.5,0.6,0.190579,49925,0.03506400351374062
0.6,0.6,0.1,0.8,0.1905944,49925,0.030150699838228004
0.7,0.8,0.9,0.7,0.190635,49925,0.0357240253543991
0.1,0.5,0.9,0.9,0.19063845,49925,0.035368813409253415
0.8,0.5,0.1,0.3,0.19064683,49925,0.030792206479532305
0.1,0.3,0.1,0.9,0.1906541,49925,0.029532031428419342
0.9,0.8,0.3,0.5,0.19066319,49925,0.03382201076826799
0.5,0.7,0.6,0.8,0.19066697,49925,0.03487520631188885
0.4,0.6,0.8,0.7,0.1906729,49925,0.03576293738781101
0.4,0.5,0.5,0.5,0.1906785,49925,0.035335494960065744
0.6,0.6,0.5,0.4,0.19068351,49925,0.03531041483158544
0.7,0.9,0.7,0.9,0.19070366,49925,0.03488580729013231
0.5,0.5,0.3,0.3,0.19071089,49925,0.03488396630438816
0.9,0.8,0.7,0.4,0.19071722,49925,0.03550484813555581
0.2,0.4,0.9,0.1,0.19072148,49925,0.03834901211309511
0.9,0.8,0.8,0.4,0.19075343,49925,0.035782709184928006
0.7,0.5,0.1,0.4,0.19075346,49925,0.03089924775282322
0.1,0.3,0.6,0.3,0.19075674,49925,0.03709068482671187
0.2,0.5,0.8,0.8,0.19075993,49925,0.03548905694614581
0.5,0.7,0.7,0.8,0.1907784,49925,0.0351685209386969
0.8,0.8,0.6,0.5,0.19079992,49925,0.03518246717687641
0.4,0.5,0.8,0.4,0.19080505,49925,0.03671067914860774
0.7,0.7,0.2,0.8,0.19081993,49925,0.032215459965123185
0.9,0.9,0.4,0.6,0.1908246,49925,0.0343156732394699
0.3,0.4,0.7,0.3,0.19082676,49925,0.037017446483424456
0.7,0.7,0.7,0.5,0.1908313,49925,0.03559183478651345
0.8,0.7,0.1,0.9,0.1908416,49925,0.029639619879930957
0.3,0.5,0.5,0.7,0.19084571,49925,0.03477572036561007
0.3,0.4,0.1,0.7,0.19084764,49925,0.03087420532683863
0.6,0.7,0.5,0.6,0.1908738,49925,0.034922257408097235
0.8,0.6,0.4,0.1,0.1908794,49925,0.035217601323265776
0.7,0.6,0.1,0.7,0.190886,49925,0.030218511422586587
0.6,0.5,0.5,0.2,0.19090328,49925,0.035827914306862454
0.7,0.8,0.7,0.7,0.19092554,49925,0.03522567740868539
0.6,0.7,0.4,0.6,0.1909273,49925,0.03458788202664563
0.5,0.6,0.9,0.5,0.19093859,49925,0.03648025830527372
0.6,0.6,0.8,0.4,0.19094339,49925,0.036316571558364916
0.3,0.3,0.4,0.2,0.19094339,49925,0.036316571558364916
0.3,0.5,0.2,0.8,0.19094667,49925,0.03279309422869658
0.8,0.8,0.5,0.5,0.19095248,49925,0.03491995663568378
0.8,0.7,0.5,0.3,0.19097094,49925,0.03522199983335799
0.9,0.9,0.7,0.6,0.19097376,49925,0.03519645266555135
0.7,0.6,0.9,0.2,0.19098106,49925,0.03688974889784381
0.4,0.5,0.6,0.5,0.19098265,49925,0.0357372084834647
0.8,0.9,0.9,0.8,0.1909855,49925,0.03544528671350737
0.6,0.8,0.7,0.9,0.19099028,49925,0.03492907176008438
0.7,0.9,0.6,0.9,0.1909917,49925,0.034646204712228734
0.6,0.6,0.2,0.6,0.19100094,49925,0.033008165488575554
0.9,0.9,0.3,0.9,0.19100094,49925,0.033008165488575554
0.3,0.3,0.1,0.3,0.19100094,49925,0.033008165488575554
0.4,0.5,0.9,0.3,0.19100623,49925,0.03726751557610544
0.6,0.5,0.8,0.1,0.19101621,49925,0.037175812560043583
0.7,0.7,0.8,0.5,0.19102785,49925,0.0358922594221217
0.3,0.5,0.6,0.7,0.19103675,49925,0.03515811786031117
0.6,0.5,0.6,0.2,0.19106051,49925,0.03622802262979644
0.1,0.4,0.5,0.9,0.19106793,49925,0.03367259941590694
0.1,0.3,0.4,0.6,0.19107169,49925,0.034297042373037975
0.3,0.5,0.8,0.6,0.19107172,49925,0.036183290056804866
0.7,0.9,0.5,0.9,0.19107187,49925,0.03437736711392946
0.4,0.4,0.1,0.5,0.19107945,49925,0.031554385298227246
0.8,0.6,0.5,0.1,0.19110227,49925,0.03561242298250766
0.2,0.5,0.7,0.9,0.19111004,49925,0.034801427376137735
0.5,0.7,0.5,0.8,0.19111064,49925,0.0345572888767625
0.4,0.4,0.4,0.3,0.19111429,49925,0.035538505880997016
0.8,0.8,0.8,0.6,0.19111429,49925,0.035538505880997016
0.8,0.7,0.4,0.3,0.191134,49925,0.03487432401827088
0.9,0.7,0.8,0.2,0.1911394,49925,0.036185420722388235
0.1,0.3,0.7,0.1,0.19115125,49925,0.038403572221411005
0.2,0.4,0.8,0.3,0.19115695,49925,0.03744109939903949
0.9,0.7,0.9,0.2,0.19115934,49925,0.03644530959430078
0.8,0.6,0.3,0.1,0.19117859,49925,0.034769885737346545
0.5,0.7,0.9,0.8,0.19118169,49925,0.03569786129162665
0.7,0.7,0.3,0.5,0.19118649,49925,0.03416916139948133
0.2,0.3,0.5,0.3,0.19118756,49925,0.036586827108965166
0.8,0.8,0.4,0.5,0.19121884,49925,0.03458655556352491
0.2,0.4,0.6,0.6,0.19122252,49925,0.03551700326704875
0.3,0.6,0.9,0.9,0.19122252,49925,0.03551700326704875
0.1,0.2,0.3,0.3,0.19122252,49925,0.03551700326704875
0.2,0.5,0.9,0.7,0.19123024,49925,0.03612047797920809
0.5,0.7,0.4,0.8,0.19124448,49925,0.03423727005244378
0.5,0.5,0.9,0.2,0.19124475,49925,0.037362593854901
0.9,0.7,0.7,0.2,0.19125499,49925,0.03589398334237307
0.5,0.7,0.3,0.9,0.19127136,49925,0.033520729777149226
0.9,0.7,0.1,0.8,0.19127788,49925,0.029697736362203967
0.7,0.7,0.6,0.5,0.19128522,49925,0.035297636383083336
0.8,0.7,0.2,0.7,0.19128883,49925,0.032257294423029055
0.4,0.5,0.4,0.5,0.19128972,49925,0.03492728176677254
0.2,0.4,0.7,0.5,0.19129714,49925,0.03631932691161501
0.9,0.8,0.2,0.9,0.19130005,49925,0.031592805763182526
0.6,0.8,0.9,0.9,0.19131565,49925,0.035420457321618526
0.6,0.5,0.4,0.2,0.19132549,49925,0.03540880277765803
0.9,0.9,0.9,0.7,0.19133724,49925,0.035506562782685165
0.8,0.9,0.8,0.8,0.1913475,49925,0.03522621617436677
0.5,0.5,0.2,0.4,0.19136867,49925,0.033880932590164
0.7,0.8,0.3,0.9,0.19137427,49925,0.033307360011730076
0.8,0.8,0.3,0.7,0.19138281,49925,0.03358148982402277
0.5,0.6,0.6,0.6,0.19138868,49925,0.035333005257600754
0.6,0.7,0.3,0.7,0.19140413,49925,0.03387014155276869
0.6,0.8,0.8,0.9,0.19140443,49925,0.03518565886555333
0.8,0.9,0.4,0.8,0.19141886,49925,0.0340855109922514
0.9,0.8,0.6,0.4,0.19142392,49925,0.03525312253049157
0.8,0.7,0.8,0.4,0.1914297,49925,0.035941615120026034
0.7,0.6,0.7,0.3,0.19143227,49925,0.036064392829333165
0.6,0.5,0.7,0.2,0.19143328,49925,0.036586899045988164
0.4,0.6,0.9,0.7,0.19143572,49925,0.036057533695887246
0.5,0.6,0.2,0.8,0.19146246,49925,0.03259508415063075
0.8,0.6,0.1,0.6,0.19147454,49925,0.030233024951748927
0.7,0.7,0.9,0.5,0.19148132,49925,0.03616162753662038
0.9,0.7,0.5,0.2,0.19148715,49925,0.03526965677966241
0.5,0.4,0.6,0.1,0.19149734,49925,0.03690128510850727
0.7,0.8,0.5,0.7,0.19149967,49925,0.03466709550279443
0.9,0.9,0.5,0.6,0.191507,49925,0.03469363444597499
0.7,0.8,0.6,0.7,0.19150765,49925,0.034962078131696224
0.5,0.5,0.5,0.4,0.19152655,49925,0.03547932542695743
0.3,0.5,0.4,0.7,0.19153492,49925,0.034375909979682755
0.6,0.8,0.6,0.9,0.1915357,49925,0.034653962267390134
0.3,0.4,0.6,0.4,0.19154412,49925,0.036298742824210355
0.5,0.4,0.1,0.4,0.19155574,49925,0.03162529663009684
0.4,0.5,0.2,0.6,0.19158393,49925,0.03344615344677984
0.6,0.6,0.4,0.4,0.19159116,49925,0.03495803957357339
0.3,0.3,0.2,0.2,0.19159116,49925,0.03495803957357339
0.9,0.9,0.6,0.6,0.19159116,49925,0.03495803957357339
0.3,0.5,0.3,0.7,0.19160044,49925,0.033911039348031455
0.7,0.8,0.4,0.7,0.19160232,49925,0.03433412919617615
0.8,0.8,0.9,0.6,0.19161159,49925,0.03580586604048251
0.9,0.7,0.2,0.6,0.19164105,49925,0.03225749182078204
0.8,0.4,0.1,0.1,0.19164464,49925,0.03113525957563264
0.9,0.6,0.1,0.5,0.19167614,49925,0.03019249790852589
0.9,0.7,0.6,0.2,0.1916818,49925,0.03558420169022233
0.4,0.6,0.6,0.8,0.19170569,49925,0.03489036411758713
0.2,0.3,0.3,0.4,0.19170569,49925,0.03489036411758713
0.7,0.6,0.8,0.3,0.19170669,49925,0.036370273943858646
0.4,0.5,0.3,0.5,0.19171008,49925,0.03446678116633959
0.8,0.8,0.7,0.6,0.19171289,49925,0.03530040120764145
0.6,0.8,0.4,0.9,0.19173191,49925,0.03404696870279262
0.5,0.6,0.7,0.6,0.19173533,49925,0.03565531986125778
0.4,0.4,0.5,0.3,0.1917398,49925,0.03604200841527472
0.4,0.6,0.7,0.8,0.19176167,49925,0.03519547545055104
0.6,0.6,0.3,0.4,0.19177061,49925,0.03452639298601158
0.6,0.6,0.9,0.4,0.19178775,49925,0.03659357264159284
0.9,0.8,0.5,0.4,0.1917999,49925,0.03496232121811402
0.8,0.9,0.7,0.8,0.19181931,49925,0.034998888419163716
0.7,0.6,0.6,0.3,0.19182074,49925,0.03573746846447989
0.4,0.5,0.1,0.9,0.19183403,49925,0.030091762445827827
0.1,0.4,0.6,0.9,0.19183744,49925,0.03411682368511837
0.4,0.5,0.7,0.5,0.19184318,49925,0.03608263088291579
0.8,0.7,0.3,0.4,0.19185413,49925,0.034225258030481945
0.2,0.4,0.4,0.7,0.19186075,49925,0.03417575133873396
0.4,0.6,0.5,0.8,0.19186679,49925,0.03456535479877401
0.9,0.8,0.4,0.4,0.19187978,49925,0.03461584750007113
0.7,0.7,0.5,0.5,0.19188768,49925,0.03501724237310485
0.5,0.5,0.1,0.7,0.19190034,49925,0.030583769298473177
0.8,0.9,0.6,0.8,0.19191392,49925,0.03475069575445245
0.5,0.5,0.8,0.3,0.19191994,49925,0.036837040395313624
0.9,0.8,0.3,0.6,0.19192687,49925,0.0336203894818343
0.6,0.7,0.8,0.7,0.19195518,49925,0.035596513738349114
0.3,0.5,0.2,0.9,0.19196144,49925,0.03242177841128611
0.2,0.4,0.2,0.7,0.19196558,49925,0.03302759233902092
0.6,0.5,0.3,0.2,0.19198039,49925,0.03493422263956234
0.8,0.6,0.9,0.1,0.19198516,49925,0.036907005277432264
0.5,0.6,0.5,0.6,0.1919873,49925,0.034985589802076555
0.3,0.5,0.9,0.5,0.19200298,49925,0.036773631959362785
0.9,0.8,0.9,0.5,0.19200699,49925,0.03586405830826199
0.6,0.7,0.7,0.7,0.1920076,49925,0.035318050501480486
0.9,0.7,0.4,0.2,0.19201314,49925,0.03489591121179069
0.3,0.4,0.8,0.2,0.19201447,49925,0.037651603323307754
0.8,0.7,0.7,0.4,0.1920177,49925,0.035665521818187516
0.2,0.5,0.8,0.9,0.19202177,49925,0.03513174140552152
0.9,0.9,0.4,0.7,0.19202194,49925,0.034162317004356006
0.6,0.6,0.1,0.9,0.19202282,49925,0.029921205376323024
0.7,0.6,0.5,0.3,0.19203545,49925,0.03539800989666569
0.7,0.6,0.2,0.5,0.19204378,49925,0.0330425081968747
0.6,0.8,0.5,0.9,0.19205105,49925,0.034379634439048436
0.4,0.6,0.3,0.8,0.19205457,49925,0.03376370422882973
0.1,0.4,0.7,0.8,0.19207361,49925,0.03496815132407486
0.3,0.5,0.7,0.7,0.19207826,49925,0.03550636012669626
0.2,0.4,0.3,0.7,0.19208285,49925,0.03368353058005246
0.7,0.5,0.6,0.1,0.19209695,49925,0.036278166312765515
0.8,0.9,0.5,0.8,0.19210365,49925,0.034484986661013864
0.6,0.6,0.6,0.5,0.19210708,49925,0.03543643837182545
0.9,0.6,0.2,0.3,0.19212043,49925,0.03301667023972144
0.7,0.7,0.2,0.9,0.19212437,49925,0.0319795702823418
0.9,0.7,0.3,0.3,0.1921275,49925,0.03422287348194417
0.8,0.7,0.6,0.4,0.19213793,49925,0.03537429528927585
0.5,0.6,0.3,0.6,0.1921439,49925,0.034185186865283344
0.4,0.3,0.1,0.2,0.19217366,49925,0.033050935832254706
0.8,0.6,0.2,0.4,0.19217366,49925,0.033050935832254706
0.6,0.5,0.9,0.1,0.19220111,49925,0.03742781103529543
0.2,0.3,0.1,0.6,0.19221085,49925,0.03142593896416106
0.8,0.7,0.9,0.4,0.19223455,49925,0.03621949105655412
0.7,0.8,0.9,0.8,0.1922448,49925,0.03554009693825191
0.4,0.6,0.4,0.8,0.1922512,49925,0.034172401011253385
0.2,0.3,0.2,0.4,0.1922512,49925,0.034172401011253385
0.1,0.4,0.9,0.3,0.19225138,49925,0.037771918339146095
0.9,0.9,0.8,0.7,0.19225292,49925,0.03528774761563374
0.6,0.7,0.6,0.7,0.19225544,49925,0.03502494345936592
0.4,0.4,0.7,0.2,0.1922679,49925,0.037172876938564386
0.9,0.8,0.8,0.5,0.19227648,49925,0.035619522155338465
0.5,0.7,0.8,0.9,0.1922943,49925,0.035220641524443326
0.1,0.3,0.6,0.4,0.19230062,49925,0.03649688163596616
0.5,0.6,0.4,0.6,0.19230288,49925,0.034625698195298676
0.5,0.5,0.6,0.4,0.1923053,49925,0.0358816778883671
0.5,0.6,0.2,0.9,0.19230875,49925,0.03229214770848557
0.5,0.6,0.8,0.6,0.19231175,49925,0.03594088342385256
0.4,0.4,0.8,0.1,0.19231412,49925,0.03776776666059908
0.7,0.7,0.4,0.5,0.19232395,49925,0.03469041632738317
0.8,0.9,0.4,0.9,0.1923343,49925,0.03393668217142371
0.7,0.8,0.8,0.8,0.19233453,49925,0.035301781465976415
0.6,0.4,0.1,0.3,0.19234921,49925,0.03157431448156243
0.6,0.7,0.5,0.7,0.19235635,49925,0.03471908687384838
0.4,0.4,0.3,0.3,0.19236164,49925,0.03503883355763552
0.8,0.8,0.6,0.6,0.19236164,49925,0.03503883355763552
0.4,0.6,0.8,0.8,0.19237235,49925,0.035490113837293995
0.2,0.3,0.4,0.4,0.19237235,49925,0.035490113837293995
0.1,0.4,0.8,0.6,0.19237715,49925,0.0362035613631884
0.2,0.3,0.6,0.2,0.19237779,49925,0.03747351604228796
0.7,0.5,0.5,0.1,0.1923779,49925,0.035876017200040744
0.2,0.4,0.5,0.7,0.19237956,49925,0.03463635565414591
0.5,0.7,0.5,0.9,0.19239554,49925,0.03436333027201383
0.1,0.3,0.3,0.7,0.19239756,49925,0.03313090290255486
0.7,0.8,0.7,0.8,0.19241375,49925,0.0350524137241434
0.6,0.7,0.9,0.7,0.19244489,49925,0.035852623768886344
0.8,0.8,0.3,0.8,0.19244733,49925,0.03339064780087222
0.7,0.6,0.3,0.3,0.19245271,49925,0.034577788708058485
0.7,0.5,0.2,0.2,0.19247626,49925,0.033919596906560726
0.5,0.7,0.6,0.9,0.19248094,49925,0.03467015036766606
0.6,0.5,0.2,0.3,0.19249211,49925,0.03395412504391389
0.6,0.6,0.2,0.7,0.19250089,49925,0.03274306234699207
0.3,0.4,0.1,0.8,0.19250923,49925,0.030438455322289046
0.5,0.3,0.1,0.1,0.19252153,49925,0.03291470002648896
0.1,0.3,0.2,0.7,0.19255292,49925,0.032429099800591374
0.9,0.9,0.7,0.7,0.19255903,49925,0.03506355943082969
0.7,0.7,0.7,0.6,0.19256939,49925,0.03540361091359404
0.7,0.6,0.4,0.3,0.19257456,49925,0.035027798223465925
0.8,0.6,0.7,0.2,0.19257535,49925,0.03612508437456781
0.7,0.6,0.1,0.8,0.1925757,49925,0.030015714750412273
0.9,0.8,0.7,0.5,0.19258022,49925,0.03536820258474483
0.5,0.7,0.7,0.9,0.19259697,49925,0.03495214699794376
0.9,0.7,0.1,0.9,0.19261521,49925,0.02952604533221619
0.8,0.9,0.9,0.9,0.19262579,49925,0.03529368112360935
0.7,0.4,0.1,0.2,0.19262856,49925,0.03143068840683632
0.5,0.7,0.9,0.9,0.19263306,49925,0.03546327601131906
0.4,0.4,0.2,0.3,0.19264877,49925,0.03442554932602053
0.8,0.8,0.4,0.6,0.19264877,49925,0.03442554932602053
0.7,0.8,0.6,0.8,0.19269942,49925,0.034795688679886645
0.7,0.5,0.7,0.1,0.1927003,49925,0.03663824719534826
0.7,0.6,0.9,0.3,0.19270484,49925,0.036663529189077476
0.7,0.7,0.3,0.6,0.1927234,49925,0.033961956838562554
0.3,0.4,0.2,0.5,0.19273067,49925,0.03387551616872515
0.5,0.6,0.9,0.6,0.19273734,49925,0.036226264897592425
0.6,0.7,0.3,0.8,0.19274017,49925,0.033655242427373826
0.4,0.4,0.6,0.3,0.1927405,49925,0.036476937444029446
0.7,0.5,0.3,0.1,0.19274944,49925,0.03496602713289464
0.5,0.5,0.4,0.4,0.19277179,49925,0.035076989624544856
0.3,0.4,0.5,0.5,0.19277644,49925,0.03545511413868998
0.8,0.9,0.8,0.9,0.19277774,49925,0.035077575627270055
0.3,0.5,0.5,0.8,0.19278297,49925,0.03445545825779305
0.9,0.7,0.8,0.3,0.19278398,49925,0.03600181416143801
0.1,0.2,0.4,0.2,0.19278945,49925,0.03702346152325927
0.2,0.4,0.8,0.4,0.19278945,49925,0.03702346152325927
0.7,0.5,0.4,0.1,0.19280237,49925,0.035441183469073545
0.9,0.7,0.9,0.3,0.19280249,49925,0.036270141972561995
0.1,0.3,0.5,0.6,0.19281688,49925,0.03485553885112946
0.8,0.8,0.8,0.7,0.19283426,49925,0.03537736299524058
0.6,0.5,0.8,0.2,0.19284597,49925,0.036917919039916536
0.9,0.7,0.7,0.3,0.192846,49925,0.035708587836711075
0.3,0.5,0.8,0.7,0.19284707,49925,0.035830922226611356
0.5,0.4,0.5,0.2,0.1928654,49925,0.036152533089516915
0.8,0.6,0.6,0.2,0.19286606,49925,0.03579114550768996
0.4,0.3,0.3,0.1,0.19286606,49925,0.03579114550768996
0.6,0.5,0.1,0.6,0.19286653,49925,0.030688706150189232
0.8,0.7,0.2,0.8,0.19288123,49925,0.03203938538284045
0.2,0.4,0.9,0.2,0.19288623,49925,0.03803808713176785
0.6,0.6,0.7,0.5,0.19289224,49925,0.03577712619526359
0.2,0.5,0.9,0.8,0.19290622,49925,0.035767044990411896
0.6,0.7,0.4,0.7,0.19293177,49925,0.03438962672605511
0.8,0.6,0.5,0.2,0.1929321,49925,0.035439992027567355
0.7,0.8,0.4,0.8,0.19296515,49925,0.03417159152180698
0.7,0.5,0.1,0.5,0.19297296,49925,0.03070375933637571
0.8,0.7,0.5,0.4,0.19297928,49925,0.03509569678702475
0.9,0.9,0.4,0.8,0.1930067,49925,0.033995634931834155
0.8,0.8,0.5,0.6,0.19301817,49925,0.03477293754126402
0.8,0.7,0.4,0.4,0.1930201,49925,0.034758231422989075
0.4,0.3,0.4,0.1,0.19304258,49925,0.036417050980876955
0.8,0.6,0.8,0.2,0.19304258,49925,0.036417050980876955
0.8,0.9,0.7,0.9,0.19305277,49925,0.03485958880463379
0.3,0.4,0.4,0.5,0.19305682,49925,0.03499043425654307
0.9,0.9,0.6,0.7,0.19307369,49925,0.03483705003940014
0.9,0.8,0.3,0.7,0.19307464,49925,0.03343378036615529
0.3,0.4,0.3,0.5,0.19308883,49925,0.03449236583203169
0.1,0.4,0.8,0.7,0.19309117,49925,0.03574794068166486
0.4,0.6,0.9,0.8,0.19309741,49925,0.03577368468979739
0.9,0.7,0.2,0.7,0.19310069,49925,0.03206581034565538
0.6,0.6,0.8,0.5,0.19312473,49925,0.0360801042239417
0.9,0.8,0.6,0.5,0.19314668,49925,0.035115936471647485
0.7,0.7,0.8,0.6,0.19314888,49925,0.03569313858563158
0.4,0.5,0.8,0.5,0.19314936,49925,0.0364121651280876
0.3,0.5,0.4,0.8,0.19316642,49925,0.03406340156601028
0.6,0.6,0.5,0.5,0.19316791,49925,0.03511667028995873
0.9,0.9,0.9,0.8,0.19317037,49925,0.03536183943375773
0.4,0.5,0.9,0.4,0.19317439,49925,0.036968497716207444
0.4,0.5,0.6,0.6,0.193178,49925,0.03542752293613368
0.3,0.5,0.6,0.8,0.19317853,49925,0.03480895783959247
0.5,0.4,0.4,0.2,0.1931884,49925,0.035656615625314005
0.5,0.7,0.4,0.9,0.1931913,49925,0.03404323643719039
0.8,0.6,0.3,0.2,0.19321367,49925,0.034586800115142466
0.2,0.4,0.6,0.7,0.19321762,49925,0.03507684961680625
0.4,0.5,0.2,0.7,0.19322026,49925,0.033104406079846556
0.5,0.5,0.7,0.4,0.19322935,49925,0.03623341699025255
0.9,0.9,0.5,0.7,0.19323952,49925,0.03456240662663096
0.3,0.3,0.6,0.1,0.19323984,49925,0.03766947131235054
0.7,0.8,0.5,0.8,0.19325843,49925,0.03450135544094033
0.9,0.7,0.6,0.3,0.19325995,49925,0.0354140394748308
0.8,0.9,0.6,0.9,0.19325998,49925,0.03460156471045162
0.7,0.7,0.9,0.6,0.19326204,49925,0.035973792958027904
0.5,0.4,0.7,0.1,0.19326207,49925,0.037258154118595184
0.4,0.6,0.6,0.9,0.19327539,49925,0.03461822521638937
0.5,0.5,0.2,0.5,0.19328141,49925,0.03358381978085086
0.8,0.5,0.1,0.4,0.19328806,49925,0.030656367014993482
0.7,0.7,0.6,0.6,0.19330284,49925,0.035141240398014195
0.8,0.6,0.1,0.7,0.19331282,49925,0.030063384513291994
0.3,0.3,0.5,0.2,0.19331887,49925,0.03683480073996451
0.4,0.5,0.5,0.6,0.19338435,49925,0.03505276615318113
0.4,0.4,0.1,0.6,0.19338767,49925,0.03115004360947203
0.5,0.5,0.1,0.8,0.19339225,49925,0.030295785081738535
0.8,0.8,0.9,0.7,0.19339658,49925,0.03563139360663126
0.3,0.4,0.9,0.1,0.19339728,49925,0.03816058229148198
0.6,0.5,0.6,0.3,0.19339761,49925,0.035974873178104966
0.3,0.5,0.3,0.8,0.19339949,49925,0.033623588308485074
0.9,0.5,0.1,0.3,0.19340658,49925,0.03051173410366078
0.4,0.3,0.2,0.1,0.1934075,49925,0.03505762347693523
0.8,0.6,0.4,0.2,0.1934075,49925,0.03505762347693523
0.8,0.8,0.3,0.9,0.19340807,49925,0.03319893514595437
0.3,0.5,0.9,0.6,0.19341227,49925,0.036436726371363116
0.8,0.5,0.2,0.1,0.1934127,49925,0.03384830332066263
0.4,0.6,0.3,0.9,0.19343507,49925,0.033493134969054005
0.7,0.6,0.2,0.6,0.1934628,49925,0.03278559367537654
0.3,0.5,0.7,0.8,0.19346781,49925,0.03518124196689095
0.9,0.7,0.5,0.3,0.19348222,49925,0.035114505849798965
0.5,0.5,0.3,0.4,0.1934964,49925,0.03465660245066052
0.2,0.4,0.7,0.6,0.19350052,49925,0.035883862729825244
0.9,0.8,0.4,0.5,0.19350353,49925,0.03449170728304824
0.6,0.6,0.3,0.5,0.19350383,49925,0.03431069831409346
0.9,0.6,0.1,0.6,0.19350421,49925,0.030047269341591475
0.4,0.5,0.4,0.6,0.19350608,49925,0.034647748404096845
0.1,0.4,0.9,0.4,0.19355197,49925,0.03735843179426841
0.9,0.6,0.6,0.1,0.19355947,49925,0.03582498198640188
0.4,0.6,0.7,0.9,0.19356796,49925,0.034918259659937056
0.8,0.9,0.5,0.9,0.19357413,49925,0.03433701210734113
0.9,0.9,0.8,0.8,0.19357511,49925,0.035171625857113975
0.8,0.7,0.3,0.5,0.19358097,49925,0.034041727012925814
0.5,0.6,0.3,0.7,0.19358376,49925,0.03395503230111865
0.7,0.6,0.7,0.4,0.19359204,49925,0.03586719588024707
0.6,0.5,0.5,0.3,0.19360206,49925,0.035584845063284784
0.4,0.6,0.5,0.9,0.19361071,49925,0.03429367624830822
0.1,0.3,0.4,0.7,0.1936127,49925,0.033748056240303304
0.9,0.6,0.7,0.1,0.19365671,49925,0.036154214285188384
0.5,0.6,0.7,0.7,0.19365674,49925,0.035403573555539726
0.6,0.6,0.9,0.5,0.193699,49925,0.0363584851107253
0.7,0.6,0.6,0.4,0.19370216,49925,0.0355409864773223
0.1,0.2,0.2,0.4,0.19370228,49925,0.03377279279201881
0.2,0.4,0.4,0.8,0.19370228,49925,0.03377279279201881
0.1,0.3,0.7,0.2,0.19372937,49925,0.037930518110839744
0.8,0.8,0.7,0.7,0.1937331,49925,0.0351588308153698
0.8,0.6,0.9,0.2,0.19373408,49925,0.03670604304292088
0.8,0.8,0.4,0.7,0.19373646,49925,0.03424962534857527
0.9,0.8,0.5,0.5,0.19375408,49925,0.034837154460094756
0.1,0.4,0.7,0.9,0.19377078,49925,0.034535493194064584
0.4,0.6,0.4,0.9,0.19377078,49925,0.033933264478297295
0.5,0.4,0.2,0.2,0.1937792,49925,0.03450673586310161
0.5,0.6,0.6,0.7,0.19381279,49925,0.0350792017095315
0.1,0.2,0.1,0.4,0.19381979,49925,0.03260710001826701
0.2,0.4,0.2,0.8,0.19381979,49925,0.03260710001826701
0.7,0.7,0.5,0.6,0.19384788,49925,0.03484301617627517
0.1,0.3,0.6,0.5,0.19385237,49925,0.03591350555879591
0.3,0.4,0.7,0.4,0.19385704,49925,0.03664147633269878
0.4,0.6,0.8,0.9,0.1938599,49925,0.03521454784894989
0.5,0.6,0.5,0.7,0.19386578,49925,0.03474874885323249
0.7,0.5,0.8,0.1,0.1938673,49925,0.03695952709829598
0.3,0.4,0.8,0.3,0.19388823,49925,0.037289920341312746
0.6,0.7,0.7,0.8,0.19388855,49925,0.035106022258105725
0.3,0.4,0.1,0.9,0.19388975,49925,0.03002041309922209
0.6,0.5,0.4,0.3,0.1939055,49925,0.03519110195361123
0.9,0.9,0.7,0.8,0.19391581,49925,0.034925211113259316
0.7,0.7,0.3,0.7,0.19391759,49925,0.03377009129693671
0.7,0.6,0.1,0.9,0.19392297,49925,0.02979369048607216
0.8,0.6,0.2,0.5,0.19392794,49925,0.03282598608535153
0.8,0.7,0.6,0.5,0.19394457,49925,0.035222858178890176
0.8,0.7,0.8,0.5,0.19394532,49925,0.035772703339798706
0.9,0.7,0.3,0.4,0.19394547,49925,0.03405906229898776
0.7,0.8,0.8,0.9,0.19394752,49925,0.035124088342071064
0.8,0.8,0.6,0.7,0.19394812,49925,0.03488678353605151
0.6,0.7,0.8,0.8,0.19395098,49925,0.0353850280682509
0.9,0.6,0.3,0.1,0.19395733,49925,0.03459438939299173
0.5,0.4,0.3,0.2,0.19396627,49925,0.03515086252269038
0.6,0.6,0.4,0.5,0.19396812,49925,0.034765925869420164
0.8,0.7,0.7,0.5,0.19397207,49925,0.03548377033658613
0.5,0.6,0.4,0.7,0.19397339,49925,0.034391181660709966
0.6,0.6,0.2,0.8,0.19398052,49925,0.03245746452990289
0.3,0.3,0.1,0.4,0.19398052,49925,0.03245746452990289
0.8,0.7,0.9,0.5,0.19398755,49925,0.036041683729486414
0.7,0.8,0.9,0.9,0.19400996,49925,0.035363147843150144
0.4,0.5,0.7,0.6,0.19401309,49925,0.03577451502490526
0.4,0.5,0.3,0.6,0.19401312,49925,0.03421099816991332
0.6,0.7,0.6,0.8,0.19401348,49925,0.034828953430044725
0.2,0.3,0.1,0.7,0.19401695,49925,0.03084214724289774
0.5,0.5,0.9,0.3,0.19402325,49925,0.037095320342983344
0.2,0.4,0.8,0.5,0.19402483,49925,0.03659816176501724
0.3,0.4,0.6,0.5,0.19402543,49925,0.03587648271800217
0.7,0.8,0.4,0.9,0.19403583,49925,0.03399887181319814
0.5,0.5,0.8,0.4,0.19405541,49925,0.03656755457626177
0.6,0.7,0.5,0.8,0.1940749,49925,0.03452135291080504
0.9,0.7,0.4,0.3,0.19408104,49925,0.0347814695514905
0.2,0.4,0.3,0.8,0.19408664,49925,0.03327937722704898
0.6,0.7,0.3,0.9,0.19409001,49925,0.03345366899169738
0.9,0.8,0.3,0.8,0.19409183,49925,0.03325074787213819
0.9,0.8,0.7,0.6,0.19410424,49925,0.03522422022204568
0.6,0.5,0.7,0.3,0.194113,49925,0.036323551219335004
0.5,0.6,0.8,0.7,0.19412287,49925,0.03569028766083867
0.9,0.6,0.8,0.1,0.19412953,49925,0.036452261765998424
0.7,0.8,0.7,0.9,0.19412956,49925,0.03489283779496455
0.9,0.6,0.2,0.4,0.1941329,49925,0.032786698109979695
0.9,0.6,0.4,0.1,0.19414292,49925,0.035083337189847824
0.7,0.6,0.5,0.4,0.19421244,49925,0.035216186665004826
0.6,0.7,0.9,0.8,0.19422337,49925,0.03564041373222358
0.5,0.4,0.6,0.2,0.19423279,49925,0.036593539316168995
0.9,0.8,0.8,0.6,0.19424558,49925,0.035449222732207866
0.9,0.8,0.9,0.6,0.19424689,49925,0.03569827722008899
0.9,0.9,0.4,0.9,0.19425005,49925,0.03385678186206203
0.2,0.3,0.5,0.4,0.19425954,49925,0.03602672765127897
0.2,0.5,0.9,0.9,0.19427979,49925,0.035417705243605324
0.8,0.8,0.5,0.7,0.19428362,49925,0.03462033103488519
0.7,0.8,0.6,0.9,0.19429271,49925,0.034616519704607135
0.9,0.6,0.5,0.1,0.19429423,49925,0.0354617359584292
0.7,0.6,0.8,0.4,0.19431907,49925,0.03616540311949175
0.9,0.9,0.6,0.8,0.19431932,49925,0.034695397449802254
0.9,0.4,0.1,0.1,0.19432242,49925,0.030729702250245686
0.8,0.7,0.2,0.9,0.19433257,49925,0.031833849236768005
0.6,0.4,0.5,0.1,0.19435525,49925,0.03620000311780096
0.2,0.4,0.5,0.8,0.19436486,49925,0.03422636324149266
0.7,0.5,0.6,0.2,0.1943711,49925,0.0360373205195611
0.7,0.7,0.4,0.6,0.19438532,49925,0.03451671599355796
0.6,0.5,0.2,0.4,0.19438565,49925,0.03364330222700707
0.1,0.4,0.8,0.8,0.1943879,49925,0.035317177285796725
0.5,0.4,0.1,0.5,0.19440353,49925,0.03130509810840415
0.2,0.4,0.9,0.3,0.19441494,49925,0.03765109001448445
0.1,0.4,0.9,0.5,0.19444752,49925,0.0369199861526415
0.3,0.5,0.5,0.9,0.19447447,49925,0.034138755015709975
0.5,0.6,0.9,0.7,0.1944947,49925,0.03598120224947348
0.9,0.6,0.9,0.1,0.19454211,49925,0.036744281905774494
0.7,0.6,0.3,0.4,0.19456926,49925,0.034408950765468044
0.6,0.5,0.9,0.2,0.19457777,49925,0.03717663553845986
0.6,0.7,0.4,0.8,0.19457826,49925,0.034202447173239336
0.4,0.6,0.9,0.9,0.19458699,49925,0.035494697508378484
0.9,0.8,0.6,0.6,0.1946119,49925,0.034966748117877276
0.2,0.3,0.7,0.1,0.1946359,49925,0.038189832956906485
0.7,0.8,0.5,0.9,0.19464162,49925,0.03434027584892918
0.4,0.5,0.2,0.8,0.19468872,49925,0.0327384194303933
0.3,0.5,0.8,0.8,0.19469023,49925,0.03549272363012744
0.1,0.3,0.3,0.8,0.19474313,49925,0.03261664643538243
0.3,0.5,0.4,0.9,0.19476253,49925,0.033746513373091466
0.4,0.3,0.5,0.1,0.19477326,49925,0.03696373062261799
0.3,0.5,0.9,0.7,0.19477366,49925,0.036107849532381386
0.9,0.8,0.4,0.6,0.19478968,49925,0.0343337271644404
0.9,0.9,0.5,0.8,0.19479069,49925,0.03442881420001321
0.1,0.3,0.2,0.8,0.19479169,49925,0.03192589075995529
0.2,0.2,0.4,0.1,0.19479254,49925,0.037451269941258025
0.4,0.4,0.8,0.2,0.19479254,49925,0.037451269941258025
0.6,0.4,0.4,0.1,0.19479683,49925,0.03572570655803811
0.8,0.6,0.7,0.3,0.19479807,49925,0.03591773046354243
0.7,0.6,0.9,0.4,0.1948219,49925,0.03644466973824409
0.8,0.7,0.5,0.5,0.19482476,49925,0.03493916569844284
0.9,0.7,0.2,0.8,0.19484526,49925,0.031863473090362776
0.9,0.7,0.8,0.4,0.19487256,49925,0.03582251287813653
0.7,0.6,0.4,0.4,0.19487315,49925,0.03486903072675333
0.3,0.5,0.3,0.9,0.19488215,49925,0.03330919771286201
0.8,0.7,0.3,0.6,0.19488849,49925,0.03383319633838165
0.6,0.6,0.2,0.9,0.19491056,49925,0.03216174955895213
0.2,0.3,0.6,0.3,0.19491409,49925,0.036959815981865596
0.5,0.5,0.6,0.5,0.19491607,49925,0.03560902197565509
0.8,0.6,0.1,0.8,0.19491675,49925,0.029871420976067233
0.5,0.5,0.2,0.6,0.19491875,49925,0.03328488306959151
0.5,0.5,0.1,0.9,0.19492713,49925,0.030013297256365777
0.6,0.5,0.1,0.7,0.1949319,49925,0.030430249527364894
0.9,0.7,0.9,0.4,0.19494173,49925,0.03608358044764112
0.6,0.6,0.7,0.6,0.1949422,49925,0.03555165753468667
0.2,0.3,0.3,0.5,0.19495782,49925,0.03435563740195569
0.8,0.6,0.5,0.3,0.19497609,49925,0.03527379653649812
0.7,0.5,0.4,0.2,0.19498077,49925,0.03522962071351293
0.8,0.6,0.8,0.3,0.1949833,49925,0.036213579758853066
0.4,0.5,0.9,0.5,0.19498757,49925,0.03666862158627092
0.4,0.5,0.8,0.6,0.19498882,49925,0.036083267846903994
0.7,0.7,0.8,0.7,0.19499007,49925,0.03550329397502332
0.7,0.5,0.5,0.2,0.19499046,49925,0.03565409086037534
0.8,0.6,0.6,0.3,0.19500023,49925,0.03558185567516147
0.1,0.2,0.3,0.4,0.19501261,49925,0.034648572138128414
0.2,0.4,0.6,0.8,0.19501261,49925,0.034648572138128414
0.7,0.5,0.2,0.3,0.19502892,49925,0.0336882827993697
0.6,0.5,0.3,0.3,0.19504553,49925,0.034771703068486474
0.6,0.4,0.3,0.1,0.1950587,49925,0.03518837070557715
0.6,0.4,0.2,0.1,0.19506407,49925,0.034513220726285675
0.8,0.8,0.9,0.8,0.19507584,49925,0.03546902225679084
0.4,0.4,0.7,0.3,0.19507876,49925,0.03682425361196314
0.7,0.7,0.7,0.7,0.19509834,49925,0.03522696401903159
0.6,0.6,0.6,0.6,0.19509834,49925,0.03522696401903159
0.8,0.8,0.8,0.8,0.19509834,49925,0.03522696401903159
0.1,0.1,0.1,0.1,0.19509834,49925,0.03522696401903159
0.5,0.5,0.5,0.5,0.19509834,49925,0.03522696401903159
0.9,0.9,0.9,0.9,0.19509834,49925,0.03522696401903159
0.2,0.2,0.2,0.2,0.19509834,49925,0.03522696401903159
0.4,0.4,0.4,0.4,0.19509834,49925,0.03522696401903159
0.3,0.3,0.3,0.3,0.19509834,49925,0.03522696401903159
0.2,0.4,0.2,0.9,0.19509977,49925,0.03220504337247987
0.7,0.6,0.2,0.7,0.19510382,49925,0.03254254901492577
0.7,0.5,0.7,0.2,0.19515081,49925,0.03638133192331748
0.4,0.4,0.5,0.4,0.19515954,49925,0.03570174218642354
0.9,0.7,0.6,0.4,0.1951719,49925,0.03527538838150799
0.3,0.5,0.6,0.9,0.19519082,49925,0.03448508994805216
0.1,0.3,0.5,0.7,0.19520125,49925,0.03430091537988013
0.6,0.5,0.8,0.3,0.19522506,49925,0.036655342349692435
0.3,0.5,0.7,0.9,0.19523923,49925,0.0348413966607745
0.3,0.4,0.2,0.6,0.19527674,49925,0.03349804711461931
0.2,0.4,0.7,0.7,0.19528678,49925,0.03545704334309474
0.6,0.7,0.8,0.9,0.19529259,49925,0.03518530053198803
0.8,0.8,0.7,0.8,0.19529542,49925,0.034996858089491434
0.9,0.9,0.8,0.9,0.19530824,49925,0.03502795727135684
0.7,0.7,0.9,0.7,0.19531244,49925,0.035763881895337225
0.9,0.7,0.7,0.4,0.19533044,49925,0.035536461328311425
0.5,0.6,0.3,0.8,0.19535512,49925,0.033729944128285824
0.8,0.6,0.3,0.3,0.19537419,49925,0.034435989657872895
0.6,0.4,0.6,0.1,0.1953842,49925,0.036638634702604256
0.2,0.3,0.4,0.5,0.19538572,49925,0.03494620295500126
0.4,0.4,0.1,0.7,0.19539206,49925,0.030748691184620352
0.4,0.4,0.2,0.4,0.19540107,49925,0.034100575960179035
0.8,0.8,0.4,0.8,0.19540107,49925,0.034100575960179035
0.6,0.6,0.3,0.6,0.19540107,49925,0.034100575960179035
0.2,0.2,0.1,0.2,0.19540107,49925,0.034100575960179035
0.1,0.2,0.4,0.3,0.19540456,49925,0.03617996549713221
0.2,0.4,0.8,0.6,0.19540456,49925,0.03617996549713221
0.6,0.6,0.5,0.6,0.19541322,49925,0.0349071156646403
0.3,0.4,0.9,0.2,0.19543704,49925,0.037861309344338956
0.8,0.6,0.9,0.3,0.1954378,49925,0.036493990081368353
0.8,0.4,0.1,0.2,0.195441,49925,0.031048892005359215
0.9,0.8,0.3,0.9,0.195443,49925,0.033069563973801744
0.3,0.4,0.4,0.6,0.19544712,49925,0.03461675060266027
0.2,0.3,0.2,0.5,0.19544831,49925,0.03369340096310051
0.1,0.4,0.9,0.6,0.19549085,49925,0.036493994316063906
0.9,0.6,0.1,0.7,0.19549584,49925,0.029894550229788753
0.5,0.5,0.7,0.5,0.19550523,49925,0.035963704814870864
0.7,0.7,0.3,0.8,0.19550665,49925,0.03356800624385448
0.1,0.3,0.4,0.8,0.19550669,49925,0.033227707259306107
0.6,0.4,0.1,0.4,0.19550905,49925,0.03130343156620002
0.9,0.8,0.5,0.6,0.19551024,49925,0.034710164688225374
0.8,0.7,0.4,0.5,0.19551584,49925,0.03459998766197216
0.9,0.9,0.7,0.9,0.19551942,49925,0.034804592874636
0.8,0.5,0.2,0.2,0.19555096,49925,0.03363551880727305
0.3,0.4,0.5,0.6,0.19555742,49925,0.03506167757938323
0.3,0.4,0.3,0.6,0.19555807,49925,0.03411284209908
0.7,0.7,0.6,0.7,0.19557701,49925,0.03496681929318455
0.1,0.3,0.7,0.3,0.1955776,49925,0.03740280919051748
0.7,0.7,0.5,0.7,0.19558004,49925,0.034664265006318
0.3,0.3,0.4,0.3,0.19558495,49925,0.03585559689103919
0.6,0.6,0.8,0.6,0.19558495,49925,0.03585559689103919
0.6,0.7,0.9,0.9,0.19559097,49925,0.03542003843517689
0.5,0.5,0.4,0.5,0.19559556,49925,0.03484372129175314
0.4,0.5,0.5,0.7,0.19560605,49925,0.03475667528231898
0.5,0.6,0.8,0.8,0.19561046,49925,0.035447249772419864
0.9,0.6,0.7,0.2,0.19561774,49925,0.03596072405813979
0.5,0.6,0.6,0.8,0.19563472,49925,0.03484131642773509
0.5,0.5,0.3,0.5,0.19564462,49925,0.03440509789488076
0.2,0.4,0.4,0.9,0.19564608,49925,0.03338427204019499
0.8,0.8,0.5,0.8,0.19564804,49925,0.03446326353264241
0.3,0.3,0.2,0.3,0.1956493,49925,0.03456938812729755
0.6,0.6,0.4,0.6,0.1956493,49925,0.03456938812729755
0.9,0.9,0.6,0.9,0.1956493,49925,0.03456938812729755
0.9,0.9,0.5,0.9,0.19566023,49925,0.03429074741100173
0.9,0.7,0.3,0.5,0.19566299,49925,0.033880028833075136
0.7,0.7,0.4,0.7,0.19568409,49925,0.034336551969684645
0.6,0.7,0.7,0.9,0.19569957,49925,0.0349031068786601
0.8,0.6,0.2,0.6,0.1957122,49925,0.032582655350319734
0.4,0.3,0.1,0.3,0.1957122,49925,0.032582655350319734
0.4,0.5,0.2,0.9,0.19571528,49925,0.032384162772269215
0.7,0.4,0.1,0.3,0.19573098,49925,0.031230444672377317
0.1,0.4,0.8,0.9,0.19573176,49925,0.03489625976650296
0.6,0.7,0.6,0.9,0.19574022,49925,0.03462573425725021
0.3,0.4,0.8,0.4,0.19574752,49925,0.03692736259590811
0.5,0.6,0.7,0.8,0.19574973,49925,0.03516231880335774
0.4,0.5,0.4,0.7,0.19575003,49925,0.034367450755982173
0.5,0.4,0.8,0.1,0.19575809,49925,0.03754117801280969
0.6,0.7,0.5,0.9,0.19577065,49925,0.03433915303027909
0.2,0.2,0.3,0.2,0.1957877,49925,0.03612505523407966
0.4,0.4,0.6,0.4,0.1957877,49925,0.03612505523407966
0.6,0.6,0.9,0.6,0.1957877,49925,0.036125055234079655
0.7,0.5,0.1,0.6,0.19579235,49925,0.030501179624469212
0.8,0.6,0.4,0.3,0.19579625,49925,0.0349065589323261
0.7,0.5,0.9,0.1,0.1958006,49925,0.03723671221641392
0.9,0.6,0.5,0.2,0.19580896,49925,0.03529896434172761
0.9,0.7,0.5,0.4,0.19581224,49925,0.034979215566246
0.8,0.5,0.1,0.5,0.19581474,49925,0.030474008749245263
0.2,0.4,0.9,0.4,0.19581643,49925,0.037253862521309064
0.9,0.8,0.9,0.7,0.19582307,49925,0.03554291909950339
0.8,0.8,0.6,0.8,0.1958485,49925,0.034747879074434766
0.4,0.4,0.3,0.4,0.1958485,49925,0.034747879074434766
0.4,0.5,0.7,0.7,0.19585542,49925,0.035459641639331976
0.2,0.3,0.1,0.8,0.19586037,49925,0.03027120799427989
0.4,0.5,0.6,0.7,0.19587901,49925,0.03512384130580955
0.3,0.4,0.7,0.5,0.19589497,49925,0.03624720750158431
0.9,0.5,0.1,0.4,0.19589688,49925,0.0304056971240761
0.1,0.3,0.6,0.6,0.1959115,49925,0.03534285849468309
0.8,0.7,0.9,0.6,0.19592822,49925,0.03584388499616751
0.2,0.4,0.3,0.9,0.19593847,49925,0.03289868902906752
0.9,0.8,0.8,0.7,0.19594365,49925,0.03531008778626629
0.8,0.5,0.6,0.1,0.19594477,49925,0.036072578271002166
0.7,0.5,0.8,0.2,0.19595718,49925,0.036721268141315946
0.6,0.5,0.2,0.5,0.19596943,49925,0.03337277593769093
0.5,0.6,0.4,0.8,0.19599533,49925,0.03418922004701909
0.8,0.7,0.8,0.6,0.19600342,49925,0.03558532618164738
0.5,0.4,0.7,0.2,0.19600448,49925,0.03693536278637387
0.6,0.3,0.1,0.1,0.19601263,49925,0.03235398525048745
0.4,0.5,0.3,0.7,0.19601735,49925,0.03394450972640316
0.5,0.6,0.5,0.8,0.19602536,49925,0.03453020043842476
0.6,0.7,0.4,0.9,0.19603688,49925,0.03402477028576928
0.5,0.5,0.9,0.4,0.19603767,49925,0.03682902030859854
0.3,0.5,0.9,0.8,0.19604121,49925,0.035783224398501026
0.4,0.4,0.9,0.1,0.19604978,49925,0.03797505888750505
0.9,0.5,0.2,0.1,0.19605005,49925,0.03357115756882673
0.9,0.6,0.2,0.5,0.19606093,49925,0.03257497436226313
0.1,0.2,0.1,0.5,0.19606632,49925,0.03179347742210017
0.7,0.6,0.7,0.5,0.19607654,49925,0.03564038134349393
0.8,0.7,0.7,0.6,0.19608119,49925,0.035315317770971945
0.9,0.6,0.3,0.2,0.19608745,49925,0.03442742481592198
0.9,0.8,0.7,0.7,0.19608793,49925,0.035069380448894336
0.7,0.5,0.3,0.2,0.19608799,49925,0.03478719129846033
0.1,0.3,0.8,0.1,0.19611177,49925,0.03860492190506117
0.9,0.6,0.8,0.2,0.19613597,49925,0.03623958170327179
0.8,0.6,0.1,0.9,0.19614643,49925,0.029671688142475613
0.5,0.6,0.9,0.8,0.19623974,49925,0.03571116306968962
0.1,0.4,0.9,0.7,0.19624686,49925,0.03606234841878978
0.9,0.7,0.2,0.9,0.19625208,49925,0.03167325426250146
0.6,0.5,0.6,0.4,0.19625726,49925,0.035724138189321006
0.3,0.3,0.6,0.2,0.19627157,49925,0.037244113662323934
0.8,0.5,0.5,0.1,0.19628167,49925,0.0356945974353107
0.9,0.7,0.4,0.4,0.19628778,49925,0.03465312913457476
0.9,0.6,0.6,0.2,0.19628936,49925,0.03563631060866094
0.7,0.6,0.6,0.5,0.19630061,49925,0.03532641492713833
0.7,0.6,0.8,0.5,0.19630662,49925,0.035946173769728064
0.9,0.6,0.9,0.2,0.19632684,49925,0.03652092930816502
0.8,0.7,0.6,0.6,0.1963282,49925,0.035047894833750384
0.2,0.4,0.5,0.9,0.19632892,49925,0.03383523541049452
0.8,0.5,0.4,0.1,0.19635034,49925,0.03526630035306174
0.7,0.6,0.2,0.8,0.19635876,49925,0.032303270715323754
0.3,0.3,0.1,0.5,0.19640046,49925,0.03188852631389267
0.6,0.5,0.7,0.4,0.19642521,49925,0.036074434637841726
0.1,0.2,0.5,0.1,0.19642767,49925,0.038194857279852605
0.9,0.6,0.4,0.2,0.19643304,49925,0.03491669678373832
0.2,0.4,0.7,0.8,0.19645444,49925,0.03503883012932432
0.5,0.5,0.8,0.5,0.19646132,49925,0.0362720857865504
0.7,0.6,0.5,0.5,0.19646272,49925,0.03501021724617271
0.3,0.5,0.8,0.9,0.19648881,49925,0.035162236478275384
0.3,0.4,0.6,0.6,0.19648975,49925,0.03547304150732335
0.7,0.6,0.9,0.5,0.19649372,49925,0.03622699957001612
0.9,0.8,0.6,0.7,0.19649714,49925,0.03481621497565993
0.5,0.3,0.1,0.2,0.19652075,49925,0.032548644856950304
0.9,0.8,0.4,0.7,0.19654149,49925,0.03417538690571117
0.6,0.5,0.4,0.4,0.19654743,49925,0.03496518954372576
0.6,0.5,0.5,0.4,0.19656579,49925,0.035344247650388225
0.2,0.4,0.6,0.9,0.19661787,49925,0.034244317288796844
0.8,0.7,0.3,0.7,0.19662642,49925,0.03362889116050192
0.5,0.4,0.1,0.6,0.19663353,49925,0.0309483873313388
0.2,0.3,0.7,0.2,0.19664457,49925,0.037744921631024435
0.5,0.5,0.2,0.7,0.19665518,49925,0.03297161523158435
0.8,0.5,0.7,0.1,0.19666037,49925,0.036429146035571944
0.1,0.3,0.2,0.9,0.19669089,49925,0.03141449316174669
0.4,0.5,0.9,0.6,0.19669701,49925,0.03637358950748759
0.7,0.6,0.3,0.5,0.19672966,49925,0.03419498634331973
0.7,0.7,0.8,0.8,0.1967319,49925,0.03530116674818037
0.8,0.8,0.9,0.9,0.19674183,49925,0.035299595275974226
0.8,0.6,0.2,0.7,0.19676429,49925,0.032355396909138474
0.2,0.4,0.9,0.5,0.19677652,49925,0.03686549190412114
0.4,0.5,0.8,0.7,0.19677678,49925,0.03577527511288466
0.4,0.4,0.1,0.8,0.19678637,49925,0.030366478814643508
0.2,0.3,0.6,0.4,0.19680138,49925,0.03642936156080069
0.5,0.6,0.3,0.9,0.19681035,49925,0.033471026860499846
0.1,0.3,0.7,0.4,0.19681214,49925,0.036842797133113
0.8,0.8,0.4,0.9,0.19681655,49925,0.03393012129697718
0.1,0.3,0.3,0.9,0.19683605,49925,0.032105344726768195
0.6,0.5,0.1,0.8,0.19686693,49925,0.030172546310173624
0.6,0.5,0.9,0.3,0.1968709,49925,0.036927117300737715
0.9,0.7,0.8,0.5,0.19688976,49925,0.03566534218286584
0.8,0.8,0.8,0.9,0.1968998,49925,0.035062961073213834
0.3,0.4,0.9,0.3,0.19690146,49925,0.03751503408352428
0.7,0.7,0.3,0.9,0.1969166,49925,0.03335345833918782
0.9,0.8,0.5,0.7,0.19692165,49925,0.03454897782689196
0.1,0.3,0.5,0.8,0.19692719,49925,0.0337779548525337
0.7,0.5,0.2,0.4,0.19693272,49925,0.03340560666553886
0.7,0.7,0.4,0.8,0.1969344,49925,0.034154185344243096
0.5,0.4,0.4,0.3,0.19695312,49925,0.03536192137780832
0.2,0.3,0.5,0.5,0.19697045,49925,0.03548134892232426
0.8,0.7,0.5,0.6,0.19697422,49925,0.034759977588799326
0.9,0.6,0.1,0.8,0.1969959,49925,0.02972270355893892
0.8,0.7,0.4,0.6,0.19700623,49925,0.034429281855622815
0.3,0.3,0.5,0.3,0.19702426,49925,0.03636730951170041
0.8,0.8,0.5,0.9,0.19703884,49925,0.03431222805478667
0.8,0.8,0.7,0.9,0.19704156,49925,0.03482720044931226
0.5,0.4,0.5,0.3,0.19705012,49925,0.035843163922132514
0.9,0.7,0.6,0.5,0.19705053,49925,0.0351195385376114
0.6,0.6,0.8,0.7,0.1970717,49925,0.03561975762270422
0.4,0.4,0.8,0.3,0.19708556,49925,0.03712921707710362
0.3,0.4,0.2,0.7,0.1970877,49925,0.03308348886863695
0.7,0.7,0.7,0.8,0.19709018,49925,0.03504863686983484
0.2,0.3,0.1,0.9,0.19709435,49925,0.02973392968698322
0.9,0.7,0.9,0.5,0.19709776,49925,0.03591892710004535
0.9,0.7,0.7,0.5,0.19713584,49925,0.035391716297182074
0.5,0.6,0.8,0.9,0.19713634,49925,0.03519998949849055
0.1,0.4,0.9,0.8,0.19715211,49925,0.0356259750388162
0.6,0.6,0.3,0.7,0.19717704,49925,0.03387518146602429
0.8,0.5,0.3,0.1,0.19718385,49925,0.03481723509505379
0.8,0.6,0.8,0.4,0.19718882,49925,0.036016697412920864
0.4,0.3,0.4,0.2,0.19718882,49925,0.036016697412920864
0.5,0.4,0.6,0.3,0.19719848,49925,0.03626818837048916
0.5,0.4,0.2,0.3,0.19720635,49925,0.034236478040880106
0.7,0.7,0.9,0.8,0.19725746,49925,0.03556451793960975
0.7,0.7,0.6,0.8,0.19725907,49925,0.034775109766076694
0.7,0.7,0.5,0.8,0.1973015,49925,0.0344696393885022
0.8,0.6,0.7,0.4,0.19730292,49925,0.035729231481944006
0.5,0.6,0.6,0.9,0.19730584,49925,0.03460300385565664
0.5,0.4,0.3,0.3,0.19733687,49925,0.03489127546092526
0.2,0.4,0.8,0.7,0.19734249,49925,0.03577330081754772
0.6,0.6,0.7,0.7,0.19734251,49925,0.03530999688218452
0.3,0.3,0.7,0.1,0.1973473,49925,0.037939878541645704
0.8,0.8,0.6,0.9,0.19735101,49925,0.034580020914437536
0.6,0.6,0.6,0.7,0.19735539,49925,0.035021671191416325
0.4,0.5,0.3,0.8,0.19736923,49925,0.033653555965396764
0.8,0.6,0.5,0.4,0.19737339,49925,0.03509012516330873
0.6,0.6,0.4,0.7,0.19740489,49925,0.034344182602519105
0.1,0.3,0.4,0.9,0.19743614,49925,0.03272497677771646
0.7,0.6,0.4,0.5,0.19743907,49925,0.034673904354908684
0.4,0.4,0.9,0.2,0.19744124,49925,0.03768215531696941
0.5,0.6,0.5,0.9,0.19745208,49925,0.03427665999656046
0.3,0.5,0.9,0.9,0.19745381,49925,0.03545342760348888
0.7,0.5,0.7,0.3,0.19745442,49925,0.03614580473818101
0.4,0.3,0.6,0.1,0.1974648,49925,0.037368213522938135
0.8,0.6,0.6,0.4,0.19747722,49925,0.035407338696208435
0.4,0.3,0.3,0.2,0.19747722,49925,0.035407338696208435
0.9,0.6,0.2,0.6,0.19748254,49925,0.03237078278804924
0.9,0.7,0.3,0.6,0.19750112,49925,0.03367517787013456
0.3,0.4,0.7,0.6,0.19750464,49925,0.035849831126561586
0.6,0.6,0.5,0.7,0.19751674,49925,0.034693925795670946
0.5,0.6,0.4,0.9,0.19751811,49925,0.03395836427220992
0.5,0.5,0.7,0.6,0.19753078,49925,0.03568201049425476
0.5,0.6,0.7,0.9,0.1975433,49925,0.03490091259164755
0.5,0.5,0.6,0.6,0.19754851,49925,0.03532856199831725
0.8,0.5,0.2,0.3,0.19755065,49925,0.033411138781467294
0.5,0.5,0.5,0.6,0.19755754,49925,0.034972689848600545
0.4,0.4,0.7,0.4,0.19756101,49925,0.03649119962948498
0.1,0.2,0.2,0.5,0.19756159,49925,0.032999734618144184
0.6,0.5,0.3,0.4,0.19757763,49925,0.034535721895803825
0.4,0.5,0.6,0.8,0.1975804,49925,0.0348242610266447
0.6,0.4,0.7,0.1,0.19758788,49925,0.03701551758263693
0.4,0.5,0.7,0.8,0.19758907,49925,0.035157801477986535
0.5,0.5,0.2,0.8,0.19760963,49925,0.03263350681485716
0.6,0.4,0.2,0.2,0.19761387,49925,0.034267185766004175
0.9,0.6,0.3,0.3,0.19761387,49925,0.034267185766004175
0.3,0.2,0.1,0.1,0.19761387,49925,0.034267185766004175
0.5,0.5,0.3,0.6,0.19762915,49925,0.034162918517473745
0.6,0.5,0.8,0.4,0.19764125,49925,0.036390318593654644
0.7,0.5,0.6,0.3,0.19765753,49925,0.035795050318136026
0.7,0.5,0.9,0.2,0.19765958,49925,0.036992176091824126
0.9,0.8,0.8,0.8,0.19768474,49925,0.035156056813219365
0.3,0.4,0.5,0.7,0.19769317,49925,0.03467118732278051
0.8,0.5,0.8,0.1,0.1977163,49925,0.03674980505139325
0.6,0.5,0.1,0.9,0.19772819,49925,0.029906392111043085
0.4,0.5,0.5,0.8,0.19772911,49925,0.03445660591415047
0.9,0.8,0.9,0.8,0.19773093,49925,0.03539520267526049
0.8,0.6,0.3,0.4,0.19774908,49925,0.03426719901540269
0.9,0.7,0.5,0.5,0.19775216,49925,0.034839165174088804
0.8,0.7,0.3,0.8,0.19775695,49925,0.03344517861873433
0.7,0.5,0.5,0.3,0.19778953,49925,0.0354323208729359
0.6,0.6,0.9,0.7,0.19779503,49925,0.03588193261551511
0.4,0.5,0.4,0.8,0.1978021,49925,0.03407419606177848
0.1,0.3,0.6,0.7,0.19780314,49925,0.034800337888034584
0.9,0.8,0.7,0.8,0.19781338,49925,0.0349224285977217
0.9,0.8,0.4,0.8,0.1978221,49925,0.03400716676964444
0.3,0.4,0.4,0.7,0.19783291,49925,0.034235372344293934
0.7,0.5,0.1,0.7,0.19783965,49925,0.030276028695318157
0.3,0.4,0.8,0.5,0.19784552,49925,0.036547793351584375
0.5,0.5,0.9,0.5,0.19784851,49925,0.03655623476250316
0.8,0.6,0.9,0.4,0.19787616,49925,0.03629061002731349
0.9,0.7,0.4,0.5,0.19788398,49925,0.03450307540097738
0.5,0.5,0.4,0.6,0.19792494,49925,0.034584049998364716
0.5,0.6,0.9,0.9,0.19793835,49925,0.03545922996968872
0.3,0.4,0.3,0.7,0.19795355,49925,0.03376870181577177
0.7,0.6,0.2,0.9,0.19795945,49925,0.03202434543945214
0.7,0.5,0.4,0.3,0.19797099,49925,0.0350511462544219
0.5,0.4,0.8,0.2,0.19797376,49925,0.037245239847228495
0.4,0.4,0.2,0.5,0.1980086,49925,0.033758817190875125
0.2,0.4,0.7,0.9,0.19801705,49925,0.03463260677883487
0.4,0.5,0.9,0.7,0.19803295,49925,0.03605375180790371
0.2,0.3,0.2,0.6,0.19803512,49925,0.033194872842626
0.8,0.7,0.7,0.7,0.19808426,49925,0.03514243628102238
0.6,0.5,0.2,0.6,0.19808438,49925,0.03309038891284181
0.9,0.5,0.2,0.2,0.19810659,49925,0.033353742870932276
0.8,0.7,0.9,0.7,0.19812423,49925,0.03566711848876136
0.6,0.4,0.1,0.5,0.1981343,49925,0.03102942398615336
0.2,0.3,0.3,0.6,0.19814152,49925,0.03384228613219341
0.2,0.3,0.4,0.6,0.19815199,49925,0.03440741181387263
0.8,0.7,0.4,0.7,0.19817193,49925,0.03424955462739705
0.8,0.7,0.6,0.7,0.19817731,49925,0.03487204585262667
0.9,0.6,0.5,0.3,0.19818494,49925,0.0351172565044572
0.4,0.3,0.2,0.2,0.1981985,49925,0.034749578696225636
0.8,0.6,0.4,0.4,0.1981985,49925,0.034749578696225636
0.9,0.8,0.5,0.8,0.198208,49925,0.03441048806526298
0.1,0.2,0.1,0.6,0.19821616,49925,0.030984705033736393
0.8,0.7,0.8,0.7,0.1982212,49925,0.03541059685999985
0.9,0.6,0.1,0.9,0.19824299,49925,0.029534931979350722
0.9,0.4,0.1,0.2,0.19825661,49925,0.030686154896708492
0.9,0.6,0.8,0.3,0.1982819,49925,0.03605647759149539
0.4,0.4,0.3,0.5,0.19830722,49925,0.03440898147504492
0.3,0.4,0.6,0.7,0.19831339,49925,0.035079891382980094
0.2,0.4,0.9,0.6,0.1983212,49925,0.03646424750631949
0.4,0.4,0.1,0.9,0.19832616,49925,0.02999937636239464
0.9,0.6,0.7,0.3,0.19835895,49925,0.035766702929648404
0.4,0.4,0.5,0.5,0.19836791,49925,0.035349571862207954
0.7,0.6,0.3,0.6,0.19837934,49925,0.03398331601688532
0.6,0.4,0.4,0.2,0.1983854,49925,0.03544868967679615
0.3,0.2,0.2,0.1,0.1983854,49925,0.03544868967679615
0.9,0.6,0.6,0.3,0.1983854,49925,0.03544868967679615
0.1,0.4,0.9,0.9,0.19840688,49925,0.035229541185612785
0.6,0.4,0.3,0.2,0.19841596,49925,0.03495308745182664
0.4,0.4,0.4,0.5,0.19842508,49925,0.034899458855991695
0.7,0.6,0.8,0.6,0.19842911,49925,0.035728981550013555
0.6,0.6,0.3,0.8,0.19843942,49925,0.0336535212419108
0.8,0.5,0.1,0.6,0.19847332,49925,0.03029065889178755
0.3,0.4,0.2,0.8,0.1984803,49925,0.03269597863739461
0.4,0.3,0.5,0.2,0.19848701,49925,0.03655070202052952
0.5,0.4,0.9,0.1,0.19850776,49925,0.03776416043661318
0.6,0.4,0.5,0.2,0.19851848,49925,0.035913749839154734
0.1,0.3,0.7,0.5,0.1985242,49925,0.03629584484694366
0.9,0.5,0.1,0.5,0.1985277,49925,0.030248974324461927
0.7,0.6,0.6,0.6,0.19853273,49925,0.03512962320889162
0.3,0.3,0.1,0.6,0.19855896,49925,0.0313300357750087
0.7,0.5,0.3,0.3,0.1985659,49925,0.03461461194360882
0.7,0.7,0.4,0.9,0.19859874,49925,0.033956462192636
0.1,0.2,0.4,0.4,0.19859906,49925,0.03538086016569881
0.2,0.4,0.8,0.8,0.19859906,49925,0.03538086016569881
0.7,0.7,0.8,0.9,0.19860545,49925,0.035113240874601354
0.8,0.7,0.3,0.9,0.1986262,49925,0.033237381907154064
0.3,0.4,0.9,0.4,0.19863397,49925,0.03715699119620452
0.9,0.7,0.3,0.7,0.19863759,49925,0.03349848455988714
0.7,0.7,0.5,0.9,0.19864297,49925,0.034291280480350426
0.9,0.8,0.6,0.8,0.19864489,49925,0.034673440243957555
0.4,0.3,0.1,0.4,0.19864875,49925,0.03210351316911595
0.8,0.6,0.2,0.8,0.19864875,49925,0.03210351316911595
0.9,0.6,0.9,0.3,0.1986559,49925,0.036317257602146207
0.3,0.2,0.3,0.1,0.1986559,49925,0.036317257602146207
0.6,0.4,0.6,0.2,0.1986559,49925,0.036317257602146207
0.2,0.3,0.7,0.3,0.19865803,49925,0.037256688822989825
0.4,0.5,0.8,0.8,0.19866008,49925,0.03545167126489023
0.7,0.5,0.8,0.3,0.19866776,49925,0.036465266506691386
0.5,0.4,0.7,0.3,0.19867156,49925,0.036638948072956985
0.7,0.6,0.7,0.6,0.19867416,49925,0.03543609742760903
0.8,0.5,0.4,0.2,0.19868547,49925,0.03506604174772432
0.7,0.7,0.6,0.9,0.1986886,49925,0.03458135242806931
0.8,0.7,0.5,0.7,0.19869441,49925,0.03458494200757041
0.8,0.5,0.9,0.1,0.19870923,49925,0.03703706662558663
0.1,0.2,0.3,0.5,0.19875187,49925,0.03386635545657648
0.4,0.4,0.6,0.5,0.19875206,49925,0.035760803539977355
0.1,0.3,0.8,0.2,0.19875804,49925,0.03815272244217529
0.7,0.7,0.9,0.9,0.19878325,49925,0.03536501405862034
0.5,0.5,0.8,0.6,0.19880234,49925,0.035976240273960326
0.5,0.5,0.2,0.9,0.19880834,49925,0.03231237490416122
0.7,0.6,0.5,0.6,0.19883372,49925,0.03480388034855674
0.8,0.4,0.1,0.3,0.19885519,49925,0.03089909931510769
0.7,0.4,0.2,0.1,0.19893724,49925,0.03424879677971687
0.7,0.5,0.1,0.8,0.1989558,49925,0.030040391246021064
0.7,0.7,0.7,0.9,0.19895722,49925,0.03485441908040169
0.1,0.3,0.5,0.9,0.19896892,49925,0.03330167243711541
0.8,0.5,0.7,0.2,0.19897515,49925,0.03617741603392248
0.9,0.7,0.7,0.6,0.19897777,49925,0.03521196213069628
0.7,0.5,0.2,0.5,0.19898441,49925,0.03315551670758573
0.9,0.8,0.4,0.9,0.19899093,49925,0.033856038894858546
0.6,0.5,0.9,0.4,0.19899452,49925,0.036667968848995196
0.8,0.5,0.5,0.2,0.1990031,49925,0.03547087053286847
0.7,0.4,0.1,0.4,0.1990174,49925,0.031001207017257167
0.7,0.6,0.4,0.6,0.19903976,49925,0.03447674036033272
0.6,0.4,0.8,0.1,0.1990535,49925,0.03730597604383007
0.9,0.6,0.4,0.3,0.19905901,49925,0.034772621321821996
0.8,0.5,0.2,0.4,0.19905934,49925,0.033158826044775776
0.9,0.7,0.8,0.6,0.19906962,49925,0.035482063614054905
0.6,0.5,0.7,0.5,0.1990791,49925,0.03581666718657042
0.2,0.3,0.5,0.6,0.19912265,49925,0.03494249907671917
0.7,0.6,0.9,0.6,0.19912523,49925,0.035996424341794606
0.9,0.6,0.2,0.7,0.19912642,49925,0.03215348299519484
0.9,0.7,0.6,0.6,0.19913362,49925,0.03493634077251929
0.4,0.5,0.3,0.9,0.19913661,49925,0.033348717555230695
0.6,0.5,0.6,0.5,0.19915703,49925,0.03547506591933643
0.9,0.7,0.9,0.6,0.19916892,49925,0.03573656863033493
0.2,0.3,0.6,0.5,0.19916911,49925,0.03591443650319049
0.6,0.6,0.4,0.8,0.19921449,49925,0.03415557006672686
0.3,0.3,0.2,0.4,0.19921449,49925,0.03415557006672686
0.8,0.5,0.6,0.2,0.19922301,49925,0.03584507588336319
0.6,0.6,0.7,0.8,0.19922687,49925,0.03509100274314123
0.6,0.5,0.5,0.5,0.19924109,49925,0.03510084852932549
0.9,0.8,0.5,0.9,0.19930477,49925,0.03426600153684728
0.5,0.4,0.1,0.7,0.19930908,49925,0.03060299648194224
0.2,0.3,0.8,0.1,0.1993125,49925,0.03837816862745084
0.1,0.3,0.7,0.6,0.1993193,49925,0.035735370467533056
0.6,0.6,0.6,0.8,0.19934103,49925,0.03479518690839401
0.3,0.3,0.3,0.4,0.19934103,49925,0.03479518690839401
0.8,0.6,0.3,0.5,0.19938773,49925,0.03404307182937711
0.4,0.5,0.6,0.9,0.19939104,49925,0.034516448894701894
0.1,0.3,0.6,0.8,0.1993968,49925,0.03430164395725909
0.5,0.3,0.3,0.1,0.19941944,49925,0.03549008575403688
0.4,0.5,0.4,0.9,0.19941989,49925,0.033801535049253
0.9,0.8,0.9,0.9,0.19942036,49925,0.03522741855627647
0.8,0.5,0.8,0.2,0.1994256,49925,0.036488557729471405
0.3,0.4,0.8,0.6,0.19943532,49925,0.03616010461228098
0.6,0.6,0.5,0.8,0.19945666,49925,0.034470125656167624
0.6,0.5,0.3,0.5,0.1994623,49925,0.034298688657590684
0.6,0.5,0.2,0.7,0.19947827,49925,0.03281373427138103
0.5,0.3,0.4,0.1,0.19949913,49925,0.03607849753339519
0.9,0.8,0.8,0.9,0.19950989,49925,0.03499549835773257
0.9,0.7,0.4,0.6,0.19952315,49925,0.03431804606694465
0.3,0.4,0.7,0.7,0.19952719,49925,0.03545674257189909
0.6,0.6,0.8,0.8,0.19955254,49925,0.03538308312424574
0.3,0.3,0.4,0.4,0.19955254,49925,0.03538308312424574
0.9,0.5,0.2,0.3,0.19955526,49925,0.03315389879176333
0.2,0.2,0.4,0.2,0.19956629,49925,0.03679227989029327
0.4,0.4,0.8,0.4,0.19956629,49925,0.03679227989029327
0.3,0.3,0.6,0.3,0.19956629,49925,0.03679227989029327
0.1,0.1,0.2,0.1,0.19956629,49925,0.03679227989029327
0.4,0.5,0.9,0.8,0.19957021,49925,0.03574435479871869
0.4,0.5,0.5,0.9,0.19958565,49925,0.03416773367232396
0.8,0.5,0.3,0.2,0.19959612,49925,0.034611073225090064
0.8,0.6,0.8,0.5,0.19960752,49925,0.03580775567721844
0.9,0.7,0.3,0.8,0.19961885,49925,0.03330236957004383
0.7,0.4,0.4,0.1,0.1996274,49925,0.035502578348262065
0.7,0.5,0.9,0.3,0.19962847,49925,0.03674068190418843
0.3,0.4,0.2,0.9,0.19963267,49925,0.03228115289752436
0.6,0.6,0.9,0.8,0.19967121,49925,0.0356377536293218
0.8,0.6,0.6,0.5,0.19968015,49925,0.03520544057246146
0.6,0.5,0.4,0.5,0.19968623,49925,0.03472448915163667
0.4,0.4,0.2,0.6,0.19969569,49925,0.03341969772407052
0.6,0.6,0.3,0.9,0.19969569,49925,0.03341969772407052
0.2,0.2,0.1,0.3,0.19969569,49925,0.03341969772407052
0.9,0.8,0.6,0.9,0.19970314,49925,0.03452279174228826
0.5,0.4,0.2,0.4,0.19970372,49925,0.03392054777578743
0.8,0.5,0.1,0.7,0.19971435,49925,0.030084266046911147
0.8,0.7,0.9,0.8,0.19971645,49925,0.03546748871460256
0.6,0.4,0.7,0.2,0.1997214,49925,0.03671189275363008
0.4,0.5,0.7,0.9,0.19973809,49925,0.034840589957346055
0.8,0.6,0.7,0.5,0.19973865,49925,0.03551554339728496
0.5,0.5,0.6,0.7,0.19977152,49925,0.03506481073139016
0.3,0.4,0.3,0.8,0.19977686,49925,0.033395916793953144
0.5,0.5,0.9,0.6,0.19979262,49925,0.03626354500818614
0.2,0.4,0.9,0.7,0.1997977,49925,0.03606595647812319
0.1,0.2,0.5,0.2,0.19980334,49925,0.03745987683590066
0.9,0.8,0.7,0.9,0.1998116,49925,0.03477034401893245
0.9,0.5,0.5,0.1,0.19987217,49925,0.03550977624572988
0.3,0.4,0.4,0.8,0.1998792,49925,0.033873993220872325
0.8,0.7,0.8,0.8,0.19989201,49925,0.03522643695416576
0.4,0.4,0.9,0.3,0.19989654,49925,0.0373699559248507
0.5,0.3,0.1,0.3,0.19991092,49925,0.03214556543564273
0.6,0.5,0.8,0.5,0.19991365,49925,0.03613364653129638
0.3,0.3,0.7,0.2,0.19991815,49925,0.037530627388472695
0.7,0.4,0.3,0.1,0.1999654,49925,0.034989553993395685
0.8,0.6,0.9,0.5,0.1999697,49925,0.03608024388056786
0.5,0.3,0.5,0.1,0.1999776,49925,0.036610023926576384
0.9,0.7,0.5,0.6,0.19998519,49925,0.03467432767126524
0.3,0.4,0.5,0.8,0.19998696,49925,0.034293175966452524
0.5,0.5,0.5,0.7,0.20001355,49925,0.03470574684202821
0.9,0.6,0.3,0.4,0.20002298,49925,0.03411034628042407
0.5,0.3,0.2,0.1,0.20002313,49925,0.034778845499843156
0.4,0.4,0.7,0.5,0.20003158,49925,0.036132839208470484
0.7,0.6,0.3,0.7,0.2000381,49925,0.033770191406524284
0.9,0.5,0.4,0.1,0.20006213,49925,0.035117924141419704
0.7,0.4,0.5,0.1,0.2000635,49925,0.035945041719388955
0.2,0.4,0.8,0.9,0.20006417,49925,0.03498653461480338
0.8,0.7,0.7,0.8,0.20006585,49925,0.034959629238580245
0.5,0.5,0.3,0.7,0.20008105,49925,0.03389635006269413
0.5,0.5,0.4,0.7,0.20014107,49925,0.034319982033479704
0.4,0.5,0.8,0.9,0.20015812,49925,0.03514846742621663
0.7,0.5,0.1,0.9,0.20017947,49925,0.029765905560422457
0.3,0.4,0.9,0.5,0.20019801,49925,0.036798470120947106
0.1,0.2,0.1,0.7,0.2002205,49925,0.030242090467383288
0.5,0.4,0.5,0.4,0.20022844,49925,0.03551955312551124
0.3,0.3,0.1,0.7,0.20024805,49925,0.03079670590284977
0.8,0.7,0.5,0.8,0.20027342,49925,0.0344272638459722
0.9,0.5,0.6,0.1,0.20028597,49925,0.035867007068007266
0.2,0.3,0.7,0.4,0.20028786,49925,0.0367630266538192
0.3,0.3,0.5,0.4,0.20029052,49925,0.03588546512641498
0.8,0.6,0.2,0.9,0.20030984,49925,0.03187901571035832
0.2,0.3,0.3,0.7,0.20031217,49925,0.03334889565328416
0.8,0.6,0.5,0.5,0.20031548,49925,0.03489827550439144
0.5,0.5,0.7,0.7,0.2003249,49925,0.035394299311736196
0.7,0.3,0.1,0.1,0.20034201,49925,0.03179883199001505
0.8,0.7,0.4,0.8,0.20034233,49925,0.03408163233313332
0.9,0.5,0.7,0.1,0.20037323,49925,0.03622945294312271
0.7,0.5,0.5,0.4,0.2003938,49925,0.03519620901361161
0.6,0.3,0.1,0.2,0.20040774,49925,0.03205974745901202
0.7,0.5,0.7,0.4,0.20044635,49925,0.0359063968562939
0.6,0.4,0.1,0.6,0.20044985,49925,0.03073344873787689
0.7,0.4,0.6,0.1,0.20045573,49925,0.03638141134660424
0.8,0.7,0.6,0.8,0.20045626,49925,0.0347074148892887
0.9,0.5,0.1,0.6,0.20052473,49925,0.030080079942660164
0.8,0.6,0.4,0.5,0.20052868,49925,0.03456392075248759
0.7,0.5,0.2,0.6,0.2005324,49925,0.03288823600370808
0.5,0.4,0.4,0.4,0.20053627,49925,0.03506860170222674
0.2,0.3,0.2,0.7,0.2005443,49925,0.0327062991855973
0.5,0.5,0.8,0.7,0.20054582,49925,0.0356932968427802
0.3,0.4,0.6,0.8,0.20054841,49925,0.03469490703678878
0.8,0.5,0.9,0.2,0.20055607,49925,0.036793399803603986
0.5,0.4,0.6,0.4,0.20056242,49925,0.03593005260840794
0.9,0.7,0.3,0.9,0.20057307,49925,0.033114254241820865
0.7,0.6,0.7,0.7,0.20059788,49925,0.03522108851814803
0.9,0.5,0.3,0.1,0.20060384,49925,0.03464611371850028
0.5,0.4,0.3,0.4,0.20061398,49925,0.03459203006196811
0.9,0.7,0.9,0.7,0.20064646,49925,0.03555007153997318
0.1,0.3,0.8,0.3,0.20065302,49925,0.037651357136963506
0.7,0.6,0.8,0.7,0.20067406,49925,0.03549773707803219
0.9,0.6,0.8,0.4,0.20070185,49925,0.03588168556246189
0.9,0.7,0.8,0.7,0.20070374,49925,0.03531819528305869
0.7,0.6,0.6,0.7,0.20077139,49925,0.03492060551150041
0.1,0.2,0.2,0.6,0.20077154,49925,0.03230044588959548
0.1,0.3,0.7,0.7,0.20078154,49925,0.03521887888577244
0.2,0.4,0.9,0.8,0.20079613,49925,0.03565497280004625
0.6,0.5,0.2,0.8,0.20083305,49925,0.03250230227380419
0.7,0.5,0.8,0.4,0.20083982,49925,0.03621313026507446
0.9,0.6,0.2,0.8,0.20084754,49925,0.031931945298545775
0.2,0.3,0.4,0.7,0.20085454,49925,0.033922221114089546
0.6,0.4,0.2,0.3,0.2008605,49925,0.03401828453984403
0.4,0.4,0.5,0.6,0.20087029,49925,0.03501095311097416
0.7,0.6,0.4,0.7,0.2008788,49925,0.034287589139951564
0.7,0.5,0.6,0.4,0.20088707,49925,0.0355566859634153
0.9,0.6,0.6,0.4,0.20089167,49925,0.03527922675963225
0.1,0.3,0.6,0.9,0.20090875,49925,0.033822770858693535
0.5,0.4,0.9,0.2,0.2009228,49925,0.03747144367011714
0.4,0.4,0.4,0.6,0.2009351,49925,0.034563578562093425
0.2,0.2,0.2,0.3,0.2009351,49925,0.034563578562093425
0.6,0.6,0.6,0.9,0.2009351,49925,0.03456357856209343
0.6,0.6,0.4,0.9,0.20095274,49925,0.033936390041994446
0.9,0.6,0.9,0.4,0.20095287,49925,0.03613331535808965
0.9,0.5,0.8,0.1,0.20097506,49925,0.03654368817327658
0.5,0.4,0.8,0.3,0.20097929,49925,0.036934038861564135
0.4,0.4,0.3,0.6,0.20098752,49925,0.03410496121332126
0.6,0.6,0.7,0.9,0.20100959,49925,0.03486473010379641
0.4,0.5,0.9,0.9,0.20102748,49925,0.035439652465407756
0.7,0.6,0.9,0.7,0.20103914,49925,0.0357747745283515
0.7,0.5,0.3,0.4,0.2010415,49925,0.03440337794741704
0.9,0.7,0.7,0.7,0.20110118,49925,0.03504695388338644
0.1,0.2,0.4,0.5,0.20110267,49925,0.034604220434330035
0.7,0.6,0.3,0.8,0.20110443,49925,0.03355216995117623
0.6,0.6,0.8,0.9,0.20111161,49925,0.035145119049014274
0.3,0.4,0.7,0.8,0.20113862,49925,0.03506402572457414
0.6,0.5,0.9,0.5,0.20118445,49925,0.036418462981869563
0.2,0.2,0.5,0.1,0.2012018,49925,0.037865289179126904
0.2,0.2,0.3,0.3,0.20121267,49925,0.03540437663511855
0.4,0.4,0.6,0.6,0.20121267,49925,0.03540437663511855
0.6,0.6,0.9,0.9,0.20121267,49925,0.03540437663511855
0.9,0.7,0.4,0.7,0.20121728,49925,0.03414051545953988
0.4,0.4,0.2,0.7,0.20122603,49925,0.0330414479786823
0.6,0.6,0.5,0.9,0.20124818,49925,0.0342576376142219
0.9,0.6,0.5,0.4,0.20126079,49925,0.03497841558588952
0.8,0.6,0.3,0.6,0.20126355,49925,0.03386172447734891
0.4,0.3,0.6,0.2,0.20128267,49925,0.0369661718905454
0.1,0.2,0.5,0.3,0.20129073,49925,0.036692164782097185
0.8,0.5,0.2,0.5,0.20129248,49925,0.03290953638047541
0.4,0.3,0.7,0.1,0.20131783,49925,0.037666567859264054
0.3,0.4,0.8,0.7,0.20133458,49925,0.035780581941290315
0.5,0.4,0.1,0.8,0.20135465,49925,0.030253632506346894
0.7,0.5,0.4,0.4,0.2013588,49925,0.0348327771527852
0.2,0.3,0.5,0.7,0.2013795,49925,0.03442785742266896
0.1,0.2,0.3,0.6,0.20139232,49925,0.03315047892738247
0.7,0.6,0.5,0.7,0.2013937,49925,0.034607422037413474
0.9,0.6,0.7,0.4,0.20140307,49925,0.03557768739640607
0.7,0.4,0.7,0.1,0.20142844,49925,0.03674934229672254
0.7,0.4,0.1,0.5,0.20144114,49925,0.030750895023793728
0.8,0.7,0.4,0.9,0.20144504,49925,0.03389338033940454
0.9,0.5,0.2,0.4,0.20147616,49925,0.03291406290929386
0.4,0.3,0.4,0.3,0.20148635,49925,0.03559016881807274
0.8,0.6,0.8,0.6,0.20148635,49925,0.03559016881807274
0.9,0.6,0.4,0.4,0.20149142,49925,0.0346377484242253
0.8,0.5,0.1,0.8,0.2015071,49925,0.02986633655202634
0.9,0.7,0.6,0.7,0.20152733,49925,0.03477656126136035
0.9,0.7,0.5,0.7,0.20153797,49925,0.034495418231945504
0.2,0.3,0.6,0.6,0.20154183,49925,0.03539368005304365
0.4,0.3,0.1,0.5,0.20154908,49925,0.03162959685194145
0.5,0.4,0.2,0.5,0.20159128,49925,0.03360670093084551
0.8,0.7,0.8,0.9,0.20160423,49925,0.03505204755532754
0.5,0.4,0.7,0.4,0.20160747,49925,0.03631379387556651
0.2,0.3,0.8,0.2,0.20161226,49925,0.03795487347950944
0.5,0.5,0.9,0.7,0.20161457,49925,0.03597261615752567
0.8,0.5,0.8,0.3,0.20162793,49925,0.036255944886812545
0.5,0.5,0.6,0.8,0.20163165,49925,0.03478123895516181
0.3,0.4,0.4,0.9,0.20163494,49925,0.03350555986733719
0.6,0.5,0.6,0.6,0.20163608,49925,0.03522664457829177
0.3,0.4,0.5,0.9,0.20164791,49925,0.033930688923219085
0.8,0.5,0.3,0.3,0.20165303,49925,0.03443448717234143
0.8,0.7,0.9,0.9,0.20165697,49925,0.03528738036546279
0.6,0.4,0.9,0.1,0.20165975,49925,0.03754138671190141
0.8,0.7,0.5,0.9,0.2016651,49925,0.0342418448491299
0.3,0.4,0.9,0.6,0.20168482,49925,0.03640994190910311
0.6,0.4,0.4,0.3,0.20169593,49925,0.03518893163567821
0.1,0.2,0.1,0.8,0.20169796,49925,0.029537752029328727
0.8,0.5,0.5,0.3,0.20170504,49925,0.03526045151054318
0.5,0.5,0.5,0.8,0.20170602,49925,0.03442941665292149
0.4,0.4,0.8,0.5,0.20173061,49925,0.03644650246650231
0.8,0.7,0.7,0.9,0.20173815,49925,0.03479066055368901
0.1,0.3,0.9,0.1,0.20173994,49925,0.038776758356824655
0.3,0.4,0.3,0.9,0.20178515,49925,0.03304779414628527
0.5,0.5,0.3,0.8,0.20178536,49925,0.03361585239961072
0.1,0.3,0.8,0.4,0.20180652,49925,0.037150401664030094
0.6,0.5,0.5,0.6,0.20185825,49925,0.034872028338842426
0.9,0.6,0.3,0.5,0.2018669,49925,0.03390204591979181
0.8,0.6,0.7,0.6,0.20188193,49925,0.03532566262551155
0.4,0.4,0.9,0.4,0.2018822,49925,0.03703568134455543
0.8,0.6,0.9,0.6,0.20189467,49925,0.03586800126990717
0.9,0.4,0.1,0.3,0.201915,49925,0.030569746744431404
0.6,0.4,0.8,0.2,0.20192137,49925,0.037016418424740585
0.3,0.2,0.4,0.1,0.20192137,49925,0.037016418424740585
0.9,0.5,0.9,0.1,0.20193353,49925,0.03682416018554029
0.6,0.4,0.6,0.3,0.20193878,49925,0.03603894734128218
0.8,0.5,0.7,0.3,0.20196858,49925,0.03595962366160461
0.7,0.4,0.2,0.2,0.20197046,49925,0.03400445290683586
0.6,0.5,0.7,0.6,0.2019943,49925,0.035547340225794866
0.3,0.3,0.1,0.8,0.2020195,49925,0.030290293134287237
0.6,0.4,0.5,0.3,0.2020294,49925,0.03563582543159892
0.2,0.3,0.7,0.5,0.20204094,49925,0.03625553656857475
0.4,0.3,0.3,0.3,0.20204997,49925,0.03502053746507957
0.8,0.6,0.6,0.6,0.20204997,49925,0.03502053746507957
0.8,0.4,0.1,0.4,0.20205157,49925,0.030689360327053165
0.7,0.5,0.2,0.7,0.20205623,49925,0.03259892788900924
0.6,0.5,0.2,0.9,0.20206067,49925,0.03218134903212463
0.6,0.5,0.3,0.6,0.20206897,49925,0.03406725694185358
0.8,0.7,0.6,0.9,0.20208672,49925,0.0345197035064013
0.4,0.4,0.7,0.6,0.2020956,49925,0.03576065247475809
0.2,0.4,0.9,0.9,0.20215568,49925,0.03528797852221021
0.5,0.5,0.4,0.8,0.20215632,49925,0.03406138537960002
0.6,0.5,0.4,0.6,0.20218037,49925,0.03448488965126418
0.3,0.4,0.6,0.9,0.20218612,49925,0.03432660535700877
0.7,0.5,0.9,0.4,0.20219022,49925,0.0365016582939524
0.1,0.3,0.7,0.8,0.20220129,49925,0.03472991859762952
0.3,0.3,0.3,0.5,0.20222601,49925,0.034337676223380534
0.8,0.5,0.6,0.3,0.2022276,49925,0.035624605438777567
0.8,0.6,0.3,0.7,0.20229703,49925,0.033660227829382695
0.9,0.5,0.5,0.2,0.20230785,49925,0.035284713099723405
0.8,0.5,0.4,0.3,0.20231092,49925,0.03488043278323377
0.9,0.5,0.1,0.7,0.20231414,49925,0.029898636226479196
0.5,0.5,0.7,0.8,0.20234317,49925,0.03510397421977828
0.6,0.5,0.8,0.6,0.20235884,49925,0.035864312808057575
0.4,0.4,0.2,0.8,0.20236045,49925,0.03265438522249475
0.2,0.2,0.1,0.4,0.20236045,49925,0.03265438522249475
0.5,0.5,0.8,0.8,0.20240986,49925,0.035406543594448066
0.7,0.6,0.3,0.9,0.20241463,49925,0.03333044305710639
0.3,0.3,0.6,0.4,0.20242348,49925,0.036323251853745
0.4,0.3,0.2,0.3,0.2024509,49925,0.03437274344339323
0.8,0.6,0.4,0.6,0.2024509,49925,0.03437274344339323
0.6,0.4,0.3,0.3,0.20251651,49925,0.03471380263621464
0.8,0.6,0.5,0.6,0.20254603,49925,0.03470387538348124
0.2,0.3,0.2,0.8,0.20256844,49925,0.03223257603803435
0.3,0.4,0.8,0.8,0.20257449,49925,0.0353910981976122
0.7,0.6,0.7,0.8,0.2025832,49925,0.03502315240952496
0.8,0.4,0.2,0.1,0.20259938,49925,0.03397094234726702
0.9,0.5,0.3,0.2,0.20263812,49925,0.034438817972806963
0.3,0.3,0.2,0.5,0.2026574,49925,0.033703391178671945
0.3,0.3,0.8,0.1,0.20266627,49925,0.03813081954919376
0.7,0.6,0.4,0.8,0.20266831,49925,0.03406573947904389
0.1,0.3,0.8,0.5,0.20267627,49925,0.03663244571203758
0.1,0.2,0.1,0.9,0.20268065,49925,0.028871848457090857
0.4,0.3,0.5,0.3,0.20268697,49925,0.03611844384114394
0.2,0.3,0.3,0.8,0.20269504,49925,0.03288250320601672
0.9,0.6,0.2,0.9,0.20269543,49925,0.03171165048406646
0.7,0.6,0.8,0.8,0.20271242,49925,0.03529115926966646
0.7,0.6,0.6,0.8,0.20272893,49925,0.03472375600546343
0.3,0.4,0.7,0.9,0.20272976,49925,0.034683929847524685
0.6,0.4,0.7,0.3,0.20273666,49925,0.03641493703976969
0.9,0.7,0.4,0.8,0.20275836,49925,0.03399232796922674
0.9,0.7,0.9,0.8,0.20276524,49925,0.03538896168818429
0.5,0.4,0.1,0.9,0.20277193,49925,0.029928143745617114
0.8,0.5,0.9,0.3,0.20279387,49925,0.03656123368303235
0.9,0.6,0.6,0.5,0.20281523,49925,0.03511036334295169
0.9,0.7,0.8,0.8,0.20284925,49925,0.03514642900063503
0.4,0.4,0.4,0.7,0.20286268,49925,0.03423223070439928
0.3,0.3,0.7,0.3,0.20288602,49925,0.03710604024882968
0.9,0.7,0.7,0.8,0.20292103,49925,0.034893281003511974
0.2,0.3,0.4,0.8,0.2029281,49925,0.03344978704329614
0.9,0.6,0.9,0.5,0.20294791,49925,0.03594063206076225
0.3,0.3,0.4,0.5,0.20296936,49925,0.03489817264277796
0.8,0.5,0.2,0.6,0.20297076,49925,0.032642901074956855
0.7,0.5,0.6,0.5,0.20297769,49925,0.03533723329386165
0.7,0.6,0.9,0.8,0.20299083,49925,0.03556009152687481
0.9,0.5,0.8,0.2,0.20301288,49925,0.03629822976110062
0.7,0.6,0.5,0.8,0.20301448,49925,0.03441454201299211
0.5,0.5,0.9,0.8,0.20302197,49925,0.03567971448834892
0.3,0.4,0.9,0.7,0.20304634,49925,0.03604320180425264
0.9,0.5,0.7,0.2,0.20305021,49925,0.03598714552683746
0.9,0.6,0.8,0.5,0.20306239,49925,0.035671211341861124
0.5,0.3,0.6,0.1,0.20306885,49925,0.03704368010576031
0.2,0.3,0.6,0.7,0.2030837,49925,0.03488022420268457
0.3,0.3,0.1,0.9,0.2030883,49925,0.02981279295112953
0.5,0.4,0.9,0.3,0.20317493,49925,0.03718981139956077
0.7,0.4,0.4,0.2,0.2031767,49925,0.03523806190426101
0.9,0.6,0.7,0.5,0.20318487,49925,0.035388870669501
0.4,0.4,0.5,0.7,0.20319559,49925,0.03465678386127727
0.6,0.5,0.9,0.6,0.20323542,49925,0.03613995337275635
0.7,0.5,0.7,0.5,0.20324945,49925,0.03565942162068178
0.9,0.7,0.5,0.8,0.20326686,49925,0.03434404948195094
0.9,0.5,0.4,0.2,0.20328307,49925,0.03489936217717441
0.3,0.3,0.5,0.5,0.20328417,49925,0.03539998916446136
0.1,0.2,0.4,0.6,0.20331596,49925,0.033889122600341416
0.1,0.3,0.7,0.9,0.2033163,49925,0.03425903345978644
0.9,0.5,0.6,0.2,0.20331927,49925,0.03564739926724745
0.3,0.2,0.1,0.2,0.20332769,49925,0.03371663293353129
0.6,0.4,0.2,0.4,0.20332769,49925,0.03371663293353129
0.9,0.6,0.3,0.6,0.20332769,49925,0.0337166329335313
0.5,0.4,0.5,0.5,0.20332924,49925,0.035223089818682635
0.7,0.4,0.7,0.2,0.20335841,49925,0.036455126487005336
0.7,0.4,0.5,0.2,0.20336196,49925,0.03567708970446691
0.2,0.3,0.8,0.3,0.20336412,49925,0.037495770094275994
0.7,0.5,0.5,0.5,0.20337991,49925,0.03498384690758555
0.8,0.5,0.1,0.9,0.20339987,49925,0.029640518428327083
0.1,0.2,0.5,0.4,0.20340921,49925,0.03592774679077616
0.5,0.5,0.3,0.9,0.20342833,49925,0.03335265851345698
0.4,0.4,0.3,0.7,0.20343682,49925,0.033779523426334696
0.7,0.4,0.6,0.2,0.20344263,49925,0.03607662890956772
0.7,0.5,0.2,0.8,0.20344418,49925,0.03232166115513644
0.5,0.4,0.4,0.5,0.20345996,49925,0.03478325744158406
0.5,0.3,0.1,0.4,0.2034606,49925,0.031732340127549996
0.6,0.4,0.1,0.7,0.20347865,49925,0.0304287634822595
0.5,0.5,0.6,0.9,0.20348036,49925,0.03449660732924316
0.5,0.4,0.6,0.5,0.20348309,49925,0.03561254871600937
0.5,0.5,0.5,0.9,0.20349309,49925,0.03416613416587031
0.6,0.5,0.3,0.7,0.2034958,49925,0.03381015058334403
0.2,0.3,0.5,0.8,0.20355827,49925,0.03395049806499924
0.4,0.4,0.6,0.7,0.20356597,49925,0.03503908853715093
0.9,0.5,0.2,0.5,0.2035764,49925,0.03265725523589411
0.7,0.5,0.8,0.5,0.2035794,49925,0.03596964905302573
0.9,0.7,0.6,0.8,0.20362899,49925,0.03462806563552758
0.5,0.4,0.8,0.4,0.20362994,49925,0.03662261684790328
0.9,0.5,0.9,0.2,0.20363979,49925,0.03658629079686446
0.4,0.4,0.8,0.6,0.20365211,49925,0.03608904678812357
0.2,0.2,0.4,0.3,0.20365211,49925,0.03608904678812357
0.8,0.3,0.1,0.1,0.20366046,49925,0.03126033424134047
0.5,0.4,0.2,0.6,0.2036801,49925,0.03327557412414194
0.4,0.3,0.1,0.6,0.20369677,49925,0.031144478704866814
0.9,0.6,0.5,0.5,0.20371488,49925,0.03479932542566265
0.8,0.6,0.3,0.8,0.20371525,49925,0.033448204641911325
0.1,0.3,0.8,0.6,0.20374152,49925,0.03611061248680107
0.7,0.5,0.4,0.5,0.20377892,49925,0.034607208153245236
0.7,0.4,0.3,0.2,0.20377994,49925,0.034747201391112224
0.7,0.5,0.3,0.5,0.20379935,49925,0.03415279291093834
0.5,0.3,0.3,0.2,0.20383699,49925,0.03514594050735885
0.8,0.6,0.7,0.7,0.20384127,49925,0.035129423847219884
0.5,0.5,0.7,0.9,0.2038708,49925,0.034809548234945364
0.9,0.6,0.4,0.5,0.2038753,49925,0.03446111417953301
0.3,0.4,0.8,0.9,0.2038788,49925,0.035012362127651735
0.7,0.4,0.8,0.1,0.20387994,49925,0.037067137375737635
0.5,0.3,0.5,0.2,0.20388198,49925,0.03622631575958471
0.6,0.5,0.6,0.7,0.20389667,49925,0.03498748476926527
0.5,0.4,0.3,0.5,0.20392174,49925,0.034304850131776324
0.1,0.3,0.9,0.2,0.20392248,49925,0.038337645897989374
0.5,0.3,0.4,0.2,0.20393142,49925,0.03571888920199759
0.1,0.2,0.2,0.7,0.20395753,49925,0.03163589955891225
0.5,0.5,0.4,0.9,0.20403078,49925,0.03380719855887773
0.6,0.5,0.5,0.7,0.20403677,49925,0.034628699192900084
0.9,0.7,0.4,0.9,0.2040458,49925,0.03382352144760243
0.8,0.6,0.8,0.7,0.20405096,49925,0.035397680624100425
0.8,0.6,0.9,0.7,0.20409635,49925,0.03566300459570058
0.4,0.3,0.7,0.2,0.20409703,49925,0.03729234955957526
0.4,0.4,0.7,0.7,0.20415454,49925,0.03539759142429978
0.6,0.4,0.9,0.2,0.20415682,49925,0.03727672850512109
0.4,0.4,0.9,0.5,0.20416239,49925,0.03669639355370836
0.4,0.4,0.2,0.9,0.20416272,49925,0.03225971965844462
0.6,0.5,0.7,0.7,0.2041709,49925,0.03529504628317699
0.2,0.3,0.7,0.6,0.20418158,49925,0.0357602452948014
0.5,0.4,0.7,0.5,0.20420551,49925,0.035969331235766726
0.6,0.5,0.4,0.7,0.20424959,49925,0.03426825838594004
0.2,0.3,0.9,0.1,0.20426941,49925,0.03851755742904887
0.8,0.6,0.6,0.7,0.20431551,49925,0.03484010133507542
0.9,0.7,0.8,0.9,0.20432252,49925,0.034977413395685795
0.6,0.3,0.1,0.3,0.20432493,49925,0.03171177342616349
0.7,0.6,0.7,0.9,0.2043255,49925,0.03481464465390331
0.7,0.4,0.2,0.3,0.20432934,49925,0.03376132063353613
0.3,0.3,0.8,0.2,0.2043387,49925,0.03776153450144775
0.7,0.6,0.6,0.9,0.20433941,49925,0.03452090072752113
0.7,0.5,0.9,0.5,0.2043452,49925,0.0362651971356871
0.2,0.2,0.5,0.2,0.20436549,49925,0.03723091490703805
0.8,0.5,0.8,0.4,0.20436747,49925,0.03604982017475756
0.1,0.3,0.8,0.7,0.2044134,49925,0.03559170583976645
0.7,0.4,0.1,0.6,0.20447579,49925,0.03050630159337602
0.7,0.6,0.9,0.9,0.20447966,49925,0.035337827450810363
0.8,0.5,0.7,0.4,0.2044991,49925,0.035746762160683745
0.5,0.5,0.8,0.9,0.20450546,49925,0.035114627043409376
0.5,0.3,0.2,0.2,0.20450738,49925,0.034506174099665894
0.9,0.7,0.9,0.9,0.20450975,49925,0.035214434352482046
0.6,0.5,0.8,0.7,0.20451717,49925,0.0356006379299235
0.5,0.5,0.9,0.9,0.20454368,49925,0.03539483748679052
0.7,0.3,0.1,0.2,0.20454736,49925,0.03157135862116357
0.4,0.3,0.6,0.3,0.20456488,49925,0.03656985398883037
0.9,0.5,0.1,0.8,0.20456645,49925,0.02970183857097237
0.7,0.6,0.8,0.9,0.20457086,49925,0.03507484561567988
0.2,0.3,0.6,0.8,0.20458113,49925,0.034399819895177895
0.3,0.4,0.9,0.8,0.20458119,49925,0.03568477804272172
0.8,0.5,0.6,0.4,0.20459285,49925,0.03541344131808224
0.7,0.6,0.4,0.9,0.20461111,49925,0.03387281075946539
0.9,0.6,0.3,0.7,0.20462194,49925,0.033509764640341805
0.8,0.5,0.5,0.4,0.20462698,49925,0.03506825118816304
0.2,0.3,0.3,0.9,0.20465182,49925,0.032435169946515845
0.6,0.4,0.8,0.3,0.20465365,49925,0.0367317293407608
0.8,0.6,0.3,0.9,0.20467043,49925,0.03322680293942188
0.8,0.4,0.6,0.1,0.20468637,49925,0.03613303314361529
0.8,0.6,0.4,0.7,0.2046879,49925,0.034194044523341315
0.2,0.3,0.8,0.4,0.20469528,49925,0.03703273408801473
0.3,0.3,0.6,0.5,0.20470722,49925,0.03584432053419028
0.1,0.2,0.6,0.1,0.20472193,49925,0.0384544256328114
0.6,0.5,0.9,0.7,0.20472696,49925,0.0358647459515618
0.9,0.7,0.7,0.9,0.20473391,49925,0.03472161285657245
0.7,0.5,0.2,0.9,0.20475385,49925,0.03202565356574779
0.8,0.6,0.5,0.7,0.20475757,49925,0.034527751161995274
0.8,0.5,0.2,0.7,0.20480621,49925,0.03238750140102376
0.8,0.5,0.3,0.4,0.20481363,49925,0.03424836800878788
0.7,0.6,0.5,0.9,0.20482308,49925,0.034232720700541334
0.6,0.4,0.1,0.8,0.20482503,49925,0.03011748286760415
0.9,0.6,0.9,0.6,0.20483723,49925,0.0357302755110435
0.6,0.4,0.6,0.4,0.20483723,49925,0.035730275511043505
0.3,0.2,0.3,0.2,0.20483723,49925,0.035730275511043505
0.2,0.3,0.4,0.9,0.20484027,49925,0.03299446918917024
0.2,0.3,0.2,0.9,0.20486714,49925,0.03178523412289907
0.8,0.4,0.5,0.1,0.20487654,49925,0.03570855698284489
0.8,0.4,0.4,0.1,0.20489848,49925,0.03526627547279562
0.9,0.6,0.7,0.6,0.20496762,49925,0.03520420690769173
0.1,0.3,0.9,0.3,0.20499098,49925,0.03786021506304093
0.4,0.2,0.1,0.1,0.20501365,49925,0.033706614797224164
0.8,0.4,0.2,0.2,0.20501365,49925,0.033706614797224164
0.1,0.2,0.3,0.7,0.205036,49925,0.0324766172712572
0.9,0.7,0.5,0.9,0.20505145,49925,0.03418261878366191
0.9,0.7,0.6,0.9,0.20507564,49925,0.03446569595294882
0.5,0.4,0.2,0.7,0.20508353,49925,0.032918578364237595
0.9,0.5,0.7,0.3,0.20516965,49925,0.03577466846744981
0.6,0.4,0.5,0.4,0.20517582,49925,0.03535082999629137
0.8,0.4,0.3,0.1,0.20517775,49925,0.034793947067632836
0.8,0.4,0.7,0.1,0.20519309,49925,0.036497637946602685
0.8,0.5,0.4,0.4,0.20521367,49925,0.03470152097941578
0.3,0.2,0.2,0.2,0.20525625,49925,0.03492907668552799
0.6,0.4,0.4,0.4,0.20525625,49925,0.03492907668552799
0.9,0.6,0.6,0.6,0.20525625,49925,0.034929076685527985
0.3,0.3,0.2,0.6,0.20525947,49925,0.03325923502139834
0.8,0.4,0.1,0.5,0.20527428,49925,0.030478457438385117
0.9,0.5,0.8,0.3,0.20527932,49925,0.03608984688524351
0.8,0.5,0.9,0.4,0.20528555,49925,0.03633992750830768
0.9,0.6,0.8,0.6,0.2053048,49925,0.03548013413810506
0.9,0.5,0.2,0.6,0.20531529,49925,0.032418190109650954
0.4,0.4,0.5,0.8,0.20531604,49925,0.03431182845427564
0.4,0.4,0.8,0.7,0.20536038,49925,0.03572339177145376
0.7,0.5,0.7,0.6,0.20536155,49925,0.035418523261833194
0.7,0.5,0.3,0.6,0.2053982,49925,0.03393776558833353
0.6,0.4,0.2,0.5,0.20540476,49925,0.033411444603103926
0.7,0.5,0.6,0.6,0.20541301,49925,0.03511544607719874
0.4,0.3,0.8,0.1,0.20541683,49925,0.037906908478724265
0.4,0.4,0.4,0.8,0.2054183,49925,0.03390837195679145
0.3,0.3,0.3,0.6,0.2054183,49925,0.03390837195679145
0.1,0.1,0.1,0.2,0.2054183,49925,0.03390837195679145
0.2,0.2,0.2,0.4,0.2054183,49925,0.03390837195679145
0.6,0.5,0.3,0.8,0.2054238,49925,0.033564406376081914
0.7,0.4,0.9,0.1,0.20543648,49925,0.037320196398942546
0.9,0.4,0.1,0.4,0.20545107,49925,0.03040304405736185
0.5,0.4,0.8,0.5,0.20545769,49925,0.036308565114673
0.8,0.6,0.7,0.8,0.20548594,49925,0.0349398031888581
0.2,0.3,0.7,0.7,0.20549035,49925,0.0352890908150702
0.1,0.2,0.5,0.5,0.20550008,49925,0.03519588479932594
0.2,0.2,0.1,0.5,0.20552236,49925,0.03190543271043098
0.2,0.3,0.5,0.9,0.20552891,49925,0.03349720782146576
0.3,0.3,0.7,0.4,0.20552996,49925,0.036651332422248224
0.9,0.5,0.9,0.3,0.20554963,49925,0.03636932486459624
0.5,0.4,0.9,0.4,0.2055786,49925,0.03688213477275321
0.6,0.3,0.5,0.1,0.20561436,49925,0.03629847007203869
0.9,0.5,0.6,0.3,0.20568645,49925,0.035450744262297426
0.9,0.6,0.5,0.6,0.20571187,49925,0.034610778578038646
0.5,0.3,0.7,0.1,0.20571472,49925,0.03737849144788084
0.4,0.4,0.6,0.8,0.2057325,49925,0.03467560465267868
0.2,0.2,0.3,0.4,0.2057325,49925,0.03467560465267868
0.4,0.3,0.1,0.7,0.20574218,49925,0.030671733986290438
0.9,0.4,0.2,0.1,0.20575728,49925,0.03365571543499651
0.9,0.5,0.3,0.3,0.20575917,49925,0.0342624230371093
0.9,0.5,0.5,0.3,0.20576224,49925,0.035093801318904126
0.6,0.4,0.7,0.4,0.20577091,49925,0.03610774912453074
0.1,0.2,0.2,0.8,0.2057805,49925,0.03103218375523794
0.8,0.5,0.2,0.8,0.20579168,49925,0.03213064836831588
0.1,0.2,0.4,0.7,0.20579308,49925,0.03324048849932837
0.9,0.6,0.3,0.8,0.20579678,49925,0.03330732215491165
0.6,0.4,0.3,0.4,0.20581433,49925,0.034448844388664995
0.3,0.4,0.9,0.9,0.20581758,49925,0.03531185662231671
0.5,0.3,0.6,0.2,0.20584604,49925,0.036683026447010124
0.4,0.4,0.3,0.8,0.20585547,49925,0.03344851151624042
0.4,0.4,0.9,0.6,0.20586678,49925,0.03636039884565904
0.2,0.3,0.8,0.5,0.20586972,49925,0.03656119842314434
0.9,0.5,0.1,0.9,0.2058819,49925,0.029497418874830563
0.6,0.5,0.6,0.8,0.20589182,49925,0.034726452395936844
0.3,0.3,0.4,0.6,0.20592913,49925,0.03443735069733339
0.7,0.5,0.8,0.6,0.20593047,49925,0.03572802851095688
0.5,0.4,0.5,0.6,0.20593943,49925,0.034916385907315946
0.9,0.6,0.4,0.6,0.20597276,49925,0.03426457465678072
0.6,0.3,0.3,0.1,0.20599374,49925,0.03517902316318626
0.9,0.5,0.4,0.3,0.20600866,49925,0.03473326222788566
0.4,0.3,0.4,0.4,0.20601255,49925,0.03519999028447694
0.8,0.6,0.8,0.8,0.20601255,49925,0.03519999028447694
0.5,0.3,0.1,0.5,0.20601366,49925,0.031334903680244136
0.8,0.6,0.6,0.8,0.20601442,49925,0.034645141313296296
0.4,0.3,0.3,0.4,0.20601442,49925,0.034645141313296296
0.8,0.6,0.9,0.8,0.2060194,49925,0.03545275824591309
0.3,0.3,0.5,0.6,0.2060236,49925,0.03493516962871582
0.7,0.4,0.8,0.2,0.20602493,49925,0.036777868057335
0.7,0.5,0.5,0.6,0.20604227,49925,0.034769490090218465
0.6,0.3,0.4,0.1,0.20606701,49925,0.03577189497173642
0.6,0.3,0.2,0.1,0.20606859,49925,0.034512890550719356
0.6,0.4,0.1,0.9,0.20608318,49925,0.02981896865870786
0.4,0.4,0.7,0.8,0.20611307,49925,0.0350537626901193
0.8,0.6,0.4,0.8,0.20612201,49925,0.03400039221799245
0.4,0.3,0.2,0.4,0.20612201,49925,0.03400039221799245
0.7,0.4,0.2,0.4,0.20613877,49925,0.03346171507762092
0.2,0.3,0.6,0.9,0.20614089,49925,0.033946923564153825
0.1,0.3,0.8,0.8,0.2061899,49925,0.03510938051750577
0.3,0.3,0.8,0.3,0.20619556,49925,0.03735679655831773
0.7,0.4,0.6,0.3,0.20620403,49925,0.03582517230113683
0.6,0.5,0.5,0.8,0.2062482,49925,0.03439730467432213
0.7,0.5,0.4,0.6,0.20627514,49925,0.034394268868380845
0.3,0.2,0.5,0.1,0.20628463,49925,0.0374797399082565
0.7,0.5,0.9,0.6,0.20628715,49925,0.036004936618772014
0.5,0.4,0.3,0.6,0.20631656,49925,0.03403168779599396
0.1,0.3,0.9,0.4,0.20632002,49925,0.037393668321979434
0.5,0.4,0.6,0.6,0.20632353,49925,0.03529643303672794
0.3,0.3,0.9,0.1,0.20632687,49925,0.0383007615426364
0.5,0.4,0.4,0.6,0.20635195,49925,0.03449453230295105
0.2,0.3,0.9,0.2,0.20638773,49925,0.03813576868926507
0.6,0.5,0.8,0.8,0.2064085,49925,0.03533059115055297
0.6,0.5,0.7,0.8,0.2064352,49925,0.03504423531788219
0.4,0.3,0.5,0.4,0.20650502,49925,0.03570275549224757
0.6,0.5,0.4,0.8,0.20651306,49925,0.03404078517915069
0.1,0.2,0.6,0.2,0.20655702,49925,0.03778540860886854
0.7,0.4,0.7,0.3,0.20656152,49925,0.03617880281093984
0.8,0.6,0.5,0.8,0.20662498,49925,0.03433797736951227
0.5,0.4,0.7,0.6,0.20665793,49925,0.035642949694015914
0.8,0.5,0.8,0.5,0.2066724,49925,0.03580545237153196
0.9,0.3,0.1,0.1,0.20668554,49925,0.030779419473614494
0.6,0.5,0.9,0.8,0.20668761,49925,0.03561098874197254
0.8,0.5,0.7,0.5,0.20669064,49925,0.03551368880359173
0.2,0.2,0.4,0.4,0.20675075,49925,0.035373323866359635
0.1,0.1,0.2,0.2,0.20675075,49925,0.035373323866359635
0.3,0.3,0.6,0.6,0.20675075,49925,0.035373323866359635
0.4,0.4,0.8,0.8,0.20675075,49925,0.035373323866359635
0.8,0.5,0.6,0.5,0.20675737,49925,0.035185105815708
0.9,0.6,0.7,0.7,0.2067616,49925,0.035020273146288326
0.9,0.6,0.9,0.7,0.206766,49925,0.035540694492937216
0.6,0.4,0.9,0.3,0.20676962,49925,0.036995539614382615
0.7,0.4,0.4,0.3,0.20677826,49925,0.03501356190634835
0.7,0.4,0.5,0.3,0.20678377,49925,0.03543996443719608
0.6,0.4,0.8,0.4,0.2068393,49925,0.03644401825712435
0.3,0.2,0.4,0.2,0.2068393,49925,0.03644401825712435
0.4,0.3,0.1,0.8,0.20694235,49925,0.03021725059721334
0.8,0.5,0.3,0.5,0.20700383,49925,0.034015351607881716
0.9,0.6,0.8,0.7,0.20702156,49925,0.03529441982562918
0.1,0.2,0.3,0.8,0.20703623,49925,0.03186771687997513
0.8,0.5,0.5,0.5,0.2070444,49925,0.03486440727105856
0.4,0.4,0.5,0.9,0.20704807,49925,0.03397747183105429
0.5,0.4,0.2,0.8,0.20705718,49925,0.03255944449963947
0.9,0.5,0.2,0.7,0.20705861,49925,0.03217439447079748
0.7,0.4,0.1,0.7,0.2070697,49925,0.030241485726754735
0.6,0.5,0.3,0.9,0.20712906,49925,0.03330874568545742
0.4,0.4,0.4,0.9,0.20712999,49925,0.03358279752045202
0.6,0.3,0.1,0.4,0.20713021,49925,0.03135103078039212
0.8,0.4,0.8,0.1,0.20713457,49925,0.03682016393917897
0.4,0.4,0.9,0.7,0.20718078,49925,0.036011984432651384
0.8,0.6,0.7,0.9,0.20722495,49925,0.034734697736694325
0.2,0.3,0.7,0.8,0.2072295,49925,0.034822487986164954
0.4,0.2,0.3,0.1,0.20730326,49925,0.035859866911396227
0.8,0.4,0.6,0.2,0.20730326,49925,0.035859866911396227
0.2,0.2,0.1,0.6,0.20733212,49925,0.031171528083191062
0.8,0.5,0.9,0.5,0.20734245,49925,0.036096728049356125
0.4,0.3,0.7,0.3,0.20735829,49925,0.036901699682383
0.1,0.3,0.8,0.9,0.20736489,49925,0.03464755919211428
0.4,0.3,0.8,0.2,0.207371,49925,0.037534908404095416
0.9,0.6,0.3,0.9,0.20737626,49925,0.03308591967283528
0.6,0.4,0.2,0.6,0.20737626,49925,0.033085919672835286
0.3,0.2,0.1,0.3,0.20737626,49925,0.033085919672835286
0.1,0.3,0.9,0.5,0.20737821,49925,0.03691300905321598
0.7,0.5,0.6,0.7,0.20738447,49925,0.03488094554677376
0.4,0.4,0.6,0.9,0.20740011,49925,0.03434231389283823
0.7,0.5,0.3,0.7,0.20740807,49925,0.03372076650763774
0.6,0.5,0.6,0.9,0.20744388,49925,0.034466778642085256
0.3,0.3,0.7,0.5,0.20745587,49925,0.03620454326820716
0.9,0.6,0.5,0.7,0.20746356,49925,0.03442608489098528
0.9,0.6,0.6,0.7,0.20747164,49925,0.03474762022026289
0.5,0.4,0.8,0.6,0.20748422,49925,0.03597694196401277
0.2,0.2,0.6,0.1,0.20752814,49925,0.03814304425726388
0.7,0.4,0.3,0.3,0.20753303,49925,0.03454408359092969
0.7,0.4,0.8,0.3,0.20757462,49925,0.03652825498597207
0.9,0.6,0.4,0.7,0.20757762,49925,0.034088566745006384
0.8,0.4,0.2,0.3,0.20758738,49925,0.033466414615780565
0.8,0.5,0.2,0.9,0.20761538,49925,0.031856814278551054
0.8,0.6,0.4,0.9,0.2076233,49925,0.033815412708505334
0.9,0.5,0.7,0.4,0.20766997,49925,0.03557766805499499
0.8,0.6,0.8,0.9,0.20767386,49925,0.03501517508822776
0.6,0.3,0.6,0.1,0.20768172,49925,0.036728364774954766
0.8,0.4,0.1,0.6,0.20768246,49925,0.030272511230445893
0.2,0.2,0.5,0.3,0.20768517,49925,0.03656336320371568
0.8,0.6,0.6,0.9,0.2076922,49925,0.03446290889856194
0.8,0.5,0.4,0.5,0.20769773,49925,0.03449058126972685
0.4,0.4,0.3,0.9,0.20771064,49925,0.03312383159245133
0.2,0.3,0.8,0.6,0.20771852,49925,0.036093038749515485
0.9,0.5,0.8,0.4,0.20773469,49925,0.0358655252375994
0.3,0.3,0.3,0.7,0.2077671,49925,0.033477261101577886
0.7,0.4,0.9,0.2,0.20776772,49925,0.03704147497946287
0.8,0.4,0.7,0.2,0.20777042,49925,0.036234031481195125
0.4,0.3,0.6,0.4,0.20778656,49925,0.036146425770641324
0.6,0.4,0.5,0.5,0.20782289,49925,0.03506325578159226
0.6,0.5,0.5,0.9,0.20782644,49925,0.03414440466332344
0.3,0.3,0.2,0.7,0.20786145,49925,0.0328084648657084
0.2,0.3,0.9,0.3,0.20786618,49925,0.03770617957289335
0.8,0.3,0.1,0.2,0.20789123,49925,0.031113127799426498
0.6,0.5,0.7,0.9,0.20790806,49925,0.03477456732524902
0.5,0.4,0.9,0.5,0.20791113,49925,0.03657101334298655
0.9,0.5,0.5,0.4,0.20791188,49925,0.03492606658258376
0.3,0.3,0.4,0.7,0.20792723,49925,0.033993474708728016
0.8,0.4,0.4,0.2,0.20794255,49925,0.03502411416812661
0.4,0.2,0.2,0.1,0.20794255,49925,0.03502411416812661
0.1,0.2,0.5,0.6,0.20794429,49925,0.03451890426682542
0.6,0.4,0.6,0.5,0.20794627,49925,0.03543885643112628
0.8,0.4,0.5,0.2,0.20798314,49925,0.03543885994973369
0.4,0.4,0.7,0.9,0.20798871,49925,0.034688602725638944
0.8,0.6,0.9,0.9,0.20799007,49925,0.03525031640332171
0.5,0.3,0.4,0.3,0.20799649,49925,0.035352264057426
0.9,0.5,0.9,0.4,0.20800835,49925,0.03614887339768064
0.9,0.4,0.1,0.5,0.20801169,49925,0.030217657633844795
0.8,0.6,0.5,0.9,0.20802608,49925,0.03416418665462054
0.7,0.5,0.7,0.7,0.20807078,49925,0.03518715072406832
0.3,0.3,0.8,0.4,0.20807889,49925,0.036923032628533664
0.5,0.4,0.2,0.9,0.20808136,49925,0.03219620759019692
0.7,0.5,0.8,0.7,0.20809078,49925,0.03547913521511223
0.5,0.3,0.5,0.3,0.20809653,49925,0.035850532487876396
0.9,0.4,0.2,0.2,0.2081056,49925,0.03341476044384962
0.6,0.5,0.4,0.9,0.20811841,49925,0.033796774119184254
0.9,0.5,0.3,0.4,0.20814662,49925,0.034069160363570515
0.7,0.5,0.5,0.7,0.20816696,49925,0.03454139521124062
0.9,0.5,0.6,0.4,0.20817447,49925,0.03525690666836293
0.6,0.5,0.9,0.9,0.20823333,49925,0.03533745102615668
0.1,0.2,0.6,0.3,0.20824109,49925,0.037104266799605254
0.6,0.5,0.8,0.9,0.20825545,49925,0.0350683231498531
0.1,0.2,0.2,0.9,0.20825553,49925,0.030464318832467516
0.1,0.3,0.9,0.6,0.20832211,49925,0.03642962066783272
0.1,0.2,0.4,0.8,0.20835751,49925,0.032641391811932305
0.7,0.5,0.9,0.7,0.20836303,49925,0.03575961329355086
0.5,0.4,0.4,0.7,0.2083721,49925,0.03419935943251695
0.3,0.3,0.5,0.7,0.20837307,49925,0.03445891798157513
0.5,0.3,0.3,0.3,0.20838961,49925,0.03482190371786891
0.5,0.4,0.5,0.7,0.20839828,49925,0.034593957486974344
0.6,0.4,0.7,0.5,0.20846954,49925,0.03580780106897391
0.6,0.4,0.4,0.5,0.20848309,49925,0.03465614436841708
0.7,0.3,0.1,0.3,0.20850894,49925,0.03129319625728997
0.9,0.4,0.6,0.1,0.20853671,49925,0.03588949229278748
0.7,0.4,0.1,0.8,0.20855999,49925,0.029961590719314205
0.8,0.4,0.3,0.2,0.20857227,49925,0.03453866285236749
0.7,0.5,0.4,0.7,0.20861727,49925,0.03418493101321836
0.4,0.4,0.9,0.8,0.20863247,49925,0.035660676376207553
0.9,0.6,0.7,0.8,0.20864591,49925,0.03485010709073798
0.5,0.3,0.8,0.1,0.20865393,49925,0.037639652481383845
0.4,0.4,0.8,0.9,0.20866103,49925,0.03502768120638667
0.9,0.6,0.8,0.8,0.20867941,49925,0.03510213495063305
0.8,0.5,0.3,0.6,0.20876178,49925,0.03379754751741073
0.5,0.3,0.2,0.3,0.20876901,49925,0.034154474295208286
0.5,0.3,0.7,0.2,0.20879474,49925,0.03702473496716652
0.7,0.4,0.2,0.5,0.2087991,49925,0.033154049542130005
0.6,0.4,0.3,0.5,0.20880848,49925,0.03418848219496099
0.3,0.3,0.9,0.2,0.20883049,49925,0.037960363641101225
0.5,0.3,0.1,0.6,0.20884338,49925,0.030908185238974612
0.9,0.5,0.2,0.8,0.20885971,49925,0.03193547429139837
0.5,0.4,0.7,0.7,0.20887655,49925,0.03532688751754463
0.6,0.4,0.9,0.4,0.20889172,49925,0.03671800895535076
0.2,0.2,0.2,0.5,0.20889613,49925,0.03325644849281405
0.8,0.5,0.8,0.6,0.20890631,49925,0.03557819458472186
0.4,0.3,0.4,0.5,0.20890862,49925,0.03480791186712587
0.5,0.4,0.6,0.7,0.20891596,49925,0.034978321362745105
0.8,0.4,0.9,0.1,0.20892304,49925,0.03709029096181751
0.1,0.3,0.9,0.7,0.209005,49925,0.03593199967301617
0.3,0.3,0.6,0.7,0.20902222,49925,0.0349186457843096
0.8,0.5,0.7,0.6,0.2090347,49925,0.035295941423201624
0.9,0.5,0.4,0.4,0.20903477,49925,0.03455828570234159
0.5,0.4,0.3,0.7,0.20906188,49925,0.03375286895908356
0.7,0.5,0.3,0.8,0.2090672,49925,0.03347908984476682
0.6,0.4,0.2,0.7,0.20907173,49925,0.03276457245715581
0.4,0.2,0.4,0.1,0.20908271,49925,0.036564240446465855
0.8,0.4,0.8,0.2,0.20908271,49925,0.036564240446465855
0.5,0.3,0.6,0.3,0.20908482,49925,0.03631018490552576
0.9,0.6,0.9,0.8,0.20912437,49925,0.03534187637483862
0.2,0.3,0.9,0.4,0.20914306,49925,0.03726682344668602
0.2,0.3,0.8,0.7,0.2091473,49925,0.035610881271050866
0.2,0.2,0.1,0.7,0.20919418,49925,0.030458202017245528
0.9,0.4,0.5,0.1,0.20921195,49925,0.03548252196449594
0.7,0.4,0.6,0.4,0.2092327,49925,0.03554806342199363
0.3,0.3,0.7,0.6,0.20927005,49925,0.03575302429043329
0.1,0.2,0.3,0.9,0.20927656,49925,0.031304907628620475
0.9,0.6,0.4,0.8,0.20928591,49925,0.033920370395245016
0.4,0.3,0.2,0.5,0.20930633,49925,0.03362692858254655
0.4,0.3,0.9,0.1,0.20931059,49925,0.038093869944798756
0.2,0.3,0.7,0.9,0.20931184,49925,0.03437429093542241
0.8,0.5,0.9,0.6,0.20933056,49925,0.03587152711303195
0.9,0.6,0.6,0.8,0.2093558,49925,0.03455138256834671
0.3,0.3,0.2,0.8,0.20937744,49925,0.03236289195573375
0.7,0.5,0.6,0.8,0.20940779,49925,0.03463981782320032
0.8,0.5,0.6,0.6,0.20942122,49925,0.03498971323592183
0.9,0.4,0.7,0.1,0.20942438,49925,0.03625757394248494
0.9,0.6,0.5,0.8,0.20943645,49925,0.03426496981706854
0.6,0.3,0.4,0.2,0.20945811,49925,0.03543723090361587
0.5,0.4,0.9,0.6,0.20946634,49925,0.036256925757615285
0.7,0.4,0.5,0.4,0.20948032,49925,0.03515787388369473
0.4,0.3,0.5,0.5,0.20948862,49925,0.035281990898494604
0.2,0.2,0.3,0.5,0.20953369,49925,0.03400968834181593
0.6,0.3,0.5,0.2,0.20956261,49925,0.03593688210619768
0.4,0.3,0.3,0.5,0.20959066,49925,0.03428795258592583
0.6,0.4,0.8,0.5,0.20965144,49925,0.0361448074771809
0.9,0.4,0.4,0.1,0.20966956,49925,0.035062053413042055
0.8,0.5,0.5,0.6,0.20968744,49925,0.03466015554958276
0.7,0.4,0.7,0.4,0.20969352,49925,0.035898251787456925
0.5,0.4,0.8,0.7,0.20971587,49925,0.03563319984990233
0.8,0.5,0.4,0.6,0.20971662,49925,0.034280529181598414
0.7,0.4,0.9,0.3,0.20974027,49925,0.036798903837774004
0.9,0.5,0.3,0.5,0.20977223,49925,0.03385010287366092
0.4,0.3,0.1,0.9,0.20977557,49925,0.02977130789893917
0.7,0.4,0.4,0.4,0.2097797,49925,0.034770930245082224
0.8,0.4,0.1,0.7,0.20982778,49925,0.03004093119791661
0.6,0.3,0.7,0.1,0.20989957,49925,0.03708345161907965
0.1,0.2,0.5,0.7,0.209929,49925,0.03390220601440673
0.8,0.4,0.2,0.4,0.20995155,49925,0.03319118677177614
0.4,0.2,0.1,0.2,0.20995155,49925,0.03319118677177614
0.9,0.4,0.3,0.1,0.20995335,49925,0.03458326056595394
0.2,0.2,0.4,0.5,0.2099579,49925,0.03468030956800729
0.6,0.3,0.3,0.2,0.20996058,49925,0.03489431393604505
0.1,0.2,0.6,0.4,0.20997736,49925,0.03640741342177678
0.7,0.4,0.1,0.9,0.20999274,49925,0.029685633266507163
0.3,0.3,0.4,0.8,0.21000351,49925,0.03356189823024902
0.5,0.4,0.5,0.8,0.21001941,49925,0.03427614544407807
0.7,0.5,0.8,0.8,0.21002874,49925,0.03524447964416683
0.9,0.5,0.7,0.5,0.21002942,49925,0.03535800464606752
0.7,0.5,0.7,0.8,0.21004578,49925,0.03495851622996665
0.3,0.3,0.3,0.8,0.21005169,49925,0.033052197143003156
0.9,0.5,0.8,0.5,0.2100981,49925,0.0356529455809534
0.6,0.4,0.5,0.6,0.21012376,49925,0.03479792875101766
0.4,0.3,0.7,0.4,0.21014254,49925,0.03651091700264217
0.7,0.5,0.5,0.8,0.21018615,49925,0.03433813559859146
0.1,0.3,0.9,0.8,0.21018833,49925,0.0354427045701688
0.9,0.5,0.2,0.9,0.21020737,49925,0.03168430977370628
0.2,0.3,0.9,0.5,0.21023993,49925,0.036814496999854854
0.7,0.5,0.9,0.8,0.21024358,49925,0.03550703574676683
0.4,0.4,0.9,0.9,0.21025595,49925,0.03531784481488163
0.9,0.6,0.8,0.9,0.21030433,49925,0.03492050090422781
0.3,0.3,0.5,0.8,0.21031138,49925,0.03401916885475376
0.7,0.4,0.8,0.4,0.21032113,49925,0.036243109650445866
0.7,0.5,0.4,0.8,0.21033347,49925,0.03397049926649801
0.6,0.3,0.2,0.2,0.21037209,49925,0.03421869856834743
0.1,0.1,0.3,0.1,0.21042845,49925,0.03754966925199639
0.3,0.3,0.9,0.3,0.21042845,49925,0.03754966925199639
0.2,0.2,0.6,0.2,0.21042845,49925,0.03754966925199639
0.9,0.5,0.6,0.5,0.21045399,49925,0.03504691448102883
0.3,0.3,0.8,0.5,0.21045674,49925,0.03647145360869378
0.5,0.4,0.4,0.8,0.21046117,49925,0.03388214904969489
0.9,0.6,0.7,0.9,0.21046191,49925,0.034669710916071024
0.4,0.3,0.6,0.5,0.21048991,49925,0.0357040011194792
0.2,0.3,0.8,0.8,0.21049422,49925,0.03516444397811858
0.2,0.2,0.1,0.8,0.21049848,49925,0.02982537960222136
0.4,0.3,0.8,0.3,0.21052581,49925,0.03716932962875522
0.6,0.3,0.1,0.5,0.21052714,49925,0.031017937770470228
0.1,0.2,0.4,0.9,0.21054953,49925,0.032085045413550936
0.7,0.4,0.3,0.4,0.21055461,49925,0.0342935750205687
0.9,0.5,0.9,0.5,0.21056783,49925,0.0359359172066713
0.9,0.4,0.1,0.6,0.21059677,49925,0.03003080303851684
0.7,0.4,0.2,0.6,0.21060349,49925,0.032857415374993974
0.9,0.4,0.8,0.1,0.2106094,49925,0.03658327358584458
0.5,0.4,0.6,0.8,0.21066296,49925,0.03463854840506609
0.8,0.4,0.5,0.3,0.21067482,49925,0.03523264444027015
0.2,0.2,0.5,0.4,0.2106798,49925,0.03589790904626945
0.3,0.2,0.1,0.4,0.21068293,49925,0.03242638941489661
0.6,0.4,0.2,0.8,0.21068293,49925,0.03242638941489661
0.8,0.4,0.6,0.3,0.21070647,49925,0.03560954000830353
0.6,0.3,0.6,0.2,0.21070944,49925,0.03638284478907237
0.9,0.6,0.4,0.9,0.21072732,49925,0.03374807120215674
0.5,0.4,0.9,0.7,0.21072939,49925,0.03593088056075173
0.8,0.4,0.9,0.2,0.21073079,49925,0.03685268965376796
0.8,0.5,0.3,0.7,0.210791,49925,0.03359386218340045
0.7,0.5,0.3,0.9,0.21079507,49925,0.033224739579764996
0.8,0.4,0.7,0.3,0.21079542,49925,0.03596767749419237
0.9,0.4,0.2,0.3,0.21086183,49925,0.033182402491854064
0.3,0.3,0.6,0.8,0.21086389,49925,0.03446103575902175
0.6,0.4,0.7,0.6,0.2108743,49925,0.03552360226973142
0.6,0.4,0.9,0.5,0.2109004,49925,0.0364143393650716
0.9,0.5,0.5,0.5,0.21093194,49925,0.03474735139484899
0.5,0.2,0.1,0.1,0.21095012,49925,0.03310634797582411
0.5,0.4,0.3,0.8,0.2110371,49925,0.03344351801868119
0.3,0.2,0.5,0.2,0.21105185,49925,0.03695381677113431
0.8,0.4,0.4,0.3,0.2110699,49925,0.034827977126255905
0.5,0.4,0.7,0.8,0.21108104,49925,0.03499282410428519
0.3,0.3,0.2,0.9,0.21108717,49925,0.031941236613993916
0.6,0.4,0.6,0.6,0.21110556,49925,0.03516155579031964
0.9,0.6,0.9,0.9,0.21110556,49925,0.03516155579031964
0.3,0.2,0.3,0.3,0.21110556,49925,0.03516155579031964
0.7,0.3,0.4,0.1,0.21111302,49925,0.03546192390356918
0.1,0.3,0.9,0.9,0.2111735,49925,0.03497227878588308
0.1,0.2,0.7,0.1,0.21118999,49925,0.03867963459031739
0.9,0.6,0.6,0.9,0.21119106,49925,0.034384567196424
0.3,0.2,0.2,0.3,0.21119106,49925,0.034384567196424
0.6,0.4,0.4,0.6,0.21119106,49925,0.034384567196424
0.8,0.5,0.6,0.7,0.21119656,49925,0.03477647693400871
0.4,0.3,0.9,0.2,0.21123078,49925,0.03774031980466137
0.8,0.5,0.7,0.7,0.21125796,49925,0.035065939512968054
0.9,0.6,0.5,0.9,0.21128812,49925,0.03410128501520348
0.9,0.3,0.1,0.2,0.2113491,49925,0.030679483101803382
0.5,0.3,0.8,0.2,0.2113651,49925,0.03731568346811335
0.6,0.4,0.8,0.6,0.21139513,49925,0.03584322229397044
0.3,0.2,0.4,0.3,0.21139513,49925,0.03584322229397044
0.3,0.3,0.7,0.7,0.21140054,49925,0.03529960704244191
0.7,0.3,0.5,0.1,0.21141598,49925,0.03597047366028316
0.5,0.3,0.1,0.7,0.2114349,49925,0.0304818900242756
0.8,0.5,0.9,0.7,0.2114535,49925,0.03565192316515712
0.6,0.4,0.3,0.6,0.21146245,49925,0.03395211699328181
0.9,0.5,0.4,0.5,0.21149462,49925,0.03436890006420096
0.7,0.3,0.1,0.4,0.2115291,49925,0.030991200924634366
0.8,0.5,0.8,0.7,0.2115498,49925,0.03534698253910764
0.7,0.5,0.6,0.9,0.2115905,49925,0.034417154670988
0.7,0.5,0.7,0.9,0.2116653,49925,0.03470621601913418
0.9,0.4,0.5,0.2,0.211668,49925,0.03523481220326615
0.5,0.4,0.8,0.8,0.21166831,49925,0.035308808664918506
0.8,0.4,0.8,0.3,0.2116731,49925,0.036301472957802575
0.5,0.3,0.4,0.4,0.21167544,49925,0.035012750471879135
0.5,0.3,0.7,0.3,0.21170232,49925,0.03668242084791397
0.7,0.3,0.3,0.1,0.21174747,49925,0.03491511539336894
0.8,0.4,0.2,0.5,0.21176362,49925,0.03289862080729944
0.3,0.3,0.8,0.6,0.21179527,49925,0.03603296148022817
0.8,0.3,0.1,0.3,0.21180588,49925,0.030909488318733136
0.8,0.4,0.3,0.3,0.21181884,49925,0.0343661214299117
0.5,0.3,0.5,0.4,0.21183881,49925,0.035488323037289896
0.4,0.3,0.4,0.6,0.21185546,49925,0.03438534868175591
0.3,0.3,0.4,0.9,0.21186218,49925,0.03314985784004246
0.9,0.4,0.9,0.1,0.21186438,49925,0.036871538289982846
0.8,0.4,0.1,0.8,0.2119021,49925,0.029793494955228247
0.7,0.3,0.2,0.1,0.21194214,49925,0.034217667102946284
0.7,0.4,0.9,0.4,0.21195321,49925,0.03652461574500363
0.8,0.5,0.5,0.7,0.21200019,49925,0.034432898937056096
0.4,0.3,0.2,0.6,0.21200132,49925,0.03322371055776536
0.1,0.2,0.5,0.8,0.21200466,49925,0.033301232908755855
0.9,0.4,0.6,0.2,0.21200925,49925,0.03563606743592485
0.8,0.5,0.4,0.7,0.21201551,49925,0.03408722599491271
0.7,0.5,0.4,0.9,0.21204549,49925,0.03375542943195889
0.2,0.2,0.1,0.9,0.21205232,49925,0.02922636730600601
0.4,0.3,0.3,0.6,0.21206065,49925,0.033888053239680235
0.7,0.4,0.7,0.5,0.2120616,49925,0.03563848675423942
0.7,0.5,0.9,0.9,0.21209072,49925,0.035269976058824815
0.1,0.2,0.6,0.5,0.21212971,49925,0.0356903923074223
0.3,0.2,0.6,0.1,0.21214199,49925,0.037808827360800795
0.7,0.5,0.8,0.9,0.21214241,49925,0.03500413009752296
0.2,0.3,0.9,0.6,0.21215734,49925,0.03635989115976613
0.5,0.4,0.6,0.9,0.21215785,49925,0.03432959272340434
0.9,0.4,0.4,0.2,0.21216136,49925,0.03483909680852929
0.5,0.4,0.4,0.9,0.21217448,49925,0.03357503717653679
0.2,0.2,0.3,0.6,0.21218076,49925,0.03339269588375284
0.6,0.4,0.2,0.9,0.21220282,49925,0.0320838505626304
0.7,0.5,0.5,0.9,0.21220714,49925,0.034113728029759614
0.9,0.5,0.3,0.6,0.21221659,49925,0.03366145967486667
0.5,0.4,0.5,0.9,0.21227092,49925,0.03397771465591387
0.8,0.5,0.3,0.8,0.21228862,49925,0.03337670129164149
0.3,0.3,0.3,0.9,0.21229914,49925,0.032646346983894424
0.2,0.2,0.2,0.6,0.21229914,49925,0.03264634698389442
0.1,0.1,0.1,0.3,0.21229914,49925,0.03264634698389442
0.4,0.3,0.7,0.5,0.21231744,49925,0.036089353007828374
0.6,0.3,0.8,0.1,0.21232031,49925,0.03736433837721817
0.3,0.3,0.9,0.4,0.2123305,49925,0.03712209223334684
0.5,0.3,0.6,0.4,0.21237037,49925,0.03593545802114398
0.7,0.4,0.6,0.5,0.21237865,49925,0.03528084438613629
0.5,0.3,0.2,0.4,0.2123808,49925,0.03382582318384212
0.3,0.3,0.5,0.9,0.2124021,49925,0.0336158688701502
0.7,0.4,0.5,0.5,0.21241722,49925,0.034923145181291866
0.9,0.5,0.7,0.6,0.21243557,49925,0.03514988929996481
0.5,0.4,0.3,0.9,0.21244666,49925,0.033145091995066024
0.9,0.4,0.7,0.2,0.21245056,49925,0.03599924180391782
0.3,0.3,0.7,0.8,0.21245766,49925,0.034841430312922375
0.5,0.3,0.3,0.4,0.21245858,49925,0.03447472956022298
0.4,0.3,0.5,0.6,0.21247122,49925,0.03487118701778498
0.2,0.3,0.8,0.9,0.21250816,49925,0.03472987645213667
0.5,0.4,0.9,0.8,0.21257484,49925,0.03560853652006821
0.9,0.5,0.9,0.6,0.21263838,49925,0.035716384691013216
0.6,0.3,0.7,0.2,0.2126975,49925,0.03675450405897652
0.9,0.5,0.8,0.6,0.21271347,49925,0.03544680222077124
0.5,0.3,0.9,0.1,0.21272221,49925,0.03785172715846732
0.4,0.3,0.8,0.4,0.21272618,49925,0.036774604750857254
0.9,0.4,0.1,0.7,0.21272859,49925,0.029815076633845607
0.9,0.4,0.2,0.4,0.2127319,49925,0.03291286440065875
0.7,0.3,0.6,0.1,0.21278788,49925,0.03642024987251384
0.4,0.2,0.5,0.1,0.2128046,49925,0.03706848910045659
0.5,0.4,0.7,0.9,0.21283899,49925,0.034663169141420175
0.6,0.4,0.5,0.7,0.2128438,49925,0.0345144665700786
0.6,0.4,0.9,0.6,0.21284828,49925,0.03613481021600705
0.9,0.5,0.6,0.6,0.21286166,49925,0.03486831601424274
0.7,0.4,0.4,0.5,0.21288553,49925,0.03451842591880917
0.7,0.4,0.2,0.7,0.21289906,49925,0.03255327204730988
0.4,0.3,0.6,0.6,0.21292429,49925,0.0352849614268017
0.1,0.1,0.2,0.3,0.21294191,49925,0.0340544658478329
0.3,0.3,0.6,0.9,0.21294191,49925,0.0340544658478329
0.2,0.2,0.4,0.6,0.21294191,49925,0.0340544658478329
0.9,0.4,0.3,0.2,0.2129457,49925,0.034363417666372395
0.7,0.4,0.8,0.5,0.21300259,49925,0.03596638477754086
0.5,0.4,0.8,0.9,0.21300322,49925,0.03499318157695195
0.6,0.4,0.3,0.7,0.2130414,49925,0.03367887891159762
0.8,0.4,0.9,0.3,0.21304835,49925,0.03659075278597849
0.9,0.4,0.8,0.2,0.21305406,49925,0.036332214976064044
0.2,0.2,0.5,0.5,0.21306202,49925,0.03524697496408126
0.6,0.4,0.6,0.7,0.21307708,49925,0.034880436943117175
0.9,0.5,0.5,0.6,0.21314242,49925,0.03454409145635848
0.3,0.2,0.1,0.5,0.21316254,49925,0.03174733804520162
0.8,0.5,0.6,0.8,0.21320617,49925,0.03456951939956332
0.6,0.4,0.7,0.7,0.21324286,49925,0.03522383819214573
0.2,0.2,0.6,0.3,0.21325596,49925,0.03691288327421095
0.8,0.5,0.7,0.8,0.21325757,49925,0.034855301096952104
0.2,0.3,0.9,0.7,0.21326733,49925,0.03591246398784467
0.5,0.3,0.1,0.8,0.21330477,49925,0.03009198797719213
0.7,0.4,0.3,0.5,0.21334532,49925,0.03406623220645524
0.8,0.4,0.5,0.4,0.21341825,49925,0.034986551262483644
0.4,0.3,0.2,0.7,0.21344665,49925,0.03281764275752157
0.8,0.4,0.6,0.4,0.21345669,49925,0.035356657530107326
0.4,0.2,0.3,0.2,0.21345669,49925,0.035356657530107326
0.9,0.5,0.4,0.6,0.21348871,49925,0.034185555176559614
0.8,0.4,0.7,0.4,0.21357651,49925,0.03570818435960635
0.6,0.3,0.4,0.3,0.21359396,49925,0.03511149109363859
0.8,0.5,0.3,0.9,0.21361043,49925,0.03313461400681603
0.6,0.3,0.1,0.6,0.21361715,49925,0.03065721454920892
0.8,0.5,0.9,0.8,0.21364072,49925,0.03541993273388877
0.9,0.5,0.3,0.7,0.21364763,49925,0.03344308677587251
0.6,0.4,0.4,0.7,0.21366426,49925,0.034137946240752226
0.6,0.3,0.5,0.3,0.21367496,49925,0.03558978587934663
0.8,0.4,0.1,0.9,0.21368662,49925,0.029539314961841874
0.1,0.2,0.7,0.2,0.2137199,49925,0.03803864516976534
0.8,0.5,0.8,0.8,0.2137396,49925,0.03514403836798743
0.5,0.4,0.9,0.9,0.21376449,49925,0.03528316246336862
0.6,0.4,0.8,0.7,0.21377829,49925,0.03553835014660458
0.1,0.2,0.6,0.6,0.21383062,49925,0.03503452805955611
0.4,0.2,0.1,0.3,0.21383205,49925,0.03262660549551011
0.8,0.4,0.2,0.6,0.21383205,49925,0.03262660549551011
0.8,0.5,0.4,0.8,0.21393467,49925,0.03390001416410057
0.9,0.4,0.9,0.2,0.2139465,49925,0.036622636528575246
0.8,0.4,0.8,0.4,0.21398398,49925,0.036038762550000644
0.6,0.3,0.6,0.3,0.21398398,49925,0.03603876255000064
0.2,0.1,0.2,0.1,0.21398398,49925,0.036038762550000644
0.4,0.2,0.4,0.2,0.21398398,49925,0.036038762550000644
0.4,0.3,0.9,0.3,0.2139982,49925,0.037392987625260006
0.1,0.2,0.5,0.9,0.2140027,49925,0.03275298218207512
0.4,0.3,0.7,0.6,0.21405327,49925,0.035668601867942726
0.3,0.3,0.7,0.9,0.21409848,49925,0.03442922426367123
0.9,0.4,0.5,0.3,0.21412288,49925,0.03503394512453973
0.3,0.3,0.9,0.5,0.21419074,49925,0.036713664000682884
0.8,0.5,0.5,0.8,0.21419168,49925,0.03424064644517575
0.4,0.3,0.4,0.7,0.2142037,49925,0.033989649434491266
0.5,0.3,0.8,0.3,0.2142311,49925,0.036971398379280984
0.3,0.3,0.8,0.7,0.21427514,49925,0.035604987542208935
0.7,0.4,0.9,0.5,0.21430683,49925,0.03626339361092622
0.7,0.4,0.2,0.8,0.21434253,49925,0.03225513302172651
0.6,0.3,0.2,0.3,0.21434364,49925,0.033924869144572066
0.7,0.3,0.7,0.1,0.21434417,49925,0.03680595692355174
0.4,0.2,0.2,0.2,0.21438596,49925,0.03460955491600377
0.8,0.4,0.4,0.4,0.21438596,49925,0.03460955491600377
0.2,0.1,0.1,0.1,0.21438596,49925,0.03460955491600377
0.6,0.3,0.3,0.3,0.21438596,49925,0.03460955491600377
0.2,0.2,0.3,0.7,0.21441703,49925,0.03280445170464332
0.6,0.4,0.9,0.7,0.21448381,49925,0.035821819164116864
0.5,0.3,0.2,0.5,0.21456039,49925,0.03348121199976504
0.4,0.3,0.3,0.7,0.21463141,49925,0.03348311748859229
0.9,0.5,0.9,0.7,0.21465018,49925,0.03551006233669488
0.6,0.4,0.6,0.8,0.21466038,49925,0.03458814378051078
0.3,0.2,0.3,0.4,0.21466038,49925,0.03458814378051078
0.7,0.3,0.4,0.2,0.21467209,49925,0.03515183545830572
0.7,0.3,0.1,0.5,0.21468976,49925,0.030692217185090544
0.4,0.3,0.5,0.7,0.21471325,49925,0.03444325615888707
0.9,0.4,0.6,0.3,0.21472025,49925,0.03540999439006848
0.9,0.5,0.6,0.7,0.21472184,49925,0.03465815156093484
0.5,0.3,0.7,0.4,0.21475525,49925,0.03631287355894395
0.7,0.4,0.6,0.6,0.21477212,49925,0.035022549726374565
0.8,0.4,0.3,0.4,0.21480799,49925,0.03414122861616705
0.2,0.3,0.9,0.8,0.21481088,49925,0.03546980833521013
0.9,0.5,0.7,0.7,0.21481183,49925,0.03496821217871928
0.7,0.4,0.5,0.6,0.21481815,49925,0.034668280709528654
0.8,0.5,0.7,0.9,0.21485662,49925,0.03463762818522611
0.5,0.3,0.4,0.5,0.21485844,49925,0.034665006300225155
0.9,0.5,0.8,0.7,0.2149027,49925,0.03522953350476575
0.9,0.3,0.1,0.3,0.21490422,49925,0.030498291689669065
0.3,0.2,0.5,0.3,0.214941,49925,0.03637338204598244
0.9,0.4,0.7,0.3,0.21498913,49925,0.035759222777560835
0.7,0.4,0.7,0.6,0.21499938,49925,0.035367169985132695
0.2,0.2,0.7,0.1,0.21500784,49925,0.03833215572727282
0.9,0.4,0.2,0.5,0.21504408,49925,0.03266209089100443
0.6,0.4,0.3,0.8,0.21504955,49925,0.033384063798741266
0.9,0.5,0.3,0.8,0.21507266,49925,0.03322953334164507
0.2,0.2,0.2,0.7,0.21507853,49925,0.03206705222429325
0.4,0.3,0.8,0.5,0.21514538,49925,0.036384359382354625
0.5,0.3,0.1,0.9,0.21516821,49925,0.029707697635177274
0.6,0.4,0.7,0.8,0.21517216,49925,0.03492918871646416
0.5,0.3,0.5,0.5,0.21518397,49925,0.03512627092238647
0.4,0.3,0.6,0.7,0.21520329,49925,0.03486497334357471
0.7,0.4,0.8,0.6,0.21525222,49925,0.03569808444286296
0.8,0.5,0.8,0.9,0.2152724,49925,0.03492329620381243
0.7,0.3,0.5,0.2,0.21530536,49925,0.03564664382466683
0.6,0.4,0.5,0.8,0.21533798,49925,0.0342249024933717
0.3,0.2,0.1,0.6,0.21533942,49925,0.031099695556677506
0.9,0.4,0.1,0.8,0.21535687,49925,0.029610349352412895
0.9,0.4,0.8,0.3,0.21536055,49925,0.036090116404845246
0.2,0.2,0.5,0.6,0.21537079,49925,0.034607404918131676
0.5,0.3,0.9,0.2,0.21538551,49925,0.03752589782928798
0.8,0.5,0.9,0.9,0.21544519,49925,0.035190233375229425
0.4,0.3,0.2,0.8,0.21545386,49925,0.03241825066544927
0.6,0.4,0.4,0.8,0.21548957,49925,0.03386359809097389
0.3,0.2,0.2,0.4,0.21548957,49925,0.03386359809097389
0.3,0.3,0.8,0.8,0.21549132,49925,0.03518285163489594
0.6,0.3,0.8,0.2,0.21550052,49925,0.03705912288318052
0.7,0.4,0.3,0.6,0.21551827,49925,0.0338227048368267
0.3,0.2,0.4,0.4,0.21552014,49925,0.03523453511520019
0.6,0.4,0.8,0.8,0.21552014,49925,0.03523453511520019
0.7,0.3,0.2,0.2,0.21553233,49925,0.03394182406133646
0.8,0.5,0.6,0.9,0.21554688,49925,0.03435455597550208
0.8,0.3,0.1,0.4,0.21558112,49925,0.03064902909185125
0.8,0.4,0.9,0.4,0.21558452,49925,0.036338654518289826
0.8,0.4,0.2,0.7,0.21562627,49925,0.032342090590159564
0.5,0.3,0.6,0.5,0.21564262,49925,0.035558893183091765
0.9,0.5,0.4,0.7,0.2156564,49925,0.034008737127762506
0.2,0.2,0.4,0.7,0.21569325,49925,0.03345636879945435
0.9,0.4,0.4,0.3,0.21573395,49925,0.03463997986315232
0.8,0.5,0.4,0.9,0.21576464,49925,0.033698675105202275
0.6,0.3,0.7,0.3,0.21577154,49925,0.036422719829157964
0.5,0.2,0.1,0.2,0.2157923,49925,0.0326293436293709
0.7,0.4,0.2,0.9,0.21582586,49925,0.03193152700643748
0.3,0.3,0.9,0.6,0.21588989,49925,0.03629143017812789
0.1,0.1,0.3,0.2,0.21588989,49925,0.03629143017812789
0.2,0.2,0.6,0.4,0.21588989,49925,0.03629143017812789
0.4,0.3,0.7,0.7,0.21595937,49925,0.0352555073806891
0.5,0.2,0.3,0.1,0.2159642,49925,0.03540768555115369
0.6,0.3,0.1,0.7,0.21598934,49925,0.030301165337586776
0.7,0.3,0.6,0.2,0.21599531,49925,0.03609655211907258
0.9,0.5,0.5,0.7,0.21601537,49925,0.03434677505776596
0.8,0.5,0.5,0.9,0.21601811,49925,0.03404918863749898
0.3,0.2,0.6,0.2,0.21604311,49925,0.03730239206480974
0.1,0.2,0.7,0.3,0.21604672,49925,0.037385176448911796
0.6,0.4,0.9,0.8,0.21606883,49925,0.0355196887209767
0.7,0.4,0.4,0.6,0.21609733,49925,0.034264627303016916
0.1,0.2,0.6,0.7,0.2161074,49925,0.034420721476320464
0.7,0.3,0.3,0.2,0.21610792,49925,0.03464073057960828
0.9,0.4,0.3,0.3,0.21615767,49925,0.03417999400278935
0.7,0.4,0.9,0.6,0.21616796,49925,0.03598321671509512
0.4,0.3,0.9,0.4,0.21619299,49925,0.03701308921670669
0.8,0.4,0.7,0.5,0.21621609,49925,0.03546253491677019
0.9,0.5,0.3,0.9,0.21624178,49925,0.03301337065395973
0.4,0.3,0.5,0.8,0.2162719,49925,0.034059031772746565
0.5,0.3,0.3,0.5,0.21628055,49925,0.03414512676793674
0.9,0.5,0.7,0.8,0.21630533,49925,0.034755378823253816
0.8,0.4,0.6,0.5,0.21631232,49925,0.035113120596655945
0.6,0.2,0.1,0.1,0.21632667,49925,0.032463685291279805
0.2,0.3,0.9,0.9,0.21635205,49925,0.03504978288286987
0.9,0.5,0.8,0.8,0.21644068,49925,0.0350333288503287
0.6,0.3,0.9,0.1,0.2164517,49925,0.03760441956786112
0.9,0.5,0.9,0.8,0.2164979,49925,0.03530968525017542
0.9,0.4,0.9,0.3,0.21650459,49925,0.036389831125936516
0.8,0.3,0.4,0.1,0.21654809,49925,0.03515763688034732
0.5,0.2,0.4,0.1,0.21656263,49925,0.036110710495423276
0.8,0.3,0.2,0.1,0.21657789,49925,0.03391303897378726
0.4,0.3,0.4,0.8,0.21657863,49925,0.03359550471000373
0.9,0.4,0.2,0.6,0.21660255,49925,0.0323779265272204
0.7,0.4,0.6,0.7,0.21662718,49925,0.03477046608022294
0.8,0.4,0.8,0.5,0.21662933,49925,0.03577734822723819
0.5,0.3,0.7,0.5,0.21666852,49925,0.03592988639933575
0.6,0.4,0.6,0.9,0.21670577,49925,0.03430025894807401
0.8,0.4,0.5,0.5,0.2167151,49925,0.034764165560974246
0.7,0.3,0.7,0.2,0.21677884,49925,0.03648150999052433
0.6,0.4,0.3,0.9,0.21678482,49925,0.03312574219010603
0.4,0.3,0.2,0.9,0.2168473,49925,0.03199471090408439
0.6,0.3,0.2,0.4,0.21687561,49925,0.03359521046191678
0.4,0.3,0.8,0.6,0.21687599,49925,0.035978271517113504
0.7,0.3,0.8,0.1,0.21689859,49925,0.03710205565200384
0.8,0.3,0.5,0.1,0.2169294,49925,0.035665372018035255
0.5,0.3,0.2,0.6,0.21694523,49925,0.03311015591697001
0.5,0.2,0.2,0.1,0.2169466,49925,0.03463908820106287
0.6,0.4,0.7,0.9,0.21695143,49925,0.03463058895042302
0.3,0.3,0.8,0.9,0.21695462,49925,0.03478502339503306
0.9,0.5,0.6,0.8,0.21698454,49925,0.0344642659112211
0.6,0.4,0.5,0.9,0.21698794,49925,0.03394977571147821
0.4,0.3,0.6,0.8,0.2170679,49925,0.03446227297626432
0.9,0.4,0.1,0.9,0.2171154,49925,0.029379846168468456
0.3,0.2,0.1,0.7,0.2171238,49925,0.030481781687728048
0.2,0.2,0.3,0.8,0.2171425,49925,0.0322500276698681
0.4,0.3,0.3,0.8,0.21722296,49925,0.033116791540619445
0.8,0.4,0.9,0.5,0.21728183,49925,0.03607524471045711
0.8,0.3,0.6,0.1,0.21734393,49925,0.036125191229588655
0.6,0.3,0.6,0.4,0.21737112,49925,0.035695598815298414
0.5,0.3,0.5,0.6,0.21737856,49925,0.03476060170076558
0.7,0.3,0.1,0.6,0.2173791,49925,0.030384198789492868
0.6,0.3,0.5,0.4,0.21739009,49925,0.03527279024378329
0.4,0.2,0.5,0.2,0.2173937,49925,0.03658677693588205
0.8,0.4,0.4,0.5,0.2174339,49925,0.03438137295954578
0.7,0.4,0.7,0.7,0.21745327,49925,0.03510551838257648
0.1,0.2,0.6,0.8,0.21745777,49925,0.03383935325421594
0.4,0.2,0.1,0.4,0.21746561,49925,0.032061761521645735
0.8,0.4,0.2,0.8,0.21746561,49925,0.032061761521645735
0.9,0.4,0.8,0.4,0.21746588,49925,0.03583745758961498
0.6,0.4,0.4,0.9,0.21748963,49925,0.03356885074779413
0.9,0.4,0.6,0.4,0.21752529,49925,0.0351720117076877
0.7,0.4,0.5,0.7,0.21757321,49925,0.03442268514164678
0.6,0.3,0.4,0.4,0.2176319,49925,0.03480745653781211
0.9,0.4,0.7,0.4,0.21763536,49925,0.03551174559856241
0.4,0.2,0.6,0.1,0.21763787,49925,0.03745481926345701
0.5,0.3,0.8,0.4,0.21765544,49925,0.036612366168422214
0.8,0.4,0.3,0.5,0.21767133,49925,0.033911545411789305
0.5,0.3,0.4,0.6,0.21767709,49925,0.03430037492735348
0.9,0.4,0.5,0.4,0.21770163,49925,0.03482281060146549
0.9,0.5,0.4,0.8,0.21771038,49925,0.03381330882800559
0.6,0.4,0.9,0.9,0.21773735,49925,0.03520606047337581
0.2,0.2,0.2,0.8,0.21775499,49925,0.031509581251943086
0.1,0.1,0.1,0.4,0.21775499,49925,0.031509581251943086
0.6,0.4,0.8,0.9,0.21778801,49925,0.034942232050127184
0.9,0.5,0.5,0.8,0.21781206,49925,0.0341451839518291
0.7,0.4,0.8,0.7,0.21781689,49925,0.03542230959691564
0.3,0.2,0.5,0.4,0.21785761,49925,0.03578184630147066
0.3,0.3,0.9,0.7,0.21786197,49925,0.03587709567741181
0.5,0.3,0.9,0.3,0.21788609,49925,0.03720153279352075
0.3,0.2,0.3,0.5,0.21789727,49925,0.03401815753781616
0.8,0.3,0.3,0.1,0.21800737,49925,0.03463552591899361
0.9,0.5,0.7,0.9,0.21801016,49925,0.03456608257050325
0.7,0.4,0.3,0.7,0.21801633,49925,0.03358312222673222
0.2,0.2,0.5,0.7,0.21802467,49925,0.03403134063886256
0.9,0.4,0.2,0.7,0.2180511,49925,0.03211806702873864
0.1,0.2,0.7,0.4,0.21806306,49925,0.036760017632339166
0.6,0.3,0.1,0.8,0.21806346,49925,0.029942551028518886
0.4,0.3,0.7,0.8,0.21812354,49925,0.03485545830797467
0.2,0.2,0.4,0.8,0.2181632,49925,0.03291244998628405
0.1,0.1,0.2,0.4,0.2181632,49925,0.03291244998628405
0.9,0.5,0.8,0.9,0.21816932,49925,0.034830634489267286
0.6,0.3,0.3,0.4,0.21824542,49925,0.03430379226074177
0.4,0.3,0.5,0.9,0.21826096,49925,0.0336799005553594
0.7,0.4,0.4,0.7,0.21826705,49925,0.03403651930116514
0.7,0.4,0.9,0.7,0.21828352,49925,0.03571147122420104
0.2,0.2,0.7,0.2,0.21829681,49925,0.03778912636488772
0.8,0.4,0.2,0.9,0.2183545,49925,0.031759978356075316
0.9,0.4,0.9,0.4,0.21840611,49925,0.036147478855486304
0.5,0.3,0.6,0.6,0.21844307,49925,0.035181563381905805
0.8,0.4,0.7,0.6,0.21844536,49925,0.035214886959672384
0.9,0.5,0.9,0.9,0.2184748,49925,0.0350949296614861
0.4,0.3,0.4,0.9,0.21848659,49925,0.03323216093461018
0.7,0.3,0.4,0.3,0.21850799,49925,0.03487422959824065
0.9,0.4,0.3,0.4,0.21851662,49925,0.03395299081531763
0.4,0.3,0.9,0.5,0.21856934,49925,0.03661659639817002
0.3,0.2,0.1,0.8,0.21859828,49925,0.029894961860841285
0.5,0.3,0.3,0.6,0.2186026,49925,0.033814032786147995
0.1,0.2,0.8,0.1,0.21862084,49925,0.03885341174698224
0.7,0.4,0.6,0.8,0.21863371,49925,0.03450885302255717
0.8,0.3,0.1,0.5,0.21865565,49925,0.030393818797304267
0.7,0.3,0.2,0.3,0.21868439,49925,0.03364875241073325
0.2,0.2,0.6,0.5,0.21868783,49925,0.03566958665607834
0.6,0.3,0.9,0.2,0.21872154,49925,0.03730657792258244
0.4,0.3,0.6,0.9,0.21879701,49925,0.03407827731084051
0.1,0.2,0.6,0.9,0.2188301,49925,0.03329916375263165
0.9,0.4,0.4,0.4,0.21885327,49925,0.0344289812452722
0.4,0.2,0.3,0.3,0.21885368,49925,0.034892708005003756
0.8,0.4,0.6,0.6,0.21885368,49925,0.034892708005003756
0.7,0.3,0.6,0.3,0.21885619,49925,0.03577822409971333
0.8,0.4,0.8,0.6,0.21889433,49925,0.03552981112395434
0.4,0.2,0.4,0.3,0.21889433,49925,0.03552981112395434
0.5,0.3,0.2,0.7,0.21890104,49925,0.03272840211451666
0.6,0.3,0.7,0.4,0.21896043,49925,0.03608608809766392
0.4,0.3,0.8,0.7,0.21896264,49925,0.035583520654786656
0.3,0.2,0.4,0.5,0.218998,49925,0.034639938914522786
0.9,0.3,0.1,0.4,0.21900989,49925,0.030312889132504357
0.9,0.5,0.6,0.9,0.21901307,49925,0.03427528994328511
0.8,0.3,0.7,0.1,0.2190142,49925,0.0365108806815176
0.3,0.3,0.9,0.8,0.2190754,49925,0.03546314137851905
0.8,0.4,0.5,0.6,0.21907923,49925,0.03453272519672287
0.3,0.2,0.2,0.5,0.21910289,49925,0.03329131282971898
0.7,0.3,0.5,0.3,0.21912394,49925,0.03533545498106443
0.7,0.4,0.5,0.8,0.21915689,49925,0.034159140412798106
0.1,0.2,0.7,0.5,0.21919902,49925,0.03610261995632882
0.7,0.4,0.7,0.8,0.21923637,49925,0.03484555180235382
0.5,0.2,0.1,0.3,0.2192666,49925,0.03213772601588691
0.6,0.3,0.8,0.3,0.2192975,49925,0.03673631231599504
0.3,0.2,0.7,0.1,0.21930547,49925,0.03804793698701752
0.8,0.4,0.3,0.6,0.21938601,49925,0.03368517689351351
0.9,0.5,0.4,0.9,0.21946123,49925,0.03362266782695664
0.4,0.3,0.3,0.9,0.21949942,49925,0.0327471664505473
0.2,0.2,0.3,0.9,0.21953194,49925,0.03174791923580184
0.9,0.5,0.5,0.9,0.21958709,49925,0.03396876039260034
0.5,0.2,0.5,0.1,0.21959107,49925,0.03666847296912711
0.5,0.3,0.7,0.6,0.21961045,49925,0.03554800872096072
0.6,0.3,0.2,0.5,0.21964057,49925,0.03327970518916109
0.4,0.2,0.1,0.5,0.2196469,49925,0.03147099810416097
0.8,0.3,0.2,0.2,0.21965286,49925,0.0336380458493846
0.4,0.3,0.7,0.9,0.21965715,49925,0.03446036836064353
0.7,0.4,0.3,0.8,0.21966359,49925,0.03331488460504862
0.7,0.3,0.9,0.1,0.21968094,49925,0.03734544662417932
0.5,0.3,0.8,0.5,0.21969432,49925,0.03624710041630742
0.3,0.2,0.6,0.3,0.21971837,49925,0.03675699011468101
0.7,0.4,0.8,0.8,0.21973428,49925,0.03515152673488131
0.8,0.4,0.4,0.6,0.21975772,49925,0.03415807446915646
0.4,0.2,0.2,0.3,0.21975772,49925,0.03415807446915646
0.5,0.3,0.4,0.7,0.21977378,49925,0.033944600241928746
0.7,0.3,0.1,0.7,0.21983707,49925,0.03009225136577124
0.6,0.3,0.1,0.9,0.21988028,49925,0.029607416638948548
0.1,0.2,0.7,0.6,0.21991646,49925,0.03545917118108901
0.9,0.4,0.7,0.5,0.21992871,49925,0.03527704797079944
0.7,0.4,0.4,0.8,0.21997777,49925,0.03379144190153594
0.9,0.4,0.8,0.5,0.21998495,49925,0.03559804823631056
0.8,0.4,0.9,0.6,0.21998566,49925,0.035819042012592645
0.2,0.2,0.2,0.9,0.21999061,49925,0.030997765713335033
0.9,0.4,0.2,0.8,0.22004163,49925,0.03185019117346216
0.8,0.3,0.4,0.2,0.22014508,49925,0.034914433650967164
0.9,0.4,0.6,0.5,0.22016391,49925,0.034945232677004646
0.5,0.3,0.5,0.7,0.22019422,49925,0.03439374967975972
0.2,0.2,0.5,0.8,0.22024655,49925,0.03349581737611953
0.6,0.3,0.5,0.5,0.22028235,49925,0.034944940471403285
0.7,0.3,0.8,0.2,0.22031786,49925,0.03678588392377424
0.2,0.2,0.4,0.9,0.22032878,49925,0.03239958376796848
0.6,0.3,0.4,0.5,0.22033939,49925,0.03449128802251094
0.7,0.3,0.3,0.3,0.22035384,49925,0.03437351796520893
0.4,0.3,0.9,0.6,0.22042304,49925,0.03621927198904926
0.4,0.3,0.8,0.8,0.22042501,49925,0.03517895230467288
0.7,0.3,0.7,0.3,0.2204408,49925,0.03617999180138842
0.3,0.3,0.9,0.9,0.22044474,49925,0.03507407794021542
0.1,0.1,0.3,0.3,0.22044474,49925,0.03507407794021542
0.2,0.2,0.6,0.6,0.22044474,49925,0.03507407794021542
0.7,0.4,0.9,0.8,0.22044888,49925,0.0354313609305323
0.7,0.4,0.6,0.9,0.22045851,49925,0.03424724039728857
0.2,0.2,0.7,0.3,0.22054479,49925,0.03720003221732677
0.8,0.3,0.5,0.2,0.22054824,49925,0.03538062166201606
0.3,0.2,0.1,0.9,0.22057237,49925,0.029366396678834904
0.9,0.4,0.5,0.5,0.22061864,49925,0.03460049974726865
0.6,0.3,0.6,0.5,0.2206521,49925,0.035370474224432936
0.6,0.2,0.1,0.2,0.22072227,49925,0.03206053824976642
0.5,0.3,0.9,0.4,0.22076783,49925,0.03685508820543039
0.3,0.2,0.5,0.5,0.22081801,49925,0.03519536250947763
0.5,0.3,0.6,0.7,0.2208371,49925,0.03480388555878482
0.5,0.3,0.2,0.8,0.22087228,49925,0.032342972399079836
0.7,0.4,0.5,0.9,0.22089952,49925,0.03390132101949915
0.7,0.2,0.1,0.1,0.2209177,49925,0.0318094580464025
0.8,0.4,0.7,0.7,0.22093002,49925,0.0349685591944056
0.8,0.4,0.6,0.7,0.22100225,49925,0.03464549118776893
0.1,0.2,0.7,0.7,0.22106767,49925,0.034854604129284567
0.5,0.3,0.3,0.7,0.22109112,49925,0.03346314228226418
0.3,0.2,0.3,0.6,0.22109671,49925,0.03347204128229367
0.8,0.3,0.6,0.2,0.22110152,49925,0.035827739401103696
0.5,0.2,0.3,0.2,0.22111762,49925,0.03499319410724301
0.9,0.4,0.4,0.5,0.22119632,49925,0.03422860765871698
0.7,0.4,0.3,0.9,0.2212109,49925,0.03303956078338571
0.7,0.4,0.7,0.9,0.22125046,49925,0.03456552598643748
0.8,0.4,0.5,0.7,0.22125566,49925,0.03429835880175108
0.9,0.3,0.2,0.1,0.2212778,49925,0.0335694758166169
0.9,0.4,0.3,0.5,0.22127888,49925,0.03373502819954575
0.9,0.4,0.9,0.5,0.22131366,49925,0.03588727444518621
0.7,0.4,0.8,0.9,0.22132485,49925,0.03486960004677245
0.8,0.4,0.8,0.7,0.22134411,49925,0.035290378821195865
0.1,0.2,0.8,0.2,0.22138777,49925,0.03825405882608328
0.5,0.3,0.7,0.7,0.22143435,49925,0.035163056197045045
0.7,0.3,0.2,0.4,0.22145975,49925,0.03335097394920082
0.1,0.1,0.1,0.5,0.2215288,49925,0.03051023513152586
0.4,0.2,0.5,0.3,0.22153024,49925,0.03609824517307151
0.6,0.3,0.3,0.5,0.22153085,49925,0.03400857881318722
0.5,0.2,0.4,0.2,0.22155687,49925,0.03565248424920373
0.4,0.3,0.9,0.7,0.22161233,49925,0.03583186102594899
0.8,0.4,0.3,0.7,0.22162727,49925,0.03345492359101215
0.6,0.3,0.8,0.4,0.22167116,49925,0.03641507687983497
0.7,0.4,0.4,0.9,0.22167698,49925,0.033519683376853585
0.5,0.3,0.8,0.6,0.22168115,49925,0.035880049540293356
0.9,0.4,0.2,0.9,0.22168985,49925,0.031581637954241494
0.7,0.3,0.6,0.4,0.22170772,49925,0.03545866666234476
0.3,0.2,0.4,0.6,0.2217448,49925,0.03407737655079217
0.4,0.2,0.6,0.2,0.22176391,49925,0.03699903298450005
0.6,0.3,0.9,0.3,0.22176391,49925,0.03699903298450005
0.2,0.1,0.3,0.1,0.22176391,49925,0.03699903298450005
0.8,0.3,0.3,0.2,0.2217663,49925,0.03439609455202109
0.3,0.2,0.7,0.2,0.22181773,49925,0.037561561882831856
0.6,0.3,0.2,0.6,0.22182488,49925,0.032935107777377015
0.8,0.3,0.1,0.6,0.22182734,49925,0.0301286489606909
0.8,0.3,0.8,0.1,0.22183093,49925,0.036822134149994516
0.8,0.3,0.7,0.2,0.22187795,49925,0.03621623064797857
0.4,0.3,0.8,0.9,0.22195235,49925,0.034795182499526615
0.7,0.4,0.9,0.9,0.22195816,49925,0.0351574675163549
0.7,0.3,0.1,0.8,0.22198781,49925,0.02978379473841565
0.7,0.3,0.5,0.4,0.22201204,49925,0.03504715894957236
0.3,0.2,0.6,0.4,0.22202422,49925,0.03617854686362679
0.8,0.4,0.4,0.7,0.22202903,49925,0.03392858135794377
0.6,0.3,0.7,0.5,0.22209013,49925,0.03574998686775447
0.9,0.4,0.7,0.6,0.22212045,49925,0.03507544453978763
0.2,0.2,0.8,0.1,0.22212076,49925,0.03848200242472852
0.4,0.2,0.1,0.6,0.2221233,49925,0.030897476526374864
0.9,0.4,0.8,0.6,0.22213407,49925,0.035369721377845546
0.9,0.3,0.5,0.1,0.22213832,49925,0.03537792833154678
0.9,0.3,0.4,0.1,0.22217199,49925,0.03490246384096879
0.2,0.2,0.5,0.9,0.22219774,49925,0.032992050806967974
0.2,0.2,0.6,0.7,0.22220366,49925,0.034521088840981526
0.5,0.3,0.2,0.9,0.22223736,49925,0.03195334682338196
0.1,0.1,0.2,0.5,0.22226447,49925,0.03190465280599175
0.1,0.2,0.7,0.8,0.22226575,49925,0.034268062622426515
0.8,0.4,0.9,0.7,0.22227684,49925,0.03557266803535507
0.9,0.3,0.6,0.1,0.22231781,49925,0.03582996292163676
0.7,0.3,0.4,0.4,0.22236764,49925,0.034593819786190416
0.2,0.2,0.7,0.4,0.22237405,49925,0.03662472077300983
0.9,0.3,0.1,0.5,0.22240463,49925,0.030090399068734182
0.5,0.2,0.1,0.4,0.22248624,49925,0.0316425135267106
0.5,0.3,0.5,0.8,0.22250788,49925,0.034030570941803756
0.8,0.3,0.2,0.3,0.22254035,49925,0.03336188540129555
0.5,0.3,0.4,0.8,0.2225542,49925,0.03359662098214843
0.1,0.2,0.8,0.3,0.2226072,49925,0.03763784514802141
0.7,0.3,0.9,0.2,0.22265534,49925,0.03704791382330845
0.9,0.4,0.6,0.6,0.22266343,49925,0.03472986990918645
0.3,0.2,0.2,0.6,0.22267748,49925,0.032767243229242765
0.5,0.3,0.9,0.5,0.22278787,49925,0.03649919217329438
0.4,0.2,0.7,0.1,0.22278798,49925,0.03772271706212205
0.5,0.2,0.2,0.2,0.22280434,49925,0.03425799501912718
0.5,0.3,0.6,0.8,0.22285841,49925,0.034429456139196325
0.6,0.3,0.4,0.6,0.22288486,49925,0.03418883742274394
0.9,0.4,0.5,0.6,0.22299486,49925,0.03438643519809842
0.7,0.3,0.8,0.3,0.22304069,49925,0.03649521252396116
0.4,0.3,0.9,0.8,0.22307983,49925,0.03545499186686663
0.9,0.4,0.3,0.6,0.22311658,49925,0.03351852185648461
0.4,0.2,0.3,0.4,0.22311893,49925,0.03441660122307105
0.8,0.4,0.6,0.8,0.22311893,49925,0.03441660122307105
0.5,0.2,0.6,0.1,0.22312132,49925,0.0370642890334781
0.5,0.3,0.3,0.8,0.22318146,49925,0.03311084037576874
0.8,0.4,0.3,0.8,0.2231825,49925,0.03320680868239446
0.3,0.2,0.5,0.6,0.22324558,49925,0.0346255943422046
0.6,0.3,0.5,0.6,0.22325206,49925,0.03462315128759662
0.1,0.2,0.7,0.9,0.22334614,49925,0.033733179520104156
0.8,0.3,0.5,0.3,0.22336659,49925,0.03511200764300384
0.2,0.1,0.2,0.2,0.22338307,49925,0.035040479537156784
0.4,0.2,0.4,0.4,0.22338307,49925,0.035040479537156784
0.6,0.3,0.6,0.6,0.22338307,49925,0.035040479537156784
0.8,0.4,0.8,0.8,0.22338307,49925,0.035040479537156784
0.7,0.3,0.3,0.4,0.22339097,49925,0.03411067463481948
0.9,0.3,0.3,0.1,0.22340487,49925,0.03438574168549739
0.8,0.4,0.7,0.8,0.22341567,49925,0.03473235580462408
0.6,0.3,0.2,0.7,0.2234444,49925,0.032574271994905264
0.6,0.2,0.3,0.1,0.2235096,49925,0.03500989020186737
0.8,0.3,0.4,0.3,0.22355112,49925,0.03464831278148764
0.5,0.3,0.8,0.7,0.22361243,49925,0.03550241912080738
0.9,0.3,0.7,0.1,0.22361451,49925,0.03623788108849777
0.7,0.3,0.7,0.4,0.22363481,49925,0.035838797746154116
0.9,0.4,0.9,0.6,0.22364993,49925,0.03564601873404395
0.5,0.3,0.7,0.8,0.22371599,49925,0.03479573365201353
0.5,0.2,0.5,0.2,0.22372134,49925,0.03623660434270717
0.8,0.3,0.6,0.3,0.223744,49925,0.035529125981320527
0.8,0.4,0.5,0.8,0.22374418,49925,0.03406473296310975
0.8,0.3,0.1,0.7,0.22377032,49925,0.029865897927291583
0.8,0.3,0.9,0.1,0.22378811,49925,0.03707655093883666
0.7,0.3,0.2,0.5,0.22380006,49925,0.033029375767510534
0.9,0.4,0.4,0.6,0.22383496,49925,0.03401800571427034
0.6,0.2,0.4,0.1,0.22384723,49925,0.03569556283203871
0.6,0.3,0.8,0.5,0.22386289,49925,0.03608433831550333
0.1,0.1,0.3,0.4,0.2238977,49925,0.03402336935818367
0.2,0.2,0.6,0.8,0.2238977,49925,0.03402336935818367
0.1,0.2,0.8,0.4,0.22395158,49925,0.037051102216764886
0.9,0.3,0.2,0.2,0.2240467,49925,0.03331848477047318
0.2,0.2,0.7,0.5,0.22412184,49925,0.036030970823508736
0.4,0.3,0.9,0.9,0.22415689,49925,0.03509382539576219
0.7,0.3,0.1,0.9,0.22415927,49925,0.029478534357861436
0.5,0.3,0.9,0.6,0.22416052,49925,0.03612795383953492
0.6,0.3,0.9,0.4,0.22418112,49925,0.036677128795351295
0.8,0.3,0.8,0.2,0.22419447,49925,0.036542560456658046
0.8,0.4,0.9,0.8,0.2242745,49925,0.03532661504241147
0.3,0.2,0.6,0.5,0.22428922,49925,0.035630927524105606
0.3,0.2,0.4,0.7,0.22432658,49925,0.03356256412478086
0.4,0.2,0.1,0.7,0.22433831,49925,0.03035083073322025
0.1,0.1,0.1,0.6,0.22443824,49925,0.029618863565801366
0.2,0.2,0.8,0.2,0.22446644,49925,0.037981587314263474
0.1,0.1,0.4,0.1,0.22446644,49925,0.037981587314263474
0.5,0.3,0.5,0.9,0.22450706,49925,0.0336737458430247
0.9,0.4,0.3,0.7,0.2245129,49925,0.0333050413631402
0.3,0.2,0.3,0.7,0.22452751,49925,0.03296251875355499
0.3,0.2,0.7,0.3,0.22459327,49925,0.03703434064898748
0.2,0.1,0.1,0.2,0.22460184,49925,0.03369979131134997
0.8,0.4,0.4,0.8,0.22460184,49925,0.03369979131134997
0.6,0.3,0.3,0.6,0.22460184,49925,0.03369979131134998
0.4,0.2,0.2,0.4,0.22460184,49925,0.03369979131134997
0.5,0.3,0.6,0.9,0.22461194,49925,0.03408231044365761
0.6,0.2,0.1,0.3,0.22466421,49925,0.03163216523385481
0.9,0.4,0.8,0.7,0.22466783,49925,0.0351291777875949
0.9,0.4,0.7,0.7,0.22467911,49925,0.034844149140000474
0.6,0.3,0.7,0.6,0.22470129,49925,0.035411845874372946
0.5,0.3,0.4,0.9,0.22471546,49925,0.03326252186154303
0.8,0.4,0.6,0.9,0.22473031,49925,0.03417340255343737
0.9,0.4,0.6,0.7,0.22475225,49925,0.03450687333684046
0.8,0.4,0.3,0.9,0.22476529,49925,0.032956241093990445
0.8,0.4,0.7,0.9,0.22493696,49925,0.0344709769161069
0.3,0.2,0.2,0.7,0.22494611,49925,0.03227077110054043
0.5,0.3,0.8,0.8,0.22495042,49925,0.03513901280499788
0.5,0.3,0.7,0.9,0.22496578,49925,0.03444243922354324
0.6,0.2,0.2,0.1,0.22500856,49925,0.03425756827723037
0.9,0.3,0.1,0.6,0.22505674,49925,0.029867617429376072
0.7,0.3,0.6,0.5,0.22513299,49925,0.03515768727209915
0.7,0.3,0.5,0.5,0.22516498,49925,0.03476776987718484
0.4,0.2,0.5,0.4,0.22520563,49925,0.03559351338013962
0.9,0.3,0.6,0.2,0.22521299,49925,0.03556847607146228
0.7,0.3,0.9,0.3,0.22524047,49925,0.03677880235595574
0.5,0.3,0.3,0.9,0.22525334,49925,0.032779571426944557
0.8,0.3,0.7,0.3,0.22525555,49925,0.035914761153796194
0.9,0.3,0.5,0.2,0.22525725,49925,0.035127804180779154
0.7,0.3,0.8,0.4,0.22525881,49925,0.03619833655342346
0.4,0.2,0.6,0.3,0.22530627,49925,0.03652542027829947
0.1,0.2,0.9,0.1,0.22536334,49925,0.0389977917741217
0.3,0.2,0.8,0.1,0.22537813,49925,0.03820310143483322
0.7,0.2,0.1,0.2,0.22537968,49925,0.031510909500258484
0.9,0.4,0.5,0.7,0.22538751,49925,0.034185574951657624
0.6,0.3,0.5,0.7,0.22540644,49925,0.03429096610386673
0.8,0.3,0.3,0.3,0.22541766,49925,0.03414362883837549
0.2,0.2,0.6,0.9,0.22542946,49925,0.033527515971176584
0.3,0.2,0.5,0.7,0.22546417,49925,0.034097509931669844
0.6,0.3,0.2,0.8,0.22548015,49925,0.032237375467615084
0.5,0.3,0.9,0.7,0.22550488,49925,0.03578330601425391
0.9,0.4,0.9,0.7,0.2255084,49925,0.035424145558412834
0.1,0.2,0.8,0.5,0.22554585,49925,0.03643357591374745
0.8,0.3,0.1,0.8,0.22558603,49925,0.029579499252099076
0.8,0.3,0.2,0.4,0.22558911,49925,0.03306831015816605
0.8,0.2,0.1,0.1,0.22562802,49925,0.031208971157342356
0.6,0.3,0.8,0.6,0.22563916,49925,0.03574213386330148
0.2,0.2,0.7,0.6,0.22567406,49925,0.03546109893601117
0.6,0.3,0.4,0.7,0.22571102,49925,0.03387185853605293
0.7,0.3,0.4,0.5,0.2257914,49925,0.03431890914359934
0.7,0.3,0.2,0.6,0.22581099,49925,0.032721526416903006
0.5,0.2,0.4,0.3,0.22584015,49925,0.03520510383099527
0.9,0.3,0.4,0.2,0.22585101,49925,0.03466341292850193
0.8,0.4,0.8,0.9,0.22585538,49925,0.03477210105219093
0.8,0.4,0.5,0.9,0.22593096,49925,0.03384121812692
0.9,0.3,0.8,0.1,0.22595847,49925,0.03656243895879711
0.6,0.3,0.9,0.5,0.22602388,49925,0.036363564445690784
0.5,0.2,0.3,0.3,0.22603026,49925,0.034577254128749096
0.8,0.4,0.9,0.9,0.22603755,49925,0.035073986784453295
0.5,0.2,0.1,0.5,0.2260794,49925,0.031156101684288836
0.6,0.2,0.5,0.1,0.22608623,49925,0.0362612249132155
0.1,0.1,0.2,0.6,0.22613342,49925,0.031034488639607557
0.7,0.3,0.7,0.5,0.22622308,49925,0.035540792983534165
0.1,0.2,0.8,0.6,0.2262668,49925,0.03581268979491063
0.4,0.2,0.1,0.8,0.22634134,49925,0.029839947613436894
0.5,0.3,0.8,0.9,0.22635698,49925,0.034780213706242485
0.4,0.2,0.7,0.2,0.22635758,49925,0.03728634288734773
0.3,0.2,0.6,0.6,0.22640197,49925,0.03509434065017195
0.9,0.4,0.3,0.8,0.22646448,49925,0.033083517655574664
0.6,0.3,0.6,0.7,0.22649558,49925,0.03469257334112618
0.8,0.3,0.9,0.2,0.22649741,49925,0.036812183159912304
0.3,0.2,0.7,0.4,0.22650233,49925,0.0365002960104104
0.9,0.4,0.4,0.7,0.22652484,49925,0.03381804213154265
0.6,0.3,0.7,0.7,0.22662029,49925,0.035074579062112914
0.8,0.3,0.5,0.4,0.22662616,49925,0.03483174376055738
0.9,0.3,0.7,0.2,0.22665274,49925,0.03595674695206144
0.9,0.3,0.2,0.3,0.22672528,49925,0.0330621644583316
0.2,0.2,0.8,0.3,0.22672828,49925,0.03742750855365135
0.8,0.4,0.4,0.9,0.22674474,49925,0.03344528940108202
0.4,0.2,0.3,0.5,0.22676727,49925,0.033924502865712525
0.7,0.3,0.3,0.5,0.22677237,49925,0.033838500746390617
0.3,0.2,0.3,0.8,0.22678262,49925,0.03246736503366904
0.8,0.3,0.6,0.4,0.22682366,49925,0.03522458885077643
0.8,0.3,0.8,0.3,0.22683409,49925,0.03627140207606625
0.9,0.4,0.6,0.8,0.22685635,49925,0.034306398149356
0.6,0.3,0.2,0.9,0.22687668,49925,0.03186150074955297
0.9,0.3,0.3,0.2,0.22690144,49925,0.034152111860047525
0.9,0.4,0.7,0.8,0.22694983,49925,0.03462165522287664
0.1,0.1,0.3,0.5,0.22699846,49925,0.03306755093101848
0.6,0.3,0.3,0.7,0.22712389,49925,0.03336609564136667
0.2,0.2,0.7,0.7,0.22713894,49925,0.034929161846841646
0.1,0.1,0.1,0.7,0.22715193,49925,0.02880810433516633
0.3,0.2,0.4,0.8,0.22718105,49925,0.033061132260875876
0.5,0.3,0.9,0.8,0.22719488,49925,0.03543420178565795
0.9,0.4,0.8,0.8,0.22722375,49925,0.03491080176727781
0.3,0.2,0.2,0.8,0.22725138,49925,0.03177242835116035
0.1,0.2,0.8,0.7,0.22735818,49925,0.035225568516265626
0.5,0.2,0.6,0.2,0.22738326,49925,0.03666568275260449
0.9,0.3,0.9,0.1,0.22738774,49925,0.036828023453873725
0.7,0.3,0.9,0.4,0.22743092,49925,0.03649222591948352
0.9,0.3,0.1,0.7,0.2274381,49925,0.029632252951848095
0.8,0.3,0.4,0.4,0.22744152,49925,0.03439240686353475
0.4,0.2,0.4,0.5,0.22747195,49925,0.034521757110454125
0.6,0.3,0.5,0.8,0.2275289,49925,0.03397639890165889
0.3,0.2,0.5,0.8,0.22753578,49925,0.033601170710941805
0.8,0.3,0.2,0.5,0.22755265,49925,0.03276740947195736
0.9,0.4,0.9,0.8,0.22767496,49925,0.03520800207286533
0.5,0.2,0.2,0.3,0.22770293,49925,0.03387551174326198
0.8,0.3,0.7,0.4,0.2277498,49925,0.03561483943798487
0.7,0.3,0.5,0.6,0.22782458,49925,0.034477405781352805
0.1,0.2,0.9,0.2,0.22782536,49925,0.038437673386189336
0.6,0.3,0.8,0.7,0.22787625,49925,0.03539716600143053
0.5,0.2,0.5,0.3,0.22787976,49925,0.035752124720305416
0.8,0.3,0.1,0.9,0.22791374,49925,0.02930437491906876
0.3,0.2,0.6,0.7,0.2279247,49925,0.034565641216161236
0.7,0.3,0.2,0.7,0.22795033,49925,0.032398012683857835
0.7,0.3,0.8,0.5,0.22798279,49925,0.03589276627844267
0.1,0.1,0.4,0.2,0.2279986,49925,0.03691438032910236
0.2,0.2,0.8,0.4,0.2279986,49925,0.03691438032910236
0.5,0.2,0.7,0.1,0.22801419,49925,0.03739736060990939
0.6,0.3,0.9,0.6,0.22802797,49925,0.03603045434438399
0.2,0.1,0.3,0.2,0.22802797,49925,0.03603045434438399
0.4,0.2,0.6,0.4,0.22802797,49925,0.03603045434438399
0.2,0.2,0.7,0.8,0.2280917,49925,0.03443609563747252
0.3,0.2,0.8,0.2,0.22811732,49925,0.037764476896318164
0.9,0.4,0.5,0.8,0.22813225,49925,0.03397033101195349
0.9,0.3,0.8,0.2,0.22813666,49925,0.03628502030273819
0.4,0.2,0.5,0.5,0.228164,49925,0.035064395365640516
0.4,0.2,0.2,0.5,0.22817013,49925,0.03322302839211597
0.6,0.3,0.6,0.8,0.22822025,49925,0.03435285565699848
0.4,0.2,0.1,0.9,0.22823016,49925,0.02935861504940786
0.9,0.3,0.5,0.3,0.22826207,49925,0.03487697910381088
0.6,0.2,0.1,0.4,0.2283352,49925,0.031219804484093564
0.7,0.3,0.6,0.6,0.22833659,49925,0.034864592391530766
0.1,0.2,0.8,0.8,0.22834106,49925,0.034661538760442964
0.1,0.2,0.8,0.9,0.22842786,49925,0.03412581495609616
0.5,0.3,0.9,0.9,0.22846563,49925,0.03507355018996372
0.6,0.2,0.3,0.2,0.22849211,49925,0.03465622817546024
0.9,0.4,0.3,0.9,0.22852571,49925,0.03283293978357936
0.6,0.3,0.4,0.8,0.22853735,49925,0.033550373239412984
0.3,0.1,0.2,0.1,0.22854295,49925,0.03528543163071931
0.6,0.2,0.4,0.2,0.22854295,49925,0.03528543163071931
0.9,0.3,0.6,0.3,0.22854295,49925,0.035285431630719316
0.8,0.3,0.9,0.3,0.2286168,49925,0.036554230822891255
0.9,0.4,0.7,0.9,0.22862378,49925,0.034393127961758294
0.9,0.4,0.4,0.8,0.22862765,49925,0.03361500805713678
0.6,0.3,0.7,0.8,0.22864115,49925,0.0347215821147585
0.5,0.2,0.1,0.6,0.22869433,49925,0.03065566503651022
0.8,0.3,0.3,0.4,0.2287198,49925,0.03388475724150661
0.3,0.2,0.7,0.5,0.22877224,49925,0.03595563594008424
0.2,0.2,0.9,0.1,0.22877783,49925,0.038623089996699535
0.6,0.2,0.6,0.1,0.2288433,49925,0.03671177712989449
0.9,0.4,0.6,0.9,0.22890867,49925,0.03408386605108979
0.8,0.3,0.8,0.4,0.22892645,49925,0.035966117068037554
0.1,0.2,0.9,0.3,0.22893262,49925,0.03782783434407454
0.7,0.3,0.7,0.6,0.22906615,49925,0.03525127685821359
0.3,0.2,0.2,0.9,0.22912279,49925,0.0312989519530892
0.7,0.3,0.4,0.6,0.22917274,49925,0.03404547330255962
0.6,0.3,0.3,0.8,0.22922662,49925,0.033071023883243546
0.9,0.3,0.2,0.4,0.22923003,49925,0.03277699620358216
0.9,0.3,0.1,0.8,0.22925037,49925,0.029377391477252584
0.9,0.4,0.8,0.9,0.22928545,49925,0.03467504105721268
0.7,0.2,0.1,0.3,0.22928712,49925,0.031158496887038336
0.6,0.3,0.8,0.8,0.2293618,49925,0.03505191980071413
0.7,0.3,0.2,0.8,0.2293684,49925,0.03205245359963942
0.9,0.3,0.4,0.3,0.22942168,49925,0.03442485330972846
0.8,0.3,0.5,0.5,0.22945963,49925,0.03456659394045747
0.8,0.3,0.2,0.6,0.2294805,49925,0.03247504477813682
0.7,0.3,0.3,0.6,0.22958788,49925,0.03358036728961398
0.2,0.2,0.7,0.9,0.22961065,49925,0.033968107189451216
0.9,0.3,0.7,0.3,0.22961606,49925,0.035688626701492185
0.4,0.2,0.8,0.1,0.22964197,49925,0.03792334141181797
0.3,0.2,0.4,0.9,0.22965878,49925,0.032605022474160944
0.4,0.2,0.7,0.3,0.22967145,49925,0.03683398932867389
0.6,0.3,0.5,0.9,0.22969782,49925,0.033649176109660776
0.1,0.1,0.2,0.7,0.22970828,49925,0.030231789929325542
0.3,0.2,0.3,0.9,0.2297163,49925,0.032002849389659686
0.6,0.3,0.9,0.7,0.22972868,49925,0.03568132914257081
0.9,0.4,0.9,0.9,0.22975501,49925,0.03496837423661059
0.9,0.3,0.9,0.2,0.22977613,49925,0.03658162654518704
0.9,0.2,0.1,0.1,0.2298002,49925,0.03062330424198273
0.3,0.2,0.5,0.9,0.22983162,49925,0.033143527246831686
0.8,0.2,0.1,0.2,0.22985154,49925,0.030961391543202366
0.1,0.1,0.1,0.8,0.2298626,49925,0.028082602271205074
0.7,0.3,0.9,0.5,0.22995025,49925,0.03619156985756101
0.3,0.2,0.6,0.8,0.22998416,49925,0.03408310855088109
0.9,0.4,0.5,0.9,0.23003891,49925,0.03374730890814677
0.6,0.2,0.5,0.2,0.23004177,49925,0.03585414887197936
0.7,0.3,0.8,0.6,0.230176,49925,0.03558174821516938
0.4,0.2,0.3,0.6,0.23023388,49925,0.033441454142634455
0.9,0.4,0.4,0.9,0.23023412,49925,0.03337961259628952
0.2,0.2,0.8,0.5,0.23026934,49925,0.03637398489951518
0.1,0.1,0.3,0.6,0.23030727,49925,0.0321823014662162
0.4,0.2,0.4,0.6,0.23032753,49925,0.034035631571349124
0.6,0.3,0.6,0.9,0.23032753,49925,0.034035631571349124
0.2,0.1,0.2,0.3,0.23032753,49925,0.034035631571349124
0.7,0.3,0.5,0.7,0.23038015,49925,0.03417854943343821
0.8,0.3,0.6,0.5,0.23038934,49925,0.034969736686709295
0.6,0.3,0.7,0.9,0.23039453,49925,0.03438823891763365
0.4,0.2,0.5,0.6,0.23042345,49925,0.034557347178443526
0.9,0.3,0.8,0.3,0.23043886,49925,0.036028499944042926
0.3,0.1,0.1,0.1,0.23055248,49925,0.03393346998675246
0.9,0.3,0.3,0.3,0.23055248,49925,0.03393346998675246
0.6,0.2,0.2,0.2,0.23055248,49925,0.03393346998675246
0.4,0.2,0.6,0.5,0.23055433,49925,0.03551935257000494
0.3,0.2,0.7,0.6,0.2305783,49925,0.035439127284574885
0.1,0.2,0.9,0.4,0.23058012,49925,0.037263468934409086
0.3,0.2,0.8,0.3,0.23064297,49925,0.037260203138512964
0.8,0.3,0.7,0.5,0.23072529,49925,0.03534003612353279
0.7,0.2,0.4,0.1,0.23072782,49925,0.03530746740579412
0.5,0.2,0.3,0.4,0.23081511,49925,0.03418537011353044
0.7,0.3,0.2,0.9,0.23081723,49925,0.03171531045170364
0.5,0.2,0.6,0.3,0.23086695,49925,0.03623361891205224
0.5,0.2,0.4,0.4,0.23087463,49925,0.03478709661335744
0.5,0.2,0.1,0.7,0.2309098,49925,0.03016443421492037
0.2,0.2,0.9,0.2,0.23091346,49925,0.03814254498431963
0.7,0.2,0.3,0.1,0.23096098,49925,0.034643307561241385
0.9,0.3,0.2,0.5,0.23098224,49925,0.03251149045537148
0.7,0.3,0.6,0.7,0.23099421,49925,0.03456101338947548
0.8,0.3,0.4,0.5,0.23109084,49925,0.034132842161705645
0.6,0.3,0.4,0.9,0.23117521,49925,0.033237349802306644
0.6,0.3,0.8,0.9,0.23118451,49925,0.034713372076900784
0.4,0.2,0.2,0.6,0.23124063,49925,0.03276848207831635
0.2,0.1,0.1,0.3,0.23124063,49925,0.03276848207831635
0.6,0.3,0.3,0.9,0.23124063,49925,0.03276848207831635
0.9,0.3,0.1,0.9,0.23131962,49925,0.029132771865408406
0.6,0.2,0.1,0.5,0.23137012,49925,0.03079327289687501
0.8,0.3,0.2,0.7,0.23137322,49925,0.03216917057147108
0.5,0.2,0.7,0.2,0.23141469,49925,0.03699490126317326
0.8,0.3,0.3,0.5,0.23141766,49925,0.033651801559487514
0.9,0.3,0.5,0.4,0.2314666,49925,0.03461962746897566
0.1,0.1,0.4,0.3,0.23148385,49925,0.03582513096236097
0.2,0.2,0.8,0.6,0.23148385,49925,0.03582513096236097
0.3,0.2,0.9,0.1,0.23148763,49925,0.038321669300792775
0.8,0.3,0.9,0.4,0.2315673,49925,0.03627474695337287
0.6,0.3,0.9,0.8,0.2315788,49925,0.035364510136221786
0.5,0.2,0.5,0.4,0.23160182,49925,0.03532973203340328
0.7,0.3,0.9,0.6,0.23163855,49925,0.03587547412839808
0.8,0.3,0.8,0.5,0.23167548,49925,0.035681338381849316
0.7,0.3,0.7,0.7,0.23176086,49925,0.034941964824209984
0.5,0.2,0.2,0.4,0.2317788,49925,0.033508838409281094
0.1,0.1,0.1,0.9,0.2318143,49925,0.02741229809897928
0.1,0.2,0.9,0.5,0.23185924,49925,0.03668922696683252
0.9,0.3,0.6,0.4,0.23194648,49925,0.03500732281223745
0.7,0.3,0.3,0.7,0.23200879,49925,0.033278856182480054
0.7,0.3,0.8,0.7,0.23214886,49925,0.03527210822130891
0.4,0.2,0.7,0.4,0.23217297,49925,0.036362599805339846
0.3,0.2,0.6,0.9,0.23218927,49925,0.033617730994044935
0.7,0.2,0.5,0.1,0.2322032,49925,0.03589418812810763
0.7,0.3,0.4,0.7,0.23225716,49925,0.033756599693024074
0.8,0.3,0.5,0.6,0.23242208,49925,0.03430459258429277
0.9,0.3,0.7,0.4,0.23244712,49925,0.035393859277689566
0.2,0.2,0.8,0.7,0.23247217,49925,0.03531474524432355
0.9,0.3,0.9,0.3,0.23249185,49925,0.03632725559691709
0.6,0.2,0.6,0.2,0.23249185,49925,0.03632725559691709
0.3,0.1,0.3,0.1,0.23249185,49925,0.03632725559691709
0.6,0.2,0.7,0.1,0.23250732,49925,0.037040431077229125
0.4,0.2,0.8,0.2,0.23256767,49925,0.03752073569538927
0.2,0.1,0.4,0.1,0.23256767,49925,0.03752073569538927
0.3,0.2,0.8,0.4,0.23257512,49925,0.03675188562570315
0.7,0.2,0.2,0.1,0.23259082,49925,0.033890608104150725
0.1,0.2,0.9,0.6,0.23259813,49925,0.036098115094029694
0.4,0.2,0.5,0.7,0.23261166,49925,0.0340705377876144
0.1,0.1,0.2,0.8,0.23264973,49925,0.029509760033295432
0.3,0.2,0.7,0.7,0.23266865,49925,0.03494755167109706
0.4,0.2,0.4,0.7,0.23270261,49925,0.033568949142261224
0.9,0.3,0.2,0.6,0.23272923,49925,0.03221728814240543
0.1,0.1,0.3,0.7,0.23273602,49925,0.03139493684043446
0.7,0.2,0.1,0.4,0.23279786,49925,0.030799158924223677
0.9,0.3,0.3,0.4,0.23288037,49925,0.0336946226226617
0.7,0.3,0.5,0.8,0.23290387,49925,0.03388603156490091
0.9,0.3,0.8,0.4,0.23294404,49925,0.03574216945893879
0.9,0.3,0.4,0.4,0.23296563,49925,0.034188347634791644
0.2,0.2,0.9,0.3,0.23301157,49925,0.03762119659332119
0.8,0.3,0.2,0.8,0.23310798,49925,0.03185480836234889
0.6,0.2,0.4,0.3,0.2331277,49925,0.03488209840575837
0.7,0.3,0.6,0.8,0.23316698,49925,0.034261338635661116
0.4,0.2,0.6,0.6,0.23317412,49925,0.03503280093560925
0.6,0.3,0.9,0.9,0.23317412,49925,0.03503280093560925
0.2,0.1,0.3,0.3,0.23317412,49925,0.03503280093560925
0.5,0.2,0.8,0.1,0.23319076,49925,0.0376261603241587
0.5,0.2,0.1,0.8,0.23323977,49925,0.02971824969335003
0.8,0.3,0.7,0.6,0.23325956,49925,0.03504801841705208
0.8,0.3,0.6,0.6,0.23328969,49925,0.03468396996358131
0.8,0.3,0.9,0.5,0.2334019,49925,0.035995100430045404
0.7,0.3,0.9,0.7,0.23342443,49925,0.0355701492367294
0.1,0.2,0.9,0.7,0.2334376,49925,0.03552337948290258
0.8,0.2,0.1,0.3,0.2335209,49925,0.03068478316879881
0.6,0.2,0.5,0.3,0.23361158,49925,0.03543872964711671
0.7,0.3,0.7,0.8,0.23364797,49925,0.034620710561669876
0.4,0.2,0.2,0.7,0.23369756,49925,0.0323220957209968
0.1,0.1,0.4,0.4,0.2337218,49925,0.03481510478204831
0.2,0.2,0.8,0.8,0.2337218,49925,0.03481510478204831
0.5,0.2,0.6,0.4,0.23378026,49925,0.03580108440636059
0.8,0.3,0.3,0.6,0.23378599,49925,0.033416878319147095
0.8,0.3,0.8,0.6,0.23391457,49925,0.03541641099511149
0.3,0.2,0.7,0.8,0.23392224,49925,0.03448259653252075
0.7,0.3,0.4,0.8,0.2340519,49925,0.03346864066658812
0.4,0.2,0.3,0.7,0.23405886,49925,0.03298667724907704
0.7,0.3,0.3,0.8,0.23406738,49925,0.032999989810690765
0.7,0.3,0.8,0.8,0.23410906,49925,0.03496505717221862
0.6,0.2,0.3,0.3,0.23419172,49925,0.03429627117524657
0.6,0.2,0.2,0.3,0.23422992,49925,0.03358439191538328
0.9,0.2,0.1,0.2,0.23424324,49925,0.030460888571553497
0.4,0.2,0.7,0.5,0.23426959,49925,0.03588270121138387
0.1,0.2,0.9,0.8,0.23432726,49925,0.034974030290405723
0.2,0.2,0.8,0.9,0.23432773,49925,0.034344238488921375
0.3,0.2,0.8,0.5,0.2343528,49925,0.036259017305929724
0.1,0.2,0.9,0.9,0.23441061,49925,0.03446166659089944
0.9,0.3,0.9,0.4,0.23448378,49925,0.03607228242066076
0.5,0.2,0.4,0.5,0.23453355,49925,0.03435429021076873
0.9,0.3,0.2,0.7,0.23455489,49925,0.03194200308528185
0.6,0.2,0.1,0.6,0.23460445,49925,0.030384141323396757
0.8,0.3,0.2,0.9,0.23462903,49925,0.031546899969101753
0.1,0.1,0.2,0.9,0.23463169,49925,0.028862911212389885
0.9,0.3,0.5,0.5,0.23463224,49925,0.0343665780447634
0.2,0.2,0.9,0.4,0.234642,49925,0.037142939119537914
0.7,0.2,0.6,0.1,0.2346555,49925,0.0363440485936042
0.5,0.2,0.7,0.3,0.23473644,49925,0.03659534614251873
0.5,0.2,0.5,0.5,0.23479293,49925,0.03488962137844052
0.9,0.3,0.7,0.5,0.23483068,49925,0.03513116512588465
0.3,0.2,0.9,0.2,0.23485258,49925,0.03792181845773464
0.4,0.2,0.8,0.3,0.23487155,49925,0.037084410157025294
0.5,0.2,0.1,0.9,0.23495895,49925,0.029283995147051912
0.8,0.3,0.4,0.6,0.23496118,49925,0.033899738897323325
0.9,0.3,0.6,0.5,0.2349647,49925,0.034759963225821644
0.4,0.2,0.6,0.7,0.23499075,49925,0.03454108325923076
0.7,0.3,0.5,0.9,0.23503515,49925,0.03359356507585052
0.5,0.2,0.3,0.5,0.23509568,49925,0.03378336714436779
0.7,0.3,0.7,0.9,0.23513168,49925,0.03431832227634365
0.4,0.2,0.5,0.8,0.23516245,49925,0.03362677270868899
0.4,0.2,0.4,0.8,0.23519672,49925,0.033129687544224316
0.2,0.1,0.2,0.4,0.23519672,49925,0.033129687544224316
0.1,0.1,0.3,0.8,0.23529229,49925,0.03067219521505078
0.7,0.3,0.6,0.9,0.23535252,49925,0.03396936916588051
0.3,0.2,0.7,0.9,0.23539874,49925,0.03404685928852871
0.7,0.3,0.9,0.8,0.23542708,49925,0.03525673245371215
0.4,0.2,0.9,0.1,0.23543915,49925,0.03807689726061138
0.7,0.2,0.4,0.2,0.23546723,49925,0.03492968073375975
0.5,0.2,0.2,0.5,0.2355243,49925,0.033094667606743004
0.8,0.3,0.7,0.7,0.23558122,49925,0.034788444173826344
0.8,0.3,0.5,0.7,0.23560661,49925,0.03405097719405554
0.8,0.3,0.6,0.7,0.23572531,49925,0.034430136543279796
0.6,0.2,0.6,0.3,0.23573393,49925,0.03593039404432607
0.9,0.3,0.3,0.5,0.23579013,49925,0.03346896803016272
0.7,0.2,0.5,0.2,0.2358202,49925,0.035521811154943406
0.9,0.3,0.8,0.5,0.23584846,49925,0.0354820543015683
0.7,0.3,0.8,0.9,0.23586465,49925,0.03465030022281534
0.8,0.3,0.9,0.6,0.23591125,49925,0.035719590247825006
0.3,0.2,0.8,0.6,0.23598458,49925,0.03575963031834892
0.9,0.3,0.4,0.5,0.236103,49925,0.03395583248181081
0.7,0.3,0.3,0.9,0.23611847,49925,0.03270612924369829
0.2,0.1,0.1,0.4,0.2361822,49925,0.03186900239665654
0.4,0.2,0.2,0.8,0.2361822,49925,0.03186900239665654
0.7,0.3,0.4,0.9,0.23619027,49925,0.033180947855219335
0.6,0.2,0.7,0.2,0.23628867,49925,0.03667377560928299
0.9,0.3,0.2,0.8,0.23630777,49925,0.031658469549895166
0.5,0.2,0.6,0.5,0.23631775,49925,0.03534972963715998
0.7,0.2,0.3,0.2,0.2363215,49925,0.03432993711739791
0.2,0.2,0.9,0.5,0.23635381,49925,0.036644711834221105
0.4,0.2,0.7,0.6,0.23638758,49925,0.03540128660198032
0.1,0.1,0.4,0.5,0.23641223,49925,0.033908512237528214
0.8,0.3,0.8,0.7,0.23647738,49925,0.03511799459949327
0.8,0.3,0.3,0.7,0.23650321,49925,0.0331621048549275
0.7,0.2,0.1,0.5,0.23668435,49925,0.03043329810381274
0.4,0.2,0.3,0.8,0.23680735,49925,0.03255720189369219
0.5,0.2,0.8,0.2,0.23690271,49925,0.03726446533499433
0.4,0.2,0.8,0.4,0.23699099,49925,0.036614159876327886
0.2,0.1,0.4,0.2,0.23699099,49925,0.036614159876327886
0.1,0.1,0.5,0.1,0.23700875,49925,0.038292041357806804
0.6,0.2,0.1,0.7,0.23701274,49925,0.02996663811252514
0.3,0.2,0.9,0.3,0.23706403,49925,0.037432186442391414
0.9,0.3,0.9,0.5,0.23714048,49925,0.035801735943903984
0.2,0.1,0.3,0.4,0.23717141,49925,0.03411219272966738
0.4,0.2,0.6,0.8,0.23717141,49925,0.03411219272966738
0.8,0.3,0.4,0.7,0.23730919,49925,0.033642439597513056
0.9,0.3,0.6,0.6,0.23731437,49925,0.034517133101065064
0.3,0.1,0.2,0.2,0.23731437,49925,0.034517133101065064
0.6,0.2,0.4,0.4,0.23731437,49925,0.034517133101065064
0.9,0.3,0.7,0.6,0.23734826,49925,0.03488425132154847
0.7,0.2,0.2,0.2,0.23748323,49925,0.033607450117145506
0.7,0.3,0.9,0.9,0.23751552,49925,0.03494977043089741
0.3,0.2,0.8,0.7,0.2375187,49925,0.03527990788830201
0.8,0.3,0.7,0.8,0.23760435,49925,0.03449547017484782
0.5,0.2,0.7,0.4,0.23762992,49925,0.03617399028074191
0.7,0.2,0.6,0.2,0.23763973,49925,0.0360015261016163
0.2,0.2,0.9,0.6,0.23766455,49925,0.03613310340940048
0.6,0.2,0.5,0.4,0.23766592,49925,0.03505297325745179
0.8,0.2,0.1,0.4,0.23772927,49925,0.030379969037757266
0.4,0.2,0.5,0.9,0.23773079,49925,0.03320307424211026
0.1,0.1,0.3,0.9,0.23777384,49925,0.03000329915415353
0.5,0.2,0.4,0.6,0.2377847,49925,0.03392718293574683
0.4,0.2,0.4,0.9,0.23778535,49925,0.032707538150914026
0.8,0.2,0.4,0.1,0.23781401,49925,0.03492579509875177
0.6,0.2,0.8,0.1,0.23783258,49925,0.03733575741054785
0.8,0.2,0.5,0.1,0.23787192,49925,0.035523602358404384
0.8,0.3,0.9,0.7,0.23789355,49925,0.035433978082489444
0.9,0.3,0.2,0.9,0.23792136,49925,0.031370016339794596
0.5,0.2,0.5,0.6,0.23794088,49925,0.03443596249064857
0.9,0.2,0.1,0.3,0.23803401,49925,0.030225759477225805
0.7,0.2,0.7,0.1,0.23803467,49925,0.03670736290905806
0.9,0.3,0.5,0.6,0.23807397,49925,0.03414443544773011
0.8,0.2,0.3,0.1,0.23820682,49925,0.0342974483777753
0.9,0.3,0.8,0.6,0.2382425,49925,0.03521959183748914
0.8,0.3,0.6,0.8,0.23825175,49925,0.034161956219625554
0.4,0.2,0.2,0.9,0.23826972,49925,0.03141846111867315
0.3,0.1,0.1,0.2,0.2383744,49925,0.03323632323370063
0.6,0.2,0.2,0.4,0.2383744,49925,0.03323632323370063
0.9,0.3,0.3,0.6,0.2383744,49925,0.033236323233700626
0.1,0.1,0.4,0.6,0.2384019,49925,0.03308788326770692
0.8,0.3,0.8,0.8,0.23840502,49925,0.03484180750507473
0.6,0.2,0.3,0.4,0.23845968,49925,0.033944451586582325
0.8,0.3,0.5,0.8,0.23852466,49925,0.03378842010274396
0.4,0.2,0.9,0.2,0.2385478,49925,0.03770304266086595
0.5,0.2,0.3,0.6,0.23856157,49925,0.03335148668564906
0.2,0.2,0.9,0.7,0.23859295,49925,0.03562452004854653
0.5,0.2,0.2,0.6,0.2386862,49925,0.03267694992898091
0.3,0.2,0.9,0.4,0.23874383,49925,0.036960167289396786
0.4,0.2,0.7,0.7,0.23881656,49925,0.03493701846594081
0.9,0.3,0.4,0.6,0.2389292,49925,0.03373479240962255
0.8,0.3,0.3,0.8,0.23894025,49925,0.03290190789159114
0.4,0.2,0.6,0.9,0.2390652,49925,0.033675090665874624
0.3,0.2,0.8,0.8,0.23907635,49925,0.034820091353045965
0.6,0.2,0.1,0.8,0.23916163,49925,0.02955805775392325
0.4,0.2,0.8,0.5,0.23927009,49925,0.03616484020346485
0.8,0.3,0.9,0.8,0.23932225,49925,0.03514024058993392
0.3,0.1,0.3,0.2,0.23933,49925,0.03554211367577414
0.6,0.2,0.6,0.4,0.23933,49925,0.03554211367577414
0.9,0.3,0.9,0.6,0.23933,49925,0.03554211367577413
0.5,0.2,0.6,0.6,0.23935041,49925,0.034912441429385585
0.5,0.2,0.8,0.3,0.23935418,49925,0.03684289751322165
0.4,0.2,0.3,0.9,0.2394139,49925,0.032136245406016894
0.7,0.2,0.1,0.6,0.2394894,49925,0.030075322344350418
0.8,0.3,0.4,0.8,0.23950633,49925,0.03336558700267828
0.8,0.2,0.2,0.1,0.2395466,49925,0.03353198665987366
0.5,0.2,0.9,0.1,0.23954743,49925,0.03781889519381873
0.2,0.2,0.9,0.8,0.2395733,49925,0.035151370711116
0.7,0.2,0.4,0.3,0.23969579,49925,0.034593448311854263
0.8,0.3,0.7,0.9,0.23980856,49925,0.034222777058461926
0.9,0.3,0.6,0.7,0.23983464,49925,0.03427845067725254
0.6,0.2,0.7,0.3,0.23984778,49925,0.03632517862601645
0.9,0.3,0.7,0.7,0.23991081,49925,0.034632362482950235
0.8,0.2,0.6,0.1,0.23998137,49925,0.03599829513507637
0.5,0.2,0.4,0.7,0.24007568,49925,0.03351213881259927
0.8,0.3,0.6,0.9,0.24011734,49925,0.03388699902963944
0.3,0.2,0.9,0.5,0.24011913,49925,0.03650270472855774
0.7,0.2,0.5,0.3,0.24012232,49925,0.03512928788371075
0.2,0.1,0.1,0.5,0.24016467,49925,0.030976020853093544
0.4,0.2,0.7,0.8,0.24016567,49925,0.03450831982928282
0.9,0.3,0.8,0.7,0.24017793,49925,0.034973684471793116
0.2,0.1,0.2,0.5,0.240221,49925,0.03229836645215033
0.1,0.1,0.5,0.2,0.24032874,49925,0.037322249626083555
0.3,0.2,0.8,0.9,0.24035801,49925,0.03439489538650061
0.1,0.1,0.4,0.7,0.24042392,49925,0.032313422644094515
0.5,0.2,0.7,0.5,0.24043882,49925,0.035731277270996224
0.8,0.3,0.8,0.9,0.24061403,49925,0.03456199608046313
0.5,0.2,0.5,0.7,0.24071836,49925,0.034010970070799514
0.2,0.1,0.3,0.5,0.2407879,49925,0.0332583533410169
0.7,0.2,0.2,0.3,0.24080312,49925,0.03327933013358952
0.4,0.2,0.9,0.3,0.24081105,49925,0.03726845878035351
0.2,0.2,0.9,0.9,0.2408767,49925,0.03467454824843025
0.7,0.2,0.3,0.3,0.24089986,49925,0.033995911859222926
0.8,0.3,0.5,0.9,0.2410231,49925,0.033513837497477036
0.8,0.3,0.9,0.9,0.24108535,49925,0.03486908783514185
0.2,0.1,0.4,0.3,0.24109948,49925,0.035696079739656744
0.4,0.2,0.8,0.6,0.24109948,49925,0.035696079739656744
0.9,0.3,0.3,0.7,0.24110164,49925,0.033018392225103915
0.6,0.2,0.8,0.2,0.24110237,49925,0.036985108663104366
0.3,0.1,0.4,0.1,0.24110237,49925,0.036985108663104366
0.8,0.2,0.1,0.5,0.24115115,49925,0.03008436416087097
0.8,0.3,0.3,0.9,0.24130096,49925,0.032633848958830126
0.6,0.2,0.1,0.9,0.24130473,49925,0.0291775730986427
0.6,0.2,0.5,0.5,0.24132839,49925,0.03468299946945858
0.6,0.2,0.4,0.5,0.2413759,49925,0.03415342792735767
0.5,0.2,0.6,0.7,0.24139011,49925,0.03447053488838641
0.5,0.2,0.2,0.7,0.24147579,49925,0.03226061427309703
0.9,0.3,0.9,0.7,0.24147603,49925,0.03528423312075254
0.8,0.3,0.4,0.9,0.24147978,49925,0.03310366885144437
0.9,0.3,0.5,0.7,0.24149014,49925,0.033897118313821056
0.7,0.2,0.6,0.3,0.24153821,49925,0.035626010503373245
0.9,0.3,0.4,0.7,0.241602,49925,0.033512486624384094
0.7,0.2,0.7,0.2,0.24166122,49925,0.036380913041050796
0.4,0.2,0.7,0.9,0.2417133,49925,0.0340882050280384
0.3,0.2,0.9,0.6,0.2417774,49925,0.03603542631332835
0.9,0.2,0.1,0.4,0.2418439,49925,0.02998622931046176
0.7,0.2,0.1,0.7,0.24197954,49925,0.029724940561761858
0.1,0.1,0.4,0.8,0.24202725,49925,0.03159737705711639
0.9,0.3,0.7,0.8,0.24203897,49925,0.03437021194097785
0.5,0.2,0.8,0.4,0.2420842,49925,0.03644627329698895
0.9,0.3,0.6,0.8,0.24216038,49925,0.03403095151704166
0.6,0.2,0.2,0.5,0.24218518,49925,0.032908370913927065
0.7,0.2,0.8,0.1,0.24232239,49925,0.037011658340748474
0.5,0.2,0.9,0.2,0.24237241,49925,0.03746348490398181
0.4,0.2,0.9,0.4,0.24238864,49925,0.03682878547190592
0.8,0.2,0.5,0.2,0.24240658,49925,0.03517365891067642
0.5,0.2,0.7,0.6,0.24242124,49925,0.03529346813243288
0.5,0.2,0.3,0.7,0.2425357,49925,0.03293590425549515
0.6,0.2,0.6,0.5,0.24262816,49925,0.03515611183937743
0.4,0.1,0.2,0.1,0.24275526,49925,0.03462043886441984
0.8,0.2,0.4,0.2,0.24275526,49925,0.03462043886441984
0.6,0.2,0.7,0.4,0.24294299,49925,0.03593793058103607
0.6,0.2,0.9,0.1,0.24298161,49925,0.03753933168653059
0.9,0.3,0.8,0.8,0.24299636,49925,0.03470244402968959
0.8,0.2,0.3,0.2,0.2430098,49925,0.03399505625450139
0.3,0.2,0.9,0.7,0.24308792,49925,0.03557738145655365
0.5,0.2,0.5,0.8,0.24317646,49925,0.03360532159452149
0.5,0.2,0.4,0.8,0.2431765,49925,0.0331105846298418
0.4,0.1,0.1,0.1,0.24319203,49925,0.03327301776441863
0.8,0.2,0.2,0.2,0.24319203,49925,0.03327301776441863
0.8,0.2,0.7,0.1,0.24320298,49925,0.03638148545208304
0.4,0.2,0.8,0.7,0.24322611,49925,0.03525170418450149
0.6,0.2,0.3,0.5,0.2433084,49925,0.0335887411897842
0.1,0.1,0.4,0.9,0.24343376,49925,0.03094675393695541
0.7,0.2,0.5,0.4,0.24346393,49925,0.034788503728885305
0.5,0.2,0.6,0.8,0.24347016,49925,0.034055860381239283
0.2,0.1,0.1,0.6,0.24353425,49925,0.03017978678300093
0.9,0.3,0.3,0.8,0.24358335,49925,0.03277297079185849
0.9,0.3,0.9,0.8,0.24371102,49925,0.03502477156596473
0.1,0.1,0.5,0.3,0.24374595,49925,0.0363867091904127
0.9,0.3,0.5,0.8,0.24400985,49925,0.03366617335630028
0.2,0.1,0.2,0.6,0.24402656,49925,0.031533981443315026
0.7,0.2,0.4,0.4,0.24403925,49925,0.03426633026539577
0.4,0.1,0.3,0.1,0.24408995,49925,0.03567015699403476
0.8,0.2,0.6,0.2,0.24408995,49925,0.03567015699403476
0.6,0.2,0.4,0.6,0.24410558,49925,0.03379982175568984
0.9,0.3,0.6,0.9,0.24410558,49925,0.03379982175568984
0.3,0.1,0.2,0.3,0.24410558,49925,0.03379982175568984
0.9,0.2,0.4,0.1,0.24412045,49925,0.034584778431531744
0.5,0.2,0.8,0.5,0.2441841,49925,0.0360332332212243
0.5,0.2,0.2,0.8,0.24420674,49925,0.03184883510314591
0.9,0.2,0.5,0.1,0.24426791,49925,0.035155320936904134
0.6,0.2,0.8,0.3,0.24427345,49925,0.036628628613190294
0.9,0.3,0.4,0.8,0.24427383,49925,0.03326835349597857
0.5,0.2,0.7,0.7,0.24427807,49925,0.034876285639383595
0.8,0.2,0.1,0.6,0.24432662,49925,0.029771704545452953
0.2,0.1,0.5,0.1,0.24435002,49925,0.03783733653905846
0.5,0.2,0.9,0.3,0.24438874,49925,0.037072991885066735
0.4,0.2,0.9,0.5,0.24439412,49925,0.03638874422527379
0.7,0.2,0.1,0.8,0.24442634,49925,0.029366753458850016
0.9,0.3,0.7,0.9,0.24454932,49925,0.034117684999177514
0.2,0.1,0.3,0.6,0.24458413,49925,0.03249126401922626
0.4,0.2,0.8,0.8,0.24462628,49925,0.03482389598115062
0.2,0.1,0.4,0.4,0.24462628,49925,0.03482389598115062
0.3,0.2,0.9,0.8,0.2446335,49925,0.035134465155657234
0.7,0.2,0.2,0.4,0.244808,49925,0.03297853949420566
0.7,0.2,0.7,0.3,0.24493928,49925,0.03603603503697277
0.6,0.2,0.5,0.6,0.24512315,49925,0.03427865225974673
0.9,0.2,0.3,0.1,0.24513218,49925,0.033976234983011576
0.9,0.2,0.2,0.1,0.24521768,49925,0.03316857854469628
0.5,0.2,0.3,0.8,0.2452291,49925,0.03257157952073461
0.6,0.2,0.2,0.6,0.24526772,49925,0.032526073536961374
0.3,0.1,0.1,0.3,0.24526772,49925,0.032526073536961374
0.9,0.3,0.3,0.9,0.24526772,49925,0.032526073536961374
0.9,0.3,0.8,0.9,0.2452828,49925,0.03444640659804081
0.5,0.2,0.4,0.9,0.24542052,49925,0.0327300572544799
0.2,0.1,0.1,0.7,0.24545956,49925,0.02944555517729842
0.9,0.2,0.1,0.5,0.24547067,49925,0.02972498978363521
0.7,0.2,0.3,0.4,0.24547313,49925,0.03370362854930292
0.9,0.2,0.6,0.1,0.24551305,49925,0.03565234280098148
0.5,0.2,0.5,0.9,0.24553129,49925,0.03321352139204635
0.3,0.2,0.9,0.9,0.24553603,49925,0.034712473012528826
0.1,0.1,0.5,0.4,0.2455436,49925,0.03542888058129495
0.7,0.2,0.8,0.2,0.24558535,49925,0.03667563415937195
0.7,0.2,0.6,0.4,0.2457341,49925,0.03527110730239676
0.3,0.1,0.3,0.3,0.24581623,49925,0.03475507028041425
0.9,0.3,0.9,0.9,0.24581623,49925,0.03475507028041425
0.6,0.2,0.6,0.6,0.24581623,49925,0.03475507028041425
0.6,0.2,0.9,0.2,0.24584779,49925,0.03721439601924666
0.6,0.2,0.7,0.5,0.24589682,49925,0.03555994581375268
0.4,0.2,0.8,0.9,0.24592042,49925,0.03442491815548383
0.5,0.2,0.6,0.9,0.24593678,49925,0.03365443683967635
0.8,0.2,0.5,0.3,0.24602589,49925,0.034849075952143
0.5,0.2,0.7,0.8,0.2460317,49925,0.03445959346581312
0.9,0.3,0.5,0.9,0.24617642,49925,0.03341761750322562
0.4,0.2,0.9,0.6,0.24617699,49925,0.03595340992731345
0.6,0.2,0.3,0.6,0.24624799,49925,0.03321206185763651
0.1,0.1,0.5,0.5,0.24629915,49925,0.03454708868323365
0.5,0.2,0.8,0.6,0.24641755,49925,0.03562228523757662
0.8,0.2,0.8,0.1,0.24643928,49925,0.03669423929404177
0.9,0.3,0.4,0.9,0.24646026,49925,0.03303410684774468
0.5,0.2,0.2,0.9,0.2464876,49925,0.031443851447512654
0.8,0.2,0.7,0.2,0.2465441,49925,0.036078038044409184
0.7,0.2,0.1,0.9,0.24654841,49925,0.029025444312046157
0.8,0.2,0.4,0.3,0.24677512,49925,0.034319879531899876
0.2,0.1,0.4,0.5,0.24688771,49925,0.03403693767339786
0.5,0.2,0.9,0.4,0.2469179,49925,0.036678538473678225
0.7,0.2,0.9,0.1,0.24697942,49925,0.03725972669189783
0.3,0.1,0.4,0.2,0.24705413,49925,0.0362558411025552
0.6,0.2,0.8,0.4,0.24705413,49925,0.0362558411025552
0.6,0.2,0.4,0.7,0.24716929,49925,0.033426725892985655
0.8,0.2,0.1,0.7,0.24718378,49925,0.02945648677341073
0.8,0.2,0.2,0.3,0.2472524,49925,0.03297398132384323
0.2,0.1,0.2,0.7,0.2472915,49925,0.030834107502566526
0.4,0.2,0.9,0.7,0.24740408,49925,0.03553916542442786
0.2,0.1,0.1,0.8,0.2474592,49925,0.02876296762148575
0.9,0.2,0.5,0.2,0.24758641,49925,0.03485815342105437
0.6,0.2,0.5,0.7,0.24768533,49925,0.033903196739948425
0.7,0.2,0.5,0.5,0.24773237,49925,0.03443017837443884
0.8,0.2,0.6,0.3,0.24774434,49925,0.035333669824321255
0.7,0.2,0.4,0.5,0.24780554,49925,0.03395212254901627
0.5,0.2,0.8,0.7,0.24781102,49925,0.03520481301287127
0.5,0.2,0.3,0.9,0.24786669,49925,0.03218376638442792
0.5,0.2,0.7,0.9,0.24797332,49925,0.03407916556155723
0.8,0.2,0.3,0.3,0.24800813,49925,0.033715677550784445
0.1,0.1,0.5,0.6,0.24804974,49925,0.03374290703212933
0.9,0.2,0.7,0.1,0.24813527,49925,0.036064470226982816
0.7,0.2,0.7,0.4,0.2481775,49925,0.03568915431250762
0.6,0.2,0.7,0.6,0.24820459,49925,0.03515658796491215
0.2,0.1,0.5,0.2,0.24820904,49925,0.036992278744482986
0.2,0.1,0.3,0.7,0.24843542,49925,0.03180007227711227
0.6,0.2,0.2,0.7,0.24851371,49925,0.03213696898443508
0.7,0.2,0.2,0.5,0.24856433,49925,0.03265314444832324
0.2,0.1,0.1,0.9,0.24864104,49925,0.02812755588912028
0.4,0.2,0.9,0.8,0.2486493,49925,0.035127822834450845
0.6,0.2,0.6,0.7,0.24866006,49925,0.034355943655542565
0.7,0.2,0.6,0.5,0.24866323,49925,0.03492258712902394
0.9,0.2,0.1,0.6,0.248716,49925,0.029469092223200443
0.5,0.2,0.9,0.5,0.24872407,49925,0.03628468948959406
0.7,0.2,0.8,0.3,0.24877228,49925,0.03634986350796289
0.9,0.2,0.2,0.2,0.24877787,49925,0.032911126616273476
0.9,0.2,0.4,0.2,0.24878769,49925,0.03431018933922695
0.1,0.1,0.6,0.1,0.24902934,49925,0.03853456245445584
0.9,0.2,0.6,0.2,0.24911356,49925,0.03535701449757031
0.6,0.2,0.9,0.3,0.24916826,49925,0.036855513785753406
0.6,0.2,0.3,0.7,0.24931702,49925,0.03285670621116795
0.1,0.1,0.5,0.7,0.24940172,49925,0.03300390896430402
0.6,0.2,0.8,0.5,0.24945116,49925,0.03587575400605817
0.2,0.1,0.4,0.6,0.24950202,49925,0.03331734168866081
0.8,0.2,0.7,0.3,0.24954286,49925,0.03575421916038323
0.8,0.2,0.1,0.8,0.24959877,49925,0.02914611326019549
0.5,0.2,0.8,0.8,0.24978732,49925,0.034803185493059864
0.9,0.2,0.3,0.2,0.24981867,49925,0.03370106422054889
0.4,0.2,0.9,0.9,0.24984759,49925,0.03472151351254359
0.8,0.2,0.5,0.4,0.24989116,49925,0.034526228848668135
0.6,0.2,0.5,0.8,0.24989519,49925,0.03353809372749673
0.7,0.2,0.3,0.5,0.24995294,49925,0.03338039487730425
0.4,0.1,0.4,0.1,0.2501625,49925,0.036395522544363665
0.8,0.2,0.8,0.2,0.2501625,49925,0.036395522544363665
0.5,0.2,0.9,0.6,0.2501792,49925,0.03588041487372423
0.2,0.1,0.2,0.8,0.25019088,49925,0.03019913620037487
0.6,0.2,0.4,0.8,0.2502218,49925,0.03305463480070723
0.3,0.1,0.2,0.4,0.2502218,49925,0.03305463480070723
0.8,0.2,0.4,0.4,0.2503194,49925,0.034019367992084416
0.4,0.1,0.2,0.2,0.2503194,49925,0.034019367992084416
0.4,0.1,0.1,0.2,0.25036186,49925,0.03268534101007779
0.8,0.2,0.2,0.4,0.25036186,49925,0.03268534101007779
0.3,0.1,0.3,0.4,0.25043023,49925,0.03398031596783167
0.6,0.2,0.6,0.8,0.25043023,49925,0.03398031596783167
0.6,0.2,0.2,0.8,0.25050855,49925,0.03176555545851689
0.3,0.1,0.1,0.4,0.25050855,49925,0.03176555545851689
0.7,0.2,0.9,0.2,0.25054625,49925,0.03694784785229367
0.3,0.1,0.5,0.1,0.25079834,49925,0.03739469058346573
0.7,0.2,0.7,0.5,0.25080523,49925,0.0353387970018886
0.6,0.2,0.7,0.7,0.25083196,49925,0.034769043156558016
0.8,0.2,0.6,0.4,0.25094566,49925,0.03500047721860207
0.4,0.1,0.3,0.2,0.25094566,49925,0.03500047721860207
0.9,0.2,0.7,0.2,0.25094637,49925,0.035783876673249795
0.7,0.2,0.5,0.6,0.2509866,49925,0.03410311925127836
0.1,0.1,0.5,0.8,0.25104162,49925,0.03232132138911837
0.2,0.1,0.5,0.3,0.25113517,49925,0.03618728841037972
0.8,0.2,0.9,0.1,0.2511404,49925,0.03697031380889197
0.6,0.2,0.9,0.4,0.25117576,49925,0.03649458483117583
0.5,0.2,0.8,0.9,0.25122,49925,0.034425432780483385
0.9,0.2,0.8,0.1,0.25137252,49925,0.036391309879669737
0.7,0.2,0.4,0.6,0.2514156,49925,0.03362755964711394
0.2,0.1,0.3,0.8,0.2514284,49925,0.031162784967053037
0.7,0.2,0.2,0.6,0.2514307,49925,0.03231970912175432
0.3,0.1,0.4,0.3,0.2516063,49925,0.03549737760065989
0.6,0.2,0.8,0.6,0.2516063,49925,0.03549737760065989
0.8,0.2,0.1,0.9,0.2516632,49925,0.028842193574857764
0.6,0.2,0.5,0.9,0.25182226,49925,0.03317499938777813
0.8,0.2,0.3,0.4,0.2518283,49925,0.033442555293382865
0.1,0.1,0.6,0.2,0.25183272,49925,0.03762446691132279
0.7,0.2,0.8,0.4,0.25187063,49925,0.036025022599105325
0.9,0.2,0.2,0.3,0.2518915,49925,0.03265814504115473
0.7,0.2,0.6,0.6,0.25189507,49925,0.03455593377939798
0.5,0.2,0.9,0.7,0.25196695,49925,0.03547426491877541
0.9,0.2,0.1,0.7,0.25207993,49925,0.029202424345789284
0.6,0.2,0.3,0.8,0.25223708,49925,0.03251827573642952
0.9,0.2,0.5,0.3,0.2522617,49925,0.03456046015941843
0.6,0.2,0.6,0.9,0.25227135,49925,0.033605514068715286
0.1,0.1,0.5,0.9,0.25230277,49925,0.0316936523539615
0.9,0.2,0.4,0.3,0.25259012,49925,0.03403703875267202
0.2,0.1,0.4,0.7,0.25259697,49925,0.03263849793014966
0.6,0.2,0.7,0.8,0.2526876,49925,0.034380802682317024
0.7,0.2,0.3,0.6,0.2528021,49925,0.03307737978368267
0.6,0.2,0.4,0.9,0.25281745,49925,0.03270899051985844
0.7,0.2,0.9,0.3,0.25284326,49925,0.03663659511145998
0.6,0.2,0.2,0.9,0.25286722,49925,0.03138293613766321
0.8,0.2,0.5,0.5,0.25294578,49925,0.034224407590358184
0.5,0.2,0.9,0.8,0.25296724,49925,0.03509420811419306
0.2,0.1,0.5,0.4,0.25306845,49925,0.03538610160118509
0.8,0.2,0.7,0.4,0.25311732,49925,0.03542817930562804
0.6,0.2,0.9,0.5,0.253205,49925,0.036136437587894574
0.9,0.2,0.6,0.3,0.25321203,49925,0.0350543229953974
0.8,0.2,0.8,0.3,0.2533281,49925,0.03608908306314481
0.2,0.1,0.2,0.9,0.2533808,49925,0.029609374275477593
0.6,0.2,0.8,0.7,0.25372416,49925,0.035108307632659215
0.9,0.2,0.3,0.3,0.25373185,49925,0.033449015103448165
0.8,0.2,0.2,0.5,0.25377154,49925,0.03237536414742017
0.7,0.2,0.2,0.7,0.25379524,49925,0.03197659326059955
0.9,0.2,0.1,0.8,0.25389904,49925,0.028929431447662794
0.6,0.2,0.7,0.9,0.25393367,49925,0.03401529635294561
0.5,0.1,0.1,0.1,0.25396615,49925,0.0325786982369904
0.7,0.2,0.7,0.6,0.25399068,49925,0.03497612273828738
0.8,0.2,0.9,0.2,0.25403658,49925,0.03667585576611349
0.8,0.2,0.6,0.5,0.25404322,49925,0.03468235875425663
0.3,0.1,0.1,0.5,0.2540669,49925,0.031021310592770336
0.7,0.2,0.5,0.7,0.2540692,49925,0.03377616682287582
0.8,0.2,0.4,0.5,0.25426978,49925,0.033722094436820234
0.2,0.1,0.6,0.1,0.2543391,49925,0.038011838469477435
0.7,0.2,0.8,0.5,0.254361,49925,0.035685971286186426
0.9,0.2,0.8,0.2,0.25445676,49925,0.036108143747079824
0.7,0.2,0.4,0.7,0.25447562,49925,0.03328330950338968
0.2,0.1,0.3,0.9,0.2544782,49925,0.030566935222047377
0.5,0.1,0.3,0.1,0.25448346,49925,0.03505608087599497
0.9,0.2,0.7,0.3,0.25451472,49925,0.03547944989049605
0.5,0.2,0.9,0.9,0.2546187,49925,0.03471934415226041
0.9,0.2,0.9,0.1,0.2546371,49925,0.03668015657255661
0.5,0.1,0.2,0.1,0.25469884,49925,0.03399979518947799
0.1,0.1,0.6,0.3,0.25475037,49925,0.03677564895926463
0.7,0.2,0.6,0.7,0.25477174,49925,0.034209830300627
0.6,0.2,0.3,0.9,0.25493783,49925,0.03218855163828307
0.3,0.1,0.5,0.2,0.25499052,49925,0.03670344142729595
0.2,0.1,0.4,0.8,0.255246,49925,0.03201086202746903
0.3,0.1,0.3,0.5,0.2552703,49925,0.033263003881896784
0.6,0.2,0.9,0.6,0.25532493,49925,0.035770605020028115
0.7,0.2,0.9,0.4,0.25550514,49925,0.036303886827099265
0.3,0.1,0.2,0.5,0.25556055,49925,0.03237968239192227
0.2,0.1,0.5,0.5,0.25556356,49925,0.03462632444537785
0.9,0.2,0.2,0.4,0.2556018,49925,0.03237570225342706
0.8,0.2,0.3,0.5,0.2556059,49925,0.033166083170313755
0.9,0.2,0.5,0.4,0.255905,49925,0.03428632712285422
0.3,0.1,0.4,0.4,0.2559229,49925,0.034731234795682936
0.6,0.2,0.8,0.8,0.2559229,49925,0.034731234795682936
0.9,0.2,0.1,0.9,0.25599244,49925,0.02865359546031626
0.7,0.2,0.3,0.7,0.25600255,49925,0.032755857361020546
0.8,0.2,0.9,0.3,0.25603583,49925,0.036375781923705955
0.3,0.1,0.1,0.6,0.25611204,49925,0.03029927235517755
0.7,0.2,0.2,0.8,0.25624347,49925,0.03161935177429117
0.4,0.1,0.4,0.2,0.2562499,49925,0.03578070419128613
0.8,0.2,0.8,0.4,0.2562499,49925,0.03578070419128613
0.8,0.2,0.7,0.5,0.2563084,49925,0.03510758329640055
0.7,0.2,0.7,0.7,0.25632298,49925,0.034623472575528585
0.9,0.2,0.6,0.4,0.2563566,49925,0.03475274547196517
0.9,0.2,0.4,0.4,0.25638196,49925,0.03377255831524368
0.1,0.1,0.6,0.4,0.25653175,49925,0.03588109682869458
0.8,0.2,0.5,0.6,0.2565473,49925,0.03392335488031692
0.7,0.2,0.8,0.6,0.2566846,49925,0.0353353345134715
0.7,0.2,0.5,0.8,0.25672084,49925,0.033437213842512685
0.6,0.2,0.8,0.9,0.25684312,49925,0.03436563540793776
0.6,0.2,0.9,0.7,0.25690672,49925,0.03540251915387201
0.4,0.1,0.1,0.3,0.2569661,49925,0.03208783616643118
0.8,0.2,0.2,0.6,0.2569661,49925,0.03208783616643118
0.7,0.2,0.4,0.8,0.25708592,49925,0.032967187051434116
0.9,0.2,0.9,0.2,0.2571835,49925,0.03639388695955751
0.7,0.2,0.6,0.8,0.25718927,49925,0.03386597572291007
0.8,0.2,0.6,0.6,0.25735426,49925,0.03436216122349836
0.4,0.1,0.3,0.3,0.25735426,49925,0.03436216122349836
0.2,0.1,0.4,0.9,0.25738305,49925,0.03141854001276611
0.7,0.2,0.9,0.5,0.25755817,49925,0.03597861328542559
0.1,0.1,0.6,0.5,0.25766498,49925,0.0350368233231212
0.8,0.2,0.4,0.6,0.2576651,49925,0.03343582064721207
0.4,0.1,0.2,0.3,0.2576651,49925,0.03343582064721207
0.9,0.2,0.3,0.4,0.25770095,49925,0.03319386613400692
0.9,0.2,0.8,0.3,0.25774223,49925,0.035842750920224625
0.3,0.1,0.4,0.5,0.25788423,49925,0.034031996579097265
0.2,0.1,0.6,0.2,0.25795928,49925,0.03729046736522494
0.7,0.2,0.2,0.9,0.2579798,49925,0.03128185931817786
0.3,0.1,0.1,0.7,0.2580376,49925,0.02962507196903445
0.4,0.1,0.5,0.1,0.25808403,49925,0.0369149163829834
0.7,0.2,0.7,0.8,0.25818112,49925,0.034275982056355694
0.9,0.2,0.7,0.4,0.25820842,49925,0.035175725401374945
0.2,0.1,0.5,0.6,0.25822258,49925,0.03394931293465071
0.3,0.1,0.5,0.3,0.2583202,49925,0.03600714551630896
0.6,0.2,0.9,0.8,0.2583817,49925,0.03503462991693243
0.9,0.2,0.2,0.5,0.25843853,49925,0.032105286928821725
0.5,0.1,0.4,0.1,0.25844568,49925,0.0358421522765627
0.1,0.1,0.6,0.7,0.25847787,49925,0.03355124910032559
0.1,0.1,0.6,0.6,0.25848293,49925,0.03424999003396503
0.7,0.2,0.5,0.9,0.25858438,49925,0.03311372287137856
0.7,0.2,0.3,0.8,0.25873324,49925,0.032438832454592295
0.8,0.2,0.2,0.7,0.25882292,49925,0.03175293642936284
0.8,0.2,0.8,0.5,0.2588492,49925,0.035479762351515454
0.3,0.1,0.3,0.6,0.25886893,49925,0.03261260164262839
0.8,0.2,0.7,0.6,0.25907248,49925,0.03479134765652057
0.9,0.2,0.5,0.5,0.2590935,49925,0.03400245843059306
0.7,0.2,0.8,0.7,0.25910538,49925,0.03498732445909235
0.1,0.1,0.6,0.8,0.25916356,49925,0.03291203646102883
0.8,0.2,0.9,0.4,0.25921565,49925,0.0360784515267151
0.9,0.2,0.6,0.5,0.25928771,49925,0.03445460133626095
0.7,0.2,0.6,0.9,0.25930935,49925,0.03353721195000369
0.3,0.1,0.1,0.8,0.25941,49925,0.028991980079592316
0.1,0.1,0.7,0.1,0.25945997,49925,0.03870965347446359
0.2,0.1,0.5,0.7,0.25956187,49925,0.03332626905218571
0.8,0.2,0.3,0.6,0.259651,49925,0.03290142447221573
0.7,0.2,0.9,0.6,0.25965714,49925,0.03562260992890188
0.8,0.2,0.5,0.7,0.2597623,49925,0.03362315464133716
0.6,0.2,0.9,0.9,0.25996393,49925,0.03468601630323038
0.7,0.2,0.4,0.9,0.25997716,49925,0.0326634624698234
0.9,0.2,0.4,0.5,0.25998667,49925,0.033502473855054615
0.3,0.1,0.2,0.6,0.26011407,49925,0.03173672054866846
0.9,0.2,0.8,0.4,0.26013923,49925,0.03554126607676656
0.3,0.1,0.6,0.1,0.26014394,49925,0.03767437112014721
0.5,0.1,0.1,0.2,0.26029214,49925,0.0320810604232801
0.1,0.1,0.6,0.9,0.26029795,49925,0.03230592692491551
0.8,0.2,0.4,0.7,0.26042405,49925,0.03315292643970574
0.7,0.2,0.7,0.9,0.26050746,49925,0.033934747980345986
0.8,0.2,0.6,0.7,0.2606115,49925,0.03405825655569106
0.9,0.2,0.9,0.3,0.26066244,49925,0.03612943426961003
0.8,0.2,0.2,0.8,0.26077783,49925,0.03145691003461234
0.4,0.1,0.1,0.4,0.26077783,49925,0.03145691003461234
0.2,0.1,0.6,0.3,0.26079446,49925,0.03655805982402772
0.7,0.2,0.8,0.8,0.26094228,49925,0.03464613423226283
0.3,0.1,0.1,0.9,0.261068,49925,0.028399170388276936
0.7,0.2,0.3,0.9,0.2611267,49925,0.032152276502645995
0.3,0.1,0.4,0.6,0.26124704,49925,0.03337898172477431
0.9,0.2,0.7,0.5,0.2612933,49925,0.03487728722258327
0.5,0.1,0.3,0.2,0.26135087,49925,0.03450712700986153
0.2,0.1,0.5,0.8,0.26135975,49925,0.032744894359736064
0.9,0.2,0.2,0.6,0.26136768,49925,0.03182523369257902
0.8,0.2,0.8,0.6,0.2614029,49925,0.035165685171432585
0.4,0.1,0.4,0.3,0.2614029,49925,0.035165685171432585
0.1,0.1,0.7,0.2,0.2614469,49925,0.03781587718134622
0.7,0.2,0.9,0.7,0.26157814,49925,0.03528500093581322
0.9,0.2,0.3,0.5,0.26163456,49925,0.03295847044979666
0.8,0.2,0.7,0.7,0.26167682,49925,0.03446083328708454
0.3,0.1,0.5,0.4,0.2617385,49925,0.03528597293151049
0.5,0.1,0.2,0.2,0.26175445,49925,0.03352843723996225
0.8,0.2,0.2,0.9,0.26178163,49925,0.031134247248064895
0.8,0.2,0.9,0.5,0.2619232,49925,0.03578190147507552
0.8,0.2,0.3,0.7,0.2619307,49925,0.032628260596635206
0.7,0.2,0.8,0.9,0.26228157,49925,0.03430128446353257
0.9,0.2,0.5,0.6,0.26229933,49925,0.03372623539583719
0.4,0.1,0.5,0.2,0.2624225,49925,0.036334482148142964
0.3,0.1,0.3,0.7,0.26250833,49925,0.03201095647518052
0.2,0.1,0.6,0.4,0.26263434,49925,0.035824357202617146
0.9,0.2,0.6,0.6,0.26265225,49925,0.03415892031423216
0.8,0.2,0.5,0.8,0.26279178,49925,0.033327417131528383
0.6,0.1,0.1,0.1,0.2628291,49925,0.031902833724851885
0.4,0.1,0.1,0.5,0.26304507,49925,0.030818684664857775
0.9,0.2,0.2,0.7,0.26307845,49925,0.03153355808687047
0.8,0.2,0.6,0.8,0.2631054,49925,0.03374702471103303
0.4,0.1,0.3,0.4,0.2631054,49925,0.03374702471103303
0.9,0.2,0.9,0.4,0.2632697,49925,0.035850444184010996
0.8,0.2,0.8,0.7,0.26327878,49925,0.034841904333494496
0.2,0.1,0.5,0.9,0.26329544,49925,0.03217794237845613
0.7,0.2,0.9,0.8,0.263312,49925,0.034952778671970185
0.4,0.1,0.2,0.4,0.2633818,49925,0.03284851910145491
0.8,0.2,0.4,0.8,0.2633818,49925,0.03284851910145491
0.9,0.2,0.4,0.6,0.2633897,49925,0.033246239306092586
0.9,0.2,0.8,0.5,0.26340014,49925,0.03526060666832312
0.8,0.2,0.9,0.6,0.2638349,49925,0.03548113685438788
0.3,0.1,0.5,0.5,0.26384667,49925,0.034599713744715044
0.2,0.1,0.7,0.1,0.26401952,49925,0.038144896927959866
0.9,0.2,0.7,0.6,0.264052,49925,0.03458458213145007
0.3,0.1,0.6,0.2,0.26406047,49925,0.03703683435908453
0.3,0.1,0.2,0.7,0.26406828,49925,0.03112616205412292
0.5,0.1,0.5,0.1,0.2641271,49925,0.036389494939491285
0.2,0.1,0.6,0.5,0.26419044,49925,0.035102590333531615
0.3,0.1,0.4,0.7,0.2642483,49925,0.032766576370753996
0.8,0.2,0.7,0.8,0.26440528,49925,0.034141714925403674
0.9,0.2,0.2,0.8,0.26440787,49925,0.03123554133118543
0.6,0.1,0.3,0.1,0.26444882,49925,0.03446281445446102
0.5,0.1,0.1,0.3,0.26449096,49925,0.031576351560210596
0.1,0.1,0.7,0.3,0.26450473,49925,0.03701426493810409
0.5,0.1,0.4,0.2,0.26452413,49925,0.03530666825730797
0.7,0.2,0.9,0.9,0.2645603,49925,0.03461803119854344
0.8,0.2,0.3,0.8,0.2647859,49925,0.03235111812573471
0.8,0.2,0.6,0.9,0.26491988,49925,0.033448020614109314
0.9,0.2,0.3,0.6,0.26500568,49925,0.032727371771762236
0.8,0.2,0.5,0.9,0.26507473,49925,0.033023047362561564
0.4,0.1,0.1,0.6,0.26532888,49925,0.030195768310785784
0.8,0.2,0.8,0.8,0.2654057,49925,0.03452385793872822
0.4,0.1,0.4,0.4,0.2654057,49925,0.03452385793872822
0.6,0.1,0.2,0.1,0.2654128,49925,0.03347829240787038
0.8,0.2,0.9,0.7,0.26545733,49925,0.035159693062440885
0.1,0.1,0.7,0.4,0.2655667,49925,0.03619731123953542
0.4,0.1,0.6,0.1,0.26559287,49925,0.03726024608003364
0.9,0.2,0.9,0.5,0.2655978,49925,0.035575959340090606
0.3,0.1,0.3,0.8,0.2656591,49925,0.031442455995538875
0.9,0.2,0.5,0.7,0.26566303,49925,0.03345595728258122
0.1,0.1,0.7,0.5,0.26573214,49925,0.03538159251974024
0.9,0.2,0.6,0.7,0.26574874,49925,0.033885632982829275
0.2,0.1,0.6,0.6,0.26575762,49925,0.03443925143643507
0.9,0.2,0.8,0.6,0.2659431,49925,0.03497409335355985
0.3,0.1,0.5,0.6,0.2661178,49925,0.03398773956487665
0.4,0.1,0.5,0.3,0.26618564,49925,0.035737461106851866
0.9,0.2,0.2,0.9,0.26625156,49925,0.030945400895612322
0.3,0.1,0.6,0.3,0.26654217,49925,0.03635798363202224
0.8,0.2,0.4,0.9,0.26657346,49925,0.03256984806228005
0.6,0.1,0.4,0.1,0.26658016,49925,0.035304438368979216
0.9,0.2,0.4,0.7,0.26664865,49925,0.03299085860184301
0.8,0.2,0.7,0.9,0.26682517,49925,0.03383089891234815
0.9,0.2,0.7,0.7,0.26687264,49925,0.034288813114179265
0.2,0.1,0.7,0.2,0.26691407,49925,0.03748846491951843
0.4,0.1,0.3,0.5,0.2669336,49925,0.03314970360667508
0.8,0.2,0.9,0.8,0.26693824,49925,0.0348515640470984
0.3,0.1,0.4,0.8,0.26703003,49925,0.032183651573382176
0.8,0.2,0.3,0.9,0.26710194,49925,0.03207009956743432
0.6,0.1,0.1,0.2,0.2671373,49925,0.03148303664576187
0.1,0.1,0.7,0.6,0.26717526,49925,0.0346422507479304
0.8,0.2,0.8,0.9,0.26727456,49925,0.03420292552203332
0.3,0.1,0.2,0.8,0.2673276,49925,0.03056145384467791
0.9,0.2,0.9,0.6,0.2673856,49925,0.03530631360432052
0.5,0.1,0.3,0.3,0.2676307,49925,0.0339743181869385
0.9,0.2,0.6,0.8,0.26787475,49925,0.0336085918125346
0.9,0.2,0.8,0.7,0.2679942,49925,0.03467687282028932
0.9,0.2,0.3,0.7,0.2679998,49925,0.032488391868391864
0.2,0.1,0.6,0.7,0.26806262,49925,0.03384422559918112
0.3,0.1,0.3,0.9,0.26811835,49925,0.03091948828979339
0.4,0.1,0.1,0.7,0.26828086,49925,0.029577826364842786
0.3,0.1,0.5,0.7,0.26829776,49925,0.03340960974872264
0.5,0.1,0.1,0.4,0.26834977,49925,0.03102152193276427
0.8,0.2,0.9,0.9,0.268606,49925,0.03453382254901989
0.1,0.1,0.7,0.7,0.2688387,49925,0.033961848820523714
0.1,0.1,0.8,0.1,0.26892143,49925,0.038785716562107435
0.4,0.1,0.4,0.5,0.2689402,49925,0.03390420674160907
0.7,0.1,0.1,0.1,0.26903766,49925,0.031234450686157093
0.9,0.2,0.9,0.7,0.26909715,49925,0.03500970662040224
0.9,0.2,0.5,0.8,0.26911741,49925,0.03318706395991413
0.3,0.1,0.6,0.4,0.26919287,49925,0.03569379020561974
0.3,0.1,0.7,0.1,0.26923063,49925,0.037809396963736974
0.4,0.1,0.2,0.5,0.26929224,49925,0.03230531667513202
0.5,0.1,0.2,0.3,0.2693233,49925,0.03306971507422445
0.4,0.1,0.5,0.4,0.2693675,49925,0.03511356194413725
0.3,0.1,0.4,0.9,0.26955956,49925,0.031659074141080636
0.5,0.1,0.5,0.2,0.2696509,49925,0.03589918460808574
0.4,0.1,0.6,0.2,0.2697222,49925,0.03670768688662935
0.4,0.1,0.1,0.8,0.26986545,49925,0.028992157047281968
0.9,0.2,0.7,0.8,0.26999152,49925,0.03400040123446348
0.9,0.2,0.4,0.8,0.26999488,49925,0.03273203040129586
0.3,0.1,0.2,0.9,0.27000377,49925,0.030049429789899187
0.9,0.2,0.8,0.8,0.2700464,49925,0.03437760604949779
0.2,0.1,0.7,0.3,0.27009058,49925,0.036844535683633085
0.5,0.1,0.4,0.3,0.27021503,49925,0.03477420300390113
0.2,0.1,0.6,0.8,0.27022514,49925,0.03328120531665693
0.1,0.1,0.7,0.8,0.2702937,49925,0.0333443497850432
0.1,0.1,0.8,0.2,0.27049765,49925,0.03797002084273732
0.9,0.2,0.3,0.8,0.27053905,49925,0.03223652467349395
0.9,0.2,0.6,0.9,0.27058175,49925,0.03333096797065398
0.6,0.1,0.1,0.3,0.2707717,49925,0.031044497798520764
0.3,0.1,0.5,0.8,0.27085468,49925,0.03285304001774144
0.9,0.2,0.9,0.8,0.27093104,49925,0.03472140072594701
0.9,0.2,0.5,0.9,0.27105176,49925,0.032909993011073044
0.1,0.1,0.7,0.9,0.2712114,49925,0.032795612488521995
0.5,0.1,0.6,0.1,0.27130106,49925,0.036829757479608864
0.4,0.1,0.1,0.9,0.2713085,49925,0.02846696999739744
0.4,0.1,0.3,0.6,0.27133766,49925,0.03259269974085839
0.6,0.1,0.3,0.2,0.2714067,49925,0.03401720347360497
0.2,0.1,0.6,0.9,0.27167076,49925,0.03275871545672517
0.6,0.1,0.5,0.1,0.27173018,49925,0.03591128844985014
0.3,0.1,0.6,0.5,0.27178207,49925,0.03504732269816779
0.5,0.1,0.1,0.5,0.27183568,49925,0.030474922362091497
0.7,0.1,0.1,0.2,0.2721754,49925,0.030897328194357206
0.9,0.2,0.7,0.9,0.2722533,49925,0.033723376880979636
0.4,0.1,0.5,0.5,0.27228048,49925,0.03451328571306673
0.9,0.2,0.8,0.9,0.27231756,49925,0.034075742841154
0.6,0.1,0.4,0.2,0.27248943,49925,0.03482062887040232
0.9,0.2,0.9,0.9,0.27251196,49925,0.03442492321806395
0.3,0.1,0.7,0.2,0.27252412,49925,0.03723164754589651
0.6,0.1,0.2,0.2,0.27259457,49925,0.033081939863435855
0.2,0.1,0.7,0.4,0.27261105,49925,0.036173970245471365
0.9,0.2,0.4,0.9,0.2726574,49925,0.03248147764454971
0.4,0.1,0.4,0.6,0.27265766,49925,0.033326793151924244
0.9,0.2,0.3,0.9,0.27278763,49925,0.03198021316898557
0.3,0.1,0.5,0.9,0.2728007,49925,0.03232937561918546
0.4,0.1,0.6,0.3,0.27326256,49925,0.03613358766842929
0.1,0.1,0.8,0.3,0.27332607,49925,0.037181223450806364
0.2,0.1,0.8,0.1,0.27334312,49925,0.03829260512433148
0.8,0.1,0.1,0.1,0.2738013,49925,0.03059805852295985
0.5,0.1,0.3,0.4,0.27381438,49925,0.033461319044803844
0.4,0.1,0.7,0.1,0.27383143,49925,0.03750301190763983
0.4,0.1,0.2,0.6,0.27395284,49925,0.03177213067269384
0.5,0.1,0.5,0.3,0.27401602,49925,0.03539625767117469
0.3,0.1,0.6,0.6,0.27407777,49925,0.03444890597180719
0.5,0.1,0.1,0.6,0.27429143,49925,0.02991865561243484
0.7,0.1,0.3,0.1,0.27439642,49925,0.03395395263450575
0.2,0.1,0.7,0.5,0.27455974,49925,0.03550237142809238
0.5,0.1,0.4,0.4,0.27490646,49925,0.03421812394491224
0.7,0.1,0.4,0.1,0.27507836,49925,0.03478903209718114
0.1,0.1,0.8,0.4,0.27533504,49925,0.03642076573307614
0.4,0.1,0.5,0.6,0.27537346,49925,0.03395160430051447
0.7,0.1,0.2,0.1,0.2753893,49925,0.032998975927272564
0.6,0.1,0.1,0.4,0.27541995,49925,0.03057870282888758
0.3,0.1,0.6,0.7,0.27550602,49925,0.03389674494733506
0.4,0.1,0.3,0.7,0.27554986,49925,0.03207618869867155
0.2,0.1,0.7,0.6,0.27571955,49925,0.034895075737771265
0.4,0.1,0.4,0.7,0.2757382,49925,0.0327820490451639
0.5,0.1,0.2,0.4,0.2758298,49925,0.032608280803932486
0.4,0.1,0.6,0.4,0.27586347,49925,0.03554268852402347
0.5,0.1,0.6,0.2,0.27586728,49925,0.03634347844245945
0.3,0.1,0.7,0.3,0.27600545,49925,0.036618612535363596
0.1,0.1,0.8,0.5,0.2761002,49925,0.03566883100245318
0.6,0.1,0.5,0.2,0.27630618,49925,0.035467589628792616
0.2,0.1,0.8,0.2,0.2763779,49925,0.03766692174102736
0.1,0.1,0.8,0.6,0.2768273,49925,0.03496371238832607
0.5,0.1,0.1,0.7,0.27692962,49925,0.029401718373713286
0.1,0.1,0.8,0.7,0.27710402,49925,0.034316782867839436
0.5,0.1,0.5,0.4,0.27718228,49925,0.034865949111503314
0.6,0.1,0.6,0.1,0.2773553,49925,0.03637792172402512
0.1,0.1,0.8,0.8,0.27737707,49925,0.033728469015530685
0.3,0.1,0.6,0.8,0.27746436,49925,0.03337434640516502
0.3,0.1,0.8,0.1,0.27759397,49925,0.037896474523125834
0.1,0.1,0.9,0.1,0.27762198,49925,0.03881220219901177
0.7,0.1,0.1,0.3,0.27762812,49925,0.030508521321297378
0.2,0.1,0.7,0.7,0.27773023,49925,0.03428845884006921
0.4,0.1,0.2,0.7,0.27789468,49925,0.031247593474541258
0.6,0.1,0.3,0.3,0.27791253,49925,0.03359145567258455
0.8,0.1,0.1,0.2,0.27794373,49925,0.030303667942839525
0.4,0.1,0.5,0.7,0.27800512,49925,0.03340497571372532
0.1,0.1,0.8,0.9,0.27819282,49925,0.0331945622230858
0.4,0.1,0.4,0.8,0.27821875,49925,0.03226928405490376
0.6,0.1,0.4,0.3,0.27821887,49925,0.03435745606645584
0.3,0.1,0.7,0.4,0.2782955,49925,0.036006523419453755
0.6,0.1,0.1,0.5,0.27834558,49925,0.030093543668313082
0.2,0.1,0.7,0.8,0.2783892,49925,0.03373621774882017
0.7,0.1,0.5,0.1,0.27842888,49925,0.03544770665208693
0.4,0.1,0.3,0.8,0.2786805,49925,0.03155850247475037
0.4,0.1,0.7,0.2,0.27871442,49925,0.03699082011949576
0.5,0.1,0.3,0.5,0.27876067,49925,0.03294444245108115
0.2,0.1,0.8,0.3,0.2788124,49925,0.03707735772645853
0.4,0.1,0.6,0.5,0.2790056,49925,0.03496561092238111
0.2,0.1,0.7,0.9,0.27903715,49925,0.03321021628921928
0.9,0.1,0.1,0.1,0.27906135,49925,0.029983867389118277
0.3,0.1,0.6,0.9,0.27932483,49925,0.03289333535973762
0.5,0.1,0.1,0.8,0.27933913,49925,0.028889523640681907
0.5,0.1,0.4,0.5,0.27936724,49925,0.0336889778138561
0.5,0.1,0.6,0.3,0.27998585,49925,0.03584884005639232
0.6,0.1,0.2,0.3,0.28001955,49925,0.03268460562730365
0.3,0.1,0.7,0.5,0.2801374,49925,0.03540243321913685
0.1,0.1,0.9,0.2,0.2802493,49925,0.03805560325010911
0.5,0.1,0.7,0.1,0.28030533,49925,0.03712844196020865
0.7,0.1,0.3,0.2,0.28032935,49925,0.033571141598139266
0.6,0.1,0.5,0.3,0.280659,49925,0.0350319316307469
0.7,0.1,0.4,0.2,0.28068197,49925,0.034383886762818734
0.4,0.1,0.2,0.8,0.2807581,49925,0.03075443603524961
0.5,0.1,0.5,0.5,0.2808437,49925,0.03433103146532219
0.5,0.1,0.1,0.9,0.28095877,49925,0.028414228593544616
0.7,0.1,0.1,0.4,0.2810114,49925,0.03010409424909959
0.5,0.1,0.2,0.5,0.28102905,49925,0.03214565334698547
0.4,0.1,0.4,0.9,0.2810735,49925,0.03178721587087316
0.3,0.1,0.8,0.2,0.2813865,49925,0.03735680118512013
0.4,0.1,0.5,0.8,0.281387,49925,0.032894185741833365
0.4,0.1,0.6,0.6,0.28152138,49925,0.034421298493965906
0.6,0.1,0.6,0.2,0.2815706,49925,0.03594852313660705
0.1,0.1,0.9,0.3,0.28163368,49925,0.03729272903979934
0.3,0.1,0.7,0.6,0.28168288,49925,0.03484295780856012
0.2,0.1,0.9,0.1,0.28169543,49925,0.03842287107115748
0.2,0.1,0.8,0.4,0.2817055,49925,0.03645860082244473
0.4,0.1,0.3,0.9,0.28184623,49925,0.031096656539752895
0.4,0.1,0.7,0.3,0.2819913,49925,0.03643409726453961
0.6,0.1,0.1,0.6,0.28199628,49925,0.029613020749400868
0.5,0.1,0.4,0.6,0.28229907,49925,0.033174855286409476
0.4,0.1,0.8,0.1,0.2825082,49925,0.0376472940410913
0.7,0.1,0.5,0.2,0.28268674,49925,0.035062274030729104
0.3,0.1,0.7,0.7,0.28271413,49925,0.034300358647191276
0.8,0.1,0.1,0.3,0.28276002,49925,0.02998528626102055
0.7,0.1,0.6,0.1,0.2828746,49925,0.035946356637771876
0.8,0.1,0.4,0.1,0.2828902,49925,0.034298704922285435
0.9,0.1,0.1,0.2,0.28319484,49925,0.02972353456907988
0.7,0.1,0.2,0.2,0.28320754,49925,0.03264706515951138
0.1,0.1,0.9,0.4,0.28323734,49925,0.03658427281249998
0.8,0.1,0.3,0.1,0.2832756,49925,0.03351302372100429
0.5,0.1,0.3,0.6,0.28336197,49925,0.03248247931833489
0.6,0.1,0.4,0.4,0.28341803,49925,0.03389095094881824
0.4,0.1,0.5,0.9,0.2834191,49925,0.03240580997129968
0.5,0.1,0.6,0.4,0.28351992,49925,0.035345282847392426
0.4,0.1,0.6,0.7,0.28356934,49925,0.03390607589782586
0.4,0.1,0.2,0.9,0.28372902,49925,0.030291748502622253
0.2,0.1,0.8,0.5,0.28374138,49925,0.03583639259860823
0.4,0.1,0.7,0.4,0.2838804,49925,0.0358826566489355
0.6,0.1,0.3,0.4,0.28398892,49925,0.03316320364678836
0.1,0.1,0.9,0.5,0.28400603,49925,0.03589075620949731
0.5,0.1,0.7,0.2,0.2840801,49925,0.0366695826076771
0.5,0.1,0.5,0.6,0.28417656,49925,0.03381327717179247
0.3,0.1,0.7,0.8,0.28427082,49925,0.03382139834037722
0.3,0.1,0.8,0.3,0.28446108,49925,0.03682857729450563
0.2,0.1,0.8,0.6,0.28455606,49925,0.03523424445543741
0.1,0.1,0.9,0.6,0.28457266,49925,0.03522929182247412
0.6,0.1,0.1,0.7,0.28464627,49925,0.029163032885580666
0.6,0.1,0.5,0.4,0.28468764,49925,0.03456449104374525
0.1,0.1,0.9,0.7,0.2850001,49925,0.03461151733913361
0.8,0.1,0.5,0.1,0.28522143,49925,0.03501762439003155
0.6,0.1,0.7,0.1,0.2852668,49925,0.03672996141535651
0.4,0.1,0.6,0.8,0.28531808,49925,0.03342255794173281
0.3,0.1,0.9,0.1,0.2853449,49925,0.037976970596974365
0.4,0.1,0.7,0.5,0.28536275,49925,0.035327088895640416
0.5,0.1,0.2,0.6,0.28543815,49925,0.031701891766218036
0.7,0.1,0.1,0.5,0.28555298,49925,0.029703992317619304
0.2,0.1,0.9,0.2,0.28556386,49925,0.03780690186170474
0.2,0.1,0.8,0.7,0.28560448,49925,0.03467912768274158
0.6,0.1,0.2,0.4,0.28582084,49925,0.03231891006331397
0.5,0.1,0.4,0.7,0.28583837,49925,0.03270601270226146
0.1,0.1,0.9,0.8,0.28593224,49925,0.034032564715933224
0.5,0.1,0.6,0.5,0.28595722,49925,0.03483982715995104
0.7,0.1,0.4,0.3,0.28600663,49925,0.03397455461664664
0.3,0.1,0.7,0.9,0.28603148,49925,0.03335222073336937
0.7,0.1,0.3,0.3,0.28603402,49925,0.03321639537474109
0.1,0.1,0.9,0.9,0.28616732,49925,0.033521012692024545
0.6,0.1,0.6,0.3,0.28628784,49925,0.03552274307950191
0.3,0.1,0.8,0.4,0.2865294,49925,0.03625717767425661
0.2,0.1,0.8,0.8,0.28658685,49925,0.03412322505542035
0.2,0.1,0.8,0.9,0.28690994,49925,0.03361737498866208
0.5,0.1,0.7,0.3,0.28693646,49925,0.03619264089475091
0.8,0.1,0.2,0.1,0.28693995,49925,0.03256007628226657
0.4,0.1,0.6,0.9,0.2870779,49925,0.032962272420372946
0.5,0.1,0.3,0.7,0.2871099,49925,0.03201128614729562
0.4,0.1,0.8,0.2,0.2871802,49925,0.037176302273628475
0.2,0.1,0.9,0.3,0.28726393,49925,0.03723280274733827
0.8,0.1,0.1,0.4,0.28730673,49925,0.029650461178218727
0.6,0.1,0.4,0.5,0.28734615,49925,0.033441528320677594
0.6,0.1,0.1,0.8,0.2873541,49925,0.028722256692556996
0.5,0.1,0.5,0.7,0.28741124,49925,0.033326475328816094
0.4,0.1,0.7,0.6,0.287467,49925,0.03480347229293021
0.3,0.1,0.8,0.5,0.28753003,49925,0.035707959753569544
0.7,0.1,0.5,0.3,0.287678,49925,0.03464133151827641
0.5,0.1,0.8,0.1,0.2876907,49925,0.03734632895912682
0.7,0.1,0.6,0.2,0.28786045,49925,0.0355667134941944
0.5,0.1,0.6,0.6,0.2881794,49925,0.0343164136060046
0.3,0.1,0.9,0.2,0.28834334,49925,0.03748352055015458
0.9,0.1,0.1,0.3,0.28834632,49925,0.029486948381655817
0.8,0.1,0.4,0.2,0.28855082,49925,0.0339544291984415
0.7,0.1,0.1,0.6,0.2886662,49925,0.02928692920844922
0.5,0.1,0.7,0.4,0.28871983,49925,0.03570561440948449
0.4,0.1,0.9,0.1,0.28874332,49925,0.037721365412462356
0.7,0.1,0.2,0.3,0.28900087,49925,0.032346739674253326
0.3,0.1,0.8,0.6,0.2890323,49925,0.03517657983919702
0.8,0.1,0.6,0.1,0.28907788,49925,0.035543388343867055
0.8,0.1,0.3,0.2,0.28913835,49925,0.03317479136519677
0.6,0.1,0.3,0.5,0.28922182,49925,0.03272794414743078
0.6,0.1,0.5,0.5,0.2892259,49925,0.03408716802793004
0.6,0.1,0.7,0.2,0.28932026,49925,0.03633438477290275
0.4,0.1,0.7,0.7,0.2893811,49925,0.034290391283587254
0.6,0.1,0.1,0.9,0.28939107,49925,0.028290222793102213
0.5,0.1,0.4,0.8,0.2894344,49925,0.03227118865898847
0.5,0.1,0.2,0.7,0.28950387,49925,0.03127279430951023
0.2,0.1,0.9,0.4,0.28953657,49925,0.03668029267869468
0.6,0.1,0.6,0.4,0.28957093,49925,0.03508826229720609
0.3,0.1,0.8,0.7,0.28970987,49925,0.03465946124532907
0.4,0.1,0.8,0.3,0.28976282,49925,0.036662000769972496
0.7,0.1,0.7,0.1,0.2898503,49925,0.03634084562164835
0.8,0.1,0.5,0.2,0.28987664,49925,0.034643885779207254
0.5,0.1,0.6,0.7,0.2903763,49925,0.033853171815145584
0.5,0.1,0.5,0.8,0.29049215,49925,0.0328736777769606
0.5,0.1,0.7,0.5,0.290685,49925,0.03519897489468271
0.4,0.1,0.7,0.8,0.2907014,49925,0.0338382589772868
0.5,0.1,0.8,0.2,0.29072374,49925,0.03692525686115455
0.6,0.1,0.2,0.5,0.29079336,49925,0.03195728806486836
0.3,0.1,0.9,0.3,0.29082388,49925,0.036987732191168826
0.3,0.1,0.8,0.8,0.29082787,49925,0.03418102535833664
0.9,0.1,0.4,0.1,0.29086885,49925,0.033875759217224154
0.5,0.1,0.3,0.8,0.2909627,49925,0.03158218560080614
0.6,0.1,0.4,0.6,0.29112592,49925,0.03299449628482221
0.9,0.1,0.3,0.1,0.29123005,49925,0.03306984915068853
0.4,0.1,0.8,0.4,0.2914028,49925,0.03613888187394184
0.8,0.1,0.1,0.5,0.2915005,49925,0.02931901962625964
0.7,0.1,0.4,0.4,0.2915647,49925,0.03357192097405449
0.8,0.1,0.2,0.2,0.2916859,49925,0.03229070322575049
0.9,0.1,0.5,0.1,0.29172492,49925,0.03459197086248902
0.6,0.1,0.8,0.1,0.29172492,49925,0.03701268595821226
0.2,0.1,0.9,0.5,0.2918572,49925,0.03609417339133586
0.6,0.1,0.7,0.3,0.29185748,49925,0.035916023684103245
0.6,0.1,0.6,0.5,0.2920063,49925,0.034628377346838365
0.7,0.1,0.6,0.3,0.2921067,49925,0.035191667821882114
0.5,0.1,0.6,0.8,0.29216537,49925,0.03339692391968536
0.4,0.1,0.7,0.9,0.29227817,49925,0.033396847158091485
0.7,0.1,0.1,0.7,0.29238024,49925,0.028903953309719052
0.7,0.1,0.5,0.4,0.2923873,49925,0.03422174407612193
0.4,0.1,0.8,0.5,0.29241312,49925,0.035617181754947
0.5,0.1,0.2,0.8,0.292454,49925,0.030826181180680833
0.2,0.1,0.9,0.6,0.29245514,49925,0.035517673051793215
0.4,0.1,0.9,0.2,0.2925796,49925,0.03727853813077466
0.9,0.1,0.1,0.4,0.2926507,49925,0.02922163005603671
0.3,0.1,0.8,0.9,0.2926653,49925,0.03373570489071549
0.5,0.1,0.5,0.9,0.2927358,49925,0.03242852375922323
0.5,0.1,0.4,0.9,0.29285833,49925,0.03183194612156804
0.7,0.1,0.7,0.2,0.29290068,49925,0.03598146167443936
0.7,0.1,0.3,0.4,0.2929841,49925,0.03285562625530543
0.5,0.1,0.7,0.6,0.29313427,49925,0.03472556301645489
0.6,0.1,0.5,0.6,0.29315704,49925,0.03362521361727632
0.3,0.1,0.9,0.4,0.2931807,49925,0.03649520723153904
0.8,0.1,0.6,0.2,0.293211,49925,0.035202710013708775
0.4,0.1,0.8,0.6,0.29327476,49925,0.03511044293376885
0.8,0.1,0.4,0.3,0.29338822,49925,0.03359232270422758
0.5,0.1,0.8,0.3,0.29351556,49925,0.03646469549955786
0.2,0.1,0.9,0.8,0.29357433,49925,0.03444037530834411
0.2,0.1,0.9,0.7,0.2935766,49925,0.03497118452615499
0.2,0.1,0.9,0.9,0.29359004,49925,0.03392934623950274
0.5,0.1,0.9,0.1,0.29375443,49925,0.03749518114814829
0.8,0.1,0.7,0.1,0.2937981,49925,0.03596914087709116
0.6,0.1,0.3,0.6,0.29394108,49925,0.03232506870759416
0.5,0.1,0.3,0.9,0.29414424,49925,0.031168038481757653
0.6,0.1,0.8,0.2,0.2943223,49925,0.03663581585054827
0.6,0.1,0.7,0.4,0.29435614,49925,0.03548388643826286
0.8,0.1,0.1,0.6,0.2944773,49925,0.028956577065655326
0.8,0.1,0.3,0.3,0.29458782,49925,0.03285784891394809
0.8,0.1,0.5,0.3,0.29465634,49925,0.03427786771420672
0.4,0.1,0.8,0.7,0.29469788,49925,0.03464254685066413
0.5,0.1,0.7,0.7,0.29473105,49925,0.03426352927539048
0.9,0.1,0.6,0.1,0.29478598,49925,0.03516925038948699
0.7,0.1,0.1,0.8,0.29482406,49925,0.028501498084019958
0.7,0.1,0.2,0.4,0.2948679,49925,0.03204864946083891
0.5,0.1,0.2,0.9,0.29491782,49925,0.0303999741147021
0.5,0.1,0.6,0.9,0.29497832,49925,0.03295489837312895
0.5,0.1,0.8,0.4,0.29498917,49925,0.03600232462241437
0.3,0.1,0.9,0.5,0.2951286,49925,0.03597420686513886
0.6,0.1,0.6,0.6,0.29515424,49925,0.034171424105670985
0.6,0.1,0.4,0.7,0.29519886,49925,0.03258015093566576
0.9,0.1,0.2,0.1,0.29525322,49925,0.0321876710778533
0.7,0.1,0.6,0.4,0.2953573,49925,0.034798224302563255
0.6,0.1,0.2,0.6,0.29536647,49925,0.03156972139581402
0.4,0.1,0.9,0.3,0.29544565,49925,0.036813658641847796
0.7,0.1,0.8,0.1,0.2954665,49925,0.03665738821981508
0.7,0.1,0.4,0.5,0.29571676,49925,0.03319097334735149
0.9,0.1,0.4,0.2,0.29585198,49925,0.03355049368003664
0.6,0.1,0.5,0.7,0.29586905,49925,0.03319302609825015
0.9,0.1,0.5,0.2,0.29597515,49925,0.034255525083469844
0.4,0.1,0.8,0.8,0.29632813,49925,0.034191042295131154
0.3,0.1,0.9,0.6,0.2963994,49925,0.03547083175326222
0.7,0.1,0.7,0.3,0.29643035,49925,0.035608811689434396
0.6,0.1,0.7,0.5,0.29649413,49925,0.03505031882447021
0.7,0.1,0.5,0.5,0.2967865,49925,0.03381933536202721
0.8,0.1,0.6,0.3,0.29684937,49925,0.034845065676026306
0.5,0.1,0.8,0.5,0.2969006,49925,0.035515865071157775
0.9,0.1,0.1,0.5,0.2969389,49925,0.02894674809899598
0.8,0.1,0.2,0.3,0.2969437,49925,0.03203775732632209
0.4,0.1,0.9,0.4,0.29699096,49925,0.03634640570899932
0.8,0.1,0.7,0.2,0.29701474,49925,0.03563074433011997
0.9,0.1,0.3,0.2,0.29704657,49925,0.03280382949380333
0.5,0.1,0.7,0.8,0.29706103,49925,0.03382697535766473
0.6,0.1,0.8,0.3,0.29716393,49925,0.036220392283742214
0.5,0.1,0.9,0.2,0.29735282,49925,0.03711219474581482
0.7,0.1,0.1,0.9,0.29741606,49925,0.028125316074829935
0.3,0.1,0.9,0.7,0.29750204,49925,0.03499058881046458
0.6,0.1,0.3,0.7,0.297588,49925,0.03192903665125103
0.6,0.1,0.6,0.7,0.2977142,49925,0.03373363657994773
0.4,0.1,0.8,0.9,0.29777607,49925,0.03377580898613961
0.8,0.1,0.1,0.7,0.2980047,49925,0.02861838890436277
0.7,0.1,0.3,0.5,0.2980649,49925,0.03250136423005447
0.6,0.1,0.9,0.1,0.29816014,49925,0.03721483956040726
0.9,0.1,0.6,0.2,0.2982617,49925,0.03483982442079097
0.8,0.1,0.4,0.4,0.29834569,49925,0.033274497616832766
0.7,0.1,0.6,0.5,0.29836437,49925,0.03438680452048682
0.3,0.1,0.9,0.8,0.298365,49925,0.034528345243761895
0.5,0.1,0.8,0.6,0.29839393,49925,0.03505554399631446
0.4,0.1,0.9,0.5,0.298516,49925,0.03585675017683766
0.6,0.1,0.7,0.6,0.29861227,49925,0.03461108710677304
0.6,0.1,0.5,0.8,0.298702,49925,0.03278054649683859
0.9,0.1,0.7,0.1,0.29874137,49925,0.03559455923424061
0.5,0.1,0.7,0.9,0.29874223,49925,0.03340776827914133
0.7,0.1,0.8,0.2,0.2988619,49925,0.0363251317395001
0.8,0.1,0.5,0.4,0.29888824,49925,0.03392564044043792
0.6,0.1,0.4,0.8,0.29905072,49925,0.03217762119535502
0.7,0.1,0.7,0.4,0.29936415,49925,0.03522493832593136
0.7,0.1,0.2,0.5,0.29952928,49925,0.03171931788398071
0.3,0.1,0.9,0.9,0.29954407,49925,0.03408911837785913
0.7,0.1,0.4,0.6,0.2996114,49925,0.03280072376341542
0.4,0.1,0.9,0.6,0.29963252,49925,0.03537971800152752
0.6,0.1,0.8,0.4,0.2996378,49925,0.03580026600775387
0.6,0.1,0.6,0.8,0.29981774,49925,0.033313620160038054
0.5,0.1,0.9,0.3,0.29984063,49925,0.03667434920870222
0.6,0.1,0.2,0.7,0.29995495,49925,0.03117697694666273
0.8,0.1,0.8,0.1,0.3000968,49925,0.036311157196091556
0.9,0.1,0.2,0.2,0.30033314,49925,0.03194189851537852
0.8,0.1,0.3,0.4,0.3003876,49925,0.032558216645275674
0.9,0.1,0.1,0.6,0.30051115,49925,0.028647247884038978
0.7,0.1,0.5,0.6,0.30054584,49925,0.03341625392784256
0.5,0.1,0.8,0.7,0.3005837,49925,0.03459421588637369
0.8,0.1,0.7,0.3,0.30059186,49925,0.03529738454249525
0.9,0.1,0.4,0.3,0.3005986,49925,0.033250799083917294
0.4,0.1,0.9,0.7,0.3008151,49925,0.03491657905785359
0.6,0.1,0.7,0.7,0.30084553,49925,0.034174616954128156
0.8,0.1,0.6,0.4,0.3012431,49925,0.03448947146318385
0.8,0.1,0.1,0.8,0.30130577,49925,0.02826721033799839
0.6,0.1,0.8,0.5,0.3013144,49925,0.035354281486868915
0.9,0.1,0.5,0.3,0.30133647,49925,0.03392989957714833
0.6,0.1,0.9,0.2,0.30135804,49925,0.0368561658154663
0.7,0.1,0.8,0.3,0.3013791,49925,0.035946632990560896
0.6,0.1,0.3,0.8,0.3013971,49925,0.031553199301214564
0.7,0.1,0.6,0.6,0.301477,49925,0.033977777907347705
0.7,0.1,0.9,0.1,0.3015387,49925,0.036907224649136185
0.6,0.1,0.5,0.9,0.30155846,49925,0.032386377172098094
0.5,0.1,0.9,0.4,0.30157977,49925,0.03622691857649345
0.7,0.1,0.7,0.5,0.30170068,49925,0.03484205547165377
0.6,0.1,0.2,0.8,0.30212793,49925,0.030801251801215974
0.6,0.1,0.6,0.9,0.30217525,49925,0.03292196014919804
0.9,0.1,0.7,0.2,0.30222028,49925,0.03530867730133113
0.4,0.1,0.9,0.8,0.30226666,49925,0.03448734457506042
0.5,0.1,0.8,0.8,0.3022892,49925,0.03416447025803212
0.8,0.1,0.2,0.4,0.3023973,49925,0.031766671222645794
0.9,0.1,0.3,0.3,0.3024991,49925,0.03252798320540989
0.7,0.1,0.3,0.6,0.30254114,49925,0.032142580905085254
0.6,0.1,0.4,0.9,0.30267623,49925,0.03180055930382157
0.9,0.1,0.6,0.3,0.30276877,49925,0.03452047986117346
0.5,0.1,0.9,0.5,0.30279845,49925,0.03576933074493738
0.5,0.1,0.8,0.9,0.30293846,49925,0.03377251511204311
0.9,0.1,0.8,0.1,0.30297887,49925,0.03597773288801494
0.6,0.1,0.7,0.8,0.30307674,49925,0.03375963483568765
0.7,0.1,0.5,0.7,0.3030917,49925,0.033026909471773586
0.8,0.1,0.8,0.2,0.3031628,49925,0.03598586303261203
0.6,0.1,0.9,0.3,0.30339,49925,0.03645792357956617
0.7,0.1,0.2,0.6,0.3035061,49925,0.0313716045928508
0.4,0.1,0.9,0.9,0.30353022,49925,0.03408435095695279
0.8,0.1,0.4,0.5,0.30375108,49925,0.03294072067060119
0.8,0.1,0.1,0.9,0.3037969,49925,0.027935035666623243
0.8,0.1,0.5,0.5,0.30381405,49925,0.03356546625675572
0.9,0.1,0.1,0.7,0.3038407,49925,0.028336988340713964
0.7,0.1,0.4,0.7,0.30386212,49925,0.03242062982868211
0.7,0.1,0.7,0.6,0.3038887,49925,0.03444534048915182
0.7,0.1,0.6,0.7,0.30403152,49925,0.033577825487291574
0.6,0.1,0.8,0.6,0.30416226,49925,0.034924496875733915
0.5,0.1,0.9,0.6,0.30426615,49925,0.03531533615182695
0.6,0.1,0.2,0.9,0.3043836,49925,0.030408784467322286
0.8,0.1,0.6,0.5,0.3045816,49925,0.03411931989916371
0.7,0.1,0.8,0.4,0.30462623,49925,0.03556930354416255
0.7,0.1,0.9,0.2,0.3046658,49925,0.03658874621048791
0.6,0.1,0.7,0.9,0.30474472,49925,0.03337397993822412
0.8,0.1,0.7,0.4,0.3047631,49925,0.03495339291818798
0.9,0.1,0.2,0.3,0.30503428,49925,0.03171981712703122
0.8,0.1,0.9,0.1,0.30527514,49925,0.036585179702176784
0.6,0.1,0.3,0.9,0.30538732,49925,0.031176943132675217
0.9,0.1,0.4,0.4,0.305402,49925,0.03297522468117938
0.9,0.1,0.7,0.3,0.3054762,49925,0.03498831958381617
0.6,0.1,0.9,0.4,0.30557284,49925,0.036050388914693476
0.9,0.1,0.5,0.4,0.30559245,49925,0.03361868635182821
0.6,0.1,0.8,0.7,0.30579877,49925,0.034519239618911596
0.8,0.1,0.3,0.5,0.30596372,49925,0.03226603186160269
0.5,0.1,0.9,0.7,0.30609572,49925,0.034896163130134904
0.7,0.1,0.6,0.8,0.30619112,49925,0.03319786249088745
0.8,0.1,0.8,0.3,0.3062315,49925,0.03565712004218841
0.7,0.1,0.7,0.7,0.30624205,49925,0.03405170955134145
0.7,0.1,0.3,0.7,0.30626637,49925,0.03180159574302596
0.7,0.1,0.5,0.8,0.30638263,49925,0.03265453555113857
0.9,0.1,0.6,0.4,0.30646238,49925,0.03418663052385766
0.8,0.1,0.2,0.5,0.30675745,49925,0.03148949264594157
0.7,0.1,0.2,0.7,0.3068164,49925,0.031048427802109188
0.9,0.1,0.8,0.2,0.3069537,49925,0.03568464916972066
0.6,0.1,0.9,0.5,0.3070084,49925,0.035646692177117696
0.9,0.1,0.1,0.8,0.3071345,49925,0.02804192432809763
0.7,0.1,0.8,0.5,0.30719432,49925,0.03518352703627847
0.8,0.1,0.5,0.6,0.3072281,49925,0.03319271810097416
0.8,0.1,0.7,0.5,0.30736807,49925,0.034607164237763215
0.6,0.1,0.8,0.8,0.30744573,49925,0.03413048393808927
0.5,0.1,0.9,0.8,0.30768734,49925,0.03446111212234891
0.7,0.1,0.4,0.8,0.3078442,49925,0.03206595739299029
0.8,0.1,0.4,0.6,0.30811855,49925,0.03259788627438764
0.8,0.1,0.6,0.6,0.30818728,49925,0.033761459952465295
0.7,0.1,0.9,0.3,0.3081971,49925,0.036233123557805384
0.8,0.1,0.9,0.2,0.30829173,49925,0.03628893095302732
0.7,0.1,0.6,0.9,0.30846447,49925,0.032835385571024334
0.9,0.1,0.3,0.4,0.30854338,49925,0.03227106196103997
0.9,0.1,0.2,0.4,0.30882698,49925,0.03148276350007817
0.7,0.1,0.7,0.8,0.30898207,49925,0.033661506023579826
0.7,0.1,0.5,0.9,0.3090459,49925,0.032294535051761906
0.5,0.1,0.9,0.9,0.3090527,49925,0.03407918486233279
0.9,0.1,0.9,0.1,0.3090544,49925,0.03627661738846348
0.6,0.1,0.9,0.6,0.30905992,49925,0.03523196088901753
0.9,0.1,0.1,0.9,0.30928823,49925,0.02774634992249011
0.8,0.1,0.8,0.4,0.30929327,49925,0.035325317902762006
0.7,0.1,0.8,0.6,0.30936563,49925,0.03480035192408238
0.6,0.1,0.8,0.9,0.30941468,49925,0.03375425581934272
0.9,0.1,0.7,0.4,0.30960503,49925,0.03466768643769528
0.8,0.1,0.5,0.7,0.30972654,49925,0.03283443604434066
0.8,0.1,0.7,0.6,0.30974558,49925,0.03423541031692702
0.7,0.1,0.9,0.4,0.30979088,49925,0.03587032230865553
0.7,0.1,0.2,0.8,0.30994323,49925,0.030703937354902303
0.9,0.1,0.8,0.3,0.31002864,49925,0.03537709341973771
0.9,0.1,0.5,0.5,0.31006274,49925,0.033289519890399646
0.7,0.1,0.3,0.8,0.31010318,49925,0.031472049126761076
0.8,0.1,0.3,0.6,0.310105,49925,0.03194872164161334
0.9,0.1,0.6,0.5,0.31010973,49925,0.0338688373364951
0.8,0.1,0.2,0.6,0.31052828,49925,0.031175058155456358
0.8,0.1,0.6,0.7,0.3105911,49925,0.03340039477825132
0.6,0.1,0.9,0.7,0.31087336,49925,0.03482371938315765
0.7,0.1,0.4,0.9,0.31109038,49925,0.03175051215133063
0.9,0.1,0.4,0.5,0.3112405,49925,0.032695305799932815
0.8,0.1,0.9,0.3,0.31129527,49925,0.035972705850753836
0.7,0.1,0.9,0.5,0.31137273,49925,0.03547762878187819
0.7,0.1,0.7,0.9,0.31146565,49925,0.03329581029704779
0.7,0.1,0.8,0.7,0.31159258,49925,0.03441288855445389
0.8,0.1,0.4,0.7,0.31163687,49925,0.032271222682342136
0.9,0.1,0.9,0.2,0.31221917,49925,0.03599452549838479
0.7,0.1,0.2,0.9,0.31224176,49925,0.03034782690510572
0.6,0.1,0.9,0.8,0.3122693,49925,0.0344297486857562
0.8,0.1,0.8,0.5,0.31228197,49925,0.034981923910089446
0.8,0.1,0.6,0.8,0.3125558,49925,0.03304877812126739
0.8,0.1,0.7,0.7,0.31256315,49925,0.0338757979325071
0.8,0.1,0.5,0.8,0.31257424,49925,0.03251490909629541
0.9,0.1,0.2,0.5,0.31261855,49925,0.03124044099316893
0.9,0.1,0.3,0.5,0.31322476,49925,0.03203274349806953
0.7,0.1,0.8,0.8,0.31327885,49925,0.03403983586573655
0.9,0.1,0.7,0.5,0.31343424,49925,0.034358261343387465
0.9,0.1,0.6,0.6,0.31344426,49925,0.033534005355177594
0.7,0.1,0.9,0.6,0.31355473,49925,0.03508912313866751
0.9,0.1,0.5,0.6,0.31369448,49925,0.03298443355471363
0.7,0.1,0.3,0.9,0.31370148,49925,0.031143912541305222
0.9,0.1,0.8,0.4,0.3137601,49925,0.03506164109028184
0.8,0.1,0.9,0.4,0.31406298,49925,0.035625999041979196
0.8,0.1,0.2,0.7,0.31413922,49925,0.030862115180525427
0.8,0.1,0.3,0.7,0.31417334,49925,0.03165640212349488
0.6,0.1,0.9,0.9,0.3144552,49925,0.03405099444301848
0.8,0.1,0.8,0.6,0.3144771,49925,0.03463037162668618
0.7,0.1,0.8,0.9,0.31487152,49925,0.03367412573103732
0.9,0.1,0.9,0.3,0.315172,49925,0.03570715396497974
0.9,0.1,0.4,0.6,0.31529248,49925,0.03240152566448835
0.8,0.1,0.4,0.8,0.3153258,49925,0.031949197590918854
0.8,0.1,0.7,0.8,0.31534064,49925,0.03351898905409991
0.8,0.1,0.5,0.9,0.31546474,49925,0.03219066416632215
0.8,0.1,0.6,0.9,0.3156104,49925,0.03271014393814897
0.9,0.1,0.7,0.6,0.3157128,49925,0.03402019629479711
0.7,0.1,0.9,0.7,0.3158858,49925,0.03471330043898254
0.9,0.1,0.5,0.7,0.31601614,49925,0.03266451664322409
0.9,0.1,0.8,0.5,0.3162936,49925,0.034759002136583096
0.8,0.1,0.8,0.7,0.31641346,49925,0.03427725365785725
0.8,0.1,0.9,0.5,0.31647474,49925,0.03529049675585323
0.9,0.1,0.6,0.7,0.31654072,49925,0.03319941191242852
0.9,0.1,0.2,0.6,0.31655622,49925,0.03095290514234473
0.8,0.1,0.2,0.8,0.3167628,49925,0.030538542153894902
0.9,0.1,0.3,0.6,0.3175164,49925,0.03176688271510597
0.7,0.1,0.9,0.8,0.3176586,49925,0.034355360595207156
0.8,0.1,0.3,0.8,0.31779206,49925,0.03136133827008502
0.9,0.1,0.9,0.4,0.31781346,49925,0.03538677686892349
0.8,0.1,0.7,0.9,0.3178491,49925,0.03318566745716868
0.9,0.1,0.7,0.7,0.31814092,49925,0.033696458378724224
0.8,0.1,0.8,0.8,0.31853974,49925,0.0339369611356104
0.8,0.1,0.4,0.9,0.31861,49925,0.03166332517856313
0.8,0.1,0.9,0.6,0.3186203,49925,0.03494179546859391
0.9,0.1,0.5,0.8,0.31872046,49925,0.03236955217344813
0.9,0.1,0.8,0.6,0.3189595,49925,0.034437255840668965
0.9,0.1,0.4,0.7,0.31919447,49925,0.03211704602923072
0.9,0.1,0.6,0.8,0.3193077,49925,0.032874818438000074
0.8,0.1,0.2,0.9,0.31946793,49925,0.030225380791967318
0.9,0.1,0.2,0.7,0.31985703,49925,0.030645665931464457
0.7,0.1,0.9,0.9,0.3203784,49925,0.03400957307725404
0.8,0.1,0.9,0.7,0.32047558,49925,0.03459953365420659
0.8,0.1,0.8,0.9,0.32078767,49925,0.03359546700384804
0.9,0.1,0.7,0.8,0.32094264,49925,0.03337375221759469
0.9,0.1,0.9,0.5,0.32097656,49925,0.03508537708211725
0.9,0.1,0.8,0.7,0.32116652,49925,0.03410537295997124
0.9,0.1,0.6,0.9,0.32153314,49925,0.03256678608536752
0.8,0.1,0.3,0.9,0.32171035,49925,0.03108571233445182
0.9,0.1,0.3,0.7,0.3218607,49925,0.03148277321041107
0.9,0.1,0.4,0.8,0.3222149,49925,0.03181568091214566
0.9,0.1,0.5,0.9,0.3225097,49925,0.032081749852935174
0.8,0.1,0.9,0.8,0.32258087,49925,0.03425516880229467
0.9,0.1,0.2,0.8,0.32258892,49925,0.030353146087016412
0.9,0.1,0.9,0.6,0.32317278,49925,0.034770768237443093
0.9,0.1,0.7,0.9,0.3236969,49925,0.03305193665128162
0.9,0.1,0.8,0.8,0.32403135,49925,0.033785932047560474
0.8,0.1,0.9,0.9,0.32476065,49925,0.033928725990906884
0.9,0.1,0.2,0.9,0.32477212,49925,0.030073067750296674
0.9,0.1,0.9,0.7,0.32490754,49925,0.03446090592841785
0.9,0.1,0.3,0.8,0.3252299,49925,0.031226209526616044
0.9,0.1,0.8,0.9,0.325868,49925,0.03347364095583452
0.9,0.1,0.4,0.9,0.32595795,49925,0.0315496909010677
0.9,0.1,0.9,0.8,0.32761756,49925,0.03414039136832513
0.9,0.1,0.3,0.9,0.32873252,49925,0.030982089689728994
0.9,0.1,0.9,0.9,0.32937095,49925,0.033839890273493975
