w1,w2,w3,w4,score,n_selected,threshold
0.1,0.3,0.9,0.8,0.32425156,49925,0.05944429346985088
0.1,0.2,0.9,0.9,0.32430318,49925,0.05751644174251017
0.1,0.3,0.9,0.7,0.32434312,49925,0.060248140795148994
0.1,0.2,0.9,0.7,0.32437482,49925,0.05912302246366726
0.1,0.2,0.9,0.8,0.32442084,49925,0.05828773705569857
0.1,0.2,0.9,0.6,0.32445315,49925,0.06000064419439733
0.1,0.2,0.8,0.9,0.3245792,49925,0.05721242656023305
0.1,0.3,0.9,0.9,0.32460773,49925,0.0586615885179369
0.1,0.2,0.9,0.5,0.32461348,49925,0.060951896599720584
0.1,0.3,0.9,0.5,0.32469594,49925,0.0620482344497786
0.1,0.2,0.8,0.5,0.32476714,49925,0.060868780332436465
0.1,0.3,0.9,0.6,0.3248335,49925,0.06111531228205063
0.1,0.2,0.8,0.7,0.32493585,49925,0.058919621589412455
0.1,0.2,0.8,0.8,0.3249548,49925,0.05802805369948722
0.1,0.2,0.8,0.6,0.3250233,49925,0.0598609906344458
0.1,0.2,0.8,0.4,0.3250639,49925,0.06195713023074362
0.1,0.1,0.8,0.9,0.32522357,49925,0.055374656919454084
0.1,0.2,0.9,0.4,0.32529122,49925,0.061963467460943375
0.1,0.4,0.9,0.7,0.3253433,49925,0.06097159378247493
0.1,0.3,0.9,0.4,0.32535934,49925,0.06302512571252644
0.1,0.3,0.8,0.7,0.32536322,49925,0.05999581034799114
0.1,0.4,0.9,0.6,0.3254238,49925,0.06178947313664197
0.1,0.3,0.8,0.5,0.32542926,49925,0.0618939496345769
0.1,0.1,0.9,0.7,0.32543164,49925,0.05726231894195749
0.1,0.1,0.7,0.7,0.32550663,49925,0.05678943004677246
0.1,0.1,0.9,0.9,0.32552326,49925,0.05567978120138464
0.1,0.1,0.7,0.8,0.32552648,49925,0.05584532469781343
0.1,0.1,0.9,0.6,0.32555017,49925,0.058143287760690054
0.1,0.3,0.8,0.6,0.32556805,49925,0.06090925652223652
0.1,0.1,0.9,0.5,0.32557994,49925,0.059077421541313686
0.1,0.1,0.9,0.8,0.3255904,49925,0.056443866868026715
0.1,0.1,0.8,0.6,0.32559368,49925,0.058010492433364806
0.1,0.2,0.7,0.8,0.3255962,49925,0.05767265390566291
0.1,0.3,0.8,0.8,0.32560062,49925,0.05914100216605852
0.1,0.2,0.7,0.5,0.32562655,49925,0.060706664230650374
0.1,0.2,0.7,0.7,0.3256374,49925,0.0586158841302505
0.1,0.4,0.9,0.8,0.32563943,49925,0.060187008206130356
0.1,0.1,0.8,0.8,0.3256488,49925,0.05618323125206487
0.1,0.2,0.7,0.6,0.32565975,49925,0.05962103157803937
0.1,0.4,0.9,0.5,0.32568544,49925,0.0626509040000025
0.1,0.1,0.7,0.9,0.32570305,49925,0.054957422965948945
0.1,0.3,0.8,0.9,0.32574934,49925,0.05836281788178675
0.1,0.1,0.8,0.7,0.32581025,49925,0.05706519287550097
0.1,0.4,0.9,0.9,0.32581645,49925,0.059445822820024016
0.1,0.1,0.8,0.5,0.32581708,49925,0.05902590236807171
0.1,0.1,0.7,0.5,0.32582015,49925,0.058924949248216105
0.1,0.1,0.7,0.6,0.32583126,49925,0.05782667750502063
0.1,0.1,0.9,0.4,0.32589772,49925,0.06006474337773465
0.1,0.2,0.7,0.9,0.32590258,49925,0.056796060971329325
0.1,0.2,0.7,0.4,0.32610857,49925,0.0618950201677028
0.1,0.4,0.8,0.6,0.3261513,49925,0.06152166550465524
0.1,0.3,0.8,0.4,0.3261797,49925,0.06293012163690612
0.1,0.1,0.8,0.4,0.32618457,49925,0.0601071573094759
0.1,0.1,0.8,0.3,0.32627192,49925,0.06127587950600509
0.1,0.4,0.9,0.4,0.32628492,49925,0.06357166262015959
0.1,0.1,0.7,0.4,0.32628506,49925,0.06011198010787369
0.1,0.1,0.6,0.9,0.3262919,49925,0.054408044297241276
0.1,0.2,0.9,0.3,0.3263227,49925,0.06310348972115758
0.1,0.1,0.6,0.7,0.3263235,49925,0.05637771256990268
0.1,0.1,0.6,0.8,0.3263596,49925,0.05535463524053974
0.1,0.3,0.7,0.6,0.3264026,49925,0.060607830216483666
0.1,0.2,0.6,0.5,0.32648975,49925,0.060429109955659026
0.1,0.3,0.8,0.3,0.32653764,49925,0.06403532232708956
0.1,0.2,0.6,0.7,0.32654542,49925,0.05820526207858653
0.1,0.1,0.6,0.5,0.32654974,49925,0.05867044712981401
0.1,0.4,0.8,0.5,0.32655197,49925,0.06243429672408292
0.1,0.5,0.9,0.8,0.32655597,49925,0.060640664258395476
0.1,0.1,0.6,0.6,0.3265585,49925,0.05748635053568095
0.1,0.5,0.9,0.7,0.32656273,49925,0.06137934428618657
0.1,0.3,0.7,0.5,0.32658392,49925,0.06164578072361046
0.1,0.2,0.8,0.3,0.32658592,49925,0.06314374192287543
0.1,0.4,0.8,0.7,0.32660136,49925,0.06063959953604285
0.1,0.3,0.9,0.3,0.3266173,49925,0.06408383300090673
0.1,0.2,0.6,0.4,0.3267127,49925,0.06171063220659443
0.1,0.1,0.9,0.3,0.32673335,49925,0.061085383757964344
0.1,0.5,0.9,0.6,0.3267501,49925,0.06213381294525626
0.1,0.5,0.9,0.9,0.32676747,49925,0.05993939729450415
0.1,0.5,0.9,0.5,0.3268446,49925,0.06296908850887355
0.1,0.1,0.7,0.3,0.32685536,49925,0.061418471995346634
0.1,0.2,0.6,0.8,0.32685915,49925,0.05717877478520803
0.1,0.1,0.6,0.4,0.32687008,49925,0.06000521227252867
0.1,0.3,0.7,0.4,0.32687446,49925,0.06275456883587748
0.1,0.2,0.6,0.6,0.32688358,49925,0.05926362867017111
0.1,0.3,0.7,0.7,0.326888,49925,0.059652936726200735
0.1,0.4,0.8,0.4,0.32695395,49925,0.06340922638417384
0.1,0.3,0.7,0.8,0.3269596,49925,0.058727864229969395
0.1,0.2,0.7,0.3,0.32704967,49925,0.06318576037104086
0.1,0.2,0.6,0.9,0.32705224,49925,0.05623387485988172
0.1,0.4,0.8,0.8,0.32711148,49925,0.059844891615155625
0.1,0.1,0.6,0.3,0.3271759,49925,0.06149505000756661
0.1,0.1,0.5,0.7,0.32717767,49925,0.05577776154927571
0.1,0.4,0.8,0.9,0.3272333,49925,0.059082183226424036
0.1,0.4,0.9,0.3,0.3272595,49925,0.06454658892644125
0.1,0.5,0.9,0.4,0.3272874,49925,0.06383133554677291
0.1,0.2,0.9,0.2,0.32735008,49925,0.06426945224736151
0.1,0.3,0.7,0.9,0.32736742,49925,0.057889383051685735
0.1,0.1,0.5,0.6,0.32737863,49925,0.05698152698251107
0.1,0.1,0.5,0.5,0.32750055,49925,0.05832720679354857
0.1,0.1,0.5,0.9,0.32756668,49925,0.05367802865851846
0.1,0.2,0.6,0.3,0.32756957,49925,0.06311331307376981
0.1,0.3,0.7,0.3,0.32757267,49925,0.06393839182387932
0.1,0.1,0.5,0.8,0.32757452,49925,0.05469630261009779
0.1,0.1,0.5,0.4,0.32773805,49925,0.05977995416459559
0.1,0.1,0.9,0.2,0.32774615,49925,0.06222707137321981
0.1,0.5,0.8,0.7,0.3277882,49925,0.06097736210164756
0.1,0.6,0.9,0.8,0.3278094,49925,0.06086323611059622
0.1,0.4,0.8,0.3,0.32783154,49925,0.06443663813980505
0.1,0.1,0.7,0.2,0.3278732,49925,0.06284490438519912
0.1,0.6,0.9,0.9,0.3278763,49925,0.06020201012068009
0.1,0.2,0.8,0.2,0.32787913,49925,0.064470735414738
0.1,0.4,0.7,0.5,0.32791117,49925,0.06209550571744563
0.1,0.3,0.6,0.5,0.3279865,49925,0.06125514440846128
0.1,0.5,0.8,0.8,0.32799065,49925,0.060208567359724116
0.1,0.1,0.8,0.2,0.32800394,49925,0.06255624530063032
0.2,0.2,0.9,0.9,0.3280439,49925,0.05878172971314939
0.1,0.4,0.7,0.6,0.32807186,49925,0.06112056328484397
0.1,0.6,0.9,0.7,0.32807654,49925,0.06157347339270266
0.1,0.3,0.9,0.2,0.32809556,49925,0.06520117313376132
0.1,0.3,0.8,0.2,0.3281095,49925,0.06525820739629418
0.1,0.4,0.7,0.8,0.32815307,49925,0.05936427443413138
0.1,0.5,0.8,0.6,0.3281779,49925,0.06178678183870448
0.1,0.6,0.9,0.6,0.3282028,49925,0.06231420888824176
0.1,0.5,0.8,0.9,0.32822236,49925,0.0594764747689803
0.1,0.4,0.7,0.7,0.32822612,49925,0.06021490994227381
0.1,0.4,0.7,0.4,0.32833436,49925,0.06312313198583978
0.1,0.3,0.6,0.4,0.32837114,49925,0.06247773811879535
0.1,0.2,0.7,0.2,0.32838443,49925,0.06460305145963173
0.1,0.1,0.5,0.3,0.3284681,49925,0.061429408776356345
0.1,0.2,0.5,0.4,0.32852277,49925,0.061372339691240285
0.1,0.5,0.9,0.3,0.3285406,49925,0.06473664853328184
0.1,0.5,0.8,0.5,0.32854322,49925,0.06266102305213171
0.1,0.3,0.6,0.6,0.32857284,49925,0.06015667831672515
0.1,0.3,0.6,0.3,0.32859892,49925,0.06375940629607384
0.2,0.2,0.9,0.8,0.32862818,49925,0.059583515710583665
0.2,0.1,0.9,0.9,0.32867593,49925,0.05738113928299879
0.2,0.2,0.9,0.7,0.3286812,49925,0.06042085626045151
0.1,0.3,0.6,0.7,0.32870883,49925,0.059136884250327905
0.1,0.4,0.9,0.2,0.32870966,49925,0.06562106448871566
0.1,0.1,0.6,0.2,0.32872742,49925,0.06314354663067812
0.1,0.4,0.7,0.9,0.32873505,49925,0.058567726717558534
0.2,0.3,0.9,0.9,0.3287705,49925,0.059761675212678854
0.1,0.6,0.9,0.5,0.32878208,49925,0.0630737546483031
0.2,0.1,0.9,0.7,0.32896456,49925,0.059009030669302534
0.1,0.5,0.8,0.4,0.32896757,49925,0.06357947838326058
0.1,0.2,0.5,0.6,0.32899535,49925,0.058711149222706
0.2,0.3,0.9,0.8,0.32899603,49925,0.06054827319483914
0.1,0.3,0.6,0.8,0.32901996,49925,0.0581925985859428
0.1,0.2,0.6,0.2,0.32902816,49925,0.06464189560096317
0.1,0.2,0.5,0.3,0.32902837,49925,0.06287597877081741
0.1,0.1,0.4,0.5,0.32903823,49925,0.05768882999549152
0.1,0.2,0.5,0.5,0.3290477,49925,0.0599965184454708
0.1,0.2,0.5,0.8,0.32904896,49925,0.05645546128263674
0.2,0.1,0.9,0.8,0.32905895,49925,0.05818658535900733
0.1,0.2,0.5,0.7,0.32906833,49925,0.05754759672582383
0.2,0.3,0.9,0.7,0.32907358,49925,0.061345448822618026
0.1,0.2,0.5,0.9,0.32913685,49925,0.05543968362657579
0.2,0.3,0.9,0.6,0.32914948,49925,0.06219259658738865
0.1,0.2,0.9,0.1,0.32917812,49925,0.06553200058922133
0.1,0.3,0.7,0.2,0.3291811,49925,0.06524083239294051
0.1,0.3,0.6,0.9,0.3292038,49925,0.05729328517616852
0.2,0.2,0.8,0.9,0.32923335,49925,0.05849504543332991
0.2,0.1,0.9,0.6,0.32923663,49925,0.05988116846820131
0.2,0.2,0.8,0.8,0.32924107,49925,0.05932068164959782
0.1,0.1,0.4,0.4,0.32924107,49925,0.05932068164959782
0.1,0.1,0.4,0.6,0.3292517,49925,0.05623195774938619
0.2,0.2,0.9,0.6,0.32926834,49925,0.06130925031765752
0.1,0.7,0.9,0.8,0.32927805,49925,0.060952129536664776
0.2,0.1,0.8,0.9,0.32931277,49925,0.05706281227048279
0.1,0.6,0.9,0.4,0.329341,49925,0.06386143147215517
0.1,0.6,0.8,0.7,0.32938603,49925,0.06111297547165042
0.1,0.5,0.7,0.7,0.3294007,49925,0.0604575916717958
0.1,0.7,0.9,0.7,0.32943115,49925,0.06161452452910004
0.1,0.4,0.7,0.3,0.3294586,49925,0.06422860221094036
0.1,0.7,0.9,0.9,0.32948607,49925,0.06031227096284537
0.1,0.1,0.4,0.7,0.3295099,49925,0.05488444964321168
0.2,0.2,0.8,0.7,0.32951012,49925,0.06022326705873438
0.1,0.5,0.7,0.6,0.32954592,49925,0.06131573403569479
0.2,0.3,0.9,0.5,0.3295551,49925,0.0631070545286656
0.1,0.6,0.8,0.8,0.3295661,49925,0.06039045559964478
0.1,0.1,0.5,0.2,0.3295688,49925,0.06325559451900589
0.2,0.2,0.9,0.5,0.329625,49925,0.062268349342341885
0.1,0.5,0.8,0.3,0.32963204,49925,0.06452244579207475
0.1,0.1,0.4,0.3,0.3296485,49925,0.061158417060661836
0.2,0.2,0.8,0.6,0.3296485,49925,0.061158417060661836
0.2,0.1,0.9,0.5,0.3296771,49925,0.06087142000825691
0.1,0.4,0.6,0.6,0.32972077,49925,0.06055897355501499
0.1,0.6,0.8,0.6,0.32972926,49925,0.061886252660290964
0.1,0.4,0.8,0.2,0.3297376,49925,0.06552591361433195
0.2,0.4,0.9,0.8,0.32979238,49925,0.06108861864856788
0.1,0.1,0.4,0.8,0.32981578,49925,0.05371835055022022
0.1,0.1,0.8,0.1,0.32981846,49925,0.06396846813578631
0.2,0.1,0.8,0.8,0.3298797,49925,0.05788784742960513
0.1,0.6,0.8,0.9,0.32990015,49925,0.059693885565316455
0.1,0.5,0.9,0.2,0.32990894,49925,0.06572563803501616
0.1,0.7,0.9,0.6,0.32993513,49925,0.06230562434855171
0.1,0.4,0.6,0.5,0.32993805,49925,0.06156418587444478
0.1,0.1,0.7,0.1,0.3299548,49925,0.06444998639815087
0.2,0.4,0.9,0.6,0.3299827,49925,0.06269235457002278
0.2,0.4,0.9,0.7,0.33002567,49925,0.061870350459321224
0.2,0.1,0.8,0.5,0.33003768,49925,0.06079256383846056
0.2,0.1,0.8,0.7,0.33004034,49925,0.05880486268389237
0.1,0.6,0.9,0.3,0.33004513,49925,0.06472128534772975
0.2,0.4,0.9,0.9,0.33007357,49925,0.060349591154135754
0.1,0.1,0.9,0.1,0.3300844,49925,0.06351629192307064
0.1,0.5,0.7,0.8,0.3300888,49925,0.05968214490957153
0.1,0.5,0.7,0.5,0.33010378,49925,0.062223695868753905
0.2,0.1,0.8,0.6,0.3301294,49925,0.0597587172755202
0.2,0.3,0.8,0.9,0.3301478,49925,0.059406940856809316
0.1,0.2,0.8,0.1,0.3301515,49925,0.06585800120664131
0.1,0.3,0.5,0.5,0.33015174,49925,0.060656098126087944
0.2,0.2,0.8,0.5,0.33016533,49925,0.06217797351752185
0.2,0.2,0.7,0.9,0.3301751,49925,0.05805588294493931
0.2,0.1,0.9,0.4,0.33021176,49925,0.061886612399495874
0.2,0.3,0.9,0.4,0.330227,49925,0.06407972162735266
0.1,0.3,0.9,0.1,0.33030525,49925,0.0664331840339109
0.2,0.3,0.8,0.7,0.33030653,49925,0.06107806098881694
0.1,0.6,0.8,0.5,0.3303268,49925,0.06268522187214055
0.1,0.4,0.6,0.4,0.33035576,49925,0.06267258747208114
0.2,0.2,0.9,0.4,0.33036646,49925,0.0632918547059318
0.2,0.3,0.8,0.8,0.3303719,49925,0.0602220137937733
0.1,0.4,0.9,0.1,0.33037722,49925,0.06676081711365284
0.2,0.3,0.8,0.6,0.3303873,49925,0.061969662926624654
0.1,0.7,0.9,0.5,0.33038867,49925,0.06300940291501798
0.2,0.1,0.7,0.9,0.33040032,49925,0.056697336360225656
0.1,0.1,0.4,0.9,0.3304552,49925,0.05264456068214303
0.1,0.4,0.6,0.7,0.33046705,49925,0.05961065013452028
0.1,0.3,0.6,0.2,0.33052868,49925,0.06512583096530573
0.1,0.3,0.5,0.4,0.33054292,49925,0.0619198644086401
0.2,0.5,0.9,0.8,0.33060324,49925,0.06140798326673794
0.1,0.4,0.7,0.2,0.330617,49925,0.065407089444445
0.1,0.2,0.5,0.2,0.33062175,49925,0.064580949397219
0.1,0.8,0.9,0.6,0.33065438,49925,0.062205194726170254
0.1,0.3,0.8,0.1,0.33065987,49925,0.06660333945955546
0.2,0.4,0.9,0.5,0.3306658,49925,0.0635663928208696
0.1,0.8,0.9,0.7,0.33070686,49925,0.061560018400397744
0.1,0.1,0.6,0.1,0.33071044,49925,0.06492651560461228
0.1,0.2,0.7,0.1,0.33072063,49925,0.06612758914540821
0.2,0.2,0.7,0.8,0.33074018,49925,0.05894120538985009
0.2,0.1,0.7,0.8,0.33075216,49925,0.0575711368622446
0.1,0.5,0.8,0.2,0.33078128,49925,0.06555179772779049
0.1,0.7,0.9,0.4,0.33081484,49925,0.06372975967541268
0.2,0.5,0.9,0.9,0.33082524,49925,0.060700429301390385
0.2,0.2,0.7,0.7,0.3308302,49925,0.059907666646329266
0.1,0.3,0.5,0.6,0.33087862,49925,0.05950081132717253
0.1,0.6,0.8,0.4,0.33088568,49925,0.06348107617123565
0.2,0.2,0.7,0.6,0.33089635,49925,0.060923495029905704
0.2,0.1,0.8,0.4,0.330978,49925,0.06191303511956454
0.1,0.5,0.7,0.4,0.3310111,49925,0.06316444908394563
0.1,0.3,0.7,0.1,0.3310126,49925,0.06670719012062974
0.2,0.5,0.9,0.7,0.33103257,49925,0.06214668282440289
0.1,0.5,0.7,0.9,0.33107588,49925,0.058911553093580905
0.2,0.1,0.7,0.6,0.33108371,49925,0.05953839878778486
0.1,0.4,0.6,0.8,0.33113003,49925,0.05870919798844415
0.1,0.6,0.9,0.2,0.3311589,49925,0.06562086113799048
0.2,0.1,0.9,0.3,0.33116052,49925,0.06298353547327239
0.1,0.8,0.9,0.8,0.33117792,49925,0.06094165356369551
0.2,0.3,0.8,0.5,0.33118176,49925,0.06293281186998372
0.2,0.1,0.7,0.7,0.33118546,49925,0.05850964220278468
0.1,0.1,0.4,0.2,0.3312282,49925,0.0632604158584419
0.2,0.2,0.8,0.4,0.3312282,49925,0.0632604158584419
0.1,0.7,0.8,0.6,0.33123347,49925,0.06182148334293366
0.1,0.2,0.4,0.4,0.331303,49925,0.060717030080164325
0.2,0.4,0.8,0.8,0.331303,49925,0.060717030080164325
0.2,0.2,0.9,0.3,0.33130676,49925,0.06439772064527191
0.2,0.1,0.7,0.5,0.33132184,49925,0.06066039354129409
0.2,0.4,0.8,0.7,0.3313414,49925,0.061546359552127824
0.1,0.7,0.8,0.5,0.33135185,49925,0.06254044015885546
0.1,0.4,0.8,0.1,0.33137152,49925,0.06674590701187856
0.2,0.4,0.9,0.4,0.33137962,49925,0.06447018539492541
0.2,0.5,0.9,0.6,0.33139226,49925,0.06290423097199635
0.1,0.7,0.8,0.7,0.3314045,49925,0.06111246716576845
0.1,0.5,0.7,0.3,0.33140507,49925,0.0641451865327994
0.1,0.2,0.6,0.1,0.33145693,49925,0.06636665949004653
0.1,0.6,0.8,0.3,0.33146337,49925,0.06438322906898483
0.1,0.8,0.9,0.5,0.33149803,49925,0.06286349666500361
0.2,0.2,0.7,0.5,0.33150452,49925,0.06199674730929894
0.1,0.4,0.6,0.3,0.33152592,49925,0.06383900986211012
0.1,0.7,0.9,0.3,0.33157396,49925,0.06454909553135083
0.2,0.4,0.8,0.9,0.33163032,49925,0.05994589660136899
0.1,0.1,0.5,0.1,0.3316332,49925,0.06536008370837555
0.1,0.5,0.9,0.1,0.33163583,49925,0.06676189325715838
0.1,0.6,0.7,0.6,0.3316423,49925,0.06131797770407647
0.2,0.1,0.6,0.9,0.33165574,49925,0.05613412428324302
0.1,0.8,0.9,0.9,0.33165687,49925,0.060346870480766784
0.1,0.3,0.5,0.7,0.33166003,49925,0.05842807802029886
0.1,0.2,0.4,0.6,0.3316915,49925,0.05786821844951112
0.1,0.3,0.5,0.3,0.33171844,49925,0.06330694534198879
0.1,0.6,0.7,0.5,0.33173665,49925,0.06215492306158353
0.3,0.2,0.9,0.9,0.33175516,49925,0.05975823688316534
0.2,0.1,0.6,0.7,0.33177662,49925,0.05813451500700027
0.2,0.3,0.9,0.3,0.33179554,49925,0.06507062591580874
0.2,0.1,0.6,0.8,0.33184436,49925,0.057115784532546565
0.1,0.2,0.4,0.5,0.3318522,49925,0.05921730538820786
0.1,0.4,0.6,0.9,0.33188105,49925,0.057880231031122394
0.2,0.4,0.8,0.6,0.33188203,49925,0.06238709687018489
0.1,0.2,0.4,0.3,0.33188203,49925,0.06238709687018489
0.2,0.1,0.7,0.4,0.3318833,49925,0.061874636461205126
0.1,0.7,0.8,0.8,0.33196285,49925,0.060437433493596884
0.3,0.2,0.9,0.8,0.33199278,49925,0.06052941667979902
0.1,0.7,0.8,0.4,0.33201262,49925,0.06332880274793255
0.2,0.3,0.7,0.9,0.33203846,49925,0.058942879278376055
0.2,0.6,0.9,0.7,0.33204982,49925,0.06223489250373348
0.2,0.2,0.6,0.8,0.3320658,49925,0.05844389170698736
0.1,0.1,0.3,0.4,0.3320658,49925,0.05844389170698736
0.2,0.4,0.8,0.5,0.3320688,49925,0.06328779891614039
0.2,0.1,0.8,0.3,0.33208835,49925,0.06311830864583962
0.2,0.3,0.8,0.4,0.33210164,49925,0.0639401623225482
0.1,0.7,0.8,0.9,0.33210286,49925,0.05976328815104819
0.2,0.3,0.7,0.7,0.33212537,49925,0.0606932746137651
0.2,0.5,0.9,0.5,0.33213428,49925,0.06373494463436444
0.1,0.8,0.9,0.4,0.33214256,49925,0.06357090697035293
0.2,0.6,0.9,0.8,0.33215585,49925,0.06152844394648443
0.2,0.1,0.6,0.6,0.3321904,49925,0.05923090232190819
0.2,0.6,0.9,0.9,0.33221903,49925,0.06086233810428348
0.2,0.2,0.7,0.4,0.33223292,49925,0.0631403612058292
0.1,0.5,0.7,0.2,0.3323093,49925,0.06524672596406335
0.1,0.3,0.5,0.8,0.33231166,49925,0.05741771378688945
0.2,0.1,0.6,0.5,0.33232364,49925,0.060432909034299265
0.1,0.5,0.6,0.5,0.33232528,49925,0.06159914746193458
0.1,0.6,0.7,0.4,0.33232826,49925,0.06300159507320562
0.2,0.3,0.7,0.8,0.33239484,49925,0.059765263697834685
0.1,0.5,0.6,0.4,0.33239806,49925,0.062576517226939
0.1,0.6,0.7,0.7,0.3323986,49925,0.06052649067730451
0.2,0.2,0.6,0.9,0.33241528,49925,0.05751267198972233
0.1,0.5,0.8,0.1,0.33241895,49925,0.06663235933558861
0.1,0.4,0.7,0.1,0.33248788,49925,0.0666749917467664
0.1,0.2,0.4,0.7,0.33248878,49925,0.05661013643421575
0.2,0.3,0.7,0.6,0.33251187,49925,0.06161599927156371
0.1,0.6,0.7,0.8,0.33252338,49925,0.05976914225016076
0.3,0.2,0.9,0.7,0.33253065,49925,0.06134898643049416
0.2,0.2,0.9,0.2,0.332576,49925,0.06558053007434991
0.1,0.4,0.6,0.2,0.33260122,49925,0.06508360113605324
0.2,0.2,0.6,0.7,0.33260435,49925,0.059432114660380675
0.3,0.2,0.9,0.6,0.33260888,49925,0.06221703966584117
0.2,0.6,0.9,0.6,0.3326286,49925,0.06297245368239715
0.2,0.1,0.9,0.2,0.33265355,49925,0.06415678468206544
0.1,0.3,0.6,0.1,0.332661,49925,0.06667563865417263
0.1,0.9,0.9,0.7,0.3326642,49925,0.06144703286079051
0.2,0.3,0.7,0.5,0.3326885,49925,0.06265265518505438
0.1,0.9,0.9,0.8,0.33269304,49925,0.06087712383126181
0.2,0.5,0.8,0.7,0.33270794,49925,0.06172652962947086
0.1,0.3,0.5,0.9,0.33271366,49925,0.05646247347432296
0.3,0.1,0.9,0.9,0.33271992,49925,0.05861195328937685
0.1,0.1,0.3,0.5,0.33273855,49925,0.05662149354670563
0.2,0.5,0.8,0.9,0.33273977,49925,0.0602674958723746
0.2,0.2,0.8,0.3,0.33274806,49925,0.06444267097095649
0.2,0.5,0.8,0.8,0.3327713,49925,0.060963148918282244
0.1,0.7,0.9,0.2,0.33277297,49925,0.06537144208357214
0.1,0.6,0.9,0.1,0.33278894,49925,0.06654071848865363
0.1,0.3,0.5,0.2,0.33280078,49925,0.06480349211633342
0.2,0.5,0.8,0.6,0.33282605,49925,0.06252933277989256
0.1,0.1,0.3,0.3,0.33285773,49925,0.06052759533432861
0.3,0.3,0.9,0.9,0.33285773,49925,0.06052759533432862
0.2,0.2,0.6,0.6,0.33285773,49925,0.06052759533432861
0.1,0.6,0.8,0.2,0.3328687,49925,0.06531420415946881
0.1,0.2,0.5,0.1,0.33288145,49925,0.06647517690476364
0.1,0.5,0.6,0.6,0.33289886,49925,0.06065282850599981
0.2,0.5,0.9,0.4,0.3329391,49925,0.06457862726637069
0.1,0.6,0.7,0.9,0.33296987,49925,0.05907603626210486
0.3,0.1,0.9,0.8,0.33298448,49925,0.05939711521609641
0.1,0.9,0.9,0.6,0.33308217,49925,0.06205875422416877
0.2,0.4,0.9,0.3,0.33310896,49925,0.06542841129345398
0.2,0.3,0.7,0.4,0.3331282,49925,0.06374693218391843
0.1,0.8,0.8,0.6,0.33313203,49925,0.06166262405195926
0.1,0.9,0.9,0.9,0.33313307,49925,0.060309335826157044
0.1,0.6,0.7,0.3,0.3331339,49925,0.0639460172983196
0.2,0.4,0.8,0.4,0.3332002,49925,0.0642569718480337
0.1,0.2,0.4,0.2,0.3332002,49925,0.0642569718480337
0.1,0.2,0.4,0.8,0.33320498,49925,0.055447119603731665
0.1,0.7,0.8,0.3,0.33322954,49925,0.06412534493149885
0.2,0.1,0.7,0.3,0.33323064,49925,0.0631933154040858
0.3,0.2,0.8,0.9,0.33327487,49925,0.059397390478961656
0.1,0.9,0.9,0.5,0.33328325,49925,0.06267568272224787
0.1,0.8,0.9,0.3,0.33330554,49925,0.06430651117544411
0.2,0.1,0.6,0.4,0.333314,49925,0.061749517125728945
0.1,0.5,0.6,0.3,0.33332846,49925,0.06362257249745093
0.1,0.5,0.6,0.7,0.33334157,49925,0.05977335896831757
0.1,0.4,0.5,0.4,0.33334562,49925,0.06198733167512205
0.1,0.8,0.8,0.7,0.3333471,49925,0.06102127887119523
0.3,0.1,0.9,0.7,0.33338282,49925,0.06023069711981862
0.1,0.1,0.3,0.6,0.33339167,49925,0.05502479981897414
0.2,0.2,0.6,0.5,0.3333982,49925,0.061672822577089954
0.2,0.6,0.9,0.5,0.3334184,49925,0.0637379252691148
0.3,0.3,0.9,0.8,0.33341914,49925,0.06128545136684333
0.2,0.3,0.9,0.2,0.33342654,49925,0.06617520592032881
0.1,0.8,0.8,0.8,0.33348873,49925,0.060382900044598016
0.3,0.2,0.8,0.8,0.33351752,49925,0.060227140956230975
0.2,0.4,0.7,0.6,0.33356357,49925,0.0619833066075525
0.2,0.3,0.8,0.3,0.33361682,49925,0.06507443936536865
0.3,0.1,0.8,0.9,0.33363125,49925,0.05830011346634213
0.1,0.9,0.9,0.4,0.33365485,49925,0.06333806030691533
0.2,0.4,0.7,0.8,0.33368313,49925,0.0602342562074184
0.2,0.2,0.7,0.3,0.3336866,49925,0.064382092790838
0.1,0.4,0.5,0.3,0.3336911,49925,0.06320578121422853
0.1,0.2,0.4,0.9,0.3337026,49925,0.05437977473507182
0.2,0.5,0.8,0.5,0.33370417,49925,0.06339542279582613
0.3,0.3,0.9,0.7,0.3337146,49925,0.06209167451842023
0.1,0.5,0.6,0.8,0.33373496,49925,0.05895619675572257
0.2,0.4,0.7,0.7,0.33374473,49925,0.061074081298330286
0.3,0.2,0.8,0.7,0.33377585,49925,0.06110111892989348
0.2,0.1,0.8,0.2,0.33381215,49925,0.06439630094431625
0.1,0.8,0.8,0.5,0.33384767,49925,0.06236766377986328
0.1,0.1,0.3,0.7,0.33385736,49925,0.05359628267486483
0.2,0.5,0.9,0.3,0.33385757,49925,0.0654795635224567
0.3,0.1,0.9,0.6,0.3338605,49925,0.061119619652441136
0.1,0.5,0.6,0.9,0.3338821,49925,0.058168298888269646
0.2,0.4,0.7,0.9,0.33391586,49925,0.05942578083765746
0.3,0.2,0.8,0.6,0.33392358,49925,0.06203921514726407
0.3,0.1,0.8,0.8,0.33392826,49925,0.05913160969373841
0.2,0.2,0.8,0.2,0.33395612,49925,0.0656951497070701
0.1,0.1,0.4,0.1,0.33395612,49925,0.0656951497070701
0.1,0.7,0.9,0.1,0.3339684,49925,0.06622407084994843
0.3,0.2,0.9,0.5,0.33396843,49925,0.06315851748724349
0.1,0.4,0.5,0.5,0.33397406,49925,0.06083880003547908
0.2,0.4,0.9,0.2,0.3339768,49925,0.06648649460035849
0.3,0.4,0.9,0.8,0.33402058,49925,0.06171951848687859
0.3,0.3,0.9,0.6,0.3340488,49925,0.0629376831836591
0.2,0.2,0.6,0.4,0.3340488,49925,0.0629376831836591
0.1,0.1,0.3,0.2,0.3340488,49925,0.0629376831836591
0.2,0.4,0.7,0.5,0.33405256,49925,0.06293089982461404
0.2,0.7,0.9,0.8,0.3340636,49925,0.061574343643820334
0.3,0.4,0.9,0.9,0.33407402,49925,0.061003768993425356
0.2,0.7,0.9,0.6,0.33407676,49925,0.06292703926382334
0.1,0.8,0.8,0.9,0.33408344,49925,0.059773416957295246
0.1,0.8,0.9,0.2,0.33408782,49925,0.06506310707917665
0.1,0.4,0.5,0.6,0.33409563,49925,0.059773702579617304
0.2,0.1,0.5,0.8,0.33413947,49925,0.05641293406829619
0.1,0.8,0.8,0.4,0.33414927,49925,0.0630789979202065
0.3,0.1,0.8,0.7,0.3341569,49925,0.060027097300182894
0.2,0.4,0.8,0.3,0.33415774,49925,0.06527425091303796
0.2,0.1,0.5,0.7,0.33415967,49925,0.05751253869187528
0.2,0.1,0.5,0.6,0.33418176,49925,0.05867893191390236
0.1,0.7,0.7,0.5,0.33418632,49925,0.06195544103654857
0.1,0.7,0.7,0.7,0.33419335,49925,0.060478885405056776
0.1,0.4,0.5,0.7,0.33421993,49925,0.05877573200202135
0.1,0.6,0.8,0.1,0.33428955,49925,0.06630879349047349
0.1,0.7,0.7,0.6,0.33429173,49925,0.0612070353682816
0.2,0.7,0.9,0.7,0.33430058,49925,0.06224135054503519
0.2,0.1,0.5,0.5,0.33431017,49925,0.059984885978531174
0.2,0.1,0.6,0.3,0.3343339,49925,0.06318164497719843
0.2,0.7,0.9,0.9,0.3343401,49925,0.06094967419377509
0.1,0.5,0.7,0.1,0.33434868,49925,0.06639132511588772
0.2,0.6,0.9,0.4,0.33435082,49925,0.06451656822452088
0.2,0.1,0.5,0.9,0.33435243,49925,0.05540163834897661
0.2,0.5,0.8,0.4,0.33447114,49925,0.06427016083152727
0.3,0.1,0.9,0.5,0.3344771,49925,0.06210228121544165
0.1,0.4,0.6,0.1,0.3344995,49925,0.06645574481955728
0.2,0.1,0.9,0.1,0.3345074,49925,0.06545199096468232
0.2,0.3,0.6,0.7,0.33451614,49925,0.06015912825448065
0.2,0.3,0.6,0.6,0.3345324,49925,0.06114637166776705
0.3,0.4,0.9,0.7,0.33455688,49925,0.06245107521829003
0.1,0.7,0.8,0.2,0.33459318,49925,0.06498912151817168
0.2,0.2,0.9,0.1,0.33459827,49925,0.06682102079246247
0.1,0.7,0.7,0.4,0.3346258,49925,0.06275021531525173
0.1,0.9,0.9,0.3,0.33464724,49925,0.06401833814674238
0.3,0.3,0.9,0.5,0.33465555,49925,0.06382742328556837
0.1,0.3,0.5,0.1,0.33467138,49925,0.06647160885501367
0.3,0.3,0.8,0.8,0.33467966,49925,0.060942446087952004
0.2,0.7,0.9,0.5,0.3347033,49925,0.06363350939911937
0.2,0.3,0.8,0.2,0.3347043,49925,0.06624015261220746
0.1,0.6,0.7,0.2,0.3347443,49925,0.06488842706067453
0.2,0.6,0.9,0.3,0.33474645,49925,0.06538054710684468
0.3,0.1,0.8,0.6,0.33475825,49925,0.06094965397198247
0.1,0.4,0.5,0.8,0.33476064,49925,0.057862245023416185
0.1,0.4,0.5,0.9,0.33479625,49925,0.05697556191171424
0.1,0.3,0.4,0.3,0.33480975,49925,0.0625609397619282
0.2,0.6,0.8,0.6,0.33480975,49925,0.0625609397619282
0.2,0.6,0.8,0.7,0.33481774,49925,0.06179708576109444
0.1,0.7,0.7,0.8,0.33481884,49925,0.059773365501153836
0.1,0.5,0.6,0.2,0.33485016,49925,0.0647540685375007
0.1,0.8,0.8,0.3,0.3348599,49925,0.06382950794546752
0.1,0.1,0.3,0.8,0.33486852,49925,0.05229662147559971
0.2,0.2,0.6,0.3,0.33487672,49925,0.06427393372868563
0.2,0.3,0.7,0.3,0.33487856,49925,0.06492178193141604
0.2,0.1,0.7,0.2,0.3348805,49925,0.06463398363852507
0.2,0.3,0.6,0.5,0.33490843,49925,0.062222974820371646
0.1,0.9,0.8,0.8,0.3349691,49925,0.06028512276435545
0.1,0.3,0.4,0.4,0.3349876,49925,0.061076067269298075
0.2,0.6,0.8,0.8,0.3349876,49925,0.061076067269298075
0.2,0.5,0.9,0.2,0.3349902,49925,0.06646229826474645
0.3,0.3,0.8,0.9,0.33499473,49925,0.06014806190319118
0.1,0.6,0.6,0.6,0.33500704,49925,0.06058365985597452
0.3,0.2,0.8,0.5,0.33501548,49925,0.06302234701432871
0.3,0.1,0.7,0.9,0.33505315,49925,0.05783788744236486
0.1,0.8,0.9,0.1,0.33506924,49925,0.0658678141204786
0.1,0.6,0.6,0.5,0.33507156,49925,0.06145491722673045
0.3,0.4,0.9,0.6,0.33507463,49925,0.06326240552163623
0.3,0.5,0.9,0.9,0.3350851,49925,0.06124215594726899
0.1,0.7,0.7,0.9,0.33510736,49925,0.05908660767490834
0.2,0.1,0.5,0.4,0.3351229,49925,0.061408771955875414
0.2,0.3,0.6,0.8,0.3351246,49925,0.0592113048819741
0.2,0.6,0.8,0.5,0.33515292,49925,0.06334475108044199
0.1,0.9,0.8,0.7,0.33515525,49925,0.060871527238419904
0.2,0.5,0.8,0.3,0.33516687,49925,0.06522813540767063
0.3,0.1,0.7,0.7,0.33517548,49925,0.059676704207200955
0.1,0.9,0.8,0.9,0.33518592,49925,0.05969375025156115
0.1,0.4,0.5,0.2,0.33521205,49925,0.06453880037961088
0.1,0.9,0.9,0.2,0.33525833,49925,0.06473532438171113
0.2,0.3,0.6,0.9,0.33526146,49925,0.058323493058486525
0.1,0.3,0.4,0.5,0.3352672,49925,0.059724268156782015
0.1,0.3,0.4,0.6,0.33529,49925,0.05850821015326515
0.1,0.6,0.6,0.4,0.33529526,49925,0.062320621746727985
0.2,0.4,0.7,0.4,0.33531788,49925,0.06392179009846115
0.3,0.2,0.9,0.4,0.33533037,49925,0.06411575622691579
0.1,0.7,0.7,0.3,0.33535075,49925,0.06360248670837994
0.1,0.7,0.8,0.1,0.3353637,49925,0.06589406443147462
0.3,0.3,0.8,0.7,0.33537662,49925,0.061773707441414145
0.2,0.8,0.9,0.7,0.33539724,49925,0.06211136502736244
0.2,0.8,0.9,0.8,0.3354095,49925,0.06152082737694864
0.1,0.9,0.8,0.6,0.33542645,49925,0.06147480939721249
0.1,0.1,0.3,0.9,0.33543962,49925,0.05114159561314855
0.1,0.2,0.4,0.1,0.33545956,49925,0.06637810153081287
0.2,0.4,0.8,0.2,0.33545956,49925,0.06637810153081287
0.3,0.1,0.9,0.4,0.3354701,49925,0.06309408972901417
0.2,0.6,0.8,0.9,0.33549744,49925,0.060388409579968376
0.3,0.1,0.7,0.8,0.33551866,49925,0.058704677808089
0.1,0.3,0.4,0.7,0.33554018,49925,0.05736332534043973
0.3,0.3,0.8,0.6,0.33554414,49925,0.06265012013800993
0.3,0.1,0.8,0.5,0.33554676,49925,0.06195762701862716
0.1,0.6,0.6,0.9,0.33562517,49925,0.05827717606395277
0.2,0.3,0.9,0.1,0.335641,49925,0.06740262668872835
0.2,0.5,0.7,0.6,0.33565515,49925,0.06205344591526519
0.2,0.7,0.9,0.4,0.33565694,49925,0.06436832788048864
0.3,0.5,0.9,0.8,0.3356636,49925,0.06194530616559599
0.3,0.3,0.9,0.4,0.33566755,49925,0.06475265795195459
0.3,0.1,0.7,0.6,0.3356913,49925,0.0606821136342143
0.1,0.9,0.8,0.5,0.33569545,49925,0.06212306622496121
0.2,0.2,0.5,0.8,0.3357351,49925,0.05771876780405091
0.1,0.6,0.6,0.7,0.3357525,49925,0.059771512368651386
0.3,0.2,0.7,0.7,0.3357557,49925,0.06072759830000653
0.1,0.8,0.7,0.7,0.33576182,49925,0.06035517194298117
0.2,0.5,0.7,0.5,0.3357641,49925,0.06294904802870742
0.1,0.8,0.8,0.2,0.33577412,49925,0.06461882731682614
0.3,0.4,0.9,0.5,0.33579168,49925,0.06410946448242741
0.3,0.4,0.8,0.9,0.33579448,49925,0.06055437104583061
0.1,0.6,0.6,0.8,0.33580002,49925,0.0590037659888769
0.3,0.2,0.7,0.9,0.33580863,49925,0.058953641121987733
0.2,0.2,0.7,0.2,0.3358097,49925,0.06574009868626686
0.2,0.5,0.7,0.9,0.33583704,49925,0.05969319404329678
0.2,0.3,0.6,0.4,0.3358637,49925,0.06337146970126886
0.3,0.5,0.9,0.7,0.335878,49925,0.0627126017522431
0.1,0.6,0.6,0.3,0.3358951,49925,0.06327131807359049
0.1,0.5,0.5,0.4,0.33589965,49925,0.061759256566991126
0.1,0.8,0.7,0.8,0.3359052,49925,0.059698946089393405
0.3,0.2,0.7,0.8,0.3359158,49925,0.059807683540614026
0.2,0.8,0.9,0.6,0.33591592,49925,0.06276791791369785
0.2,0.5,0.7,0.7,0.33591998,49925,0.061228065499032105
0.2,0.4,0.9,0.1,0.33593148,49925,0.06760229986549855
0.4,0.2,0.9,0.9,0.33593184,49925,0.06038486595301512
0.2,0.2,0.5,0.7,0.33593744,49925,0.058762193335398415
0.1,0.6,0.7,0.1,0.33594564,49925,0.06591252333829231
0.4,0.2,0.9,0.8,0.33599338,49925,0.061169959760601536
0.2,0.8,0.9,0.9,0.3360114,49925,0.06092066568027528
0.1,0.9,0.9,0.1,0.33603653,49925,0.06547235467162833
0.2,0.1,0.8,0.1,0.33604956,49925,0.06586950337975189
0.3,0.2,0.8,0.4,0.33605045,49925,0.06407132980004973
0.2,0.4,0.7,0.3,0.33606404,49925,0.06500578307003807
0.1,0.8,0.7,0.6,0.33607188,49925,0.061002150961970945
0.2,0.2,0.8,0.1,0.3360725,49925,0.06711665416438782
0.2,0.6,0.8,0.4,0.33607975,49925,0.06415787327328716
0.1,0.3,0.4,0.2,0.33607975,49925,0.06415787327328716
0.3,0.4,0.8,0.8,0.33612123,49925,0.061296378176440375
0.2,0.5,0.7,0.8,0.3361222,49925,0.060425826716844266
0.2,0.2,0.5,0.6,0.33614218,49925,0.059892804223689165
0.1,0.3,0.4,0.8,0.33614397,49925,0.056291407751530124
0.2,0.2,0.5,0.9,0.3361723,49925,0.05674364584824237
0.2,0.1,0.5,0.3,0.33617574,49925,0.06300582923778487
0.2,0.2,0.5,0.5,0.33617836,49925,0.061145450783398156
0.1,0.9,0.8,0.4,0.3361788,49925,0.0627780138109217
0.2,0.8,0.9,0.5,0.33619007,49925,0.06341053143191973
0.2,0.7,0.8,0.6,0.3361922,49925,0.06241557743144408
0.1,0.5,0.5,0.5,0.3362183,49925,0.06071406684754522
0.2,0.3,0.7,0.2,0.33625686,49925,0.06620007222600612
0.2,0.1,0.6,0.2,0.33626145,49925,0.0647280604979685
0.2,0.7,0.8,0.7,0.33630243,49925,0.061722197310718104
0.4,0.1,0.9,0.9,0.33630997,49925,0.059476735736978405
0.1,0.7,0.7,0.2,0.3363104,49925,0.06447716704385863
0.3,0.4,0.8,0.7,0.33633307,49925,0.06210829824230849
0.2,0.6,0.9,0.2,0.33634278,49925,0.06627754037514386
0.2,0.7,0.9,0.3,0.3363711,49925,0.06514953235690912
0.1,0.8,0.7,0.5,0.33638787,49925,0.06169915942989818
0.3,0.3,0.8,0.5,0.33645156,49925,0.0636013061667914
0.2,0.7,0.8,0.8,0.33646846,49925,0.061058404460207036
0.3,0.2,0.7,0.6,0.3364685,49925,0.061709729154514184
0.1,0.9,0.8,0.3,0.33647397,49925,0.06346589711795202
0.2,0.5,0.7,0.4,0.33647743,49925,0.06388909412654568
0.1,0.8,0.7,0.9,0.33649996,49925,0.05907397160868352
0.1,0.5,0.6,0.1,0.33650753,49925,0.06596037657515981
0.3,0.5,0.9,0.6,0.33651188,49925,0.0634483055202201
0.2,0.3,0.8,0.1,0.33651644,49925,0.06753009320180242
0.1,0.5,0.5,0.6,0.3365176,49925,0.0597527910620249
0.4,0.1,0.9,0.8,0.33653498,49925,0.060256412068934465
0.2,0.5,0.8,0.2,0.33654067,49925,0.06626004678422329
0.1,0.3,0.4,0.9,0.33654404,49925,0.05530253176857624
0.3,0.1,0.9,0.3,0.33658305,49925,0.06418806715148521
0.4,0.2,0.9,0.7,0.33660844,49925,0.061996365864349166
0.3,0.1,0.7,0.5,0.33663946,49925,0.06176132232726357
0.3,0.4,0.9,0.4,0.33666763,49925,0.06501170485707285
0.2,0.3,0.6,0.3,0.33667973,49925,0.0646212319881123
0.1,0.8,0.8,0.1,0.33669287,49925,0.06545206263296187
0.2,0.9,0.9,0.9,0.33670396,49925,0.06082675910180764
0.2,0.6,0.8,0.3,0.33671176,49925,0.06503232279150431
0.2,0.4,0.6,0.8,0.33671728,49925,0.05960141098409449
0.1,0.2,0.3,0.4,0.33671728,49925,0.05960141098409449
0.3,0.2,0.7,0.5,0.33672908,49925,0.06276345323311028
0.2,0.5,0.9,0.1,0.33673254,49925,0.06749449742766918
0.2,0.2,0.5,0.4,0.33673325,49925,0.06247335382457964
0.1,0.5,0.5,0.8,0.33677498,49925,0.058011310132515294
0.1,0.8,0.7,0.4,0.3367753,49925,0.062443736145794126
0.1,0.5,0.5,0.7,0.3367769,49925,0.05885540598203046
0.3,0.1,0.8,0.4,0.33678728,49925,0.06304167980618013
0.2,0.9,0.9,0.8,0.336815,49925,0.06138608633580433
0.2,0.2,0.6,0.2,0.33683756,49925,0.06574080712999697
0.1,0.1,0.3,0.1,0.33683756,49925,0.06574080712999697
0.3,0.3,0.9,0.3,0.33683756,49925,0.06574080712999697
0.4,0.3,0.9,0.9,0.33685437,49925,0.06105268372722814
0.1,0.7,0.6,0.6,0.33688286,49925,0.06042548110751572
0.3,0.1,0.6,0.8,0.33688647,49925,0.05817832169865489
0.2,0.7,0.8,0.5,0.33689487,49925,0.06314537079520108
0.3,0.4,0.8,0.6,0.3368967,49925,0.06295178699602168
0.3,0.2,0.9,0.3,0.33690304,49925,0.0651833904304222
0.3,0.5,0.9,0.5,0.33690953,49925,0.06424986250856389
0.1,0.7,0.6,0.7,0.33696997,49925,0.05966823349886857
0.1,0.2,0.3,0.3,0.33700448,49925,0.061427587782545506
0.3,0.6,0.9,0.9,0.33700448,49925,0.06142758778254551
0.2,0.4,0.6,0.6,0.33700448,49925,0.061427587782545506
0.4,0.1,0.9,0.7,0.33701947,49925,0.06107843151544449
0.4,0.2,0.9,0.6,0.3370468,49925,0.06282715036981708
0.2,0.8,0.9,0.4,0.3370566,49925,0.06411582347540269
0.3,0.6,0.9,0.8,0.33706677,49925,0.062059387426905824
0.2,0.1,0.4,0.6,0.3370707,49925,0.057855912519124884
0.2,0.4,0.6,0.7,0.33708155,49925,0.06047176044282429
0.3,0.1,0.6,0.9,0.33708593,49925,0.057232923434178726
0.1,0.5,0.5,0.3,0.33709863,49925,0.06283826605848881
0.2,0.1,0.4,0.7,0.3371013,49925,0.05657192725512626
0.1,0.4,0.5,0.1,0.3371048,49925,0.06596034632344956
0.2,0.7,0.8,0.9,0.33711308,49925,0.06040895328754443
0.1,0.8,0.7,0.3,0.33715296,49925,0.06319471811000525
0.2,0.4,0.6,0.9,0.3371756,49925,0.05877711983195382
0.2,0.9,0.9,0.7,0.337206,49925,0.061947946395495064
0.2,0.4,0.6,0.5,0.337239,49925,0.0623934040320622
0.2,0.6,0.7,0.7,0.337251,49925,0.06122949125327455
0.3,0.3,0.8,0.4,0.337267,49925,0.06458450824896066
0.2,0.1,0.4,0.8,0.33726862,49925,0.05540275987790157
0.1,0.6,0.6,0.2,0.33728588,49925,0.06429169506195719
0.1,0.5,0.5,0.9,0.33729398,49925,0.05720779307740641
0.3,0.3,0.7,0.8,0.33731762,49925,0.060464984623467444
0.3,0.3,0.7,0.9,0.3373347,49925,0.059644075988550024
0.1,0.9,0.8,0.2,0.33733964,49925,0.06419103416608077
0.2,0.4,0.7,0.2,0.3373476,49925,0.066165841042747
0.3,0.1,0.6,0.7,0.3373727,49925,0.059172063578758365
0.4,0.3,0.9,0.8,0.3373951,49925,0.061793148034159855
0.1,0.7,0.7,0.1,0.3374086,49925,0.06541288651862671
0.2,0.4,0.8,0.1,0.33740962,49925,0.06759977255031803
0.2,0.5,0.7,0.3,0.33742055,49925,0.06485380672577806
0.3,0.3,0.7,0.7,0.33742976,49925,0.0613323059762436
0.1,0.2,0.3,0.5,0.33743703,49925,0.05798643596980621
0.1,0.7,0.6,0.5,0.33744317,49925,0.0611689189503998
0.1,0.2,0.3,0.2,0.33744457,49925,0.06345310689508554
0.3,0.6,0.9,0.6,0.33744457,49925,0.06345310689508554
0.2,0.4,0.6,0.4,0.33744457,49925,0.06345310689508554
0.2,0.6,0.7,0.6,0.33745936,49925,0.061976981922511255
0.3,0.6,0.9,0.7,0.33749682,49925,0.06274199705722029
0.4,0.1,0.8,0.9,0.33749697,49925,0.05910957193514319
0.2,0.7,0.8,0.4,0.33750916,49925,0.06390888891722327
0.4,0.1,0.8,0.8,0.3375213,49925,0.05990966491092706
0.2,0.8,0.9,0.3,0.33753586,49925,0.06484709536083302
0.1,0.7,0.6,0.8,0.33754697,49925,0.05896948281879322
0.1,0.7,0.6,0.4,0.33756465,49925,0.061984178240531665
0.2,0.9,0.9,0.6,0.33756465,49925,0.06254827848336555
0.3,0.2,0.7,0.4,0.33757237,49925,0.06390772168163582
0.3,0.1,0.6,0.6,0.3375787,49925,0.0602512583131399
0.2,0.7,0.9,0.2,0.33758366,49925,0.0659576442326388
0.1,0.4,0.4,0.4,0.337588,49925,0.060928088078445616
0.2,0.8,0.8,0.8,0.337588,49925,0.060928088078445616
0.4,0.2,0.8,0.9,0.33760348,49925,0.06001197913235432
0.2,0.1,0.4,0.9,0.3376172,49925,0.05430733391270233
0.2,0.1,0.7,0.1,0.33763692,49925,0.06624936276143721
0.2,0.2,0.7,0.1,0.33765537,49925,0.06725514657638194
0.2,0.6,0.7,0.8,0.3376669,49925,0.06046902103439384
0.1,0.9,0.7,0.8,0.337672,49925,0.05953794632695295
0.4,0.2,0.8,0.8,0.3376727,49925,0.06082783064022807
0.2,0.1,0.4,0.4,0.3376727,49925,0.06082783064022807
0.2,0.8,0.8,0.9,0.3376735,49925,0.06033907994769589
0.1,0.9,0.7,0.7,0.3377123,49925,0.06013189923756214
0.4,0.3,0.9,0.7,0.33773533,49925,0.06256978734467367
0.3,0.4,0.8,0.5,0.33774996,49925,0.06384688318018467
0.2,0.1,0.4,0.5,0.33777243,49925,0.059254613411163476
0.2,0.6,0.9,0.1,0.33777684,49925,0.06721226956836568
0.3,0.5,0.9,0.4,0.3377799,49925,0.06508580417534596
0.2,0.8,0.8,0.7,0.33782566,49925,0.061551689116307234
0.1,0.7,0.6,0.9,0.33785164,49925,0.05827614799287347
0.2,0.9,0.9,0.5,0.3378792,49925,0.06318741500355722
0.2,0.2,0.5,0.3,0.33788458,49925,0.0639353392022756
0.1,0.4,0.4,0.5,0.33788773,49925,0.0597452286778234
0.3,0.6,0.9,0.5,0.33788884,49925,0.0641869497098732
0.1,0.9,0.7,0.6,0.33789,49925,0.06076283042776919
0.4,0.2,0.9,0.5,0.3379071,49925,0.06373798807278247
0.2,0.6,0.7,0.9,0.3379118,49925,0.05977356718821434
0.1,0.2,0.3,0.6,0.33792487,49925,0.05651469497835992
0.3,0.3,0.7,0.6,0.3379272,49925,0.06225897651241308
0.1,0.5,0.5,0.2,0.33793113,49925,0.06402685579991649
0.3,0.5,0.8,0.7,0.3379315,49925,0.06228257153417534
0.3,0.5,0.8,0.9,0.33794475,49925,0.06081349353360938
0.3,0.5,0.8,0.8,0.33796117,49925,0.06152986289444419
0.3,0.1,0.8,0.3,0.3379728,49925,0.06421665763161467
0.4,0.4,0.9,0.9,0.3379844,49925,0.061424547835515084
0.3,0.2,0.8,0.3,0.3379907,49925,0.0651796925404252
0.4,0.2,0.8,0.7,0.3379979,49925,0.061676345610547904
0.3,0.7,0.9,0.9,0.338007,49925,0.06143777228418299
0.2,0.3,0.7,0.1,0.33802244,49925,0.06761390183946213
0.3,0.7,0.9,0.8,0.33802778,49925,0.062035629378354655
0.1,0.9,0.7,0.9,0.33804026,49925,0.058964030173206596
0.3,0.1,0.6,0.5,0.33809206,49925,0.061416344319451886
0.4,0.1,0.9,0.6,0.3380956,49925,0.061964277257076095
0.2,0.6,0.8,0.2,0.33812106,49925,0.06595023464064007
0.1,0.3,0.4,0.1,0.33812106,49925,0.06595023464064007
0.3,0.2,0.9,0.2,0.33812493,49925,0.06629918174273497
0.3,0.3,0.9,0.2,0.33813888,49925,0.06681455280267401
0.2,0.5,0.8,0.1,0.33816057,49925,0.067347950062182
0.3,0.4,0.9,0.3,0.33816555,49925,0.06597031558165646
0.1,0.8,0.7,0.2,0.33816645,49925,0.06399142339657952
0.3,0.2,0.6,0.9,0.33817756,49925,0.0583533835686355
0.1,0.9,0.7,0.5,0.3381902,49925,0.06139972185591611
0.4,0.1,0.8,0.7,0.33820364,49925,0.06078263228248852
0.1,0.7,0.6,0.3,0.3382111,49925,0.06285726918312978
0.3,0.1,0.7,0.4,0.33821407,49925,0.06292220649235876
0.3,0.5,0.8,0.6,0.338236,49925,0.0630472667666336
0.2,0.6,0.7,0.5,0.33823827,49925,0.06278015797564723
0.3,0.7,0.9,0.7,0.33828843,49925,0.0626714935638255
0.2,0.3,0.5,0.7,0.33828893,49925,0.059380341908080836
0.2,0.3,0.5,0.8,0.33829972,49925,0.05840436351734287
0.2,0.5,0.6,0.6,0.3383274,49925,0.06140935229045286
0.4,0.3,0.9,0.6,0.33834785,49925,0.0633706818070437
0.2,0.7,0.8,0.3,0.33838466,49925,0.064703434488883
0.2,0.6,0.7,0.4,0.33838546,49925,0.06363856736121815
0.2,0.1,0.5,0.2,0.33838692,49925,0.06472671669064885
0.2,0.8,0.8,0.6,0.33841184,49925,0.062198701244735664
0.1,0.4,0.4,0.3,0.33841184,49925,0.062198701244735664
0.2,0.3,0.6,0.2,0.33842522,49925,0.06599279598330852
0.2,0.3,0.5,0.6,0.3384439,49925,0.0604178183316579
0.3,0.4,0.8,0.4,0.33845314,49925,0.06474943697594686
0.2,0.9,0.9,0.4,0.33846095,49925,0.06384329701554163
0.1,0.9,0.8,0.1,0.3384926,49925,0.06494822295857589
0.3,0.3,0.7,0.5,0.338493,49925,0.06324244436694156
0.3,0.3,0.8,0.3,0.33849448,49925,0.06565479618106973
0.1,0.6,0.6,0.1,0.33850157,49925,0.06537757014610628
0.1,0.2,0.3,0.7,0.33853826,49925,0.05517630724541081
0.4,0.4,0.9,0.8,0.33853978,49925,0.06212433917648233
0.2,0.5,0.6,0.7,0.33857477,49925,0.060546218499771674
0.1,0.6,0.5,0.5,0.338579,49925,0.060505036476885675
0.2,0.4,0.6,0.3,0.33858323,49925,0.06456076305604633
0.3,0.1,0.9,0.2,0.33862677,49925,0.06537858601198622
0.3,0.6,0.8,0.9,0.33865365,49925,0.06088204973884439
0.2,0.8,0.8,0.5,0.3386835,49925,0.06289903712139015
0.1,0.9,0.7,0.4,0.3386879,49925,0.062065700702387164
0.3,0.2,0.6,0.8,0.33869115,49925,0.05925119057703643
0.3,0.6,0.9,0.4,0.3387125,49925,0.0649463693745796
0.3,0.2,0.6,0.7,0.33872724,49925,0.06021800141128321
0.2,0.3,0.5,0.4,0.3387885,49925,0.06280202716789564
0.1,0.4,0.4,0.6,0.33879519,49925,0.05863936756149561
0.2,0.5,0.7,0.2,0.33879814,49925,0.06592188750288729
0.3,0.2,0.6,0.6,0.3388162,49925,0.06122488064361948
0.4,0.1,0.8,0.6,0.33883098,49925,0.06171438671205658
0.4,0.1,0.9,0.5,0.33884606,49925,0.06286654627541725
0.3,0.4,0.7,0.9,0.33884627,49925,0.06002208466001123
0.4,0.2,0.8,0.6,0.3388608,49925,0.06256373910706413
0.2,0.1,0.4,0.3,0.3388608,49925,0.06256373910706413
0.4,0.4,0.9,0.7,0.3388643,49925,0.06287407210145547
0.1,0.6,0.5,0.6,0.33890417,49925,0.05963009957464612
0.2,0.3,0.5,0.5,0.33891204,49925,0.06158180165445217
0.2,0.3,0.5,0.9,0.3389181,49925,0.057484638698948556
0.4,0.3,0.8,0.9,0.33893842,49925,0.06063141220961017
0.3,0.5,0.8,0.5,0.33894384,49925,0.06386150315594867
0.2,0.1,0.6,0.1,0.3389546,49925,0.06651538226692177
0.3,0.5,0.9,0.3,0.3389565,49925,0.06596326586032605
0.2,0.5,0.6,0.9,0.3390139,49925,0.058950990752667035
0.2,0.5,0.6,0.8,0.33902085,49925,0.05971851683452734
0.2,0.5,0.6,0.5,0.33903572,49925,0.0623018262567958
0.3,0.8,0.9,0.9,0.3390444,49925,0.06136991456539754
0.2,0.7,0.9,0.1,0.3390456,49925,0.06684729962224327
0.1,0.8,0.6,0.6,0.33906624,49925,0.060166770936413524
0.1,0.6,0.5,0.4,0.33910394,49925,0.06139290370029911
0.3,0.7,0.9,0.6,0.33911178,49925,0.0633383209937604
0.3,0.2,0.6,0.5,0.3391211,49925,0.06233298483664138
0.2,0.2,0.6,0.1,0.33913648,49925,0.06740548943759818
0.1,0.7,0.6,0.2,0.3391464,49925,0.06374554104645437
0.2,0.6,0.7,0.3,0.33916366,49925,0.06453700604054671
0.1,0.9,0.7,0.3,0.33916646,49925,0.06274956211284707
0.2,0.7,0.7,0.8,0.33916706,49925,0.060406542481328124
0.2,0.7,0.7,0.7,0.3391751,49925,0.0610756061108978
0.2,0.8,0.8,0.4,0.3391784,49925,0.06362567537543432
0.1,0.4,0.4,0.2,0.3391784,49925,0.06362567537543432
0.3,0.4,0.7,0.8,0.33920512,49925,0.06078919504294396
0.4,0.1,0.7,0.9,0.33920622,49925,0.058627769866247244
0.1,0.2,0.3,0.8,0.3392071,49925,0.05397822680462687
0.2,0.4,0.7,0.1,0.33921453,49925,0.06743715500405469
0.2,0.8,0.9,0.2,0.33922935,49925,0.06562408101625503
0.3,0.2,0.7,0.3,0.33924663,49925,0.06505807136910602
0.1,0.8,0.6,0.7,0.33924723,49925,0.05948703770398803
0.1,0.8,0.7,0.1,0.33929592,49925,0.06483845048847577
0.2,0.7,0.7,0.9,0.33930036,49925,0.05974488831953336
0.3,0.6,0.8,0.8,0.3393041,49925,0.061575020833161784
0.2,0.9,0.9,0.3,0.33930895,49925,0.0645374121067568
0.3,0.1,0.6,0.4,0.33931386,49925,0.06267490455395036
0.4,0.2,0.9,0.4,0.33932322,49925,0.06467177656734188
0.3,0.7,0.9,0.5,0.33934802,49925,0.06404402463603903
0.1,0.4,0.4,0.7,0.3393519,49925,0.05762876310842219
0.1,0.4,0.4,0.8,0.33936465,49925,0.056653788284277244
0.3,0.2,0.8,0.2,0.33936694,49925,0.0663745486727407
0.4,0.3,0.8,0.8,0.3393672,49925,0.06138306702331634
0.5,0.2,0.9,0.9,0.3393726,49925,0.06086135625501703
0.3,0.1,0.5,0.8,0.33937502,49925,0.057418238784090456
0.3,0.4,0.7,0.7,0.33939487,49925,0.061622805146889593
0.3,0.1,0.7,0.3,0.33942372,49925,0.06416125199077324
0.1,0.8,0.6,0.5,0.3394269,49925,0.06087041375513193
0.2,0.9,0.8,0.8,0.3394342,49925,0.060804060887169394
0.4,0.3,0.9,0.5,0.33944535,49925,0.06421974540815588
0.3,0.4,0.7,0.6,0.33944854,49925,0.062498488359390994
0.3,0.6,0.8,0.7,0.33945107,49925,0.062259463689570665
0.2,0.6,0.8,0.1,0.33945173,49925,0.06691778480494942
0.4,0.2,0.7,0.9,0.33951882,49925,0.059517568003530724
0.1,0.6,0.5,0.3,0.33952826,49925,0.062370554176898386
0.3,0.4,0.9,0.2,0.33954325,49925,0.06701046853673058
0.1,0.6,0.5,0.7,0.33959165,49925,0.05880220722932733
0.2,0.7,0.7,0.6,0.33959284,49925,0.0617815764348546
0.2,0.9,0.8,0.7,0.33959323,49925,0.06137422132635331
0.4,0.5,0.9,0.8,0.33962002,49925,0.06232374621442869
0.4,0.5,0.9,0.9,0.3396329,49925,0.06163821675381146
0.3,0.1,0.5,0.7,0.3396334,49925,0.05846880335002858
0.4,0.4,0.9,0.6,0.33963865,49925,0.06364923970150108
0.2,0.9,0.8,0.6,0.33964467,49925,0.06196497616937591
0.3,0.3,0.7,0.4,0.33964697,49925,0.06430328055688621
0.2,0.7,0.7,0.5,0.33966485,49925,0.0625138381775949
0.3,0.6,0.9,0.3,0.33966503,49925,0.065796835124359
0.1,0.2,0.3,0.1,0.33966503,49925,0.06579683512435898
0.2,0.4,0.6,0.2,0.33966503,49925,0.06579683512435898
0.3,0.8,0.9,0.8,0.33967325,49925,0.0619442075623742
0.5,0.1,0.9,0.9,0.33967668,49925,0.06005921606007676
0.1,0.8,0.6,0.4,0.33970767,49925,0.06158191624789971
0.2,0.9,0.8,0.9,0.33970997,49925,0.06021613951758142
0.1,0.9,0.7,0.2,0.33971167,49925,0.06347318768092275
0.3,0.1,0.5,0.9,0.33972153,49925,0.056441507876791745
0.3,0.5,0.9,0.2,0.3397228,49925,0.06689107742510735
0.2,0.5,0.6,0.4,0.33972684,49925,0.06325438833524356
0.4,0.2,0.8,0.5,0.3397349,49925,0.06350181465552976
0.5,0.2,0.9,0.8,0.33975,49925,0.06159821944314781
0.4,0.2,0.7,0.8,0.33976892,49925,0.060356090768416575
0.2,0.7,0.8,0.2,0.33979625,49925,0.06556551876375864
0.1,0.6,0.5,0.8,0.33981043,49925,0.05801154325037047
0.3,0.6,0.8,0.6,0.3398146,49925,0.06298378199154768
0.4,0.1,0.7,0.7,0.33981583,49925,0.060373980138425654
0.3,0.8,0.9,0.7,0.3398292,49925,0.06251885570427093
0.3,0.2,0.9,0.1,0.33983883,49925,0.06756934657920019
0.4,0.1,0.7,0.8,0.33985928,49925,0.0594714731769457
0.1,0.5,0.5,0.1,0.3398759,49925,0.06529930933218278
0.4,0.3,0.8,0.7,0.3398854,49925,0.062204124502623824
0.2,0.3,0.5,0.3,0.3398926,49925,0.06410488482002084
0.2,0.2,0.5,0.2,0.3398981,49925,0.06555771316096422
0.2,0.9,0.8,0.5,0.33990732,49925,0.06262537637486625
0.3,0.7,0.9,0.4,0.33992824,49925,0.06477874044341697
0.4,0.1,0.8,0.5,0.3399295,49925,0.06269228214063129
0.1,0.8,0.6,0.3,0.33997023,49925,0.062342566907062406
0.3,0.3,0.8,0.2,0.3400268,49925,0.06680356086494649
0.3,0.5,0.8,0.4,0.3400375,49925,0.06473474191594907
0.3,0.4,0.8,0.3,0.34004825,49925,0.06576256044934331
0.4,0.5,0.9,0.7,0.34005237,49925,0.06302305156969343
0.1,0.8,0.6,0.8,0.34007055,49925,0.058834229368786246
0.3,0.1,0.5,0.6,0.34009823,49925,0.05960601763425219
0.1,0.2,0.3,0.9,0.34010777,49925,0.05287889335744006
0.5,0.1,0.9,0.8,0.34011453,49925,0.06082185410384367
0.2,0.5,0.7,0.1,0.34013715,49925,0.06704422270818483
0.4,0.1,0.9,0.4,0.34013763,49925,0.06383344750069628
0.2,0.7,0.7,0.4,0.34013918,49925,0.0633180867644064
0.1,0.6,0.5,0.9,0.34014362,49925,0.05727138947767463
0.4,0.2,0.7,0.7,0.34016442,49925,0.06123871945597782
0.3,0.1,0.8,0.2,0.34019116,49925,0.06548164186445377
0.2,0.4,0.5,0.6,0.3402027,49925,0.0605957058722399
0.1,0.7,0.6,0.1,0.34021437,49925,0.06468951534690505
0.2,0.8,0.8,0.3,0.34021762,49925,0.06437679490356611
0.1,0.4,0.4,0.9,0.34021837,49925,0.05576280195581804
0.2,0.4,0.5,0.5,0.34025759,49925,0.06164092047145618
0.3,0.7,0.8,0.9,0.34028858,49925,0.06087102150399691
0.4,0.3,0.8,0.6,0.34030592,49925,0.06302865691650894
0.3,0.4,0.7,0.5,0.3403077,49925,0.06342852400106821
0.1,0.6,0.5,0.2,0.34031573,49925,0.06340556940183038
0.3,0.8,0.9,0.6,0.34034562,49925,0.06314924760005546
0.2,0.3,0.6,0.1,0.34038603,49925,0.06752204723947713
0.3,0.5,0.7,0.9,0.34040937,49925,0.060204955237930506
0.5,0.2,0.9,0.7,0.34043106,49925,0.062372644259464045
0.2,0.5,0.6,0.3,0.34043774,49925,0.06428629141273594
0.4,0.3,0.9,0.4,0.3404437,49925,0.06513671931029338
0.5,0.3,0.9,0.9,0.3404542,49925,0.06137670322218301
0.3,0.2,0.6,0.4,0.3404724,49925,0.06351158534163949
0.3,0.3,0.6,0.8,0.3404762,49925,0.059833500951099856
0.2,0.4,0.5,0.7,0.34047806,49925,0.05962943800620163
0.4,0.1,0.7,0.6,0.3405015,49925,0.06135660130244559
0.4,0.4,0.9,0.5,0.3405026,49925,0.06446730692748852
0.3,0.1,0.9,0.1,0.34054166,49925,0.0666572302181595
0.3,0.6,0.8,0.5,0.34054422,49925,0.06373857632693247
0.2,0.4,0.5,0.8,0.34055418,49925,0.05874007598402441
0.3,0.3,0.9,0.1,0.34055686,49925,0.06798599913848707
0.3,0.5,0.7,0.7,0.3405578,49925,0.06173456544010201
0.1,0.8,0.6,0.9,0.34057006,49925,0.058197388099196175
0.2,0.8,0.9,0.1,0.34062192,49925,0.066426684494103
0.3,0.7,0.8,0.8,0.34062868,49925,0.06149340497651606
0.2,0.9,0.9,0.2,0.34065288,49925,0.06524939247617854
0.3,0.5,0.7,0.8,0.3406545,49925,0.06097300595782195
0.3,0.5,0.8,0.3,0.3406645,49925,0.06566935737694764
0.5,0.1,0.9,0.7,0.34066913,49925,0.06162276908849771
0.2,0.2,0.4,0.9,0.34069994,49925,0.05566114829515116
0.2,0.6,0.6,0.7,0.34071457,49925,0.06046192589070855
0.3,0.3,0.6,0.9,0.34071994,49925,0.0589666064620993
0.2,0.2,0.4,0.6,0.34071994,49925,0.0589666064620993
0.1,0.1,0.2,0.3,0.34071994,49925,0.0589666064620993
0.2,0.4,0.5,0.9,0.3407257,49925,0.05786441237494264
0.2,0.2,0.4,0.8,0.34073308,49925,0.056666015689626203
0.1,0.1,0.2,0.4,0.34073308,49925,0.056666015689626203
0.3,0.6,0.9,0.2,0.34078875,49925,0.06670997966019605
0.3,0.4,0.9,0.1,0.34078947,49925,0.06808985264978377
0.2,0.2,0.4,0.5,0.34079298,49925,0.0602797627468387
0.2,0.2,0.4,0.7,0.34079942,49925,0.05777236464198808
0.1,0.8,0.6,0.2,0.34080273,49925,0.06314943596057371
0.1,0.9,0.7,0.1,0.34080404,49925,0.06424095974536885
0.1,0.1,0.2,0.5,0.34081003,49925,0.05468740468724232
0.2,0.9,0.8,0.4,0.34082824,49925,0.06327394836980094
0.4,0.2,0.7,0.6,0.34085122,49925,0.06216132862374495
0.1,0.3,0.3,0.3,0.34085357,49925,0.061242329527576043
0.2,0.6,0.6,0.6,0.34085357,49925,0.061242329527576043
0.3,0.9,0.9,0.9,0.34085357,49925,0.06124232952757604
0.1,0.7,0.5,0.5,0.3408753,49925,0.06017876486889586
0.3,0.1,0.5,0.5,0.34087652,49925,0.060865692991918255
0.4,0.6,0.9,0.9,0.3408842,49925,0.06175330710052988
0.4,0.2,0.9,0.3,0.34091198,49925,0.0656769892646035
0.3,0.3,0.6,0.7,0.34092167,49925,0.060740425837873084
0.3,0.5,0.7,0.6,0.34094152,49925,0.06252904383015015
0.3,0.8,0.9,0.5,0.34094462,49925,0.06382552426889108
0.5,0.3,0.9,0.8,0.34096006,49925,0.06209422842349855
0.2,0.6,0.7,0.2,0.34096387,49925,0.06552516966267474
0.4,0.4,0.8,0.9,0.34097368,49925,0.060970562234608706
0.4,0.4,0.8,0.7,0.34098095,49925,0.062468764251072915
0.3,0.2,0.7,0.2,0.34099832,49925,0.06637859519185504
0.2,0.4,0.6,0.1,0.34100255,49925,0.06715525288249403
0.2,0.7,0.8,0.1,0.34100863,49925,0.06648666797587625
0.4,0.5,0.9,0.6,0.3410102,49925,0.06376652916748797
0.3,0.1,0.6,0.3,0.34102085,49925,0.0640449940369575
0.1,0.3,0.3,0.4,0.3410271,49925,0.05969185227257101
0.2,0.6,0.6,0.8,0.3410271,49925,0.05969185227257101
0.4,0.4,0.8,0.8,0.34103963,49925,0.06170228606860579
0.3,0.3,0.6,0.6,0.34103963,49925,0.06170228606860579
0.2,0.2,0.4,0.4,0.34103963,49925,0.06170228606860579
0.1,0.1,0.2,0.2,0.34103963,49925,0.06170228606860579
0.5,0.1,0.8,0.9,0.34104526,49925,0.05964945141915036
0.3,0.7,0.8,0.7,0.34105074,49925,0.06214867596292136
0.3,0.9,0.9,0.8,0.3410518,49925,0.06177876679314589
0.1,0.9,0.6,0.5,0.34105253,49925,0.060478488090007096
0.3,0.7,0.9,0.3,0.3410612,49925,0.06554084744520657
0.2,0.8,0.7,0.8,0.34107336,49925,0.06027328884191266
0.1,0.5,0.4,0.4,0.34107342,49925,0.06063279436577058
0.2,0.6,0.6,0.9,0.34111735,49925,0.05896741280456622
0.3,0.3,0.6,0.5,0.3411186,49925,0.06273398197191232
0.2,0.1,0.4,0.2,0.34113565,49925,0.0644826643078771
0.4,0.2,0.8,0.4,0.34113565,49925,0.0644826643078771
0.4,0.6,0.9,0.8,0.34114397,49925,0.06238369358919305
0.4,0.1,0.8,0.4,0.3411523,49925,0.06373721173834626
0.2,0.4,0.5,0.4,0.3411775,49925,0.06271465955560118
0.3,0.6,0.8,0.4,0.34119883,49925,0.06455587823945325
0.1,0.7,0.5,0.4,0.34120056,49925,0.06098752328752024
0.2,0.7,0.7,0.3,0.34123427,49925,0.06415272221436195
0.2,0.8,0.7,0.6,0.3412487,49925,0.06154757570376165
0.1,0.5,0.4,0.5,0.34125435,49925,0.059573866807641096
0.2,0.8,0.7,0.7,0.3412557,49925,0.060914294713303
0.2,0.1,0.5,0.1,0.34128603,49925,0.0667059962644187
0.2,0.8,0.7,0.9,0.3412983,49925,0.059638756008282195
0.5,0.2,0.8,0.9,0.34130767,49925,0.060442995251235414
0.3,0.9,0.9,0.7,0.341319,49925,0.0623383860429585
0.2,0.8,0.8,0.2,0.34133002,49925,0.0651534555944038
0.1,0.4,0.4,0.1,0.34133002,49925,0.0651534555944038
0.3,0.1,0.7,0.2,0.3413367,49925,0.06552751917007026
0.1,0.9,0.6,0.6,0.34135485,49925,0.059819840454711976
0.4,0.3,0.8,0.5,0.3413596,49925,0.06393871590835548
0.1,0.9,0.6,0.4,0.3413646,49925,0.06113038287362007
0.3,0.5,0.9,0.1,0.3413824,49925,0.0679359007394601
0.1,0.3,0.3,0.5,0.3413889,49925,0.05827596339935682
0.3,0.6,0.7,0.8,0.34139484,49925,0.060963793727650824
0.1,0.5,0.4,0.3,0.34139925,49925,0.06168589595608595
0.2,0.6,0.6,0.5,0.34140876,49925,0.06205048171503733
0.2,0.5,0.6,0.2,0.34142298,49925,0.06540245160492984
0.3,0.8,0.9,0.4,0.34142834,49925,0.06450100680349309
0.3,0.4,0.8,0.2,0.34143862,49925,0.06685207442029546
0.4,0.1,0.6,0.9,0.3414494,49925,0.05796591831704182
0.2,0.3,0.5,0.2,0.34145132,49925,0.06558024596874391
0.3,0.7,0.8,0.6,0.34145617,49925,0.06282988658587384
0.5,0.2,0.9,0.6,0.34147963,49925,0.06318292681594427
0.1,0.7,0.5,0.6,0.34148616,49925,0.05939047372085235
0.5,0.1,0.8,0.8,0.34148768,49925,0.060440714670922054
0.4,0.1,0.7,0.5,0.34148964,49925,0.06239498152965633
0.2,0.8,0.7,0.5,0.3415034,49925,0.06224859463554046
0.3,0.2,0.5,0.8,0.34151727,49925,0.05846649318855003
0.1,0.6,0.5,0.1,0.34151775,49925,0.06447446075944356
0.3,0.4,0.7,0.4,0.3415201,49925,0.06438667451217411
0.5,0.2,0.8,0.8,0.3415342,49925,0.061215956998863424
0.1,0.3,0.3,0.2,0.34156153,49925,0.06292957598713017
0.2,0.6,0.6,0.4,0.34156153,49925,0.06292957598713017
0.3,0.9,0.9,0.6,0.34156153,49925,0.06292957598713017
0.3,0.2,0.5,0.9,0.34156525,49925,0.05751682606683135
0.3,0.3,0.7,0.3,0.34156954,49925,0.06541092294497619
0.1,0.1,0.2,0.6,0.34158066,49925,0.05299184548346125
0.3,0.2,0.8,0.1,0.34159297,49925,0.06774168209537537
0.1,0.9,0.6,0.7,0.34160095,49925,0.05922716586129963
0.5,0.1,0.9,0.6,0.34160933,49925,0.0624542606187858
0.4,0.6,0.9,0.7,0.34164727,49925,0.06305460186161949
0.4,0.3,0.9,0.3,0.34168315,49925,0.06612327926944164
0.3,0.6,0.8,0.3,0.34169108,49925,0.06543034096239739
0.2,0.9,0.9,0.1,0.3416956,49925,0.06598353848223007
0.4,0.2,0.7,0.5,0.34169826,49925,0.06315785475926841
0.3,0.6,0.7,0.9,0.34170055,49925,0.060278347717079225
0.2,0.9,0.8,0.3,0.3417225,49925,0.06395159636525972
0.5,0.3,0.9,0.7,0.3417409,49925,0.06283920168346867
0.1,0.9,0.6,0.8,0.34178776,49925,0.05865278306850145
0.2,0.2,0.4,0.3,0.3418241,49925,0.06328080704485774
0.4,0.4,0.8,0.6,0.3418241,49925,0.06328080704485774
0.4,0.4,0.9,0.4,0.34183326,49925,0.06533462954639137
0.4,0.3,0.7,0.9,0.34184036,49925,0.06008960448716017
0.4,0.1,0.9,0.3,0.34185714,49925,0.0649167657995471
0.1,0.7,0.5,0.7,0.3418901,49925,0.05864520258814104
0.3,0.4,0.6,0.9,0.34189114,49925,0.059308461090770696
0.1,0.7,0.5,0.3,0.3419011,49925,0.06180552155406905
0.4,0.3,0.7,0.8,0.34190452,49925,0.060872031596287526
0.3,0.7,0.8,0.5,0.34191573,49925,0.06353359553181495
0.4,0.1,0.6,0.8,0.34193197,49925,0.05887294501563445
0.4,0.7,0.9,0.9,0.3419331,49925,0.06177795389005183
0.3,0.5,0.8,0.2,0.3419342,49925,0.06666000654849542
0.4,0.5,0.9,0.5,0.34196562,49925,0.06454929093555972
0.3,0.6,0.9,0.1,0.34197414,49925,0.06764561409420868
0.3,0.8,0.8,0.8,0.34197485,49925,0.061354298821759044
0.3,0.8,0.8,0.9,0.34197873,49925,0.06076474995561764
0.1,0.9,0.6,0.3,0.34198138,49925,0.061830902647391606
0.4,0.5,0.8,0.9,0.34201294,49925,0.06114510324790744
0.3,0.2,0.6,0.3,0.34201854,49925,0.06480148895797525
0.3,0.5,0.7,0.5,0.34203,49925,0.06336950116328634
0.3,0.1,0.5,0.4,0.3420366,49925,0.06220820332459068
0.1,0.3,0.3,0.6,0.3420494,49925,0.05701551537088005
0.2,0.8,0.7,0.4,0.34206355,49925,0.06295823265455339
0.4,0.7,0.9,0.8,0.34208047,49925,0.06236920478072853
0.3,0.2,0.5,0.7,0.34209076,49925,0.05947117876533462
0.2,0.2,0.5,0.1,0.34210706,49925,0.0673744623565322
0.3,0.2,0.5,0.6,0.3421245,49925,0.060551360961664434
0.4,0.6,0.9,0.6,0.34213576,49925,0.06373908234838037
0.3,0.4,0.7,0.3,0.34213936,49925,0.06543661096017024
0.3,0.7,0.9,0.2,0.34214208,49925,0.06637308382573197
0.5,0.1,0.8,0.7,0.3421449,49925,0.06128454914928171
0.1,0.5,0.4,0.6,0.34220055,49925,0.05858720977232434
0.3,0.4,0.6,0.8,0.34220064,49925,0.06011476811593198
0.1,0.8,0.6,0.1,0.3422069,49925,0.06400992826252158
0.2,0.4,0.5,0.3,0.3422451,49925,0.0638828515389484
0.3,0.6,0.7,0.7,0.34225404,49925,0.06165792235471261
0.3,0.9,0.9,0.5,0.34226036,49925,0.06354540776516822
0.1,0.5,0.4,0.2,0.34226498,49925,0.06288425838249945
0.3,0.1,0.8,0.1,0.3422966,49925,0.06689740059245412
0.5,0.2,0.8,0.7,0.34231523,49925,0.0620241390517982
0.1,0.5,0.4,0.7,0.3423183,49925,0.05763736766274234
0.3,0.4,0.6,0.7,0.34232908,49925,0.0609565287617085
0.1,0.9,0.6,0.9,0.34234878,49925,0.05806010905743148
0.3,0.3,0.8,0.1,0.3423653,49925,0.06802828329795199
0.4,0.5,0.8,0.8,0.3423656,49925,0.06185318937254739
0.4,0.1,0.6,0.7,0.34236708,49925,0.059830724670424835
0.3,0.3,0.7,0.2,0.34237057,49925,0.0666375075273903
0.5,0.4,0.9,0.9,0.34238487,49925,0.0617166668574566
0.3,0.5,0.7,0.4,0.3423866,49925,0.06426621228625816
0.2,0.6,0.7,0.1,0.34239912,49925,0.06656115145874397
0.3,0.4,0.6,0.6,0.3424076,49925,0.06187909436205531
0.4,0.2,0.6,0.9,0.3424076,49925,0.05887755382967235
0.1,0.3,0.3,0.7,0.34240854,49925,0.05581493435216438
0.5,0.3,0.9,0.6,0.34243953,49925,0.06363009395749437
0.2,0.7,0.7,0.2,0.3424447,49925,0.06504315796954757
0.3,0.3,0.6,0.4,0.34245634,49925,0.06383451420335735
0.4,0.2,0.8,0.3,0.3424752,49925,0.06556976664292162
0.5,0.2,0.9,0.5,0.34248257,49925,0.06405587567993033
0.2,0.1,0.3,0.7,0.34251183,49925,0.055192530958076795
0.6,0.2,0.9,0.9,0.3425183,49925,0.061161423950329134
0.2,0.6,0.6,0.3,0.34253734,49925,0.06386000041602631
0.1,0.1,0.2,0.7,0.3425398,49925,0.051507224476189974
0.2,0.8,0.8,0.1,0.34255528,49925,0.06599241589423079
0.3,0.8,0.9,0.3,0.34260023,49925,0.0652487211985459
0.4,0.2,0.9,0.2,0.3426055,49925,0.066769717499506
0.4,0.5,0.8,0.7,0.34260976,49925,0.06257802128429663
0.1,0.5,0.4,0.8,0.3426224,49925,0.05676000847013912
0.4,0.3,0.7,0.7,0.34262353,49925,0.06172142915160093
0.1,0.7,0.5,0.8,0.34262705,49925,0.05791579986954376
0.2,0.1,0.3,0.8,0.34262738,49925,0.05397973227543084
0.2,0.9,0.7,0.6,0.34263268,49925,0.061274107279049736
0.2,0.1,0.3,0.5,0.34264532,49925,0.05806948915946834
0.2,0.9,0.8,0.2,0.3426745,49925,0.06468981474691803
0.2,0.8,0.7,0.3,0.34269765,49925,0.0637328834800936
0.5,0.4,0.9,0.8,0.34271955,49925,0.06240712215719593
0.1,0.7,0.5,0.2,0.34272867,49925,0.06270972679186776
0.4,0.3,0.8,0.4,0.3427353,49925,0.06489709159701736
0.4,0.2,0.6,0.8,0.34274426,49925,0.05974663789848804
0.2,0.1,0.3,0.4,0.34274426,49925,0.05974663789848804
0.4,0.4,0.9,0.3,0.34274483,49925,0.06625089865045546
0.4,0.5,0.9,0.4,0.3427583,49925,0.06536640263803745
0.4,0.4,0.8,0.5,0.34277904,49925,0.06413500031987147
0.3,0.9,0.9,0.4,0.3427937,49925,0.06419667015716124
0.2,0.9,0.7,0.8,0.34279993,49925,0.060091544901893564
0.5,0.1,0.9,0.5,0.34280092,49925,0.06336741792913934
0.3,0.2,0.5,0.5,0.34282628,49925,0.061706937278566854
0.2,0.9,0.7,0.5,0.3428427,49925,0.06189489643005491
0.2,0.1,0.3,0.6,0.3428559,49925,0.0565553738451055
0.4,0.3,0.7,0.6,0.34287724,49925,0.06262234915381173
0.3,0.6,0.7,0.6,0.34288812,49925,0.06240164611695564
0.2,0.3,0.4,0.5,0.3428894,49925,0.060614670852712355
0.4,0.7,0.9,0.7,0.34288976,49925,0.0629588466983325
0.2,0.3,0.4,0.6,0.34289023,49925,0.05940130976154043
0.2,0.3,0.4,0.7,0.34289047,49925,0.058324017148610206
0.3,0.7,0.8,0.4,0.3429116,49925,0.06430825268478102
0.2,0.9,0.7,0.9,0.3429157,49925,0.059519562030572085
0.6,0.1,0.9,0.9,0.34291735,49925,0.0604912492330062
0.2,0.5,0.5,0.6,0.3429195,49925,0.06050564080344738
0.2,0.5,0.5,0.7,0.34292123,49925,0.05961405948606849
0.4,0.1,0.8,0.3,0.34292668,49925,0.06485532009054572
0.5,0.3,0.8,0.9,0.34293652,49925,0.06094065231218378
0.4,0.6,0.9,0.5,0.34293997,49925,0.06446020562672468
0.3,0.4,0.8,0.1,0.34294134,49925,0.06802810036117962
0.2,0.7,0.6,0.8,0.34295216,49925,0.059587548584298676
0.4,0.1,0.7,0.4,0.3429586,49925,0.06353583738977767
0.3,0.8,0.8,0.7,0.3429702,49925,0.06197700483190827
0.3,0.8,0.8,0.6,0.3429942,49925,0.06259815666200017
0.5,0.4,0.9,0.7,0.34299773,49925,0.06312274300223118
0.2,0.7,0.6,0.6,0.34300196,49925,0.061038416262426155
0.5,0.1,0.8,0.6,0.3430075,49925,0.06217937650286638
0.1,0.7,0.5,0.9,0.34301507,49925,0.05723516608356905
0.2,0.9,0.7,0.7,0.343074,49925,0.0606855891720275
0.2,0.7,0.6,0.7,0.3430762,49925,0.06028683521424275
0.3,0.1,0.6,0.2,0.3431117,49925,0.06551566080660672
0.1,0.9,0.6,0.2,0.3431244,49925,0.06256385796241572
0.4,0.8,0.9,0.9,0.34312543,49925,0.061670772467061596
0.5,0.3,0.8,0.8,0.3431607,49925,0.0616976308228667
0.5,0.2,0.8,0.6,0.34316766,49925,0.06288175764233898
0.4,0.3,0.9,0.2,0.34317678,49925,0.06718215058604929
0.3,0.4,0.6,0.5,0.34317848,49925,0.0628343218016262
0.2,0.1,0.3,0.9,0.3431863,49925,0.05286164612481736
0.1,0.3,0.3,0.8,0.34322038,49925,0.05472964667460832
0.2,0.7,0.6,0.5,0.34324545,49925,0.06177814205299758
0.2,0.5,0.5,0.5,0.34325445,49925,0.061422102064465106
0.4,0.6,0.8,0.9,0.3432697,49925,0.061234934857212805
0.2,0.5,0.6,0.1,0.34327236,49925,0.06662443330413373
0.5,0.5,0.9,0.9,0.34327745,49925,0.06191370288486875
0.3,0.6,0.8,0.2,0.3432934,49925,0.06635469732481324
0.3,0.4,0.7,0.2,0.34333283,49925,0.06657837121593953
0.2,0.3,0.5,0.1,0.34333295,49925,0.06718589301090566
0.4,0.1,0.6,0.6,0.34334093,49925,0.060850434533721263
0.3,0.8,0.9,0.2,0.34334242,49925,0.06601252299877157
0.2,0.7,0.6,0.4,0.3433431,49925,0.06257258375936357
0.3,0.1,0.5,0.3,0.34335813,49925,0.06369539297599465
0.2,0.7,0.6,0.9,0.3433711,49925,0.05890117934734841
0.4,0.4,0.7,0.9,0.34337592,49925,0.0603989297255102
0.4,0.2,0.6,0.7,0.3433959,49925,0.060665478674814685
0.1,0.8,0.5,0.4,0.3433975,49925,0.06048479982540436
0.4,0.7,0.9,0.6,0.34340078,49925,0.06360283338781117
0.5,0.1,0.7,0.9,0.34340718,49925,0.05912183728513239
0.4,0.6,0.9,0.4,0.34342077,49925,0.06524755282071967
0.2,0.5,0.5,0.9,0.3434208,49925,0.058006250555866466
0.2,0.3,0.4,0.4,0.34342432,49925,0.061876714091537485
0.4,0.6,0.8,0.8,0.34342432,49925,0.061876714091537485
0.3,0.5,0.8,0.1,0.34345686,49925,0.0677308895762041
0.5,0.3,0.9,0.5,0.34345928,49925,0.06448693156754029
0.3,0.5,0.7,0.3,0.3434603,49925,0.06522966093753034
0.5,0.5,0.9,0.8,0.34346148,49925,0.06254942653423902
0.6,0.2,0.9,0.8,0.3434816,49925,0.06187739567235762
0.4,0.5,0.8,0.6,0.34348613,49925,0.06334953274518966
0.3,0.1,0.4,0.7,0.343495,49925,0.05747760658987112
0.2,0.5,0.5,0.8,0.3434994,49925,0.05879201650013935
0.6,0.1,0.9,0.8,0.343521,49925,0.0612267077320949
0.3,0.7,0.8,0.3,0.343525,49925,0.06509788888456414
0.4,0.6,0.8,0.7,0.34353337,49925,0.06257529931012558
0.4,0.2,0.7,0.4,0.34354734,49925,0.06422373361502774
0.1,0.1,0.2,0.8,0.3435509,49925,0.05012329357873202
0.3,0.8,0.8,0.5,0.34356174,49925,0.06327641452901568
0.3,0.7,0.9,0.1,0.343584,49925,0.06726304907684212
0.5,0.1,0.7,0.8,0.3435844,49925,0.05997030561284387
0.4,0.1,0.9,0.2,0.34359127,49925,0.0660730593301023
0.2,0.9,0.7,0.4,0.3435958,49925,0.06256867451217166
0.3,0.1,0.4,0.9,0.3436091,49925,0.055366099872043974
0.2,0.4,0.5,0.2,0.3436165,49925,0.06518151865080211
0.3,0.6,0.7,0.5,0.34361708,49925,0.06319703432227022
0.3,0.1,0.7,0.1,0.3436201,49925,0.067098796135588
0.3,0.7,0.7,0.9,0.34363312,49925,0.060191359229465856
0.3,0.1,0.4,0.8,0.3436443,49925,0.056380124994641956
0.2,0.3,0.4,0.8,0.3436655,49925,0.05730532427256534
0.2,0.5,0.5,0.4,0.34367326,49925,0.06240514959022888
0.1,0.5,0.4,0.9,0.3436811,49925,0.055925600804415714
0.1,0.8,0.5,0.5,0.34370604,49925,0.059752981538930064
0.5,0.3,0.8,0.7,0.34372416,49925,0.06247544410427238
0.3,0.2,0.7,0.1,0.34372866,49925,0.06782373979429886
0.5,0.4,0.9,0.6,0.3437483,49925,0.06386079239284843
0.3,0.5,0.6,0.7,0.3437538,49925,0.06102621533086411
0.5,0.2,0.9,0.4,0.34375635,49925,0.06497482007013024
0.4,0.5,0.9,0.3,0.34376255,49925,0.06621420220763818
0.3,0.1,0.4,0.6,0.34376398,49925,0.058685722090794444
0.2,0.2,0.4,0.2,0.34376445,49925,0.06504736952726066
0.4,0.4,0.8,0.4,0.34376445,49925,0.06504736952726066
0.3,0.3,0.6,0.3,0.34376445,49925,0.06504736952726066
0.1,0.1,0.2,0.1,0.34376445,49925,0.06504736952726066
0.4,0.8,0.9,0.8,0.34376454,49925,0.06222874511774098
0.3,0.2,0.5,0.4,0.3437808,49925,0.06297909536543277
0.5,0.2,0.7,0.9,0.34378847,49925,0.05991117038968695
0.4,0.3,0.7,0.5,0.3437948,49925,0.06353298708370776
0.2,0.9,0.8,0.1,0.34380776,49925,0.06545217727385715
0.3,0.2,0.6,0.2,0.34381652,49925,0.06621111587979266
0.2,0.3,0.4,0.9,0.34383827,49925,0.05635818692667686
0.3,0.5,0.6,0.8,0.3438553,49925,0.06022507786875237
0.3,0.7,0.7,0.8,0.34387097,49925,0.06082892650622456
0.4,0.4,0.7,0.7,0.34387234,49925,0.061956515593790444
0.4,0.7,0.9,0.5,0.34391263,49925,0.06427895626148264
0.4,0.4,0.7,0.8,0.3439168,49925,0.06116310265307224
0.3,0.5,0.6,0.9,0.3439207,49925,0.05945372654672542
0.4,0.2,0.8,0.2,0.343922,49925,0.06674699683363629
0.2,0.1,0.4,0.1,0.343922,49925,0.06674699683363629
0.1,0.5,0.4,0.1,0.34392506,49925,0.06419130396440942
0.3,0.6,0.7,0.4,0.3439273,49925,0.0640093349806094
0.2,0.8,0.7,0.2,0.34392887,49925,0.06453017432439885
0.1,0.8,0.5,0.6,0.3439355,49925,0.059049980133960844
0.1,0.6,0.4,0.4,0.34393653,49925,0.06012459945708576
0.4,0.4,0.9,0.2,0.34395063,49925,0.0672546776229195
0.1,0.8,0.5,0.3,0.3439765,49925,0.06124825377761173
0.4,0.3,0.8,0.3,0.3440118,49925,0.06593439995287646
0.5,0.1,0.9,0.4,0.34402415,49925,0.06434061149478439
0.3,0.9,0.9,0.3,0.34404385,49925,0.06487165286032077
0.2,0.6,0.6,0.2,0.34404385,49925,0.06487165286032077
0.1,0.3,0.3,0.1,0.34404385,49925,0.06487165286032077
0.3,0.3,0.5,0.7,0.344055,49925,0.05993263711837926
0.4,0.1,0.6,0.5,0.3440589,49925,0.06194506026191656
0.3,0.9,0.8,0.8,0.3440609,49925,0.06119202357093222
0.3,0.3,0.5,0.8,0.3440901,49925,0.059012875241319714
0.6,0.1,0.9,0.7,0.34409377,49925,0.06199138472169439
0.3,0.9,0.8,0.9,0.34410304,49925,0.0606172601753542
0.2,0.7,0.7,0.1,0.3441103,49925,0.06597736412463748
0.1,0.3,0.3,0.9,0.34411582,49925,0.053737473275307784
0.1,0.6,0.4,0.3,0.34411806,49925,0.06109430256520136
0.3,0.7,0.7,0.7,0.34414938,49925,0.06149227404703067
0.1,0.8,0.5,0.7,0.3441916,49925,0.0583940144666007
0.6,0.2,0.9,0.7,0.3442012,49925,0.06264094365088214
0.3,0.3,0.7,0.1,0.344207,49925,0.06800618435014089
0.6,0.3,0.9,0.9,0.3442098,49925,0.0616663455406038
0.4,0.2,0.6,0.6,0.3442098,49925,0.061666345540603795
0.2,0.1,0.3,0.3,0.3442098,49925,0.061666345540603795
0.3,0.3,0.5,0.9,0.34422684,49925,0.058104154556186526
0.3,0.5,0.6,0.6,0.34425172,49925,0.061855143842994106
0.2,0.9,0.7,0.3,0.34426367,49925,0.06326851316986291
0.2,0.7,0.6,0.3,0.3442765,49925,0.0634268454265626
0.3,0.9,0.8,0.7,0.34429067,49925,0.06175794829921583
0.1,0.7,0.5,0.1,0.34430635,49925,0.06369562587634968
0.1,0.9,0.6,0.1,0.34430975,49925,0.06333736761677837
0.3,0.8,0.8,0.4,0.34431237,49925,0.06396892979323025
0.4,0.2,0.9,0.1,0.34431544,49925,0.06796166935691286
0.4,0.5,0.8,0.5,0.3443373,49925,0.06414006100961585
0.3,0.4,0.6,0.4,0.34437624,49925,0.06384492547735529
0.4,0.7,0.8,0.9,0.34440258,49925,0.06120242528477424
0.6,0.3,0.9,0.8,0.34440893,49925,0.06233850381763428
0.5,0.1,0.8,0.5,0.34442416,49925,0.06313971102041208
0.4,0.8,0.9,0.7,0.34443575,49925,0.06281839575975907
0.4,0.4,0.7,0.6,0.34444273,49925,0.06277297109117608
0.4,0.6,0.9,0.3,0.34444284,49925,0.06606284997255965
0.4,0.1,0.5,0.8,0.3444877,49925,0.058056329676156454
0.5,0.4,0.9,0.5,0.34449258,49925,0.06466773889190028
0.5,0.2,0.8,0.5,0.34449518,49925,0.06378904788750214
0.6,0.1,0.8,0.9,0.34451917,49925,0.0600441756214371
0.5,0.5,0.9,0.7,0.34455124,49925,0.06322293007906114
0.1,0.6,0.4,0.6,0.34456742,49925,0.058360529146975336
0.3,0.5,0.7,0.2,0.34458178,49925,0.06625887602831505
0.3,0.9,0.8,0.6,0.34458515,49925,0.06235835951947366
0.2,0.5,0.5,0.3,0.34459227,49925,0.0634655129297527
0.5,0.6,0.9,0.9,0.3445964,49925,0.062007453964371545
0.3,0.9,0.9,0.2,0.3446019,49925,0.06557179023167975
0.1,0.1,0.2,0.9,0.34460768,49925,0.048927844760703616
0.5,0.1,0.7,0.7,0.34461153,49925,0.06082765072339029
0.5,0.2,0.7,0.8,0.3446143,49925,0.06070968625959381
0.5,0.2,0.9,0.3,0.3446389,49925,0.06596944892338831
0.4,0.1,0.8,0.2,0.3446527,49925,0.06608478310609639
0.1,0.6,0.4,0.5,0.34465435,49925,0.05923398348678291
0.5,0.3,0.8,0.6,0.3446547,49925,0.06329032180314213
0.4,0.9,0.9,0.9,0.34466267,49925,0.061536190639835606
0.4,0.7,0.9,0.4,0.3446767,49925,0.06501753850972296
0.5,0.4,0.8,0.9,0.34468612,49925,0.06124610595355965
0.4,0.6,0.8,0.6,0.3447016,49925,0.06328528792977432
0.2,0.3,0.4,0.3,0.3447016,49925,0.06328528792977432
0.4,0.1,0.7,0.3,0.34470305,49925,0.0647376930426613
0.4,0.5,0.7,0.9,0.34470373,49925,0.060557328590733726
0.4,0.2,0.6,0.5,0.3447073,49925,0.06270225426161315
0.3,0.7,0.7,0.6,0.34471035,49925,0.062190802073413945
0.3,0.3,0.5,0.6,0.34472695,49925,0.06094037114945662
0.3,0.7,0.8,0.2,0.34473926,49925,0.0659294723665095
0.4,0.8,0.9,0.6,0.34476596,49925,0.06344947622548741
0.4,0.1,0.5,0.9,0.34476796,49925,0.05711750306034637
0.4,0.5,0.9,0.2,0.34478384,49925,0.06715147979770189
0.3,0.6,0.8,0.1,0.34478435,49925,0.0673401966385754
0.4,0.5,0.7,0.8,0.34479022,49925,0.06128675171049894
0.3,0.1,0.4,0.5,0.34484473,49925,0.06000684881724166
0.1,0.4,0.3,0.3,0.34486026,49925,0.06072524653040715
0.2,0.8,0.6,0.6,0.34486026,49925,0.06072524653040715
0.4,0.7,0.8,0.8,0.34486055,49925,0.06181433346761886
0.4,0.3,0.6,0.9,0.34486812,49925,0.05944155044318597
0.4,0.5,0.8,0.4,0.34487575,49925,0.0649933627949695
0.4,0.3,0.7,0.4,0.34487846,49925,0.06456591999103367
0.5,0.4,0.8,0.8,0.34494376,49925,0.06195617423171036
0.4,0.3,0.9,0.1,0.34495237,49925,0.06830773590515567
0.4,0.8,0.9,0.5,0.3449604,49925,0.06407522130445649
0.3,0.8,0.9,0.1,0.3449642,49925,0.06679676161106973
0.2,0.8,0.6,0.7,0.34496582,49925,0.06008217168299488
0.2,0.8,0.6,0.5,0.34497935,49925,0.061406792018316635
0.6,0.3,0.9,0.7,0.34499002,49925,0.06307904323394464
0.2,0.4,0.5,0.1,0.34499478,49925,0.06659672538540057
0.4,0.4,0.8,0.3,0.3450423,49925,0.065999753292767
0.6,0.2,0.9,0.6,0.34506342,49925,0.06342392469345118
0.1,0.8,0.5,0.8,0.3450737,49925,0.05774202019479313
0.4,0.2,0.7,0.3,0.3450825,49925,0.06537032261768556
0.2,0.8,0.7,0.1,0.34510517,49925,0.06538471069356722
0.5,0.3,0.9,0.4,0.34511557,49925,0.06534108049170068
0.4,0.9,0.9,0.8,0.34511727,49925,0.062068011037147805
0.5,0.2,0.7,0.7,0.34512344,49925,0.06156395630003909
0.1,0.6,0.4,0.2,0.34513405,49925,0.062145307512666295
0.2,0.6,0.6,0.1,0.3451424,49925,0.06594986456257781
0.2,0.8,0.6,0.8,0.34517244,49925,0.05941714441153009
0.1,0.4,0.3,0.4,0.34517244,49925,0.05941714441153009
0.3,0.7,0.7,0.5,0.34518665,49925,0.06292189072428209
0.3,0.8,0.8,0.3,0.34520453,49925,0.0647147532716137
0.3,0.9,0.8,0.5,0.3452064,49925,0.06298840655528634
0.3,0.6,0.7,0.3,0.3452236,49925,0.06489370878389518
0.3,0.2,0.5,0.3,0.34525996,49925,0.06435754341711421
0.2,0.8,0.6,0.9,0.34526896,49925,0.058795121434359075
0.5,0.1,0.7,0.6,0.34526956,49925,0.06174667098474613
0.4,0.1,0.5,0.7,0.3452746,49925,0.059056942919962815
0.4,0.3,0.6,0.8,0.34528187,49925,0.06023236088746647
0.3,0.3,0.5,0.5,0.34528923,49925,0.0620144000185935
0.5,0.6,0.9,0.8,0.34529325,49925,0.06262998865228926
0.4,0.6,0.9,0.2,0.3453075,49925,0.06693072326794006
0.5,0.1,0.9,0.3,0.34530944,49925,0.06534811936644473
0.5,0.7,0.9,0.9,0.34532556,49925,0.06197396770525847
0.6,0.1,0.9,0.6,0.34533203,49925,0.06281459806597907
0.3,0.5,0.6,0.5,0.34535187,49925,0.06271246908220132
0.4,0.3,0.8,0.2,0.3453538,49925,0.06704046389800285
0.4,0.1,0.6,0.4,0.3453638,49925,0.06313182104219897
0.3,0.1,0.6,0.1,0.3453697,49925,0.06723198422428098
0.3,0.4,0.6,0.3,0.34537867,49925,0.06493798013005718
0.5,0.5,0.9,0.6,0.34539258,49925,0.06393376344988759
0.6,0.1,0.8,0.8,0.34539416,49925,0.060787796676740176
0.5,0.3,0.7,0.9,0.34539804,49925,0.06038515854622183
0.3,0.9,0.8,0.4,0.3454179,49925,0.06363966929746376
0.6,0.4,0.9,0.9,0.34541857,49925,0.06194580838362833
0.4,0.7,0.9,0.3,0.34544903,49925,0.06578651824275955
0.4,0.9,0.9,0.7,0.34545308,49925,0.06262948200205519
0.3,0.3,0.6,0.2,0.3454701,49925,0.06635309472015506
0.5,0.4,0.8,0.7,0.3454755,49925,0.06268859352920007
0.4,0.6,0.8,0.5,0.34548026,49925,0.06399918895907317
0.4,0.5,0.7,0.7,0.34551874,49925,0.062040634312052874
0.3,0.1,0.5,0.2,0.34552956,49925,0.06535089418576466
0.3,0.8,0.7,0.9,0.345533,49925,0.06007477439886499
0.1,0.4,0.3,0.5,0.34553498,49925,0.05818684339392549
0.5,0.3,0.8,0.5,0.3455453,49925,0.06414699699915923
0.5,0.1,0.6,0.9,0.34555984,49925,0.05842491475985182
0.1,0.8,0.5,0.9,0.34556982,49925,0.05710851133699231
0.3,0.4,0.7,0.1,0.34558445,49925,0.06780321142379755
0.4,0.1,0.9,0.1,0.34559822,49925,0.06731975620071774
0.4,0.4,0.9,0.1,0.34560966,49925,0.06831214729155353
0.3,0.6,0.6,0.8,0.34561184,49925,0.06018373750067149
0.5,0.2,0.8,0.4,0.34561846,49925,0.06473977440824673
0.5,0.2,0.7,0.6,0.3456421,49925,0.06243138855594859
0.2,0.4,0.4,0.5,0.3456604,49925,0.06053866991312085
0.1,0.6,0.4,0.7,0.34567803,49925,0.05752006393725411
0.6,0.2,0.8,0.9,0.34568065,49925,0.060718235692272124
0.4,0.4,0.7,0.5,0.3456851,49925,0.0636537775168638
0.2,0.7,0.6,0.2,0.3456978,49925,0.06430764449746004
0.2,0.6,0.5,0.7,0.34571236,49925,0.05947138473669433
0.3,0.4,0.5,0.8,0.3457318,49925,0.05923109546765621
0.2,0.9,0.7,0.2,0.34573215,49925,0.06400038936688121
0.1,0.4,0.3,0.2,0.34573415,49925,0.062137152067665666
0.2,0.8,0.6,0.4,0.34573415,49925,0.062137152067665666
0.4,0.3,0.6,0.7,0.3457506,49925,0.061092519692918255
0.3,0.7,0.8,0.1,0.34575504,49925,0.06685960043813632
0.5,0.1,0.8,0.4,0.3457594,49925,0.06414884238351762
0.1,0.2,0.2,0.3,0.34578118,49925,0.05946619868449276
0.3,0.6,0.6,0.9,0.34578118,49925,0.05946619868449276
0.2,0.4,0.4,0.6,0.34578118,49925,0.05946619868449276
0.3,0.4,0.5,0.7,0.3457831,49925,0.0601155292022236
0.2,0.6,0.5,0.6,0.34583062,49925,0.06027381613784435
0.4,0.7,0.8,0.7,0.3458312,49925,0.0624490021395428
0.1,0.8,0.5,0.2,0.34583643,49925,0.06205991504367779
0.2,0.6,0.5,0.5,0.3458506,49925,0.06113368567840537
0.3,0.5,0.6,0.4,0.34586784,49925,0.0636318343394694
0.2,0.6,0.5,0.8,0.34587592,49925,0.05869698978834125
0.6,0.4,0.9,0.8,0.3458821,49925,0.06259073278717613
0.4,0.4,0.6,0.9,0.34588706,49925,0.059698550664552846
0.2,0.4,0.4,0.8,0.34589174,49925,0.057537880469849825
0.1,0.2,0.2,0.4,0.34589174,49925,0.057537880469849825
0.3,0.9,0.9,0.1,0.34592515,49925,0.06632390627936827
0.4,0.6,0.7,0.8,0.3459262,49925,0.061249766901358804
0.3,0.8,0.8,0.2,0.34592947,49925,0.065489189262626
0.5,0.5,0.8,0.9,0.3459338,49925,0.061419159210703345
0.3,0.6,0.6,0.7,0.34594283,49925,0.06089960367226339
0.2,0.5,0.5,0.2,0.3459459,49925,0.06460324132282082
0.2,0.4,0.4,0.7,0.34596908,49925,0.05846926928449579
0.5,0.3,0.7,0.8,0.3459727,49925,0.061135359230610385
0.5,0.4,0.9,0.4,0.34599084,49925,0.06551465345152485
0.6,0.2,0.8,0.8,0.34599125,49925,0.06144585444130867
0.3,0.1,0.4,0.4,0.34599125,49925,0.06144585444130867
0.3,0.7,0.7,0.4,0.34601012,49925,0.06369318102542555
0.5,0.5,0.9,0.5,0.34604204,49925,0.06469327680102457
0.4,0.9,0.9,0.6,0.3460426,49925,0.06321013288976615
0.5,0.6,0.9,0.7,0.34606716,49925,0.0632599136387827
0.4,0.6,0.7,0.9,0.34606886,49925,0.06058817189164879
0.4,0.8,0.9,0.4,0.34607014,49925,0.06471388886124983
0.2,0.1,0.3,0.2,0.34607247,49925,0.06381903963718216
0.4,0.2,0.6,0.4,0.34607247,49925,0.06381903963718216
0.6,0.3,0.9,0.6,0.34607247,49925,0.06381903963718218
0.3,0.5,0.7,0.1,0.3460832,49925,0.06739090755323866
0.3,0.8,0.7,0.8,0.3461147,49925,0.06066607402336291
0.4,0.7,0.8,0.6,0.34611854,49925,0.06310892729640234
0.5,0.4,0.8,0.6,0.34611934,49925,0.06344521919235682
0.3,0.4,0.5,0.9,0.34617007,49925,0.05842159939618126
0.7,0.1,0.9,0.9,0.34618133,49925,0.06077294334235825
0.5,0.3,0.9,0.3,0.34619242,49925,0.0662823911536828
0.4,0.3,0.6,0.6,0.34619606,49925,0.06202256348757057
0.4,0.8,0.8,0.9,0.34620324,49925,0.06109693411316063
0.4,0.7,0.9,0.2,0.34622484,49925,0.06657931272118661
0.6,0.2,0.9,0.5,0.34622976,49925,0.06423929137284905
0.3,0.4,0.5,0.6,0.3462315,49925,0.06105545706856972
0.3,0.6,0.7,0.2,0.3462473,49925,0.06582585461005326
0.4,0.3,0.7,0.3,0.34625408,49925,0.06561653082717189
0.2,0.6,0.5,0.9,0.34626833,49925,0.05796552249802943
0.5,0.1,0.6,0.8,0.34627888,49925,0.05929946048539068
0.3,0.9,0.8,0.3,0.3462836,49925,0.06432389961693806
0.3,0.2,0.6,0.1,0.3462879,49925,0.06780443181396469
0.4,0.1,0.5,0.6,0.34630734,49925,0.06012644966109686
0.4,0.6,0.8,0.4,0.3463096,49925,0.06478572943310627
0.2,0.3,0.4,0.2,0.3463096,49925,0.06478572943310627
0.4,0.2,0.8,0.1,0.3463396,49925,0.06803756706544832
0.4,0.1,0.7,0.2,0.3463399,49925,0.06602913449761612
0.6,0.2,0.8,0.7,0.34635434,49925,0.06222843962576792
0.6,0.1,0.8,0.7,0.34637025,49925,0.06158083798199843
0.6,0.3,0.8,0.9,0.3463755,49925,0.06116463068574102
0.4,0.5,0.8,0.3,0.34637597,49925,0.06589358794639191
0.6,0.1,0.9,0.5,0.34637767,49925,0.06368721227097923
0.2,0.8,0.6,0.3,0.3463938,49925,0.06289863529853917
0.2,0.2,0.3,0.6,0.34639856,49925,0.05760027148430798
0.4,0.4,0.8,0.2,0.34641507,49925,0.06704099595873887
0.2,0.2,0.4,0.1,0.34641507,49925,0.06704099595873887
0.3,0.8,0.7,0.7,0.3464189,49925,0.06130494369256949
0.5,0.1,0.7,0.5,0.3464217,49925,0.06276524557882372
0.6,0.5,0.9,0.9,0.34642735,49925,0.062062955706848874
0.5,0.3,0.7,0.7,0.34642765,49925,0.061969790393999656
0.5,0.5,0.8,0.8,0.3464371,49925,0.06207267395871726
0.3,0.3,0.5,0.4,0.3464479,49925,0.063163438849882
0.3,0.2,0.4,0.9,0.34645298,49925,0.056447314354790314
0.5,0.2,0.9,0.2,0.34646213,49925,0.06704873413516574
0.5,0.7,0.9,0.8,0.3464898,49925,0.06256497502053512
0.4,0.5,0.9,0.1,0.3464952,49925,0.06814291051360258
0.1,0.4,0.3,0.6,0.34650552,49925,0.05703297134989427
0.4,0.2,0.5,0.9,0.34651735,49925,0.05803511645790252
0.1,0.6,0.4,0.8,0.34652948,49925,0.05671745788264915
0.1,0.9,0.5,0.6,0.3465296,49925,0.05870144282013229
0.2,0.4,0.4,0.9,0.3465362,49925,0.05666047644661401
0.5,0.6,0.9,0.6,0.34653905,49925,0.0639242676668564
0.2,0.6,0.5,0.4,0.3465438,49925,0.062025815243410894
0.2,0.2,0.3,0.5,0.34654528,49925,0.05896971198631093
0.7,0.2,0.9,0.9,0.34655112,49925,0.061348291025755626
0.3,0.6,0.6,0.6,0.34657913,49925,0.0616708302625746
0.4,0.8,0.8,0.8,0.34657913,49925,0.061670830262574604
0.1,0.2,0.2,0.2,0.34657913,49925,0.061670830262574604
0.2,0.4,0.4,0.4,0.34657913,49925,0.061670830262574604
0.4,0.2,0.7,0.2,0.34658355,49925,0.06663429996253428
0.5,0.2,0.7,0.5,0.34659693,49925,0.06337702335999978
0.4,0.2,0.5,0.8,0.34661078,49925,0.0589420990989509
0.4,0.5,0.7,0.6,0.34661505,49925,0.06282110092715168
0.7,0.2,0.9,0.8,0.34665042,49925,0.06205140786890215
0.4,0.4,0.7,0.4,0.3466743,49925,0.06458861439939771
0.5,0.4,0.9,0.3,0.34667522,49925,0.06640322399598021
0.1,0.9,0.5,0.4,0.3466894,49925,0.059969746751740105
0.3,0.2,0.4,0.8,0.34671113,49925,0.0574103753457678
0.4,0.9,0.9,0.5,0.34671187,49925,0.06381256168971117
0.2,0.2,0.3,0.7,0.34675017,49925,0.05636742691855454
0.5,0.8,0.9,0.9,0.34675246,49925,0.061889398835103665
0.1,0.9,0.5,0.7,0.34676644,49925,0.05807394235632127
0.5,0.3,0.8,0.4,0.34676784,49925,0.06506544332049757
0.2,0.2,0.3,0.4,0.34677002,49925,0.060479269582150524
0.4,0.4,0.6,0.8,0.34677002,49925,0.060479269582150524
0.1,0.2,0.2,0.5,0.3467718,49925,0.05582604218685205
0.4,0.1,0.6,0.3,0.34677827,49925,0.06442555593719879
0.3,0.2,0.4,0.6,0.34680384,49925,0.05956546683274986
0.2,0.9,0.6,0.6,0.34682676,49925,0.06038763473837669
0.6,0.4,0.9,0.7,0.34683096,49925,0.0632650781515253
0.4,0.3,0.6,0.5,0.34683186,49925,0.06297486558057191
0.4,0.6,0.7,0.7,0.3468442,49925,0.06194501501373245
0.5,0.1,0.9,0.2,0.34684956,49925,0.06646210109150734
0.6,0.3,0.8,0.8,0.34686166,49925,0.061882424656630845
0.4,0.2,0.5,0.7,0.34686914,49925,0.05988187722421417
0.5,0.2,0.8,0.3,0.34688696,49925,0.06576662369259346
0.5,0.6,0.8,0.9,0.34690186,49925,0.06147353979922529
0.3,0.8,0.7,0.6,0.34690902,49925,0.061942018521420145
0.4,0.1,0.5,0.5,0.34690982,49925,0.061273219547847195
0.1,0.9,0.5,0.5,0.34691522,49925,0.059319046964957683
0.5,0.2,0.6,0.9,0.34691525,49925,0.059214815350001525
0.3,0.4,0.6,0.2,0.346916,49925,0.06614552201492017
0.1,0.9,0.5,0.8,0.3469197,49925,0.05746605286631515
0.4,0.8,0.9,0.3,0.34692678,49925,0.065445729934442
0.4,0.7,0.8,0.5,0.34693727,49925,0.06378723784237358
0.3,0.7,0.7,0.3,0.34694663,49925,0.06450053121051262
0.4,0.6,0.9,0.1,0.34700623,49925,0.06782240761268436
0.3,0.2,0.4,0.7,0.3470083,49925,0.058463877510592344
0.6,0.3,0.9,0.5,0.347013,49925,0.06461812044487726
0.4,0.1,0.8,0.1,0.34701604,49925,0.06744493126635052
0.5,0.1,0.8,0.3,0.34702605,49925,0.06521775894099946
0.3,0.2,0.5,0.2,0.3470383,49925,0.06585421638713532
0.1,0.6,0.4,0.9,0.3470452,49925,0.05595905475204356
0.7,0.1,0.9,0.8,0.34705338,49925,0.06148197415201205
0.5,0.7,0.9,0.7,0.34705654,49925,0.06316786842351864
0.3,0.8,0.7,0.5,0.3470623,49925,0.06261156496334339
0.2,0.9,0.6,0.7,0.34706298,49925,0.059802829977050116
0.4,0.8,0.8,0.7,0.3470726,49925,0.06227808065459653
0.2,0.2,0.3,0.8,0.34707287,49925,0.055220447978187814
0.7,0.3,0.9,0.9,0.3470807,49925,0.06177724249391771
0.5,0.5,0.9,0.4,0.3470981,49925,0.06548573394465751
0.4,0.6,0.8,0.3,0.34710425,49925,0.06562107169502299
0.1,0.8,0.5,0.1,0.34711474,49925,0.06289358937316862
0.6,0.1,0.7,0.9,0.34711576,49925,0.059448216862504503
0.3,0.1,0.4,0.3,0.34712678,49925,0.063040757547488
0.6,0.2,0.8,0.6,0.34712678,49925,0.063040757547488
0.4,0.4,0.6,0.7,0.34712988,49925,0.06129798057927022
0.2,0.6,0.5,0.3,0.34715384,49925,0.06297802164911262
0.3,0.5,0.6,0.3,0.34717542,49925,0.0646085407200117
0.3,0.4,0.5,0.5,0.34717643,49925,0.06203177962973248
0.2,0.9,0.7,0.1,0.34718236,49925,0.06476536374250323
0.4,0.5,0.8,0.2,0.3471825,49925,0.0668535888454873
0.5,0.4,0.8,0.5,0.34718943,49925,0.06424544070804564
0.5,0.6,0.9,0.5,0.3472018,49925,0.06462054529763027
0.3,0.8,0.8,0.1,0.34720406,49925,0.06630945602817788
0.3,0.6,0.6,0.5,0.3472165,49925,0.062480348032903935
0.1,0.4,0.3,0.7,0.34723544,49925,0.05598376353384433
0.2,0.9,0.6,0.8,0.34724656,49925,0.059214451527143046
0.5,0.1,0.6,0.7,0.34726313,49925,0.060195910703635586
0.1,0.9,0.5,0.3,0.34727243,49925,0.06063930892887296
0.1,0.7,0.4,0.5,0.3472731,49925,0.058810364432212776
0.4,0.9,0.9,0.4,0.34727317,49925,0.06443888996509493
0.2,0.9,0.6,0.5,0.3472787,49925,0.06103545875087614
0.5,0.4,0.7,0.9,0.3472946,49925,0.06068909453814072
0.6,0.1,0.8,0.6,0.3472996,49925,0.06244959543517399
0.2,0.7,0.6,0.1,0.34731162,49925,0.06528105096760342
0.4,0.3,0.8,0.1,0.34731263,49925,0.06824381104544729
0.2,0.9,0.6,0.9,0.34733936,49925,0.058626320980370815
0.5,0.3,0.9,0.2,0.34735012,49925,0.06728294114050119
0.6,0.2,0.9,0.4,0.34735066,49925,0.06512886221472307
0.5,0.8,0.9,0.8,0.34735888,49925,0.06244246209509634
0.1,0.6,0.4,0.1,0.3473706,49925,0.06323576467985761
0.3,0.2,0.4,0.5,0.34741595,49925,0.06080177075228805
0.4,0.8,0.8,0.6,0.34744415,49925,0.06287902260586514
0.2,0.4,0.4,0.3,0.34744415,49925,0.06287902260586514
0.5,0.4,0.7,0.8,0.3474547,49925,0.061401661705269193
0.5,0.3,0.7,0.6,0.34748903,49925,0.06280735082300516
0.6,0.4,0.9,0.6,0.34749642,49925,0.06397841682940399
0.6,0.5,0.9,0.8,0.34751248,49925,0.06270115717449619
0.3,0.6,0.7,0.1,0.34751254,49925,0.06686784863577082
0.5,0.6,0.8,0.8,0.34751984,49925,0.0620947808154691
0.3,0.9,0.7,0.8,0.3475238,49925,0.0604877257919641
0.4,0.2,0.5,0.6,0.34754094,49925,0.060876239857545325
0.4,0.5,0.7,0.5,0.3475451,49925,0.06361063594896553
0.2,0.2,0.3,0.9,0.34755996,49925,0.05417894529807586
0.3,0.9,0.8,0.2,0.347575,49925,0.06504956834852989
0.4,0.7,0.9,0.1,0.3475757,49925,0.06744625867511946
0.5,0.2,0.6,0.8,0.34757593,49925,0.06001987807611879
0.3,0.8,0.7,0.4,0.34758028,49925,0.06332495256719552
0.4,0.6,0.7,0.6,0.34758797,49925,0.06268164497575787
0.7,0.3,0.9,0.8,0.3475979,49925,0.06244407394662488
0.1,0.7,0.4,0.4,0.34760234,49925,0.059599177120085195
0.3,0.9,0.7,0.9,0.3476097,49925,0.05990977888704178
0.3,0.6,0.6,0.4,0.34761006,49925,0.06330885249245025
0.5,0.5,0.8,0.7,0.34761485,49925,0.06276803450225125
0.4,0.7,0.7,0.9,0.34762156,49925,0.06053189758306177
0.5,0.7,0.9,0.6,0.3476252,49925,0.0637645352267032
0.2,0.5,0.5,0.1,0.34763014,49925,0.06585457348909046
0.1,0.7,0.4,0.3,0.3476374,49925,0.060421742990516315
0.7,0.1,0.9,0.7,0.34764373,49925,0.06220141459214189
0.4,0.2,0.6,0.3,0.34765455,49925,0.0650347224349536
0.3,0.7,0.6,0.9,0.34766057,49925,0.059368520658760325
0.6,0.3,0.8,0.7,0.3476932,49925,0.0626301453530447
0.1,0.9,0.5,0.9,0.34770334,49925,0.05691748274074761
0.5,0.1,0.7,0.4,0.34773692,49925,0.06379285125795009
0.7,0.2,0.9,0.7,0.34774673,49925,0.06277664398743722
0.4,0.3,0.7,0.2,0.34774822,49925,0.06678418960336366
0.3,0.3,0.6,0.1,0.34774953,49925,0.06777615878571872
0.6,0.1,0.9,0.4,0.3477679,49925,0.06459329633954619
0.5,0.1,0.6,0.6,0.34777147,49925,0.06116281740418173
0.6,0.4,0.8,0.9,0.3477835,49925,0.06145256035910158
0.6,0.1,0.7,0.8,0.34778404,49925,0.06022886932334426
0.3,0.3,0.5,0.3,0.34778526,49925,0.06440646615677321
0.5,0.8,0.9,0.7,0.34780842,49925,0.06300731465232576
0.4,0.5,0.7,0.4,0.34781662,49925,0.06447799470193993
0.4,0.7,0.8,0.4,0.34784165,49925,0.06450737015563977
0.3,0.7,0.6,0.8,0.3478601,49925,0.060021001118017794
0.3,0.9,0.7,0.7,0.34788454,49925,0.06106407822853778
0.5,0.2,0.7,0.4,0.34788817,49925,0.06438074956992085
0.1,0.7,0.4,0.6,0.34788868,49925,0.058021598361400285
0.3,0.7,0.7,0.2,0.34791833,49925,0.06535289356125361
0.6,0.6,0.9,0.9,0.34792793,49925,0.06215281844666837
0.4,0.4,0.6,0.6,0.34792793,49925,0.06215281844666837
0.2,0.2,0.3,0.3,0.34792793,49925,0.06215281844666837
0.4,0.5,0.6,0.9,0.34793067,49925,0.05979883728489534
0.5,0.2,0.6,0.7,0.34793678,49925,0.0609017318743967
0.4,0.9,0.8,0.9,0.34793922,49925,0.06094775459886952
0.2,0.7,0.5,0.6,0.3479546,49925,0.06002702068214028
0.4,0.8,0.8,0.5,0.347996,49925,0.06353055406307163
0.4,0.1,0.5,0.4,0.34799615,49925,0.06252878494044688
0.1,0.4,0.3,0.8,0.34802166,49925,0.05500921177428399
0.5,0.2,0.9,0.1,0.34803542,49925,0.06817216857655091
0.4,0.3,0.6,0.4,0.34804407,49925,0.06400268823493549
0.2,0.6,0.5,0.2,0.34805122,49925,0.06399998816639434
0.4,0.8,0.9,0.2,0.34805822,49925,0.06620271768041962
0.4,0.4,0.7,0.3,0.34805894,49925,0.06559816744152316
0.3,0.9,0.7,0.6,0.34808984,49925,0.06164180896325056
0.1,0.4,0.3,0.1,0.3480951,49925,0.0637186265000758
0.2,0.8,0.6,0.2,0.3480951,49925,0.0637186265000758
0.5,0.5,0.8,0.6,0.3481108,49925,0.06348977752248475
0.6,0.1,0.8,0.5,0.34812665,49925,0.06332585382493942
0.6,0.5,0.9,0.7,0.34813482,49925,0.06334746606548745
0.7,0.1,0.8,0.9,0.34813684,49925,0.06025032771486662
0.1,0.2,0.2,0.6,0.34814274,49925,0.05433409125245011
0.5,0.4,0.8,0.4,0.34815022,49925,0.06511157000567243
0.3,0.7,0.6,0.7,0.34815186,49925,0.060724677459334284
0.5,0.4,0.9,0.2,0.34815413,49925,0.06735474728266362
0.6,0.2,0.7,0.9,0.34816328,49925,0.06011286370398968
0.2,0.3,0.4,0.1,0.34818342,49925,0.06650623901669613
0.4,0.6,0.8,0.2,0.34818342,49925,0.06650623901669613
0.4,0.7,0.7,0.8,0.34818354,49925,0.061140438209717644
0.5,0.3,0.8,0.3,0.34821603,49925,0.06603972552620554
0.5,0.9,0.9,0.9,0.34823722,49925,0.061764639190306565
0.6,0.4,0.9,0.5,0.34824094,49925,0.0647414293109732
0.5,0.5,0.9,0.3,0.34825912,49925,0.06634632650074933
0.1,0.9,0.5,0.2,0.34826177,49925,0.061331571406114414
0.3,0.4,0.6,0.1,0.34827217,49925,0.06740479498034732
0.1,0.7,0.4,0.7,0.34828526,49925,0.0572723775992592
0.5,0.4,0.7,0.7,0.34828916,49925,0.06215108440102702
0.2,0.9,0.6,0.4,0.34829178,49925,0.06166563292923363
0.6,0.3,0.9,0.4,0.34829745,49925,0.06545559080864705
0.5,0.7,0.8,0.9,0.3483022,49925,0.06140764966672813
0.4,0.5,0.6,0.8,0.34830573,49925,0.06053060612501361
0.2,0.7,0.5,0.7,0.3483229,49925,0.05927733056664211
0.4,0.4,0.8,0.1,0.3483318,49925,0.06815371691391543
0.2,0.7,0.5,0.8,0.34833682,49925,0.05855579718751297
0.6,0.2,0.8,0.5,0.34834805,49925,0.06391627147099838
0.4,0.7,0.8,0.3,0.3483493,49925,0.06526722812703921
0.7,0.2,0.9,0.6,0.34835577,49925,0.06353772687863792
0.2,0.7,0.5,0.5,0.34836805,49925,0.0607724887069674
0.5,0.6,0.9,0.4,0.3483787,49925,0.0653802336963307
0.4,0.6,0.7,0.5,0.34838688,49925,0.06340692495763006
0.4,0.9,0.9,0.3,0.34838727,49925,0.06507737680646386
0.4,0.9,0.8,0.8,0.348389,49925,0.06148536578587688
0.3,0.9,0.7,0.5,0.3484199,49925,0.06226273131037233
0.3,0.4,0.5,0.4,0.3484237,49925,0.06307076762352656
0.4,0.1,0.7,0.1,0.34842977,49925,0.06751124558707293
0.3,0.5,0.5,0.8,0.3484335,49925,0.059262527042448075
0.5,0.3,0.7,0.5,0.34843555,49925,0.06369244871611947
0.3,0.5,0.5,0.9,0.3484357,49925,0.05850545729529892
0.6,0.1,0.7,0.7,0.3484506,49925,0.0610408827634402
0.5,0.7,0.9,0.5,0.3484582,49925,0.06444181201662809
0.6,0.2,0.7,0.8,0.34846488,49925,0.0608899305534064
0.3,0.5,0.6,0.2,0.34847873,49925,0.06568329572694548
0.7,0.4,0.9,0.9,0.34851816,49925,0.06205120337174405
0.7,0.3,0.9,0.7,0.34852758,49925,0.06312430908861018
0.7,0.1,0.9,0.6,0.34852964,49925,0.06296170719430222
0.5,0.6,0.8,0.7,0.3485375,49925,0.06275066390414104
0.5,0.5,0.7,0.9,0.34855956,49925,0.06082198224452481
0.5,0.2,0.6,0.6,0.3485626,49925,0.061804804701831924
0.3,0.5,0.5,0.7,0.34856263,49925,0.06009250714852232
0.5,0.1,0.6,0.5,0.3485628,49925,0.06217358667747008
0.4,0.2,0.5,0.5,0.34858882,49925,0.06198078375828614
0.6,0.5,0.9,0.6,0.34860355,49925,0.06403649293420972
0.3,0.8,0.7,0.3,0.34862787,49925,0.06407036659660605
0.2,0.7,0.5,0.4,0.3486394,49925,0.06155724955056726
0.5,0.7,0.8,0.8,0.34865674,49925,0.06200941996567492
0.2,0.7,0.5,0.9,0.34868726,49925,0.05789575927415937
0.3,0.2,0.4,0.4,0.34872267,49925,0.06210262516415435
0.6,0.4,0.8,0.8,0.34872267,49925,0.06210262516415435
0.6,0.3,0.8,0.6,0.34874713,49925,0.0633888676586918
0.4,0.3,0.5,0.9,0.34876868,49925,0.05858832046563527
0.5,0.9,0.9,0.8,0.3487756,49925,0.062286942881619456
0.7,0.2,0.8,0.9,0.34881124,49925,0.06084300256487084
0.4,0.7,0.7,0.7,0.3488123,49925,0.061792464618837056
0.3,0.1,0.5,0.1,0.34882957,49925,0.06721778947514193
0.5,0.2,0.8,0.2,0.34883946,49925,0.06685928119369187
0.1,0.5,0.3,0.3,0.3488529,49925,0.06001402274548331
0.5,0.1,0.8,0.2,0.34885782,49925,0.06640260692706593
0.5,0.1,0.9,0.1,0.3488597,49925,0.0676821730985594
0.5,0.1,0.7,0.3,0.34886044,49925,0.06492162303854937
0.5,0.5,0.8,0.5,0.34886643,49925,0.06427713218886222
0.4,0.3,0.5,0.8,0.34887388,49925,0.05941156410544945
0.5,0.6,0.9,0.3,0.34888622,49925,0.06616747889501881
0.4,0.5,0.8,0.1,0.34889138,49925,0.0678725785137337
0.6,0.1,0.9,0.3,0.3489021,49925,0.06554400132165902
0.7,0.1,0.8,0.8,0.34891608,49925,0.060982623318503126
0.4,0.5,0.6,0.7,0.34891692,49925,0.06128033593748024
0.4,0.9,0.8,0.7,0.34893665,49925,0.06205224925104248
0.2,0.5,0.4,0.6,0.34893698,49925,0.059314664348434326
0.5,0.2,0.7,0.3,0.34894145,49925,0.06546594541202715
0.6,0.1,0.7,0.6,0.34897134,49925,0.06192602891915778
0.3,0.5,0.5,0.6,0.3489787,49925,0.060925174848344636
0.3,0.7,0.6,0.6,0.34898162,49925,0.061428334328230964
0.6,0.7,0.9,0.9,0.3489833,49925,0.062122827009344336
0.5,0.7,0.9,0.4,0.34898955,49925,0.06514814006442485
0.1,0.2,0.2,0.7,0.34899828,49925,0.052972289049678545
0.3,0.3,0.4,0.7,0.34900653,49925,0.05888417185319881
0.4,0.2,0.7,0.1,0.34901008,49925,0.06801131869118551
0.4,0.1,0.6,0.2,0.34901434,49925,0.06585696689547817
0.5,0.8,0.9,0.6,0.34902585,49925,0.06359426826949155
0.8,0.2,0.9,0.9,0.3490535,49925,0.06145014882462637
0.6,0.6,0.9,0.8,0.34905577,49925,0.062738604791478
0.5,0.3,0.9,0.1,0.3490576,49925,0.06838032700785511
0.7,0.1,0.8,0.7,0.3490665,49925,0.061754583194526556
0.5,0.3,0.6,0.9,0.34907103,49925,0.05971622695542416
0.5,0.4,0.8,0.3,0.34908012,49925,0.0660570857410758
0.6,0.2,0.7,0.7,0.34909904,49925,0.06168090594618606
0.5,0.1,0.5,0.9,0.3490999,49925,0.05754694256690894
0.6,0.2,0.9,0.3,0.34910026,49925,0.06607610471464034
0.1,0.7,0.4,0.2,0.34910625,49925,0.061312388842214224
0.6,0.5,0.8,0.9,0.3491137,49925,0.06158141209199701
0.5,0.4,0.7,0.6,0.34913012,49925,0.0629097748094669
0.2,0.5,0.4,0.7,0.34913108,49925,0.058402572154695166
0.4,0.7,0.7,0.6,0.34916174,49925,0.06245301032979217
0.5,0.9,0.9,0.7,0.34916976,49925,0.06281528278134153
0.3,0.6,0.6,0.3,0.3491891,49925,0.06420510027138095
0.2,0.4,0.4,0.2,0.3491891,49925,0.06420510027138096
0.4,0.8,0.8,0.4,0.3491891,49925,0.06420510027138096
0.1,0.2,0.2,0.1,0.3491891,49925,0.06420510027138096
0.6,0.3,0.7,0.9,0.34919217,49925,0.06057066389843822
0.4,0.1,0.4,0.8,0.3492042,49925,0.056972325511248395
0.7,0.2,0.8,0.8,0.3492175,49925,0.061551451297410256
0.3,0.7,0.7,0.1,0.34922302,49925,0.06628334534493309
0.3,0.7,0.6,0.5,0.34922692,49925,0.06215385114502428
0.1,0.4,0.3,0.9,0.34924453,49925,0.05411147312866727
0.4,0.8,0.9,0.1,0.3492513,49925,0.06699431063384233
0.5,0.7,0.8,0.7,0.34925753,49925,0.06262759660145205
0.4,0.9,0.8,0.6,0.34926647,49925,0.06264572706067767
0.2,0.9,0.6,0.3,0.34926805,49925,0.06237198782886046
0.7,0.4,0.9,0.8,0.34928244,49925,0.06266523063680275
0.1,0.5,0.3,0.4,0.34929726,49925,0.05893080333407411
0.5,0.5,0.7,0.8,0.3493073,49925,0.06148166823375086
0.3,0.9,0.8,0.1,0.34931678,49925,0.06579105119560498
0.2,0.5,0.4,0.5,0.34934974,49925,0.060271289350298296
0.1,0.7,0.4,0.8,0.3493677,49925,0.05656322223856324
0.4,0.4,0.7,0.2,0.34937245,49925,0.0667267306952752
0.5,0.1,0.5,0.8,0.34937567,49925,0.05841278149376964
0.4,0.4,0.6,0.5,0.34940165,49925,0.0630356704627932
0.4,0.1,0.4,0.9,0.34940323,49925,0.05602164287585001
0.1,0.9,0.5,0.1,0.3494169,49925,0.06207752534121403
0.4,0.3,0.5,0.7,0.34942764,49925,0.06027638757669377
0.8,0.1,0.9,0.9,0.3494323,49925,0.06093317344719759
0.5,0.6,0.8,0.6,0.34943274,49925,0.06342323154783552
0.6,0.1,0.8,0.4,0.3494385,49925,0.0642750339338124
0.3,0.1,0.3,0.8,0.34944445,49925,0.0549587150769571
0.4,0.5,0.7,0.3,0.34945112,49925,0.06540827570792213
0.8,0.1,0.9,0.8,0.34950292,49925,0.06162169262885404
0.6,0.3,0.8,0.5,0.34950313,49925,0.06421961330544161
0.4,0.9,0.9,0.2,0.3495203,49925,0.06578015769744418
0.3,0.3,0.4,0.6,0.34952483,49925,0.05992324258236196
0.5,0.3,0.7,0.4,0.3495358,49925,0.06465034442337404
0.6,0.2,0.8,0.4,0.34953764,49925,0.06482303363746762
0.3,0.1,0.4,0.2,0.34953764,49925,0.06482303363746762
0.3,0.9,0.7,0.4,0.3495508,49925,0.06294365023912012
0.6,0.4,0.8,0.7,0.34956238,49925,0.06279165321071348
0.2,0.5,0.4,0.4,0.3495659,49925,0.061255952299218
0.3,0.1,0.3,0.7,0.3495663,49925,0.05607731182820694
0.6,0.1,0.6,0.9,0.34956923,49925,0.05871897971228794
0.4,0.6,0.8,0.1,0.34958515,49925,0.06749305111492601
0.5,0.3,0.6,0.8,0.34959385,49925,0.060495576572495824
0.1,0.5,0.3,0.5,0.34959435,49925,0.05788648294718295
0.2,0.5,0.4,0.8,0.34959644,49925,0.057557102498853874
0.4,0.3,0.5,0.6,0.34961593,49925,0.06121487969861822
0.4,0.5,0.6,0.6,0.34961906,49925,0.06207932003936408
0.7,0.2,0.9,0.5,0.34962517,49925,0.06432130993933324
0.4,0.7,0.8,0.2,0.34962738,49925,0.06612225593596566
0.2,0.8,0.6,0.1,0.3496429,49925,0.06457796017856403
0.4,0.9,0.8,0.5,0.3496477,49925,0.06324263755646493
0.5,0.1,0.6,0.4,0.3496701,49925,0.06328457418168205
0.6,0.4,0.9,0.4,0.34969515,49925,0.06555033621016343
0.7,0.3,0.8,0.9,0.3497047,49925,0.061279490234618886
0.2,0.3,0.3,0.6,0.34971118,49925,0.05794394736354726
0.7,0.3,0.9,0.6,0.34971386,49925,0.06384520599067281
0.5,0.6,0.9,0.2,0.34971783,49925,0.06699391694580159
0.4,0.8,0.7,0.9,0.3497193,49925,0.06037176343865061
0.5,0.8,0.9,0.5,0.34972632,49925,0.06423031528967339
0.4,0.1,0.4,0.7,0.34974018,49925,0.058005651701877436
0.4,0.3,0.6,0.3,0.34974268,49925,0.06511552939997081
0.3,0.2,0.5,0.1,0.349743,49925,0.06754743134614918
0.7,0.1,0.9,0.5,0.34974942,49925,0.06377644763292939
0.3,0.1,0.3,0.6,0.34975138,49925,0.0573303473635701
0.2,0.7,0.5,0.3,0.34975973,49925,0.06242531672218025
0.6,0.6,0.9,0.7,0.34976086,49925,0.06334938529317066
0.4,0.2,0.6,0.2,0.349775,49925,0.06634851594226467
0.6,0.3,0.9,0.3,0.349775,49925,0.06634851594226468
0.2,0.1,0.3,0.1,0.349775,49925,0.06634851594226467
0.3,0.3,0.4,0.9,0.34979758,49925,0.05698250774031173
0.7,0.5,0.9,0.9,0.34980243,49925,0.06217177968402487
0.5,0.3,0.6,0.7,0.34980792,49925,0.061311430727274074
0.2,0.5,0.4,0.9,0.34981397,49925,0.05674446058688047
0.7,0.2,0.8,0.7,0.34981453,49925,0.06228749380547439
0.3,0.1,0.3,0.9,0.34981725,49925,0.05390417917302262
0.6,0.2,0.7,0.6,0.34981814,49925,0.06252531545255718
0.6,0.5,0.9,0.5,0.3498248,49925,0.06474868236041363
0.3,0.9,0.7,0.3,0.3498283,49925,0.06361379509595132
0.3,0.3,0.5,0.2,0.3498298,49925,0.06580205699195894
0.6,0.3,0.7,0.8,0.3498354,49925,0.06131594511229754
0.6,0.7,0.9,0.8,0.34984013,49925,0.06270742147363975
0.3,0.7,0.6,0.4,0.349841,49925,0.06292827585271041
0.5,0.3,0.8,0.2,0.34984517,49925,0.06709101118683145
0.3,0.3,0.4,0.8,0.34986022,49925,0.057915577628368825
0.3,0.5,0.5,0.5,0.34986797,49925,0.06183121961197464
0.5,0.5,0.9,0.2,0.34986848,49925,0.06727821294124688
0.3,0.8,0.7,0.2,0.34988177,49925,0.0648741570609526
0.4,0.1,0.5,0.3,0.34990358,49925,0.06390401505303199
0.6,0.5,0.8,0.8,0.34990445,49925,0.062201176196955074
0.5,0.7,0.9,0.3,0.3499059,49925,0.06589337067980294
0.5,0.9,0.9,0.6,0.34991604,49925,0.06338781203661106
0.8,0.2,0.9,0.8,0.34991726,49925,0.06209607022839127
0.4,0.3,0.7,0.1,0.34992126,49925,0.06807199769057008
0.3,0.5,0.6,0.1,0.3499539,49925,0.06688244197539482
0.4,0.6,0.6,0.9,0.34997007,49925,0.05978972515069723
0.4,0.7,0.7,0.5,0.3499732,49925,0.06316201622366831
0.5,0.6,0.8,0.5,0.3499878,49925,0.06412890477871358
0.7,0.4,0.9,0.7,0.3500174,49925,0.0633248717008759
0.5,0.2,0.6,0.5,0.35001945,49925,0.06280462944094588
0.5,0.5,0.7,0.7,0.35002255,49925,0.06218900802477205
0.4,0.6,0.7,0.4,0.35003933,49925,0.06420358673207968
0.2,0.3,0.3,0.5,0.35004357,49925,0.059128093123622175
0.3,0.4,0.5,0.3,0.35004446,49925,0.06417741488802609
0.7,0.1,0.7,0.9,0.35006294,49925,0.059637952353586564
0.4,0.8,0.7,0.8,0.35006756,49925,0.06095701389689947
0.6,0.1,0.7,0.5,0.35009047,49925,0.06286040796087804
0.5,0.6,0.7,0.9,0.35009813,49925,0.060803751436287516
0.1,0.7,0.4,0.9,0.35012892,49925,0.055881559278554524
0.5,0.5,0.8,0.4,0.35014772,49925,0.06509082360222036
0.7,0.1,0.8,0.6,0.3501711,49925,0.06253610384331018
0.4,0.5,0.7,0.2,0.3501768,49925,0.06641185459791893
0.5,0.4,0.9,0.1,0.35018528,49925,0.06836611420153325
0.4,0.8,0.8,0.3,0.35019365,49925,0.06491847055376632
0.4,0.1,0.4,0.6,0.3502051,49925,0.05908342286329888
0.4,0.2,0.5,0.4,0.3502148,49925,0.06312957996852953
0.3,0.8,0.6,0.9,0.35022983,49925,0.05923081248652338
0.3,0.8,0.6,0.8,0.3502394,49925,0.05983616126483485
0.6,0.1,0.6,0.8,0.35024953,49925,0.05951604992883836
0.2,0.8,0.5,0.5,0.3502503,49925,0.06035093179300349
0.2,0.9,0.6,0.2,0.3502579,49925,0.06308657786821127
0.5,0.8,0.8,0.9,0.3502636,49925,0.06128225415467304
0.7,0.3,0.8,0.8,0.3503008,49925,0.061938686957255164
0.3,0.5,0.5,0.4,0.3503049,49925,0.06275371096396533
0.5,0.1,0.5,0.7,0.3503087,49925,0.05931924912434631
0.3,0.3,0.4,0.5,0.35033804,49925,0.06101500849041772
0.3,0.8,0.6,0.7,0.35033986,49925,0.060468834958278025
0.2,0.5,0.4,0.3,0.35034478,49925,0.06233255588591138
0.8,0.1,0.9,0.7,0.3503545,49925,0.06228215327256081
0.6,0.4,0.8,0.6,0.35036814,49925,0.0635225118650652
0.3,0.2,0.4,0.3,0.35036814,49925,0.0635225118650652
0.3,0.1,0.3,0.5,0.35036898,49925,0.05869550692442643
0.4,0.9,0.8,0.4,0.35039264,49925,0.06387072476079714
0.4,0.9,0.9,0.1,0.3503955,49925,0.0665092624395572
0.6,0.3,0.7,0.7,0.35041434,49925,0.06203524055643924
0.1,0.8,0.4,0.4,0.35041693,49925,0.05901199626008271
0.4,0.4,0.6,0.4,0.35041878,49925,0.06399406885930618
0.2,0.2,0.3,0.2,0.35041878,49925,0.06399406885930618
0.6,0.6,0.9,0.6,0.35041878,49925,0.06399406885930617
0.1,0.5,0.3,0.2,0.35046297,49925,0.06120876656190672
0.2,0.8,0.5,0.6,0.35047415,49925,0.05965709837517475
0.5,0.4,0.7,0.5,0.3504804,49925,0.06374982920611312
0.8,0.3,0.9,0.9,0.3504905,49925,0.06181725609192872
0.5,0.7,0.8,0.6,0.3505132,49925,0.063270412895723
0.3,0.8,0.6,0.6,0.35053217,49925,0.06110707451327279
0.6,0.8,0.9,0.9,0.3505528,49925,0.06202809152555905
0.5,0.1,0.5,0.6,0.35056078,49925,0.06032653836782438
0.1,0.7,0.4,0.1,0.35057753,49925,0.06224576145679275
0.3,0.6,0.6,0.2,0.3505795,49925,0.06517773176119841
0.6,0.1,0.6,0.7,0.3505852,49925,0.06035106619706783
0.1,0.8,0.4,0.5,0.35058603,49925,0.05830602149104145
0.6,0.2,0.9,0.2,0.35058674,49925,0.06706672383412604
0.2,0.8,0.5,0.7,0.35059202,49925,0.05899695523846511
0.7,0.3,0.9,0.5,0.35059825,49925,0.06464256774851657
0.5,0.3,0.6,0.6,0.3506052,49925,0.06214301296415335
0.4,0.6,0.6,0.8,0.35060713,49925,0.06047526772551795
0.2,0.3,0.3,0.4,0.35060713,49925,0.06047526772551795
0.1,0.8,0.4,0.3,0.35061592,49925,0.05974669800001856
0.4,0.5,0.6,0.5,0.35061914,49925,0.06292620977203686
0.6,0.7,0.9,0.7,0.35062984,49925,0.0632886313431974
0.7,0.1,0.7,0.8,0.35063672,49925,0.06034094277120119
0.6,0.4,0.9,0.3,0.35066178,49925,0.06640934748045041
0.5,0.4,0.6,0.9,0.35066345,49925,0.05995584190173389
0.8,0.1,0.8,0.9,0.35067347,49925,0.06038016503109036
0.5,0.7,0.9,0.2,0.35067356,49925,0.06667458210220314
0.2,0.8,0.5,0.8,0.35068005,49925,0.05834932838950282
0.2,0.6,0.5,0.1,0.35068187,49925,0.06509418641396865
0.5,0.8,0.9,0.4,0.35068434,49925,0.06489894200597328
0.8,0.2,0.9,0.7,0.35068697,49925,0.06276319865557174
0.7,0.5,0.9,0.8,0.3506895,49925,0.06275889438817615
0.1,0.8,0.4,0.6,0.3506976,49925,0.057640328056710016
0.1,0.5,0.3,0.6,0.35070458,49925,0.05690190629954358
0.5,0.1,0.7,0.2,0.35073137,49925,0.06618620790188964
0.6,0.5,0.8,0.7,0.35073406,49925,0.062848776874754
0.6,0.1,0.8,0.3,0.35074317,49925,0.06529310549761104
0.2,0.3,0.3,0.7,0.35074562,49925,0.056793968724651915
0.7,0.2,0.9,0.4,0.35074642,49925,0.06513864289536139
0.5,0.6,0.7,0.8,0.35078514,49925,0.06144409070770784
0.2,0.8,0.5,0.4,0.35078636,49925,0.06107378547310461
0.5,0.2,0.6,0.4,0.35078713,49925,0.06385697259257403
0.5,0.9,0.9,0.5,0.3507877,49925,0.06398709433347756
0.4,0.8,0.7,0.7,0.35080367,49925,0.061579857658005596
0.6,0.2,0.6,0.9,0.3508066,49925,0.059400855684428606
0.6,0.1,0.9,0.2,0.35081524,49925,0.06660381277533964
0.5,0.2,0.8,0.1,0.35081893,49925,0.06808946980076112
0.7,0.2,0.8,0.6,0.3508217,49925,0.06302913362324869
0.5,0.6,0.8,0.4,0.3508368,49925,0.06490421862189258
0.5,0.8,0.8,0.7,0.35084978,49925,0.062439269806739826
0.4,0.7,0.8,0.1,0.35085136,49925,0.06701782977924498
0.5,0.2,0.5,0.9,0.35085315,49925,0.058362707687028385
0.4,0.3,0.5,0.5,0.3508568,49925,0.06221483050200442
0.5,0.8,0.8,0.8,0.35086125,49925,0.06185485084316748
0.6,0.5,0.9,0.4,0.35087165,49925,0.0655096909784067
0.3,0.7,0.6,0.3,0.35087505,49925,0.06374285390020083
0.6,0.2,0.8,0.3,0.35088253,49925,0.06576129307341338
0.2,0.8,0.5,0.9,0.35089117,49925,0.057705764637694786
0.1,0.2,0.2,0.8,0.3509098,49925,0.05172962999100948
0.6,0.3,0.8,0.4,0.35091576,49925,0.06507977119344761
0.4,0.6,0.7,0.3,0.35091716,49925,0.06508540236848272
0.5,0.5,0.7,0.6,0.35091767,49925,0.06293487613607676
0.5,0.6,0.9,0.1,0.3509332,49925,0.06788337081644537
0.5,0.5,0.9,0.1,0.3509544,49925,0.06820153957424903
0.6,0.6,0.8,0.9,0.35095766,49925,0.0615782896340876
0.5,0.1,0.8,0.1,0.35097736,49925,0.06766780515963147
0.5,0.4,0.6,0.8,0.35097986,49925,0.060683602770911844
0.7,0.1,0.9,0.4,0.3509995,49925,0.06464684618942275
0.5,0.4,0.8,0.2,0.35101244,49925,0.06705962799751661
0.7,0.3,0.8,0.7,0.35101593,49925,0.06263482674712097
0.6,0.4,0.7,0.9,0.35102096,49925,0.06081282899085635
0.2,0.7,0.5,0.2,0.35102454,49925,0.06328992267070757
0.5,0.5,0.8,0.3,0.35103703,49925,0.06594392558001942
0.3,0.8,0.6,0.5,0.35105523,49925,0.06178400396579298
0.6,0.8,0.9,0.8,0.3510584,49925,0.06258208830742966
0.3,0.6,0.5,0.9,0.35107458,49925,0.058475685828257955
0.6,0.4,0.8,0.5,0.35108304,49925,0.06431139318363001
0.8,0.3,0.9,0.8,0.35110933,49925,0.062455680811237174
0.5,0.2,0.5,0.8,0.35111535,49925,0.05918944727383987
0.2,0.3,0.3,0.8,0.35111764,49925,0.05576988968152168
0.3,0.6,0.5,0.8,0.35112494,49925,0.059174900882534805
0.6,0.2,0.7,0.5,0.35112935,49925,0.06339060758707825
0.7,0.4,0.9,0.6,0.35116678,49925,0.06400784049799303
0.7,0.2,0.7,0.9,0.35120672,49925,0.06022143632301455
0.6,0.6,0.9,0.5,0.35121435,49925,0.06467985079687234
0.4,0.4,0.7,0.1,0.35121977,49925,0.06789398758895646
0.4,0.4,0.5,0.9,0.35122162,49925,0.05882185758135838
0.4,0.1,0.4,0.5,0.3512221,49925,0.060259295898480156
0.4,0.6,0.6,0.7,0.3512465,49925,0.06115971732186894
0.3,0.6,0.5,0.7,0.35127085,49925,0.0599077906466406
0.6,0.2,0.6,0.8,0.35128155,49925,0.06016724656199669
0.3,0.1,0.3,0.4,0.35128155,49925,0.06016724656199669
0.6,0.1,0.6,0.6,0.35128975,49925,0.061246030431052756
0.5,0.3,0.7,0.3,0.35129613,49925,0.06567276963853329
0.7,0.1,0.7,0.7,0.35130632,49925,0.06114792875448216
0.6,0.3,0.9,0.2,0.3513118,49925,0.06730943546664087
0.1,0.5,0.3,0.7,0.35132664,49925,0.055957475294513614
0.3,0.4,0.5,0.2,0.35132882,49925,0.06542757889290333
0.4,0.8,0.7,0.6,0.35132894,49925,0.06221017071042922
0.4,0.3,0.6,0.2,0.3513454,49925,0.0663704306445465
0.4,0.7,0.7,0.4,0.35134718,49925,0.0639188779509927
0.5,0.8,0.8,0.6,0.3513897,49925,0.06303754741530704
0.7,0.4,0.8,0.9,0.35140374,49925,0.06153247201741215
0.7,0.6,0.9,0.9,0.35140836,49925,0.06222949484685984
0.5,0.4,0.7,0.4,0.3514089,49925,0.0646520582986044
0.4,0.1,0.6,0.1,0.35140908,49925,0.06742427350147502
0.2,0.9,0.6,0.1,0.3514322,49925,0.06384190904317208
0.7,0.2,0.7,0.8,0.35143322,49925,0.06091892874482603
0.6,0.7,0.9,0.6,0.35143524,49925,0.06387811973493027
0.1,0.8,0.4,0.7,0.3514524,49925,0.056946077856605104
0.5,0.2,0.7,0.2,0.35145763,49925,0.0666365525385436
0.6,0.6,0.8,0.8,0.35145888,49925,0.06220926458927948
0.3,0.3,0.4,0.4,0.35145888,49925,0.06220926458927948
0.3,0.8,0.7,0.1,0.35146537,49925,0.06569517983088631
0.7,0.5,0.9,0.7,0.35147017,49925,0.06338032431045858
0.4,0.4,0.5,0.8,0.35147625,49925,0.059592113412729145
0.6,0.4,0.7,0.8,0.35148686,49925,0.06149089063153857
0.3,0.9,0.7,0.2,0.35148937,49925,0.06433595692591348
0.8,0.2,0.8,0.9,0.35149342,49925,0.060887579767846985
0.2,0.1,0.2,0.5,0.35149622,49925,0.05607357817004427
0.6,0.3,0.7,0.6,0.3515136,49925,0.06284135526223056
0.2,0.3,0.3,0.9,0.3515266,49925,0.05481286504149782
0.8,0.1,0.9,0.6,0.3515332,49925,0.06301548972119164
0.9,0.1,0.9,0.9,0.35154244,49925,0.06099626774993911
0.3,0.6,0.5,0.6,0.35155672,49925,0.0606929934211546
0.8,0.4,0.9,0.9,0.35155797,49925,0.06208652725240677
0.8,0.1,0.8,0.8,0.35156986,49925,0.061067667262790094
0.5,0.1,0.6,0.3,0.3515877,49925,0.06447865219274392
0.7,0.1,0.8,0.5,0.3515905,49925,0.06336690697778566
0.5,0.8,0.9,0.3,0.35159382,49925,0.06558596840750303
0.3,0.3,0.5,0.1,0.35161665,49925,0.06734781183908671
0.5,0.9,0.8,0.9,0.35161754,49925,0.06113364514259268
0.1,0.8,0.4,0.2,0.35161877,49925,0.060491888231256764
0.5,0.1,0.5,0.5,0.3516435,49925,0.06138048849940229
0.4,0.2,0.5,0.3,0.35165033,49925,0.06440059691555393
0.4,0.9,0.7,0.8,0.35167894,49925,0.06076074584957783
0.6,0.5,0.8,0.6,0.35168248,49925,0.06356831260910845
0.4,0.5,0.7,0.1,0.35168284,49925,0.06747921215535783
0.4,0.9,0.7,0.9,0.35168445,49925,0.06021012898744527
0.5,0.5,0.8,0.2,0.35168597,49925,0.06690505990681771
0.6,0.8,0.9,0.7,0.35170123,49925,0.06313657725567336
0.4,0.4,0.6,0.3,0.35170725,49925,0.06504295267753087
0.8,0.3,0.9,0.7,0.35171354,49925,0.0631206435668121
0.5,0.7,0.8,0.5,0.35171515,49925,0.06395276273670163
0.5,0.6,0.7,0.7,0.35174298,49925,0.06212599032053088
0.4,0.2,0.4,0.7,0.35175508,49925,0.058822047517963265
0.4,0.2,0.4,0.9,0.3517555,49925,0.056933583841645395
0.5,0.5,0.7,0.5,0.35175943,49925,0.06369567200555613
0.7,0.3,0.9,0.4,0.35176003,49925,0.06542022366779533
0.3,0.4,0.4,0.7,0.35182154,49925,0.058957777583707904
0.2,0.4,0.4,0.1,0.3518226,49925,0.0656862067574878
0.4,0.8,0.8,0.2,0.3518226,49925,0.0656862067574878
0.4,0.1,0.5,0.2,0.35182646,49925,0.06536533586182205
0.9,0.1,0.9,0.8,0.35183057,49925,0.061621759802182305
0.9,0.2,0.9,0.9,0.3518404,49925,0.06148034363045066
0.5,0.6,0.8,0.3,0.3518434,49925,0.06570611438865137
0.6,0.2,0.6,0.7,0.35184506,49925,0.06097300371854867
0.2,0.1,0.2,0.6,0.3518512,49925,0.0545105968842824
0.5,0.3,0.8,0.1,0.35185605,49925,0.06822958750817991
0.4,0.9,0.8,0.3,0.35186628,49925,0.06454029834028747
0.5,0.2,0.5,0.7,0.35187465,49925,0.06005655419124935
0.8,0.2,0.9,0.6,0.35190064,49925,0.06346319553585715
0.1,0.2,0.2,0.9,0.35191444,49925,0.05061163556236021
0.6,0.7,0.9,0.5,0.3519209,49925,0.0645124685322638
0.7,0.4,0.9,0.5,0.35192207,49925,0.06476512487564201
0.8,0.2,0.8,0.8,0.35192516,49925,0.061571201126484086
0.4,0.1,0.4,0.4,0.35192516,49925,0.061571201126484086
0.6,0.1,0.7,0.4,0.35192546,49925,0.06383818459627706
0.4,0.2,0.4,0.8,0.35193968,49925,0.05784219979677216
0.2,0.1,0.2,0.4,0.35193968,49925,0.05784219979677216
0.7,0.5,0.9,0.6,0.35194057,49925,0.06403863937519813
0.4,0.4,0.5,0.7,0.35194123,49925,0.060432338865459734
0.2,0.3,0.3,0.3,0.35194385,49925,0.06190347618626749
0.6,0.9,0.9,0.9,0.35194385,49925,0.0619034761862675
0.4,0.6,0.6,0.6,0.35194385,49925,0.06190347618626749
0.5,0.4,0.6,0.7,0.35194567,49925,0.06144625536520929
0.5,0.3,0.6,0.5,0.3519543,49925,0.063044398089641
0.3,0.5,0.5,0.3,0.35196042,49925,0.0637929416602292
0.7,0.4,0.8,0.8,0.35200697,49925,0.06215680628192963
0.6,0.5,0.9,0.3,0.352014,49925,0.06633159621497817
0.8,0.1,0.8,0.7,0.3520169,49925,0.06176054335451992
0.7,0.2,0.8,0.5,0.35202143,49925,0.06384389762245563
0.5,0.9,0.9,0.4,0.352027,49925,0.06459369151277124
0.4,0.5,0.6,0.4,0.35202894,49925,0.06379591724820148
0.7,0.6,0.9,0.8,0.3520364,49925,0.06280527362892228
0.1,0.8,0.4,0.8,0.35204744,49925,0.05629531105258355
0.6,0.6,0.9,0.4,0.35208783,49925,0.06540409427524063
0.4,0.3,0.5,0.4,0.35208842,49925,0.06327436590609264
0.6,0.3,0.8,0.3,0.35210535,49925,0.06599966618566519
0.7,0.3,0.8,0.6,0.35210806,49925,0.06338041367642298
0.7,0.1,0.9,0.3,0.35210815,49925,0.06556658844003746
0.4,0.8,0.7,0.5,0.35212094,49925,0.06286798462635308
0.8,0.4,0.9,0.8,0.3521532,49925,0.06267529377880975
0.7,0.2,0.9,0.3,0.35219026,49925,0.06598431887266884
0.3,0.4,0.4,0.8,0.35219043,49925,0.058096812697945956
0.2,0.5,0.4,0.2,0.3522098,49925,0.06349238615817689
0.3,0.8,0.6,0.4,0.35223097,49925,0.062493566754547834
0.4,0.2,0.6,0.1,0.3522404,49925,0.06781472547549973
0.6,0.6,0.8,0.7,0.352263,49925,0.06284894285129766
0.8,0.1,0.9,0.5,0.35226393,49925,0.06380395265060369
0.4,0.7,0.6,0.9,0.35227072,49925,0.0596806959989301
0.5,0.7,0.7,0.9,0.35228306,49925,0.06070991177601882
0.7,0.2,0.7,0.7,0.35229027,49925,0.06167400897675868
0.5,0.7,0.9,0.1,0.35229984,49925,0.06751694559564056
0.6,0.7,0.8,0.9,0.35230297,49925,0.061569645272098315
0.4,0.9,0.7,0.7,0.35230693,49925,0.061343672600816586
0.2,0.1,0.2,0.7,0.35231957,49925,0.05311353056505282
0.5,0.2,0.5,0.6,0.3523197,49925,0.06100420142218618
0.2,0.8,0.5,0.3,0.352326,49925,0.06179346814551313
0.5,0.6,0.7,0.6,0.35235122,49925,0.0627942314335268
0.1,0.5,0.3,0.8,0.3523624,49925,0.055047545428531186
0.3,0.9,0.6,0.9,0.352364,49925,0.05903166088600344
0.1,0.3,0.2,0.3,0.352364,49925,0.05903166088600343
0.2,0.6,0.4,0.6,0.352364,49925,0.05903166088600343
0.3,0.6,0.5,0.5,0.35236642,49925,0.0615384110468099
0.7,0.3,0.7,0.9,0.35238194,49925,0.060662210100290846
0.1,0.3,0.2,0.2,0.3523886,49925,0.06079161695373858
0.3,0.9,0.6,0.6,0.3523886,49925,0.06079161695373858
0.2,0.6,0.4,0.4,0.3523886,49925,0.06079161695373858
0.8,0.3,0.8,0.9,0.35242033,49925,0.061304358432353954
0.3,0.9,0.6,0.8,0.3524256,49925,0.05960865624211306
0.4,0.4,0.5,0.6,0.35244316,49925,0.06128068929580125
0.3,0.4,0.4,0.9,0.35244963,49925,0.05725584848039467
0.2,0.6,0.4,0.5,0.3524555,49925,0.059893380581411686
0.6,0.1,0.9,0.1,0.35245666,49925,0.0677295545308151
0.6,0.8,0.9,0.6,0.352458,49925,0.06370846835082784
0.5,0.9,0.8,0.8,0.3524666,49925,0.06167115548913766
0.6,0.4,0.7,0.7,0.35246727,49925,0.06219954867501433
0.4,0.6,0.7,0.2,0.35247284,49925,0.06601392984053894
0.6,0.2,0.7,0.4,0.35247475,49925,0.06433296561916438
0.8,0.2,0.9,0.5,0.35247976,49925,0.06424090490779479
0.7,0.1,0.7,0.6,0.35248834,49925,0.06195412665565032
0.3,0.9,0.6,0.7,0.35249966,49925,0.060170066383791
0.6,0.4,0.9,0.2,0.35249996,49925,0.06731203376764704
0.4,0.6,0.6,0.5,0.3525036,49925,0.06267961001839331
0.3,0.2,0.4,0.2,0.35251307,49925,0.06514549629010086
0.6,0.4,0.8,0.4,0.35251307,49925,0.06514549629010086
0.3,0.4,0.4,0.6,0.3525203,49925,0.059913188291293586
0.5,0.7,0.7,0.8,0.35252205,49925,0.06131181839644662
0.5,0.7,0.8,0.4,0.35255885,49925,0.06464495231428868
0.5,0.8,0.9,0.2,0.3525703,49925,0.0663246194602043
0.2,0.6,0.4,0.8,0.35258803,49925,0.05742909067514699
0.1,0.3,0.2,0.4,0.35258803,49925,0.05742909067514699
0.6,0.1,0.6,0.5,0.35259166,49925,0.06218846520587529
0.7,0.5,0.8,0.9,0.35263783,49925,0.0616113320620309
0.6,0.2,0.9,0.1,0.3526681,49925,0.06815860098924258
0.5,0.4,0.7,0.3,0.35267025,49925,0.06561707237519683
0.5,0.8,0.8,0.5,0.35268185,49925,0.06369365492419288
0.6,0.2,0.6,0.6,0.35268804,49925,0.06183104151670303
0.3,0.1,0.3,0.3,0.35268804,49925,0.06183104151670303
0.9,0.3,0.9,0.9,0.35268804,49925,0.06183104151670303
0.5,0.3,0.7,0.2,0.35268912,49925,0.06675977761985877
0.7,0.1,0.8,0.4,0.35269442,49925,0.06426251333721668
0.2,0.6,0.4,0.7,0.3526987,49925,0.05820548531620362
0.3,0.9,0.6,0.5,0.35271153,49925,0.06138802581666076
0.7,0.4,0.8,0.7,0.35271236,49925,0.06282239489625446
0.4,0.2,0.4,0.6,0.35271466,49925,0.05986393756267618
0.6,0.3,0.6,0.9,0.35271466,49925,0.05986393756267618
0.2,0.1,0.2,0.3,0.35271466,49925,0.05986393756267618
0.5,0.5,0.6,0.9,0.35272565,49925,0.06002710020518596
0.2,0.7,0.5,0.1,0.35272998,49925,0.0642554219860285
0.6,0.9,0.9,0.8,0.3527309,49925,0.062425827029402886
0.6,0.7,0.8,0.8,0.35273355,49925,0.06211352203216099
0.4,0.9,0.8,0.2,0.35273418,49925,0.06522659999000405
0.3,0.7,0.6,0.2,0.35274872,49925,0.06462263162938688
0.4,0.7,0.7,0.3,0.3527563,49925,0.0646955867703185
0.6,0.1,0.8,0.2,0.35275668,49925,0.06638102410195436
0.8,0.2,0.8,0.7,0.3527614,49925,0.062279786998961875
0.5,0.9,0.8,0.7,0.35276824,49925,0.06223419598501045
0.4,0.7,0.6,0.8,0.3527773,49925,0.060301280724765136
0.9,0.2,0.9,0.8,0.35281283,49925,0.062085223713427874
0.3,0.6,0.6,0.1,0.35281917,49925,0.06622950756394323
0.7,0.7,0.9,0.9,0.3528234,49925,0.062213298045016054
0.7,0.6,0.9,0.7,0.3528431,49925,0.06341222453883827
0.1,0.5,0.3,0.1,0.35284382,49925,0.06246807316957091
0.5,0.4,0.8,0.1,0.35284647,49925,0.06812033792043296
0.6,0.2,0.8,0.2,0.35284904,49925,0.06681621103629698
0.3,0.1,0.4,0.1,0.35284904,49925,0.06681621103629698
0.2,0.9,0.5,0.5,0.35285956,49925,0.059898289702258856
0.6,0.3,0.7,0.5,0.35286617,49925,0.06367484644234447
0.2,0.9,0.5,0.7,0.35287216,49925,0.05864932493475101
0.5,0.4,0.6,0.6,0.35287458,49925,0.06224503125049843
0.2,0.9,0.5,0.6,0.35287523,49925,0.059275958294941776
0.8,0.1,0.7,0.9,0.35287794,49925,0.05969388166066156
0.1,0.8,0.4,0.9,0.35288325,49925,0.055670227011393396
0.1,0.6,0.3,0.3,0.35289788,49925,0.05924496886305143
0.9,0.1,0.9,0.7,0.35290155,49925,0.062263170533648673
0.3,0.3,0.4,0.3,0.3529027,49925,0.06348367634804318
0.6,0.6,0.8,0.6,0.3529027,49925,0.06348367634804318
0.4,0.9,0.7,0.6,0.35291013,49925,0.06192554305581834
0.2,0.2,0.3,0.1,0.3529132,49925,0.0661754032349874
0.4,0.4,0.6,0.2,0.3529132,49925,0.0661754032349874
0.6,0.6,0.9,0.3,0.3529132,49925,0.0661754032349874
0.6,0.5,0.7,0.9,0.35296708,49925,0.060941561838998515
0.6,0.9,0.9,0.7,0.35299063,49925,0.06295133125645949
0.5,0.5,0.7,0.4,0.35299608,49925,0.06452528021960388
0.6,0.1,0.5,0.9,0.3529966,49925,0.05779879260182911
0.7,0.1,0.6,0.9,0.35300383,49925,0.05888400361301855
0.2,0.9,0.5,0.8,0.35301548,49925,0.05808031886177525
0.6,0.7,0.9,0.4,0.3530179,49925,0.06520193697172827
0.8,0.3,0.8,0.8,0.3530188,49925,0.06193822566049617
0.7,0.2,0.8,0.4,0.35302296,49925,0.06471194678685048
0.6,0.5,0.8,0.5,0.35302895,49925,0.06431646636529485
0.8,0.3,0.9,0.6,0.35304442,49925,0.06382503214939174
0.5,0.2,0.6,0.3,0.35305655,49925,0.0649426815679859
0.5,0.6,0.7,0.5,0.35306114,49925,0.06352130796390192
0.3,0.8,0.6,0.3,0.3530795,49925,0.06323633078135849
0.7,0.4,0.9,0.4,0.35310256,49925,0.06551798876489277
0.2,0.6,0.4,0.9,0.3531215,49925,0.056699918356464804
0.7,0.3,0.7,0.8,0.35313514,49925,0.061346233993042766
0.2,0.9,0.5,0.4,0.3531429,49925,0.06054545446084436
0.5,0.3,0.5,0.9,0.35314825,49925,0.0588015001027744
0.3,0.9,0.7,0.1,0.3531519,49925,0.06508108674181397
0.7,0.5,0.8,0.8,0.35315683,49925,0.0622235176119426
0.2,0.1,0.2,0.8,0.35316467,49925,0.05184030508083046
0.5,0.9,0.9,0.3,0.35317248,49925,0.06524499045313903
0.8,0.5,0.9,0.9,0.35317302,49925,0.06219051441891132
0.4,0.8,0.7,0.4,0.35317847,49925,0.06355372414290093
0.7,0.7,0.9,0.8,0.35318378,49925,0.06276031558411187
0.9,0.1,0.8,0.9,0.35319546,49925,0.06040912915045194
0.7,0.3,0.9,0.3,0.35319972,49925,0.06626765643196117
0.1,0.9,0.4,0.5,0.3532161,49925,0.05776227588137803
0.5,0.1,0.7,0.1,0.35321927,49925,0.06751247390548865
0.6,0.1,0.7,0.3,0.35324565,49925,0.06488432081320902
0.4,0.5,0.6,0.3,0.35325307,49925,0.0647412026765909
0.1,0.6,0.3,0.4,0.35325623,49925,0.058301386477387585
0.3,0.6,0.5,0.4,0.35325938,49925,0.062385230583510136
0.8,0.1,0.8,0.6,0.35326222,49925,0.06249449761520429
0.5,0.5,0.8,0.1,0.35327956,49925,0.06786671545791717
0.5,0.1,0.5,0.4,0.3532889,49925,0.06251962775240993
0.1,0.5,0.3,0.9,0.353304,49925,0.05421019187334613
0.7,0.2,0.7,0.6,0.35330677,49925,0.06248197724268013
0.4,0.3,0.6,0.1,0.35330716,49925,0.06773807221445759
0.8,0.4,0.9,0.7,0.35332027,49925,0.06330968502068153
0.5,0.6,0.8,0.2,0.3533301,49925,0.06659476161462147
0.5,0.3,0.5,0.8,0.35333267,49925,0.0595910418382078
0.3,0.4,0.4,0.5,0.35333562,49925,0.06090947045251733
0.6,0.1,0.5,0.8,0.353346,49925,0.05862593701506805
0.5,0.3,0.6,0.4,0.35334888,49925,0.06401409399427867
0.4,0.5,0.5,0.9,0.35337073,49925,0.05884730376200163
0.6,0.8,0.9,0.5,0.35337284,49925,0.06433262911797484
0.7,0.1,0.6,0.8,0.35338923,49925,0.059591831364518184
0.7,0.3,0.8,0.5,0.35340586,49925,0.06416971393772639
0.5,0.7,0.7,0.7,0.3534137,49925,0.06196056304370982
0.1,0.6,0.3,0.2,0.35342485,49925,0.06021267036463718
0.1,0.9,0.4,0.4,0.3534292,49925,0.058415122103758925
0.4,0.7,0.6,0.7,0.3534624,49925,0.06096138593593781
0.6,0.3,0.9,0.1,0.3534627,49925,0.06830967453636284
0.4,0.4,0.5,0.5,0.35347214,49925,0.062213903998451905
0.2,0.6,0.4,0.3,0.35347328,49925,0.061720632445713484
0.9,0.2,0.9,0.7,0.35349748,49925,0.06274518722382551
0.5,0.2,0.5,0.5,0.35350418,49925,0.06199400194099426
0.4,0.8,0.8,0.1,0.35350472,49925,0.06650369324221948
0.1,0.6,0.3,0.5,0.3535174,49925,0.05741932285759295
0.6,0.7,0.8,0.7,0.35352612,49925,0.0627136029353373
0.7,0.4,0.8,0.6,0.35353392,49925,0.06352468718093497
0.6,0.3,0.6,0.8,0.35353503,49925,0.06058349745817026
0.6,0.4,0.8,0.3,0.3535476,49925,0.06602197268621907
0.8,0.1,0.7,0.8,0.35354778,49925,0.06039856202874021
0.5,0.7,0.8,0.3,0.35356385,49925,0.06539944301909507
0.3,0.7,0.5,0.7,0.3535906,49925,0.059687310427390075
0.2,0.9,0.5,0.9,0.35359266,49925,0.057498416425393675
0.5,0.5,0.6,0.8,0.3535996,49925,0.06074103348085907
0.7,0.1,0.6,0.7,0.35361904,49925,0.060397315377112806
0.6,0.4,0.7,0.6,0.353625,49925,0.06294354893678152
0.1,0.8,0.4,0.1,0.35363427,49925,0.06125071034383454
0.3,0.4,0.5,0.1,0.35364297,49925,0.06677963362477543
0.4,0.6,0.7,0.1,0.35365275,49925,0.06698962899374475
0.1,0.3,0.2,0.5,0.3536535,49925,0.05598085659185886
0.3,0.7,0.5,0.8,0.35366595,49925,0.05900588163413861
0.6,0.8,0.8,0.9,0.35366872,49925,0.0614272509108637
0.6,0.5,0.7,0.8,0.3536792,49925,0.06159029159886598
0.5,0.2,0.7,0.1,0.35368103,49925,0.06790079884883739
0.6,0.5,0.9,0.2,0.3536829,49925,0.06719482425212737
0.9,0.2,0.8,0.9,0.35370827,49925,0.06090012268919321
0.5,0.1,0.6,0.2,0.35373786,49925,0.06575107331760484
0.6,0.1,0.5,0.7,0.353744,49925,0.05947472668501439
0.8,0.1,0.9,0.4,0.35374552,49925,0.06461930064996264
0.7,0.5,0.9,0.5,0.35374746,49925,0.06476109527526311
0.3,0.7,0.5,0.9,0.353782,49925,0.058321746551266214
0.4,0.9,0.7,0.5,0.3537923,49925,0.06252422052912096
0.1,0.9,0.4,0.3,0.35379577,49925,0.05905509506762039
0.2,0.8,0.5,0.2,0.35381532,49925,0.06258712840981542
0.7,0.1,0.7,0.5,0.35382125,49925,0.06278933006959746
0.6,0.2,0.7,0.3,0.35382164,49925,0.0653531087585351
0.6,0.4,0.9,0.1,0.35382313,49925,0.06826708291312614
0.4,0.5,0.5,0.8,0.35382596,49925,0.05960437692878336
0.9,0.3,0.9,0.8,0.35383296,49925,0.062411265793369926
0.4,0.5,0.5,0.7,0.35383692,49925,0.06036795261518299
0.7,0.6,0.9,0.6,0.35385013,49925,0.0640296406005484
0.7,0.8,0.9,0.9,0.3538781,49925,0.06211657711338262
0.3,0.2,0.3,0.6,0.3538782,49925,0.05816317904660844
0.5,0.1,0.4,0.8,0.35388237,49925,0.057292484620142387
0.8,0.2,0.8,0.6,0.35388458,49925,0.06299189740581743
0.4,0.1,0.4,0.3,0.35388458,49925,0.06299189740581743
0.2,0.1,0.2,0.9,0.3538871,49925,0.05071394533371712
0.6,0.5,0.8,0.4,0.3538972,49925,0.06507056897157334
0.4,0.6,0.6,0.4,0.35391194,49925,0.0635034689862313
0.6,0.9,0.9,0.6,0.35391194,49925,0.0635034689862313
0.2,0.3,0.3,0.2,0.35391194,49925,0.0635034689862313
0.7,0.7,0.9,0.7,0.35391226,49925,0.06330241295310428
0.8,0.3,0.9,0.5,0.35391447,49925,0.06452787454494381
0.3,0.7,0.6,0.1,0.35393625,49925,0.06555187683487203
0.3,0.2,0.3,0.7,0.3539459,49925,0.05700295073624207
0.4,0.2,0.5,0.2,0.3539571,49925,0.06580086380950853
0.7,0.3,0.7,0.7,0.3539603,49925,0.06204332617936834
0.5,0.9,0.8,0.6,0.35396245,49925,0.06279666866102779
0.3,0.9,0.6,0.4,0.35396394,49925,0.062043201080846724
0.5,0.8,0.8,0.4,0.35396475,49925,0.06434805843906935
0.5,0.8,0.9,0.1,0.35396677,49925,0.06707085552190191
0.5,0.4,0.6,0.5,0.3539711,49925,0.06309644641561091
0.6,0.6,0.8,0.5,0.35398367,49925,0.06416352149769142
0.7,0.1,0.9,0.2,0.35399598,49925,0.06654956858974441
0.3,0.7,0.5,0.6,0.3540209,49925,0.060412928173627714
0.9,0.1,0.9,0.6,0.3540267,49925,0.06295795677967193
0.4,0.2,0.4,0.5,0.35403028,49925,0.060963145570828686
0.7,0.1,0.8,0.3,0.35403112,49925,0.06521640624515862
0.8,0.3,0.8,0.7,0.35403338,49925,0.06258863914056922
0.1,0.9,0.4,0.6,0.35405838,49925,0.05716477613905442
0.4,0.9,0.8,0.1,0.35405862,49925,0.06596118062656285
0.6,0.7,0.9,0.3,0.3540616,49925,0.06593922961837329
0.8,0.5,0.9,0.8,0.35406518,49925,0.06278045828242369
0.7,0.2,0.9,0.2,0.35407522,49925,0.06694368735235383
0.3,0.2,0.3,0.8,0.35408828,49925,0.05592403856679207
0.3,0.5,0.5,0.2,0.35408857,49925,0.06490014534207068
0.6,0.3,0.8,0.2,0.3540918,49925,0.06701748193794091
0.6,0.7,0.8,0.6,0.35410753,49925,0.06332150767889907
0.5,0.1,0.4,0.9,0.35412502,49925,0.056396684233421944
0.6,0.2,0.6,0.5,0.35412806,49925,0.06273921772672096
0.5,0.9,0.9,0.2,0.35413834,49925,0.06592536182715807
0.8,0.2,0.7,0.9,0.35413873,49925,0.06025951750786352
0.5,0.8,0.7,0.9,0.35414526,49925,0.06057485742472628
0.6,0.8,0.9,0.4,0.35416627,49925,0.06496496624585034
0.5,0.6,0.7,0.4,0.3541767,49925,0.06430450342010409
0.9,0.1,0.8,0.8,0.35417798,49925,0.06107706867351355
0.6,0.1,0.6,0.4,0.3542093,49925,0.06318771472213632
0.6,0.6,0.9,0.2,0.35422057,49925,0.0669799380297672
0.8,0.4,0.9,0.6,0.3542217,49925,0.06395565186471434
0.3,0.2,0.3,0.5,0.35422295,49925,0.059402778011130135
0.5,0.5,0.7,0.3,0.3542274,49925,0.06542730344376557
0.8,0.1,0.8,0.5,0.35422876,49925,0.06330380441521472
0.6,0.3,0.7,0.4,0.35424227,49925,0.06457821444683161
0.8,0.2,0.9,0.4,0.35424337,49925,0.06500440490658166
0.8,0.2,0.7,0.8,0.35424435,49925,0.06092147698090158
0.5,0.7,0.7,0.6,0.3542535,49925,0.06260139162674053
0.4,0.7,0.7,0.2,0.35427058,49925,0.06553703658998376
0.1,0.9,0.4,0.7,0.35427576,49925,0.05658289504784137
0.7,0.2,0.7,0.5,0.3542797,49925,0.06331028063295864
0.6,0.1,0.5,0.6,0.3542832,49925,0.060378468568495026
0.9,0.4,0.9,0.9,0.35428363,49925,0.062077326695756094
0.6,0.3,0.6,0.7,0.35428563,49925,0.061338836810126814
0.6,0.5,0.7,0.7,0.35429144,49925,0.062261183516944145
0.2,0.4,0.3,0.6,0.35431057,49925,0.05786001032765664
0.5,0.4,0.7,0.2,0.35432702,49925,0.06667324683039152
0.7,0.4,0.7,0.9,0.35435835,49925,0.060907564361194926
0.4,0.7,0.6,0.6,0.35437077,49925,0.06166556113456751
0.2,0.5,0.4,0.1,0.3543721,49925,0.06475062416574841
0.7,0.2,0.6,0.9,0.35438743,49925,0.059479555022448546
0.3,0.2,0.3,0.9,0.3543923,49925,0.05495143103951691
0.6,0.8,0.8,0.8,0.35439253,49925,0.06198463534316045
0.3,0.4,0.4,0.4,0.35439253,49925,0.06198463534316045
0.5,0.5,0.6,0.7,0.35439482,49925,0.06144690943594827
0.4,0.3,0.5,0.3,0.35440257,49925,0.06445562813294511
0.7,0.4,0.9,0.3,0.35440427,49925,0.06634560978473662
0.2,0.4,0.3,0.5,0.35441303,49925,0.05893689611635707
0.7,0.7,0.9,0.6,0.3544493,49925,0.06388860500092992
0.9,0.2,0.8,0.8,0.3544613,49925,0.061539215772086285
0.6,0.9,0.9,0.5,0.35446784,49925,0.06408767085616825
0.8,0.1,0.7,0.7,0.35447562,49925,0.06116457073915606
0.9,0.2,0.9,0.6,0.3544934,49925,0.06340407459404784
0.5,0.6,0.6,0.9,0.35449564,49925,0.06002173082887995
0.4,0.8,0.7,0.3,0.3545067,49925,0.06428011517381854
0.9,0.3,0.9,0.7,0.35451216,49925,0.06305222149374845
0.8,0.4,0.8,0.9,0.3545188,49925,0.061536633433232124
0.6,0.1,0.7,0.2,0.35452527,49925,0.06602719246115307
0.4,0.5,0.6,0.2,0.3545335,49925,0.06578724641427248
0.4,0.7,0.6,0.5,0.35453868,49925,0.06238939527617372
0.7,0.8,0.9,0.8,0.35454446,49925,0.06262401501499931
0.6,0.5,0.9,0.1,0.35455,49925,0.06810686401530906
0.5,0.8,0.7,0.8,0.35456023,49925,0.06114534015641757
0.4,0.4,0.5,0.4,0.3545815,49925,0.0631760908073811
0.5,0.7,0.8,0.2,0.35458776,49925,0.06621226107092516
0.5,0.3,0.5,0.7,0.35460535,49925,0.06042215148056202
0.7,0.5,0.8,0.7,0.35460582,49925,0.06287273484493654
0.1,0.9,0.4,0.2,0.354611,49925,0.05968063899829617
0.1,0.6,0.3,0.6,0.35462672,49925,0.0565267581767767
0.6,0.6,0.7,0.9,0.35464123,49925,0.06092047987278496
0.8,0.6,0.9,0.9,0.35465574,49925,0.06225624992178052
0.4,0.9,0.7,0.4,0.35466564,49925,0.06316312346693873
0.7,0.1,0.7,0.4,0.35467267,49925,0.06374109065709112
0.8,0.1,0.9,0.3,0.35467795,49925,0.06547598113653517
0.5,0.6,0.8,0.1,0.35468447,49925,0.06749789294515098
0.2,0.9,0.5,0.3,0.35468525,49925,0.0611781196853753
0.7,0.6,0.9,0.5,0.35471892,49925,0.06469407824869444
0.4,0.5,0.5,0.6,0.35472122,49925,0.06114966516921926
0.5,0.5,0.6,0.6,0.35474038,49925,0.06219093040687311
0.7,0.6,0.8,0.9,0.35474235,49925,0.06167631657365579
0.2,0.7,0.4,0.6,0.35474753,49925,0.05867990961538513
0.5,0.9,0.8,0.5,0.35475364,49925,0.06341033167676328
0.9,0.1,0.9,0.5,0.3547628,49925,0.06371245609254887
0.6,0.4,0.7,0.5,0.35476387,49925,0.06376151960008451
0.6,0.1,0.8,0.1,0.35477376,49925,0.06755579744505119
0.7,0.3,0.9,0.2,0.35478336,49925,0.06715683251338311
0.3,0.3,0.4,0.2,0.3547898,49925,0.06491105646474842
0.6,0.6,0.8,0.4,0.3547898,49925,0.06491105646474842
0.6,0.4,0.6,0.9,0.3547907,49925,0.06006404083286237
0.3,0.6,0.5,0.3,0.35479864,49925,0.06328999309769925
0.3,0.7,0.5,0.5,0.35480052,49925,0.06117690348977089
0.7,0.3,0.7,0.6,0.3548006,49925,0.06280646309273435
0.3,0.8,0.6,0.2,0.3548067,49925,0.06400134137214564
0.7,0.2,0.6,0.8,0.35481095,49925,0.060200838476984826
0.7,0.2,0.8,0.3,0.35483056,49925,0.06560974945137596
0.5,0.3,0.7,0.1,0.35484385,49925,0.06795470237713276
0.7,0.3,0.8,0.4,0.35485122,49925,0.06499716212671316
0.4,0.8,0.6,0.9,0.3548627,49925,0.05952510146630569
0.6,0.5,0.8,0.3,0.3548727,49925,0.06594177866816722
0.7,0.1,0.6,0.6,0.3548737,49925,0.061232811929813814
0.4,0.3,0.4,0.8,0.35487467,49925,0.058259406037058176
0.6,0.6,0.7,0.8,0.35488096,49925,0.06154315948008289
0.9,0.1,0.8,0.7,0.35488722,49925,0.06174680957037311
0.9,0.4,0.9,0.8,0.35488802,49925,0.06265690568134899
0.5,0.1,0.4,0.7,0.35491365,49925,0.05822336412244073
0.5,0.2,0.5,0.4,0.35492593,49925,0.06305482393504502
0.2,0.7,0.4,0.5,0.35496217,49925,0.059435240735155645
0.5,0.1,0.4,0.6,0.35497734,49925,0.05923789735099919
0.6,0.8,0.8,0.7,0.3549798,49925,0.06254278524091675
0.6,0.5,0.7,0.6,0.35500473,49925,0.06295666091287332
0.7,0.5,0.9,0.4,0.3550104,49925,0.06550116512677531
0.8,0.5,0.9,0.7,0.35501623,49925,0.06337207832382784
0.6,0.2,0.5,0.9,0.3550187,49925,0.05849073907334425
0.9,0.1,0.7,0.9,0.3550228,49925,0.05975141784196254
0.4,0.6,0.6,0.3,0.35503602,49925,0.06438255535251723
0.2,0.8,0.5,0.1,0.35504395,49925,0.06338465398602623
0.5,0.6,0.6,0.8,0.3550596,49925,0.060643184334426184
0.8,0.2,0.8,0.5,0.35506016,49925,0.06376638568028486
0.4,0.4,0.6,0.1,0.35506698,49925,0.06738876090099642
0.6,0.7,0.8,0.5,0.35506797,49925,0.06397475382198001
0.4,0.1,0.5,0.1,0.3550744,49925,0.06705512220493559
0.6,0.4,0.8,0.2,0.35508963,49925,0.06700269475565086
0.3,0.2,0.4,0.1,0.35508963,49925,0.06700269475565086
0.8,0.2,0.7,0.7,0.3550975,49925,0.061654223248463765
0.7,0.8,0.9,0.7,0.35509986,49925,0.06316379125662067
0.5,0.8,0.8,0.3,0.35510162,49925,0.06505303814633463
0.4,0.3,0.4,0.7,0.35511422,49925,0.05916541509005254
0.7,0.4,0.8,0.5,0.35511822,49925,0.06426382045344481
0.5,0.3,0.6,0.3,0.35512033,49925,0.06508772685391111
0.1,0.9,0.4,0.8,0.35512087,49925,0.05598239955292982
0.8,0.3,0.9,0.4,0.35513678,49925,0.06527136185519701
0.5,0.1,0.5,0.3,0.35514608,49925,0.06374044240627771
0.8,0.3,0.8,0.6,0.35515743,49925,0.06328614850071212
0.5,0.2,0.6,0.2,0.35515898,49925,0.06620073768926951
0.6,0.8,0.9,0.3,0.3551621,49925,0.06562592864012351
0.5,0.8,0.7,0.7,0.35518005,49925,0.061741953574332264
0.5,0.9,0.9,0.1,0.35519382,49925,0.06663273658236302
0.5,0.6,0.7,0.3,0.3551954,49925,0.06512697612383356
0.2,0.4,0.3,0.7,0.35519922,49925,0.056875368384475794
0.6,0.2,0.8,0.1,0.35521522,49925,0.06792399681102494
0.7,0.9,0.9,0.9,0.3552345,49925,0.06199698464811669
0.3,0.7,0.5,0.4,0.3552442,49925,0.061951166243323794
0.5,0.7,0.7,0.5,0.35525286,49925,0.06327627168867452
0.1,0.6,0.3,0.7,0.35525414,49925,0.05570862765677939
0.2,0.7,0.4,0.7,0.35526338,49925,0.057937633474262534
0.6,0.3,0.7,0.3,0.3552785,49925,0.06556632946299733
0.8,0.1,0.6,0.9,0.35528946,49925,0.05893827329115464
0.8,0.6,0.9,0.8,0.35529074,49925,0.06280078762694556
0.8,0.4,0.8,0.8,0.35529393,49925,0.06215586265319565
0.4,0.2,0.4,0.4,0.35529393,49925,0.06215586265319565
0.6,0.3,0.6,0.6,0.35529393,49925,0.06215586265319564
0.2,0.1,0.2,0.2,0.35529393,49925,0.06215586265319565
0.8,0.4,0.9,0.5,0.355305,49925,0.0646780338895272
0.7,0.6,0.8,0.8,0.35531685,49925,0.06224684990911775
0.6,0.9,0.8,0.9,0.35532826,49925,0.06128387282620529
0.4,0.3,0.4,0.9,0.35533658,49925,0.05740619628887617
0.5,0.9,0.8,0.4,0.3553414,49925,0.06400825829265655
0.2,0.4,0.3,0.4,0.35534164,49925,0.060110203076203975
0.4,0.8,0.6,0.8,0.35534164,49925,0.060110203076203975
0.5,0.5,0.7,0.2,0.3553627,49925,0.066380855740921
0.6,0.6,0.9,0.1,0.35537252,49925,0.06781171912454327
0.2,0.6,0.4,0.2,0.3553741,49925,0.06271389495572
0.3,0.9,0.6,0.3,0.3553741,49925,0.06271389495572001
0.1,0.3,0.2,0.1,0.3553741,49925,0.06271389495572
0.9,0.3,0.8,0.9,0.35538512,49925,0.06125550510651917
0.7,0.7,0.9,0.5,0.35538918,49925,0.0645346054241647
0.9,0.3,0.9,0.6,0.3554052,49925,0.06370471233457821
0.6,0.2,0.6,0.4,0.3554052,49925,0.06370471233457821
0.3,0.1,0.3,0.2,0.3554052,49925,0.06370471233457821
0.4,0.7,0.7,0.1,0.35541126,49925,0.06643963702143292
0.8,0.1,0.7,0.6,0.3554224,49925,0.061911354203509794
0.3,0.5,0.4,0.8,0.3554429,49925,0.05804387779567264
0.6,0.2,0.5,0.8,0.35545042,49925,0.05924568520400919
0.6,0.1,0.5,0.5,0.3554695,49925,0.06135210006302938
0.5,0.8,0.7,0.6,0.35548827,49925,0.06235106429957391
0.8,0.2,0.9,0.3,0.35548845,49925,0.06585677600222936
0.6,0.1,0.6,0.3,0.35549027,49925,0.06432303205601597
0.3,0.8,0.5,0.8,0.35549346,49925,0.05877983976118837
0.7,0.4,0.7,0.8,0.3555003,49925,0.061537709005983425
0.7,0.7,0.8,0.9,0.3555048,49925,0.061617354675949434
0.1,0.3,0.2,0.6,0.35550722,49925,0.054648484735027925
0.5,0.4,0.6,0.4,0.3555075,49925,0.06401894716018837
0.6,0.7,0.9,0.2,0.35551035,49925,0.06668953155630335
0.3,0.5,0.4,0.6,0.3555201,49925,0.059715409559443
0.2,0.7,0.4,0.4,0.35553163,49925,0.06023731201011997
0.4,0.7,0.6,0.4,0.35553375,49925,0.06313323523294141
0.4,0.8,0.6,0.7,0.3555473,49925,0.06072609915647054
0.8,0.3,0.7,0.9,0.35555097,49925,0.06064697562241603
0.5,0.3,0.5,0.6,0.35559312,49925,0.06130275482068807
0.7,0.6,0.9,0.4,0.3555997,49925,0.06538556396804329
0.7,0.5,0.9,0.3,0.35560387,49925,0.06629388382159969
0.7,0.8,0.9,0.6,0.35561162,49925,0.06372454723916493
0.1,0.9,0.4,0.9,0.35561243,49925,0.055399675230992824
0.6,0.4,0.6,0.8,0.35561696,49925,0.06075578498131872
0.3,0.2,0.3,0.4,0.35561696,49925,0.06075578498131872
0.9,0.2,0.8,0.7,0.3556349,49925,0.06219260382915704
0.9,0.1,0.8,0.6,0.35563737,49925,0.06245371433029805
0.8,0.1,0.8,0.4,0.3556432,49925,0.06416350654681195
0.7,0.9,0.9,0.8,0.35565335,49925,0.06249250313364996
0.3,0.5,0.4,0.7,0.35566938,49925,0.058844578643964675
0.5,0.1,0.4,0.5,0.35567233,49925,0.060319914912559135
0.4,0.8,0.7,0.2,0.35567364,49925,0.06504933252599233
0.5,0.9,0.7,0.9,0.35568655,49925,0.06039616428810341
0.7,0.1,0.8,0.2,0.35568774,49925,0.0662436729924114
0.7,0.2,0.6,0.7,0.35569218,49925,0.060957301955554266
0.5,0.6,0.6,0.7,0.35572088,49925,0.06132306138001717
0.3,0.5,0.4,0.9,0.35572192,49925,0.057289267964519115
0.8,0.5,0.9,0.6,0.3557267,49925,0.06401366129636658
0.6,0.7,0.8,0.4,0.35573456,49925,0.06465971758972106
0.4,0.4,0.5,0.3,0.35574704,49925,0.06424914586091987
0.5,0.7,0.7,0.4,0.3557531,49925,0.06399974915109768
0.5,0.5,0.6,0.5,0.3557793,49925,0.06299471141672025
0.3,0.5,0.5,0.1,0.3557987,49925,0.06608241344695966
0.9,0.1,0.7,0.8,0.35580182,49925,0.060420939415917814
0.6,0.2,0.7,0.2,0.35581633,49925,0.06642920784163714
0.7,0.4,0.9,0.2,0.35582334,49925,0.06720571253233332
0.1,0.9,0.4,0.1,0.3558351,49925,0.06032735295371309
0.4,0.3,0.5,0.2,0.35585898,49925,0.06575484954867881
0.3,0.8,0.5,0.9,0.35587087,49925,0.058157158175272214
0.2,0.4,0.3,0.8,0.35591474,49925,0.05591369295245314
0.4,0.5,0.5,0.5,0.35594478,49925,0.0620112904634475
0.8,0.7,0.9,0.9,0.35594547,49925,0.06223042747565433
0.2,0.9,0.5,0.2,0.35595122,49925,0.061882019167691364
0.7,0.1,0.9,0.1,0.35595146,49925,0.06759645170257549
0.6,0.6,0.7,0.7,0.35595354,49925,0.06217389635333778
0.7,0.5,0.8,0.6,0.3559623,49925,0.06354331023128085
0.2,0.7,0.4,0.8,0.35597578,49925,0.0572116985525454
0.5,0.7,0.8,0.1,0.35598022,49925,0.06703525117164104
0.6,0.9,0.9,0.4,0.35598692,49925,0.06467167324134214
0.8,0.1,0.6,0.8,0.3559907,49925,0.05964086025945865
0.6,0.9,0.8,0.8,0.35599542,49925,0.06178750614541632
0.2,0.4,0.3,0.9,0.35599646,49925,0.05503009993679332
0.1,0.6,0.3,0.1,0.3560055,49925,0.06121616902769881
0.7,0.2,0.7,0.4,0.3560085,49925,0.06421589554906423
0.4,0.6,0.5,0.8,0.35602298,49925,0.05947333612186759
0.6,0.5,0.7,0.5,0.35602945,49925,0.06371228460672361
0.4,0.2,0.5,0.1,0.35603496,49925,0.0673584655903835
0.9,0.2,0.9,0.5,0.3560494,49925,0.06413627292363147
0.9,0.4,0.9,0.7,0.3560563,49925,0.0632578489357497
0.6,0.3,0.8,0.1,0.3560646,49925,0.06806725948054428
0.3,0.5,0.4,0.5,0.35607624,49925,0.060627661734751565
0.7,0.3,0.6,0.9,0.35607654,49925,0.05989979874992825
0.5,0.4,0.7,0.1,0.35607967,49925,0.06777102908567746
0.6,0.4,0.7,0.4,0.35608372,49925,0.06459573183805012
0.5,0.4,0.5,0.9,0.35608906,49925,0.05902348933871225
0.4,0.1,0.3,0.8,0.3561055,49925,0.055434707972506284
0.6,0.6,0.8,0.3,0.3561085,49925,0.06569263765425142
0.4,0.3,0.4,0.6,0.35611245,49925,0.06013878409595418
0.6,0.9,0.8,0.7,0.35611656,49925,0.06233485949168513
0.7,0.1,0.6,0.5,0.3561406,49925,0.06211884964861973
0.4,0.9,0.7,0.3,0.356146,49925,0.06383640083514125
0.6,0.8,0.8,0.6,0.35614622,49925,0.06312059022821614
0.3,0.4,0.4,0.3,0.35614622,49925,0.06312059022821614
0.3,0.8,0.5,0.6,0.3561589,49925,0.06006423625813963
0.9,0.3,0.8,0.8,0.35616216,49925,0.06188087130928576
0.9,0.5,0.9,0.9,0.35616687,49925,0.06220384567473902
0.5,0.8,0.7,0.5,0.35616806,49925,0.06301337376133634
0.7,0.6,0.8,0.7,0.35618228,49925,0.06284914369136334
0.4,0.6,0.5,0.9,0.35618642,49925,0.0587796876251958
0.6,0.7,0.7,0.9,0.35619155,49925,0.060858304998600954
0.3,0.8,0.6,0.1,0.35619944,49925,0.06484895567962555
0.4,0.1,0.3,0.9,0.3562022,49925,0.054469428276499116
0.1,0.6,0.3,0.8,0.35620794,49925,0.054913016412211794
0.5,0.2,0.4,0.8,0.35620832,49925,0.05804091371071924
0.7,0.2,0.9,0.1,0.35621327,49925,0.06794897039508788
0.8,0.4,0.8,0.7,0.35621673,49925,0.06278621832717185
0.5,0.3,0.6,0.2,0.35622734,49925,0.06626745985605188
0.8,0.4,0.9,0.4,0.3562329,49925,0.0654206339745579
0.6,0.2,0.5,0.7,0.35623375,49925,0.06008009075661311
0.2,0.4,0.3,0.3,0.35624593,49925,0.06135690652438831
0.4,0.8,0.6,0.6,0.35624593,49925,0.06135690652438831
0.7,0.8,0.9,0.5,0.35626534,49925,0.06432817413119549
0.5,0.8,0.8,0.2,0.3562843,49925,0.06578270851136865
0.8,0.2,0.7,0.6,0.35629535,49925,0.06238885098276215
0.3,0.8,0.5,0.7,0.35630333,49925,0.059398823669834344
0.7,0.3,0.8,0.3,0.35631242,49925,0.06586700958151817
0.6,0.8,0.9,0.2,0.35632816,49925,0.06632877518781143
0.2,0.7,0.4,0.3,0.3563314,49925,0.0610444999636701
0.8,0.6,0.9,0.7,0.35633233,49925,0.06338782160370592
0.6,0.6,0.7,0.6,0.35634646,49925,0.06284770543168358
0.9,0.1,0.9,0.4,0.3563496,49925,0.06449890506606959
0.5,0.4,0.5,0.8,0.35635465,49925,0.05977394531851851
0.4,0.5,0.6,0.1,0.3563594,49925,0.06690947689205198
0.8,0.5,0.8,0.9,0.3564023,49925,0.06166798132291188
0.7,0.7,0.8,0.8,0.35640624,49925,0.06217187775224417
0.5,0.9,0.7,0.8,0.35641953,49925,0.06095323401694444
0.4,0.1,0.3,0.6,0.35642594,49925,0.05759725043515408
0.7,0.4,0.8,0.4,0.35644343,49925,0.06505365136159677
0.7,0.3,0.7,0.5,0.3564482,49925,0.06356809904000758
0.1,0.3,0.2,0.7,0.35645247,49925,0.05345655465120304
0.5,0.1,0.6,0.1,0.35645294,49925,0.06718920210618762
0.5,0.2,0.4,0.9,0.35646072,49925,0.057180362692645516
0.6,0.7,0.7,0.8,0.35646176,49925,0.06142975231419813
0.9,0.2,0.8,0.6,0.35646334,49925,0.06288610412940791
0.7,0.2,0.6,0.6,0.35646433,49925,0.06175591351541627
0.3,0.6,0.5,0.2,0.35646465,49925,0.06428229653032881
0.4,0.1,0.3,0.7,0.35646477,49925,0.056493414825101895
0.6,0.5,0.8,0.2,0.35646647,49925,0.06682708342756948
0.8,0.3,0.7,0.8,0.35647973,49925,0.06130109572677061
0.6,0.7,0.9,0.1,0.35648194,49925,0.06748535277268551
0.8,0.3,0.8,0.5,0.3564831,49925,0.06404593384307204
0.2,0.7,0.4,0.9,0.3564904,49925,0.056540223605734456
0.7,0.9,0.9,0.7,0.35651225,49925,0.06301198365804961
0.9,0.3,0.9,0.5,0.35652065,49925,0.06441080326415914
0.3,0.7,0.5,0.3,0.35652545,49925,0.06275805719623667
0.7,0.4,0.7,0.7,0.35652587,49925,0.06220563292150909
0.7,0.1,0.5,0.9,0.35653904,49925,0.057904386296178105
0.6,0.8,0.8,0.5,0.35656047,49925,0.06373354189770611
0.6,0.3,0.6,0.5,0.35657313,49925,0.06300088415243736
0.8,0.1,0.7,0.5,0.35658398,49925,0.06271262583349287
0.5,0.5,0.6,0.4,0.3566088,49925,0.06385026203969818
0.4,0.8,0.6,0.5,0.35660905,49925,0.062027462837721425
0.8,0.1,0.6,0.7,0.35660958,49925,0.060342603722681486
0.6,0.4,0.6,0.7,0.356614,49925,0.061496359986253954
0.4,0.6,0.5,0.7,0.35662252,49925,0.06016991725907447
0.9,0.1,0.8,0.5,0.35663176,49925,0.06319346959951384
0.5,0.2,0.4,0.7,0.3566342,49925,0.05892968059568814
0.7,0.2,0.8,0.2,0.3566507,49925,0.06659940777571692
0.4,0.9,0.6,0.9,0.35665193,49925,0.05930886417529774
0.7,0.1,0.7,0.3,0.35666552,49925,0.06473272692647555
0.4,0.9,0.6,0.8,0.35666633,49925,0.059863726597784425
0.7,0.5,0.8,0.5,0.35666707,49925,0.0642569249045735
0.7,0.1,0.5,0.8,0.35666892,49925,0.05866110512553262
0.5,0.6,0.6,0.6,0.35668382,49925,0.06202793767961211
0.1,0.7,0.3,0.4,0.35668406,49925,0.057603569439574426
0.9,0.3,0.8,0.7,0.35668513,49925,0.06250123234182106
0.7,0.7,0.9,0.4,0.35670564,49925,0.06518698989644854
0.4,0.5,0.5,0.4,0.35671198,49925,0.06291855566720157
0.8,0.7,0.9,0.8,0.3567292,49925,0.06275846222393601
0.6,0.9,0.8,0.6,0.35674804,49925,0.06288814465883234
0.8,0.1,0.9,0.2,0.3567614,49925,0.06642466807569836
0.8,0.5,0.9,0.5,0.3567688,49925,0.06467926547381675
0.4,0.6,0.6,0.2,0.3567739,49925,0.06528624245098945
0.2,0.3,0.3,0.1,0.3567739,49925,0.06528624245098945
0.6,0.9,0.9,0.3,0.3567739,49925,0.06528624245098945
0.3,0.8,0.5,0.5,0.35680038,49925,0.06074189954383317
0.7,0.6,0.8,0.6,0.35681838,49925,0.06349732661070129
0.8,0.3,0.9,0.3,0.35682118,49925,0.06609070532097586
0.4,0.1,0.3,0.5,0.35682398,49925,0.05882343999904259
0.6,0.2,0.5,0.6,0.3568261,49925,0.06093648058539415
0.4,0.1,0.4,0.2,0.3568278,49925,0.06458409696582279
0.8,0.2,0.8,0.4,0.3568278,49925,0.06458409696582279
0.5,0.9,0.8,0.3,0.35683745,49925,0.06465852764977832
0.9,0.1,0.7,0.7,0.35685343,49925,0.06109241501491342
0.7,0.5,0.7,0.9,0.35686457,49925,0.060995971201884346
0.8,0.2,0.9,0.2,0.3568689,49925,0.066756301122438
0.5,0.3,0.5,0.5,0.35687372,49925,0.06221612255053597
0.8,0.8,0.9,0.9,0.35688713,49925,0.0621602930899929
0.7,0.6,0.9,0.3,0.3568883,49925,0.06612369971250448
0.6,0.4,0.8,0.1,0.35691607,49925,0.06798635946059395
0.5,0.7,0.6,0.9,0.35691965,49925,0.05988118537307212
0.7,0.7,0.8,0.7,0.3569387,49925,0.06273274111209677
0.6,0.3,0.7,0.2,0.3569474,49925,0.06660273599123652
0.1,0.7,0.3,0.3,0.35696322,49925,0.058423687338097066
0.9,0.2,0.7,0.9,0.35697275,49925,0.060255665848978575
0.5,0.6,0.7,0.2,0.35697764,49925,0.06600899015059822
0.5,0.4,0.6,0.3,0.3570025,49925,0.06501808560277293
0.9,0.5,0.9,0.8,0.35701337,49925,0.0627279747271786
0.6,0.4,0.7,0.3,0.3570223,49925,0.06553100965467401
0.4,0.9,0.6,0.7,0.35702354,49925,0.06045754194067995
0.1,0.7,0.3,0.5,0.35704902,49925,0.056856970106777246
0.1,0.6,0.3,0.9,0.35705882,49925,0.054153747091345766
0.8,0.6,0.9,0.6,0.35706842,49925,0.06399758035355875
0.7,0.4,0.8,0.3,0.35707107,49925,0.06592196141956412
0.6,0.2,0.6,0.3,0.35707733,49925,0.06474933819628602
0.4,0.2,0.4,0.3,0.35709417,49925,0.06344944403448627
0.8,0.4,0.8,0.6,0.35709417,49925,0.06344944403448627
0.7,0.3,0.6,0.8,0.35709536,49925,0.06058060055228054
0.7,0.3,0.9,0.1,0.35710078,49925,0.06811789751699655
0.9,0.2,0.9,0.4,0.35711044,49925,0.06486705058384198
0.9,0.4,0.9,0.6,0.3571391,49925,0.06385136895976543
0.6,0.6,0.7,0.5,0.35714492,49925,0.06355863077529673
0.7,0.9,0.9,0.6,0.3571578,49925,0.06353129958952473
0.6,0.7,0.7,0.7,0.3571605,49925,0.06204403023299479
0.8,0.1,0.8,0.3,0.35716525,49925,0.06506863995306554
0.5,0.5,0.7,0.1,0.35717484,49925,0.0674215825402545
0.4,0.7,0.6,0.3,0.35717613,49925,0.06392730106798328
0.3,0.9,0.6,0.2,0.35718453,49925,0.06338827991135436
0.7,0.5,0.9,0.2,0.35718742,49925,0.06711082852541247
0.6,0.3,0.5,0.9,0.35720342,49925,0.058912975740130415
0.6,0.5,0.7,0.4,0.3572089,49925,0.06451969939780249
0.5,0.6,0.6,0.5,0.3572287,49925,0.06277222000595328
0.8,0.2,0.6,0.9,0.35723293,49925,0.05946141294543851
0.5,0.1,0.4,0.4,0.35723844,49925,0.06145788397240461
0.7,0.8,0.8,0.9,0.3572386,49925,0.06151024170349164
0.7,0.4,0.9,0.1,0.35724238,49925,0.06810056970028283
0.8,0.4,0.9,0.3,0.35726,49925,0.06621277718690077
0.6,0.6,0.8,0.2,0.35727504,49925,0.06652244923423481
0.3,0.3,0.4,0.1,0.35727504,49925,0.06652244923423481
0.5,0.1,0.5,0.2,0.3572776,49925,0.06514040473057665
0.8,0.5,0.8,0.8,0.3572883,49925,0.06224060664094355
0.6,0.1,0.7,0.1,0.35730612,49925,0.06728289555007003
0.5,0.9,0.7,0.7,0.35730657,49925,0.06150088729355353
0.9,0.4,0.8,0.9,0.35732102,49925,0.06150337936650315
0.7,0.5,0.7,0.8,0.3573292,49925,0.06162832436800534
0.7,0.1,0.5,0.7,0.3573357,49925,0.059453675812226284
0.4,0.6,0.5,0.6,0.3573359,49925,0.06093108419870395
0.5,0.9,0.7,0.6,0.35733712,49925,0.06207794024693474
0.5,0.7,0.7,0.3,0.35735065,49925,0.06477006347452513
0.8,0.7,0.9,0.7,0.3573817,49925,0.0633199329653745
0.5,0.2,0.5,0.3,0.35738248,49925,0.06422358117904621
0.8,0.3,0.7,0.7,0.3573852,49925,0.06196183554845259
0.6,0.5,0.6,0.9,0.3574057,49925,0.06016163868614309
0.5,0.7,0.6,0.8,0.3574179,49925,0.06048776661684347
0.6,0.7,0.7,0.6,0.35742643,49925,0.06268209165967828
0.6,0.7,0.8,0.3,0.35743073,49925,0.06540342552389934
0.4,0.3,0.4,0.5,0.3574345,49925,0.06116645213298086
0.6,0.8,0.8,0.4,0.35744247,49925,0.06438589193398087
0.3,0.4,0.4,0.2,0.35744247,49925,0.06438589193398087
0.6,0.8,0.9,0.1,0.3574482,49925,0.06704753955430616
0.4,0.9,0.7,0.2,0.35744998,49925,0.06453191369474351
0.7,0.8,0.9,0.4,0.35748383,49925,0.06494222052005764
0.7,0.4,0.7,0.6,0.35749435,49925,0.06288096609013072
0.8,0.4,0.7,0.9,0.3574978,49925,0.06087605917324991
0.7,0.8,0.8,0.8,0.3575182,49925,0.06205025830823816
0.5,0.2,0.6,0.1,0.35752162,49925,0.06752252239400174
0.5,0.4,0.5,0.7,0.3575235,49925,0.06055421317658885
0.8,0.3,0.8,0.4,0.35752362,49925,0.0648289823139883
0.4,0.8,0.7,0.1,0.3575312,49925,0.06584951001450828
0.3,0.8,0.5,0.4,0.35753563,49925,0.06142478338624772
0.7,0.6,0.8,0.5,0.35755506,49925,0.06417903483980805
0.6,0.4,0.6,0.6,0.3575596,49925,0.06224593342536166
0.9,0.6,0.9,0.9,0.3575596,49925,0.062245933425361666
0.3,0.2,0.3,0.3,0.3575596,49925,0.06224593342536166
0.3,0.5,0.4,0.4,0.3575655,49925,0.06160719002238158
0.8,0.5,0.9,0.4,0.35756734,49925,0.06539090735280073
0.7,0.1,0.6,0.4,0.35758987,49925,0.06307009381746838
0.7,0.2,0.7,0.3,0.35759965,49925,0.06514796921624483
0.7,0.5,0.8,0.4,0.35760558,49925,0.06501674162347355
0.8,0.8,0.9,0.8,0.35762373,49925,0.06265898764292935
0.6,0.1,0.5,0.4,0.35762545,49925,0.06236938537639559
0.5,0.8,0.7,0.4,0.35762715,49925,0.06369576305909323
0.7,0.2,0.6,0.5,0.35763305,49925,0.06258938486071715
0.4,0.8,0.6,0.4,0.35764387,49925,0.06271398156096689
0.2,0.4,0.3,0.2,0.35764387,49925,0.06271398156096689
0.7,0.7,0.8,0.6,0.35764658,49925,0.06334921367533977
0.6,0.3,0.5,0.8,0.35765347,49925,0.05964618838184848
0.9,0.3,0.9,0.4,0.357656,49925,0.06513074205399763
0.2,0.6,0.4,0.1,0.35769704,49925,0.06375051330068955
0.8,0.6,0.9,0.5,0.3577055,49925,0.06462315160991161
0.9,0.5,0.9,0.7,0.3577083,49925,0.06329019344755105
0.2,0.9,0.5,0.1,0.3577096,49925,0.0625749490405177
0.7,0.9,0.9,0.5,0.3577132,49925,0.06408842439308261
0.8,0.2,0.7,0.5,0.35774627,49925,0.06314479141757487
0.7,0.8,0.8,0.7,0.35776216,49925,0.06260987622776767
0.1,0.3,0.2,0.8,0.35777077,49925,0.05234380567235592
0.7,0.7,0.9,0.3,0.3577871,49925,0.06587523719345606
0.9,0.2,0.7,0.8,0.35778713,49925,0.06087982702953194
0.9,0.1,0.9,0.3,0.3577953,49925,0.06534365290691432
0.6,0.3,0.6,0.4,0.35781652,49925,0.06390626360140608
0.1,0.4,0.2,0.3,0.35782346,49925,0.05823547093019301
0.2,0.8,0.4,0.6,0.35782346,49925,0.05823547093019301
0.1,0.7,0.3,0.2,0.35783282,49925,0.059211144699542514
0.8,0.1,0.7,0.4,0.35785863,49925,0.06359788349951602
0.2,0.8,0.4,0.5,0.3578675,49925,0.05893025841235728
0.6,0.1,0.6,0.2,0.3578775,49925,0.06551768941546318
0.7,0.6,0.9,0.2,0.35788006,49925,0.06690542081723148
0.7,0.3,0.7,0.4,0.35788298,49925,0.06441837039234248
0.8,0.7,0.9,0.6,0.357901,49925,0.06391191999307465
0.4,0.9,0.6,0.6,0.3579081,49925,0.06105118791998973
0.8,0.9,0.9,0.9,0.3579148,49925,0.06205180090444319
0.6,0.2,0.7,0.1,0.3579263,49925,0.06759030138312805
0.9,0.2,0.8,0.5,0.3579285,49925,0.06362227718105812
0.8,0.5,0.8,0.7,0.35795912,49925,0.06281988756457772
0.8,0.1,0.6,0.6,0.35796103,49925,0.06114009943380304
0.8,0.6,0.8,0.9,0.3579628,49925,0.06170722326684858
0.5,0.5,0.6,0.3,0.35796714,49925,0.06473343133765577
0.6,0.8,0.7,0.9,0.35798386,49925,0.060722238731462604
0.5,0.8,0.8,0.1,0.35798925,49925,0.06655456892727948
0.6,0.9,0.8,0.5,0.35799757,49925,0.06348286203298567
0.3,0.9,0.5,0.8,0.3580113,49925,0.05849506626205891
0.5,0.2,0.4,0.6,0.35801494,49925,0.05988529570763696
0.7,0.3,0.8,0.2,0.35801622,49925,0.06679141749698174
0.9,0.3,0.8,0.6,0.35803384,49925,0.06316661600377235
0.7,0.3,0.6,0.7,0.35803404,49925,0.0613128942499979
0.9,0.4,0.8,0.8,0.35803586,49925,0.06207595969120089
0.3,0.9,0.5,0.7,0.35804066,49925,0.0590848779603579
0.6,0.5,0.8,0.1,0.35804227,49925,0.06774559712126817
0.9,0.4,0.9,0.5,0.3580472,49925,0.06452686702373919
0.8,0.3,0.9,0.2,0.35804725,49925,0.0669553869521578
0.1,0.7,0.3,0.6,0.35806522,49925,0.05608117689219687
0.4,0.6,0.5,0.5,0.35810512,49925,0.06172100626642928
0.5,0.9,0.8,0.2,0.3581128,49925,0.06532641263604033
0.7,0.5,0.7,0.7,0.3581157,49925,0.06226956893494261
0.3,0.5,0.4,0.3,0.3581178,49925,0.06261171747989598
0.5,0.7,0.6,0.7,0.35811877,49925,0.06114288821819284
0.8,0.4,0.8,0.5,0.35812894,49925,0.06415541756328043
0.7,0.2,0.5,0.9,0.3581343,49925,0.05851217605222342
0.4,0.1,0.3,0.4,0.35815448,49925,0.06014236142348704
0.8,0.2,0.6,0.8,0.35815448,49925,0.06014236142348704
0.7,0.1,0.5,0.6,0.3581548,49925,0.06029485919031748
0.5,0.4,0.5,0.6,0.35815775,49925,0.061363953938661994
0.5,0.9,0.7,0.5,0.35815966,49925,0.06265764434737824
0.4,0.4,0.5,0.2,0.35816202,49925,0.06539831703175632
0.8,0.8,0.9,0.7,0.35816777,49925,0.06319968656127384
0.9,0.1,0.8,0.4,0.35818848,49925,0.06400513628678099
0.8,0.9,0.9,0.8,0.35819182,49925,0.06254763137223754
0.7,0.4,0.6,0.9,0.35821578,49925,0.060103894860884625
0.6,0.1,0.4,0.8,0.35822013,49925,0.05739721211861047
0.6,0.2,0.5,0.5,0.35824504,49925,0.06186907115560444
0.6,0.9,0.9,0.2,0.35824895,49925,0.06594449291803613
0.9,0.1,0.7,0.6,0.35825312,49925,0.06181316880543882
0.2,0.7,0.4,0.2,0.35826695,49925,0.061895867072784674
0.5,0.3,0.5,0.4,0.3582777,49925,0.06319968318227799
0.8,0.3,0.7,0.6,0.35829026,49925,0.06267546524119402
0.8,0.2,0.8,0.3,0.35834035,49925,0.06543476058824704
0.6,0.1,0.4,0.9,0.35834187,49925,0.056588030545220366
0.5,0.5,0.5,0.9,0.35834312,49925,0.059067698308074915
0.3,0.3,0.3,0.8,0.35834345,49925,0.05635630397508339
0.6,0.1,0.4,0.7,0.35835248,49925,0.05826917056318903
0.7,0.1,0.8,0.1,0.35836047,49925,0.06737309972089896
0.2,0.5,0.3,0.5,0.35836452,49925,0.0585802550668162
0.2,0.8,0.4,0.4,0.35836586,49925,0.05961422527923603
0.1,0.4,0.2,0.2,0.35836586,49925,0.05961422527923603
0.4,0.3,0.5,0.1,0.35837892,49925,0.06716519348226048
0.9,0.1,0.6,0.9,0.3583805,49925,0.058902708719459455
0.5,0.4,0.6,0.2,0.35840252,49925,0.06607411169003813
0.6,0.8,0.7,0.8,0.3584028,49925,0.061266734727974864
0.3,0.7,0.5,0.2,0.35840502,49925,0.06362142836268307
0.4,0.5,0.5,0.3,0.3584172,49925,0.06385798046045074
0.6,0.5,0.6,0.8,0.35843554,49925,0.06082049140835122
0.9,0.2,0.9,0.3,0.35844687,49925,0.06566908030333257
0.2,0.8,0.4,0.7,0.3584493,49925,0.057555017626509705
0.8,0.4,0.7,0.8,0.35846666,49925,0.06149483226472911
0.5,0.6,0.6,0.4,0.35847437,49925,0.06355988198271478
0.5,0.6,0.7,0.1,0.35847506,49925,0.06691994261421305
0.6,0.6,0.8,0.1,0.35848418,49925,0.06738630379995576
0.9,0.6,0.9,0.8,0.35848537,49925,0.06277155859765687
0.7,0.6,0.7,0.9,0.35849333,49925,0.06101124837478161
0.5,0.7,0.6,0.6,0.35849473,49925,0.06178547079166131
0.3,0.9,0.6,0.1,0.3584969,49925,0.06412875304334616
0.7,0.4,0.8,0.2,0.35850722,49925,0.06679649327608929
0.4,0.7,0.5,0.9,0.35851097,49925,0.05864240157892959
0.7,0.9,0.8,0.9,0.3585159,49925,0.061380071855101706
0.7,0.4,0.7,0.5,0.35851628,49925,0.06364605638040133
0.3,0.3,0.3,0.5,0.3585238,49925,0.059537644117973285
0.4,0.4,0.4,0.9,0.35853168,49925,0.05760949044227627
0.3,0.3,0.3,0.7,0.35853174,49925,0.05735169545164149
0.6,0.4,0.7,0.2,0.35853446,49925,0.06650547600869852
0.4,0.7,0.5,0.8,0.35853466,49925,0.05929918370038223
0.3,0.6,0.4,0.6,0.3585365,49925,0.05944018656228753
0.4,0.4,0.4,0.8,0.3585427,49925,0.058390152228917386
0.1,0.1,0.1,0.2,0.3585427,49925,0.058390152228917386
0.3,0.3,0.3,0.6,0.3585427,49925,0.058390152228917386
0.2,0.2,0.2,0.4,0.3585427,49925,0.058390152228917386
0.6,0.5,0.6,0.7,0.35854593,49925,0.06149438123032667
0.4,0.4,0.4,0.7,0.35855746,49925,0.05924585023238081
0.6,0.6,0.7,0.4,0.35858503,49925,0.06429235856331368
0.2,0.2,0.2,0.5,0.35859248,49925,0.056857143505122394
0.8,0.6,0.9,0.4,0.3585952,49925,0.06530062793852066
0.3,0.9,0.5,0.9,0.35861182,49925,0.05791461891689061
0.9,0.5,0.9,0.6,0.35861346,49925,0.06391822198160499
0.1,0.1,0.1,0.3,0.35862148,49925,0.055429123539417695
0.2,0.2,0.2,0.6,0.35862148,49925,0.055429123539417695
0.3,0.3,0.3,0.9,0.35862148,49925,0.0554291235394177
0.3,0.9,0.5,0.6,0.35862413,49925,0.05966536922613037
0.7,0.1,0.7,0.2,0.3586362,49925,0.06581567964515991
0.7,0.5,0.9,0.1,0.3586514,49925,0.06795007351648559
0.6,0.3,0.5,0.7,0.35865772,49925,0.060428060153591985
0.7,0.2,0.8,0.1,0.35866046,49925,0.06765302697246156
0.6,0.8,0.7,0.7,0.35869223,49925,0.06185459388824073
0.9,0.2,0.7,0.7,0.3586944,49925,0.06152212893004582
0.7,0.5,0.8,0.3,0.35869524,49925,0.06580966096211754
0.3,0.6,0.5,0.1,0.35869828,49925,0.06530248050444261
0.5,0.3,0.6,0.1,0.35870108,49925,0.06749553848073672
0.7,0.7,0.8,0.5,0.35870972,49925,0.06398276682800579
0.5,0.8,0.6,0.9,0.35871187,49925,0.05973253500030828
0.7,0.2,0.5,0.8,0.35871878,49925,0.05923022349914128
0.7,0.7,0.9,0.2,0.35872433,49925,0.06660562935454878
0.7,0.6,0.8,0.4,0.35873014,49925,0.06486143553435236
0.6,0.5,0.7,0.3,0.3587475,49925,0.06536044779977959
0.9,0.3,0.7,0.9,0.35874996,49925,0.060589314181572165
0.8,0.4,0.9,0.2,0.35875052,49925,0.06701510406258865
0.7,0.9,0.8,0.8,0.35875377,49925,0.061877946604445025
0.3,0.6,0.4,0.7,0.35879627,49925,0.05864192014219782
0.6,0.4,0.6,0.5,0.3588011,49925,0.06304810077845635
0.2,0.8,0.4,0.8,0.35880524,49925,0.056902093410584734
0.1,0.4,0.2,0.4,0.35880524,49925,0.056902093410584734
0.9,0.4,0.9,0.4,0.35881376,49925,0.06523977752266595
0.4,0.6,0.6,0.1,0.35882953,49925,0.06627685141668432
0.8,0.7,0.9,0.5,0.35884726,49925,0.06449797830213097
0.5,0.5,0.5,0.8,0.35886577,49925,0.05976618122795962
0.2,0.8,0.4,0.3,0.35886997,49925,0.060337609818370275
0.8,0.6,0.8,0.8,0.358877,49925,0.06225811501304678
0.4,0.3,0.4,0.4,0.358877,49925,0.06225811501304678
0.4,0.9,0.6,0.5,0.358879,49925,0.061650225214563384
0.2,0.5,0.3,0.4,0.35890096,49925,0.05959725659878798
0.6,0.7,0.8,0.2,0.35890874,49925,0.06616748515774963
0.4,0.7,0.5,0.7,0.35893902,49925,0.059945888176893676
0.7,0.3,0.6,0.6,0.35894656,49925,0.06205108349192547
0.1,0.3,0.2,0.9,0.35894907,49925,0.05132463121730263
0.6,0.8,0.8,0.3,0.35895196,49925,0.06506551549059866
0.7,0.6,0.7,0.8,0.35895845,49925,0.06157212893261447
0.3,0.9,0.5,0.5,0.35896346,49925,0.06025982014692772
0.5,0.1,0.4,0.3,0.3589642,49925,0.06274050172681025
0.1,0.7,0.3,0.7,0.3589646,49925,0.055342382137084804
0.7,0.4,0.6,0.8,0.35896757,49925,0.06076748398940759
0.8,0.5,0.9,0.3,0.3589696,49925,0.06614616302767903
0.8,0.8,0.9,0.6,0.35897258,49925,0.06374608678603354
0.9,0.1,0.6,0.8,0.35900864,49925,0.05956084176902357
0.9,0.5,0.8,0.9,0.3590101,49925,0.06161439860165675
0.5,0.2,0.4,0.5,0.3590211,49925,0.06090675900904302
0.7,0.3,0.7,0.3,0.3590219,49925,0.06533479942194269
0.9,0.4,0.8,0.7,0.35902244,49925,0.06266988489623303
0.9,0.7,0.9,0.9,0.35902822,49925,0.06222962672541751
0.4,0.7,0.6,0.2,0.35903063,49925,0.06477831365381832
0.5,0.9,0.7,0.4,0.3590343,49925,0.06327327050679214
0.6,0.2,0.6,0.2,0.3590354,49925,0.06589545161462464
0.3,0.1,0.3,0.1,0.3590354,49925,0.06589545161462464
0.9,0.3,0.9,0.3,0.3590354,49925,0.06589545161462464
0.8,0.3,0.8,0.3,0.35904196,49925,0.06565364100674109
0.4,0.6,0.5,0.4,0.35904917,49925,0.06253649898436697
0.5,0.2,0.5,0.2,0.3590585,49925,0.06550458878006721
0.3,0.6,0.4,0.9,0.35906917,49925,0.05717147287694758
0.8,0.5,0.8,0.6,0.35907662,49925,0.06347109565917672
0.8,0.1,0.9,0.1,0.35908026,49925,0.06744371852558892
0.6,0.7,0.7,0.5,0.3590817,49925,0.06333253594100827
0.7,0.2,0.6,0.4,0.35908225,49925,0.06349551343791375
0.2,0.5,0.3,0.6,0.35909122,49925,0.05762229810777024
0.5,0.8,0.6,0.8,0.35911003,49925,0.060293929693217084
0.9,0.6,0.9,0.7,0.35911575,49925,0.06331634368157432
0.8,0.2,0.9,0.1,0.35912132,49925,0.0676931506950621
0.8,0.3,0.7,0.5,0.35912597,49925,0.06341274996278216
0.9,0.3,0.8,0.5,0.35912678,49925,0.0638722831638418
0.5,0.7,0.7,0.2,0.35912767,49925,0.06556110741475944
0.5,0.7,0.6,0.5,0.35913417,49925,0.062474731613071544
0.5,0.4,0.5,0.5,0.35914257,49925,0.06221740770469704
0.9,0.3,0.7,0.8,0.35914263,49925,0.061211406259939774
0.7,0.8,0.9,0.3,0.3591463,49925,0.06560001749613156
0.8,0.7,0.8,0.9,0.35914817,49925,0.061640204239618815
0.8,0.1,0.6,0.5,0.35914892,49925,0.061964167863247155
0.4,0.9,0.7,0.1,0.35914955,49925,0.0652418874456351
0.7,0.9,0.9,0.4,0.35915887,49925,0.06467474733063493
0.7,0.8,0.8,0.6,0.35916516,49925,0.06317506425162557
0.3,0.8,0.5,0.3,0.35917935,49925,0.06215915540648124
0.8,0.2,0.6,0.7,0.35918647,49925,0.06085054189686107
0.8,0.4,0.7,0.7,0.35919335,49925,0.06212980715047741
0.7,0.5,0.7,0.6,0.35925055,49925,0.0629230152671025
0.2,0.2,0.2,0.3,0.3592545,49925,0.06011423703094491
0.4,0.4,0.4,0.6,0.3592545,49925,0.06011423703094491
0.6,0.6,0.6,0.9,0.3592545,49925,0.06011423703094491
0.8,0.2,0.7,0.4,0.35925663,49925,0.06400393730863693
0.8,0.9,0.9,0.7,0.35925704,49925,0.06305014618775752
0.9,0.2,0.7,0.6,0.35926384,49925,0.06220593125033473
0.9,0.5,0.9,0.5,0.35927042,49925,0.06457772484539884
0.6,0.1,0.4,0.6,0.35929513,49925,0.05918744598822929
0.3,0.6,0.4,0.5,0.35930696,49925,0.06025887936331167
0.8,0.3,0.6,0.9,0.35932326,49925,0.05987589332691793
0.3,0.6,0.4,0.8,0.35932687,49925,0.05788702460588175
0.4,0.8,0.6,0.3,0.35935524,49925,0.06346637059037141
0.6,0.3,0.5,0.6,0.35935774,49925,0.06125651526676054
0.6,0.1,0.5,0.3,0.35936025,49925,0.06350840677300622
0.6,0.3,0.6,0.3,0.35937065,49925,0.06491339189127582
0.4,0.2,0.4,0.2,0.35937065,49925,0.06491339189127583
0.8,0.4,0.8,0.4,0.35937065,49925,0.06491339189127583
0.2,0.1,0.2,0.1,0.35937065,49925,0.06491339189127583
0.6,0.8,0.7,0.6,0.35938987,49925,0.062432487342041966
0.7,0.4,0.7,0.4,0.3594122,49925,0.06448773738043977
0.8,0.1,0.8,0.2,0.3594202,49925,0.06605674249642308
0.9,0.1,0.7,0.5,0.35942551,49925,0.06256849483230079
0.6,0.3,0.7,0.1,0.359437,49925,0.0676836411955484
0.7,0.6,0.7,0.7,0.35946307,49925,0.06218933201101142
0.7,0.9,0.8,0.7,0.35947734,49925,0.06239218078865377
0.1,0.7,0.3,0.1,0.35948244,49925,0.06004629955170855
0.7,0.6,0.9,0.1,0.35948426,49925,0.06769164007512166
0.7,0.1,0.6,0.3,0.3594871,49925,0.06411875495225557
0.6,0.2,0.5,0.4,0.35950908,49925,0.06285413979390786
0.1,0.7,0.3,0.8,0.35951468,49925,0.05464221666057871
0.8,0.7,0.8,0.8,0.35952252,49925,0.06217367426851341
0.4,0.9,0.6,0.4,0.35952848,49925,0.06228418847868803
0.5,0.5,0.5,0.7,0.35953057,49925,0.060478753845642254
0.8,0.5,0.7,0.9,0.35953668,49925,0.060999435688138086
0.6,0.5,0.6,0.6,0.35953853,49925,0.06220251325348947
0.9,0.1,0.8,0.3,0.3595438,49925,0.06488317853990228
0.7,0.2,0.5,0.7,0.35954645,49925,0.05999991001132208
0.4,0.7,0.5,0.6,0.35955492,49925,0.06061789876708814
0.6,0.9,0.7,0.9,0.3595697,49925,0.060538065418904906
0.2,0.5,0.3,0.3,0.3595855,49925,0.06068371670048972
0.9,0.2,0.8,0.4,0.35958752,49925,0.06440381231200173
0.2,0.2,0.2,0.7,0.3595915,49925,0.054174534250803666
0.8,0.1,0.5,0.9,0.359593,49925,0.0579061621613353
0.6,0.9,0.8,0.4,0.35962793,49925,0.06407726836228729
0.7,0.1,0.5,0.5,0.35962898,49925,0.061191864178006275
0.2,0.8,0.4,0.9,0.35965782,49925,0.05629654744893877
0.3,0.3,0.3,0.4,0.35965788,49925,0.06072764837289279
0.6,0.6,0.6,0.8,0.35965788,49925,0.06072764837289279
0.6,0.9,0.9,0.1,0.35966232,49925,0.06661392012328674
0.1,0.4,0.2,0.5,0.35966504,49925,0.055711941509114966
0.4,0.4,0.4,0.5,0.35966915,49925,0.06105153228230414
0.2,0.5,0.3,0.7,0.3596853,49925,0.05672318791209374
0.5,0.8,0.7,0.3,0.35968885,49925,0.06436810090496699
0.8,0.6,0.8,0.7,0.3596904,49925,0.06281433657884146
0.8,0.1,0.7,0.3,0.35969648,49925,0.06453060935562027
0.5,0.3,0.5,0.3,0.35970104,49925,0.06430451178372891
0.9,0.5,0.8,0.8,0.359724,49925,0.062166022070410235
0.8,0.3,0.9,0.1,0.35973722,49925,0.06784128397742771
0.4,0.1,0.3,0.3,0.3597535,49925,0.06158687452910403
0.8,0.2,0.6,0.6,0.3597535,49925,0.06158687452910403
0.5,0.9,0.8,0.1,0.35975868,49925,0.06602490667569162
0.7,0.7,0.7,0.9,0.35976288,49925,0.06091772823505754
0.5,0.8,0.6,0.7,0.35977054,49925,0.06088932401206205
0.8,0.2,0.8,0.2,0.35978535,49925,0.06634633535525417
0.4,0.1,0.4,0.1,0.35978535,49925,0.06634633535525417
0.7,0.7,0.8,0.4,0.3597927,49925,0.0646373025882759
0.5,0.5,0.5,0.6,0.3598065,49925,0.06124412198242654
0.4,0.2,0.3,0.9,0.3598106,49925,0.05541346754303068
0.9,0.8,0.9,0.9,0.35981104,49925,0.06216673866686865
0.8,0.8,0.9,0.5,0.3598285,49925,0.0643100238099672
0.7,0.2,0.7,0.2,0.35985005,49925,0.06614897365973359
0.9,0.1,0.9,0.2,0.35987124,49925,0.06623331829870524
0.8,0.7,0.9,0.4,0.35988095,49925,0.06510891769474512
0.8,0.6,0.9,0.3,0.35988653,49925,0.06599082534941761
0.9,0.2,0.9,0.2,0.35989103,49925,0.06652384914375262
0.9,0.7,0.9,0.8,0.3599028,49925,0.06273440243545113
0.4,0.4,0.5,0.1,0.35990608,49925,0.0666690701963325
0.7,0.4,0.6,0.7,0.35990977,49925,0.061442137181989404
0.9,0.5,0.9,0.4,0.35992685,49925,0.06523170609145305
0.6,0.6,0.6,0.7,0.35992947,49925,0.06137587730980171
0.8,0.5,0.8,0.5,0.35994995,49925,0.0641662360889116
0.9,0.4,0.8,0.6,0.35995483,49925,0.06330821072156079
0.7,0.7,0.7,0.8,0.35995683,49925,0.061473978263286086
0.7,0.7,0.9,0.1,0.3599674,49925,0.06735621797915774
0.6,0.6,0.7,0.3,0.35998496,49925,0.06506545937936434
0.9,0.1,0.6,0.7,0.36000702,49925,0.060256174859508405
0.7,0.5,0.7,0.5,0.3600102,49925,0.0636386031289434
0.7,0.3,0.6,0.5,0.36001474,49925,0.06283242128323425
0.7,0.3,0.8,0.1,0.36002678,49925,0.06777921500352867
0.9,0.3,0.7,0.7,0.3600357,49925,0.061856280174062576
0.6,0.9,0.7,0.8,0.36003742,49925,0.061075994389145405
0.2,0.5,0.3,0.8,0.36004063,49925,0.055861497722646564
0.7,0.4,0.7,0.3,0.3600605,49925,0.06531031501012594
0.3,0.6,0.4,0.4,0.3600622,49925,0.0611273003753427
0.7,0.6,0.8,0.3,0.36006272,49925,0.06558735299699871
0.6,0.7,0.8,0.1,0.36006588,49925,0.0669313783956109
0.1,0.8,0.3,0.4,0.36007762,49925,0.056904139225760424
0.4,0.7,0.5,0.5,0.36007932,49925,0.06135842032388533
0.8,0.8,0.8,0.9,0.36009246,49925,0.06154781497544556
0.9,0.2,0.6,0.9,0.3601107,49925,0.05939730868061986
0.8,0.5,0.9,0.2,0.36011186,49925,0.06690550532172598
0.3,0.9,0.5,0.4,0.36013097,49925,0.06087687378067076
0.7,0.8,0.9,0.2,0.36013618,49925,0.06626418622780929
0.7,0.8,0.8,0.5,0.36015588,49925,0.0637586438994551
0.4,0.5,0.5,0.2,0.36016726,49925,0.064912325282619
0.8,0.3,0.6,0.8,0.36017093,49925,0.06052233137291975
0.5,0.7,0.6,0.4,0.3601728,49925,0.06318438407731983
0.5,0.8,0.6,0.6,0.36017552,49925,0.06150480819853589
0.9,0.3,0.8,0.4,0.3601919,49925,0.06463788669439822
0.6,0.4,0.6,0.4,0.36019406,49925,0.06391134290133366
0.9,0.6,0.9,0.6,0.36019406,49925,0.06391134290133366
0.3,0.2,0.3,0.2,0.36019406,49925,0.06391134290133366
0.4,0.2,0.3,0.8,0.36020207,49925,0.05631683855857379
0.5,0.3,0.4,0.9,0.36020485,49925,0.05765167889370815
0.6,0.6,0.6,0.6,0.3602086,49925,0.06205807775658012
0.8,0.8,0.8,0.8,0.3602086,49925,0.06205807775658012
0.7,0.7,0.7,0.7,0.3602086,49925,0.06205807775658012
0.1,0.1,0.1,0.1,0.3602086,49925,0.06205807775658012
0.5,0.5,0.5,0.5,0.3602086,49925,0.06205807775658012
0.9,0.9,0.9,0.9,0.3602086,49925,0.06205807775658012
0.2,0.2,0.2,0.2,0.3602086,49925,0.06205807775658012
0.3,0.3,0.3,0.3,0.3602086,49925,0.06205807775658012
0.4,0.4,0.4,0.4,0.3602086,49925,0.06205807775658012
0.4,0.2,0.3,0.7,0.36020875,49925,0.05732730435556143
0.6,0.9,0.7,0.7,0.36021093,49925,0.061605635625405664
0.6,0.5,0.7,0.2,0.36023915,49925,0.06625622507863757
0.8,0.9,0.9,0.6,0.3602403,49925,0.06355737241931464
0.5,0.6,0.6,0.3,0.36024407,49925,0.06437797241193394
0.9,0.4,0.7,0.9,0.3602482,49925,0.06082945390419057
0.6,0.7,0.7,0.4,0.36025658,49925,0.06401600680992092
0.8,0.4,0.7,0.6,0.36025715,49925,0.06278371205235542
0.9,0.7,0.9,0.7,0.3602601,49925,0.06327585628409828
0.2,0.2,0.2,0.8,0.36026132,49925,0.053017777010271695
0.1,0.1,0.1,0.4,0.36026132,49925,0.053017777010271695
0.5,0.4,0.6,0.1,0.36027312,49925,0.06719393018665054
0.5,0.5,0.6,0.2,0.36029363,49925,0.06570004943494367
0.5,0.3,0.4,0.8,0.36029896,49925,0.058439258021301024
0.3,0.4,0.4,0.1,0.3603059,49925,0.06576240328255921
0.6,0.8,0.8,0.2,0.3603059,49925,0.06576240328255921
0.8,0.1,0.5,0.8,0.360308,49925,0.058623045385388796
0.2,0.9,0.4,0.5,0.36031723,49925,0.05837754569698843
0.8,0.4,0.8,0.3,0.3603362,49925,0.06569609698924564
0.9,0.4,0.9,0.3,0.3603512,49925,0.06594686762425064
0.8,0.5,0.7,0.8,0.36035305,49925,0.061581163394273185
0.8,0.6,0.8,0.6,0.36035913,49925,0.06342930583152741
0.4,0.3,0.4,0.3,0.36035913,49925,0.06342930583152741
0.9,0.2,0.7,0.5,0.3603652,49925,0.06295223221902937
0.7,0.5,0.8,0.2,0.36042213,49925,0.06662874706513928
0.1,0.8,0.3,0.3,0.36042842,49925,0.057608570468692874
0.2,0.7,0.4,0.1,0.36045885,49925,0.06277671064628812
0.6,0.8,0.7,0.5,0.36045992,49925,0.0630348163471414
0.2,0.9,0.4,0.4,0.36046058,49925,0.058995040237567964
0.7,0.9,0.9,0.3,0.3604895,49925,0.06529680929170148
0.1,0.8,0.3,0.5,0.36049274,49925,0.0562217378600317
0.9,0.2,0.8,0.3,0.36053342,49925,0.06521447695797063
0.5,0.2,0.4,0.4,0.36053842,49925,0.06199566344873464
0.9,0.8,0.9,0.8,0.36053914,49925,0.06265236130629315
0.6,0.4,0.5,0.9,0.36056858,49925,0.05913138704386459
0.5,0.1,0.5,0.1,0.36057654,49925,0.06664504617583161
0.4,0.2,0.3,0.6,0.3605774,49925,0.058356232107685466
0.3,0.1,0.2,0.6,0.3605795,49925,0.0551436159163617
0.8,0.3,0.7,0.4,0.36058122,49925,0.06422193346085833
0.5,0.9,0.6,0.9,0.36058918,49925,0.0595091655257426
0.8,0.2,0.7,0.3,0.36061713,49925,0.06488172697473223
0.7,0.9,0.8,0.6,0.3606176,49925,0.06291746206624732
0.6,0.4,0.7,0.1,0.36061898,49925,0.06751802159345012
0.8,0.7,0.8,0.7,0.3606272,49925,0.06272258911178202
0.7,0.2,0.6,0.3,0.3606402,49925,0.06447719811003198
0.5,0.4,0.5,0.4,0.36064416,49925,0.06314732327080276
0.6,0.5,0.6,0.5,0.36065802,49925,0.06295630864385826
0.6,0.2,0.4,0.8,0.36066195,49925,0.05805350836679796
0.3,0.1,0.2,0.4,0.36066195,49925,0.05805350836679796
0.7,0.3,0.7,0.2,0.36066946,49925,0.06627484345351582
0.2,0.9,0.4,0.6,0.3606772,49925,0.057757557472612624
0.7,0.6,0.7,0.6,0.3606875,49925,0.06282430356987652
0.6,0.2,0.4,0.9,0.36070237,49925,0.05726735973018281
0.6,0.1,0.4,0.5,0.3607112,49925,0.06016701839158554
0.9,0.5,0.8,0.7,0.36071315,49925,0.06274741922158152
0.3,0.1,0.2,0.5,0.36071697,49925,0.056497894033224576
0.4,0.6,0.5,0.3,0.36071995,49925,0.06342060253761868
0.2,0.5,0.3,0.9,0.36072198,49925,0.05505859162854457
0.3,0.8,0.5,0.2,0.3607283,49925,0.06292160891751343
0.9,0.3,0.9,0.2,0.36072996,49925,0.0667043314785378
0.7,0.4,0.8,0.1,0.3607774,49925,0.06771699491446148
0.9,0.4,0.8,0.5,0.36078003,49925,0.06401043194275621
0.3,0.7,0.5,0.1,0.3608022,49925,0.0645285840158127
0.2,0.8,0.4,0.2,0.36082423,49925,0.06106605747744748
0.1,0.4,0.2,0.1,0.36082423,49925,0.06106605747744748
0.8,0.5,0.8,0.4,0.3608418,49925,0.06487909111505018
0.8,0.3,0.8,0.2,0.3608627,49925,0.06653612799979575
0.8,0.3,0.6,0.7,0.3608905,49925,0.06120538285485157
0.7,0.2,0.5,0.6,0.36090693,49925,0.06082534630820004
0.6,0.3,0.6,0.2,0.36091,49925,0.06594887971319814
0.5,0.3,0.4,0.7,0.36091334,49925,0.059272822383555655
0.6,0.2,0.5,0.3,0.36091694,49925,0.06394426061362952
0.8,0.1,0.6,0.4,0.3609292,49925,0.06284895336660483
0.9,0.6,0.9,0.5,0.36092994,49925,0.06452984793775549
0.9,0.2,0.6,0.8,0.36093053,49925,0.0600353990933528
0.8,0.1,0.5,0.7,0.3609324,49925,0.0593551760259186
0.8,0.2,0.6,0.5,0.3609377,49925,0.06235946601809473
0.6,0.3,0.5,0.5,0.36094752,49925,0.062100261639598135
0.5,0.6,0.5,0.9,0.3609609,49925,0.058993419932134666
0.4,0.7,0.6,0.1,0.36099142,49925,0.06563462509569061
0.2,0.9,0.4,0.7,0.36099726,49925,0.05714266419698616
0.8,0.4,0.9,0.1,0.36100975,49925,0.06785103667333695
0.9,0.4,0.7,0.8,0.3610165,49925,0.0614040477277926
0.9,0.6,0.8,0.9,0.36102384,49925,0.0616795647716252
0.8,0.6,0.8,0.5,0.36103338,49925,0.06406509530220376
0.6,0.7,0.6,0.9,0.3610365,49925,0.05999951841330809
0.5,0.9,0.7,0.3,0.36105406,49925,0.06393291982779042
0.7,0.1,0.5,0.4,0.36106405,49925,0.062149963274233
0.5,0.9,0.6,0.8,0.3610665,49925,0.0600546942518699
0.5,0.8,0.7,0.2,0.36107746,49925,0.06509224929829686
0.4,0.9,0.6,0.3,0.3610785,49925,0.06292302637503915
0.5,0.6,0.5,0.8,0.36110452,49925,0.059636259903648826
0.9,0.7,0.9,0.6,0.36110488,49925,0.06382111273129999
0.9,0.1,0.7,0.4,0.3611385,49925,0.06339918893784784
0.6,0.4,0.6,0.3,0.3611399,49925,0.06485272977498491
0.2,0.9,0.4,0.8,0.3611566,49925,0.05656584611467178
0.8,0.9,0.9,0.5,0.3611584,49925,0.0640987841328692
0.1,0.8,0.3,0.2,0.3611612,49925,0.05826620007318489
0.1,0.4,0.2,0.6,0.36118647,49925,0.05457633611391584
0.6,0.9,0.7,0.6,0.36118758,49925,0.06214826276712148
0.6,0.4,0.5,0.8,0.36119145,49925,0.0598345613534684
0.8,0.7,0.9,0.3,0.36119184,49925,0.06576564792840765
0.1,0.7,0.3,0.9,0.36119655,49925,0.05393659433503646
0.3,0.5,0.4,0.2,0.36119786,49925,0.06372536187402089
0.4,0.8,0.5,0.9,0.36119804,49925,0.05846977056731457
0.6,0.9,0.8,0.3,0.36119822,49925,0.0646784746764416
0.5,0.1,0.3,0.7,0.36120752,49925,0.056638952476492775
0.5,0.7,0.7,0.1,0.361229,49925,0.06640139434796204
0.9,0.3,0.7,0.6,0.36123434,49925,0.0625139273500689
0.5,0.3,0.5,0.2,0.36123794,49925,0.06548864721811426
0.3,0.1,0.2,0.7,0.3612527,49925,0.05389185095596451
0.4,0.2,0.3,0.5,0.3612594,49925,0.05946433278085854
0.5,0.1,0.3,0.8,0.3612598,49925,0.05570247758225898
0.6,0.1,0.6,0.1,0.36128405,49925,0.06683709489513202
0.7,0.3,0.5,0.9,0.36129946,49925,0.058924785960012445
0.7,0.5,0.7,0.4,0.36129946,49925,0.06439184738874006
0.5,0.3,0.4,0.6,0.36131164,49925,0.06016129485512041
0.9,0.3,0.8,0.3,0.36132944,49925,0.06540110037506763
0.4,0.8,0.6,0.2,0.36134416,49925,0.06419715624388908
0.2,0.4,0.3,0.1,0.36134416,49925,0.06419715624388908
0.4,0.5,0.4,0.9,0.36136565,49925,0.057598356712950764
0.4,0.5,0.4,0.8,0.36136574,49925,0.0583412902947822
0.4,0.8,0.5,0.7,0.36138105,49925,0.05965867675126556
0.6,0.2,0.4,0.7,0.361388,49925,0.05888318782535634
0.7,0.8,0.9,0.1,0.36138865,49925,0.06694511735694327
0.5,0.4,0.5,0.3,0.36141133,49925,0.06414741461477949
0.8,0.4,0.6,0.9,0.36142203,49925,0.06007547812435887
0.8,0.8,0.9,0.4,0.36142582,49925,0.06489295925564009
0.7,0.5,0.6,0.9,0.3614382,49925,0.06020903218365626
0.6,0.7,0.6,0.8,0.36143896,49925,0.06056958134922142
0.9,0.8,0.9,0.7,0.361448,49925,0.06315134808613981
0.5,0.1,0.3,0.9,0.36144838,49925,0.05479820860824292
0.7,0.6,0.7,0.5,0.36145148,49925,0.06349733817085366
0.5,0.8,0.6,0.5,0.36145604,49925,0.062134703566298716
0.6,0.1,0.5,0.2,0.36147535,49925,0.06479323363661846
0.7,0.2,0.5,0.5,0.36149454,49925,0.061672667692120965
0.9,0.4,0.8,0.4,0.36149773,49925,0.06471224283913034
0.9,0.5,0.9,0.3,0.36149803,49925,0.0659061041647248
0.4,0.7,0.5,0.4,0.36150974,49925,0.06208056159229239
0.8,0.7,0.8,0.6,0.36151356,49925,0.06330814790897209
0.5,0.6,0.5,0.7,0.3615151,49925,0.06030809983990769
0.7,0.1,0.6,0.2,0.3615324,49925,0.06519461840814979
0.7,0.3,0.6,0.4,0.36153436,49925,0.06372040655052413
0.7,0.8,0.8,0.4,0.3615653,49925,0.06436856923274369
0.4,0.8,0.5,0.8,0.36156616,49925,0.05905268852217486
0.9,0.1,0.6,0.6,0.36156777,49925,0.0609925700719809
0.3,0.7,0.4,0.7,0.36157784,49925,0.05833729011711594
0.7,0.4,0.6,0.6,0.36157846,49925,0.06214169646732927
0.9,0.1,0.9,0.1,0.36158577,49925,0.06718407621965479
0.8,0.1,0.7,0.2,0.36160064,49925,0.06551641059575507
0.3,0.7,0.4,0.8,0.3616188,49925,0.057654086218525455
0.1,0.8,0.3,0.6,0.36162058,49925,0.05558396882693768
0.5,0.9,0.6,0.7,0.36162537,49925,0.06059506765984566
0.8,0.6,0.9,0.2,0.36162892,49925,0.06672376452407261
0.7,0.7,0.8,0.3,0.36164218,49925,0.06532156854705881
0.7,0.3,0.5,0.8,0.36164898,49925,0.059626301224911096
0.7,0.1,0.4,0.9,0.36165226,49925,0.05663082850896637
0.9,0.5,0.8,0.6,0.3616548,49925,0.06337033359641904
0.9,0.2,0.7,0.4,0.3616572,49925,0.06375368089068198
0.7,0.1,0.7,0.1,0.3616635,49925,0.06697298480749013
0.9,0.7,0.9,0.5,0.3616639,49925,0.06439376173348917
0.5,0.1,0.3,0.6,0.36166552,49925,0.05765835234602966
0.6,0.2,0.6,0.1,0.36167145,49925,0.06712539561317478
0.7,0.8,0.7,0.9,0.36168078,49925,0.06076583001634308
0.8,0.5,0.9,0.1,0.36168134,49925,0.06770796662596186
0.6,0.5,0.6,0.4,0.3616973,49925,0.06374880254383807
0.7,0.6,0.8,0.2,0.36170462,49925,0.06636624457754713
0.7,0.9,0.9,0.2,0.3617097,49925,0.06590894534289492
0.8,0.5,0.7,0.7,0.36171362,49925,0.062181874975178304
0.3,0.1,0.2,0.8,0.36171702,49925,0.05272757090624374
0.7,0.2,0.7,0.1,0.36172625,49925,0.06723294635043507
0.3,0.6,0.4,0.3,0.36172828,49925,0.062009099350454566
0.9,0.6,0.8,0.8,0.3617313,49925,0.062197362626995115
0.9,0.9,0.9,0.8,0.36173356,49925,0.06252316699654023
0.2,0.9,0.4,0.3,0.36175436,49925,0.05962755124132577
0.2,0.2,0.2,0.9,0.36175635,49925,0.05195082506168675
0.3,0.7,0.4,0.6,0.36176237,49925,0.05906539162325592
0.4,0.5,0.4,0.7,0.36176613,49925,0.059097086383520056
0.6,0.7,0.7,0.3,0.36178562,49925,0.06474333467525642
0.8,0.3,0.7,0.3,0.36178792,49925,0.06507112010857147
0.7,0.5,0.8,0.1,0.361788,49925,0.06753539969477937
0.8,0.4,0.7,0.5,0.36178884,49925,0.06351483194350803
0.8,0.9,0.8,0.9,0.36180705,49925,0.061398436418783536
0.3,0.9,0.5,0.3,0.36181086,49925,0.061550890499032646
0.8,0.1,0.8,0.1,0.36181882,49925,0.06709162689287414
0.9,0.1,0.8,0.2,0.3618226,49925,0.06575787589172645
0.6,0.6,0.7,0.2,0.36182576,49925,0.0659063331575055
0.9,0.6,0.9,0.4,0.36182767,49925,0.0651863301335042
0.7,0.9,0.8,0.5,0.36182928,49925,0.06348400039258713
0.9,0.2,0.6,0.7,0.36184248,49925,0.06071589888423476
0.8,0.3,0.6,0.6,0.36184677,49925,0.06191670439502263
0.5,0.1,0.4,0.2,0.3618632,49925,0.06416015685703773
0.8,0.2,0.5,0.9,0.36187088,49925,0.05846773422138249
0.5,0.5,0.6,0.1,0.36191463,49925,0.06674238984007129
0.6,0.5,0.7,0.1,0.36193007,49925,0.06718992571294508
0.7,0.1,0.4,0.8,0.3619406,49925,0.05740738890006336
0.8,0.6,0.8,0.4,0.36194694,49925,0.06473950024404132
0.4,0.3,0.4,0.2,0.36194694,49925,0.06473950024404132
0.8,0.2,0.8,0.1,0.36197662,49925,0.06733575457623082
0.8,0.8,0.8,0.7,0.3619789,49925,0.06257665484851364
0.6,0.4,0.5,0.7,0.36199415,49925,0.06057153289364138
0.7,0.8,0.7,0.8,0.36200714,49925,0.06130040172553414
0.8,0.6,0.7,0.9,0.36203143,49925,0.06101500845801309
0.7,0.7,0.7,0.6,0.3620363,49925,0.06265797787029703
0.2,0.9,0.4,0.9,0.362048,49925,0.0560020883519268
0.6,0.8,0.7,0.4,0.3620505,49925,0.06368386189462087
0.5,0.2,0.5,0.1,0.36206722,49925,0.06688189596002292
0.9,0.2,0.9,0.1,0.362084,49925,0.06740377900084694
0.4,0.5,0.4,0.6,0.36211023,49925,0.05991709236046328
0.7,0.5,0.6,0.8,0.36211434,49925,0.060825232228592326
0.9,0.4,0.9,0.2,0.36212674,49925,0.0667248679811166
0.6,0.6,0.6,0.5,0.36215252,49925,0.06276556720022343
0.8,0.1,0.5,0.6,0.3621722,49925,0.060139741034371676
0.8,0.2,0.6,0.4,0.36218256,49925,0.06323440256680013
0.4,0.1,0.3,0.2,0.36218256,49925,0.06323440256680013
0.2,0.5,0.3,0.2,0.36218655,49925,0.06178724124387482
0.8,0.5,0.8,0.3,0.36220542,49925,0.06562934243027303
0.5,0.6,0.6,0.2,0.36220694,49925,0.065258863089469
0.1,0.1,0.1,0.5,0.36224163,49925,0.050966530957177486
0.2,0.6,0.3,0.4,0.3622432,49925,0.05895946395678432
0.3,0.4,0.3,0.6,0.36225367,49925,0.058283084878092625
0.1,0.4,0.2,0.7,0.36225826,49925,0.0535355013752189
0.6,0.1,0.4,0.4,0.36226836,49925,0.0612411204865516
0.2,0.6,0.3,0.5,0.36228895,49925,0.05806595692947282
0.9,0.8,0.9,0.6,0.3623139,49925,0.06367190688014195
0.8,0.4,0.8,0.2,0.36231613,49925,0.06652168455563012
0.4,0.2,0.4,0.1,0.36231613,49925,0.06652168455563012
0.6,0.3,0.5,0.4,0.36232463,49925,0.06303164030261105
0.9,0.4,0.7,0.7,0.36232647,49925,0.06201087611244249
0.4,0.8,0.5,0.6,0.36232796,49925,0.060308811203647616
0.3,0.7,0.4,0.5,0.36233497,49925,0.05981881727718825
0.6,0.7,0.6,0.7,0.362343,49925,0.061182286215056406
0.7,0.4,0.6,0.5,0.36235934,49925,0.0629226294120281
0.9,0.6,0.8,0.7,0.36236882,49925,0.06274972053741076
0.3,0.7,0.4,0.9,0.36237437,49925,0.056989166653712564
0.8,0.9,0.8,0.8,0.3623754,49925,0.06189602740363893
0.9,0.7,0.8,0.9,0.3623854,49925,0.06162906387916856
0.5,0.1,0.3,0.5,0.36239573,49925,0.05875292306827754
0.8,0.2,0.5,0.8,0.36240065,49925,0.059146579362119756
0.5,0.5,0.5,0.4,0.36240447,49925,0.06292030390817113
0.3,0.4,0.3,0.8,0.36240736,49925,0.056467836582742036
0.9,0.9,0.9,0.7,0.36241668,49925,0.06300694932640864
0.6,0.8,0.8,0.1,0.36241788,49925,0.06647303744562416
0.8,0.7,0.8,0.5,0.3624191,49925,0.06391008250627188
0.9,0.1,0.6,0.5,0.36242372,49925,0.06174070354775522
0.5,0.3,0.4,0.5,0.36242682,49925,0.06110514175006633
0.5,0.9,0.6,0.6,0.36243248,49925,0.06116219742399474
0.4,0.2,0.3,0.4,0.36243677,49925,0.06068327225336529
0.8,0.4,0.6,0.8,0.36243677,49925,0.06068327225336529
0.7,0.6,0.7,0.4,0.36245707,49925,0.06420596788144042
0.5,0.6,0.5,0.6,0.36246073,49925,0.06101358205729654
0.8,0.6,0.7,0.8,0.36246693,49925,0.06155999058863122
0.9,0.2,0.8,0.2,0.36246935,49925,0.06608218615434372
0.9,0.3,0.7,0.5,0.36248195,49925,0.063224631175766
0.9,0.5,0.7,0.9,0.36248446,49925,0.060930755125905324
0.3,0.1,0.2,0.3,0.36249244,49925,0.05977937932365455
0.6,0.2,0.4,0.6,0.36249244,49925,0.05977937932365455
0.9,0.3,0.6,0.9,0.36249244,49925,0.059779379323654555
0.7,0.3,0.6,0.3,0.3625491,49925,0.06463054965750738
0.8,0.8,0.9,0.3,0.3625553,49925,0.06550932893411854
0.4,0.9,0.6,0.2,0.36256343,49925,0.063606961112483
0.7,0.5,0.7,0.3,0.3625715,49925,0.06518312920268819
0.4,0.5,0.4,0.5,0.36258247,49925,0.060792569519335225
0.8,0.8,0.8,0.6,0.36260656,49925,0.06313360889792442
0.4,0.4,0.4,0.3,0.36260656,49925,0.06313360889792442
0.8,0.2,0.7,0.2,0.3626087,49925,0.06582872202700878
0.7,0.3,0.5,0.7,0.36261392,49925,0.06034356371554509
0.9,0.1,0.7,0.3,0.3626304,49925,0.06427077908335398
0.6,0.9,0.8,0.2,0.36263478,49925,0.06533065523847213
0.7,0.8,0.7,0.7,0.36264095,49925,0.061868980180304914
0.8,0.1,0.6,0.3,0.36265403,49925,0.06379019455356445
0.9,0.3,0.9,0.1,0.362663,49925,0.06755772361928454
0.5,0.7,0.6,0.3,0.36266342,49925,0.06394379947973965
0.5,0.2,0.4,0.3,0.36266893,49925,0.06315739479226273
0.7,0.2,0.6,0.2,0.36266938,49925,0.06551681068680573
0.6,0.9,0.7,0.5,0.36267152,49925,0.06270656287202343
0.7,0.5,0.6,0.7,0.3626821,49925,0.06146889078887242
0.3,0.4,0.3,0.9,0.3626856,49925,0.055628588896252204
0.9,0.1,0.5,0.9,0.36268756,49925,0.05785985513239707
0.8,0.7,0.9,0.2,0.3626944,49925,0.0664690415217493
0.6,0.4,0.5,0.6,0.36269912,49925,0.06133613886387096
0.3,0.4,0.3,0.7,0.36270487,49925,0.0573340917261337
0.3,0.1,0.2,0.9,0.36275297,49925,0.05168700215449395
0.8,0.5,0.7,0.6,0.36276934,49925,0.0628409344132176
0.8,0.9,0.9,0.4,0.36278254,49925,0.06463578054112752
0.1,0.8,0.3,0.7,0.3627852,49925,0.054937674485467165
0.6,0.7,0.6,0.6,0.36279172,49925,0.061835864874212644
0.3,0.4,0.3,0.5,0.36279938,49925,0.05930712469795686
0.2,0.8,0.4,0.1,0.3628162,49925,0.06183537213733764
0.7,0.1,0.4,0.7,0.36283514,49925,0.058204983321145425
0.9,0.1,0.5,0.8,0.3628477,49925,0.05852708107774648
0.7,0.7,0.7,0.5,0.3628585,49925,0.06329604036161157
0.7,0.7,0.8,0.2,0.3628707,49925,0.06605364310769538
0.2,0.6,0.3,0.3,0.3628715,49925,0.05987976568877401
0.2,0.6,0.3,0.6,0.3628761,49925,0.0572311975211499
0.6,0.5,0.5,0.9,0.36290243,49925,0.05917341112189809
0.5,0.8,0.6,0.4,0.36290503,49925,0.06279438892434096
0.8,0.4,0.7,0.4,0.36291116,49925,0.06429054019138644
0.5,0.8,0.7,0.1,0.36291492,49925,0.06585564115838051
0.9,0.3,0.6,0.8,0.362916,49925,0.06039795424480397
0.9,0.2,0.6,0.6,0.3629314,49925,0.061427136054749754
0.9,0.8,0.9,0.5,0.36293733,49925,0.06421976990299344
0.7,0.4,0.7,0.2,0.36293793,49925,0.06621263667622633
0.9,0.2,0.7,0.3,0.36293802,49925,0.06459016675488606
0.5,0.9,0.7,0.2,0.36294538,49925,0.06458847227216646
0.6,0.5,0.6,0.3,0.36295655,49925,0.06461107770374476
0.4,0.8,0.5,0.5,0.36297125,49925,0.060954808190629116
0.4,0.5,0.5,0.1,0.36298615,49925,0.06601560176983903
0.3,0.8,0.5,0.1,0.36299857,49925,0.06371895727624559
0.4,0.8,0.6,0.1,0.3630089,49925,0.06500046055381016
0.9,0.7,0.8,0.8,0.3630198,49925,0.06214271753820263
0.7,0.9,0.7,0.9,0.36302385,49925,0.060613029516464606
0.3,0.7,0.4,0.4,0.36305672,49925,0.06057413208973775
0.3,0.9,0.5,0.2,0.36306044,49925,0.06223292432491452
0.7,0.8,0.8,0.3,0.3630725,49925,0.06500448830586285
0.6,0.8,0.6,0.9,0.3630853,49925,0.059841046199346354
0.7,0.1,0.5,0.3,0.3630854,49925,0.06317796652752025
0.1,0.8,0.3,0.1,0.3631066,49925,0.058933789843296086
0.8,0.6,0.9,0.1,0.36313227,49925,0.06748771363861449
0.8,0.3,0.8,0.1,0.36317855,49925,0.06745222773488156
0.5,0.6,0.5,0.5,0.36317912,49925,0.06177931043680234
0.9,0.4,0.8,0.3,0.36318716,49925,0.06542936020658031
0.7,0.6,0.8,0.1,0.36319834,49925,0.0671862768870776
0.8,0.1,0.5,0.5,0.3632029,49925,0.060966725964351105
0.9,0.5,0.8,0.5,0.36321372,49925,0.06401194463833186
0.7,0.9,0.8,0.4,0.3632157,49925,0.06405570740993469
0.4,0.7,0.5,0.3,0.36324683,49925,0.06286266094400268
0.3,0.3,0.3,0.2,0.3632516,49925,0.06349737922986788
0.9,0.9,0.9,0.6,0.3632516,49925,0.06349737922986788
0.6,0.6,0.6,0.4,0.3632516,49925,0.06349737922986788
0.6,0.2,0.5,0.2,0.3632573,49925,0.06511364176506527
0.1,0.5,0.2,0.3,0.36328042,49925,0.05727292565109043
0.8,0.6,0.7,0.7,0.36330035,49925,0.06214073026752421
0.9,0.7,0.9,0.4,0.363319,49925,0.0649992359814459
0.1,0.5,0.2,0.2,0.363325,49925,0.05835274904082917
0.8,0.3,0.6,0.5,0.36334357,49925,0.06266547042246985
0.1,0.9,0.3,0.3,0.36335987,49925,0.05679749650694473
0.7,0.6,0.6,0.9,0.36336845,49925,0.06017376972327146
0.7,0.2,0.5,0.4,0.36338243,49925,0.06258571464323583
0.1,0.8,0.3,0.9,0.36338642,49925,0.05369149088586394
0.5,0.7,0.5,0.9,0.36341447,49925,0.05883731368096273
0.5,0.4,0.4,0.9,0.36341524,49925,0.05780542596281467
0.8,0.9,0.8,0.7,0.36342093,49925,0.062412620640663746
0.7,0.9,0.9,0.1,0.3634403,49925,0.06653961195931618
0.6,0.7,0.7,0.2,0.36344105,49925,0.06549522461558674
0.8,0.2,0.5,0.7,0.36344182,49925,0.05988470942281845
0.3,0.2,0.3,0.1,0.36344522,49925,0.06584274135569491
0.9,0.6,0.9,0.3,0.36344522,49925,0.06584274135569491
0.6,0.4,0.6,0.2,0.36344522,49925,0.06584274135569491
0.7,0.5,0.6,0.6,0.36346316,49925,0.06214344361599167
0.7,0.1,0.4,0.6,0.36348948,49925,0.05907075707496778
0.1,0.9,0.3,0.5,0.36349547,49925,0.05562605074140221
0.1,0.8,0.3,0.8,0.36353114,49925,0.054301305618982956
0.7,0.3,0.7,0.1,0.3635534,49925,0.06731792057423876
0.6,0.2,0.4,0.5,0.3635631,49925,0.06071612953711619
0.1,0.4,0.2,0.8,0.36357006,49925,0.052573183126929254
0.8,0.7,0.8,0.4,0.36357382,49925,0.06454153138749802
0.4,0.6,0.5,0.2,0.36359787,49925,0.06433040450901033
0.7,0.9,0.7,0.8,0.36359832,49925,0.06111998618930861
0.5,0.7,0.5,0.8,0.3636012,49925,0.05946632043887165
0.7,0.3,0.5,0.6,0.3636122,49925,0.06111570741540547
0.9,0.8,0.8,0.9,0.36361235,49925,0.061537479502302705
0.5,0.9,0.6,0.5,0.3636237,49925,0.06173399301688479
0.8,0.7,0.7,0.9,0.36365467,49925,0.06094075945276679
0.9,0.4,0.7,0.6,0.3636569,49925,0.06264569888918334
0.8,0.4,0.6,0.7,0.36367416,49925,0.0613283672563906
0.8,0.9,0.9,0.3,0.3636818,49925,0.06519797119316842
0.9,0.5,0.7,0.8,0.36369556,49925,0.061481868929835176
0.9,0.5,0.9,0.2,0.3636992,49925,0.06664599278184233
0.6,0.6,0.7,0.1,0.36369935,49925,0.06677707657912355
0.8,0.5,0.7,0.5,0.36370173,49925,0.06350165722164895
0.1,0.9,0.3,0.4,0.3637133,49925,0.05621947372994563
0.5,0.4,0.4,0.8,0.36371368,49925,0.058540886736536624
0.7,0.8,0.7,0.6,0.36371788,49925,0.062449689432714436
0.9,0.3,0.7,0.4,0.3637218,49925,0.06399338335029822
0.8,0.2,0.6,0.3,0.36372384,49925,0.0641584295177179
0.3,0.4,0.3,0.4,0.36372435,49925,0.06038189071707241
0.6,0.8,0.6,0.8,0.36372435,49925,0.06038189071707241
0.2,0.9,0.4,0.2,0.36372742,49925,0.06024680978092635
0.9,0.3,0.8,0.2,0.36374345,49925,0.06622610482233725
0.4,0.9,0.5,0.8,0.36374485,49925,0.05875765851943603
0.6,0.5,0.5,0.8,0.36376312,49925,0.059831353379136504
0.6,0.3,0.6,0.1,0.36377868,49925,0.06709800825082948
0.9,0.7,0.8,0.7,0.3638038,49925,0.06267681366054602
0.8,0.8,0.9,0.2,0.36382452,49925,0.06616121438835758
0.8,0.8,0.8,0.5,0.36383018,49925,0.06368982269842857
0.9,0.3,0.6,0.7,0.3638465,49925,0.0610372762746846
0.2,0.6,0.3,0.7,0.3638562,49925,0.0564406010633982
0.7,0.6,0.6,0.8,0.3638646,49925,0.06076189134929574
0.3,0.6,0.4,0.2,0.36386877,49925,0.06296680510623902
0.6,0.8,0.7,0.3,0.36387783,49925,0.06433537454288737
0.9,0.6,0.8,0.6,0.36389112,49925,0.06333727561858063
0.4,0.9,0.5,0.9,0.36392748,49925,0.05820875322782704
0.9,0.2,0.6,0.5,0.36396903,49925,0.06215465984741597
0.1,0.9,0.3,0.2,0.36398,49925,0.057348660327868534
0.8,0.7,0.7,0.8,0.36399025,49925,0.061468581439132246
0.6,0.1,0.4,0.3,0.36399207,49925,0.06236091393741889
0.6,0.9,0.7,0.4,0.36399642,49925,0.06330724481027275
0.6,0.4,0.5,0.5,0.36403835,49925,0.06212058493741393
0.2,0.6,0.3,0.8,0.36404017,49925,0.0556600769951109
0.8,0.9,0.8,0.6,0.36404926,49925,0.06291760976587014
0.8,0.5,0.8,0.2,0.3640529,49925,0.06641228199206131
0.5,0.1,0.3,0.4,0.36406198,49925,0.05992019131470164
0.4,0.5,0.4,0.4,0.3640721,49925,0.06170200302754367
0.9,0.5,0.8,0.4,0.36409748,49925,0.06467370818252587
0.5,0.4,0.5,0.2,0.3641013,49925,0.06520305906393838
0.7,0.4,0.5,0.9,0.36410275,49925,0.059116569847057106
0.1,0.1,0.1,0.6,0.364119,49925,0.049239097569022894
0.9,0.1,0.6,0.4,0.36413667,49925,0.0625571614031537
0.1,0.5,0.2,0.4,0.36413705,49925,0.056199629806037384
0.8,0.6,0.8,0.3,0.364209,49925,0.06543498061461149
0.8,0.4,0.7,0.3,0.36421475,49925,0.06507359634961911
0.8,0.3,0.7,0.2,0.36421686,49925,0.0659453762413345
0.6,0.3,0.4,0.9,0.36421913,49925,0.05770659240267768
0.7,0.9,0.7,0.7,0.364223,49925,0.06164103741238705
0.7,0.4,0.6,0.4,0.36422768,49925,0.0637394088321557
0.6,0.7,0.6,0.5,0.3642379,49925,0.06249369109784279
0.2,0.3,0.2,0.6,0.36427283,49925,0.05561690952943057
0.8,0.6,0.7,0.6,0.36427465,49925,0.06275657613541952
0.9,0.1,0.5,0.7,0.36429113,49925,0.059209713339732545
0.9,0.4,0.9,0.1,0.36429217,49925,0.06755446501381608
0.8,0.4,0.8,0.1,0.36430877,49925,0.06739556126380926
0.2,0.3,0.2,0.5,0.36432925,49925,0.056846272671672825
0.6,0.5,0.5,0.7,0.36434203,49925,0.06053375644713029
0.5,0.5,0.5,0.3,0.3643508,49925,0.06380513713115059
0.4,0.9,0.5,0.7,0.36437708,49925,0.059327787732721834
0.9,0.1,0.7,0.2,0.3643859,49925,0.06520596355692813
0.4,0.8,0.5,0.4,0.36438736,49925,0.06160507874844551
0.3,0.5,0.4,0.1,0.36439487,49925,0.0648978413036481
0.8,0.2,0.5,0.6,0.3644084,49925,0.060615298678928384
0.7,0.6,0.6,0.7,0.3644089,49925,0.06138275856976215
0.5,0.3,0.4,0.4,0.36445084,49925,0.06209229179968436
0.2,0.6,0.3,0.9,0.36446103,49925,0.05493127259394902
0.5,0.7,0.5,0.7,0.36446965,49925,0.06007993815610933
0.5,0.3,0.5,0.1,0.36448383,49925,0.06677520155712954
0.9,0.8,0.8,0.8,0.36448592,49925,0.0620358178613329
0.2,0.3,0.2,0.4,0.36449602,49925,0.05816666287674449
0.4,0.6,0.4,0.8,0.36449602,49925,0.05816666287674449
0.6,0.1,0.5,0.1,0.36449772,49925,0.06612004765790695
0.6,0.3,0.5,0.3,0.36450085,49925,0.06403601760686105
0.8,0.3,0.5,0.9,0.36451304,49925,0.05885802267549925
0.6,0.9,0.8,0.1,0.36451575,49925,0.06601236201263742
0.6,0.8,0.6,0.7,0.36452237,49925,0.060973784127895066
0.4,0.9,0.5,0.6,0.36452436,49925,0.05991709377147345
0.5,0.4,0.4,0.7,0.36452544,49925,0.05934164936860849
0.8,0.7,0.9,0.1,0.36453202,49925,0.0671775545114408
0.5,0.7,0.6,0.2,0.36455148,49925,0.06474112473183756
0.8,0.1,0.7,0.1,0.36455315,49925,0.06656925625270622
0.7,0.8,0.8,0.2,0.36457783,49925,0.06567033616829009
0.9,0.6,0.8,0.5,0.36459067,49925,0.0639206569334277
0.9,0.5,0.7,0.7,0.36459506,49925,0.06207256304355783
0.7,0.1,0.6,0.1,0.36460885,49925,0.06637713164745948
0.7,0.6,0.7,0.3,0.36461025,49925,0.06493602972691051
0.5,0.9,0.7,0.1,0.36461484,49925,0.06529985255264512
0.5,0.8,0.6,0.3,0.36461997,49925,0.06346277134721302
0.9,0.7,0.8,0.6,0.3646209,49925,0.0632275051784358
0.5,0.6,0.6,0.1,0.36462253,49925,0.06617385234753562
0.7,0.5,0.7,0.2,0.3646653,49925,0.06603971139035712
0.1,0.9,0.3,0.6,0.3646891,49925,0.055083689198283575
0.9,0.1,0.8,0.1,0.364721,49925,0.0667149241515779
0.2,0.5,0.3,0.1,0.36472604,49925,0.0630075687818732
0.8,0.5,0.6,0.9,0.36473784,49925,0.06016574969503702
0.6,0.8,0.6,0.6,0.36474013,49925,0.06154847019612069
0.3,0.4,0.3,0.3,0.36474013,49925,0.06154847019612069
0.5,0.2,0.4,0.2,0.36474183,49925,0.06447328201675676
0.3,0.1,0.2,0.2,0.36475143,49925,0.06169925289134289
0.9,0.3,0.6,0.6,0.36475143,49925,0.06169925289134289
0.6,0.2,0.4,0.4,0.36475143,49925,0.06169925289134289
0.7,0.7,0.7,0.4,0.3647553,49925,0.06392877158301856
0.9,0.4,0.7,0.5,0.3647626,49925,0.06333017932567506
0.7,0.8,0.7,0.5,0.36477455,49925,0.06302143456632911
0.9,0.2,0.8,0.1,0.3647914,49925,0.06696257077614966
0.9,0.2,0.5,0.9,0.364794,49925,0.05840091088127822
0.7,0.3,0.5,0.5,0.3648006,49925,0.061900012967942335
0.4,0.3,0.3,0.8,0.3648067,49925,0.05672514493936449
0.7,0.9,0.8,0.3,0.36481965,49925,0.06464648030758995
0.8,0.7,0.7,0.7,0.36483198,49925,0.06202502146147539
0.3,0.8,0.4,0.7,0.36484262,49925,0.057987388635967245
0.4,0.3,0.3,0.9,0.36485186,49925,0.05583577168958988
0.4,0.6,0.4,0.7,0.3648623,49925,0.05888517147807948
0.4,0.3,0.3,0.7,0.3648661,49925,0.057624735627828265
0.5,0.1,0.4,0.1,0.3648669,49925,0.06574312550999706
0.9,0.9,0.9,0.5,0.36488026,49925,0.06400664264493375
0.7,0.2,0.4,0.9,0.3648822,49925,0.05729286734233346
0.6,0.3,0.4,0.8,0.3649055,49925,0.05843019303321915
0.4,0.9,0.6,0.1,0.36491287,49925,0.06432217845537536
0.9,0.4,0.6,0.9,0.36492437,49925,0.05999110342648641
0.6,0.5,0.5,0.6,0.36492607,49925,0.06124826685720513
0.4,0.6,0.4,0.9,0.36493066,49925,0.057492891799912904
0.8,0.5,0.7,0.4,0.36493134,49925,0.06420431839156361
0.8,0.8,0.7,0.9,0.36495966,49925,0.06080821429318776
0.7,0.2,0.5,0.3,0.3649638,49925,0.06359450038114983
0.7,0.1,0.4,0.5,0.36496663,49925,0.05994813430280242
0.5,0.6,0.5,0.4,0.36497712,49925,0.06255082444594555
0.9,0.9,0.8,0.9,0.3649944,49925,0.06139520513097024
0.8,0.1,0.5,0.4,0.36500052,49925,0.06186010069106982
0.9,0.8,0.9,0.4,0.36501262,49925,0.06480803586974672
0.8,0.6,0.7,0.5,0.3650161,49925,0.0633871343910653
0.7,0.4,0.5,0.8,0.3650221,49925,0.05978490397312895
0.9,0.7,0.9,0.3,0.36503527,49925,0.06563428874230823
0.3,0.8,0.4,0.6,0.36503586,49925,0.058616974312984835
0.2,0.9,0.4,0.1,0.365043,49925,0.060934863638718174
0.8,0.4,0.6,0.6,0.36506492,49925,0.061999061735626894
0.4,0.2,0.3,0.3,0.36506492,49925,0.061999061735626894
0.5,0.2,0.3,0.9,0.3650673,49925,0.05559844732012704
0.3,0.7,0.4,0.3,0.36507267,49925,0.061344644451186835
0.9,0.6,0.7,0.9,0.36507332,49925,0.060956735882992594
0.3,0.9,0.5,0.1,0.3650922,49925,0.06291789609179665
0.8,0.1,0.6,0.2,0.36509892,49925,0.06482025856540687
0.8,0.3,0.6,0.4,0.36510083,49925,0.06345733314737509
0.7,0.7,0.8,0.1,0.36510372,49925,0.0668020219839131
0.7,0.5,0.6,0.5,0.3651059,49925,0.06285325048153341
0.2,0.3,0.2,0.7,0.3651191,49925,0.05451396384796477
0.9,0.1,0.5,0.6,0.36512765,49925,0.05993013467105984
0.7,0.3,0.6,0.2,0.36513495,49925,0.06560277071753906
0.9,0.3,0.7,0.3,0.36513865,49925,0.06476901925058738
0.5,0.4,0.4,0.6,0.36514515,49925,0.06018163353455984
0.8,0.1,0.4,0.9,0.36514524,49925,0.05659865805401242
0.9,0.8,0.8,0.7,0.36516163,49925,0.0625314532031707
0.7,0.1,0.5,0.2,0.36516207,49925,0.06431134271281534
0.1,0.5,0.2,0.1,0.36518928,49925,0.059484953152773454
0.9,0.6,0.9,0.2,0.36519924,49925,0.06651240071289645
0.5,0.7,0.5,0.6,0.36520147,49925,0.0607408505440288
0.4,0.9,0.5,0.5,0.36521062,49925,0.06049602363629269
0.3,0.8,0.4,0.8,0.36521718,49925,0.05735959801335742
0.3,0.8,0.4,0.5,0.36523515,49925,0.0593065900000803
0.8,0.2,0.7,0.1,0.36526424,49925,0.06681957974670792
0.5,0.9,0.6,0.4,0.3652731,49925,0.0623371135899312
0.9,0.4,0.8,0.2,0.36527544,49925,0.06622064559011515
0.7,0.2,0.4,0.8,0.36530867,49925,0.058030042971625506
0.8,0.7,0.8,0.3,0.36532432,49925,0.06520023575019869
0.4,0.3,0.3,0.6,0.3653286,49925,0.05858111960808598
0.8,0.2,0.5,0.5,0.36534303,49925,0.061413133105959854
0.8,0.8,0.7,0.8,0.36537334,49925,0.06130194277671835
0.5,0.2,0.3,0.8,0.3653866,49925,0.05645306320701245
0.8,0.9,0.9,0.2,0.36539024,49925,0.06580629460046475
0.7,0.4,0.7,0.1,0.3653907,49925,0.06718691848653867
0.3,0.8,0.4,0.4,0.36539835,49925,0.059980284393680604
0.8,0.3,0.5,0.8,0.36539873,49925,0.059511670847404004
0.7,0.6,0.6,0.6,0.36541194,49925,0.06201375957701539
0.8,0.8,0.8,0.4,0.36541778,49925,0.06426890459995974
0.2,0.2,0.2,0.1,0.36541778,49925,0.06426890459995974
0.4,0.4,0.4,0.2,0.36541778,49925,0.06426890459995974
0.6,0.6,0.6,0.3,0.36541778,49925,0.06426890459995975
0.1,0.4,0.2,0.9,0.3654253,49925,0.051649655368393985
0.6,0.6,0.5,0.9,0.36545563,49925,0.059071630226044884
0.6,0.4,0.5,0.4,0.3654832,49925,0.06299006751410711
0.1,0.9,0.3,0.1,0.36549047,49925,0.05789236944226822
0.2,0.3,0.2,0.3,0.36551774,49925,0.059634311516592604
0.4,0.6,0.4,0.6,0.36551774,49925,0.059634311516592604
0.6,0.9,0.6,0.9,0.36551774,49925,0.059634311516592604
0.1,0.5,0.2,0.5,0.3655188,49925,0.05517296965552985
0.6,0.7,0.6,0.4,0.36554283,49925,0.06318014294261835
0.3,0.8,0.4,0.9,0.36554378,49925,0.05676406763132823
0.6,0.3,0.4,0.7,0.36554554,49925,0.059215792078105
0.4,0.7,0.5,0.2,0.36555448,49925,0.06369504797686655
0.9,0.2,0.7,0.2,0.3655655,49925,0.06545399505431246
0.2,0.6,0.3,0.2,0.36557537,49925,0.060816233703751034
0.8,0.6,0.8,0.2,0.36560127,49925,0.0661843901616974
0.4,0.3,0.4,0.1,0.36560127,49925,0.0661843901616974
0.5,0.1,0.3,0.3,0.36561906,49925,0.06119544688213379
0.9,0.5,0.7,0.6,0.36562163,49925,0.0626888582994107
0.7,0.7,0.6,0.9,0.36562523,49925,0.06004991180088816
0.9,0.2,0.6,0.4,0.36567026,49925,0.06293769451974253
0.6,0.5,0.6,0.2,0.36568055,49925,0.06552308589432798
0.9,0.2,0.5,0.8,0.3656838,49925,0.0590289557294422
0.7,0.2,0.4,0.7,0.36568457,49925,0.058770741429146595
0.7,0.2,0.6,0.1,0.36568666,49925,0.06662603820554883
0.9,0.6,0.8,0.4,0.36568713,49925,0.06455058094685132
0.8,0.9,0.8,0.5,0.36569345,49925,0.06343599463898446
0.6,0.8,0.7,0.2,0.36569667,49925,0.06504813184451153
0.8,0.1,0.4,0.8,0.36569908,49925,0.05731631659465683
0.7,0.9,0.7,0.6,0.36572367,49925,0.062147131412999455
0.7,0.4,0.6,0.3,0.3657252,49925,0.0645873718496164
0.9,0.6,0.7,0.8,0.36574066,49925,0.061475217557378094
0.6,0.7,0.7,0.1,0.36574763,49925,0.06629383222625454
0.9,0.5,0.9,0.1,0.36575493,49925,0.06741789740411154
0.1,0.9,0.3,0.7,0.3657731,49925,0.05449298394401265
0.9,0.5,0.8,0.3,0.3657921,49925,0.0653776010124714
0.5,0.7,0.5,0.5,0.36579987,49925,0.061417151572495984
0.9,0.7,0.8,0.5,0.36580822,49925,0.06378317698405865
0.8,0.5,0.6,0.8,0.36581627,49925,0.0607597674154943
0.9,0.3,0.8,0.1,0.36584848,49925,0.06710047102996464
0.6,0.9,0.7,0.3,0.36586285,49925,0.06390811628466239
0.9,0.4,0.7,0.4,0.36586803,49925,0.0640384533555629
0.5,0.4,0.4,0.5,0.36587185,49925,0.06104025109221768
0.9,0.1,0.6,0.3,0.36589378,49925,0.06343419094379499
0.9,0.9,0.8,0.8,0.36589494,49925,0.06188662399812842
0.7,0.5,0.6,0.4,0.36591297,49925,0.06360234129882689
0.9,0.8,0.8,0.6,0.36591616,49925,0.06306094463472002
0.8,0.8,0.9,0.1,0.3659504,49925,0.06681637233906962
0.1,0.1,0.1,0.7,0.36595154,49925,0.04768163258609327
0.5,0.2,0.3,0.7,0.36598793,49925,0.05734761580288936
0.7,0.7,0.6,0.8,0.36601385,49925,0.060608309549180645
0.4,0.5,0.4,0.3,0.36601797,49925,0.0626499154227151
0.2,0.7,0.3,0.4,0.36603886,49925,0.05826430364804438
0.6,0.9,0.6,0.8,0.36605,49925,0.060142636245814986
0.8,0.4,0.6,0.5,0.36605817,49925,0.0627258472196328
0.2,0.3,0.2,0.8,0.3660685,49925,0.053477504197151006
0.8,0.7,0.7,0.6,0.36607978,49925,0.06259392033470122
0.8,0.5,0.6,0.7,0.3660889,49925,0.06136436516001254
0.4,0.6,0.4,0.5,0.3660915,49925,0.060407075906363364
0.2,0.7,0.3,0.5,0.3661324,49925,0.05749990266367554
0.5,0.3,0.4,0.3,0.36613962,49925,0.06321234267072665
0.9,0.3,0.6,0.5,0.36615857,49925,0.06241718721304334
0.4,0.6,0.5,0.1,0.36615923,49925,0.06531385443970748
0.9,0.4,0.6,0.8,0.36619642,49925,0.06056274728763279
0.9,0.9,0.9,0.4,0.36622566,49925,0.06453511061992383
0.9,0.8,0.9,0.3,0.36623177,49925,0.06539890894479763
0.4,0.1,0.3,0.1,0.36624026,49925,0.06507398363426646
0.8,0.2,0.6,0.2,0.36624026,49925,0.06507398363426646
0.7,0.7,0.6,0.7,0.3662432,49925,0.06118589764828057
0.7,0.4,0.5,0.7,0.3662456,49925,0.06047784700686579
0.4,0.3,0.3,0.5,0.3662674,49925,0.0596007541599956
0.5,0.8,0.5,0.9,0.36630693,49925,0.058636281339891835
0.6,0.5,0.5,0.5,0.36630917,49925,0.06199113187862916
0.7,0.7,0.7,0.3,0.3663134,49925,0.0646146762144512
0.1,0.5,0.2,0.6,0.36635652,49925,0.05421207516043927
0.7,0.1,0.4,0.4,0.36635965,49925,0.06088128442868503
0.9,0.7,0.9,0.2,0.366369,49925,0.06627898724194986
0.7,0.8,0.7,0.4,0.36637896,49925,0.06362749980739014
0.7,0.6,0.7,0.2,0.36638585,49925,0.06572900918119873
0.6,0.6,0.5,0.8,0.3663923,49925,0.059696765814128194
0.8,0.3,0.5,0.7,0.3663928,49925,0.06019533627950771
0.2,0.7,0.3,0.6,0.36639333,49925,0.056757447458546384
0.6,0.1,0.3,0.7,0.36639386,49925,0.056644921577540565
0.6,0.1,0.4,0.2,0.36640534,49925,0.06360995324353759
0.8,0.8,0.7,0.7,0.36642888,49925,0.061850681258602824
0.1,0.9,0.3,0.8,0.36643088,49925,0.0539287509996858
0.7,0.2,0.4,0.6,0.36644593,49925,0.059583255616671854
0.6,0.4,0.6,0.1,0.3664519,49925,0.0668443225038616
0.6,0.1,0.3,0.9,0.36646003,49925,0.05493638375579661
0.7,0.8,0.8,0.1,0.36648118,49925,0.06636943675633264
0.8,0.1,0.4,0.7,0.36648226,49925,0.05806095377169547
0.4,0.8,0.5,0.3,0.36648595,49925,0.0622923703915673
0.6,0.9,0.6,0.7,0.36649787,49925,0.06067204316059641
0.7,0.9,0.8,0.2,0.36650056,49925,0.06528983940872414
0.8,0.4,0.7,0.2,0.3665034,49925,0.06591662332976002
0.6,0.2,0.5,0.1,0.36652496,49925,0.06636030768650586
0.9,0.9,0.8,0.7,0.3665318,49925,0.06235667035997035
0.8,0.6,0.7,0.4,0.36654046,49925,0.06402627093155128
0.8,0.3,0.7,0.1,0.3665499,49925,0.06692248987197189
0.9,0.2,0.5,0.7,0.36655205,49925,0.059679788558663315
0.6,0.1,0.3,0.8,0.36656928,49925,0.05574926707571693
0.9,0.6,0.7,0.7,0.36657494,49925,0.06202998028350112
0.8,0.2,0.5,0.4,0.36658618,49925,0.062259355349351606
0.7,0.6,0.6,0.5,0.36659032,49925,0.06266937265331755
0.8,0.7,0.7,0.5,0.36660984,49925,0.06320993569233621
0.5,0.8,0.5,0.8,0.36661997,49925,0.05919442497560879
0.5,0.2,0.3,0.6,0.36662015,49925,0.058286714526625705
0.8,0.3,0.6,0.3,0.36662483,49925,0.0642976754678622
0.9,0.1,0.5,0.5,0.3666449,49925,0.06066431117484751
0.3,0.5,0.3,0.7,0.36664534,49925,0.057163641193344834
0.7,0.3,0.5,0.4,0.36665228,49925,0.06277636870158151
0.6,0.3,0.4,0.6,0.36666036,49925,0.060039803323017074
0.6,0.8,0.6,0.5,0.36667418,49925,0.06214185397739306
0.2,0.7,0.3,0.3,0.36667687,49925,0.05906263257059688
0.5,0.5,0.4,0.9,0.36669436,49925,0.057780691168993516
0.8,0.5,0.8,0.1,0.36670324,49925,0.06721781594069122
0.6,0.3,0.5,0.2,0.3667215,49925,0.06508994264634192
0.9,0.5,0.7,0.5,0.36672455,49925,0.06332433900199785
0.9,0.7,0.7,0.9,0.3667555,49925,0.06089652446266831
0.9,0.4,0.6,0.7,0.36679584,49925,0.0611547952501141
0.5,0.5,0.4,0.8,0.36680263,49925,0.05848011396998326
0.5,0.9,0.6,0.3,0.3668258,49925,0.06297963877574066
0.5,0.5,0.5,0.2,0.3668267,49925,0.06476970441622548
0.6,0.1,0.3,0.6,0.36682674,49925,0.057547274446407636
0.3,0.5,0.3,0.9,0.36683732,49925,0.055603488856613044
0.3,0.6,0.4,0.1,0.36683798,49925,0.06399190430901153
0.5,0.8,0.6,0.2,0.36683872,49925,0.06418307180219142
0.4,0.6,0.4,0.4,0.36687782,49925,0.06121428756437997
0.2,0.3,0.2,0.2,0.36687782,49925,0.06121428756437997
0.6,0.9,0.6,0.6,0.36687782,49925,0.061214287564379966
0.3,0.5,0.3,0.8,0.36688828,49925,0.056375399343798246
0.5,0.6,0.5,0.3,0.36689678,49925,0.06338229217324955
0.4,0.9,0.5,0.4,0.3669083,49925,0.061088923383412305
0.6,0.4,0.5,0.3,0.3669376,49925,0.06388654442534658
0.5,0.4,0.5,0.1,0.366975,49925,0.06636023330472651
0.1,0.5,0.2,0.7,0.3669799,49925,0.05328941249800819
0.7,0.9,0.7,0.5,0.3669981,49925,0.06271238964194809
0.5,0.8,0.5,0.7,0.36700282,49925,0.05979969673775421
0.8,0.1,0.5,0.3,0.3670201,49925,0.06278577488987797
0.7,0.4,0.5,0.6,0.3670266,49925,0.061195545103825744
0.8,0.7,0.8,0.2,0.36703804,49925,0.06589214467426871
0.6,0.2,0.4,0.3,0.36705297,49925,0.06279730695730582
0.3,0.5,0.3,0.6,0.36705855,49925,0.058031876265562346
0.5,0.7,0.6,0.1,0.36705977,49925,0.0655970367980637
0.8,0.9,0.7,0.9,0.3670786,49925,0.060594618769380354
0.9,0.7,0.8,0.4,0.36708477,49925,0.06436494910988498
0.9,0.8,0.8,0.5,0.3670955,49925,0.06358258834715154
0.8,0.6,0.6,0.9,0.36709657,49925,0.06014505301239325
0.9,0.2,0.6,0.3,0.36712655,49925,0.06375891391362387
0.7,0.5,0.5,0.9,0.36719778,49925,0.0591725077505696
0.8,0.9,0.8,0.4,0.36719996,49925,0.06398243371885749
0.8,0.8,0.8,0.3,0.3672144,49925,0.06489542662135835
0.8,0.9,0.9,0.1,0.36723548,49925,0.06642086666526462
0.7,0.5,0.7,0.1,0.36723736,49925,0.06690519059230066
0.8,0.5,0.7,0.3,0.36724716,49925,0.06494289708339489
0.7,0.7,0.6,0.6,0.3672537,49925,0.06179941183575097
0.8,0.5,0.6,0.6,0.36727127,49925,0.062003473879255984
0.1,0.9,0.3,0.9,0.36731166,49925,0.05336945256845709
0.3,0.8,0.4,0.3,0.3673191,49925,0.06067510696083963
0.9,0.7,0.7,0.8,0.36732957,49925,0.06140331132985497
0.6,0.5,0.5,0.4,0.367351,49925,0.06277356945899716
0.3,0.7,0.4,0.2,0.36737058,49925,0.06219893288285002
0.9,0.2,0.5,0.6,0.3673713,49925,0.060382063868134814
0.2,0.3,0.2,0.9,0.36741996,49925,0.052508726607348864
0.6,0.6,0.5,0.7,0.36742678,49925,0.06034430645927224
0.9,0.6,0.9,0.1,0.367428,49925,0.0672136319731987
0.9,0.1,0.7,0.1,0.36744574,49925,0.06614159853460735
0.9,0.3,0.7,0.2,0.36744794,49925,0.06558306118288273
0.8,0.9,0.7,0.8,0.36745098,49925,0.06110514074194084
0.3,0.9,0.4,0.7,0.36746633,49925,0.05757209403643554
0.3,0.5,0.3,0.5,0.36746746,49925,0.058924249560328795
0.8,0.3,0.5,0.6,0.367474,49925,0.06089367061861038
0.5,0.4,0.4,0.4,0.36748946,49925,0.06194481353388165
0.4,0.2,0.3,0.2,0.36750993,49925,0.06345400169394148
0.8,0.4,0.6,0.4,0.36750993,49925,0.06345400169394148
0.8,0.8,0.7,0.6,0.36751074,49925,0.062387658309281044
0.7,0.2,0.5,0.2,0.36754102,49925,0.06460874909428874
0.3,0.2,0.2,0.6,0.36754188,49925,0.05598292534481904
0.5,0.5,0.4,0.7,0.36756423,49925,0.05919131352078373
0.9,0.6,0.7,0.6,0.3675681,49925,0.06259864866487418
0.9,0.4,0.8,0.1,0.36757335,49925,0.06702866214682038
0.6,0.3,0.4,0.5,0.36758175,49925,0.06089688976422969
0.9,0.9,0.8,0.6,0.36758387,49925,0.06284742287082624
0.5,0.7,0.5,0.4,0.36761007,49925,0.06211264984304926
0.2,0.7,0.3,0.7,0.3676358,49925,0.056035891054947135
0.6,0.6,0.5,0.6,0.3676416,49925,0.06101362494106884
0.4,0.3,0.3,0.4,0.3676616,49925,0.06071473576811457
0.8,0.6,0.6,0.8,0.3676616,49925,0.06071473576811457
0.3,0.2,0.2,0.7,0.36769053,49925,0.054786084001206985
0.3,0.3,0.3,0.1,0.3677036,49925,0.06510309451411193
0.6,0.6,0.6,0.2,0.3677036,49925,0.06510309451411193
0.9,0.9,0.9,0.3,0.3677036,49925,0.06510309451411193
0.7,0.8,0.6,0.9,0.3677041,49925,0.0598495872072674
0.7,0.2,0.4,0.5,0.36771053,49925,0.06043631014632426
0.6,0.9,0.7,0.2,0.36771142,49925,0.06455730917037981
0.7,0.5,0.6,0.3,0.3677168,49925,0.06436388036029767
0.3,0.9,0.4,0.6,0.36771983,49925,0.05814080001147139
0.5,0.8,0.5,0.6,0.36772898,49925,0.060385839237992164
0.8,0.6,0.8,0.1,0.36774427,49925,0.06691997582277387
0.5,0.2,0.3,0.5,0.36775875,49925,0.059309059224759195
0.3,0.9,0.4,0.5,0.3677647,49925,0.0587475504472278
0.3,0.2,0.2,0.5,0.36777565,49925,0.05722675597558089
0.7,0.6,0.6,0.4,0.36780003,49925,0.06336447048699233
0.6,0.7,0.6,0.3,0.367807,49925,0.06388035465104105
0.4,0.7,0.4,0.9,0.36782235,49925,0.05731483106233977
0.7,0.3,0.6,0.1,0.36783022,49925,0.06664987742289945
0.9,0.6,0.8,0.3,0.3678307,49925,0.0652144085824256
0.7,0.5,0.5,0.8,0.3678458,49925,0.05979246478384708
0.9,0.5,0.8,0.2,0.36788562,49925,0.066120239166874
0.3,0.5,0.3,0.4,0.36788827,49925,0.059879451112247045
0.6,0.8,0.7,0.1,0.36791033,49925,0.06578653278066787
0.9,0.8,0.9,0.2,0.36792684,49925,0.066006261192118
0.9,0.2,0.7,0.1,0.36792734,49925,0.06637499500734793
0.9,0.4,0.6,0.6,0.36794335,49925,0.06181235419618225
0.7,0.8,0.6,0.8,0.3679571,49925,0.06038245442868938
0.6,0.5,0.6,0.1,0.36796084,49925,0.06646929558152233
0.4,0.1,0.2,0.6,0.36796105,49925,0.05532325528758181
0.8,0.9,0.7,0.7,0.36796406,49925,0.06160575893818802
0.8,0.1,0.4,0.6,0.36796495,49925,0.05883393253041894
0.6,0.4,0.4,0.9,0.36799917,49925,0.05787970828059927
0.3,0.9,0.4,0.8,0.3680056,49925,0.057007214101587995
0.9,0.3,0.6,0.4,0.36802286,49925,0.06315706557028712
0.1,0.6,0.2,0.3,0.36802882,49925,0.05628744885635716
0.9,0.1,0.5,0.4,0.3680557,49925,0.06147918268831897
0.4,0.7,0.5,0.1,0.3680654,49925,0.06456263735107753
0.8,0.1,0.6,0.1,0.36807063,49925,0.06587210092035176
0.9,0.7,0.7,0.7,0.36807153,49925,0.061914725817084355
0.9,0.3,0.5,0.9,0.36807975,49925,0.05875248110214394
0.3,0.2,0.2,0.8,0.36809644,49925,0.05373996614715039
0.2,0.7,0.3,0.9,0.36810482,49925,0.054680248742144166
0.7,0.7,0.7,0.2,0.36811712,49925,0.06534343641217592
0.2,0.6,0.3,0.1,0.36811987,49925,0.06182371871293013
0.4,0.1,0.2,0.7,0.3681551,49925,0.054205613633518356
0.8,0.6,0.7,0.3,0.36815608,49925,0.06471013937727398
0.7,0.4,0.5,0.5,0.36820835,49925,0.06194097393201557
0.1,0.6,0.2,0.4,0.36823884,49925,0.05542448599584793
0.4,0.1,0.2,0.8,0.36823964,49925,0.05317599631301621
0.2,0.7,0.3,0.8,0.36824077,49925,0.05536568726491863
0.7,0.1,0.4,0.3,0.3682428,49925,0.0619276720365381
0.8,0.3,0.5,0.5,0.36824813,49925,0.06165179165689092
0.1,0.1,0.1,0.8,0.36827365,49925,0.04633144035871672
0.9,0.4,0.7,0.3,0.36827496,49925,0.06477752434106508
0.7,0.7,0.6,0.5,0.36828744,49925,0.06241766185116535
0.8,0.6,0.6,0.7,0.36830235,49925,0.06127125466017194
0.9,0.5,0.6,0.9,0.36831167,49925,0.06006257195100376
0.6,0.6,0.5,0.5,0.36832473,49925,0.06172220310967466
0.6,0.8,0.6,0.4,0.36833546,49925,0.06277916900744085
0.3,0.4,0.3,0.2,0.36833546,49925,0.06277916900744085
0.8,0.2,0.6,0.1,0.36833987,49925,0.06609639569279141
0.7,0.4,0.6,0.2,0.3683432,49925,0.06549341847443339
0.9,0.7,0.9,0.1,0.36834493,49925,0.06694101583349864
0.7,0.9,0.8,0.1,0.36834872,49925,0.06592686044806705
0.2,0.7,0.3,0.2,0.36835968,49925,0.059865743394625706
0.1,0.6,0.2,0.2,0.36836323,49925,0.057170692092168254
0.4,0.8,0.5,0.2,0.36836326,49925,0.06306112684899173
0.6,0.1,0.3,0.5,0.36837694,49925,0.05850545843442779
0.8,0.5,0.6,0.5,0.36838034,49925,0.06268012885361647
0.4,0.9,0.5,0.3,0.36840275,49925,0.06174329495951637
0.9,0.6,0.7,0.5,0.36840835,49925,0.06322523193172684
0.8,0.4,0.5,0.9,0.36841258,49925,0.0590580512526096
0.5,0.2,0.4,0.1,0.36842114,49925,0.06590521623875137
0.3,0.2,0.2,0.9,0.36842448,49925,0.0527348193788408
0.6,0.7,0.5,0.9,0.36843607,49925,0.058908744377422134
0.5,0.8,0.5,0.5,0.36844182,49925,0.061002664522847604
0.8,0.8,0.8,0.2,0.368447,49925,0.06553439362288119
0.4,0.4,0.4,0.1,0.368447,49925,0.06553439362288119
0.4,0.7,0.4,0.7,0.36845002,49925,0.05857239403459138
0.5,0.5,0.4,0.6,0.3684549,49925,0.059972921843443425
0.8,0.7,0.7,0.4,0.3684875,49925,0.06379123721995143
0.9,0.5,0.7,0.4,0.36849836,49925,0.06398128249810947
0.7,0.8,0.7,0.3,0.36850995,49925,0.06426132458930248
0.4,0.1,0.2,0.5,0.36852127,49925,0.05657003563760142
0.3,0.9,0.4,0.4,0.36853,49925,0.059361476593168566
0.7,0.9,0.7,0.4,0.36855447,49925,0.06327417613157754
0.3,0.9,0.4,0.9,0.36855808,49925,0.056453036898245997
0.6,0.7,0.5,0.8,0.36857483,49925,0.05948330545674149
0.6,0.9,0.6,0.5,0.3685909,49925,0.06176945029630669
0.9,0.1,0.6,0.2,0.36859095,49925,0.06434536726089438
0.4,0.7,0.4,0.8,0.36859208,49925,0.05794222021137432
0.9,0.5,0.6,0.8,0.36859876,49925,0.060622937297954815
0.8,0.8,0.7,0.5,0.36861363,49925,0.06294123821778055
0.9,0.8,0.7,0.9,0.3686142,49925,0.0607810822824949
0.7,0.3,0.5,0.3,0.36864477,49925,0.06367929386943419
0.4,0.7,0.4,0.6,0.36865723,49925,0.05923879158950268
0.8,0.2,0.4,0.9,0.36867982,49925,0.057219821112327006
0.9,0.3,0.5,0.8,0.3686914,49925,0.05935715573917845
0.9,0.7,0.8,0.3,0.36872074,49925,0.06498627897173963
0.5,0.9,0.6,0.2,0.36873233,49925,0.06364459988183489
0.1,0.5,0.2,0.8,0.36873934,49925,0.052471621996163766
0.8,0.2,0.5,0.3,0.36874515,49925,0.06316083785796557
0.5,0.8,0.6,0.1,0.368747,49925,0.0649559615346759
0.7,0.6,0.7,0.1,0.36874792,49925,0.0665637282846715
0.7,0.8,0.6,0.7,0.3687625,49925,0.06093548246113008
0.8,0.3,0.6,0.2,0.3687681,49925,0.06518153716949623
0.3,0.2,0.2,0.4,0.3687684,49925,0.05856047241274584
0.6,0.4,0.4,0.8,0.3687684,49925,0.05856047241274584
0.5,0.1,0.3,0.2,0.36876968,49925,0.06262599577399482
0.8,0.1,0.4,0.5,0.3687901,49925,0.0596139049686402
0.5,0.3,0.4,0.2,0.3688008,49925,0.06434118818340111
0.8,0.9,0.8,0.3,0.36884117,49925,0.06455381559992873
0.7,0.5,0.5,0.7,0.36885804,49925,0.060434556717306985
0.9,0.9,0.8,0.5,0.36885855,49925,0.06334211652321768
0.9,0.2,0.5,0.5,0.36888114,49925,0.061109861139206356
0.7,0.8,0.6,0.6,0.36889976,49925,0.061501849333644866
0.5,0.9,0.5,0.8,0.3689356,49925,0.05889949949437145
0.7,0.3,0.4,0.9,0.36894628,49925,0.05766625590183234
0.5,0.2,0.3,0.4,0.3689585,49925,0.06039586935470772
0.9,0.8,0.8,0.4,0.36897358,49925,0.06413510214688214
0.8,0.4,0.5,0.8,0.368983,49925,0.059660334085929786
0.9,0.8,0.7,0.8,0.3689884,49925,0.06125182932050016
0.8,0.5,0.7,0.2,0.36900866,49925,0.06572650055271248
0.4,0.5,0.4,0.2,0.3690502,49925,0.06366904475430218
0.8,0.7,0.6,0.9,0.36907503,49925,0.06003287253961767
0.9,0.9,0.9,0.2,0.36909363,49925,0.06567102285006697
0.8,0.6,0.6,0.6,0.36909494,49925,0.06188172159732567
0.4,0.3,0.3,0.3,0.36909494,49925,0.06188172159732567
0.7,0.4,0.5,0.4,0.36912394,49925,0.06273943711345156
0.9,0.7,0.7,0.6,0.3691358,49925,0.062469090890944816
0.6,0.9,0.7,0.1,0.3691378,49925,0.06523754756694093
0.4,0.1,0.2,0.4,0.36914185,49925,0.05788939263407388
0.8,0.2,0.4,0.8,0.36914185,49925,0.05788939263407388
0.4,0.7,0.4,0.5,0.36915964,49925,0.05996873223200683
0.6,0.3,0.4,0.4,0.3691866,49925,0.061833183597875395
0.8,0.1,0.5,0.2,0.36919254,49925,0.06379432329911575
0.4,0.1,0.2,0.9,0.36920312,49925,0.05222371313551414
0.5,0.9,0.5,0.9,0.36923406,49925,0.05837287414283793
0.6,0.1,0.3,0.4,0.36925465,49925,0.059525270151143
0.8,0.9,0.7,0.6,0.3692635,49925,0.06212019902958338
0.4,0.4,0.3,0.9,0.36928767,49925,0.055986293467408084
0.4,0.6,0.4,0.3,0.36929396,49925,0.06204237263650722
0.7,0.1,0.5,0.1,0.36929923,49925,0.06551137626604146
0.5,0.6,0.5,0.2,0.36932722,49925,0.06423633048467291
0.9,0.3,0.5,0.7,0.36934364,49925,0.059979265492952356
0.3,0.7,0.4,0.1,0.36934766,49925,0.06309535769891851
0.8,0.7,0.8,0.1,0.369349,49925,0.06660857642177746
0.5,0.4,0.4,0.3,0.36936602,49925,0.06291176425535894
0.6,0.7,0.5,0.7,0.3693727,49925,0.06007902586061106
0.3,0.8,0.4,0.2,0.36938062,49925,0.06138282266574676
0.5,0.5,0.5,0.1,0.36938098,49925,0.06578990993160119
0.9,0.1,0.4,0.9,0.36938423,49925,0.056510564390380685
0.3,0.5,0.3,0.3,0.36940336,49925,0.060865447746669264
0.8,0.4,0.7,0.1,0.36943907,49925,0.06679100711130942
0.6,0.5,0.5,0.3,0.36944577,49925,0.06359710356757137
0.6,0.4,0.5,0.2,0.36946186,49925,0.06485722762436572
0.5,0.9,0.5,0.7,0.36950022,49925,0.05944518750890402
0.9,0.2,0.6,0.2,0.36950722,49925,0.06462940637304714
0.7,0.5,0.5,0.6,0.36953434,49925,0.061106420113378676
0.5,0.5,0.4,0.5,0.3695359,49925,0.06076282850635806
0.2,0.8,0.3,0.5,0.3695363,49925,0.056896409568552755
0.7,0.3,0.4,0.8,0.36954722,49925,0.05835932028207512
0.2,0.8,0.3,0.6,0.36955762,49925,0.056242596375238964
0.7,0.9,0.6,0.9,0.36955863,49925,0.05966765551404942
0.6,0.4,0.4,0.7,0.36955947,49925,0.05928642799928762
0.9,0.5,0.6,0.7,0.36956245,49925,0.06121103267136392
0.3,0.9,0.4,0.3,0.3695725,49925,0.059998427504479576
0.9,0.1,0.4,0.8,0.36958146,49925,0.057153710708663895
0.9,0.4,0.6,0.5,0.36959815,49925,0.062488494473062754
0.8,0.5,0.6,0.4,0.3696115,49925,0.06337775512931401
0.6,0.7,0.6,0.2,0.36962926,49925,0.06462364898524052
0.9,0.6,0.8,0.2,0.3696407,49925,0.0658937046778
0.5,0.7,0.5,0.3,0.3696635,49925,0.06286186961297248
0.2,0.8,0.3,0.4,0.36967027,49925,0.057560979893354305
0.8,0.4,0.5,0.7,0.36967814,49925,0.06031678168881981
0.8,0.4,0.6,0.3,0.3696823,49925,0.06426682290843878
0.7,0.2,0.4,0.4,0.36970222,49925,0.06138043395705321
0.4,0.4,0.3,0.7,0.36970228,49925,0.05756749944942787
0.5,0.9,0.5,0.6,0.36974567,49925,0.06000440149196055
0.9,0.6,0.7,0.4,0.36975786,49925,0.06382543520277977
0.6,0.6,0.5,0.4,0.36977786,49925,0.06244820351091362
0.4,0.4,0.3,0.6,0.36978105,49925,0.058451551272653716
0.6,0.6,0.6,0.1,0.36979288,49925,0.06597263818920733
0.4,0.4,0.3,0.8,0.36979708,49925,0.05676031752847187
0.7,0.5,0.6,0.2,0.3698427,49925,0.06520216591793625
0.8,0.7,0.6,0.8,0.36984858,49925,0.060560772612221266
0.1,0.5,0.2,0.9,0.36985502,49925,0.05168200422367264
0.5,0.8,0.5,0.4,0.36985996,49925,0.061644499563716426
0.9,0.8,0.9,0.1,0.36989352,49925,0.06663475834887196
0.9,0.5,0.8,0.1,0.36991802,49925,0.0668785010024997
0.8,0.9,0.8,0.2,0.36992255,49925,0.06514681674292022
0.6,0.9,0.6,0.4,0.3699341,49925,0.06234378550207267
0.7,0.6,0.5,0.9,0.36993906,49925,0.059088141039166646
0.9,0.3,0.7,0.1,0.369957,49925,0.06646481902927552
0.5,0.6,0.4,0.9,0.36999387,49925,0.05763515679655267
0.7,0.8,0.7,0.2,0.36999997,49925,0.06490767961792233
0.1,0.6,0.2,0.5,0.3700154,49925,0.054574637758183005
0.6,0.2,0.3,0.9,0.37003875,49925,0.05567072479561744
0.1,0.1,0.1,0.9,0.37004858,49925,0.04512257857307193
0.1,0.6,0.2,0.1,0.37005073,49925,0.058002589445148856
0.8,0.2,0.4,0.7,0.37005293,49925,0.058598029656410706
0.6,0.1,0.4,0.1,0.37008592,49925,0.06497009529717573
0.6,0.8,0.6,0.3,0.37008777,49925,0.06344429341518672
0.8,0.6,0.7,0.2,0.37010515,49925,0.06543858381304712
0.6,0.3,0.5,0.1,0.37010613,49925,0.06624480776380012
0.7,0.9,0.6,0.8,0.3701088,49925,0.06013939959344907
0.4,0.8,0.5,0.1,0.3701271,49925,0.06384364232384764
0.9,0.5,0.7,0.3,0.37014106,49925,0.06466344132903654
0.7,0.6,0.6,0.3,0.370144,49925,0.06408056829748152
0.8,0.7,0.7,0.3,0.37017164,49925,0.06444085610196629
0.2,0.7,0.3,0.1,0.37018135,49925,0.06070941020525564
0.9,0.8,0.7,0.7,0.37019822,49925,0.06174250336167473
0.7,0.7,0.7,0.1,0.370206,49925,0.06610176935870725
0.8,0.1,0.4,0.4,0.37021357,49925,0.06048655842549925
0.9,0.2,0.5,0.4,0.37021658,49925,0.06189500594076791
0.9,0.3,0.6,0.3,0.37022224,49925,0.0639328564244694
0.6,0.2,0.4,0.2,0.37022224,49925,0.0639328564244694
0.3,0.1,0.2,0.1,0.37022224,49925,0.0639328564244694
0.8,0.3,0.5,0.4,0.3702443,49925,0.0624453844458755
0.7,0.7,0.6,0.4,0.37026563,49925,0.0630501275130094
0.9,0.7,0.7,0.5,0.3702709,49925,0.06301246623071878
0.7,0.3,0.4,0.7,0.37028018,49925,0.059069494184538766
0.5,0.5,0.4,0.4,0.37029505,49925,0.061601978201402924
0.9,0.4,0.7,0.2,0.37030402,49925,0.06554362871145879
0.9,0.8,0.8,0.3,0.37032324,49925,0.06471977614632075
0.2,0.8,0.3,0.3,0.37032703,49925,0.05824208464966864
0.6,0.7,0.5,0.6,0.37034982,49925,0.060725400479869594
0.7,0.9,0.7,0.3,0.37035665,49925,0.06385578029118519
0.9,0.1,0.5,0.3,0.370366,49925,0.06233515082009754
0.2,0.8,0.3,0.7,0.37036976,49925,0.05562372661514629
0.5,0.3,0.3,0.9,0.37037063,49925,0.056025131884018135
0.9,0.9,0.8,0.4,0.37037286,49925,0.06387756565294551
0.6,0.2,0.3,0.8,0.37038854,49925,0.056435009242477054
0.5,0.6,0.4,0.8,0.37039393,49925,0.05828743796957574
0.8,0.8,0.7,0.4,0.37040105,49925,0.0635134102904051
0.6,0.4,0.4,0.6,0.37043238,49925,0.06003469141380222
0.9,0.6,0.6,0.9,0.37043238,49925,0.06003469141380222
0.3,0.2,0.2,0.3,0.37043238,49925,0.06003469141380222
0.4,0.4,0.3,0.5,0.37043726,49925,0.059358564175677746
0.8,0.7,0.6,0.7,0.37044188,49925,0.0611186664856648
0.5,0.3,0.3,0.8,0.37044874,49925,0.05681151043546231
0.8,0.6,0.6,0.5,0.37046394,49925,0.06250519522576135
0.7,0.6,0.5,0.8,0.37046418,49925,0.059675815107450035
0.9,0.9,0.7,0.9,0.37050027,49925,0.06058863177050116
0.7,0.1,0.3,0.9,0.3705135,49925,0.0549300589394028
0.4,0.7,0.4,0.4,0.37053096,49925,0.06067906035350709
0.5,0.9,0.6,0.1,0.370542,49925,0.06433014066542449
0.9,0.7,0.8,0.2,0.37056413,49925,0.06563554696419066
0.7,0.8,0.6,0.5,0.37057808,49925,0.06208878169107932
0.4,0.9,0.5,0.2,0.3706294,49925,0.0623952181350943
0.9,0.1,0.4,0.7,0.37063164,49925,0.057831530027068576
0.9,0.4,0.6,0.4,0.37069142,49925,0.06319163162509264
0.7,0.2,0.5,0.1,0.37070277,49925,0.06576278636606703
0.8,0.8,0.8,0.1,0.37071943,49925,0.06620157179714997
0.5,0.6,0.4,0.7,0.37072748,49925,0.058957925623873954
0.8,0.9,0.7,0.5,0.37075025,49925,0.06264598341249299
0.7,0.9,0.6,0.7,0.37075529,49925,0.0606551910878798
0.8,0.4,0.5,0.6,0.37078106,49925,0.060978845028083435
0.9,0.6,0.6,0.8,0.37079585,49925,0.060575477065157896
0.5,0.3,0.3,0.7,0.37085328,49925,0.05763764469661198
0.6,0.2,0.3,0.7,0.37089026,49925,0.05727015061116369
0.8,0.8,0.6,0.9,0.37091663,49925,0.05984232224930852
0.9,0.3,0.5,0.6,0.37093064,49925,0.06065040020065682
0.9,0.9,0.9,0.1,0.3709391,49925,0.06627661890339194
0.9,0.5,0.6,0.6,0.37094018,49925,0.06181439286098099
0.7,0.5,0.5,0.5,0.37094367,49925,0.06182249225789028
0.7,0.6,0.5,0.7,0.3709833,49925,0.06028348894372443
0.6,0.8,0.5,0.9,0.37099335,49925,0.05870701056428873
0.8,0.2,0.4,0.6,0.37100732,49925,0.059332453157190025
0.4,0.1,0.2,0.3,0.37100732,49925,0.059332453157190025
0.3,0.6,0.3,0.6,0.37101334,49925,0.057627445855067176
0.4,0.8,0.4,0.8,0.37101334,49925,0.05762744585506717
0.1,0.2,0.1,0.2,0.37101334,49925,0.05762744585506717
0.2,0.4,0.2,0.4,0.37101334,49925,0.05762744585506717
0.5,0.9,0.5,0.5,0.37105647,49925,0.06057991488275746
0.9,0.9,0.7,0.8,0.37107828,49925,0.061044787005790725
0.2,0.8,0.3,0.8,0.37109888,49925,0.05499308918110772
0.5,0.6,0.4,0.6,0.37111852,49925,0.05966780720046393
0.7,0.4,0.6,0.1,0.3711221,49925,0.06643275030213261
0.4,0.8,0.4,0.7,0.37114793,49925,0.05821065127096744
0.3,0.8,0.4,0.1,0.371183,49925,0.06216058662295843
0.3,0.6,0.3,0.7,0.37119642,49925,0.05688395784853421
0.2,0.4,0.2,0.7,0.3712134,49925,0.05447312071289164
0.7,0.3,0.5,0.2,0.37121478,49925,0.06464675465468474
0.7,0.1,0.3,0.8,0.37122875,49925,0.055673050933887504
0.6,0.5,0.4,0.9,0.3712333,49925,0.057867586943583973
0.8,0.5,0.5,0.9,0.37124512,49925,0.05909208548357779
0.3,0.6,0.3,0.5,0.37125134,49925,0.058417854983984864
0.2,0.4,0.2,0.5,0.37128332,49925,0.05652108290531915
0.9,0.6,0.7,0.3,0.3712868,49925,0.06448712918408488
0.7,0.1,0.4,0.2,0.37132075,49925,0.06302359409677424
0.9,0.8,0.7,0.6,0.37132943,49925,0.0622582791009988
0.6,0.1,0.3,0.3,0.3713348,49925,0.06065934097427329
0.8,0.5,0.7,0.1,0.37133712,49925,0.06652695981733614
0.6,0.8,0.5,0.8,0.37134135,49925,0.059235130694403594
0.9,0.1,0.4,0.6,0.3713535,49925,0.05853067648471768
0.5,0.2,0.3,0.3,0.3713743,49925,0.06158767635670721
0.5,0.3,0.3,0.6,0.3713824,49925,0.05851615182546183
0.3,0.6,0.3,0.8,0.37140518,49925,0.056148384088975094
0.6,0.4,0.4,0.5,0.37140873,49925,0.06084880637424462
0.5,0.8,0.5,0.3,0.37141126,49925,0.062326982545562244
0.7,0.3,0.4,0.6,0.3714113,49925,0.05982740004047499
0.8,0.7,0.6,0.6,0.37141693,49925,0.061670819556336805
0.4,0.8,0.4,0.9,0.37142384,49925,0.057078878405070844
0.1,0.6,0.2,0.6,0.37142602,49925,0.0537542508253354
0.4,0.9,0.5,0.1,0.3714264,49925,0.06309416460233508
0.2,0.4,0.2,0.6,0.37143037,49925,0.05546625109203232
0.3,0.6,0.3,0.9,0.37143037,49925,0.05546625109203231
0.1,0.2,0.1,0.3,0.37143037,49925,0.05546625109203232
0.8,0.2,0.5,0.2,0.37144446,49925,0.06410401739119477
0.6,0.7,0.5,0.5,0.37150598,49925,0.061364182825512245
0.6,0.3,0.4,0.3,0.37151992,49925,0.06280058377487688
0.9,0.1,0.6,0.1,0.37152284,49925,0.06533331969206074
0.7,0.9,0.7,0.2,0.37152416,49925,0.06447128922472646
0.2,0.8,0.3,0.9,0.37152627,49925,0.05439208293099693
0.7,0.4,0.5,0.3,0.3715317,49925,0.0635792890959885
0.8,0.8,0.6,0.8,0.37157717,49925,0.060354985407513995
0.4,0.4,0.3,0.4,0.37157717,49925,0.060354985407513995
0.3,0.9,0.4,0.2,0.3715831,49925,0.0606247795040081
0.7,0.1,0.3,0.7,0.37158382,49925,0.056464118025247326
0.6,0.7,0.6,0.1,0.3715879,49925,0.06540146476865527
0.6,0.5,0.5,0.2,0.37159684,49925,0.06448136247603466
0.5,0.6,0.5,0.1,0.37162182,49925,0.06513467360761811
0.8,0.9,0.8,0.1,0.37165213,49925,0.06574389148545097
0.7,0.8,0.7,0.1,0.37165743,49925,0.06560296190822898
0.9,0.6,0.8,0.1,0.37166074,49925,0.06659560548986301
0.6,0.8,0.6,0.2,0.37166178,49925,0.06411570652621659
0.3,0.4,0.3,0.1,0.37166178,49925,0.06411570652621659
0.4,0.5,0.4,0.1,0.3716739,49925,0.06473794867317183
0.7,0.2,0.4,0.3,0.3716743,49925,0.06232841429550116
0.6,0.5,0.4,0.8,0.37167886,49925,0.058505639069533315
0.6,0.2,0.3,0.6,0.37174168,49925,0.058144951347272066
0.6,0.8,0.5,0.7,0.37175226,49925,0.05979988925139151
0.2,0.3,0.2,0.1,0.37177667,49925,0.0629594065368537
0.6,0.9,0.6,0.3,0.37177667,49925,0.0629594065368537
0.4,0.6,0.4,0.2,0.37177667,49925,0.0629594065368537
0.8,0.5,0.6,0.3,0.37180457,49925,0.0640968083824492
0.7,0.6,0.5,0.6,0.37182382,49925,0.06090059665457334
0.7,0.9,0.6,0.6,0.37183267,49925,0.06118442712536291
0.7,0.5,0.5,0.4,0.3718437,49925,0.06254916933959165
0.2,0.4,0.2,0.3,0.3718659,49925,0.05883114051529504
0.4,0.8,0.4,0.6,0.3718659,49925,0.05883114051529504
0.9,0.9,0.8,0.3,0.37187427,49925,0.06441404409747552
0.2,0.8,0.3,0.2,0.37187448,49925,0.058943959576635285
0.9,0.9,0.7,0.7,0.37187657,49925,0.0615160048750351
0.9,0.4,0.5,0.9,0.3718798,49925,0.05891960100677999
0.9,0.6,0.6,0.7,0.37188008,49925,0.06113417081346406
0.5,0.4,0.4,0.2,0.37188855,49925,0.06395565860357567
0.8,0.6,0.6,0.4,0.37189665,49925,0.06313959653110048
0.4,0.3,0.3,0.2,0.37189665,49925,0.06313959653110048
0.9,0.5,0.6,0.5,0.3718979,49925,0.062445061884132354
0.9,0.7,0.7,0.4,0.371933,49925,0.06358849776454416
0.3,0.5,0.3,0.2,0.37193903,49925,0.061918858004476156
0.7,0.6,0.6,0.2,0.371963,49925,0.06483646767435748
0.8,0.7,0.7,0.2,0.37196794,49925,0.0651141407227657
0.9,0.8,0.8,0.2,0.37198418,49925,0.06531483021635677
0.6,0.6,0.5,0.3,0.37201038,49925,0.06320582663441178
0.8,0.9,0.7,0.4,0.37202573,49925,0.0631852612739011
0.8,0.4,0.6,0.2,0.37203294,49925,0.06508259223328444
0.4,0.2,0.3,0.1,0.37203294,49925,0.06508259223328444
0.3,0.6,0.3,0.4,0.37203658,49925,0.059260993628236926
0.6,0.5,0.4,0.7,0.37203723,49925,0.05918318763661767
0.7,0.7,0.6,0.3,0.37203965,49925,0.06372318602533053
0.8,0.3,0.4,0.9,0.37205642,49925,0.057565011887618166
0.1,0.2,0.1,0.4,0.37208232,49925,0.05352568241990498
0.2,0.4,0.2,0.8,0.37208232,49925,0.05352568241990498
0.5,0.7,0.5,0.2,0.37211508,49925,0.06363020856852479
0.8,0.8,0.7,0.3,0.372116,49925,0.06411793669228562
0.8,0.8,0.6,0.7,0.3721315,49925,0.06087567162960974
0.8,0.3,0.6,0.1,0.37214038,49925,0.06614221237391003
0.7,0.8,0.6,0.4,0.3721533,49925,0.06268590159486104
0.7,0.1,0.3,0.6,0.37218946,49925,0.05729194917693159
0.7,0.7,0.5,0.9,0.37219375,49925,0.05892988454037033
0.9,0.7,0.6,0.9,0.3722066,49925,0.05994405180556462
0.8,0.5,0.5,0.8,0.3722228,49925,0.05968842212760685
0.6,0.7,0.5,0.4,0.37225538,49925,0.06205805434045368
0.9,0.2,0.5,0.3,0.37226522,49925,0.06271194067542074
0.4,0.8,0.4,0.5,0.37229964,49925,0.0594754828589215
0.1,0.6,0.2,0.7,0.37232122,49925,0.05295221793943063
0.5,0.5,0.4,0.3,0.37232894,49925,0.06249512144491418
0.8,0.3,0.5,0.3,0.37234482,49925,0.06329591345143581
0.5,0.6,0.4,0.5,0.3723961,49925,0.06040266918823796
0.8,0.1,0.4,0.3,0.37239718,49925,0.06139756261930495
0.9,0.8,0.7,0.5,0.37240428,49925,0.06277163297812605
0.1,0.7,0.2,0.4,0.3724111,49925,0.05460763202527514
0.2,0.9,0.3,0.5,0.3724258,49925,0.056291183054333276
0.6,0.8,0.5,0.6,0.372474,49925,0.06037692185939312
0.9,0.2,0.4,0.9,0.37247673,49925,0.05707334993350007
0.4,0.7,0.4,0.3,0.3725244,49925,0.06142938448599018
0.7,0.3,0.4,0.5,0.37253177,49925,0.060616014946354525
0.7,0.5,0.6,0.1,0.37253255,49925,0.06606551523714449
0.9,0.3,0.6,0.2,0.37253514,49925,0.06475901097519596
0.5,0.9,0.5,0.4,0.37253803,49925,0.061166894795297064
0.6,0.4,0.5,0.1,0.37254342,49925,0.0659040217543894
0.9,0.9,0.7,0.6,0.37255344,49925,0.06201254520124467
0.7,0.7,0.5,0.8,0.37255612,49925,0.05946912977083591
0.5,0.3,0.4,0.1,0.3725852,49925,0.06561911096270652
0.8,0.1,0.5,0.1,0.3726049,49925,0.06486009895684886
0.9,0.2,0.6,0.1,0.3726097,49925,0.06556172802128776
0.8,0.4,0.5,0.5,0.37261468,49925,0.06168105272937907
0.3,0.2,0.2,0.2,0.37261713,49925,0.061711977077003835
0.9,0.6,0.6,0.6,0.37261713,49925,0.06171197707700383
0.6,0.4,0.4,0.4,0.37261713,49925,0.061711977077003835
0.9,0.3,0.5,0.5,0.37262785,49925,0.06137362398276651
0.9,0.5,0.7,0.2,0.37263155,49925,0.06537318176624685
0.8,0.7,0.6,0.5,0.3726318,49925,0.0622473424923716
0.7,0.9,0.6,0.5,0.37265217,49925,0.06174971876969957
0.7,0.4,0.4,0.9,0.37266824,49925,0.057824590079497674
0.8,0.5,0.5,0.7,0.3726692,49925,0.06029304042859488
0.8,0.2,0.4,0.5,0.37266988,49925,0.0601203841026677
0.2,0.9,0.3,0.4,0.37268838,49925,0.05688825601397011
0.9,0.1,0.4,0.5,0.37272272,49925,0.05924534144703632
0.9,0.4,0.7,0.1,0.3727426,49925,0.06633804431293322
0.9,0.4,0.6,0.3,0.3727585,49925,0.06392057194810107
0.7,0.4,0.4,0.8,0.37276134,49925,0.05846667238525468
0.9,0.4,0.5,0.8,0.37280104,49925,0.05950018364353431
0.1,0.7,0.2,0.3,0.37280384,49925,0.05530866326008001
0.2,0.4,0.2,0.9,0.37283537,49925,0.052649512714766235
0.8,0.6,0.7,0.1,0.37285346,49925,0.06621538628721046
0.2,0.9,0.3,0.6,0.37286326,49925,0.05570144683269646
0.9,0.7,0.8,0.1,0.37287593,49925,0.06631705104676376
0.1,0.6,0.2,0.8,0.3728805,49925,0.052219204873865235
0.2,0.9,0.3,0.7,0.37291008,49925,0.05512925234299062
0.8,0.9,0.6,0.9,0.37298742,49925,0.05967534751829437
0.5,0.1,0.3,0.1,0.372992,49925,0.06416452073442651
0.9,0.7,0.6,0.8,0.37302002,49925,0.06044890239416444
0.1,0.7,0.2,0.2,0.3730677,49925,0.05598087429918733
0.6,0.2,0.3,0.5,0.37308824,49925,0.059057556037599955
0.2,0.8,0.3,0.1,0.37309766,49925,0.059603261713401044
0.3,0.9,0.4,0.1,0.37314662,49925,0.061277705263836274
0.7,0.9,0.7,0.1,0.37315002,49925,0.0651373034202786
0.6,0.9,0.5,0.9,0.37317142,49925,0.05846345644478811
0.5,0.3,0.3,0.5,0.3731868,49925,0.05944137431049354
0.7,0.1,0.3,0.5,0.3732242,49925,0.05814692759625921
0.8,0.6,0.5,0.9,0.373263,49925,0.059034600705740486
0.9,0.2,0.4,0.8,0.3732644,49925,0.05769548237777116
0.8,0.3,0.4,0.8,0.37327608,49925,0.05821440992968239
0.9,0.7,0.7,0.3,0.3732767,49925,0.06422211695398942
0.6,0.9,0.6,0.2,0.37330383,49925,0.06358624941980234
0.9,0.8,0.7,0.4,0.3733093,49925,0.06330985590666986
0.6,0.5,0.4,0.6,0.37332037,49925,0.05988215089724811
0.3,0.6,0.3,0.3,0.3733256,49925,0.060118485472282865
0.1,0.2,0.1,0.1,0.3733256,49925,0.060118485472282865
0.2,0.4,0.2,0.2,0.3733256,49925,0.060118485472282865
0.4,0.8,0.4,0.4,0.3733256,49925,0.060118485472282865
0.4,0.4,0.3,0.3,0.37337443,49925,0.06140911946061518
0.8,0.8,0.6,0.6,0.37337443,49925,0.06140911946061518
0.9,0.1,0.5,0.2,0.37337494,49925,0.06323141693103665
0.9,0.4,0.5,0.7,0.37341547,49925,0.06009876846186592
0.9,0.9,0.8,0.2,0.37342033,49925,0.06497238623918189
0.7,0.6,0.5,0.5,0.37344402,49925,0.06156187567711283
0.8,0.5,0.5,0.6,0.37345138,49925,0.06090461598326335
0.6,0.9,0.5,0.8,0.37345624,49925,0.05897378302074
0.5,0.7,0.4,0.8,0.37346846,49925,0.05805350056085346
0.7,0.7,0.5,0.7,0.3734717,49925,0.06004941627209328
0.8,0.4,0.5,0.4,0.37347877,49925,0.062419927433349266
0.4,0.5,0.3,0.9,0.37350306,49925,0.05591775490370509
0.9,0.7,0.6,0.7,0.3735486,49925,0.06097122263988036
0.4,0.5,0.3,0.8,0.3735627,49925,0.05664258740073743
0.1,0.2,0.1,0.5,0.3735821,49925,0.05182095858288552
0.5,0.6,0.4,0.4,0.37358308,49925,0.061167661812887
0.8,0.8,0.7,0.2,0.37359762,49925,0.06474732433079931
0.5,0.8,0.5,0.2,0.37361315,49925,0.06302313944663371
0.6,0.8,0.6,0.1,0.37362906,49925,0.0648568114318785
0.9,0.2,0.4,0.7,0.37366506,49925,0.05834574280305556
0.4,0.9,0.4,0.8,0.37367624,49925,0.057287089057604296
0.8,0.5,0.6,0.2,0.37367687,49925,0.0648779531106453
0.8,0.6,0.6,0.3,0.37368748,49925,0.06382326570468834
0.2,0.9,0.3,0.3,0.37370366,49925,0.05744549552460261
0.5,0.7,0.4,0.9,0.37373665,49925,0.0574738491056604
0.7,0.4,0.5,0.2,0.37375557,49925,0.0644837078752021
0.9,0.6,0.6,0.5,0.3737576,49925,0.062293726460203876
0.5,0.7,0.5,0.1,0.37376693,49925,0.06449713984553541
0.9,0.8,0.8,0.1,0.37378028,49925,0.06593796882733811
0.4,0.9,0.4,0.9,0.3737858,49925,0.056772653522970395
0.9,0.5,0.6,0.4,0.37379283,49925,0.06309966057507584
0.9,0.3,0.5,0.4,0.37381777,49925,0.06211378220754616
0.4,0.5,0.3,0.7,0.3738358,49925,0.057382940893156514
0.8,0.9,0.6,0.8,0.3738832,49925,0.06013863145745152
0.9,0.6,0.7,0.2,0.37388566,49925,0.06515053250445874
0.5,0.9,0.5,0.3,0.3739052,49925,0.061771358571981475
0.9,0.8,0.6,0.9,0.3739338,49925,0.059789171741932344
0.4,0.6,0.4,0.1,0.37394065,49925,0.06393780955426161
0.4,0.9,0.4,0.7,0.3739487,49925,0.05783032710134092
0.4,0.1,0.2,0.2,0.3739937,49925,0.060958638732843975
0.8,0.2,0.4,0.4,0.3739937,49925,0.060958638732843975
0.8,0.9,0.7,0.3,0.3739943,49925,0.06373294942245236
0.5,0.7,0.4,0.7,0.37399828,49925,0.05867538702368387
0.1,0.7,0.2,0.5,0.37400234,49925,0.05393349380066214
0.6,0.2,0.4,0.1,0.37402022,49925,0.06517289648236381
0.6,0.8,0.5,0.5,0.37402412,49925,0.06098913162849254
0.6,0.1,0.3,0.2,0.37404042,49925,0.06187043413598255
0.4,0.9,0.4,0.6,0.37406588,49925,0.05840137418859612
0.7,0.4,0.4,0.7,0.3740685,49925,0.059162077821312824
0.8,0.7,0.7,0.1,0.3740829,49925,0.06581237058509934
0.5,0.2,0.3,0.2,0.3740837,49925,0.06288196595256204
0.6,0.3,0.4,0.2,0.3740971,49925,0.06385883986444547
0.2,0.9,0.3,0.8,0.37410542,49925,0.05459441183580293
0.7,0.5,0.5,0.3,0.37410808,49925,0.06331395039018264
0.8,0.6,0.5,0.8,0.37411368,49925,0.05956777911472555
0.8,0.7,0.6,0.4,0.37411568,49925,0.06283669159753388
0.7,0.8,0.6,0.3,0.37414637,49925,0.06331940786163853
0.9,0.9,0.7,0.5,0.37414983,49925,0.06250311217859791
0.7,0.3,0.4,0.4,0.37415203,49925,0.06147844928203219
0.7,0.7,0.6,0.2,0.37420228,49925,0.06442373748365353
0.8,0.3,0.4,0.7,0.3742295,49925,0.05890232639343399
0.5,0.1,0.2,0.7,0.37423515,49925,0.05422799577622447
0.5,0.3,0.3,0.4,0.37424898,49925,0.060429817569916555
0.2,0.9,0.3,0.9,0.3742681,49925,0.05406557426892849
0.6,0.5,0.4,0.5,0.37426826,49925,0.06060667915952768
0.1,0.6,0.2,0.9,0.37428483,49925,0.05151287884825123
0.3,0.7,0.3,0.6,0.3742888,49925,0.05716418601138522
0.6,0.9,0.5,0.7,0.3742943,49925,0.05951225048753333
0.6,0.6,0.5,0.2,0.37429518,49925,0.06399746904452297
0.5,0.1,0.2,0.8,0.37430263,49925,0.05331879981778087
0.5,0.7,0.4,0.6,0.37432244,49925,0.05930198869899624
0.7,0.7,0.5,0.6,0.3743378,49925,0.06063121687135546
0.3,0.3,0.2,0.7,0.37435046,49925,0.05503645075969302
0.7,0.6,0.6,0.1,0.374355,49925,0.06564073468788187
0.9,0.8,0.6,0.8,0.37442452,49925,0.060251083886250265
0.7,0.9,0.6,0.4,0.37442762,49925,0.06229178190348914
0.4,0.5,0.3,0.6,0.37445748,49925,0.058178355293673205
0.4,0.7,0.4,0.2,0.37447003,49925,0.062236823000919206
0.4,0.5,0.3,0.5,0.37451482,49925,0.059018545624674824
0.3,0.5,0.3,0.1,0.37452042,49925,0.06305269726944121
0.7,0.2,0.4,0.2,0.3745284,49925,0.06336196343082488
0.3,0.3,0.2,0.8,0.37452903,49925,0.054072345964617095
0.7,0.3,0.5,0.1,0.37454233,49925,0.06567886623347795
0.6,0.7,0.5,0.3,0.37455323,49925,0.06274359664893601
0.9,0.5,0.7,0.1,0.3745537,49925,0.06615864734075143
0.6,0.5,0.5,0.1,0.37459102,49925,0.0654029328809253
0.5,0.1,0.2,0.6,0.37459707,49925,0.05522537365892202
0.6,0.4,0.4,0.3,0.37461254,49925,0.0625891554502236
0.9,0.7,0.6,0.6,0.3746136,49925,0.06150042117470227
0.8,0.5,0.5,0.5,0.37462348,49925,0.06157433640569282
0.8,0.9,0.6,0.7,0.37463868,49925,0.060621905584479045
0.6,0.2,0.3,0.4,0.3746837,49925,0.06002247018008607
0.3,0.3,0.2,0.5,0.37471977,49925,0.05715717026281158
0.4,0.2,0.2,0.8,0.37472448,49925,0.05400765035321337
0.2,0.1,0.1,0.4,0.37472448,49925,0.05400765035321337
0.8,0.1,0.3,0.9,0.37472975,49925,0.05483970418960202
0.9,0.5,0.5,0.9,0.37474266,49925,0.058989236331849625
0.9,0.2,0.4,0.6,0.37475342,49925,0.05902494451505896
0.3,0.7,0.3,0.7,0.3747548,49925,0.05649580990774369
0.8,0.8,0.6,0.5,0.37475818,49925,0.061952616766356564
0.8,0.4,0.6,0.1,0.3747619,49925,0.06595591169123205
0.8,0.6,0.5,0.7,0.3747813,49925,0.06015923094738594
0.7,0.6,0.5,0.4,0.374786,49925,0.062225484059929635
0.7,0.8,0.5,0.9,0.37479857,49925,0.0587494652208751
0.9,0.4,0.5,0.6,0.37482023,49925,0.0607283848633744
0.9,0.2,0.5,0.2,0.37485695,49925,0.06356748155390896
0.7,0.2,0.3,0.9,0.3748614,49925,0.05558685569095278
0.6,0.9,0.6,0.1,0.37487662,49925,0.06425652794638884
0.3,0.7,0.3,0.8,0.37488508,49925,0.05585404711923752
0.4,0.2,0.2,0.7,0.37488708,49925,0.05496763806503995
0.9,0.1,0.4,0.4,0.37490648,49925,0.060038600195635006
0.3,0.3,0.2,0.6,0.37494296,49925,0.05606202321145091
0.7,0.1,0.4,0.1,0.3749817,49925,0.06418590336319165
0.7,0.1,0.3,0.4,0.3749996,49925,0.059067722475489456
0.8,0.2,0.5,0.1,0.37500352,49925,0.0651178905893196
0.3,0.7,0.3,0.5,0.37505004,49925,0.05786597422044211
0.5,0.4,0.3,0.7,0.3750588,49925,0.05764321630082724
0.5,0.5,0.4,0.2,0.37506875,49925,0.06339739581065218
0.5,0.4,0.3,0.8,0.37507257,49925,0.05688102919738305
0.8,0.3,0.5,0.2,0.37507507,49925,0.06417825354259951
0.5,0.4,0.4,0.1,0.37507898,49925,0.06508351925022389
0.6,0.6,0.4,0.7,0.375081,49925,0.058959347752999644
0.8,0.1,0.3,0.8,0.3751114,49925,0.055512906497959924
0.6,0.9,0.5,0.6,0.3751195,49925,0.06004851559586093
0.4,0.8,0.4,0.3,0.37512752,49925,0.06081888633939604
0.7,0.2,0.3,0.8,0.37513176,49925,0.0563259767641043
0.5,0.4,0.3,0.9,0.37514338,49925,0.05615755140176349
0.9,0.5,0.6,0.3,0.37515268,49925,0.06377322074046322
0.9,0.6,0.6,0.4,0.3751653,49925,0.06289692318746494
0.1,0.7,0.2,0.1,0.37519512,49925,0.05663611505454553
0.9,0.8,0.7,0.3,0.3752037,49925,0.06388942249806051
0.5,0.1,0.2,0.5,0.37521312,49925,0.056307789086283
0.6,0.6,0.4,0.9,0.37522325,49925,0.057738424889354135
0.5,0.8,0.5,0.1,0.37524042,49925,0.06376484382911582
0.7,0.8,0.5,0.8,0.37524801,49925,0.05927561331093242
0.9,0.9,0.8,0.1,0.37525445,49925,0.06554754454868865
0.2,0.1,0.1,0.3,0.37525627,49925,0.056013149718552306
0.4,0.2,0.2,0.6,0.37525627,49925,0.056013149718552306
0.6,0.3,0.3,0.9,0.37525627,49925,0.056013149718552306
0.4,0.9,0.4,0.5,0.37526625,49925,0.05897482398321848
0.9,0.4,0.6,0.2,0.37527767,49925,0.0646828979392781
0.3,0.3,0.2,0.4,0.37528616,49925,0.05834856597193189
0.6,0.6,0.4,0.8,0.37528616,49925,0.05834856597193189
0.7,0.4,0.4,0.6,0.3752904,49925,0.059880010203887585
0.3,0.3,0.2,0.9,0.37529278,49925,0.05318004734829494
0.8,0.1,0.4,0.2,0.3752952,49925,0.062376631104400004
0.6,0.8,0.5,0.4,0.3753002,49925,0.0616026872130279
0.9,0.7,0.7,0.2,0.37537038,49925,0.0648615011932016
0.3,0.7,0.3,0.9,0.3753781,49925,0.05521991454637036
0.5,0.1,0.2,0.9,0.37539294,49925,0.05247269628342976
0.7,0.2,0.3,0.7,0.37539828,49925,0.057103805835038525
0.9,0.5,0.5,0.8,0.3754064,49925,0.0595451088333586
0.9,0.8,0.6,0.7,0.37541258,49925,0.06073632277058746
0.7,0.5,0.4,0.9,0.3754382,49925,0.05783713580676647
0.9,0.3,0.6,0.1,0.37545967,49925,0.06561652472412835
0.6,0.5,0.4,0.4,0.37546557,49925,0.06137501112658056
0.1,0.7,0.2,0.6,0.3754725,49925,0.0532152109318229
0.8,0.3,0.4,0.6,0.3754745,49925,0.0595892975515767
0.7,0.7,0.5,0.5,0.37547603,49925,0.061236053911352555
0.9,0.9,0.7,0.4,0.37547618,49925,0.06300434593746149
0.3,0.7,0.3,0.4,0.3755098,49925,0.05862384641765368
0.5,0.7,0.4,0.5,0.37554395,49925,0.05998236269704992
0.5,0.9,0.5,0.2,0.3755564,49925,0.06240574187259069
0.2,0.9,0.3,0.2,0.37555787,49925,0.058024493403461455
0.8,0.9,0.7,0.2,0.3756177,49925,0.06432916211750811
0.8,0.7,0.6,0.3,0.3756263,49925,0.06346176062536639
0.4,0.2,0.2,0.9,0.37562943,49925,0.05310623202088876
0.5,0.4,0.3,0.6,0.3756403,49925,0.05842527963141822
0.5,0.6,0.4,0.3,0.37564975,49925,0.061953378163392386
0.3,0.6,0.3,0.2,0.37569168,49925,0.06105369775157412
0.8,0.6,0.5,0.6,0.3757299,49925,0.06072797143780869
0.8,0.6,0.6,0.2,0.37574115,49925,0.0645638641675456
0.4,0.3,0.3,0.1,0.37574115,49925,0.0645638641675456
0.8,0.8,0.7,0.1,0.375745,49925,0.06539333648931914
0.7,0.4,0.4,0.5,0.37575707,49925,0.060594594732004445
0.4,0.2,0.2,0.5,0.37576792,49925,0.057141764772840456
0.8,0.9,0.6,0.6,0.37577307,49925,0.06111825861759159
0.8,0.4,0.5,0.3,0.37578386,49925,0.06320392770093161
0.2,0.1,0.1,0.5,0.3757913,49925,0.052283191331986695
0.9,0.3,0.4,0.9,0.37580988,49925,0.057439155183607066
0.7,0.5,0.4,0.8,0.37586084,49925,0.05843789387684789
0.1,0.2,0.1,0.6,0.37587065,49925,0.050339063834250346
0.5,0.8,0.4,0.9,0.37587073,49925,0.057217225897924176
0.8,0.7,0.5,0.9,0.37587294,49925,0.058920231843835394
0.6,0.3,0.3,0.8,0.37588313,49925,0.05675065553545535
0.8,0.2,0.4,0.3,0.37597096,49925,0.06183351068919639
0.5,0.3,0.3,0.3,0.3760046,49925,0.06147737790482966
0.9,0.4,0.5,0.5,0.37600914,49925,0.06141000625050721
0.7,0.8,0.6,0.2,0.37601432,49925,0.06397366701394405
0.7,0.8,0.5,0.7,0.3760173,49925,0.059802689044128096
0.6,0.3,0.3,0.7,0.37602055,49925,0.05752659508157723
0.8,0.5,0.5,0.4,0.37602362,49925,0.06228388794666513
0.2,0.5,0.2,0.4,0.37602714,49925,0.05690327619135835
0.4,0.5,0.3,0.4,0.37602714,49925,0.059876266490327325
0.5,0.8,0.4,0.8,0.37603155,49925,0.05778583634622552
0.2,0.9,0.3,0.1,0.37603974,49925,0.058617831104525016
0.8,0.1,0.3,0.7,0.37604618,49925,0.05623746633042396
0.9,0.9,0.6,0.9,0.37605533,49925,0.059621483470088395
0.3,0.3,0.2,0.3,0.37605533,49925,0.05962148347008839
0.6,0.6,0.4,0.6,0.37605533,49925,0.05962148347008839
0.7,0.7,0.6,0.1,0.37605736,49925,0.06517420405468961
0.9,0.7,0.6,0.5,0.37606007,49925,0.06205802748911941
0.8,0.4,0.4,0.9,0.37607852,49925,0.057724612102022906
0.8,0.7,0.5,0.8,0.37610823,49925,0.059406985844257854
0.9,0.3,0.5,0.3,0.3761084,49925,0.06289447991119868
0.9,0.6,0.7,0.1,0.37611005,49925,0.06584754395202039
0.7,0.3,0.4,0.3,0.3762254,49925,0.0623930983443326
0.4,0.7,0.4,0.1,0.37623888,49925,0.06307211669376733
0.9,0.2,0.4,0.5,0.37624153,49925,0.05972376233956993
0.6,0.9,0.5,0.5,0.37626135,49925,0.060587581209056995
0.7,0.9,0.6,0.3,0.3762996,49925,0.06286146470299651
0.7,0.6,0.5,0.3,0.37630415,49925,0.06294504015722063
0.1,0.7,0.2,0.7,0.37633464,49925,0.052539885223344227
0.9,0.5,0.5,0.7,0.3763716,49925,0.06009059225294385
0.2,0.5,0.2,0.5,0.3763918,49925,0.05596074756827629
0.7,0.5,0.5,0.2,0.37640116,49925,0.06411594274302714
0.8,0.8,0.6,0.4,0.37640536,49925,0.0625048570287265
0.4,0.4,0.3,0.2,0.37640536,49925,0.0625048570287265
0.8,0.5,0.6,0.1,0.37645167,49925,0.06566765661454294
0.4,0.9,0.4,0.4,0.37647438,49925,0.05956395806831641
0.9,0.1,0.4,0.3,0.3765321,49925,0.06083200470987509
0.6,0.2,0.3,0.3,0.37655112,49925,0.06108401967196316
0.5,0.8,0.4,0.7,0.37660566,49925,0.05834924422662201
0.9,0.8,0.6,0.6,0.37663236,49925,0.061235773679315826
0.7,0.5,0.4,0.7,0.37665915,49925,0.0590607855160488
0.7,0.2,0.3,0.6,0.37667412,49925,0.05788432732961347
0.9,0.6,0.5,0.9,0.37668782,49925,0.05893133120914779
0.9,0.3,0.4,0.8,0.37670067,49925,0.05803632063240832
0.6,0.7,0.5,0.2,0.3767286,49925,0.06348667325233116
0.9,0.1,0.5,0.1,0.3767711,49925,0.06418725918141427
0.8,0.9,0.7,0.1,0.37677452,49925,0.06493091376599903
0.8,0.1,0.3,0.6,0.37678444,49925,0.05698833539839891
0.5,0.7,0.4,0.4,0.37680805,49925,0.06066995376285347
0.7,0.1,0.3,0.3,0.37684134,49925,0.060034740672691884
0.2,0.5,0.2,0.6,0.3768567,49925,0.055065049596880744
0.5,0.4,0.3,0.5,0.3768721,49925,0.05926628269774913
0.5,0.1,0.2,0.4,0.37689182,49925,0.05745168422289608
0.9,0.5,0.5,0.6,0.37689462,49925,0.060679198652046684
0.7,0.4,0.5,0.1,0.37689948,49925,0.0653960899606204
0.6,0.6,0.5,0.1,0.3769113,49925,0.06486148617854401
0.9,0.9,0.7,0.3,0.37692875,49925,0.06354613996427481
0.1,0.8,0.2,0.3,0.37694228,49925,0.05436174537277933
0.4,0.8,0.4,0.2,0.3769476,49925,0.06149501660441502
0.2,0.4,0.2,0.1,0.3769476,49925,0.06149501660441502
0.1,0.8,0.2,0.4,0.37697935,49925,0.05380086557940591
0.8,0.6,0.5,0.5,0.37698042,49925,0.0613344318451191
0.2,0.5,0.2,0.3,0.37702018,49925,0.057934189899167814
0.8,0.4,0.4,0.8,0.37703305,49925,0.058334666841297435
0.2,0.1,0.1,0.2,0.37703305,49925,0.058334666841297435
0.6,0.3,0.3,0.6,0.37703305,49925,0.05833466684129744
0.4,0.2,0.2,0.4,0.37703305,49925,0.058334666841297435
0.5,0.8,0.4,0.6,0.37707984,49925,0.0589218729641313
0.7,0.8,0.5,0.6,0.37708265,49925,0.060314904783879866
0.8,0.7,0.5,0.7,0.3770877,49925,0.05992491123560666
0.9,0.8,0.7,0.2,0.377101,49925,0.06449019034026596
0.8,0.3,0.4,0.5,0.37710515,49925,0.060301536334758786
0.2,0.1,0.1,0.6,0.37713772,49925,0.0507539080509575
0.7,0.9,0.5,0.9,0.37715647,49925,0.05852153361335021
0.6,0.8,0.5,0.3,0.37716314,49925,0.062250084608575146
0.2,0.5,0.2,0.7,0.37723154,49925,0.05418220971966881
0.2,0.5,0.2,0.8,0.3772501,49925,0.05335095587842218
0.9,0.9,0.6,0.8,0.37725472,49925,0.060055689082452006
0.3,0.2,0.2,0.1,0.37730515,49925,0.0635306497769647
0.9,0.6,0.6,0.3,0.37730515,49925,0.06353064977696468
0.6,0.4,0.4,0.2,0.37730515,49925,0.0635306497769647
0.4,0.6,0.3,0.7,0.3773132,49925,0.057089852073192726
0.1,0.8,0.2,0.2,0.37732723,49925,0.054890929030417715
0.9,0.4,0.5,0.4,0.37732825,49925,0.062098328483390856
0.1,0.8,0.2,0.5,0.37733248,49925,0.053244307009249175
0.9,0.7,0.7,0.1,0.3773756,49925,0.06551889682092674
0.9,0.3,0.4,0.7,0.3773888,49925,0.05866497136408928
0.8,0.9,0.6,0.5,0.3773896,49925,0.06161489945461276
0.6,0.6,0.4,0.5,0.3773922,49925,0.06026966312031016
0.4,0.6,0.3,0.8,0.37739402,49925,0.056417335913668896
0.9,0.5,0.6,0.2,0.37746343,49925,0.06452072835561991
0.9,0.6,0.5,0.8,0.37746555,49925,0.059442165851003946
0.8,0.7,0.6,0.2,0.37747782,49925,0.06415061413614916
0.7,0.9,0.6,0.2,0.3775087,49925,0.06347437066109617
0.7,0.4,0.4,0.4,0.3775316,49925,0.061371533929362544
0.3,0.7,0.3,0.3,0.3775382,49925,0.059357654711213265
0.6,0.7,0.4,0.9,0.37756765,49925,0.05756782737221498
0.6,0.3,0.4,0.1,0.3775724,49925,0.06501074484030989
0.7,0.7,0.5,0.4,0.37757728,49925,0.061879237904677246
0.5,0.9,0.5,0.1,0.3775881,49925,0.06306992414031004
0.9,0.7,0.6,0.4,0.37761712,49925,0.06263330158620851
0.3,0.8,0.3,0.7,0.37762007,49925,0.05603926723675216
0.3,0.6,0.3,0.1,0.37764144,49925,0.06199299967247906
0.4,0.6,0.3,0.9,0.37765995,49925,0.055754679926458744
0.7,0.5,0.4,0.6,0.3777165,49925,0.05970857083192706
0.5,0.5,0.4,0.1,0.377725,49925,0.06442033963315201
0.9,0.9,0.6,0.7,0.3777263,49925,0.06051112010039214
0.8,0.1,0.3,0.5,0.37772948,49925,0.05774995751159047
0.7,0.9,0.5,0.8,0.377763,49925,0.059008604055749106
0.7,0.2,0.3,0.5,0.37780324,49925,0.058706004666979665
0.8,0.7,0.5,0.6,0.37780407,49925,0.06046962603191962
0.8,0.6,0.6,0.1,0.37781173,49925,0.06529302866636967
0.3,0.8,0.3,0.6,0.37784383,49925,0.05666376650277224
0.9,0.2,0.4,0.4,0.37784496,49925,0.060486381237761316
0.8,0.8,0.6,0.3,0.3778522,49925,0.06308751534389237
0.1,0.7,0.2,0.8,0.37785813,49925,0.05188992788380887
0.5,0.4,0.3,0.4,0.37786222,49925,0.06013172995513394
0.6,0.7,0.4,0.8,0.377885,49925,0.05813435491080594
0.7,0.8,0.6,0.1,0.37789255,49925,0.06462856209783574
0.8,0.3,0.4,0.4,0.3779323,49925,0.06110456150878493
0.8,0.4,0.4,0.7,0.37796256,49925,0.058979014568353375
0.4,0.5,0.3,0.3,0.3779661,49925,0.06080203722639986
0.4,0.6,0.3,0.6,0.3779952,49925,0.05778887241103699
0.6,0.9,0.5,0.4,0.37799928,49925,0.06114051254215271
0.5,0.8,0.4,0.5,0.37800893,49925,0.05954873989920717
0.3,0.8,0.3,0.8,0.3780259,49925,0.05545417335823981
0.2,0.5,0.2,0.9,0.3780806,49925,0.052588104095188354
0.9,0.6,0.5,0.7,0.37811834,49925,0.059962628587572786
0.8,0.5,0.5,0.3,0.37812,49925,0.06297928574069625
0.9,0.9,0.7,0.2,0.37814897,49925,0.06411244751308061
0.9,0.2,0.5,0.1,0.37815675,49925,0.06449272848531708
0.3,0.8,0.3,0.9,0.3781584,49925,0.054905176015999306
0.6,0.5,0.4,0.3,0.37815848,49925,0.06219392462224293
0.6,0.3,0.3,0.5,0.37816143,49925,0.059187935013269084
0.5,0.6,0.4,0.2,0.3781652,49925,0.06278097732224709
0.5,0.9,0.4,0.8,0.37823716,49925,0.057437888142311294
0.4,0.9,0.4,0.3,0.3782395,49925,0.0601674694586127
0.5,0.9,0.4,0.9,0.3782475,49925,0.05694080633738096
0.9,0.4,0.6,0.1,0.37826186,49925,0.0655045254393978
0.8,0.4,0.5,0.2,0.3783044,49925,0.0640537331459354
0.8,0.3,0.5,0.1,0.3783083,49925,0.06511594129124358
0.9,0.8,0.6,0.5,0.37835437,49925,0.061786018286066856
0.7,0.9,0.5,0.7,0.3783691,49925,0.05949282897501595
0.9,0.5,0.5,0.5,0.37839192,49925,0.06131498752768081
0.7,0.8,0.5,0.5,0.3784071,49925,0.06087736636659218
0.8,0.8,0.5,0.9,0.3785478,49925,0.058714281989710536
0.8,0.9,0.6,0.4,0.37856975,49925,0.0621505598364089
0.7,0.2,0.4,0.1,0.37858936,49925,0.06448901691005246
0.1,0.8,0.2,0.6,0.37860066,49925,0.05267410042205003
0.6,0.7,0.4,0.7,0.37860718,49925,0.058700204658412386
0.6,0.1,0.3,0.1,0.37861803,49925,0.06317361558481525
0.7,0.5,0.4,0.5,0.37863606,49925,0.06038886922663667
0.3,0.8,0.3,0.4,0.37863618,49925,0.05793517369949384
0.4,0.6,0.3,0.5,0.3786541,49925,0.05854933484340429
0.7,0.6,0.5,0.2,0.37868202,49925,0.06369020776361867
0.1,0.2,0.1,0.7,0.37871504,49925,0.049026951392518094
0.3,0.8,0.3,0.5,0.3787402,49925,0.05727883619101307
0.1,0.8,0.2,0.1,0.3787848,49925,0.05535348344705296
0.5,0.1,0.2,0.3,0.37879437,49925,0.05867623727364106
0.7,0.5,0.5,0.1,0.37881115,49925,0.06499501924222807
0.5,0.3,0.3,0.2,0.37881774,49925,0.06263676024307417
0.8,0.4,0.4,0.6,0.3788471,49925,0.05962392835259564
0.4,0.2,0.2,0.3,0.3788471,49925,0.05962392835259564
0.4,0.8,0.4,0.1,0.37885964,49925,0.06224877809544638
0.2,0.1,0.1,0.7,0.37886313,49925,0.049403043187335044
0.5,0.2,0.3,0.1,0.37888637,49925,0.06429290116206318
0.9,0.8,0.7,0.1,0.3788961,49925,0.06511451623166811
0.8,0.8,0.5,0.8,0.37891048,49925,0.05920574524653262
0.8,0.6,0.5,0.4,0.37891302,49925,0.061978758185513724
0.7,0.6,0.4,0.9,0.37894067,49925,0.05772767715683402
0.6,0.7,0.5,0.1,0.3789779,49925,0.06424470462053655
0.5,0.7,0.4,0.3,0.37898767,49925,0.06139302318463192
0.4,0.1,0.2,0.1,0.3789922,49925,0.06275317360157984
0.8,0.2,0.4,0.2,0.3789922,49925,0.06275317360157984
0.5,0.5,0.3,0.8,0.3789984,49925,0.05676033157824459
0.5,0.5,0.3,0.9,0.37900254,49925,0.056079522543585586
0.9,0.1,0.3,0.9,0.37901932,49925,0.05469034901438551
0.9,0.3,0.5,0.2,0.37904045,49925,0.06368234172224889
0.6,0.8,0.5,0.2,0.37905446,49925,0.06291853771114869
0.7,0.6,0.4,0.8,0.3791102,49925,0.058287255452973225
0.9,0.3,0.4,0.6,0.37912005,49925,0.05928541687537234
0.2,0.5,0.2,0.2,0.37914053,49925,0.05897573349939054
0.9,0.7,0.5,0.9,0.37917808,49925,0.05880962519955559
0.9,0.9,0.6,0.6,0.37918213,49925,0.0609653955637467
0.3,0.3,0.2,0.2,0.37918213,49925,0.06096539556374671
0.6,0.6,0.4,0.4,0.37918213,49925,0.06096539556374671
0.8,0.1,0.4,0.1,0.3791893,49925,0.06340530804734724
0.5,0.9,0.4,0.7,0.37920025,49925,0.057951769918754815
0.7,0.3,0.4,0.2,0.37923667,49925,0.06335708342365731
0.7,0.9,0.5,0.6,0.3792437,49925,0.05998957501200358
0.1,0.7,0.2,0.9,0.37926346,49925,0.05126330063434247
0.9,0.1,0.4,0.2,0.37927502,49925,0.061717189761275916
0.7,0.1,0.3,0.2,0.37938872,49925,0.06110979548614261
0.6,0.7,0.4,0.6,0.3794054,49925,0.05929098549790578
0.5,0.5,0.3,0.7,0.37941003,49925,0.057459547641208815
0.4,0.6,0.3,0.4,0.37941688,49925,0.059333632807373686
0.7,0.2,0.3,0.4,0.3794288,49925,0.05955110835094849
0.9,0.6,0.6,0.2,0.37945244,49925,0.06419635939104404
0.8,0.2,0.3,0.9,0.37947434,49925,0.05546503271994604
0.9,0.1,0.3,0.8,0.3794916,49925,0.05531687924632549
0.9,0.6,0.5,0.6,0.3795179,49925,0.06051934244052878
0.7,0.7,0.5,0.3,0.3795517,49925,0.06249934393647127
0.8,0.8,0.5,0.7,0.37955472,49925,0.05969631058424033
0.9,0.7,0.6,0.3,0.37955698,49925,0.06321621966513866
0.4,0.4,0.3,0.1,0.379585,49925,0.06372458103964188
0.8,0.8,0.6,0.2,0.379585,49925,0.06372458103964188
0.3,0.7,0.3,0.2,0.37962103,49925,0.060141322634394964
0.1,0.8,0.2,0.7,0.37963647,49925,0.05208776281406783
0.5,0.5,0.3,0.6,0.37965697,49925,0.058181192921366566
0.6,0.2,0.3,0.2,0.3796805,49925,0.0622202264901577
0.7,0.4,0.4,0.3,0.37969345,49925,0.06221259770804727
0.4,0.9,0.4,0.2,0.3796989,49925,0.06078452867275103
0.8,0.1,0.3,0.4,0.37972286,49925,0.05854172170686652
0.8,0.7,0.5,0.5,0.3797267,49925,0.061042548459105714
0.7,0.9,0.6,0.1,0.379738,49925,0.06409186083253522
0.6,0.9,0.5,0.3,0.3797447,49925,0.06172202647816147
0.8,0.2,0.3,0.8,0.37977988,49925,0.05615100278843909
0.9,0.4,0.5,0.3,0.37978804,49925,0.06282846381378264
0.6,0.4,0.3,0.9,0.37987825,49925,0.056151142217204256
0.5,0.8,0.4,0.4,0.3799216,49925,0.06015188383970957
0.6,0.3,0.3,0.4,0.37992248,49925,0.06008610467610817
0.6,0.1,0.2,0.9,0.37998903,49925,0.05252822395441053
0.9,0.1,0.3,0.7,0.37999308,49925,0.05593509194162198
0.9,0.2,0.4,0.3,0.37999716,49925,0.061265954563421855
0.9,0.4,0.4,0.9,0.38003698,49925,0.05758001045706364
0.8,0.7,0.6,0.1,0.38003764,49925,0.06485107672545343
0.9,0.5,0.6,0.1,0.38005194,49925,0.06528368522314312
0.9,0.5,0.5,0.4,0.38010985,49925,0.06195470960265027
0.8,0.9,0.6,0.3,0.38011342,49925,0.06269013723865201
0.9,0.8,0.6,0.4,0.3801201,49925,0.062320654659066624
0.6,0.4,0.3,0.8,0.3801322,49925,0.05682395847469821
0.5,0.4,0.3,0.3,0.38016057,49925,0.061058687743192314
0.3,0.4,0.2,0.7,0.3801648,49925,0.054971083079542286
0.7,0.6,0.4,0.7,0.3801692,49925,0.05885961362038015
0.3,0.4,0.2,0.6,0.38017908,49925,0.05585664464123262
0.6,0.1,0.2,0.8,0.3801816,49925,0.05331962143222876
0.5,0.9,0.4,0.6,0.3802142,49925,0.05848957648052863
0.8,0.2,0.3,0.7,0.3802616,49925,0.05683585983975939
0.8,0.5,0.4,0.9,0.38026527,49925,0.057724192968605884
0.3,0.9,0.3,0.7,0.38033065,49925,0.05558823338165305
0.7,0.3,0.3,0.9,0.38035837,49925,0.055950757484848075
0.8,0.4,0.4,0.5,0.3803686,49925,0.060317877597051414
0.6,0.7,0.4,0.5,0.3804086,49925,0.05991256799012443
0.6,0.1,0.2,0.7,0.3804265,49925,0.05413008423614457
0.7,0.8,0.5,0.4,0.38042778,49925,0.06147550615807807
0.9,0.3,0.4,0.5,0.38042924,49925,0.0599469275934106
0.3,0.4,0.2,0.5,0.38042992,49925,0.05682553593334428
0.9,0.7,0.5,0.8,0.3804462,49925,0.05929308322758808
0.6,0.4,0.4,0.1,0.38044855,49925,0.06454358264544162
0.2,0.6,0.2,0.5,0.38045445,49925,0.05533579235268332
0.4,0.7,0.3,0.7,0.3804629,49925,0.056736568831717904
0.6,0.5,0.4,0.2,0.38047442,49925,0.06303593054924247
0.6,0.8,0.4,0.9,0.38049003,49925,0.057329242238239216
0.7,0.5,0.4,0.4,0.38050246,49925,0.0610900016379387
0.3,0.8,0.3,0.3,0.38051897,49925,0.05858433773964328
0.8,0.3,0.4,0.3,0.3805366,49925,0.06192977067065598
0.2,0.1,0.1,0.8,0.38055363,49925,0.0481762625020567
0.8,0.2,0.3,0.6,0.38056305,49925,0.05755182887671185
0.8,0.8,0.5,0.6,0.38057345,49925,0.06021414241915159
0.8,0.5,0.5,0.2,0.38061368,49925,0.06373076625789906
0.3,0.4,0.2,0.8,0.38061947,49925,0.05408697509821362
0.8,0.5,0.4,0.8,0.38068956,49925,0.05830086485090995
0.3,0.9,0.3,0.8,0.38069504,49925,0.05507778387069062
0.4,0.7,0.3,0.8,0.38069627,49925,0.05609770723871403
0.9,0.6,0.5,0.5,0.3806966,49925,0.06107803963364222
0.7,0.6,0.4,0.6,0.38077566,49925,0.05947435327419245
0.3,0.4,0.2,0.9,0.38077912,49925,0.053274639264805586
0.6,0.4,0.3,0.7,0.38083115,49925,0.057512032644399975
0.8,0.9,0.5,0.9,0.38083637,49925,0.05850163866154414
0.1,0.9,0.2,0.2,0.3808568,49925,0.05386992537898886
0.1,0.9,0.2,0.3,0.3808721,49925,0.05348697348322099
0.1,0.9,0.2,0.5,0.3808826,49925,0.052580436407981816
0.9,0.9,0.7,0.1,0.3808948,49925,0.06468365572157687
0.1,0.3,0.1,0.2,0.38090327,49925,0.05613287743740505
0.2,0.6,0.2,0.4,0.38090327,49925,0.05613287743740505
0.3,0.9,0.3,0.6,0.38090327,49925,0.05613287743740505
0.9,0.4,0.4,0.8,0.38090557,49925,0.05816051176644301
0.5,0.5,0.3,0.5,0.38092598,49925,0.0589494136860836
0.9,0.1,0.3,0.6,0.38093418,49925,0.05660175360973748
0.7,0.7,0.5,0.2,0.3809491,49925,0.06320106996774165
0.9,0.7,0.5,0.7,0.38095725,49925,0.05978603689868874
0.7,0.3,0.3,0.7,0.3809584,49925,0.05735900262077518
0.1,0.9,0.2,0.4,0.3809876,49925,0.05301242435737637
0.5,0.1,0.2,0.2,0.3810007,49925,0.059996762741123824
0.5,0.9,0.4,0.5,0.3810063,49925,0.059036024660684056
0.5,0.6,0.4,0.1,0.38101056,49925,0.0636843202402696
0.8,0.6,0.5,0.3,0.3810196,49925,0.06263613015354787
0.7,0.3,0.3,0.8,0.38103735,49925,0.05664302007528741
0.9,0.9,0.6,0.5,0.38108823,49925,0.06146793177527107
0.9,0.8,0.6,0.3,0.38109264,49925,0.06285902356172512
0.1,0.2,0.1,0.8,0.38111785,49925,0.04782828327398382
0.5,0.2,0.2,0.9,0.38113734,49925,0.05328487768339424
0.1,0.3,0.1,0.3,0.38118243,49925,0.054557469610105144
0.3,0.9,0.3,0.9,0.38118243,49925,0.054557469610105144
0.2,0.6,0.2,0.6,0.38118243,49925,0.054557469610105144
0.4,0.7,0.3,0.6,0.38118747,49925,0.05734877253477799
0.7,0.6,0.5,0.1,0.38121134,49925,0.06446861830624412
0.6,0.4,0.3,0.6,0.38121182,49925,0.05826737260221892
0.7,0.9,0.5,0.5,0.38121277,49925,0.060518491484894965
0.6,0.8,0.4,0.8,0.38122544,49925,0.057828018978149556
0.3,0.4,0.2,0.4,0.38122544,49925,0.057828018978149556
0.9,0.7,0.6,0.2,0.38123286,49925,0.06383037845764081
0.3,0.9,0.3,0.5,0.38123736,49925,0.0566830397312316
0.5,0.2,0.2,0.8,0.38126597,49925,0.05410725575495727
0.4,0.9,0.4,0.1,0.38131493,49925,0.06143964640049825
0.4,0.7,0.3,0.9,0.3813179,49925,0.055496541706562354
0.1,0.8,0.2,0.8,0.38131893,49925,0.05152537262724974
0.8,0.5,0.4,0.7,0.38135976,49925,0.05887146099853551
0.4,0.5,0.3,0.2,0.38136637,49925,0.06178909361761811
0.8,0.4,0.5,0.1,0.38145414,49925,0.06491517346614964
0.6,0.8,0.5,0.1,0.38145944,49925,0.06360624035053558
0.2,0.6,0.2,0.3,0.38148093,49925,0.05698099858896704
0.6,0.1,0.2,0.6,0.38152185,49925,0.05500459274389021
0.5,0.7,0.4,0.2,0.38153937,49925,0.062126567350927524
0.6,0.9,0.5,0.2,0.381545,49925,0.0623373722667681
0.8,0.9,0.6,0.2,0.38155898,49925,0.06326392818905817
0.8,0.9,0.5,0.8,0.3815766,49925,0.058948308676913995
0.2,0.6,0.2,0.7,0.3815816,49925,0.053805917289792546
0.7,0.7,0.4,0.9,0.38159296,49925,0.05756388983849801
0.4,0.3,0.2,0.6,0.38162464,49925,0.056141568169185946
0.9,0.4,0.4,0.7,0.38164505,49925,0.05874406928472349
0.2,0.1,0.1,0.9,0.38166684,49925,0.04704223406980696
0.8,0.5,0.4,0.6,0.38168532,49925,0.05948548867084774
0.8,0.1,0.3,0.3,0.38168958,49925,0.05939762053558656
0.4,0.3,0.2,0.8,0.3817347,49925,0.0543625348908173
0.6,0.1,0.2,0.5,0.3817579,49925,0.05591984021156726
0.6,0.6,0.4,0.3,0.3817624,49925,0.06171963636400248
0.4,0.3,0.2,0.7,0.3817625,49925,0.055227482777778204
0.9,0.7,0.5,0.6,0.38177767,49925,0.06028869834528344
0.9,0.1,0.3,0.5,0.38177782,49925,0.05729868361406455
0.9,0.4,0.5,0.2,0.3817989,49925,0.06357803965396712
0.2,0.1,0.1,0.1,0.38183093,49925,0.061027072736579285
0.4,0.2,0.2,0.2,0.38183093,49925,0.061027072736579285
0.8,0.4,0.4,0.4,0.38183093,49925,0.061027072736579285
0.6,0.3,0.3,0.3,0.38183093,49925,0.06102707273657928
0.7,0.2,0.3,0.3,0.38183457,49925,0.060458049759345656
0.3,0.7,0.3,0.1,0.3818442,49925,0.06096157591072994
0.7,0.6,0.4,0.5,0.38191167,49925,0.06008034146241187
0.4,0.7,0.3,0.5,0.38191977,49925,0.05800641119940948
0.9,0.3,0.4,0.4,0.38195506,49925,0.06064973165259404
0.6,0.8,0.4,0.7,0.38199335,49925,0.05836253290066546
0.7,0.7,0.4,0.8,0.3820136,49925,0.058077464365310555
0.2,0.6,0.2,0.8,0.38201767,49925,0.05306696268710618
0.1,0.3,0.1,0.4,0.38201767,49925,0.05306696268710618
0.8,0.7,0.5,0.4,0.38203144,49925,0.0616281878909448
0.5,0.8,0.4,0.3,0.38204944,49925,0.060779126977757884
0.4,0.6,0.3,0.3,0.38205075,49925,0.06014317425626959
0.4,0.3,0.2,0.9,0.382059,49925,0.05354341062467722
0.1,0.9,0.2,0.6,0.38205963,49925,0.05210187443363372
0.5,0.2,0.2,0.7,0.38206518,49925,0.05497017219837596
0.9,0.5,0.5,0.3,0.3820944,49925,0.06260686145203335
0.9,0.6,0.6,0.1,0.38211408,49925,0.06488513692538776
0.2,0.5,0.2,0.1,0.38212228,49925,0.06006631877101609
0.7,0.3,0.3,0.6,0.38217825,49925,0.05809534492938902
0.7,0.4,0.4,0.2,0.38222218,49925,0.06305044462162883
0.9,0.8,0.5,0.9,0.3822319,49925,0.0586222511787749
0.5,0.2,0.2,0.6,0.38233998,49925,0.05591388136752139
0.5,0.6,0.3,0.8,0.38235793,49925,0.056533731179586516
0.3,0.9,0.3,0.4,0.38236082,49925,0.0572570675067914
0.8,0.8,0.5,0.5,0.38239536,49925,0.060740725661312125
0.4,0.3,0.2,0.5,0.3823998,49925,0.05711845388002924
0.8,0.8,0.6,0.1,0.38240868,49925,0.06436317181588046
0.3,0.8,0.3,0.2,0.3825064,49925,0.059249533657739724
0.6,0.8,0.4,0.6,0.38252163,49925,0.05892217606623138
0.3,0.4,0.2,0.3,0.38252163,49925,0.05892217606623138
0.9,0.3,0.5,0.1,0.38253352,49925,0.064548784071229
0.8,0.9,0.5,0.7,0.38253644,49925,0.0594084833848703
0.1,0.9,0.2,0.1,0.38254485,49925,0.054189711379850784
0.8,0.2,0.3,0.5,0.38256738,49925,0.058278715690168736
0.7,0.9,0.5,0.4,0.3825742,49925,0.06104667315387779
0.5,0.5,0.3,0.4,0.38260263,49925,0.05973640325607438
0.7,0.8,0.5,0.3,0.38263687,49925,0.06204753620608202
0.5,0.2,0.2,0.5,0.38265353,49925,0.056903746862373
0.8,0.6,0.4,0.9,0.3826592,49925,0.05763358107803829
0.6,0.4,0.3,0.5,0.38271326,49925,0.05901668439001148
0.9,0.9,0.6,0.4,0.38275698,49925,0.06197611272714641
0.7,0.3,0.4,0.1,0.38276803,49925,0.06434118525956438
0.1,0.8,0.2,0.9,0.38279304,49925,0.05098981322602215
0.6,0.7,0.4,0.4,0.38284597,49925,0.0605545989119665
0.9,0.4,0.4,0.6,0.38286215,49925,0.05932939640763169
0.6,0.9,0.4,0.9,0.38288385,49925,0.057052940709727024
0.9,0.2,0.3,0.9,0.38289437,49925,0.05528174959604945
0.5,0.6,0.3,0.7,0.38294086,49925,0.05718922173628109
0.6,0.1,0.2,0.4,0.38297167,49925,0.05692454988699249
0.2,0.6,0.2,0.9,0.3829915,49925,0.05237396234837759
0.9,0.6,0.5,0.4,0.38299423,49925,0.06168969198697436
0.5,0.6,0.3,0.9,0.38300234,49925,0.05592559738810975
0.5,0.3,0.3,0.1,0.38303977,49925,0.06383418787779165
0.7,0.5,0.4,0.3,0.3831526,49925,0.06182776720864519
0.5,0.9,0.4,0.4,0.38317654,49925,0.05962091833376571
0.7,0.7,0.4,0.7,0.38317972,49925,0.05860910215891144
0.1,0.2,0.1,0.9,0.38318223,49925,0.04672803333094539
0.8,0.6,0.4,0.8,0.3831867,49925,0.058149660634796346
0.4,0.3,0.2,0.4,0.3831867,49925,0.058149660634796346
0.8,0.5,0.4,0.5,0.38325274,49925,0.060133533463895404
0.9,0.8,0.6,0.2,0.383262,49925,0.06343337489739266
0.9,0.8,0.5,0.8,0.3832695,49925,0.05909321895492883
0.1,0.9,0.2,0.7,0.38328546,49925,0.05162037944963728
0.9,0.1,0.4,0.1,0.38329443,49925,0.06261984741878122
0.9,0.2,0.4,0.2,0.38330022,49925,0.06207122765227743
0.7,0.3,0.3,0.5,0.38331226,49925,0.05884113846424105
0.8,0.6,0.5,0.2,0.38338572,49925,0.06332185182174371
0.8,0.2,0.4,0.1,0.38339207,49925,0.06371517752930518
0.6,0.9,0.4,0.8,0.38340324,49925,0.057516633895715125
0.4,0.8,0.3,0.7,0.38340506,49925,0.05630520755910928
0.5,0.4,0.3,0.2,0.38343248,49925,0.06206636527491621
0.8,0.5,0.5,0.1,0.3834499,49925,0.0644978770820326
0.4,0.8,0.3,0.8,0.38348082,49925,0.05573908976508215
0.9,0.2,0.3,0.8,0.3835531,49925,0.055876171017207966
0.6,0.4,0.3,0.4,0.3835802,49925,0.059834858329646856
0.6,0.5,0.4,0.1,0.38358134,49925,0.0639538681787616
0.4,0.8,0.3,0.6,0.38364118,49925,0.05688619684900744
0.8,0.9,0.5,0.6,0.38364613,49925,0.059887417150519706
0.4,0.7,0.3,0.4,0.38365895,49925,0.05870593887154599
0.9,0.7,0.5,0.5,0.38367993,49925,0.06083609269156278
0.3,0.9,0.3,0.3,0.3836834,49925,0.05783696849749249
0.1,0.3,0.1,0.1,0.3836834,49925,0.057836968497492494
0.2,0.6,0.2,0.2,0.3836834,49925,0.057836968497492494
0.6,0.5,0.3,0.9,0.38373935,49925,0.05610952728690187
0.4,0.5,0.3,0.1,0.38376346,49925,0.06279806248335693
0.9,0.1,0.3,0.4,0.38377115,49925,0.05799051729458122
0.6,0.9,0.5,0.1,0.38382474,49925,0.06296653056634867
0.9,0.8,0.5,0.7,0.38383994,49925,0.05956163222395663
0.8,0.3,0.4,0.2,0.38388392,49925,0.06278025328678673
0.4,0.8,0.3,0.9,0.3839212,49925,0.05519343645519884
0.6,0.8,0.4,0.5,0.38395548,49925,0.059498010045571405
0.2,0.7,0.2,0.5,0.38396364,49925,0.0546624601847162
0.9,0.5,0.4,0.9,0.38397762,49925,0.05762178406968501
0.5,0.6,0.3,0.6,0.38399228,49925,0.05783067174072644
0.5,0.7,0.4,0.1,0.38400003,49925,0.06291991660015717
0.7,0.8,0.5,0.2,0.38401276,49925,0.06268250335936336
0.8,0.2,0.3,0.4,0.38401365,49925,0.05902318202668226
0.6,0.5,0.3,0.8,0.3840367,49925,0.056712351520193396
0.9,0.4,0.4,0.5,0.38404107,49925,0.059964589949321495
0.8,0.7,0.5,0.3,0.38405362,49925,0.06224586308166198
0.8,0.3,0.3,0.8,0.38407934,49925,0.05645137605474346
0.9,0.7,0.6,0.1,0.38408276,49925,0.06447961638318443
0.8,0.3,0.3,0.9,0.38413528,49925,0.05584003835011328
0.7,0.6,0.4,0.4,0.38415304,49925,0.06074641480656719
0.6,0.9,0.4,0.7,0.38415334,49925,0.05801754227852171
0.9,0.9,0.6,0.3,0.38421634,49925,0.06247264608101007
0.6,0.6,0.4,0.2,0.38421634,49925,0.062472646081010066
0.3,0.3,0.2,0.1,0.38421634,49925,0.062472646081010066
0.5,0.2,0.2,0.4,0.3842253,49925,0.057945890910508814
0.7,0.1,0.3,0.1,0.38423228,49925,0.062217447586378975
0.8,0.4,0.4,0.3,0.38431433,49925,0.06175714684892445
0.7,0.7,0.5,0.1,0.3843376,49925,0.06390710291848233
0.2,0.7,0.2,0.4,0.38434476,49925,0.05534121418428633
0.7,0.8,0.4,0.9,0.38434815,49925,0.05731575319864087
0.9,0.9,0.5,0.9,0.3843498,49925,0.0584338302555448
0.8,0.8,0.5,0.4,0.38435447,49925,0.06127260250901544
0.8,0.6,0.4,0.7,0.38437137,49925,0.05869265552195116
0.9,0.5,0.4,0.8,0.3843889,49925,0.05812717243265695
0.9,0.3,0.4,0.3,0.38441575,49925,0.06138803378364727
0.7,0.9,0.5,0.3,0.38445538,49925,0.061589471946454914
0.9,0.2,0.3,0.7,0.3844629,49925,0.05650817116145991
0.7,0.1,0.2,0.9,0.38446558,49925,0.052475142672267466
0.8,0.1,0.3,0.2,0.38448063,49925,0.060322741714955844
0.1,0.3,0.1,0.5,0.38449195,49925,0.05174551667427379
0.7,0.7,0.4,0.6,0.3845223,49925,0.05915289255561852
0.3,0.5,0.2,0.5,0.38453996,49925,0.05630529309398506
0.1,0.9,0.2,0.8,0.38456288,49925,0.05113676188402499
0.7,0.4,0.3,0.9,0.38460684,49925,0.056092369735064575
0.5,0.8,0.4,0.2,0.38460743,49925,0.06145830589762716
0.6,0.5,0.3,0.7,0.38462257,49925,0.05736792114973072
0.2,0.7,0.2,0.6,0.3846815,49925,0.054008013548596204
0.7,0.3,0.3,0.4,0.38469502,49925,0.0596367068086311
0.6,0.1,0.2,0.3,0.3847171,49925,0.05790141843462415
0.6,0.2,0.3,0.1,0.38475555,49925,0.06339032080558016
0.9,0.5,0.4,0.7,0.38476714,49925,0.05866146801371285
0.4,0.6,0.3,0.2,0.38477215,49925,0.06097025143234339
0.4,0.8,0.3,0.5,0.38478434,49925,0.0574954207628813
0.5,0.5,0.3,0.3,0.38482782,49925,0.06055862732192489
0.3,0.5,0.2,0.6,0.38484085,49925,0.05545895381507645
0.9,0.8,0.5,0.6,0.3848517,49925,0.060030254753380814
0.3,0.8,0.3,0.1,0.38492242,49925,0.059952123753410747
0.8,0.5,0.4,0.4,0.3849233,49925,0.06078193177323359
0.5,0.6,0.3,0.5,0.38492835,49925,0.05851833601189087
0.6,0.7,0.4,0.3,0.3850244,49925,0.061212447779059334
0.3,0.5,0.2,0.4,0.38502735,49925,0.057176711443414775
0.9,0.5,0.5,0.2,0.38511306,49925,0.06330795880647803
0.8,0.9,0.6,0.1,0.38511473,49925,0.06385792820100114
0.7,0.8,0.4,0.8,0.38511556,49925,0.05780882843792926
0.9,0.2,0.3,0.6,0.38516706,49925,0.057147034989499454
0.6,0.9,0.4,0.6,0.38518536,49925,0.058537481001179316
0.5,0.9,0.4,0.3,0.38520062,49925,0.06018983933301523
0.6,0.5,0.3,0.6,0.38522375,49925,0.05803009003194497
0.6,0.3,0.3,0.2,0.38523632,49925,0.062018613403317296
0.8,0.3,0.3,0.7,0.38534006,49925,0.05710989970446518
0.7,0.4,0.3,0.8,0.3853868,49925,0.056733977265069555
0.9,0.9,0.5,0.8,0.3853978,49925,0.05883713216171777
0.8,0.9,0.5,0.5,0.38548604,49925,0.06036777772415917
0.7,0.2,0.3,0.2,0.38550395,49925,0.06143062273383072
0.9,0.5,0.4,0.6,0.38556528,49925,0.059237161822872385
0.9,0.7,0.5,0.4,0.3855687,49925,0.061375678142470615
0.4,0.3,0.2,0.3,0.38558134,49925,0.05927686913678454
0.8,0.6,0.4,0.6,0.38558134,49925,0.05927686913678454
0.3,0.9,0.3,0.2,0.38558832,49925,0.05841514580045417
0.9,0.6,0.5,0.3,0.3856075,49925,0.06231354610321472
0.3,0.5,0.2,0.8,0.38561246,49925,0.05392512862079925
0.7,0.1,0.2,0.8,0.38562328,49925,0.05318729786862231
0.2,0.7,0.2,0.3,0.3856294,49925,0.056054818202300426
0.9,0.9,0.6,0.2,0.38565725,49925,0.0630088566246689
0.2,0.7,0.2,0.7,0.38566518,49925,0.0533634552226328
0.3,0.4,0.2,0.2,0.38567364,49925,0.060082607727280996
0.6,0.8,0.4,0.4,0.38567364,49925,0.060082607727280996
0.7,0.4,0.3,0.7,0.3856993,49925,0.057371747298307706
0.9,0.4,0.5,0.1,0.3857043,49925,0.06435204043877579
0.7,0.7,0.4,0.5,0.38570637,49925,0.059739058548950445
0.3,0.5,0.2,0.7,0.38570783,49925,0.05465784698030239
0.8,0.7,0.5,0.2,0.38572264,49925,0.06287956014683796
0.7,0.1,0.2,0.7,0.38576412,49925,0.05391452861437007
0.7,0.4,0.4,0.1,0.38576958,49925,0.06396207147125406
0.9,0.4,0.4,0.4,0.38580555,49925,0.060621948300624125
0.9,0.1,0.3,0.3,0.38582748,49925,0.058711933153597094
0.7,0.8,0.4,0.7,0.38588604,49925,0.05833054966333955
0.1,0.3,0.1,0.6,0.3858985,49925,0.050513190574145335
0.1,0.9,0.2,0.9,0.38592514,49925,0.050676222057544774
0.5,0.2,0.2,0.3,0.38596064,49925,0.059027246093509456
0.4,0.7,0.3,0.3,0.38596413,49925,0.05943205818987716
0.3,0.5,0.2,0.9,0.3859824,49925,0.053175871013848686
0.7,0.5,0.4,0.2,0.38598502,49925,0.06263334374888527
0.6,0.4,0.3,0.3,0.38599893,49925,0.06067562644220097
0.5,0.7,0.3,0.9,0.386087,49925,0.05567231821292176
0.8,0.7,0.4,0.9,0.3860921,49925,0.057470552161873106
0.8,0.6,0.5,0.1,0.38613525,49925,0.0640259757296018
0.8,0.3,0.3,0.6,0.38613713,49925,0.05778419763743613
0.8,0.7,0.4,0.8,0.38615516,49925,0.0579590876124149
0.5,0.7,0.3,0.8,0.38624287,49925,0.05626009783520719
0.2,0.7,0.2,0.8,0.38624614,49925,0.052726976838882736
0.4,0.9,0.3,0.8,0.38630185,49925,0.055373254825763774
0.6,0.5,0.3,0.5,0.38631737,49925,0.058718780565971074
0.9,0.2,0.3,0.5,0.3863283,49925,0.05779311750071833
0.9,0.8,0.6,0.1,0.38633838,49925,0.06402537649911354
0.9,0.6,0.4,0.9,0.38637498,49925,0.05750158247432441
0.3,0.1,0.1,0.5,0.38650945,49925,0.05263032563073623
0.5,0.7,0.3,0.7,0.38651776,49925,0.05682528593494996
0.7,0.6,0.4,0.3,0.38654512,49925,0.06141449834866904
0.8,0.2,0.3,0.3,0.38654575,49925,0.05982142002373049
0.9,0.8,0.5,0.5,0.38657552,49925,0.060533432375102836
0.4,0.9,0.3,0.9,0.38658553,49925,0.054875845628561626
0.7,0.1,0.2,0.6,0.38660315,49925,0.05467906428644141
0.2,0.6,0.2,0.1,0.38660693,49925,0.05868439673532113
0.7,0.4,0.3,0.6,0.38662973,49925,0.058030718409024185
0.6,0.9,0.4,0.5,0.38664734,49925,0.059045747217362526
0.9,0.9,0.5,0.7,0.38664895,49925,0.059272108637814784
0.4,0.9,0.3,0.7,0.38668522,49925,0.055893221545294296
0.9,0.2,0.4,0.1,0.38669536,49925,0.06294893912486053
0.7,0.8,0.5,0.1,0.38671285,49925,0.06334468182737411
0.5,0.6,0.3,0.4,0.38677454,49925,0.05921815232559272
0.8,0.8,0.5,0.3,0.38681978,49925,0.06184559936531708
0.8,0.6,0.4,0.5,0.38684195,49925,0.059847128787296235
0.6,0.2,0.2,0.9,0.38692394,49925,0.05333143647973803
0.8,0.9,0.5,0.4,0.38693008,49925,0.060876098240666844
0.8,0.3,0.3,0.5,0.38696614,49925,0.05845339668499055
0.7,0.8,0.4,0.6,0.38699225,49925,0.05882219894862522
0.7,0.9,0.5,0.2,0.3870142,49925,0.06214330784837344
0.6,0.6,0.4,0.1,0.38702664,49925,0.06329218851468563
0.4,0.9,0.3,0.6,0.38703796,49925,0.05640656112879369
0.9,0.5,0.4,0.5,0.38709536,49925,0.059829100973937815
0.3,0.1,0.1,0.4,0.38714263,49925,0.054068450665997025
0.6,0.2,0.2,0.8,0.38714263,49925,0.054068450665997025
0.6,0.2,0.2,0.7,0.38714445,49925,0.054825846560326345
0.9,0.6,0.4,0.8,0.38715407,49925,0.0580061695921454
0.4,0.8,0.3,0.4,0.3871639,49925,0.05809496707001753
0.5,0.9,0.4,0.2,0.38716593,49925,0.06077877207292439
0.2,0.7,0.2,0.9,0.38719136,49925,0.05211909846946347
0.7,0.3,0.3,0.3,0.38720393,49925,0.06049491900553548
0.5,0.7,0.3,0.6,0.38722914,49925,0.05743569794969035
0.3,0.1,0.1,0.6,0.38724706,49925,0.0513149299322759
0.5,0.8,0.4,0.1,0.3872473,49925,0.06215498033624935
0.7,0.4,0.3,0.5,0.38726753,49925,0.05873314112166664
0.5,0.1,0.2,0.1,0.38726848,49925,0.06140082180781158
0.4,0.4,0.2,0.6,0.38727808,49925,0.05596909788942831
0.2,0.2,0.1,0.3,0.38727808,49925,0.05596909788942831
0.6,0.6,0.3,0.9,0.38727808,49925,0.05596909788942831
0.8,0.7,0.4,0.7,0.38732502,49925,0.058471527172195926
0.7,0.9,0.4,0.9,0.38736135,49925,0.05706050638337549
0.5,0.4,0.3,0.1,0.3873959,49925,0.06313343233549037
0.4,0.4,0.2,0.7,0.38742968,49925,0.05514982275781916
0.9,0.6,0.5,0.2,0.38743877,49925,0.06293485335624212
0.7,0.1,0.2,0.5,0.38744906,49925,0.055459419393256056
0.6,0.8,0.4,0.3,0.3875012,49925,0.060647650490919816
0.8,0.3,0.4,0.1,0.38752556,49925,0.06366792844835945
0.6,0.7,0.4,0.2,0.38757056,49925,0.06188659495708394
0.8,0.4,0.4,0.2,0.3875871,49925,0.0625468324876948
0.4,0.2,0.2,0.1,0.3875871,49925,0.0625468324876948
0.7,0.7,0.4,0.4,0.38762525,49925,0.06033122008450953
0.9,0.9,0.5,0.6,0.38765758,49925,0.059726513102814856
0.9,0.7,0.5,0.3,0.38771605,49925,0.06193410953506653
0.3,0.1,0.1,0.3,0.38772765,49925,0.05563055440642599
0.6,0.2,0.2,0.6,0.38772765,49925,0.05563055440642599
0.9,0.3,0.3,0.9,0.38772765,49925,0.05563055440642599
0.2,0.2,0.1,0.4,0.38773486,49925,0.05436294258610206
0.4,0.4,0.2,0.8,0.38773486,49925,0.05436294258610206
0.8,0.5,0.4,0.3,0.3877466,49925,0.06147041607811092
0.6,0.6,0.3,0.8,0.3877528,49925,0.05653163253122777
0.3,0.1,0.1,0.7,0.3877698,49925,0.050113153631596616
0.4,0.9,0.3,0.5,0.38779774,49925,0.05694135439966486
0.3,0.5,0.2,0.3,0.38785663,49925,0.05810893604727628
0.2,0.7,0.2,0.2,0.38786948,49925,0.05675371636893526
0.4,0.4,0.2,0.5,0.38789433,49925,0.05682237828052587
0.7,0.9,0.4,0.8,0.3879153,49925,0.05752075043488742
0.9,0.2,0.3,0.4,0.3879212,49925,0.0584739598961737
0.9,0.5,0.5,0.1,0.38793197,49925,0.06402395186013624
0.6,0.1,0.2,0.2,0.38809794,49925,0.058983690165184705
0.9,0.9,0.6,0.1,0.38813683,49925,0.0635708440496282
0.4,0.4,0.2,0.9,0.38814786,49925,0.05362367524313654
0.9,0.6,0.4,0.7,0.38818353,49925,0.058517591490497615
0.5,0.3,0.2,0.7,0.38819942,49925,0.05520266837822467
0.3,0.9,0.3,0.1,0.38825664,49925,0.05899738501823217
0.9,0.3,0.4,0.2,0.38826483,49925,0.06217189557184263
0.3,0.1,0.1,0.8,0.3883194,49925,0.049028646024232764
0.9,0.3,0.3,0.8,0.38833112,49925,0.05619783932571558
0.2,0.8,0.2,0.6,0.3883355,49925,0.05343883201658294
0.1,0.4,0.1,0.3,0.3883355,49925,0.05343883201658294
0.5,0.5,0.3,0.2,0.38833585,49925,0.061422988667997606
0.5,0.3,0.2,0.8,0.38836905,49925,0.05443278696558875
0.2,0.8,0.2,0.5,0.38836938,49925,0.05400242211487575
0.6,0.6,0.3,0.7,0.38837165,49925,0.05709793880571704
0.7,0.5,0.3,0.9,0.38838178,49925,0.05605886449546842
0.5,0.3,0.2,0.9,0.388441,49925,0.05367642876806422
0.9,0.8,0.5,0.4,0.38844645,49925,0.06104634801782705
0.6,0.9,0.4,0.4,0.38845152,49925,0.05956581461796059
0.6,0.5,0.3,0.4,0.38845152,49925,0.05945057460503423
0.2,0.2,0.1,0.5,0.38845256,49925,0.052905335978454426
0.8,0.7,0.5,0.1,0.38853863,49925,0.06355101046398956
0.8,0.8,0.4,0.9,0.38854614,49925,0.05726594337058368
0.9,0.4,0.4,0.3,0.388624,49925,0.06130831640551893
0.8,0.7,0.4,0.6,0.38862532,49925,0.05899041078117447
0.5,0.7,0.3,0.5,0.38863212,49925,0.05806663717390011
0.1,0.3,0.1,0.7,0.38867125,49925,0.04940189564293183
0.5,0.3,0.2,0.6,0.388677,49925,0.0560464939172137
0.2,0.8,0.2,0.4,0.38868147,49925,0.05459093008167221
0.1,0.4,0.1,0.2,0.38868147,49925,0.05459093008167221
0.4,0.6,0.3,0.1,0.3887256,49925,0.06185719799016473
0.7,0.9,0.4,0.7,0.38876858,49925,0.05798782356041535
0.9,0.3,0.3,0.7,0.38878947,49925,0.05679957939623611
0.9,0.1,0.3,0.2,0.3888023,49925,0.05949767323536344
0.6,0.2,0.2,0.5,0.38884497,49925,0.056492575221411295
0.8,0.6,0.4,0.4,0.38888726,49925,0.06044771718551063
0.4,0.3,0.2,0.2,0.38888726,49925,0.06044771718551063
0.7,0.1,0.2,0.4,0.38896945,49925,0.056290248501945285
0.8,0.4,0.3,0.9,0.38905254,49925,0.05598116632600356
0.7,0.5,0.4,0.1,0.3891039,49925,0.0634082862774181
0.7,0.5,0.3,0.8,0.38910547,49925,0.056632200673091763
0.8,0.8,0.5,0.2,0.3891062,49925,0.062417244182897284
0.8,0.1,0.3,0.1,0.3891172,49925,0.06123162353231941
0.5,0.8,0.3,0.8,0.389136,49925,0.05591041158704346
0.7,0.8,0.4,0.5,0.38913843,49925,0.059359627188959284
0.3,0.6,0.2,0.5,0.38915277,49925,0.055722754548491266
0.5,0.8,0.3,0.9,0.38915676,49925,0.05540587700046396
0.6,0.3,0.3,0.1,0.3892421,49925,0.06307158931312255
0.2,0.8,0.2,0.3,0.3892422,49925,0.055144377912681786
0.9,0.9,0.5,0.5,0.38926804,49925,0.060188433016705824
0.9,0.5,0.4,0.4,0.38927156,49925,0.06044139657685236
0.2,0.8,0.2,0.7,0.38927904,49925,0.0528917215133152
0.4,0.7,0.3,0.2,0.3893067,49925,0.06015354063915832
0.8,0.3,0.3,0.4,0.38933587,49925,0.05915786697075463
0.4,0.8,0.3,0.3,0.3893701,49925,0.05871319108644023
0.3,0.6,0.2,0.6,0.38943544,49925,0.05497580738624566
0.7,0.4,0.3,0.4,0.38944823,49925,0.05946981210908009
0.5,0.3,0.2,0.5,0.38945103,49925,0.05692966954874097
0.8,0.9,0.5,0.3,0.3894761,49925,0.061373947921523536
0.8,0.4,0.3,0.8,0.38948113,49925,0.05657041582768316
0.7,0.5,0.3,0.7,0.38955873,49925,0.057215062704148605
0.5,0.6,0.3,0.3,0.38956046,49925,0.059956147079124944
0.7,0.7,0.4,0.3,0.38957286,49925,0.06093567284523416
0.7,0.9,0.4,0.6,0.3896362,49925,0.05848060294829535
0.5,0.8,0.3,0.7,0.38964617,49925,0.05643980453086629
0.5,0.2,0.2,0.2,0.3896563,49925,0.06022458018297028
0.3,0.6,0.2,0.7,0.38966125,49925,0.05427028487880675
0.7,0.9,0.5,0.1,0.38966256,49925,0.06273039863651705
0.9,0.6,0.4,0.6,0.3896768,49925,0.05905350362164885
0.7,0.6,0.4,0.2,0.38968974,49925,0.062119917595739774
0.2,0.2,0.1,0.6,0.38970542,49925,0.05158895014310203
0.9,0.7,0.4,0.9,0.3897387,49925,0.057348539569771324
0.8,0.8,0.4,0.8,0.38978025,49925,0.05771629975120988
0.4,0.4,0.2,0.4,0.38978025,49925,0.05771629975120988
0.6,0.6,0.3,0.6,0.38978025,49925,0.057716299751209864
0.2,0.2,0.1,0.2,0.38978025,49925,0.05771629975120988
0.9,0.6,0.5,0.1,0.38983032,49925,0.06360206002793561
0.8,0.1,0.2,0.9,0.3898427,49925,0.05236839937811838
0.4,0.9,0.3,0.4,0.38988662,49925,0.057457909945215414
0.5,0.9,0.4,0.1,0.38989046,49925,0.06139187030849268
0.3,0.1,0.1,0.9,0.38996193,49925,0.04804640747314669
0.5,0.7,0.3,0.4,0.39005944,49925,0.05869007138508243
0.8,0.1,0.2,0.8,0.39014187,49925,0.052989941383509535
0.9,0.3,0.3,0.6,0.39014426,49925,0.0573999735963464
0.3,0.1,0.1,0.2,0.39014426,49925,0.0573999735963464
0.6,0.2,0.2,0.4,0.39014426,49925,0.0573999735963464
0.3,0.6,0.2,0.4,0.39016688,49925,0.05647983140776275
0.6,0.4,0.3,0.2,0.39017397,49925,0.06156932050474547
0.9,0.7,0.5,0.2,0.3902315,49925,0.06256032887713915
0.8,0.4,0.3,0.7,0.3902611,49925,0.05715854739227984
0.3,0.6,0.2,0.9,0.39027828,49925,0.05295975874149171
0.3,0.6,0.2,0.8,0.3902824,49925,0.053605777861175576
0.7,0.2,0.3,0.1,0.39030936,49925,0.06246310759702501
0.8,0.5,0.4,0.2,0.39037916,49925,0.062159746027454214
0.8,0.2,0.3,0.2,0.39041147,49925,0.06063154462616245
0.6,0.8,0.4,0.2,0.3904386,49925,0.06124683219763409
0.3,0.4,0.2,0.1,0.3904386,49925,0.06124683219763409
0.6,0.7,0.4,0.1,0.3904505,49925,0.06261049353189017
0.1,0.3,0.1,0.8,0.39049652,49925,0.04837261192211327
0.5,0.8,0.3,0.6,0.39055777,49925,0.05697292021982036
0.8,0.8,0.4,0.7,0.3905737,49925,0.0581955392396347
0.9,0.7,0.4,0.8,0.39059913,49925,0.05780824048291998
0.1,0.4,0.1,0.4,0.39061257,49925,0.05231149797794789
0.2,0.8,0.2,0.8,0.39061257,49925,0.05231149797794789
0.8,0.4,0.4,0.1,0.390639,49925,0.06335808912984439
0.9,0.9,0.5,0.4,0.39074078,49925,0.060655035193409854
0.8,0.7,0.4,0.5,0.39074415,49925,0.059539711841894695
0.6,0.7,0.3,0.9,0.39076996,49925,0.05576183448630497
0.8,0.1,0.2,0.7,0.39078173,49925,0.05362588066146123
0.7,0.1,0.2,0.3,0.39080384,49925,0.05712744572739676
0.5,0.3,0.2,0.4,0.3908781,49925,0.05782110322952678
0.2,0.8,0.2,0.9,0.39091775,49925,0.051762584903295904
0.9,0.8,0.5,0.3,0.39092496,49925,0.061562884457806846
0.8,0.4,0.3,0.6,0.390952,49925,0.057756694425822507
0.7,0.8,0.4,0.4,0.39096022,49925,0.05989878325658126
0.7,0.5,0.3,0.6,0.39104024,49925,0.05781113648685959
0.6,0.9,0.4,0.3,0.39105073,49925,0.06009507137330191
0.6,0.5,0.3,0.3,0.39109,49925,0.06023734938700112
0.8,0.6,0.4,0.3,0.39110178,49925,0.06110060262097261
0.6,0.6,0.3,0.5,0.39110866,49925,0.05836820196437298
0.2,0.2,0.1,0.7,0.39117694,49925,0.050378909013980906
0.2,0.7,0.2,0.1,0.3911898,49925,0.05743077694143744
0.7,0.3,0.3,0.2,0.39121732,49925,0.06135779143580081
0.8,0.1,0.2,0.6,0.3912465,49925,0.054283801321630416
0.9,0.2,0.3,0.3,0.39129165,49925,0.05919167617949289
0.8,0.9,0.5,0.2,0.39139736,49925,0.06193139982108052
0.6,0.7,0.3,0.8,0.3914798,49925,0.056273072644747596
0.9,0.6,0.4,0.5,0.39151475,49925,0.05960543516617855
0.3,0.5,0.2,0.2,0.39155734,49925,0.059048653901979976
0.7,0.2,0.2,0.9,0.39158502,49925,0.05324305924695074
0.8,0.8,0.4,0.6,0.3916651,49925,0.0586793571779047
0.4,0.4,0.2,0.3,0.3916651,49925,0.0586793571779047
0.7,0.9,0.4,0.5,0.39173976,49925,0.05896032932374521
0.9,0.5,0.4,0.3,0.39174968,49925,0.06106697340077813
0.9,0.3,0.4,0.1,0.39175406,49925,0.06297789544562597
0.8,0.1,0.2,0.5,0.39177352,49925,0.05495581278677649
0.1,0.4,0.1,0.5,0.3917929,49925,0.05125297312139498
0.4,0.7,0.3,0.1,0.39180598,49925,0.06089832615885027
0.7,0.2,0.2,0.8,0.39184356,49925,0.05388880811602187
0.8,0.9,0.4,0.9,0.3918544,49925,0.05702065653299488
0.8,0.8,0.5,0.1,0.39185897,49925,0.06301743101647048
0.1,0.4,0.1,0.1,0.39186966,49925,0.055720822970247635
0.2,0.8,0.2,0.2,0.39186966,49925,0.055720822970247635
0.7,0.4,0.3,0.3,0.39189327,49925,0.06025375153763806
0.9,0.7,0.4,0.7,0.39190617,49925,0.05828833147996185
0.9,0.4,0.4,0.2,0.3919543,49925,0.06201694323507726
0.5,0.8,0.3,0.5,0.39202845,49925,0.057558068128952276
0.8,0.3,0.3,0.3,0.39203408,49925,0.05992297819877327
0.7,0.6,0.3,0.9,0.39204055,49925,0.0559056765124848
0.5,0.6,0.3,0.2,0.3920718,49925,0.06069572484389057
0.2,0.2,0.1,0.8,0.3920937,49925,0.049268487943628834
0.5,0.9,0.3,0.8,0.3921523,49925,0.055560124821177
0.2,0.9,0.2,0.6,0.392154,49925,0.05286193710450304
0.5,0.9,0.3,0.9,0.3921942,49925,0.05509163890926942
0.5,0.5,0.3,0.1,0.3922021,49925,0.062337284174555516
0.7,0.2,0.2,0.7,0.39223742,49925,0.0545586619970504
0.2,0.9,0.2,0.5,0.39230552,49925,0.05333273591063756
0.4,0.8,0.3,0.2,0.39231023,49925,0.05935282250362229
0.4,0.9,0.3,0.3,0.39233816,49925,0.05799637908131201
0.2,0.9,0.2,0.4,0.3923839,49925,0.053821037459091545
0.1,0.3,0.1,0.9,0.39238852,49925,0.04742971295044933
0.9,0.3,0.3,0.5,0.39241686,49925,0.05800376010662813
0.6,0.7,0.3,0.7,0.39254797,49925,0.05681884263420427
0.8,0.4,0.3,0.5,0.3925703,49925,0.05837742215097655
0.4,0.5,0.2,0.7,0.39257583,49925,0.05489242691969139
0.8,0.7,0.4,0.4,0.39259744,49925,0.060097925983584
0.7,0.5,0.3,0.5,0.39262348,49925,0.058473401240734475
0.7,0.7,0.4,0.2,0.3926714,49925,0.061590482985971175
0.8,0.9,0.4,0.8,0.39268532,49925,0.057463931717251324
0.4,0.5,0.2,0.6,0.3927065,49925,0.05564164542040856
0.9,0.4,0.3,0.9,0.3927308,49925,0.05579216367172358
0.3,0.6,0.2,0.3,0.39278606,49925,0.05726712730917801
0.7,0.6,0.3,0.8,0.39283776,49925,0.05644940882434353
0.9,0.8,0.4,0.9,0.3928702,49925,0.05716626549951681
0.9,0.6,0.4,0.4,0.39289308,49925,0.06015354454632619
0.9,0.9,0.5,0.3,0.39289415,49925,0.06115928352472575
0.6,0.2,0.2,0.3,0.39290532,49925,0.05831470019735173
0.7,0.6,0.4,0.1,0.39291757,49925,0.06286466662551084
0.7,0.8,0.4,0.3,0.39292383,49925,0.06044001961863017
0.2,0.9,0.2,0.7,0.39292613,49925,0.05238693063409911
0.9,0.8,0.5,0.2,0.39293957,49925,0.06212001525723916
0.5,0.9,0.3,0.7,0.3929832,49925,0.05604319755640833
0.4,0.5,0.2,0.8,0.39298466,49925,0.05419731211899697
0.7,0.2,0.2,0.6,0.3930078,49925,0.05531106382683944
0.9,0.7,0.4,0.6,0.39301842,49925,0.058801225263471105
0.6,0.6,0.3,0.4,0.39302072,49925,0.05900333806727318
0.2,0.2,0.1,0.9,0.3930627,49925,0.04827545391612944
0.5,0.7,0.3,0.3,0.39310867,49925,0.059321219029088976
0.2,0.9,0.2,0.3,0.39324543,49925,0.05430726536144772
0.3,0.7,0.2,0.6,0.3932665,49925,0.05448908358827118
0.8,0.5,0.3,0.9,0.39328533,49925,0.05595130314851364
0.9,0.7,0.5,0.1,0.39331463,49925,0.06316114144843442
0.9,0.1,0.3,0.1,0.3933386,49925,0.060344402302631765
0.9,0.4,0.3,0.8,0.39347267,49925,0.05633088690755678
0.8,0.9,0.4,0.7,0.39348957,49925,0.057913365425512536
0.8,0.8,0.4,0.5,0.39350548,49925,0.05916157650860765
0.9,0.1,0.2,0.9,0.3935197,49925,0.05216453847199394
0.2,0.9,0.2,0.8,0.39352795,49925,0.05190709940513422
0.6,0.9,0.4,0.2,0.39353395,49925,0.060627265597159245
0.7,0.9,0.4,0.4,0.39356828,49925,0.059432733411831314
0.5,0.9,0.3,0.6,0.3935905,49925,0.056533636381491774
0.9,0.8,0.4,0.8,0.39359155,49925,0.05759544831005533
0.6,0.7,0.3,0.6,0.3937011,49925,0.057365677581264506
0.6,0.3,0.2,0.9,0.39370745,49925,0.05369813553395736
0.5,0.3,0.2,0.3,0.39371672,49925,0.05878312560895679
0.4,0.5,0.2,0.5,0.39377263,49925,0.056383036996587976
0.7,0.6,0.3,0.7,0.3938123,49925,0.05699575110191852
0.3,0.7,0.2,0.7,0.39385316,49925,0.053837250984545754
0.6,0.8,0.4,0.1,0.39386562,49925,0.06189116994994567
0.6,0.3,0.2,0.8,0.3938927,49925,0.05436325948977059
0.4,0.5,0.2,0.9,0.39400613,49925,0.05353422612313621
0.6,0.4,0.3,0.1,0.39400947,49925,0.06248193616769085
0.5,0.4,0.2,0.8,0.39403462,49925,0.05442295960281938
0.5,0.4,0.2,0.7,0.3940934,49925,0.05512220423836323
0.9,0.4,0.3,0.7,0.39409804,49925,0.05687873318212611
0.8,0.6,0.4,0.2,0.3941091,49925,0.0617333921353774
0.4,0.3,0.2,0.1,0.3941091,49925,0.0617333921353774
0.5,0.4,0.2,0.9,0.39411277,49925,0.05375488927121329
0.8,0.5,0.4,0.1,0.39411673,49925,0.06290147702754685
0.6,0.3,0.2,0.7,0.3941187,49925,0.05509049707005637
0.8,0.5,0.3,0.8,0.39419982,49925,0.05650850540663765
0.8,0.1,0.2,0.4,0.39425334,49925,0.05564773913603603
0.9,0.3,0.3,0.4,0.39428478,49925,0.058635078854040665
0.5,0.8,0.3,0.4,0.3942914,49925,0.058116298276440624
0.6,0.8,0.3,0.9,0.39434618,49925,0.05549297410051732
0.3,0.7,0.2,0.5,0.3943525,49925,0.05510123685459937
0.9,0.1,0.2,0.8,0.39435437,49925,0.05272222186124309
0.1,0.4,0.1,0.6,0.39444965,49925,0.050293209357519734
0.8,0.5,0.3,0.7,0.39447725,49925,0.05704415653725505
0.6,0.1,0.2,0.1,0.39453882,49925,0.060139037365807495
0.3,0.7,0.2,0.8,0.3945477,49925,0.053236989129179804
0.7,0.2,0.2,0.5,0.39455456,49925,0.056030930819197744
0.6,0.7,0.3,0.5,0.39458007,49925,0.057939477682578
0.2,0.9,0.2,0.9,0.3946538,49925,0.05143156466078333
0.9,0.5,0.4,0.2,0.3946703,49925,0.06171060860552213
0.8,0.9,0.5,0.1,0.3946847,49925,0.06246695718788961
0.7,0.1,0.2,0.2,0.3947155,49925,0.0580175777612719
0.6,0.5,0.3,0.2,0.39474973,49925,0.06100993682302176
0.8,0.7,0.4,0.3,0.3947527,49925,0.06065402475850844
0.2,0.8,0.2,0.1,0.39475593,49925,0.05624925031740938
0.7,0.5,0.3,0.4,0.39488298,49925,0.059170606535636085
0.9,0.7,0.4,0.5,0.39488316,49925,0.059309053315067715
0.8,0.9,0.4,0.6,0.39490515,49925,0.05835916930230697
0.8,0.4,0.3,0.4,0.3949479,49925,0.059054744322439484
0.5,0.4,0.2,0.6,0.39495626,49925,0.05586512086822695
0.3,0.7,0.2,0.4,0.39508864,49925,0.05575142972347512
0.4,0.1,0.1,0.6,0.3950932,49925,0.0514433908519524
0.4,0.1,0.1,0.5,0.39512601,49925,0.052538616704413364
0.6,0.8,0.3,0.8,0.39515084,49925,0.05597176884489064
0.9,0.1,0.2,0.7,0.39515445,49925,0.053280174906451185
0.3,0.7,0.2,0.9,0.39518854,49925,0.052666647355816866
0.9,0.2,0.3,0.2,0.39520037,49925,0.05993571389052489
0.7,0.4,0.3,0.2,0.39520767,49925,0.06101633205527272
0.6,0.3,0.2,0.6,0.39522547,49925,0.055803320003657626
0.2,0.9,0.2,0.2,0.39534333,49925,0.054723176746084755
0.4,0.8,0.3,0.1,0.39537126,49925,0.05996358317864203
0.7,0.6,0.3,0.6,0.3954119,49925,0.05755005087032001
0.4,0.5,0.2,0.4,0.39545843,49925,0.057157738785319705
0.4,0.9,0.3,0.2,0.3954615,49925,0.05854815255084281
0.8,0.2,0.3,0.1,0.39547837,49925,0.06157321682280171
0.4,0.1,0.1,0.7,0.39548072,49925,0.05044489849878684
0.2,0.2,0.1,0.1,0.39551356,49925,0.05965861034448298
0.8,0.8,0.4,0.4,0.39551356,49925,0.05965861034448298
0.4,0.4,0.2,0.2,0.39551356,49925,0.05965861034448298
0.6,0.6,0.3,0.3,0.39551356,49925,0.05965861034448297
0.9,0.6,0.4,0.3,0.39552525,49925,0.060736251724696655
0.9,0.8,0.4,0.7,0.39552748,49925,0.058044286571748344
0.8,0.5,0.3,0.6,0.39554527,49925,0.05758965369924984
0.8,0.2,0.2,0.9,0.39557037,49925,0.053104251352798545
0.7,0.3,0.3,0.1,0.39561874,49925,0.062282055182097125
0.9,0.4,0.3,0.6,0.39563772,49925,0.057436232097457615
0.5,0.9,0.3,0.5,0.3956594,49925,0.057033399397316255
0.1,0.4,0.1,0.7,0.39571288,49925,0.04935584692982463
0.9,0.9,0.5,0.2,0.39574918,49925,0.06164778124570648
0.7,0.8,0.4,0.2,0.39580444,49925,0.06100699440925019
0.3,0.5,0.2,0.1,0.3958233,49925,0.060023497537489576
0.5,0.2,0.2,0.1,0.39587855,49925,0.06141638934758169
0.9,0.1,0.2,0.6,0.3958817,49925,0.053863076960466716
0.7,0.7,0.3,0.9,0.39596033,49925,0.055730011944089
0.9,0.4,0.4,0.1,0.39596188,49925,0.06272289300895399
0.9,0.9,0.4,0.9,0.39603102,49925,0.05693451984494979
0.1,0.5,0.1,0.3,0.39607975,49925,0.05228028393329761
0.7,0.9,0.4,0.3,0.3960959,49925,0.05992290056395702
0.9,0.8,0.4,0.6,0.39611882,49925,0.058501189035592024
0.4,0.1,0.1,0.8,0.3961599,49925,0.049476362217697425
0.9,0.8,0.5,0.1,0.39617229,49925,0.06265737367679129
0.4,0.1,0.1,0.4,0.3961963,49925,0.053665232997792446
0.8,0.2,0.2,0.8,0.3961963,49925,0.053665232997792446
0.6,0.8,0.3,0.7,0.39620334,49925,0.05646321457541041
0.5,0.6,0.3,0.1,0.39621034,49925,0.06149646683227403
0.5,0.7,0.3,0.2,0.39627534,49925,0.059971475363695334
0.8,0.3,0.3,0.2,0.39633316,49925,0.06066201951776023
0.6,0.3,0.2,0.5,0.39639574,49925,0.056605417216266135
0.1,0.5,0.1,0.2,0.39641824,49925,0.05308706968282183
0.5,0.4,0.2,0.5,0.39645705,49925,0.05664422882529422
0.7,0.7,0.4,0.1,0.3965051,49925,0.062227932701761746
0.9,0.7,0.4,0.4,0.39654118,49925,0.059821630964704844
0.3,0.6,0.2,0.2,0.3966753,49925,0.05801909130619956
0.8,0.1,0.2,0.3,0.39671907,49925,0.05635826053940359
0.9,0.9,0.4,0.8,0.3968254,49925,0.057348658614807556
0.6,0.9,0.4,0.1,0.39684787,49925,0.06120902504702842
0.7,0.7,0.3,0.8,0.3969082,49925,0.05620821641088111
0.3,0.1,0.1,0.1,0.3969477,49925,0.059314255798933936
0.6,0.2,0.2,0.2,0.3969477,49925,0.059314255798933936
0.9,0.3,0.3,0.3,0.3969477,49925,0.059314255798933936
0.4,0.1,0.1,0.9,0.39694974,49925,0.048586092963585466
0.7,0.5,0.3,0.3,0.3969617,49925,0.05983975424783967
0.6,0.8,0.3,0.6,0.39701492,49925,0.05696537308686305
0.8,0.9,0.4,0.5,0.39704508,49925,0.05879708278622308
0.5,0.8,0.3,0.3,0.39709672,49925,0.0586691731843399
0.7,0.6,0.3,0.5,0.3971273,49925,0.05814172053461091
0.6,0.7,0.3,0.4,0.39715752,49925,0.05853704162219951
0.7,0.2,0.2,0.4,0.3971927,49925,0.056774795684435095
0.8,0.4,0.3,0.3,0.39721924,49925,0.05972938131626434
0.8,0.6,0.3,0.9,0.3973355,49925,0.05581817813691774
0.8,0.7,0.4,0.2,0.39734325,49925,0.06123775324316787
0.5,0.3,0.2,0.2,0.3973524,49925,0.05981023153163961
0.9,0.1,0.2,0.5,0.3974597,49925,0.05442130274643654
0.9,0.4,0.3,0.5,0.39752993,49925,0.05799280504174579
0.9,0.5,0.3,0.9,0.39754298,49925,0.05579837492920777
0.8,0.2,0.2,0.7,0.39754573,49925,0.054279990681486104
0.3,0.7,0.2,0.3,0.39768633,49925,0.05639430606000049
0.4,0.6,0.2,0.7,0.39770377,49925,0.05455400849546194
0.1,0.5,0.1,0.4,0.3977317,49925,0.051472936215392465
0.4,0.5,0.2,0.3,0.39777616,49925,0.05800082858808563
0.5,0.9,0.3,0.4,0.3978249,49925,0.05752457333897288
0.8,0.6,0.4,0.1,0.39782712,49925,0.06238766075719364
0.6,0.9,0.3,0.9,0.3978349,49925,0.055189853108953184
0.2,0.3,0.1,0.3,0.3978349,49925,0.0551898531089532
0.4,0.6,0.2,0.6,0.3978349,49925,0.0551898531089532
0.7,0.7,0.3,0.7,0.3978512,49925,0.056696171949171
0.8,0.5,0.3,0.5,0.39792037,49925,0.05818481135277712
0.2,0.3,0.1,0.4,0.39792228,49925,0.053932722384849315
0.4,0.6,0.2,0.8,0.39792228,49925,0.053932722384849315
0.8,0.8,0.4,0.3,0.39800364,49925,0.06019256475028702
0.4,0.6,0.2,0.9,0.3980115,49925,0.05333253107012871
0.2,0.3,0.1,0.5,0.39801863,49925,0.05274654865789365
0.5,0.4,0.2,0.4,0.3980806,49925,0.0574635701728259
0.9,0.6,0.4,0.2,0.39811027,49925,0.06130579398898006
0.4,0.9,0.3,0.1,0.39811304,49925,0.05907944155303317
0.1,0.4,0.1,0.8,0.39814502,49925,0.04849732910218469
0.6,0.3,0.2,0.4,0.39814985,49925,0.05738559882290067
0.3,0.8,0.2,0.7,0.3981541,49925,0.05338751460729947
0.9,0.8,0.4,0.5,0.39825684,49925,0.05896538271488414
0.8,0.6,0.3,0.8,0.398319,49925,0.056300105157841486
0.9,0.9,0.4,0.7,0.3984606,49925,0.05777409650740086
0.4,0.1,0.1,0.3,0.3984864,49925,0.05488469319281124
0.8,0.2,0.2,0.6,0.3984864,49925,0.05488469319281124
0.7,0.9,0.4,0.2,0.3985145,49925,0.0604313034532415
0.7,0.3,0.2,0.9,0.39856339,49925,0.053608301320239145
0.1,0.5,0.1,0.5,0.39857984,49925,0.0506443785972453
0.6,0.9,0.3,0.8,0.39859945,49925,0.055619281259530126
0.2,0.9,0.2,0.1,0.3986035,49925,0.05509365709505582
0.4,0.6,0.2,0.5,0.3986545,49925,0.055843202996257925
0.3,0.8,0.2,0.8,0.3987103,49925,0.05284565525641045
0.9,0.9,0.5,0.1,0.3987215,49925,0.06215413862565726
0.3,0.8,0.2,0.5,0.39873976,49925,0.0544731134841056
0.6,0.8,0.3,0.5,0.3987659,49925,0.057468928961730496
0.8,0.9,0.4,0.4,0.3987734,49925,0.059241947255852856
0.9,0.5,0.4,0.1,0.39879483,49925,0.062370433784395614
0.5,0.5,0.2,0.8,0.39879546,49925,0.054301696969344435
0.2,0.3,0.1,0.6,0.39880845,49925,0.051630972826224954
0.6,0.6,0.3,0.2,0.39882278,49925,0.060372704888356526
0.7,0.3,0.2,0.8,0.3988701,49925,0.05422196201160176
0.9,0.5,0.3,0.8,0.39888722,49925,0.05631820314620749
0.1,0.5,0.1,0.1,0.39895424,49925,0.053779010203257725
0.9,0.5,0.3,0.7,0.3989567,49925,0.05681506344794776
0.6,0.5,0.3,0.1,0.39898422,49925,0.06180143676710807
0.6,0.9,0.3,0.7,0.39903966,49925,0.05607075777419217
0.3,0.8,0.2,0.6,0.39912325,49925,0.05391425781687819
0.7,0.6,0.3,0.4,0.39917183,49925,0.058741085922414546
0.3,0.8,0.2,0.9,0.3992157,49925,0.05233602034362487
0.8,0.6,0.3,0.7,0.3992258,49925,0.05682533353868491
0.7,0.8,0.4,0.1,0.39927354,49925,0.06159683897077542
0.9,0.1,0.2,0.4,0.39929578,49925,0.05500181617650145
0.7,0.7,0.3,0.6,0.3993987,49925,0.05721034429986683
0.9,0.7,0.4,0.3,0.39940497,49925,0.0603243009262511
0.6,0.7,0.3,0.3,0.3994711,49925,0.05909231789325184
0.9,0.2,0.3,0.1,0.39947814,49925,0.06067732775828133
0.7,0.2,0.2,0.3,0.39967918,49925,0.05756816845019215
0.3,0.2,0.1,0.6,0.3996997,49925,0.05203038170071122
0.7,0.4,0.3,0.1,0.3997393,49925,0.061839674899608024
0.5,0.5,0.2,0.9,0.3997748,49925,0.05367183940471492
0.3,0.2,0.1,0.5,0.3997901,49925,0.05318656992574911
0.1,0.4,0.1,0.9,0.39986026,49925,0.04770052919641618
0.9,0.4,0.3,0.4,0.39988148,49925,0.058578692287237666
0.5,0.5,0.2,0.7,0.399944,49925,0.054927368967189215
0.6,0.4,0.2,0.9,0.39999974,49925,0.05379136458189918
0.3,0.8,0.2,0.4,0.40004888,49925,0.055015880170896266
0.9,0.9,0.4,0.6,0.40006486,49925,0.058198010459281205
0.2,0.3,0.1,0.7,0.40007234,49925,0.05059711972411987
0.5,0.7,0.3,0.1,0.40010276,49925,0.06065179223505385
0.7,0.3,0.2,0.7,0.4001155,49925,0.05484460580943827
0.7,0.8,0.3,0.9,0.40012154,49925,0.05548181519003157
0.3,0.2,0.1,0.8,0.40014544,49925,0.049997318995621834
0.3,0.2,0.1,0.7,0.40015024,49925,0.05098644038982648
0.1,0.5,0.1,0.6,0.40015537,49925,0.04986732717793336
0.8,0.5,0.3,0.4,0.40019533,49925,0.058778107078638314
0.6,0.4,0.2,0.8,0.40020162,49925,0.05439593436498921
0.3,0.2,0.1,0.4,0.40020162,49925,0.05439593436498921
0.4,0.6,0.2,0.4,0.40021816,49925,0.05652272982305929
0.2,0.3,0.1,0.2,0.40021816,49925,0.05652272982305929
0.6,0.9,0.3,0.6,0.40021816,49925,0.05652272982305929
0.5,0.8,0.3,0.2,0.4002886,49925,0.05923187457805339
0.8,0.1,0.2,0.2,0.4002899,49925,0.057074302915886034
0.9,0.2,0.2,0.9,0.400296,49925,0.0528719738642423
0.7,0.1,0.2,0.1,0.400326,49925,0.05896300111165644
0.9,0.8,0.4,0.4,0.40034586,49925,0.05943528717619089
0.8,0.6,0.3,0.6,0.4003738,49925,0.05734792258283195
0.5,0.9,0.3,0.3,0.4003969,49925,0.057999466897877355
0.7,0.8,0.3,0.8,0.4004318,49925,0.055909085930858284
0.7,0.5,0.3,0.2,0.40053365,49925,0.06054998004864637
0.8,0.3,0.3,0.1,0.4005375,49925,0.06143692354496262
0.9,0.2,0.2,0.8,0.40055424,49925,0.05339759951966504
0.3,0.6,0.2,0.1,0.40058777,49925,0.05880853377237984
0.2,0.3,0.1,0.8,0.40068498,49925,0.049630777361558236
0.4,0.4,0.2,0.1,0.4007053,49925,0.060714365903575804
0.8,0.8,0.4,0.2,0.4007053,49925,0.060714365903575804
0.9,0.5,0.3,0.6,0.40071154,49925,0.057303086514384524
0.8,0.2,0.2,0.5,0.4007726,49925,0.05552436974571506
0.5,0.5,0.2,0.6,0.40080902,49925,0.05558725901608406
0.9,0.3,0.3,0.2,0.4008165,49925,0.05997733720563186
0.5,0.4,0.2,0.3,0.40086585,49925,0.05831143002322742
0.3,0.2,0.1,0.9,0.40092987,49925,0.04912085292559082
0.8,0.4,0.3,0.2,0.4009471,49925,0.06041482106936415
0.6,0.8,0.3,0.4,0.40094817,49925,0.05800899249076575
0.3,0.7,0.2,0.2,0.40098375,49925,0.05701732612941344
0.6,0.4,0.2,0.7,0.40099663,49925,0.055040831407082234
0.7,0.3,0.2,0.6,0.40100014,49925,0.055510057843331254
0.8,0.9,0.4,0.3,0.40104553,49925,0.05968431186793517
0.8,0.7,0.3,0.9,0.40120888,49925,0.05563434688442143
0.8,0.7,0.4,0.1,0.4012278,49925,0.061825363916755915
0.7,0.7,0.3,0.5,0.4012715,49925,0.05775076773144477
0.6,0.3,0.2,0.3,0.40128618,49925,0.058224203926145315
0.5,0.5,0.2,0.5,0.40131408,49925,0.05624274744099458
0.7,0.8,0.3,0.7,0.40131715,49925,0.056391361123619414
0.9,0.1,0.2,0.3,0.4015519,49925,0.05560136822725763
0.8,0.7,0.3,0.8,0.40170178,49925,0.05609595534926946
0.7,0.6,0.3,0.3,0.40173733,49925,0.05934663995680834
0.9,0.9,0.4,0.5,0.40180296,49925,0.05859582616895355
0.3,0.8,0.2,0.3,0.40186322,49925,0.055549321709160396
0.9,0.2,0.2,0.7,0.40189907,49925,0.053933789894113814
0.1,0.5,0.1,0.7,0.4019959,49925,0.04910915350166278
0.6,0.4,0.2,0.6,0.40204227,49925,0.0557104160319289
0.3,0.2,0.1,0.3,0.40204227,49925,0.0557104160319289
0.9,0.6,0.3,0.9,0.40204227,49925,0.0557104160319289
0.4,0.7,0.2,0.9,0.4020442,49925,0.053029401026653024
0.8,0.6,0.3,0.5,0.40211362,49925,0.057899270665381336
0.9,0.5,0.3,0.5,0.40216392,49925,0.057827311848815774
0.4,0.5,0.2,0.2,0.40217274,49925,0.05878754341844167
0.2,0.3,0.1,0.9,0.4021996,49925,0.048745322191095106
0.7,0.9,0.4,0.1,0.4022034,49925,0.060947876569691375
0.5,0.1,0.1,0.6,0.402237,49925,0.05128169961715338
0.9,0.6,0.4,0.1,0.40223968,49925,0.06190678474711643
0.9,0.7,0.4,0.2,0.402291,49925,0.06085887928754825
0.9,0.4,0.3,0.3,0.402388,49925,0.059164290338174254
0.3,0.9,0.2,0.9,0.40239823,49925,0.05197526729278095
0.6,0.9,0.3,0.5,0.40241843,49925,0.05698774599094698
0.8,0.7,0.3,0.7,0.40248716,49925,0.05657175356634935
0.7,0.3,0.2,0.5,0.4024897,49925,0.05616195549218985
0.4,0.7,0.2,0.7,0.40255508,49925,0.0541239436544298
0.8,0.3,0.2,0.9,0.40256184,49925,0.053441161400270394
0.4,0.7,0.2,0.8,0.40259436,49925,0.053563292419742004
0.9,0.6,0.3,0.8,0.40259618,49925,0.05616591889318259
0.3,0.9,0.2,0.8,0.40261203,49925,0.05242938196163564
0.6,0.4,0.2,0.5,0.40263078,49925,0.056392784023338
0.9,0.8,0.4,0.3,0.4026438,49925,0.05989422292137952
0.5,0.1,0.1,0.7,0.40265656,49925,0.0504245861391722
0.3,0.9,0.2,0.7,0.40267155,49925,0.05289323108347967
0.8,0.5,0.3,0.3,0.4026824,49925,0.059384680692308456
0.6,0.6,0.3,0.1,0.40277883,49925,0.061067139342795555
0.6,0.2,0.2,0.1,0.40279302,49925,0.06030446555205147
0.8,0.2,0.2,0.4,0.40285203,49925,0.056145137666269836
0.4,0.1,0.1,0.2,0.40285203,49925,0.056145137666269836
0.5,0.9,0.3,0.2,0.4028643,49925,0.058522627565292314
0.7,0.8,0.3,0.6,0.40291077,49925,0.05685263443692822
0.1,0.6,0.1,0.4,0.4029213,49925,0.05059574301993035
0.3,0.9,0.2,0.5,0.40292338,49925,0.053830894026827295
0.9,0.2,0.2,0.6,0.40296274,49925,0.05445751162403709
0.5,0.1,0.1,0.8,0.40300295,49925,0.04961794050816063
0.5,0.3,0.2,0.1,0.40300488,49925,0.06084459889205488
0.6,0.7,0.3,0.2,0.40301022,49925,0.05969258193399174
0.3,0.9,0.2,0.6,0.40304938,49925,0.053366417594515145
0.4,0.7,0.2,0.6,0.4030623,49925,0.054694573193698685
0.1,0.6,0.1,0.3,0.40311766,49925,0.05117501732481764
0.5,0.1,0.1,0.9,0.4031349,49925,0.04886002725838276
0.1,0.6,0.1,0.2,0.4031697,49925,0.051717604528472294
0.5,0.8,0.3,0.1,0.40320438,49925,0.05982417594907107
0.7,0.9,0.3,0.9,0.40344092,49925,0.0551943521488778
0.5,0.1,0.1,0.5,0.40347433,49925,0.052158168548537005
0.4,0.7,0.2,0.5,0.40348086,49925,0.055289937395710635
0.8,0.3,0.2,0.8,0.4035061,49925,0.053984213349360564
0.4,0.6,0.2,0.3,0.4035984,49925,0.05723414446394957
0.9,0.9,0.4,0.4,0.40373385,49925,0.05902253682519163
0.7,0.2,0.2,0.2,0.40373778,49925,0.058378372286309356
0.7,0.9,0.3,0.8,0.40378824,49925,0.05560805363701831
0.7,0.7,0.3,0.4,0.40383607,49925,0.05827688756671708
0.9,0.6,0.3,0.7,0.40388668,49925,0.05660331531436763
0.5,0.5,0.2,0.4,0.40391156,49925,0.05694187441057501
0.1,0.6,0.1,0.5,0.40400448,49925,0.049975997303387254
0.6,0.8,0.3,0.3,0.40406546,49925,0.05850620621683773
0.8,0.9,0.4,0.2,0.40413582,49925,0.06017852077899909
0.8,0.8,0.4,0.1,0.40419722,49925,0.06123334099172176
0.3,0.9,0.2,0.4,0.40425673,49925,0.05430417360894416
0.5,0.4,0.2,0.2,0.40434703,49925,0.059146641649027235
0.7,0.3,0.2,0.4,0.40442836,49925,0.05682027250605926
0.5,0.6,0.2,0.9,0.4044495,49925,0.053478954109174005
0.3,0.7,0.2,0.1,0.40450916,49925,0.05763532769421825
0.8,0.7,0.3,0.6,0.4045509,49925,0.05702693965365991
0.1,0.5,0.1,0.8,0.4045786,49925,0.04836951570125803
0.1,0.6,0.1,0.1,0.40461963,49925,0.05209955517397099
0.8,0.3,0.2,0.7,0.40473476,49925,0.05453995957493867
0.5,0.6,0.2,0.8,0.40478233,49925,0.05403064573790898
0.5,0.1,0.1,0.4,0.40478626,49925,0.05307779752181666
0.7,0.9,0.3,0.7,0.40484813,49925,0.05603621485660945
0.8,0.6,0.3,0.4,0.40485847,49925,0.05841611539575016
0.9,0.5,0.3,0.4,0.4048695,49925,0.05836025787493707
0.6,0.9,0.3,0.4,0.4048796,49925,0.057456936288871094
0.7,0.5,0.3,0.1,0.4048809,49925,0.061242390620866206
0.7,0.6,0.3,0.2,0.40492943,49925,0.0599269238960747
0.8,0.8,0.3,0.9,0.4050018,49925,0.05541374963129075
0.7,0.8,0.3,0.5,0.40504467,49925,0.057322624390793636
0.7,0.4,0.2,0.9,0.40508696,49925,0.0536953204591289
0.5,0.6,0.2,0.7,0.40510982,49925,0.054609134793646465
0.6,0.3,0.2,0.2,0.4051325,49925,0.059039637139194495
0.9,0.8,0.4,0.2,0.40517962,49925,0.06037474087959292
0.7,0.4,0.2,0.8,0.40518996,49925,0.05425512913293593
0.4,0.7,0.2,0.4,0.40520763,49925,0.05587649443817553
0.8,0.2,0.2,0.3,0.405228,49925,0.05680529313780237
0.8,0.4,0.3,0.1,0.4053253,49925,0.061107074564909276
0.9,0.3,0.3,0.1,0.40534207,49925,0.06062713404183582
0.9,0.2,0.2,0.5,0.40543944,49925,0.054981282173084366
0.6,0.4,0.2,0.4,0.40549365,49925,0.05708127149149332
0.3,0.2,0.1,0.2,0.40549365,49925,0.05708127149149332
0.9,0.6,0.3,0.6,0.40549365,49925,0.05708127149149332
0.6,0.5,0.2,0.9,0.40551496,49925,0.05369260173283031
0.3,0.8,0.2,0.2,0.405515,49925,0.05607284759751325
0.8,0.8,0.3,0.8,0.4055183,49925,0.055809383118454035
0.9,0.4,0.3,0.2,0.40555695,49925,0.0597733560174329
0.9,0.7,0.4,0.1,0.40566835,49925,0.06140369186091993
0.9,0.9,0.4,0.3,0.40568167,49925,0.05944830912899405
0.7,0.7,0.3,0.3,0.40579683,49925,0.058800000502489985
0.9,0.7,0.3,0.9,0.4058532,49925,0.055541740344826986
0.9,0.1,0.2,0.2,0.405873,49925,0.05621416720880233
0.3,0.9,0.2,0.3,0.40590286,49925,0.054735021628690775
0.1,0.5,0.1,0.9,0.40591133,49925,0.04767259453425727
0.6,0.5,0.2,0.8,0.40591913,49925,0.05425340497890907
0.5,0.9,0.3,0.1,0.40610862,49925,0.058995760158232415
0.1,0.6,0.1,0.6,0.4061089,49925,0.04935497723251238
0.7,0.9,0.3,0.6,0.40611148,49925,0.0564384206924801
0.2,0.4,0.1,0.5,0.40620458,49925,0.05222533424839044
0.4,0.8,0.2,0.9,0.40621108,49925,0.05270391069800075
0.5,0.6,0.2,0.6,0.40622526,49925,0.055182888845318516
0.7,0.4,0.2,0.7,0.4062567,49925,0.05484912972323055
0.8,0.3,0.2,0.6,0.40630174,49925,0.05512320310803607
0.8,0.7,0.3,0.5,0.40635854,49925,0.057524992119311065
0.8,0.5,0.3,0.2,0.4064235,49925,0.06000092748965945
0.4,0.8,0.2,0.8,0.4064994,49925,0.053203200828034924
0.2,0.4,0.1,0.4,0.4064994,49925,0.053203200828034924
0.6,0.8,0.3,0.2,0.40663454,49925,0.0590311108224661
0.9,0.7,0.3,0.8,0.40665942,49925,0.05596030814078461
0.8,0.1,0.2,0.1,0.40667003,49925,0.0578527279183387
0.9,0.6,0.3,0.5,0.40669924,49925,0.057569660057377896
0.8,0.6,0.3,0.3,0.4067005,49925,0.058937401017033916
0.2,0.4,0.1,0.6,0.40670162,49925,0.051331501478413984
0.4,0.5,0.2,0.1,0.4070167,49925,0.059641110396653985
0.6,0.5,0.2,0.7,0.4070173,49925,0.05485410918412404
0.8,0.8,0.3,0.7,0.4070211,49925,0.05625558092261251
0.2,0.4,0.1,0.7,0.40705574,49925,0.050467254583444254
0.5,0.6,0.2,0.5,0.4071732,49925,0.05577422198369237
0.6,0.5,0.2,0.6,0.40723646,49925,0.05544288298716192
0.5,0.5,0.2,0.3,0.40726668,49925,0.05767048593897415
0.8,0.9,0.4,0.1,0.4072781,49925,0.06065723406362156
0.9,0.3,0.2,0.9,0.40730876,49925,0.05322346530527045
0.6,0.7,0.3,0.1,0.4073236,49925,0.06031736878565852
0.9,0.5,0.3,0.3,0.40738213,49925,0.05887076005739103
0.4,0.8,0.2,0.7,0.40740713,49925,0.05369161625404436
0.7,0.3,0.2,0.3,0.40744582,49925,0.05752551080610907
0.9,0.7,0.3,0.7,0.40748757,49925,0.056383314502705
0.1,0.6,0.1,0.7,0.4074975,49925,0.04873324955270227
0.4,0.2,0.1,0.9,0.4074995,49925,0.049536689896061914
0.7,0.8,0.3,0.4,0.4075016,49925,0.057792761747344545
0.4,0.2,0.1,0.8,0.40755448,49925,0.05035395023640557
0.4,0.8,0.2,0.6,0.40756387,49925,0.054197799910080516
0.2,0.4,0.1,0.3,0.40756387,49925,0.054197799910080516
0.9,0.2,0.2,0.4,0.40768796,49925,0.05551348561453605
0.8,0.3,0.2,0.5,0.40769824,49925,0.05570683554357433
0.4,0.6,0.2,0.2,0.40771082,49925,0.05789999746817905
0.2,0.3,0.1,0.1,0.40771082,49925,0.05789999746817905
0.6,0.9,0.3,0.3,0.40771082,49925,0.05789999746817905
0.5,0.1,0.1,0.3,0.40779573,49925,0.05401569639235082
0.3,0.8,0.2,0.1,0.4078852,49925,0.05656042861216394
0.7,0.9,0.3,0.5,0.40803346,49925,0.05685401601691679
0.4,0.2,0.1,0.6,0.40804055,49925,0.052114082885869634
0.7,0.4,0.2,0.6,0.4080533,49925,0.05544787572078644
0.4,0.2,0.1,0.7,0.4081136,49925,0.051204773022486265
0.9,0.9,0.4,0.2,0.40815145,49925,0.05989387739966226
0.4,0.8,0.2,0.5,0.40836018,49925,0.054696149364719726
0.6,0.4,0.2,0.3,0.4083997,49925,0.05781134785717208
0.4,0.7,0.2,0.3,0.408453,49925,0.056441487658595774
0.9,0.3,0.2,0.8,0.40851727,49925,0.05371515884996529
0.3,0.9,0.2,0.2,0.4085307,49925,0.05517112963670412
0.2,0.4,0.1,0.8,0.40853223,49925,0.04964527330573103
0.6,0.1,0.1,0.9,0.40854883,49925,0.04892403191739527
0.8,0.9,0.3,0.9,0.4085601,49925,0.055166297272487085
0.8,0.8,0.3,0.6,0.4085607,49925,0.056690404839688964
0.5,0.7,0.2,0.9,0.40878317,49925,0.0532323588578122
0.1,0.7,0.1,0.3,0.40884277,49925,0.050132970108513614
0.6,0.5,0.2,0.5,0.40884513,49925,0.056048703954434
0.8,0.7,0.3,0.4,0.40887943,49925,0.058008301315871605
0.7,0.7,0.3,0.2,0.40890405,49925,0.05936473108018777
0.1,0.6,0.1,0.8,0.40897554,49925,0.048138111998606424
0.6,0.1,0.1,0.8,0.40900183,49925,0.04956446237965023
0.5,0.4,0.2,0.1,0.40903866,49925,0.060020401345390106
0.6,0.1,0.1,0.7,0.4090515,49925,0.0502505084276918
0.2,0.4,0.1,0.9,0.4090849,49925,0.04887395272953567
0.7,0.4,0.2,0.5,0.4091566,49925,0.056037325775943475
0.8,0.9,0.3,0.8,0.40919128,49925,0.05553221905547586
0.1,0.7,0.1,0.4,0.40921754,49925,0.04971853832812601
0.5,0.6,0.2,0.4,0.40930003,49925,0.05637369155126503
0.7,0.6,0.3,0.1,0.4093525,49925,0.060589684571243564
0.9,0.3,0.2,0.7,0.40935922,49925,0.05421294623317709
0.9,0.7,0.3,0.6,0.40937775,49925,0.05682387284127317
0.9,0.8,0.4,0.1,0.409383,49925,0.060886748020706725
0.4,0.2,0.1,0.5,0.40941185,49925,0.053051978092090515
0.4,0.9,0.2,0.9,0.4095006,49925,0.052340250137520083
0.1,0.7,0.1,0.1,0.40950942,49925,0.050598312314671316
0.5,0.7,0.2,0.8,0.40952042,49925,0.05372104526234749
0.1,0.7,0.1,0.2,0.4095887,49925,0.05045207680247637
0.9,0.6,0.3,0.4,0.4096311,49925,0.05804639507487783
0.7,0.2,0.2,0.1,0.40972468,49925,0.059217486596357116
0.8,0.4,0.2,0.9,0.40976694,49925,0.053546666890366364
0.8,0.2,0.2,0.2,0.40981284,49925,0.05747263591838743
0.4,0.1,0.1,0.1,0.40981284,49925,0.05747263591838743
0.3,0.3,0.1,0.8,0.40983197,49925,0.05031152683089676
0.9,0.8,0.3,0.9,0.40985933,49925,0.05532964865518983
0.6,0.1,0.1,0.6,0.40992534,49925,0.05093162877896872
0.3,0.3,0.1,0.7,0.40993255,49925,0.051169566526580154
0.8,0.3,0.2,0.4,0.40993258,49925,0.05627126039619238
0.6,0.9,0.3,0.2,0.40998247,49925,0.05836391083960001
0.3,0.3,0.1,0.6,0.41006213,49925,0.052064618643131964
0.9,0.8,0.3,0.8,0.4100734,49925,0.055717416748946376
0.4,0.9,0.2,0.8,0.41017574,49925,0.0527786633883146
0.8,0.5,0.3,0.1,0.41019902,49925,0.06060898171482966
0.1,0.7,0.1,0.5,0.41021875,49925,0.049282163682953135
0.3,0.3,0.1,0.5,0.4102362,49925,0.05301363360583445
0.8,0.6,0.3,0.2,0.410308,49925,0.059484819085265546
0.3,0.3,0.1,0.9,0.41035056,49925,0.04951054399901851
0.9,0.4,0.3,0.1,0.4103803,49925,0.06037224745254789
0.6,0.6,0.2,0.9,0.41040713,49925,0.053499932809936215
0.8,0.8,0.3,0.5,0.41049886,49925,0.0571341089155509
0.7,0.8,0.3,0.3,0.41062656,49925,0.0582566792931207
0.9,0.2,0.2,0.3,0.41064623,49925,0.05608700401882052
0.7,0.4,0.2,0.4,0.41065505,49925,0.05662775703067496
0.4,0.2,0.1,0.4,0.41065544,49925,0.05405265692981997
0.8,0.4,0.2,0.8,0.41065544,49925,0.05405265692981997
0.5,0.7,0.2,0.7,0.41067332,49925,0.05422683233173065
0.2,0.4,0.1,0.2,0.41068643,49925,0.0551803252660683
0.4,0.8,0.2,0.4,0.41068643,49925,0.0551803252660683
0.6,0.8,0.3,0.1,0.41071495,49925,0.05955340244321931
0.9,0.3,0.2,0.6,0.41074345,49925,0.05470962485529881
0.5,0.5,0.2,0.2,0.41075438,49925,0.05839245085947753
0.8,0.9,0.3,0.7,0.41080678,49925,0.055924932875850465
0.7,0.5,0.2,0.9,0.41083494,49925,0.053615534804531836
0.1,0.6,0.1,0.9,0.41086832,49925,0.047546770559942844
0.6,0.3,0.2,0.1,0.41091192,49925,0.059897181167443345
0.4,0.9,0.2,0.7,0.41109225,49925,0.053236217679285526
0.5,0.7,0.2,0.6,0.4110925,49925,0.05473980725389109
0.3,0.3,0.1,0.4,0.41114634,49925,0.05402883604696273
0.6,0.6,0.2,0.8,0.41114634,49925,0.05402883604696273
0.8,0.7,0.3,0.3,0.4112364,49925,0.0584621720370716
0.7,0.9,0.3,0.4,0.41129956,49925,0.05728518711181296
0.7,0.3,0.2,0.2,0.4113049,49925,0.05824702115401907
0.6,0.1,0.1,0.5,0.41133025,49925,0.051677833593004825
0.9,0.5,0.3,0.2,0.411364,49925,0.059437328008851195
0.5,0.1,0.1,0.2,0.41138646,49925,0.054911242922896376
0.6,0.5,0.2,0.4,0.41141087,49925,0.0566661407775252
0.8,0.4,0.2,0.7,0.41141412,49925,0.05458250639952
0.4,0.9,0.2,0.6,0.41149807,49925,0.053674816100275545
0.6,0.4,0.2,0.2,0.41152677,49925,0.058515709049185
0.3,0.2,0.1,0.1,0.41152677,49925,0.058515709049185
0.9,0.6,0.3,0.3,0.41152677,49925,0.058515709049184995
0.9,0.7,0.3,0.5,0.41152844,49925,0.05725018448209941
0.4,0.6,0.2,0.1,0.41156188,49925,0.058595032343575236
0.7,0.5,0.2,0.8,0.4117959,49925,0.05414137291786676
0.1,0.7,0.1,0.6,0.41179937,49925,0.04880384343867913
0.9,0.8,0.3,0.7,0.41183612,49925,0.0561053615159831
0.6,0.6,0.2,0.7,0.41183907,49925,0.054554923026333094
0.4,0.7,0.2,0.2,0.41190696,49925,0.0569988614330176
0.1,0.7,0.1,0.7,0.41192546,49925,0.048302254523979654
0.9,0.9,0.4,0.1,0.4120933,49925,0.06034987073976704
0.3,0.9,0.2,0.1,0.4121618,49925,0.05554364414823077
0.5,0.7,0.2,0.5,0.41237685,49925,0.05527080442034099
0.9,0.1,0.2,0.1,0.4124206,49925,0.056813131970760114
0.7,0.5,0.2,0.7,0.41242725,49925,0.05469108968751909
0.8,0.9,0.3,0.6,0.41250634,49925,0.056321196819466415
0.9,0.3,0.2,0.5,0.41251314,49925,0.055214935222730556
0.8,0.4,0.2,0.6,0.41252977,49925,0.055106734783825995
0.4,0.2,0.1,0.3,0.41252977,49925,0.055106734783825995
0.4,0.9,0.2,0.5,0.41265395,49925,0.054095295034151634
0.5,0.8,0.2,0.9,0.41274512,49925,0.052919637370286765
0.6,0.1,0.1,0.4,0.4127674,49925,0.052376980036728325
0.4,0.8,0.2,0.3,0.41284496,49925,0.055666036353942815
0.5,0.6,0.2,0.3,0.41291597,49925,0.056996615658557744
0.8,0.8,0.3,0.4,0.41292977,49925,0.057559433367348894
0.8,0.3,0.2,0.3,0.412975,49925,0.0568659627538541
0.7,0.7,0.3,0.1,0.41305828,49925,0.0599004755595375
0.2,0.5,0.1,0.5,0.4130634,49925,0.0516053145610908
0.7,0.8,0.3,0.2,0.41313335,49925,0.058759094970027306
0.1,0.8,0.1,0.3,0.41317353,49925,0.0491639429171924
0.2,0.5,0.1,0.6,0.4132021,49925,0.05086197881539044
0.7,0.1,0.1,0.9,0.41325688,49925,0.04883760686227352
0.5,0.2,0.1,0.9,0.41327044,49925,0.049741747523336946
0.9,0.8,0.3,0.6,0.41332597,49925,0.05650833039494253
0.6,0.6,0.2,0.6,0.41332877,49925,0.055091153784976844
0.3,0.3,0.1,0.3,0.41332877,49925,0.055091153784976844
0.9,0.9,0.3,0.9,0.41332877,49925,0.055091153784976844
0.9,0.7,0.3,0.4,0.41336912,49925,0.05764952129435571
0.6,0.9,0.3,0.1,0.41337925,49925,0.05883017134144602
0.5,0.8,0.2,0.8,0.413468,49925,0.05336561625120372
0.7,0.5,0.2,0.6,0.41354808,49925,0.055222847234974136
0.1,0.7,0.1,0.8,0.41356826,49925,0.04781649207420548
0.7,0.9,0.3,0.3,0.41365725,49925,0.05772353029439265
0.8,0.4,0.2,0.5,0.41369185,49925,0.05562941724173408
0.2,0.5,0.1,0.4,0.4137074,49925,0.05238001899873242
0.4,0.9,0.2,0.4,0.41389707,49925,0.054513311772617104
0.9,0.4,0.2,0.9,0.41399258,49925,0.053340790393296325
0.8,0.9,0.3,0.5,0.41406775,49925,0.056717274006102256
0.1,0.8,0.1,0.4,0.4140856,49925,0.04890105560571185
0.5,0.2,0.1,0.8,0.41408753,49925,0.050443702520614586
0.5,0.7,0.2,0.4,0.414091,49925,0.055779020921301936
0.7,0.1,0.1,0.8,0.414127,49925,0.049394906352545155
0.1,0.8,0.1,0.2,0.41416258,49925,0.04930123128635052
0.8,0.7,0.3,0.2,0.41428947,49925,0.058960083032295024
0.9,0.9,0.3,0.8,0.41433454,49925,0.05545102300458773
0.2,0.5,0.1,0.7,0.4143648,49925,0.050143286208891025
0.1,0.8,0.1,0.1,0.41441953,49925,0.04924886748561076
0.5,0.8,0.2,0.7,0.414471,49925,0.05383259016371009
0.5,0.2,0.1,0.7,0.41467234,49925,0.0511840489058262
0.6,0.5,0.2,0.3,0.4146807,49925,0.05726469113084452
0.9,0.2,0.2,0.2,0.41479108,49925,0.056660805590772446
0.7,0.4,0.2,0.3,0.41480944,49925,0.05724462812985733
0.1,0.7,0.1,0.9,0.4148866,49925,0.04733237200406549
0.9,0.3,0.2,0.4,0.41490185,49925,0.05571582584495311
0.7,0.5,0.2,0.5,0.41495752,49925,0.05576252334704674
0.9,0.4,0.2,0.8,0.4150312,49925,0.05381299959299006
0.8,0.8,0.3,0.3,0.41513154,49925,0.05797656881101109
0.1,0.8,0.1,0.5,0.41516623,49925,0.04859963128036258
0.7,0.1,0.1,0.7,0.41520083,49925,0.04997082935520487
0.8,0.6,0.3,0.1,0.41523132,49925,0.0600486053902233
0.2,0.5,0.1,0.3,0.415234,49925,0.05313578023214413
0.5,0.8,0.2,0.6,0.41526064,49925,0.05428622405066186
0.6,0.7,0.2,0.9,0.41528487,49925,0.05327786341042693
0.8,0.5,0.2,0.9,0.41533396,49925,0.0534991532220267
0.6,0.6,0.2,0.5,0.41537035,49925,0.05561792181823832
0.4,0.8,0.2,0.2,0.4154191,49925,0.0561192005073042
0.2,0.4,0.1,0.1,0.4154191,49925,0.0561192005073042
0.9,0.8,0.3,0.5,0.41543484,49925,0.056898352010587974
0.6,0.7,0.2,0.8,0.415478,49925,0.05374132136333968
0.9,0.4,0.2,0.7,0.41550803,49925,0.05427174706020591
0.9,0.6,0.3,0.2,0.41557032,49925,0.05899454310030002
0.2,0.5,0.1,0.8,0.41557747,49925,0.04946822960261433
0.5,0.5,0.2,0.1,0.41562355,49925,0.059117865013854305
0.5,0.2,0.1,0.6,0.4157217,49925,0.051933459325453527
0.9,0.5,0.3,0.1,0.41575992,49925,0.0599733305059098
0.9,0.7,0.3,0.3,0.41586486,49925,0.05807900755279301
0.4,0.9,0.2,0.3,0.41593212,49925,0.05490771412950975
0.7,0.6,0.2,0.9,0.4159548,49925,0.053486336032970754
0.2,0.5,0.1,0.9,0.41596287,49925,0.048804086209288645
0.6,0.1,0.1,0.3,0.41604066,49925,0.05309174667007347
0.5,0.6,0.2,0.2,0.41606566,49925,0.05760914245841643
0.8,0.2,0.2,0.1,0.41606906,49925,0.05818631685859161
0.9,0.9,0.3,0.7,0.41610625,49925,0.055815576699821005
0.1,0.8,0.1,0.7,0.41610783,49925,0.047840683083731496
0.1,0.8,0.1,0.6,0.41617012,49925,0.04821636460181107
0.4,0.7,0.2,0.1,0.4163295,49925,0.05755308454330068
0.4,0.3,0.1,0.9,0.41637194,49925,0.04991684348558789
0.8,0.9,0.3,0.4,0.4163889,49925,0.05709623447720512
0.7,0.1,0.1,0.6,0.416389,49925,0.05055167742761244
0.5,0.8,0.2,0.5,0.41639474,49925,0.0547227872979382
0.6,0.7,0.2,0.7,0.4164379,49925,0.05420702206952844
0.8,0.5,0.2,0.8,0.4165256,49925,0.05398029726109002
0.5,0.9,0.2,0.9,0.41662392,49925,0.052602176012811586
0.7,0.6,0.2,0.8,0.41662544,49925,0.053948813790804004
0.9,0.4,0.2,0.6,0.4168103,49925,0.05474161951782856
0.7,0.9,0.3,0.2,0.4168439,49925,0.05813066090786016
0.4,0.3,0.1,0.8,0.41690102,49925,0.0506277658734341
0.3,0.4,0.1,0.8,0.4169573,49925,0.05031048130101643
0.8,0.4,0.2,0.4,0.41703486,49925,0.056151149154472474
0.4,0.2,0.1,0.2,0.41703486,49925,0.056151149154472474
0.5,0.9,0.2,0.8,0.4171253,49925,0.05301345474025012
0.1,0.9,0.1,0.3,0.4171976,49925,0.048254780576283136
0.7,0.5,0.2,0.4,0.41721207,49925,0.05627661571315172
0.9,0.8,0.3,0.4,0.41732228,49925,0.05727679401073582
0.3,0.3,0.1,0.2,0.41732812,49925,0.05619213349536566
0.9,0.9,0.3,0.6,0.41732812,49925,0.056192133495365656
0.6,0.6,0.2,0.4,0.41732812,49925,0.05619213349536566
0.5,0.2,0.1,0.5,0.41736296,49925,0.05271691543783094
0.8,0.3,0.2,0.2,0.41737276,49925,0.0574571141173168
0.5,0.7,0.2,0.3,0.41741857,49925,0.056304136890475934
0.3,0.4,0.1,0.9,0.41741994,49925,0.04961611894776065
0.8,0.5,0.2,0.7,0.41742232,49925,0.054461340432986526
0.1,0.9,0.1,0.2,0.41753972,49925,0.04825152595828566
0.9,0.3,0.2,0.3,0.4175509,49925,0.056205184795608834
0.1,0.8,0.1,0.8,0.41756716,49925,0.047458053899337035
0.7,0.8,0.3,0.1,0.41758144,49925,0.05923085205983889
0.3,0.4,0.1,0.7,0.4176448,49925,0.05106612969065922
0.4,0.3,0.1,0.7,0.4176678,49925,0.05138975926991856
0.6,0.4,0.2,0.1,0.41769886,49925,0.059229666066860094
0.7,0.1,0.1,0.5,0.41775054,49925,0.051136892086904924
0.7,0.3,0.2,0.1,0.4177664,49925,0.05897788979872983
0.8,0.5,0.2,0.6,0.41777763,49925,0.05492566328548298
0.2,0.5,0.1,0.2,0.41781214,49925,0.05387220528704354
0.7,0.6,0.2,0.7,0.41783613,49925,0.054449068093887366
0.6,0.7,0.2,0.6,0.41789034,49925,0.054672783236837615
0.6,0.5,0.2,0.2,0.41799635,49925,0.05786544940567381
0.1,0.9,0.1,0.4,0.41806924,49925,0.048116099478653654
0.3,0.4,0.1,0.6,0.41816694,49925,0.05180517686528869
0.7,0.4,0.2,0.2,0.41839704,49925,0.05784267470491386
0.8,0.9,0.3,0.3,0.4184502,49925,0.05748270691004159
0.5,0.9,0.2,0.7,0.41848525,49925,0.05341111246773334
0.4,0.9,0.2,0.2,0.41860053,49925,0.0553109102381412
0.3,0.4,0.1,0.5,0.4186553,49925,0.0526127535817864
0.8,0.1,0.1,0.9,0.41868174,49925,0.048715553049027846
0.4,0.3,0.1,0.6,0.41871428,49925,0.05217653282765539
0.9,0.9,0.3,0.5,0.41873237,49925,0.056537523608033775
0.5,0.8,0.2,0.4,0.41880935,49925,0.05515711368143877
0.1,0.8,0.1,0.9,0.4188141,49925,0.04704602457274407
0.1,0.9,0.1,0.5,0.4188431,49925,0.04791843832518358
0.7,0.6,0.2,0.6,0.41888833,49925,0.05491536859857896
0.1,0.9,0.1,0.1,0.4189317,49925,0.04805554253586197
0.8,0.8,0.3,0.2,0.4189395,49925,0.05840414094868108
0.6,0.2,0.1,0.9,0.41905484,49925,0.04976300929134602
0.5,0.2,0.1,0.4,0.41914588,49925,0.05350904179910771
0.8,0.1,0.1,0.8,0.41921344,49925,0.04918099527209769
0.2,0.6,0.1,0.5,0.41922534,49925,0.05094541324912571
0.9,0.4,0.2,0.5,0.41925928,49925,0.05519329190051454
0.6,0.1,0.1,0.2,0.41932267,49925,0.05376752034484181
0.6,0.6,0.2,0.3,0.4193307,49925,0.05670606386551614
0.2,0.6,0.1,0.6,0.41937009,49925,0.05033460470580297
0.8,0.7,0.3,0.1,0.4194292,49925,0.05943836306638503
0.5,0.1,0.1,0.1,0.4194331,49925,0.05586511198281704
0.5,0.9,0.2,0.6,0.41950557,49925,0.0537876289644112
0.6,0.8,0.2,0.9,0.41972584,49925,0.05301819929840175
0.4,0.8,0.2,0.1,0.4197708,49925,0.0565734460794509
0.9,0.7,0.3,0.2,0.41979426,49925,0.05853339960101367
0.8,0.1,0.1,0.7,0.41996577,49925,0.049671590348658846
0.6,0.7,0.2,0.5,0.41997954,49925,0.05515750946523231
0.6,0.2,0.1,0.8,0.41999102,49925,0.050372151400375424
0.8,0.4,0.2,0.3,0.42001435,49925,0.0566652510957611
0.9,0.5,0.2,0.9,0.42003354,49925,0.05333701921065501
0.9,0.8,0.3,0.3,0.42010486,49925,0.057647050685632986
0.4,0.3,0.1,0.5,0.42011255,49925,0.05297075932609717
0.1,0.9,0.1,0.7,0.42015478,49925,0.04735125032439106
0.8,0.5,0.2,0.5,0.42016798,49925,0.05539897973049083
0.2,0.6,0.1,0.7,0.42017663,49925,0.04973345009586976
0.1,0.9,0.1,0.6,0.42017835,49925,0.04765993655492624
0.6,0.8,0.2,0.8,0.4201965,49925,0.05340880575576029
0.3,0.4,0.1,0.4,0.4201965,49925,0.05340880575576029
0.2,0.6,0.1,0.4,0.4202226,49925,0.05154749639402241
0.7,0.5,0.2,0.3,0.42025086,49925,0.056786033332627044
0.2,0.6,0.1,0.9,0.42031628,49925,0.04861243714690924
0.2,0.6,0.1,0.8,0.4203199,49925,0.049174251828173206
0.7,0.1,0.1,0.4,0.42036197,49925,0.051716663886579944
0.5,0.7,0.2,0.2,0.42042202,49925,0.056816207917808975
0.9,0.6,0.3,0.1,0.42048693,49925,0.05946984507330436
0.8,0.6,0.2,0.9,0.42052203,49925,0.05339941426955498
0.9,0.9,0.3,0.4,0.4205609,49925,0.05687913184020262
0.5,0.9,0.2,0.5,0.42065388,49925,0.05417690702600251
0.7,0.9,0.3,0.1,0.4206756,49925,0.05854514832348144
0.6,0.8,0.2,0.7,0.4206924,49925,0.053823801201718924
0.6,0.2,0.1,0.7,0.4207418,49925,0.051012839673445165
0.7,0.7,0.2,0.9,0.42077288,49925,0.05326713582125301
0.1,0.9,0.1,0.8,0.4208774,49925,0.04705107857558088
0.9,0.5,0.2,0.8,0.42088565,49925,0.05375719279138154
0.2,0.6,0.1,0.3,0.42097616,49925,0.05209698890869873
0.5,0.2,0.1,0.3,0.42100462,49925,0.05435173884660162
0.7,0.6,0.2,0.5,0.4210251,49925,0.05539066260773042
0.8,0.1,0.1,0.6,0.42133746,49925,0.050107726531530394
0.4,0.3,0.1,0.4,0.42136884,49925,0.05382630139227592
0.8,0.6,0.2,0.8,0.42136884,49925,0.05382630139227592
0.5,0.8,0.2,0.3,0.42150995,49925,0.05561535191531353
0.9,0.2,0.2,0.1,0.42156017,49925,0.057177284851581314
0.9,0.5,0.2,0.7,0.4217767,49925,0.05416721802494872
0.3,0.4,0.1,0.3,0.4218314,49925,0.054244963112162425
0.6,0.8,0.2,0.6,0.4218314,49925,0.054244963112162425
0.5,0.6,0.2,0.1,0.42183408,49925,0.05819728295350049
0.7,0.7,0.2,0.8,0.42192164,49925,0.053689368716988456
0.9,0.4,0.2,0.4,0.4221434,49925,0.0556336937424532
0.6,0.2,0.1,0.6,0.42214772,49925,0.0516303337625826
0.1,0.9,0.1,0.9,0.42214853,49925,0.046722029910888474
0.7,0.1,0.1,0.3,0.42220613,49925,0.052224101358865994
0.8,0.9,0.3,0.2,0.42231992,49925,0.05786665059311191
0.8,0.6,0.2,0.7,0.42250082,49925,0.05422663204876251
0.6,0.7,0.2,0.4,0.4225338,49925,0.05563917947065699
0.2,0.5,0.1,0.1,0.4226424,49925,0.054493580957158505
0.5,0.9,0.2,0.4,0.42270544,49925,0.05455389669781723
0.7,0.7,0.2,0.7,0.4227508,49925,0.0541221243216129
0.8,0.5,0.2,0.4,0.42285743,49925,0.0558541925137275
0.5,0.3,0.1,0.9,0.4229376,49925,0.05011865072556398
0.8,0.1,0.1,0.5,0.4230173,49925,0.05058630236878864
0.9,0.1,0.1,0.8,0.42303142,49925,0.04893307430767066
0.7,0.6,0.2,0.4,0.42312008,49925,0.055856684397904116
0.9,0.1,0.1,0.9,0.4231797,49925,0.04852163929212923
0.9,0.3,0.2,0.2,0.4231968,49925,0.05672253614749389
0.4,0.9,0.2,0.1,0.42333633,49925,0.055655673354257244
0.9,0.5,0.2,0.6,0.42337808,49925,0.05458483678828636
0.6,0.9,0.2,0.9,0.42339942,49925,0.052695654407643636
0.4,0.3,0.1,0.3,0.42345083,49925,0.05465797793609772
0.8,0.6,0.2,0.6,0.42345083,49925,0.05465797793609772
0.3,0.5,0.1,0.9,0.4235706,49925,0.04951920679709026
0.5,0.3,0.1,0.8,0.42358962,49925,0.050787074262887574
0.9,0.8,0.3,0.2,0.42364597,49925,0.05804767372874428
0.8,0.8,0.3,0.1,0.4236825,49925,0.05883763639403069
0.9,0.1,0.1,0.7,0.42373425,49925,0.04929421963713635
0.6,0.5,0.2,0.1,0.4237972,49925,0.05848501447628649
0.7,0.7,0.2,0.6,0.42386064,49925,0.05455461158754315
0.6,0.9,0.2,0.8,0.4238608,49925,0.05306166002010153
0.2,0.7,0.1,0.7,0.42388323,49925,0.04928891515321952
0.9,0.9,0.3,0.3,0.42389178,49925,0.05720649154997808
0.6,0.6,0.2,0.2,0.42389178,49925,0.05720649154997809
0.3,0.3,0.1,0.1,0.42389178,49925,0.05720649154997809
0.4,0.4,0.1,0.9,0.4239031,49925,0.04999136891972822
0.6,0.2,0.1,0.5,0.42404503,49925,0.05227228663229196
0.3,0.5,0.1,0.7,0.42411387,49925,0.05074605947992654
0.3,0.5,0.1,0.8,0.42412156,49925,0.05013120867767153
0.9,0.6,0.2,0.9,0.42413536,49925,0.05323494499254348
0.7,0.2,0.1,0.9,0.42415196,49925,0.04968911505839662
0.6,0.8,0.2,0.5,0.42419446,49925,0.05465182135305858
0.5,0.3,0.1,0.7,0.42430675,49925,0.0513910832841753
0.2,0.7,0.1,0.6,0.4243802,49925,0.04978330444738224
0.8,0.3,0.2,0.1,0.4245036,49925,0.05805396167625506
0.4,0.2,0.1,0.1,0.42450422,49925,0.05715844279613622
0.8,0.4,0.2,0.2,0.42450422,49925,0.05715844279613622
0.4,0.4,0.1,0.8,0.42455244,49925,0.0506374279631003
0.5,0.8,0.2,0.2,0.42455408,49925,0.05601679942175024
0.6,0.7,0.2,0.3,0.42457515,49925,0.05608601165632859
0.2,0.6,0.1,0.2,0.4246479,49925,0.05260725836685566
0.2,0.7,0.1,0.9,0.424663,49925,0.04835223685788138
0.2,0.7,0.1,0.5,0.42467117,49925,0.05025068641247962
0.6,0.9,0.2,0.7,0.42469493,49925,0.05342150761597367
0.7,0.2,0.1,0.8,0.42476538,49925,0.05021188147029229
0.2,0.7,0.1,0.8,0.42485753,49925,0.04882478952672812
0.7,0.4,0.2,0.1,0.42490703,49925,0.058427990715061544
0.5,0.9,0.2,0.3,0.42497918,49925,0.05491674146642443
0.9,0.7,0.3,0.1,0.42498648,49925,0.05895196827276244
0.2,0.7,0.1,0.4,0.42499188,49925,0.05071378593696735
0.7,0.8,0.2,0.9,0.4250124,49925,0.053000606836623276
0.9,0.5,0.2,0.5,0.42505407,49925,0.05500268402916534
0.3,0.5,0.1,0.6,0.42508435,49925,0.051402395327398466
0.7,0.5,0.2,0.2,0.42514357,49925,0.05731649749737833
0.8,0.1,0.1,0.4,0.42524466,49925,0.05100225026036999
0.9,0.6,0.2,0.8,0.42539006,49925,0.053617385821248226
0.8,0.7,0.2,0.9,0.4254018,49925,0.05319797689277195
0.6,0.9,0.2,0.6,0.42545953,49925,0.05379389029950142
0.3,0.5,0.1,0.5,0.4254875,49925,0.05204869426741059
0.5,0.3,0.1,0.6,0.4255562,49925,0.05205558770121326
0.4,0.4,0.1,0.7,0.42565185,49925,0.05126171050299325
0.7,0.2,0.1,0.7,0.4256895,49925,0.050724058249272126
0.9,0.1,0.1,0.6,0.42583597,49925,0.04965015520844427
0.9,0.4,0.2,0.3,0.42584178,49925,0.0560795146518545
0.5,0.7,0.2,0.1,0.42587045,49925,0.057274427577408735
0.7,0.7,0.2,0.5,0.4258797,49925,0.054966792631116826
0.7,0.6,0.2,0.3,0.4259302,49925,0.05630198732870539
0.6,0.2,0.1,0.4,0.42601743,49925,0.052903593066848754
0.7,0.8,0.2,0.8,0.42602336,49925,0.05338249300606218
0.2,0.7,0.1,0.3,0.42606324,49925,0.051100948102197
0.8,0.6,0.2,0.5,0.42606404,49925,0.055073077904170153
0.8,0.7,0.2,0.8,0.4262202,49925,0.05359804939846625
0.6,0.8,0.2,0.4,0.42625123,49925,0.0550552564603803
0.3,0.4,0.1,0.2,0.42625123,49925,0.0550552564603803
0.7,0.1,0.1,0.2,0.42656454,49925,0.052662211328951575
0.8,0.5,0.2,0.3,0.4265809,49925,0.056300759037247
0.5,0.2,0.1,0.2,0.42661458,49925,0.055126388878879586
0.8,0.9,0.3,0.1,0.42672968,49925,0.058241647702150234
0.6,0.9,0.2,0.5,0.42690533,49925,0.054141637663744024
0.9,0.6,0.2,0.7,0.42701375,49925,0.05399057076399918
0.4,0.4,0.1,0.6,0.4270912,49925,0.0519338517729885
0.7,0.8,0.2,0.7,0.42711216,49925,0.053773444724052745
0.5,0.3,0.1,0.5,0.4272231,49925,0.05272014723776482
0.7,0.2,0.1,0.6,0.42723256,49925,0.05124455394687788
0.9,0.9,0.3,0.2,0.42727354,49925,0.05753917631032657
0.8,0.7,0.2,0.7,0.42738226,49925,0.05397573769543744
0.3,0.5,0.1,0.4,0.42740652,49925,0.05271440335614561
0.9,0.1,0.1,0.5,0.42782843,49925,0.050039195878847906
0.8,0.2,0.1,0.9,0.42788163,49925,0.04953005953225348
0.7,0.8,0.2,0.6,0.42791075,49925,0.054158397319771845
0.6,0.3,0.1,0.9,0.42799056,49925,0.050173379273283025
0.2,0.8,0.1,0.6,0.42802513,49925,0.04920818147136216
0.6,0.7,0.2,0.2,0.4280368,49925,0.05652352769513636
0.6,0.1,0.1,0.1,0.4282202,49925,0.05435598699729689
0.9,0.5,0.2,0.4,0.4282304,49925,0.05540457327081014
0.8,0.1,0.1,0.3,0.42834353,49925,0.051396828985873035
0.9,0.6,0.2,0.6,0.42840248,49925,0.0543550285384069
0.2,0.8,0.1,0.8,0.42845282,49925,0.04841435655722903
0.5,0.9,0.2,0.2,0.4284641,49925,0.05525496866160625
0.8,0.6,0.2,0.4,0.428571,49925,0.05549641359258215
0.4,0.3,0.1,0.2,0.428571,49925,0.05549641359258215
0.7,0.7,0.2,0.4,0.42861944,49925,0.05538188614297155
0.7,0.9,0.2,0.9,0.42864832,49925,0.05271058404738064
0.2,0.8,0.1,0.7,0.42868963,49925,0.04882660267157957
0.2,0.8,0.1,0.9,0.42871067,49925,0.04802117263891384
0.8,0.7,0.2,0.6,0.42872298,49925,0.05433466116771676
0.3,0.6,0.1,0.8,0.42877227,49925,0.04983486800438675
0.4,0.4,0.1,0.5,0.42882842,49925,0.0526136334633404
0.6,0.2,0.1,0.3,0.42893824,49925,0.05354067445152855
0.9,0.7,0.2,0.9,0.42895126,49925,0.05307391280545065
0.3,0.6,0.1,0.9,0.42896426,49925,0.04931968195109646
0.2,0.8,0.1,0.5,0.4289644,49925,0.04957186415326878
0.6,0.8,0.2,0.3,0.42907166,49925,0.05544531732311277
0.6,0.3,0.1,0.8,0.42907783,49925,0.05070976207296007
0.8,0.2,0.1,0.8,0.42910555,49925,0.04997094163897205
0.5,0.3,0.1,0.4,0.4292149,49925,0.05338705441621376
0.9,0.8,0.3,0.1,0.42931265,49925,0.05841014806486676
0.6,0.6,0.2,0.1,0.42933306,49925,0.05771056042935566
0.2,0.6,0.1,0.1,0.42935157,49925,0.05299239756915945
0.7,0.2,0.1,0.5,0.42935428,49925,0.051759089616898964
0.3,0.6,0.1,0.7,0.42941537,49925,0.050373655032408926
0.5,0.8,0.2,0.1,0.4295263,49925,0.05641144815265814
0.7,0.9,0.2,0.8,0.42963424,49925,0.053042400556644276
0.6,0.3,0.1,0.7,0.4296622,49925,0.05123008008925463
0.8,0.8,0.2,0.9,0.42969674,49925,0.052960952509293835
0.6,0.9,0.2,0.4,0.42972124,49925,0.05447634115870033
0.3,0.5,0.1,0.3,0.42974052,49925,0.05332684132652729
0.2,0.8,0.1,0.4,0.42980626,49925,0.04991254249083199
0.7,0.8,0.2,0.5,0.4298323,49925,0.05452213516233666
0.9,0.3,0.2,0.1,0.42992455,49925,0.05718953012091926
0.7,0.6,0.2,0.2,0.4300182,49925,0.05673216356988682
0.2,0.7,0.1,0.2,0.43013874,49925,0.051429171506890865
0.9,0.4,0.2,0.2,0.43020648,49925,0.056483403154584146
0.9,0.7,0.2,0.8,0.43021154,49925,0.05341279779813546
0.3,0.6,0.1,0.6,0.43028295,49925,0.05090778398359326
0.9,0.1,0.1,0.4,0.43035862,49925,0.05035533756328889
0.5,0.4,0.1,0.9,0.430426,49925,0.05022080515370303
0.4,0.5,0.1,0.9,0.43054572,49925,0.04993960854311247
0.7,0.9,0.2,0.7,0.43058103,49925,0.05339190415759601
0.9,0.6,0.2,0.5,0.43075863,49925,0.05471339295581448
0.8,0.2,0.1,0.7,0.43086404,49925,0.05039811311924923
0.7,0.5,0.2,0.1,0.43089086,49925,0.05778901050758044
0.4,0.4,0.1,0.4,0.4309186,49925,0.053322554321665695
0.8,0.8,0.2,0.8,0.4309186,49925,0.053322554321665695
0.8,0.5,0.2,0.2,0.43110824,49925,0.056731979458916254
0.8,0.4,0.2,0.1,0.4311772,49925,0.05766501254529962
0.8,0.7,0.2,0.5,0.4312184,49925,0.054708989698679725
0.7,0.7,0.2,0.3,0.43125406,49925,0.05576575914768333
0.5,0.4,0.1,0.8,0.43129984,49925,0.05075843029913508
0.4,0.5,0.1,0.8,0.43132296,49925,0.050468303587390115
0.6,0.3,0.1,0.6,0.4314329,49925,0.05180222753532223
0.9,0.7,0.2,0.7,0.43158695,49925,0.053760204834875515
0.8,0.8,0.2,0.7,0.4316165,49925,0.05366752660226095
0.3,0.6,0.1,0.5,0.43169796,49925,0.05143562558541231
0.2,0.8,0.1,0.3,0.43172285,49925,0.050166396179356615
0.9,0.9,0.3,0.1,0.43182054,49925,0.057853127690948414
0.7,0.9,0.2,0.6,0.43186933,49925,0.053724354778080324
0.8,0.6,0.2,0.3,0.43191347,49925,0.05585173976681053
0.4,0.5,0.1,0.7,0.43197218,49925,0.051008071686098555
0.2,0.9,0.1,0.9,0.43216917,49925,0.047677017205764206
0.9,0.5,0.2,0.3,0.4321967,49925,0.055779499043447256
0.2,0.9,0.1,0.7,0.4322221,49925,0.048342829866648035
0.9,0.2,0.1,0.9,0.4322619,49925,0.04931407891422757
0.7,0.8,0.2,0.4,0.43227878,49925,0.054858837989824716
0.2,0.9,0.1,0.6,0.4323546,49925,0.0486406719400652
0.6,0.8,0.2,0.2,0.43236318,49925,0.05580588802587362
0.3,0.4,0.1,0.1,0.43236318,49925,0.05580588802587362
0.2,0.9,0.1,0.8,0.4325468,49925,0.04801580202245813
0.8,0.2,0.1,0.6,0.4325952,49925,0.05082630524101502
0.7,0.3,0.1,0.9,0.43264452,49925,0.050095205280482925
0.7,0.2,0.1,0.4,0.43267098,49925,0.05227919880137476
0.6,0.9,0.2,0.3,0.43274376,49925,0.05480292078113756
0.5,0.4,0.1,0.7,0.43277562,49925,0.051331473835360415
0.8,0.8,0.2,0.6,0.4328663,49925,0.0539759833911056
0.4,0.4,0.1,0.3,0.4328663,49925,0.0539759833911056
0.5,0.3,0.1,0.3,0.43295875,49925,0.054057903441977646
0.8,0.1,0.1,0.2,0.4329723,49925,0.0516603590438671
0.3,0.5,0.1,0.2,0.43304947,49925,0.05392739596425577
0.9,0.7,0.2,0.6,0.4331349,49925,0.054078369117094974
0.3,0.7,0.1,0.9,0.4331755,49925,0.04904916057622632
0.7,0.9,0.2,0.5,0.43325686,49925,0.054033157841274604
0.9,0.8,0.2,0.9,0.43329132,49925,0.052879318383643986
0.3,0.6,0.1,0.4,0.43332165,49925,0.051949045564189646
0.8,0.9,0.2,0.9,0.43333805,49925,0.052685674166763244
0.6,0.3,0.1,0.5,0.43340513,49925,0.05233184911566585
0.5,0.9,0.2,0.1,0.43352994,49925,0.055563034449443986
0.4,0.5,0.1,0.6,0.43357113,49925,0.0515668133291745
0.2,0.9,0.1,0.5,0.43369606,49925,0.048905639715282244
0.9,0.2,0.1,0.8,0.43375725,49925,0.04969103516942847
0.5,0.4,0.1,0.6,0.43382132,49925,0.05188423701845594
0.3,0.7,0.1,0.8,0.43384862,49925,0.04949432415294228
0.8,0.7,0.2,0.4,0.43386388,49925,0.05504726169297796
0.7,0.3,0.1,0.8,0.43387693,49925,0.05055353826453818
0.9,0.1,0.1,0.3,0.43404886,49925,0.05059092037131039
0.2,0.8,0.1,0.2,0.43413186,49925,0.05035606008887026
0.2,0.9,0.1,0.4,0.43420243,49925,0.04915106329475266
0.9,0.6,0.2,0.4,0.4342057,49925,0.055078606106219036
0.6,0.7,0.2,0.1,0.43435436,49925,0.056920274958857583
0.3,0.7,0.1,0.7,0.43436974,49925,0.04993750233842511
0.8,0.9,0.2,0.8,0.43449023,49925,0.053035811955494346
0.2,0.7,0.1,0.1,0.43452156,49925,0.05164219287280621
0.9,0.8,0.2,0.8,0.4345623,49925,0.05320031731682698
0.6,0.2,0.1,0.2,0.43472818,49925,0.054103803865669944
0.9,0.2,0.1,0.7,0.43513045,49925,0.050050309858219885
0.7,0.3,0.1,0.7,0.43513554,49925,0.0510154260224376
0.8,0.8,0.2,0.5,0.43533325,49925,0.05427685424014221
0.4,0.5,0.1,0.5,0.43534064,49925,0.0521421618603152
0.5,0.2,0.1,0.1,0.43535465,49925,0.05583991229615115
0.9,0.7,0.2,0.5,0.43535605,49925,0.054393006382374154
0.8,0.2,0.1,0.5,0.43535975,49925,0.051257763155463806
0.7,0.7,0.2,0.2,0.43537706,49925,0.056114432770740394
0.3,0.7,0.1,0.6,0.43546268,49925,0.05035836618717344
0.3,0.6,0.1,0.3,0.43556818,49925,0.05242393137733455
0.7,0.2,0.1,0.3,0.43559542,49925,0.05276152741982031
0.5,0.4,0.1,0.5,0.43560362,49925,0.05246226913685092
0.8,0.9,0.2,0.7,0.43564636,49925,0.05331969388534808
0.6,0.4,0.1,0.9,0.43580616,49925,0.050268700645042616
0.7,0.8,0.2,0.3,0.43585613,49925,0.05519006723628647
0.4,0.6,0.1,0.9,0.43594563,49925,0.04972898646641
0.4,0.3,0.1,0.1,0.43608052,49925,0.05621575800208982
0.8,0.6,0.2,0.2,0.43608052,49925,0.05621575800208982
0.7,0.9,0.2,0.4,0.4360814,49925,0.05432731016042511
0.2,0.9,0.1,0.3,0.43612146,49925,0.04928707958963277
0.9,0.8,0.2,0.7,0.43619218,49925,0.05349927077438986
0.7,0.6,0.2,0.1,0.43627304,49925,0.057126731245625534
0.6,0.3,0.1,0.4,0.43654746,49925,0.052890841402301256
0.9,0.5,0.2,0.2,0.43654996,49925,0.05614639418681523
0.9,0.4,0.2,0.1,0.43655986,49925,0.05688818493594821
0.6,0.9,0.2,0.2,0.43670195,49925,0.05509704830777443
0.6,0.4,0.1,0.8,0.4367113,49925,0.050744829536983095
0.8,0.7,0.2,0.3,0.4367568,49925,0.05538104159898982
0.8,0.3,0.1,0.9,0.43677947,49925,0.04993966764979681
0.7,0.1,0.1,0.1,0.4368253,49925,0.05305351776692487
0.9,0.2,0.1,0.6,0.43685746,49925,0.050404296520211146
0.4,0.6,0.1,0.8,0.43687525,49925,0.05018332773187573
0.3,0.7,0.1,0.5,0.43694445,49925,0.0507920867384201
0.5,0.5,0.1,0.9,0.43699035,49925,0.05012300326221094
0.8,0.2,0.1,0.4,0.4371249,49925,0.05164796999410462
0.3,0.8,0.1,0.9,0.4371748,49925,0.04873146699346329
0.8,0.9,0.2,0.6,0.43723902,49925,0.053599765871452404
0.9,0.9,0.2,0.9,0.43726888,49925,0.05265556597035251
0.6,0.4,0.1,0.7,0.43738553,49925,0.05121573747781531
0.2,0.9,0.1,0.2,0.43739855,49925,0.049348472011816524
0.8,0.5,0.2,0.1,0.43741125,49925,0.05713780346287864
0.4,0.5,0.1,0.4,0.43741158,49925,0.052689476948000594
0.7,0.3,0.1,0.6,0.4376404,49925,0.051491924173553236
0.9,0.6,0.2,0.3,0.4376443,49925,0.05539866873003687
0.5,0.4,0.1,0.4,0.4376842,49925,0.053015594024509394
0.9,0.8,0.2,0.6,0.4377443,49925,0.053763903657496795
0.3,0.8,0.1,0.8,0.43796468,49925,0.04909945625682722
0.3,0.7,0.1,0.4,0.43798572,49925,0.05120842925313207
0.9,0.9,0.2,0.8,0.4381159,49925,0.052938510221044746
0.5,0.5,0.1,0.8,0.43827552,49925,0.050587096818155486
0.4,0.6,0.1,0.7,0.4382775,49925,0.050662878654615544
0.8,0.8,0.2,0.4,0.43830118,49925,0.054594123795653746
0.4,0.4,0.1,0.2,0.43830118,49925,0.054594123795653746
0.5,0.3,0.1,0.2,0.43830863,49925,0.05466341492053398
0.3,0.8,0.1,0.7,0.43844202,49925,0.04946892143361066
0.6,0.8,0.2,0.1,0.43847716,49925,0.05611298167159466
0.8,0.3,0.1,0.8,0.4385114,49925,0.050343258482793384
0.2,0.8,0.1,0.1,0.4390399,49925,0.05038648711648493
0.9,0.1,0.1,0.2,0.43905425,49925,0.050761993773194534
0.8,0.9,0.2,0.5,0.43924537,49925,0.053848862079449465
0.9,0.7,0.2,0.4,0.43927938,49925,0.05470163678813707
0.9,0.2,0.1,0.5,0.4392913,49925,0.05073334397681299
0.7,0.9,0.2,0.3,0.43930033,49925,0.05460709239833101
0.6,0.4,0.1,0.6,0.43935874,49925,0.05170671552134692
0.4,0.6,0.1,0.6,0.43937048,49925,0.05112376297214683
0.3,0.8,0.1,0.6,0.43942103,49925,0.0498235338434402
0.9,0.9,0.2,0.7,0.4396743,49925,0.053177308943260775
0.5,0.5,0.1,0.7,0.4397199,49925,0.05108506259339806
0.7,0.3,0.1,0.5,0.43979302,49925,0.051936406474732515
0.3,0.6,0.1,0.2,0.43983746,49925,0.05283798313037952
0.7,0.8,0.2,0.2,0.43991432,49925,0.05547939994787038
0.8,0.3,0.1,0.7,0.44016188,49925,0.050738298055224784
0.3,0.5,0.1,0.1,0.44018668,49925,0.054412751074565543
0.7,0.4,0.1,0.9,0.44026226,49925,0.05019715522651932
0.5,0.5,0.1,0.6,0.4404893,49925,0.05158331973838381
0.3,0.9,0.1,0.9,0.44049695,49925,0.04839527644973969
0.4,0.7,0.1,0.9,0.44050482,49925,0.04947184857473497
0.6,0.3,0.1,0.3,0.4405648,49925,0.053405211218161434
0.4,0.5,0.1,0.3,0.4405828,49925,0.05319339850119668
0.9,0.8,0.2,0.5,0.44061512,49925,0.05402359124057492
0.7,0.7,0.2,0.1,0.4408274,49925,0.056438776176492456
0.9,0.3,0.1,0.9,0.44087946,49925,0.04975320607199415
0.3,0.8,0.1,0.5,0.44095886,49925,0.050148606917835695
0.3,0.7,0.1,0.3,0.44096178,49925,0.051532926034356566
0.8,0.2,0.1,0.3,0.44123623,49925,0.051960755377041916
0.4,0.6,0.1,0.5,0.44128463,49925,0.05159622697109131
0.8,0.8,0.2,0.3,0.44138214,49925,0.05485509192877428
0.7,0.4,0.1,0.8,0.441399,49925,0.05060779196608424
0.8,0.7,0.2,0.2,0.4414516,49925,0.05568075456084391
0.4,0.7,0.1,0.8,0.4415301,49925,0.04987641561721508
0.5,0.4,0.1,0.3,0.4415308,49925,0.053517379887140226
0.7,0.2,0.1,0.2,0.4417243,49925,0.05312836315894379
0.3,0.9,0.1,0.8,0.44174194,49925,0.04869005617770483
0.6,0.4,0.1,0.5,0.44186956,49925,0.05215451310517085
0.5,0.6,0.1,0.9,0.4418874,49925,0.049948357622160926
0.9,0.9,0.2,0.6,0.44204873,49925,0.053409681122429095
0.8,0.9,0.2,0.4,0.44207317,49925,0.054095953565790174
0.9,0.2,0.1,0.4,0.44207472,49925,0.0510209375561816
0.9,0.6,0.2,0.2,0.442086,49925,0.055709537951166205
0.7,0.3,0.1,0.4,0.44212702,49925,0.052344056446422337
0.6,0.9,0.2,0.1,0.44215864,49925,0.055318908655890606
0.3,0.9,0.1,0.7,0.44219255,49925,0.048995836199078144
0.9,0.7,0.2,0.3,0.44222656,49925,0.05497255979853791
0.8,0.3,0.1,0.6,0.44230458,49925,0.05112789377705334
0.9,0.3,0.1,0.8,0.44255045,49925,0.050081801784805875
0.5,0.5,0.1,0.5,0.4426331,49925,0.05206683394158881
0.6,0.5,0.1,0.9,0.44264472,49925,0.05020647781420928
0.7,0.4,0.1,0.7,0.44286737,49925,0.05104012584215727
0.4,0.7,0.1,0.7,0.4428749,49925,0.05024501848733785
0.4,0.6,0.1,0.4,0.442891,49925,0.052019883060866315
0.9,0.8,0.2,0.4,0.44295734,49925,0.054298022573595874
0.3,0.8,0.1,0.4,0.44303367,49925,0.050448665254412633
0.2,0.9,0.1,0.1,0.44313577,49925,0.04925169370527984
0.3,0.9,0.1,0.6,0.44341424,49925,0.04926499623433233
0.6,0.5,0.1,0.8,0.4435159,49925,0.05062499379962814
0.8,0.6,0.2,0.1,0.44354698,49925,0.05655474516411039
0.9,0.5,0.2,0.1,0.44356382,49925,0.05645315991141641
0.5,0.6,0.1,0.8,0.44359452,49925,0.05035264148677086
0.8,0.1,0.1,0.1,0.44366065,49925,0.05187114319188705
0.7,0.9,0.2,0.2,0.443694,49925,0.054841711830790646
0.4,0.8,0.1,0.9,0.4440417,49925,0.04917927274164826
0.8,0.4,0.1,0.9,0.44427627,49925,0.050103712262341685
0.6,0.4,0.1,0.4,0.444477,49925,0.05259957641163707
0.9,0.3,0.1,0.7,0.4445039,49925,0.050420369844551276
0.4,0.7,0.1,0.6,0.4446206,49925,0.050614499898129606
0.6,0.5,0.1,0.7,0.4446224,49925,0.05104675494676918
0.8,0.9,0.2,0.3,0.4446857,49925,0.05431583678734796
0.3,0.9,0.1,0.5,0.4448283,49925,0.04952245303002987
0.9,0.9,0.2,0.5,0.4448462,49925,0.053638761788285236
0.8,0.3,0.1,0.5,0.44488433,49925,0.05147820971696163
0.3,0.7,0.1,0.2,0.44495633,49925,0.051786863758480205
0.4,0.8,0.1,0.8,0.44504115,49925,0.049513741862371244
0.5,0.6,0.1,0.7,0.44517192,49925,0.050764832916965166
0.7,0.4,0.1,0.6,0.4451889,49925,0.05142839572409686
0.6,0.2,0.1,0.1,0.4452194,49925,0.05458587525824844
0.4,0.5,0.1,0.2,0.44528967,49925,0.053606313062493215
0.3,0.8,0.1,0.3,0.44552335,49925,0.050676516500114246
0.5,0.5,0.1,0.4,0.4457804,49925,0.05250236959658944
0.8,0.8,0.2,0.2,0.44598722,49925,0.05509682605117305
0.4,0.4,0.1,0.1,0.44598722,49925,0.05509682605117305
0.8,0.4,0.1,0.8,0.4462596,49925,0.050430593327126086
0.9,0.8,0.2,0.3,0.4463717,49925,0.05453418838654017
0.7,0.8,0.2,0.1,0.44644105,49925,0.05572381657904449
0.6,0.5,0.1,0.6,0.44645578,49925,0.05145030945497896
0.5,0.7,0.1,0.9,0.44645923,49925,0.0497088796789594
0.4,0.7,0.1,0.5,0.4465914,49925,0.05101870828917873
0.3,0.9,0.1,0.4,0.446597,49925,0.04972031387748118
0.4,0.6,0.1,0.3,0.44668218,49925,0.05238945768211587
0.9,0.2,0.1,0.3,0.44677368,49925,0.051241434701384724
0.7,0.5,0.1,0.9,0.44679815,49925,0.05019348513942757
0.9,0.9,0.2,0.4,0.44692406,49925,0.05384279259354693
0.7,0.3,0.1,0.3,0.44692793,49925,0.052723434531880886
0.3,0.6,0.1,0.1,0.4469485,49925,0.05311972512129411
0.6,0.3,0.1,0.2,0.4470427,49925,0.05385677314487595
0.7,0.4,0.1,0.5,0.4470956,49925,0.051820978104067716
0.5,0.6,0.1,0.6,0.44712088,49925,0.0511779719632508
0.4,0.8,0.1,0.7,0.44725987,49925,0.0498240804206409
0.9,0.7,0.2,0.2,0.44736752,49925,0.05523319534380669
0.6,0.6,0.1,0.9,0.4474061,49925,0.05006192878198853
0.5,0.4,0.1,0.2,0.44745526,49925,0.05397021026598097
0.9,0.3,0.1,0.6,0.44755855,49925,0.050725342784641234
0.5,0.3,0.1,0.1,0.44762608,49925,0.05516815820013883
0.8,0.3,0.1,0.4,0.44765827,49925,0.05179276432147781
0.4,0.9,0.1,0.9,0.44793558,49925,0.04885905292465997
0.5,0.7,0.1,0.8,0.44801307,49925,0.05005818637447319
0.8,0.4,0.1,0.7,0.44836387,49925,0.05077697390840218
0.7,0.5,0.1,0.8,0.4483682,49925,0.050556573648528426
0.6,0.5,0.1,0.5,0.4486365,49925,0.05182780205454966
0.4,0.7,0.1,0.4,0.44881105,49925,0.05135052110607101
0.6,0.6,0.1,0.8,0.44886968,49925,0.05042023387842749
0.4,0.9,0.1,0.8,0.4489201,49925,0.049136860499482474
0.8,0.7,0.2,0.1,0.44899872,49925,0.05592253656757666
0.4,0.8,0.1,0.6,0.44901562,49925,0.050144895417182735
0.6,0.4,0.1,0.3,0.4490599,49925,0.05298228180018571
0.5,0.6,0.1,0.5,0.44912186,49925,0.0516019767921761
0.8,0.2,0.1,0.2,0.44915324,49925,0.05221470401592975
0.9,0.4,0.1,0.9,0.4491824,49925,0.04992380507320789
0.3,0.9,0.1,0.3,0.44928133,49925,0.04987530045311494
0.5,0.5,0.1,0.3,0.44963238,49925,0.05286326783976754
0.9,0.3,0.1,0.5,0.44979495,49925,0.05099772496086114
0.7,0.5,0.1,0.7,0.44991848,49925,0.050897554636985705
0.3,0.8,0.1,0.2,0.44991988,49925,0.050816779247164975
0.9,0.9,0.2,0.3,0.4500139,49925,0.054045477761506235
0.8,0.9,0.2,0.2,0.45017895,49925,0.054540776959169805
0.8,0.4,0.1,0.6,0.45019656,49925,0.05112445375973569
0.9,0.6,0.2,0.1,0.45024848,49925,0.055961328543083284
0.5,0.7,0.1,0.7,0.45027682,49925,0.05041575517381433
0.4,0.9,0.1,0.7,0.45028242,49925,0.04939105345313232
0.9,0.1,0.1,0.1,0.4503476,49925,0.05076856851207515
0.7,0.9,0.2,0.1,0.45053172,49925,0.05500981920250003
0.9,0.4,0.1,0.8,0.450665,49925,0.05019758381708203
0.7,0.4,0.1,0.4,0.4507321,49925,0.05214822376337193
0.4,0.8,0.1,0.5,0.4508234,49925,0.050439317066179566
0.6,0.6,0.1,0.7,0.45085895,49925,0.05078220603735691
0.8,0.5,0.1,0.9,0.45092383,49925,0.05010835161671276
0.5,0.8,0.1,0.9,0.45101026,49925,0.049446164550355096
0.5,0.6,0.1,0.4,0.4517936,49925,0.05191213008928621
0.5,0.7,0.1,0.6,0.45179477,49925,0.05073291382102074
0.6,0.7,0.1,0.9,0.45182896,49925,0.04983340151345197
0.7,0.5,0.1,0.6,0.45186436,49925,0.051218579727522674
0.9,0.8,0.2,0.2,0.45186907,49925,0.054713473971915366
0.4,0.7,0.1,0.3,0.45199275,49925,0.051599682817125785
0.4,0.6,0.1,0.2,0.45218766,49925,0.052689172044369945
0.7,0.6,0.1,0.9,0.45224565,49925,0.05007504941390984
0.6,0.5,0.1,0.4,0.45245495,49925,0.052174220218939436
0.3,0.7,0.1,0.1,0.4524805,49925,0.05191368217384253
0.5,0.8,0.1,0.8,0.4525906,49925,0.04971718820843386
0.9,0.4,0.1,0.7,0.45269835,49925,0.0504977534573477
0.8,0.3,0.1,0.3,0.45277756,49925,0.05206585966440192
0.8,0.5,0.1,0.8,0.4527885,49925,0.05039376635674816
0.8,0.4,0.1,0.5,0.45282757,49925,0.051413875547516245
0.6,0.6,0.1,0.6,0.45299712,49925,0.0511188500036769
0.7,0.2,0.1,0.1,0.4530335,49925,0.05340274759486882
0.9,0.3,0.1,0.4,0.4531896,49925,0.05123746463713542
0.4,0.9,0.1,0.6,0.45329857,49925,0.049658965841763825
0.4,0.8,0.1,0.4,0.45337406,49925,0.05066774991507324
0.6,0.7,0.1,0.8,0.45343477,49925,0.050146211922864954
0.8,0.8,0.2,0.1,0.45369348,49925,0.05529867728982856
0.7,0.6,0.1,0.8,0.45387328,49925,0.05037858347385017
0.3,0.9,0.1,0.2,0.45391542,49925,0.04990635886465305
0.5,0.7,0.1,0.5,0.45413584,49925,0.05104650521436449
0.7,0.5,0.1,0.5,0.4542265,49925,0.05153752503314084
0.4,0.5,0.1,0.1,0.45425254,49925,0.053959864587050786
0.5,0.8,0.1,0.7,0.4544308,49925,0.04999412365872312
0.5,0.9,0.1,0.9,0.45457762,49925,0.049107021929453834
0.9,0.5,0.1,0.9,0.454589,49925,0.04996120212774096
0.7,0.3,0.1,0.2,0.4546137,49925,0.05301019929104845
0.4,0.9,0.1,0.5,0.45461896,49925,0.04987629809372368
0.9,0.4,0.1,0.6,0.45478806,49925,0.05077198570358108
0.8,0.5,0.1,0.7,0.45482987,49925,0.05070396674871425
0.9,0.7,0.2,0.1,0.4549715,49925,0.0554388762598133
0.6,0.6,0.1,0.5,0.45498762,49925,0.0514241372349739
0.5,0.6,0.1,0.3,0.45504984,49925,0.0521726603641316
0.9,0.2,0.1,0.2,0.45539498,49925,0.051345050994175835
0.7,0.4,0.1,0.3,0.4556712,49925,0.052415011985311684
0.5,0.5,0.1,0.2,0.45578167,49925,0.05316259873121314
0.6,0.7,0.1,0.7,0.45588332,49925,0.05044597053980301
0.6,0.5,0.1,0.3,0.45593128,49925,0.05246695435156107
0.6,0.4,0.1,0.2,0.45602378,49925,0.05327611820652393
0.5,0.9,0.1,0.8,0.45609018,49925,0.0493583099269978
0.4,0.8,0.1,0.3,0.45609927,49925,0.05084306533177701
0.7,0.6,0.1,0.7,0.45627123,49925,0.050688411645930506
0.9,0.9,0.2,0.2,0.45630002,49925,0.05418865806336244
0.6,0.8,0.1,0.9,0.45644027,49925,0.049559950187919304
0.8,0.6,0.1,0.9,0.4564915,49925,0.04999942102163074
0.5,0.8,0.1,0.6,0.45664045,49925,0.05029024813937002
0.8,0.4,0.1,0.4,0.45673493,49925,0.05165396916780767
0.7,0.7,0.1,0.9,0.45687422,49925,0.049890593683728626
0.8,0.5,0.1,0.6,0.456958,49925,0.0509640135810806
0.8,0.9,0.2,0.1,0.45697176,49925,0.054678665594990156
0.5,0.7,0.1,0.4,0.45704046,49925,0.05131307392264208
0.5,0.4,0.1,0.1,0.45722565,49925,0.054329944898598694
0.9,0.5,0.1,0.8,0.45727068,49925,0.05022363138500686
0.6,0.3,0.1,0.1,0.45741522,49925,0.05414506214753224
0.4,0.9,0.1,0.4,0.45750573,49925,0.05002253283849971
0.4,0.7,0.1,0.2,0.45766196,49925,0.05181070069618291
0.8,0.6,0.1,0.8,0.45784044,49925,0.05027438103898698
0.7,0.5,0.1,0.4,0.45787162,49925,0.05179894551323314
0.5,0.9,0.1,0.7,0.4579561,49925,0.04960825526247166
0.3,0.8,0.1,0.1,0.45820057,49925,0.050795896174037944
0.6,0.7,0.1,0.6,0.45820856,49925,0.05073205952141514
0.6,0.8,0.1,0.8,0.4582285,49925,0.0498455027993797
0.9,0.4,0.1,0.5,0.45839742,49925,0.050995015934629094
0.7,0.6,0.1,0.6,0.45841503,49925,0.050959816387167844
0.6,0.6,0.1,0.4,0.4585275,49925,0.05165411584663411
0.7,0.7,0.1,0.8,0.45853895,49925,0.050164316490727695
0.5,0.8,0.1,0.5,0.45857492,49925,0.05052841739650561
0.9,0.3,0.1,0.3,0.45874423,49925,0.051380200986700486
0.9,0.5,0.1,0.7,0.45924288,49925,0.05046207603193437
0.9,0.8,0.2,0.1,0.45953995,49925,0.054871272610560115
0.5,0.9,0.1,0.6,0.45982885,49925,0.04983543517892239
0.4,0.9,0.1,0.3,0.45997638,49925,0.05010977959975463
0.8,0.2,0.1,0.1,0.4602341,49925,0.0523227132085679
0.6,0.8,0.1,0.7,0.46035463,49925,0.05008811642284692
0.6,0.9,0.1,0.9,0.46039873,49925,0.04927883249084144
0.8,0.5,0.1,0.5,0.46045178,49925,0.05119054251486586
0.6,0.7,0.1,0.5,0.46057802,49925,0.05096035746796677
0.8,0.3,0.1,0.2,0.46059158,49925,0.05220511991819378
0.9,0.6,0.1,0.9,0.46060178,49925,0.049887988078714716
0.5,0.7,0.1,0.3,0.46064106,49925,0.05149146345442335
0.4,0.6,0.1,0.1,0.46087074,49925,0.05286944828885465
0.7,0.6,0.1,0.5,0.46087775,49925,0.05117775965980894
0.7,0.8,0.1,0.9,0.46102154,49925,0.049645111635527005
0.8,0.7,0.1,0.9,0.46107727,49925,0.049847927886412645
0.7,0.7,0.1,0.7,0.46115333,49925,0.050399069625969385
0.8,0.6,0.1,0.7,0.46119705,49925,0.05051649975678436
0.5,0.8,0.1,0.4,0.46132568,49925,0.05072176738833306
0.3,0.9,0.1,0.1,0.46172518,49925,0.049766860091444286
0.4,0.8,0.1,0.2,0.46180913,49925,0.050912351628422656
0.5,0.6,0.1,0.2,0.46184072,49925,0.0523597404599522
0.9,0.5,0.1,0.6,0.4620729,49925,0.050666744198930566
0.6,0.9,0.1,0.8,0.4620812,49925,0.049509891847713164
0.9,0.4,0.1,0.4,0.46239674,49925,0.051159945574170286
0.5,0.9,0.1,0.5,0.46253777,49925,0.04999303626138963
0.6,0.8,0.1,0.6,0.46275607,49925,0.050327196517152374
0.8,0.6,0.1,0.6,0.46281692,49925,0.05073695963508084
0.6,0.6,0.1,0.3,0.4628297,49925,0.05185655048670926
0.7,0.7,0.1,0.6,0.46284968,49925,0.05060282258031522
0.9,0.6,0.1,0.8,0.46289036,49925,0.0501048476515811
0.7,0.8,0.1,0.8,0.46306902,49925,0.04985996231437773
0.8,0.4,0.1,0.3,0.46307492,49925,0.05183768133532406
0.9,0.9,0.2,0.1,0.4632208,49925,0.05430498926129088
0.8,0.7,0.1,0.8,0.46338364,49925,0.05006494001980489
0.6,0.5,0.1,0.2,0.46344703,49925,0.052646323919849136
0.6,0.7,0.1,0.4,0.46347055,49925,0.051142820555812374
0.7,0.5,0.1,0.3,0.4636692,49925,0.05197324241336927
0.7,0.4,0.1,0.2,0.46394387,49925,0.052619584872415616
0.8,0.5,0.1,0.4,0.46396673,49925,0.0513640784434359
0.7,0.6,0.1,0.4,0.46447992,49925,0.05138428760916582
0.6,0.9,0.1,0.7,0.46470752,49925,0.04972810100738181
0.6,0.8,0.1,0.5,0.46485895,49925,0.05048454312897963
0.7,0.9,0.1,0.9,0.46495825,49925,0.04938709852391512
0.9,0.7,0.1,0.9,0.46499693,49925,0.049756602075918026
0.9,0.6,0.1,0.7,0.46519822,49925,0.05032269418200493
0.5,0.9,0.1,0.4,0.46523118,49925,0.050128791396666296
0.9,0.5,0.1,0.5,0.46539295,49925,0.050828888229609855
0.8,0.8,0.1,0.9,0.4653972,49925,0.0496265410280631
0.7,0.8,0.1,0.7,0.46564186,49925,0.05005770047332094
0.5,0.5,0.1,0.1,0.46566114,49925,0.05337458994901354
0.7,0.3,0.1,0.1,0.46572778,49925,0.053152498753420895
0.7,0.7,0.1,0.5,0.46575692,49925,0.05077701319605877
0.5,0.8,0.1,0.3,0.46576917,49925,0.05082818814741478
0.8,0.7,0.1,0.7,0.4658412,49925,0.05026428918254637
0.4,0.7,0.1,0.1,0.46585593,49925,0.0518464433438436
0.4,0.9,0.1,0.2,0.46617535,49925,0.05008109160954415
0.6,0.9,0.1,0.6,0.46622586,49925,0.0498913830601436
0.8,0.6,0.1,0.5,0.46622628,49925,0.05090487202690752
0.9,0.2,0.1,0.1,0.46697968,49925,0.05133536164838589
0.9,0.3,0.1,0.2,0.4671094,49925,0.051435116913516085
0.5,0.7,0.1,0.2,0.46714753,49925,0.05157365054655415
0.7,0.9,0.1,0.8,0.46728036,49925,0.049578875640215674
0.8,0.8,0.1,0.8,0.4673884,49925,0.04981645998849179
0.6,0.4,0.1,0.1,0.4674521,49925,0.053513519475469
0.7,0.8,0.1,0.6,0.46753672,49925,0.050224028713676025
0.9,0.7,0.1,0.8,0.46767858,49925,0.04993885781718801
0.8,0.7,0.1,0.6,0.46781436,49925,0.050447194230052776
0.9,0.6,0.1,0.6,0.4678489,49925,0.05045610599004312
0.6,0.8,0.1,0.4,0.46807855,49925,0.050620403850823954
0.9,0.4,0.1,0.3,0.46882534,49925,0.05124878572768281
0.6,0.7,0.1,0.3,0.4688923,49925,0.05125271621023893
0.6,0.9,0.1,0.5,0.46906742,49925,0.05002859759423308
0.9,0.8,0.1,0.9,0.46911746,49925,0.049558162180436675
0.8,0.9,0.1,0.9,0.4693196,49925,0.049390901576773075
0.9,0.7,0.1,0.7,0.4697015,49925,0.050104751506025565
0.5,0.9,0.1,0.3,0.4698167,49925,0.05016263288555133
0.7,0.6,0.1,0.3,0.46982285,49925,0.051480599726245094
0.7,0.9,0.1,0.7,0.46982968,49925,0.04972345701312587
0.8,0.8,0.1,0.7,0.4698752,49925,0.049957874033262684
0.7,0.7,0.1,0.4,0.46990427,49925,0.05090648659187241
0.6,0.6,0.1,0.2,0.47013402,49925,0.05196074425431383
0.9,0.5,0.1,0.4,0.47018558,49925,0.050951865067981175
0.8,0.5,0.1,0.3,0.47034866,49925,0.051474441962177105
0.7,0.8,0.1,0.5,0.47050434,49925,0.05036320600535632
0.7,0.5,0.1,0.2,0.47056326,49925,0.0520574803888795
0.8,0.7,0.1,0.5,0.47070003,49925,0.050557557436519095
0.8,0.6,0.1,0.4,0.47072497,49925,0.05101821604170105
0.4,0.8,0.1,0.1,0.47087297,49925,0.05085109791079002
0.8,0.4,0.1,0.2,0.47087514,49925,0.0519209468306032
0.9,0.6,0.1,0.5,0.4710694,49925,0.05059263775538839
0.9,0.8,0.1,0.8,0.47115153,49925,0.04971179355323214
0.8,0.9,0.1,0.8,0.4716295,49925,0.04952128516973221
0.5,0.8,0.1,0.2,0.47165596,49925,0.05082656478583809
0.7,0.9,0.1,0.6,0.47187167,49925,0.04984759444421397
0.9,0.7,0.1,0.6,0.47209585,49925,0.050216269592502964
0.8,0.8,0.1,0.6,0.4722198,49925,0.05009772153738902
0.5,0.6,0.1,0.1,0.4722879,49925,0.052422734069281135
0.6,0.9,0.1,0.4,0.473142,49925,0.050095704527694074
0.9,0.9,0.1,0.9,0.4731744,49925,0.049326951789604
0.8,0.9,0.1,0.7,0.47319797,49925,0.049640222278747294
0.6,0.8,0.1,0.3,0.4733843,49925,0.050663226172809016
0.9,0.8,0.1,0.7,0.47342694,49925,0.04985115756538923
0.8,0.3,0.1,0.1,0.47371256,49925,0.052259919371462134
0.7,0.9,0.1,0.5,0.47452515,49925,0.049926704067052304
0.4,0.9,0.1,0.1,0.47456464,49925,0.049942397328043016
0.7,0.7,0.1,0.3,0.47489384,49925,0.05095783166590041
0.9,0.9,0.1,0.8,0.47500172,49925,0.0494420598409882
0.7,0.8,0.1,0.4,0.47501436,49925,0.05044139390106565
0.6,0.5,0.1,0.1,0.4750738,49925,0.052727016156959586
0.6,0.7,0.1,0.2,0.47546536,49925,0.05128598044395414
0.8,0.8,0.1,0.5,0.47558418,49925,0.050195491819010375
0.9,0.7,0.1,0.5,0.47584975,49925,0.05031048696136949
0.8,0.7,0.1,0.4,0.4759594,49925,0.05063193010022041
0.8,0.9,0.1,0.6,0.47605845,49925,0.04973882382054872
0.8,0.6,0.1,0.3,0.47612584,49925,0.05105277033874262
0.5,0.9,0.1,0.2,0.47615638,49925,0.05010235728201588
0.9,0.6,0.1,0.4,0.4761746,49925,0.050674800345671844
0.9,0.5,0.1,0.3,0.47623852,49925,0.05099117130542673
0.9,0.8,0.1,0.6,0.47638762,49925,0.049931268749908574
0.7,0.4,0.1,0.1,0.47650564,49925,0.05266067857267912
0.9,0.4,0.1,0.2,0.47681946,49925,0.05126903009462033
0.9,0.9,0.1,0.7,0.4772343,49925,0.049565318775872357
0.7,0.6,0.1,0.2,0.47762823,49925,0.05150024826786254
0.5,0.7,0.1,0.1,0.4777485,49925,0.051545575155655304
0.6,0.9,0.1,0.3,0.4777634,49925,0.050083001899359054
0.8,0.5,0.1,0.2,0.4783837,49925,0.05150890476489286
0.7,0.9,0.1,0.4,0.47913897,49925,0.04996991777758084
0.8,0.9,0.1,0.5,0.48019922,49925,0.04979197241295214
0.7,0.8,0.1,0.3,0.48038676,49925,0.05045497296512915
0.8,0.8,0.1,0.4,0.48052716,49925,0.050191619502864555
0.9,0.9,0.1,0.6,0.48056045,49925,0.04961923342487207
0.9,0.8,0.1,0.5,0.48064288,49925,0.0499699455216432
0.9,0.3,0.1,0.1,0.4807489,49925,0.051383150580597524
0.9,0.7,0.1,0.4,0.48098767,49925,0.050304171416229324
0.8,0.7,0.1,0.3,0.48118556,49925,0.050616347492828326
0.6,0.8,0.1,0.2,0.48127052,49925,0.05063906695191947
0.6,0.6,0.1,0.1,0.48190817,49925,0.0519496784705033
0.5,0.8,0.1,0.1,0.48206365,49925,0.05071454345116519
0.9,0.6,0.1,0.3,0.48264018,49925,0.05064442056241355
0.7,0.7,0.1,0.2,0.48338446,49925,0.05091865845555633
0.8,0.4,0.1,0.1,0.48361337,49925,0.05184915386437412
0.7,0.5,0.1,0.1,0.48381764,49925,0.052065510706330406
0.8,0.9,0.1,0.4,0.48485595,49925,0.049792189323937606
0.8,0.6,0.1,0.2,0.48486853,49925,0.05103831488392245
0.9,0.9,0.1,0.5,0.48496822,49925,0.04962315850219575
0.9,0.5,0.1,0.2,0.48515603,49925,0.05094124495108703
0.7,0.9,0.1,0.3,0.4852277,49925,0.04993453474156657
0.9,0.8,0.1,0.4,0.48538992,49925,0.049945123045875485
0.6,0.9,0.1,0.2,0.48550457,49925,0.04999047595706082
0.5,0.9,0.1,0.1,0.4857246,49925,0.04990807375584401
0.8,0.8,0.1,0.3,0.48638713,49925,0.05017457986987296
0.6,0.7,0.1,0.1,0.48745924,49925,0.051196125062296705
0.9,0.7,0.1,0.3,0.48791018,49925,0.050267273877691775
0.7,0.8,0.1,0.2,0.48902994,49925,0.05037312070319948
0.9,0.9,0.1,0.4,0.489928,49925,0.04955932726648417
0.9,0.4,0.1,0.1,0.49024272,49925,0.0511023320103199
0.7,0.6,0.1,0.1,0.49066296,49925,0.05140210639734592
0.8,0.7,0.1,0.2,0.49072874,49925,0.050541723065828645
0.8,0.9,0.1,0.3,0.49165314,49925,0.04972056219940382
0.8,0.5,0.1,0.1,0.49167702,49925,0.05138859228704989
0.6,0.8,0.1,0.1,0.49180433,49925,0.05044402602576683
0.9,0.6,0.1,0.2,0.49242625,49925,0.050549968067165135
0.7,0.9,0.1,0.2,0.49249914,49925,0.04976897580957691
0.9,0.8,0.1,0.3,0.49263254,49925,0.0498624732443923
0.8,0.8,0.1,0.2,0.49526697,49925,0.05003843030090872
0.6,0.9,0.1,0.1,0.49562427,49925,0.049721798707988624
0.7,0.7,0.1,0.1,0.4963271,49925,0.05075768194813528
0.9,0.9,0.1,0.3,0.49700737,49925,0.049454772810049424
0.9,0.7,0.1,0.2,0.49718708,49925,0.050119885386562875
0.9,0.5,0.1,0.1,0.4980393,49925,0.05074634068148355
0.8,0.6,0.1,0.1,0.4981852,49925,0.05085376482720802
0.8,0.9,0.1,0.2,0.49977782,49925,0.04953066089743246
0.7,0.8,0.1,0.1,0.500351,49925,0.050110356117708754
0.9,0.8,0.1,0.2,0.5019835,49925,0.04970094785396236
0.8,0.7,0.1,0.1,0.5046067,49925,0.05031084168485537
0.7,0.9,0.1,0.1,0.5049445,49925,0.04948404249620586
0.9,0.6,0.1,0.1,0.505374,49925,0.05030125123624418
0.9,0.9,0.1,0.2,0.5068086,49925,0.04925146148524411
0.8,0.8,0.1,0.1,0.5093835,49925,0.04975188318860254
0.9,0.7,0.1,0.1,0.51185703,49925,0.04983116577605865
0.8,0.9,0.1,0.1,0.51287395,49925,0.049186391934254343
0.9,0.8,0.1,0.1,0.5164755,49925,0.049355950689620905
0.9,0.9,0.1,0.1,0.5200302,49925,0.04888376646819406
