w1,w2,w3,w4,score,n_selected,threshold
0.1,0.9,0.9,0.1,0.51688147,49925,0.03897163910950724
0.1,0.8,0.9,0.1,0.51719254,49925,0.03913777329575951
0.1,0.7,0.9,0.1,0.51820177,49925,0.039264241901378547
0.1,0.8,0.8,0.1,0.5183716,49925,0.03938346319452676
0.1,0.7,0.8,0.1,0.51879126,49925,0.03959809308312726
0.1,0.9,0.8,0.1,0.5189435,49925,0.03918559691747283
0.1,0.6,0.8,0.1,0.5193925,49925,0.039750026998485004
0.1,0.6,0.9,0.1,0.5195725,49925,0.03930843703285744
0.1,0.7,0.7,0.1,0.52045774,49925,0.039917913438248256
0.1,0.8,0.7,0.1,0.52050924,49925,0.03964025428871767
0.1,0.9,0.7,0.1,0.5206454,49925,0.039349184619800706
0.1,0.6,0.7,0.1,0.5209334,49925,0.04016294367943669
0.1,0.9,0.9,0.2,0.521424,49925,0.039580497573331395
0.1,0.8,0.9,0.2,0.5217538,49925,0.039757342389937896
0.1,0.5,0.7,0.1,0.5218607,49925,0.0403303759083799
0.1,0.5,0.8,0.1,0.52248937,49925,0.03980383300737137
0.1,0.7,0.9,0.2,0.52250063,49925,0.03989957440444737
0.1,0.5,0.9,0.1,0.5227454,49925,0.039292676858777596
0.1,0.8,0.6,0.1,0.5233435,49925,0.039850681244502924
0.1,0.7,0.6,0.1,0.5234588,49925,0.04019156022815086
0.1,0.9,0.8,0.2,0.52357924,49925,0.039795565600027165
0.1,0.8,0.8,0.2,0.52391124,49925,0.04003573921858311
0.1,0.9,0.6,0.1,0.52411366,49925,0.039457525048991214
0.1,0.7,0.8,0.2,0.52419484,49925,0.04025052638479293
0.1,0.6,0.6,0.1,0.5243744,49925,0.04054545881973162
0.1,0.5,0.6,0.1,0.524872,49925,0.04085175019964756
0.1,0.9,0.9,0.3,0.5248836,49925,0.0400744007939919
0.1,0.6,0.9,0.2,0.52496946,49925,0.039994098428488736
0.1,0.6,0.8,0.2,0.5249772,49925,0.04041257912510092
0.1,0.4,0.8,0.1,0.5249791,49925,0.039718438571764096
0.1,0.9,0.7,0.2,0.52510923,49925,0.039965357303985864
0.1,0.4,0.7,0.1,0.52513653,49925,0.040346411657038214
0.1,0.4,0.9,0.1,0.52547604,49925,0.039088914243659414
0.1,0.8,0.9,0.3,0.5255834,49925,0.04026872202833365
0.1,0.8,0.7,0.2,0.52591234,49925,0.04026778073511372
0.2,0.8,0.9,0.1,0.5260926,49925,0.04143817554580112
0.1,0.4,0.6,0.1,0.5261088,49925,0.04099147375623135
0.2,0.7,0.9,0.1,0.5263152,49925,0.041576040139967185
0.2,0.5,0.9,0.1,0.5263458,49925,0.04157642732217465
0.1,0.5,0.9,0.2,0.52648944,49925,0.040010477337674315
0.1,0.7,0.7,0.2,0.52652127,49925,0.04057310121951443
0.2,0.9,0.9,0.1,0.52655005,49925,0.041240538246257966
0.2,0.6,0.9,0.1,0.5266578,49925,0.041638390799092886
0.1,0.9,0.8,0.3,0.5268222,49925,0.04030283438351827
0.1,0.8,0.8,0.3,0.52702206,49925,0.0405527405899933
0.1,0.6,0.5,0.1,0.5273518,49925,0.04087616020217946
0.1,0.7,0.9,0.3,0.52736545,49925,0.04043215502928041
0.1,0.6,0.7,0.2,0.5274118,49925,0.04083780402529811
0.1,0.9,0.9,0.4,0.5274385,49925,0.04048610541743677
0.1,0.5,0.5,0.1,0.5275856,49925,0.041304132507743715
0.1,0.5,0.8,0.2,0.52776706,49925,0.040526886550654145
0.1,0.7,0.5,0.1,0.52783626,49925,0.04041893253710285
0.2,0.5,0.8,0.1,0.52789485,49925,0.042089408016864865
0.1,0.9,0.6,0.2,0.52793705,49925,0.04013895685720778
0.2,0.4,0.9,0.1,0.5279393,49925,0.04135219593206899
0.1,0.9,0.7,0.3,0.528033,49925,0.04050783610472437
0.1,0.3,0.8,0.1,0.52819026,49925,0.039380031299975644
0.1,0.7,0.8,0.3,0.52825856,49925,0.04077481710329138
0.1,0.9,0.5,0.1,0.52830434,49925,0.03947745792093763
0.1,0.8,0.5,0.1,0.5283547,49925,0.03993960081582365
0.1,0.3,0.7,0.1,0.52835697,49925,0.040123735695700664
0.1,0.8,0.6,0.2,0.5286313,49925,0.040502225591991854
0.1,0.3,0.6,0.1,0.52864,49925,0.040921430343214486
0.2,0.4,0.8,0.1,0.5288807,49925,0.04194912165097329
0.2,0.6,0.8,0.1,0.5291947,49925,0.042045568788584294
0.1,0.4,0.5,0.1,0.5291985,49925,0.0416592327486954
0.1,0.8,0.9,0.4,0.52921546,49925,0.04066564475466628
0.2,0.9,0.8,0.1,0.5292197,49925,0.041462286930572974
0.1,0.8,0.7,0.3,0.5292331,49925,0.0408017107661123
0.1,0.6,0.9,0.3,0.5292598,49925,0.04053319741630526
0.1,0.5,0.7,0.2,0.5292769,49925,0.041042314158334564
0.2,0.7,0.8,0.1,0.5292936,49925,0.0419392374494334
0.1,0.7,0.6,0.2,0.5293098,49925,0.04087685827837494
0.1,0.3,0.9,0.1,0.52932554,49925,0.03868095951705772
0.1,0.9,0.8,0.4,0.52952415,49925,0.04069982565385553
0.2,0.8,0.8,0.1,0.5296206,49925,0.041737993981880925
0.1,0.9,0.9,0.5,0.5301229,49925,0.040771646934448166
0.1,0.3,0.5,0.1,0.5302121,49925,0.04179325264228119
0.2,0.9,0.9,0.2,0.53042984,49925,0.04174420812418354
0.1,0.6,0.6,0.2,0.5305423,49925,0.041231446169686825
0.1,0.4,0.9,0.2,0.53057796,49925,0.03991762954568061
0.3,0.4,0.9,0.1,0.53061086,49925,0.04241094323991872
0.1,0.7,0.9,0.4,0.53075725,49925,0.040821173019038384
0.2,0.4,0.7,0.1,0.53085697,49925,0.042525134212240114
0.1,0.8,0.8,0.4,0.5309298,49925,0.04093884931097766
0.1,0.6,0.8,0.3,0.53095657,49925,0.04095927706397282
0.1,0.7,0.7,0.3,0.5309631,49925,0.04109848158485311
0.1,0.4,0.8,0.2,0.5310181,49925,0.04049331279912721
0.2,0.5,0.7,0.1,0.531235,49925,0.04256638538874628
0.2,0.3,0.9,0.1,0.53133667,49925,0.04082160819071493
0.3,0.5,0.9,0.1,0.5313947,49925,0.04268697305671678
0.2,0.3,0.8,0.1,0.531497,49925,0.04151535199227578
0.1,0.9,0.6,0.3,0.5315382,49925,0.04067241644584242
0.3,0.6,0.9,0.1,0.5316467,49925,0.04281575395474511
0.1,0.9,0.5,0.2,0.5316554,49925,0.04021415983004999
0.2,0.8,0.9,0.2,0.5318761,49925,0.04196436305466513
0.3,0.3,0.9,0.1,0.53193253,49925,0.041786840042408416
0.1,0.8,0.9,0.5,0.53196406,49925,0.04093519386545835
0.2,0.3,0.7,0.1,0.5320154,49925,0.04223004307298656
0.2,0.7,0.7,0.1,0.53202695,49925,0.042270437152700596
0.1,0.5,0.9,0.3,0.53214586,49925,0.04056465149219247
0.1,0.9,0.8,0.5,0.53216785,49925,0.0409948233955681
0.2,0.7,0.9,0.2,0.53223425,49925,0.042134036197383457
0.2,0.6,0.9,0.2,0.5323741,49925,0.042223537781418
0.1,0.4,0.7,0.2,0.532411,49925,0.041110273722583336
0.2,0.6,0.7,0.1,0.5324532,49925,0.042459140703536506
0.2,0.8,0.7,0.1,0.53247833,49925,0.041967326302517705
0.1,0.9,0.7,0.4,0.53252864,49925,0.04090876066078009
0.1,0.5,0.6,0.2,0.53265303,49925,0.04154486737992642
0.3,0.7,0.9,0.1,0.53272843,49925,0.042811491037058814
0.1,0.5,0.8,0.3,0.532755,49925,0.04105573266538992
0.1,0.7,0.8,0.4,0.5328226,49925,0.041152447138003645
0.1,0.8,0.5,0.2,0.53283554,49925,0.04068922074094368
0.1,0.9,0.9,0.6,0.5328949,49925,0.0409752723141879
0.1,0.8,0.6,0.3,0.5329618,49925,0.04104803104439063
0.1,0.8,0.7,0.4,0.53309774,49925,0.04120415087543517
0.3,0.3,0.8,0.1,0.533114,49925,0.04237567639269468
0.1,0.5,0.4,0.1,0.53315145,49925,0.0416962211258855
0.1,0.6,0.7,0.3,0.5331628,49925,0.041364866237661224
0.1,0.7,0.5,0.2,0.53318894,49925,0.04114468725554502
0.1,0.6,0.9,0.4,0.53321975,49925,0.04093022873971485
0.2,0.9,0.8,0.2,0.53334355,49925,0.0420156464556122
0.2,0.9,0.7,0.1,0.53338003,49925,0.04163801634084706
0.1,0.7,0.4,0.1,0.53343403,49925,0.04052805626248434
0.1,0.7,0.9,0.5,0.5335086,49925,0.041074238233445116
0.1,0.8,0.4,0.1,0.5335105,49925,0.03992435577176255
0.2,0.5,0.9,0.2,0.53352183,49925,0.04220894579991779
0.2,0.8,0.8,0.2,0.53352517,49925,0.0422653128178989
0.1,0.4,0.4,0.1,0.53352517,49925,0.0422653128178989
0.1,0.6,0.4,0.1,0.5335254,49925,0.04112252229073446
0.3,0.4,0.8,0.1,0.53356105,49925,0.04291154911154481
0.4,0.4,0.9,0.1,0.5336128,49925,0.0428850017337142
0.1,0.2,0.6,0.1,0.5336822,49925,0.040438309651168666
0.1,0.8,0.8,0.5,0.5337071,49925,0.04119241552719665
0.1,0.2,0.5,0.1,0.53382474,49925,0.04150976899230789
0.3,0.5,0.8,0.1,0.53385603,49925,0.043136964942693534
0.1,0.4,0.6,0.2,0.5338601,49925,0.041761489569630765
0.3,0.9,0.9,0.1,0.5339407,49925,0.04256810227993507
0.1,0.9,0.4,0.1,0.53398085,49925,0.03936005799924673
0.3,0.8,0.9,0.1,0.5340645,49925,0.04272283154915313
0.1,0.7,0.6,0.3,0.53418094,49925,0.041394319076815324
0.1,0.6,0.8,0.4,0.5341863,49925,0.04132622273115992
0.1,0.9,0.4,0.2,0.5343242,49925,0.040156472764420546
0.4,0.3,0.9,0.1,0.5343829,49925,0.04217635611482411
0.1,0.8,0.9,0.6,0.5345383,49925,0.041093463447273576
0.1,0.6,0.5,0.2,0.5345435,49925,0.04158026155763119
0.4,0.5,0.9,0.1,0.5345441,49925,0.0432375708057079
0.3,0.6,0.8,0.1,0.5345809,49925,0.04318288488456553
0.1,0.2,0.7,0.1,0.53459966,49925,0.03947625195058028
0.1,0.4,0.9,0.3,0.53460526,49925,0.04049674803215177
0.2,0.4,0.9,0.2,0.5346563,49925,0.04207150018516548
0.2,0.3,0.6,0.1,0.53471965,49925,0.04291524941271962
0.1,0.7,0.7,0.4,0.5347968,49925,0.04145800777683307
0.1,0.3,0.8,0.2,0.5348413,49925,0.040306767614752874
0.1,0.9,0.5,0.3,0.53486204,49925,0.04074882705386053
0.1,0.5,0.7,0.3,0.53510106,49925,0.04155604689614882
0.1,0.3,0.4,0.1,0.5351025,49925,0.04264920257022048
0.2,0.6,0.8,0.2,0.5351025,49925,0.04264920257022048
0.2,0.7,0.8,0.2,0.5351529,49925,0.04248553863523378
0.1,0.9,0.3,0.1,0.53522277,49925,0.03898152946527377
0.1,0.6,0.9,0.5,0.5352516,49925,0.041160284028235065
0.1,0.9,0.8,0.6,0.53525347,49925,0.041168082083188805
0.1,0.3,0.7,0.2,0.53530633,49925,0.04102068340801286
0.2,0.4,0.6,0.1,0.5353071,49925,0.043095947544599486
0.2,0.5,0.8,0.2,0.5353985,49925,0.04271652699573087
0.1,0.9,0.6,0.4,0.5354061,49925,0.041044245811063404
0.4,0.6,0.9,0.1,0.5354956,49925,0.04341463549457746
0.1,0.9,0.7,0.5,0.5355061,49925,0.041174725119234944
0.1,0.3,0.9,0.2,0.5355158,49925,0.03964045482314101
0.1,0.7,0.8,0.5,0.535524,49925,0.04137007672239406
0.2,0.2,0.7,0.1,0.53564054,49925,0.04135287398591437
0.2,0.5,0.6,0.1,0.5357127,49925,0.0430535093534233
0.3,0.3,0.7,0.1,0.53573865,49925,0.04298046237353899
0.5,0.3,0.9,0.1,0.5357673,49925,0.04228919965522242
0.4,0.7,0.9,0.1,0.53579104,49925,0.043464755477321745
0.1,0.7,0.9,0.6,0.53583246,49925,0.04121958453332895
0.1,0.5,0.9,0.4,0.5358407,49925,0.04096807159736292
0.3,0.7,0.8,0.1,0.5358719,49925,0.04310602707898096
0.2,0.9,0.9,0.3,0.53592134,49925,0.04216874607719418
0.2,0.2,0.6,0.1,0.5359449,49925,0.04222137282539757
0.1,0.9,0.9,0.7,0.535951,49925,0.04107369841833872
0.1,0.2,0.8,0.1,0.53596735,49925,0.038626655398816066
0.2,0.2,0.8,0.1,0.53598285,49925,0.04054107736364029
0.1,0.8,0.4,0.2,0.5359908,49925,0.04070322235572959
0.1,0.6,0.6,0.3,0.53612924,49925,0.04173231906236934
0.4,0.3,0.8,0.1,0.5361771,49925,0.0426715735817547
0.2,0.7,0.6,0.1,0.5361843,49925,0.04251090764894631
0.2,0.6,0.6,0.1,0.5362898,49925,0.04282738836404392
0.1,0.5,0.8,0.4,0.536359,49925,0.04140212222183188
0.1,0.4,0.8,0.3,0.5364914,49925,0.04107688566956561
0.1,0.8,0.6,0.4,0.5364975,49925,0.04141855692610787
0.1,0.5,0.5,0.2,0.53651184,49925,0.04202646713695391
0.3,0.4,0.7,0.1,0.53656244,49925,0.04338881181247192
0.1,0.8,0.7,0.5,0.5365697,49925,0.041422089393780205
0.1,0.2,0.4,0.1,0.5365718,49925,0.042636441141947846
0.2,0.4,0.8,0.2,0.5365718,49925,0.042636441141947846
0.2,0.9,0.7,0.2,0.53657854,49925,0.04219939527562648
0.1,0.8,0.5,0.3,0.5366683,49925,0.041200687134657556
0.2,0.8,0.6,0.1,0.5367467,49925,0.04213940192325113
0.2,0.2,0.9,0.1,0.53674805,49925,0.03980656864109129
0.1,0.6,0.7,0.4,0.5368018,49925,0.041681953012295166
0.5,0.4,0.9,0.1,0.53690135,49925,0.04303191046794473
0.3,0.8,0.8,0.1,0.53690875,49925,0.04296582836398466
0.1,0.8,0.3,0.1,0.5369398,49925,0.03966818784029557
0.1,0.6,0.8,0.5,0.53699476,49925,0.041517321798920225
0.1,0.8,0.8,0.6,0.5370603,49925,0.041324710583305356
0.2,0.8,0.9,0.3,0.53706104,49925,0.04236943721835186
0.2,0.8,0.7,0.2,0.53707486,49925,0.042514364969753755
0.4,0.4,0.8,0.1,0.5370766,49925,0.04332426228284908
0.3,0.5,0.7,0.1,0.53708273,49925,0.043546898433687635
0.1,0.2,0.9,0.1,0.537367,49925,0.03782808044704774
0.1,0.9,0.2,0.1,0.5374091,49925,0.03828464548496025
0.1,0.8,0.9,0.7,0.53742164,49925,0.04120858274056316
0.4,0.2,0.9,0.1,0.5374257,49925,0.040973243552982465
0.1,0.9,0.9,0.8,0.53743786,49925,0.04115870996165296
0.1,0.3,0.6,0.2,0.5374625,49925,0.04177557877428791
0.1,0.6,0.9,0.6,0.53748745,49925,0.04128791950188297
0.1,0.9,0.4,0.3,0.5375267,49925,0.04072745810261418
0.2,0.9,0.6,0.1,0.53757966,49925,0.04174870966623349
0.2,0.7,0.9,0.3,0.5376011,49925,0.04254659953741095
0.5,0.2,0.9,0.1,0.5376813,49925,0.041053011518264335
0.3,0.9,0.8,0.1,0.5377202,49925,0.04274739768150575
0.3,0.2,0.9,0.1,0.53774595,49925,0.040649548755109635
0.1,0.9,0.5,0.4,0.5378073,49925,0.04113247063004125
0.3,0.5,0.9,0.2,0.5378197,49925,0.04329284180651429
0.1,0.4,0.5,0.2,0.53783745,49925,0.04238529388333437
0.1,0.5,0.9,0.5,0.5378884,49925,0.04117896136521549
0.3,0.6,0.7,0.1,0.5378911,49925,0.04349606418443381
0.6,0.3,0.9,0.1,0.5379373,49925,0.042243421620067036
0.5,0.2,0.8,0.1,0.53795636,49925,0.041499315069822906
0.4,0.2,0.8,0.1,0.53796375,49925,0.04153222146832545
0.1,0.7,0.3,0.1,0.5379677,49925,0.04040912426898143
0.3,0.2,0.7,0.1,0.5379789,49925,0.042010426610900625
0.1,0.7,0.6,0.4,0.5380187,49925,0.04173744790054918
0.3,0.2,0.8,0.1,0.53805876,49925,0.04131571323456294
0.4,0.8,0.9,0.1,0.5380765,49925,0.04339497207240512
0.2,0.6,0.9,0.3,0.53810495,49925,0.04264583663201557
0.6,0.2,0.9,0.1,0.53817326,49925,0.04098228149101042
0.5,0.5,0.9,0.1,0.53822833,49925,0.04348063550840123
0.3,0.7,0.9,0.2,0.53824884,49925,0.04333030462157968
0.1,0.9,0.8,0.7,0.5382839,49925,0.041262814234736406
0.1,0.7,0.5,0.3,0.5383131,49925,0.04163618356909833
0.1,0.7,0.4,0.2,0.5383304,49925,0.04129964833737883
0.1,0.5,0.6,0.3,0.5383367,49925,0.04204258876325555
0.3,0.9,0.9,0.2,0.5383574,49925,0.04304049694029185
0.4,0.5,0.8,0.1,0.5383615,49925,0.04360621653293694
0.1,0.7,0.7,0.5,0.5383847,49925,0.04165252828202767
0.1,0.9,0.6,0.5,0.5384379,49925,0.04129100647701775
0.1,0.4,0.7,0.3,0.53844905,49925,0.04165309644603947
0.1,0.9,0.7,0.6,0.5384553,49925,0.041318061333595967
0.5,0.3,0.8,0.1,0.5385978,49925,0.04270090647791857
0.3,0.6,0.9,0.2,0.53863347,49925,0.04335525268826209
0.1,0.7,0.9,0.7,0.538698,49925,0.04129639626563734
0.1,0.9,0.3,0.2,0.5387076,49925,0.03992580292369328
0.1,0.4,0.9,0.4,0.53872526,49925,0.040874991198407984
0.4,0.6,0.8,0.1,0.53872585,49925,0.04370370052344993
0.2,0.7,0.7,0.2,0.5388085,49925,0.042826585304993184
0.7,0.3,0.9,0.1,0.53882766,49925,0.0421147980914739
0.2,0.6,0.7,0.2,0.5388433,49925,0.043056048541812275
0.1,0.7,0.8,0.6,0.5388579,49925,0.04148361422795864
0.3,0.4,0.9,0.2,0.5388756,49925,0.04306780465543836
0.6,0.2,0.8,0.1,0.53890187,49925,0.04136144911573726
0.4,0.2,0.7,0.1,0.5389036,49925,0.04210487886476526
0.3,0.8,0.9,0.2,0.5389117,49925,0.043219197231592614
0.2,0.5,0.9,0.3,0.53893673,49925,0.042679779416569474
0.1,0.8,0.2,0.1,0.5389491,49925,0.039079310609739765
0.2,0.9,0.8,0.3,0.5390409,49925,0.042400931222965364
0.6,0.4,0.9,0.1,0.539043,49925,0.04302025030541583
0.1,0.5,0.7,0.4,0.53907305,49925,0.04185887051999003
0.2,0.5,0.7,0.2,0.5391035,49925,0.0432103093685017
0.2,0.3,0.5,0.1,0.539226,49925,0.043604533528048384
0.1,0.8,0.3,0.2,0.5393625,49925,0.040594774794455925
0.1,0.8,0.8,0.7,0.5394154,49925,0.04143050002169191
0.1,0.9,0.9,0.9,0.5394693,49925,0.041175716130730906
0.1,0.6,0.3,0.1,0.5394793,49925,0.041185650753065725
0.1,0.8,0.9,0.8,0.5395602,49925,0.04125986278575894
0.7,0.2,0.9,0.1,0.5395963,49925,0.04082305612375028
0.3,0.2,0.6,0.1,0.5397324,49925,0.04268524552755382
0.1,0.6,0.9,0.7,0.5397348,49925,0.0413505242331099
0.4,0.3,0.7,0.1,0.53973764,49925,0.04317880448710677
0.1,0.5,0.8,0.5,0.539775,49925,0.041593252687538135
0.2,0.3,0.9,0.2,0.5397862,49925,0.04167147731412638
0.2,0.2,0.5,0.1,0.53980434,49925,0.04311218559316473
0.6,0.3,0.8,0.1,0.539823,49925,0.04257991462252799
0.1,0.8,0.6,0.5,0.5398278,49925,0.041617713541987386
0.2,0.4,0.5,0.1,0.53984785,49925,0.043656367260957236
0.5,0.2,0.7,0.1,0.5398546,49925,0.041947778283118485
0.1,0.8,0.5,0.4,0.5399346,49925,0.04153150473232816
0.4,0.9,0.9,0.1,0.5399662,49925,0.04328390865108804
0.1,0.8,0.7,0.6,0.5400143,49925,0.0415412001755264
0.8,0.3,0.9,0.1,0.5400603,49925,0.0418968762152968
0.5,0.6,0.9,0.1,0.54006577,49925,0.04368463688123702
0.2,0.9,0.9,0.4,0.5400788,49925,0.042488723527088074
0.1,0.9,0.4,0.4,0.54010016,49925,0.041114046424652745
0.3,0.3,0.6,0.1,0.5401216,49925,0.04356830098803588
0.2,0.3,0.8,0.2,0.5401304,49925,0.042318141037266596
0.1,0.9,0.6,0.6,0.54013485,49925,0.04145931103609785
0.1,0.6,0.4,0.2,0.54014266,49925,0.04185989253807436
0.1,0.9,0.8,0.8,0.54021776,49925,0.04130593910863192
0.1,0.6,0.7,0.5,0.5402366,49925,0.041845392641747275
0.2,0.4,0.7,0.2,0.5402367,49925,0.04322205154827103
0.5,0.4,0.8,0.1,0.54024416,49925,0.043397553679049246
0.1,0.5,0.9,0.6,0.5402578,49925,0.04129375493461232
0.1,0.8,0.4,0.3,0.54028016,49925,0.041263286691263515
0.1,0.6,0.8,0.6,0.5402986,49925,0.04160882237652318
0.1,0.6,0.6,0.4,0.540318,49925,0.04201619885118452
0.1,0.4,0.8,0.4,0.5403458,49925,0.04140040917885632
0.1,0.4,0.6,0.3,0.5403622,49925,0.04224536241545144
0.2,0.8,0.8,0.3,0.5403888,49925,0.042667574034939926
0.3,0.4,0.6,0.1,0.5404254,49925,0.04384986173405303
0.1,0.6,0.5,0.3,0.5404527,49925,0.042098491686533214
0.3,0.7,0.7,0.1,0.5404662,49925,0.04334222953875984
0.2,0.9,0.6,0.2,0.5404725,49925,0.042331718371886234
0.1,0.3,0.9,0.3,0.5404936,49925,0.040264968226128225
0.1,0.9,0.5,0.5,0.54056615,49925,0.04135548300857025
0.8,0.2,0.9,0.1,0.54056686,49925,0.04061540015158069
0.1,0.7,0.9,0.8,0.540638,49925,0.04132383024475538
0.1,0.5,0.3,0.1,0.5406899,49925,0.04194741969694797
0.1,0.3,0.5,0.2,0.5406915,49925,0.042567549231751864
0.7,0.4,0.9,0.1,0.54069674,49925,0.04290477671886773
0.3,0.5,0.8,0.2,0.5407204,49925,0.04373629373966754
0.2,0.6,0.8,0.3,0.5407858,49925,0.04306438391801272
0.1,0.9,0.7,0.7,0.5407928,49925,0.04141387607004539
0.2,0.9,0.5,0.1,0.5408342,49925,0.041758585142815115
0.1,0.7,0.8,0.7,0.54098874,49925,0.04154979869702776
0.3,0.9,0.8,0.2,0.5410007,49925,0.0432464920463788
0.3,0.3,0.9,0.2,0.5410063,49925,0.042608988578588865
0.6,0.2,0.7,0.1,0.54103094,49925,0.041728391964370684
0.2,0.8,0.9,0.4,0.54104584,49925,0.04269066501300749
0.1,0.7,0.7,0.6,0.5410538,49925,0.04175568062263272
0.4,0.4,0.7,0.1,0.54108346,49925,0.043703138116544485
0.2,0.7,0.8,0.3,0.5410867,49925,0.042889383238899695
0.1,0.8,0.9,0.9,0.54110754,49925,0.04125629708618398
0.1,0.7,0.2,0.1,0.54112583,49925,0.03992781669480035
0.1,0.3,0.8,0.3,0.5411331,49925,0.04093027155629279
0.7,0.2,0.8,0.1,0.54123145,49925,0.04111298665829265
0.2,0.6,0.5,0.1,0.5412598,49925,0.04310572713877895
0.7,0.3,0.8,0.1,0.54126257,49925,0.04238949326822627
0.5,0.7,0.9,0.1,0.541289,49925,0.04375439597548428
0.1,0.8,0.8,0.8,0.5412922,49925,0.041440555103427326
0.1,0.7,0.5,0.4,0.5413209,49925,0.04193842070272799
0.2,0.8,0.5,0.1,0.54132473,49925,0.04219662027909234
0.3,0.4,0.8,0.2,0.54133594,49925,0.04356996268824603
0.1,0.4,0.3,0.1,0.5413531,49925,0.04272467200812668
0.2,0.8,0.6,0.2,0.5413531,49925,0.04272467200812668
0.1,0.9,0.3,0.3,0.5413678,49925,0.04054245076857501
0.3,0.8,0.7,0.1,0.54137003,49925,0.04313600885399044
0.9,0.2,0.9,0.1,0.5414386,49925,0.040345061724998146
0.1,0.8,0.7,0.7,0.54147834,49925,0.04162572954758808
0.1,0.9,0.8,0.9,0.54150945,49925,0.04132662387581861
0.4,0.7,0.8,0.1,0.5415257,49925,0.04367876234787267
0.4,0.6,0.9,0.2,0.54152745,49925,0.04394291152470309
0.1,0.7,0.4,0.3,0.5415339,49925,0.04179313795904803
0.2,0.7,0.9,0.4,0.5416018,49925,0.042854999632236164
0.9,0.3,0.9,0.1,0.54161257,49925,0.04165151823243058
0.3,0.6,0.8,0.2,0.5416781,49925,0.04374783204289753
0.3,0.9,0.7,0.1,0.54168826,49925,0.04286089553980736
0.1,0.5,0.4,0.2,0.54172355,49925,0.04244587689188495
0.2,0.7,0.5,0.1,0.54172575,49925,0.042655436744218816
0.1,0.7,0.3,0.2,0.5417366,49925,0.04124733171964838
0.4,0.5,0.9,0.2,0.54177487,49925,0.043827761486885365
0.2,0.5,0.5,0.1,0.54178405,49925,0.043436281870545566
0.2,0.9,0.7,0.3,0.5418031,49925,0.042629385212882405
0.6,0.5,0.9,0.1,0.54180384,49925,0.0435002547433151
0.1,0.7,0.6,0.5,0.5418316,49925,0.04189779853686474
0.5,0.3,0.7,0.1,0.5418586,49925,0.043098980884017854
0.4,0.2,0.6,0.1,0.5419051,49925,0.04264793788131468
0.2,0.5,0.8,0.3,0.54194283,49925,0.043176195891735526
0.1,0.4,0.7,0.4,0.5419633,49925,0.04194877740959733
0.1,0.8,0.4,0.4,0.5419857,49925,0.04158611122599544
0.3,0.5,0.6,0.1,0.5419998,49925,0.043879189486720836
0.4,0.7,0.9,0.2,0.54201853,49925,0.043942734713370936
0.2,0.4,0.9,0.3,0.5420818,49925,0.04260577091695528
0.1,0.4,0.9,0.5,0.5421737,49925,0.041103848463807525
0.1,0.5,0.6,0.4,0.54219264,49925,0.042270999413299364
0.1,0.8,0.3,0.3,0.54226124,49925,0.04115584077191638
0.3,0.7,0.8,0.2,0.5422705,49925,0.04363135512957888
0.1,0.5,0.8,0.6,0.54229146,49925,0.041669335609037336
0.2,0.3,0.7,0.2,0.5423081,49925,0.043005100836214186
0.8,0.1,0.9,0.1,0.5423087,49925,0.038549518077757694
0.1,0.3,0.7,0.3,0.5423349,49925,0.04157340274568577
0.1,0.8,0.8,0.9,0.5423768,49925,0.04141854827507435
0.1,0.9,0.6,0.7,0.5423919,49925,0.041525573070943525
0.1,0.6,0.9,0.8,0.5423971,49925,0.04135502677567631
0.1,0.8,0.5,0.5,0.5424056,49925,0.04173071200706329
0.1,0.5,0.7,0.5,0.54241925,49925,0.04199366829751325
0.2,0.7,0.6,0.2,0.54244995,49925,0.043090181069134106
0.5,0.5,0.8,0.1,0.5424692,49925,0.04373629441650927
0.7,0.1,0.8,0.1,0.54247594,49925,0.039054470767394864
0.1,0.5,0.5,0.3,0.54248446,49925,0.04249161614731286
0.4,0.4,0.9,0.2,0.542487,49925,0.04352653268990117
0.1,0.9,0.7,0.8,0.54251665,49925,0.04144041726236849
0.1,0.9,0.2,0.2,0.5425185,49925,0.03934890813826162
0.8,0.4,0.9,0.1,0.5425227,49925,0.042702096811459485
0.3,0.8,0.8,0.2,0.54259175,49925,0.04346470620155632
0.9,0.1,0.9,0.1,0.54261947,49925,0.03835232550497
0.2,0.6,0.9,0.4,0.54269457,49925,0.04298380928714
0.1,0.9,0.5,0.6,0.54269725,49925,0.041494341661006504
0.1,0.8,0.6,0.6,0.54271173,49925,0.04171944487806373
0.7,0.1,0.7,0.1,0.5427541,49925,0.039354656902638105
0.1,0.7,0.9,0.9,0.5427812,49925,0.04129101504828284
0.8,0.1,0.8,0.1,0.5428468,49925,0.03879749190948111
0.5,0.8,0.9,0.1,0.54287034,49925,0.043752551299710396
0.1,0.5,0.9,0.7,0.54287666,49925,0.04133314359599848
0.3,0.3,0.8,0.2,0.54292405,49925,0.04315568756725664
0.8,0.2,0.8,0.1,0.5429458,49925,0.04084542537141929
0.1,0.2,0.8,0.2,0.542951,49925,0.0397094652168236
0.4,0.5,0.7,0.1,0.54297924,49925,0.043897595691333224
0.6,0.4,0.8,0.1,0.5429835,49925,0.04329904631080921
0.5,0.2,0.6,0.1,0.5430621,49925,0.042403898696807114
0.6,0.3,0.7,0.1,0.5430654,49925,0.042870118425171605
0.1,0.7,0.8,0.8,0.54306704,49925,0.04154908646821712
0.1,0.6,0.8,0.7,0.5431307,49925,0.04163441398645952
0.7,0.1,0.9,0.1,0.54313225,49925,0.038750024924046785
0.3,0.8,0.9,0.3,0.5431951,49925,0.04360881538422097
0.9,0.2,0.8,0.1,0.5432119,49925,0.040529422052542764
0.9,0.1,0.8,0.1,0.5432184,49925,0.03853543229885117
0.7,0.2,0.7,0.1,0.54324913,49925,0.04139600452818081
0.1,0.6,0.2,0.1,0.5432771,49925,0.040872115590736884
0.4,0.8,0.8,0.1,0.54330254,49925,0.043584008097867354
0.1,0.6,0.7,0.6,0.5433559,49925,0.041914613106993445
0.4,0.8,0.9,0.2,0.5433889,49925,0.0438664361800628
0.6,0.1,0.9,0.1,0.5433931,49925,0.03887052309427788
0.1,0.7,0.7,0.7,0.54346395,49925,0.04177085559893549
0.1,0.6,0.6,0.5,0.54348487,49925,0.042167919797031744
0.1,0.2,0.9,0.2,0.54351366,49925,0.03893355758006197
0.6,0.1,0.8,0.1,0.5435189,49925,0.03927459477169093
0.1,0.6,0.4,0.3,0.54353654,49925,0.04231986425049272
0.7,0.5,0.9,0.1,0.54355156,49925,0.0434099071014054
0.1,0.9,0.4,0.5,0.54356074,49925,0.04132422138934339
0.1,0.8,0.7,0.8,0.54362166,49925,0.04160965465638312
0.1,0.2,0.7,0.2,0.5436255,49925,0.04055243064066448
0.3,0.9,0.9,0.3,0.543641,49925,0.043431329915730586
0.2,0.6,0.6,0.2,0.543641,49925,0.04343132991573059
0.1,0.3,0.3,0.1,0.543641,49925,0.04343132991573059
0.2,0.9,0.9,0.5,0.5436537,49925,0.04273885094241931
0.2,0.5,0.6,0.2,0.5436651,49925,0.04368598410700991
0.1,0.9,0.3,0.4,0.54366523,49925,0.04090610243088435
0.1,0.6,0.3,0.2,0.54372406,49925,0.0419801282163837
0.2,0.9,0.8,0.4,0.54374254,49925,0.042719404795957774
0.1,0.9,0.7,0.9,0.5437471,49925,0.04143455752209684
0.3,0.2,0.5,0.1,0.5437569,49925,0.04334814438283702
0.6,0.1,0.7,0.1,0.5437804,49925,0.03965277589528057
0.4,0.3,0.9,0.2,0.5438167,49925,0.042962774307420785
0.5,0.1,0.7,0.1,0.5438548,49925,0.039889944859141886
0.1,0.4,0.8,0.5,0.54385585,49925,0.04156577903628234
0.1,0.6,0.9,0.9,0.54388523,49925,0.041285576085696496
0.1,0.3,0.9,0.4,0.5439051,49925,0.0406468663159985
0.4,0.6,0.7,0.1,0.54390556,49925,0.043931759627978635
0.8,0.3,0.8,0.1,0.5439135,49925,0.0421195290835856
0.1,0.7,0.6,0.6,0.5439206,49925,0.04198552396391421
0.4,0.3,0.6,0.1,0.5439318,49925,0.043622932575212194
0.2,0.4,0.8,0.3,0.5439608,49925,0.04316138474979166
0.2,0.9,0.4,0.1,0.5440051,49925,0.041639746062281616
0.1,0.2,0.6,0.2,0.5440096,49925,0.04147568284239853
0.2,0.8,0.7,0.3,0.54401195,49925,0.042941775092035984
0.5,0.1,0.8,0.1,0.5440134,49925,0.039403652631562994
0.6,0.6,0.9,0.1,0.5440528,49925,0.043754608337759314
0.4,0.9,0.9,0.2,0.5440916,49925,0.043735666509105244
0.1,0.7,0.5,0.5,0.5441286,49925,0.04209008045617897
0.3,0.7,0.9,0.3,0.5441541,49925,0.043737325537128766
0.1,0.6,0.8,0.8,0.5441986,49925,0.041604907312373436
0.8,0.1,0.7,0.1,0.54421246,49925,0.03903534015578529
0.2,0.8,0.9,0.5,0.5442549,49925,0.04292994900489912
0.1,0.6,0.5,0.4,0.54427046,49925,0.042331995416369984
0.4,0.9,0.8,0.1,0.5442799,49925,0.043405129873828906
0.1,0.9,0.6,0.8,0.544283,49925,0.04151231442032606
0.1,0.7,0.4,0.4,0.54428405,49925,0.042073842439578665
0.1,0.9,0.5,0.7,0.5443392,49925,0.04155039168324722
0.2,0.8,0.8,0.4,0.5443601,49925,0.042983562105259096
0.1,0.4,0.4,0.2,0.5443601,49925,0.042983562105259096
0.3,0.6,0.6,0.1,0.5443846,49925,0.04375816270602372
0.4,0.1,0.7,0.1,0.5444078,49925,0.04000090943162162
0.5,0.1,0.9,0.1,0.544413,49925,0.03891618911517404
0.3,0.5,0.7,0.2,0.5444249,49925,0.04412635856786998
0.1,0.7,0.8,0.9,0.544488,49925,0.04149929281215303
0.2,0.9,0.5,0.2,0.5445093,49925,0.04240660472136945
0.1,0.8,0.2,0.2,0.544563,49925,0.04010731456749829
0.6,0.1,0.6,0.1,0.5446078,49925,0.04000657565724026
0.1,0.8,0.6,0.7,0.5446118,49925,0.04175997512077819
0.5,0.4,0.7,0.1,0.5446145,49925,0.04369459662995708
0.5,0.3,0.9,0.2,0.5446193,49925,0.04304951106140071
0.5,0.6,0.8,0.1,0.5446354,49925,0.043896253751868015
0.4,0.1,0.6,0.1,0.54465264,49925,0.04062317760946774
0.1,0.4,0.5,0.3,0.5447452,49925,0.04280348952591806
0.5,0.1,0.6,0.1,0.5447604,49925,0.04037725287551022
0.1,0.8,0.7,0.9,0.5447852,49925,0.04154542734435641
0.5,0.9,0.9,0.1,0.5447969,49925,0.04367243068267391
0.1,0.8,0.5,0.6,0.5448418,49925,0.0418277037863786
0.1,0.7,0.3,0.3,0.5448679,49925,0.04180562039268992
0.2,0.5,0.9,0.4,0.54487216,49925,0.04304724003242467
0.9,0.4,0.9,0.1,0.5448792,49925,0.04248904569789152
0.1,0.5,0.8,0.7,0.54488176,49925,0.04166082246346584
0.9,0.1,0.7,0.1,0.5449043,49925,0.03869201334910933
0.8,0.2,0.7,0.1,0.54495364,49925,0.04103228643081206
0.1,0.3,0.6,0.3,0.54500604,49925,0.04226555333987844
0.2,0.2,0.9,0.2,0.5450096,49925,0.04089746000866992
0.2,0.3,0.6,0.2,0.5450132,49925,0.0437012794225173
0.3,0.4,0.7,0.2,0.5450152,49925,0.04406093495624309
0.1,0.3,0.8,0.4,0.5450454,49925,0.04122756698975359
0.4,0.6,0.8,0.2,0.5450687,49925,0.04423894720629488
0.2,0.3,0.4,0.1,0.5450687,49925,0.04423894720629488
0.3,0.6,0.9,0.3,0.54510015,49925,0.043800042631335384
0.1,0.2,0.3,0.1,0.54510015,49925,0.04380004263133538
0.2,0.4,0.6,0.2,0.54510015,49925,0.04380004263133538
0.4,0.1,0.8,0.1,0.5451266,49925,0.039410210398223726
0.1,0.5,0.2,0.1,0.5451585,49925,0.041851112848852685
0.5,0.5,0.9,0.2,0.54516625,49925,0.04404421068686066
0.2,0.7,0.7,0.3,0.54517484,49925,0.043216277417091505
0.6,0.2,0.6,0.1,0.54519224,49925,0.04204718600826029
0.3,0.3,0.5,0.1,0.54520583,49925,0.04405326731532633
0.3,0.6,0.7,0.2,0.5452162,49925,0.04406159285563187
0.1,0.8,0.4,0.5,0.5452559,49925,0.04176439504810584
0.2,0.6,0.7,0.3,0.54526293,49925,0.04346639925570352
0.2,0.7,0.8,0.4,0.54529315,49925,0.04318359832010847
0.2,0.8,0.4,0.1,0.54530734,49925,0.04217433622904982
0.1,0.4,0.6,0.4,0.54533756,49925,0.04245607543148732
0.7,0.4,0.8,0.1,0.54534084,49925,0.04311359632676841
0.3,0.5,0.9,0.3,0.54534405,49925,0.04377893312174842
0.2,0.2,0.8,0.2,0.5453982,49925,0.04160901705051528
0.1,0.1,0.4,0.1,0.5453982,49925,0.04160901705051528
0.3,0.4,0.9,0.3,0.5454166,49925,0.04357406069822525
0.3,0.7,0.7,0.2,0.5454401,49925,0.04389115234722222
0.2,0.9,0.9,0.6,0.5454558,49925,0.042914061723589594
0.5,0.4,0.9,0.2,0.5454565,49925,0.04369748189862181
0.2,0.2,0.4,0.1,0.5454611,49925,0.043964061554775224
0.4,0.4,0.8,0.2,0.5454611,49925,0.043964061554775224
0.7,0.1,0.6,0.1,0.54546624,49925,0.03962287615027223
0.1,0.1,0.5,0.1,0.54546875,49925,0.04021800794022997
0.2,0.9,0.3,0.1,0.545475,49925,0.041313486951780234
0.1,0.7,0.7,0.8,0.5455136,49925,0.041751925127681194
0.9,0.3,0.8,0.1,0.5455282,49925,0.0418039789927787
0.1,0.8,0.3,0.4,0.54555976,49925,0.04146353897781774
0.1,0.9,0.6,0.9,0.54556346,49925,0.04147918863959087
0.1,0.5,0.7,0.6,0.54556763,49925,0.042017054795783645
0.2,0.3,0.9,0.3,0.5456089,49925,0.042254599513158055
0.1,0.6,0.7,0.7,0.54563767,49925,0.04191061439730008
0.1,0.5,0.6,0.5,0.5456402,49925,0.042364199708956045
0.5,0.7,0.8,0.1,0.5456768,49925,0.04392289092623021
0.4,0.5,0.8,0.2,0.5456831,49925,0.0441795252492752
0.4,0.7,0.8,0.2,0.54570323,49925,0.044184967856029676
0.2,0.8,0.5,0.2,0.5457074,49925,0.04285130259697015
0.3,0.8,0.7,0.2,0.54570794,49925,0.04367395072880726
0.6,0.3,0.9,0.2,0.545719,49925,0.04300733524794971
0.6,0.5,0.8,0.1,0.54575324,49925,0.04372082705572501
0.1,0.3,0.4,0.2,0.5457637,49925,0.0433721839576673
0.2,0.6,0.8,0.4,0.5457637,49925,0.0433721839576673
0.2,0.7,0.9,0.5,0.54578376,49925,0.043098186425935124
0.1,0.4,0.7,0.5,0.5457951,49925,0.04203705710334001
0.1,0.5,0.5,0.4,0.5458257,49925,0.042679064446772635
0.3,0.9,0.6,0.1,0.5458325,49925,0.04292523188431285
0.1,0.5,0.9,0.8,0.54584014,49925,0.04129709170313433
0.2,0.9,0.6,0.3,0.54585385,49925,0.042792411073547185
0.1,0.7,0.6,0.7,0.5458629,49925,0.04195294015702517
0.1,0.8,0.6,0.8,0.54587334,49925,0.041732588569034716
0.3,0.2,0.9,0.2,0.54588425,49925,0.04167540994061299
0.6,0.7,0.9,0.1,0.545911,49925,0.043873516119467014
0.2,0.5,0.7,0.3,0.54592615,49925,0.043647726974618876
0.1,0.9,0.1,0.1,0.5459448,49925,0.036894334056400566
0.1,0.6,0.6,0.6,0.5459611,49925,0.042207439817833474
0.1,0.2,0.5,0.2,0.54599863,49925,0.042451546763183697
0.3,0.8,0.6,0.1,0.5460175,49925,0.04324402869760242
0.4,0.1,0.5,0.1,0.54601777,49925,0.041240870894986334
0.4,0.2,0.5,0.1,0.5460234,49925,0.04315911660550031
0.1,0.4,0.9,0.6,0.54607606,49925,0.04118041902759236
0.1,0.9,0.4,0.6,0.54612726,49925,0.04140933834081018
0.5,0.7,0.9,0.2,0.54613763,49925,0.0442462759635628
0.1,0.7,0.2,0.2,0.54618007,49925,0.04093681122033551
0.2,0.9,0.8,0.5,0.5461807,49925,0.04295258119389182
0.3,0.7,0.6,0.1,0.5462048,49925,0.04351536083607313
0.4,0.3,0.8,0.2,0.5462137,49925,0.04345153523890039
0.8,0.5,0.9,0.1,0.5462138,49925,0.04323918762392219
0.3,0.9,0.7,0.2,0.54622436,49925,0.0434137095027752
0.3,0.1,0.5,0.1,0.54623455,49925,0.04151861019989004
0.1,0.9,0.5,0.8,0.5462373,49925,0.04153314574554065
0.7,0.3,0.7,0.1,0.5462489,49925,0.04259841906428801
0.3,0.1,0.7,0.1,0.5462583,49925,0.039955233010173126
0.3,0.1,0.6,0.1,0.54632217,49925,0.04073757188676255
0.2,0.7,0.4,0.1,0.54635996,49925,0.04270588279405495
0.2,0.1,0.5,0.1,0.5463668,49925,0.04143308103557477
0.2,0.1,0.6,0.1,0.5463691,49925,0.040408274356829456
0.3,0.2,0.8,0.2,0.5463718,49925,0.042316295633814616
0.5,0.6,0.9,0.2,0.54639626,49925,0.04420557870714727
0.3,0.3,0.7,0.2,0.54644185,49925,0.043733498769715655
0.1,0.6,0.8,0.9,0.5464574,49925,0.041529085272088886
0.5,0.8,0.9,0.2,0.5465435,49925,0.04423493553842054
0.4,0.4,0.6,0.1,0.5465554,49925,0.04401239517408331
0.1,0.6,0.5,0.5,0.5466032,49925,0.04243272193505879
0.1,0.7,0.5,0.6,0.5466044,49925,0.04214700741442851
0.2,0.8,0.3,0.1,0.5466072,49925,0.041933442789362126
0.1,0.5,0.3,0.2,0.546613,49925,0.04271852012747175
0.2,0.2,0.7,0.2,0.5466176,49925,0.04239100395587013
0.7,0.3,0.9,0.2,0.5466219,49925,0.04284924491253001
0.6,0.8,0.9,0.1,0.54662216,49925,0.04388928648344735
0.1,0.4,0.8,0.6,0.54667765,49925,0.04160740603153213
0.2,0.1,0.7,0.1,0.54668057,49925,0.03947907826115223
0.7,0.6,0.9,0.1,0.5466826,49925,0.04371791002770037
0.9,0.2,0.7,0.1,0.546699,49925,0.04068415808312898
0.4,0.8,0.8,0.2,0.5467103,49925,0.044074624647287675
0.2,0.4,0.4,0.1,0.5467103,49925,0.044074624647287675
0.1,0.9,0.3,0.5,0.54671764,49925,0.041099095317914426
0.1,0.8,0.6,0.9,0.5467353,49925,0.04164545114955723
0.1,0.5,0.4,0.3,0.5467452,49925,0.04286051519027611
0.1,0.8,0.5,0.7,0.54677075,49925,0.04182754755485376
0.1,0.9,0.2,0.3,0.54677653,49925,0.04001966023534012
0.6,0.4,0.9,0.2,0.5467778,49925,0.04367270541229421
0.2,0.8,0.9,0.6,0.5468547,49925,0.043083907429589195
0.1,0.8,0.1,0.1,0.5468611,49925,0.03777628834112786
0.1,0.5,0.7,0.7,0.54687464,49925,0.04199271067482986
0.8,0.1,0.6,0.1,0.54687756,49925,0.039202044517441456
0.4,0.7,0.7,0.1,0.5468909,49925,0.04385972828347527
0.3,0.8,0.8,0.3,0.5468986,49925,0.04385638123651571
0.1,0.6,0.3,0.3,0.5469087,49925,0.042436874793119334
0.4,0.2,0.9,0.2,0.5469358,49925,0.041970964323823926
0.1,0.7,0.4,0.5,0.5469468,49925,0.04219774918549817
0.2,0.3,0.8,0.3,0.5469503,49925,0.0428760834999533
0.1,0.3,0.7,0.4,0.5469645,49925,0.04182901807790846
0.1,0.6,0.4,0.4,0.54697037,49925,0.04255365007580578
0.2,0.9,0.4,0.2,0.54701865,49925,0.04238106052597972
0.2,0.7,0.5,0.2,0.54706895,49925,0.04329858218787676
0.1,0.1,0.9,0.1,0.54708487,49925,0.0360039036487489
0.3,0.7,0.8,0.3,0.5471049,49925,0.044044501664978225
0.4,0.1,0.9,0.1,0.5471345,49925,0.03882645101022518
0.7,0.2,0.9,0.2,0.5471356,49925,0.04174136333606231
0.8,0.4,0.8,0.1,0.5471573,49925,0.04286253269945586
0.3,0.4,0.5,0.1,0.547159,49925,0.044234511476183604
0.2,0.1,0.4,0.1,0.5471672,49925,0.04251697981006783
0.4,0.2,0.8,0.2,0.5471672,49925,0.04251697981006783
0.5,0.3,0.6,0.1,0.5472176,49925,0.04342252690141129
0.2,0.4,0.7,0.3,0.5472309,49925,0.043689655060130846
0.1,0.7,0.6,0.8,0.54723465,49925,0.04189454376589456
0.2,0.9,0.7,0.4,0.5472646,49925,0.04290294603890016
0.2,0.6,0.4,0.1,0.5472718,49925,0.04323454868686315
0.1,0.5,0.8,0.8,0.54728043,49925,0.04158386761514395
0.3,0.9,0.8,0.3,0.54728365,49925,0.04362227704078892
0.5,0.2,0.9,0.2,0.54729575,49925,0.0420013569775262
0.6,0.2,0.9,0.2,0.54733497,49925,0.0418984227413044
0.1,0.8,0.4,0.6,0.5473644,49925,0.04180142606022652
0.1,0.1,0.6,0.1,0.54738134,49925,0.03896127330947673
0.2,0.8,0.8,0.5,0.54741806,49925,0.04321488821773856
0.1,0.6,0.7,0.8,0.5474209,49925,0.04182621751072703
0.7,0.2,0.6,0.1,0.54743,49925,0.04162338041597163
0.1,0.7,0.7,0.9,0.5474626,49925,0.041666929481401827
0.1,0.9,0.5,0.9,0.5474684,49925,0.04145680898254261
0.2,0.8,0.6,0.3,0.5474743,49925,0.04315832195705751
0.1,0.4,0.9,0.7,0.5475227,49925,0.04118679241922402
0.1,0.3,0.9,0.5,0.5475399,49925,0.04082483676385896
0.2,0.6,0.9,0.5,0.5475862,49925,0.043202008401884096
0.6,0.1,0.5,0.1,0.5476117,49925,0.040313843041297114
0.2,0.5,0.8,0.4,0.5476306,49925,0.04348558260752792
0.5,0.1,0.5,0.1,0.5476322,49925,0.040792270352976126
0.6,0.4,0.7,0.1,0.54763746,49925,0.0435256933315343
0.2,0.1,0.8,0.1,0.5477261,49925,0.03862188837990648
0.3,0.1,0.8,0.1,0.5477316,49925,0.03923126771180524
0.2,0.9,0.9,0.7,0.54774046,49925,0.04299457332195005
0.9,0.5,0.9,0.1,0.5477405,49925,0.043031379395243395
0.4,0.7,0.9,0.3,0.54780936,49925,0.04433490306823109
0.3,0.9,0.9,0.4,0.54781187,49925,0.04371430785861228
0.8,0.6,0.9,0.1,0.54781693,49925,0.04360173370967267
0.8,0.2,0.9,0.2,0.5478962,49925,0.04153672908881375
0.5,0.5,0.7,0.1,0.5479394,49925,0.04397043104393009
0.7,0.5,0.8,0.1,0.54795974,49925,0.043589580983228855
0.1,0.7,0.3,0.4,0.5479598,49925,0.04203874355384128
0.1,0.9,0.4,0.7,0.54797673,49925,0.041436735712946524
0.5,0.8,0.8,0.1,0.5479792,49925,0.043880549968083375
0.5,0.9,0.9,0.2,0.5479799,49925,0.044146149770625046
0.1,0.2,0.8,0.3,0.54798657,49925,0.040383309856513804
0.5,0.3,0.8,0.2,0.54801905,49925,0.04346172254426958
0.9,0.1,0.6,0.1,0.54802513,49925,0.03879281110774613
0.4,0.9,0.8,0.2,0.5480271,49925,0.0438988747613204
0.1,0.1,0.8,0.1,0.54803,49925,0.03689023276883836
0.2,0.4,0.9,0.4,0.54804534,49925,0.0429475914492454
0.1,0.8,0.5,0.8,0.54805297,49925,0.041766534817346754
0.1,0.1,0.7,0.1,0.548071,49925,0.03785600946395665
0.8,0.3,0.9,0.2,0.5481367,49925,0.04263400350120422
0.2,0.7,0.9,0.6,0.5481412,49925,0.043222542023357756
0.1,0.4,0.2,0.1,0.5482173,49925,0.04289738117311423
0.2,0.8,0.4,0.2,0.5482173,49925,0.04289738117311423
0.3,0.7,0.9,0.4,0.5482221,49925,0.04401077290850251
0.1,0.6,0.6,0.7,0.5482394,49925,0.042156976290318705
0.4,0.8,0.7,0.1,0.54825103,49925,0.043669656961936386
0.3,0.4,0.8,0.3,0.5482624,49925,0.04406692967771106
0.3,0.9,0.5,0.1,0.5483443,49925,0.04288526365606884
0.1,0.3,0.5,0.3,0.54834473,49925,0.04297307451592971
0.2,0.9,0.8,0.6,0.548379,49925,0.043105487516134904
0.1,0.5,0.9,0.9,0.54838526,49925,0.04120948059879382
0.1,0.8,0.2,0.3,0.54841256,49925,0.040713265103948716
0.2,0.7,0.8,0.5,0.548415,49925,0.043419555407036244
0.3,0.8,0.9,0.4,0.5484183,49925,0.0439039288101914
0.6,0.5,0.9,0.2,0.5484246,49925,0.04407697544509484
0.1,0.6,0.2,0.2,0.54842997,49925,0.041797134923893975
0.1,0.7,0.1,0.1,0.5484327,49925,0.03872039295843953
0.4,0.8,0.9,0.3,0.548442,49925,0.04427143428437209
0.1,0.2,0.9,0.3,0.5484481,49925,0.03964884919547918
0.2,0.9,0.6,0.4,0.5484542,49925,0.04310308159570904
0.2,0.5,0.4,0.1,0.5484611,49925,0.0437174559806542
0.1,0.5,0.6,0.6,0.5484691,49925,0.042366473250212956
0.4,0.9,0.7,0.1,0.54847556,49925,0.04349658414595531
0.3,0.6,0.8,0.3,0.548482,49925,0.04414194238729497
0.3,0.2,0.7,0.2,0.5485292,49925,0.04295116005578268
0.6,0.6,0.8,0.1,0.54855543,49925,0.043925099744208024
0.1,0.7,0.5,0.7,0.54856163,49925,0.04209240042881419
0.1,0.3,0.8,0.5,0.54856825,49925,0.041361535414294756
0.7,0.4,0.9,0.2,0.54858553,49925,0.04354540589673559
0.3,0.5,0.8,0.3,0.54859394,49925,0.04419143763513673
0.4,0.5,0.9,0.3,0.54860026,49925,0.044280589303299686
0.4,0.6,0.9,0.3,0.54863864,49925,0.04434125396331647
0.1,0.4,0.5,0.4,0.548657,49925,0.042957000664444085
0.2,0.8,0.7,0.4,0.5486709,49925,0.04322543640512192
0.4,0.5,0.6,0.1,0.5486872,49925,0.044147152431645215
0.1,0.4,0.6,0.5,0.54871166,49925,0.04250109387479642
0.6,0.9,0.9,0.1,0.54871947,49925,0.04385708589301994
0.9,0.2,0.9,0.2,0.54875934,49925,0.04128383576523597
0.7,0.7,0.9,0.1,0.5487641,49925,0.04386222592986285
0.1,0.8,0.3,0.5,0.5487778,49925,0.04159411806233939
0.2,0.7,0.3,0.1,0.54880476,49925,0.04256280684390836
0.4,0.9,0.9,0.3,0.5488386,49925,0.04413302517494007
0.1,0.6,0.5,0.6,0.548875,49925,0.042402169970993046
0.3,0.1,0.4,0.1,0.5489921,49925,0.04230070946697705
0.6,0.2,0.8,0.2,0.5489921,49925,0.04230070946697705
0.1,0.7,0.6,0.9,0.5489976,49925,0.041777552589111214
0.2,0.1,0.9,0.1,0.5490422,49925,0.03782970538249123
0.5,0.2,0.8,0.2,0.5490736,49925,0.04245881327842888
0.2,0.9,0.7,0.5,0.5490766,49925,0.043156977160243214
0.2,0.6,0.5,0.2,0.5490904,49925,0.043699514856259065
0.3,0.5,0.6,0.2,0.5491092,49925,0.04448854673444391
0.2,0.7,0.7,0.4,0.5491113,49925,0.04350692295730651
0.5,0.4,0.8,0.2,0.5491172,49925,0.04404814366477005
0.2,0.7,0.6,0.3,0.54912144,49925,0.043515935700848295
0.8,0.3,0.7,0.1,0.54913473,49925,0.04225807828367809
0.6,0.6,0.9,0.2,0.549148,49925,0.04426961144272294
0.2,0.8,0.9,0.7,0.5491669,49925,0.0431543611198871
0.5,0.5,0.8,0.2,0.54916716,49925,0.04432100006354567
0.9,0.4,0.8,0.1,0.5491815,49925,0.04259836849932856
0.2,0.9,0.5,0.3,0.5491871,49925,0.04288113232679203
0.2,0.5,0.9,0.5,0.54919267,49925,0.043242316400251474
0.1,0.9,0.4,0.8,0.5492226,49925,0.04140199595035109
0.3,0.6,0.9,0.4,0.5492499,49925,0.044103755428387376
0.1,0.4,0.8,0.7,0.54929465,49925,0.04157656237985675
0.2,0.6,0.8,0.5,0.54930574,49925,0.043556344712965725
0.3,0.9,0.6,0.2,0.54933196,49925,0.043517598436982795
0.1,0.2,0.7,0.3,0.5493501,49925,0.04115055721015674
0.6,0.3,0.8,0.2,0.5493505,49925,0.04336821912898945
0.1,0.6,0.7,0.9,0.5493896,49925,0.041731979564871235
0.2,0.8,0.8,0.6,0.5493931,49925,0.04331843912391128
0.1,0.4,0.4,0.3,0.5493931,49925,0.04331843912391128
0.2,0.2,0.6,0.2,0.54940987,49925,0.04318138977445857
0.3,0.3,0.9,0.3,0.54940987,49925,0.04318138977445856
0.1,0.1,0.3,0.1,0.54940987,49925,0.04318138977445857
0.3,0.1,0.9,0.1,0.5494538,49925,0.03854976268148558
0.1,0.3,0.6,0.4,0.54945683,49925,0.04245285552637692
0.6,0.3,0.6,0.1,0.5494577,49925,0.04309773903624497
0.2,0.5,0.5,0.2,0.5494637,49925,0.04406721572536519
0.2,0.9,0.3,0.2,0.5494653,49925,0.04213771633975202
0.9,0.3,0.9,0.2,0.5494663,49925,0.04239790674072294
0.1,0.9,0.2,0.4,0.54947656,49925,0.040392020655909786
0.2,0.9,0.8,0.7,0.54947764,49925,0.043176466983283125
0.2,0.9,0.2,0.1,0.54948443,49925,0.040604946573926166
0.1,0.5,0.5,0.5,0.54949003,49925,0.04270808195871315
0.1,0.4,0.9,0.8,0.5494905,49925,0.04113386441458033
0.1,0.5,0.7,0.8,0.54949564,49925,0.041872666158011176
0.5,0.9,0.8,0.1,0.54950976,49925,0.0437563457266015
0.3,0.5,0.5,0.1,0.5495389,49925,0.04415043078657972
0.1,0.9,0.3,0.6,0.54954886,49925,0.041181979527367726
0.2,0.9,0.9,0.8,0.54955375,49925,0.04302061333441216
0.9,0.3,0.7,0.1,0.54957986,49925,0.04190114827565125
0.1,0.5,0.4,0.4,0.5495857,49925,0.04299776728208688
0.1,0.9,0.1,0.2,0.54959214,49925,0.03818462276668828
0.5,0.2,0.5,0.1,0.54959327,49925,0.042755948698019366
0.1,0.8,0.4,0.7,0.5496156,49925,0.041788806391693654
0.3,0.8,0.5,0.1,0.54962456,49925,0.04326719712444554
0.4,0.4,0.9,0.3,0.54962736,49925,0.044010850417747834
0.8,0.2,0.6,0.1,0.5496422,49925,0.04117032474145954
0.2,0.6,0.6,0.3,0.54966295,49925,0.04382586047859732
0.3,0.9,0.4,0.1,0.5496644,49925,0.042696901615923474
0.9,0.1,0.9,0.2,0.54967016,49925,0.03956997241705279
0.2,0.6,0.7,0.4,0.54967135,49925,0.04373003704026124
0.8,0.4,0.9,0.2,0.54968584,49925,0.04334737685597704
0.3,0.8,0.6,0.2,0.54973626,49925,0.04384063937013343
0.1,0.6,0.4,0.5,0.5497417,49925,0.042618308662933424
0.1,0.5,0.3,0.3,0.54975873,49925,0.04309273936603991
0.4,0.3,0.7,0.2,0.54977185,49925,0.043939731878032906
0.1,0.7,0.5,0.8,0.54979247,49925,0.04198636589289445
0.8,0.1,0.9,0.2,0.54981107,49925,0.03977932761424564
0.1,0.3,0.9,0.6,0.54983616,49925,0.04089909048930606
0.4,0.4,0.7,0.2,0.5498544,49925,0.04435686899094992
0.1,0.7,0.2,0.3,0.5498674,49925,0.041447570953625563
0.7,0.4,0.7,0.1,0.5498729,49925,0.04327964078753802
0.7,0.2,0.8,0.2,0.5498968,49925,0.04208333369892296
0.3,0.6,0.5,0.1,0.5499146,49925,0.04391561314727917
0.7,0.1,0.5,0.1,0.5499231,49925,0.03980167726104354
0.4,0.6,0.7,0.2,0.54999197,49925,0.04447845391126501
0.1,0.4,0.7,0.6,0.5500413,49925,0.04202583427386117
0.1,0.8,0.5,0.9,0.5500969,49925,0.04165401340241792
0.4,0.5,0.7,0.2,0.5501103,49925,0.044494432667463904
0.5,0.6,0.7,0.1,0.55013686,49925,0.044075075633190436
0.2,0.3,0.5,0.2,0.55014986,49925,0.04438550931375593
0.5,0.6,0.8,0.2,0.55015606,49925,0.044443033710630554
0.6,0.7,0.8,0.1,0.5501947,49925,0.04399065296230641
0.2,0.8,0.5,0.3,0.55020916,49925,0.04333222074948884
0.2,0.4,0.5,0.2,0.5502466,49925,0.044320371734203196
0.2,0.3,0.7,0.3,0.55024785,49925,0.04351679624726842
0.6,0.7,0.9,0.2,0.55025446,49925,0.04437484788182844
0.2,0.8,0.2,0.1,0.5502879,49925,0.04127988751821698
0.1,0.5,0.8,0.9,0.5503067,49925,0.04148637451700314
0.3,0.4,0.6,0.2,0.55031526,49925,0.044521622554218016
0.1,0.6,0.6,0.8,0.5503544,49925,0.04202918832180539
0.2,0.9,0.5,0.4,0.55039185,49925,0.043207448590589385
0.2,0.4,0.8,0.4,0.5504149,49925,0.04348083305713945
0.1,0.2,0.4,0.2,0.5504149,49925,0.04348083305713945
0.3,0.5,0.9,0.4,0.5504229,49925,0.04410350715495007
0.7,0.3,0.8,0.2,0.55042607,49925,0.04311521726449508
0.2,0.8,0.3,0.2,0.5504288,49925,0.04273558732977464
0.3,0.7,0.5,0.1,0.55045456,49925,0.04362802712084297
0.8,0.5,0.8,0.1,0.55045843,49925,0.0433431487849494
0.1,0.7,0.4,0.6,0.5504638,49925,0.042181782365365246
0.9,0.6,0.9,0.1,0.55047923,49925,0.04340868177553143
0.4,0.6,0.6,0.1,0.55049187,49925,0.044106377981134134
0.1,0.5,0.6,0.7,0.5505047,49925,0.04227976317534263
0.2,0.7,0.9,0.7,0.5505054,49925,0.043285120690437315
0.3,0.9,0.7,0.3,0.55053055,49925,0.0437895351817385
0.8,0.7,0.9,0.1,0.5505748,49925,0.04378100977749257
0.2,0.9,0.6,0.5,0.5505876,49925,0.043304566822242554
0.1,0.3,0.7,0.5,0.5506089,49925,0.04190806157238114
0.4,0.7,0.7,0.2,0.55064076,49925,0.044405410911549835
0.9,0.2,0.6,0.1,0.5506743,49925,0.04073209467311468
0.4,0.9,0.7,0.2,0.5506959,49925,0.04403494071066452
0.2,0.7,0.4,0.2,0.5507098,49925,0.043429475278141234
0.7,0.6,0.8,0.1,0.5507697,49925,0.043839125114036766
0.1,0.9,0.4,0.9,0.5508045,49925,0.041298573412659904
0.5,0.4,0.6,0.1,0.5508103,49925,0.04395078509826664
0.1,0.6,0.5,0.7,0.55081576,49925,0.0423125195882473
0.5,0.7,0.7,0.1,0.5508239,49925,0.04403342355422399
0.4,0.2,0.7,0.2,0.5508281,49925,0.043066311156602914
0.2,0.9,0.7,0.6,0.55085385,49925,0.04327362604480172
0.4,0.3,0.5,0.1,0.5508712,49925,0.04397049875436646
0.2,0.5,0.7,0.4,0.55087537,49925,0.04391502031891107
0.6,0.5,0.7,0.1,0.55088997,49925,0.04388994857253868
0.2,0.8,0.7,0.5,0.5508925,49925,0.04344798276903048
0.8,0.2,0.8,0.2,0.55090046,49925,0.04179842375581725
0.4,0.1,0.4,0.1,0.55090046,49925,0.04179842375581725
0.1,0.6,0.1,0.1,0.55090916,49925,0.03978283770306132
0.3,0.6,0.6,0.2,0.55092245,49925,0.044329249324431115
0.1,0.8,0.3,0.6,0.55092835,49925,0.041624211772987786
0.5,0.7,0.8,0.2,0.55093795,49925,0.044446630895453566
0.4,0.8,0.7,0.2,0.5509431,49925,0.04423188199010185
0.7,0.8,0.9,0.1,0.55096143,49925,0.04393790201105484
0.3,0.7,0.6,0.2,0.5509736,49925,0.044111162791987256
0.2,0.6,0.3,0.1,0.5509906,49925,0.04317962717283946
0.4,0.9,0.6,0.1,0.5510111,49925,0.043518713819942496
0.3,0.2,0.4,0.1,0.5510262,49925,0.043947512239244056
0.6,0.4,0.8,0.2,0.5510262,49925,0.043947512239244056
0.1,0.2,0.6,0.3,0.55103266,49925,0.0419673601415965
0.2,0.6,0.9,0.6,0.5510515,49925,0.04330710971711908
0.1,0.9,0.3,0.7,0.5510568,49925,0.04116396871423948
0.2,0.5,0.6,0.3,0.5510744,49925,0.044079992047698184
0.2,0.8,0.6,0.4,0.55108976,49925,0.043456172902461815
0.1,0.4,0.3,0.2,0.55108976,49925,0.043456172902461815
0.2,0.9,0.4,0.3,0.5510912,49925,0.04288078331347421
0.1,0.7,0.3,0.5,0.55112106,49925,0.042092912202812915
0.7,0.1,0.8,0.2,0.5511302,49925,0.04033520442444025
0.1,0.2,0.9,0.4,0.55117834,49925,0.040062937277536945
0.9,0.4,0.9,0.2,0.55118364,49925,0.04312581090391744
0.5,0.9,0.9,0.3,0.5511879,49925,0.044499862627444195
0.1,0.5,0.2,0.2,0.5512222,49925,0.04271203178710946
0.4,0.3,0.9,0.3,0.5512605,49925,0.043556495499548334
0.3,0.3,0.8,0.3,0.551261,49925,0.043724616587528894
0.2,0.7,0.8,0.6,0.5512651,49925,0.043517756579796216
0.5,0.7,0.9,0.3,0.55126995,49925,0.044635603000622255
0.3,0.9,0.8,0.4,0.5512988,49925,0.04391595088792998
0.3,0.8,0.4,0.1,0.5513124,49925,0.04314466940591938
0.1,0.3,0.8,0.6,0.55134773,49925,0.04137312158759954
0.7,0.1,0.9,0.2,0.5513601,49925,0.03998854437542432
0.5,0.8,0.8,0.2,0.5513639,49925,0.0443878806581042
0.2,0.4,0.6,0.3,0.55138063,49925,0.04422429847385813
0.3,0.9,0.3,0.1,0.55141723,49925,0.042311148499498685
0.5,0.8,0.9,0.3,0.5514186,49925,0.04459175044257479
0.4,0.7,0.6,0.1,0.5514327,49925,0.043969127974868925
0.1,0.6,0.3,0.4,0.5514577,49925,0.042625398352452985
0.2,0.8,0.9,0.8,0.55147487,49925,0.043185017124982884
0.2,0.7,0.2,0.1,0.55148125,49925,0.04199572613887833
0.1,0.6,0.4,0.6,0.55148286,49925,0.042557097516806405
0.2,0.9,0.8,0.8,0.55148953,49925,0.04321030233003085
0.1,0.7,0.5,0.9,0.5515001,49925,0.04183980063025649
0.5,0.2,0.7,0.2,0.5515232,49925,0.042933573334840026
0.6,0.8,0.9,0.2,0.5515449,49925,0.04436513497602233
0.5,0.6,0.9,0.3,0.5515555,49925,0.04463413689817229
0.3,0.9,0.9,0.5,0.55159914,49925,0.04391865935442925
0.4,0.6,0.8,0.3,0.55160713,49925,0.044654467461728346
0.7,0.9,0.9,0.1,0.5516166,49925,0.04390753043793124
0.8,0.1,0.5,0.1,0.55163217,49925,0.039281012824437446
0.3,0.6,0.7,0.3,0.5516508,49925,0.04447807112432086
0.8,0.1,0.8,0.2,0.5516653,49925,0.0400678859529443
0.2,0.9,0.9,0.9,0.5516718,49925,0.04301658190007746
0.9,0.5,0.8,0.1,0.5516724,49925,0.04309171572646837
0.7,0.5,0.9,0.2,0.5516737,49925,0.04398295701681027
0.6,0.8,0.8,0.1,0.551684,49925,0.0439697814256921
0.1,0.8,0.4,0.8,0.55169433,49925,0.04169040063437241
0.1,0.6,0.6,0.9,0.55172765,49925,0.04189307150037123
0.3,0.3,0.6,0.2,0.5517484,49925,0.04430122929300634
0.7,0.3,0.6,0.1,0.5517607,49925,0.04273610450996744
0.4,0.8,0.6,0.1,0.55178034,49925,0.04377094824882769
0.9,0.1,0.8,0.2,0.551794,49925,0.03978410822580321
0.9,0.2,0.8,0.2,0.55180025,49925,0.0414849753833526
0.8,0.4,0.7,0.1,0.5518088,49925,0.04298009452891783
0.4,0.7,0.8,0.3,0.5519235,49925,0.0445857924571893
0.4,0.9,0.8,0.3,0.5519279,49925,0.044298580014160434
0.6,0.2,0.5,0.1,0.5519336,49925,0.04224247213804489
0.3,0.8,0.7,0.3,0.5519377,49925,0.04405125958568821
0.3,0.8,0.8,0.4,0.55198365,49925,0.04414311641628011
0.1,0.8,0.1,0.2,0.5519842,49925,0.039028450197958774
0.2,0.8,0.7,0.6,0.55199,49925,0.04354320380572655
0.5,0.9,0.8,0.2,0.55199367,49925,0.044280072831870305
0.1,0.8,0.2,0.4,0.5520009,49925,0.041023559079329176
0.1,0.5,0.5,0.6,0.5520034,49925,0.04264088227568747
0.2,0.8,0.8,0.7,0.5520116,49925,0.04337689987857422
0.3,0.7,0.8,0.4,0.552018,49925,0.044316857448363486
0.1,0.7,0.4,0.7,0.55203694,49925,0.04210666678065191
0.1,0.4,0.9,0.9,0.5520624,49925,0.04100463731582515
0.6,0.1,0.9,0.2,0.5520733,49925,0.04015351721962631
0.4,0.5,0.8,0.3,0.5520825,49925,0.0446309302916489
0.1,0.4,0.6,0.6,0.55208755,49925,0.04242844901932487
0.4,0.8,0.8,0.3,0.55210817,49925,0.04446410954345929
0.3,0.8,0.9,0.5,0.5521556,49925,0.044121415907237845
0.2,0.7,0.7,0.5,0.55218375,49925,0.04370191774283673
0.5,0.5,0.9,0.3,0.5522209,49925,0.04449257401644741
0.8,0.5,0.9,0.2,0.5522382,49925,0.043813058442922916
0.3,0.9,0.5,0.2,0.55223864,49925,0.043519543036866365
0.1,0.4,0.5,0.5,0.5522493,49925,0.042933076479423904
0.4,0.9,0.5,0.1,0.5522717,49925,0.043409020485538116
0.3,0.5,0.7,0.3,0.5522739,49925,0.04456620708364977
0.2,0.3,0.9,0.4,0.55228233,49925,0.04264193378884672
0.1,0.4,0.8,0.8,0.55230653,49925,0.04145710209407336
0.2,0.9,0.6,0.6,0.5523073,49925,0.04341648451829101
0.1,0.9,0.2,0.5,0.5523266,49925,0.04059136124159526
0.7,0.6,0.9,0.2,0.5523269,49925,0.04423314082409169
0.5,0.3,0.7,0.2,0.552346,49925,0.04386862761745063
0.3,0.2,0.6,0.2,0.55235666,49925,0.04361168245572601
0.1,0.6,0.5,0.8,0.5523794,49925,0.042168775543484804
0.2,0.5,0.8,0.5,0.5523894,49925,0.043648328056660204
0.6,0.9,0.9,0.2,0.55239654,49925,0.044344327659091125
0.3,0.7,0.7,0.3,0.5524005,49925,0.04429692425779378
0.6,0.1,0.8,0.2,0.5524164,49925,0.04054046593169712
0.2,0.2,0.9,0.3,0.552442,49925,0.041596327402245545
0.7,0.5,0.7,0.1,0.5524512,49925,0.04369616278301786
0.9,0.7,0.9,0.1,0.552453,49925,0.04363894272113146
0.1,0.5,0.7,0.9,0.55247325,49925,0.04172154645913845
0.3,0.8,0.3,0.1,0.55247986,49925,0.042786066545673976
0.3,0.4,0.9,0.4,0.5524888,49925,0.04392935770143585
0.2,0.9,0.7,0.7,0.5525404,49925,0.04334498929492662
0.8,0.6,0.8,0.1,0.5525627,49925,0.04366902251744652
0.8,0.8,0.9,0.1,0.55258644,49925,0.04387949285375911
0.2,0.9,0.5,0.5,0.55260617,49925,0.04339491805949882
0.5,0.1,0.4,0.1,0.55265605,49925,0.04114911853118039
0.1,0.4,0.7,0.7,0.552671,49925,0.04193499201017281
0.5,0.9,0.7,0.1,0.5527001,49925,0.04379652447220062
0.3,0.6,0.8,0.4,0.55271757,49925,0.04445141954344633
0.2,0.4,0.9,0.5,0.5527221,49925,0.04315282171724615
0.1,0.5,0.4,0.5,0.55272263,49925,0.04298291328454373
0.3,0.7,0.9,0.5,0.5527473,49925,0.04424594042182577
0.2,0.9,0.4,0.4,0.5527627,49925,0.04320545898839126
0.9,0.1,0.5,0.1,0.55278224,49925,0.038772846461560574
0.6,0.5,0.8,0.2,0.5528107,49925,0.04428174317079387
0.1,0.6,0.2,0.3,0.55283433,49925,0.04223428447172447
0.2,0.8,0.5,0.4,0.5528706,49925,0.04362148075044132
0.2,0.7,0.5,0.3,0.5528769,49925,0.0437588768651207
0.2,0.6,0.7,0.5,0.5528774,49925,0.043914209676924575
0.2,0.7,0.6,0.4,0.5528891,49925,0.04378303335912585
0.8,0.3,0.8,0.2,0.5529474,49925,0.04285771856657655
0.7,0.4,0.8,0.2,0.5529581,49925,0.04375937587025026
0.2,0.7,0.3,0.2,0.55295944,49925,0.04334300245782842
0.3,0.4,0.7,0.3,0.55296165,49925,0.04452743854254075
0.6,0.4,0.6,0.1,0.5529688,49925,0.04369092987060053
0.1,0.8,0.4,0.9,0.5529714,49925,0.041567693259292895
0.5,0.8,0.7,0.1,0.55298656,49925,0.043949727837976384
0.7,0.2,0.5,0.1,0.55301446,49925,0.04172836739851428
0.3,0.9,0.6,0.3,0.5530225,49925,0.043935259081636195
0.1,0.3,0.2,0.1,0.5530225,49925,0.043935259081636195
0.2,0.6,0.4,0.2,0.5530225,49925,0.043935259081636195
0.2,0.2,0.5,0.2,0.5530406,49925,0.043991189654686305
0.5,0.4,0.9,0.3,0.5530469,49925,0.04417912807957459
0.5,0.4,0.7,0.2,0.553049,49925,0.044343458119362224
0.1,0.2,0.8,0.4,0.55305594,49925,0.040733431837227004
0.1,0.8,0.3,0.7,0.5530631,49925,0.04155668685371276
0.7,0.7,0.8,0.1,0.55306965,49925,0.04394675665580605
0.6,0.2,0.7,0.2,0.55309355,49925,0.04266695778500682
0.3,0.7,0.4,0.1,0.5531015,49925,0.04359100952232619
0.2,0.8,0.6,0.5,0.55310357,49925,0.04364184539725154
0.5,0.3,0.5,0.1,0.55312204,49925,0.0436612944293243
0.1,0.3,0.4,0.3,0.5532015,49925,0.04366700460278765
0.2,0.6,0.8,0.6,0.5532015,49925,0.04366700460278765
0.6,0.9,0.8,0.1,0.5532047,49925,0.043901745372804064
0.2,0.5,0.3,0.1,0.55323,49925,0.04382309345155792
0.4,0.8,0.9,0.4,0.55324996,49925,0.04454758645508061
0.2,0.8,0.4,0.3,0.5532823,49925,0.04338679976494291
0.2,0.5,0.9,0.6,0.5532844,49925,0.04333395720177777
0.2,0.2,0.8,0.3,0.55328745,49925,0.042261326223278786
0.8,0.3,0.6,0.1,0.553307,49925,0.042323983812459415
0.4,0.9,0.9,0.4,0.5533593,49925,0.044409656427689216
0.3,0.9,0.4,0.2,0.55336213,49925,0.04341969727097554
0.1,0.3,0.9,0.7,0.5533814,49925,0.040870350881578935
0.1,0.5,0.1,0.1,0.55338526,49925,0.04094462269136004
0.6,0.6,0.7,0.1,0.5533866,49925,0.04403181108422218
0.4,0.7,0.9,0.4,0.5534024,49925,0.04465381279953871
0.2,0.6,0.9,0.7,0.55341643,49925,0.043355987003167104
0.1,0.3,0.6,0.5,0.5534354,49925,0.04242624004866231
0.4,0.6,0.9,0.4,0.55344975,49925,0.044681935186971514
0.5,0.1,0.8,0.2,0.5534707,49925,0.04069855669817279
0.4,0.9,0.4,0.1,0.5534837,49925,0.04316719716259206
0.3,0.3,0.4,0.1,0.5534937,49925,0.04445284051247455
0.6,0.6,0.8,0.2,0.5534937,49925,0.04445284051247455
0.7,0.1,0.7,0.2,0.55350536,49925,0.0406604599653081
0.3,0.2,0.9,0.3,0.55350643,49925,0.04237652047472699
0.7,0.7,0.9,0.2,0.5535079,49925,0.04435374604221141
0.1,0.3,0.7,0.6,0.5535143,49925,0.04186058851069657
0.9,0.8,0.9,0.1,0.55351675,49925,0.043769029343926326
0.2,0.8,0.9,0.9,0.5535261,49925,0.04317447349947679
0.2,0.6,0.2,0.1,0.5535326,49925,0.04272891821987553
0.2,0.9,0.8,0.9,0.55354834,49925,0.043195620439203296
0.1,0.7,0.4,0.8,0.5535642,49925,0.04196484401436802
0.5,0.5,0.6,0.1,0.553576,49925,0.04413845504596178
0.2,0.7,0.9,0.8,0.55358684,49925,0.04331267391544236
0.5,0.3,0.9,0.3,0.55359346,49925,0.043636328533802976
0.6,0.7,0.7,0.1,0.55360353,49925,0.04406012178059776
0.2,0.9,0.6,0.7,0.55368733,49925,0.04346486874105437
0.9,0.5,0.9,0.2,0.55370915,49925,0.04360357983665413
0.1,0.9,0.3,0.8,0.55371094,49925,0.04107705434732883
0.5,0.1,0.9,0.2,0.5537283,49925,0.040223155685323315
0.3,0.9,0.7,0.4,0.5537413,49925,0.04411797607257185
0.2,0.9,0.7,0.8,0.553759,49925,0.04334512081565108
0.1,0.6,0.4,0.7,0.55376345,49925,0.04240095960255808
0.1,0.7,0.3,0.6,0.5537692,49925,0.04208134378150237
0.7,0.8,0.8,0.1,0.55380595,49925,0.043985614340338645
0.1,0.5,0.6,0.8,0.5538107,49925,0.042125796590623744
0.2,0.7,0.7,0.6,0.55382425,49925,0.04378676580332515
0.2,0.9,0.3,0.3,0.55383104,49925,0.042672256962643734
0.9,0.4,0.7,0.1,0.5538436,49925,0.04265812774257706
0.8,0.9,0.9,0.1,0.5538551,49925,0.04391259616272505
0.6,0.1,0.7,0.2,0.55386025,49925,0.040950267418981876
0.3,0.8,0.5,0.2,0.5538773,49925,0.04392031491151942
0.7,0.2,0.7,0.2,0.55388856,49925,0.042358045518039095
0.5,0.6,0.6,0.1,0.5539162,49925,0.04417198300036107
0.8,0.7,0.8,0.1,0.5539287,49925,0.04383413291255305
0.1,0.5,0.5,0.7,0.553941,49925,0.04249235302974339
0.4,0.4,0.5,0.1,0.55394447,49925,0.04427916414256459
0.2,0.6,0.5,0.3,0.55395347,49925,0.04413769759251809
0.9,0.6,0.8,0.1,0.5539719,49925,0.043432508382286926
0.2,0.7,0.8,0.7,0.5539719,49925,0.04355803823859746
0.3,0.6,0.4,0.1,0.55400795,49925,0.04399149437351797
0.1,0.6,0.5,0.9,0.55402756,49925,0.04200869358967127
0.3,0.9,0.8,0.5,0.55403215,49925,0.0441174384139902
0.3,0.6,0.9,0.5,0.55403614,49925,0.04433835827305617
0.4,0.4,0.8,0.3,0.55405414,49925,0.04444081371669471
0.2,0.3,0.6,0.3,0.55406,49925,0.0441604036688434
0.1,0.4,0.8,0.9,0.5541071,49925,0.04130206163623435
0.4,0.5,0.9,0.4,0.554108,49925,0.044594640214355226
0.2,0.3,0.8,0.4,0.55415154,49925,0.0432075431115011
0.4,0.9,0.6,0.2,0.55416155,49925,0.044092522111224254
0.4,0.8,0.5,0.1,0.55417424,49925,0.043761722552761166
0.1,0.3,0.8,0.7,0.5541771,49925,0.041302928684591074
0.3,0.5,0.8,0.4,0.554192,49925,0.04448915502592908
0.8,0.6,0.9,0.2,0.55419976,49925,0.044115362751855354
0.8,0.5,0.7,0.1,0.5542041,49925,0.04340637849505048
0.6,0.3,0.7,0.2,0.55420697,49925,0.043639868718597034
0.7,0.8,0.9,0.2,0.55426115,49925,0.044400869327792164
0.1,0.3,0.5,0.4,0.55429864,49925,0.04303803145815366
0.8,0.4,0.8,0.2,0.55430865,49925,0.04351303312667982
0.4,0.2,0.4,0.1,0.55430865,49925,0.04351303312667982
0.5,0.5,0.7,0.2,0.55431634,49925,0.044563211667600376
0.1,0.7,0.2,0.4,0.5543173,49925,0.0416750595013017
0.2,0.8,0.7,0.7,0.55433756,49925,0.04358357098502905
0.9,0.3,0.8,0.2,0.55435467,49925,0.0425464509403094
0.2,0.6,0.6,0.4,0.55436647,49925,0.04407081212319602
0.3,0.9,0.9,0.6,0.55436647,49925,0.04407081212319601
0.1,0.3,0.3,0.2,0.55436647,49925,0.04407081212319602
0.7,0.6,0.7,0.1,0.5543723,49925,0.043894184478787006
0.2,0.9,0.2,0.2,0.5543835,49925,0.04156869831407593
0.7,0.9,0.8,0.1,0.5543869,49925,0.04394870800080979
0.2,0.8,0.8,0.8,0.55439276,49925,0.04337616232091311
0.1,0.4,0.4,0.4,0.55439276,49925,0.04337616232091311
0.1,0.2,0.5,0.3,0.55440956,49925,0.04279931442860464
0.4,0.3,0.8,0.3,0.5544118,49925,0.04401832076039885
0.1,0.5,0.3,0.4,0.5544762,49925,0.04317091137438168
0.3,0.6,0.5,0.2,0.5544771,49925,0.04458238624995696
0.8,0.1,0.7,0.2,0.5544899,49925,0.0403243081283646
0.6,0.1,0.4,0.1,0.5544921,49925,0.040485473776048775
0.3,0.7,0.3,0.1,0.5544988,49925,0.04329908129282033
0.1,0.2,0.7,0.4,0.554506,49925,0.04143271366004899
0.4,0.6,0.6,0.2,0.5545223,49925,0.04473260912147108
0.2,0.3,0.3,0.1,0.5545223,49925,0.04473260912147108
0.6,0.9,0.9,0.3,0.5545223,49925,0.04473260912147108
0.7,0.4,0.6,0.1,0.5545672,49925,0.04336742583100165
0.9,0.3,0.6,0.1,0.5546004,49925,0.0418802262356513
0.4,0.8,0.7,0.3,0.5546209,49925,0.04467378008880973
0.1,0.2,0.9,0.5,0.55462325,49925,0.040244176383349095
0.2,0.4,0.7,0.4,0.55462897,49925,0.043981259735497234
0.6,0.4,0.9,0.3,0.5546613,49925,0.04417369373846849
0.9,0.9,0.9,0.1,0.5546778,49925,0.04381775243713019
0.5,0.1,0.7,0.2,0.5547366,49925,0.04119565191107763
0.1,0.9,0.1,0.3,0.55473685,49925,0.03895416920516494
0.2,0.9,0.5,0.6,0.55473703,49925,0.04346802459305941
0.1,0.5,0.4,0.6,0.5547433,49925,0.04286816798252988
0.1,0.5,0.6,0.9,0.55475646,49925,0.041947043446041596
0.4,0.5,0.5,0.1,0.55476135,49925,0.0442969820750814
0.2,0.8,0.6,0.6,0.55476207,49925,0.04371607803167727
0.1,0.4,0.3,0.3,0.55476207,49925,0.04371607803167727
0.1,0.6,0.3,0.5,0.5547683,49925,0.04260107767454422
0.4,0.9,0.7,0.3,0.5547702,49925,0.04443338070744029
0.3,0.7,0.5,0.2,0.5547874,49925,0.04427050982088804
0.4,0.3,0.6,0.2,0.55479413,49925,0.0443509298371944
0.3,0.8,0.7,0.4,0.55480975,49925,0.044367096355696696
0.2,0.2,0.3,0.1,0.55486065,49925,0.04470732406102616
0.6,0.6,0.9,0.3,0.55486065,49925,0.04470732406102616
0.4,0.4,0.6,0.2,0.55486065,49925,0.04470732406102616
0.5,0.8,0.8,0.3,0.55486685,49925,0.0447784137025998
0.3,0.8,0.6,0.3,0.5548679,49925,0.04425639986400936
0.6,0.8,0.7,0.1,0.5548711,49925,0.04403116375204141
0.4,0.8,0.4,0.1,0.5549152,49925,0.043533609899841536
0.2,0.4,0.3,0.1,0.5549246,49925,0.044332103784026605
0.4,0.8,0.6,0.2,0.5549246,49925,0.044332103784026605
0.1,0.4,0.2,0.2,0.55494237,49925,0.043671385822849206
0.2,0.8,0.4,0.4,0.55494237,49925,0.043671385822849206
0.7,0.5,0.8,0.2,0.5549569,49925,0.044173627712145946
0.4,0.1,0.8,0.2,0.55496293,49925,0.04076323283682575
0.5,0.9,0.6,0.1,0.554993,49925,0.04377916880503946
0.2,0.5,0.4,0.2,0.5550129,49925,0.04438934261018737
0.3,0.4,0.4,0.1,0.5550238,49925,0.044515902074077796
0.6,0.8,0.8,0.2,0.5550238,49925,0.044515902074077796
0.1,0.7,0.1,0.2,0.5550586,49925,0.039961966343180076
0.1,0.6,0.4,0.8,0.55506086,49925,0.04219671489568784
0.3,0.9,0.5,0.3,0.5550776,49925,0.04399660116598057
0.6,0.7,0.8,0.2,0.5550786,49925,0.044523117696704695
0.5,0.8,0.7,0.2,0.5550974,49925,0.044519070801476046
0.1,0.8,0.2,0.5,0.55510294,49925,0.04116086806143726
0.7,0.9,0.9,0.2,0.555105,49925,0.04439769581170503
0.1,0.7,0.4,0.9,0.5551107,49925,0.04179772363307679
0.4,0.2,0.9,0.3,0.5551123,49925,0.04266870763936114
0.1,0.9,0.2,0.6,0.5551131,49925,0.04068014486143307
0.3,0.3,0.7,0.3,0.5551349,49925,0.044270993285001066
0.2,0.9,0.7,0.9,0.55513775,49925,0.04333479983264939
0.6,0.8,0.9,0.3,0.5551501,49925,0.0447821663777869
0.3,0.3,0.9,0.4,0.5551627,49925,0.043550681595071014
0.6,0.5,0.6,0.1,0.55517185,49925,0.04398445942970149
0.3,0.2,0.8,0.3,0.5551861,49925,0.04297368162948881
0.5,0.7,0.7,0.2,0.55520594,49925,0.04462585112360532
0.6,0.5,0.9,0.3,0.5552113,49925,0.04452437349820896
0.8,0.2,0.7,0.2,0.555232,49925,0.041995246278327125
0.1,0.4,0.5,0.6,0.5552474,49925,0.042798085038062435
0.5,0.6,0.7,0.2,0.5552515,49925,0.04466011327951213
0.8,0.2,0.5,0.1,0.5552541,49925,0.04120983138883587
0.1,0.8,0.3,0.8,0.55526656,49925,0.04141980953897104
0.5,0.9,0.8,0.3,0.5552699,49925,0.04466404021282811
0.1,0.4,0.7,0.8,0.55527645,49925,0.04178106670784535
0.4,0.2,0.6,0.2,0.55528545,49925,0.04359585262747836
0.2,0.1,0.3,0.1,0.55528545,49925,0.04359585262747836
0.6,0.3,0.9,0.3,0.55528545,49925,0.04359585262747836
0.4,0.1,0.9,0.2,0.5552992,49925,0.04019316572185331
0.1,0.3,0.9,0.8,0.55531234,49925,0.0407807265710541
0.1,0.9,0.3,0.9,0.555339,49925,0.04097433952842978
0.2,0.7,0.5,0.4,0.55535674,49925,0.044015120318488955
0.4,0.5,0.6,0.2,0.5553572,49925,0.04478754941482589
0.8,0.8,0.8,0.1,0.5553605,49925,0.04389082620516621
0.3,0.8,0.4,0.2,0.555377,49925,0.043868270935282415
0.2,0.8,0.7,0.8,0.55539376,49925,0.04356047523963387
0.5,0.9,0.7,0.2,0.5554001,49925,0.04435064816205649
0.9,0.1,0.7,0.2,0.5554204,49925,0.0399725152517159
0.2,0.8,0.5,0.5,0.5554301,49925,0.043791695499811725
0.6,0.9,0.8,0.2,0.5554412,49925,0.044445770689999865
0.4,0.1,0.7,0.2,0.55546266,49925,0.04134544953795725
0.9,0.6,0.9,0.2,0.5554684,49925,0.04395734348529582
0.5,0.7,0.6,0.1,0.55548346,49925,0.04411424573069819
0.2,0.7,0.4,0.3,0.5554856,49925,0.04388588530302582
0.2,0.8,0.6,0.7,0.55551064,49925,0.043734132507958025
0.8,0.7,0.9,0.2,0.5555277,49925,0.04429644087127706
0.4,0.7,0.5,0.1,0.5555424,49925,0.04399216797996211
0.2,0.7,0.6,0.5,0.5555591,49925,0.043946564210734354
0.3,0.8,0.9,0.6,0.55556005,49925,0.044242540480410944
0.2,0.8,0.3,0.3,0.5555623,49925,0.043249171613159935
0.2,0.2,0.7,0.3,0.5555833,49925,0.042962975982508034
0.2,0.9,0.4,0.5,0.5555915,49925,0.04337777928265025
0.3,0.8,0.8,0.5,0.5556012,49925,0.04434923315867128
0.7,0.7,0.7,0.1,0.55560595,49925,0.04396482940563735
0.8,0.9,0.8,0.1,0.55560845,49925,0.043886935194779396
0.4,0.7,0.6,0.2,0.5556111,49925,0.044572152861803764
0.2,0.4,0.8,0.5,0.55561125,49925,0.04361564899488994
0.2,0.5,0.6,0.4,0.5556305,49925,0.04431697558668247
0.5,0.9,0.5,0.1,0.55564207,49925,0.04364710422895465
0.3,0.5,0.5,0.2,0.55564797,49925,0.04481805951813849
0.9,0.7,0.8,0.1,0.5556696,49925,0.04363098244385756
0.2,0.5,0.7,0.5,0.5556727,49925,0.04406085570000972
0.1,0.5,0.5,0.8,0.5556729,49925,0.04231427621360794
0.3,0.7,0.6,0.3,0.55567753,49925,0.0445423494183305
0.6,0.3,0.5,0.1,0.555725,49925,0.04325048342774076
0.7,0.3,0.7,0.2,0.5557274,49925,0.04334255450922035
0.2,0.9,0.6,0.8,0.55573404,49925,0.0434423871271648
0.3,0.5,0.4,0.1,0.55575585,49925,0.04432032934989305
0.2,0.8,0.8,0.9,0.5557659,49925,0.043349982072653115
0.4,0.9,0.5,0.2,0.55576795,49925,0.04406194404806794
0.2,0.5,0.5,0.3,0.55577844,49925,0.04447360225296651
0.6,0.7,0.9,0.3,0.5557795,49925,0.044757061620601904
0.7,0.6,0.8,0.2,0.55580187,49925,0.044388225168051944
0.9,0.5,0.7,0.1,0.5558044,49925,0.04312267693012785
0.5,0.9,0.9,0.4,0.5558065,49925,0.04481774109272192
0.3,0.9,0.3,0.2,0.5558139,49925,0.04310593141235449
0.3,0.7,0.9,0.6,0.5558405,49925,0.0443855202333565
0.2,0.7,0.9,0.9,0.5558558,49925,0.04327156144280242
0.4,0.7,0.7,0.3,0.55586356,49925,0.04481687356867115
0.1,0.4,0.6,0.7,0.5558645,49925,0.042281859783596235
0.3,0.9,0.2,0.1,0.55586684,49925,0.04156092306209287
0.7,0.2,0.9,0.3,0.55588627,49925,0.042455624161556155
0.2,0.6,0.3,0.2,0.5558905,49925,0.04398306622504706
0.4,0.6,0.5,0.1,0.5558956,49925,0.04421219853942923
0.5,0.7,0.8,0.3,0.55590135,49925,0.04485866246432937
0.5,0.6,0.8,0.3,0.5559271,49925,0.04484991100569805
0.4,0.9,0.8,0.4,0.5559367,49925,0.044596254307336394
0.4,0.9,0.3,0.1,0.55595523,49925,0.042699636538704844
0.1,0.5,0.2,0.3,0.5559842,49925,0.043021655070342495
0.3,0.4,0.8,0.4,0.5560041,49925,0.04438212594263678
0.3,0.6,0.3,0.1,0.5560301,49925,0.043822004165518035
0.7,0.8,0.7,0.1,0.5560403,49925,0.04396718602657795
0.3,0.5,0.9,0.5,0.5560515,49925,0.044312881808682036
0.5,0.5,0.8,0.3,0.5560892,49925,0.04478802902020998
0.9,0.4,0.8,0.2,0.556113,49925,0.043257999661400606
0.2,0.3,0.9,0.5,0.55612075,49925,0.04286338872963574
0.2,0.6,0.9,0.8,0.5561462,49925,0.043354005804883376
0.2,0.3,0.7,0.4,0.55615205,49925,0.04380053104534867
0.7,0.1,0.4,0.1,0.55620074,49925,0.03983035325541021
0.3,0.9,0.9,0.7,0.556225,49925,0.04417437320208449
0.3,0.7,0.7,0.4,0.55622977,49925,0.04458116498936008
0.8,0.9,0.9,0.2,0.5562553,49925,0.04436559351933506
0.6,0.9,0.7,0.1,0.55626404,49925,0.04390680400691135
0.4,0.6,0.7,0.3,0.55626523,49925,0.04490535076789791
0.5,0.8,0.6,0.1,0.556273,49925,0.0439696632679822
0.6,0.6,0.6,0.1,0.5562892,49925,0.0440740214058686
0.8,0.5,0.8,0.2,0.5563064,49925,0.04395750787378855
0.3,0.4,0.5,0.2,0.55630875,49925,0.04490114889134721
0.5,0.1,0.6,0.2,0.5563127,49925,0.041687574618929815
0.5,0.4,0.5,0.1,0.55631673,49925,0.04409378775368763
0.4,0.9,0.9,0.5,0.5563168,49925,0.04463340539835141
0.4,0.5,0.7,0.3,0.5563481,49925,0.04494118003098527
0.8,0.2,0.9,0.3,0.5563484,49925,0.042242767826347324
0.2,0.5,0.8,0.6,0.55636334,49925,0.04372549573727667
0.6,0.2,0.9,0.3,0.55637056,49925,0.042635162142283224
0.8,0.8,0.9,0.2,0.55639285,49925,0.04435472342290432
0.1,0.7,0.3,0.7,0.5564005,49925,0.04192851460047027
0.9,0.2,0.7,0.2,0.55640835,49925,0.04161619113298016
0.2,0.4,0.9,0.6,0.55645734,49925,0.043235494550386895
0.9,0.2,0.5,0.1,0.5564586,49925,0.04068304426689265
0.5,0.9,0.4,0.1,0.5564674,49925,0.04332038136378497
0.3,0.9,0.8,0.6,0.556474,49925,0.044285863423735895
0.8,0.6,0.7,0.1,0.55647606,49925,0.04365339456838746
0.7,0.3,0.9,0.3,0.55647796,49925,0.04345454107732355
0.2,0.7,0.8,0.8,0.5564809,49925,0.043525695272405907
0.2,0.8,0.2,0.2,0.5564814,49925,0.04223850561568196
0.1,0.4,0.1,0.1,0.5564814,49925,0.04223850561568196
0.4,0.4,0.9,0.4,0.5564851,49925,0.04439122262426957
0.1,0.3,0.8,0.8,0.556493,49925,0.041154987478028086
0.1,0.4,0.7,0.9,0.55649513,49925,0.04161370425896362
0.5,0.6,0.9,0.4,0.5565083,49925,0.04494513928782407
0.7,0.7,0.8,0.2,0.5565361,49925,0.04447667782991258
0.6,0.1,0.6,0.2,0.55653864,49925,0.04132640159858533
0.5,0.2,0.9,0.3,0.55653894,49925,0.042722347094749376
0.7,0.4,0.9,0.3,0.5565554,49925,0.04406076451180657
0.5,0.5,0.5,0.1,0.55657035,49925,0.04421431642108449
0.2,0.7,0.7,0.7,0.55658925,49925,0.043785862210982573
0.2,0.5,0.2,0.1,0.55659187,49925,0.04350062809973889
0.8,0.4,0.6,0.1,0.55665416,49925,0.04301250411023788
0.1,0.4,0.4,0.5,0.5566665,49925,0.043287022738281125
0.9,0.8,0.8,0.1,0.556696,49925,0.04374565279889199
0.1,0.8,0.2,0.6,0.5567005,49925,0.04116204164241526
0.3,0.3,0.5,0.2,0.5567139,49925,0.044818234846532405
0.5,0.2,0.4,0.1,0.5567149,49925,0.042962086896032675
0.3,0.9,0.4,0.3,0.5567269,49925,0.04392268360045477
0.2,0.6,0.8,0.7,0.5567357,49925,0.04366027829811629
0.1,0.5,0.5,0.9,0.5567364,49925,0.04208750214579707
0.6,0.5,0.7,0.2,0.55674255,49925,0.0444891423324296
0.9,0.7,0.9,0.2,0.55675334,49925,0.04416727019008538
0.6,0.4,0.7,0.2,0.5567617,49925,0.04419158116703889
0.1,0.2,0.8,0.5,0.5567683,49925,0.04084249357479367
0.1,0.2,0.6,0.4,0.55677694,49925,0.04212241823136457
0.2,0.6,0.7,0.6,0.55678105,49925,0.04397230397265233
0.1,0.3,0.9,0.9,0.5568047,49925,0.04064426742401034
0.5,0.4,0.8,0.3,0.556853,49925,0.04451881607534803
0.7,0.9,0.7,0.1,0.5568556,49925,0.04391588583022623
0.6,0.7,0.6,0.1,0.5568705,49925,0.0440672756026486
0.1,0.6,0.4,0.9,0.55687237,49925,0.04198223238214813
0.4,0.1,0.6,0.2,0.5568779,49925,0.04195668465234818
0.5,0.8,0.5,0.1,0.55688184,49925,0.04387125755089823
0.6,0.9,0.6,0.1,0.5568865,49925,0.043827269557736824
0.6,0.9,0.4,0.1,0.55691314,49925,0.04330514138508287
0.7,0.8,0.8,0.2,0.5569207,49925,0.044483448502332205
0.5,0.2,0.6,0.2,0.5569241,49925,0.043331827736043105
0.5,0.8,0.9,0.4,0.55693024,49925,0.04490379721710159
0.3,0.7,0.4,0.2,0.556942,49925,0.04429489157172189
0.9,0.9,0.8,0.1,0.55696243,49925,0.04377014611223352
0.3,0.9,0.7,0.5,0.5569804,49925,0.04432626173977443
0.9,0.2,0.9,0.3,0.55698174,49925,0.04200674667996735
0.5,0.9,0.6,0.2,0.55698264,49925,0.04434679600619652
0.1,0.2,0.2,0.1,0.5569947,49925,0.044772010246980666
0.4,0.8,0.8,0.4,0.5569947,49925,0.044772010246980666
0.2,0.4,0.4,0.2,0.5569947,49925,0.044772010246980666
0.3,0.6,0.6,0.3,0.5569947,49925,0.044772010246980666
0.1,0.3,0.7,0.7,0.5569967,49925,0.041722261293407746
0.8,0.3,0.9,0.3,0.5570141,49925,0.0432314169618195
0.8,0.3,0.7,0.2,0.55702764,49925,0.04302729653414773
0.4,0.8,0.5,0.2,0.5570595,49925,0.04436807281192598
0.4,0.7,0.4,0.1,0.5570972,49925,0.04390210155349354
0.6,0.6,0.7,0.2,0.5570982,49925,0.044614264736374955
0.4,0.7,0.8,0.4,0.5571055,49925,0.04488533253386097
0.7,0.3,0.5,0.1,0.55711794,49925,0.042768384784627654
0.2,0.9,0.5,0.7,0.5571427,49925,0.04350417911761793
0.8,0.9,0.7,0.1,0.5571438,49925,0.04382135174704527
0.1,0.8,0.1,0.3,0.55716187,49925,0.039719675310189065
0.6,0.9,0.5,0.1,0.5571631,49925,0.04364696864724727
0.1,0.3,0.6,0.6,0.55717343,49925,0.04231158580456402
0.1,0.5,0.3,0.5,0.5571741,49925,0.043097032546656235
0.2,0.8,0.7,0.9,0.55718565,49925,0.04352436328949306
0.1,0.1,0.7,0.2,0.5571885,49925,0.039294575343667884
0.5,0.8,0.4,0.1,0.5571929,49925,0.04361976400780419
0.7,0.5,0.6,0.1,0.5572017,49925,0.043724769700697344
0.8,0.8,0.7,0.1,0.5572259,49925,0.043834380340662955
0.4,0.8,0.9,0.5,0.5572328,49925,0.04478210308194487
0.3,0.1,0.9,0.2,0.55723673,49925,0.039954347086261145
0.5,0.3,0.8,0.3,0.5572436,49925,0.044036546367464
0.4,0.3,0.4,0.1,0.5572502,49925,0.04424587391824364
0.8,0.6,0.8,0.2,0.5572502,49925,0.04424587391824364
0.1,0.6,0.2,0.4,0.5572642,49925,0.04234267763627753
0.3,0.8,0.3,0.2,0.55726796,49925,0.04362630646592855
0.1,0.5,0.4,0.7,0.55727625,49925,0.0426434736309228
0.2,0.1,0.7,0.2,0.55727947,49925,0.04088442133089089
0.1,0.9,0.2,0.7,0.5572993,49925,0.040641543657174935
0.1,0.7,0.2,0.5,0.55731374,49925,0.041734457302634774
0.3,0.7,0.8,0.5,0.55734926,49925,0.04452245972031363
0.5,0.7,0.9,0.4,0.55735886,49925,0.04494530368913416
0.3,0.9,0.6,0.4,0.5574059,49925,0.04425615538685605
0.2,0.5,0.9,0.7,0.55742276,49925,0.043343523423528284
0.3,0.6,0.7,0.4,0.5574262,49925,0.04477409112131294
0.7,0.9,0.8,0.2,0.55743706,49925,0.04446193809736151
0.1,0.1,0.5,0.2,0.5574384,49925,0.041434322244789414
0.6,0.4,0.5,0.1,0.55743945,49925,0.04376321695523411
0.2,0.7,0.6,0.6,0.55744416,49925,0.04400582007935202
0.1,0.4,0.3,0.4,0.5574565,49925,0.0437042599274129
0.2,0.8,0.6,0.8,0.5574565,49925,0.0437042599274129
0.9,0.9,0.9,0.2,0.55745786,49925,0.04429842891550563
0.2,0.8,0.5,0.6,0.55746186,49925,0.043819374732609065
0.1,0.1,0.8,0.2,0.5574626,49925,0.03837086533424646
0.3,0.8,0.9,0.7,0.5574674,49925,0.04432981954620486
0.2,0.9,0.6,0.9,0.5574738,49925,0.0433853608551637
0.3,0.1,0.8,0.2,0.5574785,49925,0.040619691838619666
0.3,0.3,0.8,0.4,0.55749166,49925,0.044069866522449236
0.9,0.3,0.9,0.3,0.55751175,49925,0.04297842029181945
0.3,0.1,0.3,0.1,0.55751175,49925,0.042978420291819454
0.6,0.2,0.6,0.2,0.55751175,49925,0.042978420291819454
0.1,0.6,0.1,0.2,0.5575141,49925,0.04094451560498352
0.2,0.6,0.6,0.5,0.5575154,49925,0.04420419859456552
0.4,0.9,0.6,0.3,0.5575164,49925,0.04453392886377847
0.6,0.8,0.6,0.1,0.55754995,49925,0.04397649494960388
0.7,0.5,0.9,0.3,0.55756,49925,0.04443714809295621
0.2,0.9,0.4,0.6,0.5575658,49925,0.04343330682144679
0.4,0.8,0.3,0.1,0.5575659,49925,0.043109562441759675
0.5,0.3,0.6,0.2,0.55757374,49925,0.04419430550567493
0.9,0.6,0.7,0.1,0.5575785,49925,0.04342369109462156
0.3,0.8,0.2,0.1,0.5576066,49925,0.04209637782074367
0.2,0.1,0.8,0.2,0.5576293,49925,0.0400334971022971
0.8,0.7,0.7,0.1,0.55763996,49925,0.04379749006467581
0.8,0.1,0.4,0.1,0.55764335,49925,0.039185878286589045
0.3,0.8,0.5,0.3,0.5576537,49925,0.04437225714528452
0.7,0.6,0.9,0.3,0.5576901,49925,0.04463133657835721
0.1,0.8,0.3,0.9,0.5576923,49925,0.04127110924821881
0.5,0.9,0.7,0.3,0.5577233,49925,0.04477926481507604
0.1,0.6,0.3,0.6,0.5577381,49925,0.04249210033103875
0.8,0.4,0.9,0.3,0.55775124,49925,0.04387050506500392
0.1,0.3,0.5,0.5,0.55775297,49925,0.04298073750075238
0.3,0.9,0.9,0.8,0.5577576,49925,0.044236342785888554
0.3,0.5,0.6,0.3,0.5577615,49925,0.044910159618128234
0.3,0.1,0.7,0.2,0.55776197,49925,0.04132548122960853
0.9,0.5,0.8,0.2,0.5577667,49925,0.0437099747234887
0.9,0.8,0.9,0.2,0.55777633,49925,0.04426068868832001
0.7,0.7,0.9,0.3,0.5577884,49925,0.0447537209223699
0.2,0.7,0.5,0.5,0.557809,49925,0.04414861081201113
0.5,0.7,0.5,0.1,0.55782354,49925,0.044065927497612546
0.2,0.6,0.4,0.3,0.5578434,49925,0.04435520864636064
0.4,0.7,0.5,0.2,0.5578503,49925,0.04465305330780257
0.4,0.2,0.8,0.3,0.5578521,49925,0.04317867198172311
0.2,0.6,0.5,0.4,0.55786586,49925,0.04437269475272215
0.2,0.7,0.7,0.8,0.55787194,49925,0.04376030464338509
0.6,0.7,0.7,0.2,0.55787516,49925,0.044630925206704884
0.2,0.4,0.5,0.3,0.5578828,49925,0.04473156091640421
0.3,0.8,0.8,0.6,0.55789995,49925,0.04447576388753418
0.4,0.5,0.8,0.4,0.5579055,49925,0.04494697039426101
0.2,0.3,0.8,0.5,0.55790627,49925,0.043390574479067884
0.3,0.4,0.9,0.5,0.55790895,49925,0.044160226385987565
0.1,0.1,0.6,0.2,0.5579166,49925,0.04032474976511497
0.7,0.1,0.6,0.2,0.55795646,49925,0.04094898907101023
0.1,0.9,0.1,0.4,0.5579569,49925,0.03940144260507331
0.5,0.8,0.6,0.2,0.5579641,49925,0.044587504865178554
0.4,0.9,0.4,0.2,0.55797666,49925,0.04387401208572608
0.8,0.5,0.6,0.1,0.55798423,49925,0.0434175272009311
0.4,0.3,0.9,0.4,0.5579964,49925,0.04396709095543003
0.1,0.4,0.6,0.8,0.5580136,49925,0.04209501138757291
0.9,0.3,0.7,0.2,0.5580199,49925,0.0426570599604028
0.2,0.2,0.6,0.3,0.5580328,49925,0.043694683437957585
0.3,0.4,0.6,0.3,0.55804294,49925,0.0449531000228607
0.1,0.7,0.3,0.8,0.55806756,49925,0.04174243161915077
0.2,0.1,0.9,0.2,0.55807346,49925,0.03926739725811683
0.2,0.9,0.3,0.4,0.5580784,49925,0.04300283221011423
0.7,0.4,0.7,0.2,0.5581092,49925,0.04395454919392776
0.5,0.6,0.5,0.1,0.55811167,49925,0.04420427786538098
0.7,0.6,0.6,0.1,0.5581131,49925,0.04387740369988943
0.3,0.6,0.4,0.2,0.55813515,49925,0.044707030951279134
0.6,0.9,0.8,0.3,0.5581778,49925,0.044839149610155754
0.4,0.8,0.6,0.3,0.55817896,49925,0.0448002573037403
0.2,0.7,0.8,0.9,0.55820096,49925,0.04348508550318141
0.3,0.8,0.6,0.4,0.5582104,49925,0.04455749011216288
0.7,0.8,0.6,0.1,0.5582109,49925,0.043881199629035736
0.8,0.9,0.8,0.2,0.55822194,49925,0.044407500423293104
0.9,0.7,0.7,0.1,0.5582237,49925,0.043596141437043795
0.7,0.7,0.6,0.1,0.5582403,49925,0.04391789086321806
0.3,0.2,0.7,0.3,0.5582484,49925,0.04360274798407516
0.1,0.1,0.9,0.2,0.55825126,49925,0.037503749594708716
0.3,0.6,0.9,0.6,0.5582648,49925,0.04445612943024461
0.1,0.2,0.3,0.2,0.5582648,49925,0.04445612943024461
0.2,0.4,0.6,0.4,0.5582648,49925,0.04445612943024461
0.4,0.4,0.4,0.1,0.5582681,49925,0.04441057674082955
0.8,0.8,0.8,0.2,0.5582681,49925,0.04441057674082955
0.2,0.3,0.4,0.2,0.5582707,49925,0.04494797893416818
0.4,0.6,0.8,0.4,0.5582707,49925,0.04494797893416818
0.6,0.9,0.9,0.4,0.55827135,49925,0.0450336776315063
0.7,0.5,0.7,0.2,0.55828184,49925,0.04430436863475899
0.2,0.8,0.4,0.5,0.55828536,49925,0.04380684095102913
0.6,0.9,0.7,0.2,0.5583035,49925,0.04449771592155142
0.9,0.6,0.8,0.2,0.5583091,49925,0.04404524205472867
0.1,0.2,0.7,0.5,0.5583238,49925,0.041462935937907314
0.4,0.7,0.3,0.1,0.55832464,49925,0.043498464140047065
0.6,0.8,0.7,0.2,0.55832547,49925,0.04460301731951595
0.4,0.4,0.7,0.3,0.5583263,49925,0.04483368274217203
0.2,0.1,0.6,0.2,0.5583263,49925,0.04176929633521116
0.2,0.6,0.9,0.9,0.55833066,49925,0.043306914035217386
0.7,0.9,0.6,0.1,0.55835664,49925,0.04377557877551665
0.4,0.6,0.4,0.1,0.55835974,49925,0.044161791735497995
0.5,0.9,0.8,0.4,0.55836177,49925,0.04497601870017582
0.8,0.7,0.8,0.2,0.5583742,49925,0.044356188564237634
0.9,0.4,0.6,0.1,0.5583761,49925,0.042606948040664575
0.4,0.7,0.9,0.5,0.55838156,49925,0.044893004092543196
0.3,0.6,0.8,0.5,0.55840486,49925,0.04464889531864842
0.6,0.8,0.4,0.1,0.5584086,49925,0.0435220513741256
0.6,0.8,0.5,0.1,0.55843824,49925,0.04382261248640695
0.2,0.7,0.4,0.4,0.5584418,49925,0.04415816931580639
0.2,0.9,0.5,0.8,0.5584603,49925,0.04345667274936506
0.9,0.8,0.7,0.1,0.55846447,49925,0.04364557010927959
0.2,0.7,0.3,0.3,0.5584887,49925,0.043828741703206865
0.5,0.9,0.5,0.2,0.55849975,49925,0.04428965424526895
0.1,0.4,0.4,0.6,0.5585325,49925,0.04309598023910502
0.3,0.8,0.7,0.5,0.5585433,49925,0.044565932057362034
0.7,0.9,0.9,0.3,0.55857396,49925,0.04481242124803342
0.2,0.7,0.6,0.7,0.55860275,49925,0.04398326852912342
0.7,0.8,0.9,0.3,0.55863243,49925,0.04482401552136235
0.8,0.4,0.7,0.2,0.5586523,49925,0.04365425660961136
0.3,0.2,0.5,0.2,0.5586633,49925,0.04424678435812347
0.5,0.8,0.7,0.3,0.5586633,49925,0.0449424093219153
0.6,0.2,0.4,0.1,0.558668,49925,0.0423330133958347
0.1,0.3,0.8,0.9,0.5586726,49925,0.04097308433824795
0.2,0.9,0.1,0.1,0.5586908,49925,0.039134579184601406
0.5,0.7,0.4,0.1,0.5587051,49925,0.04385470005634117
0.3,0.9,0.7,0.6,0.55871594,49925,0.044453147640743935
0.3,0.5,0.3,0.1,0.558716,49925,0.044248175961586984
0.8,0.7,0.9,0.3,0.558731,49925,0.04470379526238
0.5,0.5,0.9,0.4,0.55874115,49925,0.044818019822394486
0.2,0.7,0.7,0.9,0.55874115,49925,0.043664383401303686
0.4,0.9,0.7,0.4,0.55875427,49925,0.04476198577315172
0.9,0.7,0.8,0.2,0.55875784,49925,0.04420249723111506
0.5,0.2,0.8,0.3,0.5587606,49925,0.04318759990963503
0.5,0.9,0.3,0.1,0.5587617,49925,0.04282179625938271
0.3,0.9,0.5,0.4,0.55876505,49925,0.04431446789227387
0.4,0.7,0.6,0.3,0.5587751,49925,0.04501522929196282
0.3,0.9,0.8,0.7,0.55879176,49925,0.044363511128293065
0.5,0.5,0.6,0.2,0.55880004,49925,0.044767795904412724
0.3,0.5,0.8,0.5,0.55880505,49925,0.04467660133754696
0.1,0.3,0.4,0.4,0.55881757,49925,0.04363267592781488
0.2,0.6,0.8,0.8,0.55881757,49925,0.04363267592781488
0.5,0.4,0.6,0.2,0.55882174,49925,0.044613474729095486
0.7,0.9,0.5,0.1,0.5588406,49925,0.04355078054452449
0.8,0.9,0.6,0.1,0.55884826,49925,0.04364790211707307
0.1,0.5,0.4,0.8,0.5588575,49925,0.042394241459704975
0.6,0.5,0.5,0.1,0.5588647,49925,0.04396364409949735
0.9,0.4,0.9,0.3,0.55886513,49925,0.04365324623288759
0.2,0.2,0.9,0.4,0.5588654,49925,0.04201543969094243
0.5,0.8,0.8,0.4,0.55887073,49925,0.04510343604087261
0.4,0.9,0.8,0.5,0.5588756,49925,0.04484551654137781
0.5,0.7,0.6,0.2,0.5588967,49925,0.04473597143556668
0.6,0.4,0.8,0.3,0.5589162,49925,0.04445081137455357
0.9,0.5,0.6,0.1,0.5589261,49925,0.04306325692690291
0.7,0.9,0.4,0.1,0.55892736,49925,0.04319192130732767
0.9,0.1,0.9,0.3,0.55894196,49925,0.04050698982168971
0.1,0.9,0.2,0.8,0.5589493,49925,0.04056065847763476
0.3,0.1,0.6,0.2,0.5589554,49925,0.04203897227175748
0.1,0.4,0.5,0.7,0.5589781,49925,0.042577720911829126
0.4,0.9,0.5,0.3,0.5589813,49925,0.04452223472551825
0.3,0.5,0.7,0.4,0.558993,49925,0.0448740459377561
0.6,0.8,0.9,0.4,0.5589993,49925,0.045083278647734586
0.6,0.3,0.8,0.3,0.559012,49925,0.043930346555928916
0.9,0.1,0.4,0.1,0.5590179,49925,0.038571649887369636
0.6,0.2,0.8,0.3,0.5590241,49925,0.043006649921157755
0.2,0.5,0.9,0.8,0.55902493,49925,0.04332304153500416
0.8,0.6,0.6,0.1,0.55903083,49925,0.04361576181872276
0.2,0.8,0.5,0.7,0.5590382,49925,0.043812824526425063
0.8,0.3,0.5,0.1,0.55905443,49925,0.04228939650105195
0.1,0.6,0.3,0.7,0.55905646,49925,0.04229707788848878
0.7,0.8,0.7,0.2,0.5590804,49925,0.04453387519214281
0.4,0.5,0.4,0.1,0.55909395,49925,0.044381420362274486
0.8,0.1,0.6,0.2,0.5590945,49925,0.040510353728185955
0.3,0.9,0.6,0.5,0.5591105,49925,0.044466521833386397
0.6,0.8,0.8,0.3,0.5591182,49925,0.04490748099041231
0.6,0.5,0.8,0.3,0.5591216,49925,0.04474348421011655
0.8,0.5,0.9,0.3,0.55914783,49925,0.04429156827870407
0.6,0.6,0.8,0.3,0.5591545,49925,0.04488436889563465
0.4,0.9,0.9,0.6,0.55915594,49925,0.044807099801666146
0.6,0.7,0.8,0.3,0.559166,49925,0.044956639936920284
0.4,0.6,0.5,0.2,0.5591666,49925,0.04489914025873478
0.3,0.7,0.8,0.6,0.5591744,49925,0.0446276774583934
0.1,0.5,0.4,0.9,0.5591813,49925,0.042118269188323725
0.9,0.9,0.7,0.1,0.5591872,49925,0.0436536013811697
0.1,0.2,0.9,0.6,0.55921096,49925,0.040299151581486524
0.3,0.7,0.6,0.4,0.5592582,49925,0.04483594943602329
0.1,0.4,0.6,0.9,0.55925864,49925,0.041859857747642504
0.9,0.6,0.6,0.1,0.55927664,49925,0.04333042720866205
0.1,0.3,0.7,0.8,0.55928,49925,0.04152988779874656
0.1,0.7,0.1,0.3,0.55929285,49925,0.040536383120441596
0.2,0.4,0.7,0.5,0.5593126,49925,0.04406756267218117
0.5,0.3,0.4,0.1,0.5593166,49925,0.04378423391913491
0.1,0.3,0.3,0.3,0.55931884,49925,0.04425591441405281
0.2,0.6,0.6,0.6,0.55931884,49925,0.04425591441405281
0.3,0.9,0.9,0.9,0.55931884,49925,0.04425591441405281
0.8,0.6,0.9,0.3,0.5593256,49925,0.044551698371725304
0.7,0.2,0.6,0.2,0.55932575,49925,0.04256798350776857
0.9,0.8,0.8,0.2,0.5593406,49925,0.04428035430324948
0.7,0.6,0.7,0.2,0.55936337,49925,0.04448930325978586
0.7,0.4,0.5,0.1,0.55936384,49925,0.043379506899462475
0.6,0.3,0.6,0.2,0.5593658,49925,0.043882763753487854
0.3,0.7,0.5,0.3,0.559366,49925,0.04471655374522147
0.3,0.8,0.9,0.8,0.5593687,49925,0.04439614405131496
0.7,0.7,0.7,0.2,0.55940366,49925,0.04454281714966089
0.2,0.7,0.2,0.2,0.55941075,49925,0.04295370558858986
0.4,0.6,0.3,0.1,0.5594523,49925,0.0438821281143384
0.9,0.5,0.9,0.3,0.5594538,49925,0.04409094671007769
0.9,0.9,0.6,0.1,0.5594606,49925,0.043495555951101765
0.4,0.6,0.9,0.5,0.5594719,49925,0.04489442021570031
0.3,0.7,0.7,0.5,0.5594772,49925,0.04477256395183865
0.2,0.6,0.7,0.7,0.55948174,49925,0.043960261132578934
0.7,0.8,0.5,0.1,0.5594962,49925,0.04368568689453633
0.6,0.7,0.9,0.4,0.55950093,49925,0.045088373727454036
0.5,0.6,0.6,0.2,0.5595053,49925,0.04479715789911121
0.4,0.8,0.8,0.5,0.55950665,49925,0.04499772211896071
0.6,0.9,0.6,0.2,0.5595068,49925,0.04444956698137133
0.8,0.7,0.6,0.1,0.55951023,49925,0.043693534605730555
0.3,0.8,0.4,0.3,0.5595118,49925,0.0443521032905768
0.6,0.6,0.5,0.1,0.55951226,49925,0.04400921940736311
0.2,0.5,0.8,0.7,0.5595205,49925,0.04371185377785457
0.8,0.8,0.9,0.3,0.5595448,49925,0.04477445027318203
0.8,0.9,0.5,0.1,0.559545,49925,0.043389747162960415
0.6,0.7,0.5,0.1,0.55954665,49925,0.0439601754252006
0.5,0.7,0.7,0.3,0.55955166,49925,0.04503298539868051
0.2,0.8,0.6,0.9,0.5595591,49925,0.04361371467191646
0.7,0.5,0.5,0.1,0.5595608,49925,0.04365508981386866
0.1,0.5,0.3,0.6,0.55958545,49925,0.04287850011101434
0.8,0.6,0.7,0.2,0.5595947,49925,0.044304453888942136
0.7,0.9,0.7,0.2,0.5596476,49925,0.04449581226597962
0.4,0.8,0.4,0.2,0.559649,49925,0.044262021046650085
0.2,0.4,0.2,0.1,0.559649,49925,0.044262021046650085
0.3,0.7,0.2,0.1,0.5596741,49925,0.04266331611556868
0.9,0.9,0.8,0.2,0.5596764,49925,0.04430620495150202
0.2,0.3,0.5,0.3,0.5596825,49925,0.044761273874265636
0.9,0.9,0.5,0.1,0.55968285,49925,0.04319393834323119
0.2,0.5,0.6,0.5,0.5596888,49925,0.044411121765934834
0.5,0.9,0.9,0.5,0.5597417,49925,0.045056034261082546
0.8,0.8,0.6,0.1,0.55974376,49925,0.043698632388740534
0.4,0.5,0.9,0.5,0.55974585,49925,0.04483539149267677
0.7,0.2,0.8,0.3,0.5597493,49925,0.04277258192954909
0.6,0.5,0.6,0.2,0.559754,49925,0.04463619680231828
0.1,0.8,0.2,0.7,0.5597663,49925,0.041065386832241146
0.5,0.7,0.8,0.4,0.5597695,49925,0.0451626159706041
0.1,0.4,0.5,0.8,0.5597804,49925,0.042348442776341616
0.2,0.5,0.3,0.2,0.5597856,49925,0.04457507342081396
0.2,0.2,0.8,0.4,0.5597994,49925,0.04263169825748493
0.1,0.1,0.4,0.2,0.5597994,49925,0.04263169825748493
0.3,0.7,0.9,0.7,0.5598065,49925,0.04443178110933216
0.2,0.9,0.2,0.3,0.5598103,49925,0.042203804845789956
0.5,0.9,0.6,0.3,0.55981827,49925,0.04480990272175974
0.1,0.7,0.2,0.6,0.5598228,49925,0.041640415356364126
0.3,0.4,0.7,0.4,0.5598235,49925,0.044823968599036416
0.8,0.5,0.7,0.2,0.5598331,49925,0.044070220527162474
0.8,0.2,0.8,0.3,0.55984765,49925,0.04251235281038515
0.8,0.1,0.9,0.3,0.55986667,49925,0.040730040399188594
0.2,0.8,0.1,0.1,0.5598866,49925,0.039884864534913696
0.2,0.5,0.5,0.4,0.5598889,49925,0.04468380536619252
0.9,0.8,0.5,0.1,0.5598897,49925,0.04323256002963093
0.2,0.8,0.3,0.4,0.55989414,49925,0.04353799503860229
0.4,0.3,0.7,0.3,0.55990016,49925,0.04446214946921345
0.8,0.9,0.9,0.3,0.5599099,49925,0.04478323130696975
0.8,0.8,0.5,0.1,0.5599136,49925,0.043489272132063175
0.2,0.5,0.4,0.3,0.55992734,49925,0.044798298202891586
0.2,0.5,0.7,0.6,0.55995864,49925,0.04408135552520993
0.1,0.2,0.4,0.3,0.55996186,49925,0.0436658823242391
0.2,0.4,0.8,0.6,0.55996186,49925,0.0436658823242391
0.1,0.1,0.2,0.1,0.55997306,49925,0.04477402403236423
0.3,0.3,0.6,0.3,0.55997306,49925,0.04477402403236423
0.4,0.4,0.8,0.4,0.55997306,49925,0.04477402403236423
0.2,0.2,0.4,0.2,0.55997306,49925,0.04477402403236423
0.2,0.9,0.3,0.5,0.5599979,49925,0.04316281323137502
0.5,0.4,0.9,0.4,0.56000316,49925,0.04455444245997665
0.9,0.7,0.6,0.1,0.56000906,49925,0.043451501397775975
0.5,0.3,0.9,0.4,0.56000906,49925,0.04405730095424307
0.9,0.7,0.9,0.3,0.5600095,49925,0.044577262290974334
0.7,0.1,0.9,0.3,0.5600125,49925,0.04093712335624159
0.2,0.7,0.6,0.8,0.5600477,49925,0.04392238191984001
0.6,0.1,0.9,0.3,0.56007314,49925,0.04109426514667208
0.1,0.4,0.4,0.7,0.5600734,49925,0.042829312172202136
0.3,0.9,0.8,0.8,0.5600977,49925,0.04441020657434866
0.8,0.2,0.6,0.2,0.56010115,49925,0.04213377637603059
0.4,0.1,0.3,0.1,0.56010115,49925,0.04213377637603059
0.2,0.6,0.5,0.5,0.5601026,49925,0.044487537996642464
0.9,0.2,0.8,0.3,0.5601194,49925,0.04221622924877199
0.9,0.3,0.5,0.1,0.5601512,49925,0.04181110739307454
0.1,0.7,0.3,0.9,0.5601679,49925,0.04154379650297088
0.3,0.2,0.9,0.4,0.56020147,49925,0.04283221329132509
0.9,0.4,0.7,0.2,0.5602058,49925,0.04334817006969976
0.2,0.7,0.5,0.6,0.5602169,49925,0.044167262823163245
0.3,0.5,0.9,0.6,0.56022215,49925,0.04442823813939951
0.8,0.9,0.4,0.1,0.56022274,49925,0.043004179295346265
0.3,0.9,0.7,0.7,0.56022525,49925,0.04453429802863039
0.7,0.9,0.8,0.3,0.56022763,49925,0.04488774925680915
0.3,0.8,0.6,0.5,0.56023294,49925,0.04474794712911027
0.9,0.8,0.6,0.1,0.560268,49925,0.04348594341102241
0.2,0.9,0.5,0.9,0.5602741,49925,0.04340025113550064
0.1,0.3,0.6,0.7,0.5602744,49925,0.042103869101621
0.3,0.6,0.6,0.4,0.56027716,49925,0.045062474051509
0.5,0.8,0.3,0.1,0.5602833,49925,0.043126957719764554
0.3,0.3,0.9,0.5,0.5602945,49925,0.043803816421303494
0.9,0.1,0.6,0.2,0.560307,49925,0.04007923837221274
0.5,0.4,0.4,0.1,0.56031185,49925,0.044105597129136996
0.5,0.8,0.9,0.5,0.5603151,49925,0.04513540729863747
0.2,0.1,0.5,0.2,0.5603298,49925,0.042664355999818986
0.3,0.7,0.3,0.2,0.56033736,49925,0.044125611373911876
0.5,0.8,0.5,0.2,0.5603389,49925,0.04453098986926885
0.4,0.8,0.9,0.6,0.56033957,49925,0.04494823659058747
0.9,0.8,0.9,0.3,0.5603434,49925,0.04467351598151315
0.4,0.6,0.6,0.3,0.5603626,49925,0.04515907167888665
0.8,0.8,0.7,0.2,0.56036276,49925,0.04441503934534841
0.1,0.8,0.1,0.4,0.56036365,49925,0.04007162781626936
0.5,0.6,0.4,0.1,0.5603793,49925,0.04407295302385445
0.2,0.5,0.9,0.9,0.5603874,49925,0.04325320064400917
0.8,0.9,0.7,0.2,0.5604046,49925,0.04439501936980045
0.7,0.8,0.4,0.1,0.5604166,49925,0.04333169042871143
0.6,0.7,0.6,0.2,0.56042445,49925,0.044687486109977186
0.7,0.6,0.8,0.3,0.5604298,49925,0.04481914072506413
0.6,0.7,0.4,0.1,0.56043226,49925,0.04369408598972031
0.3,0.5,0.4,0.2,0.5604341,49925,0.045051847282314844
0.4,0.7,0.7,0.4,0.5604523,49925,0.04512597611155358
0.7,0.2,0.4,0.1,0.56045383,49925,0.041703743228697555
0.7,0.3,0.8,0.3,0.5604593,49925,0.043699559713962784
0.7,0.7,0.5,0.1,0.56046623,49925,0.04374353103957957
0.1,0.6,0.2,0.5,0.56046623,49925,0.042306550901155225
0.2,0.4,0.9,0.7,0.5604693,49925,0.04324355410821952
0.3,0.4,0.8,0.5,0.56047505,49925,0.04456145417677189
0.5,0.5,0.7,0.3,0.5604861,49925,0.04503914633281955
0.8,0.4,0.5,0.1,0.5604898,49925,0.042953275609291866
0.1,0.4,0.3,0.5,0.56050485,49925,0.04350860260582593
0.5,0.5,0.4,0.1,0.56051975,49925,0.04415362190656799
0.1,0.2,0.8,0.6,0.5605375,49925,0.040835383250783015
0.4,0.8,0.5,0.3,0.56055266,49925,0.044849076256001916
0.2,0.3,0.9,0.6,0.56056124,49925,0.04295050924964735
0.3,0.8,0.8,0.7,0.56056154,49925,0.04454839495840029
0.2,0.7,0.4,0.5,0.5605655,49925,0.044219712750903875
0.7,0.3,0.6,0.2,0.560571,49925,0.04354821780431527
0.4,0.8,0.7,0.4,0.56061155,49925,0.04496047705880384
0.6,0.4,0.6,0.2,0.5606208,49925,0.044401492094205304
0.9,0.6,0.9,0.3,0.5606208,49925,0.04440149209420531
0.3,0.2,0.3,0.1,0.5606208,49925,0.044401492094205304
0.2,0.8,0.5,0.8,0.56062937,49925,0.04374963631350956
0.4,0.4,0.5,0.2,0.56063706,49925,0.044986621964483595
0.8,0.8,0.4,0.1,0.560651,49925,0.04308262064048974
0.6,0.9,0.7,0.3,0.5606519,49925,0.04492558485835167
0.5,0.6,0.7,0.3,0.5606552,49925,0.045090309144079424
0.5,0.6,0.8,0.4,0.56065863,49925,0.04518341934857728
0.4,0.2,0.7,0.3,0.5606632,49925,0.043694473151827395
0.4,0.7,0.4,0.2,0.56066614,49925,0.044587660160294196
0.8,0.7,0.7,0.2,0.5606765,49925,0.04440061106046606
0.1,0.4,0.2,0.3,0.5606928,49925,0.0438317006746192
0.2,0.8,0.4,0.6,0.5606928,49925,0.0438317006746192
0.7,0.7,0.4,0.1,0.5607049,49925,0.04344545496867072
0.5,0.7,0.3,0.1,0.5607166,49925,0.04344203838246782
0.8,0.7,0.4,0.1,0.560717,49925,0.04316552389229198
0.2,0.9,0.4,0.7,0.5607201,49925,0.04341925904733928
0.5,0.8,0.6,0.3,0.56074375,49925,0.0450233968943242
0.8,0.7,0.5,0.1,0.5607459,49925,0.04350484755548273
0.9,0.6,0.7,0.2,0.5607466,49925,0.04406321437812639
0.3,0.6,0.5,0.3,0.5607612,49925,0.04502251705766838
0.4,0.5,0.5,0.2,0.5607797,49925,0.04500515480371423
0.8,0.3,0.8,0.3,0.56081635,49925,0.04344112741327405
0.1,0.2,0.5,0.4,0.5608308,49925,0.042832192105150955
0.4,0.9,0.9,0.7,0.56083465,49925,0.04491897311534034
0.3,0.8,0.5,0.4,0.56084514,49925,0.04467937328307804
0.4,0.9,0.2,0.1,0.5608507,49925,0.04191973759251394
0.1,0.2,0.6,0.5,0.56086415,49925,0.04208410111397114
0.1,0.5,0.2,0.4,0.560872,49925,0.043026817784922025
0.6,0.6,0.9,0.4,0.560882,49925,0.04504572814430035
0.1,0.6,0.3,0.8,0.5609035,49925,0.042047478253376826
0.2,0.7,0.1,0.1,0.56091547,49925,0.04066332977793268
0.6,0.8,0.6,0.2,0.560926,49925,0.044598003743067105
0.3,0.4,0.3,0.1,0.560926,49925,0.044598003743067105
0.4,0.1,0.5,0.2,0.56093776,49925,0.04253595865374458
0.7,0.7,0.8,0.3,0.5609402,49925,0.04490932465059447
0.3,0.6,0.8,0.6,0.56094265,49925,0.04474692831205961
0.2,0.3,0.6,0.4,0.5609436,49925,0.04436463678248344
0.3,0.8,0.7,0.6,0.560952,49925,0.04468897607510938
0.7,0.9,0.6,0.2,0.56095845,49925,0.04441810854906957
0.1,0.9,0.1,0.5,0.56096077,49925,0.039637185032843344
0.1,0.3,0.7,0.9,0.56098205,49925,0.04129313183250057
0.7,0.8,0.8,0.3,0.5610125,49925,0.044935493803717454
0.4,0.5,0.6,0.3,0.5610455,49925,0.04522750942285242
0.2,0.7,0.6,0.9,0.5610465,49925,0.04381856119391594
0.3,0.6,0.7,0.5,0.5610486,49925,0.04493492631377387
0.6,0.4,0.4,0.1,0.56104887,49925,0.0436966758072615
0.1,0.3,0.5,0.6,0.56104916,49925,0.04275520006692302
0.9,0.7,0.5,0.1,0.5610593,49925,0.04321521508897804
0.2,0.6,0.8,0.9,0.5610672,49925,0.04353542139566927
0.3,0.1,0.5,0.2,0.5610711,49925,0.042801667410832085
0.1,0.5,0.1,0.2,0.5610809,49925,0.042009760991545596
0.7,0.6,0.5,0.1,0.56108433,49925,0.04374911445060769
0.3,0.9,0.4,0.4,0.5610852,49925,0.04425236076201349
0.8,0.5,0.5,0.1,0.56108654,49925,0.04330850438968598
0.9,0.2,0.6,0.2,0.5610873,49925,0.041696469282285833
0.9,0.7,0.7,0.2,0.56113684,49925,0.0441941487892105
0.1,0.9,0.2,0.9,0.56114125,49925,0.040437103567543556
0.5,0.8,0.7,0.4,0.56114715,49925,0.04523254300367319
0.4,0.9,0.6,0.4,0.5611573,49925,0.04485620020699075
0.5,0.7,0.9,0.5,0.56117404,49925,0.04519450625522977
0.9,0.8,0.4,0.1,0.5611782,49925,0.042831175032247704
0.9,0.3,0.8,0.3,0.5611788,49925,0.04314275034722363
0.6,0.8,0.3,0.1,0.5611814,49925,0.043021988215084676
0.2,0.6,0.7,0.8,0.56118846,49925,0.04387595271522555
0.2,0.6,0.6,0.7,0.56118864,49925,0.04421451175655876
0.9,0.5,0.7,0.2,0.5611952,49925,0.04379373198274993
0.9,0.8,0.7,0.2,0.5612115,49925,0.04423461239870004
0.9,0.9,0.4,0.1,0.5612366,49925,0.042783065449065856
0.5,0.9,0.7,0.4,0.561255,49925,0.04510405229677501
0.4,0.5,0.3,0.1,0.56126475,49925,0.044160958763000205
0.4,0.4,0.9,0.5,0.5612725,49925,0.044624384098514214
0.6,0.8,0.7,0.3,0.5612784,49925,0.045032103419723274
0.9,0.9,0.7,0.2,0.561285,49925,0.04424347940412614
0.4,0.9,0.7,0.5,0.5612852,49925,0.044992522165256954
0.8,0.6,0.5,0.1,0.56130326,49925,0.043451795088603605
0.1,0.4,0.5,0.9,0.561332,49925,0.042055374409811185
0.9,0.4,0.5,0.1,0.56133604,49925,0.042521842670345505
0.2,0.2,0.7,0.4,0.5613481,49925,0.04327044508687282
0.6,0.9,0.8,0.4,0.56135225,49925,0.04514945225389169
0.8,0.2,0.4,0.1,0.5613555,49925,0.04109216826128795
0.3,0.6,0.2,0.1,0.5613571,49925,0.04322117839216285
0.9,0.7,0.4,0.1,0.5613709,49925,0.04283955230610999
0.7,0.4,0.8,0.3,0.5613775,49925,0.04429186431098025
0.6,0.9,0.3,0.1,0.5613822,49925,0.042784890433616135
0.3,0.9,0.5,0.5,0.5614155,49925,0.04453569843306397
0.7,0.8,0.6,0.2,0.56141925,49925,0.044526987313922475
0.4,0.9,0.3,0.2,0.5614212,49925,0.04351526160553488
0.9,0.1,0.8,0.3,0.5614366,49925,0.040731476500828985
0.2,0.6,0.3,0.3,0.561439,49925,0.04441802801028515
0.9,0.2,0.4,0.1,0.56144434,49925,0.0404846348753544
0.2,0.7,0.5,0.7,0.5614486,49925,0.04411268152751446
0.9,0.5,0.5,0.1,0.5614535,49925,0.04290892315830864
0.6,0.6,0.6,0.2,0.56146437,49925,0.04473000954702348
0.3,0.3,0.3,0.1,0.56146437,49925,0.04473000954702348
0.9,0.9,0.9,0.3,0.56146437,49925,0.044730009547023476
0.1,0.8,0.2,0.8,0.5614645,49925,0.04094267871397679
0.8,0.7,0.8,0.3,0.56147027,49925,0.04481206280504467
0.5,0.1,0.5,0.2,0.5614707,49925,0.042119007738067815
0.7,0.5,0.6,0.2,0.56147265,49925,0.04440660047318639
0.6,0.1,0.8,0.3,0.561492,49925,0.04149954002498918
0.6,0.6,0.4,0.1,0.56151646,49925,0.04380684590462029
0.8,0.1,0.8,0.3,0.5615201,49925,0.041021630865801344
0.8,0.6,0.8,0.3,0.5615438,49925,0.04468592769397111
0.4,0.9,0.8,0.6,0.56155586,49925,0.04499750555801477
0.3,0.6,0.9,0.7,0.5615741,49925,0.04450560827524317
0.3,0.3,0.7,0.4,0.56160516,49925,0.04456919413562874
0.2,0.6,0.2,0.2,0.56161726,49925,0.043671035545812795
0.3,0.9,0.3,0.3,0.56161726,49925,0.04367103554581279
0.1,0.3,0.1,0.1,0.56161726,49925,0.043671035545812795
0.3,0.4,0.9,0.6,0.56161785,49925,0.04426684512551599
0.8,0.9,0.8,0.3,0.56162435,49925,0.044830160601308545
0.6,0.3,0.4,0.1,0.56163,49925,0.043277255773859394
0.8,0.9,0.6,0.2,0.5616528,49925,0.04427844946457778
0.8,0.4,0.8,0.3,0.56166387,49925,0.04405966673711765
0.6,0.8,0.5,0.2,0.5616678,49925,0.044519476030061574
0.4,0.6,0.7,0.4,0.56168926,49925,0.04522257368992408
0.5,0.6,0.3,0.1,0.5617003,49925,0.04367999799777235
0.4,0.7,0.8,0.5,0.5617349,49925,0.04512341958826326
0.3,0.9,0.2,0.2,0.56174636,49925,0.0424919874371657
0.1,0.3,0.2,0.2,0.56175786,49925,0.04459414902964193
0.3,0.9,0.6,0.6,0.56175786,49925,0.04459414902964193
0.2,0.6,0.4,0.4,0.56175786,49925,0.04459414902964193
0.3,0.8,0.9,0.9,0.56176215,49925,0.04438983778985464
0.3,0.7,0.4,0.3,0.56176925,49925,0.044768488582617415
0.3,0.9,0.8,0.9,0.56178224,49925,0.04442551666434489
0.7,0.9,0.9,0.4,0.56180733,49925,0.04512030036184917
0.8,0.6,0.4,0.1,0.56181324,49925,0.04312824947670894
0.3,0.2,0.8,0.4,0.56182593,49925,0.043385010153716395
0.5,0.9,0.4,0.2,0.56184596,49925,0.04404904010289835
0.3,0.5,0.5,0.3,0.5618551,49925,0.04523635212492891
0.4,0.7,0.9,0.6,0.5618627,49925,0.045029452740390274
0.3,0.7,0.6,0.5,0.5618672,49925,0.04500065336139165
0.5,0.1,0.3,0.1,0.56187916,49925,0.04126429759226561
0.8,0.3,0.6,0.2,0.561883,49925,0.04314333318821871
0.6,0.9,0.5,0.2,0.5618878,49925,0.04430097813600324
0.5,0.6,0.9,0.5,0.5618908,49925,0.045182750113786876
0.2,0.8,0.2,0.3,0.5618921,49925,0.04283901215670199
0.7,0.7,0.6,0.2,0.5618921,49925,0.044557449741096565
0.6,0.5,0.9,0.4,0.5618979,49925,0.0448680306322578
0.5,0.7,0.5,0.2,0.56189847,49925,0.044749610022028645
0.7,0.5,0.8,0.3,0.5619154,49925,0.04464119253554223
0.7,0.6,0.6,0.2,0.5619229,49925,0.04453701944320059
0.3,0.7,0.8,0.7,0.56192744,49925,0.04469006147086045
0.1,0.6,0.3,0.9,0.5619303,49925,0.04177627288811713
0.9,0.6,0.5,0.1,0.5619346,49925,0.043129333248194665
0.5,0.1,0.9,0.3,0.5619662,49925,0.041180225596513444
0.1,0.3,0.4,0.5,0.56196725,49925,0.04344289594120405
0.7,0.8,0.9,0.4,0.56197786,49925,0.04514959362720685
0.4,0.8,0.9,0.7,0.56198746,49925,0.045046344486416943
0.2,0.5,0.8,0.8,0.5619933,49925,0.043621400088560996
0.6,0.6,0.3,0.1,0.56200904,49925,0.04337217938736903
0.3,0.8,0.8,0.8,0.56201005,49925,0.04458208807874485
0.6,0.9,0.9,0.5,0.56202877,49925,0.04526898417279245
0.3,0.9,0.7,0.8,0.5620338,49925,0.04454372775254471
0.7,0.4,0.6,0.2,0.56204045,49925,0.04409262787345067
0.8,0.8,0.8,0.3,0.5620408,49925,0.04487274848913854
0.1,0.5,0.3,0.7,0.5620501,49925,0.04260313372079574
0.8,0.8,0.6,0.2,0.56206316,49925,0.04433806639006135
0.4,0.4,0.3,0.1,0.56206316,49925,0.04433806639006135
0.4,0.3,0.8,0.4,0.56207496,49925,0.04440255400668186
0.1,0.4,0.4,0.8,0.5620789,49925,0.042522698189296
0.1,0.7,0.2,0.7,0.5620843,49925,0.04148944505646643
0.6,0.4,0.9,0.4,0.5620867,49925,0.04455728405297793
0.9,0.5,0.4,0.1,0.56208897,49925,0.04258431596304957
0.6,0.5,0.4,0.1,0.562102,49925,0.04380387857442171
0.3,0.4,0.4,0.2,0.5621051,49925,0.04523438813099061
0.6,0.8,0.8,0.4,0.5621051,49925,0.04523438813099061
0.4,0.7,0.5,0.3,0.56211644,49925,0.04512946843329527
0.9,0.4,0.8,0.3,0.56213003,49925,0.04380472500620015
0.8,0.5,0.4,0.1,0.5621316,49925,0.04300724408811259
0.3,0.7,0.9,0.8,0.56213295,49925,0.04446032593371463
0.5,0.6,0.5,0.2,0.5621466,49925,0.044875564811748446
0.2,0.4,0.8,0.7,0.5621489,49925,0.04362778841817
0.4,0.3,0.5,0.2,0.5621493,49925,0.044731582911606844
0.1,0.2,0.9,0.7,0.5621594,49925,0.0402535803349763
0.8,0.7,0.6,0.2,0.562193,49925,0.04433772487988608
0.2,0.6,0.7,0.9,0.5621971,49925,0.043772089940865705
0.5,0.9,0.8,0.5,0.56219953,49925,0.04520641669417013
0.7,0.9,0.3,0.1,0.5622,49925,0.04265338986412529
0.6,0.7,0.7,0.3,0.56220454,49925,0.04508889200248193
0.7,0.1,0.8,0.3,0.56221104,49925,0.04129084641854422
0.4,0.2,0.5,0.2,0.5622121,49925,0.044074802737375934
0.7,0.6,0.4,0.1,0.5622263,49925,0.043486088664547326
0.1,0.8,0.2,0.9,0.56223196,49925,0.04076349137426393
0.4,0.2,0.9,0.4,0.5622513,49925,0.04315662912472721
0.2,0.4,0.7,0.6,0.5622559,49925,0.04408010485488356
0.1,0.2,0.7,0.6,0.56227726,49925,0.04137052184953936
0.6,0.1,0.5,0.2,0.5623404,49925,0.04165111638131611
0.7,0.7,0.9,0.4,0.5623585,49925,0.04511215902787505
0.5,0.2,0.7,0.3,0.5623601,49925,0.043594073996905444
0.2,0.6,0.1,0.1,0.5623714,49925,0.041492297465045506
0.5,0.9,0.5,0.3,0.56237406,49925,0.044754266023276604
0.7,0.4,0.4,0.1,0.56239945,49925,0.04321078818602933
0.9,0.3,0.6,0.2,0.5624048,49925,0.042725651355341475
0.5,0.3,0.7,0.3,0.56241757,49925,0.04440776052443027
0.5,0.4,0.5,0.2,0.5624242,49925,0.044828047182628526
0.4,0.8,0.2,0.1,0.5624332,49925,0.04234669543750171
0.4,0.6,0.4,0.2,0.56243366,49925,0.04490766809633019
0.2,0.3,0.2,0.1,0.56243366,49925,0.04490766809633019
0.6,0.9,0.6,0.3,0.56243366,49925,0.04490766809633019
0.3,0.6,0.3,0.2,0.5624529,49925,0.04461191541654758
0.6,0.6,0.7,0.3,0.5624746,49925,0.045075936436060005
0.3,0.2,0.6,0.3,0.5624747,49925,0.04420299839147421
0.9,0.9,0.8,0.3,0.56247663,49925,0.04473593221014518
0.2,0.8,0.5,0.9,0.5624864,49925,0.043651925705872986
0.3,0.7,0.7,0.6,0.5624931,49925,0.044883580532592886
0.1,0.6,0.1,0.3,0.5625024,49925,0.04140315786179321
0.9,0.6,0.4,0.1,0.56251955,49925,0.04274605055035013
0.5,0.1,0.8,0.3,0.5625204,49925,0.041665599513744295
0.5,0.5,0.3,0.1,0.5625213,49925,0.04384836814232517
0.2,0.4,0.4,0.3,0.56252766,49925,0.04515213706000811
0.4,0.8,0.8,0.6,0.56252766,49925,0.04515213706000811
0.5,0.2,0.5,0.2,0.56253177,49925,0.04369699382318266
0.7,0.9,0.5,0.2,0.562535,49925,0.04421721141959529
0.8,0.5,0.6,0.2,0.56254965,49925,0.044107384987144935
0.5,0.4,0.7,0.3,0.56258196,49925,0.04483020537990806
0.2,0.3,0.7,0.5,0.56259006,49925,0.04390685682635012
0.4,0.9,0.4,0.3,0.5626222,49925,0.0444082295653028
0.2,0.7,0.3,0.4,0.56263167,49925,0.044084484570892424
0.2,0.8,0.3,0.5,0.5626394,49925,0.04365909931864999
0.2,0.6,0.5,0.6,0.5626427,49925,0.04447766884694041
0.7,0.9,0.7,0.3,0.56264627,49925,0.044891742214126236
0.2,0.4,0.5,0.4,0.56264746,49925,0.04488850973347536
0.9,0.7,0.8,0.3,0.5626889,49925,0.044659254508741794
0.8,0.6,0.3,0.1,0.5626899,49925,0.04260237085688268
0.4,0.8,0.6,0.4,0.5627096,49925,0.045111851113525815
0.2,0.4,0.3,0.2,0.5627096,49925,0.045111851113525815
0.8,0.4,0.4,0.1,0.5627161,49925,0.04271443904075283
0.6,0.7,0.3,0.1,0.5627177,49925,0.04322092672712422
0.1,0.5,0.3,0.8,0.5627247,49925,0.042307018420200015
0.9,0.6,0.8,0.3,0.5627248,49925,0.04449800468081809
0.4,0.6,0.8,0.5,0.56273776,49925,0.04519348391859989
0.6,0.8,0.9,0.5,0.5627422,49925,0.04532565684530855
0.2,0.6,0.6,0.8,0.5627475,49925,0.044095751218006504
0.1,0.3,0.3,0.4,0.5627475,49925,0.044095751218006504
0.4,0.5,0.7,0.4,0.5627603,49925,0.04526383811160007
0.3,0.8,0.5,0.5,0.56277835,49925,0.04485546662906413
0.2,0.8,0.4,0.7,0.5627855,49925,0.04378703428918843
0.2,0.9,0.1,0.2,0.56279075,49925,0.040408677726737396
0.7,0.8,0.7,0.3,0.56279165,49925,0.04498519120514142
0.6,0.3,0.9,0.4,0.5627924,49925,0.04402711310815843
0.8,0.6,0.6,0.2,0.5628042,49925,0.04428557767967641
0.4,0.3,0.3,0.1,0.5628042,49925,0.04428557767967641
0.3,0.9,0.6,0.7,0.5628181,49925,0.044640288921963804
0.7,0.5,0.4,0.1,0.56281966,49925,0.0434267940587962
0.9,0.8,0.8,0.3,0.5628286,49925,0.04472124568878347
0.4,0.8,0.7,0.5,0.56283563,49925,0.045181494946516965
0.2,0.2,0.5,0.3,0.5628429,49925,0.044434150099088646
0.7,0.8,0.3,0.1,0.56284297,49925,0.04280947946939122
0.3,0.8,0.7,0.7,0.56284934,49925,0.04474764741496414
0.7,0.6,0.7,0.3,0.5628524,49925,0.04497511716487148
0.2,0.5,0.5,0.5,0.56285614,49925,0.04475684848650937
0.2,0.4,0.6,0.5,0.5628616,49925,0.04450969467534185
0.3,0.5,0.7,0.5,0.56286883,49925,0.04502676054148039
0.2,0.9,0.4,0.8,0.5628832,49925,0.043374794112118406
0.2,0.5,0.7,0.7,0.5628846,49925,0.044029126262823036
0.8,0.5,0.8,0.3,0.5629001,49925,0.04445489309330065
0.6,0.7,0.5,0.2,0.56291884,49925,0.044674464162728335
0.3,0.8,0.6,0.6,0.56291896,49925,0.044848502162656435
0.8,0.9,0.9,0.4,0.5629404,49925,0.04512810356332116
0.9,0.9,0.6,0.2,0.56295395,49925,0.044097446803848084
0.5,0.9,0.9,0.6,0.5629612,49925,0.04525732529623304
0.1,0.7,0.1,0.4,0.5629617,49925,0.040773746199954254
0.5,0.7,0.6,0.3,0.56298053,49925,0.045184431683260994
0.2,0.5,0.6,0.6,0.5629831,49925,0.044421423422504415
0.2,0.2,0.9,0.5,0.5629875,49925,0.0422706644410041
0.1,0.3,0.6,0.8,0.56301224,49925,0.041884074439393154
0.5,0.5,0.5,0.2,0.5630141,49925,0.04495107376350986
0.6,0.5,0.3,0.1,0.5630292,49925,0.04343152365457713
0.7,0.3,0.4,0.1,0.5630371,49925,0.04268916486139091
0.1,0.1,0.7,0.3,0.5630437,49925,0.040006749342420864
0.8,0.4,0.6,0.2,0.56305605,49925,0.04374301418148605
0.4,0.2,0.3,0.1,0.56305605,49925,0.04374301418148605
0.9,0.7,0.6,0.2,0.5630683,49925,0.04407896943887159
0.3,0.5,0.2,0.1,0.5630719,49925,0.04378171456035667
0.2,0.9,0.2,0.4,0.5630949,49925,0.04257272511363405
0.5,0.8,0.8,0.5,0.56309575,49925,0.04532939684347064
0.7,0.8,0.5,0.2,0.56310344,49925,0.044377902215266926
0.9,0.2,0.3,0.1,0.56310916,49925,0.04006963393395145
0.9,0.4,0.4,0.1,0.5631148,49925,0.04222450187212501
0.1,0.9,0.1,0.6,0.56312674,49925,0.03971004664101285
0.3,0.5,0.9,0.7,0.56312746,49925,0.04446713016468861
0.6,0.7,0.8,0.4,0.56312877,49925,0.04528652154197118
0.5,0.8,0.4,0.2,0.5631311,49925,0.04434285525316024
0.5,0.5,0.8,0.4,0.5631373,49925,0.04510434201152726
0.2,0.7,0.4,0.6,0.56313914,49925,0.044218370023435774
0.2,0.6,0.6,0.9,0.563154,49925,0.043955214744519126
0.7,0.7,0.7,0.3,0.5631743,49925,0.04503163996335764
0.4,0.9,0.5,0.4,0.56317556,49925,0.0448363421524341
0.2,0.4,0.9,0.8,0.5631872,49925,0.04319856001076358
0.3,0.4,0.5,0.3,0.5631969,49925,0.04536884724635064
0.1,0.7,0.2,0.8,0.5632028,49925,0.04130574655986422
0.4,0.5,0.8,0.5,0.56320816,49925,0.04516495291640176
0.3,0.7,0.5,0.4,0.56320834,49925,0.04499375919324599
0.7,0.1,0.3,0.1,0.5632098,49925,0.03961180024592982
0.1,0.4,0.3,0.6,0.563214,49925,0.04320732614374306
0.6,0.2,0.7,0.3,0.5632304,49925,0.04336142641428808
0.4,0.7,0.2,0.1,0.5632542,49925,0.042795679682219624
0.9,0.5,0.8,0.3,0.5632618,49925,0.04421239105910926
0.7,0.7,0.5,0.2,0.5632656,49925,0.04444438331120133
0.4,0.9,0.8,0.7,0.56326973,49925,0.04508277933774612
0.6,0.1,0.3,0.1,0.56329536,49925,0.0404122052764689
0.8,0.3,0.4,0.1,0.56330574,49925,0.04213916308954987
0.3,0.8,0.4,0.4,0.56331193,49925,0.044663262326554216
0.3,0.5,0.6,0.4,0.5633157,49925,0.04520725384725815
0.2,0.5,0.8,0.9,0.563319,49925,0.04353133369217646
0.5,0.7,0.4,0.2,0.563325,49925,0.044609985967703235
0.9,0.3,0.4,0.1,0.56332576,49925,0.04158986751105859
0.6,0.9,0.4,0.2,0.56332755,49925,0.04404088358473369
0.8,0.8,0.9,0.4,0.5633304,49925,0.045118695880942535
0.4,0.5,0.9,0.6,0.5633307,49925,0.044980219052401335
0.6,0.6,0.5,0.2,0.56333375,49925,0.044723765168916484
0.2,0.3,0.8,0.6,0.5633377,49925,0.04342391763144999
0.4,0.9,0.7,0.6,0.5633686,49925,0.0451354971144102
0.5,0.7,0.7,0.4,0.5633729,49925,0.045363413697973747
0.1,0.8,0.1,0.5,0.56338847,49925,0.04020393560885007
0.4,0.8,0.3,0.2,0.5633885,49925,0.0439382087680343
0.7,0.2,0.9,0.4,0.5633931,49925,0.04302000323032325
0.5,0.4,0.3,0.1,0.56339544,49925,0.04386912433933192
0.6,0.5,0.7,0.3,0.56341434,49925,0.044957225835803284
0.4,0.9,0.9,0.8,0.56342715,49925,0.044982499362269425
0.7,0.7,0.3,0.1,0.5634411,49925,0.042936425001277555
0.4,0.6,0.9,0.6,0.5634506,49925,0.045054592731306124
0.4,0.4,0.6,0.3,0.56346256,49925,0.04516748819228002
0.8,0.9,0.7,0.3,0.5634714,49925,0.04483110062359031
0.6,0.9,0.8,0.5,0.563477,49925,0.045394370689835754
0.3,0.8,0.3,0.3,0.56347746,49925,0.04417767603307074
0.5,0.8,0.5,0.3,0.5634829,49925,0.0450025642293383
0.3,0.5,0.8,0.6,0.5634845,49925,0.044757433367187245
0.9,0.6,0.6,0.2,0.56348515,49925,0.04399574032311302
0.7,0.6,0.3,0.1,0.5634856,49925,0.04300775256233618
0.1,0.4,0.4,0.9,0.5634919,49925,0.04215656350074413
0.8,0.9,0.5,0.2,0.56349593,49925,0.044061273330751986
0.3,0.9,0.5,0.6,0.56349933,49925,0.04463231015732875
0.6,0.9,0.7,0.4,0.56351256,49925,0.04525133833833185
0.7,0.5,0.9,0.4,0.5635199,49925,0.04478671936822449
0.6,0.2,0.5,0.2,0.563539,49925,0.04322443508285188
0.6,0.8,0.6,0.3,0.5635525,49925,0.04506445183456763
0.1,0.2,0.8,0.7,0.56355625,49925,0.04072875196248639
0.5,0.9,0.6,0.4,0.56355745,49925,0.04513636943277993
0.1,0.1,0.8,0.3,0.56356174,49925,0.03915898289897117
0.4,0.7,0.6,0.4,0.5635655,49925,0.045304006825828906
0.8,0.2,0.3,0.1,0.5635695,49925,0.04074500386893909
0.6,0.7,0.9,0.5,0.56359404,49925,0.04534694091790598
0.7,0.9,0.6,0.3,0.5636031,49925,0.044872856239244086
0.4,0.8,0.4,0.3,0.5636073,49925,0.04475704890620949
0.3,0.8,0.8,0.9,0.56360865,49925,0.04456301496382906
0.9,0.8,0.6,0.2,0.5636142,49925,0.0441199434328929
0.7,0.5,0.3,0.1,0.5636417,49925,0.04297041801113081
0.2,0.7,0.5,0.8,0.56366014,49925,0.044010997208414816
0.4,0.6,0.5,0.3,0.56366605,49925,0.04533655323500497
0.2,0.6,0.4,0.5,0.5636746,49925,0.044641389320221665
0.9,0.9,0.9,0.4,0.5636766,49925,0.045068878837968174
0.8,0.1,0.3,0.1,0.5636772,49925,0.038866749309066424
0.2,0.9,0.3,0.6,0.56368226,49925,0.043229710710901675
0.8,0.7,0.9,0.4,0.56368244,49925,0.04504137014798954
0.5,0.6,0.6,0.3,0.5636838,49925,0.045273178844702444
0.3,0.7,0.8,0.8,0.56369156,49925,0.04469177881120847
0.6,0.3,0.7,0.3,0.5637155,49925,0.04422460699742953
0.3,0.7,0.9,0.9,0.5637456,49925,0.04443514761798624
0.5,0.2,0.9,0.4,0.5637536,49925,0.04323877118294222
0.9,0.1,0.3,0.1,0.5637756,49925,0.03818189163198123
0.2,0.5,0.7,0.8,0.563779,49925,0.043923738075125625
0.4,0.7,0.9,0.7,0.5637797,49925,0.0451256099823347
0.1,0.6,0.2,0.6,0.56378865,49925,0.042127807190038204
0.6,0.2,0.9,0.4,0.5637999,49925,0.0431836299033621
0.5,0.8,0.9,0.6,0.5638007,49925,0.045333359478161465
0.1,0.3,0.6,0.9,0.56382155,49925,0.041581317988722014
0.8,0.2,0.7,0.3,0.5638455,49925,0.0427177643381566
0.8,0.8,0.3,0.1,0.5638515,49925,0.04254280780412493
0.1,0.1,0.6,0.3,0.5638636,49925,0.040900814388884835
0.7,0.4,0.3,0.1,0.563864,49925,0.04279974673528652
0.6,0.6,0.8,0.4,0.56387156,49925,0.04525095968653051
0.3,0.3,0.4,0.2,0.56387156,49925,0.04525095968653051
0.1,0.5,0.3,0.9,0.5638727,49925,0.041969702237439475
0.9,0.9,0.5,0.2,0.56387484,49925,0.04385170534012255
0.3,0.9,0.7,0.9,0.56387496,49925,0.0445171552475759
0.9,0.5,0.6,0.2,0.56388545,49925,0.04380008671809845
0.5,0.3,0.5,0.2,0.5638878,49925,0.04446778465225535
0.9,0.8,0.9,0.4,0.5638913,49925,0.045042109821434195
0.7,0.9,0.9,0.5,0.56389153,49925,0.045373371161746674
0.7,0.2,0.5,0.2,0.5638928,49925,0.042718556711714706
0.5,0.9,0.2,0.1,0.5638945,49925,0.04196591244376772
0.7,0.2,0.7,0.3,0.56390184,49925,0.043044375976634824
0.8,0.9,0.3,0.1,0.5639121,49925,0.04244080648348498
0.5,0.5,0.9,0.5,0.5639187,49925,0.04507336237146558
0.3,0.6,0.6,0.5,0.56392276,49925,0.04521615141129107
0.3,0.8,0.2,0.2,0.56392455,49925,0.043044167180731556
0.9,0.5,0.3,0.1,0.56393105,49925,0.04203093871994337
0.7,0.6,0.9,0.4,0.56394315,49925,0.04500051013973852
0.2,0.5,0.4,0.4,0.563976,49925,0.044952681593211495
0.8,0.7,0.3,0.1,0.56398004,49925,0.042605407706967656
0.4,0.3,0.9,0.5,0.563991,49925,0.04422828110583987
0.9,0.6,0.3,0.1,0.56399274,49925,0.04218867074308416
0.7,0.9,0.8,0.4,0.5639962,49925,0.04523275646293069
0.1,0.7,0.2,0.9,0.56399995,49925,0.04106073564312205
0.8,0.8,0.5,0.2,0.56403434,49925,0.044159685273689256
0.8,0.4,0.3,0.1,0.56403804,49925,0.04224907170093517
0.4,0.1,0.9,0.3,0.56404984,49925,0.04113608533231207
0.5,0.7,0.8,0.5,0.56409186,49925,0.04541194040990617
0.3,0.6,0.7,0.6,0.564116,49925,0.04501534300541973
0.6,0.4,0.5,0.2,0.5641241,49925,0.0445350888959378
0.8,0.7,0.5,0.2,0.5641309,49925,0.04418447719247993
0.5,0.1,0.7,0.3,0.5641339,49925,0.04213132427081057
0.7,0.6,0.5,0.2,0.56413394,49925,0.04445212586450583
0.6,0.3,0.5,0.2,0.56413895,49925,0.04408377963653734
0.2,0.7,0.2,0.3,0.5641445,49925,0.04349800223492862
0.5,0.3,0.3,0.1,0.56415707,49925,0.04369722504965927
0.2,0.5,0.6,0.7,0.5641616,49925,0.04433920530333952
0.4,0.5,0.4,0.2,0.5641747,49925,0.04512882529441239
0.5,0.4,0.8,0.4,0.564178,49925,0.044889204634160705
0.3,0.6,0.8,0.7,0.56420714,49925,0.0447941582312332
0.9,0.9,0.7,0.3,0.5642109,49925,0.04468875397077659
0.6,0.4,0.7,0.3,0.5642114,49925,0.04470657335509135
0.3,0.8,0.7,0.8,0.56421256,49925,0.04475333248469166
0.9,0.3,0.3,0.1,0.5642145,49925,0.04111804286776208
0.8,0.5,0.3,0.1,0.5642178,49925,0.04251266250910228
0.4,0.7,0.8,0.6,0.5642201,49925,0.04526111137780923
0.5,0.6,0.4,0.2,0.5642377,49925,0.04482294371151118
0.7,0.1,0.5,0.2,0.5642396,49925,0.041134748181090246
0.8,0.8,0.7,0.3,0.5642469,49925,0.04488009723032159
0.5,0.3,0.8,0.4,0.56426,49925,0.04445021290054176
0.8,0.6,0.5,0.2,0.56426525,49925,0.04416879642410009
0.7,0.4,0.9,0.4,0.56427234,49925,0.04446923898938511
0.4,0.9,0.6,0.5,0.56427604,49925,0.04507225852050462
0.4,0.7,0.7,0.5,0.5642772,49925,0.04535837556419507
0.8,0.2,0.9,0.4,0.56428766,49925,0.04281093883463043
0.7,0.3,0.9,0.4,0.56430376,49925,0.04389380790479329
0.3,0.5,0.3,0.2,0.56431174,49925,0.04505058420084637
0.3,0.9,0.1,0.1,0.5643149,49925,0.0399089264717212
0.6,0.9,0.5,0.3,0.5643244,49925,0.04479479784785721
0.7,0.3,0.7,0.3,0.56433403,49925,0.043952358687870716
0.9,0.2,0.2,0.1,0.5643436,49925,0.03924978500306648
0.3,0.3,0.8,0.5,0.56434596,49925,0.04427473966235951
0.3,0.4,0.6,0.4,0.5643467,49925,0.045239238015139877
0.6,0.5,0.5,0.2,0.56435233,49925,0.044711597211531555
0.2,0.6,0.5,0.7,0.5643743,49925,0.044395666915894395
0.2,0.8,0.1,0.2,0.56438094,49925,0.04114354106463337
0.3,0.6,0.4,0.3,0.56438553,49925,0.04514181860913587
0.5,0.6,0.8,0.5,0.5643868,49925,0.04543674252245079
0.2,0.9,0.4,0.9,0.56440663,49925,0.0432711566383427
0.5,0.6,0.7,0.4,0.5644124,49925,0.045412220285651034
0.9,0.2,0.9,0.4,0.5644166,49925,0.0425761425994646
0.6,0.4,0.3,0.1,0.56441855,49925,0.04335226696682295
0.3,0.9,0.4,0.5,0.5644187,49925,0.044460758579807344
0.2,0.7,0.4,0.7,0.5644216,49925,0.04413047943382615
0.4,0.1,0.8,0.3,0.5644232,49925,0.04169296606042564
0.3,0.1,0.9,0.3,0.5644332,49925,0.0408977523533479
0.5,0.7,0.9,0.6,0.5644568,49925,0.045379956381330744
0.9,0.4,0.6,0.2,0.5644687,49925,0.043374901261600936
0.2,0.6,0.5,0.8,0.56447875,49925,0.04426071209292008
0.1,0.1,0.9,0.3,0.5644842,49925,0.038357354606775466
0.3,0.1,0.8,0.3,0.56449896,49925,0.041521161628836956
0.8,0.3,0.9,0.4,0.5645001,49925,0.0436857528760971
0.2,0.4,0.8,0.8,0.5645011,49925,0.043554066821528
0.1,0.2,0.4,0.4,0.5645011,49925,0.043554066821528
0.8,0.9,0.6,0.3,0.5645019,49925,0.0447548797373709
0.4,0.6,0.2,0.1,0.564505,49925,0.043193325235070114
0.2,0.5,0.2,0.2,0.56451297,49925,0.0444175834677369
0.6,0.1,0.7,0.3,0.5645132,49925,0.04189690414100113
0.1,0.3,0.5,0.7,0.56451607,49925,0.04249578798220669
0.2,0.4,0.9,0.9,0.5645245,49925,0.04308925061448888
0.7,0.5,0.7,0.3,0.5645257,49925,0.04479303324979018
0.2,0.7,0.3,0.5,0.5645372,49925,0.04415616500346846
0.7,0.8,0.8,0.4,0.56454176,49925,0.04527301537456068
0.7,0.8,0.6,0.3,0.56456554,49925,0.044983829154996366
0.2,0.7,0.5,0.9,0.56457543,49925,0.04387990485904789
0.6,0.7,0.6,0.3,0.5646202,49925,0.04517122687106702
0.5,0.4,0.9,0.5,0.5646236,49925,0.04483312531849205
0.9,0.7,0.9,0.4,0.56462616,49925,0.04493666511393079
0.3,0.9,0.6,0.8,0.5646294,49925,0.04462241198743671
0.1,0.4,0.2,0.4,0.56462985,49925,0.043712788061405834
0.2,0.8,0.4,0.8,0.56462985,49925,0.043712788061405834
0.1,0.2,0.5,0.5,0.56463027,49925,0.04267289873876383
0.2,0.3,0.9,0.7,0.564633,49925,0.04294792077305661
0.9,0.7,0.5,0.2,0.56463635,49925,0.04390433665859275
0.2,0.2,0.8,0.5,0.56463784,49925,0.04283187962396632
0.8,0.4,0.7,0.3,0.56463975,49925,0.044223395210918615
0.3,0.8,0.6,0.7,0.56464314,49925,0.044879736938208396
0.9,0.8,0.7,0.3,0.5646568,49925,0.04470527236300679
0.8,0.2,0.5,0.2,0.5646585,49925,0.04222273319345786
0.5,0.9,0.9,0.7,0.56467223,49925,0.04537487551740446
0.5,0.7,0.5,0.3,0.56467783,49925,0.04522722757621998
0.4,0.2,0.6,0.3,0.56469613,49925,0.04419381267465782
0.3,0.4,0.8,0.6,0.5647043,49925,0.044666900252396925
0.5,0.5,0.6,0.3,0.56470954,49925,0.045269631604905894
0.3,0.6,0.5,0.4,0.5647096,49925,0.0452969850214612
0.7,0.1,0.7,0.3,0.56472296,49925,0.04159539820788683
0.9,0.4,0.3,0.1,0.5647433,49925,0.041707797551403705
0.4,0.2,0.8,0.4,0.5647549,49925,0.0436357368586008
0.2,0.1,0.4,0.2,0.5647549,49925,0.0436357368586008
0.4,0.4,0.7,0.4,0.56475574,49925,0.04514198183330597
0.3,0.6,0.9,0.8,0.56475735,49925,0.04451055634074002
0.3,0.7,0.6,0.6,0.56476325,49925,0.045073629697640054
0.3,0.7,0.7,0.7,0.56476545,49925,0.04493226281251123
0.9,0.2,0.7,0.3,0.56477785,49925,0.0423566100286083
0.5,0.2,0.3,0.1,0.56477857,49925,0.04298787055150501
0.9,0.3,0.9,0.4,0.5647794,49925,0.04345821490449591
0.5,0.9,0.7,0.5,0.5647882,49925,0.045336736678707454
0.6,0.7,0.4,0.2,0.56478906,49925,0.04446453360069242
0.5,0.8,0.6,0.4,0.5647896,49925,0.04534376579994117
0.8,0.6,0.7,0.3,0.5647913,49925,0.044784759323943234
0.6,0.8,0.7,0.4,0.5648,49925,0.0453679841812867
0.7,0.5,0.5,0.2,0.56481415,49925,0.044392857843969354
0.6,0.8,0.4,0.2,0.564823,49925,0.044251486501944125
0.3,0.4,0.2,0.1,0.564823,49925,0.044251486501944125
0.2,0.5,0.5,0.6,0.56485605,49925,0.04471464315300981
0.4,0.9,0.8,0.8,0.5648686,49925,0.045131225995537705
0.6,0.2,0.3,0.1,0.56488127,49925,0.0422013293999237
0.9,0.6,0.5,0.2,0.564885,49925,0.043841821339241346
0.1,0.3,0.4,0.6,0.5648903,49925,0.04314547423952607
0.3,0.4,0.7,0.5,0.56489366,49925,0.04497188990173984
0.8,0.6,0.9,0.4,0.56490743,49925,0.044902813635059706
0.2,0.1,0.9,0.3,0.5649198,49925,0.040184371537439645
0.4,0.4,0.8,0.5,0.5649202,49925,0.045006183326428535
0.8,0.7,0.7,0.3,0.56493026,49925,0.04488073160131975
0.4,0.1,0.7,0.3,0.5649304,49925,0.04225356410512731
0.4,0.6,0.6,0.4,0.5649309,49925,0.045472738818219775
0.2,0.3,0.3,0.2,0.5649309,49925,0.045472738818219775
0.6,0.9,0.9,0.6,0.5649309,49925,0.04547273881821977
0.8,0.3,0.3,0.1,0.56493175,49925,0.04176051913701368
0.9,0.7,0.3,0.1,0.5649417,49925,0.042272895138089815
0.5,0.9,0.8,0.6,0.564954,49925,0.04539071345716914
0.9,0.8,0.5,0.2,0.5649663,49925,0.04389755123433831
0.7,0.8,0.4,0.2,0.56496686,49925,0.04406230454484736
0.4,0.8,0.8,0.7,0.56497216,49925,0.04523593288634936
0.7,0.7,0.8,0.4,0.5649797,49925,0.04526430612451678
0.2,0.6,0.3,0.4,0.5649854,49925,0.04461062783516666
0.2,0.2,0.6,0.4,0.56499165,49925,0.04393363601185818
0.1,0.1,0.3,0.2,0.56499165,49925,0.04393363601185818
0.3,0.3,0.9,0.6,0.56499165,49925,0.04393363601185817
0.4,0.8,0.7,0.6,0.5650068,49925,0.045327759897241984
0.8,0.3,0.7,0.3,0.56501484,49925,0.043638079657677555
0.8,0.1,0.5,0.2,0.56502783,49925,0.04061826307258426
0.5,0.8,0.2,0.1,0.5650347,49925,0.04232978655666054
0.2,0.5,0.3,0.3,0.56503737,49925,0.044975676043598006
0.3,0.7,0.5,0.5,0.56503755,49925,0.045160282402303825
0.9,0.9,0.3,0.1,0.5650456,49925,0.04220584702980058
0.4,0.7,0.3,0.2,0.5650967,49925,0.04434551510965074
0.1,0.5,0.2,0.5,0.56511426,49925,0.04286022231901002
0.8,0.4,0.9,0.4,0.56514215,49925,0.04429317835429388
0.1,0.2,0.9,0.8,0.5651657,49925,0.04013652276334131
0.6,0.3,0.3,0.1,0.5651751,49925,0.043021798470960534
0.4,0.8,0.9,0.8,0.56518835,49925,0.045086494002525894
0.2,0.8,0.2,0.4,0.56519145,49925,0.04314554211894017
0.1,0.4,0.1,0.2,0.56519145,49925,0.04314554211894017
0.9,0.6,0.7,0.3,0.5652087,49925,0.04454862185035806
0.7,0.4,0.7,0.3,0.56521463,49925,0.044500696010929784
0.3,0.8,0.5,0.6,0.565215,49925,0.044951102057960594
0.4,0.3,0.6,0.3,0.5652175,49925,0.04487501410036869
0.4,0.8,0.5,0.4,0.56522363,49925,0.04515984804221072
0.3,0.7,0.8,0.9,0.56523037,49925,0.04466081422722531
0.8,0.1,0.7,0.3,0.5652422,49925,0.04126080425908479
0.9,0.9,0.6,0.3,0.56524855,49925,0.04458585522468937
0.6,0.6,0.4,0.2,0.56524855,49925,0.04458585522468937
0.3,0.3,0.2,0.1,0.56524855,49925,0.04458585522468937
0.9,0.7,0.7,0.3,0.565251,49925,0.04465260025319446
0.8,0.9,0.8,0.4,0.5652525,49925,0.04519563552619678
0.1,0.4,0.3,0.7,0.56525266,49925,0.04286247282016718
0.3,0.8,0.7,0.9,0.5652578,49925,0.044710548958811894
0.7,0.9,0.7,0.4,0.56526244,49925,0.04526868864613197
0.8,0.5,0.9,0.4,0.5652727,49925,0.04468291928719326
0.6,0.6,0.9,0.5,0.565276,49925,0.04528474308602221
0.3,0.2,0.7,0.4,0.5652939,49925,0.043960383963614784
0.4,0.9,0.9,0.9,0.56529456,49925,0.045012267339790295
0.6,0.9,0.2,0.1,0.56529874,49925,0.04187714077013362
0.9,0.3,0.7,0.3,0.56530744,49925,0.043288523498700215
0.9,0.1,0.2,0.1,0.5653413,49925,0.03734168733917831
0.7,0.8,0.9,0.5,0.5653508,49925,0.045411178716243984
0.4,0.6,0.3,0.2,0.5654099,49925,0.04469666409168712
0.4,0.6,0.7,0.5,0.56541735,49925,0.04544319031002113
0.5,0.5,0.4,0.2,0.5654181,49925,0.044937417367048614
0.1,0.2,0.6,0.6,0.56542915,49925,0.04191334553581496
0.4,0.9,0.5,0.5,0.5654773,49925,0.04509519299230775
0.4,0.8,0.6,0.5,0.5654855,49925,0.04531157518207167
0.7,0.3,0.3,0.1,0.5655084,49925,0.04238352063072157
0.3,0.1,0.7,0.3,0.5655172,49925,0.04215070273709149
0.2,0.3,0.4,0.3,0.56552166,49925,0.04532180916017057
0.4,0.6,0.8,0.6,0.56552166,49925,0.04532180916017057
0.9,0.2,0.5,0.2,0.56552297,49925,0.041713032853443
0.5,0.8,0.7,0.5,0.56552416,49925,0.04549386494883171
0.6,0.9,0.6,0.4,0.5655248,49925,0.04525370507189381
0.3,0.4,0.9,0.7,0.56555426,49925,0.044333119742114624
0.6,0.8,0.5,0.3,0.56556106,49925,0.0449931029187852
0.6,0.5,0.8,0.4,0.56556433,49925,0.04510360627882051
0.3,0.7,0.3,0.3,0.5655729,49925,0.044646101058722756
0.7,0.2,0.3,0.1,0.56557786,49925,0.04147310842280377
0.5,0.6,0.9,0.6,0.56558156,49925,0.04535931349645313
0.4,0.6,0.9,0.7,0.5655912,49925,0.04513160619517923
0.4,0.4,0.9,0.6,0.56559485,49925,0.04480428243911872
0.9,0.1,0.7,0.3,0.56561965,49925,0.04091128441080321
0.4,0.9,0.7,0.7,0.5656233,49925,0.0452252927678133
0.8,0.8,0.6,0.3,0.5656254,49925,0.044822039940879986
0.3,0.8,0.1,0.1,0.56563354,49925,0.04052651515421177
0.2,0.5,0.7,0.9,0.5656487,49925,0.043781201942823075
0.7,0.3,0.5,0.2,0.56565243,49925,0.04365821327022678
0.9,0.8,0.3,0.1,0.56566215,49925,0.042239285766412095
0.7,0.9,0.4,0.2,0.56567657,49925,0.04389886150202927
0.3,0.9,0.3,0.4,0.5657005,49925,0.04405097337557043
0.3,0.8,0.4,0.5,0.5657051,49925,0.044857520488726745
0.3,0.9,0.5,0.7,0.5657121,49925,0.04466257522260474
0.9,0.4,0.9,0.4,0.565717,49925,0.04407916799530529
0.1,0.9,0.1,0.7,0.5657209,49925,0.03971465284039217
0.5,0.9,0.4,0.3,0.56573033,49925,0.04458560737266786
0.3,0.7,0.2,0.2,0.5657309,49925,0.0436259392909331
0.5,0.7,0.2,0.1,0.56573254,49925,0.04267330197869501
0.6,0.4,0.8,0.4,0.56573594,49925,0.044825983236409093
0.3,0.2,0.4,0.2,0.56573594,49925,0.044825983236409093
0.3,0.7,0.4,0.4,0.5657364,49925,0.04505340576266433
0.7,0.7,0.6,0.3,0.5657457,49925,0.04505894401225186
0.4,0.7,0.4,0.3,0.56574583,49925,0.045087097589766124
0.8,0.5,0.7,0.3,0.5657535,49925,0.04457363248490203
0.1,0.3,0.5,0.8,0.56575894,49925,0.04217816012361888
0.4,0.5,0.5,0.3,0.56576073,49925,0.045462299007752525
0.2,0.5,0.6,0.8,0.56576115,49925,0.044208935694533096
0.1,0.2,0.7,0.7,0.5657634,49925,0.04120635674200591
0.8,0.5,0.5,0.2,0.56576604,49925,0.04404086718317259
0.8,0.9,0.4,0.2,0.5657739,49925,0.04370385861088363
0.7,0.6,0.8,0.4,0.5657937,49925,0.04517991610299431
0.4,0.5,0.6,0.4,0.56579643,49925,0.04556052027372561
0.1,0.4,0.3,0.8,0.5657983,49925,0.04247767674732094
0.2,0.9,0.3,0.7,0.5658078,49925,0.0432120453459623
0.7,0.7,0.4,0.2,0.5658222,49925,0.04421014504261839
0.2,0.3,0.5,0.4,0.5658236,49925,0.04490807016458144
0.9,0.9,0.8,0.4,0.5658255,49925,0.045103446826256915
0.2,0.8,0.4,0.9,0.5658261,49925,0.04356124767014177
0.7,0.9,0.5,0.3,0.56582934,49925,0.044725330107577385
0.1,0.1,0.5,0.3,0.56585145,49925,0.041872497862077376
0.2,0.1,0.8,0.3,0.56586725,49925,0.040899622462214846
0.5,0.3,0.9,0.5,0.56587034,49925,0.04437670983251855
0.4,0.5,0.2,0.1,0.56587636,49925,0.04357272466266834
0.6,0.8,0.9,0.6,0.56587684,49925,0.04553410972566568
0.5,0.9,0.3,0.2,0.5658769,49925,0.04362190103820602
0.2,0.4,0.7,0.7,0.5658815,49925,0.04399087027798215
0.2,0.5,0.1,0.1,0.56588376,49925,0.042397804309858296
0.3,0.7,0.7,0.8,0.5658878,49925,0.04489403336665791
0.9,0.4,0.7,0.3,0.5659031,49925,0.04393785283352738
0.5,0.6,0.2,0.1,0.5659122,49925,0.04295988908654503
0.5,0.8,0.3,0.2,0.5659172,49925,0.043962001522972353
0.4,0.3,0.7,0.4,0.56591886,49925,0.04481112141637349
0.3,0.5,0.6,0.5,0.5659193,49925,0.045353406481103885
0.8,0.9,0.7,0.4,0.56592417,49925,0.0451871516635827
0.3,0.2,0.9,0.5,0.5659415,49925,0.04311068085202865
0.3,0.6,0.9,0.9,0.5659544,49925,0.044448921543205296
0.1,0.2,0.3,0.3,0.5659544,49925,0.04444892154320528
0.2,0.4,0.6,0.6,0.5659544,49925,0.04444892154320528
0.9,0.5,0.9,0.4,0.565961,49925,0.04450750436864171
0.4,0.9,0.4,0.4,0.5659688,49925,0.04476251113422378
0.8,0.7,0.8,0.4,0.5659718,49925,0.045170621073924416
0.4,0.7,0.9,0.8,0.5660006,49925,0.04517365775760519
0.1,0.6,0.2,0.7,0.56601703,49925,0.041904190261580904
0.9,0.6,0.9,0.4,0.56602955,49925,0.0447644272264633
0.9,0.3,0.5,0.2,0.5660309,49925,0.04271113917294075
0.1,0.3,0.3,0.5,0.56604534,49925,0.043784985193726214
0.5,0.8,0.8,0.6,0.56604606,49925,0.04550515718145653
0.4,0.9,0.6,0.6,0.5660471,49925,0.04521677689011115
0.3,0.6,0.8,0.8,0.5660596,49925,0.044778642558725754
0.9,0.5,0.7,0.3,0.56606424,49925,0.044312713296555575
0.3,0.5,0.4,0.3,0.5660729,49925,0.04547817844123452
0.5,0.9,0.5,0.4,0.56607556,49925,0.04510250971477644
0.2,0.6,0.4,0.6,0.5660894,49925,0.04457433355893598
0.3,0.9,0.6,0.9,0.5660894,49925,0.04457433355893599
0.1,0.3,0.2,0.3,0.5660894,49925,0.04457433355893598
0.6,0.8,0.8,0.5,0.56609,49925,0.04548939121104717
0.7,0.4,0.5,0.2,0.5661313,49925,0.04416261034226722
0.2,0.4,0.5,0.5,0.56615585,49925,0.04491848477252654
0.2,0.3,0.7,0.6,0.5661688,49925,0.04388592760532358
0.1,0.6,0.2,0.8,0.5661777,49925,0.041637748368637185
0.2,0.7,0.4,0.8,0.5661928,49925,0.04401689239904906
0.2,0.8,0.3,0.6,0.5661951,49925,0.043668223816357474
0.8,0.2,0.2,0.1,0.56619567,49925,0.04001508679949375
0.2,0.1,0.7,0.3,0.5662169,49925,0.04166217358200757
0.3,0.3,0.5,0.3,0.56622154,49925,0.045272378939225755
0.9,0.8,0.6,0.3,0.56624335,49925,0.044612233673131586
0.6,0.5,0.4,0.2,0.56624633,49925,0.04461516035575001
0.5,0.5,0.7,0.4,0.56625974,49925,0.04537804295152055
0.9,0.9,0.4,0.2,0.5662729,49925,0.043486908246324334
0.7,0.7,0.9,0.5,0.5662921,49925,0.04539089255177955
0.6,0.7,0.9,0.6,0.5663193,49925,0.045546874180611985
0.3,0.9,0.4,0.6,0.56633395,49925,0.04454203896221696
0.1,0.3,0.4,0.7,0.5663419,49925,0.04281518142326034
0.8,0.7,0.4,0.2,0.5663585,49925,0.04391349436902044
0.1,0.2,0.8,0.8,0.56635916,49925,0.04056549921177086
0.9,0.1,0.5,0.2,0.56636256,49925,0.04010469015418448
0.8,0.3,0.5,0.2,0.56637913,49925,0.04320418799472103
0.3,0.5,0.7,0.6,0.5663831,49925,0.04510786103278389
0.3,0.8,0.6,0.8,0.5663962,49925,0.04486370069413733
0.4,0.4,0.2,0.1,0.5663965,49925,0.04383288118124022
0.8,0.8,0.4,0.2,0.5663965,49925,0.04383288118124022
0.5,0.7,0.6,0.4,0.56643003,49925,0.04550379687246057
0.3,0.5,0.5,0.4,0.56643265,49925,0.045521273700613527
0.4,0.9,0.8,0.9,0.56644493,49925,0.04515041752621893
0.5,0.8,0.4,0.3,0.56644845,49925,0.04488075782186772
0.9,0.8,0.4,0.2,0.56645507,49925,0.043556787802556514
0.1,0.8,0.1,0.6,0.5664613,49925,0.04022655724989835
0.2,0.3,0.6,0.5,0.5664619,49925,0.04441500715459372
0.1,0.5,0.1,0.3,0.5664647,49925,0.042341578047461366
0.7,0.8,0.5,0.3,0.5664668,49925,0.04488871354814926
0.1,0.6,0.2,0.9,0.5664773,49925,0.04133033157191434
0.6,0.7,0.5,0.3,0.5664786,49925,0.045130877959816865
0.8,0.8,0.9,0.5,0.56648874,49925,0.04539242054971015
0.2,0.2,0.2,0.1,0.566492,49925,0.04521276621297517
0.6,0.6,0.6,0.3,0.566492,49925,0.045212766212975174
0.4,0.4,0.4,0.2,0.566492,49925,0.04521276621297517
0.8,0.8,0.8,0.4,0.566492,49925,0.04521276621297517
0.1,0.3,0.5,0.9,0.5664941,49925,0.041839550578558704
0.7,0.6,0.4,0.2,0.5665052,49925,0.044275568686053694
0.6,0.7,0.8,0.5,0.56651026,49925,0.045539871026375474
0.4,0.3,0.8,0.5,0.5665125,49925,0.0446342643768098
0.6,0.3,0.8,0.4,0.56652355,49925,0.04434264273362749
0.2,0.9,0.2,0.5,0.5665407,49925,0.04275490453519525
0.7,0.9,0.8,0.5,0.56654304,49925,0.045477726025517154
0.4,0.7,0.7,0.6,0.5665442,49925,0.0454781624236609
0.5,0.9,0.9,0.8,0.56654537,49925,0.04544780594917515
0.8,0.7,0.6,0.3,0.5665466,49925,0.04484428127238262
0.6,0.8,0.2,0.1,0.56654704,49925,0.04217551225046392
0.6,0.7,0.7,0.4,0.56658286,49925,0.04542464347065393
0.3,0.7,0.6,0.7,0.56658816,49925,0.04510629946654136
0.1,0.2,0.9,0.9,0.56658846,49925,0.0399769946960678
0.5,0.9,0.8,0.7,0.5665992,49925,0.04551803596633388
0.9,0.9,0.7,0.4,0.5666295,49925,0.04507642220472803
0.4,0.9,0.1,0.1,0.5666329,49925,0.04018239979056479
0.5,0.8,0.9,0.7,0.5666346,49925,0.04545560466668994
0.3,0.4,0.3,0.2,0.56664675,49925,0.04539224965542948
0.6,0.8,0.6,0.4,0.56664675,49925,0.04539224965542948
0.5,0.4,0.6,0.3,0.5666557,49925,0.04510827651595679
0.8,0.1,0.2,0.1,0.5666745,49925,0.03815528290034125
0.7,0.6,0.6,0.3,0.5666797,49925,0.045049797844799636
0.4,0.7,0.5,0.4,0.5666915,49925,0.04542031665672109
0.6,0.5,0.6,0.3,0.5667089,49925,0.0451362894205802
0.9,0.8,0.8,0.4,0.5667223,49925,0.04509882267097885
0.3,0.3,0.6,0.4,0.5667603,49925,0.04505545132274883
0.3,0.5,0.9,0.8,0.56676424,49925,0.044453599266003
0.8,0.9,0.9,0.5,0.566775,49925,0.045389805151020715
0.4,0.7,0.8,0.7,0.5667811,49925,0.04534155326256685
0.3,0.6,0.7,0.7,0.566797,49925,0.04506091946215998
0.9,0.5,0.5,0.2,0.5668326,49925,0.04364869234892219
0.3,0.3,0.7,0.5,0.56684744,49925,0.04473497105569087
0.7,0.5,0.4,0.2,0.56686085,49925,0.04424846440842822
0.4,0.9,0.3,0.3,0.566871,49925,0.044112848307281245
0.6,0.7,0.2,0.1,0.56687313,49925,0.042408207132957544
0.2,0.7,0.1,0.2,0.566881,49925,0.0419168563157016
0.8,0.6,0.4,0.2,0.5668849,49925,0.04391968599936432
0.4,0.3,0.2,0.1,0.5668849,49925,0.04391968599936432
0.3,0.5,0.8,0.7,0.5668984,49925,0.04477958812555644
0.9,0.7,0.4,0.2,0.56689936,49925,0.04358548759187541
0.6,0.6,0.7,0.4,0.566901,49925,0.045429901726649104
0.5,0.2,0.8,0.4,0.56690246,49925,0.04365098247587896
0.6,0.9,0.7,0.5,0.56690586,49925,0.04548999448672554
0.9,0.7,0.6,0.3,0.56690776,49925,0.04461137732049125
0.3,0.6,0.5,0.5,0.5669079,49925,0.04542820706462673
0.4,0.5,0.7,0.5,0.5669148,49925,0.04545778833549787
0.9,0.6,0.4,0.2,0.5669268,49925,0.043546357472170574
0.2,0.9,0.1,0.3,0.5669288,49925,0.04121215723623494
0.7,0.7,0.5,0.3,0.5669408,49925,0.04497494435762346
0.5,0.7,0.8,0.6,0.56695896,49925,0.0455874031463397
0.9,0.3,0.2,0.1,0.5669606,49925,0.0402889179889881
0.7,0.8,0.7,0.4,0.5669721,49925,0.04534189736241021
0.2,0.2,0.9,0.6,0.5669793,49925,0.04236324336867235
0.2,0.5,0.4,0.5,0.56698227,49925,0.044991406704338294
0.4,0.7,0.6,0.5,0.5670205,49925,0.04551626013795207
0.2,0.6,0.5,0.9,0.5670345,49925,0.044065445140479206
0.7,0.5,0.8,0.4,0.56703454,49925,0.044993782659508354
0.5,0.6,0.5,0.3,0.56703764,49925,0.04537056985541115
0.7,0.9,0.6,0.4,0.5670453,49925,0.045225367491951024
0.1,0.5,0.2,0.6,0.5670697,49925,0.04260699787769615
0.2,0.4,0.8,0.9,0.5671012,49925,0.043405098675290965
0.6,0.5,0.9,0.5,0.56712806,49925,0.045142728011909376
0.2,0.5,0.5,0.7,0.56713116,49925,0.044602781459565845
0.8,0.9,0.5,0.3,0.5671353,49925,0.044572905306647384
0.6,0.3,0.9,0.5,0.567139,49925,0.04434434299858822
0.3,0.9,0.5,0.8,0.5671396,49925,0.04463575556345388
0.9,0.7,0.8,0.4,0.5671494,49925,0.045030868506830544
0.6,0.2,0.8,0.4,0.56715554,49925,0.043531833371016675
0.3,0.1,0.4,0.2,0.56715554,49925,0.043531833371016675
0.5,0.2,0.6,0.3,0.56716645,49925,0.04399540337819122
0.3,0.7,0.5,0.6,0.5671707,49925,0.04521661712360252
0.1,0.7,0.1,0.5,0.5671966,49925,0.0408254053693719
0.4,0.8,0.9,0.9,0.56720686,49925,0.04511448186431183
0.4,0.5,0.3,0.2,0.56721133,49925,0.04502315166981985
0.3,0.7,0.7,0.9,0.56721336,49925,0.04485494497009151
0.7,0.1,0.9,0.4,0.5672167,49925,0.04167349795845414
0.4,0.9,0.6,0.7,0.56721944,49925,0.04531184016886002
0.3,0.7,0.1,0.1,0.5672579,49925,0.04117943456951186
0.7,0.9,0.2,0.1,0.56726915,49925,0.04170508088730433
0.8,0.3,0.2,0.1,0.56727594,49925,0.0409589289517128
0.8,0.5,0.4,0.2,0.56728816,49925,0.04385190268674173
0.5,0.9,0.6,0.5,0.5672888,49925,0.04537209391414139
0.7,0.6,0.9,0.5,0.56729555,49925,0.04527462365843853
0.4,0.5,0.8,0.6,0.567298,49925,0.04528606426542427
0.1,0.2,0.2,0.2,0.56730044,49925,0.04528056699189125
0.4,0.8,0.8,0.8,0.56730044,49925,0.04528056699189125
0.2,0.4,0.4,0.4,0.56730044,49925,0.04528056699189125
0.3,0.6,0.6,0.6,0.56730044,49925,0.045280566991891244
0.3,0.8,0.5,0.7,0.56731725,49925,0.0449437143408237
0.5,0.5,0.8,0.5,0.56731874,49925,0.045348723183150745
0.8,0.6,0.6,0.3,0.567338,49925,0.04481728865575895
0.7,0.2,0.8,0.4,0.56735235,49925,0.043312256490628476
0.4,0.2,0.9,0.5,0.5673672,49925,0.04347405554720064
0.2,0.6,0.4,0.7,0.56738937,49925,0.04444392354223794
0.5,0.7,0.7,0.5,0.5673954,49925,0.04559613615002459
0.5,0.9,0.7,0.6,0.5673963,49925,0.045499078765082746
0.2,0.6,0.2,0.3,0.5674232,49925,0.04417614527985758
0.4,0.8,0.7,0.7,0.56743,49925,0.04539807055540043
0.2,0.1,0.6,0.3,0.5674378,49925,0.04243674061976671
0.5,0.5,0.2,0.1,0.5674478,49925,0.043146418119490104
0.9,0.4,0.5,0.2,0.5674531,49925,0.04332054867529796
0.5,0.7,0.3,0.2,0.56745327,49925,0.04427259284666338
0.7,0.8,0.2,0.1,0.56745714,49925,0.041917298884285095
0.5,0.3,0.2,0.1,0.56746185,49925,0.0431700234161001
0.2,0.7,0.2,0.4,0.5674638,49925,0.04374672615417047
0.7,0.9,0.9,0.6,0.567469,49925,0.0455660899978182
0.5,0.3,0.6,0.3,0.5674764,49925,0.044749678719143995
0.9,0.9,0.5,0.3,0.56749296,49925,0.04438220021421637
0.1,0.2,0.8,0.9,0.5675005,49925,0.040356365419858625
0.4,0.6,0.4,0.3,0.56751937,49925,0.04537800894864684
0.5,0.4,0.2,0.1,0.5675323,49925,0.04325906576877244
0.2,0.3,0.8,0.7,0.5675347,49925,0.04337306866684625
0.8,0.3,0.8,0.4,0.56754404,49925,0.043904988226031214
0.5,0.4,0.4,0.2,0.5675483,49925,0.04493123006122184
0.4,0.9,0.7,0.8,0.56754965,49925,0.04526158064020387
0.5,0.6,0.3,0.2,0.567563,49925,0.044536376671634056
0.2,0.4,0.3,0.3,0.56757617,49925,0.04544345684767569
0.4,0.8,0.6,0.6,0.56757617,49925,0.04544345684767569
0.6,0.9,0.8,0.6,0.5675947,49925,0.04560836496445287
0.2,0.5,0.3,0.4,0.5675967,49925,0.04510981102713305
0.7,0.2,0.2,0.1,0.56759727,49925,0.04081776681490066
0.1,0.6,0.1,0.4,0.56759787,49925,0.04153979352628692
0.7,0.1,0.2,0.1,0.56760025,49925,0.03902555217863373
0.9,0.1,0.9,0.4,0.56761247,49925,0.04125178630334045
0.7,0.4,0.8,0.4,0.56762767,49925,0.04469175065081239
0.8,0.1,0.9,0.4,0.567631,49925,0.04148913386626508
0.1,0.9,0.1,0.8,0.5676324,49925,0.03962457109790542
0.7,0.3,0.8,0.4,0.56763244,49925,0.044157513361921634
0.1,0.2,0.1,0.1,0.5676624,49925,0.045088420967257334
0.3,0.6,0.3,0.3,0.5676624,49925,0.04508842096725733
0.4,0.8,0.4,0.4,0.5676624,49925,0.045088420967257334
0.2,0.4,0.2,0.2,0.5676624,49925,0.045088420967257334
0.6,0.9,0.9,0.7,0.5676767,49925,0.04560912784052802
0.6,0.9,0.3,0.2,0.5676801,49925,0.043559089437970065
0.8,0.4,0.5,0.2,0.5677108,49925,0.043771533713107914
0.2,0.3,0.9,0.8,0.56771404,49925,0.0428892127859381
0.8,0.7,0.5,0.3,0.56771934,49925,0.044734073405574344
0.3,0.8,0.4,0.6,0.56772923,49925,0.04492432704606384
0.8,0.6,0.8,0.4,0.5677309,49925,0.045061890979463975
0.4,0.3,0.4,0.2,0.5677309,49925,0.045061890979463975
0.4,0.6,0.9,0.8,0.56774086,49925,0.045171796042124075
0.3,0.8,0.3,0.4,0.56776184,49925,0.04450374513975965
0.6,0.6,0.8,0.5,0.5677744,49925,0.04552370841912371
0.2,0.2,0.7,0.5,0.56778055,49925,0.04338810732140784
0.9,0.5,0.4,0.2,0.5677844,49925,0.04340563066256512
0.3,0.7,0.4,0.5,0.5677893,49925,0.04522286118234409
0.6,0.4,0.2,0.1,0.56779325,49925,0.04266099375274942
0.5,0.7,0.9,0.7,0.5678184,49925,0.045493899729953026
0.6,0.9,0.5,0.4,0.5678239,49925,0.04516043553489397
0.4,0.9,0.2,0.2,0.5678402,49925,0.04284207488693385
0.7,0.8,0.9,0.6,0.56784344,49925,0.04561645381684896
0.2,0.9,0.2,0.6,0.5678442,49925,0.042817306157362976
0.6,0.2,0.6,0.3,0.5678501,49925,0.04365755503632961
0.3,0.8,0.6,0.9,0.5678541,49925,0.04479661460167964
0.9,0.6,0.6,0.3,0.56786466,49925,0.0445162909966609
0.3,0.2,0.2,0.1,0.56786466,49925,0.0445162909966609
0.6,0.4,0.4,0.2,0.56786466,49925,0.0445162909966609
0.5,0.8,0.5,0.4,0.56787074,49925,0.045337630175683964
0.4,0.1,0.6,0.3,0.56788325,49925,0.042825191488991866
0.6,0.5,0.2,0.1,0.56788325,49925,0.042685935666237754
0.7,0.5,0.6,0.3,0.5678836,49925,0.04493613807352603
0.8,0.8,0.5,0.3,0.56788456,49925,0.04466891010657782
0.9,0.9,0.9,0.5,0.5678882,49925,0.0453254694141567
0.9,0.5,0.2,0.1,0.5678971,49925,0.0411531002442479
0.8,0.9,0.6,0.4,0.5678994,49925,0.045118875295495374
0.1,0.3,0.4,0.8,0.5679108,49925,0.04239322069680971
0.5,0.5,0.9,0.6,0.5679321,49925,0.04525286358409034
0.6,0.6,0.5,0.3,0.5679418,49925,0.0452437170107459
0.2,0.6,0.3,0.5,0.5679512,49925,0.04464057993891651
0.1,0.1,0.8,0.4,0.5679574,49925,0.03954638526216711
0.3,0.9,0.2,0.3,0.5679632,49925,0.043167358868428055
0.2,0.8,0.3,0.7,0.5679713,49925,0.04360661197655787
0.4,0.5,0.9,0.7,0.5679717,49925,0.04507359369398722
0.3,0.1,0.6,0.3,0.5679955,49925,0.042811041880464126
0.3,0.6,0.4,0.4,0.56799597,49925,0.04540615126725308
0.8,0.5,0.8,0.4,0.56800014,49925,0.04483274572820994
0.8,0.5,0.6,0.3,0.56801444,49925,0.044655848206965686
0.9,0.8,0.9,0.5,0.56802136,49925,0.04530127600934139
0.2,0.9,0.3,0.8,0.56802607,49925,0.04314969175957324
0.4,0.8,0.5,0.5,0.56803435,49925,0.04537258823283269
0.5,0.7,0.4,0.3,0.56803703,49925,0.04513198638326986
0.2,0.4,0.6,0.7,0.56804,49925,0.0443334932383865
0.9,0.8,0.5,0.3,0.56804436,49925,0.04444645720427988
0.4,0.3,0.9,0.6,0.568046,49925,0.04436737214629166
0.8,0.8,0.7,0.4,0.5680598,49925,0.04525232856205976
0.8,0.4,0.2,0.1,0.56806904,49925,0.04144777342008069
0.5,0.8,0.9,0.8,0.5680697,49925,0.04551990292616147
0.2,0.5,0.6,0.9,0.5680778,49925,0.044025040306688724
0.4,0.1,0.4,0.2,0.5680787,49925,0.04304931099922467
0.8,0.2,0.8,0.4,0.5680787,49925,0.04304931099922467
0.7,0.7,0.2,0.1,0.5680828,49925,0.042086463406736586
0.3,0.2,0.5,0.3,0.56808347,49925,0.044780320115158014
0.3,0.6,0.8,0.9,0.5680868,49925,0.044691803372675656
0.3,0.9,0.3,0.5,0.56810313,49925,0.044249717466963615
0.6,0.1,0.9,0.4,0.5681071,49925,0.04179628198938988
0.9,0.7,0.5,0.3,0.5681114,49925,0.04447067333046977
0.1,0.4,0.3,0.9,0.568115,49925,0.042077641528036294
0.4,0.9,0.5,0.6,0.5681185,49925,0.04524587473723224
0.3,0.7,0.6,0.8,0.5681212,49925,0.04504865603504358
0.7,0.8,0.8,0.5,0.56814057,49925,0.04552025509088959
0.7,0.4,0.2,0.1,0.5681494,49925,0.042043091749255565
0.5,0.8,0.8,0.7,0.56815237,49925,0.04563104994828157
0.6,0.1,0.2,0.1,0.56815416,49925,0.03998107506214884
0.7,0.9,0.7,0.5,0.568159,49925,0.0455206866109274
0.5,0.9,0.8,0.8,0.5681679,49925,0.045579302235991444
0.1,0.2,0.7,0.8,0.56816965,49925,0.04096122997057545
0.8,0.8,0.2,0.1,0.56817055,49925,0.04161545019464161
0.5,0.6,0.8,0.6,0.5681758,49925,0.045582577660041236
0.5,0.4,0.7,0.4,0.5681787,49925,0.045196511735598396
0.4,0.6,0.7,0.6,0.568182,49925,0.04556116906646748
0.6,0.4,0.6,0.3,0.5681929,49925,0.04491811768156481
0.9,0.4,0.2,0.1,0.56819946,49925,0.0408659496838606
0.9,0.8,0.7,0.4,0.5682095,49925,0.04510694732573799
0.6,0.4,0.9,0.5,0.5682181,49925,0.044842785574512295
0.6,0.8,0.4,0.3,0.56822026,49925,0.044810287282198075
0.5,0.6,0.6,0.4,0.5682249,49925,0.04559381530573542
0.6,0.8,0.9,0.7,0.56822693,49925,0.04567645616145997
0.8,0.5,0.2,0.1,0.56823254,49925,0.04167055638877256
0.4,0.2,0.7,0.4,0.56824017,49925,0.044129119522871456
0.7,0.7,0.7,0.4,0.5682427,49925,0.045365319461236335
0.9,0.9,0.2,0.1,0.5682437,49925,0.04115554988424082
0.5,0.8,0.7,0.6,0.56826264,49925,0.045664824440127025
0.7,0.4,0.6,0.3,0.5682805,49925,0.04465637312681054
0.9,0.6,0.8,0.4,0.56828165,49925,0.04488070617563278
0.8,0.9,0.2,0.1,0.5682843,49925,0.04144814794957257
0.4,0.6,0.6,0.5,0.56829244,49925,0.045665122130140345
0.6,0.8,0.7,0.5,0.5682942,49925,0.04560364252833591
0.4,0.4,0.5,0.3,0.56830436,49925,0.04547779591519534
0.4,0.9,0.6,0.8,0.5683106,49925,0.04532675473747505
0.2,0.7,0.3,0.6,0.5683113,49925,0.04409162563957569
0.6,0.3,0.2,0.1,0.5683139,49925,0.04239441463159619
0.3,0.4,0.7,0.6,0.5683151,49925,0.045030556228895346
0.3,0.6,0.2,0.2,0.5683326,49925,0.04421850477243457
0.5,0.6,0.7,0.5,0.56834126,49925,0.045656335354073346
0.1,0.1,0.9,0.4,0.56835425,49925,0.038851514066441196
0.4,0.8,0.8,0.9,0.56836206,49925,0.04527642278166393
0.7,0.3,0.2,0.1,0.5683634,49925,0.04165360135122115
0.8,0.7,0.9,0.5,0.56836617,49925,0.045332085958627796
0.7,0.8,0.6,0.4,0.56837016,49925,0.04532274552943128
0.3,0.4,0.8,0.7,0.56839937,49925,0.04467298264004045
0.9,0.2,0.8,0.4,0.56841063,49925,0.04276957121264331
0.9,0.5,0.8,0.4,0.56841594,49925,0.04462817185958972
0.6,0.9,0.4,0.3,0.56841797,49925,0.04457072112888082
0.4,0.9,0.7,0.9,0.5684185,49925,0.045246956485804186
0.5,0.1,0.6,0.3,0.56842923,49925,0.04259476783758761
0.7,0.9,0.4,0.3,0.56844324,49925,0.04447024531766731
0.4,0.7,0.9,0.9,0.5684597,49925,0.045171831574202105
0.2,0.4,0.7,0.8,0.5684664,49925,0.043880003581348595
0.6,0.6,0.2,0.1,0.56848425,49925,0.0425920050921584
0.3,0.3,0.8,0.6,0.5684881,49925,0.044363943222724876
0.3,0.4,0.6,0.5,0.5684912,49925,0.04536021407246801
0.6,0.2,0.2,0.1,0.5684955,49925,0.04170886850091578
0.7,0.5,0.9,0.5,0.56849617,49925,0.04507670013820735
0.3,0.5,0.9,0.9,0.5685002,49925,0.04440439248929776
0.6,0.8,0.8,0.6,0.5685162,49925,0.04567294475975879
0.3,0.4,0.4,0.3,0.5685162,49925,0.04567294475975879
0.8,0.4,0.6,0.3,0.5685215,49925,0.04434088809651607
0.1,0.4,0.2,0.5,0.568526,49925,0.04337173975630816
0.7,0.6,0.2,0.1,0.56852716,49925,0.04217329039080677
0.3,0.4,0.5,0.4,0.56854796,49925,0.045606169094318284
0.5,0.9,0.9,0.9,0.56855667,49925,0.04549195955179786
0.6,0.1,0.6,0.3,0.5685602,49925,0.042258812570606784
0.7,0.7,0.8,0.5,0.56858873,49925,0.045532945560658865
0.3,0.4,0.9,0.8,0.568589,49925,0.044306481043100164
0.1,0.3,0.2,0.4,0.5685898,49925,0.04427128865446064
0.2,0.6,0.4,0.8,0.5685898,49925,0.04427128865446064
0.6,0.8,0.3,0.2,0.5685905,49925,0.04383304318697892
0.5,0.9,0.1,0.1,0.56860274,49925,0.04020665541361238
0.4,0.7,0.6,0.6,0.568603,49925,0.04563415905085646
0.9,0.8,0.2,0.1,0.56860435,49925,0.04126566574402048
0.3,0.9,0.5,0.9,0.56862926,49925,0.04456248575746401
0.9,0.6,0.2,0.1,0.5686498,49925,0.04130646592056065
0.5,0.4,0.9,0.6,0.5686589,49925,0.04500353912536407
0.5,0.1,0.9,0.4,0.5686595,49925,0.041864644027015604
0.1,0.1,0.7,0.4,0.5686678,49925,0.04030191921826432
0.2,0.5,0.5,0.8,0.56868637,49925,0.044397544760385106
0.8,0.7,0.7,0.4,0.5687104,49925,0.045260171636771145
0.8,0.6,0.2,0.1,0.5687121,49925,0.04174155102847834
0.7,0.2,0.6,0.3,0.5687156,49925,0.04329313709903419
0.4,0.4,0.6,0.4,0.56871694,49925,0.04547843633477578
0.2,0.2,0.3,0.2,0.56871694,49925,0.04547843633477578
0.6,0.6,0.9,0.6,0.56871694,49925,0.045478436334775774
0.8,0.7,0.2,0.1,0.5687196,49925,0.04172477628405364
0.7,0.5,0.2,0.1,0.56872815,49925,0.042204408424412726
0.4,0.6,0.5,0.4,0.56874275,49925,0.04566132491634449
0.2,0.5,0.4,0.6,0.56874424,49925,0.0448972541333586
0.1,0.5,0.2,0.7,0.56875527,49925,0.04227968340857716
0.5,0.8,0.6,0.5,0.5687555,49925,0.045572914317676794
0.6,0.5,0.7,0.4,0.56877154,49925,0.04532551061430859
0.7,0.6,0.7,0.4,0.56877416,49925,0.0453169416778484
0.1,0.8,0.1,0.7,0.56878203,49925,0.040152196349218676
0.7,0.4,0.4,0.2,0.56878346,49925,0.0440678857539467
0.5,0.5,0.5,0.3,0.56879693,49925,0.04543380857921163
0.8,0.2,0.6,0.3,0.5688018,49925,0.04287841040470607
0.8,0.8,0.6,0.4,0.5688106,49925,0.04521140851497316
0.4,0.4,0.3,0.2,0.5688106,49925,0.04521140851497316
0.3,0.8,0.5,0.8,0.56881624,49925,0.044886694910369965
0.6,0.8,0.5,0.4,0.56881773,49925,0.045343973126638126
0.1,0.5,0.2,0.8,0.56882095,49925,0.041922591793652014
0.3,0.2,0.8,0.5,0.56882346,49925,0.04362684007768343
0.5,0.9,0.7,0.7,0.5688253,49925,0.045615044220963956
0.5,0.2,0.2,0.1,0.56883395,49925,0.04263662590738607
0.8,0.9,0.8,0.5,0.56883436,49925,0.045450882002324694
0.4,0.8,0.7,0.8,0.5688399,49925,0.04542893078321904
0.5,0.1,0.4,0.2,0.56885403,49925,0.04246674177937243
0.3,0.6,0.1,0.1,0.5688628,49925,0.041843603560444476
0.6,0.9,0.9,0.8,0.5688673,49925,0.04571209055956319
0.4,0.8,0.1,0.1,0.5688687,49925,0.04067828306616763
0.3,0.6,0.6,0.7,0.5688702,49925,0.045266732590940044
0.8,0.4,0.4,0.2,0.56887525,49925,0.04359296125393016
0.4,0.2,0.2,0.1,0.56887525,49925,0.04359296125393016
0.9,0.7,0.2,0.1,0.5688792,49925,0.041348072892845325
0.3,0.5,0.7,0.7,0.5688857,49925,0.045097053564843496
0.5,0.3,0.4,0.2,0.56889606,49925,0.04468275441472733
0.7,0.3,0.9,0.5,0.56890756,49925,0.04424986530003942
0.1,0.9,0.1,0.9,0.56892073,49925,0.03951748252323478
0.2,0.7,0.4,0.9,0.56892127,49925,0.04384660467534496
0.3,0.6,0.7,0.8,0.56892216,49925,0.044987532920142285
0.9,0.4,0.4,0.2,0.5689222,49925,0.043093880980828406
0.6,0.7,0.9,0.7,0.5689315,49925,0.04567052082081282
0.9,0.3,0.8,0.4,0.5689329,49925,0.04363767458073251
0.8,0.2,0.4,0.2,0.5689465,49925,0.042191846205075524
0.4,0.1,0.2,0.1,0.5689465,49925,0.042191846205075524
0.7,0.9,0.3,0.2,0.56895083,49925,0.043431405489516066
0.2,0.3,0.7,0.7,0.56897366,49925,0.0437930196944482
0.6,0.3,0.6,0.3,0.5689815,49925,0.04448852999811545
0.4,0.2,0.4,0.2,0.5689815,49925,0.04448852999811546
0.8,0.4,0.8,0.4,0.5689815,49925,0.04448852999811546
0.2,0.1,0.2,0.1,0.5689815,49925,0.04448852999811546
0.9,0.9,0.6,0.4,0.5689847,49925,0.044976821741547726
0.5,0.6,0.9,0.7,0.56900615,49925,0.045463914225946506
0.7,0.2,0.4,0.2,0.56901073,49925,0.04279489011663012
0.9,0.4,0.8,0.4,0.56901145,49925,0.04424048422970024
0.9,0.4,0.6,0.3,0.569026,49925,0.0439858510635033
0.4,0.7,0.7,0.7,0.5690388,49925,0.04553826172615114
0.3,0.7,0.5,0.7,0.5690598,49925,0.04520133568992819
0.6,0.7,0.3,0.2,0.5690602,49925,0.04404285396539197
0.5,0.4,0.8,0.5,0.5690624,49925,0.045134168401710646
0.8,0.3,0.6,0.3,0.569078,49925,0.043789724280320554
0.4,0.6,0.8,0.7,0.56907845,49925,0.045382976689154246
0.7,0.6,0.5,0.3,0.5690893,49925,0.04501646590224004
0.9,0.9,0.8,0.5,0.56909627,49925,0.045370733099343565
0.8,0.9,0.9,0.6,0.5691008,49925,0.04560043795692514
0.3,0.5,0.8,0.8,0.5691081,49925,0.044745162010509126
0.3,0.2,0.6,0.4,0.56911343,49925,0.0444935185512442
0.2,0.8,0.2,0.5,0.5691153,49925,0.04328690452028448
0.5,0.6,0.4,0.3,0.56911886,49925,0.04531510034017301
0.1,0.2,0.6,0.7,0.5691213,49925,0.04165259673638411
0.7,0.3,0.6,0.3,0.5691483,49925,0.04415023722169666
0.4,0.7,0.8,0.8,0.56918025,49925,0.045387661982400074
0.6,0.7,0.6,0.4,0.56918037,49925,0.04550758763041865
0.3,0.1,0.2,0.1,0.56918687,49925,0.04340502282275084
0.9,0.3,0.6,0.3,0.56918687,49925,0.04340502282275085
0.6,0.2,0.4,0.2,0.56918687,49925,0.04340502282275084
0.6,0.9,0.7,0.6,0.5691909,49925,0.04567843914362261
0.5,0.9,0.5,0.5,0.5691916,49925,0.04535209207472018
0.1,0.1,0.4,0.3,0.56919456,49925,0.042876307263618914
0.2,0.2,0.8,0.6,0.56919456,49925,0.042876307263618914
0.8,0.8,0.8,0.5,0.5692223,49925,0.04548678985334664
0.5,0.5,0.3,0.2,0.56922245,49925,0.04472513485088539
0.4,0.4,0.7,0.5,0.5692259,49925,0.0453395674692606
0.2,0.9,0.3,0.9,0.5692383,49925,0.04302482100605754
0.3,0.6,0.5,0.6,0.56924605,49925,0.045467182596936086
0.4,0.4,0.9,0.7,0.5692616,49925,0.04486429028531742
0.7,0.1,0.6,0.3,0.5692702,49925,0.04186646335646189
0.6,0.7,0.4,0.3,0.5693119,49925,0.04501281463659378
0.2,0.8,0.3,0.8,0.56931365,49925,0.04349704994621733
0.7,0.4,0.9,0.5,0.5693321,49925,0.04476091491532313
0.5,0.9,0.6,0.6,0.5693387,49925,0.045545470685617824
0.8,0.5,0.9,0.5,0.56933963,49925,0.04497268005752962
0.6,0.9,0.6,0.5,0.56934035,49925,0.045488384116807015
0.4,0.8,0.3,0.3,0.56934226,49925,0.04452222574473185
0.4,0.4,0.8,0.6,0.56934536,49925,0.045120400774981105
0.2,0.2,0.4,0.3,0.56934536,49925,0.045120400774981105
0.1,0.5,0.2,0.9,0.5693542,49925,0.04155753223506481
0.6,0.9,0.8,0.7,0.5693832,49925,0.04574582192279642
0.9,0.2,0.4,0.2,0.56938404,49925,0.04161436328825354
0.6,0.6,0.3,0.2,0.56938696,49925,0.0442278427593685
0.4,0.1,0.9,0.4,0.56939083,49925,0.0417882364872419
0.9,0.7,0.9,0.5,0.569407,49925,0.04522043596095271
0.3,0.9,0.4,0.7,0.56941,49925,0.04458422816030512
0.4,0.7,0.5,0.5,0.5694223,49925,0.04561997846362675
0.5,0.7,0.7,0.6,0.5694261,49925,0.04576122668914283
0.1,0.1,0.6,0.4,0.56942844,49925,0.04106653797341268
0.2,0.6,0.2,0.4,0.56944,49925,0.044336128234183016
0.1,0.3,0.1,0.2,0.56944,49925,0.044336128234183016
0.3,0.9,0.3,0.6,0.56944,49925,0.04433612823418301
0.1,0.2,0.5,0.6,0.5694442,49925,0.04242482934752981
0.5,0.9,0.4,0.4,0.5694587,49925,0.044956644906099213
0.6,0.5,0.5,0.3,0.5694657,49925,0.0452556812668023
0.2,0.1,0.5,0.3,0.5694689,49925,0.0432525935696503
0.5,0.5,0.7,0.5,0.56947124,49925,0.04561428073369774
0.8,0.6,0.9,0.5,0.56947345,49925,0.04518232018587003
0.5,0.3,0.8,0.5,0.56948906,49925,0.044712932566665246
0.2,0.4,0.5,0.6,0.5695023,49925,0.04481164840916961
0.1,0.2,0.4,0.5,0.56950754,49925,0.04324746131189977
0.4,0.9,0.4,0.5,0.56950873,49925,0.04499423244046418
0.4,0.8,0.2,0.2,0.56951374,49925,0.043317411787561454
0.2,0.4,0.1,0.1,0.56951374,49925,0.043317411787561454
0.9,0.7,0.7,0.4,0.5695326,49925,0.04505992959882512
0.6,0.3,0.4,0.2,0.5695346,49925,0.044181085681975846
0.6,0.4,0.7,0.4,0.569541,49925,0.045057917064948126
0.1,0.7,0.1,0.6,0.56956446,49925,0.040745150869474445
0.5,0.1,0.2,0.1,0.56957054,49925,0.04103583940760392
0.1,0.3,0.3,0.6,0.5695731,49925,0.04340489655824848
0.5,0.3,0.7,0.4,0.56957763,49925,0.04479754734807787
0.9,0.2,0.6,0.3,0.56958216,49925,0.04246714074217843
0.3,0.7,0.6,0.9,0.56958395,49925,0.044964774279424684
0.5,0.2,0.4,0.2,0.5696053,49925,0.04397531276963506
0.7,0.7,0.9,0.6,0.56962126,49925,0.04560937870462533
0.1,0.6,0.1,0.5,0.56962764,49925,0.04144711036381353
0.6,0.7,0.8,0.6,0.5696328,49925,0.04571802242807879
0.1,0.3,0.4,0.9,0.56963646,49925,0.04200695622770225
0.3,0.5,0.5,0.5,0.5696387,49925,0.04561802375368698
0.1,0.5,0.1,0.4,0.56965315,49925,0.04231603998384462
0.8,0.9,0.4,0.3,0.5696557,49925,0.04427961374913584
0.7,0.9,0.9,0.7,0.56967735,49925,0.045728246247408746
0.6,0.7,0.7,0.5,0.56967944,49925,0.045671301166140175
0.6,0.5,0.3,0.2,0.56968886,49925,0.0443151671415423
0.4,0.7,0.3,0.3,0.5697058,49925,0.044887646516957494
0.8,0.9,0.7,0.5,0.5697154,49925,0.04544466942830004
0.8,0.6,0.5,0.3,0.5697227,49925,0.04473345272085164
0.1,0.2,0.3,0.4,0.56973237,49925,0.04416540933256087
0.2,0.4,0.6,0.8,0.56973237,49925,0.04416540933256087
0.4,0.7,0.4,0.4,0.5697476,49925,0.04540561188746831
0.7,0.7,0.6,0.4,0.5697489,49925,0.04540538051413387
0.3,0.7,0.4,0.6,0.56975824,49925,0.045263940020641276
0.5,0.2,0.7,0.4,0.5697616,49925,0.044050815711351075
0.5,0.4,0.3,0.2,0.5697743,49925,0.04481278078972859
0.5,0.7,0.5,0.4,0.5697757,49925,0.04555142005650443
0.7,0.9,0.5,0.4,0.5697825,49925,0.045111519337120196
0.8,0.6,0.7,0.4,0.56978846,49925,0.045174740826270474
0.7,0.9,0.8,0.6,0.5698022,49925,0.04566784069720366
0.3,0.9,0.1,0.2,0.5698042,49925,0.04126412832104437
0.4,0.8,0.6,0.7,0.5698185,49925,0.045514969482152154
0.8,0.7,0.8,0.5,0.56981945,49925,0.04544298123787527
0.3,0.5,0.6,0.6,0.5698371,49925,0.04539292208161589
0.9,0.5,0.6,0.3,0.5698386,49925,0.04433370049530067
0.8,0.8,0.9,0.6,0.56984806,49925,0.045614217782221717
0.6,0.1,0.4,0.2,0.5698565,49925,0.04183502255222243
0.4,0.5,0.4,0.3,0.56986356,49925,0.045588003994777034
0.6,0.9,0.1,0.1,0.5698802,49925,0.04008844887208613
0.8,0.9,0.3,0.2,0.56990224,49925,0.043227099536516364
0.9,0.8,0.6,0.4,0.56992996,49925,0.04503054030655322
0.2,0.3,0.6,0.6,0.5699412,49925,0.044326705205262315
0.7,0.8,0.4,0.3,0.5699863,49925,0.04463458982896107
0.9,0.1,0.1,0.1,0.5699874,49925,0.035766471276651376
0.7,0.8,0.3,0.2,0.5699952,49925,0.04362981543150473
0.4,0.9,0.5,0.7,0.57001686,49925,0.04530644337059122
0.3,0.3,0.9,0.7,0.57001746,49925,0.04396644459276865
0.3,0.8,0.2,0.3,0.57001805,49925,0.04370433597284011
0.9,0.6,0.5,0.3,0.5700237,49925,0.04442017707153419
0.2,0.2,0.5,0.4,0.57002807,49925,0.04457252102524445
0.8,0.4,0.9,0.5,0.5700374,49925,0.04460979673348376
0.5,0.7,0.8,0.7,0.5700504,49925,0.04568574074996914
0.5,0.8,0.7,0.7,0.5700534,49925,0.045750365991452185
0.6,0.1,0.8,0.4,0.570055,49925,0.042207087909950085
0.7,0.2,0.9,0.5,0.57005745,49925,0.043440610881426915
0.8,0.9,0.5,0.4,0.57005996,49925,0.04498853327445094
0.3,0.5,0.4,0.4,0.5700661,49925,0.045703711902832345
0.6,0.5,0.8,0.5,0.5700709,49925,0.04536558328929369
0.7,0.8,0.5,0.4,0.5700742,49925,0.04525708605095755
0.2,0.4,0.7,0.9,0.57008237,49925,0.04370893653330706
0.4,0.3,0.5,0.3,0.57008773,49925,0.04525366039422711
0.2,0.6,0.1,0.2,0.5700895,49925,0.04274339920182625
0.4,0.9,0.6,0.9,0.57008976,49925,0.04528729191001571
0.6,0.2,0.9,0.5,0.57010293,49925,0.043558208168924126
0.5,0.2,0.9,0.5,0.5701036,49925,0.04358265693928089
0.2,0.3,0.8,0.8,0.5701091,49925,0.043259769404122995
0.1,0.2,0.7,0.9,0.5701171,49925,0.04071064867531509
0.3,0.8,0.5,0.9,0.5701396,49925,0.04478900430906079
0.1,0.8,0.1,0.8,0.5701452,49925,0.03999791291677354
0.5,0.5,0.8,0.6,0.570149,49925,0.04550886246124829
0.4,0.8,0.5,0.6,0.57015437,49925,0.045488302878249405
0.2,0.5,0.2,0.3,0.57018745,49925,0.04481471405820212
0.4,0.8,0.7,0.9,0.5701898,49925,0.04539810100369546
0.5,0.8,0.6,0.6,0.5701974,49925,0.045734886201533126
0.6,0.6,0.6,0.4,0.5702029,49925,0.04556756400182093
0.9,0.9,0.9,0.6,0.5702029,49925,0.04556756400182093
0.3,0.3,0.3,0.2,0.5702029,49925,0.04556756400182093
0.9,0.1,0.4,0.2,0.57020605,49925,0.0400058790240608
0.9,0.8,0.8,0.5,0.57021666,49925,0.045399586581059366
0.5,0.7,0.6,0.5,0.57022744,49925,0.045731615022091346
0.2,0.3,0.5,0.5,0.5702296,49925,0.0448807653492037
0.7,0.1,0.4,0.2,0.5702311,49925,0.041205779212991435
0.5,0.7,0.9,0.8,0.57024866,49925,0.04555672530245917
0.2,0.4,0.4,0.5,0.5702494,49925,0.045227474202696454
0.9,0.9,0.7,0.5,0.57025164,49925,0.04535554954748363
0.4,0.8,0.4,0.5,0.5702519,49925,0.04533392509023742
0.2,0.8,0.1,0.3,0.57025313,49925,0.04190890993071752
0.3,0.5,0.3,0.3,0.57025486,49925,0.04550594592789441
0.3,0.1,0.9,0.4,0.5702691,49925,0.04151439319490886
0.7,0.3,0.4,0.2,0.57027006,49925,0.04365518209994223
0.9,0.3,0.4,0.2,0.570271,49925,0.04254013895024378
0.6,0.6,0.4,0.3,0.5702715,49925,0.045136588528069926
0.8,0.7,0.6,0.4,0.5702835,49925,0.045245034547430646
0.5,0.5,0.6,0.4,0.5702953,49925,0.04562065388500663
0.8,0.1,0.6,0.3,0.5702973,49925,0.0414617131947605
0.2,0.4,0.3,0.4,0.5702994,49925,0.045528678904276705
0.4,0.8,0.6,0.8,0.5702994,49925,0.045528678904276705
0.2,0.2,0.9,0.7,0.5703071,49925,0.04234960060764528
0.1,0.3,0.3,0.7,0.57031673,49925,0.042935555622246484
0.3,0.7,0.3,0.4,0.57033074,49925,0.0449424988771446
0.2,0.7,0.2,0.5,0.57033247,49925,0.043811752583324544
0.6,0.6,0.8,0.6,0.5703448,49925,0.04569304075424956
0.3,0.3,0.4,0.3,0.5703448,49925,0.04569304075424956
0.3,0.6,0.4,0.5,0.57035655,49925,0.04553519521345482
0.3,0.8,0.4,0.7,0.57035804,49925,0.044898655440139615
0.7,0.6,0.8,0.5,0.5703688,49925,0.045458362105175266
0.5,0.3,0.9,0.6,0.57039756,49925,0.04457436040746863
0.7,0.7,0.3,0.2,0.5703976,49925,0.04377137878983663
0.9,0.6,0.9,0.5,0.5704111,49925,0.04505314006681923
0.7,0.9,0.6,0.5,0.5704123,49925,0.04548700622841279
0.4,0.5,0.6,0.5,0.57042164,49925,0.04572794044242141
0.3,0.6,0.7,0.9,0.57042336,49925,0.04491715668981525
0.7,0.8,0.8,0.6,0.5704336,49925,0.04572925673707962
0.5,0.1,0.8,0.4,0.57046443,49925,0.0423136035495742
0.2,0.7,0.3,0.7,0.5704675,49925,0.043991232514699684
0.7,0.6,0.9,0.6,0.5704686,49925,0.04548160806430487
0.2,0.6,0.3,0.6,0.5704754,49925,0.04451007992793062
0.6,0.8,0.8,0.7,0.57048464,49925,0.04582668684190226
0.5,0.8,0.1,0.1,0.5704959,49925,0.04061458809547924
0.8,0.3,0.9,0.5,0.5704976,49925,0.0440614481352449
0.5,0.4,0.5,0.3,0.5705002,49925,0.045346614872957144
0.4,0.6,0.9,0.9,0.57050115,49925,0.04516314530048009
0.3,0.9,0.2,0.4,0.57050765,49925,0.0435946386218863
0.8,0.3,0.4,0.2,0.5705099,49925,0.0430900337375791
0.4,0.3,0.8,0.6,0.57051176,49925,0.04475257753617444
0.1,0.4,0.1,0.3,0.5705139,49925,0.04328082373191864
0.2,0.8,0.2,0.6,0.5705139,49925,0.04328082373191864
0.3,0.5,0.8,0.9,0.5705193,49925,0.04465970576885538
0.7,0.6,0.3,0.2,0.57052034,49925,0.043869414034595364
0.4,0.5,0.9,0.8,0.57053286,49925,0.04508089438782754
0.8,0.8,0.4,0.3,0.57053334,49925,0.04439520550466821
0.2,0.5,0.3,0.5,0.5705527,49925,0.04504298882207553
0.7,0.8,0.9,0.7,0.5705528,49925,0.04575264692504181
0.7,0.8,0.7,0.5,0.57055634,49925,0.04560711253695358
0.4,0.5,0.8,0.7,0.5705594,49925,0.045353565659027144
0.6,0.6,0.9,0.7,0.57055956,49925,0.045613849734288905
0.2,0.9,0.2,0.7,0.57056344,49925,0.04278079937267544
0.7,0.5,0.5,0.3,0.5705647,49925,0.04496489743949932
0.6,0.5,0.9,0.6,0.5705883,49925,0.045326318026123046
0.5,0.9,0.8,0.9,0.5705999,49925,0.04560245345794491
0.7,0.7,0.4,0.3,0.57060784,49925,0.044763546408561304
0.9,0.5,0.7,0.4,0.5706387,49925,0.044715896147758394
0.6,0.8,0.6,0.5,0.5706464,49925,0.04566518783077295
0.8,0.2,0.9,0.5,0.5706475,49925,0.043239748686396434
0.7,0.9,0.9,0.8,0.5706478,49925,0.04586400912922014
0.8,0.1,0.8,0.4,0.5706588,49925,0.041745712896128676
0.6,0.8,0.9,0.8,0.57066077,49925,0.04575707738077338
0.9,0.5,0.9,0.5,0.5706627,49925,0.04482873829429243
0.4,0.7,0.8,0.9,0.570675,49925,0.04536346767460027
0.9,0.4,0.9,0.5,0.5706799,49925,0.04440912380064183
0.3,0.1,0.8,0.4,0.5706858,49925,0.04208348364914236
0.5,0.8,0.9,0.9,0.5706893,49925,0.04556124378118446
0.5,0.9,0.6,0.7,0.5706944,49925,0.04565095148059764
0.6,0.3,0.7,0.4,0.57069755,49925,0.04464945012304667
0.2,0.3,0.9,0.9,0.5707045,49925,0.042781932060040856
0.7,0.5,0.7,0.4,0.57071877,49925,0.04517345353627321
0.4,0.5,0.5,0.4,0.5707317,49925,0.04576727405304191
0.7,0.4,0.7,0.4,0.5707326,49925,0.0449002472530172
0.5,0.9,0.2,0.2,0.5707475,49925,0.04291587389465273
0.5,0.8,0.8,0.8,0.57076544,49925,0.04568709697115047
0.2,0.5,0.4,0.7,0.5707665,49925,0.04470548736836375
0.4,0.1,0.8,0.4,0.57080966,49925,0.042292582087831536
0.5,0.6,0.7,0.6,0.5708238,49925,0.04579157401135818
0.4,0.5,0.7,0.6,0.5708308,49925,0.045569787570382436
0.5,0.8,0.4,0.4,0.570832,49925,0.045226861186566006
0.9,0.6,0.7,0.4,0.57084304,49925,0.04496970111884453
0.6,0.2,0.7,0.4,0.57084626,49925,0.04385569886859645
0.8,0.9,0.9,0.7,0.5708501,49925,0.045788240654735454
0.9,0.9,0.4,0.3,0.57086176,49925,0.044048422190305574
0.3,0.7,0.5,0.8,0.5708682,49925,0.04513051492348963
0.4,0.7,0.1,0.1,0.5708693,49925,0.04119309834275836
0.7,0.9,0.1,0.1,0.5708802,49925,0.0399210209956667
0.9,0.9,0.1,0.1,0.570885,49925,0.03939420586867334
0.5,0.8,0.5,0.5,0.57088816,49925,0.04557132342707964
0.9,0.1,0.6,0.3,0.5709097,49925,0.041045339271845185
0.1,0.4,0.2,0.6,0.57091624,49925,0.0429994227849857
0.6,0.4,0.3,0.2,0.5709247,49925,0.04432669092049408
0.4,0.3,0.3,0.2,0.57092977,49925,0.045205151258479584
0.8,0.6,0.6,0.4,0.57092977,49925,0.045205151258479584
0.8,0.4,0.3,0.2,0.57093924,49925,0.04322867339568852
0.6,0.9,0.8,0.8,0.57093984,49925,0.04581071461858557
0.5,0.9,0.7,0.8,0.5709616,49925,0.04566796860779883
0.8,0.7,0.3,0.2,0.5709628,49925,0.043449608439083826
0.3,0.8,0.3,0.5,0.5709677,49925,0.04467408918462439
0.6,0.3,0.8,0.5,0.57097137,49925,0.044653943198601824
0.9,0.7,0.8,0.5,0.570977,49925,0.0453234895330077
0.2,0.5,0.5,0.9,0.57098496,49925,0.044179545388616216
0.7,0.1,0.8,0.4,0.57098514,49925,0.04199467915643818
0.1,0.7,0.1,0.7,0.57099026,49925,0.04058559876469646
0.1,0.2,0.6,0.8,0.57099277,49925,0.04136081725344779
0.2,0.6,0.4,0.9,0.5709992,49925,0.04406032081287733
0.8,0.5,0.5,0.3,0.57101053,49925,0.04462819912789217
0.9,0.3,0.9,0.5,0.5710171,49925,0.04383928466258343
0.3,0.5,0.1,0.1,0.5710175,49925,0.04248207892432874
0.5,0.9,0.3,0.3,0.57102054,49925,0.04425036116352355
0.2,0.8,0.3,0.9,0.5710218,49925,0.043345783774567596
0.3,0.2,0.9,0.6,0.57103986,49925,0.043265505276024574
0.7,0.6,0.4,0.3,0.5710488,49925,0.044843705495260275
0.9,0.1,0.8,0.4,0.57105327,49925,0.041446792406381466
0.9,0.5,0.5,0.3,0.57107395,49925,0.044259760181939
0.8,0.1,0.4,0.2,0.57109296,49925,0.04059469409622983
0.8,0.9,0.1,0.1,0.5711137,49925,0.039658775936248045
0.9,0.9,0.3,0.2,0.5711179,49925,0.0429591499498285
0.7,0.4,0.3,0.2,0.5711216,49925,0.043771588588415636
0.2,0.9,0.1,0.4,0.57112324,49925,0.041667769502868525
0.6,0.9,0.7,0.7,0.57113785,49925,0.045799283744013576
0.5,0.6,0.5,0.4,0.5711418,49925,0.04570731034185836
0.3,0.5,0.2,0.2,0.57114553,49925,0.04474928370770914
0.9,0.7,0.6,0.4,0.5711524,49925,0.04502428111993621
0.2,0.4,0.5,0.7,0.5711541,49925,0.04463804535981989
0.1,0.8,0.1,0.9,0.5711564,49925,0.03983223694081044
0.8,0.7,0.9,0.6,0.571157,49925,0.045548136382114246
0.9,0.2,0.9,0.5,0.57116157,49925,0.04300480457928785
0.6,0.7,0.5,0.4,0.5711626,49925,0.04549873656186143
0.6,0.9,0.9,0.9,0.57116616,49925,0.04577141895464705
0.4,0.6,0.6,0.6,0.57116616,49925,0.04577141895464705
0.2,0.3,0.3,0.3,0.57116616,49925,0.04577141895464705
0.6,0.8,0.1,0.1,0.5711766,49925,0.04041184426005025
0.4,0.9,0.3,0.4,0.5711858,49925,0.04450301716938145
0.4,0.2,0.8,0.5,0.57118785,49925,0.04390870873971529
0.8,0.8,0.3,0.2,0.57118905,49925,0.04335201991440879
0.3,0.7,0.4,0.7,0.57120836,49925,0.04519136924478618
0.8,0.7,0.4,0.3,0.571233,49925,0.04448653073138577
0.8,0.9,0.6,0.5,0.5712367,49925,0.045402666730905886
0.8,0.8,0.5,0.4,0.5712392,49925,0.04508041007996084
0.8,0.6,0.3,0.2,0.5712448,49925,0.04349126561911322
0.7,0.7,0.9,0.7,0.5712637,49925,0.04574824337778483
0.4,0.3,0.7,0.5,0.57126606,49925,0.04504177309251751
0.3,0.4,0.9,0.9,0.57127917,49925,0.044218925758979045
0.7,0.5,0.3,0.2,0.57128304,49925,0.043892696278980306
0.4,0.2,0.5,0.3,0.5712984,49925,0.04466000657352794
0.7,0.2,0.7,0.4,0.57130194,49925,0.04358200426377611
0.1,0.2,0.5,0.7,0.5713077,49925,0.04209128969520879
0.9,0.8,0.9,0.6,0.5713118,49925,0.04553335725654214
0.5,0.6,0.9,0.8,0.5713161,49925,0.045536262460232214
0.4,0.3,0.9,0.7,0.57133514,49925,0.04446584239269655
0.6,0.6,0.7,0.5,0.5713427,49925,0.045702832236255535
0.5,0.5,0.9,0.7,0.5713511,49925,0.0453435511396398
0.9,0.9,0.5,0.4,0.57135564,49925,0.04479052665200809
0.7,0.3,0.7,0.4,0.57136214,49925,0.04438008929341764
0.3,0.9,0.4,0.8,0.5713799,49925,0.044548050924172244
0.4,0.7,0.5,0.6,0.5713949,49925,0.04572591198853274
0.7,0.6,0.6,0.4,0.5714015,49925,0.04543205915861572
0.8,0.5,0.7,0.4,0.57140404,49925,0.04496655969526194
0.4,0.3,0.6,0.4,0.57140553,49925,0.045211929622697114
0.9,0.6,0.6,0.4,0.57140553,49925,0.04495644288174675
0.4,0.9,0.5,0.8,0.5714138,49925,0.04532059939787145
0.7,0.5,0.8,0.5,0.57143134,49925,0.0452673814216223
0.9,0.8,0.4,0.3,0.57143974,49925,0.04412944519455424
0.8,0.1,0.1,0.1,0.57144684,49925,0.03663295920712096
0.9,0.8,0.7,0.5,0.5714653,49925,0.04537926143891134
0.4,0.7,0.6,0.7,0.5714678,49925,0.045684421654985694
0.5,0.3,0.5,0.3,0.5714728,49925,0.04502593859616627
0.6,0.8,0.7,0.6,0.5714758,49925,0.04577675547610677
0.4,0.6,0.4,0.4,0.5714787,49925,0.04568410091006625
0.6,0.9,0.6,0.6,0.5714787,49925,0.04568410091006624
0.2,0.3,0.2,0.2,0.5714787,49925,0.04568410091006625
0.5,0.7,0.1,0.1,0.5714894,49925,0.04100007457234017
0.5,0.6,0.6,0.5,0.5714908,49925,0.04583535649123762
0.9,0.8,0.3,0.2,0.5714909,49925,0.04306714050169271
0.9,0.7,0.3,0.2,0.5714909,49925,0.043112276951258
0.7,0.7,0.7,0.5,0.5715134,49925,0.04565921543003175
0.4,0.7,0.7,0.8,0.57151574,49925,0.04554660241783344
0.4,0.6,0.7,0.7,0.5715334,49925,0.04561623256265325
0.4,0.6,0.5,0.5,0.5715464,49925,0.04581641317648446
0.2,0.1,0.9,0.4,0.5715682,49925,0.04073475916727555
0.8,0.9,0.8,0.6,0.57157,49925,0.045660812109353924
0.4,0.6,0.8,0.8,0.5715741,49925,0.04539919977517328
0.2,0.3,0.4,0.4,0.5715741,49925,0.04539919977517328
0.9,0.4,0.3,0.2,0.5715887,49925,0.0426954671912005
0.2,0.9,0.2,0.8,0.57159036,49925,0.04269234903464968
0.3,0.3,0.6,0.5,0.5716316,49925,0.04518445900544894
0.8,0.4,0.7,0.4,0.57163185,49925,0.04464741028405449
0.3,0.6,0.6,0.8,0.5716404,49925,0.04519285227435953
0.5,0.3,0.3,0.2,0.57164645,49925,0.04466582383627138
0.8,0.8,0.7,0.5,0.57164747,49925,0.045497371353649896
0.9,0.4,0.7,0.4,0.57165056,49925,0.04435988551395548
0.6,0.4,0.9,0.6,0.571652,49925,0.045053602602961346
0.9,0.3,0.7,0.4,0.5716534,49925,0.04379342157824326
0.7,0.9,0.7,0.6,0.57165754,49925,0.0457322970557337
0.8,0.5,0.3,0.2,0.5716688,49925,0.04342289775445629
0.3,0.7,0.5,0.9,0.57167387,49925,0.04500500292969222
0.9,0.2,0.1,0.1,0.5716783,49925,0.037713959688257935
0.6,0.7,0.8,0.7,0.5716792,49925,0.045835661621247525
0.6,0.4,0.8,0.5,0.57168025,49925,0.04512870224980019
0.5,0.9,0.5,0.6,0.57168394,49925,0.045523117916362
0.4,0.9,0.2,0.3,0.57168484,49925,0.043544779826099216
0.5,0.4,0.6,0.4,0.57169515,49925,0.04546110807362164
0.6,0.9,0.2,0.2,0.57171386,49925,0.04282274559662551
0.4,0.8,0.5,0.7,0.57172465,49925,0.04554548617044189
0.3,0.8,0.1,0.2,0.5717257,49925,0.0418635294713816
0.5,0.8,0.2,0.2,0.5717573,49925,0.04330003261796107
0.4,0.6,0.3,0.3,0.57176137,49925,0.045234318445580846
0.5,0.7,0.7,0.7,0.57176375,49925,0.04584357293629739
0.3,0.3,0.5,0.4,0.5717659,49925,0.04549051241795876
0.8,0.3,0.7,0.4,0.5717729,49925,0.04409077253524819
0.2,0.4,0.6,0.9,0.5717755,49925,0.043967794191875756
0.4,0.9,0.4,0.6,0.571778,49925,0.04512840703665815
0.5,0.4,0.9,0.7,0.57177895,49925,0.04510478908208994
0.4,0.8,0.6,0.9,0.5717888,49925,0.04545818032789938
0.9,0.5,0.3,0.2,0.57180375,49925,0.04295589665649907
0.9,0.6,0.3,0.2,0.571826,49925,0.043072489056440365
0.3,0.6,0.3,0.4,0.5718303,49925,0.04538261596295716
0.9,0.3,0.5,0.3,0.57183576,49925,0.043399592077490286
0.6,0.4,0.5,0.3,0.57183874,49925,0.04508302951712177
0.3,0.6,0.5,0.7,0.57185507,49925,0.04541068399601641
0.5,0.5,0.4,0.3,0.5718584,49925,0.0454552368387694
0.6,0.9,0.5,0.5,0.5718626,49925,0.045410606646727275
0.3,0.6,0.4,0.6,0.5718661,49925,0.04554731793431254
0.3,0.8,0.3,0.6,0.5718772,49925,0.04473765864540851
0.7,0.7,0.5,0.4,0.5718776,49925,0.04535877145322119
0.3,0.5,0.7,0.8,0.57188046,49925,0.0450360299593585
0.9,0.8,0.5,0.4,0.5718839,49925,0.04485672271257656
0.4,0.4,0.5,0.4,0.57189053,49925,0.04578577248518724
0.5,0.6,0.8,0.7,0.57189834,49925,0.045677450194015826
0.7,0.8,0.6,0.5,0.571902,49925,0.04561936385556289
0.1,0.4,0.2,0.7,0.5719202,49925,0.04257339446186369
0.6,0.3,0.5,0.3,0.5719242,49925,0.04469540916434396
0.6,0.7,0.9,0.8,0.57193303,49925,0.04575681745617574
0.2,0.2,0.6,0.5,0.57194304,49925,0.04397873150767121
0.5,0.7,0.5,0.5,0.5719464,49925,0.045780921896870684
0.5,0.9,0.6,0.8,0.5719549,49925,0.045709269281510694
0.8,0.6,0.8,0.5,0.57196355,49925,0.0453395610716969
0.7,0.8,0.9,0.8,0.571979,49925,0.045855155482472036
0.1,0.6,0.1,0.6,0.5719905,49925,0.0412613496572695
0.5,0.7,0.8,0.8,0.5719926,49925,0.04573479321512682
0.4,0.6,0.1,0.1,0.57200414,49925,0.041692040147980294
0.2,0.5,0.4,0.8,0.5720355,49925,0.04447491979138946
0.7,0.9,0.8,0.7,0.57204705,49925,0.045815331252281016
0.6,0.5,0.6,0.4,0.5720476,49925,0.04549425814368115
0.3,0.2,0.7,0.5,0.5720531,49925,0.04414232317911658
0.8,0.2,0.7,0.4,0.57207376,49925,0.043276141807179196
0.8,0.6,0.4,0.3,0.5720831,49925,0.044514734524205374
0.2,0.1,0.3,0.2,0.57208353,49925,0.04458894464497433
0.4,0.2,0.6,0.4,0.57208353,49925,0.04458894464497433
0.6,0.3,0.9,0.6,0.57208353,49925,0.04458894464497433
0.4,0.7,0.2,0.2,0.57209027,49925,0.04376509200005681
0.7,0.5,0.4,0.3,0.572135,49925,0.04484499572250764
0.9,0.3,0.3,0.2,0.57213736,49925,0.04217821552054197
0.3,0.4,0.8,0.8,0.57215023,49925,0.04462937350333731
0.9,0.8,0.1,0.1,0.57215273,49925,0.03949270504390275
0.2,0.8,0.2,0.7,0.5721595,49925,0.043205712286575756
0.1,0.3,0.3,0.8,0.5721672,49925,0.04246658336108921
0.8,0.5,0.8,0.5,0.57217455,49925,0.04513331550471416
0.7,0.7,0.8,0.6,0.5721786,49925,0.04575230867508393
0.5,0.2,0.5,0.3,0.572182,49925,0.04434362144262108
0.7,0.8,0.1,0.1,0.5722068,49925,0.040131108473101945
0.9,0.7,0.4,0.3,0.5722103,49925,0.044174210929043514
0.5,0.4,0.7,0.5,0.57221484,49925,0.04542688455378843
0.8,0.8,0.1,0.1,0.57221586,49925,0.0398069088317315
0.6,0.9,0.4,0.4,0.57222414,49925,0.0449756894170124
0.4,0.7,0.4,0.5,0.57223094,49925,0.04560615239204452
0.6,0.8,0.9,0.9,0.5722347,49925,0.04581746353917418
0.3,0.7,0.2,0.3,0.5722367,49925,0.0442426122388171
0.2,0.7,0.3,0.8,0.5722502,49925,0.0438222113537035
0.5,0.8,0.6,0.7,0.57227093,49925,0.04581381029149402
0.9,0.2,0.7,0.4,0.572276,49925,0.04295322359297943
0.3,0.9,0.4,0.9,0.57228214,49925,0.044447771722047724
0.6,0.7,0.6,0.5,0.57228255,49925,0.045754012854458216
0.8,0.3,0.5,0.3,0.57229155,49925,0.04385960890725874
0.9,0.9,0.6,0.5,0.5722994,49925,0.04528622255791393
0.7,0.4,0.5,0.3,0.57230026,49925,0.04474024574425744
0.1,0.1,0.5,0.4,0.5723215,49925,0.041883765268891704
0.5,0.9,0.7,0.9,0.5723265,49925,0.045688563113145716
0.5,0.7,0.4,0.4,0.5723282,49925,0.04546538087846215
0.6,0.7,0.7,0.6,0.5723298,49925,0.045864893372625476
0.4,0.2,0.9,0.6,0.5723308,49925,0.04368700180246239
0.5,0.7,0.9,0.9,0.57233214,49925,0.045592527177281066
0.8,0.2,0.1,0.1,0.57233876,49925,0.03851996085365645
0.6,0.5,0.9,0.7,0.5723409,49925,0.0454778090376098
0.6,0.5,0.4,0.3,0.57234496,49925,0.04519895113427138
0.3,0.9,0.3,0.7,0.57235104,49925,0.04433547783547744
0.8,0.8,0.8,0.6,0.57235175,49925,0.045719959722794024
0.4,0.4,0.4,0.3,0.57235175,49925,0.045719959722794024
0.1,0.2,0.2,0.3,0.5723616,49925,0.045074176845361455
0.3,0.6,0.6,0.9,0.5723616,49925,0.045074176845361455
0.2,0.4,0.4,0.6,0.5723616,49925,0.045074176845361455
0.7,0.2,0.5,0.3,0.57237685,49925,0.04347627214251824
0.5,0.7,0.6,0.6,0.57237744,49925,0.04587249840850858
0.6,0.7,0.1,0.1,0.5723786,49925,0.04070064108439186
0.9,0.7,0.7,0.5,0.5723851,49925,0.04535602461959763
0.3,0.1,0.7,0.4,0.57239187,49925,0.04266324490743285
0.5,0.4,0.8,0.6,0.57239616,49925,0.04531166045622258
0.4,0.4,0.6,0.5,0.5724174,49925,0.04565752643936345
0.4,0.4,0.7,0.6,0.5724186,49925,0.045455371468699275
0.9,0.4,0.1,0.1,0.57244223,49925,0.039177398382499215
0.7,0.5,0.9,0.6,0.5724524,49925,0.0453070229731715
0.4,0.7,0.7,0.9,0.5724532,49925,0.04550108098432747
0.3,0.3,0.7,0.6,0.57245916,49925,0.04478144146050257
0.1,0.7,0.1,0.8,0.57245964,49925,0.040386279095461615
0.3,0.5,0.6,0.7,0.5724656,49925,0.045352811456963495
0.3,0.4,0.7,0.7,0.5724679,49925,0.04500112196759942
0.8,0.5,0.4,0.3,0.57246953,49925,0.04446399375661338
0.3,0.3,0.8,0.7,0.5724758,49925,0.0443536054372168
0.6,0.4,0.4,0.3,0.5724855,49925,0.04510246077380949
0.1,0.2,0.4,0.6,0.5724925,49925,0.04291387687199148
0.6,0.8,0.5,0.5,0.5724953,49925,0.04561218827510679
0.7,0.3,0.5,0.3,0.572513,49925,0.04428921725990722
0.6,0.8,0.6,0.6,0.5725329,49925,0.04583994850691913
0.3,0.4,0.3,0.3,0.5725329,49925,0.04583994850691913
0.9,0.7,0.9,0.6,0.572545,49925,0.04544091807093447
0.5,0.8,0.5,0.6,0.5725554,49925,0.04572850934138922
0.3,0.8,0.4,0.8,0.57256037,49925,0.04482395589401783
0.8,0.4,0.5,0.3,0.57256395,49925,0.04431830110235645
0.5,0.2,0.8,0.5,0.57256466,49925,0.043964043413152
0.7,0.8,0.8,0.7,0.5725677,49925,0.045883760316701855
0.9,0.9,0.8,0.6,0.57256997,49925,0.04559114442376454
0.5,0.6,0.1,0.1,0.5725753,49925,0.041368238972301026
0.9,0.6,0.1,0.1,0.57257825,49925,0.03957483296034421
0.8,0.7,0.7,0.5,0.57257897,49925,0.04553473236296565
0.6,0.8,0.7,0.7,0.5725938,49925,0.045913913948864044
0.6,0.2,0.5,0.3,0.5726071,49925,0.043908133523249473
0.7,0.9,0.6,0.6,0.57261455,49925,0.04571305496555566
0.4,0.8,0.5,0.8,0.572635,49925,0.045527561325147826
0.2,0.7,0.1,0.3,0.5726376,49925,0.04261267905327787
0.5,0.8,0.8,0.9,0.57264227,49925,0.04570416194175083
0.9,0.4,0.5,0.3,0.5726515,49925,0.043938896788129886
0.4,0.9,0.5,0.9,0.5726676,49925,0.045262718800131434
0.7,0.9,0.2,0.2,0.57266885,49925,0.04261811184297553
0.3,0.4,0.4,0.4,0.57267386,49925,0.04587543136193898
0.1,0.2,0.6,0.9,0.57267386,49925,0.04103039827663931
0.6,0.8,0.8,0.8,0.57267386,49925,0.04587543136193898
0.4,0.4,0.8,0.7,0.57267874,49925,0.045191971644596866
0.6,0.5,0.7,0.5,0.57267946,49925,0.04559225946623068
0.8,0.7,0.5,0.4,0.5726853,49925,0.045148464662887196
0.1,0.1,0.9,0.5,0.57269794,49925,0.03903198503090517
0.2,0.1,0.8,0.4,0.57270926,49925,0.04138310392895312
0.2,0.3,0.8,0.9,0.5727122,49925,0.04313139895908771
0.9,0.4,0.8,0.5,0.572713,49925,0.044575092890232926
0.3,0.8,0.2,0.4,0.57271516,49925,0.04409412449340404
0.3,0.5,0.5,0.6,0.57272136,49925,0.04561034661083223
0.7,0.3,0.8,0.5,0.57272243,49925,0.04449912161422798
0.8,0.6,0.9,0.6,0.5727234,49925,0.045399574511595514
0.8,0.4,0.8,0.5,0.572748,49925,0.04479848515623856
0.9,0.3,0.1,0.1,0.57275116,49925,0.038675342810394454
0.9,0.2,0.5,0.3,0.57276446,49925,0.042507032476160944
0.6,0.9,0.6,0.7,0.5727651,49925,0.04581692685539033
0.5,0.7,0.3,0.3,0.57278526,49925,0.0448846866860941
0.7,0.1,0.1,0.1,0.5727905,49925,0.03759134572807818
0.5,0.8,0.3,0.3,0.5727956,49925,0.0445685163154205
0.3,0.4,0.6,0.6,0.57279646,49925,0.04536668967489378
0.9,0.6,0.4,0.3,0.5728006,49925,0.04415781860574701
0.5,0.8,0.7,0.8,0.57280207,49925,0.045808100576188525
0.4,0.6,0.2,0.2,0.5728166,49925,0.044212061174364166
0.6,0.9,0.3,0.3,0.5728166,49925,0.044212061174364166
0.2,0.3,0.1,0.1,0.5728166,49925,0.044212061174364166
0.7,0.5,0.6,0.4,0.5728167,49925,0.0453132210062736
0.8,0.6,0.5,0.4,0.5728227,49925,0.04515553690034398
0.9,0.6,0.8,0.5,0.57282466,49925,0.04515718279011073
0.2,0.5,0.2,0.4,0.5728313,49925,0.04492055332122937
0.3,0.5,0.4,0.5,0.57283366,49925,0.045802120581578315
0.7,0.7,0.1,0.1,0.57283986,49925,0.04032435285004882
0.2,0.3,0.6,0.7,0.57284474,49925,0.04418873548338977
0.7,0.3,0.3,0.2,0.57284623,49925,0.04339506411542369
0.5,0.5,0.6,0.5,0.5728491,49925,0.045828039725032674
0.9,0.5,0.8,0.5,0.572853,49925,0.04494910875155059
0.3,0.7,0.3,0.5,0.5728562,49925,0.045085896614624164
0.8,0.9,0.7,0.6,0.57286406,49925,0.0456845338810947
0.2,0.2,0.7,0.6,0.57287264,49925,0.043366226988649136
0.5,0.5,0.7,0.6,0.57287985,49925,0.045748481749040476
0.9,0.5,0.4,0.3,0.5728859,49925,0.04403481517589189
0.6,0.9,0.7,0.8,0.5728866,49925,0.045881603183636675
0.9,0.7,0.1,0.1,0.5728882,49925,0.039580319468061724
0.8,0.3,0.3,0.2,0.57290506,49925,0.04277624067511317
0.7,0.9,0.8,0.8,0.5729314,49925,0.04593525003785175
0.9,0.7,0.5,0.4,0.5729345,49925,0.04488923572420921
0.4,0.5,0.1,0.1,0.5729647,49925,0.042172255840450916
0.1,0.5,0.1,0.5,0.5729665,49925,0.04210235578475836
0.6,0.3,0.3,0.2,0.57296807,49925,0.04404646069416575
0.6,0.9,0.8,0.9,0.5729736,49925,0.045867664190126
0.3,0.5,0.3,0.4,0.57298607,49925,0.04572875693223188
0.2,0.6,0.3,0.7,0.57299095,49925,0.04434743699778942
0.9,0.2,0.3,0.2,0.5729964,49925,0.04126364125532792
0.1,0.1,0.8,0.5,0.5730013,49925,0.03967317500227381
0.3,0.4,0.5,0.5,0.5730121,49925,0.045691788485743894
0.7,0.4,0.8,0.5,0.57302016,49925,0.044986098314738494
0.9,0.9,0.9,0.7,0.5730378,49925,0.04575700239562822
0.3,0.4,0.8,0.9,0.5730492,49925,0.04452686537495311
0.2,0.9,0.2,0.9,0.57305807,49925,0.04257307550516302
0.7,0.9,0.7,0.7,0.5730705,49925,0.045881458460226246
0.7,0.6,0.7,0.5,0.57307625,49925,0.04561308509861566
0.1,0.4,0.2,0.8,0.5730767,49925,0.042123871865742846
0.1,0.3,0.2,0.5,0.5730867,49925,0.0438091957151189
0.8,0.8,0.9,0.7,0.5730919,49925,0.04578371717253095
0.8,0.2,0.5,0.3,0.5731027,49925,0.04300273970746576
0.3,0.6,0.5,0.8,0.5731033,49925,0.04530971720060747
0.7,0.6,0.8,0.6,0.5731091,49925,0.04566193213612694
0.6,0.2,0.8,0.5,0.57311034,49925,0.04387988000547008
0.4,0.5,0.6,0.6,0.57311124,49925,0.045825957059526246
0.2,0.2,0.8,0.7,0.57311344,49925,0.04280921439548807
0.2,0.3,0.5,0.6,0.57311946,49925,0.044745709137057
0.4,0.5,0.5,0.5,0.5731237,49925,0.04592528551649498
0.1,0.7,0.1,0.9,0.57312405,49925,0.04013433432336308
0.6,0.6,0.7,0.6,0.5731461,49925,0.0458569247644779
0.4,0.8,0.3,0.4,0.5731585,49925,0.04489850484485402
0.4,0.1,0.5,0.3,0.57315934,49925,0.043326387405714255
0.2,0.1,0.7,0.4,0.5731648,49925,0.04204495295405197
0.9,0.5,0.1,0.1,0.573172,49925,0.03946859820650113
0.7,0.9,0.9,0.9,0.5731845,49925,0.04591065777556622
0.7,0.4,0.9,0.6,0.5731892,49925,0.04499089088663974
0.8,0.9,0.9,0.8,0.573197,49925,0.045886153104157265
0.9,0.8,0.8,0.6,0.5732113,49925,0.04560494524447883
0.7,0.8,0.7,0.6,0.573224,49925,0.045803265656250904
0.5,0.4,0.4,0.3,0.5732304,49925,0.04545805496199324
0.2,0.4,0.5,0.8,0.57323045,49925,0.04444183165136864
0.8,0.3,0.8,0.5,0.5732435,49925,0.04427780262241702
0.5,0.5,0.9,0.8,0.57325566,49925,0.045419534763947805
0.4,0.5,0.4,0.4,0.5732575,49925,0.0458962261034739
0.8,0.5,0.6,0.4,0.57329005,49925,0.04504429300234694
0.8,0.8,0.6,0.5,0.57329565,49925,0.045494186877134635
0.9,0.6,0.5,0.4,0.5733003,49925,0.04484496766647049
0.4,0.6,0.4,0.5,0.57330805,49925,0.04586185271120705
0.4,0.5,0.9,0.9,0.57331634,49925,0.04505017344062868
0.2,0.3,0.7,0.8,0.573323,49925,0.04364854414205088
0.4,0.6,0.8,0.9,0.57334006,49925,0.04536900653628225
0.6,0.5,0.8,0.6,0.57334054,49925,0.045555964510780415
0.3,0.9,0.2,0.5,0.573344,49925,0.043823937942936146
0.5,0.9,0.4,0.5,0.5733561,49925,0.0452342407248386
0.3,0.1,0.5,0.3,0.5733562,49925,0.043487243486248994
0.4,0.2,0.3,0.2,0.57336205,49925,0.04476173643466906
0.8,0.4,0.6,0.4,0.57336205,49925,0.04476173643466906
0.2,0.4,0.2,0.3,0.57336813,49925,0.04542146102097583
0.4,0.8,0.4,0.6,0.57336813,49925,0.04542146102097583
0.2,0.5,0.3,0.6,0.5733847,49925,0.04488559642379038
0.2,0.4,0.3,0.5,0.5733848,49925,0.04540066392299151
0.4,0.7,0.5,0.7,0.57339966,49925,0.045754441794452635
0.6,0.4,0.6,0.4,0.5734021,49925,0.04530106231245765
0.3,0.2,0.3,0.2,0.5734021,49925,0.04530106231245765
0.9,0.6,0.9,0.6,0.5734021,49925,0.04530106231245765
0.8,0.2,0.3,0.2,0.5734052,49925,0.04193119471130703
0.7,0.7,0.9,0.8,0.57340914,49925,0.04583967083482216
0.4,0.7,0.6,0.8,0.57340956,49925,0.04566557847865906
0.8,0.7,0.8,0.6,0.5734254,49925,0.04567987742537544
0.8,0.5,0.9,0.6,0.57343256,49925,0.04521238322747267
0.6,0.8,0.2,0.2,0.57344884,49925,0.04312132111648199
0.3,0.4,0.1,0.1,0.57344884,49925,0.04312132111648199
0.6,0.6,0.8,0.7,0.5734555,49925,0.04579982893438234
0.4,0.4,0.9,0.8,0.57346797,49925,0.04488064348351338
0.4,0.6,0.5,0.6,0.57347697,49925,0.04590300568264334
0.5,0.9,0.5,0.7,0.57348007,49925,0.04561920095794055
0.5,0.6,0.4,0.4,0.57348174,49925,0.045689939070802904
0.2,0.6,0.2,0.5,0.57348835,49925,0.04433231886710119
0.8,0.3,0.1,0.1,0.5734891,49925,0.03940673467041522
0.3,0.5,0.7,0.9,0.5734907,49925,0.044911134589455205
0.5,0.7,0.5,0.6,0.57349086,49925,0.04592867059726422
0.6,0.6,0.9,0.8,0.57349396,49925,0.04568551999502218
0.1,0.2,0.3,0.5,0.5734945,49925,0.04374474585535099
0.4,0.5,0.7,0.7,0.5735037,49925,0.045618237028369174
0.7,0.2,0.3,0.2,0.5735066,49925,0.04263367232395439
0.5,0.6,0.7,0.7,0.57353824,49925,0.04588254546029682
0.8,0.6,0.1,0.1,0.5735421,49925,0.040023883080903766
0.7,0.6,0.5,0.4,0.5735474,49925,0.04540250025505884
0.8,0.9,0.8,0.7,0.5735497,49925,0.045847527739290295
0.1,0.4,0.2,0.9,0.5735574,49925,0.04166343203726368
0.4,0.9,0.4,0.7,0.5735737,49925,0.045197767245399624
0.6,0.2,0.3,0.2,0.5735756,49925,0.04336246731136402
0.6,0.6,0.1,0.1,0.5735916,49925,0.04092960590945855
0.2,0.2,0.9,0.8,0.5735961,49925,0.04229562376150984
0.4,0.5,0.2,0.2,0.5736009,49925,0.04459468381911635
0.6,0.6,0.5,0.4,0.57360935,49925,0.045585255192219634
0.7,0.7,0.8,0.7,0.57360953,49925,0.04589046032945421
0.8,0.4,0.1,0.1,0.5736146,49925,0.03981941820346109
0.9,0.5,0.6,0.4,0.57361823,49925,0.044744358380078404
0.5,0.9,0.6,0.9,0.57361966,49925,0.04570949971944411
0.4,0.5,0.8,0.8,0.57362425,49925,0.04534281261234285
0.5,0.3,0.6,0.4,0.5736247,49925,0.04512123664244384
0.5,0.6,0.6,0.6,0.5736299,49925,0.0459603658448361
0.5,0.5,0.5,0.4,0.5736336,49925,0.0457755838216127
0.7,0.6,0.9,0.7,0.57363725,49925,0.04564042003520893
0.7,0.6,0.1,0.1,0.5736407,49925,0.040476900025999206
0.5,0.8,0.6,0.8,0.5736563,49925,0.045864734392843956
0.1,0.2,0.5,0.8,0.57366085,49925,0.04170033266954573
0.2,0.7,0.2,0.6,0.57366157,49925,0.043739083283421215
0.3,0.3,0.9,0.8,0.57366544,49925,0.04396214386553085
0.6,0.8,0.3,0.3,0.57367057,49925,0.04445999019102068
0.8,0.7,0.1,0.1,0.57369626,49925,0.03994138164503097
0.5,0.2,0.3,0.2,0.5737005,49925,0.04409038636842958
0.3,0.5,0.6,0.8,0.57371235,49925,0.04526665366338164
0.7,0.9,0.5,0.5,0.5737235,49925,0.04538394760998579
0.5,0.1,0.5,0.3,0.5737351,49925,0.042961519123820326
0.8,0.6,0.7,0.5,0.5737536,49925,0.04545207945804186
0.6,0.7,0.2,0.2,0.5737703,49925,0.043394032119848644
0.3,0.4,0.2,0.2,0.57377076,49925,0.045199245573658536
0.6,0.8,0.4,0.4,0.57377076,49925,0.045199245573658536
0.8,0.8,0.9,0.8,0.57377917,49925,0.045901029763049855
0.7,0.9,0.7,0.8,0.5737811,49925,0.045967655406936904
0.1,0.1,0.7,0.5,0.573785,49925,0.04033633324926206
0.8,0.5,0.1,0.1,0.5737949,49925,0.04000415411138966
0.9,0.8,0.9,0.7,0.57380164,49925,0.04572555999768426
0.4,0.6,0.7,0.8,0.5738049,49925,0.04560783478524819
0.9,0.4,0.6,0.4,0.57381034,49925,0.044432306531345826
0.5,0.5,0.8,0.7,0.5738213,49925,0.04559587003473083
0.4,0.5,0.3,0.3,0.5738336,49925,0.045511844952275275
0.3,0.2,0.8,0.6,0.57384425,49925,0.04374744268993961
0.8,0.7,0.9,0.7,0.5738458,49925,0.04571463831251528
0.5,0.7,0.2,0.2,0.5738532,49925,0.04364325375861819
0.2,0.9,0.1,0.5,0.5738668,49925,0.04188832664466568
0.8,0.4,0.9,0.6,0.5738678,49925,0.04485627355939922
0.4,0.8,0.2,0.3,0.57387865,49925,0.04400469855596182
0.6,0.7,0.7,0.7,0.5738816,49925,0.04597439317024113
0.7,0.2,0.1,0.1,0.5738865,49925,0.03941961662240388
0.1,0.6,0.1,0.7,0.57388705,49925,0.04104135021404306
0.9,0.1,0.3,0.2,0.5738923,49925,0.03968169139700183
0.9,0.3,0.8,0.5,0.57389677,49925,0.0440077201743109
0.5,0.6,0.5,0.5,0.57390755,49925,0.04592699603102758
0.5,0.3,0.7,0.5,0.57390887,49925,0.045066493793440236
0.2,0.5,0.1,0.2,0.5739101,49925,0.043593243552707425
0.7,0.7,0.6,0.5,0.5739143,49925,0.04568638201661
0.2,0.8,0.1,0.4,0.57392585,49925,0.042288444390018984
0.1,0.3,0.3,0.9,0.5739279,49925,0.041982112545437655
0.9,0.8,0.6,0.5,0.57394266,49925,0.045320272429825906
0.6,0.8,0.6,0.7,0.5739457,49925,0.045950797779519756
0.7,0.4,0.1,0.1,0.573947,49925,0.040487180742923026
0.7,0.9,0.4,0.4,0.5739545,49925,0.04491842765981345
0.6,0.9,0.7,0.9,0.57397455,49925,0.045931644727061516
0.2,0.7,0.3,0.9,0.5739959,49925,0.043612027561185755
0.6,0.7,0.8,0.8,0.5740025,49925,0.045920837420649806
0.7,0.8,0.3,0.3,0.5740093,49925,0.04425754418611678
0.4,0.7,0.6,0.9,0.5740144,49925,0.04560934583686137
0.6,0.1,0.7,0.4,0.57401913,49925,0.04255380951203983
0.4,0.9,0.1,0.2,0.5740232,49925,0.041531162411918995
0.2,0.5,0.4,0.9,0.5740255,49925,0.04417399634799201
0.9,0.9,0.7,0.6,0.5740279,49925,0.04558663549735878
0.9,0.3,0.6,0.4,0.5740314,49925,0.043889442184481195
0.8,0.1,0.3,0.2,0.5740377,49925,0.040376227657984994
0.5,0.6,0.2,0.2,0.57403904,49925,0.04394665586569487
0.7,0.7,0.7,0.6,0.5740477,49925,0.045839017699249175
0.6,0.6,0.6,0.5,0.5740523,49925,0.04581858459136219
0.7,0.4,0.6,0.4,0.57405263,49925,0.04505619791191691
0.6,0.9,0.6,0.8,0.57405293,49925,0.04588475071191728
0.5,0.7,0.7,0.8,0.57405967,49925,0.04588049691033458
0.7,0.8,0.8,0.8,0.57406646,49925,0.0459797023981189
0.6,0.1,0.1,0.1,0.57407016,49925,0.038695500897388796
0.4,0.6,0.6,0.7,0.5740717,49925,0.045796516388260634
0.7,0.5,0.5,0.4,0.57408035,49925,0.04534072733507964
0.3,0.8,0.4,0.9,0.5740858,49925,0.044695292882946144
0.3,0.7,0.1,0.2,0.57408863,49925,0.04250618381602851
0.8,0.9,0.9,0.9,0.57409865,49925,0.04598181618124438
0.6,0.7,0.5,0.5,0.5741066,49925,0.04576536108536156
0.8,0.9,0.3,0.3,0.5741125,49925,0.0438425419791087
0.7,0.8,0.2,0.2,0.57412726,49925,0.04285502675426878
0.8,0.9,0.2,0.2,0.5741283,49925,0.04238107000125025
0.5,0.6,0.8,0.8,0.57413584,49925,0.045722152027808424
0.7,0.9,0.3,0.3,0.57413954,49925,0.04404218403828635
0.6,0.4,0.7,0.5,0.5741403,49925,0.045361551903047956
0.9,0.5,0.9,0.6,0.5741445,49925,0.045055305884512696
0.2,0.3,0.4,0.5,0.57414633,49925,0.04530831810221662
0.5,0.8,0.5,0.7,0.5741478,49925,0.04582015120266642
0.6,0.7,0.4,0.4,0.57415897,49925,0.045374404175339764
0.5,0.3,0.8,0.6,0.57415926,49925,0.04489044417853573
0.9,0.5,0.7,0.5,0.57416093,49925,0.045035164066272816
0.8,0.4,0.4,0.3,0.57416344,49925,0.04423249234569873
0.3,0.6,0.4,0.7,0.57416505,49925,0.045450952655046895
0.8,0.8,0.8,0.7,0.5741974,49925,0.04586530479736304
0.5,0.6,0.9,0.9,0.57422197,49925,0.04554215773316045
0.6,0.3,0.6,0.4,0.5742263,49925,0.04488747951626898
0.5,0.7,0.6,0.7,0.5742304,49925,0.04595139745252163
0.7,0.2,0.8,0.5,0.57423145,49925,0.04370286378905245
0.7,0.9,0.8,0.9,0.57423735,49925,0.04600185211651199
0.8,0.7,0.6,0.5,0.5742392,49925,0.04552815578518342
0.9,0.6,0.7,0.5,0.57424414,49925,0.04523503751525237
0.3,0.7,0.4,0.8,0.57425016,49925,0.045090699530642084
0.8,0.3,0.6,0.4,0.5742546,49925,0.04425752398469901
0.6,0.8,0.8,0.9,0.5742563,49925,0.045921629800416135
0.7,0.1,0.7,0.4,0.57426083,49925,0.04227622788052543
0.6,0.7,0.9,0.9,0.5742708,49925,0.04580640920341427
0.1,0.2,0.4,0.7,0.5742836,49925,0.04247906729969484
0.6,0.1,0.5,0.3,0.5742864,49925,0.04253835967625081
0.4,0.7,0.4,0.6,0.5742969,49925,0.04568306163954341
0.7,0.8,0.4,0.4,0.57430047,49925,0.04507072765748471
0.5,0.7,0.8,0.9,0.57430327,49925,0.0457534313107693
0.6,0.7,0.6,0.6,0.57430863,49925,0.04594769256570018
0.5,0.1,0.7,0.4,0.5743151,49925,0.04274648147827137
0.5,0.8,0.7,0.9,0.5743152,49925,0.045801915452812626
0.9,0.7,0.6,0.5,0.5743176,49925,0.045336502335054776
0.5,0.6,0.3,0.3,0.5743271,49925,0.0451291011885482
0.6,0.5,0.5,0.4,0.5743387,49925,0.04560674239621597
0.9,0.9,0.2,0.2,0.57434124,49925,0.04209813608544103
0.7,0.3,0.6,0.4,0.5743421,49925,0.04460555050798316
0.7,0.4,0.4,0.3,0.57434255,49925,0.044678230284856
0.7,0.5,0.1,0.1,0.5743436,49925,0.040565667396029154
0.7,0.8,0.7,0.7,0.574344,49925,0.045947295023142105
0.7,0.8,0.5,0.5,0.5743585,49925,0.045533478071370655
0.6,0.8,0.7,0.8,0.5743713,49925,0.04597690625602683
0.3,0.4,0.7,0.8,0.5743768,49925,0.04493770446423154
0.8,0.1,0.7,0.4,0.57438266,49925,0.04193786801847296
0.7,0.3,0.9,0.6,0.5743841,49925,0.04449574680726829
0.4,0.8,0.5,0.9,0.5743928,49925,0.045474190638649985
0.8,0.8,0.7,0.6,0.5744125,49925,0.045745866026297106
0.7,0.1,0.9,0.5,0.574425,49925,0.0421904208393604
0.4,0.2,0.7,0.5,0.5744321,49925,0.04435810758326533
0.7,0.1,0.5,0.3,0.5744482,49925,0.04205287407039367
0.9,0.2,0.8,0.5,0.5744552,49925,0.043213217967960696
0.4,0.1,0.7,0.4,0.5744615,49925,0.04282062542780186
0.8,0.2,0.8,0.5,0.57446384,49925,0.0434631949389811
0.6,0.9,0.5,0.6,0.57446736,49925,0.0456292673298795
0.7,0.8,0.6,0.6,0.57447255,49925,0.045818700164622236
0.5,0.3,0.9,0.7,0.5744765,49925,0.04470126308563211
0.4,0.9,0.3,0.5,0.5744807,49925,0.04476634870140593
0.8,0.9,0.8,0.8,0.57449937,49925,0.0459501080513852
0.1,0.6,0.1,0.8,0.5745017,49925,0.0407395248168753
0.7,0.8,0.9,0.9,0.5745074,49925,0.045946941289612915
0.3,0.9,0.1,0.3,0.57451445,49925,0.042120301517632866
0.3,0.6,0.3,0.5,0.57453656,49925,0.04545683129916897
0.6,0.4,0.9,0.7,0.5745668,49925,0.045174172029422935
0.3,0.2,0.5,0.4,0.57457536,49925,0.045031008458768874
0.7,0.5,0.7,0.5,0.5745806,49925,0.045439473756128036
0.4,0.3,0.4,0.3,0.5745868,49925,0.045550927369799196
0.8,0.6,0.8,0.6,0.5745868,49925,0.045550927369799196
0.8,0.9,0.6,0.6,0.57459295,49925,0.04564333459195833
0.9,0.9,0.9,0.8,0.5746018,49925,0.04588109235285572
0.3,0.6,0.5,0.9,0.5746154,49925,0.045170625898028206
0.3,0.5,0.4,0.6,0.57461554,49925,0.04574654001975041
0.2,0.1,0.6,0.4,0.57462066,49925,0.04275041665752161
0.5,0.9,0.2,0.3,0.57463795,49925,0.04362677900220682
0.4,0.3,0.7,0.6,0.5746395,49925,0.0451186014042331
0.9,0.4,0.9,0.6,0.5746497,49925,0.04469236786874436
0.8,0.5,0.7,0.5,0.57465094,49925,0.04525424332689839
0.6,0.1,0.9,0.5,0.57467926,49925,0.042313552400232324
0.7,0.9,0.6,0.7,0.574681,49925,0.045849613339158095
0.3,0.8,0.3,0.7,0.5746947,49925,0.044714368768469244
0.4,0.3,0.8,0.7,0.5746948,49925,0.04480366082384819
0.7,0.6,0.6,0.5,0.5747097,49925,0.045695830439994055
0.3,0.2,0.6,0.5,0.57471645,49925,0.04461826894265152
0.3,0.5,0.5,0.7,0.57472163,49925,0.04554450466993218
0.1,0.3,0.2,0.6,0.5747231,49925,0.04328594241304896
0.3,0.4,0.6,0.7,0.5747274,49925,0.04532497377467351
0.3,0.7,0.3,0.6,0.5747606,49925,0.04510008455112935
0.1,0.1,0.6,0.5,0.57479405,49925,0.04102505930343859
0.9,0.7,0.8,0.6,0.5748012,49925,0.045546308181858605
0.8,0.8,0.2,0.2,0.5748024,49925,0.04253696207026891
0.4,0.4,0.1,0.1,0.5748024,49925,0.04253696207026891
0.8,0.9,0.5,0.5,0.5748047,49925,0.04529786150779377
0.9,0.9,0.8,0.7,0.5748063,49925,0.045782682237587205
0.3,0.9,0.3,0.8,0.574808,49925,0.04429719282427558
0.4,0.1,0.9,0.5,0.57482743,49925,0.04222668089138351
0.9,0.1,0.7,0.4,0.5748409,49925,0.041597170988511546
0.5,0.4,0.5,0.4,0.57485694,49925,0.04568955738303797
0.5,0.3,0.1,0.1,0.57486075,49925,0.04187101759605126
0.8,0.5,0.5,0.4,0.5748743,49925,0.04503408652897702
0.6,0.3,0.4,0.3,0.5748771,49925,0.044774800214491775
0.9,0.7,0.9,0.7,0.5748881,49925,0.04563156273995242
0.9,0.8,0.7,0.6,0.57489127,49925,0.04561802634860446
0.1,0.4,0.1,0.4,0.57489175,49925,0.04307746595471068
0.2,0.8,0.2,0.8,0.57489175,49925,0.04307746595471068
0.8,0.6,0.9,0.7,0.574896,49925,0.045595880351885866
0.8,0.6,0.6,0.5,0.5749037,49925,0.04548443183685743
0.8,0.3,0.7,0.5,0.5749062,49925,0.044468637270529944
0.7,0.7,0.3,0.3,0.5749098,49925,0.044435592964539215
0.4,0.8,0.4,0.7,0.57491857,49925,0.045457587653299804
0.9,0.8,0.8,0.7,0.57492596,49925,0.04578157816625385
0.7,0.7,0.2,0.2,0.57493126,49925,0.043051832683194846
0.4,0.7,0.5,0.8,0.57494867,49925,0.045710067977565126
0.7,0.3,0.1,0.1,0.57494867,49925,0.04017788336172805
0.5,0.9,0.5,0.8,0.574955,49925,0.04563926354967495
0.7,0.5,0.9,0.7,0.5749601,49925,0.04546639520902351
0.9,0.9,0.5,0.5,0.5749643,49925,0.04512686715661671
0.7,0.5,0.8,0.6,0.57496476,49925,0.045500815252254176
0.6,0.6,0.3,0.3,0.5749648,49925,0.04487707727914148
0.4,0.4,0.2,0.2,0.5749648,49925,0.044877077279141496
0.8,0.8,0.4,0.4,0.5749648,49925,0.044877077279141496
0.2,0.2,0.1,0.1,0.5749648,49925,0.044877077279141496
0.3,0.2,0.4,0.3,0.57496655,49925,0.04532296950126541
0.6,0.4,0.8,0.6,0.57496655,49925,0.04532296950126541
0.9,0.1,0.9,0.5,0.5749759,49925,0.04181679822524992
0.5,0.5,0.1,0.1,0.5749766,49925,0.04167508946926544
0.9,0.4,0.4,0.3,0.57497793,49925,0.04376521569917683
0.9,0.5,0.5,0.4,0.57498866,49925,0.04468366625268022
0.5,0.5,0.2,0.2,0.5750031,49925,0.04422342406003947
0.8,0.9,0.7,0.7,0.57500726,49925,0.045846817865697186
0.8,0.7,0.7,0.6,0.5750112,49925,0.04574621770608237
0.5,0.1,0.9,0.5,0.5750286,49925,0.042337422028169786
0.9,0.9,0.4,0.4,0.5750425,49925,0.044536493080546254
0.8,0.4,0.5,0.4,0.57504314,49925,0.04477769897897685
0.5,0.2,0.6,0.4,0.5750449,49925,0.044429003866016746
0.7,0.4,0.7,0.5,0.5750551,49925,0.04519017547537256
0.6,0.8,0.5,0.6,0.57505757,49925,0.04580158677394921
0.4,0.9,0.4,0.8,0.57507354,49925,0.04518788982919926
0.6,0.2,0.1,0.1,0.57507765,49925,0.04039179051266459
0.4,0.7,0.3,0.4,0.57508177,49925,0.04525747170606245
0.5,0.5,0.3,0.3,0.5750939,49925,0.04529727649404121
0.4,0.6,0.6,0.8,0.5750964,49925,0.04573855526880709
0.2,0.3,0.3,0.4,0.5750964,49925,0.04573855526880709
0.2,0.5,0.3,0.7,0.575116,49925,0.04465856348828628
0.7,0.7,0.4,0.4,0.57511675,49925,0.04518138097242567
0.3,0.2,0.9,0.7,0.5751246,49925,0.04333907703965397
0.9,0.8,0.2,0.2,0.5751399,49925,0.04222802079377533
0.8,0.8,0.3,0.3,0.5751412,49925,0.04401397592597779
0.4,0.8,0.1,0.2,0.575158,49925,0.0420347781117349
0.6,0.4,0.1,0.1,0.5751585,49925,0.04117749603124315
0.2,0.6,0.3,0.8,0.57517064,49925,0.04414184776614108
0.8,0.1,0.5,0.3,0.5751762,49925,0.041571556611442954
0.2,0.6,0.1,0.3,0.57517684,49925,0.04335366417416744
0.2,0.7,0.2,0.7,0.57517886,49925,0.04362060673687266
0.2,0.4,0.5,0.9,0.57518125,49925,0.0441591915305869
0.6,0.7,0.3,0.3,0.57518184,49925,0.04468448344416569
0.5,0.3,0.4,0.3,0.5751839,49925,0.04521079999314783
0.5,0.8,0.6,0.9,0.57519805,49925,0.045841133457902715
0.5,0.4,0.1,0.1,0.5752055,49925,0.04187144582093725
0.4,0.5,0.4,0.5,0.57521164,49925,0.0460331219207775
0.8,0.7,0.9,0.8,0.5752151,49925,0.04584386776248067
0.5,0.8,0.4,0.5,0.57522124,49925,0.0454828406156721
0.9,0.9,0.8,0.8,0.57523143,49925,0.0459123499674763
0.8,0.3,0.9,0.6,0.5752378,49925,0.04434441297830957
0.6,0.5,0.1,0.1,0.57525504,49925,0.041107965106704836
0.8,0.1,0.9,0.5,0.57526433,49925,0.042027506925163695
0.7,0.3,0.4,0.3,0.5752677,49925,0.04431466582232475
0.4,0.3,0.6,0.5,0.5752687,49925,0.045389736518967716
0.5,0.4,0.9,0.8,0.5752715,49925,0.04514822616330573
0.3,0.8,0.2,0.5,0.5752833,49925,0.04427788684428282
0.4,0.3,0.9,0.8,0.57528496,49925,0.04448892527512595
0.8,0.3,0.4,0.3,0.5752879,49925,0.043800360749559085
0.8,0.9,0.4,0.4,0.5752895,49925,0.044732486391580624
0.7,0.8,0.7,0.8,0.5752922,49925,0.04603259485850222
0.4,0.3,0.5,0.4,0.5752941,49925,0.04556343646319488
0.5,0.1,0.1,0.1,0.5752983,49925,0.03991421363569926
0.3,0.5,0.6,0.9,0.5752983,49925,0.04511880572460443
0.8,0.8,0.7,0.7,0.57529944,49925,0.04590630507717088
0.4,0.6,0.5,0.7,0.57530016,49925,0.04589707628268174
0.7,0.6,0.2,0.2,0.57530135,49925,0.043195127089308054
0.1,0.2,0.5,0.9,0.5753109,49925,0.04130601588346065
0.4,0.4,0.5,0.5,0.5753166,49925,0.04591817031179831
0.3,0.6,0.2,0.3,0.57532334,49925,0.04478176919023633
0.5,0.4,0.8,0.7,0.575324,49925,0.0453991600825629
0.9,0.9,0.3,0.3,0.5753468,49925,0.043599038102646696
0.3,0.3,0.1,0.1,0.5753468,49925,0.043599038102646696
0.6,0.6,0.2,0.2,0.5753468,49925,0.043599038102646696
0.6,0.6,0.7,0.7,0.57535696,49925,0.04595549255978854
0.8,0.8,0.9,0.9,0.57535785,49925,0.04596621369276589
0.6,0.7,0.6,0.7,0.5753671,49925,0.04603388219549926
0.2,0.4,0.4,0.7,0.57537127,49925,0.04485804059735002
0.9,0.7,0.7,0.6,0.5753802,49925,0.04558139155944714
0.6,0.5,0.6,0.5,0.57538736,49925,0.04577096734824992
0.5,0.2,0.9,0.6,0.57540214,49925,0.043811011772218945
0.7,0.6,0.8,0.7,0.57540244,49925,0.0458143390239898
0.9,0.7,0.2,0.2,0.57540274,49925,0.04229173673886417
0.3,0.1,0.3,0.2,0.57541406,49925,0.04413552786701755
0.6,0.2,0.6,0.4,0.57541406,49925,0.04413552786701755
0.9,0.3,0.9,0.6,0.57541406,49925,0.04413552786701754
0.8,0.9,0.8,0.9,0.57541806,49925,0.046036764817577354
0.6,0.5,0.7,0.6,0.5754221,49925,0.04577711975559143
0.9,0.3,0.4,0.3,0.5754331,49925,0.04327299374425015
0.9,0.3,0.7,0.5,0.5754427,49925,0.04416879826027435
0.8,0.8,0.5,0.5,0.5754436,49925,0.04539323966681125
0.3,0.3,0.9,0.9,0.57544637,49925,0.04389060078980885
0.2,0.2,0.6,0.6,0.57544637,49925,0.04389060078980885
0.1,0.1,0.3,0.3,0.57544637,49925,0.04389060078980885
0.4,0.8,0.3,0.5,0.57545525,49925,0.045137468799082224
0.8,0.7,0.8,0.7,0.57545996,49925,0.045857079917200644
0.5,0.5,0.6,0.6,0.5754648,49925,0.045944818805284435
0.9,0.2,0.6,0.4,0.57547694,49925,0.043052478921250414
0.9,0.6,0.8,0.6,0.57549256,49925,0.045397716747572266
0.7,0.7,0.8,0.8,0.5754991,49925,0.04595411019819378
0.7,0.6,0.7,0.6,0.5755076,49925,0.04581390358309638
0.8,0.2,0.6,0.4,0.5755235,49925,0.04343437019331396
0.4,0.1,0.3,0.2,0.5755235,49925,0.04343437019331396
0.5,0.6,0.5,0.6,0.57552665,49925,0.046041731969227145
0.5,0.9,0.4,0.6,0.57552755,49925,0.04541989024174497
0.8,0.7,0.2,0.2,0.57553226,49925,0.04268089529308713
0.4,0.3,0.1,0.1,0.5755343,49925,0.042769912365161845
0.8,0.6,0.2,0.2,0.5755343,49925,0.042769912365161845
0.6,0.8,0.7,0.9,0.5755444,49925,0.046001702615171405
0.3,0.3,0.8,0.8,0.57554936,49925,0.04430918089335665
0.2,0.2,0.5,0.5,0.57555217,49925,0.04451934108810831
0.7,0.7,0.9,0.9,0.57555354,49925,0.045901851948704726
0.9,0.6,0.6,0.5,0.5755695,49925,0.04524580179767732
0.5,0.4,0.7,0.6,0.5755702,49925,0.04557838695338074
0.7,0.7,0.6,0.6,0.5755775,49925,0.04588746662594982
0.7,0.1,0.3,0.2,0.5755855,49925,0.04110940318472452
0.4,0.4,0.7,0.7,0.575592,49925,0.04548069609847774
0.8,0.4,0.7,0.5,0.5755994,49925,0.04497376160762974
0.8,0.7,0.4,0.4,0.5756155,49925,0.04493565396611341
0.3,0.3,0.4,0.4,0.5756244,49925,0.04587118397281762
0.6,0.6,0.8,0.8,0.5756244,49925,0.04587118397281762
0.5,0.5,0.9,0.9,0.57562745,49925,0.045424649631778495
0.9,0.4,0.7,0.5,0.57563835,49925,0.04471273465130734
0.3,0.1,0.9,0.5,0.5756447,49925,0.041860421765471854
0.9,0.1,0.5,0.3,0.57564646,49925,0.04109312372262936
0.7,0.7,0.7,0.7,0.575648,49925,0.04596472205875299
0.8,0.8,0.8,0.8,0.575648,49925,0.04596472205875299
0.6,0.6,0.6,0.6,0.575648,49925,0.04596472205875299
0.1,0.1,0.1,0.1,0.575648,49925,0.04596472205875299
0.5,0.5,0.5,0.5,0.575648,49925,0.04596472205875299
0.9,0.9,0.9,0.9,0.575648,49925,0.04596472205875299
0.4,0.4,0.4,0.4,0.575648,49925,0.04596472205875299
0.3,0.3,0.3,0.3,0.575648,49925,0.04596472205875299
0.2,0.2,0.2,0.2,0.575648,49925,0.04596472205875299
0.9,0.6,0.2,0.2,0.57566214,49925,0.042303418018703985
0.9,0.5,0.6,0.5,0.57566726,49925,0.04504777003064425
0.5,0.7,0.6,0.8,0.5756726,49925,0.04596336135086725
0.5,0.7,0.4,0.5,0.5756735,49925,0.045733497197903525
0.4,0.9,0.2,0.4,0.5756778,49925,0.04403664362374114
0.9,0.2,0.2,0.2,0.5757202,49925,0.04059818373472706
0.5,0.9,0.3,0.4,0.57572126,49925,0.04467365340577912
0.9,0.4,0.5,0.4,0.57572705,49925,0.04441660705269089
0.9,0.8,0.9,0.8,0.57572776,49925,0.045871530467782584
0.6,0.3,0.1,0.1,0.5757614,49925,0.04099196239007923
0.6,0.7,0.8,0.9,0.57577556,49925,0.04594816416028065
0.2,0.8,0.2,0.9,0.57577795,49925,0.04290391070359871
0.6,0.6,0.5,0.5,0.5757873,49925,0.045851755564671616
0.3,0.4,0.5,0.6,0.575788,49925,0.045670285163725656
0.4,0.5,0.8,0.9,0.57579696,49925,0.04532200191239039
0.2,0.3,0.7,0.9,0.57579917,49925,0.043456113633823235
0.6,0.3,0.7,0.5,0.57580644,49925,0.044937077478893715
0.4,0.6,0.7,0.9,0.5758131,49925,0.04555964569765981
0.8,0.7,0.3,0.3,0.5758192,49925,0.044102740835846435
0.1,0.1,0.2,0.2,0.57581943,49925,0.045170299503446136
0.3,0.3,0.6,0.6,0.57581943,49925,0.04517029950344614
0.2,0.2,0.4,0.4,0.57581943,49925,0.045170299503446136
0.4,0.4,0.8,0.8,0.57581943,49925,0.045170299503446136
0.3,0.7,0.2,0.4,0.57581997,49925,0.04458440744934513
0.6,0.5,0.9,0.8,0.5758231,49925,0.04554502401692843
0.4,0.5,0.5,0.6,0.57582974,49925,0.04599669035393914
0.7,0.2,0.6,0.4,0.5758404,49925,0.04378999386140442
0.6,0.4,0.5,0.4,0.57584804,49925,0.04543433852128386
0.4,0.5,0.7,0.8,0.5758519,49925,0.04558292703448427
0.7,0.4,0.5,0.4,0.57586277,49925,0.045112651574999156
0.7,0.8,0.8,0.9,0.5758639,49925,0.04603233537149143
0.3,0.9,0.2,0.6,0.5758831,49925,0.04389849030660826
0.1,0.5,0.1,0.6,0.5758875,49925,0.04177884501122444
0.7,0.3,0.7,0.5,0.57589024,49925,0.04472739963709201
0.9,0.4,0.8,0.6,0.5758929,49925,0.044850941120135615
0.6,0.3,0.8,0.6,0.5758982,49925,0.04486104911042367
0.5,0.1,0.3,0.2,0.575906,49925,0.0426467819338415
0.4,0.2,0.8,0.6,0.57592475,49925,0.044093028726603846
0.2,0.1,0.4,0.3,0.57592475,49925,0.044093028726603846
0.2,0.1,0.9,0.5,0.5759252,49925,0.04104269148466681
0.7,0.9,0.7,0.9,0.57593244,49925,0.04602124750774941
0.5,0.6,0.8,0.9,0.5759332,49925,0.045727820269192435
0.9,0.8,0.4,0.4,0.5759345,49925,0.04461095997183486
0.7,0.7,0.5,0.5,0.575936,49925,0.045638950944709614
0.9,0.6,0.9,0.7,0.575949,49925,0.04548339062980239
0.7,0.6,0.9,0.8,0.5759499,49925,0.045732523471909634
0.5,0.7,0.7,0.9,0.5759681,49925,0.045862761271644785
0.1,0.3,0.1,0.3,0.5759728,49925,0.04422073461268493
0.3,0.9,0.3,0.9,0.5759728,49925,0.04422073461268493
0.2,0.6,0.2,0.6,0.5759728,49925,0.04422073461268493
0.3,0.4,0.7,0.9,0.57598615,49925,0.04481236436869336
0.1,0.1,0.9,0.6,0.575991,49925,0.03909449639358528
0.3,0.3,0.7,0.7,0.5759938,49925,0.04474187294143697
0.1,0.6,0.1,0.9,0.57599485,49925,0.04042205312019147
0.9,0.2,0.4,0.3,0.5759962,49925,0.04242551784386959
0.4,0.9,0.3,0.6,0.57600033,49925,0.04490517343652165
0.9,0.8,0.9,0.9,0.57601047,49925,0.04594492196070974
0.8,0.9,0.7,0.8,0.57601416,49925,0.04594781854335982
0.5,0.6,0.6,0.7,0.5760178,49925,0.046012330672886965
0.8,0.5,0.8,0.6,0.57602084,49925,0.045371242882636706
0.6,0.8,0.6,0.8,0.57602483,49925,0.04600683021421849
0.3,0.4,0.3,0.4,0.57602483,49925,0.04600683021421849
0.6,0.5,0.3,0.3,0.576029,49925,0.04494750410555856
0.6,0.7,0.7,0.8,0.5760334,49925,0.04603339645652068
0.7,0.8,0.6,0.7,0.576035,49925,0.04593280130059962
0.2,0.3,0.5,0.7,0.57603985,49925,0.044549255204698754
0.3,0.3,0.2,0.2,0.5760404,49925,0.04552260075332603
0.6,0.6,0.4,0.4,0.5760404,49925,0.04552260075332603
0.9,0.9,0.6,0.6,0.5760404,49925,0.04552260075332603
0.1,0.2,0.4,0.8,0.5760409,49925,0.0419970328204592
0.7,0.9,0.5,0.6,0.57604635,49925,0.04560855671578585
0.5,0.9,0.1,0.2,0.57607216,49925,0.0415431846760821
0.5,0.5,0.8,0.8,0.57607853,49925,0.04564807678539254
0.2,0.6,0.3,0.9,0.5760793,49925,0.04388292650379996
0.5,0.4,0.6,0.5,0.57608694,49925,0.04568559164709962
0.2,0.9,0.1,0.6,0.57609457,49925,0.04198209710207084
0.9,0.8,0.3,0.3,0.5761027,49925,0.04371536751952131
0.2,0.4,0.3,0.6,0.5761045,49925,0.04517457477804678
0.3,0.4,0.4,0.5,0.5761186,49925,0.04592002473269219
0.2,0.8,0.1,0.5,0.57614267,49925,0.0424308954657247
0.1,0.2,0.3,0.6,0.5761433,49925,0.04324498237731852
0.5,0.5,0.4,0.4,0.57614493,49925,0.045802073772349176
0.6,0.5,0.8,0.7,0.57617027,49925,0.04568775190405464
0.1,0.2,0.2,0.4,0.57617676,49925,0.044549889339872854
0.2,0.4,0.4,0.8,0.57617676,49925,0.044549889339872854
0.3,0.7,0.4,0.9,0.57617813,49925,0.04494803203253486
0.9,0.8,0.5,0.5,0.576182,49925,0.045184230736953636
0.9,0.7,0.9,0.8,0.5761857,49925,0.04577904627996138
0.9,0.9,0.7,0.7,0.5761973,49925,0.045759213095138335
0.8,0.5,0.6,0.5,0.5762278,49925,0.04532180881044816
0.2,0.1,0.8,0.5,0.5762306,49925,0.04162523397646654
0.6,0.1,0.3,0.2,0.57623065,49925,0.04185129181001358
0.4,0.4,0.9,0.9,0.5762443,49925,0.044840924572776344
0.7,0.5,0.2,0.2,0.5762453,49925,0.04325341923827628
0.3,0.4,0.6,0.8,0.57626164,49925,0.045213748675110285
0.3,0.6,0.4,0.8,0.5762711,49925,0.04531001666148962
0.9,0.5,0.2,0.2,0.5762956,49925,0.04222689427794203
0.5,0.2,0.7,0.5,0.5762973,49925,0.04433756488910242
0.4,0.6,0.4,0.6,0.57629865,49925,0.045910610100070325
0.6,0.9,0.6,0.9,0.57629865,49925,0.045910610100070325
0.2,0.3,0.2,0.3,0.57629865,49925,0.045910610100070325
0.4,0.5,0.6,0.7,0.5763042,49925,0.04581821816095274
0.6,0.2,0.9,0.6,0.576309,49925,0.043818731036757735
0.9,0.5,0.8,0.6,0.5763208,49925,0.04519064749682925
0.3,0.1,0.8,0.5,0.57633024,49925,0.04239846778027136
0.7,0.9,0.6,0.8,0.57633287,49925,0.0459507251110012
0.6,0.7,0.5,0.6,0.5763347,49925,0.04590991317811588
0.4,0.7,0.2,0.3,0.57634324,49925,0.04443502398955019
0.5,0.5,0.7,0.7,0.5763436,49925,0.04582623470909333
0.6,0.6,0.9,0.9,0.576354,49925,0.045713189649606606
0.2,0.2,0.3,0.3,0.576354,49925,0.04571318964960661
0.4,0.4,0.6,0.6,0.576354,49925,0.04571318964960661
0.3,0.3,0.5,0.5,0.57636505,49925,0.04557758607018338
0.2,0.7,0.1,0.4,0.57636887,49925,0.04292197844616758
0.7,0.6,0.4,0.4,0.576376,49925,0.04525942498620849
0.2,0.2,0.7,0.7,0.57638484,49925,0.043270351135353116
0.6,0.9,0.4,0.5,0.57639015,49925,0.04528946064702541
0.5,0.6,0.7,0.8,0.5763917,49925,0.04590423916742272
0.5,0.2,0.4,0.3,0.5764034,49925,0.044624911285479046
0.7,0.5,0.6,0.5,0.5764092,49925,0.045571618397303545
0.5,0.7,0.5,0.7,0.5764257,49925,0.04596805013058565
0.6,0.9,0.5,0.7,0.57642686,49925,0.04575789772953202
0.3,0.8,0.3,0.8,0.5764277,49925,0.04461011754054561
0.5,0.9,0.5,0.9,0.57645065,49925,0.04563987293035048
0.8,0.2,0.4,0.3,0.576451,49925,0.04297910383446305
0.7,0.6,0.3,0.3,0.5764543,49925,0.04451639237739141
0.2,0.3,0.6,0.8,0.5764554,49925,0.04399868798692484
0.5,0.8,0.5,0.8,0.5764765,49925,0.04584077476658269
0.6,0.5,0.4,0.4,0.5764808,49925,0.04557428353184616
0.8,0.6,0.7,0.6,0.5764884,49925,0.04566151071203024
0.8,0.8,0.6,0.6,0.57649446,49925,0.045705009403841555
0.4,0.4,0.3,0.3,0.57649446,49925,0.045705009403841555
0.3,0.5,0.3,0.5,0.5765016,49925,0.045760272276321554
0.4,0.6,0.5,0.8,0.5765101,49925,0.04582188915139646
0.3,0.5,0.5,0.8,0.5765344,49925,0.04541985820256727
0.7,0.5,0.4,0.4,0.5765376,49925,0.04525619671685969
0.4,0.6,0.3,0.4,0.5765437,49925,0.04557675502535946
0.8,0.5,0.9,0.7,0.57655144,49925,0.04539697151307485
0.9,0.8,0.6,0.6,0.5765558,49925,0.04556537879593296
0.5,0.8,0.3,0.4,0.57656,49925,0.04499429916447107
0.9,0.7,0.8,0.7,0.5765646,49925,0.04571899442717356
0.3,0.2,0.7,0.6,0.5765654,49925,0.04419897820753482
0.1,0.1,0.8,0.6,0.57656944,49925,0.039656547463769794
0.9,0.6,0.7,0.6,0.57657975,49925,0.045463967796643315
0.4,0.2,0.4,0.3,0.5766042,49925,0.045046256148880255
0.8,0.4,0.8,0.6,0.5766042,49925,0.045046256148880255
0.8,0.7,0.8,0.8,0.5766208,49925,0.04594265122659968
0.7,0.2,0.9,0.6,0.5766224,49925,0.043729112801177784
0.6,0.5,0.2,0.2,0.5766224,49925,0.04374475913309872
0.7,0.4,0.8,0.6,0.5766266,49925,0.04521081177695076
0.4,0.2,0.9,0.7,0.5766338,49925,0.043802606847524295
0.3,0.5,0.4,0.7,0.57663643,49925,0.04563225240078429
0.9,0.2,0.9,0.6,0.5766512,49925,0.043358904081194964
0.8,0.9,0.6,0.7,0.5766597,49925,0.045798873268671575
0.9,0.7,0.5,0.5,0.5766641,49925,0.045218923927685846
0.8,0.6,0.5,0.5,0.5766642,49925,0.04545086320350447
0.8,0.7,0.6,0.6,0.57669413,49925,0.045740084879676325
0.6,0.9,0.2,0.3,0.5767082,49925,0.04354270785163916
0.6,0.2,0.4,0.3,0.57670957,49925,0.04408232607841023
0.8,0.2,0.9,0.6,0.57671034,49925,0.04355998318466122
0.4,0.9,0.3,0.7,0.57671535,49925,0.04494848252875205
0.9,0.7,0.4,0.4,0.57672435,49925,0.04464228860283285
0.9,0.7,0.3,0.3,0.57672715,49925,0.043755931250527534
0.3,0.1,0.6,0.4,0.5767282,49925,0.04325890656026717
0.4,0.8,0.4,0.8,0.5767396,49925,0.04542419066047354
0.1,0.2,0.1,0.2,0.5767396,49925,0.04542419066047354
0.3,0.6,0.3,0.6,0.5767396,49925,0.04542419066047355
0.2,0.4,0.2,0.4,0.5767396,49925,0.04542419066047354
0.7,0.4,0.9,0.7,0.57673997,49925,0.045147166751503064
0.7,0.5,0.3,0.3,0.57675225,49925,0.044545323712094194
0.9,0.8,0.8,0.8,0.57675976,49925,0.04590787492837748
0.8,0.6,0.8,0.7,0.57677615,49925,0.04572885055901833
0.9,0.8,0.7,0.7,0.5767786,49925,0.04577030581711494
0.5,0.4,0.2,0.2,0.5767854,49925,0.044331893779268605
0.1,0.3,0.2,0.7,0.5767882,49925,0.04271653697126718
0.5,0.2,0.1,0.1,0.5767996,49925,0.041430391603258065
0.8,0.8,0.7,0.8,0.57681596,49925,0.045996844067264155
0.6,0.8,0.4,0.5,0.5768188,49925,0.045480289052981834
0.4,0.7,0.5,0.9,0.57683146,49925,0.04562172693460492
0.8,0.7,0.5,0.5,0.5768494,49925,0.045437234174319524
0.5,0.6,0.4,0.5,0.57687,49925,0.045877855044541595
0.7,0.6,0.5,0.5,0.57688445,49925,0.04567322818465399
0.4,0.7,0.4,0.7,0.5768887,49925,0.045679282184744055
0.8,0.5,0.2,0.2,0.576894,49925,0.042741263444620856
0.2,0.2,0.9,0.9,0.57690156,49925,0.0421957624148539
0.6,0.4,0.6,0.5,0.5769266,49925,0.04556640527121301
0.4,0.9,0.4,0.9,0.5769291,49925,0.0451319717374561
0.9,0.6,0.4,0.4,0.5769312,49925,0.044616353802402704
0.4,0.2,0.1,0.1,0.57693696,49925,0.042568281350440704
0.8,0.4,0.2,0.2,0.57693696,49925,0.042568281350440704
0.4,0.1,0.8,0.5,0.5769451,49925,0.042693246591962906
0.6,0.3,0.9,0.7,0.5769469,49925,0.0447315124507971
0.2,0.3,0.4,0.6,0.576969,49925,0.04510348553270212
0.9,0.4,0.2,0.2,0.57698095,49925,0.04199728725531635
0.2,0.5,0.2,0.5,0.5770023,49925,0.044826913152504894
0.1,0.1,0.5,0.5,0.57700527,49925,0.041713340943065
0.2,0.7,0.2,0.8,0.5770061,49925,0.04343435700768034
0.5,0.7,0.6,0.9,0.5770108,49925,0.045921820989537405
0.3,0.8,0.3,0.9,0.57701313,49925,0.044505682836207684
0.7,0.6,0.7,0.7,0.5770302,49925,0.04593258075876888
0.4,0.5,0.7,0.9,0.5770638,49925,0.04552521780238927
0.2,0.2,0.8,0.8,0.5770709,49925,0.0427086980283624
0.1,0.1,0.4,0.4,0.5770709,49925,0.0427086980283624
0.7,0.8,0.5,0.6,0.57707214,49925,0.04575396191318485
0.3,0.6,0.1,0.2,0.577084,49925,0.04312651349861687
0.8,0.9,0.7,0.9,0.5770869,49925,0.046021761045791365
0.4,0.3,0.2,0.2,0.5770882,49925,0.04495274923730375
0.8,0.6,0.4,0.4,0.5770882,49925,0.04495274923730375
0.8,0.7,0.7,0.7,0.5771007,49925,0.04590076849410387
0.9,0.1,0.2,0.2,0.5771019,49925,0.03899071788045534
0.9,0.9,0.8,0.9,0.57710665,49925,0.04600018650680089
0.9,0.9,0.7,0.8,0.5771165,49925,0.04588984552327509
0.7,0.2,0.4,0.3,0.57712,49925,0.043531914642541296
0.7,0.5,0.7,0.6,0.5771255,49925,0.04566201618145876
0.7,0.3,0.5,0.4,0.5771332,49925,0.044729279575321204
0.6,0.9,0.3,0.4,0.57713825,49925,0.044664813621332095
0.5,0.3,0.8,0.7,0.5771733,49925,0.04500137770639052
0.8,0.7,0.9,0.9,0.5771926,49925,0.04590006669450747
0.3,0.7,0.3,0.7,0.57721084,49925,0.04502541262528136
0.9,0.7,0.6,0.6,0.5772253,49925,0.04555438330436474
0.6,0.8,0.5,0.7,0.57724273,49925,0.04590640127888296
0.6,0.5,0.6,0.6,0.5772469,49925,0.04592101907521377
0.5,0.7,0.4,0.6,0.57725096,49925,0.045845109074863125
0.9,0.3,0.5,0.4,0.5772654,49925,0.04390704633635053
0.9,0.5,0.9,0.7,0.5772658,49925,0.045245270019961877
0.3,0.8,0.1,0.3,0.57726634,49925,0.04270501005669206
0.1,0.4,0.1,0.5,0.5772905,49925,0.04269110806192652
0.7,0.7,0.6,0.7,0.57729805,49925,0.04599604919081893
0.8,0.8,0.8,0.9,0.5773165,49925,0.04605309147983642
0.3,0.2,0.8,0.7,0.5773235,49925,0.04374599945916062
0.5,0.8,0.4,0.6,0.5773279,49925,0.04565070956048194
0.5,0.4,0.3,0.3,0.5773633,49925,0.04537602711100582
0.7,0.5,0.8,0.7,0.57736385,49925,0.04565706076575192
0.7,0.8,0.7,0.9,0.5773717,49925,0.04609131999987967
0.5,0.8,0.2,0.3,0.5773741,49925,0.04399476546544028
0.3,0.8,0.2,0.6,0.57737744,49925,0.044333399573650144
0.4,0.6,0.6,0.9,0.57738495,49925,0.04568956671418059
0.5,0.9,0.4,0.7,0.5773851,49925,0.045506119434090476
0.8,0.6,0.3,0.3,0.57741773,49925,0.04414854083995991
0.7,0.7,0.7,0.8,0.57742405,49925,0.04606461973153425
0.3,0.9,0.2,0.7,0.5774289,49925,0.043931324285815185
0.3,0.2,0.1,0.1,0.577432,49925,0.04375105957447196
0.6,0.4,0.2,0.2,0.577432,49925,0.04375105957447196
0.9,0.6,0.3,0.3,0.577432,49925,0.04375105957447196
0.6,0.4,0.3,0.3,0.5774364,49925,0.04492307886427133
0.7,0.6,0.8,0.8,0.57743835,49925,0.04588146924458362
0.6,0.4,0.9,0.8,0.5774401,49925,0.04527995745110526
0.9,0.6,0.5,0.5,0.57744163,49925,0.045165734132825396
0.5,0.3,0.2,0.2,0.5774498,49925,0.044266695084998295
0.3,0.4,0.5,0.7,0.5774512,49925,0.045561401531562136
0.8,0.6,0.9,0.8,0.5774712,49925,0.04572677290600258
0.3,0.5,0.2,0.3,0.5774714,49925,0.04527036924591191
0.7,0.3,0.8,0.6,0.5774863,49925,0.044730293130300726
0.9,0.3,0.2,0.2,0.5774884,49925,0.04148915557211032
0.7,0.8,0.6,0.8,0.57752085,49925,0.04601937187622441
0.6,0.6,0.5,0.6,0.57752794,49925,0.04599943757862441
0.4,0.5,0.3,0.4,0.57754236,49925,0.045817923550431856
0.8,0.5,0.4,0.4,0.5775445,49925,0.044885176120214906
0.2,0.4,0.4,0.9,0.5775453,49925,0.044255393239823186
0.5,0.3,0.5,0.4,0.57755065,49925,0.045394049264077765
0.6,0.2,0.7,0.5,0.57756346,49925,0.04419054782051807
0.7,0.6,0.6,0.6,0.5775673,49925,0.045869593696477876
0.7,0.7,0.8,0.9,0.5775702,49925,0.046016610089545544
0.9,0.2,0.7,0.5,0.5775882,49925,0.043369743944855585
0.4,0.8,0.3,0.6,0.5775927,49925,0.045218938055584794
0.7,0.4,0.2,0.2,0.5776122,49925,0.043155104454037314
0.3,0.7,0.2,0.5,0.57761484,49925,0.04471878323273573
0.6,0.4,0.8,0.7,0.57761705,49925,0.04542637848955571
0.2,0.1,0.7,0.5,0.5776293,49925,0.042243389520209784
0.6,0.7,0.4,0.5,0.57763076,49925,0.045651360753703935
0.5,0.8,0.1,0.2,0.5776421,49925,0.041942338780168044
0.6,0.3,0.5,0.4,0.57764655,49925,0.0450855031163289
0.8,0.4,0.6,0.5,0.5776481,49925,0.04505392717170683
0.7,0.9,0.4,0.5,0.5776516,49925,0.04520776322578113
0.8,0.4,0.9,0.7,0.5776535,49925,0.04504697377604259
0.9,0.4,0.6,0.5,0.5776555,49925,0.04476044332692017
0.7,0.4,0.4,0.4,0.5776652,49925,0.045078434518515655
0.8,0.8,0.6,0.7,0.57767504,49925,0.04585894610096635
0.6,0.8,0.6,0.9,0.5776801,49925,0.04600099383021748
0.9,0.7,0.8,0.8,0.57768315,49925,0.045849495010306926
0.6,0.5,0.5,0.5,0.57768655,49925,0.045835704304347843
0.8,0.9,0.1,0.2,0.57770735,49925,0.04092895299815237
0.1,0.1,0.7,0.6,0.5777221,49925,0.04023632549766944
0.4,0.5,0.6,0.8,0.57772374,49925,0.04577025435558332
0.2,0.3,0.5,0.8,0.5777307,49925,0.04427959015801715
0.5,0.3,0.3,0.3,0.5777355,49925,0.04520862512698871
0.5,0.6,0.7,0.9,0.5777384,49925,0.04586007423267491
0.7,0.2,0.7,0.5,0.5777501,49925,0.04397397095622393
0.5,0.4,0.8,0.8,0.5777518,49925,0.045419215032593545
0.4,0.2,0.5,0.4,0.5777624,49925,0.04498676566418592
0.6,0.6,0.8,0.9,0.57776266,49925,0.04588749844853369
0.8,0.5,0.3,0.3,0.5777633,49925,0.04408616699591626
0.6,0.9,0.1,0.2,0.5777674,49925,0.04141657653392748
0.8,0.3,0.5,0.4,0.5777793,49925,0.04433239115088297
0.9,0.6,0.9,0.8,0.577782,49925,0.04563111089278097
0.5,0.3,0.7,0.6,0.57779294,49925,0.04519809447020145
0.2,0.6,0.2,0.7,0.577794,49925,0.04401911624000057
0.8,0.5,0.7,0.6,0.5778016,49925,0.04549365329638801
0.4,0.7,0.1,0.2,0.57781714,49925,0.04252340534660004
0.2,0.3,0.6,0.9,0.57782084,49925,0.04376255858826052
0.7,0.6,0.9,0.9,0.57782865,49925,0.045820550345348
0.5,0.5,0.7,0.8,0.57782876,49925,0.04582886396588015
0.8,0.3,0.2,0.2,0.5778356,49925,0.04215160285100449
0.3,0.6,0.2,0.4,0.5778399,49925,0.045069600263852205
0.5,0.4,0.9,0.9,0.5778466,49925,0.04516614172981506
0.4,0.7,0.3,0.5,0.5778469,49925,0.04545990359515821
0.2,0.5,0.3,0.8,0.5778625,49925,0.04437238500036412
0.8,0.3,0.6,0.5,0.5778711,49925,0.044607666057907884
0.7,0.5,0.9,0.8,0.57787997,49925,0.045566683945918056
0.9,0.5,0.5,0.5,0.57788754,49925,0.04499217898804784
0.7,0.9,0.3,0.4,0.57789165,49925,0.04453305964112589
0.8,0.2,0.2,0.2,0.57789433,49925,0.041337791875682865
0.4,0.1,0.1,0.1,0.57789433,49925,0.041337791875682865
0.6,0.5,0.9,0.9,0.5779005,49925,0.04559041051312671
0.9,0.5,0.4,0.4,0.5779043,49925,0.044484080318999364
0.9,0.3,0.8,0.6,0.5779048,49925,0.04431616615271896
0.3,0.3,0.7,0.8,0.57790744,49925,0.0446293140777313
0.9,0.7,0.7,0.7,0.57792306,49925,0.04575806715601996
0.7,0.3,0.2,0.2,0.5779281,49925,0.04283747821962403
0.7,0.7,0.5,0.6,0.5779424,49925,0.04581845154111696
0.6,0.7,0.6,0.8,0.5779532,49925,0.04608837986707232
0.7,0.4,0.3,0.3,0.57796,49925,0.044420071874361436
0.6,0.7,0.7,0.9,0.57797694,49925,0.04603635488686067
0.8,0.6,0.7,0.7,0.5779942,49925,0.045819153679961186
0.1,0.5,0.1,0.7,0.5779955,49925,0.041411033794022056
0.9,0.6,0.8,0.7,0.57800823,49925,0.0455855040658743
0.5,0.4,0.4,0.4,0.5780154,49925,0.04579390832203878
0.4,0.4,0.8,0.9,0.57803404,49925,0.04512609337089997
0.5,0.6,0.6,0.8,0.5780423,49925,0.04601150185867383
0.8,0.9,0.6,0.8,0.5780541,49925,0.04591524124888942
0.9,0.8,0.6,0.7,0.57805514,49925,0.045723836874920654
0.4,0.3,0.7,0.7,0.5780613,49925,0.04512496279077461
0.6,0.4,0.4,0.4,0.57806385,49925,0.0454718967145743
0.9,0.6,0.6,0.6,0.57806385,49925,0.04547189671457429
0.3,0.2,0.2,0.2,0.57806385,49925,0.0454718967145743
0.8,0.4,0.4,0.4,0.5780733,49925,0.04467198824270876
0.2,0.1,0.1,0.1,0.5780733,49925,0.04467198824270876
0.6,0.3,0.3,0.3,0.5780733,49925,0.04467198824270876
0.4,0.2,0.2,0.2,0.5780733,49925,0.04467198824270876
0.7,0.9,0.2,0.3,0.5780827,49925,0.04334787111107226
0.5,0.7,0.3,0.4,0.5780877,49925,0.045273947318991946
0.1,0.2,0.4,0.9,0.57809967,49925,0.04152774859796137
0.5,0.1,0.8,0.5,0.57810056,49925,0.04276016292005747
0.9,0.5,0.3,0.3,0.57810575,49925,0.04365865093047753
0.3,0.7,0.3,0.8,0.5781076,49925,0.04491357488066821
0.6,0.5,0.7,0.7,0.57811,49925,0.04585412651118843
0.8,0.4,0.3,0.3,0.5781141,49925,0.04391328838189485
0.6,0.6,0.7,0.8,0.57811576,49925,0.04601198638382538
0.7,0.5,0.5,0.5,0.5781173,49925,0.045615493034036704
0.9,0.4,0.9,0.7,0.57811993,49925,0.04491862040384367
0.3,0.5,0.5,0.9,0.578121,49925,0.04523717481650889
0.7,0.2,0.5,0.4,0.57812816,49925,0.043979957961441954
0.8,0.5,0.8,0.7,0.5781329,49925,0.045540422221251965
0.9,0.8,0.8,0.9,0.57814807,49925,0.04600014607855661
0.9,0.9,0.6,0.7,0.5781512,49925,0.04568959744256736
0.6,0.6,0.6,0.7,0.5781524,49925,0.046067702659068795
0.8,0.9,0.5,0.6,0.5781597,49925,0.04553587750798723
0.5,0.5,0.4,0.5,0.5781627,49925,0.04599024068122747
0.2,0.9,0.1,0.7,0.5781803,49925,0.041988321264458464
0.5,0.7,0.5,0.8,0.57818127,49925,0.04596105694668817
0.2,0.7,0.2,0.9,0.5781938,49925,0.043215286223936084
0.8,0.6,0.6,0.6,0.5782061,49925,0.045703208078263315
0.4,0.3,0.3,0.3,0.5782061,49925,0.045703208078263315
0.9,0.5,0.7,0.6,0.5782236,49925,0.04525712065463283
0.5,0.4,0.5,0.5,0.5782358,49925,0.04589432159033137
0.6,0.7,0.5,0.7,0.5782365,49925,0.045999482297200925
0.8,0.5,0.5,0.5,0.5782374,49925,0.04532172986450414
0.8,0.3,0.8,0.6,0.5782487,49925,0.04455510240963357
0.7,0.4,0.6,0.5,0.5782592,49925,0.0453389360947886
0.9,0.8,0.7,0.8,0.5782618,49925,0.045899938610600044
0.4,0.8,0.4,0.9,0.57826185,49925,0.045347744006743046
0.6,0.4,0.7,0.6,0.57826346,49925,0.04554970602646087
0.5,0.9,0.3,0.5,0.57826436,49925,0.044994702107078746
0.4,0.4,0.7,0.8,0.57826626,49925,0.04545530683664575
0.9,0.9,0.1,0.2,0.578268,49925,0.04065068180039701
0.5,0.3,0.6,0.5,0.57827,49925,0.04534952165349409
0.9,0.1,0.8,0.5,0.5782821,49925,0.04199260359561309
0.5,0.1,0.6,0.4,0.5782849,49925,0.043120695829522965
0.8,0.1,0.8,0.5,0.57829154,49925,0.042265022326960784
0.8,0.9,0.3,0.4,0.57829756,49925,0.044359183055284857
0.2,0.1,0.5,0.4,0.5783056,49925,0.04348342897918758
0.6,0.5,0.8,0.8,0.57830626,49925,0.04574783891932458
0.7,0.9,0.1,0.2,0.57831204,49925,0.04119532515735753
0.5,0.3,0.9,0.8,0.5783224,49925,0.04473965550073888
0.7,0.9,0.6,0.9,0.5783227,49925,0.04599262595670773
0.6,0.8,0.3,0.4,0.57833195,49925,0.04491842373362085
0.8,0.1,0.2,0.2,0.578337,49925,0.03975931263017147
0.5,0.4,0.7,0.7,0.5783455,49925,0.045644377679367056
0.3,0.3,0.6,0.7,0.5783856,49925,0.04509348878847379
0.1,0.2,0.3,0.7,0.5783885,49925,0.04267373037085502
0.7,0.5,0.6,0.6,0.5783918,49925,0.04576499742507227
0.6,0.1,0.8,0.5,0.57839465,49925,0.042652648529121866
0.8,0.7,0.7,0.8,0.5783956,49925,0.04599377954195311
0.9,0.9,0.7,0.9,0.5784087,49925,0.04598038185811695
0.3,0.2,0.9,0.8,0.57841176,49925,0.04330466717929829
0.8,0.2,0.7,0.5,0.5784134,49925,0.04366647419184372
0.5,0.9,0.4,0.8,0.5784367,49925,0.045511577247841634
0.5,0.5,0.8,0.9,0.5784458,49925,0.04564199312896449
0.5,0.2,0.8,0.6,0.5784677,49925,0.04419506085981545
0.3,0.3,0.8,0.9,0.5784749,49925,0.04420241655908073
0.2,0.5,0.2,0.6,0.5784832,49925,0.04464492393561214
0.7,0.1,0.8,0.5,0.57848644,49925,0.042480486556602054
0.6,0.8,0.2,0.3,0.57848924,49925,0.04384565097240022
0.9,0.4,0.3,0.3,0.57849365,49925,0.04339326545302017
0.6,0.9,0.5,0.8,0.5784968,49925,0.04581733110417705
0.3,0.4,0.6,0.9,0.57850415,49925,0.045035299343471086
0.9,0.9,0.5,0.6,0.5785068,49925,0.04538537063950347
0.1,0.1,0.9,0.7,0.5785156,49925,0.03905371767635091
0.5,0.8,0.4,0.7,0.57852435,49925,0.045709795186495684
0.4,0.8,0.2,0.4,0.5785402,49925,0.04445188135650669
0.2,0.4,0.1,0.2,0.5785402,49925,0.04445188135650669
0.4,0.7,0.4,0.8,0.5785489,49925,0.04563496019811506
0.4,0.6,0.4,0.7,0.57855785,49925,0.0458803460177852
0.9,0.8,0.1,0.2,0.578565,49925,0.04077130841727877
0.8,0.2,0.5,0.4,0.5785669,49925,0.043530846315697945
0.6,0.3,0.2,0.2,0.578569,49925,0.04355495027803862
0.3,0.9,0.1,0.4,0.57857907,49925,0.04266213452205815
0.5,0.5,0.6,0.7,0.5785815,49925,0.046000025953589735
0.2,0.3,0.3,0.5,0.57858765,49925,0.045567455019641497
0.5,0.5,0.5,0.6,0.57859224,49925,0.04607486173012646
0.7,0.3,0.6,0.5,0.5785946,49925,0.04492579687087683
0.4,0.5,0.4,0.6,0.57860357,49925,0.04604677335012608
0.4,0.1,0.6,0.4,0.5786085,49925,0.043315589656576385
0.2,0.8,0.1,0.6,0.57861114,49925,0.04249530017323624
0.5,0.6,0.5,0.7,0.5786119,49925,0.04607567922750833
0.4,0.9,0.2,0.5,0.5786161,49925,0.04431050017766416
0.9,0.5,0.8,0.7,0.578622,49925,0.04536784225644188
0.3,0.6,0.4,0.9,0.57862616,49925,0.04511887438707327
0.5,0.8,0.5,0.9,0.5786309,49925,0.04580833258762422
0.5,0.4,0.6,0.6,0.5786354,49925,0.045817893438083915
0.4,0.9,0.3,0.8,0.57864505,49925,0.044952909836078234
0.7,0.8,0.4,0.5,0.5786458,49925,0.045377911938140274
0.2,0.5,0.1,0.3,0.5786709,49925,0.04409592707964062
0.8,0.7,0.6,0.7,0.5786774,49925,0.045881467949240695
0.7,0.3,0.3,0.3,0.5786896,49925,0.0440978965572194
0.7,0.9,0.5,0.7,0.57869005,49925,0.04576404020928404
0.7,0.2,0.2,0.2,0.5787018,49925,0.04211689746159292
0.9,0.2,0.5,0.4,0.57870597,49925,0.04308153743808144
0.7,0.1,0.4,0.3,0.5787065,49925,0.042145492159993386
0.9,0.3,0.6,0.5,0.578723,49925,0.044257186328890634
0.4,0.6,0.3,0.5,0.5787306,49925,0.04573143840182614
0.9,0.7,0.9,0.9,0.5787425,49925,0.04587904560262238
0.3,0.4,0.4,0.6,0.57875896,49925,0.045858504072516744
0.4,0.6,0.5,0.9,0.57876366,49925,0.04572902989427501
0.3,0.3,0.5,0.6,0.57876664,49925,0.04553543379687672
0.4,0.8,0.3,0.7,0.57877004,49925,0.04523756796558458
0.9,0.4,0.7,0.6,0.5787791,49925,0.044951283304311265
0.4,0.3,0.8,0.8,0.5787887,49925,0.044791451808150404
0.9,0.3,0.3,0.3,0.5787928,49925,0.04294076922136751
0.6,0.2,0.2,0.2,0.5787928,49925,0.04294076922136752
0.3,0.1,0.1,0.1,0.5787928,49925,0.04294076922136752
0.9,0.9,0.3,0.4,0.57880235,49925,0.04412316455563672
0.2,0.7,0.1,0.5,0.57880867,49925,0.043000048278966474
0.3,0.6,0.3,0.7,0.57881016,49925,0.04531502683474483
0.1,0.2,0.2,0.5,0.5788158,49925,0.04390848045598214
0.5,0.2,0.9,0.7,0.5788283,49925,0.043979578274685634
0.4,0.6,0.2,0.3,0.57883805,49925,0.044848952461061006
0.5,0.7,0.2,0.3,0.57884985,49925,0.04433942062174064
0.5,0.2,0.5,0.4,0.57887924,49925,0.044752705912670915
0.7,0.8,0.2,0.3,0.578883,49925,0.043604877462620054
0.6,0.6,0.4,0.5,0.5789012,49925,0.045767554247946526
0.9,0.4,0.4,0.4,0.57892597,49925,0.04424963746745288
0.9,0.2,0.3,0.3,0.57892805,49925,0.042149042381775845
0.9,0.1,0.4,0.3,0.5789323,49925,0.041003916331978724
0.8,0.2,0.3,0.3,0.57894486,49925,0.04276772588011762
0.6,0.7,0.2,0.3,0.5789484,49925,0.04410831372405583
0.7,0.6,0.6,0.7,0.57895917,49925,0.04599215510408709
0.4,0.4,0.5,0.6,0.5789705,49925,0.045952808456526266
0.6,0.1,0.6,0.4,0.57898164,49925,0.042837581543822036
0.4,0.3,0.6,0.6,0.5789843,49925,0.045465311741004016
0.3,0.1,0.9,0.6,0.578991,49925,0.042081166430818044
0.2,0.6,0.2,0.8,0.5789958,49925,0.04375967074482141
0.1,0.3,0.1,0.4,0.5789958,49925,0.04375967074482141
0.8,0.9,0.4,0.5,0.57899845,49925,0.04506098372955418
0.5,0.9,0.2,0.4,0.57899934,49925,0.04414223614470505
0.8,0.4,0.7,0.6,0.57900655,49925,0.04519171350588413
0.6,0.1,0.4,0.3,0.57900846,49925,0.042724024209340204
0.8,0.8,0.5,0.6,0.5790107,49925,0.045617525124739024
0.7,0.1,0.2,0.2,0.57902014,49925,0.04061617378185978
0.8,0.9,0.2,0.3,0.5790243,49925,0.04313001318692512
0.3,0.5,0.4,0.8,0.5790381,49925,0.04546447813882168
0.9,0.4,0.5,0.5,0.5790433,49925,0.04472678402793365
0.7,0.2,0.8,0.6,0.5790615,49925,0.043985107849880946
0.6,0.2,0.5,0.4,0.57906824,49925,0.04439455440789622
0.9,0.6,0.7,0.7,0.5790694,49925,0.04564646111716631
0.6,0.8,0.1,0.2,0.5791076,49925,0.041728730595023085
0.2,0.9,0.1,0.8,0.57910764,49925,0.04190006487910699
0.7,0.8,0.5,0.7,0.5791103,49925,0.045882513644734335
0.5,0.2,0.2,0.2,0.5791129,49925,0.043807090540573045
0.7,0.7,0.4,0.5,0.57911885,49925,0.04549863505129397
0.4,0.5,0.5,0.7,0.5791192,49925,0.0459603880602993
0.5,0.6,0.3,0.4,0.5791217,49925,0.04550411524126331
0.1,0.1,0.8,0.7,0.57912177,49925,0.03954669093967379
0.4,0.4,0.6,0.7,0.5791236,49925,0.04573098547629945
0.9,0.7,0.7,0.8,0.57912385,49925,0.04587246727733035
0.4,0.2,0.6,0.5,0.5791265,49925,0.04479229671456083
0.3,0.7,0.2,0.6,0.5791511,49925,0.044739707325928385
0.3,0.8,0.2,0.7,0.579168,49925,0.04431058263302615
0.2,0.4,0.2,0.5,0.5791706,49925,0.04524701620434229
0.4,0.4,0.4,0.5,0.579172,49925,0.046082697668066
0.1,0.1,0.6,0.6,0.5791827,49925,0.0408162838659727
0.9,0.8,0.5,0.6,0.57919526,49925,0.045438216429667964
0.7,0.4,0.9,0.8,0.5791975,49925,0.045270500606222654
0.3,0.4,0.3,0.5,0.5792094,49925,0.045974234184359385
0.8,0.7,0.5,0.6,0.57922184,49925,0.04565886868078624
0.8,0.6,0.8,0.8,0.57922184,49925,0.045843304755619756
0.4,0.3,0.4,0.4,0.57922184,49925,0.045843304755619756
0.8,0.5,0.9,0.8,0.57922226,49925,0.04550802534590926
0.5,0.8,0.3,0.5,0.579231,49925,0.04526263511820353
0.4,0.9,0.1,0.3,0.5792325,49925,0.04245769331695438
0.6,0.3,0.6,0.5,0.5792334,49925,0.045183340379332596
0.8,0.7,0.8,0.9,0.5792485,49925,0.04599642390467986
0.9,0.9,0.2,0.3,0.5792561,49925,0.04283785693943424
0.2,0.6,0.1,0.4,0.57925653,49925,0.04356301860082504
0.8,0.8,0.7,0.9,0.57926583,49925,0.04606119538599745
0.9,0.5,0.6,0.6,0.57927114,49925,0.0453008123195769
0.7,0.3,0.9,0.7,0.5792747,49925,0.04466081895888915
0.7,0.2,0.3,0.3,0.57927626,49925,0.04340848165858921
0.8,0.8,0.6,0.8,0.57928765,49925,0.04597172871965055
0.4,0.4,0.3,0.4,0.57928765,49925,0.04597172871965055
0.7,0.4,0.7,0.6,0.57930845,49925,0.04539738876724193
0.4,0.3,0.9,0.9,0.5793094,49925,0.04445374064402715
0.7,0.8,0.3,0.4,0.5793139,49925,0.04473025548118087
0.3,0.5,0.3,0.6,0.57933015,49925,0.04569424822503189
0.1,0.5,0.1,0.8,0.57933384,49925,0.04102918963909696
0.6,0.9,0.5,0.9,0.5793378,49925,0.04582611845323711
0.6,0.4,0.5,0.5,0.57934153,49925,0.04569054928769971
0.9,0.9,0.4,0.5,0.5793546,49925,0.04487785011817631
0.6,0.1,0.2,0.2,0.57936203,49925,0.04152254655266611
0.2,0.5,0.3,0.9,0.5793717,49925,0.04407069903515848
0.3,0.1,0.7,0.5,0.57937455,49925,0.042924000857011986
0.8,0.3,0.9,0.7,0.5794154,49925,0.044540184608395636
0.6,0.9,0.4,0.6,0.5794161,49925,0.0454817691517057
0.7,0.8,0.6,0.9,0.5794174,49925,0.046068848613043605
0.9,0.3,0.7,0.6,0.57941914,49925,0.04445283955118818
0.2,0.2,0.5,0.6,0.5794211,49925,0.044350716108842454
0.8,0.1,0.4,0.3,0.5794268,49925,0.041576099809587645
0.3,0.1,0.4,0.3,0.5794287,49925,0.044133187426185834
0.6,0.2,0.8,0.6,0.5794287,49925,0.044133187426185834
0.8,0.3,0.4,0.4,0.57943505,49925,0.044261065379175096
0.9,0.3,0.9,0.7,0.5794394,49925,0.044378263403685815
0.1,0.3,0.2,0.8,0.57944167,49925,0.04215230174854814
0.4,0.3,0.5,0.5,0.5794427,49925,0.04569916831194416
0.8,0.8,0.4,0.5,0.5794507,49925,0.045181123953619576
0.4,0.2,0.8,0.7,0.5794583,49925,0.044165833353601774
0.8,0.3,0.3,0.3,0.57946944,49925,0.04350366085211724
0.7,0.8,0.1,0.2,0.5794801,49925,0.04142696764754457
0.8,0.4,0.5,0.5,0.5795001,49925,0.04508232688984857
0.7,0.5,0.9,0.9,0.57950604,49925,0.045629191463983
0.4,0.2,0.7,0.6,0.57952976,49925,0.04447546352648235
0.8,0.1,0.6,0.4,0.57954186,49925,0.04211089552848525
0.7,0.6,0.5,0.6,0.5795596,49925,0.045848940148456814
0.6,0.3,0.7,0.6,0.5795681,49925,0.045108467662453806
0.4,0.7,0.4,0.9,0.57956827,49925,0.04554450764277755
0.4,0.5,0.5,0.8,0.57958275,49925,0.045874045742479476
0.4,0.1,0.9,0.6,0.57958287,49925,0.042503261033956755
0.7,0.4,0.8,0.7,0.5795889,49925,0.04535429388140493
0.5,0.6,0.2,0.3,0.5796024,49925,0.04464423963530527
0.5,0.9,0.3,0.6,0.57960665,49925,0.04517080835314237
0.9,0.7,0.6,0.7,0.57962143,49925,0.04571361795485138
0.4,0.6,0.1,0.2,0.579635,49925,0.043017219491215064
0.8,0.6,0.9,0.9,0.5796379,49925,0.04579761154620637
0.5,0.6,0.4,0.6,0.5796462,49925,0.045981496592362725
0.7,0.7,0.7,0.9,0.5796546,49925,0.04608741693625033
0.9,0.3,0.4,0.4,0.57966334,49925,0.04377365345147247
0.5,0.7,0.1,0.2,0.5796676,49925,0.04232703351953345
0.6,0.8,0.5,0.8,0.57968235,49925,0.04594600111689511
0.5,0.9,0.4,0.9,0.57968795,49925,0.04548698837673529
0.7,0.1,0.6,0.4,0.5796923,49925,0.04250362470797737
0.2,0.2,0.4,0.5,0.5796928,49925,0.04501612251567601
0.4,0.7,0.3,0.6,0.57969666,49925,0.04552552044739316
0.3,0.9,0.2,0.8,0.5797026,49925,0.043859505008918095
0.1,0.4,0.1,0.6,0.5797176,49925,0.04221985432641037
0.9,0.8,0.2,0.3,0.5797207,49925,0.042954669677569494
0.3,0.4,0.5,0.8,0.5797228,49925,0.04539907315634896
0.9,0.4,0.8,0.7,0.5797248,49925,0.045043593484158616
0.7,0.6,0.7,0.8,0.5797372,49925,0.04599586480946636
0.8,0.8,0.2,0.3,0.5797405,49925,0.04329437302136944
0.7,0.3,0.7,0.6,0.5797444,49925,0.04494107517444078
0.3,0.5,0.1,0.2,0.57974863,49925,0.043761951954352236
0.8,0.8,0.3,0.4,0.5797628,49925,0.04450159668205483
0.8,0.8,0.1,0.2,0.5797679,49925,0.04110999343980014
0.3,0.6,0.2,0.5,0.57976806,49925,0.045123211368159485
0.9,0.6,0.8,0.8,0.57977766,49925,0.04571580699524423
0.6,0.4,0.9,0.9,0.5797884,49925,0.04529981809994037
0.2,0.2,0.8,0.9,0.5797939,49925,0.04256341057978905
0.4,0.9,0.3,0.9,0.5798006,49925,0.04487486991489611
0.7,0.4,0.5,0.5,0.57980496,49925,0.04541800167559734
0.7,0.5,0.7,0.7,0.5798097,49925,0.04580871130157189
0.7,0.7,0.6,0.8,0.57982415,49925,0.046057035457449116
0.3,0.3,0.4,0.5,0.57982695,49925,0.04585006048539555
0.5,0.3,0.4,0.4,0.5798412,49925,0.04555660846798455
0.4,0.5,0.6,0.9,0.57984287,49925,0.04566785979133384
0.8,0.6,0.5,0.6,0.57984775,49925,0.045635604871187826
0.6,0.8,0.4,0.6,0.57984906,49925,0.04567755805605761
0.3,0.4,0.2,0.3,0.57984906,49925,0.04567755805605761
0.7,0.7,0.2,0.3,0.57985073,49925,0.043794307463726714
0.8,0.5,0.6,0.6,0.5798535,49925,0.045551991002701527
0.9,0.8,0.3,0.4,0.5798601,49925,0.04421526917397881
0.6,0.6,0.7,0.9,0.5798665,49925,0.046011582485358214
0.5,0.8,0.4,0.8,0.5798805,49925,0.045701415799334656
0.6,0.7,0.3,0.4,0.5798831,49925,0.04511469128171407
0.9,0.7,0.8,0.9,0.57989955,49925,0.04593900707562228
0.8,0.5,0.7,0.7,0.5799016,49925,0.04564532058154657
0.7,0.6,0.8,0.9,0.5799297,49925,0.045935570910163544
0.9,0.8,0.4,0.5,0.57993007,49925,0.04495177357132599
0.4,0.4,0.7,0.9,0.5799322,49925,0.04535613602446383
0.3,0.7,0.1,0.3,0.57993644,49925,0.043289448638367756
0.8,0.2,0.8,0.6,0.57995886,49925,0.043784012308829175
0.4,0.1,0.4,0.3,0.57995886,49925,0.043784012308829175
0.9,0.1,0.6,0.4,0.579971,49925,0.04172525791398166
0.6,0.2,0.3,0.3,0.57999015,49925,0.04405309005135816
0.3,0.7,0.3,0.9,0.5799956,49925,0.04475910313441421
0.9,0.9,0.6,0.8,0.58000547,49925,0.04583287386253954
0.3,0.2,0.5,0.5,0.5800319,49925,0.04508143092126706
0.7,0.6,0.4,0.5,0.5800423,49925,0.045544506913309406
0.6,0.5,0.8,0.9,0.58004415,49925,0.04576887636198805
0.5,0.5,0.3,0.4,0.58004886,49925,0.04565906445392868
0.6,0.5,0.5,0.6,0.5800493,49925,0.045992271534943764
0.8,0.7,0.4,0.5,0.5800512,49925,0.04527189514457237
0.9,0.2,0.6,0.5,0.58005637,49925,0.04348586235201417
0.8,0.7,0.2,0.3,0.58006,49925,0.04343565282035972
0.2,0.1,0.9,0.6,0.58006144,49925,0.0411863617927864
0.7,0.5,0.8,0.8,0.58006734,49925,0.045736267991564085
0.9,0.5,0.7,0.7,0.58008766,49925,0.04543634854100161
0.8,0.6,0.6,0.7,0.5800891,49925,0.04583621091159824
0.8,0.9,0.5,0.7,0.58009374,49925,0.045686925549839316
0.9,0.7,0.5,0.6,0.58011365,49925,0.04545292086075923
0.1,0.1,0.9,0.8,0.5801326,49925,0.03892311286179539
0.2,0.2,0.7,0.8,0.5801338,49925,0.043110434962327616
0.6,0.9,0.3,0.5,0.5801341,49925,0.04499580369356577
0.3,0.2,0.3,0.3,0.5801383,49925,0.04572391911920932
0.9,0.6,0.9,0.9,0.5801383,49925,0.045723919119209325
0.6,0.4,0.6,0.6,0.5801383,49925,0.04572391911920932
0.4,0.8,0.2,0.5,0.58014715,49925,0.04470492707039007
0.2,0.2,0.6,0.7,0.58014876,49925,0.04371893396741475
0.9,0.7,0.2,0.3,0.5801627,49925,0.043061315257486465
0.8,0.4,0.8,0.7,0.580167,49925,0.04522887782885334
0.3,0.2,0.4,0.4,0.5801822,49925,0.04551830123229982
0.6,0.4,0.8,0.8,0.5801822,49925,0.04551830123229982
0.6,0.7,0.6,0.9,0.5801893,49925,0.04606650714751435
0.3,0.3,0.3,0.4,0.580197,49925,0.04609069668567595
0.6,0.6,0.6,0.8,0.580197,49925,0.04609069668567595
0.2,0.4,0.3,0.7,0.5801979,49925,0.044859863389077506
0.9,0.5,0.9,0.8,0.58020055,49925,0.04539005418749841
0.6,0.5,0.6,0.7,0.5802066,49925,0.045983306689991524
0.3,0.3,0.7,0.9,0.5802157,49925,0.04451166382811456
0.7,0.3,0.4,0.4,0.5802161,49925,0.044726368964580744
0.2,0.3,0.5,0.9,0.58022916,49925,0.044012234696201274
0.5,0.1,0.4,0.3,0.5802534,49925,0.04327847725610772
0.8,0.9,0.6,0.9,0.5802616,49925,0.04596081617519909
0.9,0.7,0.1,0.2,0.5802624,49925,0.04087779194901707
0.6,0.7,0.1,0.2,0.5802716,49925,0.04202450848418783
0.4,0.8,0.3,0.8,0.58027864,49925,0.045204748311448134
0.4,0.7,0.3,0.7,0.58029425,49925,0.04549901375488467
0.2,0.3,0.4,0.7,0.5803101,49925,0.0448212711457303
0.8,0.3,0.7,0.6,0.5803246,49925,0.04473696963978952
0.1,0.5,0.1,0.9,0.5803661,49925,0.04063550799608593
0.7,0.7,0.5,0.7,0.5803707,49925,0.04594682219930472
0.7,0.2,0.6,0.5,0.58037275,49925,0.044167623171519475
0.5,0.7,0.5,0.9,0.58038545,49925,0.045900104442111796
0.2,0.1,0.6,0.5,0.5803889,49925,0.0428453259523111
0.3,0.6,0.3,0.8,0.58039147,49925,0.045172658589215486
0.7,0.9,0.5,0.8,0.5804056,49925,0.04583948089696716
0.5,0.4,0.8,0.9,0.58042204,49925,0.045393405067916746
0.7,0.5,0.4,0.5,0.58043087,49925,0.0455201128086272
0.6,0.3,0.4,0.4,0.58044064,49925,0.04516415016797845
0.9,0.6,0.5,0.6,0.58044505,49925,0.04540272205505871
0.6,0.5,0.4,0.5,0.5804565,49925,0.045789133170985735
0.6,0.7,0.5,0.8,0.5804581,49925,0.04604004630527504
0.9,0.8,0.6,0.8,0.58046293,49925,0.045850202153906755
0.6,0.3,0.8,0.7,0.5804669,49925,0.045018425725994814
0.3,0.8,0.1,0.4,0.5804678,49925,0.04319087867115004
0.9,0.8,0.7,0.9,0.58047223,49925,0.04598964015600368
0.9,0.6,0.6,0.7,0.58047456,49925,0.04561306718536795
0.8,0.4,0.9,0.8,0.580481,49925,0.045165549950678265
0.3,0.3,0.6,0.8,0.58049345,49925,0.044947137369132646
0.9,0.4,0.9,0.8,0.58050513,49925,0.04504124415425485
0.5,0.6,0.6,0.9,0.5805154,49925,0.04595652901316626
0.7,0.9,0.4,0.6,0.5805174,49925,0.045440945061630655
0.6,0.5,0.7,0.8,0.58051825,49925,0.0459147431250388
0.2,0.8,0.1,0.7,0.5805239,49925,0.04242818108574944
0.5,0.7,0.4,0.7,0.58054084,49925,0.04588252423564471
0.5,0.5,0.5,0.7,0.5805581,49925,0.046067927588244406
0.7,0.7,0.3,0.4,0.5805592,49925,0.04488094384337767
0.2,0.2,0.3,0.4,0.58057046,49925,0.045675313129257315
0.4,0.4,0.6,0.8,0.58057046,49925,0.045675313129257315
0.3,0.4,0.4,0.7,0.5805797,49925,0.04568284305383253
0.5,0.1,0.9,0.6,0.5805798,49925,0.042635641862777594
0.3,0.2,0.6,0.6,0.58061886,49925,0.04461972441469609
0.1,0.3,0.2,0.9,0.5806246,49925,0.04160248772138043
0.8,0.2,0.6,0.5,0.5806279,49925,0.04382546583498372
0.5,0.5,0.7,0.9,0.5806585,49925,0.04578516716347037
0.8,0.4,0.6,0.6,0.5806766,49925,0.04526612417138154
0.4,0.2,0.3,0.3,0.5806766,49925,0.04526612417138154
0.8,0.5,0.5,0.6,0.5806807,49925,0.04551406259657
0.6,0.6,0.3,0.4,0.5806825,49925,0.045276547297593686
0.2,0.9,0.1,0.9,0.58068633,49925,0.041792144093693695
0.3,0.5,0.2,0.4,0.5806912,49925,0.045484749988270755
0.6,0.9,0.4,0.7,0.58069575,49925,0.04559844290965465
0.8,0.7,0.3,0.4,0.5806968,49925,0.04458966451127538
0.5,0.1,0.2,0.2,0.5807049,49925,0.0424892596577059
0.5,0.6,0.5,0.8,0.58071685,49925,0.046038924356625516
0.4,0.9,0.2,0.6,0.5807339,49925,0.04446988496346334
0.6,0.6,0.2,0.3,0.5807368,49925,0.04432746652598973
0.1,0.1,0.7,0.7,0.58076525,49925,0.040047127767592776
0.6,0.7,0.4,0.6,0.5807835,49925,0.04583312844105085
0.8,0.8,0.5,0.7,0.5808346,49925,0.04575959224240825
0.5,0.8,0.2,0.4,0.58083594,49925,0.04451122594121612
0.6,0.2,0.9,0.7,0.5808389,49925,0.043980041273538925
0.4,0.5,0.2,0.3,0.58084387,49925,0.04518149178096894
0.4,0.2,0.9,0.8,0.58085376,49925,0.043833412058986033
0.6,0.4,0.7,0.7,0.5808658,49925,0.04564421116211137
0.5,0.4,0.4,0.5,0.58088213,49925,0.045956595758919756
0.7,0.6,0.2,0.3,0.5809026,49925,0.04392714544540181
0.9,0.2,0.8,0.6,0.58090895,49925,0.04352389879891095
0.9,0.7,0.3,0.4,0.58091664,49925,0.04425842296636368
0.9,0.6,0.3,0.4,0.5809185,49925,0.0442435085324388
0.5,0.3,0.8,0.8,0.58091956,49925,0.04501309494947171
0.5,0.2,0.3,0.3,0.5809308,49925,0.04469905981142526
0.4,0.7,0.2,0.4,0.58093685,49925,0.044861724041195296
0.6,0.3,0.9,0.8,0.5809386,49925,0.044824235212957475
0.5,0.5,0.6,0.8,0.58095485,49925,0.04595471024102744
0.8,0.6,0.8,0.9,0.5809725,49925,0.04590981572987089
0.5,0.3,0.6,0.6,0.5809772,49925,0.04549503805589886
0.6,0.1,0.9,0.6,0.5809871,49925,0.042647270246646315
0.5,0.3,0.7,0.7,0.5809873,49925,0.04527198793292643
0.6,0.8,0.5,0.9,0.58099663,49925,0.04594501135419196
0.5,0.9,0.1,0.3,0.58099973,49925,0.042465529508365754
0.8,0.7,0.7,0.9,0.581002,49925,0.04604138302351816
0.8,0.6,0.4,0.5,0.5810041,49925,0.04529192859873524
0.7,0.4,0.6,0.6,0.58101106,49925,0.04551270384019325
0.3,0.7,0.2,0.7,0.5810173,49925,0.044628722855301506
0.7,0.7,0.1,0.2,0.5810196,49925,0.04166655731273329
0.3,0.1,0.5,0.4,0.5810219,49925,0.04384070555416541
0.3,0.9,0.2,0.9,0.58102983,49925,0.04376374440288284
0.6,0.6,0.5,0.7,0.58103526,49925,0.04606819795160185
0.5,0.4,0.3,0.4,0.5810545,49925,0.045695608609758596
0.8,0.6,0.7,0.8,0.58105725,49925,0.04591197952737987
0.1,0.1,0.8,0.8,0.5810725,49925,0.03934562962707479
0.8,0.7,0.1,0.2,0.58107567,49925,0.041280644469780955
0.5,0.4,0.7,0.8,0.58109707,49925,0.04564326214344948
0.1,0.4,0.1,0.7,0.58111286,49925,0.04172281056772494
0.4,0.6,0.3,0.6,0.58111334,49925,0.045754673652771215
0.2,0.3,0.2,0.4,0.58112687,49925,0.04579055629635661
0.4,0.6,0.4,0.8,0.58112687,49925,0.04579055629635661
0.9,0.1,0.9,0.6,0.5811284,49925,0.042226045717703935
0.3,0.5,0.3,0.7,0.5811293,49925,0.04553669863087052
0.4,0.5,0.3,0.5,0.58113706,49925,0.04593269475140507
0.3,0.3,0.5,0.7,0.58113724,49925,0.045382121532120866
0.1,0.2,0.3,0.8,0.58114,49925,0.04211554336101007
0.4,0.8,0.1,0.3,0.5811466,49925,0.042915476657966245
0.5,0.6,0.1,0.2,0.5811499,49925,0.04269526402005558
0.9,0.7,0.4,0.5,0.5811692,49925,0.04500695290424449
0.7,0.6,0.3,0.4,0.58117217,49925,0.04496747372559172
0.7,0.2,0.9,0.7,0.5811731,49925,0.04393634484922978
0.7,0.5,0.5,0.6,0.5811808,49925,0.04576986240109094
0.9,0.3,0.5,0.5,0.58118916,49925,0.04427348984994286
0.4,0.1,0.7,0.5,0.58121,49925,0.043136506843347015
0.3,0.1,0.8,0.6,0.58121055,49925,0.04255728936700972
0.5,0.7,0.3,0.5,0.5812112,49925,0.04551221791748315
0.5,0.8,0.4,0.9,0.58124924,49925,0.04567799741695284
0.5,0.9,0.3,0.7,0.58125144,49925,0.045247863487081465
0.4,0.3,0.7,0.8,0.5812539,49925,0.045099989664602116
0.3,0.2,0.7,0.7,0.5812587,49925,0.044154730152104055
0.5,0.4,0.6,0.7,0.5812646,49925,0.045854947244435285
0.7,0.8,0.5,0.8,0.58127624,49925,0.045944206541958015
0.6,0.3,0.5,0.5,0.5812817,49925,0.04531450883482404
0.7,0.8,0.4,0.6,0.58128256,49925,0.045585095439656644
0.5,0.8,0.3,0.6,0.58130527,49925,0.04541529561759341
0.6,0.4,0.4,0.5,0.5813121,49925,0.04568806801683309
0.4,0.5,0.1,0.2,0.5813326,49925,0.04348284834722012
0.2,0.7,0.1,0.6,0.58133703,49925,0.04298684962138667
0.3,0.5,0.2,0.5,0.5813403,49925,0.04548856667462849
0.3,0.3,0.2,0.3,0.5813428,49925,0.04590347312686326
0.6,0.6,0.4,0.6,0.5813428,49925,0.04590347312686326
0.9,0.9,0.6,0.9,0.5813428,49925,0.04590347312686326
0.3,0.9,0.1,0.5,0.581346,49925,0.04296294478888544
0.9,0.9,0.5,0.7,0.58134866,49925,0.045575123284226166
0.5,0.4,0.5,0.6,0.5813495,49925,0.04596483070181971
0.2,0.3,0.3,0.6,0.5813757,49925,0.045231395764492845
0.8,0.8,0.6,0.9,0.5813919,49925,0.04602165182503674
0.9,0.5,0.6,0.7,0.58140534,49925,0.04546369127067626
0.8,0.7,0.5,0.7,0.58141446,49925,0.045801483440492285
0.7,0.1,0.9,0.6,0.58144313,49925,0.04256205016225132
0.7,0.4,0.9,0.9,0.58145976,49925,0.045342195684841435
0.6,0.2,0.6,0.5,0.58147323,49925,0.04446150063757763
0.7,0.9,0.3,0.5,0.58149153,49925,0.0448937158139435
0.7,0.3,0.8,0.7,0.58150434,49925,0.044900180191768516
0.2,0.5,0.2,0.7,0.58151335,49925,0.04434778013244886
0.8,0.5,0.8,0.8,0.58152086,49925,0.045634405585459836
0.9,0.5,0.5,0.6,0.5815264,49925,0.04524506803154109
0.3,0.8,0.2,0.8,0.5815341,49925,0.04419127690887673
0.8,0.7,0.6,0.8,0.58154136,49925,0.045972509549637296
0.4,0.3,0.6,0.7,0.5815418,49925,0.045443543901587606
0.9,0.6,0.2,0.3,0.5815434,49925,0.043087028286027076
0.9,0.3,0.8,0.7,0.5815507,49925,0.04451675647569301
0.9,0.4,0.6,0.6,0.5815723,49925,0.044992945755436595
0.9,0.7,0.7,0.9,0.5815761,49925,0.045935731823002784
0.8,0.3,0.5,0.5,0.5815892,49925,0.04465210060965244
0.8,0.6,0.2,0.3,0.58158976,49925,0.04351317308156813
0.5,0.5,0.6,0.9,0.5816066,49925,0.045902225645091624
0.8,0.5,0.9,0.9,0.5816243,49925,0.04560267622889181
0.6,0.5,0.3,0.4,0.58162767,49925,0.045377445852677514
0.6,0.9,0.4,0.8,0.5816323,49925,0.04566322918564361
0.8,0.2,0.9,0.7,0.58163935,49925,0.04380631023435948
0.9,0.6,0.1,0.2,0.5816398,49925,0.04090800861121128
0.9,0.7,0.6,0.8,0.58165133,49925,0.045828793147379455
0.1,0.2,0.2,0.6,0.58165425,49925,0.043234249715504824
0.9,0.2,0.4,0.4,0.5816581,49925,0.04299216237013916
0.3,0.4,0.5,0.9,0.581674,49925,0.04519299249069797
0.8,0.6,0.1,0.2,0.5816769,49925,0.041370032389553585
0.2,0.1,0.8,0.6,0.58168757,49925,0.041732424617590934
0.9,0.4,0.7,0.7,0.5816961,49925,0.04511654773504331
0.9,0.8,0.5,0.7,0.5816969,49925,0.045615958327048935
0.6,0.6,0.1,0.2,0.58170044,49925,0.04230404955057867
0.8,0.1,0.9,0.6,0.5817141,49925,0.042421553263111186
0.6,0.9,0.3,0.6,0.5817363,49925,0.045219666877077055
0.4,0.6,0.2,0.4,0.5817363,49925,0.04521966687707705
0.2,0.3,0.1,0.2,0.5817363,49925,0.04521966687707705
0.4,0.4,0.5,0.7,0.5817369,49925,0.04588998611414299
0.7,0.6,0.1,0.2,0.58175844,49925,0.04185159581166283
0.9,0.7,0.5,0.7,0.58176106,49925,0.04561334521967516
0.7,0.3,0.5,0.5,0.5817637,49925,0.04501317079974186
0.4,0.4,0.4,0.6,0.58176523,49925,0.0460474320804965
0.6,0.6,0.6,0.9,0.58176523,49925,0.0460474320804965
0.2,0.2,0.2,0.3,0.58176523,49925,0.0460474320804965
0.7,0.5,0.6,0.7,0.5817752,49925,0.04589060598609856
0.6,0.4,0.8,0.9,0.58179265,49925,0.04551449875622634
0.7,0.5,0.8,0.9,0.581793,49925,0.04577521666063046
0.9,0.5,0.8,0.8,0.5817931,49925,0.045484266569443065
0.9,0.6,0.7,0.8,0.5817937,49925,0.04577547879715434
0.8,0.6,0.3,0.4,0.58179826,49925,0.0446239920110038
0.6,0.9,0.2,0.4,0.581813,49925,0.044067126519388274
0.3,0.2,0.8,0.8,0.58181775,49925,0.04368507038294276
0.8,0.1,0.3,0.3,0.5818185,49925,0.04136005795398617
0.8,0.5,0.4,0.5,0.5818188,49925,0.04522068574783629
0.5,0.7,0.4,0.8,0.58182424,49925,0.04586605535793019
0.9,0.6,0.4,0.5,0.5818385,49925,0.04498128736699953
0.7,0.7,0.6,0.9,0.58185333,49925,0.046087069469976046
0.7,0.4,0.7,0.7,0.58185804,49925,0.04552573803188176
0.4,0.3,0.8,0.9,0.5818642,49925,0.04474091282823065
0.9,0.2,0.9,0.7,0.581867,49925,0.04363462159172419
0.6,0.8,0.3,0.5,0.58187765,49925,0.04521385916670307
0.8,0.3,0.6,0.6,0.58188033,49925,0.04483420213157026
0.5,0.3,0.5,0.5,0.5818846,49925,0.045579544503697826
0.5,0.2,0.6,0.5,0.58190566,49925,0.04467886425819337
0.2,0.4,0.2,0.6,0.5819089,49925,0.04495154752119791
0.3,0.6,0.3,0.9,0.5819089,49925,0.04495154752119791
0.1,0.2,0.1,0.3,0.5819089,49925,0.04495154752119791
0.5,0.9,0.2,0.5,0.5819161,49925,0.04447405064794971
0.8,0.3,0.8,0.7,0.5819516,49925,0.04472732970337611
0.6,0.8,0.4,0.7,0.5819533,49925,0.045773156398023394
0.9,0.1,0.3,0.3,0.5819683,49925,0.04071262823103439
0.5,0.6,0.4,0.7,0.58197117,49925,0.04599821447544575
0.4,0.5,0.5,0.9,0.5819868,49925,0.04573420251965849
0.5,0.5,0.2,0.3,0.5819927,49925,0.044872254622904555
0.7,0.9,0.5,0.9,0.5819936,49925,0.04589131873726156
0.5,0.1,0.7,0.5,0.58199483,49925,0.04311571377917489
0.6,0.9,0.1,0.3,0.5819974,49925,0.04236775824597922
0.2,0.3,0.4,0.8,0.5819999,49925,0.04448677525373253
0.2,0.3,0.4,0.9,0.58200115,49925,0.044142290202861645
0.8,0.9,0.4,0.6,0.58200496,49925,0.0453268676971699
0.8,0.9,0.3,0.5,0.58201134,49925,0.04471588817757761
0.2,0.6,0.1,0.5,0.58202314,49925,0.04356280958898794
0.2,0.5,0.1,0.4,0.5820305,49925,0.044186754521408245
0.1,0.1,0.9,0.9,0.5820523,49925,0.03874811095050999
0.7,0.6,0.7,0.9,0.58205533,49925,0.046017914647054584
0.3,0.6,0.2,0.6,0.5820556,49925,0.04507993189893566
0.7,0.4,0.4,0.5,0.5820596,49925,0.04536612323006948
0.5,0.5,0.1,0.2,0.5820705,49925,0.04301519975045271
0.8,0.4,0.7,0.7,0.58207184,49925,0.04533846742154011
0.3,0.2,0.9,0.9,0.5820861,49925,0.043244280219005206
0.6,0.9,0.4,0.9,0.5821009,49925,0.045665577425115116
0.9,0.5,0.2,0.3,0.58210987,49925,0.04298716258051737
0.2,0.6,0.2,0.9,0.58211815,49925,0.043480119612075444
0.7,0.1,0.7,0.5,0.5821296,49925,0.04272296315161079
0.2,0.8,0.1,0.8,0.5821562,49925,0.042306665371542235
0.5,0.4,0.7,0.9,0.58215815,49925,0.045600800532905876
0.9,0.6,0.8,0.9,0.58215845,49925,0.04580238464405321
0.7,0.7,0.4,0.6,0.5821633,49925,0.04568625086053287
0.1,0.4,0.1,0.8,0.5821641,49925,0.04124783783256377
0.6,0.1,0.7,0.5,0.5821758,49925,0.04296120183091871
0.4,0.6,0.3,0.7,0.58217776,49925,0.04572466309414628
0.5,0.2,0.9,0.8,0.58217984,49925,0.044049810569765084
0.7,0.6,0.6,0.8,0.58218586,49925,0.046039886200716744
0.5,0.2,0.8,0.7,0.5821862,49925,0.04428419154309421
0.9,0.3,0.6,0.6,0.5821949,49925,0.04452948174853695
0.6,0.2,0.4,0.4,0.5821949,49925,0.04452948174853695
0.3,0.1,0.2,0.2,0.5821949,49925,0.04452948174853695
0.4,0.5,0.4,0.7,0.5821954,49925,0.04597755768209399
0.4,0.9,0.2,0.7,0.58219886,49925,0.044512288961607464
0.9,0.5,0.9,0.9,0.582208,49925,0.0454831760833764
0.8,0.2,0.4,0.4,0.58221036,49925,0.04352111618653886
0.4,0.1,0.2,0.2,0.58221036,49925,0.04352111618653886
0.8,0.5,0.6,0.7,0.58221126,49925,0.04570133871404741
0.8,0.4,0.5,0.6,0.5822116,49925,0.045283818615037115
0.7,0.9,0.4,0.7,0.58222145,49925,0.045610538937417525
0.4,0.8,0.3,0.9,0.58223414,49925,0.04509383468833472
0.8,0.6,0.6,0.8,0.5822342,49925,0.045919843054525164
0.4,0.3,0.3,0.4,0.5822342,49925,0.045919843054525164
0.4,0.7,0.3,0.8,0.5822426,49925,0.04542964621600457
0.5,0.8,0.3,0.7,0.5822493,49925,0.045467497455742883
0.4,0.3,0.5,0.6,0.58225614,49925,0.045730063258607484
0.7,0.4,0.8,0.8,0.58225954,49925,0.045477576118057444
0.7,0.4,0.5,0.6,0.5822624,49925,0.045583191671174667
0.5,0.5,0.4,0.6,0.58226347,49925,0.04607035040956854
0.4,0.6,0.4,0.9,0.5822722,49925,0.04566440033250626
0.5,0.2,0.4,0.4,0.5822786,49925,0.044969105530480655
0.7,0.5,0.7,0.8,0.58228904,49925,0.0458858750151326
0.2,0.4,0.3,0.8,0.5822902,49925,0.04451342251295857
0.5,0.3,0.9,0.9,0.58230203,49925,0.04472137713040712
0.5,0.6,0.3,0.5,0.58232075,49925,0.045727533073563344
0.9,0.2,0.7,0.6,0.58232665,49925,0.04366912425266655
0.1,0.1,0.5,0.6,0.5823328,49925,0.041382676238217966
0.9,0.9,0.4,0.6,0.5823585,49925,0.04515616057576495
0.3,0.5,0.4,0.9,0.58236974,49925,0.04523605318184437
0.6,0.4,0.7,0.8,0.5823735,49925,0.04568633928134433
0.9,0.4,0.8,0.8,0.5824072,49925,0.04515300933864734
0.5,0.9,0.3,0.8,0.5824134,49925,0.045259046336082874
0.9,0.5,0.4,0.5,0.5824181,49925,0.04484728497131592
0.8,0.8,0.5,0.8,0.58245015,49925,0.04585909943279486
0.8,0.9,0.5,0.8,0.5824569,49925,0.045812893076769015
0.7,0.6,0.5,0.7,0.5824654,49925,0.04594956040149227
0.1,0.1,0.7,0.8,0.582477,49925,0.03979365897508997
0.6,0.5,0.2,0.3,0.5824788,49925,0.044450434007673845
0.6,0.4,0.3,0.4,0.5824802,49925,0.045330002802473096
0.8,0.6,0.5,0.7,0.58248055,49925,0.04576971265704587
0.7,0.3,0.6,0.6,0.58248466,49925,0.045093897321190166
0.4,0.7,0.2,0.5,0.5824927,49925,0.0450555904231588
0.7,0.5,0.3,0.4,0.58251274,49925,0.04501012607600833
0.4,0.9,0.1,0.4,0.58251417,49925,0.0430331357285665
0.6,0.3,0.3,0.4,0.5825203,49925,0.04505375009941356
0.8,0.2,0.7,0.6,0.58253765,49925,0.043962256135042045
0.9,0.4,0.5,0.6,0.58254427,49925,0.04496526139127245
0.9,0.9,0.3,0.5,0.5825499,49925,0.04450114182978888
0.6,0.4,0.5,0.6,0.5825639,49925,0.04584425180604763
0.8,0.4,0.4,0.5,0.5825718,49925,0.044970960631884466
0.2,0.2,0.7,0.9,0.5825721,49925,0.04292147952818469
0.5,0.7,0.2,0.4,0.5825764,49925,0.044816451252494276
0.7,0.9,0.2,0.4,0.5825953,49925,0.04391134726473326
0.2,0.4,0.3,0.9,0.5825996,49925,0.044153830838282275
0.8,0.1,0.5,0.4,0.5826126,49925,0.04222262199740942
0.5,0.6,0.5,0.9,0.58263916,49925,0.045966607809035866
0.1,0.2,0.3,0.9,0.58265674,49925,0.04156272769396431
0.3,0.3,0.4,0.6,0.58267,49925,0.04576264520295584
0.5,0.4,0.6,0.8,0.5826799,49925,0.04581621485416098
0.6,0.5,0.6,0.8,0.5826896,49925,0.046008090620175676
0.6,0.5,0.1,0.2,0.58269453,49925,0.04247610679602643
0.8,0.5,0.7,0.8,0.5827045,49925,0.04574062280646975
0.3,0.6,0.1,0.3,0.5827145,49925,0.043873991037760005
0.9,0.1,0.5,0.4,0.5827267,49925,0.04177211309608146
0.7,0.6,0.6,0.9,0.5827288,49925,0.046057850982754875
0.9,0.4,0.4,0.5,0.5827335,49925,0.04457541183256406
0.2,0.4,0.1,0.3,0.5827344,49925,0.044820102632379
0.4,0.8,0.2,0.6,0.5827344,49925,0.044820102632379
0.7,0.2,0.7,0.6,0.5827453,49925,0.04420817629187354
0.9,0.8,0.6,0.9,0.58275306,49925,0.045915623936525075
0.3,0.9,0.1,0.6,0.5827677,49925,0.04310020139404758
0.7,0.6,0.4,0.6,0.5827798,49925,0.04573864533107034
0.6,0.5,0.7,0.9,0.5827819,49925,0.04588926938324516
0.3,0.7,0.1,0.4,0.5827832,49925,0.043720471911423475
0.7,0.5,0.2,0.3,0.58278495,49925,0.043966846386515705
0.8,0.8,0.4,0.6,0.5827998,49925,0.04544430645036494
0.4,0.4,0.2,0.3,0.5827998,49925,0.04544430645036494
0.6,0.5,0.5,0.7,0.58280885,49925,0.04603916133234602
0.5,0.8,0.1,0.3,0.5828139,49925,0.04286685643923411
0.4,0.4,0.6,0.9,0.58283377,49925,0.045543678949366374
0.5,0.7,0.3,0.6,0.5828358,49925,0.04562461191213326
0.8,0.5,0.2,0.3,0.58284336,49925,0.04347885694388217
0.8,0.1,0.7,0.5,0.5828472,49925,0.04243449750034178
0.9,0.6,0.5,0.7,0.5828636,49925,0.04556410858704927
0.5,0.2,0.7,0.6,0.5828844,49925,0.04451500652355889
0.1,0.1,0.4,0.5,0.5828932,49925,0.04237213648472467
0.9,0.3,0.9,0.8,0.58290833,49925,0.04454433598395909
0.6,0.5,0.4,0.6,0.58291686,49925,0.04590954039056255
0.9,0.9,0.5,0.8,0.5829179,49925,0.04570876174135288
0.7,0.8,0.3,0.5,0.58295065,49925,0.04508305781943028
0.9,0.2,0.1,0.2,0.5829515,49925,0.03937340815477721
0.7,0.3,0.9,0.8,0.5829549,49925,0.04479566217801486
0.7,0.7,0.5,0.8,0.5829551,49925,0.04600383980432099
0.9,0.1,0.7,0.5,0.5829597,49925,0.042131913995445434
0.9,0.6,0.6,0.8,0.5829636,49925,0.045741596193104445
0.2,0.1,0.7,0.6,0.582968,49925,0.04225552068691148
0.4,0.2,0.5,0.5,0.5829693,49925,0.045182423579765485
0.1,0.1,0.6,0.7,0.58299017,49925,0.04053489945320457
0.4,0.2,0.8,0.8,0.58299094,49925,0.04415533210875373
0.2,0.1,0.4,0.4,0.58299094,49925,0.04415533210875373
0.6,0.6,0.5,0.8,0.5829953,49925,0.04608128023729103
0.7,0.1,0.3,0.3,0.5830017,49925,0.042024400184993496
0.6,0.7,0.5,0.9,0.58301884,49925,0.046021419967588205
0.6,0.8,0.2,0.4,0.5830191,49925,0.044354266473947045
0.3,0.4,0.1,0.2,0.5830191,49925,0.044354266473947045
0.6,0.3,0.7,0.7,0.583022,49925,0.045263579652595275
0.8,0.4,0.9,0.9,0.5830226,49925,0.04528535594195368
0.7,0.2,0.4,0.4,0.5830386,49925,0.04404036913876622
0.5,0.5,0.5,0.8,0.5830399,49925,0.04601964662899936
0.4,0.1,0.5,0.4,0.58305043,49925,0.043759431966117965
0.4,0.1,0.8,0.6,0.5830648,49925,0.042914706313377834
0.4,0.3,0.2,0.3,0.5830671,49925,0.04549956543516571
0.8,0.6,0.4,0.6,0.5830671,49925,0.04549956543516571
0.8,0.9,0.2,0.4,0.5830701,49925,0.043672639633453025
0.5,0.3,0.6,0.7,0.58307016,49925,0.04551902083309952
0.3,0.4,0.4,0.8,0.58307296,49925,0.04548037510230769
0.8,0.4,0.8,0.8,0.5830745,49925,0.045328374385736225
0.6,0.3,0.6,0.6,0.5830745,49925,0.04532837438573622
0.2,0.1,0.2,0.2,0.5830745,49925,0.045328374385736225
0.4,0.2,0.4,0.4,0.5830745,49925,0.045328374385736225
0.9,0.5,0.1,0.2,0.58307505,49925,0.04082521910135952
0.6,0.7,0.4,0.7,0.58307517,49925,0.04589673079621278
0.9,0.6,0.7,0.9,0.58308774,49925,0.04583975516596347
0.4,0.3,0.4,0.5,0.58309823,49925,0.04592671041221375
0.6,0.2,0.7,0.6,0.58311844,49925,0.04441565430529816
0.2,0.2,0.5,0.7,0.5831203,49925,0.04411671749686144
0.2,0.1,0.9,0.7,0.5831227,49925,0.04122926758587112
0.8,0.6,0.7,0.9,0.58314556,49925,0.045979694112636485
0.1,0.3,0.1,0.5,0.58315605,49925,0.043186013320772196
0.9,0.3,0.7,0.7,0.58315796,49925,0.04463301879404713
0.6,0.7,0.3,0.5,0.5831722,49925,0.04540769206039588
0.6,0.8,0.1,0.3,0.5831753,49925,0.04266661467975112
0.8,0.7,0.6,0.9,0.58318776,49925,0.0460253860812407
0.6,0.8,0.4,0.8,0.58319074,49925,0.04581438643631144
0.3,0.4,0.2,0.4,0.58319074,49925,0.04581438643631144
0.8,0.5,0.1,0.2,0.58319265,49925,0.04137593531409174
0.7,0.2,0.5,0.5,0.58319795,49925,0.04429913208171918
0.9,0.5,0.7,0.8,0.5832048,49925,0.04557475337163971
0.2,0.5,0.2,0.8,0.5832129,49925,0.04404132435165406
0.5,0.7,0.4,0.9,0.58322823,49925,0.04579474468277215
0.9,0.4,0.2,0.3,0.5832318,49925,0.04279028802375669
0.9,0.5,0.3,0.4,0.58323205,49925,0.04416404431544785
0.8,0.5,0.3,0.4,0.5832331,49925,0.044603113472660744
0.8,0.7,0.4,0.6,0.58323365,49925,0.04552134023784409
0.9,0.4,0.6,0.7,0.58324945,49925,0.045163087883381886
0.9,0.9,0.2,0.4,0.58325607,49925,0.0434194852534914
0.8,0.3,0.4,0.5,0.5832671,49925,0.04458043822037438
0.3,0.8,0.1,0.5,0.5832684,49925,0.04343498469298954
0.3,0.8,0.2,0.9,0.58328056,49925,0.044044908572083104
0.7,0.5,0.4,0.6,0.5832811,49925,0.045683115823694456
0.9,0.8,0.3,0.5,0.5832997,49925,0.04461233491486888
0.8,0.8,0.3,0.5,0.5833028,49925,0.04485319728702091
0.7,0.5,0.1,0.2,0.5833089,49925,0.04190860500027333
0.4,0.2,0.7,0.7,0.583323,49925,0.044500193840171225
0.8,0.5,0.8,0.9,0.58332646,49925,0.045716908823505896
0.3,0.7,0.2,0.8,0.5833306,49925,0.04450504932986663
0.7,0.4,0.3,0.4,0.5833428,49925,0.044882428289507094
0.3,0.3,0.3,0.5,0.5833535,49925,0.04599486134259999
0.1,0.1,0.8,0.9,0.5833611,49925,0.03914439081375716
0.7,0.1,0.5,0.4,0.58339864,49925,0.04268331110955207
0.9,0.8,0.4,0.6,0.5834173,49925,0.04524861871913688
0.6,0.8,0.3,0.6,0.5834199,49925,0.045414467766323886
0.3,0.4,0.3,0.6,0.583437,49925,0.045841397450779704
0.5,0.5,0.3,0.5,0.583442,49925,0.045835703466901544
0.6,0.4,0.2,0.3,0.583449,49925,0.04446564911730694
0.9,0.3,0.4,0.5,0.58345336,49925,0.04415395417806854
0.7,0.5,0.6,0.8,0.583456,49925,0.04593643560341711
0.8,0.2,0.5,0.5,0.58346516,49925,0.04389998510952039
0.4,0.3,0.6,0.8,0.5834657,49925,0.045333337274144805
0.8,0.9,0.1,0.3,0.5834757,49925,0.041903087947311804
0.6,0.4,0.7,0.9,0.58348733,49925,0.04567033438260921
0.7,0.9,0.3,0.6,0.5835206,49925,0.04513916310662411
0.5,0.8,0.2,0.5,0.5835352,49925,0.04479173758740461
0.5,0.3,0.3,0.4,0.58354294,49925,0.04552652928281879
0.3,0.2,0.4,0.5,0.58355296,49925,0.04548263392609024
0.7,0.4,0.8,0.9,0.5835538,49925,0.045509766193971284
0.7,0.8,0.5,0.9,0.5835824,49925,0.04595749066131124
0.9,0.3,0.1,0.2,0.5836012,49925,0.04016456824486192
0.4,0.5,0.3,0.6,0.58360165,49925,0.045950218674297584
0.3,0.5,0.3,0.8,0.58360916,49925,0.045328243896895576
0.9,0.8,0.5,0.8,0.5836161,49925,0.0457431461347035
0.4,0.6,0.3,0.8,0.58361906,49925,0.04559820862750897
0.4,0.9,0.2,0.8,0.583634,49925,0.044500224301937195
0.4,0.2,0.9,0.9,0.5836388,49925,0.04379679758903606
0.5,0.8,0.3,0.8,0.5836437,49925,0.045478230988515375
0.9,0.3,0.5,0.6,0.58367443,49925,0.044496270600144924
0.2,0.2,0.4,0.6,0.5836749,49925,0.0447613931826014
0.1,0.1,0.2,0.3,0.5836749,49925,0.0447613931826014
0.3,0.3,0.6,0.9,0.5836749,49925,0.044761393182601396
0.7,0.9,0.1,0.3,0.583675,49925,0.04215127276545654
0.7,0.6,0.5,0.8,0.58368015,49925,0.045992971341868305
0.2,0.1,0.3,0.3,0.5836819,49925,0.04486038490673182
0.4,0.2,0.6,0.6,0.5836819,49925,0.04486038490673182
0.6,0.3,0.9,0.9,0.5836819,49925,0.044860384906731825
0.8,0.4,0.2,0.3,0.58368206,49925,0.043329519459856476
0.3,0.1,0.6,0.5,0.5836901,49925,0.04346196757272336
0.5,0.4,0.2,0.3,0.5837034,49925,0.045000255112100304
0.6,0.3,0.8,0.8,0.5837084,49925,0.04507487220758311
0.5,0.9,0.2,0.6,0.5837113,49925,0.044657094492600045
0.5,0.9,0.3,0.9,0.5837265,49925,0.04524288256486718
0.8,0.9,0.4,0.7,0.5837378,49925,0.045515890206451116
0.5,0.7,0.3,0.7,0.5837452,49925,0.04567186622783279
0.5,0.1,0.5,0.4,0.58374727,49925,0.04348406109141412
0.7,0.3,0.3,0.4,0.583771,49925,0.04453853470373793
0.8,0.3,0.7,0.7,0.5837757,49925,0.04488280170889968
0.1,0.1,0.3,0.4,0.5837772,49925,0.043498970371337924
0.2,0.2,0.6,0.8,0.5837772,49925,0.043498970371337924
0.8,0.5,0.5,0.7,0.58378047,49925,0.04566799746378425
0.4,0.4,0.5,0.8,0.58378685,49925,0.04579665719307289
0.5,0.5,0.4,0.7,0.58378935,49925,0.046052802425799
0.9,0.7,0.6,0.9,0.58381546,49925,0.045889136708969214
0.9,0.1,0.1,0.2,0.5838202,49925,0.03769315628702528
0.6,0.8,0.4,0.9,0.583828,49925,0.04581076827331183
0.9,0.4,0.9,0.9,0.58383936,49925,0.04514843079992199
0.5,0.4,0.5,0.7,0.5838436,49925,0.045974062690575766
0.8,0.3,0.5,0.6,0.58386385,49925,0.0448620542583709
0.9,0.2,0.6,0.6,0.583867,49925,0.04377763876072633
0.9,0.2,0.5,0.5,0.5838706,49925,0.0435122452812264
0.6,0.4,0.6,0.7,0.58387697,49925,0.04580308899286361
0.2,0.7,0.1,0.7,0.58388907,49925,0.04284199138060501
0.7,0.5,0.5,0.7,0.58389324,49925,0.04587054610517049
0.8,0.2,0.1,0.2,0.583902,49925,0.0401466350784998
0.6,0.6,0.5,0.9,0.5839031,49925,0.04604062350890921
0.6,0.1,0.5,0.4,0.58390826,49925,0.04308737916988496
0.5,0.3,0.7,0.8,0.5839162,49925,0.04527983606752283
0.6,0.5,0.6,0.9,0.5839181,49925,0.04596195663947559
0.8,0.3,0.9,0.8,0.5839196,49925,0.044688568675249556
0.4,0.7,0.3,0.9,0.5839205,49925,0.04530779715482423
0.9,0.9,0.1,0.3,0.5839213,49925,0.04162125482514668
0.4,0.4,0.1,0.2,0.5839315,49925,0.04385592948229652
0.8,0.8,0.2,0.4,0.5839315,49925,0.04385592948229652
0.7,0.9,0.4,0.8,0.5839474,49925,0.045672624226620245
0.4,0.5,0.4,0.8,0.5839733,49925,0.04585148562734274
0.6,0.2,0.5,0.5,0.5839785,49925,0.044658578490970595
0.7,0.7,0.3,0.5,0.5839893,49925,0.04523554318607867
0.6,0.1,0.3,0.3,0.5840133,49925,0.04271597646347524
0.7,0.8,0.2,0.4,0.5840152,49925,0.0441221750375284
0.2,0.8,0.1,0.9,0.58401906,49925,0.042127251388601676
0.9,0.7,0.4,0.6,0.5840207,49925,0.04528098134167268
0.7,0.8,0.4,0.7,0.5840245,49925,0.045726925712881034
0.8,0.5,0.4,0.6,0.5840438,49925,0.04542209948225127
0.8,0.4,0.3,0.4,0.5840478,49925,0.04442473095127751
0.5,0.3,0.5,0.6,0.5840633,49925,0.04568708096254526
0.8,0.9,0.5,0.9,0.58407676,49925,0.04586096227617918
0.4,0.4,0.3,0.5,0.5840769,49925,0.046036587606393155
0.6,0.9,0.3,0.7,0.5840811,49925,0.045325318997632355
0.6,0.6,0.3,0.5,0.5840888,49925,0.04556130354722361
0.4,0.3,0.7,0.9,0.5840933,49925,0.04501364658971778
0.6,0.7,0.2,0.4,0.5841004,49925,0.04460091118161066
0.1,0.2,0.2,0.7,0.584101,49925,0.04253613596181058
0.4,0.7,0.1,0.3,0.58411247,49925,0.04338863948169087
0.4,0.5,0.2,0.4,0.5841261,49925,0.04548649490569935
0.5,0.6,0.4,0.8,0.58412683,49925,0.04597500236334338
0.5,0.1,0.3,0.3,0.5841293,49925,0.04343746563240224
0.9,0.5,0.8,0.9,0.58414733,49925,0.04558343148212399
0.2,0.2,0.3,0.5,0.5841642,49925,0.045391680236173924
0.5,0.1,0.8,0.6,0.5841648,49925,0.0429933212627201
0.6,0.1,0.8,0.6,0.5841724,49925,0.04293757202138402
0.6,0.3,0.4,0.5,0.5841772,49925,0.045400534589648205
0.7,0.4,0.7,0.8,0.58417743,49925,0.045614259149794535
0.4,0.8,0.1,0.4,0.5841821,49925,0.043480439411772556
0.8,0.3,0.3,0.4,0.58418626,49925,0.04400973106969351
0.9,0.3,0.2,0.3,0.58419454,49925,0.04234358678527606
0.7,0.3,0.7,0.7,0.58419746,49925,0.045090251975461494
0.9,0.2,0.8,0.7,0.5842016,49925,0.04378704487273144
0.3,0.3,0.5,0.8,0.58421594,49925,0.04518989077219378
0.9,0.5,0.5,0.7,0.5842343,49925,0.04540418756608618
0.8,0.7,0.5,0.8,0.58423936,49925,0.04587636711028893
0.3,0.2,0.5,0.6,0.5842596,49925,0.04501353015047522
0.8,0.1,0.8,0.6,0.58428437,49925,0.04261819467272043
0.7,0.5,0.7,0.9,0.5843001,49925,0.04589204878863819
0.9,0.4,0.3,0.4,0.5843059,49925,0.043938279876400574
0.4,0.8,0.2,0.7,0.5843071,49925,0.04482611994919895
0.9,0.9,0.4,0.7,0.5843136,49925,0.04537116323565127
0.9,0.6,0.4,0.6,0.58433735,49925,0.045247546338177465
0.4,0.3,0.5,0.7,0.58434194,49925,0.045668364566961266
0.7,0.9,0.4,0.9,0.5843445,49925,0.04572097393341977
0.9,0.7,0.5,0.8,0.5843521,49925,0.04571670232349494
0.7,0.4,0.2,0.3,0.5843676,49925,0.04390153189132756
0.8,0.4,0.1,0.2,0.5843694,49925,0.04124215177283761
0.5,0.3,0.8,0.9,0.5843713,49925,0.04499444728882909
0.7,0.3,0.4,0.5,0.5843963,49925,0.04498771651462555
0.2,0.4,0.2,0.7,0.5844015,49925,0.044596116805499
0.8,0.4,0.6,0.7,0.58443415,49925,0.0454313043259861
0.7,0.1,0.8,0.6,0.5844356,49925,0.042804891413789486
0.8,0.2,0.8,0.7,0.5844363,49925,0.04400600572289265
0.6,0.5,0.5,0.8,0.58444846,49925,0.04602517542397012
0.4,0.4,0.4,0.7,0.58445215,49925,0.045969752923780985
0.1,0.4,0.1,0.9,0.5844527,49925,0.04075717196103201
0.7,0.7,0.4,0.7,0.58445394,49925,0.04579808640659141
0.3,0.6,0.2,0.7,0.5844606,49925,0.04493425670626177
0.7,0.4,0.6,0.7,0.5844612,49925,0.04565054688011292
0.7,0.8,0.1,0.3,0.58448017,49925,0.042403850033238905
0.8,0.3,0.2,0.3,0.5844872,49925,0.04297021142449773
0.6,0.2,0.9,0.8,0.5844902,49925,0.044108916975908914
0.6,0.2,0.8,0.7,0.584492,49925,0.044265045431332965
0.9,0.8,0.4,0.7,0.5844996,49925,0.045434447025056716
0.8,0.4,0.7,0.8,0.5845056,49925,0.04545231357651635
0.2,0.6,0.1,0.6,0.5845116,49925,0.0434391152500944
0.2,0.3,0.3,0.7,0.5845216,49925,0.04487426016000394
0.7,0.3,0.5,0.6,0.5845334,49925,0.045194537968452006
0.9,0.8,0.2,0.4,0.5845396,49925,0.04352773228632909
0.9,0.4,0.1,0.2,0.584542,49925,0.0406319290595009
0.6,0.9,0.2,0.5,0.5845589,49925,0.04443859836002723
0.5,0.3,0.4,0.5,0.58457035,49925,0.045717980491037605
0.8,0.8,0.4,0.7,0.584573,49925,0.04560874298555883
0.7,0.2,0.8,0.7,0.58458024,49925,0.04416680113116632
0.2,0.3,0.2,0.5,0.58459383,49925,0.04549746952504305
0.8,0.4,0.8,0.9,0.5846035,49925,0.04541473859493142
0.9,0.5,0.4,0.6,0.58461773,49925,0.04508767959699234
0.5,0.4,0.4,0.6,0.5846229,49925,0.04601737181059101
0.6,0.5,0.3,0.5,0.58464026,49925,0.04562219514870219
0.5,0.2,0.5,0.5,0.5846499,49925,0.044981040053501904
0.3,0.1,0.9,0.7,0.5846694,49925,0.04217639619005324
0.9,0.5,0.6,0.8,0.5846796,49925,0.04558758576258924
0.5,0.7,0.1,0.3,0.58469623,49925,0.04325226357133168
0.3,0.2,0.7,0.8,0.58470464,49925,0.04404860859155423
0.4,0.1,0.9,0.7,0.58470964,49925,0.04266182431540391
0.6,0.7,0.3,0.6,0.5847097,49925,0.045575109192920064
0.8,0.7,0.3,0.5,0.5847103,49925,0.04495996059758886
0.2,0.1,0.5,0.5,0.5847112,49925,0.043442010740508845
0.4,0.9,0.1,0.5,0.5847362,49925,0.04340808391936058
0.3,0.5,0.1,0.3,0.584745,49925,0.04442366951478638
0.8,0.8,0.1,0.3,0.5847547,49925,0.04209978979960257
0.6,0.7,0.4,0.8,0.58475536,49925,0.045903088165481866
0.3,0.5,0.2,0.6,0.58476764,49925,0.04537824620668998
0.4,0.1,0.3,0.3,0.5847786,49925,0.044082048888265
0.8,0.2,0.6,0.6,0.5847786,49925,0.044082048888265
0.6,0.3,0.7,0.8,0.5847986,49925,0.0452909328025729
0.9,0.4,0.7,0.8,0.58480555,49925,0.045244567138064073
0.3,0.3,0.4,0.7,0.584808,49925,0.04557962175222589
0.1,0.3,0.1,0.6,0.58480924,49925,0.04256534041919954
0.8,0.1,0.4,0.4,0.58483136,49925,0.04222919707826438
0.3,0.9,0.1,0.7,0.5848469,49925,0.0431486849967691
0.9,0.3,0.3,0.4,0.58484846,49925,0.0434807227801924
0.7,0.3,0.8,0.8,0.58486176,49925,0.04501591690440371
0.4,0.7,0.2,0.6,0.5848744,49925,0.04512769372965888
0.3,0.8,0.1,0.6,0.58487654,49925,0.04352976586630989
0.3,0.2,0.3,0.4,0.58491516,49925,0.04580804055262109
0.6,0.4,0.6,0.8,0.58491516,49925,0.04580804055262109
0.1,0.1,0.7,0.9,0.58491814,49925,0.03952466650109224
0.8,0.5,0.6,0.8,0.5849182,49925,0.04577146605264125
0.6,0.6,0.4,0.7,0.5849223,49925,0.04596336697936816
0.5,0.4,0.6,0.9,0.58492726,49925,0.045743121602646104
0.4,0.2,0.2,0.3,0.58493227,49925,0.045188816122813814
0.8,0.4,0.4,0.6,0.58493227,49925,0.045188816122813814
0.5,0.4,0.1,0.2,0.58493954,49925,0.04320834200156708
0.2,0.5,0.2,0.9,0.5849444,49925,0.04370028275046451
0.8,0.7,0.4,0.7,0.584956,49925,0.045655067045575995
0.5,0.6,0.3,0.6,0.5849636,49925,0.04580322296557903
0.7,0.6,0.3,0.5,0.5849699,49925,0.04531373440293048
0.8,0.3,0.8,0.8,0.584972,49925,0.04486772216066322
0.7,0.7,0.2,0.4,0.5849784,49925,0.04431605097964808
0.7,0.7,0.5,0.9,0.5849864,49925,0.04601807822386259
0.3,0.2,0.8,0.9,0.5849978,49925,0.043572069629191953
0.3,0.4,0.4,0.9,0.5849995,49925,0.04521556432337916
0.9,0.4,0.4,0.6,0.58502424,49925,0.04482352330092181
0.3,0.4,0.3,0.7,0.585031,49925,0.045654254995114094
0.9,0.3,0.8,0.8,0.5850335,49925,0.04468242596851089
0.8,0.3,0.1,0.2,0.58503383,49925,0.04088313482796131
0.5,0.7,0.3,0.8,0.58503807,49925,0.045650730244624384
0.8,0.9,0.4,0.8,0.5850391,49925,0.045608141999464884
0.5,0.3,0.2,0.3,0.58504647,49925,0.04493519829638119
0.5,0.6,0.2,0.4,0.58504736,49925,0.04506788263099623
0.3,0.4,0.2,0.5,0.585051,49925,0.04577342238144582
0.5,0.7,0.2,0.5,0.58505344,49925,0.04506269105286941
0.5,0.9,0.1,0.4,0.58505726,49925,0.043121990961057864
0.9,0.1,0.8,0.6,0.5850636,49925,0.04238655801585745
0.7,0.2,0.1,0.2,0.5850907,49925,0.0409860614769377
0.6,0.3,0.5,0.6,0.5851119,49925,0.04548474772399325
0.7,0.8,0.4,0.8,0.58511305,49925,0.04576982005676054
0.6,0.3,0.6,0.7,0.5851244,49925,0.04543020082333108
0.9,0.7,0.3,0.5,0.58512676,49925,0.04464714882764776
0.5,0.8,0.3,0.9,0.5851278,49925,0.04542787975823009
0.6,0.3,0.2,0.3,0.5851454,49925,0.04427327012364988
0.7,0.2,0.6,0.6,0.58518994,49925,0.04442676704986732
0.6,0.4,0.5,0.7,0.58519226,49925,0.045883666355657285
0.3,0.1,0.7,0.6,0.585194,49925,0.04302855963467956
0.7,0.4,0.1,0.2,0.58519626,49925,0.0418840655603752
0.3,0.2,0.6,0.7,0.5852097,49925,0.04453311954348154
0.4,0.6,0.2,0.5,0.5852158,49925,0.045374170368036176
0.2,0.1,0.8,0.7,0.5852198,49925,0.041709658390073574
0.7,0.1,0.4,0.4,0.58522135,49925,0.04274146004748977
0.9,0.6,0.5,0.8,0.5852235,49925,0.045657252508095665
0.9,0.9,0.5,0.9,0.5852402,49925,0.045773895062530705
0.8,0.2,0.3,0.4,0.5852477,49925,0.04330974263006253
0.6,0.9,0.3,0.8,0.58524805,49925,0.04538833692343208
0.7,0.4,0.7,0.9,0.5852483,49925,0.04563463574263561
0.8,0.5,0.7,0.9,0.58526695,49925,0.04578713365799692
0.3,0.3,0.5,0.9,0.5852902,49925,0.04494691627720844
0.8,0.8,0.5,0.9,0.58529645,49925,0.04592525842247474
0.9,0.4,0.8,0.9,0.5853017,49925,0.045261035545015704
0.6,0.4,0.1,0.2,0.58530587,49925,0.0425374172038766
0.2,0.7,0.1,0.8,0.5853163,49925,0.04266715209145293
0.5,0.6,0.3,0.7,0.58531785,49925,0.0458106640322227
0.5,0.2,0.8,0.8,0.5853232,49925,0.04433977503368439
0.9,0.2,0.3,0.4,0.585329,49925,0.04272032815568891
0.7,0.4,0.4,0.6,0.5853432,49925,0.045533505322927645
0.6,0.8,0.3,0.7,0.5853636,49925,0.04551319918577808
0.3,0.6,0.1,0.4,0.5853735,49925,0.04423957243479726
0.9,0.8,0.1,0.3,0.58537793,49925,0.04176887545015446
0.4,0.4,0.5,0.9,0.585381,49925,0.04566172722189949
0.2,0.3,0.3,0.8,0.58539665,49925,0.044486118648872926
0.7,0.5,0.6,0.9,0.5853968,49925,0.04592906163468388
0.3,0.2,0.2,0.3,0.58540535,49925,0.045797134590557946
0.9,0.6,0.6,0.9,0.58540535,49925,0.045797134590557946
0.6,0.4,0.4,0.6,0.58540535,49925,0.045797134590557946
0.7,0.8,0.3,0.6,0.58540934,49925,0.04529188058248559
0.9,0.2,0.2,0.3,0.5854364,49925,0.04155533257005448
0.5,0.5,0.5,0.9,0.5854409,49925,0.04593584068133712
0.9,0.5,0.7,0.9,0.5854575,49925,0.04564082851433095
0.5,0.2,0.9,0.9,0.5854708,49925,0.044058031306039705
0.1,0.1,0.6,0.8,0.58548725,49925,0.040207681738321226
0.7,0.5,0.3,0.5,0.58553046,49925,0.04531269608716149
0.8,0.9,0.3,0.6,0.58553225,49925,0.04499436242464341
0.4,0.3,0.4,0.6,0.5855351,49925,0.04589809775506753
0.7,0.1,0.9,0.7,0.5855372,49925,0.04280544015684168
0.9,0.7,0.4,0.7,0.5855578,49925,0.04545170534762223
0.6,0.2,0.3,0.4,0.5855617,49925,0.044465555764495276
0.9,0.1,0.4,0.4,0.58556384,49925,0.04170248515577447
0.6,0.7,0.1,0.3,0.58556956,49925,0.042965678228737016
0.8,0.6,0.6,0.9,0.5855846,49925,0.0459518909539684
0.9,0.3,0.6,0.7,0.5855849,49925,0.044707815481874504
0.8,0.6,0.4,0.7,0.585585,49925,0.045620561323992816
0.4,0.1,0.6,0.5,0.5855865,49925,0.043567218501041234
0.5,0.4,0.3,0.5,0.5855873,49925,0.04584361879083168
0.7,0.2,0.9,0.8,0.58559513,49925,0.044052804156134696
0.5,0.5,0.2,0.4,0.5856199,49925,0.04529242484839607
0.4,0.5,0.3,0.7,0.58562803,49925,0.0458653669261095
0.3,0.7,0.2,0.9,0.5856432,49925,0.04431389463383703
0.3,0.1,0.3,0.3,0.5856612,49925,0.04466514485745017
0.6,0.2,0.6,0.6,0.5856612,49925,0.04466514485745017
0.9,0.3,0.9,0.9,0.5856612,49925,0.04466514485745017
0.2,0.5,0.1,0.5,0.58569074,49925,0.04407375573132433
0.5,0.1,0.9,0.7,0.585705,49925,0.0428276858728415
0.9,0.8,0.5,0.9,0.5857223,49925,0.04581340296871434
0.3,0.5,0.3,0.9,0.5857235,49925,0.04507591083947226
0.6,0.4,0.3,0.5,0.5857332,49925,0.04554502808692901
0.5,0.3,0.6,0.8,0.5857452,49925,0.045489970027329046
0.3,0.3,0.3,0.6,0.5857509,49925,0.04582828281180828
0.1,0.1,0.1,0.2,0.5857509,49925,0.045828282811808285
0.4,0.4,0.4,0.8,0.5857509,49925,0.045828282811808285
0.2,0.2,0.2,0.4,0.5857509,49925,0.045828282811808285
0.7,0.3,0.9,0.9,0.5857565,49925,0.04485627823185228
0.8,0.6,0.5,0.8,0.58576316,49925,0.04583813096425526
0.8,0.5,0.3,0.5,0.5857713,49925,0.04493929150993421
0.4,0.3,0.6,0.9,0.5857972,49925,0.04521370358591081
0.5,0.5,0.4,0.8,0.5858151,49925,0.045982134301210974
0.8,0.8,0.3,0.6,0.58581537,49925,0.04512017135944882
0.5,0.1,0.6,0.5,0.5858154,49925,0.04345725107644872
0.4,0.5,0.4,0.9,0.5858266,49925,0.045701168808588696
0.8,0.6,0.3,0.5,0.5858374,49925,0.04499489470313509
0.7,0.3,0.2,0.3,0.58586913,49925,0.04360448261684181
0.8,0.4,0.5,0.7,0.5859067,49925,0.0454256230506866
0.9,0.7,0.2,0.4,0.58592373,49925,0.043618242157861045
0.5,0.2,0.3,0.4,0.5859298,49925,0.04502367629556947
0.4,0.6,0.1,0.3,0.5859357,49925,0.04386394134017391
0.6,0.8,0.2,0.5,0.58593845,49925,0.04468896500665423
0.4,0.3,0.3,0.5,0.58593976,49925,0.04597039122948566
0.5,0.8,0.2,0.6,0.5859608,49925,0.04493098556579499
0.6,0.5,0.4,0.7,0.58596337,49925,0.0459592750768168
0.7,0.2,0.3,0.4,0.58596987,49925,0.043896296291762914
0.5,0.3,0.7,0.9,0.5859751,49925,0.045233728910956006
0.5,0.7,0.3,0.9,0.5859856,49925,0.04557027789836012
0.7,0.6,0.5,0.9,0.58598644,49925,0.04599728464579073
0.9,0.2,0.9,0.8,0.5859899,49925,0.043809853646893666
0.9,0.4,0.6,0.8,0.5859953,49925,0.045294738002204356
0.4,0.9,0.2,0.9,0.5859955,49925,0.04443330998783207
0.8,0.7,0.2,0.4,0.58600277,49925,0.04398819556210375
0.7,0.6,0.4,0.7,0.5860081,49925,0.04581997837969933
0.4,0.7,0.2,0.7,0.5860108,49925,0.045109922576812025
0.3,0.6,0.2,0.8,0.5860134,49925,0.044762909370594066
0.5,0.4,0.5,0.8,0.5860306,49925,0.04590155763226142
0.5,0.6,0.4,0.9,0.58604217,49925,0.04588517045371215
0.6,0.5,0.5,0.9,0.58604735,49925,0.045950358769994724
0.2,0.4,0.1,0.4,0.5860633,49925,0.04477592215996701
0.4,0.8,0.2,0.8,0.5860633,49925,0.04477592215996701
0.6,0.1,0.6,0.5,0.58607316,49925,0.04322249666618194
0.8,0.3,0.6,0.7,0.58609325,49925,0.044990112827930126
0.8,0.3,0.9,0.9,0.586095,49925,0.04479624834526862
0.3,0.7,0.1,0.5,0.5861038,49925,0.04391465608189556
0.7,0.9,0.3,0.7,0.586113,49925,0.045274982021561265
0.4,0.2,0.4,0.5,0.5861302,49925,0.045446691318710396
0.8,0.1,0.1,0.2,0.58613545,49925,0.038529836433263125
0.9,0.5,0.3,0.5,0.5861436,49925,0.044551482626983045
0.5,0.2,0.7,0.7,0.5861504,49925,0.044592861509917106
0.6,0.7,0.4,0.9,0.58615214,49925,0.04589950014960798
0.5,0.2,0.6,0.6,0.5861526,49925,0.04484371375258328
0.2,0.1,0.6,0.6,0.5861528,49925,0.04277832188289281
0.8,0.7,0.5,0.9,0.58615386,49925,0.045922489558308126
0.9,0.6,0.3,0.5,0.5861548,49925,0.04464421311093435
0.2,0.2,0.1,0.2,0.586184,49925,0.045697501283051
0.8,0.8,0.4,0.8,0.586184,49925,0.045697501283051
0.6,0.6,0.3,0.6,0.586184,49925,0.045697501283050994
0.4,0.4,0.2,0.4,0.586184,49925,0.045697501283051
0.7,0.3,0.6,0.7,0.5861841,49925,0.0452314574814886
0.6,0.3,0.8,0.9,0.58619606,49925,0.045088857798588906
0.7,0.6,0.2,0.4,0.58620113,49925,0.044464087545715396
0.6,0.1,0.4,0.4,0.5862087,49925,0.04325598152533396
0.5,0.3,0.5,0.7,0.5862197,49925,0.04567279715611059
0.5,0.8,0.1,0.4,0.58624977,49925,0.04349801009915309
0.7,0.3,0.1,0.2,0.5862505,49925,0.041619525546265176
0.4,0.2,0.8,0.9,0.58628005,49925,0.04409558499886443
0.9,0.9,0.4,0.8,0.5862837,49925,0.045496549242606696
0.6,0.1,0.9,0.7,0.58629113,49925,0.042871820796454345
0.8,0.2,0.9,0.8,0.58632404,49925,0.043954691215308365
0.3,0.3,0.1,0.2,0.586326,49925,0.044789155436816726
0.9,0.9,0.3,0.6,0.586326,49925,0.04478915543681672
0.6,0.6,0.2,0.4,0.586326,49925,0.044789155436816726
0.6,0.9,0.2,0.6,0.5863317,49925,0.04465813278582028
0.4,0.4,0.3,0.6,0.58635974,49925,0.04598990442531903
0.7,0.7,0.3,0.6,0.5863908,49925,0.04544259069333121
0.7,0.8,0.4,0.9,0.5863927,49925,0.04581004096126348
0.1,0.3,0.1,0.7,0.5863946,49925,0.04192541951880847
0.7,0.9,0.2,0.5,0.5864009,49925,0.04430484894884988
0.9,0.6,0.4,0.7,0.58640903,49925,0.0454059739030969
0.7,0.2,0.7,0.7,0.5864256,49925,0.04439187088517511
0.4,0.5,0.2,0.5,0.5864282,49925,0.04562685031753737
0.6,0.2,0.1,0.2,0.5864288,49925,0.04187867399305068
0.9,0.8,0.4,0.8,0.58643186,49925,0.04555400996796471
0.8,0.4,0.7,0.9,0.5864327,49925,0.045508615658112324
0.5,0.4,0.4,0.7,0.58645636,49925,0.04596871391329413
0.9,0.1,0.6,0.5,0.5864613,49925,0.04223846549622583
0.7,0.4,0.5,0.7,0.58646315,49925,0.04568363816324351
0.4,0.2,0.7,0.8,0.5864781,49925,0.04445480523581172
0.5,0.5,0.3,0.6,0.5864844,49925,0.045914935164819225
0.9,0.4,0.5,0.7,0.5864916,49925,0.04511496388704837
0.7,0.4,0.3,0.5,0.5864965,49925,0.045171363567035855
0.7,0.7,0.4,0.8,0.5865046,49925,0.045853215610040195
0.8,0.5,0.5,0.8,0.5865099,49925,0.045734166362709806
0.6,0.4,0.6,0.9,0.58651656,49925,0.04577081753102779
0.7,0.5,0.4,0.7,0.58651876,49925,0.045765993809370825
0.7,0.5,0.5,0.8,0.58652055,49925,0.045907701010889125
0.6,0.6,0.4,0.8,0.5865214,49925,0.04598640449223381
0.3,0.3,0.2,0.4,0.5865214,49925,0.04598640449223381
0.2,0.2,0.4,0.7,0.58652467,49925,0.04443037917482243
0.5,0.9,0.2,0.7,0.58653885,49925,0.04476991634725578
0.5,0.2,0.2,0.3,0.58654517,49925,0.044444743406592276
0.9,0.4,0.7,0.9,0.5865514,49925,0.04533193818946417
0.7,0.3,0.7,0.8,0.58655447,49925,0.045186232013288447
0.8,0.1,0.9,0.7,0.5865551,49925,0.042690477882325745
0.7,0.4,0.6,0.8,0.58658516,49925,0.04569371629222224
0.9,0.2,0.7,0.7,0.5866013,49925,0.04392934435945104
0.2,0.3,0.3,0.9,0.5866028,49925,0.04406225591891498
0.8,0.2,0.7,0.7,0.5866259,49925,0.04418881953581618
0.1,0.1,0.5,0.7,0.58663446,49925,0.041003610136520145
0.4,0.3,0.5,0.8,0.58665216,49925,0.04554191939605626
0.7,0.6,0.3,0.6,0.58665884,49925,0.04550413248726008
0.9,0.2,0.5,0.6,0.58667797,49925,0.04376981113073992
0.4,0.2,0.3,0.4,0.58670586,49925,0.045509097149615874
0.8,0.4,0.6,0.8,0.58670586,49925,0.045509097149615874
0.3,0.4,0.3,0.8,0.5867156,49925,0.045387730383771
0.8,0.2,0.2,0.3,0.5867189,49925,0.042230804568380735
0.9,0.3,0.7,0.8,0.5867363,49925,0.04477742258000192
0.2,0.6,0.1,0.7,0.58675194,49925,0.04322151623650974
0.2,0.3,0.1,0.3,0.5867795,49925,0.045417359362900006
0.6,0.9,0.3,0.9,0.5867795,49925,0.0454173593629
0.4,0.6,0.2,0.6,0.5867795,49925,0.045417359362900006
0.5,0.3,0.4,0.6,0.58678794,49925,0.04575179344073619
0.9,0.5,0.5,0.8,0.5867903,49925,0.04551549727287449
0.6,0.3,0.6,0.8,0.58679116,49925,0.04544809338742343
0.8,0.5,0.6,0.9,0.58679235,49925,0.045807592369454364
0.4,0.6,0.3,0.9,0.58679706,49925,0.04545727603591189
0.7,0.1,0.6,0.5,0.5867978,49925,0.042931121896774435
0.8,0.2,0.4,0.5,0.586817,49925,0.04386251994626906
0.6,0.3,0.1,0.2,0.5868223,49925,0.04241191564156324
0.8,0.6,0.5,0.9,0.58682996,49925,0.04587503869517846
0.8,0.7,0.1,0.3,0.58683014,49925,0.0422422612053097
0.2,0.1,0.9,0.8,0.5868315,49925,0.04118570507564351
0.2,0.2,0.6,0.9,0.58684057,49925,0.04324631077461124
0.8,0.7,0.3,0.6,0.58684075,49925,0.04522824947866843
0.6,0.7,0.3,0.7,0.5868472,49925,0.04566632151960791
0.9,0.8,0.3,0.6,0.5868474,49925,0.04489017704831384
0.8,0.1,0.6,0.5,0.58684766,49925,0.04258268245136433
0.4,0.5,0.3,0.8,0.5868709,49925,0.0457091806988663
0.7,0.7,0.1,0.3,0.58688015,49925,0.04260500416389358
0.9,0.5,0.6,0.9,0.58691263,49925,0.045627411468904894
0.4,0.7,0.1,0.4,0.58691686,49925,0.043912718079609045
0.8,0.3,0.7,0.8,0.58692855,49925,0.04499610617339172
0.7,0.3,0.5,0.7,0.58693475,49925,0.04529982651682038
0.9,0.7,0.5,0.9,0.5869465,49925,0.04578823163073869
0.2,0.7,0.1,0.9,0.58695865,49925,0.04244986980728771
0.2,0.2,0.3,0.6,0.5869666,49925,0.0450062105118098
0.7,0.2,0.2,0.3,0.58697194,49925,0.04294718937629301
0.5,0.4,0.2,0.4,0.58697295,49925,0.04539251756131387
0.2,0.3,0.2,0.6,0.5869742,49925,0.045096389827016574
0.8,0.4,0.3,0.5,0.5869754,49925,0.04474437247357038
0.6,0.8,0.3,0.8,0.5869869,49925,0.04555419460496815
0.9,0.1,0.2,0.3,0.5870022,49925,0.0400447338944063
0.7,0.2,0.4,0.5,0.5870066,49925,0.0443213698863548
0.9,0.1,0.9,0.7,0.58701426,49925,0.0425100139595829
0.9,0.2,0.4,0.5,0.5870197,49925,0.04340061700961082
0.3,0.9,0.1,0.8,0.58702344,49925,0.043137544166200484
0.6,0.5,0.2,0.4,0.5870455,49925,0.044922619974375994
0.9,0.6,0.2,0.4,0.5870542,49925,0.0436419025848991
0.5,0.3,0.1,0.2,0.5870837,49925,0.04324241670112748
0.1,0.2,0.2,0.8,0.5871028,49925,0.041885233840138064
0.4,0.1,0.7,0.6,0.5871037,49925,0.043309115392739884
0.9,0.7,0.3,0.6,0.5871216,49925,0.04494065022884711
0.4,0.3,0.1,0.2,0.58712405,49925,0.04403970387041761
0.8,0.6,0.2,0.4,0.58712405,49925,0.04403970387041761
0.3,0.3,0.4,0.8,0.5871299,49925,0.04533298855481408
0.4,0.2,0.5,0.6,0.5871671,49925,0.04518634885564534
0.8,0.9,0.4,0.9,0.58716834,49925,0.0456796717993891
0.6,0.4,0.4,0.7,0.5871789,49925,0.045828752990474286
0.2,0.2,0.5,0.8,0.5871894,49925,0.04382534459508483
0.6,0.2,0.4,0.5,0.5871904,49925,0.04478286610269788
0.5,0.5,0.4,0.9,0.58719146,49925,0.045873746508216455
0.3,0.2,0.4,0.6,0.58720756,49925,0.04533054524731958
0.6,0.8,0.3,0.9,0.5872085,49925,0.04555533942843531
0.7,0.5,0.5,0.9,0.58721566,49925,0.0458952136392035
0.9,0.4,0.3,0.5,0.5872207,49925,0.04430100000736453
0.4,0.8,0.1,0.5,0.5872375,49925,0.04382231252058678
0.6,0.7,0.2,0.5,0.58724844,49925,0.04491758286884856
0.6,0.1,0.7,0.6,0.5872516,49925,0.043227843743789976
0.4,0.2,0.6,0.7,0.5872534,49925,0.044808187997576854
0.7,0.3,0.8,0.9,0.58725715,49925,0.04505547666204346
0.5,0.3,0.3,0.5,0.5872715,49925,0.04566599261438422
0.6,0.9,0.1,0.4,0.5872723,49925,0.0430400118884008
0.8,0.3,0.4,0.6,0.5872906,49925,0.044775078752167456
0.7,0.9,0.1,0.4,0.5872927,49925,0.04288243713154096
0.7,0.1,0.1,0.2,0.5872942,49925,0.03944192196748004
0.8,0.2,0.5,0.6,0.58729666,49925,0.04413930397167281
0.8,0.9,0.3,0.7,0.5873248,49925,0.045174378477891804
0.9,0.7,0.1,0.3,0.5873257,49925,0.041854018542332574
0.8,0.3,0.8,0.9,0.58735174,49925,0.04493887671392961
0.9,0.5,0.4,0.7,0.58736753,49925,0.04526750808212248
0.9,0.3,0.5,0.7,0.58737683,49925,0.04468561972566521
0.9,0.7,0.4,0.8,0.58738863,49925,0.045564899368442595
0.5,0.1,0.7,0.6,0.5873929,49925,0.043328095455036394
0.6,0.2,0.2,0.3,0.58740973,49925,0.04369515863520986
0.6,0.3,0.4,0.6,0.5874201,49925,0.045501879607636464
0.5,0.6,0.1,0.3,0.5874252,49925,0.043583277732356825
0.3,0.1,0.8,0.7,0.58745843,49925,0.04260549387978117
0.9,0.3,0.8,0.9,0.5874649,49925,0.04478256059334759
0.1,0.1,0.4,0.6,0.58746666,49925,0.04191157970828948
0.6,0.4,0.5,0.8,0.5874807,49925,0.04585600773778685
0.7,0.8,0.3,0.7,0.58750063,49925,0.04541990562900321
0.6,0.2,0.7,0.7,0.5875044,49925,0.044532742273464446
0.8,0.5,0.4,0.7,0.5875116,49925,0.045540065730956404
0.4,0.4,0.3,0.7,0.58752024,49925,0.045868093422085865
0.9,0.6,0.5,0.9,0.5875207,49925,0.045718406679354305
0.6,0.3,0.7,0.9,0.58752686,49925,0.04527345235918987
0.9,0.3,0.4,0.6,0.58753884,49925,0.044381943103668706
0.5,0.2,0.4,0.5,0.5875575,49925,0.04515717149451689
0.3,0.2,0.5,0.7,0.58757204,49925,0.0448706112809668
0.6,0.5,0.3,0.6,0.5875753,49925,0.045731523324371706
0.5,0.6,0.2,0.5,0.5875843,49925,0.0453011375433753
0.6,0.3,0.5,0.7,0.5875857,49925,0.045528087435836105
0.5,0.9,0.2,0.8,0.5875995,49925,0.04482946028385382
0.8,0.6,0.3,0.6,0.5876024,49925,0.045255997750199645
0.7,0.3,0.4,0.6,0.587635,49925,0.0451807582414911
0.5,0.2,0.1,0.2,0.58763635,49925,0.0428668623451429
0.5,0.4,0.5,0.9,0.58764523,49925,0.045792417758320894
0.6,0.5,0.4,0.8,0.587647,49925,0.04593090667485654
0.7,0.8,0.2,0.5,0.5876572,49925,0.04449657449831601
0.5,0.1,0.4,0.4,0.587658,49925,0.043747999738077185
0.6,0.2,0.5,0.6,0.5876592,49925,0.044837735264571216
0.5,0.6,0.3,0.8,0.58766186,49925,0.04576670598923697
0.3,0.4,0.2,0.6,0.5877144,49925,0.045579399109827674
0.9,0.9,0.2,0.5,0.5877204,49925,0.04386595976412679
0.7,0.9,0.2,0.6,0.5877555,49925,0.044569154231455355
0.8,0.4,0.5,0.8,0.5877559,49925,0.04548092272756371
0.6,0.2,0.9,0.9,0.5877683,49925,0.04414824732445289
0.2,0.4,0.2,0.8,0.58776945,49925,0.044199836637003845
0.1,0.2,0.1,0.4,0.58776945,49925,0.044199836637003845
0.8,0.3,0.5,0.7,0.58778185,49925,0.04500609413009377
0.7,0.5,0.2,0.4,0.58780533,49925,0.04447270676424717
0.3,0.5,0.2,0.7,0.587813,49925,0.045216278102467596
0.3,0.9,0.1,0.9,0.58782756,49925,0.04306368549615657
0.5,0.9,0.1,0.5,0.5878446,49925,0.043551157115304606
0.2,0.1,0.7,0.7,0.58784735,49925,0.04218985076492663
0.9,0.2,0.8,0.8,0.5878524,49925,0.04396222547346719
0.3,0.2,0.3,0.5,0.5878556,49925,0.045696554982591474
0.7,0.7,0.4,0.9,0.5878573,49925,0.04587210133884004
0.1,0.1,0.6,0.9,0.58786434,49925,0.039842703089875094
0.8,0.7,0.4,0.8,0.5878734,49925,0.04573888534515522
0.6,0.8,0.2,0.6,0.5878791,49925,0.044905837091985236
0.3,0.4,0.1,0.3,0.5878791,49925,0.044905837091985236
0.7,0.9,0.3,0.8,0.5878812,49925,0.045394398665044154
0.9,0.4,0.6,0.9,0.58789384,49925,0.04534991903376587
0.5,0.3,0.6,0.9,0.58790255,49925,0.04538008399739368
0.5,0.8,0.2,0.7,0.5879061,49925,0.04500992229251776
0.3,0.8,0.1,0.7,0.5879076,49925,0.04353638142152959
0.3,0.1,0.5,0.5,0.58791,49925,0.043952999818694286
0.8,0.9,0.2,0.5,0.5879122,49925,0.044087859274995866
0.7,0.1,0.7,0.6,0.5879171,49925,0.04301364298155582
0.7,0.4,0.6,0.9,0.58792454,49925,0.045702353974135745
0.4,0.1,0.8,0.7,0.5879258,49925,0.04302597564852618
0.4,0.3,0.4,0.7,0.58793294,49925,0.04576576265703194
0.9,0.9,0.4,0.9,0.5879453,49925,0.04558068106629854
0.7,0.4,0.4,0.7,0.58795416,49925,0.0456003681757581
0.5,0.2,0.5,0.6,0.5879619,49925,0.045076961914463
0.9,0.1,0.5,0.5,0.5879718,49925,0.042253560032331224
0.9,0.9,0.3,0.7,0.5879729,49925,0.045005125844044425
0.5,0.4,0.4,0.8,0.5880036,49925,0.04587727549413175
0.5,0.4,0.3,0.6,0.5880097,49925,0.04587426478656803
0.7,0.2,0.8,0.8,0.5880193,49925,0.044273839332980534
0.6,0.2,0.8,0.8,0.588024,49925,0.044341561981048196
0.3,0.1,0.4,0.4,0.588024,49925,0.044341561981048196
0.3,0.7,0.1,0.6,0.5880359,49925,0.04394584740671617
0.7,0.4,0.5,0.8,0.5880475,49925,0.04568170755398693
0.3,0.6,0.2,0.9,0.58805156,49925,0.044540290381979895
0.8,0.4,0.6,0.9,0.58806807,49925,0.045540839106583506
0.9,0.3,0.6,0.8,0.5880699,49925,0.04483590589880435
0.3,0.2,0.7,0.9,0.5880802,49925,0.043875663335968006
0.8,0.1,0.2,0.3,0.58808076,49925,0.04077694846874169
0.7,0.5,0.3,0.6,0.588083,49925,0.04546248503824393
0.4,0.4,0.4,0.9,0.58808684,49925,0.045634123895532425
0.9,0.1,0.3,0.4,0.58809644,49925,0.04141053711717839
0.4,0.6,0.2,0.7,0.5881042,49925,0.04533197321229015
0.7,0.3,0.3,0.5,0.58811176,49925,0.044824911443114124
0.7,0.2,0.5,0.6,0.58813286,49925,0.04450952836620969
0.6,0.7,0.3,0.8,0.58813316,49925,0.0456852510974726
0.8,0.1,0.3,0.4,0.5881341,49925,0.042005182837324045
0.3,0.2,0.6,0.8,0.5881527,49925,0.044371458134388184
0.5,0.7,0.2,0.6,0.58815396,49925,0.045202049638351414
0.6,0.3,0.3,0.5,0.58817554,49925,0.04528020040311158
0.9,0.2,0.6,0.7,0.5882122,49925,0.043982979915352986
0.8,0.5,0.2,0.4,0.5882259,49925,0.04402240335821512
0.7,0.6,0.4,0.8,0.58823,49925,0.045859598236706774
0.6,0.6,0.4,0.9,0.58824176,49925,0.04593375447738205
0.7,0.3,0.6,0.8,0.588256,49925,0.04529012094277587
0.1,0.3,0.1,0.8,0.5882695,49925,0.041312708533209085
0.5,0.2,0.6,0.7,0.5882856,49925,0.04487863104140839
0.8,0.2,0.8,0.8,0.5882969,49925,0.044149218315911655
0.4,0.1,0.4,0.4,0.5882969,49925,0.044149218315911655
0.4,0.5,0.2,0.6,0.58835256,49925,0.04561701155143753
0.4,0.3,0.2,0.4,0.5883584,49925,0.045710274089489515
0.8,0.6,0.4,0.8,0.5883584,49925,0.045710274089489515
0.9,0.5,0.2,0.4,0.58836174,49925,0.043571510975617164
0.8,0.3,0.6,0.8,0.5883679,49925,0.045075941610303066
0.4,0.5,0.3,0.9,0.58838016,49925,0.0455199331052008
0.7,0.7,0.3,0.7,0.588384,49925,0.04554781657673093
0.8,0.5,0.5,0.9,0.5883914,49925,0.045743106763536955
0.4,0.3,0.5,0.9,0.5884044,49925,0.045374167810607074
0.7,0.3,0.7,0.9,0.5884093,49925,0.04520728730900974
0.5,0.3,0.5,0.8,0.5884154,49925,0.04560806529285874
0.4,0.9,0.1,0.6,0.5884244,49925,0.04364483498932344
0.9,0.4,0.5,0.8,0.58843285,49925,0.0452293513554634
0.9,0.6,0.3,0.6,0.58843684,49925,0.04493744598567217
0.3,0.2,0.1,0.2,0.58843684,49925,0.04493744598567217
0.6,0.4,0.2,0.4,0.58843684,49925,0.04493744598567217
0.3,0.8,0.1,0.8,0.5884566,49925,0.0434701684655898
0.9,0.5,0.5,0.9,0.5884585,49925,0.04555385092585231
0.4,0.8,0.2,0.9,0.58846337,49925,0.04468411794299703
0.2,0.4,0.2,0.9,0.5884984,49925,0.0437966818423616
0.8,0.8,0.4,0.9,0.5885128,49925,0.04573640738805774
0.9,0.3,0.7,0.9,0.5885142,49925,0.044872322856789444
0.4,0.3,0.3,0.6,0.58852524,49925,0.045847784963936294
0.2,0.1,0.8,0.8,0.58852565,49925,0.04160688742034997
0.4,0.7,0.2,0.8,0.5885368,49925,0.04501365887746014
0.8,0.1,0.7,0.6,0.5885433,49925,0.04279088901230746
0.6,0.8,0.1,0.4,0.5885523,49925,0.0433395507694211
0.9,0.1,0.7,0.6,0.58856,49925,0.04252600686192508
0.6,0.6,0.1,0.3,0.58857036,49925,0.04320934695538724
0.8,0.2,0.6,0.7,0.5885818,49925,0.044274752006857834
0.8,0.9,0.1,0.4,0.5885908,49925,0.04261476680184625
0.8,0.3,0.3,0.5,0.5886038,49925,0.04434019388001616
0.3,0.6,0.1,0.5,0.58860564,49925,0.04435209563755335
0.8,0.1,0.5,0.5,0.5886166,49925,0.0427052753499225
0.1,0.2,0.2,0.9,0.5886252,49925,0.04124103198059035
0.7,0.2,0.6,0.7,0.5886253,49925,0.0445349800409687
0.8,0.8,0.3,0.7,0.5886269,49925,0.045285575943468846
0.5,0.2,0.7,0.8,0.58863556,49925,0.04459717322673699
0.9,0.4,0.2,0.4,0.58863896,49925,0.04337863075179642
0.6,0.9,0.2,0.7,0.58867794,49925,0.04482434982516979
0.9,0.8,0.2,0.5,0.588685,49925,0.043975816107960114
0.8,0.8,0.2,0.5,0.5887068,49925,0.04427602999566691
0.2,0.5,0.1,0.6,0.5887141,49925,0.04386650912362157
0.7,0.6,0.1,0.3,0.588725,49925,0.0427812081060382
0.6,0.1,0.2,0.3,0.5887359,49925,0.04239673709203202
0.5,0.2,0.8,0.9,0.58874214,49925,0.044316276967372434
0.8,0.4,0.4,0.7,0.58874255,49925,0.0453245893723527
0.3,0.4,0.3,0.9,0.58875453,49925,0.045081745612695026
0.8,0.6,0.1,0.3,0.5887573,49925,0.04233475656791586
0.9,0.8,0.4,0.9,0.5888175,49925,0.045631443051387346
0.8,0.9,0.3,0.8,0.58885044,49925,0.04529581838524179
0.6,0.4,0.3,0.6,0.58886343,49925,0.04564010469519571
0.3,0.3,0.4,0.9,0.5888676,49925,0.04502457830770103
0.7,0.7,0.2,0.5,0.58886814,49925,0.04466379253165631
0.9,0.8,0.3,0.7,0.58887875,49925,0.045118838246894645
0.5,0.6,0.3,0.9,0.5888884,49925,0.04568142470984714
0.9,0.9,0.1,0.4,0.58890337,49925,0.04235669915549013
0.6,0.6,0.2,0.5,0.58894145,49925,0.04509646997771881
0.3,0.3,0.3,0.7,0.5889472,49925,0.045565766749088174
0.8,0.7,0.2,0.5,0.58896255,49925,0.04438869181685257
0.7,0.9,0.3,0.9,0.5889649,49925,0.045433857024755706
0.9,0.6,0.4,0.8,0.588971,49925,0.045482584121834015
0.9,0.3,0.3,0.5,0.5889816,49925,0.04385547547715682
0.7,0.5,0.4,0.8,0.58898985,49925,0.04579951733418756
0.7,0.4,0.2,0.4,0.5889936,49925,0.044418496453226736
0.1,0.1,0.3,0.5,0.58901465,49925,0.04294916803395161
0.3,0.5,0.1,0.4,0.58901715,49925,0.04470259828540969
0.2,0.2,0.5,0.9,0.58903027,49925,0.04350325712253961
0.1,0.1,0.2,0.4,0.5890317,49925,0.044081209478560694
0.2,0.2,0.4,0.8,0.5890317,49925,0.044081209478560694
0.1,0.3,0.1,0.9,0.5890363,49925,0.040697889323565634
0.7,0.1,0.3,0.4,0.5890824,49925,0.042618937368170885
0.6,0.6,0.3,0.7,0.5890841,49925,0.04574214530296705
0.4,0.2,0.1,0.2,0.5890842,49925,0.04390039983337317
0.8,0.4,0.2,0.4,0.5890842,49925,0.04390039983337317
0.8,0.2,0.7,0.8,0.58909297,49925,0.04430219461984701
0.8,0.3,0.7,0.9,0.5891002,49925,0.04505527163004178
0.3,0.3,0.2,0.5,0.5891007,49925,0.045841820012922786
0.4,0.5,0.1,0.3,0.5891055,49925,0.04422332362648927
0.5,0.7,0.2,0.7,0.58912224,49925,0.045241093517743525
0.9,0.6,0.1,0.3,0.58912677,49925,0.04188010637538656
0.7,0.1,0.5,0.5,0.5891353,49925,0.04309319176978025
0.2,0.6,0.1,0.8,0.58915585,49925,0.04299043963517212
0.6,0.4,0.5,0.9,0.58917797,49925,0.04576981577246704
0.7,0.1,0.8,0.7,0.5891795,49925,0.043015354105826596
0.4,0.2,0.7,0.9,0.58918506,49925,0.04436857580802516
0.7,0.8,0.3,0.8,0.58918697,49925,0.045535437760708605
0.9,0.5,0.3,0.6,0.589196,49925,0.04481030440549187
0.5,0.9,0.2,0.9,0.5892034,49925,0.044783784968722894
0.9,0.4,0.4,0.7,0.5892228,49925,0.044979641435047596
0.8,0.5,0.3,0.6,0.5892329,49925,0.04516020441837262
0.6,0.3,0.6,0.9,0.5892479,49925,0.045406074225066144
0.2,0.1,0.2,0.3,0.5892479,49925,0.04540607422506614
0.4,0.2,0.4,0.6,0.5892479,49925,0.04540607422506614
0.3,0.5,0.2,0.8,0.5892495,49925,0.04497625607530327
0.7,0.1,0.2,0.3,0.5892637,49925,0.04156385826245137
0.9,0.9,0.3,0.8,0.58926475,49925,0.045157777463780725
0.8,0.2,0.9,0.9,0.5892723,49925,0.0440572966823644
0.9,0.2,0.9,0.9,0.5892755,49925,0.04393583727726789
0.7,0.6,0.2,0.5,0.5892985,49925,0.044799333138323204
0.7,0.6,0.3,0.7,0.5892988,49925,0.04559985478080156
0.4,0.6,0.1,0.4,0.5893366,49925,0.04430734618865472
0.8,0.7,0.3,0.7,0.58934367,49925,0.04536969900304443
0.7,0.3,0.4,0.7,0.58934426,49925,0.04523137173263041
0.3,0.1,0.6,0.6,0.5893464,49925,0.04347565759796958
0.5,0.8,0.1,0.5,0.5893503,49925,0.04388892392330582
0.5,0.8,0.2,0.8,0.58938134,49925,0.04505344358538908
0.6,0.1,0.8,0.7,0.589383,49925,0.04313651967324555
0.7,0.3,0.2,0.4,0.5894201,49925,0.04410764280739892
0.4,0.3,0.4,0.8,0.5894239,49925,0.04559127090944194
0.6,0.2,0.6,0.7,0.5894525,49925,0.04474644262344806
0.7,0.8,0.2,0.6,0.5894546,49925,0.04475166410472452
0.6,0.1,0.3,0.4,0.5894763,49925,0.04325997795742035
0.5,0.7,0.1,0.4,0.58947855,49925,0.04380279824134713
0.4,0.1,0.9,0.8,0.5894852,49925,0.04272277422387551
0.2,0.2,0.3,0.7,0.5895172,49925,0.044583330170100174
0.9,0.7,0.3,0.7,0.58952045,49925,0.04515193616562562
0.5,0.1,0.8,0.7,0.5895463,49925,0.0431441369274697
0.9,0.2,0.7,0.8,0.5895497,49925,0.04407830500477942
0.5,0.5,0.3,0.7,0.58956355,49925,0.045901018986781755
0.8,0.5,0.4,0.8,0.5895793,49925,0.04558944686476132
0.3,0.2,0.4,0.7,0.5895835,49925,0.045103277191648194
0.5,0.5,0.2,0.5,0.58958673,49925,0.045469728850697555
0.4,0.2,0.5,0.7,0.58959144,49925,0.045093983030684216
0.1,0.1,0.5,0.8,0.58959603,49925,0.04059168839257773
0.3,0.7,0.1,0.7,0.58963966,49925,0.043901383352073796
0.9,0.7,0.2,0.5,0.5896487,49925,0.04404545899751146
0.4,0.2,0.6,0.8,0.58965105,49925,0.04472666525740787
0.2,0.1,0.3,0.4,0.58965105,49925,0.04472666525740787
0.6,0.1,0.1,0.2,0.5896718,49925,0.040473934407163605
0.6,0.2,0.5,0.7,0.58968514,49925,0.04488726695236753
0.5,0.1,0.2,0.3,0.5897027,49925,0.0432363190076658
0.4,0.9,0.1,0.7,0.5897333,49925,0.04373055302798838
0.1,0.2,0.1,0.5,0.58973384,49925,0.04340688270183628
0.7,0.4,0.3,0.6,0.5897378,49925,0.04532637519599852
0.8,0.1,0.8,0.7,0.58974224,49925,0.04285586685434735
0.8,0.6,0.2,0.5,0.5897452,49925,0.04443818183998556
0.4,0.4,0.2,0.5,0.589752,49925,0.04574853927387453
0.6,0.7,0.3,0.9,0.58975375,49925,0.04565796873816287
0.5,0.2,0.3,0.5,0.5897613,49925,0.045141385443282896
0.7,0.2,0.9,0.9,0.589778,49925,0.04412788231214284
0.6,0.1,0.5,0.5,0.5897932,49925,0.043462655962005985
0.5,0.1,0.5,0.5,0.58981556,49925,0.04376905238811489
0.2,0.4,0.1,0.5,0.5898219,49925,0.04455102817841756
0.7,0.2,0.7,0.8,0.5898278,49925,0.04445842599556034
0.7,0.8,0.3,0.9,0.5898299,49925,0.045540752595579145
0.4,0.7,0.1,0.5,0.58983564,49925,0.0442065927265032
0.9,0.1,0.8,0.7,0.58983624,49925,0.042666712243228024
0.6,0.8,0.2,0.7,0.58984107,49925,0.045033320982616455
0.9,0.2,0.5,0.7,0.5898517,49925,0.04397382744801003
0.5,0.3,0.4,0.7,0.5898529,49925,0.04571275818371716
0.3,0.1,0.9,0.8,0.58985615,49925,0.04220005856179398
0.6,0.5,0.2,0.5,0.58986276,49925,0.045194745033821745
0.3,0.8,0.1,0.9,0.58987904,49925,0.04334025211760726
0.8,0.4,0.5,0.9,0.58988637,49925,0.04548069875805958
0.9,0.4,0.5,0.9,0.5898907,49925,0.04526602656787141
0.6,0.5,0.4,0.9,0.58989936,49925,0.045886987774636095
0.6,0.3,0.5,0.8,0.5899002,49925,0.04551603907722081
0.4,0.2,0.3,0.5,0.5899204,49925,0.045535395094734574
0.8,0.3,0.2,0.4,0.5899409,49925,0.04353630937590183
0.7,0.6,0.4,0.9,0.58995163,49925,0.04585628382944045
0.8,0.8,0.3,0.8,0.58996,49925,0.04540793561943539
0.9,0.3,0.5,0.8,0.5899606,49925,0.04476765337066609
0.9,0.4,0.3,0.6,0.589973,49925,0.04453816935616719
0.8,0.6,0.3,0.7,0.5899799,49925,0.04538856920843922
0.5,0.5,0.3,0.8,0.58998764,49925,0.04580493859313571
0.3,0.4,0.2,0.7,0.58999056,49925,0.04534100359688667
0.9,0.5,0.4,0.8,0.5900039,49925,0.045354287682616706
0.7,0.4,0.5,0.9,0.59002113,49925,0.04566286458222639
0.9,0.5,0.1,0.3,0.5900335,49925,0.041842943284164776
0.6,0.3,0.4,0.7,0.59004265,49925,0.04550865805813021
0.6,0.7,0.2,0.6,0.59004295,49925,0.0450932022720535
0.7,0.3,0.6,0.9,0.59005004,49925,0.04528472708604261
0.9,0.6,0.2,0.5,0.59005857,49925,0.04404716514071437
0.7,0.5,0.2,0.5,0.59007365,49925,0.044842647294026296
0.6,0.9,0.1,0.5,0.5900759,49925,0.04349355240739664
0.8,0.9,0.2,0.6,0.5900892,49925,0.04438760834695407
0.7,0.8,0.1,0.4,0.5900928,49925,0.04311279919701315
0.5,0.3,0.2,0.4,0.59010553,49925,0.04524588893390069
0.9,0.2,0.4,0.6,0.5901064,49925,0.043682489592651134
0.8,0.7,0.4,0.9,0.59011245,49925,0.04575382149833862
0.8,0.8,0.2,0.6,0.5901163,49925,0.04454249096578909
0.4,0.4,0.1,0.3,0.5901163,49925,0.04454249096578909
0.6,0.2,0.3,0.5,0.59017515,49925,0.044670324483986834
0.7,0.3,0.5,0.8,0.5901765,49925,0.045309970320852856
0.8,0.3,0.4,0.7,0.5901777,49925,0.04489860653557821
0.7,0.7,0.3,0.8,0.5901897,49925,0.04559595199085231
0.4,0.8,0.1,0.6,0.5901928,49925,0.043990098303998144
0.9,0.6,0.3,0.7,0.5902038,49925,0.0451082238646435
0.2,0.6,0.1,0.9,0.59021264,49925,0.042709327679436256
0.5,0.4,0.3,0.7,0.5902258,49925,0.04584323108661468
0.2,0.3,0.1,0.4,0.59023243,49925,0.04519824469765261
0.4,0.6,0.2,0.8,0.59023243,49925,0.04519824469765261
0.9,0.3,0.4,0.7,0.59025365,49925,0.044535550704907376
0.9,0.8,0.3,0.8,0.590277,49925,0.04522732894632675
0.6,0.6,0.3,0.8,0.5902835,49925,0.045756286691544655
0.7,0.9,0.2,0.7,0.5902947,49925,0.04476463395127927
0.5,0.5,0.1,0.3,0.5903019,49925,0.043862504455436345
0.2,0.5,0.1,0.7,0.59030795,49925,0.04357507920780843
0.3,0.2,0.6,0.9,0.5903092,49925,0.04418237286932016
0.4,0.7,0.2,0.9,0.5903342,49925,0.044869502681348455
0.5,0.6,0.2,0.6,0.5903406,49925,0.04540148704998984
0.7,0.2,0.4,0.6,0.59036946,49925,0.04449157559263771
0.9,0.1,0.4,0.5,0.59036964,49925,0.04219167917576018
0.4,0.4,0.3,0.8,0.5903699,49925,0.04568716169617809
0.6,0.3,0.2,0.4,0.5903732,49925,0.04469356073020387
0.8,0.4,0.3,0.6,0.5903838,49925,0.044940974558944184
0.9,0.7,0.4,0.9,0.59038985,49925,0.045612316776909786
0.2,0.1,0.9,0.9,0.5903991,49925,0.04108249115120648
0.3,0.6,0.1,0.6,0.5904164,49925,0.04433087022625254
0.5,0.7,0.2,0.8,0.59044075,49925,0.04522330347561159
0.7,0.2,0.3,0.5,0.5904528,49925,0.04418548641450964
0.8,0.1,0.9,0.8,0.5904612,49925,0.042863857879009225
0.2,0.2,0.2,0.5,0.5904656,49925,0.04539698599151818
0.2,0.1,0.4,0.5,0.590468,49925,0.04400834704680983
0.4,0.5,0.2,0.7,0.5904694,49925,0.04550017615787235
0.8,0.1,0.6,0.6,0.5904774,49925,0.04292485737437905
0.5,0.2,0.4,0.6,0.59047896,49925,0.04519815090901903
0.6,0.2,0.7,0.8,0.59051144,49925,0.04458611110659847
0.8,0.2,0.4,0.6,0.5905263,49925,0.044091339487642905
0.4,0.1,0.2,0.3,0.5905263,49925,0.044091339487642905
0.6,0.2,0.8,0.9,0.59052676,49925,0.0443667367261944
0.5,0.9,0.1,0.6,0.5905295,49925,0.04384535863021306
0.3,0.2,0.3,0.6,0.5905502,49925,0.0454680297473172
0.9,0.2,0.3,0.5,0.59057033,49925,0.04313049751544713
0.8,0.3,0.5,0.8,0.5905724,49925,0.04506531318178932
0.9,0.3,0.6,0.9,0.5905803,49925,0.04488829424089309
0.6,0.2,0.4,0.6,0.5905803,49925,0.044888294240893085
0.3,0.1,0.2,0.3,0.5905803,49925,0.044888294240893085
0.9,0.3,0.2,0.4,0.590616,49925,0.04296907013474442
0.8,0.5,0.1,0.3,0.5906216,49925,0.04234805197143047
0.6,0.4,0.4,0.8,0.59062517,49925,0.0457852917994893
0.3,0.2,0.2,0.4,0.59062517,49925,0.0457852917994893
0.3,0.2,0.5,0.8,0.590642,49925,0.04466140674489867
0.7,0.7,0.2,0.6,0.5906423,49925,0.0449085695513313
0.8,0.2,0.5,0.7,0.5906513,49925,0.044319384691709644
0.6,0.4,0.2,0.5,0.59066814,49925,0.04515429985040337
0.6,0.6,0.2,0.6,0.5907007,49925,0.04525304254533383
0.3,0.3,0.1,0.3,0.5907007,49925,0.04525304254533383
0.9,0.9,0.3,0.9,0.5907007,49925,0.04525304254533382
0.5,0.6,0.2,0.7,0.59070915,49925,0.04542129065995729
0.5,0.3,0.5,0.9,0.5907104,49925,0.04547960990577649
0.7,0.1,0.9,0.8,0.5907252,49925,0.042971243380238805
0.4,0.1,0.5,0.5,0.5907284,49925,0.04394556859855118
0.9,0.6,0.4,0.9,0.5907336,49925,0.04552576490262834
0.8,0.2,0.3,0.5,0.5907439,49925,0.04366418345228318
0.8,0.9,0.3,0.9,0.59074765,49925,0.04537445609337307
0.5,0.1,0.3,0.4,0.59077066,49925,0.04383404533745151
0.6,0.7,0.1,0.4,0.5907883,49925,0.043602537428548235
0.6,0.9,0.2,0.8,0.59079367,49925,0.04491823527329229
0.4,0.9,0.1,0.8,0.5907993,49925,0.04376034715937191
0.9,0.9,0.2,0.6,0.590802,49925,0.04421435060482987
0.5,0.4,0.4,0.9,0.5908136,49925,0.045741578396366125
0.5,0.1,0.1,0.2,0.59081614,49925,0.0416137851830758
0.5,0.2,0.7,0.9,0.5908306,49925,0.04454434432916907
0.8,0.6,0.4,0.9,0.5908369,49925,0.045707870788526915
0.9,0.1,0.6,0.6,0.59083694,49925,0.04262486578430358
0.8,0.3,0.6,0.9,0.5908502,49925,0.04511178913168387
0.5,0.4,0.2,0.5,0.5908591,49925,0.04552066510137447
0.7,0.2,0.5,0.7,0.59094363,49925,0.0446238205942973
0.9,0.2,0.8,0.9,0.5909488,49925,0.044084665459622634
0.3,0.5,0.2,0.9,0.590963,49925,0.044692320130548885
0.5,0.2,0.5,0.7,0.5909698,49925,0.045076991065322106
0.6,0.5,0.1,0.3,0.5909735,49925,0.043374600133908175
0.7,0.2,0.6,0.8,0.59098023,49925,0.04460757620708905
0.8,0.2,0.8,0.9,0.59098625,49925,0.04422519361921568
0.2,0.1,0.5,0.6,0.59098715,49925,0.04326615281718371
0.2,0.3,0.2,0.7,0.5909877,49925,0.04465382514069029
0.8,0.7,0.3,0.8,0.5910165,49925,0.04545319183931683
0.2,0.1,0.6,0.7,0.5910201,49925,0.042633934258939306
0.9,0.5,0.2,0.5,0.59105855,49925,0.04400392864229837
0.7,0.1,0.6,0.6,0.59106904,49925,0.043222069955946914
0.4,0.3,0.4,0.9,0.591072,49925,0.04537523857462463
0.5,0.1,0.9,0.8,0.5910795,49925,0.042932069438526975
0.2,0.1,0.1,0.2,0.5910847,49925,0.045364760487748165
0.8,0.4,0.4,0.8,0.5910847,49925,0.045364760487748165
0.6,0.3,0.3,0.6,0.5910847,49925,0.04536476048774818
0.4,0.2,0.2,0.4,0.5910847,49925,0.045364760487748165
0.7,0.5,0.3,0.7,0.59109306,49925,0.04555422688586485
0.5,0.8,0.2,0.9,0.59110945,49925,0.04500119921404659
0.9,0.4,0.1,0.3,0.5911234,49925,0.041625705018677836
0.7,0.5,0.1,0.3,0.5911271,49925,0.04287208962780617
0.5,0.3,0.4,0.8,0.59112793,49925,0.045611659622644275
0.8,0.4,0.2,0.5,0.5911475,49925,0.04425661162832437
0.7,0.4,0.4,0.8,0.5911582,49925,0.04561025813783595
0.9,0.4,0.2,0.5,0.59116286,49925,0.04378919357600408
0.4,0.1,0.6,0.6,0.5911679,49925,0.04370131521999859
0.5,0.2,0.6,0.8,0.5912051,49925,0.04481375794874882
0.5,0.3,0.3,0.6,0.5912058,49925,0.0456679017069594
0.8,0.8,0.1,0.4,0.591213,49925,0.04280446369270879
0.9,0.5,0.3,0.7,0.59123355,49925,0.044958281950288
0.9,0.1,0.9,0.8,0.59124875,49925,0.042725037255411304
0.1,0.1,0.4,0.7,0.59125733,49925,0.04140873333350738
0.3,0.7,0.1,0.8,0.59126085,49925,0.04376526643671309
0.8,0.9,0.2,0.7,0.59130126,49925,0.044630785939007635
0.6,0.5,0.3,0.7,0.5913175,49925,0.04575406338350917
0.8,0.7,0.2,0.6,0.59134537,49925,0.04465732266160772
0.9,0.7,0.3,0.8,0.5913536,49925,0.04526304598446903
0.8,0.2,0.6,0.8,0.5913577,49925,0.04439301299755082
0.4,0.1,0.3,0.4,0.5913577,49925,0.04439301299755082
0.7,0.5,0.4,0.9,0.5913709,49925,0.04577002343527674
0.8,0.1,0.4,0.5,0.5913781,49925,0.04266295184895061
0.6,0.9,0.2,0.9,0.5914137,49925,0.04494752897204259
0.2,0.2,0.4,0.9,0.5914202,49925,0.04367395773442778
0.9,0.8,0.2,0.6,0.59142846,49925,0.04428558338086932
0.8,0.5,0.2,0.5,0.59145373,49925,0.04443711051280606
0.6,0.2,0.6,0.8,0.59147364,49925,0.04476746177774267
0.3,0.1,0.3,0.4,0.59147364,49925,0.04476746177774267
0.3,0.1,0.7,0.7,0.59148055,49925,0.04302811875960184
0.5,0.6,0.1,0.4,0.59149677,49925,0.04412382579984367
0.8,0.5,0.3,0.7,0.5914974,49925,0.045290619553400704
0.6,0.1,0.6,0.6,0.5914982,49925,0.04346058775580458
0.3,0.5,0.1,0.5,0.5915005,49925,0.04475646803452098
0.9,0.1,0.7,0.7,0.59150654,49925,0.042803836541699065
0.9,0.8,0.1,0.4,0.5915071,49925,0.0424971892051039
0.7,0.9,0.1,0.5,0.59151155,49925,0.04336624344384454
0.4,0.8,0.1,0.7,0.591512,49925,0.044055213266505265
0.9,0.2,0.6,0.8,0.5915287,49925,0.04413187339459405
0.8,0.3,0.3,0.6,0.5915349,49925,0.04455315908764529
0.7,0.7,0.1,0.4,0.5915659,49925,0.043276763701306745
0.4,0.1,0.1,0.2,0.5915691,49925,0.042839016620866234
0.8,0.2,0.2,0.4,0.5915691,49925,0.042839016620866234
0.7,0.7,0.3,0.9,0.5915893,49925,0.0456065348056715
0.4,0.1,0.7,0.7,0.5916069,49925,0.043366274567588084
0.6,0.1,0.9,0.8,0.5916167,49925,0.04300190507846116
0.3,0.3,0.3,0.8,0.59161675,49925,0.04525366651347669
0.6,0.3,0.5,0.9,0.59163153,49925,0.045432024819505826
0.5,0.5,0.3,0.9,0.59165883,49925,0.04566551690237262
0.5,0.7,0.1,0.5,0.5916652,49925,0.04418203339669941
0.6,0.8,0.1,0.5,0.59169656,49925,0.04375810795325889
0.2,0.2,0.3,0.8,0.5917247,49925,0.04412234897965911
0.1,0.2,0.1,0.6,0.5917459,49925,0.04259042294419728
0.9,0.2,0.2,0.4,0.5917488,49925,0.042208111989320535
0.7,0.2,0.2,0.4,0.59175813,49925,0.043467090720641435
0.9,0.7,0.2,0.6,0.5918031,49925,0.04436334676335711
0.6,0.7,0.2,0.7,0.5918162,49925,0.04520197959416029
0.4,0.5,0.1,0.4,0.5918292,49925,0.04465313488509195
0.5,0.5,0.2,0.6,0.59185505,49925,0.04552839455500329
0.2,0.3,0.2,0.8,0.5918666,49925,0.04417756693810575
0.6,0.4,0.4,0.9,0.5918708,49925,0.04569763203988507
0.2,0.3,0.2,0.9,0.591873,49925,0.04372234527751688
0.8,0.4,0.1,0.3,0.59188247,49925,0.042217903518925244
0.4,0.3,0.3,0.7,0.5919042,49925,0.04569435283529039
0.5,0.4,0.1,0.3,0.5919208,49925,0.04400375471478707
0.7,0.6,0.2,0.6,0.5919548,49925,0.045010296667704876
0.9,0.4,0.4,0.8,0.5919569,49925,0.04508596831927416
0.6,0.2,0.2,0.4,0.59195966,49925,0.04412465352487392
0.9,0.3,0.3,0.6,0.59195966,49925,0.04412465352487392
0.3,0.1,0.1,0.2,0.59195966,49925,0.04412465352487392
0.4,0.4,0.2,0.6,0.59196424,49925,0.045700722566863305
0.6,0.6,0.3,0.9,0.59196424,49925,0.04570072256686331
0.2,0.2,0.1,0.3,0.59196424,49925,0.045700722566863305
0.7,0.9,0.2,0.8,0.5919922,49925,0.04488199798045421
0.4,0.6,0.1,0.5,0.59199744,49925,0.044541682501986396
0.3,0.3,0.2,0.6,0.59200704,49925,0.04560549546755705
0.7,0.2,0.8,0.9,0.59201354,49925,0.04433552480475802
0.4,0.7,0.1,0.6,0.59202045,49925,0.044320672433732826
0.4,0.6,0.2,0.9,0.59202236,49925,0.045019881583822786
0.8,0.3,0.1,0.3,0.59202385,49925,0.04187965292864582
0.6,0.9,0.1,0.6,0.5920243,49925,0.043842201567589424
0.3,0.1,0.8,0.8,0.59202814,49925,0.042574354430996886
0.8,0.5,0.4,0.9,0.5920552,49925,0.04559390644023658
0.9,0.4,0.3,0.7,0.59205765,49925,0.04471509729512476
0.4,0.3,0.1,0.3,0.59206045,49925,0.044713262464556196
0.8,0.6,0.2,0.6,0.59206045,49925,0.044713262464556196
0.9,0.3,0.1,0.3,0.5920669,49925,0.041220742599081865
0.5,0.2,0.2,0.4,0.5920922,49925,0.0447774509312831
0.8,0.9,0.1,0.5,0.5921079,49925,0.04316938319773522
0.9,0.2,0.7,0.9,0.5921087,49925,0.04417797754956357
0.9,0.5,0.4,0.9,0.5921142,49925,0.04538477116591755
0.8,0.2,0.7,0.9,0.59211606,49925,0.044363693038230456
0.8,0.3,0.5,0.9,0.5921192,49925,0.0450558412775599
0.7,0.8,0.2,0.7,0.59212065,49925,0.04492181699579155
0.9,0.2,0.1,0.3,0.59213316,49925,0.04041863176201414
0.7,0.3,0.4,0.8,0.59213775,49925,0.04522990551005591
0.7,0.6,0.3,0.8,0.5921423,49925,0.0456328223606012
0.5,0.1,0.6,0.6,0.5921671,49925,0.04362324704122464
0.5,0.8,0.1,0.6,0.59217376,49925,0.044122948463856136
0.5,0.4,0.3,0.8,0.59220487,49925,0.04571436579688928
0.7,0.5,0.3,0.8,0.5922299,49925,0.04555546759139517
0.6,0.5,0.3,0.8,0.59224665,49925,0.045727680510499906
0.5,0.3,0.2,0.5,0.5922581,49925,0.04536437472374738
0.8,0.8,0.3,0.9,0.59226286,49925,0.04544704100622918
0.7,0.3,0.5,0.9,0.59228086,49925,0.04528057052936243
0.6,0.3,0.4,0.8,0.59228224,49925,0.04545323271047876
0.7,0.1,0.4,0.5,0.5922957,49925,0.04313497857218859
0.7,0.4,0.3,0.7,0.592349,49925,0.04537825112024939
0.5,0.6,0.2,0.8,0.5923495,49925,0.045330863206972716
0.3,0.4,0.1,0.4,0.5923574,49925,0.04509698039757646
0.6,0.8,0.2,0.8,0.5923574,49925,0.04509698039757646
0.8,0.6,0.3,0.8,0.59236425,49925,0.045431745399348536
0.7,0.4,0.2,0.5,0.59237605,49925,0.044727299660657534
0.7,0.1,0.7,0.7,0.59239924,49925,0.04323678261661875
0.7,0.4,0.1,0.3,0.59242517,49925,0.04283644236442692
0.9,0.9,0.2,0.7,0.5924252,49925,0.04443447924173893
0.4,0.3,0.2,0.5,0.5924362,49925,0.04570260242647506
0.6,0.7,0.2,0.8,0.59244204,49925,0.045234774529765334
0.5,0.9,0.1,0.7,0.5924584,49925,0.04399449211247619
0.7,0.3,0.3,0.6,0.59247893,49925,0.04498237417918484
0.4,0.9,0.1,0.9,0.5925149,49925,0.043736799356796405
0.9,0.6,0.3,0.8,0.5925317,49925,0.04519047739682023
0.5,0.7,0.2,0.9,0.59253687,49925,0.045139402296380755
0.7,0.2,0.7,0.9,0.5925961,49925,0.044487984469792005
0.3,0.2,0.4,0.8,0.59260833,49925,0.044842238592590594
0.4,0.2,0.6,0.9,0.59261477,49925,0.04460014636621542
0.4,0.2,0.5,0.8,0.5926168,49925,0.04495900027227951
0.3,0.7,0.1,0.9,0.59265846,49925,0.04358608268085877
0.2,0.1,0.7,0.8,0.59266984,49925,0.04201453929149304
0.8,0.4,0.3,0.7,0.592686,49925,0.045059171266725234
0.6,0.4,0.3,0.7,0.5926943,49925,0.04563089109662977
0.9,0.8,0.3,0.9,0.5926989,49925,0.04531960263405588
0.9,0.3,0.5,0.9,0.59270173,49925,0.044815161971588996
0.9,0.7,0.1,0.4,0.5927094,49925,0.04258741226019611
0.6,0.6,0.1,0.4,0.5927165,49925,0.04382417160069481
0.7,0.3,0.1,0.3,0.5927208,49925,0.04257021066084197
0.6,0.1,0.4,0.5,0.5927706,49925,0.04357390365363006
0.2,0.4,0.1,0.6,0.5927789,49925,0.04420208852304684
0.8,0.3,0.4,0.8,0.5927924,49925,0.04495456730255569
0.6,0.2,0.7,0.9,0.59279245,49925,0.044571022515848956
0.1,0.1,0.5,0.9,0.59284097,49925,0.040176727132265784
0.3,0.3,0.3,0.9,0.59285617,49925,0.04492804942693789
0.1,0.1,0.1,0.3,0.59285617,49925,0.044928049426937886
0.2,0.2,0.2,0.6,0.59285617,49925,0.044928049426937886
0.8,0.1,0.7,0.7,0.5928675,49925,0.0430363327585583
0.3,0.4,0.2,0.8,0.59287983,49925,0.045036265205011826
0.6,0.4,0.1,0.3,0.59289134,49925,0.04344273685045935
0.5,0.1,0.4,0.5,0.59289175,49925,0.04399673757623059
0.6,0.1,0.7,0.7,0.5928919,49925,0.04337911956948438
0.4,0.4,0.3,0.9,0.5928929,49925,0.045443924891224015
0.7,0.8,0.1,0.5,0.5928969,49925,0.04358391261996919
0.7,0.9,0.1,0.6,0.5928987,49925,0.043716325316816664
0.4,0.2,0.3,0.6,0.5929024,49925,0.04541260908487463
0.7,0.2,0.5,0.8,0.5929156,49925,0.04466100363882245
0.6,0.8,0.2,0.9,0.59292,49925,0.045096000402554334
0.8,0.7,0.1,0.4,0.5929218,49925,0.04294041289621205
0.9,0.3,0.4,0.8,0.59292597,49925,0.044632897866594405
0.7,0.7,0.2,0.7,0.59293866,49925,0.04506278980859336
0.3,0.6,0.1,0.7,0.5929546,49925,0.04421602779918609
0.6,0.2,0.5,0.8,0.592995,49925,0.044859074386746446
0.8,0.7,0.3,0.9,0.5930396,49925,0.04549287220604588
0.1,0.1,0.2,0.5,0.59305465,49925,0.04325893262715722
0.1,0.1,0.3,0.6,0.5930658,49925,0.04232504028019451
0.2,0.5,0.1,0.8,0.593078,49925,0.04325525164741672
0.9,0.2,0.4,0.7,0.5931045,49925,0.04383021670190243
0.8,0.2,0.5,0.8,0.5931245,49925,0.04439495638720261
0.3,0.1,0.4,0.5,0.5931269,49925,0.04434918190926588
0.8,0.2,0.4,0.7,0.59313214,49925,0.04419967935244543
0.7,0.8,0.2,0.8,0.59316844,49925,0.045043777946245596
0.8,0.2,0.1,0.3,0.59318715,49925,0.04115786758279604
0.4,0.8,0.1,0.8,0.5931932,49925,0.044038860874503614
0.4,0.2,0.4,0.7,0.5932044,49925,0.04525410870445245
0.3,0.1,0.5,0.6,0.5932091,49925,0.04388800578438898
0.5,0.3,0.1,0.3,0.59321994,49925,0.04402438561808187
0.4,0.4,0.2,0.7,0.5932369,49925,0.04553695427221643
0.8,0.9,0.2,0.8,0.5932464,49925,0.04479700471230106
0.5,0.1,0.7,0.7,0.59324783,49925,0.04344181501329941
0.8,0.8,0.2,0.7,0.59324896,49925,0.04474903067517477
0.4,0.1,0.8,0.8,0.59324986,49925,0.04304147037077747
0.7,0.3,0.2,0.5,0.5932921,49925,0.04440458413645792
0.6,0.7,0.1,0.5,0.5933071,49925,0.044013219097814194
0.7,0.9,0.2,0.9,0.5933095,49925,0.04495402391148022
0.7,0.2,0.4,0.7,0.59331065,49925,0.044577006110469566
0.9,0.6,0.1,0.4,0.5933141,49925,0.04262550047607014
0.9,0.2,0.5,0.8,0.59332955,49925,0.04407669928629802
0.7,0.4,0.4,0.9,0.5933429,49925,0.04555354250261441
0.6,0.3,0.2,0.5,0.59335417,49925,0.04490691393931811
0.9,0.5,0.3,0.8,0.59336025,49925,0.04505445304589585
0.4,0.7,0.1,0.7,0.5933754,49925,0.044358904053449985
0.3,0.2,0.5,0.9,0.593382,49925,0.04442266586106463
0.6,0.3,0.1,0.3,0.59340614,49925,0.04327779417514275
0.3,0.2,0.3,0.7,0.59341335,49925,0.04514232746228918
0.8,0.1,0.8,0.8,0.5934145,49925,0.04305085015089579
0.7,0.6,0.3,0.9,0.5934153,49925,0.04560898687151143
0.9,0.5,0.2,0.6,0.59343135,49925,0.04426043078797655
0.7,0.5,0.2,0.6,0.59343475,49925,0.04501225138304222
0.9,0.6,0.2,0.6,0.59343976,49925,0.044375456504602485
0.2,0.1,0.8,0.9,0.5934453,49925,0.04146192468783799
0.9,0.7,0.3,0.9,0.5934517,49925,0.04530328103608893
0.8,0.5,0.3,0.8,0.5934556,49925,0.045324208470806454
0.5,0.2,0.5,0.8,0.5934599,49925,0.04498707676058381
0.9,0.1,0.5,0.6,0.5934691,49925,0.042622915280109884
0.6,0.2,0.3,0.6,0.5934705,49925,0.04474291667560903
0.6,0.9,0.1,0.7,0.5935077,49925,0.04404999586684054
0.4,0.1,0.4,0.5,0.5935158,49925,0.04427492831186081
0.8,0.1,0.3,0.5,0.5935244,49925,0.0424247084444399
0.9,0.8,0.2,0.7,0.5935587,49925,0.04452113478800644
0.5,0.8,0.1,0.7,0.59356934,49925,0.0442447838057485
0.8,0.4,0.4,0.9,0.5935795,49925,0.04535202796629523
0.9,0.9,0.1,0.5,0.5935967,49925,0.042907141043781696
0.6,0.5,0.3,0.9,0.5936121,49925,0.045658847684846356
0.6,0.6,0.2,0.7,0.59362125,49925,0.04532401056123861
0.6,0.5,0.2,0.6,0.5936253,49925,0.0453256749705192
0.5,0.3,0.3,0.7,0.5936345,49925,0.045581138245371126
0.6,0.8,0.1,0.6,0.59363854,49925,0.04409375931630424
0.5,0.2,0.6,0.9,0.5936421,49925,0.04474957551691313
0.4,0.5,0.2,0.8,0.593666,49925,0.045332010775502474
0.8,0.5,0.2,0.6,0.59366965,49925,0.044656122272117
0.5,0.6,0.1,0.5,0.5936811,49925,0.044454768948950736
0.5,0.3,0.4,0.9,0.59368664,49925,0.04544305421956562
0.5,0.2,0.3,0.6,0.5937296,49925,0.04511776015625254
0.3,0.1,0.9,0.9,0.59375584,49925,0.04215788174766927
0.9,0.3,0.3,0.7,0.59376764,49925,0.0442913815779618
0.9,0.1,0.3,0.5,0.5937755,49925,0.04190893123189896
0.5,0.5,0.1,0.4,0.5937769,49925,0.04435408113620564
0.8,0.3,0.2,0.5,0.5937819,49925,0.043893730491462786
0.4,0.6,0.1,0.6,0.5937821,49925,0.04461781439888234
0.7,0.6,0.1,0.4,0.59382117,49925,0.04342597796984705
0.9,0.1,0.8,0.8,0.5938301,49925,0.04287064360032558
0.8,0.2,0.6,0.9,0.5938325,49925,0.04441761353030774
0.7,0.1,0.5,0.6,0.5938354,49925,0.0433534487633732
0.8,0.1,0.5,0.6,0.59383553,49925,0.04300077258505514
0.7,0.2,0.6,0.9,0.59384346,49925,0.04459738522848841
0.4,0.1,0.9,0.9,0.59388804,49925,0.04271442019083143
0.7,0.1,0.8,0.8,0.5938929,49925,0.04316235398095369
0.6,0.2,0.4,0.7,0.5938941,49925,0.044897223234017125
0.5,0.2,0.4,0.7,0.5939004,49925,0.045139830520753585
0.2,0.3,0.1,0.5,0.5939035,49925,0.044838035447377515
0.8,0.8,0.2,0.8,0.59391594,49925,0.04490008446762647
0.4,0.4,0.1,0.4,0.59391594,49925,0.04490008446762647
0.3,0.5,0.1,0.6,0.59392416,49925,0.044662046796950065
0.9,0.3,0.2,0.5,0.5939245,49925,0.04336917190608739
0.9,0.2,0.6,0.9,0.5939372,49925,0.044211020600991344
0.5,0.5,0.2,0.7,0.5939659,49925,0.04549452866632367
0.9,0.1,0.2,0.4,0.59397906,49925,0.04082324944624538
0.9,0.4,0.4,0.9,0.5939973,49925,0.045110845833738686
0.9,0.1,0.6,0.7,0.5940069,49925,0.04288298953272857
0.8,0.9,0.1,0.6,0.59401417,49925,0.04355106344045056
0.8,0.8,0.1,0.5,0.5940234,49925,0.043318299195897456
0.5,0.9,0.1,0.8,0.59403783,49925,0.04406459411013768
0.8,0.7,0.2,0.7,0.59404784,49925,0.04484620686206442
0.2,0.2,0.3,0.9,0.5940767,49925,0.043647863036152125
0.9,0.5,0.1,0.4,0.59408194,49925,0.04255039811442789
0.6,0.4,0.3,0.8,0.59408337,49925,0.04558054674560161
0.5,0.1,0.8,0.8,0.5940933,49925,0.04323195014348883
0.6,0.2,0.6,0.9,0.59412134,49925,0.04472666477587329
0.3,0.2,0.2,0.5,0.59413236,49925,0.045572758928506006
0.3,0.1,0.6,0.7,0.5941355,49925,0.04340853964840301
0.5,0.7,0.1,0.6,0.5941521,49925,0.044395720719190394
0.2,0.5,0.1,0.9,0.5942008,49925,0.04292161150027453
0.7,0.8,0.2,0.9,0.59420437,49925,0.045070057396661235
0.5,0.4,0.3,0.9,0.59422725,49925,0.045563773325623634
0.5,0.4,0.2,0.6,0.5942568,49925,0.04554663377106728
0.3,0.6,0.1,0.8,0.59427404,49925,0.044027826885252995
0.7,0.1,0.3,0.5,0.59427977,49925,0.042958330752796
0.7,0.5,0.3,0.9,0.5942949,49925,0.045511113484844094
0.7,0.2,0.3,0.6,0.5943112,49925,0.04429734553620301
0.3,0.4,0.1,0.5,0.5943114,49925,0.04506036289658527
0.7,0.7,0.1,0.5,0.5943137,49925,0.043768079061928256
0.9,0.1,0.4,0.6,0.59438634,49925,0.042522805063116634
0.8,0.6,0.1,0.4,0.59441364,49925,0.043027179660479066
0.3,0.4,0.2,0.9,0.59441864,49925,0.044718435782517045
0.8,0.6,0.3,0.9,0.5944187,49925,0.04545998815887271
0.4,0.8,0.1,0.9,0.5944553,49925,0.043968273335209244
0.3,0.3,0.2,0.7,0.59445876,49925,0.045271780801059654
0.2,0.4,0.1,0.7,0.5944606,49925,0.043829678318522435
0.6,0.6,0.2,0.8,0.5944692,49925,0.0453136937344525
0.3,0.3,0.1,0.4,0.5944692,49925,0.0453136937344525
0.6,0.7,0.2,0.9,0.59451014,49925,0.045193659063249646
0.8,0.9,0.2,0.9,0.5945245,49925,0.04488267450750788
0.4,0.5,0.1,0.5,0.594525,49925,0.04481553177394961
0.8,0.3,0.3,0.7,0.5945563,49925,0.044666483251808775
0.6,0.1,0.5,0.6,0.594575,49925,0.043671132138411235
0.9,0.8,0.1,0.5,0.5946299,49925,0.043036468863095693
0.6,0.3,0.3,0.7,0.59467065,49925,0.04533051455918231
0.6,0.5,0.1,0.4,0.59467655,49925,0.0439443547191397
0.9,0.7,0.2,0.7,0.5946932,49925,0.044582940583293304
0.9,0.4,0.2,0.6,0.5947588,49925,0.04403639078601308
0.4,0.3,0.3,0.8,0.5947661,49925,0.045470957341065474
0.7,0.4,0.3,0.8,0.59477085,49925,0.045359796182332865
0.7,0.3,0.3,0.7,0.5947765,49925,0.04502272093980337
0.1,0.1,0.4,0.8,0.5947847,49925,0.04092251315923189
0.6,0.1,0.8,0.8,0.594809,49925,0.043238344769980605
0.3,0.2,0.1,0.3,0.5948335,49925,0.04523002544421066
0.6,0.4,0.2,0.6,0.5948335,49925,0.04523002544421066
0.9,0.6,0.3,0.9,0.5948335,49925,0.045230025444210654
0.9,0.9,0.2,0.9,0.59484696,49925,0.044759695786454785
0.4,0.3,0.2,0.6,0.5948577,49925,0.04557876401749532
0.7,0.8,0.1,0.6,0.59486353,49925,0.0439303956264862
0.5,0.9,0.1,0.9,0.5948743,49925,0.044095584160489795
0.9,0.1,0.9,0.9,0.5948909,49925,0.04289956331509119
0.7,0.4,0.2,0.6,0.5948932,49925,0.04486888633855571
0.9,0.9,0.1,0.6,0.5948949,49925,0.04333870052122195
0.8,0.2,0.3,0.6,0.5948997,49925,0.04385605122012077
0.6,0.9,0.1,0.8,0.594912,49925,0.04416382360255919
0.9,0.2,0.3,0.6,0.5949245,49925,0.043393307308912936
0.9,0.4,0.3,0.8,0.5949323,49925,0.04479536770289763
0.9,0.9,0.2,0.8,0.5949434,49925,0.04462116754068979
0.7,0.2,0.1,0.3,0.5949587,49925,0.041934670756518425
0.7,0.6,0.2,0.7,0.59498966,49925,0.045133013818327516
0.9,0.1,0.1,0.3,0.595029,49925,0.03892906592784003
0.6,0.3,0.4,0.9,0.59503305,49925,0.04535710288523668
0.6,0.6,0.1,0.5,0.5950443,49925,0.04420188659987256
0.7,0.3,0.4,0.9,0.59504604,49925,0.045177791365434344
0.8,0.1,0.9,0.9,0.59505737,49925,0.04300438903377712
0.5,0.6,0.2,0.9,0.59509027,49925,0.045233368497108926
0.5,0.1,0.9,0.9,0.59509605,49925,0.04298857659810886
0.2,0.1,0.3,0.5,0.59509766,49925,0.04444378258373927
0.4,0.5,0.2,0.9,0.59510547,49925,0.04510741796951324
0.7,0.1,0.9,0.9,0.5951326,49925,0.04306789116605094
0.5,0.1,0.5,0.6,0.5951338,49925,0.043890085022013636
0.8,0.1,0.6,0.7,0.5951545,49925,0.04317516107468446
0.1,0.1,0.3,0.7,0.5951675,49925,0.04170296591150086
0.9,0.4,0.1,0.4,0.59520876,49925,0.04232878079738883
0.4,0.7,0.1,0.8,0.595219,49925,0.044311459199557146
0.8,0.5,0.1,0.4,0.5952253,49925,0.0430237548713978
0.6,0.7,0.1,0.6,0.59522927,49925,0.04428761701133829
0.9,0.2,0.4,0.8,0.59522945,49925,0.04392191194295892
0.7,0.7,0.2,0.8,0.5952327,49925,0.045131118492764355
0.3,0.1,0.7,0.8,0.59523475,49925,0.042946915600103226
0.2,0.2,0.1,0.4,0.5952609,49925,0.04531184856647162
0.4,0.4,0.2,0.8,0.5952609,49925,0.04531184856647162
0.7,0.9,0.1,0.7,0.59527546,49925,0.04398696899312443
0.1,0.2,0.1,0.7,0.5952786,49925,0.04179925664379751
0.5,0.5,0.2,0.8,0.5952797,49925,0.0453978428644093
0.4,0.1,0.5,0.6,0.5952816,49925,0.04401076791382734
0.7,0.1,0.2,0.4,0.59528667,49925,0.042151309172181926
0.4,0.2,0.5,0.9,0.59529024,49925,0.04476674604819655
0.8,0.5,0.3,0.9,0.59529674,49925,0.04531623545509077
0.6,0.5,0.2,0.7,0.59532,49925,0.0453477046710675
0.8,0.4,0.3,0.8,0.5953359,49925,0.04510205999960302
0.8,0.1,0.2,0.4,0.59537435,49925,0.041472568685052835
0.5,0.6,0.1,0.6,0.5954355,49925,0.04461952516350865
0.8,0.8,0.1,0.6,0.5954671,49925,0.04371573279386992
0.7,0.2,0.2,0.5,0.595477,49925,0.0437660035399877
0.8,0.3,0.4,0.9,0.59548956,49925,0.0449417212364014
0.3,0.2,0.3,0.8,0.5955076,49925,0.04480332473134706
0.8,0.6,0.2,0.7,0.5955255,49925,0.044867260866851826
0.5,0.1,0.2,0.4,0.5955448,49925,0.0435615226790839
0.3,0.2,0.4,0.9,0.59557104,49925,0.04452103912280499
0.8,0.4,0.2,0.6,0.59557647,49925,0.04445815638111051
0.4,0.2,0.1,0.3,0.59557647,49925,0.04445815638111051
0.7,0.2,0.5,0.9,0.5955788,49925,0.044639629911605014
0.5,0.8,0.1,0.8,0.59559435,49925,0.04429207565082223
0.9,0.6,0.2,0.7,0.59560037,49925,0.04456801740230121
0.6,0.2,0.2,0.5,0.59560156,49925,0.04432484300436447
0.6,0.1,0.3,0.5,0.5956029,49925,0.04348427149337888
0.2,0.1,0.6,0.8,0.59560835,49925,0.0424266121577963
0.7,0.6,0.2,0.8,0.59563094,49925,0.04516186467307367
0.2,0.2,0.2,0.7,0.5956375,49925,0.04438322964283787
0.8,0.7,0.1,0.5,0.59563804,49925,0.043442516431958095
0.7,0.5,0.1,0.4,0.5956549,49925,0.04349736426767179
0.5,0.7,0.1,0.7,0.59567434,49925,0.044499586729239135
0.9,0.5,0.3,0.9,0.59568185,49925,0.04509214877857177
0.5,0.5,0.1,0.5,0.59571654,49925,0.044629110708565
0.4,0.2,0.4,0.8,0.59573364,49925,0.04504090616082591
0.2,0.1,0.2,0.4,0.59573364,49925,0.04504090616082591
0.8,0.9,0.1,0.7,0.595734,49925,0.043849032196554734
0.6,0.2,0.1,0.3,0.5957357,49925,0.0427771190610921
0.6,0.1,0.9,0.9,0.5957801,49925,0.04308375933718136
0.5,0.2,0.1,0.3,0.59579194,49925,0.04360874268907592
0.9,0.2,0.2,0.5,0.59580004,49925,0.04263728678321799
0.8,0.8,0.2,0.9,0.59580183,49925,0.044974033223752326
0.3,0.5,0.1,0.7,0.59582984,49925,0.04443971744907459
0.7,0.1,0.6,0.7,0.59585994,49925,0.04339488575343329
0.8,0.1,0.1,0.3,0.5958995,49925,0.039695015455028904
0.5,0.3,0.3,0.8,0.5959097,49925,0.045441682463508215
0.9,0.3,0.4,0.9,0.59592515,49925,0.044671216077263785
0.5,0.3,0.2,0.6,0.59593433,49925,0.045330866986110344
0.6,0.2,0.5,0.9,0.59595674,49925,0.044804746837754365
0.5,0.2,0.5,0.9,0.59596354,49925,0.044850635363480405
0.5,0.1,0.6,0.7,0.5959676,49925,0.04371375177906865
0.9,0.9,0.1,0.7,0.59598154,49925,0.04364850064798702
0.4,0.1,0.3,0.5,0.595983,49925,0.044427028782778835
0.9,0.8,0.2,0.8,0.59599954,49925,0.0447126008827657
0.6,0.8,0.1,0.7,0.5959999,49925,0.044262291178601455
0.6,0.1,0.2,0.4,0.5960053,49925,0.042846005543080094
0.4,0.6,0.1,0.7,0.5960622,49925,0.04460363685417484
0.1,0.1,0.2,0.6,0.5960628,49925,0.04246350021726358
0.8,0.4,0.1,0.4,0.5960796,49925,0.042883531156025445
0.8,0.2,0.4,0.8,0.5960841,49925,0.044258157677762845
0.4,0.1,0.2,0.4,0.5960841,49925,0.044258157677762845
0.2,0.4,0.1,0.8,0.59608936,49925,0.04341703778812848
0.9,0.1,0.7,0.8,0.59609675,49925,0.042993977507355806
0.7,0.7,0.2,0.9,0.5961401,49925,0.045139652495287556
0.2,0.1,0.5,0.7,0.59620297,49925,0.04303565054252406
0.2,0.1,0.4,0.6,0.5962233,49925,0.04373461718149603
0.7,0.5,0.2,0.7,0.59623516,49925,0.045097648670578944
0.6,0.4,0.3,0.9,0.5962417,49925,0.04549422537157736
0.5,0.4,0.2,0.7,0.59624213,49925,0.045456628495140955
0.3,0.1,0.3,0.5,0.59627336,49925,0.044660370808687753
0.5,0.2,0.2,0.5,0.59633195,49925,0.04485554892224361
0.4,0.2,0.2,0.5,0.596362,49925,0.045310600192766726
0.8,0.7,0.2,0.8,0.5963775,49925,0.044966818591634906
0.5,0.4,0.1,0.4,0.5963977,49925,0.044482460367471964
0.6,0.4,0.2,0.7,0.5964008,49925,0.045217001942634824
0.8,0.3,0.2,0.6,0.5964077,49925,0.04408596068895161
0.6,0.1,0.6,0.7,0.5964108,49925,0.04358482069594927
0.4,0.1,0.6,0.7,0.5964212,49925,0.04368275030818938
0.8,0.1,0.4,0.6,0.5964329,49925,0.04296002686545121
0.7,0.6,0.1,0.5,0.59643537,49925,0.043878026356100414
0.3,0.6,0.1,0.9,0.59644264,49925,0.04379740020072913
0.9,0.7,0.1,0.5,0.59646654,49925,0.04310800497991835
0.8,0.1,0.7,0.8,0.59648,49925,0.04320214314443201
0.3,0.1,0.8,0.9,0.5964942,49925,0.04251022724121002
0.8,0.2,0.2,0.5,0.5965016,49925,0.04319101222829134
0.6,0.6,0.2,0.9,0.5965018,49925,0.045252227477538154
0.8,0.2,0.5,0.9,0.59654087,49925,0.0444021865443497
0.6,0.4,0.1,0.4,0.59658307,49925,0.043972600431575644
0.5,0.1,0.3,0.5,0.5965849,49925,0.044008064264613435
0.4,0.3,0.3,0.9,0.5966131,49925,0.04522146278224718
0.7,0.2,0.4,0.8,0.59661955,49925,0.04458167076604198
0.2,0.3,0.1,0.6,0.59662807,49925,0.04439402002911596
0.4,0.2,0.3,0.7,0.5966412,49925,0.045194587436067295
0.7,0.8,0.1,0.7,0.59664696,49925,0.04414579181549432
0.7,0.4,0.1,0.4,0.59665227,49925,0.043436065169157566
0.1,0.2,0.1,0.8,0.5966557,49925,0.041037966648706105
0.6,0.9,0.1,0.9,0.5966623,49925,0.044221945353712495
0.9,0.3,0.1,0.4,0.5966737,49925,0.041934142718995114
0.6,0.3,0.2,0.6,0.5966936,49925,0.04495705550517469
0.4,0.1,0.7,0.8,0.59672916,49925,0.043366421710256224
0.9,0.3,0.2,0.6,0.59673226,49925,0.04363515533186942
0.9,0.2,0.5,0.9,0.5967509,49925,0.04412689223968496
0.7,0.9,0.1,0.8,0.59676087,49925,0.04415396635697033
0.7,0.3,0.2,0.6,0.59676856,49925,0.04455183746106044
0.7,0.1,0.4,0.6,0.5967893,49925,0.043369533432131985
0.3,0.1,0.2,0.4,0.5968325,49925,0.04482959217917058
0.6,0.2,0.4,0.8,0.5968325,49925,0.04482959217917058
0.9,0.7,0.2,0.8,0.5968699,49925,0.044732010744445355
0.4,0.3,0.2,0.7,0.59687185,49925,0.045383966133191074
0.1,0.1,0.1,0.4,0.5969239,49925,0.04384980039871023
0.2,0.2,0.2,0.8,0.5969239,49925,0.04384980039871023
0.6,0.8,0.1,0.8,0.59693855,49925,0.04435704731036147
0.4,0.5,0.1,0.6,0.59694076,49925,0.04485175519513897
0.6,0.3,0.3,0.8,0.5969454,49925,0.04527022345731348
0.2,0.1,0.7,0.9,0.59695804,49925,0.04181126866636613
0.9,0.6,0.1,0.5,0.59697914,49925,0.04310899493790178
0.7,0.7,0.1,0.6,0.5969818,49925,0.04408361455168638
0.5,0.8,0.1,0.9,0.59699225,49925,0.044286076654512556
0.9,0.3,0.3,0.8,0.59700257,49925,0.04436091636606523
0.3,0.3,0.2,0.8,0.5970146,49925,0.0449370971242295
0.7,0.2,0.3,0.7,0.59702617,49925,0.04435420200112741
0.5,0.2,0.4,0.8,0.5970327,49925,0.04500677935038356
0.9,0.8,0.1,0.6,0.59703636,49925,0.04343499777607317
0.6,0.1,0.7,0.8,0.5970508,49925,0.0434634556346832
0.8,0.6,0.1,0.5,0.59706324,49925,0.04350261510339527
0.8,0.5,0.2,0.7,0.5970926,49925,0.04477209468161535
0.3,0.1,0.4,0.6,0.5971021,49925,0.04421885267376918
0.4,0.7,0.1,0.9,0.5971076,49925,0.04418323779751896
0.7,0.1,0.7,0.8,0.59713286,49925,0.04336396274358038
0.6,0.7,0.1,0.7,0.59713966,49925,0.04443909661565988
0.8,0.7,0.2,0.9,0.59719443,49925,0.04501548197989638
0.7,0.3,0.1,0.4,0.5971955,49925,0.0431761980741608
0.6,0.5,0.1,0.5,0.5972215,49925,0.04429886850383365
0.8,0.8,0.1,0.7,0.59725493,49925,0.04397876923337568
0.7,0.4,0.2,0.7,0.59728837,49925,0.04492359927616533
0.3,0.2,0.2,0.6,0.59729564,49925,0.04525876317766588
0.5,0.2,0.3,0.7,0.597304,49925,0.04502388978044144
0.9,0.1,0.5,0.7,0.5973047,49925,0.0428756777611934
0.6,0.5,0.2,0.8,0.5973052,49925,0.04528167408212955
0.8,0.3,0.1,0.4,0.59731066,49925,0.042541242948297704
0.9,0.8,0.2,0.9,0.5973211,49925,0.04482373398372357
0.4,0.2,0.4,0.9,0.59733355,49925,0.044809282925984774
0.4,0.1,0.8,0.9,0.5973352,49925,0.0430163781546836
0.4,0.4,0.1,0.5,0.597348,49925,0.04499492287623345
0.3,0.4,0.1,0.6,0.5973588,49925,0.04484921897420236
0.9,0.1,0.8,0.9,0.59737676,49925,0.04301347824679321
0.5,0.5,0.2,0.9,0.59740674,49925,0.0452457109184315
0.5,0.1,0.7,0.8,0.5974085,49925,0.04349313571351551
0.8,0.2,0.3,0.7,0.5974149,49925,0.04396279324056145
0.9,0.5,0.2,0.7,0.59742516,49925,0.044441966550042976
0.1,0.1,0.4,0.9,0.59744215,49925,0.04040230499453963
0.9,0.8,0.1,0.7,0.5974473,49925,0.04375565091466168
0.8,0.7,0.1,0.6,0.5974524,49925,0.04380385711716295
0.3,0.1,0.5,0.7,0.5974611,49925,0.0437554854557743
0.8,0.3,0.3,0.8,0.59749854,49925,0.04470319348658471
0.7,0.4,0.3,0.9,0.59752315,49925,0.04531334832175722
0.7,0.1,0.1,0.3,0.59754765,49925,0.04051703567869627
0.6,0.6,0.1,0.6,0.59755063,49925,0.04443364604453367
0.9,0.1,0.3,0.6,0.59755856,49925,0.04219123139872844
0.6,0.2,0.3,0.7,0.5975593,49925,0.044734639770041204
0.4,0.4,0.2,0.9,0.59756047,49925,0.04506042459935015
0.8,0.1,0.8,0.9,0.5975624,49925,0.043168849794710216
0.5,0.1,0.4,0.6,0.5976383,49925,0.04405679203553015
0.8,0.9,0.1,0.8,0.5976469,49925,0.04403833557925196
0.8,0.4,0.2,0.7,0.5976611,49925,0.04459815651887679
0.8,0.5,0.1,0.5,0.5976799,49925,0.04347960852320642
0.7,0.6,0.2,0.9,0.5977,49925,0.045144108330723326
0.9,0.4,0.3,0.9,0.5977219,49925,0.044809159565110064
0.3,0.5,0.1,0.8,0.59774303,49925,0.044193820674903225
0.2,0.4,0.1,0.9,0.5977541,49925,0.04299428824120684
0.6,0.1,0.4,0.6,0.5977628,49925,0.04375709564983435
0.8,0.4,0.3,0.9,0.59776545,49925,0.04508737559573887
0.5,0.3,0.3,0.9,0.59779114,49925,0.045255800385345345
0.4,0.3,0.1,0.4,0.59780544,49925,0.04495205636986256
0.8,0.6,0.2,0.8,0.59780544,49925,0.04495205636986256
0.7,0.1,0.8,0.9,0.59782696,49925,0.043262606211089794
0.8,0.1,0.5,0.7,0.5978619,49925,0.04321349438657961
0.9,0.2,0.3,0.7,0.59788686,49925,0.04354909686341448
0.9,0.7,0.1,0.6,0.59789693,49925,0.043503141163017185
0.9,0.9,0.1,0.8,0.59792227,49925,0.04388809106417722
0.9,0.5,0.1,0.5,0.5979334,49925,0.043038432965376676
0.7,0.3,0.3,0.8,0.59796405,49925,0.04500333873891289
0.7,0.5,0.1,0.5,0.5979662,49925,0.0439365325042734
0.6,0.3,0.1,0.4,0.5979753,49925,0.043797721020299885
0.7,0.8,0.1,0.8,0.5979912,49925,0.044305093445945534
0.1,0.1,0.3,0.8,0.59800345,49925,0.04108929407665558
0.9,0.1,0.6,0.8,0.59801155,49925,0.04306881791374017
0.5,0.5,0.1,0.6,0.5980899,49925,0.04474931520116745
0.6,0.1,0.8,0.9,0.5981245,49925,0.04329051016968895
0.9,0.6,0.2,0.8,0.59814453,49925,0.044679863667836196
0.7,0.6,0.1,0.6,0.5981679,49925,0.04417482108178615
0.5,0.3,0.1,0.4,0.5981752,49925,0.04440536520590048
0.8,0.1,0.3,0.6,0.5982243,49925,0.04265850060629131
0.6,0.3,0.3,0.9,0.5982879,49925,0.04513700741080148
0.4,0.2,0.2,0.6,0.5982879,49925,0.04513700741080148
0.2,0.1,0.1,0.3,0.5982879,49925,0.04513700741080148
0.7,0.1,0.5,0.7,0.59829414,49925,0.04351212689556708
0.5,0.7,0.1,0.8,0.5983106,49925,0.04448891233593261
0.1,0.2,0.1,0.9,0.59833837,49925,0.04031520463962675
0.5,0.4,0.2,0.8,0.5983717,49925,0.04531839409489216
0.9,0.4,0.2,0.7,0.59839004,49925,0.04420537588515573
0.3,0.2,0.3,0.9,0.5983973,49925,0.044439512495898774
0.7,0.5,0.2,0.8,0.5984359,49925,0.04509708002352828
0.4,0.6,0.1,0.8,0.5984653,49925,0.04449349978857657
0.5,0.4,0.1,0.5,0.5985077,49925,0.044711248109086825
0.9,0.2,0.1,0.4,0.598567,49925,0.04114074858607416
0.5,0.6,0.1,0.7,0.59857035,49925,0.044672775571084525
0.9,0.2,0.4,0.9,0.5985799,49925,0.04395423769312048
0.9,0.5,0.2,0.8,0.5985847,49925,0.04455262598978394
0.8,0.3,0.2,0.7,0.59864277,49925,0.04419812223736595
0.9,0.7,0.2,0.9,0.5986558,49925,0.04483289407111244
0.4,0.5,0.1,0.7,0.59865767,49925,0.04475207306656504
0.7,0.9,0.1,0.9,0.5986597,49925,0.04423914204988927
0.2,0.3,0.1,0.7,0.5986753,49925,0.04389781482154913
0.6,0.8,0.1,0.9,0.59868604,49925,0.04439219954407386
0.4,0.1,0.4,0.6,0.59871155,49925,0.04424417035606701
0.8,0.5,0.2,0.8,0.59871334,49925,0.044853799662694885
0.8,0.9,0.1,0.9,0.5987491,49925,0.044177358073252335
0.5,0.1,0.1,0.3,0.5987554,49925,0.04238871433556649
0.7,0.7,0.1,0.7,0.5987772,49925,0.04427214585898075
0.6,0.6,0.1,0.7,0.5987777,49925,0.04455243874629045
0.3,0.3,0.2,0.9,0.59878576,49925,0.044567973337430164
0.9,0.1,0.4,0.7,0.5987934,49925,0.04271912204681226
0.6,0.1,0.5,0.7,0.5988176,49925,0.04377398290810941
0.3,0.1,0.6,0.8,0.59883475,49925,0.04328063564496289
0.6,0.5,0.1,0.6,0.59883505,49925,0.044498467567591855
0.8,0.6,0.2,0.9,0.5988575,49925,0.044976552085312524
0.8,0.2,0.4,0.9,0.5988775,49925,0.044254685482541974
0.8,0.4,0.1,0.5,0.5988986,49925,0.043332128347133916
0.9,0.6,0.1,0.6,0.59890234,49925,0.04350537269262266
0.5,0.1,0.8,0.9,0.59890306,49925,0.04325581093126327
0.9,0.2,0.2,0.6,0.59892863,49925,0.042883154145021495
0.5,0.1,0.5,0.7,0.59893525,49925,0.043916029293674955
0.8,0.7,0.1,0.7,0.59894097,49925,0.044054396094620286
0.8,0.8,0.1,0.8,0.5989608,49925,0.04414582081163684
0.9,0.1,0.2,0.5,0.5989633,49925,0.04132422515172223
0.7,0.3,0.3,0.9,0.5989884,49925,0.044935763270514885
0.9,0.4,0.1,0.5,0.5989938,49925,0.04285097791399129
0.4,0.1,0.5,0.7,0.59901303,49925,0.04395752484721713
0.7,0.2,0.4,0.9,0.599032,49925,0.044532124621261056
0.7,0.1,0.3,0.6,0.59906197,49925,0.043158432569347684
0.6,0.4,0.1,0.5,0.5990725,49925,0.044285670807316616
0.4,0.3,0.2,0.8,0.5990875,49925,0.04511800903593337
0.1,0.1,0.2,0.7,0.59912246,49925,0.04164745890487881
0.8,0.1,0.6,0.8,0.59913456,49925,0.04330529057576314
0.8,0.6,0.1,0.6,0.59913856,49925,0.043866164011445184
0.7,0.3,0.2,0.7,0.5991614,49925,0.044592676964349515
0.6,0.7,0.1,0.8,0.59918386,49925,0.04450448121665564
0.3,0.2,0.1,0.4,0.5991862,49925,0.0451563091803514
0.6,0.4,0.2,0.8,0.5991862,49925,0.0451563091803514
0.9,0.6,0.2,0.9,0.59919107,49925,0.04474480626653448
0.5,0.2,0.2,0.6,0.5992044,49925,0.04481490124320099
0.9,0.9,0.1,0.9,0.599205,49925,0.04405409398968935
0.6,0.2,0.4,0.9,0.5992135,49925,0.044717132135526805
0.3,0.3,0.1,0.5,0.5992264,49925,0.04516829590848052
0.6,0.1,0.1,0.3,0.599265,49925,0.04144168652595651
0.8,0.3,0.3,0.9,0.5992753,49925,0.04467370154264435
0.9,0.7,0.1,0.7,0.59934574,49925,0.04380172461713012
0.2,0.2,0.1,0.5,0.5993482,49925,0.04481003663232721
0.7,0.7,0.1,0.8,0.59937054,49925,0.04439320602157324
0.6,0.2,0.2,0.6,0.5993788,49925,0.04439057399915811
0.3,0.1,0.1,0.3,0.5993788,49925,0.04439057399915811
0.9,0.3,0.3,0.9,0.5993788,49925,0.04439057399915811
0.9,0.8,0.1,0.8,0.59939694,49925,0.043968061496004296
0.5,0.3,0.2,0.7,0.59940076,49925,0.045218374008300116
0.4,0.2,0.3,0.8,0.5994211,49925,0.04494050343073568
0.7,0.2,0.2,0.6,0.5994703,49925,0.0439011493709889
0.3,0.1,0.7,0.9,0.59948635,49925,0.04282137264439886
0.7,0.4,0.1,0.5,0.59948736,49925,0.043821555669738645
0.6,0.1,0.6,0.8,0.59951615,49925,0.04364426147764739
0.9,0.3,0.2,0.7,0.5995485,49925,0.04378945162713551
0.6,0.5,0.2,0.9,0.5995744,49925,0.04520595544944705
0.2,0.1,0.2,0.5,0.599585,49925,0.04456236711131462
0.2,0.1,0.3,0.6,0.5996213,49925,0.044056141873443
0.9,0.1,0.5,0.8,0.5996361,49925,0.04303010779271409
0.5,0.2,0.4,0.9,0.59963816,49925,0.04481930291559144
0.3,0.5,0.1,0.9,0.5996539,49925,0.04393424098723001
0.7,0.1,0.4,0.7,0.599695,49925,0.04348322495866939
0.8,0.1,0.4,0.7,0.59969777,49925,0.04310872271712083
0.7,0.1,0.6,0.8,0.5997193,49925,0.04350573781818016
0.4,0.1,0.6,0.8,0.59972614,49925,0.04363192149861455
0.8,0.2,0.1,0.4,0.5997614,49925,0.04181985851911447
0.2,0.2,0.2,0.9,0.5997826,49925,0.04331214836607631
0.7,0.6,0.1,0.7,0.5997867,49925,0.04433908124460327
0.8,0.2,0.3,0.8,0.5997965,49925,0.04398768481561972
0.4,0.1,0.1,0.3,0.59979665,49925,0.04338812844118261
0.8,0.2,0.2,0.6,0.59979665,49925,0.04338812844118261
0.8,0.1,0.2,0.5,0.5998049,49925,0.041885148526097996
0.5,0.7,0.1,0.9,0.59981656,49925,0.04443836894458777
0.4,0.3,0.1,0.5,0.5998901,49925,0.04494700489633397
0.5,0.4,0.2,0.9,0.59991485,49925,0.04513205654019339
0.7,0.8,0.1,0.9,0.5999324,49925,0.04436540262744242
0.6,0.3,0.2,0.7,0.5999334,49925,0.04494452613455653
0.9,0.1,0.7,0.9,0.59995204,49925,0.043129694510167564
0.9,0.4,0.2,0.8,0.59999025,49925,0.044300629331946215
0.2,0.1,0.6,0.9,0.5999909,49925,0.042133927435929974
0.8,0.4,0.2,0.8,0.5999939,49925,0.044628910847623306
0.4,0.2,0.1,0.4,0.5999939,49925,0.044628910847623306
0.4,0.6,0.1,0.9,0.60007924,49925,0.04432198113233092
0.2,0.1,0.4,0.7,0.6000927,49925,0.043389909760560806
0.9,0.2,0.3,0.8,0.60009557,49925,0.04362373411093941
0.7,0.5,0.1,0.6,0.60010755,49925,0.044181753663517245
0.6,0.1,0.3,0.6,0.6001523,49925,0.04360990146884911
0.9,0.5,0.1,0.6,0.60018826,49925,0.04339958496522965
0.7,0.1,0.2,0.5,0.600224,49925,0.042470243191273335
0.7,0.1,0.7,0.9,0.60023254,49925,0.043437833279134884
0.3,0.4,0.1,0.7,0.60026747,49925,0.04458707161979919
0.9,0.3,0.1,0.5,0.6002786,49925,0.04240242193812813
0.5,0.1,0.6,0.8,0.6002816,49925,0.043718405931604865
0.7,0.4,0.2,0.8,0.60029715,49925,0.04491545388711509
0.8,0.8,0.1,0.9,0.60031486,49925,0.044263415687805154
0.6,0.1,0.2,0.5,0.60033846,49925,0.043091648341464214
0.4,0.1,0.3,0.6,0.6003509,49925,0.04431141920301498
0.7,0.5,0.2,0.9,0.600374,49925,0.04505895938765405
0.8,0.1,0.7,0.9,0.6003771,49925,0.04329354477715273
0.8,0.7,0.1,0.8,0.6003926,49925,0.044212899473491704
0.8,0.5,0.1,0.6,0.6004762,49925,0.043793619944076
0.5,0.6,0.1,0.8,0.60047877,49925,0.04463258661159861
0.3,0.2,0.2,0.7,0.6004945,49925,0.04490727773731288
0.4,0.4,0.1,0.6,0.6005008,49925,0.04493198760165174
0.8,0.6,0.1,0.7,0.60051346,49925,0.04407899884828445
0.4,0.1,0.7,0.9,0.6005688,49925,0.04328898268364264
0.5,0.2,0.3,0.8,0.6005864,49925,0.044842102191579025
0.9,0.5,0.2,0.9,0.60058695,49925,0.044589095549246706
0.6,0.2,0.3,0.8,0.6006564,49925,0.04464186636712838
0.7,0.2,0.3,0.8,0.6006827,49925,0.04434135891434942
0.9,0.8,0.1,0.9,0.6006859,49925,0.04410764066802307
0.5,0.5,0.1,0.7,0.6006966,49925,0.04473194010004308
0.4,0.5,0.1,0.8,0.60070324,49925,0.04459241054665306
0.2,0.1,0.5,0.8,0.6007127,49925,0.042753998088162735
0.8,0.4,0.1,0.6,0.60072917,49925,0.04358906952736661
0.8,0.3,0.1,0.5,0.6007529,49925,0.042958136706455895
0.5,0.4,0.1,0.6,0.6007556,49925,0.04474408485859698
0.8,0.1,0.5,0.8,0.6007579,49925,0.04332555463288053
0.5,0.2,0.1,0.4,0.600773,49925,0.043949047663777066
0.9,0.1,0.6,0.9,0.6007903,49925,0.04317474756498752
0.5,0.3,0.1,0.5,0.6007934,49925,0.044537737102400776
0.6,0.6,0.1,0.8,0.60085076,49925,0.044574407065139335
0.9,0.1,0.1,0.4,0.60085416,49925,0.03972652504128674
0.8,0.5,0.2,0.9,0.60086805,49925,0.04483973264187618
0.3,0.1,0.5,0.8,0.6008694,49925,0.04355246493503497
0.9,0.7,0.1,0.8,0.60091805,49925,0.043999180210749875
0.5,0.3,0.2,0.8,0.60092485,49925,0.04504302131265429
0.6,0.7,0.1,0.9,0.60093206,49925,0.04450408865521152
0.6,0.4,0.1,0.6,0.60093266,49925,0.044411432746501965
0.9,0.6,0.1,0.7,0.60096234,49925,0.04378231260206425
0.2,0.3,0.1,0.8,0.6009798,49925,0.043411678916963466
0.6,0.1,0.7,0.9,0.60102904,49925,0.043492491494019035
0.5,0.1,0.2,0.5,0.60109186,49925,0.0436656524284182
0.6,0.2,0.1,0.4,0.6010986,49925,0.043211517190643034
0.6,0.1,0.4,0.7,0.6011102,49925,0.04379566856900522
0.7,0.5,0.1,0.7,0.6011181,49925,0.04430068617019528
0.7,0.2,0.1,0.4,0.60113865,49925,0.04250939854049632
0.9,0.4,0.1,0.6,0.6011452,49925,0.043169710808483766
0.3,0.1,0.4,0.7,0.6011488,49925,0.044024763884369426
0.7,0.1,0.5,0.8,0.6011596,49925,0.043588333271986905
0.3,0.1,0.3,0.6,0.60116076,49925,0.04441533095857075
0.7,0.3,0.1,0.5,0.6012149,49925,0.04350741938744063
0.5,0.1,0.7,0.9,0.60123134,49925,0.04348075618585994
0.3,0.3,0.1,0.6,0.6012316,49925,0.044859528100972365
0.6,0.5,0.1,0.7,0.6012599,49925,0.04457272339710362
0.1,0.1,0.3,0.9,0.60127157,49925,0.040462991745084435
0.6,0.4,0.2,0.9,0.60131377,49925,0.04503798082889235
0.7,0.4,0.1,0.6,0.60136676,49925,0.044038573990155074
0.3,0.4,0.1,0.8,0.60139644,49925,0.044272500315468595
0.5,0.1,0.3,0.6,0.60140634,49925,0.04400951119239322
0.5,0.1,0.4,0.7,0.6014381,49925,0.04402780126926196
0.1,0.1,0.1,0.5,0.6014871,49925,0.042783187357280414
0.8,0.1,0.1,0.4,0.6015097,49925,0.0403991955052162
0.3,0.1,0.2,0.5,0.60156953,49925,0.044558074157446274
0.4,0.1,0.2,0.5,0.6015776,49925,0.044213553206548725
0.5,0.6,0.1,0.9,0.60160637,49925,0.044532941421551994
0.2,0.2,0.1,0.6,0.60161185,49925,0.04420147341207217
0.8,0.7,0.1,0.9,0.60165775,49925,0.044291915477629916
0.7,0.7,0.1,0.9,0.6016661,49925,0.044450325180462276
0.9,0.4,0.2,0.9,0.60174006,49925,0.044335239659409026
0.4,0.1,0.4,0.7,0.6018104,49925,0.044141523313597504
0.6,0.3,0.1,0.5,0.6018202,49925,0.04404778732091127
0.8,0.3,0.2,0.8,0.60182923,49925,0.04423510344937529
0.9,0.1,0.3,0.7,0.6018454,49925,0.04238459382639576
0.7,0.6,0.1,0.8,0.60189813,49925,0.04441508012627941
0.9,0.1,0.4,0.8,0.6019044,49925,0.04284692357769572
0.4,0.3,0.2,0.9,0.60190916,49925,0.04484616723416151
0.9,0.5,0.1,0.7,0.60192174,49925,0.04363096571697161
0.8,0.5,0.1,0.7,0.6019404,49925,0.043982442518311675
0.2,0.1,0.2,0.6,0.60197693,49925,0.04397129000328962
0.3,0.2,0.2,0.8,0.60199255,49925,0.044491241103932926
0.4,0.2,0.3,0.9,0.6020383,49925,0.044660028328899405
0.4,0.2,0.2,0.7,0.6020459,49925,0.044896388225210374
0.9,0.1,0.2,0.6,0.602048,49925,0.041637022776314994
0.8,0.6,0.1,0.8,0.60207844,49925,0.044204860603947904
0.7,0.4,0.2,0.9,0.6020871,49925,0.04486841805867385
0.4,0.4,0.1,0.7,0.6021427,49925,0.04477605895829114
0.6,0.3,0.2,0.8,0.60214734,49925,0.0448406312830572
0.8,0.4,0.2,0.9,0.60224897,49925,0.04460560074226375
0.6,0.1,0.5,0.8,0.60226715,49925,0.04377608721463093
0.9,0.6,0.1,0.8,0.6022912,49925,0.04394610578024167
0.9,0.2,0.3,0.9,0.60230833,49925,0.04364972440188836
0.5,0.5,0.1,0.8,0.60233897,49925,0.04466106079452397
0.8,0.2,0.3,0.9,0.6023445,49925,0.04397558971738827
0.8,0.1,0.6,0.9,0.6023566,49925,0.04339093643753083
0.5,0.1,0.6,0.9,0.6023742,49925,0.04365123906385506
0.9,0.1,0.5,0.9,0.60237753,49925,0.04310567247766448
0.8,0.1,0.3,0.7,0.60238147,49925,0.04280681851345047
0.5,0.2,0.2,0.7,0.6024068,49925,0.044651733553608915
0.7,0.3,0.2,0.8,0.6024117,49925,0.044568988377751195
0.9,0.7,0.1,0.9,0.6024709,49925,0.044119563137739216
0.9,0.2,0.1,0.5,0.6024749,49925,0.041619749012602736
0.8,0.1,0.2,0.6,0.6025319,49925,0.04214697274853062
0.5,0.2,0.3,0.9,0.6025368,49925,0.044650426559551856
0.9,0.3,0.2,0.8,0.60254204,49925,0.04385790389757289
0.4,0.1,0.5,0.8,0.6025714,49925,0.04384474481613855
0.7,0.1,0.3,0.7,0.6026786,49925,0.04321084877854523
0.3,0.2,0.1,0.5,0.60272616,49925,0.04488939979791712
0.2,0.1,0.3,0.7,0.6027464,49925,0.043582838429341304
0.3,0.1,0.6,0.9,0.60274917,49925,0.043102190920931545
0.1,0.1,0.2,0.8,0.6027494,49925,0.04087267044877094
0.8,0.1,0.4,0.8,0.6027587,49925,0.04319327185542946
0.7,0.2,0.3,0.9,0.6027653,49925,0.04426959299868196
0.3,0.4,0.1,0.9,0.6028193,49925,0.04394415207244508
0.3,0.2,0.2,0.9,0.6028715,49925,0.04407031468771767
0.8,0.2,0.2,0.7,0.60289603,49925,0.04348959929190604
0.5,0.4,0.1,0.7,0.6029171,49925,0.044692530177388334
0.6,0.1,0.3,0.7,0.60292256,49925,0.04360212091343639
0.6,0.1,0.6,0.9,0.60297185,49925,0.043629210660141984
0.4,0.3,0.1,0.6,0.60300094,49925,0.04482701078766184
0.5,0.3,0.2,0.9,0.603047,49925,0.04484118399040036
0.7,0.2,0.2,0.7,0.60308254,49925,0.04392929522519115
0.6,0.2,0.2,0.7,0.60311943,49925,0.04432649459917531
0.7,0.1,0.6,0.9,0.6031672,49925,0.04355302562858842
0.6,0.6,0.1,0.9,0.60319793,49925,0.044542366806006546
0.9,0.2,0.2,0.7,0.6032042,49925,0.043028235721583145
0.4,0.5,0.1,0.9,0.6032962,49925,0.04439341290408361
0.7,0.1,0.2,0.6,0.6033212,49925,0.042662081767854756
0.6,0.5,0.1,0.8,0.60333794,49925,0.0445566694140575
0.6,0.2,0.3,0.9,0.60335094,49925,0.044482788717801
0.4,0.1,0.6,0.9,0.6033623,49925,0.04353085125720933
0.5,0.1,0.5,0.8,0.60336876,49925,0.0438789016677976
0.6,0.3,0.1,0.6,0.60342836,49925,0.04413418678353771
0.2,0.1,0.5,0.9,0.60347986,49925,0.04242454091105141
0.2,0.3,0.1,0.9,0.6035154,49925,0.0429051712135689
0.8,0.4,0.1,0.7,0.6036113,49925,0.043759078807780405
0.2,0.1,0.4,0.8,0.60366017,49925,0.043005082062066255
0.8,0.3,0.1,0.6,0.60368204,49925,0.04320009962555509
0.9,0.4,0.1,0.7,0.6037296,49925,0.04337360639553221
0.8,0.1,0.5,0.9,0.60374516,49925,0.04337283300893198
0.8,0.5,0.1,0.8,0.60378426,49925,0.044081889740270885
0.8,0.6,0.1,0.9,0.6038099,49925,0.044260052541731446
0.7,0.3,0.1,0.6,0.60382104,49925,0.043678847572958535
0.7,0.2,0.1,0.5,0.60382426,49925,0.04282012216436712
0.5,0.1,0.3,0.7,0.603825,49925,0.04391683343597794
0.8,0.2,0.1,0.5,0.603831,49925,0.04220980135682005
0.6,0.1,0.4,0.8,0.60388136,49925,0.04375068740016295
0.5,0.3,0.1,0.6,0.6039057,49925,0.04453412970122698
0.5,0.5,0.1,0.9,0.6039487,49925,0.04452896808439218
0.7,0.4,0.1,0.7,0.60395694,49925,0.044119835088775525
0.4,0.4,0.1,0.8,0.60397136,49925,0.04455640447499227
0.3,0.3,0.1,0.7,0.60397166,49925,0.04451396196960405
0.7,0.1,0.4,0.8,0.60399246,49925,0.0434785136073569
0.9,0.6,0.1,0.9,0.60401,49925,0.0440356817252187
0.5,0.2,0.1,0.5,0.60401404,49925,0.04404311106119612
0.7,0.1,0.1,0.4,0.6040334,49925,0.04114176971816419
0.7,0.6,0.1,0.9,0.6040471,49925,0.04442495429638212
0.9,0.3,0.1,0.6,0.60404927,49925,0.042728033683895494
0.5,0.1,0.4,0.8,0.60406417,49925,0.04392813227081415
0.5,0.1,0.2,0.6,0.60406744,49925,0.04365262076628823
0.3,0.1,0.4,0.8,0.60407525,49925,0.043779070583151475
0.9,0.3,0.2,0.9,0.6040852,49925,0.04388189754560917
0.9,0.5,0.1,0.8,0.60413104,49925,0.04376503210260265
0.7,0.1,0.5,0.9,0.60419446,49925,0.043574792395331685
0.7,0.5,0.1,0.8,0.60422975,49925,0.044342868148540396
0.6,0.4,0.1,0.7,0.60428715,49925,0.044452001493411795
0.8,0.3,0.2,0.9,0.6043033,49925,0.044200334556633206
0.4,0.2,0.2,0.8,0.6043374,49925,0.044620265920833395
0.2,0.1,0.1,0.4,0.6043374,49925,0.044620265920833395
0.9,0.1,0.4,0.9,0.6043616,49925,0.04291310876800709
0.6,0.3,0.2,0.9,0.60437554,49925,0.04468771909334643
0.6,0.1,0.5,0.9,0.6044076,49925,0.043717996883383986
0.6,0.2,0.1,0.5,0.60442877,49925,0.04345023067066947
0.3,0.1,0.3,0.7,0.60446453,49925,0.044103135498703795
0.1,0.1,0.2,0.9,0.60447645,49925,0.040135185757387094
0.7,0.3,0.2,0.9,0.60455334,49925,0.044475584877140054
0.6,0.1,0.2,0.6,0.604618,49925,0.04317646023023622
0.4,0.2,0.1,0.5,0.6047469,49925,0.04456344456735734
0.4,0.1,0.3,0.7,0.6047625,49925,0.044115814400869466
0.6,0.1,0.1,0.4,0.6047796,49925,0.04191099650326815
0.7,0.2,0.2,0.8,0.60478085,49925,0.0438736334885408
0.4,0.1,0.4,0.8,0.60478425,49925,0.04398194129458944
0.5,0.2,0.2,0.8,0.60498965,49925,0.0444668073013351
0.2,0.2,0.1,0.7,0.6050153,49925,0.043623667356019274
0.8,0.1,0.4,0.9,0.6050584,49925,0.04319211957643545
0.3,0.1,0.5,0.9,0.6050705,49925,0.04331405399260541
0.5,0.1,0.5,0.9,0.60507864,49925,0.043805224538541604
0.6,0.5,0.1,0.9,0.60511225,49925,0.04448829570779695
0.4,0.1,0.5,0.9,0.60515106,49925,0.04370048658710586
0.9,0.1,0.1,0.5,0.6052326,49925,0.040267928503059165
0.6,0.2,0.2,0.8,0.6052373,49925,0.04420704699059266
0.3,0.1,0.1,0.4,0.6052373,49925,0.04420704699059266
0.4,0.1,0.1,0.4,0.6052603,49925,0.043508083728501915
0.8,0.2,0.2,0.8,0.6052603,49925,0.043508083728501915
0.3,0.1,0.2,0.6,0.605317,49925,0.0442149722120513
0.2,0.1,0.2,0.7,0.6054204,49925,0.04339172315111071
0.4,0.1,0.2,0.6,0.6054949,49925,0.044001197233019894
0.5,0.1,0.1,0.4,0.60554177,49925,0.042700040660358735
0.4,0.4,0.1,0.9,0.60558504,49925,0.04431210612271381
0.8,0.1,0.3,0.8,0.60561067,49925,0.04286471316079927
0.5,0.4,0.1,0.8,0.60564226,49925,0.044562941522815355
0.7,0.1,0.3,0.8,0.6056865,49925,0.04321653639468446
0.9,0.2,0.2,0.8,0.6057396,49925,0.043116041860480354
0.9,0.1,0.3,0.8,0.6057702,49925,0.04250558647467396
0.4,0.2,0.2,0.9,0.60577697,49925,0.04429365439162998
0.7,0.1,0.4,0.9,0.60584843,49925,0.043457103832255914
0.6,0.4,0.1,0.8,0.60587,49925,0.044373124556683935
0.7,0.5,0.1,0.9,0.605877,49925,0.04432109804350557
0.8,0.5,0.1,0.9,0.6058817,49925,0.04411287202639288
0.7,0.4,0.1,0.8,0.6058849,49925,0.044137562451770446
0.9,0.1,0.2,0.7,0.6059095,49925,0.04185470786807249
0.8,0.4,0.1,0.8,0.60594064,49925,0.04383363751092696
0.8,0.1,0.2,0.7,0.6060454,49925,0.0422913536752868
0.4,0.3,0.1,0.7,0.60606015,49925,0.04461050733868957
0.9,0.5,0.1,0.9,0.6060727,49925,0.04384760057903192
0.9,0.4,0.1,0.8,0.6061772,49925,0.04349023832009346
0.6,0.3,0.1,0.7,0.6061888,49925,0.044124127988914984
0.3,0.2,0.1,0.6,0.60624176,49925,0.044541357088054324
0.9,0.3,0.1,0.7,0.6062448,49925,0.04291120110182939
0.1,0.1,0.1,0.6,0.606259,49925,0.04176980374136098
0.3,0.3,0.1,0.8,0.606334,49925,0.04413791475259488
0.6,0.1,0.3,0.8,0.6063386,49925,0.043520812821504794
0.2,0.1,0.4,0.9,0.60636526,49925,0.04258808676852513
0.9,0.2,0.1,0.6,0.60639554,49925,0.04194841845232606
0.2,0.1,0.3,0.8,0.6064491,49925,0.04308723697178638
0.7,0.3,0.1,0.7,0.606454,49925,0.04374750261968177
0.8,0.3,0.1,0.7,0.6064607,49925,0.043338674190239256
0.7,0.1,0.2,0.7,0.6065206,49925,0.042744234404718404
0.6,0.1,0.4,0.9,0.606632,49925,0.04366464398423523
0.8,0.1,0.1,0.5,0.6066601,49925,0.04087504165251964
0.5,0.1,0.3,0.8,0.606878,49925,0.043744423735153457
0.9,0.2,0.2,0.9,0.6069079,49925,0.0431128168576849
0.8,0.2,0.1,0.6,0.60693204,49925,0.042473096080832315
0.5,0.3,0.1,0.7,0.6069471,49925,0.04441469244334697
0.7,0.2,0.2,0.9,0.6070161,49925,0.04378034319789113
0.8,0.2,0.2,0.9,0.6070514,49925,0.04344963067507144
0.5,0.1,0.4,0.9,0.60711616,49925,0.04377863320443087
0.5,0.4,0.1,0.9,0.6071244,49925,0.044389722354815295
0.3,0.3,0.1,0.9,0.6071383,49925,0.04373858513611618
0.7,0.1,0.1,0.5,0.6072577,49925,0.04149476222587983
0.3,0.1,0.3,0.8,0.6073049,49925,0.04374152948042651
0.2,0.2,0.1,0.8,0.6073618,49925,0.04304478287603939
0.6,0.2,0.1,0.6,0.60738355,49925,0.043516166655508476
0.6,0.2,0.2,0.9,0.60738873,49925,0.04404769958411463
0.9,0.1,0.3,0.9,0.6074505,49925,0.04256267268883758
0.5,0.2,0.2,0.9,0.6074834,49925,0.044229055610579104
0.3,0.1,0.4,0.9,0.60761535,49925,0.04344675320911041
0.4,0.1,0.4,0.9,0.6076215,49925,0.04377034168010995
0.2,0.1,0.3,0.9,0.6076449,49925,0.04260018584417251
0.6,0.1,0.2,0.7,0.6077355,49925,0.043134100792015136
0.5,0.1,0.2,0.7,0.60775673,49925,0.04348504616712409
0.6,0.4,0.1,0.9,0.60777456,49925,0.04427934006494277
0.7,0.2,0.1,0.6,0.6077775,49925,0.042993755929182635
0.4,0.3,0.1,0.8,0.60782534,49925,0.04433367612704626
0.2,0.1,0.1,0.5,0.6078769,49925,0.04394353098140485
0.7,0.3,0.1,0.8,0.6079602,49925,0.04371733366617837
0.5,0.2,0.1,0.6,0.6079757,49925,0.04396803812263856
0.4,0.1,0.3,0.8,0.6079871,49925,0.04388198551586846
0.6,0.1,0.1,0.5,0.6079957,49925,0.042133222056784686
0.9,0.4,0.1,0.9,0.6081365,49925,0.04354008861472038
0.8,0.4,0.1,0.9,0.6082276,49925,0.04384249319554103
0.2,0.1,0.2,0.8,0.6082423,49925,0.042782747280735986
0.7,0.4,0.1,0.9,0.60829884,49925,0.0440943310055006
0.8,0.1,0.3,0.9,0.6083298,49925,0.042883392578656754
0.3,0.1,0.2,0.7,0.60837805,49925,0.04380921883217776
0.1,0.1,0.1,0.7,0.60837984,49925,0.040831210624087046
0.9,0.3,0.1,0.8,0.6083864,49925,0.043030013576732674
0.4,0.2,0.1,0.6,0.6084099,49925,0.04435618190599836
0.8,0.2,0.1,0.7,0.6084849,49925,0.04260582226740974
0.9,0.2,0.1,0.7,0.60855407,49925,0.04214988714057731
0.8,0.3,0.1,0.8,0.6087797,49925,0.04338510604559315
0.6,0.3,0.1,0.8,0.6088545,49925,0.04403250212652572
0.9,0.1,0.2,0.8,0.6090132,49925,0.04194106599008751
0.7,0.1,0.3,0.9,0.60902977,49925,0.04315278812269734
0.4,0.1,0.1,0.5,0.609179,49925,0.04337338938408489
0.5,0.1,0.1,0.5,0.60920423,49925,0.04276624898340941
0.5,0.3,0.1,0.8,0.609232,49925,0.044257758559093835
0.4,0.1,0.2,0.7,0.6092329,49925,0.0437455692455747
0.9,0.1,0.1,0.6,0.6092621,49925,0.040622802628393906
0.7,0.2,0.1,0.7,0.6094803,49925,0.04305083286667185
0.8,0.1,0.2,0.8,0.6095089,49925,0.04233250451236524
0.6,0.1,0.3,0.9,0.6095458,49925,0.04338816032887231
0.9,0.3,0.1,0.9,0.60967684,49925,0.04306268698130997
0.2,0.2,0.1,0.9,0.6099687,49925,0.04245254195262581
0.4,0.2,0.1,0.7,0.6099991,49925,0.04407300986533935
0.4,0.3,0.1,0.9,0.61001676,49925,0.044046170531884046
0.6,0.2,0.1,0.7,0.61017114,49925,0.04345407973488393
0.7,0.3,0.1,0.9,0.61020076,49925,0.04368142524719826
0.8,0.1,0.1,0.6,0.6102215,49925,0.04112595290616024
0.3,0.2,0.1,0.7,0.6102444,49925,0.0441144622185103
0.8,0.3,0.1,0.9,0.6102906,49925,0.04337727218255091
0.3,0.1,0.1,0.5,0.61032546,49925,0.043845513435496315
0.5,0.2,0.1,0.7,0.61035985,49925,0.04382079482944473
0.1,0.1,0.1,0.8,0.61037004,49925,0.03995609509666604
0.7,0.1,0.2,0.8,0.61046016,49925,0.042703148790181146
0.4,0.1,0.3,0.9,0.6104795,49925,0.04357072623549258
0.9,0.2,0.1,0.8,0.6105413,49925,0.04222361778862916
0.3,0.1,0.3,0.9,0.610608,49925,0.043357147185361676
0.6,0.1,0.2,0.8,0.6106094,49925,0.04304572415054593
0.5,0.1,0.3,0.9,0.6106431,49925,0.04354758196660993
0.7,0.1,0.1,0.6,0.61081165,49925,0.0416531669059146
0.5,0.3,0.1,0.9,0.6108613,49925,0.04404382690782582
0.3,0.2,0.1,0.8,0.61099094,49925,0.04367426485668017
0.2,0.1,0.1,0.6,0.6112948,49925,0.04327768150654149
0.6,0.3,0.1,0.9,0.6114192,49925,0.04387909516484782
0.8,0.2,0.1,0.8,0.6116016,49925,0.04260864605779803
0.7,0.2,0.1,0.8,0.61173046,49925,0.04300006071064506
0.2,0.1,0.2,0.9,0.61193573,49925,0.04220037190011179
0.3,0.1,0.2,0.8,0.61197305,49925,0.04336766226866245
0.5,0.1,0.2,0.8,0.61220044,49925,0.043297680891501655
0.9,0.1,0.1,0.7,0.6123424,49925,0.04079227894080022
0.5,0.2,0.1,0.8,0.6123786,49925,0.043613231005496904
0.4,0.2,0.1,0.8,0.61244744,49925,0.04374430106910818
0.5,0.1,0.1,0.6,0.61253387,49925,0.042714609413913855
0.6,0.1,0.1,0.6,0.6127009,49925,0.04217695010084016
0.6,0.2,0.1,0.8,0.61283255,49925,0.04334880418292079
0.9,0.1,0.2,0.9,0.61285096,49925,0.04196166582595528
0.4,0.1,0.1,0.6,0.61293155,49925,0.043145696899205714
0.4,0.1,0.2,0.8,0.6130354,49925,0.043445479738517034
0.3,0.1,0.1,0.6,0.6130932,49925,0.04339020723211673
0.9,0.2,0.1,0.9,0.6131742,49925,0.04225374436020175
0.3,0.2,0.1,0.9,0.61333644,49925,0.043227905968294636
0.8,0.1,0.2,0.9,0.6133688,49925,0.04230954631504443
0.6,0.2,0.1,0.9,0.6133823,49925,0.04318773964008633
0.7,0.1,0.2,0.9,0.6136363,49925,0.04261916568261025
0.8,0.2,0.1,0.9,0.6136897,49925,0.04258837642470142
0.4,0.2,0.1,0.9,0.6137908,49925,0.043402178995858826
0.1,0.1,0.1,0.9,0.61382836,49925,0.039156643428730264
0.8,0.1,0.1,0.7,0.613858,49925,0.04125621284876177
0.7,0.2,0.1,0.9,0.6141084,49925,0.04291871445811715
0.5,0.2,0.1,0.9,0.6146335,49925,0.04336384663200298
0.6,0.1,0.2,0.9,0.614928,49925,0.04288763707372311
0.7,0.1,0.1,0.7,0.6149309,49925,0.041694929897467196
0.2,0.1,0.1,0.7,0.6150971,49925,0.042584301763963925
0.3,0.1,0.2,0.9,0.61523616,49925,0.042925726361590005
0.6,0.1,0.1,0.7,0.61533207,49925,0.04215767026754539
0.9,0.1,0.1,0.8,0.61584723,49925,0.0409095356361629
0.3,0.1,0.1,0.7,0.616133,49925,0.04292010485463656
0.4,0.1,0.2,0.9,0.61622447,49925,0.043102277469212115
0.5,0.1,0.2,0.9,0.61639225,49925,0.0430683246716741
0.8,0.1,0.1,0.8,0.6165081,49925,0.04129357235532744
0.5,0.1,0.1,0.7,0.61659586,49925,0.04254841160418715
0.4,0.1,0.1,0.7,0.61679924,49925,0.04285097266782255
0.7,0.1,0.1,0.8,0.61744463,49925,0.041688800656916734
0.2,0.1,0.1,0.8,0.6175884,49925,0.041895506167276296
0.9,0.1,0.1,0.9,0.61771077,49925,0.040980361805425886
0.6,0.1,0.1,0.8,0.61869085,49925,0.042043406803720394
0.5,0.1,0.1,0.8,0.6189662,49925,0.04234387347952577
0.8,0.1,0.1,0.9,0.6194373,49925,0.04129303208248143
0.4,0.1,0.1,0.8,0.61974686,49925,0.04250676394419302
0.3,0.1,0.1,0.8,0.61985767,49925,0.04242604443973782
0.7,0.1,0.1,0.9,0.62015045,49925,0.04163130538758281
0.2,0.1,0.1,0.9,0.6202602,49925,0.0412482510054444
0.6,0.1,0.1,0.9,0.6215316,49925,0.04190467734367018
0.5,0.1,0.1,0.9,0.622277,49925,0.04209645075934198
0.4,0.1,0.1,0.9,0.62255,49925,0.04213695511886084
0.3,0.1,0.1,0.9,0.622694,49925,0.04197057029736937
